Date,smooth_close,smooth_troughs,smooth_peaks,close_troughs,close_peaks,ma25,ma50,ma100,ma200,no25,dist_no25,no25_momentum,no200,dist_no200,no200_momentum,all4,dist_all4,all4_momentum,all4_no25,no200_no25,all4_no200,macd_short,macd_long,MACD,smooth_macd,MACD_signal,macd_distance,macd_troughs,macd_peaks,PnL1,PnL2,PnL3,PnL4,PnL5,PnL6,PnL7,PnL8,PnL1_days,PnL2_days,PnL3_days,PnL4_days,PnL5_days,PnL6_days,PnL7_days,PnL8_days,rsi_up_chg,rsi_down_chg,rsi_up_chg_avg,rsi_down_chg_avg,rsi_rs,RSI,smooth_rsi,rsi_troughs,rsi_peaks,rsi_distance,fastK,fastD,fast_troughs,fast_peaks,slowK,slowD,smooth_slowK,smooth_slowD,slow_troughs,slow_peaks,ATR,smooth_atr,atr_troughs,atr_peaks,all4_up,no25_up,no200_up,bull_start,bull,bull_retrace,bull_end,bear_start,bear,bear_recovery,bear_end,smooth_p1,smooth_p2,smooth_p3,smooth_t1,smooth_t2,smooth_t3,smooth_p1_date,smooth_p2_date,smooth_p3_date,smooth_t1_date,smooth_t2_date,smooth_t3_date,smooth_diff_0,smooth_diff_1,smooth_diff_2,smooth_diff_3,smooth_diff_4,smooth_diff_5,smooth_day_0,smooth_day_1,smooth_day_2,smooth_day_3,smooth_day_4,smooth_day_5,smooth_angle_0,smooth_angle_1,smooth_angle_2,smooth_angle_3,smooth_angle_4,smooth_angle_5,close_p1,close_p2,close_p3,close_t1,close_t2,close_t3,close_p1_date,close_p2_date,close_p3_date,close_t1_date,close_t2_date,close_t3_date,atr_p1,atr_p2,atr_p3,atr_t1,atr_t2,atr_t3,atr_p1_date,atr_p2_date,atr_p3_date,atr_t1_date,atr_t2_date,atr_t3_date,v3,v2,v1,v3p,v2p,v1p,macd_p1,macd_p2,macd_p3,macd_t1,macd_t2,macd_t3,macd_p1_signal,macd_p2_signal,macd_p3_signal,macd_t1_signal,macd_t2_signal,macd_t3_signal,slow_p1,slow_p2,slow_p3,slow_t1,slow_t2,slow_t3,fast_p1,fast_p2,fast_p3,fast_t1,fast_t2,fast_t3,rsi_p1,rsi_p2,rsi_p3,rsi_t1,rsi_t2,rsi_t3,macd_p1_date,macd_p2_date,macd_p3_date,macd_t1_date,macd_t2_date,macd_t3_date,macd_p1_days,macd_p2_days,macd_p3_days,macd_t1_days,macd_t2_days,macd_t3_days,slow_p1_date,slow_p2_date,slow_p3_date,slow_t1_date,slow_t2_date,slow_t3_date,fast_p1_date,fast_p2_date,fast_p3_date,fast_t1_date,fast_t2_date,fast_t3_date,rsi_p1_date,rsi_p2_date,rsi_p3_date,rsi_t1_date,rsi_t2_date,rsi_t3_date,minsmcp,maxsmcp,minsmct,maxsmct,mincp,maxcp,minct,maxct,minmp,maxmp,minmt,maxmt,minsp,maxsp,minst,maxst,minfp,maxfp,minft,maxft,minrp,maxrp,minrt,maxrt,minap,maxap,minat,maxat,mp_positives,mt_positives,vol_n2p,vol_p2p,vol_p2n,vol_n2n,vol_hist5,vol_hist4,vol_hist3,vol_hist2,vol_hist1,life5,life4,life3,life2,life1,buy_call,sell_call
2020-10-20,0.28649,,,,,0.29,0.29,0.29,0.29,0.0,0.0,,0.0,0.0,,0.0,0.0,,0.0,-0.0,0.0,0.29,0.29,0.0,0.0,0.0,-0.0,,,-11.69,26.48,-0.31,4.39,-13.81,3.48,-2.69,3.81,8.0,25.0,4.0,15.0,25.0,10.0,9.0,9.0,,,,,,,,,,,,,,,,,,,,,0.06,0.06,,,0,0,0,,,,0.15,,,,,0.0,0.0,0.0,0.0,0.0,0.0,1999-01-01,1999-01-01,1999-01-01,1999-01-01,1999-01-01,1999-01-01,,,,,,,0.0,0.0,0.0,0.0,0.0,0.0,0.0,0.0,0.0,0.0,0.0,0.0,0.0,0.0,0.0,0.0,0.0,0.0,1999-01-01,1999-01-01,1999-01-01,1999-01-01,1999-01-01,1999-01-01,0.0,0.0,0.0,100.0,100.0,100.0,1999-01-01,1999-01-01,1999-01-01,1999-01-01,1999-01-01,1999-01-01,0.0,0.0,123598100.0,0.0,0.0,12359810000.0,0.0,0.0,0.0,100.0,100.0,100.0,0.0,0.0,0.0,100.0,100.0,100.0,0.0,0.0,0.0,100.0,100.0,100.0,0.0,0.0,0.0,100.0,100.0,100.0,0.0,0.0,0.0,100.0,100.0,100.0,1999-01-01,1999-01-01,1999-01-01,1999-01-01,1999-01-01,1999-01-01,0,0,0,0,0,0,1999-01-01,1999-01-01,1999-01-01,1999-01-01,1999-01-01,1999-01-01,1999-01-01,1999-01-01,1999-01-01,1999-01-01,1999-01-01,1999-01-01,1999-01-01,1999-01-01,1999-01-01,1999-01-01,1999-01-01,1999-01-01,0,0,0,0,0,0,0,0,0,0,0,0,0,0,0,0,0,0,0,0,0,0,0,0,0,0,0,0,1,1,,,,,,,,,,Life.Empty,Life.Empty,Life.Empty,Life.Empty,Life.BullEnd,,
2020-10-21,0.27943,,,,,0.28885,0.28941,0.2897,0.28985,-0.00044,-0.0004,,-0.00086,-0.00047,,-0.001,-0.00063,,-0.00023,-7e-05,-0.00016,0.28769,0.28889,-0.0012,-0.00011,-0.00021,9e-05,,,-9.46,26.48,-0.31,4.39,-13.81,3.48,-2.69,3.81,7.0,25.0,4.0,15.0,25.0,10.0,9.0,9.0,-0.0,-0.015,,,,,,,,,,,,,,,,,,,0.0575,0.05845,,,0,0,0,,,,,,-0.15,,,0.0,0.0,0.0,0.0,0.0,0.0,1999-01-01,1999-01-01,1999-01-01,1999-01-01,1999-01-01,1999-01-01,,,,,,,0.0,0.0,0.0,0.0,0.0,0.0,0.0,0.0,0.0,0.0,0.0,0.0,0.0,0.0,0.0,0.0,0.0,0.0,1999-01-01,1999-01-01,1999-01-01,1999-01-01,1999-01-01,1999-01-01,0.0,0.0,0.0,100.0,100.0,100.0,1999-01-01,1999-01-01,1999-01-01,1999-01-01,1999-01-01,1999-01-01,0.0,123598100.0,10943200.0,0.0,12359810000.0,8.85,0.0,0.0,0.0,100.0,100.0,100.0,0.0,0.0,0.0,100.0,100.0,100.0,0.0,0.0,0.0,100.0,100.0,100.0,0.0,0.0,0.0,100.0,100.0,100.0,0.0,0.0,0.0,100.0,100.0,100.0,1999-01-01,1999-01-01,1999-01-01,1999-01-01,1999-01-01,1999-01-01,0,0,0,0,0,0,1999-01-01,1999-01-01,1999-01-01,1999-01-01,1999-01-01,1999-01-01,1999-01-01,1999-01-01,1999-01-01,1999-01-01,1999-01-01,1999-01-01,1999-01-01,1999-01-01,1999-01-01,1999-01-01,1999-01-01,1999-01-01,0,0,0,0,0,0,0,0,0,0,0,0,0,0,0,0,0,0,0,0,0,0,0,0,0,0,0,0,1,1,,,,,,,,,,Life.Empty,Life.Empty,Life.Empty,Life.BullEnd,Life.Bear,,
2020-10-22,0.27244,,,,,0.2874,0.28865,0.28931,0.28965,-0.001,-0.00079,0.00045,-0.00192,-0.00093,0.00072,-0.00226,-0.00125,0.00088,-0.00046,-0.00014,-0.00032,0.28497,0.28749,-0.00252,-0.00022,-0.00041,0.00019,,,-7.13,26.48,-0.31,4.39,-13.81,3.48,-2.69,3.81,6.0,25.0,4.0,15.0,25.0,10.0,9.0,9.0,-0.0,-0.005,,,,,,,,,,,,,,,,,,,0.05411,0.05691,,,0,0,0,,,,,,-0.15,,,0.0,0.0,0.0,0.0,0.0,0.0,1999-01-01,1999-01-01,1999-01-01,1999-01-01,1999-01-01,1999-01-01,,,,,,,0.0,0.0,0.0,0.0,0.0,0.0,0.0,0.0,0.0,0.0,0.0,0.0,0.0,0.0,0.0,0.0,0.0,0.0,1999-01-01,1999-01-01,1999-01-01,1999-01-01,1999-01-01,1999-01-01,0.0,0.0,0.0,100.0,100.0,100.0,1999-01-01,1999-01-01,1999-01-01,1999-01-01,1999-01-01,1999-01-01,123598100.0,10943200.0,5984700.0,12359810000.0,8.85,4.45,0.0,0.0,0.0,100.0,100.0,100.0,0.0,0.0,0.0,100.0,100.0,100.0,0.0,0.0,0.0,100.0,100.0,100.0,0.0,0.0,0.0,100.0,100.0,100.0,0.0,0.0,0.0,100.0,100.0,100.0,1999-01-01,1999-01-01,1999-01-01,1999-01-01,1999-01-01,1999-01-01,0,0,0,0,0,0,1999-01-01,1999-01-01,1999-01-01,1999-01-01,1999-01-01,1999-01-01,1999-01-01,1999-01-01,1999-01-01,1999-01-01,1999-01-01,1999-01-01,1999-01-01,1999-01-01,1999-01-01,1999-01-01,1999-01-01,1999-01-01,0,0,0,0,0,0,0,0,0,0,0,0,0,0,0,0,0,0,0,0,0,0,0,0,0,0,0,0,1,1,,,,,,,,,,Life.Empty,Life.Empty,Life.Empty,Life.BullEnd,Life.Bear,,
2020-10-23,0.2659,,,,,0.28606,0.28792,0.28893,0.28946,-0.00154,-0.00117,0.00089,-0.00287,-0.00137,0.00143,-0.0034,-0.00185,0.00175,-0.00068,-0.0002,-0.00048,0.28267,0.28619,-0.00353,-0.00032,-0.0006,0.00028,,,-4.85,26.48,-0.31,4.39,-13.81,3.48,-2.69,3.81,5.0,25.0,4.0,15.0,25.0,10.0,9.0,9.0,0.0,0.0,,,,,,,,,,,,,,,,,,,0.05203,0.05538,,,0,0,0,,,,,,-0.15,,,0.0,0.0,0.0,0.0,0.0,0.0,1999-01-01,1999-01-01,1999-01-01,1999-01-01,1999-01-01,1999-01-01,,,,,,,0.0,0.0,0.0,0.0,0.0,0.0,0.0,0.0,0.0,0.0,0.0,0.0,0.0,0.0,0.0,0.0,0.0,0.0,1999-01-01,1999-01-01,1999-01-01,1999-01-01,1999-01-01,1999-01-01,0.0,0.0,0.0,100.0,100.0,100.0,1999-01-01,1999-01-01,1999-01-01,1999-01-01,1999-01-01,1999-01-01,10943200.0,5984700.0,20698700.0,8.85,4.45,-73.22,0.0,0.0,0.0,100.0,100.0,100.0,0.0,0.0,0.0,100.0,100.0,100.0,0.0,0.0,0.0,100.0,100.0,100.0,0.0,0.0,0.0,100.0,100.0,100.0,0.0,0.0,0.0,100.0,100.0,100.0,1999-01-01,1999-01-01,1999-01-01,1999-01-01,1999-01-01,1999-01-01,0,0,0,0,0,0,1999-01-01,1999-01-01,1999-01-01,1999-01-01,1999-01-01,1999-01-01,1999-01-01,1999-01-01,1999-01-01,1999-01-01,1999-01-01,1999-01-01,1999-01-01,1999-01-01,1999-01-01,1999-01-01,1999-01-01,1999-01-01,0,0,0,0,0,0,0,0,0,0,0,0,0,0,0,0,0,0,0,0,0,0,0,0,0,0,0,0,1,1,,,20698700,,,,,,p2n,Life.Empty,Life.Empty,Life.Empty,Life.BullEnd,Life.Bear,,
2020-10-26,0.26033,,,,,0.28405,0.28682,0.28836,0.28916,-0.00234,-0.00154,0.00133,-0.0043,-0.0018,0.00213,-0.00511,-0.00243,0.00259,-0.00089,-0.00026,-0.00064,0.27918,0.28425,-0.00507,-0.00041,-0.00078,0.00037,,,-2.81,26.48,-0.31,4.39,-13.81,3.48,-2.69,3.81,4.0,25.0,4.0,15.0,25.0,10.0,9.0,9.0,-0.0,-0.01,,,,,,,,,,,,,,,,,,,0.0501,0.05387,,,0,0,0,,,,,,-0.15,,,0.0,0.0,0.0,0.0,0.0,0.0,1999-01-01,1999-01-01,1999-01-01,1999-01-01,1999-01-01,1999-01-01,,,,,,,0.0,0.0,0.0,0.0,0.0,0.0,0.0,0.0,0.0,0.0,0.0,0.0,0.0,0.0,0.0,0.0,0.0,0.0,1999-01-01,1999-01-01,1999-01-01,1999-01-01,1999-01-01,1999-01-01,0.0,0.0,0.0,100.0,100.0,100.0,1999-01-01,1999-01-01,1999-01-01,1999-01-01,1999-01-01,1999-01-01,5984700.0,20698700.0,5380200.0,4.45,-73.22,-14.78,0.0,0.0,0.0,100.0,100.0,100.0,0.0,0.0,0.0,100.0,100.0,100.0,0.0,0.0,0.0,100.0,100.0,100.0,0.0,0.0,0.0,100.0,100.0,100.0,0.0,0.0,0.0,100.0,100.0,100.0,1999-01-01,1999-01-01,1999-01-01,1999-01-01,1999-01-01,1999-01-01,0,0,0,0,0,0,1999-01-01,1999-01-01,1999-01-01,1999-01-01,1999-01-01,1999-01-01,1999-01-01,1999-01-01,1999-01-01,1999-01-01,1999-01-01,1999-01-01,1999-01-01,1999-01-01,1999-01-01,1999-01-01,1999-01-01,1999-01-01,0,0,0,0,0,0,0,0,0,0,0,0,0,0,0,0,0,0,0,0,0,0,0,0,0,0,0,0,1,1,,,,,,,,p2n,,Life.Empty,Life.Empty,Life.Empty,Life.BullEnd,Life.Bear,,
2020-10-27,0.25615,,,,,0.28143,0.28538,0.2876,0.28877,-0.00339,-0.00189,0.00175,-0.00616,-0.00219,0.00279,-0.00734,-0.00298,0.00342,-0.00109,-0.0003,-0.00078,0.27469,0.28172,-0.00703,-0.00048,-0.00094,0.00046,,,-1.23,26.48,-0.31,4.39,-13.81,3.48,-2.69,3.81,3.0,25.0,4.0,15.0,25.0,10.0,9.0,9.0,-0.0,-0.01,,,,,,,,,,,,,,,,,,,0.04759,0.05237,,,0,0,0,,,,,,-0.15,,,0.0,0.0,0.0,0.0,0.0,0.0,1999-01-01,1999-01-01,1999-01-01,1999-01-01,1999-01-01,1999-01-01,,,,,,,0.0,0.0,0.0,0.0,0.0,0.0,0.0,0.0,0.0,0.0,0.0,0.0,0.0,0.0,0.0,0.0,0.0,0.0,1999-01-01,1999-01-01,1999-01-01,1999-01-01,1999-01-01,1999-01-01,0.0,0.0,0.0,100.0,100.0,100.0,1999-01-01,1999-01-01,1999-01-01,1999-01-01,1999-01-01,1999-01-01,20698700.0,5380200.0,3707700.0,-73.22,-14.78,-7.1,0.0,0.0,0.0,100.0,100.0,100.0,0.0,0.0,0.0,100.0,100.0,100.0,0.0,0.0,0.0,100.0,100.0,100.0,0.0,0.0,0.0,100.0,100.0,100.0,0.0,0.0,0.0,100.0,100.0,100.0,1999-01-01,1999-01-01,1999-01-01,1999-01-01,1999-01-01,1999-01-01,0,0,0,0,0,0,1999-01-01,1999-01-01,1999-01-01,1999-01-01,1999-01-01,1999-01-01,1999-01-01,1999-01-01,1999-01-01,1999-01-01,1999-01-01,1999-01-01,1999-01-01,1999-01-01,1999-01-01,1999-01-01,1999-01-01,1999-01-01,0,0,0,0,0,0,0,0,0,0,0,0,0,0,0,0,0,0,0,0,0,0,0,0,0,0,0,0,1,1,,,,,,,p2n,,,Life.Empty,Life.Empty,Life.Empty,Life.BullEnd,Life.Bear,,
2020-10-28,0.25368,,,,,0.27863,0.2838,0.28675,0.28834,-0.00454,-0.00222,0.00215,-0.00812,-0.00255,0.00341,-0.00971,-0.00348,0.00419,-0.00126,-0.00033,-0.00092,0.27012,0.279,-0.00887,-0.00053,-0.00107,0.00055,,,-0.27,26.48,-0.31,4.39,-13.81,3.48,-2.69,3.81,2.0,25.0,4.0,15.0,25.0,10.0,9.0,9.0,-0.0,-0.005,,,,,,,,,,,,,10.0,,,,,,0.04491,0.0509,,,0,0,0,,,,,,-0.15,,,0.0,0.0,0.0,0.0,0.0,0.0,1999-01-01,1999-01-01,1999-01-01,1999-01-01,1999-01-01,1999-01-01,,,,,,,0.0,0.0,0.0,0.0,0.0,0.0,0.0,0.0,0.0,0.0,0.0,0.0,0.0,0.0,0.0,0.0,0.0,0.0,1999-01-01,1999-01-01,1999-01-01,1999-01-01,1999-01-01,1999-01-01,0.0,0.0,0.0,100.0,100.0,100.0,1999-01-01,1999-01-01,1999-01-01,1999-01-01,1999-01-01,1999-01-01,5380200.0,3707700.0,2960800.0,-14.78,-7.1,-59.55,0.0,0.0,0.0,100.0,100.0,100.0,0.0,0.0,0.0,100.0,100.0,100.0,0.0,0.0,0.0,100.0,100.0,100.0,0.0,0.0,0.0,100.0,100.0,100.0,0.0,0.0,0.0,100.0,100.0,100.0,1999-01-01,1999-01-01,1999-01-01,1999-01-01,1999-01-01,1999-01-01,0,0,0,0,0,0,1999-01-01,1999-01-01,1999-01-01,1999-01-01,1999-01-01,1999-01-01,1999-01-01,1999-01-01,1999-01-01,1999-01-01,1999-01-01,1999-01-01,1999-01-01,1999-01-01,1999-01-01,1999-01-01,1999-01-01,1999-01-01,0,0,0,0,0,0,0,0,0,0,0,0,0,0,0,0,0,0,0,0,0,0,0,0,0,0,0,0,1,1,,,,-2960800,,p2n,,,n2n,Life.Empty,Life.Empty,Life.Empty,Life.BullEnd,Life.Bear,,
2020-10-30,0.25298,0.253,,,,0.27489,0.28169,0.28563,0.28776,-0.00607,-0.00253,0.00251,-0.01074,-0.00288,0.00398,-0.01287,-0.00393,0.0049,-0.0014,-0.00035,-0.00105,0.26395,0.27537,-0.01142,-0.00055,-0.00119,0.00063,,,26.49,-0.31,4.39,-13.81,3.48,-2.69,3.81,-3.67,25.0,4.0,15.0,25.0,10.0,9.0,9.0,12.0,-0.0,-0.015,,,,,,,,,,,,,6.66667,,,,,,0.04277,0.04946,,,0,0,0,,,,,,-0.15,,,0.0,0.0,0.0,0.253,0.0,0.0,1999-01-01,1999-01-01,1999-01-01,2020-10-30,1999-01-01,1999-01-01,,,,,,,0.0,0.0,0.0,0.0,0.0,0.0,0.0,0.0,0.0,0.0,0.0,0.0,0.0,0.0,0.0,0.0,0.0,0.0,1999-01-01,1999-01-01,1999-01-01,1999-01-01,1999-01-01,1999-01-01,0.0,0.0,0.0,100.0,100.0,100.0,1999-01-01,1999-01-01,1999-01-01,1999-01-01,1999-01-01,1999-01-01,3707700.0,2960800.0,3328500.0,-7.1,-59.55,-17.03,0.0,0.0,0.0,100.0,100.0,100.0,0.0,0.0,0.0,100.0,100.0,100.0,0.0,0.0,0.0,100.0,100.0,100.0,0.0,0.0,0.0,100.0,100.0,100.0,0.0,0.0,0.0,100.0,100.0,100.0,1999-01-01,1999-01-01,1999-01-01,1999-01-01,1999-01-01,1999-01-01,0,0,0,0,0,0,1999-01-01,1999-01-01,1999-01-01,1999-01-01,1999-01-01,1999-01-01,1999-01-01,1999-01-01,1999-01-01,1999-01-01,1999-01-01,1999-01-01,1999-01-01,1999-01-01,1999-01-01,1999-01-01,1999-01-01,1999-01-01,0,0,0,1,0,0,0,0,0,0,0,0,0,0,0,0,0,0,0,0,0,0,0,0,0,0,0,0,1,1,,,,,p2n,,,n2n,,Life.Empty,Life.Empty,Life.Empty,Life.BullEnd,Life.Bear,,
2020-11-02,0.2539,,,0.23,,0.27144,0.27966,0.28453,0.28718,-0.00752,-0.0028,0.00285,-0.01309,-0.00315,0.00451,-0.01575,-0.00433,0.00558,-0.00152,-0.00035,-0.00117,0.25873,0.27201,-0.01328,-0.00055,-0.00127,0.00071,,,26.04,-0.31,4.39,-13.81,3.48,-2.69,3.81,-3.67,24.0,4.0,15.0,25.0,10.0,9.0,9.0,12.0,0.0,0.0,,,,,,,,,,,,,9.39394,8.68687,,,,,0.04114,0.04805,,,0,0,0,,,,,,-0.15,,,0.0,0.0,0.0,0.253,0.0,0.0,1999-01-01,1999-01-01,1999-01-01,2020-10-30,1999-01-01,1999-01-01,0.36,,,,,,1.0,0.0,0.0,0.0,0.0,0.0,0.0,0.0,0.0,0.0,0.0,0.0,0.0,0.0,0.0,0.23,0.0,0.0,1999-01-01,1999-01-01,1999-01-01,2020-11-02,1999-01-01,1999-01-01,0.0,0.0,0.0,100.0,100.0,100.0,1999-01-01,1999-01-01,1999-01-01,1999-01-01,1999-01-01,1999-01-01,2960800.0,3328500.0,4262100.0,-59.55,-17.03,5.55,0.0,0.0,0.0,100.0,100.0,100.0,0.0,0.0,0.0,100.0,100.0,100.0,0.0,0.0,0.0,100.0,100.0,100.0,0.0,0.0,0.0,100.0,100.0,100.0,0.0,0.0,0.0,100.0,100.0,100.0,1999-01-01,1999-01-01,1999-01-01,1999-01-01,1999-01-01,1999-01-01,0,0,0,0,0,0,1999-01-01,1999-01-01,1999-01-01,1999-01-01,1999-01-01,1999-01-01,1999-01-01,1999-01-01,1999-01-01,1999-01-01,1999-01-01,1999-01-01,1999-01-01,1999-01-01,1999-01-01,1999-01-01,1999-01-01,1999-01-01,0,0,0,1,0,0,0,1,0,0,0,0,0,0,0,0,0,0,0,0,0,0,0,0,0,0,0,0,1,1,,,,,,,n2n,,,Life.Empty,Life.Empty,Life.Empty,Life.BullEnd,Life.Bear,,
2020-11-03,0.2561,,,,,0.26979,0.2785,0.28385,0.28681,-0.00832,-0.00305,0.00316,-0.01406,-0.00338,0.00501,-0.01703,-0.00466,0.00617,-0.00161,-0.00033,-0.00128,0.25738,0.27038,-0.01299,-0.00053,-0.00132,0.0008,-0.001,,24.95,-0.31,4.39,-13.81,3.48,-2.69,3.81,-3.67,23.0,4.0,15.0,25.0,10.0,9.0,9.0,12.0,0.02,0.0,,,,,,,,,,,,,31.06061,15.70707,,,,,0.03999,0.04667,,,0,0,0,,,,,,-0.15,,,0.0,0.0,0.0,0.253,0.0,0.0,1999-01-01,1999-01-01,1999-01-01,2020-10-30,1999-01-01,1999-01-01,1.23,,,,,,2.0,0.0,0.0,0.0,0.0,0.0,1.0,0.0,0.0,0.0,0.0,0.0,0.0,0.0,0.0,0.23,0.0,0.0,1999-01-01,1999-01-01,1999-01-01,2020-11-02,1999-01-01,1999-01-01,0.0,0.0,0.0,100.0,100.0,100.0,1999-01-01,1999-01-01,1999-01-01,1999-01-01,1999-01-01,1999-01-01,3328500.0,4262100.0,4353300.0,-17.03,5.55,13.2,0.0,0.0,0.0,-0.001,100.0,100.0,0.0,0.0,0.0,-0.00132,100.0,100.0,0.0,0.0,0.0,100.0,100.0,100.0,0.0,0.0,0.0,100.0,100.0,100.0,0.0,0.0,0.0,100.0,100.0,100.0,1999-01-01,1999-01-01,1999-01-01,2020-11-03,1999-01-01,1999-01-01,0,0,0,7977,0,0,1999-01-01,1999-01-01,1999-01-01,1999-01-01,1999-01-01,1999-01-01,1999-01-01,1999-01-01,1999-01-01,1999-01-01,1999-01-01,1999-01-01,1999-01-01,1999-01-01,1999-01-01,1999-01-01,1999-01-01,1999-01-01,0,0,0,1,0,0,0,1,0,0,1,0,0,0,0,0,0,0,0,0,0,0,0,0,0,0,0,0,1,0,,,,,,n2n,,,,Life.Empty,Life.Empty,Life.Empty,Life.BullEnd,Life.Bear,,
2020-11-04,0.25916,,,,0.275,0.27019,0.27836,0.28367,0.2867,-0.00834,-0.00326,0.00345,-0.01348,-0.00355,0.00543,-0.01651,-0.00493,0.00667,-0.00167,-0.00029,-0.00138,0.26009,0.27072,-0.01062,-0.00046,-0.00134,0.00087,,,23.48,-0.31,4.39,-13.81,3.48,-2.69,3.81,-3.67,22.0,4.0,15.0,25.0,10.0,9.0,9.0,12.0,0.025,0.0,,,,,,,,,,,,,57.25108,32.56854,,,,,0.03999,0.04534,,,0,0,0,,,,,,-0.15,,,0.0,0.0,0.0,0.253,0.0,0.0,1999-01-01,1999-01-01,1999-01-01,2020-10-30,1999-01-01,1999-01-01,2.43,,,,,,3.0,0.0,0.0,0.0,0.0,0.0,1.0,0.0,0.0,0.0,0.0,0.0,0.275,0.0,0.0,0.23,0.0,0.0,2020-11-04,1999-01-01,1999-01-01,2020-11-02,1999-01-01,1999-01-01,0.0,0.0,0.0,100.0,100.0,100.0,1999-01-01,1999-01-01,1999-01-01,1999-01-01,1999-01-01,1999-01-01,4262100.0,4353300.0,8034000.0,5.55,13.2,39.4,0.0,0.0,0.0,-0.001,100.0,100.0,0.0,0.0,0.0,-0.00132,100.0,100.0,0.0,0.0,0.0,100.0,100.0,100.0,0.0,0.0,0.0,100.0,100.0,100.0,0.0,0.0,0.0,100.0,100.0,100.0,1999-01-01,1999-01-01,1999-01-01,2020-11-03,1999-01-01,1999-01-01,0,0,0,7977,0,0,1999-01-01,1999-01-01,1999-01-01,1999-01-01,1999-01-01,1999-01-01,1999-01-01,1999-01-01,1999-01-01,1999-01-01,1999-01-01,1999-01-01,1999-01-01,1999-01-01,1999-01-01,1999-01-01,1999-01-01,1999-01-01,0,0,0,1,0,1,0,1,0,0,1,0,0,0,0,0,0,0,0,0,0,0,0,0,0,0,0,0,1,0,,,,,n2n,,,,,Life.Empty,Life.Empty,Life.Empty,Life.BullEnd,Life.Bear,,
2020-11-05,0.26258,,,0.27,,0.27017,0.27803,0.2834,0.28653,-0.0085,-0.00343,0.00369,-0.01322,-0.00367,0.00577,-0.01636,-0.00513,0.0071,-0.0017,-0.00024,-0.00146,0.26162,0.27067,-0.00905,-0.00037,-0.00132,0.00095,,,21.87,-0.31,4.39,-13.81,3.48,-2.69,3.81,-3.67,21.0,4.0,15.0,25.0,10.0,9.0,9.0,12.0,-0.0,-0.005,,,,,,,,,,,,,75.0,54.43723,,,,,0.03856,0.04405,,,0,0,0,,,,,,-0.15,,,0.0,0.0,0.0,0.253,0.0,0.0,1999-01-01,1999-01-01,1999-01-01,2020-10-30,1999-01-01,1999-01-01,3.79,,,,,,4.0,0.0,0.0,0.0,0.0,0.0,1.0,0.0,0.0,0.0,0.0,0.0,0.275,0.0,0.0,0.27,0.23,0.0,2020-11-04,1999-01-01,1999-01-01,2020-11-05,2020-11-02,1999-01-01,0.0,0.0,0.0,100.0,100.0,100.0,1999-01-01,1999-01-01,1999-01-01,1999-01-01,1999-01-01,1999-01-01,4353300.0,8034000.0,7297200.0,13.2,39.4,18.23,0.0,0.0,0.0,-0.001,100.0,100.0,0.0,0.0,0.0,-0.00132,100.0,100.0,0.0,0.0,0.0,100.0,100.0,100.0,0.0,0.0,0.0,100.0,100.0,100.0,0.0,0.0,0.0,100.0,100.0,100.0,1999-01-01,1999-01-01,1999-01-01,2020-11-03,1999-01-01,1999-01-01,0,0,0,7977,0,0,1999-01-01,1999-01-01,1999-01-01,1999-01-01,1999-01-01,1999-01-01,1999-01-01,1999-01-01,1999-01-01,1999-01-01,1999-01-01,1999-01-01,1999-01-01,1999-01-01,1999-01-01,1999-01-01,1999-01-01,1999-01-01,0,0,0,1,0,1,0,1,0,0,1,0,0,0,0,0,0,0,0,0,0,0,0,0,0,0,0,0,1,0,,,,,,,,,,Life.Empty,Life.Empty,Life.Empty,Life.BullEnd,Life.Bear,,
2020-11-06,0.26583,,,,,0.27055,0.27791,0.28323,0.28642,-0.0085,-0.00357,0.00389,-0.01269,-0.00372,0.00602,-0.01587,-0.00525,0.00743,-0.00168,-0.00016,-0.00153,0.26368,0.27099,-0.00731,-0.00024,-0.00127,0.00103,,,20.38,-0.31,4.39,-13.81,3.48,-2.69,3.81,-3.67,20.0,4.0,15.0,25.0,10.0,9.0,9.0,12.0,0.005,0.0,,,,,,,,,,,,,76.19048,69.48052,,,,,0.03724,0.04281,,,0,0,0,,,,,,-0.15,,,0.0,0.0,0.0,0.253,0.0,0.0,1999-01-01,1999-01-01,1999-01-01,2020-10-30,1999-01-01,1999-01-01,5.07,,,,,,5.0,0.0,0.0,0.0,0.0,0.0,1.0,0.0,0.0,0.0,0.0,0.0,0.275,0.0,0.0,0.27,0.23,0.0,2020-11-04,1999-01-01,1999-01-01,2020-11-05,2020-11-02,1999-01-01,0.0,0.0,0.0,100.0,100.0,100.0,1999-01-01,1999-01-01,1999-01-01,1999-01-01,1999-01-01,1999-01-01,8034000.0,7297200.0,5432000.0,39.4,18.23,5.48,0.0,0.0,0.0,-0.001,100.0,100.0,0.0,0.0,0.0,-0.00132,100.0,100.0,0.0,0.0,0.0,100.0,100.0,100.0,0.0,0.0,0.0,100.0,100.0,100.0,0.0,0.0,0.0,100.0,100.0,100.0,1999-01-01,1999-01-01,1999-01-01,2020-11-03,1999-01-01,1999-01-01,0,0,0,7977,0,0,1999-01-01,1999-01-01,1999-01-01,1999-01-01,1999-01-01,1999-01-01,1999-01-01,1999-01-01,1999-01-01,1999-01-01,1999-01-01,1999-01-01,1999-01-01,1999-01-01,1999-01-01,1999-01-01,1999-01-01,1999-01-01,0,0,0,1,0,1,0,1,0,0,1,0,0,0,0,0,0,0,0,0,0,0,0,0,0,0,0,0,1,0,,,,,,,,,,Life.Empty,Life.Empty,Life.Empty,Life.BullEnd,Life.Bear,,
2020-11-09,0.26837,,,,,0.27089,0.2778,0.28307,0.2863,-0.0085,-0.00366,0.00403,-0.01218,-0.00371,0.00617,-0.01541,-0.0053,0.00763,-0.00164,-5e-05,-0.00158,0.26542,0.27128,-0.00587,-8e-05,-0.00118,0.0011,,,19.24,-0.31,4.39,-13.81,3.48,-2.69,3.81,-3.67,19.0,4.0,15.0,25.0,10.0,9.0,9.0,12.0,0.0,0.0,,,,,,,,,42.30769,,,,75.0,75.39683,,,,,0.03529,0.04162,,,0,0,1,,,,,,,-0.15,,0.0,0.0,0.0,0.253,0.0,0.0,1999-01-01,1999-01-01,1999-01-01,2020-10-30,1999-01-01,1999-01-01,6.08,,,,,,6.0,0.0,0.0,0.0,0.0,0.0,1.0,0.0,0.0,0.0,0.0,0.0,0.275,0.0,0.0,0.27,0.23,0.0,2020-11-04,1999-01-01,1999-01-01,2020-11-05,2020-11-02,1999-01-01,0.0,0.0,0.0,100.0,100.0,100.0,1999-01-01,1999-01-01,1999-01-01,1999-01-01,1999-01-01,1999-01-01,7297200.0,5432000.0,1824300.0,18.23,5.48,-29.91,0.0,0.0,0.0,-0.001,100.0,100.0,0.0,0.0,0.0,-0.00132,100.0,100.0,0.0,0.0,0.0,100.0,100.0,100.0,0.0,0.0,0.0,100.0,100.0,100.0,0.0,0.0,0.0,100.0,100.0,100.0,1999-01-01,1999-01-01,1999-01-01,2020-11-03,1999-01-01,1999-01-01,0,0,0,7977,0,0,1999-01-01,1999-01-01,1999-01-01,1999-01-01,1999-01-01,1999-01-01,1999-01-01,1999-01-01,1999-01-01,1999-01-01,1999-01-01,1999-01-01,1999-01-01,1999-01-01,1999-01-01,1999-01-01,1999-01-01,1999-01-01,0,0,0,1,0,1,0,1,0,0,1,0,0,0,0,0,0,0,0,0,0,0,0,0,0,0,0,0,1,0,,,,,,,,,,Life.Empty,Life.Empty,Life.BullEnd,Life.Bear,Life.BearRecovery,,
2020-11-10,0.26996,,,,0.275,0.2712,0.27769,0.28291,0.28619,-0.0085,-0.00371,0.00413,-0.01171,-0.00364,0.00624,-0.01498,-0.00527,0.00774,-0.00155,7e-05,-0.00162,0.26689,0.27156,-0.00467,0.00011,-0.00106,0.00117,,,18.54,-0.31,4.39,-13.81,3.48,-2.69,3.81,-3.67,18.0,4.0,15.0,25.0,10.0,9.0,9.0,12.0,0.0,0.0,0.00357,-0.00464,0.76923,43.47826,,,,,73.33333,,,73.333,72.02381,74.40476,,,,,0.03348,0.04047,,,1,0,1,,,,,,,-0.15,,0.0,0.0,0.0,0.253,0.0,0.0,1999-01-01,1999-01-01,1999-01-01,2020-10-30,1999-01-01,1999-01-01,6.7,,,,,,7.0,0.0,0.0,0.0,0.0,0.0,1.0,0.0,0.0,0.0,0.0,0.0,0.275,0.275,0.0,0.27,0.23,0.0,2020-11-10,2020-11-04,1999-01-01,2020-11-05,2020-11-02,1999-01-01,0.0,0.0,0.0,100.0,100.0,100.0,1999-01-01,1999-01-01,1999-01-01,1999-01-01,1999-01-01,1999-01-01,5432000.0,1824300.0,1973500.0,5.48,-29.91,-36.58,0.0,0.0,0.0,-0.001,100.0,100.0,0.0,0.0,0.0,-0.00132,100.0,100.0,0.0,0.0,0.0,100.0,100.0,100.0,73.333,0.0,0.0,100.0,100.0,100.0,0.0,0.0,0.0,100.0,100.0,100.0,1999-01-01,1999-01-01,1999-01-01,2020-11-03,1999-01-01,1999-01-01,0,0,0,7977,0,0,1999-01-01,1999-01-01,1999-01-01,1999-01-01,1999-01-01,1999-01-01,2020-11-10,1999-01-01,1999-01-01,1999-01-01,1999-01-01,1999-01-01,1999-01-01,1999-01-01,1999-01-01,1999-01-01,1999-01-01,1999-01-01,0,0,0,1,0,1,0,1,0,0,1,0,0,0,0,0,0,1,0,0,0,0,0,0,0,0,0,0,1,0,,,,,,,,,,Life.Empty,Life.Empty,Life.BullEnd,Life.Bear,Life.BearRecovery,,
2020-11-11,0.27079,,,0.265,,0.27073,0.27719,0.28256,0.28598,-0.00879,-0.00372,0.0042,-0.01183,-0.00351,0.00626,-0.01525,-0.00516,0.0078,-0.00143,0.00021,-0.00164,0.2666,0.27107,-0.00447,0.00034,-0.0009,0.00124,,,18.17,-0.31,4.39,-13.81,3.48,-2.69,3.81,-3.67,17.0,4.0,15.0,25.0,10.0,9.0,9.0,12.0,-0.0,-0.01,0.00357,-0.00429,0.83333,45.45455,,,,,64.28571,59.97558,64.286,,45.83333,64.28571,,,,,0.03181,0.03937,,,1,0,1,,,,,,,-0.15,,0.0,0.0,0.0,0.253,0.0,0.0,1999-01-01,1999-01-01,1999-01-01,2020-10-30,1999-01-01,1999-01-01,7.03,,,,,,8.0,0.0,0.0,0.0,0.0,0.0,1.0,0.0,0.0,0.0,0.0,0.0,0.275,0.275,0.0,0.265,0.27,0.23,2020-11-10,2020-11-04,1999-01-01,2020-11-11,2020-11-05,2020-11-02,0.0,0.0,0.0,100.0,100.0,100.0,1999-01-01,1999-01-01,1999-01-01,1999-01-01,1999-01-01,1999-01-01,1824300.0,1973500.0,2188400.0,-29.91,-36.58,-35.14,0.0,0.0,0.0,-0.001,100.0,100.0,0.0,0.0,0.0,-0.00132,100.0,100.0,0.0,0.0,0.0,100.0,100.0,100.0,73.333,0.0,0.0,64.286,100.0,100.0,0.0,0.0,0.0,100.0,100.0,100.0,1999-01-01,1999-01-01,1999-01-01,2020-11-03,1999-01-01,1999-01-01,0,0,0,7977,0,0,1999-01-01,1999-01-01,1999-01-01,1999-01-01,1999-01-01,1999-01-01,2020-11-10,1999-01-01,1999-01-01,2020-11-11,1999-01-01,1999-01-01,1999-01-01,1999-01-01,1999-01-01,1999-01-01,1999-01-01,1999-01-01,0,0,0,1,0,1,0,0,0,0,1,0,0,0,0,0,0,1,1,0,0,0,0,0,0,0,0,0,1,0,,,,,,,,,,Life.Empty,Life.Empty,Life.BullEnd,Life.Bear,Life.BearRecovery,,
2020-11-12,0.27169,,,,0.275,0.27106,0.27711,0.28241,0.28587,-0.00876,-0.00369,0.00425,-0.01135,-0.00332,0.00624,-0.01481,-0.00497,0.0078,-0.00128,0.00037,-0.00165,0.26789,0.27136,-0.00347,0.00059,-0.0007,0.0013,,,17.78,-0.31,4.39,-13.81,3.48,-2.69,3.81,-3.67,16.0,4.0,15.0,25.0,10.0,9.0,9.0,12.0,0.01,0.0,0.00429,-0.00393,1.09091,52.17391,,,,,78.57143,72.06349,,78.571,34.16667,50.6746,,,,,0.03025,0.03832,,,1,1,1,,,,,,,-0.15,,0.0,0.0,0.0,0.253,0.0,0.0,1999-01-01,1999-01-01,1999-01-01,2020-10-30,1999-01-01,1999-01-01,7.39,,,,,,9.0,0.0,0.0,0.0,0.0,0.0,1.0,0.0,0.0,0.0,0.0,0.0,0.275,0.275,0.275,0.265,0.27,0.23,2020-11-12,2020-11-10,2020-11-04,2020-11-11,2020-11-05,2020-11-02,0.0,0.0,0.0,100.0,100.0,100.0,1999-01-01,1999-01-01,1999-01-01,1999-01-01,1999-01-01,1999-01-01,1973500.0,2188400.0,768800.0,-36.58,-35.14,-17.63,0.0,0.0,0.0,-0.001,100.0,100.0,0.0,0.0,0.0,-0.00132,100.0,100.0,0.0,0.0,0.0,100.0,100.0,100.0,78.571,73.333,0.0,64.286,100.0,100.0,0.0,0.0,0.0,100.0,100.0,100.0,1999-01-01,1999-01-01,1999-01-01,2020-11-03,1999-01-01,1999-01-01,0,0,0,7977,0,0,1999-01-01,1999-01-01,1999-01-01,1999-01-01,1999-01-01,1999-01-01,2020-11-12,2020-11-10,1999-01-01,2020-11-11,1999-01-01,1999-01-01,1999-01-01,1999-01-01,1999-01-01,1999-01-01,1999-01-01,1999-01-01,0,0,0,1,0,0,0,0,0,0,1,0,0,0,0,0,0,1,1,0,0,0,0,0,0,0,0,0,1,0,,,,,,,,,,Life.Empty,Life.Empty,Life.BullEnd,Life.Bear,Life.BearRecovery,,
2020-11-13,0.27354,,,,,0.27097,0.27683,0.28216,0.28571,-0.00888,-0.00362,0.00428,-0.01119,-0.00306,0.00617,-0.01474,-0.00471,0.00776,-0.00109,0.00056,-0.00164,0.26822,0.27126,-0.00305,0.00088,-0.00048,0.00136,,,16.98,-0.31,4.39,-13.81,3.48,-2.69,3.81,-3.67,15.0,4.0,15.0,25.0,10.0,9.0,9.0,12.0,-0.0,-0.005,0.00429,-0.00429,1.0,50.0,,,,,71.42857,71.42857,,,21.66667,33.88889,,,,,0.02952,0.03732,,,1,1,1,,,,,,,-0.15,,0.0,0.0,0.0,0.253,0.0,0.0,1999-01-01,1999-01-01,1999-01-01,2020-10-30,1999-01-01,1999-01-01,8.12,,,,,,10.0,0.0,0.0,0.0,0.0,0.0,1.0,0.0,0.0,0.0,0.0,0.0,0.275,0.275,0.275,0.265,0.27,0.23,2020-11-12,2020-11-10,2020-11-04,2020-11-11,2020-11-05,2020-11-02,0.0,0.0,0.0,100.0,100.0,100.0,1999-01-01,1999-01-01,1999-01-01,1999-01-01,1999-01-01,1999-01-01,2188400.0,768800.0,4191600.0,-35.14,-17.63,44.99,0.0,0.0,0.0,-0.001,100.0,100.0,0.0,0.0,0.0,-0.00132,100.0,100.0,0.0,0.0,0.0,100.0,100.0,100.0,78.571,73.333,0.0,64.286,100.0,100.0,0.0,0.0,0.0,100.0,100.0,100.0,1999-01-01,1999-01-01,1999-01-01,2020-11-03,1999-01-01,1999-01-01,0,0,0,7977,0,0,1999-01-01,1999-01-01,1999-01-01,1999-01-01,1999-01-01,1999-01-01,2020-11-12,2020-11-10,1999-01-01,2020-11-11,1999-01-01,1999-01-01,1999-01-01,1999-01-01,1999-01-01,1999-01-01,1999-01-01,1999-01-01,0,0,0,1,0,0,0,0,0,0,1,0,0,0,0,0,0,1,1,0,0,0,0,0,0,0,0,0,1,0,-4191600,,,,,,,,n2p,Life.Empty,Life.Empty,Life.BullEnd,Life.Bear,Life.BearRecovery,,
2020-11-16,0.27679,,,,,0.2709,0.27656,0.28192,0.28556,-0.009,-0.0035,0.00429,-0.01102,-0.00275,0.00607,-0.01466,-0.00437,0.00767,-0.00086,0.00076,-0.00162,0.26849,0.27117,-0.00268,0.00119,-0.00022,0.00141,,,15.61,-0.31,4.39,-13.81,3.48,-2.69,3.81,-3.67,14.0,4.0,15.0,25.0,10.0,9.0,9.0,12.0,0.0,0.0,0.00429,-0.00357,1.2,54.54545,,,,,71.42857,73.80952,,,30.0,28.61111,,,,,0.02777,0.03637,,,1,1,1,,,,,,,-0.15,,0.0,0.0,0.0,0.253,0.0,0.0,1999-01-01,1999-01-01,1999-01-01,2020-10-30,1999-01-01,1999-01-01,9.4,,,,,,11.0,0.0,0.0,0.0,0.0,0.0,1.0,0.0,0.0,0.0,0.0,0.0,0.275,0.275,0.275,0.265,0.27,0.23,2020-11-12,2020-11-10,2020-11-04,2020-11-11,2020-11-05,2020-11-02,0.0,0.0,0.0,100.0,100.0,100.0,1999-01-01,1999-01-01,1999-01-01,1999-01-01,1999-01-01,1999-01-01,768800.0,4191600.0,1870400.0,-17.63,44.99,-4.45,0.0,0.0,0.0,-0.001,100.0,100.0,0.0,0.0,0.0,-0.00132,100.0,100.0,0.0,0.0,0.0,100.0,100.0,100.0,78.571,73.333,0.0,64.286,100.0,100.0,0.0,0.0,0.0,100.0,100.0,100.0,1999-01-01,1999-01-01,1999-01-01,2020-11-03,1999-01-01,1999-01-01,0,0,0,7977,0,0,1999-01-01,1999-01-01,1999-01-01,1999-01-01,1999-01-01,1999-01-01,2020-11-12,2020-11-10,1999-01-01,2020-11-11,1999-01-01,1999-01-01,1999-01-01,1999-01-01,1999-01-01,1999-01-01,1999-01-01,1999-01-01,0,0,0,1,0,0,0,0,0,0,1,0,0,0,0,0,0,1,1,0,0,0,0,0,0,0,0,0,1,0,,,1870400,,,,,n2p,p2n,Life.Empty,Life.Empty,Life.BullEnd,Life.Bear,Life.BearRecovery,,
2020-11-17,0.28142,,,,,0.27045,0.27611,0.28158,0.28535,-0.00924,-0.00334,0.00427,-0.01114,-0.00237,0.00592,-0.0149,-0.00395,0.00753,-0.00061,0.00097,-0.00158,0.26795,0.27071,-0.00276,0.00153,7e-05,0.00146,,,13.71,-0.31,4.39,-13.81,3.48,-2.69,3.81,-3.67,13.0,4.0,15.0,25.0,10.0,9.0,9.0,12.0,-0.0,-0.005,0.00429,-0.00321,1.33333,57.14286,,,,,64.28571,69.04762,,,23.33333,25.0,,,,,0.0265,0.03547,,,1,1,1,,,,,,,-0.15,,0.0,0.0,0.0,0.253,0.0,0.0,1999-01-01,1999-01-01,1999-01-01,2020-10-30,1999-01-01,1999-01-01,11.23,,,,,,12.0,0.0,0.0,0.0,0.0,0.0,1.0,0.0,0.0,0.0,0.0,0.0,0.275,0.275,0.275,0.265,0.27,0.23,2020-11-12,2020-11-10,2020-11-04,2020-11-11,2020-11-05,2020-11-02,0.0,0.0,0.0,100.0,100.0,100.0,1999-01-01,1999-01-01,1999-01-01,1999-01-01,1999-01-01,1999-01-01,4191600.0,1870400.0,2324400.0,44.99,-4.45,22.77,0.0,0.0,0.0,-0.001,100.0,100.0,0.0,0.0,0.0,-0.00132,100.0,100.0,0.0,0.0,0.0,100.0,100.0,100.0,78.571,73.333,0.0,64.286,100.0,100.0,0.0,0.0,0.0,100.0,100.0,100.0,1999-01-01,1999-01-01,1999-01-01,2020-11-03,1999-01-01,1999-01-01,0,0,0,7977,0,0,1999-01-01,1999-01-01,1999-01-01,1999-01-01,1999-01-01,1999-01-01,2020-11-12,2020-11-10,1999-01-01,2020-11-11,1999-01-01,1999-01-01,1999-01-01,1999-01-01,1999-01-01,1999-01-01,1999-01-01,1999-01-01,0,0,0,1,0,0,0,0,0,0,1,0,0,0,0,0,0,1,1,0,0,0,0,0,0,0,0,0,1,0,,,,,,,n2p,p2n,,Life.Empty,Life.Empty,Life.BullEnd,Life.Bear,Life.BearRecovery,,
2020-11-18,0.28713,,,0.26,,0.26964,0.27547,0.28116,0.2851,-0.00962,-0.00314,0.00422,-0.01151,-0.00194,0.00573,-0.01546,-0.00346,0.00733,-0.00032,0.0012,-0.00152,0.26673,0.26992,-0.00319,0.00189,0.00038,0.00151,,,11.45,-0.31,4.39,-13.81,3.48,-2.69,3.81,-3.67,12.0,4.0,15.0,25.0,10.0,9.0,9.0,12.0,-0.0,-0.005,0.00429,-0.00321,1.33333,57.14286,,,,,57.14286,64.28571,57.143,,15.0,22.77778,,,,,0.02496,0.03461,,,1,1,1,,,,,,,-0.15,,0.0,0.0,0.0,0.253,0.0,0.0,1999-01-01,1999-01-01,1999-01-01,2020-10-30,1999-01-01,1999-01-01,13.49,,,,,,13.0,0.0,0.0,0.0,0.0,0.0,1.0,0.0,0.0,0.0,0.0,0.0,0.275,0.275,0.275,0.26,0.265,0.27,2020-11-12,2020-11-10,2020-11-04,2020-11-18,2020-11-11,2020-11-05,0.0,0.0,0.0,100.0,100.0,100.0,1999-01-01,1999-01-01,1999-01-01,1999-01-01,1999-01-01,1999-01-01,1870400.0,2324400.0,1023800.0,-4.45,22.77,-37.77,0.0,0.0,0.0,-0.001,100.0,100.0,0.0,0.0,0.0,-0.00132,100.0,100.0,0.0,0.0,0.0,100.0,100.0,100.0,78.571,73.333,0.0,57.143,64.286,100.0,0.0,0.0,0.0,100.0,100.0,100.0,1999-01-01,1999-01-01,1999-01-01,2020-11-03,1999-01-01,1999-01-01,0,0,0,7977,0,0,1999-01-01,1999-01-01,1999-01-01,1999-01-01,1999-01-01,1999-01-01,2020-11-12,2020-11-10,1999-01-01,2020-11-18,2020-11-11,1999-01-01,1999-01-01,1999-01-01,1999-01-01,1999-01-01,1999-01-01,1999-01-01,0,0,0,1,0,0,1,0,0,0,1,0,0,0,0,0,0,1,1,0,0,0,0,0,0,0,0,0,1,0,,,-1023800,,,n2p,p2n,,p2n,Life.Empty,Life.Empty,Life.BullEnd,Life.Bear,Life.BearRecovery,,
2020-11-19,0.29339,,,,,0.27005,0.27546,0.28104,0.285,-0.00954,-0.0029,0.00414,-0.01098,-0.00145,0.00548,-0.01494,-0.0029,0.00707,-0.0,0.00145,-0.00145,0.268,0.2703,-0.00229,0.00227,0.00072,0.00155,,,9.07,-0.31,4.39,-13.81,3.48,-2.69,3.81,-3.67,11.0,4.0,15.0,25.0,10.0,9.0,9.0,12.0,0.015,0.0,0.00536,-0.00214,2.5,71.42857,,,,,78.57143,66.66667,,,28.88889,22.40741,,,,,0.02496,0.0338,,,1,1,1,,,,,,,-0.15,,0.0,0.0,0.0,0.253,0.0,0.0,1999-01-01,1999-01-01,1999-01-01,2020-10-30,1999-01-01,1999-01-01,15.96,,,,,,14.0,0.0,0.0,0.0,0.0,0.0,1.0,0.0,0.0,0.0,0.0,0.0,0.275,0.275,0.275,0.26,0.265,0.27,2020-11-12,2020-11-10,2020-11-04,2020-11-18,2020-11-11,2020-11-05,0.0,0.0,0.0,100.0,100.0,100.0,1999-01-01,1999-01-01,1999-01-01,1999-01-01,1999-01-01,1999-01-01,2324400.0,1023800.0,4672400.0,22.77,-37.77,53.69,0.0,0.0,0.0,-0.001,100.0,100.0,0.0,0.0,0.0,-0.00132,100.0,100.0,0.0,0.0,0.0,100.0,100.0,100.0,78.571,73.333,0.0,57.143,64.286,100.0,0.0,0.0,0.0,100.0,100.0,100.0,1999-01-01,1999-01-01,1999-01-01,2020-11-03,1999-01-01,1999-01-01,0,0,0,7977,0,0,1999-01-01,1999-01-01,1999-01-01,1999-01-01,1999-01-01,1999-01-01,2020-11-12,2020-11-10,1999-01-01,2020-11-18,2020-11-11,1999-01-01,1999-01-01,1999-01-01,1999-01-01,1999-01-01,1999-01-01,1999-01-01,0,0,0,1,0,0,1,0,0,0,1,0,0,0,0,0,0,1,1,0,0,0,0,0,0,0,0,0,1,0,4672400,,,,n2p,p2n,,p2n,n2p,Life.Empty,Life.Empty,Life.BullEnd,Life.Bear,Life.BearRecovery,,
2020-11-20,0.29973,,,,,0.27351,0.27701,0.28171,0.2853,-0.00829,-0.00261,0.00403,-0.0082,-0.00091,0.00517,-0.01178,-0.00227,0.00673,0.00034,0.0017,-0.00136,0.27523,0.27361,0.00163,0.00267,0.00108,0.00159,,,6.76,-0.31,4.39,-13.81,3.48,-2.69,3.81,-3.67,10.0,4.0,15.0,25.0,10.0,9.0,9.0,12.0,0.04,0.0,0.00821,-0.00214,3.83333,79.31034,,,,,80.95238,72.22222,,,47.22222,30.37037,,,,,0.02747,0.03304,,,1,1,1,,,,,,,,-0.15,0.0,0.0,0.0,0.253,0.0,0.0,1999-01-01,1999-01-01,1999-01-01,2020-10-30,1999-01-01,1999-01-01,18.47,,,,,,15.0,0.0,0.0,0.0,0.0,0.0,1.0,0.0,0.0,0.0,0.0,0.0,0.275,0.275,0.275,0.26,0.265,0.27,2020-11-12,2020-11-10,2020-11-04,2020-11-18,2020-11-11,2020-11-05,0.0,0.0,0.0,100.0,100.0,100.0,1999-01-01,1999-01-01,1999-01-01,1999-01-01,1999-01-01,1999-01-01,1023800.0,4672400.0,86413300.0,-37.77,53.69,1048.41,0.0,0.0,0.0,-0.001,100.0,100.0,0.0,0.0,0.0,-0.00132,100.0,100.0,0.0,0.0,0.0,100.0,100.0,100.0,78.571,73.333,0.0,57.143,64.286,100.0,0.0,0.0,0.0,100.0,100.0,100.0,1999-01-01,1999-01-01,1999-01-01,2020-11-03,1999-01-01,1999-01-01,0,0,0,7977,0,0,1999-01-01,1999-01-01,1999-01-01,1999-01-01,1999-01-01,1999-01-01,2020-11-12,2020-11-10,1999-01-01,2020-11-18,2020-11-11,1999-01-01,1999-01-01,1999-01-01,1999-01-01,1999-01-01,1999-01-01,1999-01-01,0,0,0,1,0,0,1,0,0,0,1,0,0,0,0,0,0,1,1,0,0,0,0,0,0,0,0,0,1,0,,86413300,,,p2n,,p2n,n2p,p2p,Life.Empty,Life.BullEnd,Life.Bear,Life.BearRecovery,Life.BearEnd,,
2020-11-23,0.30573,,,,0.36,0.28016,0.28026,0.28326,0.28604,-0.00578,-0.00229,0.00389,-0.00309,-0.00032,0.0048,-0.00587,-0.00158,0.00632,0.00071,0.00197,-0.00126,0.28827,0.28001,0.00827,0.00308,0.00146,0.00162,,,4.67,-0.31,4.39,-13.81,3.48,-2.69,3.81,-3.67,9.0,4.0,15.0,25.0,10.0,9.0,9.0,12.0,0.045,0.0,0.01,-0.00214,4.66667,82.35294,,,,,84.61538,81.37973,,84.615,75.22222,50.44444,,,,,0.03015,0.03232,,,1,1,1,,,,,,,,-0.15,0.0,0.0,0.0,0.253,0.0,0.0,1999-01-01,1999-01-01,1999-01-01,2020-10-30,1999-01-01,1999-01-01,20.84,,,,,,16.0,0.0,0.0,0.0,0.0,0.0,1.0,0.0,0.0,0.0,0.0,0.0,0.36,0.275,0.275,0.26,0.265,0.27,2020-11-23,2020-11-12,2020-11-10,2020-11-18,2020-11-11,2020-11-05,0.0,0.0,0.0,100.0,100.0,100.0,1999-01-01,1999-01-01,1999-01-01,1999-01-01,1999-01-01,1999-01-01,4672400.0,86413300.0,150551500.0,53.69,1048.41,162.34,0.0,0.0,0.0,-0.001,100.0,100.0,0.0,0.0,0.0,-0.00132,100.0,100.0,0.0,0.0,0.0,100.0,100.0,100.0,84.615,78.571,73.333,57.143,64.286,100.0,0.0,0.0,0.0,100.0,100.0,100.0,1999-01-01,1999-01-01,1999-01-01,2020-11-03,1999-01-01,1999-01-01,0,0,0,7977,0,0,1999-01-01,1999-01-01,1999-01-01,1999-01-01,1999-01-01,1999-01-01,2020-11-23,2020-11-12,2020-11-10,2020-11-18,2020-11-11,1999-01-01,1999-01-01,1999-01-01,1999-01-01,1999-01-01,1999-01-01,1999-01-01,0,0,0,1,0,1,1,0,0,0,1,0,0,0,0,0,0,1,1,0,0,0,0,0,0,0,0,0,1,0,,,,,,p2n,n2p,p2p,,Life.Empty,Life.BullEnd,Life.Bear,Life.BearRecovery,Life.BearEnd,,
2020-11-24,0.311,,,,,0.28284,0.28162,0.28389,0.28633,-0.0047,-0.00193,0.0037,-0.00226,0.00031,0.00435,-0.0047,-0.00083,0.00583,0.0011,0.00224,-0.00114,0.29239,0.2826,0.00979,0.0035,0.00185,0.00164,,,2.89,-0.31,4.39,-13.81,3.48,-2.69,3.81,-3.67,8.0,4.0,15.0,25.0,10.0,9.0,9.0,12.0,-0.0,-0.045,0.00821,-0.00536,1.53333,60.52632,,,,,48.0,71.18926,,,69.0,63.81481,,,,,0.03192,0.03165,,,1,1,1,,,,,,,,-0.15,0.0,0.0,0.0,0.253,0.0,0.0,1999-01-01,1999-01-01,1999-01-01,2020-10-30,1999-01-01,1999-01-01,22.92,,,,,,17.0,0.0,0.0,0.0,0.0,0.0,1.0,0.0,0.0,0.0,0.0,0.0,0.36,0.275,0.275,0.26,0.265,0.27,2020-11-23,2020-11-12,2020-11-10,2020-11-18,2020-11-11,2020-11-05,0.0,0.0,0.0,100.0,100.0,100.0,1999-01-01,1999-01-01,1999-01-01,1999-01-01,1999-01-01,1999-01-01,86413300.0,150551500.0,37806400.0,1048.41,162.34,13.71,0.0,0.0,0.0,-0.001,100.0,100.0,0.0,0.0,0.0,-0.00132,100.0,100.0,0.0,0.0,0.0,100.0,100.0,100.0,84.615,78.571,73.333,57.143,64.286,100.0,0.0,0.0,0.0,100.0,100.0,100.0,1999-01-01,1999-01-01,1999-01-01,2020-11-03,1999-01-01,1999-01-01,0,0,0,7977,0,0,1999-01-01,1999-01-01,1999-01-01,1999-01-01,1999-01-01,1999-01-01,2020-11-23,2020-11-12,2020-11-10,2020-11-18,2020-11-11,1999-01-01,1999-01-01,1999-01-01,1999-01-01,1999-01-01,1999-01-01,1999-01-01,0,0,0,1,0,1,1,0,0,0,1,0,0,0,0,0,0,1,1,0,0,0,0,0,0,0,0,0,1,0,,,,,p2n,n2p,p2p,,,Life.Empty,Life.BullEnd,Life.Bear,Life.BearRecovery,Life.BearEnd,,
2020-11-25,0.31522,,,,,0.28532,0.28293,0.2845,0.28661,-0.00368,-0.00154,0.00347,0.00239,0.00098,0.00385,-0.00368,-3e-05,0.00526,0.0015,0.00252,-0.00101,0.29587,0.285,0.01087,0.00392,0.00226,0.00166,,,1.52,-0.31,4.39,-13.81,3.48,-2.69,3.81,-3.67,7.0,4.0,15.0,25.0,10.0,9.0,9.0,12.0,0.0,0.0,0.00821,-0.005,1.64286,62.16216,,,,,48.0,60.20513,,,60.0,68.07407,,,,,0.03214,0.03102,,,1,1,1,,,,,,,,-0.15,0.0,0.0,0.0,0.253,0.0,0.0,1999-01-01,1999-01-01,1999-01-01,2020-10-30,1999-01-01,1999-01-01,24.59,,,,,,18.0,0.0,0.0,0.0,0.0,0.0,1.0,0.0,0.0,0.0,0.0,0.0,0.36,0.275,0.275,0.26,0.265,0.27,2020-11-23,2020-11-12,2020-11-10,2020-11-18,2020-11-11,2020-11-05,0.0,0.0,0.0,100.0,100.0,100.0,1999-01-01,1999-01-01,1999-01-01,1999-01-01,1999-01-01,1999-01-01,150551500.0,37806400.0,20164500.0,162.34,13.71,-24.11,0.0,0.0,0.0,-0.001,100.0,100.0,0.0,0.0,0.0,-0.00132,100.0,100.0,0.0,0.0,0.0,100.0,100.0,100.0,84.615,78.571,73.333,57.143,64.286,100.0,0.0,0.0,0.0,100.0,100.0,100.0,1999-01-01,1999-01-01,1999-01-01,2020-11-03,1999-01-01,1999-01-01,0,0,0,7977,0,0,1999-01-01,1999-01-01,1999-01-01,1999-01-01,1999-01-01,1999-01-01,2020-11-23,2020-11-12,2020-11-10,2020-11-18,2020-11-11,1999-01-01,1999-01-01,1999-01-01,1999-01-01,1999-01-01,1999-01-01,1999-01-01,0,0,0,1,0,1,1,0,0,0,1,0,0,0,0,0,0,1,1,0,0,0,0,0,0,0,0,0,1,0,,,,,n2p,p2p,,,,Life.Empty,Life.BullEnd,Life.Bear,Life.BearRecovery,Life.BearEnd,,
2020-11-26,0.31816,,,,,0.2876,0.28419,0.28511,0.2869,-0.00271,-0.00111,0.00322,0.00341,0.00168,0.0033,0.00341,0.00082,0.00464,0.00193,0.00279,-0.00087,0.29881,0.28722,0.01159,0.00434,0.00267,0.00167,,,0.58,-0.31,4.39,-13.81,3.48,-2.69,3.81,-3.67,6.0,4.0,15.0,25.0,10.0,9.0,9.0,12.0,0.0,0.0,0.00786,-0.005,1.57143,61.11111,,,,,48.0,48.0,,,44.69841,57.89947,,,,,0.03199,0.03043,,,1,1,1,,,,,,,,-0.15,0.0,0.0,0.0,0.253,0.0,0.0,1999-01-01,1999-01-01,1999-01-01,2020-10-30,1999-01-01,1999-01-01,25.75,,,,,,19.0,0.0,0.0,0.0,0.0,0.0,1.0,0.0,0.0,0.0,0.0,0.0,0.36,0.275,0.275,0.26,0.265,0.27,2020-11-23,2020-11-12,2020-11-10,2020-11-18,2020-11-11,2020-11-05,0.0,0.0,0.0,100.0,100.0,100.0,1999-01-01,1999-01-01,1999-01-01,1999-01-01,1999-01-01,1999-01-01,37806400.0,20164500.0,15608700.0,13.71,-24.11,-64.71,0.0,0.0,0.0,-0.001,100.0,100.0,0.0,0.0,0.0,-0.00132,100.0,100.0,0.0,0.0,0.0,100.0,100.0,100.0,84.615,78.571,73.333,57.143,64.286,100.0,0.0,0.0,0.0,100.0,100.0,100.0,1999-01-01,1999-01-01,1999-01-01,2020-11-03,1999-01-01,1999-01-01,0,0,0,7977,0,0,1999-01-01,1999-01-01,1999-01-01,1999-01-01,1999-01-01,1999-01-01,2020-11-23,2020-11-12,2020-11-10,2020-11-18,2020-11-11,1999-01-01,1999-01-01,1999-01-01,1999-01-01,1999-01-01,1999-01-01,1999-01-01,0,0,0,1,0,1,1,0,0,0,1,0,0,0,0,0,0,1,1,0,0,0,0,0,0,0,0,0,1,0,,,,15608700,p2p,,,,n2n,Life.Empty,Life.BullEnd,Life.Bear,Life.BearRecovery,Life.BearEnd,,
2020-11-27,0.31979,,,,,0.28932,0.2852,0.2856,0.28713,-0.00192,-0.00065,0.00296,0.00412,0.00241,0.00274,0.00412,0.0017,0.004,0.00236,0.00307,-0.00071,0.30053,0.28891,0.01162,0.00476,0.00308,0.00167,,,0.06,-0.31,4.39,-13.81,3.48,-2.69,3.81,-3.67,5.0,4.0,15.0,25.0,10.0,9.0,9.0,12.0,-0.0,-0.005,0.00786,-0.00536,1.46667,59.45946,,,,,44.0,46.66667,,,32.86508,45.8545,,,,,0.03113,0.02987,,,1,1,1,,,,,,,,-0.15,0.0,0.0,0.0,0.253,0.0,0.0,1999-01-01,1999-01-01,1999-01-01,2020-10-30,1999-01-01,1999-01-01,26.4,,,,,,20.0,0.0,0.0,0.0,0.0,0.0,1.0,0.0,0.0,0.0,0.0,0.0,0.36,0.275,0.275,0.26,0.265,0.27,2020-11-23,2020-11-12,2020-11-10,2020-11-18,2020-11-11,2020-11-05,0.0,0.0,0.0,100.0,100.0,100.0,1999-01-01,1999-01-01,1999-01-01,1999-01-01,1999-01-01,1999-01-01,20164500.0,15608700.0,8453600.0,-24.11,-64.71,-39.89,0.0,0.0,0.0,-0.001,100.0,100.0,0.0,0.0,0.0,-0.00132,100.0,100.0,0.0,0.0,0.0,100.0,100.0,100.0,84.615,78.571,73.333,57.143,64.286,100.0,0.0,0.0,0.0,100.0,100.0,100.0,1999-01-01,1999-01-01,1999-01-01,2020-11-03,1999-01-01,1999-01-01,0,0,0,7977,0,0,1999-01-01,1999-01-01,1999-01-01,1999-01-01,1999-01-01,1999-01-01,2020-11-23,2020-11-12,2020-11-10,2020-11-18,2020-11-11,1999-01-01,1999-01-01,1999-01-01,1999-01-01,1999-01-01,1999-01-01,1999-01-01,0,0,0,1,0,1,1,0,0,0,1,0,0,0,0,0,0,1,1,0,0,0,0,0,0,0,0,0,1,0,,,,,,,,n2n,,Life.Empty,Life.BullEnd,Life.Bear,Life.BearRecovery,Life.BearEnd,,
2020-11-30,0.32029,,,0.31,,0.29091,0.28617,0.28608,0.28735,-0.00127,-0.00017,0.00268,0.00483,0.00316,0.00217,0.00483,0.00263,0.00335,0.0028,0.00333,-0.00054,0.30199,0.29047,0.01152,0.00516,0.0035,0.00166,,,-0.09,-0.31,4.39,-13.81,3.48,-2.69,3.81,-3.67,4.0,4.0,15.0,25.0,10.0,9.0,9.0,12.0,0.0,0.0,0.00786,-0.00536,1.46667,59.45946,,,,,44.0,45.33333,44.0,,21.99328,33.18559,,,,,0.03034,0.02936,,,1,1,1,,,,,,,,-0.15,0.0,0.0,0.0,0.253,0.0,0.0,1999-01-01,1999-01-01,1999-01-01,2020-10-30,1999-01-01,1999-01-01,26.6,,,,,,21.0,0.0,0.0,0.0,0.0,0.0,1.0,0.0,0.0,0.0,0.0,0.0,0.36,0.275,0.275,0.31,0.26,0.265,2020-11-23,2020-11-12,2020-11-10,2020-11-30,2020-11-18,2020-11-11,0.0,0.0,0.0,100.0,100.0,100.0,1999-01-01,1999-01-01,1999-01-01,1999-01-01,1999-01-01,1999-01-01,15608700.0,8453600.0,8947000.0,-64.71,-39.89,-25.36,0.0,0.0,0.0,-0.001,100.0,100.0,0.0,0.0,0.0,-0.00132,100.0,100.0,0.0,0.0,0.0,100.0,100.0,100.0,84.615,78.571,73.333,44.0,57.143,64.286,0.0,0.0,0.0,100.0,100.0,100.0,1999-01-01,1999-01-01,1999-01-01,2020-11-03,1999-01-01,1999-01-01,0,0,0,7977,0,0,1999-01-01,1999-01-01,1999-01-01,1999-01-01,1999-01-01,1999-01-01,2020-11-23,2020-11-12,2020-11-10,2020-11-30,2020-11-18,2020-11-11,1999-01-01,1999-01-01,1999-01-01,1999-01-01,1999-01-01,1999-01-01,0,0,0,1,0,1,0,1,0,0,1,0,0,0,0,0,0,1,1,0,0,0,0,0,0,0,0,0,1,0,,,,,,,n2n,,,Life.Empty,Life.BullEnd,Life.Bear,Life.BearRecovery,Life.BearEnd,,
2020-12-01,0.32015,,,,0.34,0.29469,0.28829,0.28715,0.28788,0.00113,0.00034,0.0024,0.00754,0.00393,0.0016,0.00754,0.00358,0.0027,0.00324,0.0036,-0.00036,0.30784,0.29414,0.0137,0.00554,0.0039,0.00164,,,-0.05,-0.31,4.39,-13.81,3.48,-2.69,3.81,-3.67,3.0,4.0,15.0,25.0,10.0,9.0,9.0,12.0,0.03,0.0,0.01,-0.00464,2.15385,68.29268,,,,,68.0,52.0,,68.0,38.9245,31.26096,,,,,0.03031,0.02887,,,1,1,1,0.15,,,,,,,,0.0,0.0,0.0,0.253,0.0,0.0,1999-01-01,1999-01-01,1999-01-01,2020-10-30,1999-01-01,1999-01-01,26.54,,,,,,22.0,0.0,0.0,0.0,0.0,0.0,1.0,0.0,0.0,0.0,0.0,0.0,0.34,0.36,0.275,0.31,0.26,0.265,2020-12-01,2020-11-23,2020-11-12,2020-11-30,2020-11-18,2020-11-11,0.0,0.0,0.0,100.0,100.0,100.0,1999-01-01,1999-01-01,1999-01-01,1999-01-01,1999-01-01,1999-01-01,8453600.0,8947000.0,20081100.0,-39.89,-25.36,13.55,0.0,0.0,0.0,-0.001,100.0,100.0,0.0,0.0,0.0,-0.00132,100.0,100.0,0.0,0.0,0.0,100.0,100.0,100.0,68.0,84.615,78.571,44.0,57.143,64.286,0.0,0.0,0.0,100.0,100.0,100.0,1999-01-01,1999-01-01,1999-01-01,2020-11-03,1999-01-01,1999-01-01,0,0,0,7977,0,0,1999-01-01,1999-01-01,1999-01-01,1999-01-01,1999-01-01,1999-01-01,2020-12-01,2020-11-23,2020-11-12,2020-11-30,2020-11-18,2020-11-11,1999-01-01,1999-01-01,1999-01-01,1999-01-01,1999-01-01,1999-01-01,0,0,0,1,0,0,0,1,0,0,1,0,0,0,0,0,1,0,1,0,0,0,0,0,0,0,0,0,1,0,,,,,,n2n,,,,Life.BullEnd,Life.Bear,Life.BearRecovery,Life.BearEnd,Life.BullStart,,
2020-12-02,0.31991,,,,,0.29702,0.28973,0.2879,0.28825,0.00183,0.00086,0.0021,0.00912,0.00471,0.00104,0.00912,0.00454,0.00204,0.00368,0.00385,-0.00017,0.31048,0.29643,0.01405,0.0059,0.0043,0.0016,,,0.03,-0.31,4.39,-13.81,3.48,-2.69,3.81,-3.67,2.0,4.0,15.0,25.0,10.0,9.0,9.0,12.0,-0.0,-0.015,0.00929,-0.00571,1.625,61.90476,,,,,56.0,56.0,,,53.27635,38.06471,,,,,0.02958,0.02842,,,1,1,1,,,0.15,,,,,,0.0,0.0,0.0,0.253,0.0,0.0,1999-01-01,1999-01-01,1999-01-01,2020-10-30,1999-01-01,1999-01-01,26.45,,,,,,23.0,0.0,0.0,0.0,0.0,0.0,1.0,0.0,0.0,0.0,0.0,0.0,0.34,0.36,0.275,0.31,0.26,0.265,2020-12-01,2020-11-23,2020-11-12,2020-11-30,2020-11-18,2020-11-11,0.0,0.0,0.0,100.0,100.0,100.0,1999-01-01,1999-01-01,1999-01-01,1999-01-01,1999-01-01,1999-01-01,8947000.0,20081100.0,10204500.0,-25.36,13.55,4.67,0.0,0.0,0.0,-0.001,100.0,100.0,0.0,0.0,0.0,-0.00132,100.0,100.0,0.0,0.0,0.0,100.0,100.0,100.0,68.0,84.615,78.571,44.0,57.143,64.286,0.0,0.0,0.0,100.0,100.0,100.0,1999-01-01,1999-01-01,1999-01-01,2020-11-03,1999-01-01,1999-01-01,0,0,0,7977,0,0,1999-01-01,1999-01-01,1999-01-01,1999-01-01,1999-01-01,1999-01-01,2020-12-01,2020-11-23,2020-11-12,2020-11-30,2020-11-18,2020-11-11,1999-01-01,1999-01-01,1999-01-01,1999-01-01,1999-01-01,1999-01-01,0,0,0,1,0,0,0,1,0,0,1,0,0,0,0,0,1,0,1,0,0,0,0,0,0,0,0,0,1,0,,,,,n2n,,,,,Life.Bear,Life.BearRecovery,Life.BearEnd,Life.BullStart,Life.BullRetrace,,
2020-12-03,0.31981,,,,,0.29917,0.29111,0.28863,0.28861,0.0025,0.00141,0.0018,0.01054,0.00549,0.00047,0.01056,0.00553,0.00138,0.00412,0.00408,3e-05,0.31271,0.29854,0.01417,0.00624,0.00469,0.00155,,,0.06,-0.31,4.39,-13.81,3.48,-2.69,3.81,-3.67,1.0,4.0,15.0,25.0,10.0,9.0,9.0,12.0,0.0,0.0,0.00929,-0.00536,1.73333,63.41463,,,,,56.0,60.0,,,64.81481,52.33856,,,,,0.02889,0.028,,,1,1,1,,0.15,,,,,,,0.0,0.0,0.0,0.253,0.0,0.0,1999-01-01,1999-01-01,1999-01-01,2020-10-30,1999-01-01,1999-01-01,26.41,,,,,,24.0,0.0,0.0,0.0,0.0,0.0,1.0,0.0,0.0,0.0,0.0,0.0,0.34,0.36,0.275,0.31,0.26,0.265,2020-12-01,2020-11-23,2020-11-12,2020-11-30,2020-11-18,2020-11-11,0.0,0.0,0.0,100.0,100.0,100.0,1999-01-01,1999-01-01,1999-01-01,1999-01-01,1999-01-01,1999-01-01,20081100.0,10204500.0,9903400.0,13.55,4.67,2.44,0.0,0.0,0.0,-0.001,100.0,100.0,0.0,0.0,0.0,-0.00132,100.0,100.0,0.0,0.0,0.0,100.0,100.0,100.0,68.0,84.615,78.571,44.0,57.143,64.286,0.0,0.0,0.0,100.0,100.0,100.0,1999-01-01,1999-01-01,1999-01-01,2020-11-03,1999-01-01,1999-01-01,0,0,0,7977,0,0,1999-01-01,1999-01-01,1999-01-01,1999-01-01,1999-01-01,1999-01-01,2020-12-01,2020-11-23,2020-11-12,2020-11-30,2020-11-18,2020-11-11,1999-01-01,1999-01-01,1999-01-01,1999-01-01,1999-01-01,1999-01-01,0,0,0,1,0,0,0,1,0,0,1,0,0,0,0,0,1,0,1,0,0,0,0,0,0,0,0,0,1,0,,,,,,,,,,Life.BearRecovery,Life.BearEnd,Life.BullStart,Life.BullRetrace,Life.Bull,,
2020-12-04,0.31964,,0.32,0.315,,0.30039,0.29205,0.28916,0.28887,0.00317,0.00197,0.00148,0.01123,0.00628,-9e-05,0.01152,0.00652,0.00071,0.00455,0.0043,0.00024,0.31306,0.29976,0.0133,0.00655,0.00506,0.00149,,,-0.2,4.39,-13.81,3.48,-2.69,3.81,-3.67,3.46,4.0,15.0,25.0,10.0,9.0,9.0,12.0,18.0,-0.0,-0.01,0.00929,-0.00607,1.52941,60.46512,,,,,48.0,53.33333,48.0,,43.51852,53.8699,,,,,0.0279,0.0276,,,1,1,1,,0.15,,,,,,,0.32,0.0,0.0,0.253,0.0,0.0,2020-12-04,1999-01-01,1999-01-01,2020-10-30,1999-01-01,1999-01-01,0.0,26.48,,,,,0.0,25.0,0.0,0.0,0.0,0.0,0.0,1.0,0.0,0.0,0.0,0.0,0.34,0.36,0.275,0.315,0.31,0.26,2020-12-01,2020-11-23,2020-11-12,2020-12-04,2020-11-30,2020-11-18,0.0,0.0,0.0,100.0,100.0,100.0,1999-01-01,1999-01-01,1999-01-01,1999-01-01,1999-01-01,1999-01-01,10204500.0,9903400.0,8010100.0,4.67,2.44,-30.04,0.0,0.0,0.0,-0.001,100.0,100.0,0.0,0.0,0.0,-0.00132,100.0,100.0,0.0,0.0,0.0,100.0,100.0,100.0,68.0,84.615,78.571,48.0,44.0,57.143,0.0,0.0,0.0,100.0,100.0,100.0,1999-01-01,1999-01-01,1999-01-01,2020-11-03,1999-01-01,1999-01-01,0,0,0,7977,0,0,1999-01-01,1999-01-01,1999-01-01,1999-01-01,1999-01-01,1999-01-01,2020-12-01,2020-11-23,2020-11-12,2020-12-04,2020-11-30,2020-11-18,1999-01-01,1999-01-01,1999-01-01,1999-01-01,1999-01-01,1999-01-01,0,1,0,1,0,0,0,1,0,0,1,0,0,0,0,0,1,0,0,0,0,0,0,0,0,0,0,0,1,0,,,,,,,,,,Life.BearRecovery,Life.BearEnd,Life.BullStart,Life.BullRetrace,Life.Bull,,
2020-12-07,0.31931,,,,0.32,0.3019,0.29314,0.28977,0.28918,0.00396,0.00254,0.00116,0.01213,0.00705,-0.00065,0.01272,0.00751,5e-05,0.00496,0.00451,0.00046,0.31413,0.30126,0.01287,0.00682,0.00541,0.00141,,,-0.1,4.39,-13.81,3.48,-2.69,3.81,-3.67,3.46,3.0,15.0,25.0,10.0,9.0,9.0,12.0,18.0,0.005,0.0,0.00964,-0.00571,1.6875,62.7907,,,,,52.0,52.0,,52.0,34.52381,47.61905,,,,,0.02698,0.02722,,,1,1,1,,0.15,,,,,,,0.32,0.0,0.0,0.253,0.0,0.0,2020-12-04,1999-01-01,1999-01-01,2020-10-30,1999-01-01,1999-01-01,-0.22,26.48,,,,,1.0,25.0,0.0,0.0,0.0,0.0,-0.0,1.0,0.0,0.0,0.0,0.0,0.32,0.34,0.36,0.315,0.31,0.26,2020-12-07,2020-12-01,2020-11-23,2020-12-04,2020-11-30,2020-11-18,0.0,0.0,0.0,100.0,100.0,100.0,1999-01-01,1999-01-01,1999-01-01,1999-01-01,1999-01-01,1999-01-01,9903400.0,8010100.0,8938400.0,2.44,-30.04,-4.5,0.0,0.0,0.0,-0.001,100.0,100.0,0.0,0.0,0.0,-0.00132,100.0,100.0,0.0,0.0,0.0,100.0,100.0,100.0,52.0,68.0,84.615,48.0,44.0,57.143,0.0,0.0,0.0,100.0,100.0,100.0,1999-01-01,1999-01-01,1999-01-01,2020-11-03,1999-01-01,1999-01-01,0,0,0,7977,0,0,1999-01-01,1999-01-01,1999-01-01,1999-01-01,1999-01-01,1999-01-01,2020-12-07,2020-12-01,2020-11-23,2020-12-04,2020-11-30,2020-11-18,1999-01-01,1999-01-01,1999-01-01,1999-01-01,1999-01-01,1999-01-01,0,1,0,1,1,0,0,1,0,0,1,0,0,0,0,0,1,0,0,0,0,0,0,0,0,0,0,0,1,0,,,,,,,,,,Life.BearRecovery,Life.BearEnd,Life.BullStart,Life.BullRetrace,Life.Bull,,
2020-12-08,0.31902,,,0.305,,0.30214,0.29361,0.29007,0.28934,0.00426,0.00312,0.00082,0.01207,0.00781,-0.00121,0.0128,0.00849,-0.00062,0.00537,0.00469,0.00068,0.31273,0.30154,0.01119,0.00706,0.00574,0.00132,,,-0.01,4.39,-13.81,3.48,-2.69,3.81,-3.67,3.46,2.0,15.0,25.0,10.0,9.0,9.0,12.0,18.0,-0.0,-0.015,0.00964,-0.00643,1.5,60.0,,,,,40.0,46.66667,40.0,,17.85714,31.96649,,,,,0.02612,0.02687,,,1,1,1,,0.15,,,,,,,0.32,0.0,0.0,0.253,0.0,0.0,2020-12-04,1999-01-01,1999-01-01,2020-10-30,1999-01-01,1999-01-01,-0.31,26.48,,,,,2.0,25.0,0.0,0.0,0.0,0.0,-0.0,1.0,0.0,0.0,0.0,0.0,0.32,0.34,0.36,0.305,0.315,0.31,2020-12-07,2020-12-01,2020-11-23,2020-12-08,2020-12-04,2020-11-30,0.0,0.0,0.0,100.0,100.0,100.0,1999-01-01,1999-01-01,1999-01-01,1999-01-01,1999-01-01,1999-01-01,8010100.0,8938400.0,4500700.0,-30.04,-4.5,-20.12,0.0,0.0,0.0,-0.001,100.0,100.0,0.0,0.0,0.0,-0.00132,100.0,100.0,0.0,0.0,0.0,100.0,100.0,100.0,52.0,68.0,84.615,40.0,48.0,44.0,0.0,0.0,0.0,100.0,100.0,100.0,1999-01-01,1999-01-01,1999-01-01,2020-11-03,1999-01-01,1999-01-01,0,0,0,7977,0,0,1999-01-01,1999-01-01,1999-01-01,1999-01-01,1999-01-01,1999-01-01,2020-12-07,2020-12-01,2020-11-23,2020-12-08,2020-12-04,2020-11-30,1999-01-01,1999-01-01,1999-01-01,1999-01-01,1999-01-01,1999-01-01,0,1,0,1,1,0,1,0,0,0,1,0,0,0,0,0,1,0,1,0,0,0,0,0,0,0,0,0,1,0,,,,,,,,,,Life.BearRecovery,Life.BearEnd,Life.BullStart,Life.BullRetrace,Life.Bull,,
2020-12-09,0.31892,,,,,0.30351,0.29464,0.29066,0.28965,0.00499,0.00371,0.00048,0.01285,0.00856,-0.00176,0.01387,0.00946,-0.00129,0.00575,0.00485,0.0009,0.31384,0.30291,0.01094,0.00726,0.00605,0.00122,,,0.03,4.39,-13.81,3.48,-2.69,3.81,-3.67,3.46,1.0,15.0,25.0,10.0,9.0,9.0,12.0,18.0,0.015,0.0,0.00964,-0.00643,1.5,60.0,,,,,42.85714,44.95238,,42.857,28.57143,26.98413,,,,,0.02604,0.02653,,,1,1,1,,0.15,,,,,,,0.32,0.0,0.0,0.253,0.0,0.0,2020-12-04,1999-01-01,1999-01-01,2020-10-30,1999-01-01,1999-01-01,-0.34,26.48,,,,,3.0,25.0,0.0,0.0,0.0,0.0,-0.0,1.0,0.0,0.0,0.0,0.0,0.32,0.34,0.36,0.305,0.315,0.31,2020-12-07,2020-12-01,2020-11-23,2020-12-08,2020-12-04,2020-11-30,0.0,0.0,0.0,100.0,100.0,100.0,1999-01-01,1999-01-01,1999-01-01,1999-01-01,1999-01-01,1999-01-01,8938400.0,4500700.0,13398100.0,-4.5,-20.12,25.12,0.0,0.0,0.0,-0.001,100.0,100.0,0.0,0.0,0.0,-0.00132,100.0,100.0,0.0,0.0,0.0,100.0,100.0,100.0,42.857,52.0,68.0,40.0,48.0,44.0,0.0,0.0,0.0,100.0,100.0,100.0,1999-01-01,1999-01-01,1999-01-01,2020-11-03,1999-01-01,1999-01-01,0,0,0,7977,0,0,1999-01-01,1999-01-01,1999-01-01,1999-01-01,1999-01-01,1999-01-01,2020-12-09,2020-12-07,2020-12-01,2020-12-08,2020-12-04,2020-11-30,1999-01-01,1999-01-01,1999-01-01,1999-01-01,1999-01-01,1999-01-01,0,1,0,1,1,0,1,0,0,0,1,0,0,0,0,0,1,0,1,0,0,0,0,0,0,0,0,0,1,0,13398100,,,,,,,,n2p,Life.BearRecovery,Life.BearEnd,Life.BullStart,Life.BullRetrace,Life.Bull,,
2020-12-10,0.31913,0.319,,,0.325,0.30517,0.29583,0.29134,0.29,0.00583,0.0043,0.00012,0.01382,0.00928,-0.00231,0.01517,0.01041,-0.00197,0.00612,0.00499,0.00113,0.31556,0.30454,0.01102,0.00742,0.00632,0.0011,,,4.35,-13.81,3.48,-2.69,3.81,-3.67,3.46,-10.37,15.0,25.0,10.0,9.0,9.0,12.0,18.0,27.0,0.005,0.0,0.00714,-0.00643,1.11111,52.63158,,,,,31.25,38.03571,,,37.56614,27.99824,,,,,0.02633,0.02622,,,1,1,1,,0.15,,,,,,,0.32,0.0,0.0,0.319,0.253,0.0,2020-12-04,1999-01-01,1999-01-01,2020-12-10,2020-10-30,1999-01-01,0.0,-0.31,26.48,,,,0.0,4.0,25.0,0.0,0.0,0.0,0.0,-0.0,1.0,0.0,0.0,0.0,0.325,0.32,0.34,0.305,0.315,0.31,2020-12-10,2020-12-07,2020-12-01,2020-12-08,2020-12-04,2020-11-30,0.0,0.0,0.0,100.0,100.0,100.0,1999-01-01,1999-01-01,1999-01-01,1999-01-01,1999-01-01,1999-01-01,4500700.0,13398100.0,41998600.0,-20.12,25.12,123.19,0.0,0.0,0.0,-0.001,100.0,100.0,0.0,0.0,0.0,-0.00132,100.0,100.0,0.0,0.0,0.0,100.0,100.0,100.0,42.857,52.0,68.0,40.0,48.0,44.0,0.0,0.0,0.0,100.0,100.0,100.0,1999-01-01,1999-01-01,1999-01-01,2020-11-03,1999-01-01,1999-01-01,0,0,0,7977,0,0,1999-01-01,1999-01-01,1999-01-01,1999-01-01,1999-01-01,1999-01-01,2020-12-09,2020-12-07,2020-12-01,2020-12-08,2020-12-04,2020-11-30,1999-01-01,1999-01-01,1999-01-01,1999-01-01,1999-01-01,1999-01-01,0,1,0,1,0,0,1,0,0,0,1,0,0,0,0,0,1,0,1,0,0,0,0,0,0,0,0,0,1,0,,41998600,,,,,,n2p,p2p,Life.BearRecovery,Life.BearEnd,Life.BullStart,Life.BullRetrace,Life.Bull,,
2020-12-11,0.31968,,,,,0.30631,0.29678,0.29191,0.2903,0.00648,0.00488,-0.00024,0.0144,0.00998,-0.00285,0.01601,0.01134,-0.00263,0.00646,0.0051,0.00136,0.31624,0.30569,0.01056,0.00754,0.00657,0.00097,,,4.17,-13.81,3.48,-2.69,3.81,-3.67,3.46,-10.37,14.0,25.0,10.0,9.0,9.0,12.0,18.0,27.0,-0.0,-0.005,0.00393,-0.00679,0.57895,36.66667,,,,,30.76923,34.95879,,,52.38095,39.50617,,,,,0.02552,0.02591,,,1,1,1,,0.15,,,,,,,0.32,0.0,0.0,0.319,0.253,0.0,2020-12-04,1999-01-01,1999-01-01,2020-12-10,2020-10-30,1999-01-01,0.21,-0.31,26.48,,,,1.0,4.0,25.0,0.0,0.0,0.0,0.0,-0.0,1.0,0.0,0.0,0.0,0.325,0.32,0.34,0.305,0.315,0.31,2020-12-10,2020-12-07,2020-12-01,2020-12-08,2020-12-04,2020-11-30,0.0,0.0,0.0,100.0,100.0,100.0,1999-01-01,1999-01-01,1999-01-01,1999-01-01,1999-01-01,1999-01-01,13398100.0,41998600.0,8110700.0,25.12,123.19,6.03,0.0,0.0,0.0,-0.001,100.0,100.0,0.0,0.0,0.0,-0.00132,100.0,100.0,0.0,0.0,0.0,100.0,100.0,100.0,42.857,52.0,68.0,40.0,48.0,44.0,0.0,0.0,0.0,100.0,100.0,100.0,1999-01-01,1999-01-01,1999-01-01,2020-11-03,1999-01-01,1999-01-01,0,0,0,7977,0,0,1999-01-01,1999-01-01,1999-01-01,1999-01-01,1999-01-01,1999-01-01,2020-12-09,2020-12-07,2020-12-01,2020-12-08,2020-12-04,2020-11-30,1999-01-01,1999-01-01,1999-01-01,1999-01-01,1999-01-01,1999-01-01,0,1,0,1,0,0,1,0,0,0,1,0,0,0,0,0,1,0,1,0,0,0,0,0,0,0,0,0,1,0,,,,,,,n2p,p2p,,Life.BearRecovery,Life.BearEnd,Life.BullStart,Life.BullRetrace,Life.Bull,,
2020-12-14,0.32041,,,0.31,,0.30659,0.2973,0.29227,0.29049,0.00681,0.00546,-0.0006,0.01432,0.01064,-0.00336,0.0161,0.01223,-0.00327,0.00677,0.00518,0.00159,0.31528,0.30601,0.00928,0.00761,0.00678,0.00084,,,3.93,-13.81,3.48,-2.69,3.81,-3.67,3.46,-10.37,13.0,25.0,10.0,9.0,9.0,12.0,18.0,27.0,-0.0,-0.01,0.00393,-0.00429,0.91667,47.82609,,,,,22.22222,28.08048,22.222,,40.74074,43.56261,,,,,0.02512,0.02562,,,1,1,1,,0.15,,,,,,,0.32,0.0,0.0,0.319,0.253,0.0,2020-12-04,1999-01-01,1999-01-01,2020-12-10,2020-10-30,1999-01-01,0.44,-0.31,26.48,,,,2.0,4.0,25.0,0.0,0.0,0.0,0.0,-0.0,1.0,0.0,0.0,0.0,0.325,0.32,0.34,0.31,0.305,0.315,2020-12-10,2020-12-07,2020-12-01,2020-12-14,2020-12-08,2020-12-04,0.0,0.0,0.0,100.0,100.0,100.0,1999-01-01,1999-01-01,1999-01-01,1999-01-01,1999-01-01,1999-01-01,41998600.0,8110700.0,5280400.0,123.19,6.03,-12.78,0.0,0.0,0.0,-0.001,100.0,100.0,0.0,0.0,0.0,-0.00132,100.0,100.0,0.0,0.0,0.0,100.0,100.0,100.0,42.857,52.0,68.0,22.222,40.0,48.0,0.0,0.0,0.0,100.0,100.0,100.0,1999-01-01,1999-01-01,1999-01-01,2020-11-03,1999-01-01,1999-01-01,0,0,0,7977,0,0,1999-01-01,1999-01-01,1999-01-01,1999-01-01,1999-01-01,1999-01-01,2020-12-09,2020-12-07,2020-12-01,2020-12-14,2020-12-08,2020-12-04,1999-01-01,1999-01-01,1999-01-01,1999-01-01,1999-01-01,1999-01-01,0,1,0,1,0,0,0,0,0,0,1,0,0,0,0,0,1,0,1,0,0,0,0,0,0,0,0,0,1,0,,,,,,n2p,p2p,,,Life.BearRecovery,Life.BearEnd,Life.BullStart,Life.BullRetrace,Life.Bull,,
2020-12-15,0.32107,,,,,0.30762,0.29819,0.29282,0.29079,0.0074,0.00603,-0.00097,0.01481,0.01126,-0.00384,0.01684,0.01308,-0.00388,0.00706,0.00523,0.00182,0.31601,0.30704,0.00897,0.00764,0.00695,0.00069,,,3.72,-13.81,3.48,-2.69,3.81,-3.67,3.46,-10.37,12.0,25.0,10.0,9.0,9.0,12.0,18.0,27.0,0.01,0.0,0.00464,-0.00429,1.08333,52.0,,,,,44.44444,32.47863,,,37.03704,43.38624,,,,,0.02476,0.02533,,,1,1,1,,0.15,,,,,,,0.32,0.0,0.0,0.319,0.253,0.0,2020-12-04,1999-01-01,1999-01-01,2020-12-10,2020-10-30,1999-01-01,0.65,-0.31,26.48,,,,3.0,4.0,25.0,0.0,0.0,0.0,0.0,-0.0,1.0,0.0,0.0,0.0,0.325,0.32,0.34,0.31,0.305,0.315,2020-12-10,2020-12-07,2020-12-01,2020-12-14,2020-12-08,2020-12-04,0.0,0.0,0.0,100.0,100.0,100.0,1999-01-01,1999-01-01,1999-01-01,1999-01-01,1999-01-01,1999-01-01,8110700.0,5280400.0,6884600.0,6.03,-12.78,-63.39,0.0,0.0,0.0,-0.001,100.0,100.0,0.0,0.0,0.0,-0.00132,100.0,100.0,0.0,0.0,0.0,100.0,100.0,100.0,42.857,52.0,68.0,22.222,40.0,48.0,0.0,0.0,0.0,100.0,100.0,100.0,1999-01-01,1999-01-01,1999-01-01,2020-11-03,1999-01-01,1999-01-01,0,0,0,7977,0,0,1999-01-01,1999-01-01,1999-01-01,1999-01-01,1999-01-01,1999-01-01,2020-12-09,2020-12-07,2020-12-01,2020-12-14,2020-12-08,2020-12-04,1999-01-01,1999-01-01,1999-01-01,1999-01-01,1999-01-01,1999-01-01,0,1,0,1,0,0,0,0,0,0,1,0,0,0,0,0,1,0,1,0,0,0,0,0,0,0,0,0,1,0,,,,6884600,n2p,p2p,,,n2n,Life.BearRecovery,Life.BearEnd,Life.BullStart,Life.BullRetrace,Life.Bull,,
2020-12-16,0.32161,,,,,0.30934,0.29944,0.29355,0.29118,0.00826,0.00658,-0.00132,0.01579,0.01184,-0.00427,0.01817,0.01389,-0.00444,0.00731,0.00526,0.00205,0.31816,0.30874,0.00942,0.00762,0.00708,0.00054,,,3.54,-13.81,3.48,-2.69,3.81,-3.67,3.46,-10.37,11.0,25.0,10.0,9.0,9.0,12.0,18.0,27.0,0.01,0.0,0.00536,-0.00429,1.25,55.55556,,,,,66.66667,44.44444,,,43.05556,40.27778,43.76989,,,,0.02406,0.02506,,,1,1,1,,0.15,,,,,,,0.32,0.0,0.0,0.319,0.253,0.0,2020-12-04,1999-01-01,1999-01-01,2020-12-10,2020-10-30,1999-01-01,0.82,-0.31,26.48,,,,4.0,4.0,25.0,0.0,0.0,0.0,0.0,-0.0,1.0,0.0,0.0,0.0,0.325,0.32,0.34,0.31,0.305,0.315,2020-12-10,2020-12-07,2020-12-01,2020-12-14,2020-12-08,2020-12-04,0.0,0.0,0.0,100.0,100.0,100.0,1999-01-01,1999-01-01,1999-01-01,1999-01-01,1999-01-01,1999-01-01,5280400.0,6884600.0,12293300.0,-12.78,-63.39,20.63,0.0,0.0,0.0,-0.001,100.0,100.0,0.0,0.0,0.0,-0.00132,100.0,100.0,0.0,0.0,0.0,100.0,100.0,100.0,42.857,52.0,68.0,22.222,40.0,48.0,0.0,0.0,0.0,100.0,100.0,100.0,1999-01-01,1999-01-01,1999-01-01,2020-11-03,1999-01-01,1999-01-01,0,0,0,7977,0,0,1999-01-01,1999-01-01,1999-01-01,1999-01-01,1999-01-01,1999-01-01,2020-12-09,2020-12-07,2020-12-01,2020-12-14,2020-12-08,2020-12-04,1999-01-01,1999-01-01,1999-01-01,1999-01-01,1999-01-01,1999-01-01,0,1,0,1,0,0,0,0,0,0,1,0,0,0,0,0,1,0,1,0,0,0,0,0,0,0,0,0,1,0,12293300,,,,p2p,,,n2n,n2p,Life.BearRecovery,Life.BearEnd,Life.BullStart,Life.BullRetrace,Life.Bull,,
2020-12-17,0.32208,,,,0.33,0.31093,0.30063,0.29427,0.29156,0.00907,0.00712,-0.00166,0.01666,0.01237,-0.00464,0.01937,0.01465,-0.00494,0.00753,0.00525,0.00228,0.31998,0.31032,0.00966,0.00755,0.00718,0.00038,,0.008,3.39,-13.81,3.48,-2.69,3.81,-3.67,3.46,-10.37,10.0,25.0,10.0,9.0,9.0,12.0,18.0,27.0,0.0,0.0,0.00536,-0.00393,1.36364,57.69231,,,,,66.66667,59.25926,,66.667,63.42593,47.83951,43.58502,,,,0.02341,0.02479,,,1,1,1,,0.15,,,,,,,0.32,0.0,0.0,0.319,0.253,0.0,2020-12-04,1999-01-01,1999-01-01,2020-12-10,2020-10-30,1999-01-01,0.97,-0.31,26.48,,,,5.0,4.0,25.0,0.0,0.0,0.0,0.0,-0.0,1.0,0.0,0.0,0.0,0.33,0.325,0.32,0.31,0.305,0.315,2020-12-17,2020-12-10,2020-12-07,2020-12-14,2020-12-08,2020-12-04,0.0,0.0,0.0,100.0,100.0,100.0,1999-01-01,1999-01-01,1999-01-01,1999-01-01,1999-01-01,1999-01-01,6884600.0,12293300.0,4615400.0,-63.39,20.63,-2.72,0.008,0.0,0.0,-0.001,100.0,100.0,0.00718,0.0,0.0,-0.00132,100.0,100.0,0.0,0.0,0.0,100.0,100.0,100.0,66.667,42.857,52.0,22.222,40.0,48.0,0.0,0.0,0.0,100.0,100.0,100.0,2020-12-17,1999-01-01,1999-01-01,2020-11-03,1999-01-01,1999-01-01,8021,0,0,7977,0,0,1999-01-01,1999-01-01,1999-01-01,1999-01-01,1999-01-01,1999-01-01,2020-12-17,2020-12-09,2020-12-07,2020-12-14,2020-12-08,2020-12-04,1999-01-01,1999-01-01,1999-01-01,1999-01-01,1999-01-01,1999-01-01,0,1,0,1,0,1,0,0,0,1,1,0,0,0,0,0,0,1,1,0,0,0,0,0,0,0,0,0,1,0,,,,,,,n2n,n2p,,Life.BearRecovery,Life.BearEnd,Life.BullStart,Life.BullRetrace,Life.Bull,,
2020-12-18,0.32261,,,,,0.31201,0.30159,0.29488,0.2919,0.00969,0.00764,-0.00196,0.01713,0.01286,-0.00494,0.02012,0.01536,-0.00537,0.00772,0.00522,0.0025,0.32075,0.31141,0.00935,0.00744,0.00723,0.00021,,,3.22,-13.81,3.48,-2.69,3.81,-3.67,3.46,-10.37,9.0,25.0,10.0,9.0,9.0,12.0,18.0,27.0,-0.0,-0.005,0.00536,-0.00429,1.25,55.55556,,,,,55.55556,62.96296,,,70.83333,59.10494,43.37426,43.57639,,,0.02245,0.02452,,,1,1,1,,0.15,,,,,,,0.32,0.0,0.0,0.319,0.253,0.0,2020-12-04,1999-01-01,1999-01-01,2020-12-10,2020-10-30,1999-01-01,1.13,-0.31,26.48,,,,6.0,4.0,25.0,0.0,0.0,0.0,0.0,-0.0,1.0,0.0,0.0,0.0,0.33,0.325,0.32,0.31,0.305,0.315,2020-12-17,2020-12-10,2020-12-07,2020-12-14,2020-12-08,2020-12-04,0.0,0.0,0.0,100.0,100.0,100.0,1999-01-01,1999-01-01,1999-01-01,1999-01-01,1999-01-01,1999-01-01,12293300.0,4615400.0,3744400.0,20.63,-2.72,-13.2,0.008,0.0,0.0,-0.001,100.0,100.0,0.00718,0.0,0.0,-0.00132,100.0,100.0,0.0,0.0,0.0,100.0,100.0,100.0,66.667,42.857,52.0,22.222,40.0,48.0,0.0,0.0,0.0,100.0,100.0,100.0,2020-12-17,1999-01-01,1999-01-01,2020-11-03,1999-01-01,1999-01-01,8021,0,0,7977,0,0,1999-01-01,1999-01-01,1999-01-01,1999-01-01,1999-01-01,1999-01-01,2020-12-17,2020-12-09,2020-12-07,2020-12-14,2020-12-08,2020-12-04,1999-01-01,1999-01-01,1999-01-01,1999-01-01,1999-01-01,1999-01-01,0,1,0,1,0,1,0,0,0,1,1,0,0,0,0,0,0,1,1,0,0,0,0,0,0,0,0,0,1,0,,,,,,n2n,n2p,,,Life.BearRecovery,Life.BearEnd,Life.BullStart,Life.BullRetrace,Life.Bull,,
2020-12-21,0.32348,,,,,0.31263,0.30231,0.29538,0.29218,0.01014,0.00814,-0.00224,0.01725,0.01329,-0.00517,0.02045,0.01601,-0.00571,0.00787,0.00515,0.00272,0.32064,0.31204,0.0086,0.00729,0.00724,4e-05,,,2.94,-13.81,3.48,-2.69,3.81,-3.67,3.46,-10.37,8.0,25.0,10.0,9.0,9.0,12.0,18.0,27.0,-0.0,-0.005,0.00321,-0.00464,0.69231,40.90909,,,,,44.44444,55.55556,,,66.66667,66.97531,43.14728,43.36885,,,0.02157,0.02426,,,1,1,1,,0.15,,,,,,,0.32,0.0,0.0,0.319,0.253,0.0,2020-12-04,1999-01-01,1999-01-01,2020-12-10,2020-10-30,1999-01-01,1.4,-0.31,26.48,,,,7.0,4.0,25.0,0.0,0.0,0.0,0.0,-0.0,1.0,0.0,0.0,0.0,0.33,0.325,0.32,0.31,0.305,0.315,2020-12-17,2020-12-10,2020-12-07,2020-12-14,2020-12-08,2020-12-04,0.0,0.0,0.0,100.0,100.0,100.0,1999-01-01,1999-01-01,1999-01-01,1999-01-01,1999-01-01,1999-01-01,4615400.0,3744400.0,3119300.0,-2.72,-13.2,-44.42,0.008,0.0,0.0,-0.001,100.0,100.0,0.00718,0.0,0.0,-0.00132,100.0,100.0,0.0,0.0,0.0,100.0,100.0,100.0,66.667,42.857,52.0,22.222,40.0,48.0,0.0,0.0,0.0,100.0,100.0,100.0,2020-12-17,1999-01-01,1999-01-01,2020-11-03,1999-01-01,1999-01-01,8021,0,0,7977,0,0,1999-01-01,1999-01-01,1999-01-01,1999-01-01,1999-01-01,1999-01-01,2020-12-17,2020-12-09,2020-12-07,2020-12-14,2020-12-08,2020-12-04,1999-01-01,1999-01-01,1999-01-01,1999-01-01,1999-01-01,1999-01-01,0,1,0,1,0,1,0,0,0,1,1,0,0,0,0,0,0,1,1,0,0,0,0,0,0,0,0,0,1,0,,,,,n2n,n2p,,,,Life.BearRecovery,Life.BearEnd,Life.BullStart,Life.BullRetrace,Life.Bull,,
2020-12-22,0.32485,,,,,0.31281,0.30281,0.29577,0.2924,0.01041,0.00861,-0.00248,0.01704,0.01367,-0.00532,0.02041,0.0166,-0.00597,0.00799,0.00506,0.00293,0.31977,0.31226,0.00751,0.00709,0.00721,-0.00012,,,2.51,-13.81,3.48,-2.69,3.81,-3.67,3.46,-10.37,7.0,25.0,10.0,9.0,9.0,12.0,18.0,27.0,-0.0,-0.005,0.00321,-0.00393,0.81818,45.0,,,,,33.33333,44.44444,,,50.0,62.5,42.91272,43.14475,,,0.0211,0.024,,,1,1,1,,0.15,,,,,,,0.32,0.0,0.0,0.319,0.253,0.0,2020-12-04,1999-01-01,1999-01-01,2020-12-10,2020-10-30,1999-01-01,1.83,-0.31,26.48,,,,8.0,4.0,25.0,0.0,0.0,0.0,0.0,-0.0,1.0,0.0,0.0,0.0,0.33,0.325,0.32,0.31,0.305,0.315,2020-12-17,2020-12-10,2020-12-07,2020-12-14,2020-12-08,2020-12-04,0.0,0.0,0.0,100.0,100.0,100.0,1999-01-01,1999-01-01,1999-01-01,1999-01-01,1999-01-01,1999-01-01,3744400.0,3119300.0,3003600.0,-13.2,-44.42,-14.04,0.008,0.0,0.0,-0.001,100.0,100.0,0.00718,0.0,0.0,-0.00132,100.0,100.0,0.0,0.0,0.0,100.0,100.0,100.0,66.667,42.857,52.0,22.222,40.0,48.0,0.0,0.0,0.0,100.0,100.0,100.0,2020-12-17,1999-01-01,1999-01-01,2020-11-03,1999-01-01,1999-01-01,8021,0,0,7977,0,0,1999-01-01,1999-01-01,1999-01-01,1999-01-01,1999-01-01,1999-01-01,2020-12-17,2020-12-09,2020-12-07,2020-12-14,2020-12-08,2020-12-04,1999-01-01,1999-01-01,1999-01-01,1999-01-01,1999-01-01,1999-01-01,0,1,0,1,0,1,0,0,0,1,1,0,0,0,0,0,0,1,1,0,0,0,0,0,0,0,0,0,1,0,,,,,n2p,,,,,Life.BearRecovery,Life.BearEnd,Life.BullStart,Life.BullRetrace,Life.Bull,,
2020-12-23,0.32661,,,0.315,,0.31298,0.30329,0.29615,0.29263,0.01066,0.00905,-0.00271,0.01683,0.01399,-0.00543,0.02035,0.01713,-0.00619,0.00807,0.00494,0.00313,0.31904,0.31246,0.00657,0.00685,0.00714,-0.00029,,,1.96,-13.81,3.48,-2.69,3.81,-3.67,3.46,-10.37,6.0,25.0,10.0,9.0,9.0,12.0,18.0,27.0,0.0,0.0,0.00321,-0.00393,0.81818,45.0,,,,,33.33333,37.03704,33.333,,38.88889,51.85185,42.67501,42.91167,,,0.02066,0.02374,,,1,1,1,,0.15,,,,,,,0.32,0.0,0.0,0.319,0.253,0.0,2020-12-04,1999-01-01,1999-01-01,2020-12-10,2020-10-30,1999-01-01,2.39,-0.31,26.48,,,,9.0,4.0,25.0,0.0,0.0,0.0,0.0,-0.0,1.0,0.0,0.0,0.0,0.33,0.325,0.32,0.315,0.31,0.305,2020-12-17,2020-12-10,2020-12-07,2020-12-23,2020-12-14,2020-12-08,0.0,0.0,0.0,100.0,100.0,100.0,1999-01-01,1999-01-01,1999-01-01,1999-01-01,1999-01-01,1999-01-01,3119300.0,3003600.0,2482800.0,-44.42,-14.04,-12.79,0.008,0.0,0.0,-0.001,100.0,100.0,0.00718,0.0,0.0,-0.00132,100.0,100.0,0.0,0.0,0.0,100.0,100.0,100.0,66.667,42.857,52.0,33.333,22.222,40.0,0.0,0.0,0.0,100.0,100.0,100.0,2020-12-17,1999-01-01,1999-01-01,2020-11-03,1999-01-01,1999-01-01,8021,0,0,7977,0,0,1999-01-01,1999-01-01,1999-01-01,1999-01-01,1999-01-01,1999-01-01,2020-12-17,2020-12-09,2020-12-07,2020-12-23,2020-12-14,2020-12-08,1999-01-01,1999-01-01,1999-01-01,1999-01-01,1999-01-01,1999-01-01,0,1,0,1,0,1,0,1,0,1,1,0,0,0,0,0,0,1,0,0,0,0,0,0,0,0,0,0,1,0,,,,,,,,,,Life.BearRecovery,Life.BearEnd,Life.BullStart,Life.BullRetrace,Life.Bull,,
2020-12-24,0.32861,,,,,0.3139,0.30414,0.29672,0.29295,0.01119,0.00947,-0.00291,0.01718,0.01426,-0.00549,0.02095,0.01759,-0.00636,0.00812,0.00479,0.00333,0.31995,0.31339,0.00656,0.00657,0.00703,-0.00045,,,1.34,-13.81,3.48,-2.69,3.81,-3.67,3.46,-10.37,5.0,25.0,10.0,9.0,9.0,12.0,18.0,27.0,0.01,0.0,0.00393,-0.00321,1.22222,55.0,,,,,55.55556,40.74074,,55.556,48.88889,45.92593,42.43441,42.67404,,,0.02026,0.02349,,,1,1,1,,0.15,,,,,,,0.32,0.0,0.0,0.319,0.253,0.0,2020-12-04,1999-01-01,1999-01-01,2020-12-10,2020-10-30,1999-01-01,3.01,-0.31,26.48,,,,10.0,4.0,25.0,0.0,0.0,0.0,0.0,-0.0,1.0,0.0,0.0,0.0,0.33,0.325,0.32,0.315,0.31,0.305,2020-12-17,2020-12-10,2020-12-07,2020-12-23,2020-12-14,2020-12-08,0.0,0.0,0.0,100.0,100.0,100.0,1999-01-01,1999-01-01,1999-01-01,1999-01-01,1999-01-01,1999-01-01,3003600.0,2482800.0,4457000.0,-14.04,-12.79,15.54,0.008,0.0,0.0,-0.001,100.0,100.0,0.00718,0.0,0.0,-0.00132,100.0,100.0,0.0,0.0,0.0,100.0,100.0,100.0,55.556,66.667,42.857,33.333,22.222,40.0,0.0,0.0,0.0,100.0,100.0,100.0,2020-12-17,1999-01-01,1999-01-01,2020-11-03,1999-01-01,1999-01-01,8021,0,0,7977,0,0,1999-01-01,1999-01-01,1999-01-01,1999-01-01,1999-01-01,1999-01-01,2020-12-24,2020-12-17,2020-12-09,2020-12-23,2020-12-14,2020-12-08,1999-01-01,1999-01-01,1999-01-01,1999-01-01,1999-01-01,1999-01-01,0,1,0,1,0,1,0,1,0,1,1,0,0,0,0,0,0,0,0,0,0,0,0,0,0,0,0,0,1,0,,,,,,,,,,Life.BearRecovery,Life.BearEnd,Life.BullStart,Life.BullRetrace,Life.Bull,,
2020-12-28,0.33063,,,,0.335,0.31553,0.30535,0.29748,0.29337,0.01198,0.00985,-0.00309,0.01805,0.01448,-0.00551,0.02216,0.01799,-0.00648,0.00814,0.00462,0.00351,0.32227,0.31499,0.00728,0.00627,0.00687,-0.00061,,,0.72,-13.81,3.48,-2.69,3.81,-3.67,3.46,-10.37,3.0,25.0,10.0,9.0,9.0,12.0,18.0,27.0,0.01,0.0,0.00429,-0.00321,1.33333,57.14286,,,,,53.84615,47.57835,,,54.44444,47.40741,42.18991,42.43311,,,0.02202,0.02323,,,1,1,1,,0.15,,,,,,,0.32,0.0,0.0,0.319,0.253,0.0,2020-12-04,1999-01-01,1999-01-01,2020-12-10,2020-10-30,1999-01-01,3.65,-0.31,26.48,,,,11.0,4.0,25.0,0.0,0.0,0.0,0.0,-0.0,1.0,0.0,0.0,0.0,0.335,0.33,0.325,0.315,0.31,0.305,2020-12-28,2020-12-17,2020-12-10,2020-12-23,2020-12-14,2020-12-08,0.0,0.0,0.0,100.0,100.0,100.0,1999-01-01,1999-01-01,1999-01-01,1999-01-01,1999-01-01,1999-01-01,2482800.0,4457000.0,61978600.0,-12.79,15.54,593.11,0.008,0.0,0.0,-0.001,100.0,100.0,0.00718,0.0,0.0,-0.00132,100.0,100.0,0.0,0.0,0.0,100.0,100.0,100.0,55.556,66.667,42.857,33.333,22.222,40.0,0.0,0.0,0.0,100.0,100.0,100.0,2020-12-17,1999-01-01,1999-01-01,2020-11-03,1999-01-01,1999-01-01,8021,0,0,7977,0,0,1999-01-01,1999-01-01,1999-01-01,1999-01-01,1999-01-01,1999-01-01,2020-12-24,2020-12-17,2020-12-09,2020-12-23,2020-12-14,2020-12-08,1999-01-01,1999-01-01,1999-01-01,1999-01-01,1999-01-01,1999-01-01,0,1,0,1,0,1,0,1,0,1,1,0,0,0,0,0,0,0,0,0,0,0,0,0,0,0,0,0,1,0,,61978600,,,,,,,p2p,Life.BearRecovery,Life.BearEnd,Life.BullStart,Life.BullRetrace,Life.Bull,,
2020-12-29,0.33234,,,0.33,,0.31664,0.30632,0.29812,0.29373,0.01258,0.01021,-0.00324,0.01852,0.01463,-0.00549,0.02291,0.01832,-0.00655,0.00812,0.00443,0.00369,0.32346,0.3161,0.00735,0.00593,0.00668,-0.00076,,,0.2,-13.81,3.48,-2.69,3.81,-3.67,3.46,-10.37,2.0,25.0,10.0,9.0,9.0,12.0,18.0,27.0,-0.0,-0.005,0.00429,-0.0025,1.71429,63.15789,50.63045,,,,46.15385,51.85185,46.154,,57.22222,53.51852,41.94138,42.18857,,,0.02188,0.02297,,,1,1,1,,0.15,,,,,,,0.32,0.0,0.0,0.319,0.253,0.0,2020-12-04,1999-01-01,1999-01-01,2020-12-10,2020-10-30,1999-01-01,4.18,-0.31,26.48,,,,12.0,4.0,25.0,0.0,0.0,0.0,0.0,-0.0,1.0,0.0,0.0,0.0,0.335,0.33,0.325,0.33,0.315,0.31,2020-12-28,2020-12-17,2020-12-10,2020-12-29,2020-12-23,2020-12-14,0.0,0.0,0.0,100.0,100.0,100.0,1999-01-01,1999-01-01,1999-01-01,1999-01-01,1999-01-01,1999-01-01,4457000.0,61978600.0,12576200.0,15.54,593.11,14.65,0.008,0.0,0.0,-0.001,100.0,100.0,0.00718,0.0,0.0,-0.00132,100.0,100.0,0.0,0.0,0.0,100.0,100.0,100.0,55.556,66.667,42.857,46.154,33.333,22.222,0.0,0.0,0.0,100.0,100.0,100.0,2020-12-17,1999-01-01,1999-01-01,2020-11-03,1999-01-01,1999-01-01,8021,0,0,7977,0,0,1999-01-01,1999-01-01,1999-01-01,1999-01-01,1999-01-01,1999-01-01,2020-12-24,2020-12-17,2020-12-09,2020-12-29,2020-12-23,2020-12-14,1999-01-01,1999-01-01,1999-01-01,1999-01-01,1999-01-01,1999-01-01,0,1,0,1,0,1,0,1,0,1,1,0,0,0,0,0,0,0,0,1,0,0,0,0,0,0,0,0,1,0,,,,,,,,p2p,,Life.BearRecovery,Life.BearEnd,Life.BullStart,Life.BullRetrace,Life.Bull,,
2020-12-30,0.33324,,,,,0.31921,0.30803,0.29915,0.29429,0.01374,0.01052,-0.00337,0.02006,0.01474,-0.00544,0.02491,0.01859,-0.00657,0.00807,0.00422,0.00385,0.32754,0.31862,0.00893,0.00556,0.00646,-0.0009,,,-0.07,-13.81,3.48,-2.69,3.81,-3.67,3.46,-10.37,1.0,25.0,10.0,9.0,9.0,12.0,18.0,27.0,0.02,0.0,0.00464,-0.0025,1.85714,65.0,50.01853,,,,75.0,58.33333,,75.0,54.79798,55.48822,41.68924,41.94018,,,0.02246,0.02271,,,1,1,1,,0.15,,,,,,,0.32,0.0,0.0,0.319,0.253,0.0,2020-12-04,1999-01-01,1999-01-01,2020-12-10,2020-10-30,1999-01-01,4.46,-0.31,26.48,,,,13.0,4.0,25.0,0.0,0.0,0.0,0.0,-0.0,1.0,0.0,0.0,0.0,0.335,0.33,0.325,0.33,0.315,0.31,2020-12-28,2020-12-17,2020-12-10,2020-12-29,2020-12-23,2020-12-14,0.0,0.0,0.0,100.0,100.0,100.0,1999-01-01,1999-01-01,1999-01-01,1999-01-01,1999-01-01,1999-01-01,61978600.0,12576200.0,21194600.0,593.11,14.65,21.18,0.008,0.0,0.0,-0.001,100.0,100.0,0.00718,0.0,0.0,-0.00132,100.0,100.0,0.0,0.0,0.0,100.0,100.0,100.0,75.0,55.556,66.667,46.154,33.333,22.222,0.0,0.0,0.0,100.0,100.0,100.0,2020-12-17,1999-01-01,1999-01-01,2020-11-03,1999-01-01,1999-01-01,8021,0,0,7977,0,0,1999-01-01,1999-01-01,1999-01-01,1999-01-01,1999-01-01,1999-01-01,2020-12-30,2020-12-24,2020-12-17,2020-12-29,2020-12-23,2020-12-14,1999-01-01,1999-01-01,1999-01-01,1999-01-01,1999-01-01,1999-01-01,0,1,0,1,0,1,0,1,0,1,1,0,0,0,0,0,0,1,0,1,0,0,0,0,0,0,0,0,1,0,,,,,,,p2p,,,Life.BearRecovery,Life.BearEnd,Life.BullStart,Life.BullRetrace,Life.Bull,,
2020-12-31,0.33296,,0.333,,0.35,0.32158,0.30968,0.30016,0.29485,0.01483,0.01081,-0.00346,0.02142,0.01479,-0.00534,0.02673,0.01879,-0.00654,0.00798,0.00398,0.004,0.331,0.32094,0.01006,0.00517,0.0062,-0.00103,,,-13.8,3.48,-2.69,3.81,-3.67,3.46,-10.37,1.12,25.0,10.0,9.0,9.0,12.0,18.0,27.0,8.0,0.0,0.0,0.00429,-0.0025,1.71429,63.15789,49.40643,,,,64.28571,61.81319,,,58.64413,56.88811,41.43453,41.68838,,,0.023,0.02245,,,1,1,1,,0.15,,,,,,,0.333,0.32,0.0,0.319,0.253,0.0,2020-12-31,2020-12-04,1999-01-01,2020-12-10,2020-10-30,1999-01-01,0.0,4.39,-0.31,26.48,,,0.0,14.0,4.0,25.0,0.0,0.0,0.0,0.0,-0.0,1.0,0.0,0.0,0.35,0.335,0.33,0.33,0.315,0.31,2020-12-31,2020-12-28,2020-12-17,2020-12-29,2020-12-23,2020-12-14,0.0,0.0,0.0,100.0,100.0,100.0,1999-01-01,1999-01-01,1999-01-01,1999-01-01,1999-01-01,1999-01-01,12576200.0,21194600.0,34081000.0,14.65,21.18,-29.14,0.008,0.0,0.0,-0.001,100.0,100.0,0.00718,0.0,0.0,-0.00132,100.0,100.0,0.0,0.0,0.0,100.0,100.0,100.0,75.0,55.556,66.667,46.154,33.333,22.222,0.0,0.0,0.0,100.0,100.0,100.0,2020-12-17,1999-01-01,1999-01-01,2020-11-03,1999-01-01,1999-01-01,8021,0,0,7977,0,0,1999-01-01,1999-01-01,1999-01-01,1999-01-01,1999-01-01,1999-01-01,2020-12-30,2020-12-24,2020-12-17,2020-12-29,2020-12-23,2020-12-14,1999-01-01,1999-01-01,1999-01-01,1999-01-01,1999-01-01,1999-01-01,0,1,0,1,0,1,0,1,0,1,1,0,0,0,0,0,0,1,0,1,0,0,0,0,0,0,0,0,1,0,,,34081000,,,p2p,,,p2n,Life.BearRecovery,Life.BearEnd,Life.BullStart,Life.BullRetrace,Life.Bull,,
2021-01-04,0.33142,,,,,0.32261,0.31067,0.30085,0.29525,0.01542,0.01106,-0.00353,0.02176,0.01479,-0.00519,0.02736,0.01893,-0.00645,0.00787,0.00373,0.00414,0.33161,0.32198,0.00963,0.00475,0.00591,-0.00116,,,-13.4,3.48,-2.69,3.81,-3.67,3.46,-10.37,1.12,23.0,10.0,9.0,9.0,12.0,18.0,27.0,8.0,-0.0,-0.015,0.00429,-0.00321,1.33333,57.14286,48.80055,,,,42.85714,60.71429,,,53.84615,55.76276,41.17928,41.43435,,,0.02278,0.02218,,,1,1,0,,,0.15,,,,,,0.333,0.32,0.0,0.319,0.253,0.0,2020-12-31,2020-12-04,1999-01-01,2020-12-10,2020-10-30,1999-01-01,-0.47,4.39,-0.31,26.48,,,1.0,14.0,4.0,25.0,0.0,0.0,-0.0,0.0,-0.0,1.0,0.0,0.0,0.35,0.335,0.33,0.33,0.315,0.31,2020-12-31,2020-12-28,2020-12-17,2020-12-29,2020-12-23,2020-12-14,0.0,0.0,0.0,100.0,100.0,100.0,1999-01-01,1999-01-01,1999-01-01,1999-01-01,1999-01-01,1999-01-01,21194600.0,34081000.0,6139900.0,21.18,-29.14,-9.49,0.008,0.0,0.0,-0.001,100.0,100.0,0.00718,0.0,0.0,-0.00132,100.0,100.0,0.0,0.0,0.0,100.0,100.0,100.0,75.0,55.556,66.667,46.154,33.333,22.222,0.0,0.0,0.0,100.0,100.0,100.0,2020-12-17,1999-01-01,1999-01-01,2020-11-03,1999-01-01,1999-01-01,8021,0,0,7977,0,0,1999-01-01,1999-01-01,1999-01-01,1999-01-01,1999-01-01,1999-01-01,2020-12-30,2020-12-24,2020-12-17,2020-12-29,2020-12-23,2020-12-14,1999-01-01,1999-01-01,1999-01-01,1999-01-01,1999-01-01,1999-01-01,0,1,0,1,0,1,0,1,0,1,1,0,0,0,0,0,0,1,0,1,0,0,0,0,0,0,0,0,1,0,,,,,p2p,,,p2n,,Life.BearEnd,Life.BullStart,Life.BullRetrace,Life.Bull,Life.BullRetrace,,
2021-01-05,0.32876,,,,,0.32356,0.31162,0.30152,0.29564,0.01598,0.01127,-0.00357,0.02204,0.01474,-0.005,0.02792,0.019,-0.00631,0.00773,0.00347,0.00426,0.33213,0.32295,0.00919,0.00432,0.00559,-0.00127,,,-12.7,3.48,-2.69,3.81,-3.67,3.46,-10.37,1.12,22.0,10.0,9.0,9.0,12.0,18.0,27.0,8.0,0.0,0.0,0.00429,-0.0025,1.71429,63.15789,48.20767,,,,42.85714,50.0,,,36.2704,49.58689,40.92621,41.18001,,,0.02223,0.02192,,,1,1,0,,,0.15,,,,,,0.333,0.32,0.0,0.319,0.253,0.0,2020-12-31,2020-12-04,1999-01-01,2020-12-10,2020-10-30,1999-01-01,-1.27,4.39,-0.31,26.48,,,2.0,14.0,4.0,25.0,0.0,0.0,-1.0,0.0,-0.0,1.0,0.0,0.0,0.35,0.335,0.33,0.33,0.315,0.31,2020-12-31,2020-12-28,2020-12-17,2020-12-29,2020-12-23,2020-12-14,0.0,0.0,0.0,100.0,100.0,100.0,1999-01-01,1999-01-01,1999-01-01,1999-01-01,1999-01-01,1999-01-01,34081000.0,6139900.0,6886400.0,-29.14,-9.49,-23.3,0.008,0.0,0.0,-0.001,100.0,100.0,0.00718,0.0,0.0,-0.00132,100.0,100.0,0.0,0.0,0.0,100.0,100.0,100.0,75.0,55.556,66.667,46.154,33.333,22.222,0.0,0.0,0.0,100.0,100.0,100.0,2020-12-17,1999-01-01,1999-01-01,2020-11-03,1999-01-01,1999-01-01,8021,0,0,7977,0,0,1999-01-01,1999-01-01,1999-01-01,1999-01-01,1999-01-01,1999-01-01,2020-12-30,2020-12-24,2020-12-17,2020-12-29,2020-12-23,2020-12-14,1999-01-01,1999-01-01,1999-01-01,1999-01-01,1999-01-01,1999-01-01,0,1,0,1,0,1,0,1,0,1,1,0,0,0,0,0,0,1,0,1,0,0,0,0,0,0,0,0,1,0,,,,,,,p2n,,,Life.BearEnd,Life.BullStart,Life.BullRetrace,Life.Bull,Life.BullRetrace,,
2021-01-06,0.32529,,,,,0.32406,0.31234,0.30209,0.29598,0.01636,0.01145,-0.00357,0.02197,0.01464,-0.00478,0.02807,0.01902,-0.00612,0.00757,0.0032,0.00437,0.33181,0.32347,0.00834,0.00388,0.00525,-0.00137,,,-11.77,3.48,-2.69,3.81,-3.67,3.46,-10.37,1.12,21.0,10.0,9.0,9.0,12.0,18.0,27.0,8.0,-0.0,-0.005,0.00357,-0.00286,1.25,55.55556,47.63457,,,,35.71429,40.47619,,,19.09091,36.40249,40.67832,40.92794,,,0.02278,0.02165,,,1,1,0,,,0.15,,,,,,0.333,0.32,0.0,0.319,0.253,0.0,2020-12-31,2020-12-04,1999-01-01,2020-12-10,2020-10-30,1999-01-01,-2.32,4.39,-0.31,26.48,,,3.0,14.0,4.0,25.0,0.0,0.0,-1.0,0.0,-0.0,1.0,0.0,0.0,0.35,0.335,0.33,0.33,0.315,0.31,2020-12-31,2020-12-28,2020-12-17,2020-12-29,2020-12-23,2020-12-14,0.0,0.0,0.0,100.0,100.0,100.0,1999-01-01,1999-01-01,1999-01-01,1999-01-01,1999-01-01,1999-01-01,6139900.0,6886400.0,19361500.0,-9.49,-23.3,-31.25,0.008,0.0,0.0,-0.001,100.0,100.0,0.00718,0.0,0.0,-0.00132,100.0,100.0,0.0,0.0,0.0,100.0,100.0,100.0,75.0,55.556,66.667,46.154,33.333,22.222,0.0,0.0,0.0,100.0,100.0,100.0,2020-12-17,1999-01-01,1999-01-01,2020-11-03,1999-01-01,1999-01-01,8021,0,0,7977,0,0,1999-01-01,1999-01-01,1999-01-01,1999-01-01,1999-01-01,1999-01-01,2020-12-30,2020-12-24,2020-12-17,2020-12-29,2020-12-23,2020-12-14,1999-01-01,1999-01-01,1999-01-01,1999-01-01,1999-01-01,1999-01-01,0,1,0,1,0,1,0,1,0,1,1,0,0,0,0,0,0,1,0,1,0,0,0,0,0,0,0,0,1,0,,,,,,p2n,,,,Life.BearEnd,Life.BullStart,Life.BullRetrace,Life.Bull,Life.BullRetrace,,
2021-01-07,0.32144,,,,,0.32374,0.31264,0.30244,0.29622,0.01642,0.01159,-0.00355,0.0213,0.0145,-0.0045,0.02752,0.01897,-0.00588,0.00738,0.00291,0.00447,0.32999,0.32321,0.00678,0.00343,0.00489,-0.00146,,,-10.71,3.48,-2.69,3.81,-3.67,3.46,-10.37,1.12,20.0,10.0,9.0,9.0,12.0,18.0,27.0,8.0,-0.0,-0.01,0.00286,-0.00357,0.8,44.44444,47.08646,,,,21.42857,33.33333,,,12.77778,22.71303,40.43822,40.68092,,,0.02223,0.02139,,,0,1,0,,,,0.15,,,,,0.333,0.32,0.0,0.319,0.253,0.0,2020-12-31,2020-12-04,1999-01-01,2020-12-10,2020-10-30,1999-01-01,-3.47,4.39,-0.31,26.48,,,4.0,14.0,4.0,25.0,0.0,0.0,-1.0,0.0,-0.0,1.0,0.0,0.0,0.35,0.335,0.33,0.33,0.315,0.31,2020-12-31,2020-12-28,2020-12-17,2020-12-29,2020-12-23,2020-12-14,0.0,0.0,0.0,100.0,100.0,100.0,1999-01-01,1999-01-01,1999-01-01,1999-01-01,1999-01-01,1999-01-01,6886400.0,19361500.0,5223000.0,-23.3,-31.25,-2.83,0.008,0.0,0.0,-0.001,100.0,100.0,0.00718,0.0,0.0,-0.00132,100.0,100.0,0.0,0.0,0.0,100.0,100.0,100.0,75.0,55.556,66.667,46.154,33.333,22.222,0.0,0.0,0.0,100.0,100.0,100.0,2020-12-17,1999-01-01,1999-01-01,2020-11-03,1999-01-01,1999-01-01,8021,0,0,7977,0,0,1999-01-01,1999-01-01,1999-01-01,1999-01-01,1999-01-01,1999-01-01,2020-12-30,2020-12-24,2020-12-17,2020-12-29,2020-12-23,2020-12-14,1999-01-01,1999-01-01,1999-01-01,1999-01-01,1999-01-01,1999-01-01,0,1,0,1,0,1,0,1,0,1,1,0,0,0,0,0,0,1,0,1,0,0,0,0,0,0,0,0,1,0,,,,,p2n,,,,,Life.BullStart,Life.BullRetrace,Life.Bull,Life.BullRetrace,Life.BullEnd,,
2021-01-08,0.31771,,,,,0.3223,0.31234,0.30249,0.29631,0.01603,0.0117,-0.0035,0.01981,0.01432,-0.00418,0.02599,0.01887,-0.00559,0.00717,0.00262,0.00456,0.32614,0.32186,0.00428,0.00297,0.0045,-0.00153,,,-9.66,3.48,-2.69,3.81,-3.67,3.46,-10.37,1.12,19.0,10.0,9.0,9.0,12.0,18.0,27.0,8.0,-0.0,-0.015,0.00286,-0.00464,0.61538,38.09524,46.56697,,,,0.0,19.04762,0.0,,6.11111,12.65993,40.20813,40.44156,,,0.02243,0.02112,,,0,1,0,,,,0.15,,,,,0.333,0.32,0.0,0.319,0.253,0.0,2020-12-31,2020-12-04,1999-01-01,2020-12-10,2020-10-30,1999-01-01,-4.59,4.39,-0.31,26.48,,,5.0,14.0,4.0,25.0,0.0,0.0,-1.0,0.0,-0.0,1.0,0.0,0.0,0.35,0.335,0.33,0.33,0.315,0.31,2020-12-31,2020-12-28,2020-12-17,2020-12-29,2020-12-23,2020-12-14,0.0,0.0,0.0,100.0,100.0,100.0,1999-01-01,1999-01-01,1999-01-01,1999-01-01,1999-01-01,1999-01-01,19361500.0,5223000.0,8673300.0,-31.25,-2.83,5.68,0.008,0.0,0.0,-0.001,100.0,100.0,0.00718,0.0,0.0,-0.00132,100.0,100.0,0.0,0.0,0.0,100.0,100.0,100.0,75.0,55.556,66.667,0.0,46.154,33.333,0.0,0.0,0.0,100.0,100.0,100.0,2020-12-17,1999-01-01,1999-01-01,2020-11-03,1999-01-01,1999-01-01,8021,0,0,7977,0,0,1999-01-01,1999-01-01,1999-01-01,1999-01-01,1999-01-01,1999-01-01,2020-12-30,2020-12-24,2020-12-17,2021-01-08,2020-12-29,2020-12-23,1999-01-01,1999-01-01,1999-01-01,1999-01-01,1999-01-01,1999-01-01,0,1,0,1,0,1,0,1,0,1,1,0,0,0,0,0,0,1,1,0,0,0,0,0,0,0,0,0,1,0,,,,,,,,,,Life.BullStart,Life.BullRetrace,Life.Bull,Life.BullRetrace,Life.BullEnd,,
2021-01-11,0.31447,,,0.295,,0.3202,0.31166,0.30234,0.2963,0.01537,0.01177,-0.00342,0.01786,0.01409,-0.00382,0.02391,0.01872,-0.00526,0.00695,0.00232,0.00462,0.32135,0.31987,0.00148,0.00251,0.0041,-0.00159,,,-8.73,3.48,-2.69,3.81,-3.67,3.46,-10.37,1.12,18.0,10.0,9.0,9.0,12.0,18.0,27.0,8.0,-0.0,-0.01,0.00286,-0.005,0.57143,36.36364,46.07799,,,,5.88235,9.10364,,,5.34188,8.07692,39.98884,40.21173,,,0.02225,0.02085,,,0,1,0,,,,0.15,,,,,0.333,0.32,0.0,0.319,0.253,0.0,2020-12-31,2020-12-04,1999-01-01,2020-12-10,2020-10-30,1999-01-01,-5.56,4.39,-0.31,26.48,,,6.0,14.0,4.0,25.0,0.0,0.0,-1.0,0.0,-0.0,1.0,0.0,0.0,0.35,0.335,0.33,0.295,0.33,0.315,2020-12-31,2020-12-28,2020-12-17,2021-01-11,2020-12-29,2020-12-23,0.0,0.0,0.0,100.0,100.0,100.0,1999-01-01,1999-01-01,1999-01-01,1999-01-01,1999-01-01,1999-01-01,5223000.0,8673300.0,5847000.0,-2.83,5.68,-40.64,0.008,0.0,0.0,-0.001,100.0,100.0,0.00718,0.0,0.0,-0.00132,100.0,100.0,0.0,0.0,0.0,100.0,100.0,100.0,75.0,55.556,66.667,0.0,46.154,33.333,0.0,0.0,0.0,100.0,100.0,100.0,2020-12-17,1999-01-01,1999-01-01,2020-11-03,1999-01-01,1999-01-01,8021,0,0,7977,0,0,1999-01-01,1999-01-01,1999-01-01,1999-01-01,1999-01-01,1999-01-01,2020-12-30,2020-12-24,2020-12-17,2021-01-08,2020-12-29,2020-12-23,1999-01-01,1999-01-01,1999-01-01,1999-01-01,1999-01-01,1999-01-01,0,1,0,1,0,1,1,0,0,1,1,0,0,0,0,0,0,1,1,0,0,0,0,0,0,0,0,0,1,0,,,-5847000,,,,,,p2n,Life.BullStart,Life.BullRetrace,Life.Bull,Life.BullRetrace,Life.BullEnd,,
2021-01-12,0.31195,,,,,0.3198,0.31179,0.30259,0.29648,0.01531,0.01181,-0.00333,0.01721,0.01384,-0.00345,0.02332,0.01851,-0.00489,0.00671,0.00203,0.00468,0.32038,0.31951,0.00086,0.00205,0.00369,-0.00164,,,-8.0,3.48,-2.69,3.81,-3.67,3.46,-10.37,1.12,17.0,10.0,9.0,9.0,12.0,18.0,27.0,8.0,0.02,0.0,0.00429,-0.00464,0.92308,48.0,45.6194,,,,33.33333,13.0719,,,16.84982,9.43427,39.77982,39.99226,,,0.02281,0.02059,,,0,1,0,,,,0.15,,,,,0.333,0.32,0.0,0.319,0.253,0.0,2020-12-31,2020-12-04,1999-01-01,2020-12-10,2020-10-30,1999-01-01,-6.32,4.39,-0.31,26.48,,,7.0,14.0,4.0,25.0,0.0,0.0,-1.0,0.0,-0.0,1.0,0.0,0.0,0.35,0.335,0.33,0.295,0.33,0.315,2020-12-31,2020-12-28,2020-12-17,2021-01-11,2020-12-29,2020-12-23,0.0,0.0,0.0,100.0,100.0,100.0,1999-01-01,1999-01-01,1999-01-01,1999-01-01,1999-01-01,1999-01-01,8673300.0,5847000.0,7403800.0,5.68,-40.64,11.05,0.008,0.0,0.0,-0.001,100.0,100.0,0.00718,0.0,0.0,-0.00132,100.0,100.0,0.0,0.0,0.0,100.0,100.0,100.0,75.0,55.556,66.667,0.0,46.154,33.333,0.0,0.0,0.0,100.0,100.0,100.0,2020-12-17,1999-01-01,1999-01-01,2020-11-03,1999-01-01,1999-01-01,8021,0,0,7977,0,0,1999-01-01,1999-01-01,1999-01-01,1999-01-01,1999-01-01,1999-01-01,2020-12-30,2020-12-24,2020-12-17,2021-01-08,2020-12-29,2020-12-23,1999-01-01,1999-01-01,1999-01-01,1999-01-01,1999-01-01,1999-01-01,0,1,0,1,0,1,1,0,0,1,1,0,0,0,0,0,0,1,1,0,0,0,0,0,0,0,0,0,1,0,7403800,,,,,,,p2n,n2p,Life.BullStart,Life.BullRetrace,Life.Bull,Life.BullRetrace,Life.BullEnd,,
2021-01-13,0.31021,,,,0.315,0.31943,0.31192,0.30284,0.29667,0.01525,0.01181,-0.00324,0.01659,0.01355,-0.00315,0.02277,0.01827,-0.00454,0.00645,0.00173,0.00472,0.31955,0.31918,0.00037,0.0016,0.00327,-0.00167,,,-7.48,3.48,-2.69,3.81,-3.67,3.46,-10.37,1.12,16.0,10.0,9.0,9.0,12.0,18.0,27.0,8.0,0.0,0.0,0.00429,-0.00429,1.0,50.0,45.19034,,,,33.33333,24.18301,,33.333,39.07204,20.42125,39.57963,39.78276,,,0.02225,0.02032,,,0,0,0,,,,0.15,,,,,0.333,0.32,0.0,0.319,0.253,0.0,2020-12-31,2020-12-04,1999-01-01,2020-12-10,2020-10-30,1999-01-01,-6.84,4.39,-0.31,26.48,,,8.0,14.0,4.0,25.0,0.0,0.0,-1.0,0.0,-0.0,1.0,0.0,0.0,0.315,0.35,0.335,0.295,0.33,0.315,2021-01-13,2020-12-31,2020-12-28,2021-01-11,2020-12-29,2020-12-23,0.0,0.0,0.0,100.0,100.0,100.0,1999-01-01,1999-01-01,1999-01-01,1999-01-01,1999-01-01,1999-01-01,5847000.0,7403800.0,4645100.0,-40.64,11.05,-18.37,0.008,0.0,0.0,-0.001,100.0,100.0,0.00718,0.0,0.0,-0.00132,100.0,100.0,0.0,0.0,0.0,100.0,100.0,100.0,33.333,75.0,55.556,0.0,46.154,33.333,0.0,0.0,0.0,100.0,100.0,100.0,2020-12-17,1999-01-01,1999-01-01,2020-11-03,1999-01-01,1999-01-01,8021,0,0,7977,0,0,1999-01-01,1999-01-01,1999-01-01,1999-01-01,1999-01-01,1999-01-01,2021-01-13,2020-12-30,2020-12-24,2021-01-08,2020-12-29,2020-12-23,1999-01-01,1999-01-01,1999-01-01,1999-01-01,1999-01-01,1999-01-01,0,1,0,1,1,0,1,0,0,1,1,0,0,0,0,0,1,0,1,0,0,0,0,0,0,0,0,0,1,0,,,,,,,p2n,n2p,,Life.BullStart,Life.BullRetrace,Life.Bull,Life.BullRetrace,Life.BullEnd,,
2021-01-14,0.30903,,,,,0.31871,0.31184,0.30298,0.2968,0.01504,0.01179,-0.00314,0.01572,0.01323,-0.00292,0.02191,0.01798,-0.0042,0.00619,0.00144,0.00475,0.31808,0.3185,-0.00042,0.00115,0.00285,-0.0017,,,-7.13,3.48,-2.69,3.81,-3.67,3.46,-10.37,1.12,15.0,10.0,9.0,9.0,12.0,18.0,27.0,8.0,-0.0,-0.005,0.00429,-0.00464,0.92308,48.0,44.79117,,,,27.77778,31.48148,,,55.02646,36.98277,39.38658,39.58201,,,0.02137,0.02006,,,0,0,0,,,,0.15,,,,,0.333,0.32,0.0,0.319,0.253,0.0,2020-12-31,2020-12-04,1999-01-01,2020-12-10,2020-10-30,1999-01-01,-7.2,4.39,-0.31,26.48,,,9.0,14.0,4.0,25.0,0.0,0.0,-1.0,0.0,-0.0,1.0,0.0,0.0,0.315,0.35,0.335,0.295,0.33,0.315,2021-01-13,2020-12-31,2020-12-28,2021-01-11,2020-12-29,2020-12-23,0.0,0.0,0.0,100.0,100.0,100.0,1999-01-01,1999-01-01,1999-01-01,1999-01-01,1999-01-01,1999-01-01,7403800.0,4645100.0,3696700.0,11.05,-18.37,-12.02,0.008,0.0,0.0,-0.001,100.0,100.0,0.00718,0.0,0.0,-0.00132,100.0,100.0,0.0,0.0,0.0,100.0,100.0,100.0,33.333,75.0,55.556,0.0,46.154,33.333,0.0,0.0,0.0,100.0,100.0,100.0,2020-12-17,1999-01-01,1999-01-01,2020-11-03,1999-01-01,1999-01-01,8021,0,0,7977,0,0,1999-01-01,1999-01-01,1999-01-01,1999-01-01,1999-01-01,1999-01-01,2021-01-13,2020-12-30,2020-12-24,2021-01-08,2020-12-29,2020-12-23,1999-01-01,1999-01-01,1999-01-01,1999-01-01,1999-01-01,1999-01-01,0,1,0,1,1,0,1,0,0,1,1,0,0,0,0,0,1,0,1,0,0,0,0,0,0,0,0,0,1,0,,,,,,p2n,n2p,,,Life.BullStart,Life.BullRetrace,Life.Bull,Life.BullRetrace,Life.BullEnd,,
2021-01-15,0.30814,,,,,0.31765,0.31158,0.30302,0.29688,0.01469,0.01174,-0.00303,0.01463,0.01288,-0.00271,0.02077,0.01765,-0.00382,0.00591,0.00115,0.00476,0.31607,0.3175,-0.00143,0.00072,0.00242,-0.00171,,,-6.86,3.48,-2.69,3.81,-3.67,3.46,-10.37,1.12,14.0,10.0,9.0,9.0,12.0,18.0,27.0,8.0,-0.0,-0.005,0.00357,-0.005,0.71429,41.66667,44.42361,,,,22.22222,27.77778,,,59.78836,51.29562,39.20064,39.38895,,,0.02056,0.01979,,,0,0,0,,,,0.15,,,,,0.333,0.32,0.0,0.319,0.253,0.0,2020-12-31,2020-12-04,1999-01-01,2020-12-10,2020-10-30,1999-01-01,-7.47,4.39,-0.31,26.48,,,10.0,14.0,4.0,25.0,0.0,0.0,-1.0,0.0,-0.0,1.0,0.0,0.0,0.315,0.35,0.335,0.295,0.33,0.315,2021-01-13,2020-12-31,2020-12-28,2021-01-11,2020-12-29,2020-12-23,0.0,0.0,0.0,100.0,100.0,100.0,1999-01-01,1999-01-01,1999-01-01,1999-01-01,1999-01-01,1999-01-01,4645100.0,3696700.0,2537400.0,-18.37,-12.02,-30.91,0.008,0.0,0.0,-0.001,100.0,100.0,0.00718,0.0,0.0,-0.00132,100.0,100.0,0.0,0.0,0.0,100.0,100.0,100.0,33.333,75.0,55.556,0.0,46.154,33.333,0.0,0.0,0.0,100.0,100.0,100.0,2020-12-17,1999-01-01,1999-01-01,2020-11-03,1999-01-01,1999-01-01,8021,0,0,7977,0,0,1999-01-01,1999-01-01,1999-01-01,1999-01-01,1999-01-01,1999-01-01,2021-01-13,2020-12-30,2020-12-24,2021-01-08,2020-12-29,2020-12-23,1999-01-01,1999-01-01,1999-01-01,1999-01-01,1999-01-01,1999-01-01,0,1,0,1,1,0,1,0,0,1,1,0,0,0,0,0,1,0,1,0,0,0,0,0,0,0,0,0,1,0,,,,,p2n,n2p,,,,Life.BullStart,Life.BullRetrace,Life.Bull,Life.BullRetrace,Life.BullEnd,,
2021-01-18,0.30727,,,0.305,,0.31668,0.31132,0.30306,0.29696,0.01436,0.01165,-0.00291,0.01362,0.01251,-0.0025,0.01972,0.01728,-0.00347,0.00563,0.00086,0.00477,0.31436,0.31657,-0.00221,0.00029,0.002,-0.0017,,,-6.6,3.48,-2.69,3.81,-3.67,3.46,-10.37,1.12,13.0,10.0,9.0,9.0,12.0,18.0,27.0,8.0,0.0,0.0,0.00286,-0.005,0.57143,36.36364,44.08847,,,,22.22222,24.07407,22.222,,56.61376,57.14286,39.0235,39.20357,,,0.02052,0.01953,,,0,0,0,,,,0.15,,,,,0.333,0.32,0.0,0.319,0.253,0.0,2020-12-31,2020-12-04,1999-01-01,2020-12-10,2020-10-30,1999-01-01,-7.73,4.39,-0.31,26.48,,,11.0,14.0,4.0,25.0,0.0,0.0,-1.0,0.0,-0.0,1.0,0.0,0.0,0.315,0.35,0.335,0.305,0.295,0.33,2021-01-13,2020-12-31,2020-12-28,2021-01-18,2021-01-11,2020-12-29,0.0,0.0,0.0,100.0,100.0,100.0,1999-01-01,1999-01-01,1999-01-01,1999-01-01,1999-01-01,1999-01-01,3696700.0,2537400.0,5523900.0,-12.02,-30.91,8.08,0.008,0.0,0.0,-0.001,100.0,100.0,0.00718,0.0,0.0,-0.00132,100.0,100.0,0.0,0.0,0.0,100.0,100.0,100.0,33.333,75.0,55.556,22.222,0.0,46.154,0.0,0.0,0.0,100.0,100.0,100.0,2020-12-17,1999-01-01,1999-01-01,2020-11-03,1999-01-01,1999-01-01,8021,0,0,7977,0,0,1999-01-01,1999-01-01,1999-01-01,1999-01-01,1999-01-01,1999-01-01,2021-01-13,2020-12-30,2020-12-24,2021-01-18,2021-01-08,2020-12-29,1999-01-01,1999-01-01,1999-01-01,1999-01-01,1999-01-01,1999-01-01,0,1,0,1,1,0,0,0,0,1,1,0,0,0,0,0,1,0,0,0,0,0,0,0,0,0,0,0,1,0,,,,,n2p,,,,,Life.BullStart,Life.BullRetrace,Life.Bull,Life.BullRetrace,Life.BullEnd,,
2021-01-19,0.30613,,,,0.315,0.31655,0.31146,0.3033,0.29714,0.01432,0.01154,-0.00278,0.01325,0.01212,-0.00229,0.01941,0.01689,-0.00314,0.00535,0.00058,0.00477,0.31446,0.31646,-0.00199,-0.00012,0.00158,-0.00169,,,-6.25,3.48,-2.69,3.81,-3.67,3.46,-10.37,1.12,12.0,10.0,9.0,9.0,12.0,18.0,27.0,8.0,0.01,0.0,0.00357,-0.00464,0.76923,43.47826,43.78617,,,,33.33333,25.92593,,33.333,60.31746,58.90653,38.85856,39.02757,,,0.02084,0.01926,,,0,0,0,,,,0.15,,,,,0.333,0.32,0.0,0.319,0.253,0.0,2020-12-31,2020-12-04,1999-01-01,2020-12-10,2020-10-30,1999-01-01,-8.07,4.39,-0.31,26.48,,,12.0,14.0,4.0,25.0,0.0,0.0,-1.0,0.0,-0.0,1.0,0.0,0.0,0.315,0.315,0.35,0.305,0.295,0.33,2021-01-19,2021-01-13,2020-12-31,2021-01-18,2021-01-11,2020-12-29,0.0,0.0,0.0,100.0,100.0,100.0,1999-01-01,1999-01-01,1999-01-01,1999-01-01,1999-01-01,1999-01-01,2537400.0,5523900.0,12202500.0,-30.91,8.08,72.34,0.008,0.0,0.0,-0.001,100.0,100.0,0.00718,0.0,0.0,-0.00132,100.0,100.0,0.0,0.0,0.0,100.0,100.0,100.0,33.333,33.333,75.0,22.222,0.0,46.154,0.0,0.0,0.0,100.0,100.0,100.0,2020-12-17,1999-01-01,1999-01-01,2020-11-03,1999-01-01,1999-01-01,8021,0,0,7977,0,0,1999-01-01,1999-01-01,1999-01-01,1999-01-01,1999-01-01,1999-01-01,2021-01-19,2021-01-13,2020-12-30,2021-01-18,2021-01-08,2020-12-29,1999-01-01,1999-01-01,1999-01-01,1999-01-01,1999-01-01,1999-01-01,0,1,0,1,1,0,0,0,0,1,1,0,0,0,0,0,1,0,0,0,0,0,0,0,0,0,0,0,1,0,,12202500,,,,,,,p2p,Life.BullStart,Life.BullRetrace,Life.Bull,Life.BullRetrace,Life.BullEnd,,
2021-01-20,0.30446,,,,,0.31566,0.31121,0.30333,0.29722,0.01399,0.0114,-0.00263,0.01233,0.0117,-0.00206,0.01844,0.01647,-0.00279,0.00506,0.0003,0.00476,0.31301,0.31561,-0.0026,-0.00051,0.00116,-0.00167,,,-5.73,3.48,-2.69,3.81,-3.67,3.46,-10.37,1.12,11.0,10.0,9.0,9.0,12.0,18.0,27.0,8.0,-0.0,-0.01,0.00214,-0.00536,0.4,28.57143,43.5175,,,,22.22222,25.92593,22.222,,52.38095,56.43739,38.71004,38.86404,,,0.02007,0.01899,,,0,0,0,,,,0.15,,,,,0.333,0.32,0.0,0.319,0.253,0.0,2020-12-31,2020-12-04,1999-01-01,2020-12-10,2020-10-30,1999-01-01,-8.57,4.39,-0.31,26.48,,,13.0,14.0,4.0,25.0,0.0,0.0,-1.0,0.0,-0.0,1.0,0.0,0.0,0.315,0.315,0.35,0.305,0.295,0.33,2021-01-19,2021-01-13,2020-12-31,2021-01-18,2021-01-11,2020-12-29,0.0,0.0,0.0,100.0,100.0,100.0,1999-01-01,1999-01-01,1999-01-01,1999-01-01,1999-01-01,1999-01-01,5523900.0,12202500.0,1434100.0,8.08,72.34,-5.44,0.008,0.0,0.0,-0.001,100.0,100.0,0.00718,0.0,0.0,-0.00132,100.0,100.0,0.0,0.0,0.0,100.0,100.0,100.0,33.333,33.333,75.0,22.222,22.222,0.0,0.0,0.0,0.0,100.0,100.0,100.0,2020-12-17,1999-01-01,1999-01-01,2020-11-03,1999-01-01,1999-01-01,8021,0,0,7977,0,0,1999-01-01,1999-01-01,1999-01-01,1999-01-01,1999-01-01,1999-01-01,2021-01-19,2021-01-13,2020-12-30,2021-01-20,2021-01-18,2021-01-08,1999-01-01,1999-01-01,1999-01-01,1999-01-01,1999-01-01,1999-01-01,0,1,0,1,1,0,0,0,0,1,1,0,0,0,0,0,1,0,0,1,0,0,0,0,0,0,0,0,1,0,,,-1434100,,,,,p2p,p2n,Life.BullStart,Life.BullRetrace,Life.Bull,Life.BullRetrace,Life.BullEnd,,
2021-01-21,0.30216,,,,,0.31484,0.31097,0.30336,0.2973,0.01367,0.01124,-0.00248,0.01148,0.01127,-0.00183,0.01754,0.01602,-0.00245,0.00478,3e-05,0.00475,0.31177,0.31482,-0.00305,-0.00089,0.00075,-0.00164,,,-5.02,3.48,-2.69,3.81,-3.67,3.46,-10.37,1.12,10.0,10.0,9.0,9.0,12.0,18.0,27.0,8.0,0.0,0.0,0.00214,-0.00536,0.4,28.57143,43.28349,,,,28.57143,28.04233,,,44.44444,52.38095,38.58255,38.71705,,,0.01899,0.01872,,,0,0,0,,,,0.15,,,,,0.333,0.32,0.0,0.319,0.253,0.0,2020-12-31,2020-12-04,1999-01-01,2020-12-10,2020-10-30,1999-01-01,-9.26,4.39,-0.31,26.48,,,14.0,14.0,4.0,25.0,0.0,0.0,-1.0,0.0,-0.0,1.0,0.0,0.0,0.315,0.315,0.35,0.305,0.295,0.33,2021-01-19,2021-01-13,2020-12-31,2021-01-18,2021-01-11,2020-12-29,0.0,0.0,0.0,100.0,100.0,100.0,1999-01-01,1999-01-01,1999-01-01,1999-01-01,1999-01-01,1999-01-01,12202500.0,1434100.0,2017300.0,72.34,-5.44,-18.3,0.008,0.0,0.0,-0.001,100.0,100.0,0.00718,0.0,0.0,-0.00132,100.0,100.0,0.0,0.0,0.0,100.0,100.0,100.0,33.333,33.333,75.0,22.222,22.222,0.0,0.0,0.0,0.0,100.0,100.0,100.0,2020-12-17,1999-01-01,1999-01-01,2020-11-03,1999-01-01,1999-01-01,8021,0,0,7977,0,0,1999-01-01,1999-01-01,1999-01-01,1999-01-01,1999-01-01,1999-01-01,2021-01-19,2021-01-13,2020-12-30,2021-01-20,2021-01-18,2021-01-08,1999-01-01,1999-01-01,1999-01-01,1999-01-01,1999-01-01,1999-01-01,0,1,0,1,1,0,0,0,0,1,1,0,0,0,0,0,1,0,0,1,0,0,0,0,0,0,0,0,1,0,,,,,,,p2p,p2n,,Life.BullStart,Life.BullRetrace,Life.Bull,Life.BullRetrace,Life.BullEnd,,
2021-01-22,0.29939,,,,,0.31408,0.31073,0.3034,0.29737,0.01336,0.01105,-0.00233,0.01069,0.01082,-0.0016,0.01671,0.01555,-0.00213,0.0045,-0.00023,0.00473,0.31073,0.31409,-0.00336,-0.00126,0.00035,-0.0016,,,-4.14,3.48,-2.69,3.81,-3.67,3.46,-10.37,1.12,9.0,10.0,9.0,9.0,12.0,18.0,27.0,8.0,0.0,0.0,0.00214,-0.00429,0.5,33.33333,43.08495,,,,28.57143,26.45503,,28.571,33.33333,43.38624,38.47989,38.59083,,,0.01835,0.01845,,,0,0,0,,,,0.15,,,,,0.333,0.32,0.0,0.319,0.253,0.0,2020-12-31,2020-12-04,1999-01-01,2020-12-10,2020-10-30,1999-01-01,-10.09,4.39,-0.31,26.48,,,15.0,14.0,4.0,25.0,0.0,0.0,-1.0,0.0,-0.0,1.0,0.0,0.0,0.315,0.315,0.35,0.305,0.295,0.33,2021-01-19,2021-01-13,2020-12-31,2021-01-18,2021-01-11,2020-12-29,0.0,0.0,0.0,100.0,100.0,100.0,1999-01-01,1999-01-01,1999-01-01,1999-01-01,1999-01-01,1999-01-01,1434100.0,2017300.0,2797200.0,-5.44,-18.3,-60.08,0.008,0.0,0.0,-0.001,100.0,100.0,0.00718,0.0,0.0,-0.00132,100.0,100.0,0.0,0.0,0.0,100.0,100.0,100.0,28.571,33.333,33.333,22.222,22.222,0.0,0.0,0.0,0.0,100.0,100.0,100.0,2020-12-17,1999-01-01,1999-01-01,2020-11-03,1999-01-01,1999-01-01,8021,0,0,7977,0,0,1999-01-01,1999-01-01,1999-01-01,1999-01-01,1999-01-01,1999-01-01,2021-01-22,2021-01-19,2021-01-13,2021-01-20,2021-01-18,2021-01-08,1999-01-01,1999-01-01,1999-01-01,1999-01-01,1999-01-01,1999-01-01,0,1,0,1,1,0,0,0,0,1,1,0,0,0,0,0,1,0,0,1,0,0,0,0,0,0,0,0,1,0,,,,2797200,,p2p,p2n,,n2n,Life.BullStart,Life.BullRetrace,Life.Bull,Life.BullRetrace,Life.BullEnd,,
2021-01-25,0.2964,,,,,0.31262,0.31011,0.30323,0.29735,0.01276,0.01085,-0.00216,0.00939,0.01036,-0.00137,0.01527,0.01506,-0.00181,0.00422,-0.00048,0.0047,0.30831,0.31268,-0.00437,-0.0016,-4e-05,-0.00156,,,-3.17,3.48,-2.69,3.81,-3.67,3.46,-10.37,1.12,8.0,10.0,9.0,9.0,12.0,18.0,27.0,8.0,-0.0,-0.01,0.00214,-0.005,0.42857,30.0,42.92263,,,,14.28571,23.80952,14.286,,26.98413,34.92063,38.40463,38.48902,,,0.01811,0.01818,,,0,0,0,,,,0.15,,,,,0.333,0.32,0.0,0.319,0.253,0.0,2020-12-31,2020-12-04,1999-01-01,2020-12-10,2020-10-30,1999-01-01,-10.99,4.39,-0.31,26.48,,,16.0,14.0,4.0,25.0,0.0,0.0,-1.0,0.0,-0.0,1.0,0.0,0.0,0.315,0.315,0.35,0.305,0.295,0.33,2021-01-19,2021-01-13,2020-12-31,2021-01-18,2021-01-11,2020-12-29,0.0,0.0,0.0,100.0,100.0,100.0,1999-01-01,1999-01-01,1999-01-01,1999-01-01,1999-01-01,1999-01-01,2017300.0,2797200.0,4002100.0,-18.3,-60.08,41.1,0.008,0.0,0.0,-0.001,100.0,100.0,0.00718,0.0,0.0,-0.00132,100.0,100.0,0.0,0.0,0.0,100.0,100.0,100.0,28.571,33.333,33.333,14.286,22.222,22.222,0.0,0.0,0.0,100.0,100.0,100.0,2020-12-17,1999-01-01,1999-01-01,2020-11-03,1999-01-01,1999-01-01,8021,0,0,7977,0,0,1999-01-01,1999-01-01,1999-01-01,1999-01-01,1999-01-01,1999-01-01,2021-01-22,2021-01-19,2021-01-13,2021-01-25,2021-01-20,2021-01-18,1999-01-01,1999-01-01,1999-01-01,1999-01-01,1999-01-01,1999-01-01,0,1,0,1,1,0,0,0,0,1,1,0,0,0,0,0,1,0,1,0,0,0,0,0,0,0,0,0,1,0,-4002100,,,,p2p,p2n,,n2n,n2p,Life.BullStart,Life.BullRetrace,Life.Bull,Life.BullRetrace,Life.BullEnd,,
2021-01-26,0.29343,,,,,0.31126,0.30952,0.30307,0.29733,0.0122,0.01062,-0.00198,0.00819,0.00989,-0.00113,0.01393,0.01456,-0.0015,0.00395,-0.00073,0.00467,0.30626,0.31137,-0.00511,-0.00192,-0.00042,-0.0015,,,-2.19,3.48,-2.69,3.81,-3.67,3.46,-10.37,1.12,7.0,10.0,9.0,9.0,12.0,18.0,27.0,8.0,0.0,0.0,0.00214,-0.00464,0.46154,31.57895,42.79724,,,,22.22222,21.69312,,22.222,22.53968,27.61905,38.35906,38.41453,,,0.01717,0.01791,,,0,0,0,,,,0.15,,,,,0.333,0.32,0.0,0.319,0.253,0.0,2020-12-31,2020-12-04,1999-01-01,2020-12-10,2020-10-30,1999-01-01,-11.88,4.39,-0.31,26.48,,,17.0,14.0,4.0,25.0,0.0,0.0,-1.0,0.0,-0.0,1.0,0.0,0.0,0.315,0.315,0.35,0.305,0.295,0.33,2021-01-19,2021-01-13,2020-12-31,2021-01-18,2021-01-11,2020-12-29,0.0,0.0,0.0,100.0,100.0,100.0,1999-01-01,1999-01-01,1999-01-01,1999-01-01,1999-01-01,1999-01-01,2797200.0,4002100.0,834400.0,-60.08,41.1,-13.42,0.008,0.0,0.0,-0.001,100.0,100.0,0.00718,0.0,0.0,-0.00132,100.0,100.0,0.0,0.0,0.0,100.0,100.0,100.0,22.222,28.571,33.333,14.286,22.222,22.222,0.0,0.0,0.0,100.0,100.0,100.0,2020-12-17,1999-01-01,1999-01-01,2020-11-03,1999-01-01,1999-01-01,8021,0,0,7977,0,0,1999-01-01,1999-01-01,1999-01-01,1999-01-01,1999-01-01,1999-01-01,2021-01-26,2021-01-22,2021-01-19,2021-01-25,2021-01-20,2021-01-18,1999-01-01,1999-01-01,1999-01-01,1999-01-01,1999-01-01,1999-01-01,0,1,0,1,1,0,0,0,0,1,1,0,0,0,0,0,1,0,1,0,0,0,0,0,0,0,0,0,1,0,,,834400,,p2n,,n2n,n2p,p2n,Life.BullStart,Life.BullRetrace,Life.Bull,Life.BullRetrace,Life.BullEnd,,
2021-01-27,0.2908,,,,,0.30963,0.30876,0.30281,0.29725,0.0115,0.01037,-0.0018,0.00682,0.00941,-0.00089,0.01237,0.01405,-0.00118,0.00368,-0.00097,0.00464,0.30376,0.30979,-0.00603,-0.00222,-0.00078,-0.00144,,,-1.31,3.48,-2.69,3.81,-3.67,3.46,-10.37,1.12,6.0,10.0,9.0,9.0,12.0,18.0,27.0,8.0,-0.0,-0.005,0.00214,-0.00429,0.5,33.33333,42.7092,,,,11.11111,15.87302,,,11.42857,20.31746,38.34537,38.36969,38.345,,0.01666,0.01763,,,0,0,0,,,0.15,,,,,,0.333,0.32,0.0,0.319,0.253,0.0,2020-12-31,2020-12-04,1999-01-01,2020-12-10,2020-10-30,1999-01-01,-12.67,4.39,-0.31,26.48,,,18.0,14.0,4.0,25.0,0.0,0.0,-1.0,0.0,-0.0,1.0,0.0,0.0,0.315,0.315,0.35,0.305,0.295,0.33,2021-01-19,2021-01-13,2020-12-31,2021-01-18,2021-01-11,2020-12-29,0.0,0.0,0.0,100.0,100.0,100.0,1999-01-01,1999-01-01,1999-01-01,1999-01-01,1999-01-01,1999-01-01,4002100.0,834400.0,1583200.0,41.1,-13.42,-15.9,0.008,0.0,0.0,-0.001,100.0,100.0,0.00718,0.0,0.0,-0.00132,100.0,100.0,0.0,0.0,0.0,38.345,100.0,100.0,22.222,28.571,33.333,14.286,22.222,22.222,0.0,0.0,0.0,100.0,100.0,100.0,2020-12-17,1999-01-01,1999-01-01,2020-11-03,1999-01-01,1999-01-01,8021,0,0,7977,0,0,1999-01-01,1999-01-01,1999-01-01,2021-01-27,1999-01-01,1999-01-01,2021-01-26,2021-01-22,2021-01-19,2021-01-25,2021-01-20,2021-01-18,1999-01-01,1999-01-01,1999-01-01,1999-01-01,1999-01-01,1999-01-01,0,1,0,1,1,0,0,0,0,1,1,0,0,0,1,0,1,0,1,0,0,0,0,0,0,0,0,0,1,0,,,,,,n2n,n2p,p2n,,Life.BullRetrace,Life.Bull,Life.BullRetrace,Life.BullEnd,Life.BullRetrace,,
2021-01-29,0.28879,,,,,0.30773,0.30783,0.30246,0.29713,0.01069,0.01011,-0.00161,0.00537,0.00892,-0.00065,0.01069,0.01353,-0.00087,0.00342,-0.00119,0.00461,0.30088,0.30795,-0.00708,-0.0025,-0.00112,-0.00138,,,-0.62,3.48,-2.69,3.81,-3.67,3.46,-10.37,1.12,4.0,10.0,9.0,9.0,12.0,18.0,27.0,8.0,-0.0,-0.005,0.00214,-0.00357,0.6,37.5,42.6591,,,,11.11111,14.81481,,,12.22222,15.39683,38.36481,38.35641,,,0.01618,0.01736,,,0,0,0,,,0.15,,,,,,0.333,0.32,0.0,0.319,0.253,0.0,2020-12-31,2020-12-04,1999-01-01,2020-12-10,2020-10-30,1999-01-01,-13.28,4.39,-0.31,26.48,,,19.0,14.0,4.0,25.0,0.0,0.0,-1.0,0.0,-0.0,1.0,0.0,0.0,0.315,0.315,0.35,0.305,0.295,0.33,2021-01-19,2021-01-13,2020-12-31,2021-01-18,2021-01-11,2020-12-29,0.0,0.0,0.0,100.0,100.0,100.0,1999-01-01,1999-01-01,1999-01-01,1999-01-01,1999-01-01,1999-01-01,834400.0,1583200.0,2727700.0,-13.42,-15.9,-19.85,0.008,0.0,0.0,-0.001,100.0,100.0,0.00718,0.0,0.0,-0.00132,100.0,100.0,0.0,0.0,0.0,38.345,100.0,100.0,22.222,28.571,33.333,14.286,22.222,22.222,0.0,0.0,0.0,100.0,100.0,100.0,2020-12-17,1999-01-01,1999-01-01,2020-11-03,1999-01-01,1999-01-01,8021,0,0,7977,0,0,1999-01-01,1999-01-01,1999-01-01,2021-01-27,1999-01-01,1999-01-01,2021-01-26,2021-01-22,2021-01-19,2021-01-25,2021-01-20,2021-01-18,1999-01-01,1999-01-01,1999-01-01,1999-01-01,1999-01-01,1999-01-01,0,1,0,1,1,0,0,0,0,1,1,0,0,0,1,0,1,0,1,0,0,0,0,0,0,0,0,0,1,0,,,,,n2n,n2p,p2n,,,Life.BullRetrace,Life.Bull,Life.BullRetrace,Life.BullEnd,Life.BullRetrace,,
2021-02-02,0.28755,,,,,0.30521,0.30654,0.30191,0.29691,0.00963,0.00983,-0.00141,0.00463,0.00843,-0.0004,0.00963,0.013,-0.00055,0.00317,-0.00141,0.00457,0.29689,0.30551,-0.00862,-0.00275,-0.00145,-0.0013,,,-0.19,3.48,-2.69,3.81,-3.67,3.46,-10.37,1.12,2.0,10.0,9.0,9.0,12.0,18.0,27.0,8.0,-0.0,-0.01,0.00214,-0.00357,0.6,37.5,42.64739,42.647,,,0.0,7.40741,,,5.55556,9.73545,38.41669,38.37562,,,0.01574,0.01709,,,0,0,0,,,0.15,,,,,,0.333,0.32,0.0,0.319,0.253,0.0,2020-12-31,2020-12-04,1999-01-01,2020-12-10,2020-10-30,1999-01-01,-13.65,4.39,-0.31,26.48,,,20.0,14.0,4.0,25.0,0.0,0.0,-1.0,0.0,-0.0,1.0,0.0,0.0,0.315,0.315,0.35,0.305,0.295,0.33,2021-01-19,2021-01-13,2020-12-31,2021-01-18,2021-01-11,2020-12-29,0.0,0.0,0.0,100.0,100.0,100.0,1999-01-01,1999-01-01,1999-01-01,1999-01-01,1999-01-01,1999-01-01,1583200.0,2727700.0,2331300.0,-15.9,-19.85,29.09,0.008,0.0,0.0,-0.001,100.0,100.0,0.00718,0.0,0.0,-0.00132,100.0,100.0,0.0,0.0,0.0,38.345,100.0,100.0,22.222,28.571,33.333,14.286,22.222,22.222,0.0,0.0,0.0,42.647,100.0,100.0,2020-12-17,1999-01-01,1999-01-01,2020-11-03,1999-01-01,1999-01-01,8021,0,0,7977,0,0,1999-01-01,1999-01-01,1999-01-01,2021-01-27,1999-01-01,1999-01-01,2021-01-26,2021-01-22,2021-01-19,2021-01-25,2021-01-20,2021-01-18,1999-01-01,1999-01-01,1999-01-01,2021-02-02,1999-01-01,1999-01-01,0,1,0,1,1,0,0,0,0,1,1,0,0,0,1,0,1,0,1,0,0,0,1,0,0,0,0,0,1,0,-2331300,,,,n2p,p2n,,,n2p,Life.BullRetrace,Life.Bull,Life.BullRetrace,Life.BullEnd,Life.BullRetrace,,
2021-02-03,0.28712,,,0.275,,0.30289,0.3053,0.30138,0.29669,0.00861,0.00955,-0.00121,0.00392,0.00793,-0.00016,0.00861,0.01247,-0.00025,0.00292,-0.00162,0.00454,0.29353,0.30325,-0.00972,-0.00298,-0.00176,-0.00122,,,-0.04,3.48,-2.69,3.81,-3.67,3.46,-10.37,1.12,1.0,10.0,9.0,9.0,12.0,18.0,27.0,8.0,0.0,0.0,0.00071,-0.00357,0.2,16.66667,42.674,,,-25.98033,0.0,3.7037,0.0,,5.55556,7.77778,38.49786,38.42645,,,0.01498,0.01681,,,0,0,0,,,0.15,,,,,,0.333,0.32,0.0,0.319,0.253,0.0,2020-12-31,2020-12-04,1999-01-01,2020-12-10,2020-10-30,1999-01-01,-13.78,4.39,-0.31,26.48,,,21.0,14.0,4.0,25.0,0.0,0.0,-1.0,0.0,-0.0,1.0,0.0,0.0,0.315,0.315,0.35,0.275,0.305,0.295,2021-01-19,2021-01-13,2020-12-31,2021-02-03,2021-01-18,2021-01-11,0.0,0.0,0.0,100.0,100.0,100.0,1999-01-01,1999-01-01,1999-01-01,1999-01-01,1999-01-01,1999-01-01,2727700.0,2331300.0,770400.0,-19.85,29.09,-12.24,0.008,0.0,0.0,-0.001,100.0,100.0,0.00718,0.0,0.0,-0.00132,100.0,100.0,0.0,0.0,0.0,38.345,100.0,100.0,22.222,28.571,33.333,0.0,14.286,22.222,0.0,0.0,0.0,42.647,100.0,100.0,2020-12-17,1999-01-01,1999-01-01,2020-11-03,1999-01-01,1999-01-01,8021,0,0,7977,0,0,1999-01-01,1999-01-01,1999-01-01,2021-01-27,1999-01-01,1999-01-01,2021-01-26,2021-01-22,2021-01-19,2021-02-03,2021-01-25,2021-01-20,1999-01-01,1999-01-01,1999-01-01,2021-02-02,1999-01-01,1999-01-01,0,1,0,1,1,0,1,0,0,1,1,0,0,0,1,0,1,0,1,0,0,0,1,0,0,0,0,0,1,0,,,770400,,p2n,,,n2p,p2n,Life.BullRetrace,Life.Bull,Life.BullRetrace,Life.BullEnd,Life.BullRetrace,,
2021-02-04,0.28746,0.287,,,,0.30151,0.3045,0.30106,0.29658,0.00793,0.00925,-0.00101,0.00345,0.00744,7e-05,0.00793,0.01194,4e-05,0.00269,-0.00181,0.0045,0.29221,0.3019,-0.00968,-0.00318,-0.00204,-0.00114,,,3.32,-2.69,3.81,-3.67,3.46,-10.37,1.12,-8.86,10.0,9.0,9.0,12.0,18.0,27.0,8.0,23.0,0.01,0.0,0.00143,-0.00357,0.4,28.57143,42.7396,,,-14.07557,20.0,6.66667,,,13.33333,8.14815,38.60279,38.50578,,,0.01533,0.01654,,,0,0,0,,,0.15,,,,,,0.333,0.32,0.0,0.287,0.319,0.253,2020-12-31,2020-12-04,1999-01-01,2021-02-04,2020-12-10,2020-10-30,0.0,-13.81,4.39,-0.31,26.48,,0.0,22.0,14.0,4.0,25.0,0.0,0.0,-1.0,0.0,-0.0,1.0,0.0,0.315,0.315,0.35,0.275,0.305,0.295,2021-01-19,2021-01-13,2020-12-31,2021-02-03,2021-01-18,2021-01-11,0.0,0.0,0.0,100.0,100.0,100.0,1999-01-01,1999-01-01,1999-01-01,1999-01-01,1999-01-01,1999-01-01,2331300.0,770400.0,2828800.0,29.09,-12.24,1.73,0.008,0.0,0.0,-0.001,100.0,100.0,0.00718,0.0,0.0,-0.00132,100.0,100.0,0.0,0.0,0.0,38.345,100.0,100.0,22.222,28.571,33.333,0.0,14.286,22.222,0.0,0.0,0.0,42.647,100.0,100.0,2020-12-17,1999-01-01,1999-01-01,2020-11-03,1999-01-01,1999-01-01,8021,0,0,7977,0,0,1999-01-01,1999-01-01,1999-01-01,2021-01-27,1999-01-01,1999-01-01,2021-01-26,2021-01-22,2021-01-19,2021-02-03,2021-01-25,2021-01-20,1999-01-01,1999-01-01,1999-01-01,2021-02-02,1999-01-01,1999-01-01,0,1,0,0,1,0,1,0,0,1,1,0,0,0,1,0,1,0,1,0,0,0,1,0,0,0,0,0,1,0,,,,,,,n2p,p2n,,Life.BullRetrace,Life.Bull,Life.BullRetrace,Life.BullEnd,Life.BullRetrace,,
2021-02-05,0.28849,,,,,0.30063,0.30394,0.30084,0.29651,0.00742,0.00894,-0.0008,0.00331,0.00695,0.00028,0.00742,0.01141,0.00032,0.00247,-0.002,0.00447,0.29187,0.30102,-0.00914,-0.00336,-0.0023,-0.00105,,,2.95,-2.69,3.81,-3.67,3.46,-10.37,1.12,-8.86,9.0,9.0,9.0,12.0,18.0,27.0,8.0,23.0,0.005,0.0,0.00179,-0.00321,0.55556,35.71429,42.84508,,,-6.93271,30.0,16.66667,,,38.33333,19.07407,38.72545,38.6087,,,0.01531,0.01626,,,0,0,0,,,0.15,,,,,,0.333,0.32,0.0,0.287,0.319,0.253,2020-12-31,2020-12-04,1999-01-01,2021-02-04,2020-12-10,2020-10-30,0.52,-13.81,4.39,-0.31,26.48,,1.0,22.0,14.0,4.0,25.0,0.0,1.0,-1.0,0.0,-0.0,1.0,0.0,0.315,0.315,0.35,0.275,0.305,0.295,2021-01-19,2021-01-13,2020-12-31,2021-02-03,2021-01-18,2021-01-11,0.0,0.0,0.0,100.0,100.0,100.0,1999-01-01,1999-01-01,1999-01-01,1999-01-01,1999-01-01,1999-01-01,770400.0,2828800.0,1047900.0,-12.24,1.73,-21.64,0.008,0.0,0.0,-0.001,100.0,100.0,0.00718,0.0,0.0,-0.00132,100.0,100.0,0.0,0.0,0.0,38.345,100.0,100.0,22.222,28.571,33.333,0.0,14.286,22.222,0.0,0.0,0.0,42.647,100.0,100.0,2020-12-17,1999-01-01,1999-01-01,2020-11-03,1999-01-01,1999-01-01,8021,0,0,7977,0,0,1999-01-01,1999-01-01,1999-01-01,2021-01-27,1999-01-01,1999-01-01,2021-01-26,2021-01-22,2021-01-19,2021-02-03,2021-01-25,2021-01-20,1999-01-01,1999-01-01,1999-01-01,2021-02-02,1999-01-01,1999-01-01,0,1,0,0,1,0,1,0,0,1,1,0,0,0,1,0,1,0,1,0,0,0,1,0,0,0,0,0,1,0,,,,,,n2p,p2n,,,Life.BullRetrace,Life.Bull,Life.BullRetrace,Life.BullEnd,Life.BullRetrace,,
2021-02-08,0.29001,,,,,0.30019,0.30359,0.30072,0.2965,0.00709,0.00863,-0.0006,0.00339,0.00646,0.00049,0.00709,0.01089,0.0006,0.00226,-0.00217,0.00443,0.29235,0.30057,-0.00822,-0.0035,-0.00254,-0.00096,,,2.41,-2.69,3.81,-3.67,3.46,-10.37,1.12,-8.86,8.0,9.0,9.0,12.0,18.0,27.0,8.0,23.0,0.005,0.0,0.00214,-0.00286,0.75,42.85714,42.9895,,,0.21014,40.0,30.0,,,60.55556,37.40741,38.86125,38.72983,,,0.01565,0.01599,,,0,0,0,,,0.15,,,,,,0.333,0.32,0.0,0.287,0.319,0.253,2020-12-31,2020-12-04,1999-01-01,2021-02-04,2020-12-10,2020-10-30,1.05,-13.81,4.39,-0.31,26.48,,2.0,22.0,14.0,4.0,25.0,0.0,1.0,-1.0,0.0,-0.0,1.0,0.0,0.315,0.315,0.35,0.275,0.305,0.295,2021-01-19,2021-01-13,2020-12-31,2021-02-03,2021-01-18,2021-01-11,0.0,0.0,0.0,100.0,100.0,100.0,1999-01-01,1999-01-01,1999-01-01,1999-01-01,1999-01-01,1999-01-01,2828800.0,1047900.0,2351200.0,1.73,-21.64,34.02,0.008,0.0,0.0,-0.001,100.0,100.0,0.00718,0.0,0.0,-0.00132,100.0,100.0,0.0,0.0,0.0,38.345,100.0,100.0,22.222,28.571,33.333,0.0,14.286,22.222,0.0,0.0,0.0,42.647,100.0,100.0,2020-12-17,1999-01-01,1999-01-01,2020-11-03,1999-01-01,1999-01-01,8021,0,0,7977,0,0,1999-01-01,1999-01-01,1999-01-01,2021-01-27,1999-01-01,1999-01-01,2021-01-26,2021-01-22,2021-01-19,2021-02-03,2021-01-25,2021-01-20,1999-01-01,1999-01-01,1999-01-01,2021-02-02,1999-01-01,1999-01-01,0,1,0,0,1,0,1,0,0,1,1,0,0,0,1,0,1,0,1,0,0,0,1,0,0,0,0,0,1,0,2351200,,,,n2p,p2n,,,n2p,Life.BullRetrace,Life.Bull,Life.BullRetrace,Life.BullEnd,Life.BullRetrace,,
2021-02-09,0.29177,,,,0.3,0.30018,0.30345,0.30071,0.29653,0.00691,0.00832,-0.00041,0.00327,0.00598,0.00068,0.00691,0.01038,0.00086,0.00207,-0.00233,0.0044,0.29353,0.30053,-0.007,-0.00363,-0.00276,-0.00087,,,1.79,-2.69,3.81,-3.67,3.46,-10.37,1.12,-8.86,7.0,9.0,9.0,12.0,18.0,27.0,8.0,23.0,0.005,0.0,0.0025,-0.00286,0.875,46.66667,43.17108,,,4.01967,50.0,40.0,,50.0,75.0,57.96296,39.00718,38.86463,,,0.0156,0.01572,,,0,0,0,,,0.15,,,,,,0.333,0.32,0.0,0.287,0.319,0.253,2020-12-31,2020-12-04,1999-01-01,2021-02-04,2020-12-10,2020-10-30,1.66,-13.81,4.39,-0.31,26.48,,3.0,22.0,14.0,4.0,25.0,0.0,1.0,-1.0,0.0,-0.0,1.0,0.0,0.3,0.315,0.315,0.275,0.305,0.295,2021-02-09,2021-01-19,2021-01-13,2021-02-03,2021-01-18,2021-01-11,0.0,0.0,0.0,100.0,100.0,100.0,1999-01-01,1999-01-01,1999-01-01,1999-01-01,1999-01-01,1999-01-01,1047900.0,2351200.0,1978800.0,-21.64,34.02,-13.65,0.008,0.0,0.0,-0.001,100.0,100.0,0.00718,0.0,0.0,-0.00132,100.0,100.0,0.0,0.0,0.0,38.345,100.0,100.0,50.0,22.222,28.571,0.0,14.286,22.222,0.0,0.0,0.0,42.647,100.0,100.0,2020-12-17,1999-01-01,1999-01-01,2020-11-03,1999-01-01,1999-01-01,8021,0,0,7977,0,0,1999-01-01,1999-01-01,1999-01-01,2021-01-27,1999-01-01,1999-01-01,2021-02-09,2021-01-26,2021-01-22,2021-02-03,2021-01-25,2021-01-20,1999-01-01,1999-01-01,1999-01-01,2021-02-02,1999-01-01,1999-01-01,0,1,0,0,1,0,1,0,0,1,1,0,0,0,1,0,0,1,1,0,0,0,1,0,0,0,0,0,1,0,,,1978800,,p2n,,,n2p,p2n,Life.BullRetrace,Life.Bull,Life.BullRetrace,Life.BullEnd,Life.BullRetrace,,
2021-02-10,0.29353,,,,,0.2994,0.30292,0.30049,0.29647,0.00645,0.008,-0.00022,0.00352,0.00551,0.00086,0.00645,0.00988,0.0011,0.00188,-0.00249,0.00437,0.29299,0.29975,-0.00676,-0.00372,-0.00295,-0.00077,,,1.18,-2.69,3.81,-3.67,3.46,-10.37,1.12,-8.86,6.0,9.0,9.0,12.0,18.0,27.0,8.0,23.0,-0.0,-0.01,0.00179,-0.00357,0.5,33.33333,43.38761,,,-9.31367,37.5,42.5,37.5,,66.66667,67.40741,39.16013,39.00952,,,0.0152,0.01545,,,0,0,0,,,0.15,,,,,,0.333,0.32,0.0,0.287,0.319,0.253,2020-12-31,2020-12-04,1999-01-01,2021-02-04,2020-12-10,2020-10-30,2.28,-13.81,4.39,-0.31,26.48,,4.0,22.0,14.0,4.0,25.0,0.0,1.0,-1.0,0.0,-0.0,1.0,0.0,0.3,0.315,0.315,0.275,0.305,0.295,2021-02-09,2021-01-19,2021-01-13,2021-02-03,2021-01-18,2021-01-11,0.0,0.0,0.0,100.0,100.0,100.0,1999-01-01,1999-01-01,1999-01-01,1999-01-01,1999-01-01,1999-01-01,2351200.0,1978800.0,990000.0,34.02,-13.65,-1.08,0.008,0.0,0.0,-0.001,100.0,100.0,0.00718,0.0,0.0,-0.00132,100.0,100.0,0.0,0.0,0.0,38.345,100.0,100.0,50.0,22.222,28.571,37.5,0.0,14.286,0.0,0.0,0.0,42.647,100.0,100.0,2020-12-17,1999-01-01,1999-01-01,2020-11-03,1999-01-01,1999-01-01,8021,0,0,7977,0,0,1999-01-01,1999-01-01,1999-01-01,2021-01-27,1999-01-01,1999-01-01,2021-02-09,2021-01-26,2021-01-22,2021-02-10,2021-02-03,2021-01-25,1999-01-01,1999-01-01,1999-01-01,2021-02-02,1999-01-01,1999-01-01,0,1,0,0,1,0,1,0,0,1,1,0,0,0,1,0,0,1,0,1,0,0,1,0,0,0,0,0,1,0,,,,,,,n2p,p2n,,Life.BullRetrace,Life.Bull,Life.BullRetrace,Life.BullEnd,Life.BullRetrace,,
2021-02-11,0.29505,,,0.29,,0.29867,0.30241,0.30029,0.2964,0.00601,0.00768,-4e-05,0.00374,0.00505,0.00101,0.00601,0.00939,0.00132,0.00171,-0.00263,0.00434,0.29253,0.29903,-0.0065,-0.00379,-0.00312,-0.00067,,,0.66,-2.69,3.81,-3.67,3.46,-10.37,1.12,-8.86,5.0,9.0,9.0,12.0,18.0,27.0,8.0,23.0,0.0,0.0,0.00179,-0.00286,0.625,38.46154,43.63607,,,-4.18546,42.85714,43.45238,,,57.77778,66.48148,39.31562,39.16098,,,0.01447,0.01519,,,0,0,0,,,0.15,,,,,,0.333,0.32,0.0,0.287,0.319,0.253,2020-12-31,2020-12-04,1999-01-01,2021-02-04,2020-12-10,2020-10-30,2.8,-13.81,4.39,-0.31,26.48,,5.0,22.0,14.0,4.0,25.0,0.0,1.0,-1.0,0.0,-0.0,1.0,0.0,0.3,0.315,0.315,0.29,0.275,0.305,2021-02-09,2021-01-19,2021-01-13,2021-02-11,2021-02-03,2021-01-18,0.0,0.0,0.0,100.0,100.0,100.0,1999-01-01,1999-01-01,1999-01-01,1999-01-01,1999-01-01,1999-01-01,1978800.0,990000.0,1001000.0,-13.65,-1.08,-25.38,0.008,0.0,0.0,-0.001,100.0,100.0,0.00718,0.0,0.0,-0.00132,100.0,100.0,0.0,0.0,0.0,38.345,100.0,100.0,50.0,22.222,28.571,37.5,0.0,14.286,0.0,0.0,0.0,42.647,100.0,100.0,2020-12-17,1999-01-01,1999-01-01,2020-11-03,1999-01-01,1999-01-01,8021,0,0,7977,0,0,1999-01-01,1999-01-01,1999-01-01,2021-01-27,1999-01-01,1999-01-01,2021-02-09,2021-01-26,2021-01-22,2021-02-10,2021-02-03,2021-01-25,1999-01-01,1999-01-01,1999-01-01,2021-02-02,1999-01-01,1999-01-01,0,1,0,0,1,0,0,0,0,1,1,0,0,0,1,0,0,1,0,1,0,0,1,0,0,0,0,0,1,0,,,,,,n2p,p2n,,,Life.BullRetrace,Life.Bull,Life.BullRetrace,Life.BullEnd,Life.BullRetrace,,
2021-02-15,0.29619,,,,,0.29839,0.30212,0.30018,0.29639,0.00573,0.00736,0.00013,0.00373,0.0046,0.00115,0.00573,0.00892,0.00152,0.00156,-0.00276,0.00432,0.29291,0.29873,-0.00582,-0.00383,-0.00326,-0.00057,,,0.27,-2.69,3.81,-3.67,3.46,-10.37,1.12,-8.86,3.0,9.0,9.0,12.0,18.0,27.0,8.0,23.0,0.005,0.0,0.00214,-0.00286,0.75,42.85714,43.91276,,,0.21014,57.14286,45.83333,,,46.66667,57.03704,39.46807,39.31461,,,0.01379,0.01493,,,0,0,0,,,0.15,,,,,,0.333,0.32,0.0,0.287,0.319,0.253,2020-12-31,2020-12-04,1999-01-01,2021-02-04,2020-12-10,2020-10-30,3.2,-13.81,4.39,-0.31,26.48,,6.0,22.0,14.0,4.0,25.0,0.0,1.0,-1.0,0.0,-0.0,1.0,0.0,0.3,0.315,0.315,0.29,0.275,0.305,2021-02-09,2021-01-19,2021-01-13,2021-02-11,2021-02-03,2021-01-18,0.0,0.0,0.0,100.0,100.0,100.0,1999-01-01,1999-01-01,1999-01-01,1999-01-01,1999-01-01,1999-01-01,990000.0,1001000.0,893700.0,-1.08,-25.38,-27.33,0.008,0.0,0.0,-0.001,100.0,100.0,0.00718,0.0,0.0,-0.00132,100.0,100.0,0.0,0.0,0.0,38.345,100.0,100.0,50.0,22.222,28.571,37.5,0.0,14.286,0.0,0.0,0.0,42.647,100.0,100.0,2020-12-17,1999-01-01,1999-01-01,2020-11-03,1999-01-01,1999-01-01,8021,0,0,7977,0,0,1999-01-01,1999-01-01,1999-01-01,2021-01-27,1999-01-01,1999-01-01,2021-02-09,2021-01-26,2021-01-22,2021-02-10,2021-02-03,2021-01-25,1999-01-01,1999-01-01,1999-01-01,2021-02-02,1999-01-01,1999-01-01,0,1,0,0,1,0,0,0,0,1,1,0,0,0,1,0,0,1,0,1,0,0,1,0,0,0,0,0,1,0,,,,,n2p,p2n,,,,Life.BullRetrace,Life.Bull,Life.BullRetrace,Life.BullEnd,Life.BullRetrace,,
2021-02-16,0.29686,,,,0.305,0.2989,0.30223,0.30028,0.29647,0.00576,0.00705,0.0003,0.00333,0.00417,0.00128,0.00576,0.00847,0.00171,0.00142,-0.00288,0.0043,0.29477,0.29919,-0.00442,-0.00385,-0.00338,-0.00047,,,0.05,-2.69,3.81,-3.67,3.46,-10.37,1.12,-8.86,2.0,9.0,9.0,12.0,18.0,27.0,8.0,23.0,0.01,0.0,0.00286,-0.00286,1.0,50.0,44.2136,,,7.353,85.71429,61.90476,,85.714,56.66667,53.7037,39.61197,39.46522,,,0.01424,0.01467,,,0,0,0,,,0.15,,,,,,0.333,0.32,0.0,0.287,0.319,0.253,2020-12-31,2020-12-04,1999-01-01,2021-02-04,2020-12-10,2020-10-30,3.44,-13.81,4.39,-0.31,26.48,,7.0,22.0,14.0,4.0,25.0,0.0,0.0,-1.0,0.0,-0.0,1.0,0.0,0.305,0.3,0.315,0.29,0.275,0.305,2021-02-16,2021-02-09,2021-01-19,2021-02-11,2021-02-03,2021-01-18,0.0,0.0,0.0,100.0,100.0,100.0,1999-01-01,1999-01-01,1999-01-01,1999-01-01,1999-01-01,1999-01-01,1001000.0,893700.0,4474200.0,-25.38,-27.33,120.78,0.008,0.0,0.0,-0.001,100.0,100.0,0.00718,0.0,0.0,-0.00132,100.0,100.0,0.0,0.0,0.0,38.345,100.0,100.0,85.714,50.0,22.222,37.5,0.0,14.286,0.0,0.0,0.0,42.647,100.0,100.0,2020-12-17,1999-01-01,1999-01-01,2020-11-03,1999-01-01,1999-01-01,8021,0,0,7977,0,0,1999-01-01,1999-01-01,1999-01-01,2021-01-27,1999-01-01,1999-01-01,2021-02-16,2021-02-09,2021-01-26,2021-02-10,2021-02-03,2021-01-25,1999-01-01,1999-01-01,1999-01-01,2021-02-02,1999-01-01,1999-01-01,0,1,0,0,0,0,0,0,0,1,1,0,0,0,1,0,0,1,0,1,0,0,1,0,0,0,0,0,1,0,4474200,,,,p2n,,,,n2p,Life.BullRetrace,Life.Bull,Life.BullRetrace,Life.BullEnd,Life.BullRetrace,,
2021-02-17,0.29705,,,,,0.29898,0.30215,0.30027,0.29651,0.00564,0.00674,0.00045,0.00316,0.00375,0.00139,0.00564,0.00803,0.0019,0.00129,-0.00299,0.00428,0.29557,0.29925,-0.00368,-0.00385,-0.00348,-0.00038,,,-0.02,-2.69,3.81,-3.67,3.46,-10.37,1.12,-8.86,1.0,9.0,9.0,12.0,18.0,27.0,8.0,23.0,-0.0,-0.005,0.00286,-0.0025,1.14286,53.33333,44.53315,,,10.68633,62.5,68.45238,,,60.0,54.44444,39.74309,39.60771,,,0.01429,0.01442,,,0,0,0,,,0.15,,,,,,0.333,0.32,0.0,0.287,0.319,0.253,2020-12-31,2020-12-04,1999-01-01,2021-02-04,2020-12-10,2020-10-30,3.5,-13.81,4.39,-0.31,26.48,,8.0,22.0,14.0,4.0,25.0,0.0,0.0,-1.0,0.0,-0.0,1.0,0.0,0.305,0.3,0.315,0.29,0.275,0.305,2021-02-16,2021-02-09,2021-01-19,2021-02-11,2021-02-03,2021-01-18,0.0,0.0,0.0,100.0,100.0,100.0,1999-01-01,1999-01-01,1999-01-01,1999-01-01,1999-01-01,1999-01-01,893700.0,4474200.0,3944000.0,-27.33,120.78,46.21,0.008,0.0,0.0,-0.001,100.0,100.0,0.00718,0.0,0.0,-0.00132,100.0,100.0,0.0,0.0,0.0,38.345,100.0,100.0,85.714,50.0,22.222,37.5,0.0,14.286,0.0,0.0,0.0,42.647,100.0,100.0,2020-12-17,1999-01-01,1999-01-01,2020-11-03,1999-01-01,1999-01-01,8021,0,0,7977,0,0,1999-01-01,1999-01-01,1999-01-01,2021-01-27,1999-01-01,1999-01-01,2021-02-16,2021-02-09,2021-01-26,2021-02-10,2021-02-03,2021-01-25,1999-01-01,1999-01-01,1999-01-01,2021-02-02,1999-01-01,1999-01-01,0,1,0,0,0,0,0,0,0,1,1,0,0,0,1,0,0,1,0,1,0,0,1,0,0,0,0,0,1,0,,,,,,,,n2p,,Life.BullRetrace,Life.Bull,Life.BullRetrace,Life.BullEnd,Life.BullRetrace,,
2021-02-18,0.2968,,0.297,,,0.29906,0.30206,0.30027,0.29654,0.00552,0.00643,0.0006,0.003,0.00334,0.00148,0.00552,0.00761,0.00207,0.00118,-0.0031,0.00428,0.29625,0.29931,-0.00305,-0.00383,-0.00355,-0.00028,,,-2.63,3.81,-3.67,3.46,-10.37,1.12,-8.86,0.4,9.0,9.0,12.0,18.0,27.0,8.0,23.0,6.0,0.0,0.0,0.00286,-0.0025,1.14286,53.33333,44.86431,,,10.68633,62.5,70.2381,,,60.0,58.88889,39.85764,39.73757,,,0.01399,0.01418,,,0,0,0,,,0.15,,,,,,0.297,0.333,0.32,0.287,0.319,0.253,2021-02-18,2020-12-31,2020-12-04,2021-02-04,2020-12-10,2020-10-30,0.0,3.48,-13.81,4.39,-0.31,26.48,0.0,9.0,22.0,14.0,4.0,25.0,0.0,0.0,-1.0,0.0,-0.0,1.0,0.305,0.3,0.315,0.29,0.275,0.305,2021-02-16,2021-02-09,2021-01-19,2021-02-11,2021-02-03,2021-01-18,0.0,0.0,0.0,100.0,100.0,100.0,1999-01-01,1999-01-01,1999-01-01,1999-01-01,1999-01-01,1999-01-01,4474200.0,3944000.0,1413800.0,120.78,46.21,5.59,0.008,0.0,0.0,-0.001,100.0,100.0,0.00718,0.0,0.0,-0.00132,100.0,100.0,0.0,0.0,0.0,38.345,100.0,100.0,85.714,50.0,22.222,37.5,0.0,14.286,0.0,0.0,0.0,42.647,100.0,100.0,2020-12-17,1999-01-01,1999-01-01,2020-11-03,1999-01-01,1999-01-01,8021,0,0,7977,0,0,1999-01-01,1999-01-01,1999-01-01,2021-01-27,1999-01-01,1999-01-01,2021-02-16,2021-02-09,2021-01-26,2021-02-10,2021-02-03,2021-01-25,1999-01-01,1999-01-01,1999-01-01,2021-02-02,1999-01-01,1999-01-01,1,0,0,0,0,0,0,0,0,1,1,0,0,0,1,0,0,1,0,1,0,0,1,0,0,0,0,0,1,0,,,,,,,n2p,,,Life.BullRetrace,Life.Bull,Life.BullRetrace,Life.BullEnd,Life.BullRetrace,,
2021-02-19,0.29612,,,0.295,,0.29875,0.30178,0.30016,0.29653,0.00526,0.00614,0.00074,0.00303,0.00295,0.00154,0.00526,0.00722,0.00221,0.00108,-0.00319,0.00427,0.29606,0.29899,-0.00293,-0.00378,-0.00359,-0.00019,,,-2.41,3.81,-3.67,3.46,-10.37,1.12,-8.86,0.4,8.0,9.0,12.0,18.0,27.0,8.0,23.0,6.0,-0.0,-0.005,0.00286,-0.0025,1.14286,53.33333,45.20031,,,10.68633,50.0,58.33333,50.0,,40.0,53.33333,39.95229,39.85101,,,0.0137,0.01394,,,0,0,0,,,0.15,,,,,,0.297,0.333,0.32,0.287,0.319,0.253,2021-02-18,2020-12-31,2020-12-04,2021-02-04,2020-12-10,2020-10-30,-0.3,3.48,-13.81,4.39,-0.31,26.48,1.0,9.0,22.0,14.0,4.0,25.0,-0.0,0.0,-1.0,0.0,-0.0,1.0,0.305,0.3,0.315,0.295,0.29,0.275,2021-02-16,2021-02-09,2021-01-19,2021-02-19,2021-02-11,2021-02-03,0.0,0.0,0.0,100.0,100.0,100.0,1999-01-01,1999-01-01,1999-01-01,1999-01-01,1999-01-01,1999-01-01,3944000.0,1413800.0,1797500.0,46.21,5.59,-27.22,0.008,0.0,0.0,-0.001,100.0,100.0,0.00718,0.0,0.0,-0.00132,100.0,100.0,0.0,0.0,0.0,38.345,100.0,100.0,85.714,50.0,22.222,50.0,37.5,0.0,0.0,0.0,0.0,42.647,100.0,100.0,2020-12-17,1999-01-01,1999-01-01,2020-11-03,1999-01-01,1999-01-01,8021,0,0,7977,0,0,1999-01-01,1999-01-01,1999-01-01,2021-01-27,1999-01-01,1999-01-01,2021-02-16,2021-02-09,2021-01-26,2021-02-19,2021-02-10,2021-02-03,1999-01-01,1999-01-01,1999-01-01,2021-02-02,1999-01-01,1999-01-01,1,0,0,0,0,0,0,1,0,1,1,0,0,0,1,0,0,1,0,1,0,0,1,0,0,0,0,0,1,0,,,,,,n2p,,,,Life.BullRetrace,Life.Bull,Life.BullRetrace,Life.BullEnd,Life.BullRetrace,,
2021-02-22,0.29509,,,,0.3,0.29885,0.30171,0.30016,0.29656,0.00515,0.00585,0.00086,0.00287,0.00257,0.00159,0.00515,0.00685,0.00232,0.001,-0.00328,0.00428,0.29667,0.29906,-0.0024,-0.00372,-0.00362,-0.0001,,,-2.06,3.81,-3.67,3.46,-10.37,1.12,-8.86,0.4,7.0,9.0,12.0,18.0,27.0,8.0,23.0,6.0,0.005,0.0,0.00321,-0.00214,1.5,60.0,45.53576,,,17.353,62.5,58.33333,,62.5,36.66667,45.55556,40.02543,39.94512,,,0.01344,0.01371,,,0,0,0,,,0.15,,,,,,0.297,0.333,0.32,0.287,0.319,0.253,2021-02-18,2020-12-31,2020-12-04,2021-02-04,2020-12-10,2020-10-30,-0.64,3.48,-13.81,4.39,-0.31,26.48,2.0,9.0,22.0,14.0,4.0,25.0,-0.0,0.0,-1.0,0.0,-0.0,1.0,0.3,0.305,0.3,0.295,0.29,0.275,2021-02-22,2021-02-16,2021-02-09,2021-02-19,2021-02-11,2021-02-03,0.0,0.0,0.0,100.0,100.0,100.0,1999-01-01,1999-01-01,1999-01-01,1999-01-01,1999-01-01,1999-01-01,1413800.0,1797500.0,2874900.0,5.59,-27.22,-14.94,0.008,0.0,0.0,-0.001,100.0,100.0,0.00718,0.0,0.0,-0.00132,100.0,100.0,0.0,0.0,0.0,38.345,100.0,100.0,62.5,85.714,50.0,50.0,37.5,0.0,0.0,0.0,0.0,42.647,100.0,100.0,2020-12-17,1999-01-01,1999-01-01,2020-11-03,1999-01-01,1999-01-01,8021,0,0,7977,0,0,1999-01-01,1999-01-01,1999-01-01,2021-01-27,1999-01-01,1999-01-01,2021-02-22,2021-02-16,2021-02-09,2021-02-19,2021-02-10,2021-02-03,1999-01-01,1999-01-01,1999-01-01,2021-02-02,1999-01-01,1999-01-01,1,0,0,0,1,0,0,1,0,1,1,0,0,0,1,0,0,0,0,1,0,0,1,0,0,0,0,0,1,0,,,,,n2p,,,,,Life.BullRetrace,Life.Bull,Life.BullRetrace,Life.BullEnd,Life.BullRetrace,,
2021-02-23,0.29373,,,,,0.29855,0.30145,0.30006,0.29655,0.0049,0.00557,0.00096,0.0029,0.00221,0.00162,0.0049,0.0065,0.00238,0.00093,-0.00336,0.00429,0.29641,0.29876,-0.00235,-0.00364,-0.00362,-2e-05,,,-1.61,3.81,-3.67,3.46,-10.37,1.12,-8.86,0.4,6.0,9.0,12.0,18.0,27.0,8.0,23.0,6.0,-0.0,-0.005,0.00321,-0.00179,1.8,64.28571,45.86551,,,21.63871,50.0,54.16667,,,26.66667,34.44444,40.07711,40.01828,,,0.01283,0.01349,,,0,0,0,,,0.15,,,,,,0.297,0.333,0.32,0.287,0.319,0.253,2021-02-18,2020-12-31,2020-12-04,2021-02-04,2020-12-10,2020-10-30,-1.1,3.48,-13.81,4.39,-0.31,26.48,3.0,9.0,22.0,14.0,4.0,25.0,-0.0,0.0,-1.0,0.0,-0.0,1.0,0.3,0.305,0.3,0.295,0.29,0.275,2021-02-22,2021-02-16,2021-02-09,2021-02-19,2021-02-11,2021-02-03,0.0,0.0,0.0,100.0,100.0,100.0,1999-01-01,1999-01-01,1999-01-01,1999-01-01,1999-01-01,1999-01-01,1797500.0,2874900.0,745000.0,-27.22,-14.94,-10.99,0.008,0.0,0.0,-0.001,100.0,100.0,0.00718,0.0,0.0,-0.00132,100.0,100.0,0.0,0.0,0.0,38.345,100.0,100.0,62.5,85.714,50.0,50.0,37.5,0.0,0.0,0.0,0.0,42.647,100.0,100.0,2020-12-17,1999-01-01,1999-01-01,2020-11-03,1999-01-01,1999-01-01,8021,0,0,7977,0,0,1999-01-01,1999-01-01,1999-01-01,2021-01-27,1999-01-01,1999-01-01,2021-02-22,2021-02-16,2021-02-09,2021-02-19,2021-02-10,2021-02-03,1999-01-01,1999-01-01,1999-01-01,2021-02-02,1999-01-01,1999-01-01,1,0,0,0,1,0,0,1,0,1,1,0,0,0,1,0,0,0,0,1,0,0,1,0,0,0,0,0,1,0,,,,,,,,,,Life.BullRetrace,Life.Bull,Life.BullRetrace,Life.BullEnd,Life.BullRetrace,,
2021-02-24,0.29221,,,,,0.29828,0.3012,0.29996,0.29653,0.00467,0.0053,0.00104,0.00292,0.00187,0.00161,0.00467,0.00618,0.00239,0.00088,-0.00344,0.00431,0.29619,0.29848,-0.00229,-0.00354,-0.00361,6e-05,-0.004,,-1.1,3.81,-3.67,3.46,-10.37,1.12,-8.86,0.4,5.0,9.0,12.0,18.0,27.0,8.0,23.0,6.0,0.0,0.0,0.00321,-0.00179,1.8,64.28571,46.18492,,,21.63871,50.0,54.16667,,,36.66667,33.33333,40.10743,40.06999,,,0.01263,0.01327,,,0,0,0,0.15,,,,,,,,0.297,0.333,0.32,0.287,0.319,0.253,2021-02-18,2020-12-31,2020-12-04,2021-02-04,2020-12-10,2020-10-30,-1.61,3.48,-13.81,4.39,-0.31,26.48,4.0,9.0,22.0,14.0,4.0,25.0,-0.0,0.0,-1.0,0.0,-0.0,1.0,0.3,0.305,0.3,0.295,0.29,0.275,2021-02-22,2021-02-16,2021-02-09,2021-02-19,2021-02-11,2021-02-03,0.0,0.0,0.0,100.0,100.0,100.0,1999-01-01,1999-01-01,1999-01-01,1999-01-01,1999-01-01,1999-01-01,2874900.0,745000.0,1912800.0,-14.94,-10.99,2.13,0.008,0.0,0.0,-0.004,-0.001,100.0,0.00718,0.0,0.0,-0.00361,-0.00132,100.0,0.0,0.0,0.0,38.345,100.0,100.0,62.5,85.714,50.0,50.0,37.5,0.0,0.0,0.0,0.0,42.647,100.0,100.0,2020-12-17,1999-01-01,1999-01-01,2021-02-24,2020-11-03,1999-01-01,8021,0,0,113,7977,0,1999-01-01,1999-01-01,1999-01-01,2021-01-27,1999-01-01,1999-01-01,2021-02-22,2021-02-16,2021-02-09,2021-02-19,2021-02-10,2021-02-03,1999-01-01,1999-01-01,1999-01-01,2021-02-02,1999-01-01,1999-01-01,1,0,0,0,1,0,0,1,0,1,1,0,0,0,1,0,0,0,0,1,0,0,1,0,0,0,0,0,1,0,,,,,,,,,,Life.Bull,Life.BullRetrace,Life.BullEnd,Life.BullRetrace,Life.BullStart,,
2021-02-25,0.29078,,,,,0.29726,0.30056,0.29966,0.29642,0.00415,0.00505,0.00109,0.00331,0.00154,0.00159,0.00415,0.00588,0.00237,0.00083,-0.00351,0.00434,0.29447,0.29749,-0.00301,-0.00343,-0.00357,0.00014,,,-0.61,3.81,-3.67,3.46,-10.37,1.12,-8.86,0.4,4.0,9.0,12.0,18.0,27.0,8.0,23.0,6.0,-0.0,-0.01,0.0025,-0.0025,1.0,50.0,46.49079,,,7.353,14.28571,38.09524,,,23.33333,28.88889,40.11585,40.10013,,40.116,0.01244,0.01306,,,0,0,0,,0.15,,,,,,,0.297,0.333,0.32,0.287,0.319,0.253,2021-02-18,2020-12-31,2020-12-04,2021-02-04,2020-12-10,2020-10-30,-2.09,3.48,-13.81,4.39,-0.31,26.48,5.0,9.0,22.0,14.0,4.0,25.0,-0.0,0.0,-1.0,0.0,-0.0,1.0,0.3,0.305,0.3,0.295,0.29,0.275,2021-02-22,2021-02-16,2021-02-09,2021-02-19,2021-02-11,2021-02-03,0.0,0.0,0.0,100.0,100.0,100.0,1999-01-01,1999-01-01,1999-01-01,1999-01-01,1999-01-01,1999-01-01,745000.0,1912800.0,1635800.0,-10.99,2.13,-22.4,0.008,0.0,0.0,-0.004,-0.001,100.0,0.00718,0.0,0.0,-0.00361,-0.00132,100.0,40.116,0.0,0.0,38.345,100.0,100.0,62.5,85.714,50.0,50.0,37.5,0.0,0.0,0.0,0.0,42.647,100.0,100.0,2020-12-17,1999-01-01,1999-01-01,2021-02-24,2020-11-03,1999-01-01,8021,0,0,113,7977,0,2021-02-25,1999-01-01,1999-01-01,2021-01-27,1999-01-01,1999-01-01,2021-02-22,2021-02-16,2021-02-09,2021-02-19,2021-02-10,2021-02-03,1999-01-01,1999-01-01,1999-01-01,2021-02-02,1999-01-01,1999-01-01,1,0,0,0,1,0,0,1,0,1,1,0,0,1,1,0,0,0,0,1,0,0,1,0,0,0,0,0,1,0,,,,,,,,,,Life.BullRetrace,Life.BullEnd,Life.BullRetrace,Life.BullStart,Life.Bull,,
2021-02-26,0.28966,,,,,0.29631,0.29995,0.29937,0.2963,0.00365,0.0048,0.00113,0.00364,0.00123,0.00154,0.00365,0.0056,0.00231,0.0008,-0.00357,0.00438,0.29301,0.29656,-0.00355,-0.00332,-0.00352,0.00021,,,-0.23,3.81,-3.67,3.46,-10.37,1.12,-8.86,0.4,3.0,9.0,12.0,18.0,27.0,8.0,23.0,6.0,0.0,0.0,0.00214,-0.0025,0.85714,46.15385,46.78003,,,3.50685,0.0,21.42857,0.0,,16.66667,25.55556,40.1026,40.10863,,,0.01191,0.01287,,,0,0,0,,0.15,,,,,,,0.297,0.333,0.32,0.287,0.319,0.253,2021-02-18,2020-12-31,2020-12-04,2021-02-04,2020-12-10,2020-10-30,-2.47,3.48,-13.81,4.39,-0.31,26.48,6.0,9.0,22.0,14.0,4.0,25.0,-0.0,0.0,-1.0,0.0,-0.0,1.0,0.3,0.305,0.3,0.295,0.29,0.275,2021-02-22,2021-02-16,2021-02-09,2021-02-19,2021-02-11,2021-02-03,0.0,0.0,0.0,100.0,100.0,100.0,1999-01-01,1999-01-01,1999-01-01,1999-01-01,1999-01-01,1999-01-01,1912800.0,1635800.0,1031400.0,2.13,-22.4,6.67,0.008,0.0,0.0,-0.004,-0.001,100.0,0.00718,0.0,0.0,-0.00361,-0.00132,100.0,40.116,0.0,0.0,38.345,100.0,100.0,62.5,85.714,50.0,0.0,50.0,37.5,0.0,0.0,0.0,42.647,100.0,100.0,2020-12-17,1999-01-01,1999-01-01,2021-02-24,2020-11-03,1999-01-01,8021,0,0,113,7977,0,2021-02-25,1999-01-01,1999-01-01,2021-01-27,1999-01-01,1999-01-01,2021-02-22,2021-02-16,2021-02-09,2021-02-26,2021-02-19,2021-02-10,1999-01-01,1999-01-01,1999-01-01,2021-02-02,1999-01-01,1999-01-01,1,0,0,0,1,0,0,1,0,1,1,0,0,1,1,0,0,0,1,0,0,0,1,0,0,0,0,0,1,0,,,,,,,,,,Life.BullRetrace,Life.BullEnd,Life.BullRetrace,Life.BullStart,Life.Bull,,
2021-03-01,0.28897,,,0.285,,0.29544,0.29937,0.29909,0.29619,0.00317,0.00457,0.00115,0.00392,0.00093,0.00149,0.00392,0.00535,0.00223,0.00078,-0.00364,0.00442,0.29178,0.2957,-0.00392,-0.00319,-0.00345,0.00027,,,0.01,3.81,-3.67,3.46,-10.37,1.12,-8.86,0.4,2.0,9.0,12.0,18.0,27.0,8.0,23.0,6.0,0.0,0.0,0.00179,-0.0025,0.71429,41.66667,47.05016,,,-0.98033,14.28571,9.52381,,,8.33333,16.11111,40.07034,40.09626,,,0.01142,0.01267,,,0,0,0,,0.15,,,,,,,0.297,0.333,0.32,0.287,0.319,0.253,2021-02-18,2020-12-31,2020-12-04,2021-02-04,2020-12-10,2020-10-30,-2.7,3.48,-13.81,4.39,-0.31,26.48,7.0,9.0,22.0,14.0,4.0,25.0,-0.0,0.0,-1.0,0.0,-0.0,1.0,0.3,0.305,0.3,0.285,0.295,0.29,2021-02-22,2021-02-16,2021-02-09,2021-03-01,2021-02-19,2021-02-11,0.0,0.0,0.0,100.0,100.0,100.0,1999-01-01,1999-01-01,1999-01-01,1999-01-01,1999-01-01,1999-01-01,1635800.0,1031400.0,1075100.0,-22.4,6.67,-18.29,0.008,0.0,0.0,-0.004,-0.001,100.0,0.00718,0.0,0.0,-0.00361,-0.00132,100.0,40.116,0.0,0.0,38.345,100.0,100.0,62.5,85.714,50.0,0.0,50.0,37.5,0.0,0.0,0.0,42.647,100.0,100.0,2020-12-17,1999-01-01,1999-01-01,2021-02-24,2020-11-03,1999-01-01,8021,0,0,113,7977,0,2021-02-25,1999-01-01,1999-01-01,2021-01-27,1999-01-01,1999-01-01,2021-02-22,2021-02-16,2021-02-09,2021-02-26,2021-02-19,2021-02-10,1999-01-01,1999-01-01,1999-01-01,2021-02-02,1999-01-01,1999-01-01,1,0,0,0,1,0,1,0,0,1,1,0,0,1,1,0,0,0,1,0,0,0,1,0,0,0,0,0,1,0,,,,,,,,,,Life.BullRetrace,Life.BullEnd,Life.BullRetrace,Life.BullStart,Life.Bull,,
2021-03-02,0.28882,,,,0.29,0.29502,0.299,0.29891,0.29613,0.00287,0.00435,0.00116,0.00398,0.00065,0.00143,0.00398,0.00512,0.00212,0.00077,-0.0037,0.00447,0.29151,0.29528,-0.00377,-0.00306,-0.00337,0.00032,,,0.06,3.81,-3.67,3.46,-10.37,1.12,-8.86,0.4,1.0,9.0,12.0,18.0,27.0,8.0,23.0,6.0,0.005,0.0,0.00179,-0.0025,0.71429,41.66667,47.29964,,,-0.98033,28.57143,14.28571,,28.571,30.55556,18.51852,40.02347,40.06547,,,0.01096,0.01249,,,0,0,0,,0.15,,,,,,,0.297,0.333,0.32,0.287,0.319,0.253,2021-02-18,2020-12-31,2020-12-04,2021-02-04,2020-12-10,2020-10-30,-2.75,3.48,-13.81,4.39,-0.31,26.48,8.0,9.0,22.0,14.0,4.0,25.0,-0.0,0.0,-1.0,0.0,-0.0,1.0,0.29,0.3,0.305,0.285,0.295,0.29,2021-03-02,2021-02-22,2021-02-16,2021-03-01,2021-02-19,2021-02-11,0.0,0.0,0.0,100.0,100.0,100.0,1999-01-01,1999-01-01,1999-01-01,1999-01-01,1999-01-01,1999-01-01,1031400.0,1075100.0,690600.0,6.67,-18.29,-25.26,0.008,0.0,0.0,-0.004,-0.001,100.0,0.00718,0.0,0.0,-0.00361,-0.00132,100.0,40.116,0.0,0.0,38.345,100.0,100.0,28.571,62.5,85.714,0.0,50.0,37.5,0.0,0.0,0.0,42.647,100.0,100.0,2020-12-17,1999-01-01,1999-01-01,2021-02-24,2020-11-03,1999-01-01,8021,0,0,113,7977,0,2021-02-25,1999-01-01,1999-01-01,2021-01-27,1999-01-01,1999-01-01,2021-03-02,2021-02-22,2021-02-16,2021-02-26,2021-02-19,2021-02-10,1999-01-01,1999-01-01,1999-01-01,2021-02-02,1999-01-01,1999-01-01,1,0,0,0,1,0,1,0,0,1,1,0,0,1,1,0,1,0,1,0,0,0,1,0,0,0,0,0,1,0,,,,,,,,,,Life.BullRetrace,Life.BullEnd,Life.BullRetrace,Life.BullStart,Life.Bull,,
2021-03-03,0.28928,0.289,,,,0.29425,0.29845,0.29863,0.29602,0.00261,0.00413,0.00116,-0.00438,0.00038,0.00138,0.00438,0.00491,0.00201,0.00077,-0.00376,0.00453,0.29051,0.29452,-0.00401,-0.00292,-0.00328,0.00037,,,3.71,-3.67,3.46,-10.37,1.12,-8.86,0.4,-1.21,9.0,12.0,18.0,27.0,8.0,23.0,6.0,10.0,-0.0,-0.005,0.00179,-0.00214,0.83333,45.45455,47.5274,,,2.80755,14.28571,19.04762,,,41.66667,26.85185,39.96699,40.02027,,,0.01053,0.01232,,,0,0,0,,0.15,,,,,,,0.297,0.333,0.32,0.289,0.287,0.319,2021-02-18,2020-12-31,2020-12-04,2021-03-03,2021-02-04,2020-12-10,0.0,-2.69,3.48,-13.81,4.39,-0.31,0.0,9.0,9.0,22.0,14.0,4.0,0.0,-0.0,0.0,-1.0,0.0,-0.0,0.29,0.3,0.305,0.285,0.295,0.29,2021-03-02,2021-02-22,2021-02-16,2021-03-01,2021-02-19,2021-02-11,0.0,0.0,0.0,100.0,100.0,100.0,1999-01-01,1999-01-01,1999-01-01,1999-01-01,1999-01-01,1999-01-01,1075100.0,690600.0,398100.0,-18.29,-25.26,-22.64,0.008,0.0,0.0,-0.004,-0.001,100.0,0.00718,0.0,0.0,-0.00361,-0.00132,100.0,40.116,0.0,0.0,38.345,100.0,100.0,28.571,62.5,85.714,0.0,50.0,37.5,0.0,0.0,0.0,42.647,100.0,100.0,2020-12-17,1999-01-01,1999-01-01,2021-02-24,2020-11-03,1999-01-01,8021,0,0,113,7977,0,2021-02-25,1999-01-01,1999-01-01,2021-01-27,1999-01-01,1999-01-01,2021-03-02,2021-02-22,2021-02-16,2021-02-26,2021-02-19,2021-02-10,1999-01-01,1999-01-01,1999-01-01,2021-02-02,1999-01-01,1999-01-01,1,0,0,0,1,0,1,0,0,1,1,0,0,1,1,0,1,0,1,0,0,0,1,0,0,0,0,0,1,0,,,,,,,,,,Life.BullRetrace,Life.BullEnd,Life.BullRetrace,Life.BullStart,Life.Bull,,
2021-03-04,0.29035,,,0.285,,0.29354,0.29792,0.29836,0.29591,0.00245,0.00393,0.00116,-0.00482,0.00012,0.00133,0.00482,0.00471,0.0019,0.00078,-0.00381,0.00459,0.28966,0.29381,-0.00416,-0.00278,-0.00318,0.0004,,,3.32,-3.67,3.46,-10.37,1.12,-8.86,0.4,-1.21,8.0,12.0,18.0,27.0,8.0,23.0,6.0,10.0,0.0,0.0,0.00179,-0.00214,0.83333,45.45455,47.73277,,,2.80755,14.28571,19.04762,14.286,,50.0,40.74074,39.90501,39.96515,,,0.01014,0.01215,,,0,0,0,,0.15,,,,,,,0.297,0.333,0.32,0.289,0.287,0.319,2021-02-18,2020-12-31,2020-12-04,2021-03-03,2021-02-04,2020-12-10,0.47,-2.69,3.48,-13.81,4.39,-0.31,1.0,9.0,9.0,22.0,14.0,4.0,0.0,-0.0,0.0,-1.0,0.0,-0.0,0.29,0.3,0.305,0.285,0.285,0.295,2021-03-02,2021-02-22,2021-02-16,2021-03-04,2021-03-01,2021-02-19,0.0,0.0,0.0,100.0,100.0,100.0,1999-01-01,1999-01-01,1999-01-01,1999-01-01,1999-01-01,1999-01-01,690600.0,398100.0,832600.0,-25.26,-22.64,-11.21,0.008,0.0,0.0,-0.004,-0.001,100.0,0.00718,0.0,0.0,-0.00361,-0.00132,100.0,40.116,0.0,0.0,38.345,100.0,100.0,28.571,62.5,85.714,14.286,0.0,50.0,0.0,0.0,0.0,42.647,100.0,100.0,2020-12-17,1999-01-01,1999-01-01,2021-02-24,2020-11-03,1999-01-01,8021,0,0,113,7977,0,2021-02-25,1999-01-01,1999-01-01,2021-01-27,1999-01-01,1999-01-01,2021-03-02,2021-02-22,2021-02-16,2021-03-04,2021-02-26,2021-02-19,1999-01-01,1999-01-01,1999-01-01,2021-02-02,1999-01-01,1999-01-01,1,0,0,0,1,0,1,0,0,1,1,0,0,1,1,0,1,0,0,0,0,0,1,0,0,0,0,0,1,0,,,,,,,,,,Life.BullRetrace,Life.BullEnd,Life.BullRetrace,Life.BullStart,Life.Bull,,
2021-03-05,0.29193,,,,0.295,0.29365,0.29781,0.29829,0.2959,0.00239,0.00375,0.00115,-0.00464,-0.00012,0.00128,0.00464,0.00454,0.00181,0.00079,-0.00387,0.00466,0.29048,0.2939,-0.00342,-0.00264,-0.00307,0.00044,,,2.76,-3.67,3.46,-10.37,1.12,-8.86,0.4,-1.21,7.0,12.0,18.0,27.0,8.0,23.0,6.0,10.0,0.01,0.0,0.00214,-0.00214,1.0,50.0,47.91496,,,7.353,42.85714,23.80952,,42.857,52.77778,48.14815,39.83935,39.90378,,,0.01084,0.01199,,,0,0,0,,,,,-0.15,,,,0.297,0.333,0.32,0.289,0.287,0.319,2021-02-18,2020-12-31,2020-12-04,2021-03-03,2021-02-04,2020-12-10,1.01,-2.69,3.48,-13.81,4.39,-0.31,2.0,9.0,9.0,22.0,14.0,4.0,1.0,-0.0,0.0,-1.0,0.0,-0.0,0.295,0.29,0.3,0.285,0.285,0.295,2021-03-05,2021-03-02,2021-02-22,2021-03-04,2021-03-01,2021-02-19,0.0,0.0,0.0,100.0,100.0,100.0,1999-01-01,1999-01-01,1999-01-01,1999-01-01,1999-01-01,1999-01-01,398100.0,832600.0,1928300.0,-22.64,-11.21,64.42,0.008,0.0,0.0,-0.004,-0.001,100.0,0.00718,0.0,0.0,-0.00361,-0.00132,100.0,40.116,0.0,0.0,38.345,100.0,100.0,42.857,28.571,62.5,14.286,0.0,50.0,0.0,0.0,0.0,42.647,100.0,100.0,2020-12-17,1999-01-01,1999-01-01,2021-02-24,2020-11-03,1999-01-01,8021,0,0,113,7977,0,2021-02-25,1999-01-01,1999-01-01,2021-01-27,1999-01-01,1999-01-01,2021-03-05,2021-03-02,2021-02-22,2021-03-04,2021-02-26,2021-02-19,1999-01-01,1999-01-01,1999-01-01,2021-02-02,1999-01-01,1999-01-01,1,0,0,0,0,0,1,0,0,1,1,0,0,1,1,0,0,0,0,0,0,0,1,0,0,0,0,0,1,0,1928300,,,,,,,,n2p,Life.BullEnd,Life.BullRetrace,Life.BullStart,Life.Bull,Life.BearStart,,
2021-03-08,0.29382,,,0.29,,0.29337,0.2975,0.29813,0.29584,0.00229,0.00357,0.00113,-0.00476,-0.00035,0.00124,0.00476,0.00438,0.0017,0.00081,-0.00392,0.00473,0.29041,0.29361,-0.00321,-0.00249,-0.00296,0.00046,,,2.1,-3.67,3.46,-10.37,1.12,-8.86,0.4,-1.21,6.0,12.0,18.0,27.0,8.0,23.0,6.0,10.0,-0.0,-0.005,0.00143,-0.0025,0.57143,36.36364,48.07376,,,-6.28336,28.57143,28.57143,28.571,,52.77778,51.85185,39.7704,39.83825,,,0.0115,0.01184,,,0,0,0,,,,,-0.15,,,,0.297,0.333,0.32,0.289,0.287,0.319,2021-02-18,2020-12-31,2020-12-04,2021-03-03,2021-02-04,2020-12-10,1.67,-2.69,3.48,-13.81,4.39,-0.31,3.0,9.0,9.0,22.0,14.0,4.0,1.0,-0.0,0.0,-1.0,0.0,-0.0,0.295,0.29,0.3,0.29,0.285,0.285,2021-03-05,2021-03-02,2021-02-22,2021-03-08,2021-03-04,2021-03-01,0.0,0.0,0.0,100.0,100.0,100.0,1999-01-01,1999-01-01,1999-01-01,1999-01-01,1999-01-01,1999-01-01,832600.0,1928300.0,5127000.0,-11.21,64.42,149.7,0.008,0.0,0.0,-0.004,-0.001,100.0,0.00718,0.0,0.0,-0.00361,-0.00132,100.0,40.116,0.0,0.0,38.345,100.0,100.0,42.857,28.571,62.5,28.571,14.286,0.0,0.0,0.0,0.0,42.647,100.0,100.0,2020-12-17,1999-01-01,1999-01-01,2021-02-24,2020-11-03,1999-01-01,8021,0,0,113,7977,0,2021-02-25,1999-01-01,1999-01-01,2021-01-27,1999-01-01,1999-01-01,2021-03-05,2021-03-02,2021-02-22,2021-03-08,2021-03-04,2021-02-26,1999-01-01,1999-01-01,1999-01-01,2021-02-02,1999-01-01,1999-01-01,1,0,0,0,0,0,0,1,0,1,1,0,0,1,1,0,0,0,0,1,0,0,1,0,0,0,0,0,1,0,,-5127000,,,,,,n2p,p2p,Life.BullEnd,Life.BullRetrace,Life.BullStart,Life.Bull,Life.BearStart,,
2021-03-09,0.29576,,,,,0.2935,0.2974,0.29807,0.29583,0.00223,0.00341,0.00111,-0.00457,-0.00057,0.0012,0.00457,0.00424,0.00157,0.00083,-0.00398,0.00481,0.29111,0.29372,-0.0026,-0.00235,-0.00284,0.00048,,,1.43,-3.67,3.46,-10.37,1.12,-8.86,0.4,-1.21,5.0,12.0,18.0,27.0,8.0,23.0,6.0,10.0,0.005,0.0,0.00179,-0.00214,0.83333,45.45455,48.2097,,,2.80755,50.0,40.47619,,,52.77778,52.77778,39.69859,39.76945,,,0.01139,0.0117,,,0,0,0,,,,,-0.15,,,,0.297,0.333,0.32,0.289,0.287,0.319,2021-02-18,2020-12-31,2020-12-04,2021-03-03,2021-02-04,2020-12-10,2.34,-2.69,3.48,-13.81,4.39,-0.31,4.0,9.0,9.0,22.0,14.0,4.0,1.0,-0.0,0.0,-1.0,0.0,-0.0,0.295,0.29,0.3,0.29,0.285,0.285,2021-03-05,2021-03-02,2021-02-22,2021-03-08,2021-03-04,2021-03-01,0.0,0.0,0.0,100.0,100.0,100.0,1999-01-01,1999-01-01,1999-01-01,1999-01-01,1999-01-01,1999-01-01,1928300.0,5127000.0,1317600.0,64.42,149.7,6.15,0.008,0.0,0.0,-0.004,-0.001,100.0,0.00718,0.0,0.0,-0.00361,-0.00132,100.0,40.116,0.0,0.0,38.345,100.0,100.0,42.857,28.571,62.5,28.571,14.286,0.0,0.0,0.0,0.0,42.647,100.0,100.0,2020-12-17,1999-01-01,1999-01-01,2021-02-24,2020-11-03,1999-01-01,8021,0,0,113,7977,0,2021-02-25,1999-01-01,1999-01-01,2021-01-27,1999-01-01,1999-01-01,2021-03-05,2021-03-02,2021-02-22,2021-03-08,2021-03-04,2021-02-26,1999-01-01,1999-01-01,1999-01-01,2021-02-02,1999-01-01,1999-01-01,1,0,0,0,0,0,0,1,0,1,1,0,0,1,1,0,0,0,0,1,0,0,1,0,0,0,0,0,1,0,,,,,,,n2p,p2p,,Life.BullEnd,Life.BullRetrace,Life.BullStart,Life.Bull,Life.BearStart,,
2021-03-10,0.29757,,,,,0.29361,0.29731,0.29801,0.29583,0.00218,0.00325,0.00107,-0.00439,-0.00078,0.00116,0.00439,0.00411,0.00145,0.00086,-0.00403,0.00489,0.29171,0.29381,-0.0021,-0.00222,-0.00271,0.0005,,,0.82,-3.67,3.46,-10.37,1.12,-8.86,0.4,-1.21,4.0,12.0,18.0,27.0,8.0,23.0,6.0,10.0,0.0,0.0,0.00179,-0.00214,0.83333,45.45455,48.32404,,,2.80755,50.0,42.85714,,,44.44444,50.0,39.62577,39.69825,,,0.01093,0.01156,,,0,0,0,,,,,-0.15,,,,0.297,0.333,0.32,0.289,0.287,0.319,2021-02-18,2020-12-31,2020-12-04,2021-03-03,2021-02-04,2020-12-10,2.97,-2.69,3.48,-13.81,4.39,-0.31,5.0,9.0,9.0,22.0,14.0,4.0,1.0,-0.0,0.0,-1.0,0.0,-0.0,0.295,0.29,0.3,0.29,0.285,0.285,2021-03-05,2021-03-02,2021-02-22,2021-03-08,2021-03-04,2021-03-01,0.0,0.0,0.0,100.0,100.0,100.0,1999-01-01,1999-01-01,1999-01-01,1999-01-01,1999-01-01,1999-01-01,5127000.0,1317600.0,2267600.0,149.7,6.15,4.05,0.008,0.0,0.0,-0.004,-0.001,100.0,0.00718,0.0,0.0,-0.00361,-0.00132,100.0,40.116,0.0,0.0,38.345,100.0,100.0,42.857,28.571,62.5,28.571,14.286,0.0,0.0,0.0,0.0,42.647,100.0,100.0,2020-12-17,1999-01-01,1999-01-01,2021-02-24,2020-11-03,1999-01-01,8021,0,0,113,7977,0,2021-02-25,1999-01-01,1999-01-01,2021-01-27,1999-01-01,1999-01-01,2021-03-05,2021-03-02,2021-02-22,2021-03-08,2021-03-04,2021-02-26,1999-01-01,1999-01-01,1999-01-01,2021-02-02,1999-01-01,1999-01-01,1,0,0,0,0,0,0,1,0,1,1,0,0,1,1,0,0,0,0,1,0,0,1,0,0,0,0,0,1,0,,,,,,n2p,p2p,,,Life.BullEnd,Life.BullRetrace,Life.BullStart,Life.Bull,Life.BearStart,,
2021-03-11,0.29906,,,,0.31,0.29487,0.29781,0.29824,0.29597,0.00228,0.00311,0.00103,-0.00337,-0.00097,0.00114,0.00337,0.00399,0.00132,0.00089,-0.00408,0.00497,0.29453,0.29501,-0.00049,-0.00208,-0.00259,0.0005,,,0.32,-3.67,3.46,-10.37,1.12,-8.86,0.4,-1.21,3.0,12.0,18.0,27.0,8.0,23.0,6.0,10.0,0.015,0.0,0.00286,-0.00179,1.6,61.53846,48.41877,,,18.89146,100.0,66.66667,,100.0,66.66667,54.62963,39.55478,39.62638,,,0.01122,0.01143,,,0,0,0,,,,,-0.15,,,,0.297,0.333,0.32,0.289,0.287,0.319,2021-02-18,2020-12-31,2020-12-04,2021-03-03,2021-02-04,2020-12-10,3.48,-2.69,3.48,-13.81,4.39,-0.31,6.0,9.0,9.0,22.0,14.0,4.0,1.0,-0.0,0.0,-1.0,0.0,-0.0,0.31,0.295,0.29,0.29,0.285,0.285,2021-03-11,2021-03-05,2021-03-02,2021-03-08,2021-03-04,2021-03-01,0.0,0.0,0.0,100.0,100.0,100.0,1999-01-01,1999-01-01,1999-01-01,1999-01-01,1999-01-01,1999-01-01,1317600.0,2267600.0,7086500.0,6.15,4.05,22.49,0.008,0.0,0.0,-0.004,-0.001,100.0,0.00718,0.0,0.0,-0.00361,-0.00132,100.0,40.116,0.0,0.0,38.345,100.0,100.0,100.0,42.857,28.571,28.571,14.286,0.0,0.0,0.0,0.0,42.647,100.0,100.0,2020-12-17,1999-01-01,1999-01-01,2021-02-24,2020-11-03,1999-01-01,8021,0,0,113,7977,0,2021-02-25,1999-01-01,1999-01-01,2021-01-27,1999-01-01,1999-01-01,2021-03-11,2021-03-05,2021-03-02,2021-03-08,2021-03-04,2021-02-26,1999-01-01,1999-01-01,1999-01-01,2021-02-02,1999-01-01,1999-01-01,1,0,0,0,0,1,0,1,0,1,1,0,0,1,1,0,0,1,0,1,0,0,1,0,0,0,0,0,1,0,,,,,n2p,p2p,,,,Life.BullEnd,Life.BullRetrace,Life.BullStart,Life.Bull,Life.BearStart,,
2021-03-12,0.30004,,,0.3,,0.29527,0.29789,0.29828,0.29601,0.00227,0.00297,0.00098,-0.00301,-0.00116,0.00112,0.00301,0.00389,0.00118,0.00092,-0.00413,0.00505,0.29537,0.29538,-1e-05,-0.00195,-0.00246,0.00051,,,-0.01,-3.67,3.46,-10.37,1.12,-8.86,0.4,-1.21,2.0,12.0,18.0,27.0,8.0,23.0,6.0,10.0,-0.0,-0.01,0.0025,-0.0025,1.0,50.0,48.49504,,,7.353,66.66667,72.22222,66.667,,66.66667,59.25926,39.48765,39.55607,,,0.01114,0.0113,,,0,0,0,,,,,-0.15,,,,0.297,0.333,0.32,0.289,0.287,0.319,2021-02-18,2020-12-31,2020-12-04,2021-03-03,2021-02-04,2020-12-10,3.82,-2.69,3.48,-13.81,4.39,-0.31,7.0,9.0,9.0,22.0,14.0,4.0,1.0,-0.0,0.0,-1.0,0.0,-0.0,0.31,0.295,0.29,0.3,0.29,0.285,2021-03-11,2021-03-05,2021-03-02,2021-03-12,2021-03-08,2021-03-04,0.0,0.0,0.0,100.0,100.0,100.0,1999-01-01,1999-01-01,1999-01-01,1999-01-01,1999-01-01,1999-01-01,2267600.0,7086500.0,1612300.0,4.05,22.49,2.76,0.008,0.0,0.0,-0.004,-0.001,100.0,0.00718,0.0,0.0,-0.00361,-0.00132,100.0,40.116,0.0,0.0,38.345,100.0,100.0,100.0,42.857,28.571,66.667,28.571,14.286,0.0,0.0,0.0,42.647,100.0,100.0,2020-12-17,1999-01-01,1999-01-01,2021-02-24,2020-11-03,1999-01-01,8021,0,0,113,7977,0,2021-02-25,1999-01-01,1999-01-01,2021-01-27,1999-01-01,1999-01-01,2021-03-11,2021-03-05,2021-03-02,2021-03-12,2021-03-08,2021-03-04,1999-01-01,1999-01-01,1999-01-01,2021-02-02,1999-01-01,1999-01-01,1,0,0,0,0,1,0,1,0,1,1,0,0,1,1,0,0,1,0,1,0,0,1,0,0,0,0,0,1,0,,,,,p2p,,,,,Life.BullEnd,Life.BullRetrace,Life.BullStart,Life.Bull,Life.BearStart,,
2021-03-15,0.30041,,,,0.31,0.2964,0.29837,0.29851,0.29615,0.00237,0.00285,0.00093,-0.00211,-0.00133,0.0011,0.00237,0.0038,0.00104,0.00095,-0.00418,0.00513,0.29762,0.29646,0.00116,-0.00182,-0.00233,0.00051,,,-0.14,-3.67,3.46,-10.37,1.12,-8.86,0.4,-1.21,1.0,12.0,18.0,27.0,8.0,23.0,6.0,10.0,0.01,0.0,0.00321,-0.00214,1.5,60.0,48.55511,,,17.353,85.71429,84.12698,,85.714,76.66667,70.0,39.42556,39.48933,,,0.01141,0.01119,,,0,0,0,,,,,-0.15,,,,0.297,0.333,0.32,0.289,0.287,0.319,2021-02-18,2020-12-31,2020-12-04,2021-03-03,2021-02-04,2020-12-10,3.95,-2.69,3.48,-13.81,4.39,-0.31,8.0,9.0,9.0,22.0,14.0,4.0,0.0,-0.0,0.0,-1.0,0.0,-0.0,0.31,0.31,0.295,0.3,0.29,0.285,2021-03-15,2021-03-11,2021-03-05,2021-03-12,2021-03-08,2021-03-04,0.0,0.0,0.0,100.0,100.0,100.0,1999-01-01,1999-01-01,1999-01-01,1999-01-01,1999-01-01,1999-01-01,7086500.0,1612300.0,3229100.0,22.49,2.76,8.77,0.008,0.0,0.0,-0.004,-0.001,100.0,0.00718,0.0,0.0,-0.00361,-0.00132,100.0,40.116,0.0,0.0,38.345,100.0,100.0,85.714,100.0,42.857,66.667,28.571,14.286,0.0,0.0,0.0,42.647,100.0,100.0,2020-12-17,1999-01-01,1999-01-01,2021-02-24,2020-11-03,1999-01-01,8021,0,0,113,7977,0,2021-02-25,1999-01-01,1999-01-01,2021-01-27,1999-01-01,1999-01-01,2021-03-15,2021-03-11,2021-03-05,2021-03-12,2021-03-08,2021-03-04,1999-01-01,1999-01-01,1999-01-01,2021-02-02,1999-01-01,1999-01-01,1,0,0,0,0,1,0,1,0,1,1,0,0,1,1,0,0,0,0,1,0,0,1,0,0,0,0,0,1,0,,,,,,,,,,Life.BullEnd,Life.BullRetrace,Life.BullStart,Life.Bull,Life.BearStart,,
2021-03-16,0.30011,,0.3,,,0.29668,0.29843,0.29854,0.29618,0.00236,0.00273,0.00087,-0.00186,-0.0015,0.00109,0.00236,0.00371,0.0009,0.00098,-0.00423,0.00521,0.29798,0.29673,0.00126,-0.0017,-0.00221,0.0005,,,-3.7,3.46,-10.37,1.12,-8.86,0.4,-1.21,3.67,12.0,18.0,27.0,8.0,23.0,6.0,10.0,11.0,-0.0,-0.01,0.00321,-0.00286,1.125,52.94118,48.60265,,,10.29418,57.14286,69.84127,,,56.66667,66.66667,39.36916,39.42746,,,0.01131,0.01107,,,0,0,0,,,,,-0.15,,,,0.3,0.297,0.333,0.289,0.287,0.319,2021-03-16,2021-02-18,2020-12-31,2021-03-03,2021-02-04,2020-12-10,0.0,3.81,-2.69,3.48,-13.81,4.39,0.0,9.0,9.0,9.0,22.0,14.0,0.0,0.0,-0.0,0.0,-1.0,0.0,0.31,0.31,0.295,0.3,0.29,0.285,2021-03-15,2021-03-11,2021-03-05,2021-03-12,2021-03-08,2021-03-04,0.0,0.0,0.0,100.0,100.0,100.0,1999-01-01,1999-01-01,1999-01-01,1999-01-01,1999-01-01,1999-01-01,1612300.0,3229100.0,1980900.0,2.76,8.77,-42.8,0.008,0.0,0.0,-0.004,-0.001,100.0,0.00718,0.0,0.0,-0.00361,-0.00132,100.0,40.116,0.0,0.0,38.345,100.0,100.0,85.714,100.0,42.857,66.667,28.571,14.286,0.0,0.0,0.0,42.647,100.0,100.0,2020-12-17,1999-01-01,1999-01-01,2021-02-24,2020-11-03,1999-01-01,8021,0,0,113,7977,0,2021-02-25,1999-01-01,1999-01-01,2021-01-27,1999-01-01,1999-01-01,2021-03-15,2021-03-11,2021-03-05,2021-03-12,2021-03-08,2021-03-04,1999-01-01,1999-01-01,1999-01-01,2021-02-02,1999-01-01,1999-01-01,0,0,0,0,0,1,0,1,0,1,1,0,0,1,1,0,0,0,0,1,0,0,1,0,0,0,0,0,1,0,,,-1980900,,,,,,p2n,Life.BullEnd,Life.BullRetrace,Life.BullStart,Life.Bull,Life.BearStart,,
2021-03-17,0.29928,,,,,0.29693,0.29849,0.29857,0.29622,0.00235,0.00262,0.00081,-0.00164,-0.00165,0.00108,0.00235,0.00364,0.00076,0.00102,-0.00427,0.00528,0.29829,0.29697,0.00133,-0.00159,-0.00208,0.0005,,,-3.43,3.46,-10.37,1.12,-8.86,0.4,-1.21,3.67,11.0,18.0,27.0,8.0,23.0,6.0,10.0,11.0,0.0,0.0,0.00321,-0.00214,1.5,60.0,48.63977,,,17.353,57.14286,66.66667,,,48.33333,60.55556,39.3182,39.37098,,,0.01086,0.01097,,,0,0,0,,,,,-0.15,,,,0.3,0.297,0.333,0.289,0.287,0.319,2021-03-16,2021-02-18,2020-12-31,2021-03-03,2021-02-04,2020-12-10,-0.24,3.81,-2.69,3.48,-13.81,4.39,1.0,9.0,9.0,9.0,22.0,14.0,-0.0,0.0,-0.0,0.0,-1.0,0.0,0.31,0.31,0.295,0.3,0.29,0.285,2021-03-15,2021-03-11,2021-03-05,2021-03-12,2021-03-08,2021-03-04,0.0,0.0,0.0,100.0,100.0,100.0,1999-01-01,1999-01-01,1999-01-01,1999-01-01,1999-01-01,1999-01-01,3229100.0,1980900.0,482600.0,8.77,-42.8,-16.56,0.008,0.0,0.0,-0.004,-0.001,100.0,0.00718,0.0,0.0,-0.00361,-0.00132,100.0,40.116,0.0,0.0,38.345,100.0,100.0,85.714,100.0,42.857,66.667,28.571,14.286,0.0,0.0,0.0,42.647,100.0,100.0,2020-12-17,1999-01-01,1999-01-01,2021-02-24,2020-11-03,1999-01-01,8021,0,0,113,7977,0,2021-02-25,1999-01-01,1999-01-01,2021-01-27,1999-01-01,1999-01-01,2021-03-15,2021-03-11,2021-03-05,2021-03-12,2021-03-08,2021-03-04,1999-01-01,1999-01-01,1999-01-01,2021-02-02,1999-01-01,1999-01-01,0,0,0,0,0,1,0,1,0,1,1,0,0,1,1,0,0,0,0,1,0,0,1,0,0,0,0,0,1,0,,,,,,,,p2n,,Life.BullEnd,Life.BullRetrace,Life.BullStart,Life.Bull,Life.BearStart,,
2021-03-18,0.29808,,,,,0.29717,0.29855,0.2986,0.29626,0.00234,0.00252,0.00075,-0.00143,-0.00179,0.00107,0.00234,0.00357,0.00063,0.00105,-0.00431,0.00536,0.29856,0.29719,0.00136,-0.00147,-0.00196,0.00049,,,-3.05,3.46,-10.37,1.12,-8.86,0.4,-1.21,3.67,10.0,18.0,27.0,8.0,23.0,6.0,10.0,11.0,0.0,0.0,0.00321,-0.00214,1.5,60.0,48.66807,,,17.353,57.14286,57.14286,,,21.66667,42.22222,39.27138,39.31958,,,0.0108,0.01087,,,0,0,0,,,,,-0.15,,,,0.3,0.297,0.333,0.289,0.287,0.319,2021-03-16,2021-02-18,2020-12-31,2021-03-03,2021-02-04,2020-12-10,-0.64,3.81,-2.69,3.48,-13.81,4.39,2.0,9.0,9.0,9.0,22.0,14.0,-0.0,0.0,-0.0,0.0,-1.0,0.0,0.31,0.31,0.295,0.3,0.29,0.285,2021-03-15,2021-03-11,2021-03-05,2021-03-12,2021-03-08,2021-03-04,0.0,0.0,0.0,100.0,100.0,100.0,1999-01-01,1999-01-01,1999-01-01,1999-01-01,1999-01-01,1999-01-01,1980900.0,482600.0,1665800.0,-42.8,-16.56,-27.46,0.008,0.0,0.0,-0.004,-0.001,100.0,0.00718,0.0,0.0,-0.00361,-0.00132,100.0,40.116,0.0,0.0,38.345,100.0,100.0,85.714,100.0,42.857,66.667,28.571,14.286,0.0,0.0,0.0,42.647,100.0,100.0,2020-12-17,1999-01-01,1999-01-01,2021-02-24,2020-11-03,1999-01-01,8021,0,0,113,7977,0,2021-02-25,1999-01-01,1999-01-01,2021-01-27,1999-01-01,1999-01-01,2021-03-15,2021-03-11,2021-03-05,2021-03-12,2021-03-08,2021-03-04,1999-01-01,1999-01-01,1999-01-01,2021-02-02,1999-01-01,1999-01-01,0,0,0,0,0,1,0,1,0,1,1,0,0,1,1,0,0,0,0,1,0,0,1,0,0,0,0,0,1,0,,,,,,,p2n,,,Life.BullEnd,Life.BullRetrace,Life.BullStart,Life.Bull,Life.BearStart,,
2021-03-19,0.29669,,,,,0.29739,0.29861,0.29863,0.2963,0.00233,0.00243,0.00068,-0.00124,-0.00192,0.00107,0.00233,0.0035,0.00051,0.00108,-0.00435,0.00542,0.29878,0.2974,0.00138,-0.00137,-0.00184,0.00047,,,-2.59,3.46,-10.37,1.12,-8.86,0.4,-1.21,3.67,9.0,18.0,27.0,8.0,23.0,6.0,10.0,11.0,0.0,0.0,0.00321,-0.00214,1.5,60.0,48.6893,,,17.353,57.14286,57.14286,,,16.66667,28.88889,39.22664,39.27207,,,0.01039,0.01077,,,0,0,0,,,,,-0.15,,,,0.3,0.297,0.333,0.289,0.287,0.319,2021-03-16,2021-02-18,2020-12-31,2021-03-03,2021-02-04,2020-12-10,-1.1,3.81,-2.69,3.48,-13.81,4.39,3.0,9.0,9.0,9.0,22.0,14.0,-0.0,0.0,-0.0,0.0,-1.0,0.0,0.31,0.31,0.295,0.3,0.29,0.285,2021-03-15,2021-03-11,2021-03-05,2021-03-12,2021-03-08,2021-03-04,0.0,0.0,0.0,100.0,100.0,100.0,1999-01-01,1999-01-01,1999-01-01,1999-01-01,1999-01-01,1999-01-01,482600.0,1665800.0,974000.0,-16.56,-27.46,-24.38,0.008,0.0,0.0,-0.004,-0.001,100.0,0.00718,0.0,0.0,-0.00361,-0.00132,100.0,40.116,0.0,0.0,38.345,100.0,100.0,85.714,100.0,42.857,66.667,28.571,14.286,0.0,0.0,0.0,42.647,100.0,100.0,2020-12-17,1999-01-01,1999-01-01,2021-02-24,2020-11-03,1999-01-01,8021,0,0,113,7977,0,2021-02-25,1999-01-01,1999-01-01,2021-01-27,1999-01-01,1999-01-01,2021-03-15,2021-03-11,2021-03-05,2021-03-12,2021-03-08,2021-03-04,1999-01-01,1999-01-01,1999-01-01,2021-02-02,1999-01-01,1999-01-01,0,0,0,0,0,1,0,1,0,1,1,0,0,1,1,0,0,0,0,1,0,0,1,0,0,0,0,0,1,0,,,,,,p2n,,,,Life.BullEnd,Life.BullRetrace,Life.BullStart,Life.Bull,Life.BearStart,,
2021-03-22,0.29529,,,,,0.29682,0.29827,0.29846,0.29623,0.00222,0.00234,0.00062,-0.00164,-0.00204,0.00107,0.00222,0.00344,0.00041,0.0011,-0.00438,0.00548,0.29743,0.29685,0.00058,-0.00127,-0.00173,0.00046,,,-2.13,3.46,-10.37,1.12,-8.86,0.4,-1.21,3.67,8.0,18.0,27.0,8.0,23.0,6.0,10.0,11.0,-0.0,-0.01,0.00286,-0.00286,1.0,50.0,48.70533,,,7.353,28.57143,47.61905,,,8.33333,15.55556,39.18377,39.22726,,,0.01036,0.01068,,,0,0,0,,,,,-0.15,,,,0.3,0.297,0.333,0.289,0.287,0.319,2021-03-16,2021-02-18,2020-12-31,2021-03-03,2021-02-04,2020-12-10,-1.57,3.81,-2.69,3.48,-13.81,4.39,4.0,9.0,9.0,9.0,22.0,14.0,-0.0,0.0,-0.0,0.0,-1.0,0.0,0.31,0.31,0.295,0.3,0.29,0.285,2021-03-15,2021-03-11,2021-03-05,2021-03-12,2021-03-08,2021-03-04,0.0,0.0,0.0,100.0,100.0,100.0,1999-01-01,1999-01-01,1999-01-01,1999-01-01,1999-01-01,1999-01-01,1665800.0,974000.0,2078500.0,-27.46,-24.38,51.11,0.008,0.0,0.0,-0.004,-0.001,100.0,0.00718,0.0,0.0,-0.00361,-0.00132,100.0,40.116,0.0,0.0,38.345,100.0,100.0,85.714,100.0,42.857,66.667,28.571,14.286,0.0,0.0,0.0,42.647,100.0,100.0,2020-12-17,1999-01-01,1999-01-01,2021-02-24,2020-11-03,1999-01-01,8021,0,0,113,7977,0,2021-02-25,1999-01-01,1999-01-01,2021-01-27,1999-01-01,1999-01-01,2021-03-15,2021-03-11,2021-03-05,2021-03-12,2021-03-08,2021-03-04,1999-01-01,1999-01-01,1999-01-01,2021-02-02,1999-01-01,1999-01-01,0,0,0,0,0,1,0,1,0,1,1,0,0,1,1,0,0,0,0,1,0,0,1,0,0,0,0,0,1,0,-2078500,,,,p2n,,,,n2p,Life.BullEnd,Life.BullRetrace,Life.BullStart,Life.Bull,Life.BearStart,,
2021-03-23,0.29398,,,,,0.29629,0.29795,0.29829,0.29617,0.00212,0.00226,0.00057,-0.00199,-0.00215,0.00108,0.00212,0.00338,0.00032,0.00113,-0.0044,0.00553,0.29629,0.29634,-6e-05,-0.00118,-0.00162,0.00044,,,-1.7,3.46,-10.37,1.12,-8.86,0.4,-1.21,3.67,7.0,18.0,27.0,8.0,23.0,6.0,10.0,11.0,0.0,0.0,0.00286,-0.0025,1.14286,53.33333,48.71768,,,10.68633,28.57143,38.09524,,,8.33333,11.11111,39.14461,39.18501,,,0.00997,0.0106,,,0,0,0,,,,,-0.15,,,,0.3,0.297,0.333,0.289,0.287,0.319,2021-03-16,2021-02-18,2020-12-31,2021-03-03,2021-02-04,2020-12-10,-2.01,3.81,-2.69,3.48,-13.81,4.39,5.0,9.0,9.0,9.0,22.0,14.0,-0.0,0.0,-0.0,0.0,-1.0,0.0,0.31,0.31,0.295,0.3,0.29,0.285,2021-03-15,2021-03-11,2021-03-05,2021-03-12,2021-03-08,2021-03-04,0.0,0.0,0.0,100.0,100.0,100.0,1999-01-01,1999-01-01,1999-01-01,1999-01-01,1999-01-01,1999-01-01,974000.0,2078500.0,676400.0,-24.38,51.11,-20.97,0.008,0.0,0.0,-0.004,-0.001,100.0,0.00718,0.0,0.0,-0.00361,-0.00132,100.0,40.116,0.0,0.0,38.345,100.0,100.0,85.714,100.0,42.857,66.667,28.571,14.286,0.0,0.0,0.0,42.647,100.0,100.0,2020-12-17,1999-01-01,1999-01-01,2021-02-24,2020-11-03,1999-01-01,8021,0,0,113,7977,0,2021-02-25,1999-01-01,1999-01-01,2021-01-27,1999-01-01,1999-01-01,2021-03-15,2021-03-11,2021-03-05,2021-03-12,2021-03-08,2021-03-04,1999-01-01,1999-01-01,1999-01-01,2021-02-02,1999-01-01,1999-01-01,0,0,0,0,0,1,0,1,0,1,1,0,0,1,1,0,0,0,0,1,0,0,1,0,0,0,0,0,1,0,,,676400,,,,,n2p,p2n,Life.BullEnd,Life.BullRetrace,Life.BullStart,Life.Bull,Life.BearStart,,
2021-03-24,0.29281,,,,,0.29581,0.29764,0.29812,0.29611,0.00201,0.00218,0.00052,-0.00231,-0.00225,0.0011,0.00231,0.00333,0.00026,0.00115,-0.00442,0.00557,0.29532,0.29587,-0.00056,-0.00109,-0.00151,0.00042,,,-1.3,3.46,-10.37,1.12,-8.86,0.4,-1.21,3.67,6.0,18.0,27.0,8.0,23.0,6.0,10.0,11.0,0.0,0.0,0.00286,-0.0025,1.14286,53.33333,48.72791,,,10.68633,28.57143,28.57143,,,6.66667,7.77778,39.11228,39.14689,,,0.00998,0.01052,,,0,0,0,,,,,-0.15,,,,0.3,0.297,0.333,0.289,0.287,0.319,2021-03-16,2021-02-18,2020-12-31,2021-03-03,2021-02-04,2020-12-10,-2.4,3.81,-2.69,3.48,-13.81,4.39,6.0,9.0,9.0,9.0,22.0,14.0,-0.0,0.0,-0.0,0.0,-1.0,0.0,0.31,0.31,0.295,0.3,0.29,0.285,2021-03-15,2021-03-11,2021-03-05,2021-03-12,2021-03-08,2021-03-04,0.0,0.0,0.0,100.0,100.0,100.0,1999-01-01,1999-01-01,1999-01-01,1999-01-01,1999-01-01,1999-01-01,2078500.0,676400.0,590100.0,51.11,-20.97,-10.3,0.008,0.0,0.0,-0.004,-0.001,100.0,0.00718,0.0,0.0,-0.00361,-0.00132,100.0,40.116,0.0,0.0,38.345,100.0,100.0,85.714,100.0,42.857,66.667,28.571,14.286,0.0,0.0,0.0,42.647,100.0,100.0,2020-12-17,1999-01-01,1999-01-01,2021-02-24,2020-11-03,1999-01-01,8021,0,0,113,7977,0,2021-02-25,1999-01-01,1999-01-01,2021-01-27,1999-01-01,1999-01-01,2021-03-15,2021-03-11,2021-03-05,2021-03-12,2021-03-08,2021-03-04,1999-01-01,1999-01-01,1999-01-01,2021-02-02,1999-01-01,1999-01-01,0,0,0,0,0,1,0,1,0,1,1,0,0,1,1,0,0,0,0,1,0,0,1,0,0,0,0,0,1,0,,,,,,,n2p,p2n,,Life.BullEnd,Life.BullRetrace,Life.BullStart,Life.Bull,Life.BearStart,,
2021-03-25,0.29176,,,0.29,,0.29536,0.29734,0.29796,0.29605,0.00191,0.00211,0.00048,-0.0026,-0.00233,0.0011,0.0026,0.00328,0.00021,0.00117,-0.00444,0.00561,0.2945,0.29544,-0.00094,-0.00101,-0.00141,0.0004,,,-0.94,3.46,-10.37,1.12,-8.86,0.4,-1.21,3.67,5.0,18.0,27.0,8.0,23.0,6.0,10.0,11.0,0.0,0.0,0.00214,-0.0025,0.85714,46.15385,48.73872,,,3.50685,16.66667,24.60317,16.667,,17.77778,10.92593,39.08975,39.11555,,,0.00998,0.01045,,,0,0,0,,,,,-0.15,,,,0.3,0.297,0.333,0.289,0.287,0.319,2021-03-16,2021-02-18,2020-12-31,2021-03-03,2021-02-04,2020-12-10,-2.75,3.81,-2.69,3.48,-13.81,4.39,7.0,9.0,9.0,9.0,22.0,14.0,-0.0,0.0,-0.0,0.0,-1.0,0.0,0.31,0.31,0.295,0.29,0.3,0.29,2021-03-15,2021-03-11,2021-03-05,2021-03-25,2021-03-12,2021-03-08,0.0,0.0,0.0,100.0,100.0,100.0,1999-01-01,1999-01-01,1999-01-01,1999-01-01,1999-01-01,1999-01-01,676400.0,590100.0,710000.0,-20.97,-10.3,-40.91,0.008,0.0,0.0,-0.004,-0.001,100.0,0.00718,0.0,0.0,-0.00361,-0.00132,100.0,40.116,0.0,0.0,38.345,100.0,100.0,85.714,100.0,42.857,16.667,66.667,28.571,0.0,0.0,0.0,42.647,100.0,100.0,2020-12-17,1999-01-01,1999-01-01,2021-02-24,2020-11-03,1999-01-01,8021,0,0,113,7977,0,2021-02-25,1999-01-01,1999-01-01,2021-01-27,1999-01-01,1999-01-01,2021-03-15,2021-03-11,2021-03-05,2021-03-25,2021-03-12,2021-03-08,1999-01-01,1999-01-01,1999-01-01,2021-02-02,1999-01-01,1999-01-01,0,0,0,0,0,1,1,0,0,1,1,0,0,1,1,0,0,0,1,0,0,0,1,0,0,0,0,0,1,0,,,,,,n2p,p2n,,,Life.BullEnd,Life.BullRetrace,Life.BullStart,Life.Bull,Life.BearStart,,
2021-03-26,0.29081,,,,,0.29534,0.29724,0.2979,0.29604,0.00186,0.00204,0.00045,-0.00257,-0.00241,0.0011,0.00257,0.00322,0.00018,0.00119,-0.00445,0.00563,0.29458,0.29541,-0.00083,-0.00093,-0.00132,0.00038,,,-0.62,3.46,-10.37,1.12,-8.86,0.4,-1.21,3.67,4.0,18.0,27.0,8.0,23.0,6.0,10.0,11.0,0.005,0.0,0.0025,-0.00214,1.16667,53.84615,48.75248,,,11.19915,33.33333,26.19048,,,34.44444,19.62963,39.07944,39.09382,39.079,,0.01034,0.01039,,,0,0,0,,,,,-0.15,,,,0.3,0.297,0.333,0.289,0.287,0.319,2021-03-16,2021-02-18,2020-12-31,2021-03-03,2021-02-04,2020-12-10,-3.06,3.81,-2.69,3.48,-13.81,4.39,8.0,9.0,9.0,9.0,22.0,14.0,-0.0,0.0,-0.0,0.0,-1.0,0.0,0.31,0.31,0.295,0.29,0.3,0.29,2021-03-15,2021-03-11,2021-03-05,2021-03-25,2021-03-12,2021-03-08,0.0,0.0,0.0,100.0,100.0,100.0,1999-01-01,1999-01-01,1999-01-01,1999-01-01,1999-01-01,1999-01-01,590100.0,710000.0,1684500.0,-10.3,-40.91,51.0,0.008,0.0,0.0,-0.004,-0.001,100.0,0.00718,0.0,0.0,-0.00361,-0.00132,100.0,40.116,0.0,0.0,39.079,38.345,100.0,85.714,100.0,42.857,16.667,66.667,28.571,0.0,0.0,0.0,42.647,100.0,100.0,2020-12-17,1999-01-01,1999-01-01,2021-02-24,2020-11-03,1999-01-01,8021,0,0,113,7977,0,2021-02-25,1999-01-01,1999-01-01,2021-03-26,2021-01-27,1999-01-01,2021-03-15,2021-03-11,2021-03-05,2021-03-25,2021-03-12,2021-03-08,1999-01-01,1999-01-01,1999-01-01,2021-02-02,1999-01-01,1999-01-01,0,0,0,0,0,1,1,0,0,1,1,0,0,1,0,0,0,0,1,0,0,0,1,0,0,0,0,0,1,0,1684500,,,,n2p,p2n,,,n2p,Life.BullEnd,Life.BullRetrace,Life.BullStart,Life.Bull,Life.BearStart,,
2021-03-29,0.29003,,,,0.295,0.29531,0.29716,0.29785,0.29603,0.00182,0.00197,0.00043,-0.00254,-0.00248,0.00108,0.00254,0.00317,0.00016,0.0012,-0.00445,0.00565,0.29464,0.29538,-0.00073,-0.00086,-0.00123,0.00036,,,-0.36,3.46,-10.37,1.12,-8.86,0.4,-1.21,3.67,3.0,18.0,27.0,8.0,23.0,6.0,10.0,11.0,0.0,0.0,0.00214,-0.00214,1.0,50.0,48.76979,,,7.353,33.33333,27.77778,,33.333,44.44444,32.22222,39.08171,39.08363,,,0.01031,0.01033,,,0,0,0,,,,,-0.15,,,,0.3,0.297,0.333,0.289,0.287,0.319,2021-03-16,2021-02-18,2020-12-31,2021-03-03,2021-02-04,2020-12-10,-3.32,3.81,-2.69,3.48,-13.81,4.39,9.0,9.0,9.0,9.0,22.0,14.0,-0.0,0.0,-0.0,0.0,-1.0,0.0,0.295,0.31,0.31,0.29,0.3,0.29,2021-03-29,2021-03-15,2021-03-11,2021-03-25,2021-03-12,2021-03-08,0.0,0.0,0.0,100.0,100.0,100.0,1999-01-01,1999-01-01,1999-01-01,1999-01-01,1999-01-01,1999-01-01,710000.0,1684500.0,378400.0,-40.91,51.0,-7.09,0.008,0.0,0.0,-0.004,-0.001,100.0,0.00718,0.0,0.0,-0.00361,-0.00132,100.0,40.116,0.0,0.0,39.079,38.345,100.0,33.333,85.714,100.0,16.667,66.667,28.571,0.0,0.0,0.0,42.647,100.0,100.0,2020-12-17,1999-01-01,1999-01-01,2021-02-24,2020-11-03,1999-01-01,8021,0,0,113,7977,0,2021-02-25,1999-01-01,1999-01-01,2021-03-26,2021-01-27,1999-01-01,2021-03-29,2021-03-15,2021-03-11,2021-03-25,2021-03-12,2021-03-08,1999-01-01,1999-01-01,1999-01-01,2021-02-02,1999-01-01,1999-01-01,0,0,0,0,1,0,1,0,0,1,1,0,0,1,0,0,1,0,1,0,0,0,1,0,0,0,0,0,1,0,,,378400,,p2n,,,n2p,p2n,Life.BullEnd,Life.BullRetrace,Life.BullStart,Life.Bull,Life.BearStart,,
2021-03-30,0.28951,,,,,0.2949,0.29688,0.29769,0.29597,0.00172,0.00191,0.00041,-0.00279,-0.00253,0.00105,0.00279,0.00313,0.00016,0.00121,-0.00445,0.00566,0.29393,0.29498,-0.00105,-0.0008,-0.00114,0.00034,,,-0.18,3.46,-10.37,1.12,-8.86,0.4,-1.21,3.67,2.0,18.0,27.0,8.0,23.0,6.0,10.0,11.0,-0.0,-0.005,0.00214,-0.0025,0.85714,46.15385,48.78999,,,3.50685,16.66667,27.77778,,,41.66667,40.18519,39.09369,39.08495,,,0.00993,0.01027,,,0,0,0,,,,,-0.15,,,,0.3,0.297,0.333,0.289,0.287,0.319,2021-03-16,2021-02-18,2020-12-31,2021-03-03,2021-02-04,2020-12-10,-3.5,3.81,-2.69,3.48,-13.81,4.39,10.0,9.0,9.0,9.0,22.0,14.0,-0.0,0.0,-0.0,0.0,-1.0,0.0,0.295,0.31,0.31,0.29,0.3,0.29,2021-03-29,2021-03-15,2021-03-11,2021-03-25,2021-03-12,2021-03-08,0.0,0.0,0.0,100.0,100.0,100.0,1999-01-01,1999-01-01,1999-01-01,1999-01-01,1999-01-01,1999-01-01,1684500.0,378400.0,621700.0,51.0,-7.09,-3.18,0.008,0.0,0.0,-0.004,-0.001,100.0,0.00718,0.0,0.0,-0.00361,-0.00132,100.0,40.116,0.0,0.0,39.079,38.345,100.0,33.333,85.714,100.0,16.667,66.667,28.571,0.0,0.0,0.0,42.647,100.0,100.0,2020-12-17,1999-01-01,1999-01-01,2021-02-24,2020-11-03,1999-01-01,8021,0,0,113,7977,0,2021-02-25,1999-01-01,1999-01-01,2021-03-26,2021-01-27,1999-01-01,2021-03-29,2021-03-15,2021-03-11,2021-03-25,2021-03-12,2021-03-08,1999-01-01,1999-01-01,1999-01-01,2021-02-02,1999-01-01,1999-01-01,0,0,0,0,1,0,1,0,0,1,1,0,0,1,0,0,1,0,1,0,0,0,1,0,0,0,0,0,1,0,,,,,,,n2p,p2n,,Life.BullEnd,Life.BullRetrace,Life.BullStart,Life.Bull,Life.BearStart,,
2021-03-31,0.28927,,,,,0.29414,0.29641,0.29744,0.29586,0.00158,0.00186,0.00037,-0.0033,-0.00258,0.00099,0.0033,0.00308,0.00011,0.00122,-0.00443,0.00566,0.29255,0.29424,-0.00168,-0.00074,-0.00106,0.00032,,,-0.1,3.46,-10.37,1.12,-8.86,0.4,-1.21,3.67,1.0,18.0,27.0,8.0,23.0,6.0,10.0,11.0,-0.0,-0.005,0.00107,-0.00286,0.375,27.27273,48.8118,,,-15.37427,14.28571,21.42857,,,31.66667,39.25926,39.10929,39.0949,,,0.0103,0.01022,,,0,0,0,,,,,-0.15,,,,0.3,0.297,0.333,0.289,0.287,0.319,2021-03-16,2021-02-18,2020-12-31,2021-03-03,2021-02-04,2020-12-10,-3.58,3.81,-2.69,3.48,-13.81,4.39,11.0,9.0,9.0,9.0,22.0,14.0,-0.0,0.0,-0.0,0.0,-1.0,0.0,0.295,0.31,0.31,0.29,0.3,0.29,2021-03-29,2021-03-15,2021-03-11,2021-03-25,2021-03-12,2021-03-08,0.0,0.0,0.0,100.0,100.0,100.0,1999-01-01,1999-01-01,1999-01-01,1999-01-01,1999-01-01,1999-01-01,378400.0,621700.0,2578600.0,-7.09,-3.18,33.3,0.008,0.0,0.0,-0.004,-0.001,100.0,0.00718,0.0,0.0,-0.00361,-0.00132,100.0,40.116,0.0,0.0,39.079,38.345,100.0,33.333,85.714,100.0,16.667,66.667,28.571,0.0,0.0,0.0,42.647,100.0,100.0,2020-12-17,1999-01-01,1999-01-01,2021-02-24,2020-11-03,1999-01-01,8021,0,0,113,7977,0,2021-02-25,1999-01-01,1999-01-01,2021-03-26,2021-01-27,1999-01-01,2021-03-29,2021-03-15,2021-03-11,2021-03-25,2021-03-12,2021-03-08,1999-01-01,1999-01-01,1999-01-01,2021-02-02,1999-01-01,1999-01-01,0,0,0,0,1,0,1,0,0,1,1,0,0,1,0,0,1,0,1,0,0,0,1,0,0,0,0,0,1,0,,,,,,n2p,p2n,,,Life.BullEnd,Life.BullRetrace,Life.BullStart,Life.Bull,Life.BearStart,,
2021-04-01,0.28932,0.289,,,,0.29344,0.29596,0.29719,0.29575,0.00144,0.00181,0.0003,-0.00376,-0.00261,0.00091,0.00376,0.00303,-1e-05,0.00123,-0.00442,0.00564,0.29139,0.29355,-0.00216,-0.00068,-0.00098,0.0003,,,3.35,-10.37,1.12,-8.86,0.4,-1.21,3.67,-0.39,18.0,27.0,8.0,23.0,6.0,10.0,11.0,4.0,0.0,0.0,0.00107,-0.00214,0.5,33.33333,48.83428,,,-9.31367,14.28571,15.07937,14.286,,21.66667,31.66667,39.12056,39.10785,,,0.00992,0.01017,,,0,0,0,,,,,-0.15,,,,0.3,0.297,0.333,0.289,0.289,0.287,2021-03-16,2021-02-18,2020-12-31,2021-04-01,2021-03-03,2021-02-04,0.0,-3.67,3.81,-2.69,3.48,-13.81,0.0,12.0,9.0,9.0,9.0,22.0,0.0,-0.0,0.0,-0.0,0.0,-1.0,0.295,0.31,0.31,0.29,0.3,0.29,2021-03-29,2021-03-15,2021-03-11,2021-03-25,2021-03-12,2021-03-08,0.0,0.0,0.0,100.0,100.0,100.0,1999-01-01,1999-01-01,1999-01-01,1999-01-01,1999-01-01,1999-01-01,621700.0,2578600.0,809100.0,-3.18,33.3,12.04,0.008,0.0,0.0,-0.004,-0.001,100.0,0.00718,0.0,0.0,-0.00361,-0.00132,100.0,40.116,0.0,0.0,39.079,38.345,100.0,33.333,85.714,100.0,14.286,16.667,66.667,0.0,0.0,0.0,42.647,100.0,100.0,2020-12-17,1999-01-01,1999-01-01,2021-02-24,2020-11-03,1999-01-01,8021,0,0,113,7977,0,2021-02-25,1999-01-01,1999-01-01,2021-03-26,2021-01-27,1999-01-01,2021-03-29,2021-03-15,2021-03-11,2021-04-01,2021-03-25,2021-03-12,1999-01-01,1999-01-01,1999-01-01,2021-02-02,1999-01-01,1999-01-01,0,0,0,1,1,0,1,0,0,1,1,0,0,1,0,0,1,0,1,0,0,0,1,0,0,0,0,0,1,0,,,,,n2p,p2n,,,,Life.BullEnd,Life.BullRetrace,Life.BullStart,Life.Bull,Life.BearStart,,
2021-04-02,0.28963,,,,,0.29279,0.29553,0.29695,0.29564,0.00142,0.00176,0.00022,-0.00416,-0.00264,0.00081,0.00416,0.00298,-0.00015,0.00123,-0.00439,0.00562,0.29041,0.29292,-0.00251,-0.00063,-0.00091,0.00028,,,3.24,-10.37,1.12,-8.86,0.4,-1.21,3.67,-0.39,17.0,27.0,8.0,23.0,6.0,10.0,11.0,4.0,0.0,0.0,0.00036,-0.00214,0.16667,14.28571,48.85627,,,-28.36129,16.66667,15.07937,,,21.66667,25.0,39.12077,39.11687,,39.121,0.00921,0.01013,,,0,0,0,,,,,-0.15,,,,0.3,0.297,0.333,0.289,0.289,0.287,2021-03-16,2021-02-18,2020-12-31,2021-04-01,2021-03-03,2021-02-04,0.22,-3.67,3.81,-2.69,3.48,-13.81,1.0,12.0,9.0,9.0,9.0,22.0,0.0,-0.0,0.0,-0.0,0.0,-1.0,0.295,0.31,0.31,0.29,0.3,0.29,2021-03-29,2021-03-15,2021-03-11,2021-03-25,2021-03-12,2021-03-08,0.0,0.0,0.0,100.0,100.0,100.0,1999-01-01,1999-01-01,1999-01-01,1999-01-01,1999-01-01,1999-01-01,2578600.0,809100.0,626100.0,33.3,12.04,0.11,0.008,0.0,0.0,-0.004,-0.001,100.0,0.00718,0.0,0.0,-0.00361,-0.00132,100.0,39.121,40.116,0.0,39.079,38.345,100.0,33.333,85.714,100.0,14.286,16.667,66.667,0.0,0.0,0.0,42.647,100.0,100.0,2020-12-17,1999-01-01,1999-01-01,2021-02-24,2020-11-03,1999-01-01,8021,0,0,113,7977,0,2021-04-02,2021-02-25,1999-01-01,2021-03-26,2021-01-27,1999-01-01,2021-03-29,2021-03-15,2021-03-11,2021-04-01,2021-03-25,2021-03-12,1999-01-01,1999-01-01,1999-01-01,2021-02-02,1999-01-01,1999-01-01,0,0,0,1,1,0,1,0,0,1,1,0,0,0,0,0,1,0,1,0,0,0,1,0,0,0,0,0,1,0,,,,,p2n,,,,,Life.BullEnd,Life.BullRetrace,Life.BullStart,Life.Bull,Life.BearStart,,
2021-04-05,0.29024,,,0.285,,0.29219,0.29512,0.29672,0.29554,0.0016,0.00171,0.00014,-0.00453,-0.00266,0.00069,0.00453,0.00293,-0.00029,0.00123,-0.00437,0.00559,0.28958,0.29233,-0.00276,-0.00058,-0.00085,0.00026,,,3.02,-10.37,1.12,-8.86,0.4,-1.21,3.67,-0.39,16.0,27.0,8.0,23.0,6.0,10.0,11.0,4.0,0.0,0.0,0.00036,-0.00143,0.25,20.0,48.87581,,,-22.647,16.66667,15.87302,,,26.11111,23.14815,39.10596,39.11576,,,0.00927,0.0101,,,0,0,0,,,,,-0.15,,,,0.3,0.297,0.333,0.289,0.289,0.287,2021-03-16,2021-02-18,2020-12-31,2021-04-01,2021-03-03,2021-02-04,0.43,-3.67,3.81,-2.69,3.48,-13.81,2.0,12.0,9.0,9.0,9.0,22.0,0.0,-0.0,0.0,-0.0,0.0,-1.0,0.295,0.31,0.31,0.285,0.29,0.3,2021-03-29,2021-03-15,2021-03-11,2021-04-05,2021-03-25,2021-03-12,0.0,0.0,0.0,100.0,100.0,100.0,1999-01-01,1999-01-01,1999-01-01,1999-01-01,1999-01-01,1999-01-01,809100.0,626100.0,864800.0,12.04,0.11,-42.7,0.008,0.0,0.0,-0.004,-0.001,100.0,0.00718,0.0,0.0,-0.00361,-0.00132,100.0,39.121,40.116,0.0,39.079,38.345,100.0,33.333,85.714,100.0,14.286,16.667,66.667,0.0,0.0,0.0,42.647,100.0,100.0,2020-12-17,1999-01-01,1999-01-01,2021-02-24,2020-11-03,1999-01-01,8021,0,0,113,7977,0,2021-04-02,2021-02-25,1999-01-01,2021-03-26,2021-01-27,1999-01-01,2021-03-29,2021-03-15,2021-03-11,2021-04-01,2021-03-25,2021-03-12,1999-01-01,1999-01-01,1999-01-01,2021-02-02,1999-01-01,1999-01-01,0,0,0,1,1,0,1,0,0,1,1,0,0,0,0,0,1,0,1,0,0,0,1,0,0,0,0,0,1,0,,,864800,,,,,,p2n,Life.BullEnd,Life.BullRetrace,Life.BullStart,Life.Bull,Life.BearStart,,
2021-04-06,0.29112,,,,,0.29202,0.29492,0.29658,0.29548,0.00166,0.00166,4e-05,-0.00456,-0.00267,0.00055,0.00456,0.00288,-0.00044,0.00122,-0.00433,0.00555,0.28964,0.29216,-0.00252,-0.00055,-0.00079,0.00024,,,2.71,-10.37,1.12,-8.86,0.4,-1.21,3.67,-0.39,15.0,27.0,8.0,23.0,6.0,10.0,11.0,4.0,0.005,0.0,0.00071,-0.00143,0.5,33.33333,48.89105,,,-9.31367,33.33333,22.22222,,,41.66667,29.81481,39.07488,39.10054,,,0.00896,0.01006,,,0,0,0,,,,,-0.15,,,,0.3,0.297,0.333,0.289,0.289,0.287,2021-03-16,2021-02-18,2020-12-31,2021-04-01,2021-03-03,2021-02-04,0.73,-3.67,3.81,-2.69,3.48,-13.81,3.0,12.0,9.0,9.0,9.0,22.0,0.0,-0.0,0.0,-0.0,0.0,-1.0,0.295,0.31,0.31,0.285,0.29,0.3,2021-03-29,2021-03-15,2021-03-11,2021-04-05,2021-03-25,2021-03-12,0.0,0.0,0.0,100.0,100.0,100.0,1999-01-01,1999-01-01,1999-01-01,1999-01-01,1999-01-01,1999-01-01,626100.0,864800.0,904400.0,0.11,-42.7,4.14,0.008,0.0,0.0,-0.004,-0.001,100.0,0.00718,0.0,0.0,-0.00361,-0.00132,100.0,39.121,40.116,0.0,39.079,38.345,100.0,33.333,85.714,100.0,14.286,16.667,66.667,0.0,0.0,0.0,42.647,100.0,100.0,2020-12-17,1999-01-01,1999-01-01,2021-02-24,2020-11-03,1999-01-01,8021,0,0,113,7977,0,2021-04-02,2021-02-25,1999-01-01,2021-03-26,2021-01-27,1999-01-01,2021-03-29,2021-03-15,2021-03-11,2021-04-01,2021-03-25,2021-03-12,1999-01-01,1999-01-01,1999-01-01,2021-02-02,1999-01-01,1999-01-01,0,0,0,1,1,0,1,0,0,1,1,0,0,0,0,0,1,0,1,0,0,0,1,0,0,0,0,0,1,0,904400,,,,,,,p2n,n2p,Life.BullEnd,Life.BullRetrace,Life.BullStart,Life.Bull,Life.BearStart,,
2021-04-07,0.29218,,,,0.3,0.29263,0.29512,0.29665,0.29553,0.00153,0.00161,-5e-05,-0.00402,-0.00269,0.0004,0.00402,0.00282,-0.0006,0.00121,-0.00429,0.0055,0.29124,0.29274,-0.00151,-0.00052,-0.00073,0.00022,,,2.33,-10.37,1.12,-8.86,0.4,-1.21,3.67,-0.39,14.0,27.0,8.0,23.0,6.0,10.0,11.0,4.0,0.01,0.0,0.00143,-0.00143,1.0,50.0,48.89976,,48.9,7.353,80.0,43.33333,,80.0,58.33333,42.03704,39.02771,39.06952,,,0.00939,0.01003,,,0,0,0,,,,,-0.15,,,,0.3,0.297,0.333,0.289,0.289,0.287,2021-03-16,2021-02-18,2020-12-31,2021-04-01,2021-03-03,2021-02-04,1.1,-3.67,3.81,-2.69,3.48,-13.81,4.0,12.0,9.0,9.0,9.0,22.0,0.0,-0.0,0.0,-0.0,0.0,-1.0,0.3,0.295,0.31,0.285,0.29,0.3,2021-04-07,2021-03-29,2021-03-15,2021-04-05,2021-03-25,2021-03-12,0.0,0.0,0.0,100.0,100.0,100.0,1999-01-01,1999-01-01,1999-01-01,1999-01-01,1999-01-01,1999-01-01,864800.0,904400.0,2197900.0,-42.7,4.14,65.62,0.008,0.0,0.0,-0.004,-0.001,100.0,0.00718,0.0,0.0,-0.00361,-0.00132,100.0,39.121,40.116,0.0,39.079,38.345,100.0,80.0,33.333,85.714,14.286,16.667,66.667,48.9,0.0,0.0,42.647,100.0,100.0,2020-12-17,1999-01-01,1999-01-01,2021-02-24,2020-11-03,1999-01-01,8021,0,0,113,7977,0,2021-04-02,2021-02-25,1999-01-01,2021-03-26,2021-01-27,1999-01-01,2021-04-07,2021-03-29,2021-03-15,2021-04-01,2021-03-25,2021-03-12,2021-04-07,1999-01-01,1999-01-01,2021-02-02,1999-01-01,1999-01-01,0,0,0,1,0,0,1,0,0,1,1,0,0,0,0,0,0,0,1,0,0,1,1,0,0,0,0,0,1,0,,2197900,,,,,p2n,n2p,p2p,Life.BullEnd,Life.BullRetrace,Life.BullStart,Life.Bull,Life.BearStart,,
2021-04-08,0.29325,,,,,0.29282,0.29511,0.29662,0.29552,0.0015,0.00156,-0.00015,-0.0038,-0.00269,0.00025,0.0038,0.00275,-0.00076,0.00119,-0.00425,0.00544,0.29181,0.29291,-0.00109,-0.00049,-0.00068,0.00019,,,1.96,-10.37,1.12,-8.86,0.4,-1.21,3.67,-0.39,13.0,27.0,8.0,23.0,6.0,10.0,11.0,4.0,-0.0,-0.005,0.00143,-0.00179,0.8,44.44444,48.89923,,,-4.45556,60.0,57.77778,,,63.88889,54.62963,38.96643,39.02301,,,0.00979,0.01001,,,0,0,0,,,,,-0.15,,,,0.3,0.297,0.333,0.289,0.289,0.287,2021-03-16,2021-02-18,2020-12-31,2021-04-01,2021-03-03,2021-02-04,1.47,-3.67,3.81,-2.69,3.48,-13.81,5.0,12.0,9.0,9.0,9.0,22.0,0.0,-0.0,0.0,-0.0,0.0,-1.0,0.3,0.295,0.31,0.285,0.29,0.3,2021-04-07,2021-03-29,2021-03-15,2021-04-05,2021-03-25,2021-03-12,0.0,0.0,0.0,100.0,100.0,100.0,1999-01-01,1999-01-01,1999-01-01,1999-01-01,1999-01-01,1999-01-01,904400.0,2197900.0,1499600.0,4.14,65.62,16.0,0.008,0.0,0.0,-0.004,-0.001,100.0,0.00718,0.0,0.0,-0.00361,-0.00132,100.0,39.121,40.116,0.0,39.079,38.345,100.0,80.0,33.333,85.714,14.286,16.667,66.667,48.9,0.0,0.0,42.647,100.0,100.0,2020-12-17,1999-01-01,1999-01-01,2021-02-24,2020-11-03,1999-01-01,8021,0,0,113,7977,0,2021-04-02,2021-02-25,1999-01-01,2021-03-26,2021-01-27,1999-01-01,2021-04-07,2021-03-29,2021-03-15,2021-04-01,2021-03-25,2021-03-12,2021-04-07,1999-01-01,1999-01-01,2021-02-02,1999-01-01,1999-01-01,0,0,0,1,0,0,1,0,0,1,1,0,0,0,0,0,0,0,1,0,0,1,1,0,0,0,0,0,1,0,,,,,,p2n,n2p,p2p,,Life.BullEnd,Life.BullRetrace,Life.BullStart,Life.Bull,Life.BearStart,,
2021-04-09,0.29409,,,,,0.29298,0.29511,0.29659,0.29552,0.00148,0.0015,-0.00026,-0.0036,-0.0027,8e-05,0.0036,0.00267,-0.00093,0.00116,-0.00421,0.00537,0.2923,0.29306,-0.00076,-0.00048,-0.00064,0.00016,,,1.67,-10.37,1.12,-8.86,0.4,-1.21,3.67,-0.39,12.0,27.0,8.0,23.0,6.0,10.0,11.0,4.0,0.0,0.0,0.00143,-0.00107,1.33333,57.14286,48.88635,,,8.24286,60.0,66.66667,,,58.33333,60.18519,38.89523,38.96312,,,0.00945,0.00999,,,0,0,0,,,,,-0.15,,,,0.3,0.297,0.333,0.289,0.289,0.287,2021-03-16,2021-02-18,2020-12-31,2021-04-01,2021-03-03,2021-02-04,1.76,-3.67,3.81,-2.69,3.48,-13.81,6.0,12.0,9.0,9.0,9.0,22.0,0.0,-0.0,0.0,-0.0,0.0,-1.0,0.3,0.295,0.31,0.285,0.29,0.3,2021-04-07,2021-03-29,2021-03-15,2021-04-05,2021-03-25,2021-03-12,0.0,0.0,0.0,100.0,100.0,100.0,1999-01-01,1999-01-01,1999-01-01,1999-01-01,1999-01-01,1999-01-01,2197900.0,1499600.0,630400.0,65.62,16.0,-5.95,0.008,0.0,0.0,-0.004,-0.001,100.0,0.00718,0.0,0.0,-0.00361,-0.00132,100.0,39.121,40.116,0.0,39.079,38.345,100.0,80.0,33.333,85.714,14.286,16.667,66.667,48.9,0.0,0.0,42.647,100.0,100.0,2020-12-17,1999-01-01,1999-01-01,2021-02-24,2020-11-03,1999-01-01,8021,0,0,113,7977,0,2021-04-02,2021-02-25,1999-01-01,2021-03-26,2021-01-27,1999-01-01,2021-04-07,2021-03-29,2021-03-15,2021-04-01,2021-03-25,2021-03-12,2021-04-07,1999-01-01,1999-01-01,2021-02-02,1999-01-01,1999-01-01,0,0,0,1,0,0,1,0,0,1,1,0,0,0,0,0,0,0,1,0,0,1,1,0,0,0,0,0,1,0,,,,,p2n,n2p,p2p,,,Life.BullEnd,Life.BullRetrace,Life.BullStart,Life.Bull,Life.BearStart,,
2021-04-12,0.29458,,,,,0.29314,0.2951,0.29655,0.29551,0.00145,0.00145,-0.00037,-0.00341,-0.00271,-9e-05,0.00341,0.00258,-0.00109,0.00113,-0.00416,0.00529,0.29272,0.29321,-0.00049,-0.00047,-0.00061,0.00014,,,1.5,-10.37,1.12,-8.86,0.4,-1.21,3.67,-0.39,11.0,27.0,8.0,23.0,6.0,10.0,11.0,4.0,0.0,0.0,0.00143,-0.00107,1.33333,57.14286,48.8577,,,8.24286,60.0,60.0,,,50.0,57.40741,38.8191,38.89359,,,0.00985,0.00996,,,0,0,0,,,,,-0.15,,,,0.3,0.297,0.333,0.289,0.289,0.287,2021-03-16,2021-02-18,2020-12-31,2021-04-01,2021-03-03,2021-02-04,1.93,-3.67,3.81,-2.69,3.48,-13.81,7.0,12.0,9.0,9.0,9.0,22.0,0.0,-0.0,0.0,-0.0,0.0,-1.0,0.3,0.295,0.31,0.285,0.29,0.3,2021-04-07,2021-03-29,2021-03-15,2021-04-05,2021-03-25,2021-03-12,0.0,0.0,0.0,100.0,100.0,100.0,1999-01-01,1999-01-01,1999-01-01,1999-01-01,1999-01-01,1999-01-01,1499600.0,630400.0,2045800.0,16.0,-5.95,-3.51,0.008,0.0,0.0,-0.004,-0.001,100.0,0.00718,0.0,0.0,-0.00361,-0.00132,100.0,39.121,40.116,0.0,39.079,38.345,100.0,80.0,33.333,85.714,14.286,16.667,66.667,48.9,0.0,0.0,42.647,100.0,100.0,2020-12-17,1999-01-01,1999-01-01,2021-02-24,2020-11-03,1999-01-01,8021,0,0,113,7977,0,2021-04-02,2021-02-25,1999-01-01,2021-03-26,2021-01-27,1999-01-01,2021-04-07,2021-03-29,2021-03-15,2021-04-01,2021-03-25,2021-03-12,2021-04-07,1999-01-01,1999-01-01,2021-02-02,1999-01-01,1999-01-01,0,0,0,1,0,0,1,0,0,1,1,0,0,0,0,0,0,0,1,0,0,1,1,0,0,0,0,0,1,0,,,,,n2p,p2p,,,,Life.BullEnd,Life.BullRetrace,Life.BullStart,Life.Bull,Life.BearStart,,
2021-04-13,0.29479,,,0.295,,0.29328,0.2951,0.29652,0.29551,0.00142,0.00138,-0.00048,-0.00324,-0.00272,-0.00028,0.00324,0.00248,-0.00126,0.00109,-0.00411,0.0052,0.29307,0.29334,-0.00027,-0.00048,-0.00058,0.0001,,,1.43,-10.37,1.12,-8.86,0.4,-1.21,3.67,-0.39,10.0,27.0,8.0,23.0,6.0,10.0,11.0,4.0,0.0,0.0,0.00143,-0.00107,1.33333,57.14286,48.80927,,,8.24286,60.0,60.0,60.0,,44.44444,50.92593,38.74113,38.81849,,,0.00986,0.00995,,,0,0,0,,,,,-0.15,,,,0.3,0.297,0.333,0.289,0.289,0.287,2021-03-16,2021-02-18,2020-12-31,2021-04-01,2021-03-03,2021-02-04,2.0,-3.67,3.81,-2.69,3.48,-13.81,8.0,12.0,9.0,9.0,9.0,22.0,0.0,-0.0,0.0,-0.0,0.0,-1.0,0.3,0.295,0.31,0.295,0.285,0.29,2021-04-07,2021-03-29,2021-03-15,2021-04-13,2021-04-05,2021-03-25,0.0,0.0,0.0,100.0,100.0,100.0,1999-01-01,1999-01-01,1999-01-01,1999-01-01,1999-01-01,1999-01-01,630400.0,2045800.0,1953700.0,-5.95,-3.51,10.87,0.008,0.0,0.0,-0.004,-0.001,100.0,0.00718,0.0,0.0,-0.00361,-0.00132,100.0,39.121,40.116,0.0,39.079,38.345,100.0,80.0,33.333,85.714,60.0,14.286,16.667,48.9,0.0,0.0,42.647,100.0,100.0,2020-12-17,1999-01-01,1999-01-01,2021-02-24,2020-11-03,1999-01-01,8021,0,0,113,7977,0,2021-04-02,2021-02-25,1999-01-01,2021-03-26,2021-01-27,1999-01-01,2021-04-07,2021-03-29,2021-03-15,2021-04-13,2021-04-01,2021-03-25,2021-04-07,1999-01-01,1999-01-01,2021-02-02,1999-01-01,1999-01-01,0,0,0,1,0,0,0,1,0,1,1,0,0,0,0,0,0,0,0,1,0,1,1,0,0,0,0,0,1,0,,,,,p2p,,,,,Life.BullEnd,Life.BullRetrace,Life.BullStart,Life.Bull,Life.BearStart,,
2021-04-14,0.29481,,,,0.3,0.2938,0.29529,0.29659,0.29555,0.0013,0.00132,-0.00059,-0.00279,-0.00274,-0.00047,0.00279,0.00236,-0.00143,0.00104,-0.00406,0.0051,0.29414,0.29383,0.0003,-0.0005,-0.00057,7e-05,,-0.0,1.42,-10.37,1.12,-8.86,0.4,-1.21,3.67,-0.39,9.0,27.0,8.0,23.0,6.0,10.0,11.0,4.0,0.005,0.0,0.00179,-0.00107,1.66667,62.5,48.73745,,,13.6,80.0,66.66667,,80.0,50.0,48.14815,38.66221,38.74081,,,0.00987,0.00993,,,0,0,0,,,,,-0.15,,,,0.3,0.297,0.333,0.289,0.289,0.287,2021-03-16,2021-02-18,2020-12-31,2021-04-01,2021-03-03,2021-02-04,2.01,-3.67,3.81,-2.69,3.48,-13.81,9.0,12.0,9.0,9.0,9.0,22.0,0.0,-0.0,0.0,-0.0,0.0,-1.0,0.3,0.3,0.295,0.295,0.285,0.29,2021-04-14,2021-04-07,2021-03-29,2021-04-13,2021-04-05,2021-03-25,0.0,0.0,0.0,100.0,100.0,100.0,1999-01-01,1999-01-01,1999-01-01,1999-01-01,1999-01-01,1999-01-01,2045800.0,1953700.0,1305600.0,-3.51,10.87,14.58,-0.0,0.008,0.0,-0.004,-0.001,100.0,-0.00057,0.00718,0.0,-0.00361,-0.00132,100.0,39.121,40.116,0.0,39.079,38.345,100.0,80.0,80.0,33.333,60.0,14.286,16.667,48.9,0.0,0.0,42.647,100.0,100.0,2021-04-14,2020-12-17,1999-01-01,2021-02-24,2020-11-03,1999-01-01,118,8021,0,113,7977,0,2021-04-02,2021-02-25,1999-01-01,2021-03-26,2021-01-27,1999-01-01,2021-04-14,2021-04-07,2021-03-29,2021-04-13,2021-04-01,2021-03-25,2021-04-07,1999-01-01,1999-01-01,2021-02-02,1999-01-01,1999-01-01,0,0,0,1,0,1,0,1,1,0,1,0,0,0,0,0,0,1,0,1,0,1,1,0,0,0,0,0,1,0,,,,,,,,,,Life.BullEnd,Life.BullRetrace,Life.BullStart,Life.Bull,Life.BearStart,,
2021-04-15,0.29479,,,,,0.29389,0.29528,0.29656,0.29555,0.00128,0.00124,-0.0007,-0.00267,-0.00276,-0.00066,0.00267,0.00223,-0.00158,0.00099,-0.004,0.00499,0.29427,0.29392,0.00035,-0.00052,-0.00056,3e-05,,,1.43,-10.37,1.12,-8.86,0.4,-1.21,3.67,-0.39,8.0,27.0,8.0,23.0,6.0,10.0,11.0,4.0,-0.0,-0.005,0.00143,-0.00143,1.0,50.0,48.64043,,,1.1,60.0,66.66667,,,44.44444,46.2963,38.58457,38.66264,,,0.00988,0.00992,,,0,0,0,,,,,-0.15,,,,0.3,0.297,0.333,0.289,0.289,0.287,2021-03-16,2021-02-18,2020-12-31,2021-04-01,2021-03-03,2021-02-04,2.0,-3.67,3.81,-2.69,3.48,-13.81,10.0,12.0,9.0,9.0,9.0,22.0,0.0,-0.0,0.0,-0.0,0.0,-1.0,0.3,0.3,0.295,0.295,0.285,0.29,2021-04-14,2021-04-07,2021-03-29,2021-04-13,2021-04-05,2021-03-25,0.0,0.0,0.0,100.0,100.0,100.0,1999-01-01,1999-01-01,1999-01-01,1999-01-01,1999-01-01,1999-01-01,1953700.0,1305600.0,2170100.0,10.87,14.58,2.34,-0.0,0.008,0.0,-0.004,-0.001,100.0,-0.00057,0.00718,0.0,-0.00361,-0.00132,100.0,39.121,40.116,0.0,39.079,38.345,100.0,80.0,80.0,33.333,60.0,14.286,16.667,48.9,0.0,0.0,42.647,100.0,100.0,2021-04-14,2020-12-17,1999-01-01,2021-02-24,2020-11-03,1999-01-01,118,8021,0,113,7977,0,2021-04-02,2021-02-25,1999-01-01,2021-03-26,2021-01-27,1999-01-01,2021-04-14,2021-04-07,2021-03-29,2021-04-13,2021-04-01,2021-03-25,2021-04-07,1999-01-01,1999-01-01,2021-02-02,1999-01-01,1999-01-01,0,0,0,1,0,1,0,1,1,0,1,0,0,0,0,0,0,1,0,1,0,1,1,0,0,0,0,0,1,0,,,,,,,,,,Life.BullEnd,Life.BullRetrace,Life.BullStart,Life.Bull,Life.BearStart,,
2021-04-16,0.29487,,,,,0.29398,0.29527,0.29653,0.29554,0.00126,0.00116,-0.00079,-0.00255,-0.00279,-0.00085,0.00255,0.00208,-0.00172,0.00092,-0.00395,0.00487,0.29438,0.294,0.00038,-0.00056,-0.00056,-1e-05,,,1.4,-10.37,1.12,-8.86,0.4,-1.21,3.67,-0.39,7.0,27.0,8.0,23.0,6.0,10.0,11.0,4.0,0.0,0.0,0.00143,-0.00143,1.0,50.0,48.51855,,,1.1,60.0,66.66667,,,44.44444,46.2963,38.51501,38.58726,,,0.00953,0.0099,,,0,0,0,,,,,-0.15,,,,0.3,0.297,0.333,0.289,0.289,0.287,2021-03-16,2021-02-18,2020-12-31,2021-04-01,2021-03-03,2021-02-04,2.03,-3.67,3.81,-2.69,3.48,-13.81,11.0,12.0,9.0,9.0,9.0,22.0,0.0,-0.0,0.0,-0.0,0.0,-1.0,0.3,0.3,0.295,0.295,0.285,0.29,2021-04-14,2021-04-07,2021-03-29,2021-04-13,2021-04-05,2021-03-25,0.0,0.0,0.0,100.0,100.0,100.0,1999-01-01,1999-01-01,1999-01-01,1999-01-01,1999-01-01,1999-01-01,1305600.0,2170100.0,593700.0,14.58,2.34,-25.05,-0.0,0.008,0.0,-0.004,-0.001,100.0,-0.00057,0.00718,0.0,-0.00361,-0.00132,100.0,39.121,40.116,0.0,39.079,38.345,100.0,80.0,80.0,33.333,60.0,14.286,16.667,48.9,0.0,0.0,42.647,100.0,100.0,2021-04-14,2020-12-17,1999-01-01,2021-02-24,2020-11-03,1999-01-01,118,8021,0,113,7977,0,2021-04-02,2021-02-25,1999-01-01,2021-03-26,2021-01-27,1999-01-01,2021-04-14,2021-04-07,2021-03-29,2021-04-13,2021-04-01,2021-03-25,2021-04-07,1999-01-01,1999-01-01,2021-02-02,1999-01-01,1999-01-01,0,0,0,1,0,1,0,1,1,0,1,0,0,0,0,0,0,1,0,1,0,1,1,0,0,0,0,0,1,0,,,,,,,,,,Life.BullEnd,Life.BullRetrace,Life.BullStart,Life.Bull,Life.BearStart,,
2021-04-19,0.29521,,,0.285,,0.29329,0.29487,0.2963,0.29544,0.00143,0.00107,-0.00088,-0.00302,-0.00284,-0.00104,0.00302,0.00191,-0.00184,0.00084,-0.0039,0.00475,0.29294,0.29333,-0.0004,-0.00062,-0.00057,-4e-05,,,1.28,-10.37,1.12,-8.86,0.4,-1.21,3.67,-0.39,6.0,27.0,8.0,23.0,6.0,10.0,11.0,4.0,-0.0,-0.01,0.00143,-0.00179,0.8,44.44444,48.37278,,,-4.45556,20.0,46.66667,20.0,,22.22222,37.03704,38.46308,38.52089,,,0.00956,0.00989,,,0,0,0,,,,,-0.15,,,,0.3,0.297,0.333,0.289,0.289,0.287,2021-03-16,2021-02-18,2020-12-31,2021-04-01,2021-03-03,2021-02-04,2.15,-3.67,3.81,-2.69,3.48,-13.81,12.0,12.0,9.0,9.0,9.0,22.0,0.0,-0.0,0.0,-0.0,0.0,-1.0,0.3,0.3,0.295,0.285,0.295,0.285,2021-04-14,2021-04-07,2021-03-29,2021-04-19,2021-04-13,2021-04-05,0.0,0.0,0.0,100.0,100.0,100.0,1999-01-01,1999-01-01,1999-01-01,1999-01-01,1999-01-01,1999-01-01,2170100.0,593700.0,2379500.0,2.34,-25.05,26.39,-0.0,0.008,0.0,-0.004,-0.001,100.0,-0.00057,0.00718,0.0,-0.00361,-0.00132,100.0,39.121,40.116,0.0,39.079,38.345,100.0,80.0,80.0,33.333,20.0,60.0,14.286,48.9,0.0,0.0,42.647,100.0,100.0,2021-04-14,2020-12-17,1999-01-01,2021-02-24,2020-11-03,1999-01-01,118,8021,0,113,7977,0,2021-04-02,2021-02-25,1999-01-01,2021-03-26,2021-01-27,1999-01-01,2021-04-14,2021-04-07,2021-03-29,2021-04-19,2021-04-13,2021-04-01,2021-04-07,1999-01-01,1999-01-01,2021-02-02,1999-01-01,1999-01-01,0,0,0,1,0,1,1,0,1,0,1,0,0,0,0,0,0,1,0,0,0,1,1,0,0,0,0,0,1,0,-2379500,,,,,,,,n2p,Life.BullEnd,Life.BullRetrace,Life.BullStart,Life.Bull,Life.BearStart,,
2021-04-20,0.29586,,,,,0.29303,0.29468,0.29618,0.29538,0.0015,0.00097,-0.00095,-0.00314,-0.00289,-0.00122,0.00314,0.00172,-0.00195,0.00076,-0.00386,0.00461,0.29249,0.29309,-0.0006,-0.00068,-0.00059,-9e-05,,,1.06,-10.37,1.12,-8.86,0.4,-1.21,3.67,-0.39,5.0,27.0,8.0,23.0,6.0,10.0,11.0,4.0,0.005,0.0,0.00179,-0.00143,1.25,55.55556,48.20431,,,6.65556,25.0,35.0,,,19.44444,28.7037,38.43577,38.47129,,,0.00924,0.00988,,,0,0,0,,,,,-0.15,,,,0.3,0.297,0.333,0.289,0.289,0.287,2021-03-16,2021-02-18,2020-12-31,2021-04-01,2021-03-03,2021-02-04,2.37,-3.67,3.81,-2.69,3.48,-13.81,13.0,12.0,9.0,9.0,9.0,22.0,0.0,-0.0,0.0,-0.0,0.0,-1.0,0.3,0.3,0.295,0.285,0.295,0.285,2021-04-14,2021-04-07,2021-03-29,2021-04-19,2021-04-13,2021-04-05,0.0,0.0,0.0,100.0,100.0,100.0,1999-01-01,1999-01-01,1999-01-01,1999-01-01,1999-01-01,1999-01-01,593700.0,2379500.0,992000.0,-25.05,26.39,-22.91,-0.0,0.008,0.0,-0.004,-0.001,100.0,-0.00057,0.00718,0.0,-0.00361,-0.00132,100.0,39.121,40.116,0.0,39.079,38.345,100.0,80.0,80.0,33.333,20.0,60.0,14.286,48.9,0.0,0.0,42.647,100.0,100.0,2021-04-14,2020-12-17,1999-01-01,2021-02-24,2020-11-03,1999-01-01,118,8021,0,113,7977,0,2021-04-02,2021-02-25,1999-01-01,2021-03-26,2021-01-27,1999-01-01,2021-04-14,2021-04-07,2021-03-29,2021-04-19,2021-04-13,2021-04-01,2021-04-07,1999-01-01,1999-01-01,2021-02-02,1999-01-01,1999-01-01,0,0,0,1,0,1,1,0,1,0,1,0,0,0,0,0,0,1,0,0,0,1,1,0,0,0,0,0,1,0,,,992000,,,,,n2p,p2n,Life.BullEnd,Life.BullRetrace,Life.BullStart,Life.Bull,Life.BearStart,,
2021-04-21,0.29668,,,,,0.29357,0.29489,0.29625,0.29543,0.00137,0.00085,-0.00102,-0.00268,-0.00296,-0.00134,0.00268,0.00151,-0.00205,0.00066,-0.00381,0.00447,0.29364,0.2936,4e-05,-0.00075,-0.00062,-0.00013,,,0.78,-10.37,1.12,-8.86,0.4,-1.21,3.67,-0.39,4.0,27.0,8.0,23.0,6.0,10.0,11.0,4.0,0.01,0.0,0.0025,-0.00143,1.75,63.63636,48.01546,,,14.73636,75.0,40.0,,,33.33333,25.0,38.43608,38.44498,38.436,,0.00965,0.00987,,,0,0,0,,,,,-0.15,,,,0.3,0.297,0.333,0.289,0.289,0.287,2021-03-16,2021-02-18,2020-12-31,2021-04-01,2021-03-03,2021-02-04,2.66,-3.67,3.81,-2.69,3.48,-13.81,14.0,12.0,9.0,9.0,9.0,22.0,0.0,-0.0,0.0,-0.0,0.0,-1.0,0.3,0.3,0.295,0.285,0.295,0.285,2021-04-14,2021-04-07,2021-03-29,2021-04-19,2021-04-13,2021-04-05,0.0,0.0,0.0,100.0,100.0,100.0,1999-01-01,1999-01-01,1999-01-01,1999-01-01,1999-01-01,1999-01-01,2379500.0,992000.0,4629000.0,26.39,-22.91,101.77,-0.0,0.008,0.0,-0.004,-0.001,100.0,-0.00057,0.00718,0.0,-0.00361,-0.00132,100.0,39.121,40.116,0.0,38.436,39.079,38.345,80.0,80.0,33.333,20.0,60.0,14.286,48.9,0.0,0.0,42.647,100.0,100.0,2021-04-14,2020-12-17,1999-01-01,2021-02-24,2020-11-03,1999-01-01,118,8021,0,113,7977,0,2021-04-02,2021-02-25,1999-01-01,2021-04-21,2021-03-26,2021-01-27,2021-04-14,2021-04-07,2021-03-29,2021-04-19,2021-04-13,2021-04-01,2021-04-07,1999-01-01,1999-01-01,2021-02-02,1999-01-01,1999-01-01,0,0,0,1,0,1,1,0,1,0,1,0,0,0,0,0,0,1,0,0,0,1,1,0,0,0,0,0,1,0,4629000,,,,,,n2p,p2n,n2p,Life.BullEnd,Life.BullRetrace,Life.BullStart,Life.Bull,Life.BearStart,,
2021-04-22,0.2975,,,,,0.29406,0.29509,0.29633,0.29547,0.00124,0.00073,-0.00108,-0.00226,-0.00304,-0.00139,0.00226,0.00128,-0.00214,0.00055,-0.00377,0.00432,0.29462,0.29407,0.00055,-0.00083,-0.00067,-0.00017,,,0.5,-10.37,1.12,-8.86,0.4,-1.21,3.67,-0.39,3.0,27.0,8.0,23.0,6.0,10.0,11.0,4.0,0.0,0.0,0.0025,-0.00143,1.75,63.63636,47.80909,,,14.73636,75.0,58.33333,,,58.33333,37.03704,38.46526,38.4457,,,0.00967,0.00986,,,0,0,0,,,,,-0.15,,,,0.3,0.297,0.333,0.289,0.289,0.287,2021-03-16,2021-02-18,2020-12-31,2021-04-01,2021-03-03,2021-02-04,2.94,-3.67,3.81,-2.69,3.48,-13.81,15.0,12.0,9.0,9.0,9.0,22.0,0.0,-0.0,0.0,-0.0,0.0,-1.0,0.3,0.3,0.295,0.285,0.295,0.285,2021-04-14,2021-04-07,2021-03-29,2021-04-19,2021-04-13,2021-04-05,0.0,0.0,0.0,100.0,100.0,100.0,1999-01-01,1999-01-01,1999-01-01,1999-01-01,1999-01-01,1999-01-01,992000.0,4629000.0,1447400.0,-22.91,101.77,-11.65,-0.0,0.008,0.0,-0.004,-0.001,100.0,-0.00057,0.00718,0.0,-0.00361,-0.00132,100.0,39.121,40.116,0.0,38.436,39.079,38.345,80.0,80.0,33.333,20.0,60.0,14.286,48.9,0.0,0.0,42.647,100.0,100.0,2021-04-14,2020-12-17,1999-01-01,2021-02-24,2020-11-03,1999-01-01,118,8021,0,113,7977,0,2021-04-02,2021-02-25,1999-01-01,2021-04-21,2021-03-26,2021-01-27,2021-04-14,2021-04-07,2021-03-29,2021-04-19,2021-04-13,2021-04-01,2021-04-07,1999-01-01,1999-01-01,2021-02-02,1999-01-01,1999-01-01,0,0,0,1,0,1,1,0,1,0,1,0,0,0,0,0,0,1,0,0,0,1,1,0,0,0,0,0,1,0,,,1447400,,,n2p,p2n,n2p,p2n,Life.BullEnd,Life.BullRetrace,Life.BullStart,Life.Bull,Life.BearStart,,
2021-04-23,0.29819,,,,,0.29452,0.29528,0.2964,0.29552,0.00112,0.0006,-0.00113,-0.00188,-0.00313,-0.00142,0.00188,0.00103,-0.00221,0.00043,-0.00373,0.00417,0.29545,0.29451,0.00094,-0.00093,-0.00072,-0.00021,,,0.27,-10.37,1.12,-8.86,0.4,-1.21,3.67,-0.39,2.0,27.0,8.0,23.0,6.0,10.0,11.0,4.0,0.0,0.0,0.0025,-0.00143,1.75,63.63636,47.5879,,,14.73636,75.0,75.0,,,75.0,55.55556,38.52453,38.47529,,,0.00934,0.00985,,,0,0,0,,,,,-0.15,,,,0.3,0.297,0.333,0.289,0.289,0.287,2021-03-16,2021-02-18,2020-12-31,2021-04-01,2021-03-03,2021-02-04,3.18,-3.67,3.81,-2.69,3.48,-13.81,16.0,12.0,9.0,9.0,9.0,22.0,0.0,-0.0,0.0,-0.0,0.0,-1.0,0.3,0.3,0.295,0.285,0.295,0.285,2021-04-14,2021-04-07,2021-03-29,2021-04-19,2021-04-13,2021-04-05,0.0,0.0,0.0,100.0,100.0,100.0,1999-01-01,1999-01-01,1999-01-01,1999-01-01,1999-01-01,1999-01-01,4629000.0,1447400.0,2287200.0,101.77,-11.65,18.32,-0.0,0.008,0.0,-0.004,-0.001,100.0,-0.00057,0.00718,0.0,-0.00361,-0.00132,100.0,39.121,40.116,0.0,38.436,39.079,38.345,80.0,80.0,33.333,20.0,60.0,14.286,48.9,0.0,0.0,42.647,100.0,100.0,2021-04-14,2020-12-17,1999-01-01,2021-02-24,2020-11-03,1999-01-01,118,8021,0,113,7977,0,2021-04-02,2021-02-25,1999-01-01,2021-04-21,2021-03-26,2021-01-27,2021-04-14,2021-04-07,2021-03-29,2021-04-19,2021-04-13,2021-04-01,2021-04-07,1999-01-01,1999-01-01,2021-02-02,1999-01-01,1999-01-01,0,0,0,1,0,1,1,0,1,0,1,0,0,0,0,0,0,1,0,0,0,1,1,0,0,0,0,0,1,0,,,,,n2p,p2n,n2p,p2n,,Life.BullEnd,Life.BullRetrace,Life.BullStart,Life.Bull,Life.BearStart,,
2021-04-26,0.29862,,,,,0.29494,0.29546,0.29647,0.29556,0.00101,0.00045,-0.00117,-0.00153,-0.00324,-0.00144,0.00153,0.00076,-0.00226,0.0003,-0.0037,0.004,0.29615,0.29492,0.00123,-0.00103,-0.00078,-0.00025,,,0.13,-10.37,1.12,-8.86,0.4,-1.21,3.67,-0.39,1.0,27.0,8.0,23.0,6.0,10.0,11.0,4.0,0.0,0.0,0.00214,-0.00143,1.5,60.0,47.35502,,,11.1,75.0,75.0,,75.0,75.0,69.44444,38.61426,38.53468,,,0.00939,0.00985,,,0,0,0,,,,,-0.15,,,,0.3,0.297,0.333,0.289,0.289,0.287,2021-03-16,2021-02-18,2020-12-31,2021-04-01,2021-03-03,2021-02-04,3.33,-3.67,3.81,-2.69,3.48,-13.81,17.0,12.0,9.0,9.0,9.0,22.0,0.0,-0.0,0.0,-0.0,0.0,-1.0,0.3,0.3,0.295,0.285,0.295,0.285,2021-04-14,2021-04-07,2021-03-29,2021-04-19,2021-04-13,2021-04-05,0.0,0.0,0.0,100.0,100.0,100.0,1999-01-01,1999-01-01,1999-01-01,1999-01-01,1999-01-01,1999-01-01,1447400.0,2287200.0,2351900.0,-11.65,18.32,-27.23,-0.0,0.008,0.0,-0.004,-0.001,100.0,-0.00057,0.00718,0.0,-0.00361,-0.00132,100.0,39.121,40.116,0.0,38.436,39.079,38.345,75.0,80.0,80.0,20.0,60.0,14.286,48.9,0.0,0.0,42.647,100.0,100.0,2021-04-14,2020-12-17,1999-01-01,2021-02-24,2020-11-03,1999-01-01,118,8021,0,113,7977,0,2021-04-02,2021-02-25,1999-01-01,2021-04-21,2021-03-26,2021-01-27,2021-04-26,2021-04-14,2021-04-07,2021-04-19,2021-04-13,2021-04-01,2021-04-07,1999-01-01,1999-01-01,2021-02-02,1999-01-01,1999-01-01,0,0,0,1,0,1,1,0,1,0,1,0,0,0,0,0,1,0,0,0,0,1,1,0,0,0,0,0,1,0,,,2351900,,p2n,n2p,p2n,,p2n,Life.BullEnd,Life.BullRetrace,Life.BullStart,Life.Bull,Life.BearStart,,
2021-04-27,0.2987,,0.299,,,0.29533,0.29564,0.29654,0.29561,0.00093,0.0003,-0.00121,-0.00121,-0.00337,-0.00144,0.00121,0.00046,-0.00229,0.00017,-0.00367,0.00383,0.29674,0.29529,0.00145,-0.00114,-0.00085,-0.00029,,,-10.28,1.12,-8.86,0.4,-1.21,3.67,-0.39,1.98,27.0,8.0,23.0,6.0,10.0,11.0,4.0,8.0,0.0,0.0,0.00143,-0.00143,1.0,50.0,47.11371,,,1.1,50.0,66.66667,50.0,,63.33333,71.11111,38.73332,38.62404,,,0.00979,0.00984,,,0,0,0,,,,,-0.15,,,,0.299,0.3,0.297,0.289,0.289,0.287,2021-04-27,2021-03-16,2021-02-18,2021-04-01,2021-03-03,2021-02-04,0.0,3.46,-3.67,3.81,-2.69,3.48,0.0,18.0,12.0,9.0,9.0,9.0,0.0,0.0,-0.0,0.0,-0.0,0.0,0.3,0.3,0.295,0.285,0.295,0.285,2021-04-14,2021-04-07,2021-03-29,2021-04-19,2021-04-13,2021-04-05,0.0,0.0,0.0,100.0,100.0,100.0,1999-01-01,1999-01-01,1999-01-01,1999-01-01,1999-01-01,1999-01-01,2287200.0,2351900.0,5013900.0,18.32,-27.23,58.6,-0.0,0.008,0.0,-0.004,-0.001,100.0,-0.00057,0.00718,0.0,-0.00361,-0.00132,100.0,39.121,40.116,0.0,38.436,39.079,38.345,75.0,80.0,80.0,50.0,20.0,60.0,48.9,0.0,0.0,42.647,100.0,100.0,2021-04-14,2020-12-17,1999-01-01,2021-02-24,2020-11-03,1999-01-01,118,8021,0,113,7977,0,2021-04-02,2021-02-25,1999-01-01,2021-04-21,2021-03-26,2021-01-27,2021-04-26,2021-04-14,2021-04-07,2021-04-27,2021-04-19,2021-04-13,2021-04-07,1999-01-01,1999-01-01,2021-02-02,1999-01-01,1999-01-01,0,0,0,1,0,1,1,0,1,0,1,0,0,0,0,0,1,0,0,0,0,1,1,0,0,0,0,0,1,0,5013900,,,,n2p,p2n,,p2n,n2p,Life.BullEnd,Life.BullRetrace,Life.BullStart,Life.Bull,Life.BearStart,,
2021-04-28,0.29833,,,,0.31,0.29646,0.2962,0.29681,0.29575,0.00106,0.00013,-0.00123,-0.0006,-0.00351,-0.00144,0.00106,0.00014,-0.0023,2e-05,-0.00363,0.00365,0.29878,0.29638,0.0024,-0.00126,-0.00093,-0.00032,,,-10.17,1.12,-8.86,0.4,-1.21,3.67,-0.39,1.98,26.0,8.0,23.0,6.0,10.0,11.0,4.0,8.0,0.01,0.0,0.00214,-0.00107,2.0,66.66667,46.86667,,,17.76667,71.42857,65.47619,,71.429,58.33333,65.55556,38.87991,38.7425,,,0.01052,0.00984,,,0,0,0,,,,,-0.15,,,,0.299,0.3,0.297,0.289,0.289,0.287,2021-04-27,2021-03-16,2021-02-18,2021-04-01,2021-03-03,2021-02-04,-0.22,3.46,-3.67,3.81,-2.69,3.48,1.0,18.0,12.0,9.0,9.0,9.0,-0.0,0.0,-0.0,0.0,-0.0,0.0,0.31,0.3,0.3,0.285,0.295,0.285,2021-04-28,2021-04-14,2021-04-07,2021-04-19,2021-04-13,2021-04-05,0.0,0.0,0.0,100.0,100.0,100.0,1999-01-01,1999-01-01,1999-01-01,1999-01-01,1999-01-01,1999-01-01,2351900.0,5013900.0,6738500.0,-27.23,58.6,46.11,-0.0,0.008,0.0,-0.004,-0.001,100.0,-0.00057,0.00718,0.0,-0.00361,-0.00132,100.0,39.121,40.116,0.0,38.436,39.079,38.345,71.429,75.0,80.0,50.0,20.0,60.0,48.9,0.0,0.0,42.647,100.0,100.0,2021-04-14,2020-12-17,1999-01-01,2021-02-24,2020-11-03,1999-01-01,118,8021,0,113,7977,0,2021-04-02,2021-02-25,1999-01-01,2021-04-21,2021-03-26,2021-01-27,2021-04-28,2021-04-26,2021-04-14,2021-04-27,2021-04-19,2021-04-13,2021-04-07,1999-01-01,1999-01-01,2021-02-02,1999-01-01,1999-01-01,0,0,0,1,0,1,1,0,1,0,1,0,0,0,0,0,1,0,0,0,0,1,1,0,0,0,0,0,1,0,,,,,p2n,,p2n,n2p,,Life.BullEnd,Life.BullRetrace,Life.BullStart,Life.Bull,Life.BearStart,,
2021-04-30,0.29748,,,,,0.29673,0.29635,0.29687,0.29579,0.00108,-6e-05,-0.00125,-0.00052,-0.00366,-0.00143,0.00108,-0.0002,-0.00228,-0.00015,-0.00361,0.00346,0.29897,0.29665,0.00232,-0.00138,-0.00102,-0.00036,,,-9.91,1.12,-8.86,0.4,-1.21,3.67,-0.39,1.98,24.0,8.0,23.0,6.0,10.0,11.0,4.0,8.0,-0.0,-0.01,0.00214,-0.00179,1.2,54.54545,46.61592,,,5.64545,42.85714,54.7619,,,40.0,53.88889,39.05094,38.88806,,,0.01048,0.00983,,,0,0,0,,,,,-0.15,,,,0.299,0.3,0.297,0.289,0.289,0.287,2021-04-27,2021-03-16,2021-02-18,2021-04-01,2021-03-03,2021-02-04,-0.51,3.46,-3.67,3.81,-2.69,3.48,2.0,18.0,12.0,9.0,9.0,9.0,-0.0,0.0,-0.0,0.0,-0.0,0.0,0.31,0.3,0.3,0.285,0.295,0.285,2021-04-28,2021-04-14,2021-04-07,2021-04-19,2021-04-13,2021-04-05,0.0,0.0,0.0,100.0,100.0,100.0,1999-01-01,1999-01-01,1999-01-01,1999-01-01,1999-01-01,1999-01-01,5013900.0,6738500.0,1727900.0,58.6,46.11,-4.42,-0.0,0.008,0.0,-0.004,-0.001,100.0,-0.00057,0.00718,0.0,-0.00361,-0.00132,100.0,39.121,40.116,0.0,38.436,39.079,38.345,71.429,75.0,80.0,50.0,20.0,60.0,48.9,0.0,0.0,42.647,100.0,100.0,2021-04-14,2020-12-17,1999-01-01,2021-02-24,2020-11-03,1999-01-01,118,8021,0,113,7977,0,2021-04-02,2021-02-25,1999-01-01,2021-04-21,2021-03-26,2021-01-27,2021-04-28,2021-04-26,2021-04-14,2021-04-27,2021-04-19,2021-04-13,2021-04-07,1999-01-01,1999-01-01,2021-02-02,1999-01-01,1999-01-01,0,0,0,1,0,1,1,0,1,0,1,0,0,0,0,0,1,0,0,0,0,1,1,0,0,0,0,0,1,0,,,-1727900,,,p2n,n2p,,p2n,Life.BullEnd,Life.BullRetrace,Life.BullStart,Life.Bull,Life.BearStart,,
2021-05-03,0.29622,,,,,0.29621,0.2961,0.29673,0.29574,0.001,-0.00025,-0.00126,-0.00063,-0.00383,-0.00142,0.001,-0.00057,-0.00224,-0.00032,-0.00358,0.00326,0.29759,0.29616,0.00143,-0.00151,-0.00112,-0.00039,,,-9.53,1.12,-8.86,0.4,-1.21,3.67,-0.39,1.98,23.0,8.0,23.0,6.0,10.0,11.0,4.0,8.0,-0.0,-0.01,0.00214,-0.0025,0.85714,46.15385,46.36319,,,-2.74615,14.28571,42.85714,,,26.66667,41.66667,39.24126,39.05737,,,0.0108,0.00983,,,0,0,0,,,,,-0.15,,,,0.299,0.3,0.297,0.289,0.289,0.287,2021-04-27,2021-03-16,2021-02-18,2021-04-01,2021-03-03,2021-02-04,-0.93,3.46,-3.67,3.81,-2.69,3.48,3.0,18.0,12.0,9.0,9.0,9.0,-0.0,0.0,-0.0,0.0,-0.0,0.0,0.31,0.3,0.3,0.285,0.295,0.285,2021-04-28,2021-04-14,2021-04-07,2021-04-19,2021-04-13,2021-04-05,0.0,0.0,0.0,100.0,100.0,100.0,1999-01-01,1999-01-01,1999-01-01,1999-01-01,1999-01-01,1999-01-01,6738500.0,1727900.0,1878500.0,46.11,-4.42,-23.26,-0.0,0.008,0.0,-0.004,-0.001,100.0,-0.00057,0.00718,0.0,-0.00361,-0.00132,100.0,39.121,40.116,0.0,38.436,39.079,38.345,71.429,75.0,80.0,50.0,20.0,60.0,48.9,0.0,0.0,42.647,100.0,100.0,2021-04-14,2020-12-17,1999-01-01,2021-02-24,2020-11-03,1999-01-01,118,8021,0,113,7977,0,2021-04-02,2021-02-25,1999-01-01,2021-04-21,2021-03-26,2021-01-27,2021-04-28,2021-04-26,2021-04-14,2021-04-27,2021-04-19,2021-04-13,2021-04-07,1999-01-01,1999-01-01,2021-02-02,1999-01-01,1999-01-01,0,0,0,1,0,1,1,0,1,0,1,0,0,0,0,0,1,0,0,0,0,1,1,0,0,0,0,0,1,0,,,,,p2n,n2p,,p2n,,Life.BullEnd,Life.BullRetrace,Life.BullStart,Life.Bull,Life.BearStart,,
2021-05-04,0.29471,,,0.29,,0.29574,0.29587,0.2966,0.29568,0.00092,-0.00046,-0.00126,-0.00086,-0.00401,-0.00141,0.00092,-0.00095,-0.00218,-0.0005,-0.00355,0.00306,0.29642,0.2957,0.00072,-0.00164,-0.00122,-0.00042,,,-9.06,1.12,-8.86,0.4,-1.21,3.67,-0.39,1.98,22.0,8.0,23.0,6.0,10.0,11.0,4.0,8.0,0.0,0.0,0.00214,-0.0025,0.85714,46.15385,46.11036,,,-2.74615,14.28571,23.80952,14.286,,6.66667,24.44444,39.44416,39.24545,,,0.01075,0.00983,,,0,0,0,,,,,-0.15,,,,0.299,0.3,0.297,0.289,0.289,0.287,2021-04-27,2021-03-16,2021-02-18,2021-04-01,2021-03-03,2021-02-04,-1.43,3.46,-3.67,3.81,-2.69,3.48,4.0,18.0,12.0,9.0,9.0,9.0,-0.0,0.0,-0.0,0.0,-0.0,0.0,0.31,0.3,0.3,0.29,0.285,0.295,2021-04-28,2021-04-14,2021-04-07,2021-05-04,2021-04-19,2021-04-13,0.0,0.0,0.0,100.0,100.0,100.0,1999-01-01,1999-01-01,1999-01-01,1999-01-01,1999-01-01,1999-01-01,1727900.0,1878500.0,2095800.0,-4.42,-23.26,-44.88,-0.0,0.008,0.0,-0.004,-0.001,100.0,-0.00057,0.00718,0.0,-0.00361,-0.00132,100.0,39.121,40.116,0.0,38.436,39.079,38.345,71.429,75.0,80.0,14.286,50.0,20.0,48.9,0.0,0.0,42.647,100.0,100.0,2021-04-14,2020-12-17,1999-01-01,2021-02-24,2020-11-03,1999-01-01,118,8021,0,113,7977,0,2021-04-02,2021-02-25,1999-01-01,2021-04-21,2021-03-26,2021-01-27,2021-04-28,2021-04-26,2021-04-14,2021-05-04,2021-04-27,2021-04-19,2021-04-07,1999-01-01,1999-01-01,2021-02-02,1999-01-01,1999-01-01,0,0,0,1,0,1,0,0,1,0,1,0,0,0,0,0,1,0,1,0,0,1,1,0,0,0,0,0,1,0,,,,,n2p,,p2n,,,Life.BullEnd,Life.BullRetrace,Life.BullStart,Life.Bull,Life.BearStart,,
2021-05-05,0.29301,,,,,0.29568,0.29583,0.29657,0.29567,0.0009,-0.00068,-0.00126,-0.00089,-0.0042,-0.0014,0.0009,-0.00136,-0.0021,-0.00068,-0.00353,0.00284,0.2962,0.29565,0.00055,-0.00178,-0.00133,-0.00045,,,-8.54,1.12,-8.86,0.4,-1.21,3.67,-0.39,1.98,21.0,8.0,23.0,6.0,10.0,11.0,4.0,8.0,0.005,0.0,0.00214,-0.0025,0.85714,46.15385,45.85855,,,-2.74615,28.57143,19.04762,,,5.55556,12.96296,39.6524,39.44594,,,0.01069,0.00982,,,0,0,0,,,,,-0.15,,,,0.299,0.3,0.297,0.289,0.289,0.287,2021-04-27,2021-03-16,2021-02-18,2021-04-01,2021-03-03,2021-02-04,-2.0,3.46,-3.67,3.81,-2.69,3.48,5.0,18.0,12.0,9.0,9.0,9.0,-0.0,0.0,-0.0,0.0,-0.0,0.0,0.31,0.3,0.3,0.29,0.285,0.295,2021-04-28,2021-04-14,2021-04-07,2021-05-04,2021-04-19,2021-04-13,0.0,0.0,0.0,100.0,100.0,100.0,1999-01-01,1999-01-01,1999-01-01,1999-01-01,1999-01-01,1999-01-01,1878500.0,2095800.0,1511200.0,-23.26,-44.88,-3.8,-0.0,0.008,0.0,-0.004,-0.001,100.0,-0.00057,0.00718,0.0,-0.00361,-0.00132,100.0,39.121,40.116,0.0,38.436,39.079,38.345,71.429,75.0,80.0,14.286,50.0,20.0,48.9,0.0,0.0,42.647,100.0,100.0,2021-04-14,2020-12-17,1999-01-01,2021-02-24,2020-11-03,1999-01-01,118,8021,0,113,7977,0,2021-04-02,2021-02-25,1999-01-01,2021-04-21,2021-03-26,2021-01-27,2021-04-28,2021-04-26,2021-04-14,2021-05-04,2021-04-27,2021-04-19,2021-04-07,1999-01-01,1999-01-01,2021-02-02,1999-01-01,1999-01-01,0,0,0,1,0,1,0,0,1,0,1,0,0,0,0,0,1,0,1,0,0,1,1,0,0,0,0,0,1,0,,,,,,p2n,,,,Life.BullEnd,Life.BullRetrace,Life.BullStart,Life.Bull,Life.BearStart,,
2021-05-06,0.29116,,,,0.295,0.29563,0.2958,0.29654,0.29567,0.00087,-0.00091,-0.00125,-0.00091,-0.00441,-0.00139,0.00091,-0.00179,-0.00202,-0.00088,-0.0035,0.00262,0.29602,0.2956,0.00041,-0.00192,-0.00145,-0.00047,,,-7.95,1.12,-8.86,0.4,-1.21,3.67,-0.39,1.98,20.0,8.0,23.0,6.0,10.0,11.0,4.0,8.0,0.0,0.0,0.00214,-0.00214,1.0,50.0,45.60726,,,1.1,28.57143,23.80952,,28.571,18.88889,10.37037,39.85999,39.65218,,,0.01064,0.00982,,,0,0,0,,,,,-0.15,,,,0.299,0.3,0.297,0.289,0.289,0.287,2021-04-27,2021-03-16,2021-02-18,2021-04-01,2021-03-03,2021-02-04,-2.62,3.46,-3.67,3.81,-2.69,3.48,6.0,18.0,12.0,9.0,9.0,9.0,-0.0,0.0,-0.0,0.0,-0.0,0.0,0.295,0.31,0.3,0.29,0.285,0.295,2021-05-06,2021-04-28,2021-04-14,2021-05-04,2021-04-19,2021-04-13,0.0,0.0,0.0,100.0,100.0,100.0,1999-01-01,1999-01-01,1999-01-01,1999-01-01,1999-01-01,1999-01-01,2095800.0,1511200.0,2581700.0,-44.88,-3.8,12.82,-0.0,0.008,0.0,-0.004,-0.001,100.0,-0.00057,0.00718,0.0,-0.00361,-0.00132,100.0,39.121,40.116,0.0,38.436,39.079,38.345,28.571,71.429,75.0,14.286,50.0,20.0,48.9,0.0,0.0,42.647,100.0,100.0,2021-04-14,2020-12-17,1999-01-01,2021-02-24,2020-11-03,1999-01-01,118,8021,0,113,7977,0,2021-04-02,2021-02-25,1999-01-01,2021-04-21,2021-03-26,2021-01-27,2021-05-06,2021-04-28,2021-04-26,2021-05-04,2021-04-27,2021-04-19,2021-04-07,1999-01-01,1999-01-01,2021-02-02,1999-01-01,1999-01-01,0,0,0,1,1,0,0,0,1,0,1,0,0,0,0,0,1,0,1,0,0,1,1,0,0,0,0,0,1,0,,,,,p2n,,,,,Life.BullEnd,Life.BullRetrace,Life.BullStart,Life.Bull,Life.BearStart,,
2021-05-07,0.28917,,,,,0.29519,0.29557,0.29641,0.29561,0.00084,-0.00115,-0.00124,-0.00121,-0.00464,-0.00137,0.00121,-0.00224,-0.00193,-0.00108,-0.00348,0.0024,0.29509,0.29519,-0.0001,-0.00207,-0.00158,-0.00049,,,-7.32,1.12,-8.86,0.4,-1.21,3.67,-0.39,1.98,19.0,8.0,23.0,6.0,10.0,11.0,4.0,8.0,-0.0,-0.005,0.00214,-0.0025,0.85714,46.15385,45.35459,,,-2.74615,14.28571,23.80952,,,27.22222,17.22222,40.06326,39.85855,,,0.01024,0.00981,,,0,0,0,,,,,-0.15,,,,0.299,0.3,0.297,0.289,0.289,0.287,2021-04-27,2021-03-16,2021-02-18,2021-04-01,2021-03-03,2021-02-04,-3.29,3.46,-3.67,3.81,-2.69,3.48,7.0,18.0,12.0,9.0,9.0,9.0,-0.0,0.0,-0.0,0.0,-0.0,0.0,0.295,0.31,0.3,0.29,0.285,0.295,2021-05-06,2021-04-28,2021-04-14,2021-05-04,2021-04-19,2021-04-13,0.0,0.0,0.0,100.0,100.0,100.0,1999-01-01,1999-01-01,1999-01-01,1999-01-01,1999-01-01,1999-01-01,1511200.0,2581700.0,2001000.0,-3.8,12.82,-1.53,-0.0,0.008,0.0,-0.004,-0.001,100.0,-0.00057,0.00718,0.0,-0.00361,-0.00132,100.0,39.121,40.116,0.0,38.436,39.079,38.345,28.571,71.429,75.0,14.286,50.0,20.0,48.9,0.0,0.0,42.647,100.0,100.0,2021-04-14,2020-12-17,1999-01-01,2021-02-24,2020-11-03,1999-01-01,118,8021,0,113,7977,0,2021-04-02,2021-02-25,1999-01-01,2021-04-21,2021-03-26,2021-01-27,2021-05-06,2021-04-28,2021-04-26,2021-05-04,2021-04-27,2021-04-19,2021-04-07,1999-01-01,1999-01-01,2021-02-02,1999-01-01,1999-01-01,0,0,0,1,1,0,0,0,1,0,1,0,0,0,0,0,1,0,1,0,0,1,1,0,0,0,0,0,1,0,,,,,,,,,,Life.BullEnd,Life.BullRetrace,Life.BullStart,Life.Bull,Life.BearStart,,
2021-05-10,0.28706,,,,,0.29479,0.29535,0.29628,0.29555,0.00093,-0.00141,-0.00123,-0.00149,-0.00487,-0.00137,0.00149,-0.0027,-0.00184,-0.00129,-0.00346,0.00217,0.29431,0.2948,-0.0005,-0.00222,-0.0017,-0.00051,,,-6.64,1.12,-8.86,0.4,-1.21,3.67,-0.39,1.98,18.0,8.0,23.0,6.0,10.0,11.0,4.0,8.0,0.0,0.0,0.00214,-0.00179,1.2,54.54545,45.09865,,,5.64545,14.28571,19.04762,,,32.77778,26.2963,40.26008,40.06111,,,0.00951,0.0098,,,0,0,0,,,,,-0.15,,,,0.299,0.3,0.297,0.289,0.289,0.287,2021-04-27,2021-03-16,2021-02-18,2021-04-01,2021-03-03,2021-02-04,-3.99,3.46,-3.67,3.81,-2.69,3.48,8.0,18.0,12.0,9.0,9.0,9.0,-0.0,0.0,-0.0,0.0,-0.0,0.0,0.295,0.31,0.3,0.29,0.285,0.295,2021-05-06,2021-04-28,2021-04-14,2021-05-04,2021-04-19,2021-04-13,0.0,0.0,0.0,100.0,100.0,100.0,1999-01-01,1999-01-01,1999-01-01,1999-01-01,1999-01-01,1999-01-01,2581700.0,2001000.0,678400.0,12.82,-1.53,-13.67,-0.0,0.008,0.0,-0.004,-0.001,100.0,-0.00057,0.00718,0.0,-0.00361,-0.00132,100.0,39.121,40.116,0.0,38.436,39.079,38.345,28.571,71.429,75.0,14.286,50.0,20.0,48.9,0.0,0.0,42.647,100.0,100.0,2021-04-14,2020-12-17,1999-01-01,2021-02-24,2020-11-03,1999-01-01,118,8021,0,113,7977,0,2021-04-02,2021-02-25,1999-01-01,2021-04-21,2021-03-26,2021-01-27,2021-05-06,2021-04-28,2021-04-26,2021-05-04,2021-04-27,2021-04-19,2021-04-07,1999-01-01,1999-01-01,2021-02-02,1999-01-01,1999-01-01,0,0,0,1,1,0,0,0,1,0,1,0,0,0,0,0,1,0,1,0,0,1,1,0,0,0,0,0,1,0,,,,,,,,,,Life.BullEnd,Life.BullRetrace,Life.BullStart,Life.Bull,Life.BearStart,,
2021-05-11,0.28482,,,0.28,,0.29366,0.29475,0.29596,0.2954,0.00121,-0.00168,-0.00122,-0.0023,-0.00512,-0.00136,0.0023,-0.00319,-0.00176,-0.0015,-0.00344,0.00194,0.29211,0.29371,-0.0016,-0.00237,-0.00184,-0.00053,,,-5.9,1.12,-8.86,0.4,-1.21,3.67,-0.39,1.98,17.0,8.0,23.0,6.0,10.0,11.0,4.0,8.0,-0.0,-0.01,0.00179,-0.0025,0.71429,41.66667,44.83775,,,-7.23333,0.0,9.52381,0.0,,19.44444,26.48148,40.44873,40.25736,,,0.00954,0.00979,,,0,0,0,,,,,-0.15,,,,0.299,0.3,0.297,0.289,0.289,0.287,2021-04-27,2021-03-16,2021-02-18,2021-04-01,2021-03-03,2021-02-04,-4.74,3.46,-3.67,3.81,-2.69,3.48,9.0,18.0,12.0,9.0,9.0,9.0,-1.0,0.0,-0.0,0.0,-0.0,0.0,0.295,0.31,0.3,0.28,0.29,0.285,2021-05-06,2021-04-28,2021-04-14,2021-05-11,2021-05-04,2021-04-19,0.0,0.0,0.0,100.0,100.0,100.0,1999-01-01,1999-01-01,1999-01-01,1999-01-01,1999-01-01,1999-01-01,2001000.0,678400.0,1837000.0,-1.53,-13.67,-14.15,-0.0,0.008,0.0,-0.004,-0.001,100.0,-0.00057,0.00718,0.0,-0.00361,-0.00132,100.0,39.121,40.116,0.0,38.436,39.079,38.345,28.571,71.429,75.0,0.0,14.286,50.0,48.9,0.0,0.0,42.647,100.0,100.0,2021-04-14,2020-12-17,1999-01-01,2021-02-24,2020-11-03,1999-01-01,118,8021,0,113,7977,0,2021-04-02,2021-02-25,1999-01-01,2021-04-21,2021-03-26,2021-01-27,2021-05-06,2021-04-28,2021-04-26,2021-05-11,2021-05-04,2021-04-27,2021-04-07,1999-01-01,1999-01-01,2021-02-02,1999-01-01,1999-01-01,0,0,0,1,1,0,1,0,1,0,1,0,0,0,0,0,1,0,1,0,0,1,1,0,0,0,0,0,1,0,,,,,,,,,,Life.BullEnd,Life.BullRetrace,Life.BullStart,Life.Bull,Life.BearStart,,
2021-05-12,0.28246,,,,0.29,0.29338,0.29456,0.29584,0.29534,0.00128,-0.00196,-0.00121,-0.00247,-0.00539,-0.00135,0.00247,-0.00369,-0.00167,-0.00172,-0.00342,0.0017,0.29178,0.29343,-0.00165,-0.00253,-0.00198,-0.00055,,,-5.12,1.12,-8.86,0.4,-1.21,3.67,-0.39,1.98,16.0,8.0,23.0,6.0,10.0,11.0,4.0,8.0,0.01,0.0,0.00179,-0.0025,0.71429,41.66667,44.5705,,,-7.23333,25.0,13.09524,,25.0,33.33333,28.51852,40.6281,40.44563,,,0.00958,0.00978,,,0,0,0,,,,,-0.15,,,,0.299,0.3,0.297,0.289,0.289,0.287,2021-04-27,2021-03-16,2021-02-18,2021-04-01,2021-03-03,2021-02-04,-5.53,3.46,-3.67,3.81,-2.69,3.48,10.0,18.0,12.0,9.0,9.0,9.0,-1.0,0.0,-0.0,0.0,-0.0,0.0,0.29,0.295,0.31,0.28,0.29,0.285,2021-05-12,2021-05-06,2021-04-28,2021-05-11,2021-05-04,2021-04-19,0.0,0.0,0.0,100.0,100.0,100.0,1999-01-01,1999-01-01,1999-01-01,1999-01-01,1999-01-01,1999-01-01,678400.0,1837000.0,632800.0,-13.67,-14.15,-30.29,-0.0,0.008,0.0,-0.004,-0.001,100.0,-0.00057,0.00718,0.0,-0.00361,-0.00132,100.0,39.121,40.116,0.0,38.436,39.079,38.345,25.0,28.571,71.429,0.0,14.286,50.0,48.9,0.0,0.0,42.647,100.0,100.0,2021-04-14,2020-12-17,1999-01-01,2021-02-24,2020-11-03,1999-01-01,118,8021,0,113,7977,0,2021-04-02,2021-02-25,1999-01-01,2021-04-21,2021-03-26,2021-01-27,2021-05-12,2021-05-06,2021-04-28,2021-05-11,2021-05-04,2021-04-27,2021-04-07,1999-01-01,1999-01-01,2021-02-02,1999-01-01,1999-01-01,0,0,0,1,1,0,1,0,1,0,1,0,0,0,0,0,1,0,1,0,0,1,1,0,0,0,0,0,1,0,,,,,,,,,,Life.BullEnd,Life.BullRetrace,Life.BullStart,Life.Bull,Life.BearStart,,
2021-05-17,0.28002,,,0.275,,0.29196,0.2938,0.29543,0.29514,0.00163,-0.00226,-0.00119,-0.00347,-0.00566,-0.00133,0.00347,-0.0042,-0.00158,-0.00195,-0.00341,0.00146,0.2892,0.29207,-0.00287,-0.00269,-0.00212,-0.00057,,,-4.29,1.12,-8.86,0.4,-1.21,3.67,-0.39,1.98,13.0,8.0,23.0,6.0,10.0,11.0,4.0,8.0,-0.0,-0.015,0.00179,-0.00357,0.5,33.33333,44.29584,,,-15.56667,0.0,8.33333,0.0,,22.22222,25.0,40.79853,40.62512,,,0.00996,0.00977,,,0,0,0,,,,,-0.15,,,,0.299,0.3,0.297,0.289,0.289,0.287,2021-04-27,2021-03-16,2021-02-18,2021-04-01,2021-03-03,2021-02-04,-6.35,3.46,-3.67,3.81,-2.69,3.48,11.0,18.0,12.0,9.0,9.0,9.0,-1.0,0.0,-0.0,0.0,-0.0,0.0,0.29,0.295,0.31,0.275,0.28,0.29,2021-05-12,2021-05-06,2021-04-28,2021-05-17,2021-05-11,2021-05-04,0.0,0.0,0.0,100.0,100.0,100.0,1999-01-01,1999-01-01,1999-01-01,1999-01-01,1999-01-01,1999-01-01,1837000.0,632800.0,1281900.0,-14.15,-30.29,19.17,-0.0,0.008,0.0,-0.004,-0.001,100.0,-0.00057,0.00718,0.0,-0.00361,-0.00132,100.0,39.121,40.116,0.0,38.436,39.079,38.345,25.0,28.571,71.429,0.0,0.0,14.286,48.9,0.0,0.0,42.647,100.0,100.0,2021-04-14,2020-12-17,1999-01-01,2021-02-24,2020-11-03,1999-01-01,118,8021,0,113,7977,0,2021-04-02,2021-02-25,1999-01-01,2021-04-21,2021-03-26,2021-01-27,2021-05-12,2021-05-06,2021-04-28,2021-05-17,2021-05-11,2021-05-04,2021-04-07,1999-01-01,1999-01-01,2021-02-02,1999-01-01,1999-01-01,0,0,0,1,1,0,1,0,1,0,1,0,0,0,0,0,1,0,1,0,0,1,1,0,0,0,0,0,1,0,-1281900,,,,,,,,n2p,Life.BullEnd,Life.BullRetrace,Life.BullStart,Life.Bull,Life.BearStart,,
2021-05-18,0.27762,,,,0.28,0.29104,0.29326,0.29512,0.29499,0.00187,-0.00256,-0.00116,-0.00408,-0.00595,-0.00129,0.00408,-0.00473,-0.00148,-0.00217,-0.00339,0.00122,0.28779,0.29117,-0.00339,-0.00285,-0.00226,-0.00058,,,-3.46,1.12,-8.86,0.4,-1.21,3.67,-0.39,1.98,12.0,8.0,23.0,6.0,10.0,11.0,4.0,8.0,0.005,0.0,0.00214,-0.00357,0.6,37.5,44.01396,,,-11.4,11.11111,12.03704,,11.111,33.33333,29.62963,40.96277,40.79647,,,0.00997,0.00976,,,0,0,0,,,,,-0.15,,,,0.299,0.3,0.297,0.289,0.289,0.287,2021-04-27,2021-03-16,2021-02-18,2021-04-01,2021-03-03,2021-02-04,-7.15,3.46,-3.67,3.81,-2.69,3.48,12.0,18.0,12.0,9.0,9.0,9.0,-1.0,0.0,-0.0,0.0,-0.0,0.0,0.28,0.29,0.295,0.275,0.28,0.29,2021-05-18,2021-05-12,2021-05-06,2021-05-17,2021-05-11,2021-05-04,0.0,0.0,0.0,100.0,100.0,100.0,1999-01-01,1999-01-01,1999-01-01,1999-01-01,1999-01-01,1999-01-01,632800.0,1281900.0,559000.0,-30.29,19.17,-34.06,-0.0,0.008,0.0,-0.004,-0.001,100.0,-0.00057,0.00718,0.0,-0.00361,-0.00132,100.0,39.121,40.116,0.0,38.436,39.079,38.345,11.111,25.0,28.571,0.0,0.0,14.286,48.9,0.0,0.0,42.647,100.0,100.0,2021-04-14,2020-12-17,1999-01-01,2021-02-24,2020-11-03,1999-01-01,118,8021,0,113,7977,0,2021-04-02,2021-02-25,1999-01-01,2021-04-21,2021-03-26,2021-01-27,2021-05-18,2021-05-12,2021-05-06,2021-05-17,2021-05-11,2021-05-04,2021-04-07,1999-01-01,1999-01-01,2021-02-02,1999-01-01,1999-01-01,0,0,0,1,1,0,1,0,1,0,1,0,0,0,0,0,1,0,1,0,0,1,1,0,0,0,0,0,1,0,,,559000,,,,,n2p,p2n,Life.BullEnd,Life.BullRetrace,Life.BullStart,Life.Bull,Life.BearStart,,
2021-05-19,0.27541,,,,,0.28981,0.29254,0.29472,0.29479,-0.00225,-0.00288,-0.00113,-0.00492,-0.00626,-0.00124,-0.00498,-0.00528,-0.00137,-0.0024,-0.00338,0.00098,0.28582,0.28998,-0.00416,-0.00301,-0.00241,-0.0006,,,-2.69,1.12,-8.86,0.4,-1.21,3.67,-0.39,1.98,11.0,8.0,23.0,6.0,10.0,11.0,4.0,8.0,-0.0,-0.005,0.00214,-0.00393,0.54545,35.29412,43.72583,,,-13.60588,0.0,3.7037,,,11.11111,22.22222,41.1245,40.96193,,,0.00997,0.00974,,,0,0,0,,,,,-0.15,,,,0.299,0.3,0.297,0.289,0.289,0.287,2021-04-27,2021-03-16,2021-02-18,2021-04-01,2021-03-03,2021-02-04,-7.89,3.46,-3.67,3.81,-2.69,3.48,13.0,18.0,12.0,9.0,9.0,9.0,-1.0,0.0,-0.0,0.0,-0.0,0.0,0.28,0.29,0.295,0.275,0.28,0.29,2021-05-18,2021-05-12,2021-05-06,2021-05-17,2021-05-11,2021-05-04,0.0,0.0,0.0,100.0,100.0,100.0,1999-01-01,1999-01-01,1999-01-01,1999-01-01,1999-01-01,1999-01-01,1281900.0,559000.0,944200.0,19.17,-34.06,12.59,-0.0,0.008,0.0,-0.004,-0.001,100.0,-0.00057,0.00718,0.0,-0.00361,-0.00132,100.0,39.121,40.116,0.0,38.436,39.079,38.345,11.111,25.0,28.571,0.0,0.0,14.286,48.9,0.0,0.0,42.647,100.0,100.0,2021-04-14,2020-12-17,1999-01-01,2021-02-24,2020-11-03,1999-01-01,118,8021,0,113,7977,0,2021-04-02,2021-02-25,1999-01-01,2021-04-21,2021-03-26,2021-01-27,2021-05-18,2021-05-12,2021-05-06,2021-05-17,2021-05-11,2021-05-04,2021-04-07,1999-01-01,1999-01-01,2021-02-02,1999-01-01,1999-01-01,0,0,0,1,1,0,1,0,1,0,1,0,0,0,0,0,1,0,1,0,0,1,1,0,0,0,0,0,1,0,-944200,,,,,,n2p,p2n,n2p,Life.BullEnd,Life.BullRetrace,Life.BullStart,Life.Bull,Life.BearStart,,
2021-05-20,0.27348,,,,,0.28828,0.29166,0.29423,0.29455,-0.00289,-0.0032,-0.00109,-0.00595,-0.00657,-0.00118,-0.00626,-0.00583,-0.00126,-0.00263,-0.00337,0.00074,0.28338,0.2885,-0.00511,-0.00317,-0.00256,-0.00061,,,-2.0,1.12,-8.86,0.4,-1.21,3.67,-0.39,1.98,10.0,8.0,23.0,6.0,10.0,11.0,4.0,8.0,-0.0,-0.005,0.00214,-0.00429,0.5,33.33333,43.43222,,,-15.56667,0.0,3.7037,0.0,,11.11111,18.51852,41.28715,41.1248,,,0.00961,0.00973,,,0,0,0,,,,,-0.15,,,,0.299,0.3,0.297,0.289,0.289,0.287,2021-04-27,2021-03-16,2021-02-18,2021-04-01,2021-03-03,2021-02-04,-8.54,3.46,-3.67,3.81,-2.69,3.48,14.0,18.0,12.0,9.0,9.0,9.0,-1.0,0.0,-0.0,0.0,-0.0,0.0,0.28,0.29,0.295,0.275,0.28,0.29,2021-05-18,2021-05-12,2021-05-06,2021-05-17,2021-05-11,2021-05-04,0.0,0.0,0.0,100.0,100.0,100.0,1999-01-01,1999-01-01,1999-01-01,1999-01-01,1999-01-01,1999-01-01,559000.0,944200.0,798300.0,-34.06,12.59,-17.36,-0.0,0.008,0.0,-0.004,-0.001,100.0,-0.00057,0.00718,0.0,-0.00361,-0.00132,100.0,39.121,40.116,0.0,38.436,39.079,38.345,11.111,25.0,28.571,0.0,0.0,0.0,48.9,0.0,0.0,42.647,100.0,100.0,2021-04-14,2020-12-17,1999-01-01,2021-02-24,2020-11-03,1999-01-01,118,8021,0,113,7977,0,2021-04-02,2021-02-25,1999-01-01,2021-04-21,2021-03-26,2021-01-27,2021-05-18,2021-05-12,2021-05-06,2021-05-20,2021-05-17,2021-05-11,2021-04-07,1999-01-01,1999-01-01,2021-02-02,1999-01-01,1999-01-01,0,0,0,1,1,0,1,0,1,0,1,0,0,0,0,0,1,0,0,0,0,1,1,0,0,0,0,0,1,0,,,,,,n2p,p2n,n2p,,Life.BullEnd,Life.BullRetrace,Life.BullStart,Life.Bull,Life.BearStart,,
2021-05-21,0.2718,,,0.265,,0.28649,0.29061,0.29366,0.29425,-0.00364,-0.00354,-0.00104,-0.00716,-0.0069,-0.00111,-0.00776,-0.0064,-0.00113,-0.00286,-0.00335,0.00049,0.28056,0.28676,-0.0062,-0.00333,-0.00272,-0.00062,,,-1.4,1.12,-8.86,0.4,-1.21,3.67,-0.39,1.98,9.0,8.0,23.0,6.0,10.0,11.0,4.0,8.0,-0.0,-0.005,0.00143,-0.00464,0.30769,23.52941,43.13427,,,-25.37059,25.0,8.33333,,,12.5,11.57407,41.45347,41.28837,,,0.01036,0.00971,,,0,0,0,,,,,-0.15,,,,0.299,0.3,0.297,0.289,0.289,0.287,2021-04-27,2021-03-16,2021-02-18,2021-04-01,2021-03-03,2021-02-04,-9.1,3.46,-3.67,3.81,-2.69,3.48,15.0,18.0,12.0,9.0,9.0,9.0,-1.0,0.0,-0.0,0.0,-0.0,0.0,0.28,0.29,0.295,0.265,0.275,0.28,2021-05-18,2021-05-12,2021-05-06,2021-05-21,2021-05-17,2021-05-11,0.0,0.0,0.0,100.0,100.0,100.0,1999-01-01,1999-01-01,1999-01-01,1999-01-01,1999-01-01,1999-01-01,944200.0,798300.0,2024500.0,12.59,-17.36,63.68,-0.0,0.008,0.0,-0.004,-0.001,100.0,-0.00057,0.00718,0.0,-0.00361,-0.00132,100.0,39.121,40.116,0.0,38.436,39.079,38.345,11.111,25.0,28.571,0.0,0.0,0.0,48.9,0.0,0.0,42.647,100.0,100.0,2021-04-14,2020-12-17,1999-01-01,2021-02-24,2020-11-03,1999-01-01,118,8021,0,113,7977,0,2021-04-02,2021-02-25,1999-01-01,2021-04-21,2021-03-26,2021-01-27,2021-05-18,2021-05-12,2021-05-06,2021-05-20,2021-05-17,2021-05-11,2021-04-07,1999-01-01,1999-01-01,2021-02-02,1999-01-01,1999-01-01,0,0,0,1,1,0,1,0,1,0,1,0,0,0,0,0,1,0,0,0,0,1,1,0,0,0,0,0,1,0,-2024500,,,,n2p,p2n,n2p,,n2p,Life.BullEnd,Life.BullRetrace,Life.BullStart,Life.Bull,Life.BearStart,,
2021-05-24,0.27035,,,,,0.28522,0.2898,0.29319,0.29401,-0.00421,-0.00389,-0.00099,-0.00796,-0.00723,-0.00103,-0.00879,-0.00698,-0.00101,-0.00309,-0.00334,0.00025,0.27893,0.28551,-0.00658,-0.0035,-0.00287,-0.00062,,,-0.87,1.12,-8.86,0.4,-1.21,3.67,-0.39,1.98,8.0,8.0,23.0,6.0,10.0,11.0,4.0,8.0,0.005,0.0,0.00179,-0.00393,0.45455,31.25,42.83446,,,-17.65,36.36364,20.45455,,,31.54762,18.38624,41.62541,41.45534,,,0.00997,0.00969,,,0,0,0,,,,,-0.15,,,,0.299,0.3,0.297,0.289,0.289,0.287,2021-04-27,2021-03-16,2021-02-18,2021-04-01,2021-03-03,2021-02-04,-9.58,3.46,-3.67,3.81,-2.69,3.48,16.0,18.0,12.0,9.0,9.0,9.0,-1.0,0.0,-0.0,0.0,-0.0,0.0,0.28,0.29,0.295,0.265,0.275,0.28,2021-05-18,2021-05-12,2021-05-06,2021-05-21,2021-05-17,2021-05-11,0.0,0.0,0.0,100.0,100.0,100.0,1999-01-01,1999-01-01,1999-01-01,1999-01-01,1999-01-01,1999-01-01,798300.0,2024500.0,390000.0,-17.36,63.68,-14.71,-0.0,0.008,0.0,-0.004,-0.001,100.0,-0.00057,0.00718,0.0,-0.00361,-0.00132,100.0,39.121,40.116,0.0,38.436,39.079,38.345,11.111,25.0,28.571,0.0,0.0,0.0,48.9,0.0,0.0,42.647,100.0,100.0,2021-04-14,2020-12-17,1999-01-01,2021-02-24,2020-11-03,1999-01-01,118,8021,0,113,7977,0,2021-04-02,2021-02-25,1999-01-01,2021-04-21,2021-03-26,2021-01-27,2021-05-18,2021-05-12,2021-05-06,2021-05-20,2021-05-17,2021-05-11,2021-04-07,1999-01-01,1999-01-01,2021-02-02,1999-01-01,1999-01-01,0,0,0,1,1,0,1,0,1,0,1,0,0,0,0,0,1,0,0,0,0,1,1,0,0,0,0,0,1,0,,,390000,,p2n,n2p,,n2p,p2n,Life.BullEnd,Life.BullRetrace,Life.BullStart,Life.Bull,Life.BearStart,,
2021-05-25,0.26915,,,,,0.28405,0.28903,0.29273,0.29377,-0.00475,-0.00425,-0.00094,-0.00868,-0.00758,-0.00094,-0.00972,-0.00757,-0.00089,-0.00332,-0.00333,1e-05,0.27756,0.28436,-0.00681,-0.00366,-0.00303,-0.00063,,,-0.43,1.12,-8.86,0.4,-1.21,3.67,-0.39,1.98,7.0,8.0,23.0,6.0,10.0,11.0,4.0,8.0,0.0,0.0,0.00179,-0.00321,0.55556,35.71429,42.53614,,,-13.18571,40.0,33.78788,,,50.59524,31.54762,41.80395,41.62761,,,0.00962,0.00967,,,0,0,0,,,,,-0.15,,,,0.299,0.3,0.297,0.289,0.289,0.287,2021-04-27,2021-03-16,2021-02-18,2021-04-01,2021-03-03,2021-02-04,-9.98,3.46,-3.67,3.81,-2.69,3.48,17.0,18.0,12.0,9.0,9.0,9.0,-1.0,0.0,-0.0,0.0,-0.0,0.0,0.28,0.29,0.295,0.265,0.275,0.28,2021-05-18,2021-05-12,2021-05-06,2021-05-21,2021-05-17,2021-05-11,0.0,0.0,0.0,100.0,100.0,100.0,1999-01-01,1999-01-01,1999-01-01,1999-01-01,1999-01-01,1999-01-01,2024500.0,390000.0,368700.0,63.68,-14.71,-13.37,-0.0,0.008,0.0,-0.004,-0.001,100.0,-0.00057,0.00718,0.0,-0.00361,-0.00132,100.0,39.121,40.116,0.0,38.436,39.079,38.345,11.111,25.0,28.571,0.0,0.0,0.0,48.9,0.0,0.0,42.647,100.0,100.0,2021-04-14,2020-12-17,1999-01-01,2021-02-24,2020-11-03,1999-01-01,118,8021,0,113,7977,0,2021-04-02,2021-02-25,1999-01-01,2021-04-21,2021-03-26,2021-01-27,2021-05-18,2021-05-12,2021-05-06,2021-05-20,2021-05-17,2021-05-11,2021-04-07,1999-01-01,1999-01-01,2021-02-02,1999-01-01,1999-01-01,0,0,0,1,1,0,1,0,1,0,1,0,0,0,0,0,1,0,0,0,0,1,1,0,0,0,0,0,1,0,,,,,n2p,,n2p,p2n,,Life.BullEnd,Life.BullRetrace,Life.BullStart,Life.Bull,Life.BearStart,,
2021-05-27,0.2683,,,,,0.28297,0.28828,0.29228,0.29354,-0.00526,-0.00461,-0.00088,-0.00931,-0.00793,-0.00084,-0.01056,-0.00816,-0.00078,-0.00355,-0.00332,-0.00023,0.2764,0.2833,-0.00691,-0.00381,-0.00319,-0.00063,,,-0.11,1.12,-8.86,0.4,-1.21,3.67,-0.39,1.98,5.0,8.0,23.0,6.0,10.0,11.0,4.0,8.0,0.0,0.0,0.00179,-0.00321,0.55556,35.71429,42.24348,,,-13.18571,40.0,38.78788,,,64.7619,48.96825,41.98797,41.80577,,,0.00929,0.00964,,,0,0,0,,,,,,-0.15,,,0.299,0.3,0.297,0.289,0.289,0.287,2021-04-27,2021-03-16,2021-02-18,2021-04-01,2021-03-03,2021-02-04,-10.27,3.46,-3.67,3.81,-2.69,3.48,18.0,18.0,12.0,9.0,9.0,9.0,-1.0,0.0,-0.0,0.0,-0.0,0.0,0.28,0.29,0.295,0.265,0.275,0.28,2021-05-18,2021-05-12,2021-05-06,2021-05-21,2021-05-17,2021-05-11,0.0,0.0,0.0,100.0,100.0,100.0,1999-01-01,1999-01-01,1999-01-01,1999-01-01,1999-01-01,1999-01-01,390000.0,368700.0,443700.0,-14.71,-13.37,-56.8,-0.0,0.008,0.0,-0.004,-0.001,100.0,-0.00057,0.00718,0.0,-0.00361,-0.00132,100.0,39.121,40.116,0.0,38.436,39.079,38.345,11.111,25.0,28.571,0.0,0.0,0.0,48.9,0.0,0.0,42.647,100.0,100.0,2021-04-14,2020-12-17,1999-01-01,2021-02-24,2020-11-03,1999-01-01,118,8021,0,113,7977,0,2021-04-02,2021-02-25,1999-01-01,2021-04-21,2021-03-26,2021-01-27,2021-05-18,2021-05-12,2021-05-06,2021-05-20,2021-05-17,2021-05-11,2021-04-07,1999-01-01,1999-01-01,2021-02-02,1999-01-01,1999-01-01,0,0,0,1,1,0,1,0,1,0,1,0,0,0,0,0,1,0,0,0,0,1,1,0,0,0,0,0,1,0,,,,443700,,n2p,p2n,,n2n,Life.BullRetrace,Life.BullStart,Life.Bull,Life.BearStart,Life.Bear,,
2021-05-28,0.26778,,,,0.27,0.28197,0.28756,0.29184,0.2933,-0.00574,-0.00499,-0.00082,-0.00986,-0.00829,-0.00073,-0.01133,-0.00877,-0.00068,-0.00378,-0.0033,-0.00048,0.27541,0.28232,-0.0069,-0.00397,-0.00334,-0.00063,,,0.08,1.12,-8.86,0.4,-1.21,3.67,-0.39,1.98,4.0,8.0,23.0,6.0,10.0,11.0,4.0,8.0,0.0,0.0,0.00143,-0.00321,0.44444,30.76923,41.9619,,,-18.13077,44.44444,41.48148,,44.444,79.04762,64.80159,42.1738,41.98857,,,0.00898,0.00962,,,0,0,0,,,,,,-0.15,,,0.299,0.3,0.297,0.289,0.289,0.287,2021-04-27,2021-03-16,2021-02-18,2021-04-01,2021-03-03,2021-02-04,-10.44,3.46,-3.67,3.81,-2.69,3.48,19.0,18.0,12.0,9.0,9.0,9.0,-1.0,0.0,-0.0,0.0,-0.0,0.0,0.27,0.28,0.29,0.265,0.275,0.28,2021-05-28,2021-05-18,2021-05-12,2021-05-21,2021-05-17,2021-05-11,0.0,0.0,0.0,100.0,100.0,100.0,1999-01-01,1999-01-01,1999-01-01,1999-01-01,1999-01-01,1999-01-01,368700.0,443700.0,269100.0,-13.37,-56.8,-10.05,-0.0,0.008,0.0,-0.004,-0.001,100.0,-0.00057,0.00718,0.0,-0.00361,-0.00132,100.0,39.121,40.116,0.0,38.436,39.079,38.345,44.444,11.111,25.0,0.0,0.0,0.0,48.9,0.0,0.0,42.647,100.0,100.0,2021-04-14,2020-12-17,1999-01-01,2021-02-24,2020-11-03,1999-01-01,118,8021,0,113,7977,0,2021-04-02,2021-02-25,1999-01-01,2021-04-21,2021-03-26,2021-01-27,2021-05-28,2021-05-18,2021-05-12,2021-05-20,2021-05-17,2021-05-11,2021-04-07,1999-01-01,1999-01-01,2021-02-02,1999-01-01,1999-01-01,0,0,0,1,1,0,1,0,1,0,1,0,0,0,0,0,0,1,0,0,0,1,1,0,0,0,0,0,1,0,,,,,n2p,p2n,,n2n,,Life.BullRetrace,Life.BullStart,Life.Bull,Life.BearStart,Life.Bear,,
2021-05-31,0.26752,,,,,0.28067,0.28668,0.29131,0.29302,-0.00634,-0.00537,-0.00075,-0.01064,-0.00866,-0.00062,-0.01235,-0.00937,-0.00058,-0.004,-0.00329,-0.00072,0.27381,0.28103,-0.00722,-0.00412,-0.0035,-0.00062,,,0.18,1.12,-8.86,0.4,-1.21,3.67,-0.39,1.98,3.0,8.0,23.0,6.0,10.0,11.0,4.0,8.0,-0.0,-0.005,0.00143,-0.00357,0.4,28.57143,41.69582,,,-20.32857,33.33333,39.25926,33.333,,76.66667,73.49206,42.35538,42.17238,,,0.00905,0.00959,,,0,0,0,,,,,,-0.15,,,0.299,0.3,0.297,0.289,0.289,0.287,2021-04-27,2021-03-16,2021-02-18,2021-04-01,2021-03-03,2021-02-04,-10.53,3.46,-3.67,3.81,-2.69,3.48,20.0,18.0,12.0,9.0,9.0,9.0,-1.0,0.0,-0.0,0.0,-0.0,0.0,0.27,0.28,0.29,0.265,0.275,0.28,2021-05-28,2021-05-18,2021-05-12,2021-05-21,2021-05-17,2021-05-11,0.0,0.0,0.0,100.0,100.0,100.0,1999-01-01,1999-01-01,1999-01-01,1999-01-01,1999-01-01,1999-01-01,443700.0,269100.0,526400.0,-56.8,-10.05,14.58,-0.0,0.008,0.0,-0.004,-0.001,100.0,-0.00057,0.00718,0.0,-0.00361,-0.00132,100.0,39.121,40.116,0.0,38.436,39.079,38.345,44.444,11.111,25.0,33.333,0.0,0.0,48.9,0.0,0.0,42.647,100.0,100.0,2021-04-14,2020-12-17,1999-01-01,2021-02-24,2020-11-03,1999-01-01,118,8021,0,113,7977,0,2021-04-02,2021-02-25,1999-01-01,2021-04-21,2021-03-26,2021-01-27,2021-05-28,2021-05-18,2021-05-12,2021-05-31,2021-05-20,2021-05-17,2021-04-07,1999-01-01,1999-01-01,2021-02-02,1999-01-01,1999-01-01,0,0,0,1,1,0,1,0,1,0,1,0,0,0,0,0,0,1,0,1,0,1,1,0,0,0,0,0,1,0,,,,,p2n,,n2n,,,Life.BullRetrace,Life.BullStart,Life.Bull,Life.BearStart,Life.Bear,,
2021-06-01,0.26752,,,,,0.27946,0.28583,0.29078,0.29274,-0.00691,-0.00576,-0.00069,-0.01132,-0.00903,-0.0005,-0.01328,-0.00999,-0.00047,-0.00423,-0.00327,-0.00096,0.27245,0.27985,-0.00739,-0.00426,-0.00365,-0.00061,,,0.18,1.12,-8.86,0.4,-1.21,3.67,-0.39,1.98,2.0,8.0,23.0,6.0,10.0,11.0,4.0,8.0,0.0,0.0,0.00143,-0.00321,0.44444,30.76923,41.44815,,,-18.13077,37.5,38.42593,,37.5,66.66667,74.12698,42.52673,42.35197,,,0.00912,0.00956,,,0,0,0,,,,,,-0.15,,,0.299,0.3,0.297,0.289,0.289,0.287,2021-04-27,2021-03-16,2021-02-18,2021-04-01,2021-03-03,2021-02-04,-10.53,3.46,-3.67,3.81,-2.69,3.48,21.0,18.0,12.0,9.0,9.0,9.0,-1.0,0.0,-0.0,0.0,-0.0,0.0,0.27,0.28,0.29,0.265,0.275,0.28,2021-05-28,2021-05-18,2021-05-12,2021-05-21,2021-05-17,2021-05-11,0.0,0.0,0.0,100.0,100.0,100.0,1999-01-01,1999-01-01,1999-01-01,1999-01-01,1999-01-01,1999-01-01,269100.0,526400.0,799400.0,-10.05,14.58,28.7,-0.0,0.008,0.0,-0.004,-0.001,100.0,-0.00057,0.00718,0.0,-0.00361,-0.00132,100.0,39.121,40.116,0.0,38.436,39.079,38.345,37.5,44.444,11.111,33.333,0.0,0.0,48.9,0.0,0.0,42.647,100.0,100.0,2021-04-14,2020-12-17,1999-01-01,2021-02-24,2020-11-03,1999-01-01,118,8021,0,113,7977,0,2021-04-02,2021-02-25,1999-01-01,2021-04-21,2021-03-26,2021-01-27,2021-06-01,2021-05-28,2021-05-18,2021-05-31,2021-05-20,2021-05-17,2021-04-07,1999-01-01,1999-01-01,2021-02-02,1999-01-01,1999-01-01,0,0,0,1,1,0,1,0,1,0,1,0,0,0,0,0,0,0,0,1,0,1,1,0,0,0,0,0,1,0,,,,,,n2n,,,,Life.BullRetrace,Life.BullStart,Life.Bull,Life.BearStart,Life.Bear,,
2021-06-02,0.26773,,,0.26,,0.27797,0.28482,0.29018,0.29241,-0.0076,-0.00615,-0.00062,-0.01221,-0.0094,-0.00038,-0.01445,-0.0106,-0.00035,-0.00445,-0.00325,-0.0012,0.27054,0.27838,-0.00784,-0.0044,-0.0038,-0.0006,,,0.1,1.12,-8.86,0.4,-1.21,3.67,-0.39,1.98,1.0,8.0,23.0,6.0,10.0,11.0,4.0,8.0,-0.0,-0.005,0.00143,-0.00357,0.4,28.57143,41.2217,,,-20.32857,25.0,31.94444,25.0,,33.33333,58.88889,42.68489,42.52234,,,0.00918,0.00953,,,0,0,0,,,,,,-0.15,,,0.299,0.3,0.297,0.289,0.289,0.287,2021-04-27,2021-03-16,2021-02-18,2021-04-01,2021-03-03,2021-02-04,-10.46,3.46,-3.67,3.81,-2.69,3.48,22.0,18.0,12.0,9.0,9.0,9.0,-0.0,0.0,-0.0,0.0,-0.0,0.0,0.27,0.28,0.29,0.26,0.265,0.275,2021-05-28,2021-05-18,2021-05-12,2021-06-02,2021-05-21,2021-05-17,0.0,0.0,0.0,100.0,100.0,100.0,1999-01-01,1999-01-01,1999-01-01,1999-01-01,1999-01-01,1999-01-01,526400.0,799400.0,1056600.0,14.58,28.7,49.38,-0.0,0.008,0.0,-0.004,-0.001,100.0,-0.00057,0.00718,0.0,-0.00361,-0.00132,100.0,39.121,40.116,0.0,38.436,39.079,38.345,37.5,44.444,11.111,25.0,33.333,0.0,48.9,0.0,0.0,42.647,100.0,100.0,2021-04-14,2020-12-17,1999-01-01,2021-02-24,2020-11-03,1999-01-01,118,8021,0,113,7977,0,2021-04-02,2021-02-25,1999-01-01,2021-04-21,2021-03-26,2021-01-27,2021-06-01,2021-05-28,2021-05-18,2021-06-02,2021-05-31,2021-05-20,2021-04-07,1999-01-01,1999-01-01,2021-02-02,1999-01-01,1999-01-01,0,0,0,1,1,0,1,0,1,0,1,0,0,0,0,0,0,0,0,0,0,1,1,0,0,0,0,0,1,0,,,,,n2n,,,,,Life.BullRetrace,Life.BullStart,Life.Bull,Life.BearStart,Life.Bear,,
2021-06-03,0.26813,0.268,,,,0.27697,0.28404,0.28968,0.29214,-0.0081,-0.00655,-0.00055,-0.01271,-0.00978,-0.00027,-0.01517,-0.01122,-0.00024,-0.00467,-0.00323,-0.00144,0.26969,0.27738,-0.0077,-0.00454,-0.00395,-0.00059,,,1.07,-8.86,0.4,-1.21,3.67,-0.39,1.98,-3.49,8.0,23.0,6.0,10.0,11.0,4.0,8.0,9.0,0.005,0.0,0.00179,-0.00286,0.625,38.46154,41.01897,,,-10.43846,37.5,33.33333,,,33.33333,44.44444,42.8292,42.68028,,,0.00924,0.00949,,,0,0,0,,,,,,-0.15,,,0.299,0.3,0.297,0.268,0.289,0.289,2021-04-27,2021-03-16,2021-02-18,2021-06-03,2021-04-01,2021-03-03,0.0,-10.37,3.46,-3.67,3.81,-2.69,0.0,23.0,18.0,12.0,9.0,9.0,0.0,-0.0,0.0,-0.0,0.0,-0.0,0.27,0.28,0.29,0.26,0.265,0.275,2021-05-28,2021-05-18,2021-05-12,2021-06-02,2021-05-21,2021-05-17,0.0,0.0,0.0,100.0,100.0,100.0,1999-01-01,1999-01-01,1999-01-01,1999-01-01,1999-01-01,1999-01-01,799400.0,1056600.0,321000.0,28.7,49.38,-8.62,-0.0,0.008,0.0,-0.004,-0.001,100.0,-0.00057,0.00718,0.0,-0.00361,-0.00132,100.0,39.121,40.116,0.0,38.436,39.079,38.345,37.5,44.444,11.111,25.0,33.333,0.0,48.9,0.0,0.0,42.647,100.0,100.0,2021-04-14,2020-12-17,1999-01-01,2021-02-24,2020-11-03,1999-01-01,118,8021,0,113,7977,0,2021-04-02,2021-02-25,1999-01-01,2021-04-21,2021-03-26,2021-01-27,2021-06-01,2021-05-28,2021-05-18,2021-06-02,2021-05-31,2021-05-20,2021-04-07,1999-01-01,1999-01-01,2021-02-02,1999-01-01,1999-01-01,0,0,1,0,1,0,1,0,1,0,1,0,0,0,0,0,0,0,0,0,0,1,1,0,0,0,0,0,1,0,,,321000,,,,,,p2n,Life.BullRetrace,Life.BullStart,Life.Bull,Life.BearStart,Life.Bear,,
2021-06-04,0.26868,,,,,0.27682,0.28368,0.28939,0.29197,-0.00829,-0.00696,-0.00048,-0.01257,-0.01016,-0.00015,-0.01515,-0.01184,-0.00012,-0.00488,-0.00321,-0.00168,0.2705,0.27721,-0.0067,-0.00466,-0.00409,-0.00057,,,0.86,-8.86,0.4,-1.21,3.67,-0.39,1.98,-3.49,7.0,23.0,6.0,10.0,11.0,4.0,8.0,9.0,0.01,0.0,0.00179,-0.00286,0.625,38.46154,40.84074,,,-10.43846,62.5,41.66667,,,50.0,38.88889,42.95785,42.82398,,,0.0093,0.00946,,,0,0,0,,,,,,-0.15,,,0.299,0.3,0.297,0.268,0.289,0.289,2021-04-27,2021-03-16,2021-02-18,2021-06-03,2021-04-01,2021-03-03,0.25,-10.37,3.46,-3.67,3.81,-2.69,1.0,23.0,18.0,12.0,9.0,9.0,0.0,-0.0,0.0,-0.0,0.0,-0.0,0.27,0.28,0.29,0.26,0.265,0.275,2021-05-28,2021-05-18,2021-05-12,2021-06-02,2021-05-21,2021-05-17,0.0,0.0,0.0,100.0,100.0,100.0,1999-01-01,1999-01-01,1999-01-01,1999-01-01,1999-01-01,1999-01-01,1056600.0,321000.0,872600.0,49.38,-8.62,3.36,-0.0,0.008,0.0,-0.004,-0.001,100.0,-0.00057,0.00718,0.0,-0.00361,-0.00132,100.0,39.121,40.116,0.0,38.436,39.079,38.345,37.5,44.444,11.111,25.0,33.333,0.0,48.9,0.0,0.0,42.647,100.0,100.0,2021-04-14,2020-12-17,1999-01-01,2021-02-24,2020-11-03,1999-01-01,118,8021,0,113,7977,0,2021-04-02,2021-02-25,1999-01-01,2021-04-21,2021-03-26,2021-01-27,2021-06-01,2021-05-28,2021-05-18,2021-06-02,2021-05-31,2021-05-20,2021-04-07,1999-01-01,1999-01-01,2021-02-02,1999-01-01,1999-01-01,0,0,1,0,1,0,1,0,1,0,1,0,0,0,0,0,0,0,0,0,0,1,1,0,0,0,0,0,1,0,,,,,,,,p2n,,Life.BullRetrace,Life.BullStart,Life.Bull,Life.BearStart,Life.Bear,,
2021-06-08,0.26935,,,,0.275,0.27668,0.28334,0.2891,0.2918,-0.00846,-0.00737,-0.00041,-0.01242,-0.01054,-4e-05,-0.01513,-0.01246,0.0,-0.00509,-0.00318,-0.00192,0.2712,0.27704,-0.00585,-0.00478,-0.00423,-0.00055,,,0.61,-8.86,0.4,-1.21,3.67,-0.39,1.98,-3.49,5.0,23.0,6.0,10.0,11.0,4.0,8.0,9.0,0.0,0.0,0.00179,-0.00179,1.0,50.0,40.68763,,,1.1,71.42857,57.14286,,71.429,83.33333,55.55556,43.06678,42.95128,,,0.00935,0.00942,,,0,0,0,,,,,,-0.15,,,0.299,0.3,0.297,0.268,0.289,0.289,2021-04-27,2021-03-16,2021-02-18,2021-06-03,2021-04-01,2021-03-03,0.5,-10.37,3.46,-3.67,3.81,-2.69,2.0,23.0,18.0,12.0,9.0,9.0,0.0,-0.0,0.0,-0.0,0.0,-0.0,0.275,0.27,0.28,0.26,0.265,0.275,2021-06-08,2021-05-28,2021-05-18,2021-06-02,2021-05-21,2021-05-17,0.0,0.0,0.0,100.0,100.0,100.0,1999-01-01,1999-01-01,1999-01-01,1999-01-01,1999-01-01,1999-01-01,321000.0,872600.0,523100.0,-8.62,3.36,-23.71,-0.0,0.008,0.0,-0.004,-0.001,100.0,-0.00057,0.00718,0.0,-0.00361,-0.00132,100.0,39.121,40.116,0.0,38.436,39.079,38.345,71.429,37.5,44.444,25.0,33.333,0.0,48.9,0.0,0.0,42.647,100.0,100.0,2021-04-14,2020-12-17,1999-01-01,2021-02-24,2020-11-03,1999-01-01,118,8021,0,113,7977,0,2021-04-02,2021-02-25,1999-01-01,2021-04-21,2021-03-26,2021-01-27,2021-06-08,2021-06-01,2021-05-28,2021-06-02,2021-05-31,2021-05-20,2021-04-07,1999-01-01,1999-01-01,2021-02-02,1999-01-01,1999-01-01,0,0,1,0,0,0,1,0,1,0,1,0,0,0,0,0,0,1,0,0,0,1,1,0,0,0,0,0,1,0,,,,,,,p2n,,,Life.BullRetrace,Life.BullStart,Life.Bull,Life.BearStart,Life.Bear,,
2021-06-09,0.27001,,,0.265,,0.27578,0.28262,0.28862,0.29154,-0.00891,-0.00778,-0.00034,-0.01284,-0.01092,8e-05,-0.01576,-0.01308,0.00013,-0.0053,-0.00314,-0.00216,0.27024,0.27615,-0.00591,-0.00489,-0.00436,-0.00053,,,0.37,-8.86,0.4,-1.21,3.67,-0.39,1.98,-3.49,4.0,23.0,6.0,10.0,11.0,4.0,8.0,9.0,-0.0,-0.01,0.00143,-0.0025,0.57143,36.36364,40.5596,,,-12.53636,42.85714,58.92857,42.857,,77.77778,70.37037,43.15322,43.05928,,,0.00975,0.00938,,,0,0,0,,,,,,-0.15,,,0.299,0.3,0.297,0.268,0.289,0.289,2021-04-27,2021-03-16,2021-02-18,2021-06-03,2021-04-01,2021-03-03,0.75,-10.37,3.46,-3.67,3.81,-2.69,3.0,23.0,18.0,12.0,9.0,9.0,0.0,-0.0,0.0,-0.0,0.0,-0.0,0.275,0.27,0.28,0.265,0.26,0.265,2021-06-08,2021-05-28,2021-05-18,2021-06-09,2021-06-02,2021-05-21,0.0,0.0,0.0,100.0,100.0,100.0,1999-01-01,1999-01-01,1999-01-01,1999-01-01,1999-01-01,1999-01-01,872600.0,523100.0,562400.0,3.36,-23.71,14.06,-0.0,0.008,0.0,-0.004,-0.001,100.0,-0.00057,0.00718,0.0,-0.00361,-0.00132,100.0,39.121,40.116,0.0,38.436,39.079,38.345,71.429,37.5,44.444,42.857,25.0,33.333,48.9,0.0,0.0,42.647,100.0,100.0,2021-04-14,2020-12-17,1999-01-01,2021-02-24,2020-11-03,1999-01-01,118,8021,0,113,7977,0,2021-04-02,2021-02-25,1999-01-01,2021-04-21,2021-03-26,2021-01-27,2021-06-08,2021-06-01,2021-05-28,2021-06-09,2021-06-02,2021-05-31,2021-04-07,1999-01-01,1999-01-01,2021-02-02,1999-01-01,1999-01-01,0,0,1,0,0,0,0,1,1,0,1,0,0,0,0,0,0,1,0,1,0,1,1,0,0,0,0,0,1,0,,,,,,p2n,,,,Life.BullRetrace,Life.BullStart,Life.Bull,Life.BearStart,Life.Bear,,
2021-06-10,0.27058,,,,,0.27533,0.28213,0.28826,0.29132,-0.00919,-0.00819,-0.00026,-0.01292,-0.0113,0.0002,-0.01599,-0.01369,0.00026,-0.0055,-0.00311,-0.00239,0.27021,0.2757,-0.00549,-0.00499,-0.00449,-0.0005,,,0.15,-8.86,0.4,-1.21,3.67,-0.39,1.98,-3.49,3.0,23.0,6.0,10.0,11.0,4.0,8.0,9.0,0.005,0.0,0.00179,-0.00214,0.83333,45.45455,40.45602,,,-3.44545,66.66667,60.31746,,,61.11111,74.07407,43.21787,43.14596,,,0.01013,0.00933,,,0,0,0,,,,,,-0.15,,,0.299,0.3,0.297,0.268,0.289,0.289,2021-04-27,2021-03-16,2021-02-18,2021-06-03,2021-04-01,2021-03-03,0.96,-10.37,3.46,-3.67,3.81,-2.69,4.0,23.0,18.0,12.0,9.0,9.0,0.0,-0.0,0.0,-0.0,0.0,-0.0,0.275,0.27,0.28,0.265,0.26,0.265,2021-06-08,2021-05-28,2021-05-18,2021-06-09,2021-06-02,2021-05-21,0.0,0.0,0.0,100.0,100.0,100.0,1999-01-01,1999-01-01,1999-01-01,1999-01-01,1999-01-01,1999-01-01,523100.0,562400.0,2427800.0,-23.71,14.06,79.42,-0.0,0.008,0.0,-0.004,-0.001,100.0,-0.00057,0.00718,0.0,-0.00361,-0.00132,100.0,39.121,40.116,0.0,38.436,39.079,38.345,71.429,37.5,44.444,42.857,25.0,33.333,48.9,0.0,0.0,42.647,100.0,100.0,2021-04-14,2020-12-17,1999-01-01,2021-02-24,2020-11-03,1999-01-01,118,8021,0,113,7977,0,2021-04-02,2021-02-25,1999-01-01,2021-04-21,2021-03-26,2021-01-27,2021-06-08,2021-06-01,2021-05-28,2021-06-09,2021-06-02,2021-05-31,2021-04-07,1999-01-01,1999-01-01,2021-02-02,1999-01-01,1999-01-01,0,0,1,0,0,0,0,1,1,0,1,0,0,0,0,0,0,1,0,1,0,1,1,0,0,0,0,0,1,0,,2427800,,,p2n,,,,p2p,Life.BullRetrace,Life.BullStart,Life.Bull,Life.BearStart,Life.Bear,,
2021-06-11,0.27095,,,,0.275,0.27531,0.28185,0.28799,0.29116,-0.00931,-0.00861,-0.00018,-0.01268,-0.01167,0.00031,-0.01585,-0.0143,0.0004,-0.00569,-0.00306,-0.00263,0.27094,0.27564,-0.0047,-0.00508,-0.00461,-0.00048,,,0.02,-8.86,0.4,-1.21,3.67,-0.39,1.98,-3.49,2.0,23.0,6.0,10.0,11.0,4.0,8.0,9.0,0.005,0.0,0.00214,-0.00179,1.2,54.54545,40.3765,,,5.64545,83.33333,64.28571,,83.333,52.77778,63.88889,43.26198,43.21103,,,0.01047,0.00929,,,0,0,0,,,,,,-0.15,,,0.299,0.3,0.297,0.268,0.289,0.289,2021-04-27,2021-03-16,2021-02-18,2021-06-03,2021-04-01,2021-03-03,1.1,-10.37,3.46,-3.67,3.81,-2.69,5.0,23.0,18.0,12.0,9.0,9.0,0.0,-0.0,0.0,-0.0,0.0,-0.0,0.275,0.275,0.27,0.265,0.26,0.265,2021-06-11,2021-06-08,2021-05-28,2021-06-09,2021-06-02,2021-05-21,0.0,0.0,0.0,100.0,100.0,100.0,1999-01-01,1999-01-01,1999-01-01,1999-01-01,1999-01-01,1999-01-01,562400.0,2427800.0,849000.0,14.06,79.42,9.28,-0.0,0.008,0.0,-0.004,-0.001,100.0,-0.00057,0.00718,0.0,-0.00361,-0.00132,100.0,39.121,40.116,0.0,38.436,39.079,38.345,83.333,71.429,37.5,42.857,25.0,33.333,48.9,0.0,0.0,42.647,100.0,100.0,2021-04-14,2020-12-17,1999-01-01,2021-02-24,2020-11-03,1999-01-01,118,8021,0,113,7977,0,2021-04-02,2021-02-25,1999-01-01,2021-04-21,2021-03-26,2021-01-27,2021-06-11,2021-06-08,2021-06-01,2021-06-09,2021-06-02,2021-05-31,2021-04-07,1999-01-01,1999-01-01,2021-02-02,1999-01-01,1999-01-01,0,0,1,0,0,1,0,1,1,0,1,0,0,0,0,0,0,1,0,1,0,1,1,0,0,0,0,0,1,0,,,,,,,,p2p,,Life.BullRetrace,Life.BullStart,Life.Bull,Life.BearStart,Life.Bear,,
2021-06-14,0.27102,,,0.27,,0.2749,0.28138,0.28764,0.29095,-0.00956,-0.00903,-0.0001,-0.01274,-0.01204,0.00042,-0.01605,-0.01491,0.00052,-0.00588,-0.00302,-0.00287,0.2708,0.27523,-0.00443,-0.00516,-0.00472,-0.00045,,,-0.01,-8.86,0.4,-1.21,3.67,-0.39,1.98,-3.49,1.0,23.0,6.0,10.0,11.0,4.0,8.0,9.0,-0.0,-0.005,0.00214,-0.00179,1.2,54.54545,40.32048,,,5.64545,50.0,66.66667,50.0,,58.33333,57.40741,43.28517,43.25501,,,0.01008,0.00924,,,0,0,0,,,,,,-0.15,,,0.299,0.3,0.297,0.268,0.289,0.289,2021-04-27,2021-03-16,2021-02-18,2021-06-03,2021-04-01,2021-03-03,1.13,-10.37,3.46,-3.67,3.81,-2.69,6.0,23.0,18.0,12.0,9.0,9.0,0.0,-0.0,0.0,-0.0,0.0,-0.0,0.275,0.275,0.27,0.27,0.265,0.26,2021-06-11,2021-06-08,2021-05-28,2021-06-14,2021-06-09,2021-06-02,0.0,0.0,0.0,100.0,100.0,100.0,1999-01-01,1999-01-01,1999-01-01,1999-01-01,1999-01-01,1999-01-01,2427800.0,849000.0,308300.0,79.42,9.28,-6.62,-0.0,0.008,0.0,-0.004,-0.001,100.0,-0.00057,0.00718,0.0,-0.00361,-0.00132,100.0,39.121,40.116,0.0,38.436,39.079,38.345,83.333,71.429,37.5,50.0,42.857,25.0,48.9,0.0,0.0,42.647,100.0,100.0,2021-04-14,2020-12-17,1999-01-01,2021-02-24,2020-11-03,1999-01-01,118,8021,0,113,7977,0,2021-04-02,2021-02-25,1999-01-01,2021-04-21,2021-03-26,2021-01-27,2021-06-11,2021-06-08,2021-06-01,2021-06-14,2021-06-09,2021-06-02,2021-04-07,1999-01-01,1999-01-01,2021-02-02,1999-01-01,1999-01-01,0,0,1,0,0,1,0,1,1,0,1,0,0,0,0,0,0,1,0,1,0,1,1,0,0,0,0,0,1,0,,,,,,,p2p,,,Life.BullRetrace,Life.BullStart,Life.Bull,Life.BearStart,Life.Bear,,
2021-06-15,0.27075,,0.271,,0.275,0.27491,0.28113,0.28739,0.29079,-0.00966,-0.00945,-3e-05,-0.01248,-0.01241,0.00053,-0.01588,-0.01551,0.00063,-0.00606,-0.00296,-0.0031,0.27144,0.27521,-0.00377,-0.00524,-0.00482,-0.00042,,,-8.77,0.4,-1.21,3.67,-0.39,1.98,-3.49,0.4,23.0,6.0,10.0,11.0,4.0,8.0,9.0,5.0,0.005,0.0,0.00214,-0.00179,1.2,54.54545,40.28725,,,5.64545,75.0,69.44444,,75.0,66.66667,59.25926,43.28631,43.27782,,43.286,0.01008,0.00919,,,0,0,0,,,,,,-0.15,,,0.271,0.299,0.3,0.268,0.289,0.289,2021-06-15,2021-04-27,2021-03-16,2021-06-03,2021-04-01,2021-03-03,0.0,1.12,-10.37,3.46,-3.67,3.81,0.0,7.0,23.0,18.0,12.0,9.0,0.0,0.0,-0.0,0.0,-0.0,0.0,0.275,0.275,0.275,0.27,0.265,0.26,2021-06-15,2021-06-11,2021-06-08,2021-06-14,2021-06-09,2021-06-02,0.0,0.0,0.0,100.0,100.0,100.0,1999-01-01,1999-01-01,1999-01-01,1999-01-01,1999-01-01,1999-01-01,849000.0,308300.0,639700.0,9.28,-6.62,-49.88,-0.0,0.008,0.0,-0.004,-0.001,100.0,-0.00057,0.00718,0.0,-0.00361,-0.00132,100.0,43.286,39.121,40.116,38.436,39.079,38.345,75.0,83.333,71.429,50.0,42.857,25.0,48.9,0.0,0.0,42.647,100.0,100.0,2021-04-14,2020-12-17,1999-01-01,2021-02-24,2020-11-03,1999-01-01,118,8021,0,113,7977,0,2021-06-15,2021-04-02,2021-02-25,2021-04-21,2021-03-26,2021-01-27,2021-06-15,2021-06-11,2021-06-08,2021-06-14,2021-06-09,2021-06-02,2021-04-07,1999-01-01,1999-01-01,2021-02-02,1999-01-01,1999-01-01,1,0,1,0,0,0,0,1,1,0,1,0,0,1,0,0,0,0,0,1,0,1,1,0,0,0,0,0,1,0,,,,639700,,p2p,,,n2n,Life.BullRetrace,Life.BullStart,Life.Bull,Life.BearStart,Life.Bear,,
2021-06-16,0.2701,,,,,0.27453,0.2807,0.28704,0.29058,-0.00989,-0.00986,3e-05,-0.01251,-0.01277,0.00063,-0.01605,-0.0161,0.00073,-0.00624,-0.0029,-0.00334,0.27122,0.27482,-0.0036,-0.0053,-0.00492,-0.00038,,,-8.55,0.4,-1.21,3.67,-0.39,1.98,-3.49,0.4,22.0,6.0,10.0,11.0,4.0,8.0,9.0,5.0,-0.0,-0.005,0.00214,-0.00214,1.0,50.0,40.2755,40.275,,1.1,50.0,58.33333,,,52.77778,59.25926,43.26413,43.27853,,,0.00971,0.00913,,,0,0,0,,,,,,-0.15,,,0.271,0.299,0.3,0.268,0.289,0.289,2021-06-15,2021-04-27,2021-03-16,2021-06-03,2021-04-01,2021-03-03,-0.33,1.12,-10.37,3.46,-3.67,3.81,1.0,7.0,23.0,18.0,12.0,9.0,-0.0,0.0,-0.0,0.0,-0.0,0.0,0.275,0.275,0.275,0.27,0.265,0.26,2021-06-15,2021-06-11,2021-06-08,2021-06-14,2021-06-09,2021-06-02,0.0,0.0,0.0,100.0,100.0,100.0,1999-01-01,1999-01-01,1999-01-01,1999-01-01,1999-01-01,1999-01-01,308300.0,639700.0,424600.0,-6.62,-49.88,-23.62,-0.0,0.008,0.0,-0.004,-0.001,100.0,-0.00057,0.00718,0.0,-0.00361,-0.00132,100.0,43.286,39.121,40.116,38.436,39.079,38.345,75.0,83.333,71.429,50.0,42.857,25.0,48.9,0.0,0.0,40.275,42.647,100.0,2021-04-14,2020-12-17,1999-01-01,2021-02-24,2020-11-03,1999-01-01,118,8021,0,113,7977,0,2021-06-15,2021-04-02,2021-02-25,2021-04-21,2021-03-26,2021-01-27,2021-06-15,2021-06-11,2021-06-08,2021-06-14,2021-06-09,2021-06-02,2021-04-07,1999-01-01,1999-01-01,2021-06-16,2021-02-02,1999-01-01,1,0,1,0,0,0,0,1,1,0,1,0,0,1,0,0,0,0,0,1,0,1,1,0,0,0,0,0,1,0,,,,,p2p,,,n2n,,Life.BullRetrace,Life.BullStart,Life.Bull,Life.BearStart,Life.Bear,,
2021-06-17,0.26909,,,,,0.27418,0.28028,0.2867,0.29038,-0.0101,-0.01028,0.0001,-0.01252,-0.01312,0.00073,-0.0162,-0.01669,0.00083,-0.00641,-0.00284,-0.00357,0.27103,0.27447,-0.00343,-0.00536,-0.00501,-0.00035,,,-8.21,0.4,-1.21,3.67,-0.39,1.98,-3.49,0.4,21.0,6.0,10.0,11.0,4.0,8.0,9.0,5.0,0.0,0.0,0.00214,-0.00214,1.0,50.0,40.28353,,,9.725,50.0,58.33333,,,47.22222,55.55556,43.21681,43.25575,,,0.00938,0.00908,,,0,0,0,,,,,,-0.15,,,0.271,0.299,0.3,0.268,0.289,0.289,2021-06-15,2021-04-27,2021-03-16,2021-06-03,2021-04-01,2021-03-03,-0.7,1.12,-10.37,3.46,-3.67,3.81,2.0,7.0,23.0,18.0,12.0,9.0,-0.0,0.0,-0.0,0.0,-0.0,0.0,0.275,0.275,0.275,0.27,0.265,0.26,2021-06-15,2021-06-11,2021-06-08,2021-06-14,2021-06-09,2021-06-02,0.0,0.0,0.0,100.0,100.0,100.0,1999-01-01,1999-01-01,1999-01-01,1999-01-01,1999-01-01,1999-01-01,639700.0,424600.0,104900.0,-49.88,-23.62,-14.82,-0.0,0.008,0.0,-0.004,-0.001,100.0,-0.00057,0.00718,0.0,-0.00361,-0.00132,100.0,43.286,39.121,40.116,38.436,39.079,38.345,75.0,83.333,71.429,50.0,42.857,25.0,48.9,0.0,0.0,40.275,42.647,100.0,2021-04-14,2020-12-17,1999-01-01,2021-02-24,2020-11-03,1999-01-01,118,8021,0,113,7977,0,2021-06-15,2021-04-02,2021-02-25,2021-04-21,2021-03-26,2021-01-27,2021-06-15,2021-06-11,2021-06-08,2021-06-14,2021-06-09,2021-06-02,2021-04-07,1999-01-01,1999-01-01,2021-06-16,2021-02-02,1999-01-01,1,0,1,0,0,0,0,1,1,0,1,0,0,1,0,0,0,0,0,1,0,1,1,0,0,0,0,0,1,0,,,,,,,n2n,,,Life.BullRetrace,Life.BullStart,Life.Bull,Life.BearStart,Life.Bear,,
2021-06-18,0.26763,,,,,0.27386,0.27987,0.28637,0.29018,-0.0103,-0.0107,0.00017,-0.01251,-0.01346,0.00081,-0.01632,-0.01726,0.00093,-0.00657,-0.00277,-0.0038,0.27087,0.27414,-0.00326,-0.0054,-0.00508,-0.00032,,,-7.71,0.4,-1.21,3.67,-0.39,1.98,-3.49,0.4,20.0,6.0,10.0,11.0,4.0,8.0,9.0,5.0,0.0,0.0,0.00214,-0.00214,1.0,50.0,40.30948,,,9.725,50.0,50.0,,,38.88889,46.2963,43.14149,43.20747,,,0.00907,0.00902,,,0,0,0,,,,,,-0.15,,,0.271,0.299,0.3,0.268,0.289,0.289,2021-06-15,2021-04-27,2021-03-16,2021-06-03,2021-04-01,2021-03-03,-1.24,1.12,-10.37,3.46,-3.67,3.81,3.0,7.0,23.0,18.0,12.0,9.0,-0.0,0.0,-0.0,0.0,-0.0,0.0,0.275,0.275,0.275,0.27,0.265,0.26,2021-06-15,2021-06-11,2021-06-08,2021-06-14,2021-06-09,2021-06-02,0.0,0.0,0.0,100.0,100.0,100.0,1999-01-01,1999-01-01,1999-01-01,1999-01-01,1999-01-01,1999-01-01,424600.0,104900.0,455100.0,-23.62,-14.82,-15.79,-0.0,0.008,0.0,-0.004,-0.001,100.0,-0.00057,0.00718,0.0,-0.00361,-0.00132,100.0,43.286,39.121,40.116,38.436,39.079,38.345,75.0,83.333,71.429,50.0,42.857,25.0,48.9,0.0,0.0,40.275,42.647,100.0,2021-04-14,2020-12-17,1999-01-01,2021-02-24,2020-11-03,1999-01-01,118,8021,0,113,7977,0,2021-06-15,2021-04-02,2021-02-25,2021-04-21,2021-03-26,2021-01-27,2021-06-15,2021-06-11,2021-06-08,2021-06-14,2021-06-09,2021-06-02,2021-04-07,1999-01-01,1999-01-01,2021-06-16,2021-02-02,1999-01-01,1,0,1,0,0,0,0,1,1,0,1,0,0,1,0,0,0,0,0,1,0,1,1,0,0,0,0,0,1,0,,,,,,n2n,,,,Life.BullRetrace,Life.BullStart,Life.Bull,Life.BearStart,Life.Bear,,
2021-06-21,0.26566,,,,,0.27356,0.27949,0.28605,0.28997,-0.01049,-0.01111,0.00023,-0.01249,-0.0138,0.00088,-0.01641,-0.01783,0.00103,-0.00672,-0.00269,-0.00403,0.27074,0.27383,-0.00309,-0.00544,-0.00516,-0.00028,,,-7.03,0.4,-1.21,3.67,-0.39,1.98,-3.49,0.4,19.0,6.0,10.0,11.0,4.0,8.0,9.0,5.0,0.0,0.0,0.00214,-0.00179,1.2,54.54545,40.35158,,,14.27045,50.0,50.0,,,44.44444,43.51852,43.03519,43.13116,,,0.00877,0.00895,,,0,0,0,,,,,,-0.15,,,0.271,0.299,0.3,0.268,0.289,0.289,2021-06-15,2021-04-27,2021-03-16,2021-06-03,2021-04-01,2021-03-03,-1.97,1.12,-10.37,3.46,-3.67,3.81,4.0,7.0,23.0,18.0,12.0,9.0,-0.0,0.0,-0.0,0.0,-0.0,0.0,0.275,0.275,0.275,0.27,0.265,0.26,2021-06-15,2021-06-11,2021-06-08,2021-06-14,2021-06-09,2021-06-02,0.0,0.0,0.0,100.0,100.0,100.0,1999-01-01,1999-01-01,1999-01-01,1999-01-01,1999-01-01,1999-01-01,104900.0,455100.0,378100.0,-14.82,-15.79,-4.72,-0.0,0.008,0.0,-0.004,-0.001,100.0,-0.00057,0.00718,0.0,-0.00361,-0.00132,100.0,43.286,39.121,40.116,38.436,39.079,38.345,75.0,83.333,71.429,50.0,42.857,25.0,48.9,0.0,0.0,40.275,42.647,100.0,2021-04-14,2020-12-17,1999-01-01,2021-02-24,2020-11-03,1999-01-01,118,8021,0,113,7977,0,2021-06-15,2021-04-02,2021-02-25,2021-04-21,2021-03-26,2021-01-27,2021-06-15,2021-06-11,2021-06-08,2021-06-14,2021-06-09,2021-06-02,2021-04-07,1999-01-01,1999-01-01,2021-06-16,2021-02-02,1999-01-01,1,0,1,0,0,0,0,1,1,0,1,0,0,1,0,0,0,0,0,1,0,1,1,0,0,0,0,0,1,0,,,,,n2n,,,,,Life.BullRetrace,Life.BullStart,Life.Bull,Life.BearStart,Life.Bear,,
2021-06-22,0.26323,,,,,0.2729,0.27892,0.28563,0.28973,-0.01081,-0.01152,0.00029,-0.01273,-0.01412,0.00094,-0.01682,-0.01838,0.00112,-0.00686,-0.0026,-0.00426,0.26986,0.27318,-0.00332,-0.00546,-0.00522,-0.00025,,,-6.17,0.4,-1.21,3.67,-0.39,1.98,-3.49,0.4,18.0,6.0,10.0,11.0,4.0,8.0,9.0,5.0,-0.0,-0.005,0.00214,-0.00214,1.0,50.0,40.40833,,,9.725,25.0,41.66667,,,33.33333,38.88889,42.89633,43.02434,,,0.00851,0.00889,,,0,0,0,,,,,,-0.15,,,0.271,0.299,0.3,0.268,0.289,0.289,2021-06-15,2021-04-27,2021-03-16,2021-06-03,2021-04-01,2021-03-03,-2.87,1.12,-10.37,3.46,-3.67,3.81,5.0,7.0,23.0,18.0,12.0,9.0,-1.0,0.0,-0.0,0.0,-0.0,0.0,0.275,0.275,0.275,0.27,0.265,0.26,2021-06-15,2021-06-11,2021-06-08,2021-06-14,2021-06-09,2021-06-02,0.0,0.0,0.0,100.0,100.0,100.0,1999-01-01,1999-01-01,1999-01-01,1999-01-01,1999-01-01,1999-01-01,455100.0,378100.0,720000.0,-15.79,-4.72,65.57,-0.0,0.008,0.0,-0.004,-0.001,100.0,-0.00057,0.00718,0.0,-0.00361,-0.00132,100.0,43.286,39.121,40.116,38.436,39.079,38.345,75.0,83.333,71.429,50.0,42.857,25.0,48.9,0.0,0.0,40.275,42.647,100.0,2021-04-14,2020-12-17,1999-01-01,2021-02-24,2020-11-03,1999-01-01,118,8021,0,113,7977,0,2021-06-15,2021-04-02,2021-02-25,2021-04-21,2021-03-26,2021-01-27,2021-06-15,2021-06-11,2021-06-08,2021-06-14,2021-06-09,2021-06-02,2021-04-07,1999-01-01,1999-01-01,2021-06-16,2021-02-02,1999-01-01,1,0,1,0,0,0,0,1,1,0,1,0,0,1,0,0,0,0,0,1,0,1,1,0,0,0,0,0,1,0,-720000,,,,,,,,n2p,Life.BullRetrace,Life.BullStart,Life.Bull,Life.BearStart,Life.Bear,,
2021-06-23,0.26053,,,,,0.2723,0.27837,0.28522,0.28948,-0.01111,-0.01192,0.00035,-0.01293,-0.01443,0.00099,-0.01718,-0.01892,0.0012,-0.007,-0.00251,-0.00449,0.26911,0.27257,-0.00346,-0.00548,-0.00527,-0.00021,,,-5.19,0.4,-1.21,3.67,-0.39,1.98,-3.49,0.4,17.0,6.0,10.0,11.0,4.0,8.0,9.0,5.0,0.0,0.0,0.00214,-0.00179,1.2,54.54545,40.4772,,,14.27045,25.0,33.33333,,,33.33333,37.03704,42.72471,42.88541,,,0.00825,0.00882,,,0,0,0,,,,,,-0.15,,,0.271,0.299,0.3,0.268,0.289,0.289,2021-06-15,2021-04-27,2021-03-16,2021-06-03,2021-04-01,2021-03-03,-3.86,1.12,-10.37,3.46,-3.67,3.81,6.0,7.0,23.0,18.0,12.0,9.0,-1.0,0.0,-0.0,0.0,-0.0,0.0,0.275,0.275,0.275,0.27,0.265,0.26,2021-06-15,2021-06-11,2021-06-08,2021-06-14,2021-06-09,2021-06-02,0.0,0.0,0.0,100.0,100.0,100.0,1999-01-01,1999-01-01,1999-01-01,1999-01-01,1999-01-01,1999-01-01,378100.0,720000.0,313000.0,-4.72,65.57,-9.15,-0.0,0.008,0.0,-0.004,-0.001,100.0,-0.00057,0.00718,0.0,-0.00361,-0.00132,100.0,43.286,39.121,40.116,38.436,39.079,38.345,75.0,83.333,71.429,50.0,42.857,25.0,48.9,0.0,0.0,40.275,42.647,100.0,2021-04-14,2020-12-17,1999-01-01,2021-02-24,2020-11-03,1999-01-01,118,8021,0,113,7977,0,2021-06-15,2021-04-02,2021-02-25,2021-04-21,2021-03-26,2021-01-27,2021-06-15,2021-06-11,2021-06-08,2021-06-14,2021-06-09,2021-06-02,2021-04-07,1999-01-01,1999-01-01,2021-06-16,2021-02-02,1999-01-01,1,0,1,0,0,0,0,1,1,0,1,0,0,1,0,0,0,0,0,1,0,1,1,0,0,0,0,0,1,0,,,313000,,,,,n2p,p2n,Life.BullRetrace,Life.BullStart,Life.Bull,Life.BearStart,Life.Bear,,
2021-06-24,0.25776,,,,,0.27097,0.27746,0.28463,0.28914,-0.01168,-0.01233,0.0004,-0.01366,-0.01474,0.00103,-0.01817,-0.01945,0.00128,-0.00713,-0.00241,-0.00471,0.26694,0.27127,-0.00433,-0.00549,-0.00531,-0.00018,,,-4.18,0.4,-1.21,3.67,-0.39,1.98,-3.49,0.4,16.0,6.0,10.0,11.0,4.0,8.0,9.0,5.0,-0.0,-0.01,0.00179,-0.0025,0.71429,41.66667,40.55574,,,1.39167,0.0,16.66667,0.0,,16.66667,27.77778,42.52195,42.71433,,,0.00838,0.00875,,,0,0,0,,,,,,-0.15,,,0.271,0.299,0.3,0.268,0.289,0.289,2021-06-15,2021-04-27,2021-03-16,2021-06-03,2021-04-01,2021-03-03,-4.89,1.12,-10.37,3.46,-3.67,3.81,7.0,7.0,23.0,18.0,12.0,9.0,-1.0,0.0,-0.0,0.0,-0.0,0.0,0.275,0.275,0.275,0.27,0.265,0.26,2021-06-15,2021-06-11,2021-06-08,2021-06-14,2021-06-09,2021-06-02,0.0,0.0,0.0,100.0,100.0,100.0,1999-01-01,1999-01-01,1999-01-01,1999-01-01,1999-01-01,1999-01-01,720000.0,313000.0,1563400.0,65.57,-9.15,84.0,-0.0,0.008,0.0,-0.004,-0.001,100.0,-0.00057,0.00718,0.0,-0.00361,-0.00132,100.0,43.286,39.121,40.116,38.436,39.079,38.345,75.0,83.333,71.429,0.0,50.0,42.857,48.9,0.0,0.0,40.275,42.647,100.0,2021-04-14,2020-12-17,1999-01-01,2021-02-24,2020-11-03,1999-01-01,118,8021,0,113,7977,0,2021-06-15,2021-04-02,2021-02-25,2021-04-21,2021-03-26,2021-01-27,2021-06-15,2021-06-11,2021-06-08,2021-06-24,2021-06-14,2021-06-09,2021-04-07,1999-01-01,1999-01-01,2021-06-16,2021-02-02,1999-01-01,1,0,1,0,0,0,0,1,1,0,1,0,0,1,0,0,0,0,1,0,0,1,1,0,0,0,0,0,1,0,-1563400,,,,,,n2p,p2n,n2p,Life.BullRetrace,Life.BullStart,Life.Bull,Life.BearStart,Life.Bear,,
2021-06-25,0.25522,,,,,0.26974,0.27658,0.28404,0.2888,-0.01222,-0.01273,0.00045,-0.0143,-0.01503,0.00106,-0.01906,-0.01997,0.00134,-0.00724,-0.00231,-0.00493,0.2651,0.27006,-0.00496,-0.00549,-0.00535,-0.00014,,,-3.22,0.4,-1.21,3.67,-0.39,1.98,-3.49,0.4,15.0,6.0,10.0,11.0,4.0,8.0,9.0,5.0,0.0,0.0,0.00107,-0.0025,0.42857,30.0,40.64319,,,-10.275,16.66667,13.88889,,16.667,25.0,25.0,42.29201,42.51289,,,0.0085,0.00868,,,0,0,0,,,,,,-0.15,,,0.271,0.299,0.3,0.268,0.289,0.289,2021-06-15,2021-04-27,2021-03-16,2021-06-03,2021-04-01,2021-03-03,-5.82,1.12,-10.37,3.46,-3.67,3.81,8.0,7.0,23.0,18.0,12.0,9.0,-1.0,0.0,-0.0,0.0,-0.0,0.0,0.275,0.275,0.275,0.27,0.265,0.26,2021-06-15,2021-06-11,2021-06-08,2021-06-14,2021-06-09,2021-06-02,0.0,0.0,0.0,100.0,100.0,100.0,1999-01-01,1999-01-01,1999-01-01,1999-01-01,1999-01-01,1999-01-01,313000.0,1563400.0,745000.0,-9.15,84.0,0.96,-0.0,0.008,0.0,-0.004,-0.001,100.0,-0.00057,0.00718,0.0,-0.00361,-0.00132,100.0,43.286,39.121,40.116,38.436,39.079,38.345,16.667,75.0,83.333,0.0,50.0,42.857,48.9,0.0,0.0,40.275,42.647,100.0,2021-04-14,2020-12-17,1999-01-01,2021-02-24,2020-11-03,1999-01-01,118,8021,0,113,7977,0,2021-06-15,2021-04-02,2021-02-25,2021-04-21,2021-03-26,2021-01-27,2021-06-25,2021-06-15,2021-06-11,2021-06-24,2021-06-14,2021-06-09,2021-04-07,1999-01-01,1999-01-01,2021-06-16,2021-02-02,1999-01-01,1,0,1,0,0,0,0,1,1,0,1,0,0,1,0,0,1,0,1,0,0,1,1,0,0,0,0,0,1,0,,,,,,n2p,p2n,n2p,,Life.BullRetrace,Life.BullStart,Life.Bull,Life.BearStart,Life.Bear,,
2021-06-28,0.25312,,,,,0.26822,0.27553,0.28336,0.28841,-0.01288,-0.01312,0.00049,-0.01515,-0.01532,0.00109,-0.02019,-0.02047,0.0014,-0.00735,-0.0022,-0.00515,0.26278,0.26858,-0.0058,-0.00549,-0.00538,-0.00011,,,-2.42,0.4,-1.21,3.67,-0.39,1.98,-3.49,0.4,14.0,6.0,10.0,11.0,4.0,8.0,9.0,5.0,-0.0,-0.005,0.00107,-0.00286,0.375,27.27273,40.73865,,,-13.00227,14.28571,10.31746,,,16.66667,19.44444,42.04129,42.28508,,,0.0086,0.0086,,,0,0,0,,,,,,-0.15,,,0.271,0.299,0.3,0.268,0.289,0.289,2021-06-15,2021-04-27,2021-03-16,2021-06-03,2021-04-01,2021-03-03,-6.6,1.12,-10.37,3.46,-3.67,3.81,9.0,7.0,23.0,18.0,12.0,9.0,-1.0,0.0,-0.0,0.0,-0.0,0.0,0.275,0.275,0.275,0.27,0.265,0.26,2021-06-15,2021-06-11,2021-06-08,2021-06-14,2021-06-09,2021-06-02,0.0,0.0,0.0,100.0,100.0,100.0,1999-01-01,1999-01-01,1999-01-01,1999-01-01,1999-01-01,1999-01-01,1563400.0,745000.0,432100.0,84.0,0.96,4.54,-0.0,0.008,0.0,-0.004,-0.001,100.0,-0.00057,0.00718,0.0,-0.00361,-0.00132,100.0,43.286,39.121,40.116,38.436,39.079,38.345,16.667,75.0,83.333,0.0,50.0,42.857,48.9,0.0,0.0,40.275,42.647,100.0,2021-04-14,2020-12-17,1999-01-01,2021-02-24,2020-11-03,1999-01-01,118,8021,0,113,7977,0,2021-06-15,2021-04-02,2021-02-25,2021-04-21,2021-03-26,2021-01-27,2021-06-25,2021-06-15,2021-06-11,2021-06-24,2021-06-14,2021-06-09,2021-04-07,1999-01-01,1999-01-01,2021-06-16,2021-02-02,1999-01-01,1,0,1,0,0,0,0,1,1,0,1,0,0,1,0,0,1,0,1,0,0,1,1,0,0,0,0,0,1,0,,,,,n2p,p2n,n2p,,,Life.BullRetrace,Life.BullStart,Life.Bull,Life.BearStart,Life.Bear,,
2021-06-29,0.25159,,,,,0.26643,0.27434,0.28261,0.28798,-0.01364,-0.01351,0.00053,-0.01617,-0.01559,0.00111,-0.02155,-0.02096,0.00144,-0.00745,-0.00208,-0.00537,0.26004,0.26683,-0.00679,-0.00548,-0.0054,-8e-05,,,-1.83,0.4,-1.21,3.67,-0.39,1.98,-3.49,0.4,13.0,6.0,10.0,11.0,4.0,8.0,9.0,5.0,-0.0,-0.005,0.00107,-0.0025,0.42857,30.0,40.83915,,,-10.275,0.0,10.31746,,,16.66667,19.44444,41.77666,42.03665,,,0.0087,0.00853,,,0,0,0,,,,,,-0.15,,,0.271,0.299,0.3,0.268,0.289,0.289,2021-06-15,2021-04-27,2021-03-16,2021-06-03,2021-04-01,2021-03-03,-7.16,1.12,-10.37,3.46,-3.67,3.81,10.0,7.0,23.0,18.0,12.0,9.0,-1.0,0.0,-0.0,0.0,-0.0,0.0,0.275,0.275,0.275,0.27,0.265,0.26,2021-06-15,2021-06-11,2021-06-08,2021-06-14,2021-06-09,2021-06-02,0.0,0.0,0.0,100.0,100.0,100.0,1999-01-01,1999-01-01,1999-01-01,1999-01-01,1999-01-01,1999-01-01,745000.0,432100.0,953500.0,0.96,4.54,-22.26,-0.0,0.008,0.0,-0.004,-0.001,100.0,-0.00057,0.00718,0.0,-0.00361,-0.00132,100.0,43.286,39.121,40.116,38.436,39.079,38.345,16.667,75.0,83.333,0.0,50.0,42.857,48.9,0.0,0.0,40.275,42.647,100.0,2021-04-14,2020-12-17,1999-01-01,2021-02-24,2020-11-03,1999-01-01,118,8021,0,113,7977,0,2021-06-15,2021-04-02,2021-02-25,2021-04-21,2021-03-26,2021-01-27,2021-06-25,2021-06-15,2021-06-11,2021-06-24,2021-06-14,2021-06-09,2021-04-07,1999-01-01,1999-01-01,2021-06-16,2021-02-02,1999-01-01,1,0,1,0,0,0,0,1,1,0,1,0,0,1,0,0,1,0,1,0,0,1,1,0,0,0,0,0,1,0,,,,,p2n,n2p,,,,Life.BullRetrace,Life.BullStart,Life.Bull,Life.BearStart,Life.Bear,,
2021-06-30,0.25068,,,0.24,,0.2644,0.27299,0.28176,0.2875,-0.01451,-0.01389,0.00056,-0.01736,-0.01585,0.00112,-0.0231,-0.02143,0.00147,-0.00754,-0.00196,-0.00558,0.25696,0.26484,-0.00788,-0.00546,-0.00541,-5e-05,,,-1.47,0.4,-1.21,3.67,-0.39,1.98,-3.49,0.4,12.0,6.0,10.0,11.0,4.0,8.0,9.0,5.0,-0.0,-0.005,0.00071,-0.00286,0.25,20.0,40.94145,,,-20.275,0.0,4.7619,0.0,,8.33333,13.88889,41.5032,41.77372,,,0.0088,0.00845,,,0,0,0,,,,,,-0.15,,,0.271,0.299,0.3,0.268,0.289,0.289,2021-06-15,2021-04-27,2021-03-16,2021-06-03,2021-04-01,2021-03-03,-7.5,1.12,-10.37,3.46,-3.67,3.81,11.0,7.0,23.0,18.0,12.0,9.0,-1.0,0.0,-0.0,0.0,-0.0,0.0,0.275,0.275,0.275,0.24,0.27,0.265,2021-06-15,2021-06-11,2021-06-08,2021-06-30,2021-06-14,2021-06-09,0.0,0.0,0.0,100.0,100.0,100.0,1999-01-01,1999-01-01,1999-01-01,1999-01-01,1999-01-01,1999-01-01,432100.0,953500.0,287800.0,4.54,-22.26,-21.46,-0.0,0.008,0.0,-0.004,-0.001,100.0,-0.00057,0.00718,0.0,-0.00361,-0.00132,100.0,43.286,39.121,40.116,38.436,39.079,38.345,16.667,75.0,83.333,0.0,0.0,50.0,48.9,0.0,0.0,40.275,42.647,100.0,2021-04-14,2020-12-17,1999-01-01,2021-02-24,2020-11-03,1999-01-01,118,8021,0,113,7977,0,2021-06-15,2021-04-02,2021-02-25,2021-04-21,2021-03-26,2021-01-27,2021-06-25,2021-06-15,2021-06-11,2021-06-30,2021-06-24,2021-06-14,2021-04-07,1999-01-01,1999-01-01,2021-06-16,2021-02-02,1999-01-01,1,0,1,0,0,0,1,0,1,0,1,0,0,1,0,0,1,0,1,0,0,1,1,0,0,0,0,0,1,0,,,,,n2p,,,,,Life.BullRetrace,Life.BullStart,Life.Bull,Life.BearStart,Life.Bear,,
2021-07-01,0.2503,,,,0.25,0.26329,0.27209,0.28113,0.28713,-0.01504,-0.01426,0.00059,-0.01784,-0.0161,0.00113,-0.02384,-0.02189,0.0015,-0.00762,-0.00184,-0.00579,0.25589,0.26374,-0.00785,-0.00543,-0.00541,-2e-05,,,-1.32,0.4,-1.21,3.67,-0.39,1.98,-3.49,0.4,11.0,6.0,10.0,11.0,4.0,8.0,9.0,5.0,0.01,0.0,0.00107,-0.00286,0.375,27.27273,41.04587,,,-13.00227,28.57143,9.52381,,28.571,16.66667,13.88889,41.22577,41.50187,,,0.00888,0.00836,,,0,0,0,,,,,,-0.15,,,0.271,0.299,0.3,0.268,0.289,0.289,2021-06-15,2021-04-27,2021-03-16,2021-06-03,2021-04-01,2021-03-03,-7.64,1.12,-10.37,3.46,-3.67,3.81,12.0,7.0,23.0,18.0,12.0,9.0,-1.0,0.0,-0.0,0.0,-0.0,0.0,0.25,0.275,0.275,0.24,0.27,0.265,2021-07-01,2021-06-15,2021-06-11,2021-06-30,2021-06-14,2021-06-09,0.0,0.0,0.0,100.0,100.0,100.0,1999-01-01,1999-01-01,1999-01-01,1999-01-01,1999-01-01,1999-01-01,953500.0,287800.0,1057400.0,-22.26,-21.46,37.37,-0.0,0.008,0.0,-0.004,-0.001,100.0,-0.00057,0.00718,0.0,-0.00361,-0.00132,100.0,43.286,39.121,40.116,38.436,39.079,38.345,28.571,16.667,75.0,0.0,0.0,50.0,48.9,0.0,0.0,40.275,42.647,100.0,2021-04-14,2020-12-17,1999-01-01,2021-02-24,2020-11-03,1999-01-01,118,8021,0,113,7977,0,2021-06-15,2021-04-02,2021-02-25,2021-04-21,2021-03-26,2021-01-27,2021-07-01,2021-06-25,2021-06-15,2021-06-30,2021-06-24,2021-06-14,2021-04-07,1999-01-01,1999-01-01,2021-06-16,2021-02-02,1999-01-01,1,0,1,0,1,0,1,0,1,0,1,0,0,1,0,0,0,0,1,0,0,1,1,0,0,0,0,0,1,0,1057400,,,,,,,,n2p,Life.BullRetrace,Life.BullStart,Life.Bull,Life.BearStart,Life.Bear,,
2021-07-02,0.25028,,,0.245,,0.26189,0.27103,0.28042,0.28671,-0.01568,-0.01463,0.00063,-0.01853,-0.01634,0.00115,-0.02482,-0.02233,0.00153,-0.00769,-0.0017,-0.00599,0.25421,0.26236,-0.00814,-0.00541,-0.00541,1e-05,,,-1.31,0.4,-1.21,3.67,-0.39,1.98,-3.49,0.4,10.0,6.0,10.0,11.0,4.0,8.0,9.0,5.0,-0.0,-0.005,0.00107,-0.00286,0.375,27.27273,41.15473,,,-13.00227,14.28571,14.28571,14.286,,27.77778,17.59259,40.95117,41.22671,,,0.0086,0.00828,,,0,0,0,,,,,,-0.15,,,0.271,0.299,0.3,0.268,0.289,0.289,2021-06-15,2021-04-27,2021-03-16,2021-06-03,2021-04-01,2021-03-03,-7.65,1.12,-10.37,3.46,-3.67,3.81,13.0,7.0,23.0,18.0,12.0,9.0,-1.0,0.0,-0.0,0.0,-0.0,0.0,0.25,0.275,0.275,0.245,0.24,0.27,2021-07-01,2021-06-15,2021-06-11,2021-07-02,2021-06-30,2021-06-14,0.0,0.0,0.0,100.0,100.0,100.0,1999-01-01,1999-01-01,1999-01-01,1999-01-01,1999-01-01,1999-01-01,287800.0,1057400.0,150700.0,-21.46,37.37,-34.92,-0.0,0.008,0.0,-0.004,-0.001,100.0,-0.00057,0.00718,0.0,-0.00361,-0.00132,100.0,43.286,39.121,40.116,38.436,39.079,38.345,28.571,16.667,75.0,14.286,0.0,0.0,48.9,0.0,0.0,40.275,42.647,100.0,2021-04-14,2020-12-17,1999-01-01,2021-02-24,2020-11-03,1999-01-01,118,8021,0,113,7977,0,2021-06-15,2021-04-02,2021-02-25,2021-04-21,2021-03-26,2021-01-27,2021-07-01,2021-06-25,2021-06-15,2021-07-02,2021-06-30,2021-06-24,2021-04-07,1999-01-01,1999-01-01,2021-06-16,2021-02-02,1999-01-01,1,0,1,0,1,0,0,0,1,0,1,0,0,1,0,0,0,0,0,1,0,1,1,0,0,0,0,0,1,0,,,-150700,,,,,n2p,p2n,Life.BullRetrace,Life.BullStart,Life.Bull,Life.BearStart,Life.Bear,,
2021-07-05,0.25041,,,,0.26,0.26174,0.27059,0.28001,0.28644,-0.01585,-0.015,0.00065,-0.01827,-0.01656,0.00119,-0.0247,-0.02276,0.00154,-0.00776,-0.00157,-0.00619,0.2551,0.26218,-0.00708,-0.00537,-0.0054,3e-05,,,-1.36,0.4,-1.21,3.67,-0.39,1.98,-3.49,0.4,9.0,6.0,10.0,11.0,4.0,8.0,9.0,5.0,0.015,0.0,0.00179,-0.00286,0.625,38.46154,41.26979,,,-1.81346,57.14286,33.33333,,57.143,61.11111,35.18519,40.68866,40.9552,,,0.00942,0.00819,,,0,0,0,,,,,,-0.15,,,0.271,0.299,0.3,0.268,0.289,0.289,2021-06-15,2021-04-27,2021-03-16,2021-06-03,2021-04-01,2021-03-03,-7.6,1.12,-10.37,3.46,-3.67,3.81,14.0,7.0,23.0,18.0,12.0,9.0,-1.0,0.0,-0.0,0.0,-0.0,0.0,0.26,0.25,0.275,0.245,0.24,0.27,2021-07-05,2021-07-01,2021-06-15,2021-07-02,2021-06-30,2021-06-14,0.0,0.0,0.0,100.0,100.0,100.0,1999-01-01,1999-01-01,1999-01-01,1999-01-01,1999-01-01,1999-01-01,1057400.0,150700.0,655700.0,37.37,-34.92,24.59,-0.0,0.008,0.0,-0.004,-0.001,100.0,-0.00057,0.00718,0.0,-0.00361,-0.00132,100.0,43.286,39.121,40.116,38.436,39.079,38.345,57.143,28.571,16.667,14.286,0.0,0.0,48.9,0.0,0.0,40.275,42.647,100.0,2021-04-14,2020-12-17,1999-01-01,2021-02-24,2020-11-03,1999-01-01,118,8021,0,113,7977,0,2021-06-15,2021-04-02,2021-02-25,2021-04-21,2021-03-26,2021-01-27,2021-07-05,2021-07-01,2021-06-25,2021-07-02,2021-06-30,2021-06-24,2021-04-07,1999-01-01,1999-01-01,2021-06-16,2021-02-02,1999-01-01,1,0,1,0,0,0,0,0,1,0,1,0,0,1,0,0,0,1,0,1,0,1,1,0,0,0,0,0,1,0,655700,,,,,,n2p,p2n,n2p,Life.BullRetrace,Life.BullStart,Life.Bull,Life.BearStart,Life.Bear,,
2021-07-06,0.25048,,,,,0.26122,0.26998,0.27952,0.28613,-0.01615,-0.01535,0.00067,-0.0183,-0.01678,0.00122,-0.02491,-0.02317,0.00154,-0.00781,-0.00143,-0.00639,0.25509,0.26165,-0.00656,-0.00533,-0.00539,6e-05,,,-1.39,0.4,-1.21,3.67,-0.39,1.98,-3.49,0.4,8.0,6.0,10.0,11.0,4.0,8.0,9.0,5.0,-0.0,-0.005,0.00179,-0.00286,0.625,38.46154,41.39231,,,-1.81346,50.0,40.47619,,,69.44444,52.77778,40.44596,40.69526,,,0.0091,0.0081,,,0,0,0,,,,,,-0.15,,,0.271,0.299,0.3,0.268,0.289,0.289,2021-06-15,2021-04-27,2021-03-16,2021-06-03,2021-04-01,2021-03-03,-7.57,1.12,-10.37,3.46,-3.67,3.81,15.0,7.0,23.0,18.0,12.0,9.0,-1.0,0.0,-0.0,0.0,-0.0,0.0,0.26,0.25,0.275,0.245,0.24,0.27,2021-07-05,2021-07-01,2021-06-15,2021-07-02,2021-06-30,2021-06-14,0.0,0.0,0.0,100.0,100.0,100.0,1999-01-01,1999-01-01,1999-01-01,1999-01-01,1999-01-01,1999-01-01,150700.0,655700.0,182900.0,-34.92,24.59,-46.92,-0.0,0.008,0.0,-0.004,-0.001,100.0,-0.00057,0.00718,0.0,-0.00361,-0.00132,100.0,43.286,39.121,40.116,38.436,39.079,38.345,57.143,28.571,16.667,14.286,0.0,0.0,48.9,0.0,0.0,40.275,42.647,100.0,2021-04-14,2020-12-17,1999-01-01,2021-02-24,2020-11-03,1999-01-01,118,8021,0,113,7977,0,2021-06-15,2021-04-02,2021-02-25,2021-04-21,2021-03-26,2021-01-27,2021-07-05,2021-07-01,2021-06-25,2021-07-02,2021-06-30,2021-06-24,2021-04-07,1999-01-01,1999-01-01,2021-06-16,2021-02-02,1999-01-01,1,0,1,0,0,0,0,0,1,0,1,0,0,1,0,0,0,1,0,1,0,1,1,0,0,0,0,0,1,0,,,-182900,,,n2p,p2n,n2p,p2n,Life.BullRetrace,Life.BullStart,Life.Bull,Life.BearStart,Life.Bear,,
2021-07-07,0.25035,,,,,0.26074,0.26939,0.27903,0.28582,-0.01643,-0.0157,0.00069,-0.01829,-0.01698,0.00125,-0.02508,-0.02356,0.00153,-0.00786,-0.00128,-0.00658,0.25507,0.26116,-0.00608,-0.00529,-0.00537,8e-05,,,-1.34,0.4,-1.21,3.67,-0.39,1.98,-3.49,0.4,7.0,6.0,10.0,11.0,4.0,8.0,9.0,5.0,0.0,0.0,0.00179,-0.00286,0.625,38.46154,41.52358,,,-1.81346,50.0,52.38095,,,83.33333,71.2963,40.22755,40.45405,,,0.00845,0.00801,,,0,0,0,,,,,,-0.15,,,0.271,0.299,0.3,0.268,0.289,0.289,2021-06-15,2021-04-27,2021-03-16,2021-06-03,2021-04-01,2021-03-03,-7.62,1.12,-10.37,3.46,-3.67,3.81,16.0,7.0,23.0,18.0,12.0,9.0,-0.0,0.0,-0.0,0.0,-0.0,0.0,0.26,0.25,0.275,0.245,0.24,0.27,2021-07-05,2021-07-01,2021-06-15,2021-07-02,2021-06-30,2021-06-14,0.0,0.0,0.0,100.0,100.0,100.0,1999-01-01,1999-01-01,1999-01-01,1999-01-01,1999-01-01,1999-01-01,655700.0,182900.0,196000.0,24.59,-46.92,4.58,-0.0,0.008,0.0,-0.004,-0.001,100.0,-0.00057,0.00718,0.0,-0.00361,-0.00132,100.0,43.286,39.121,40.116,38.436,39.079,38.345,57.143,28.571,16.667,14.286,0.0,0.0,48.9,0.0,0.0,40.275,42.647,100.0,2021-04-14,2020-12-17,1999-01-01,2021-02-24,2020-11-03,1999-01-01,118,8021,0,113,7977,0,2021-06-15,2021-04-02,2021-02-25,2021-04-21,2021-03-26,2021-01-27,2021-07-05,2021-07-01,2021-06-25,2021-07-02,2021-06-30,2021-06-24,2021-04-07,1999-01-01,1999-01-01,2021-06-16,2021-02-02,1999-01-01,1,0,1,0,0,0,0,0,1,0,1,0,0,1,0,0,0,1,0,1,0,1,1,0,0,0,0,0,1,0,196000,,,,n2p,p2n,n2p,p2n,n2p,Life.BullRetrace,Life.BullStart,Life.Bull,Life.BearStart,Life.Bear,,
2021-07-08,0.25001,,,,,0.25992,0.26863,0.27846,0.28546,-0.01683,-0.01605,0.0007,-0.01854,-0.01717,0.0013,-0.02555,-0.02394,0.0015,-0.0079,-0.00112,-0.00677,0.25429,0.26033,-0.00604,-0.00523,-0.00534,0.00011,,,-1.2,0.4,-1.21,3.67,-0.39,1.98,-3.49,0.4,6.0,6.0,10.0,11.0,4.0,8.0,9.0,5.0,-0.0,-0.005,0.00179,-0.00321,0.55556,35.71429,41.66562,,,-4.56071,33.33333,44.44444,33.333,,66.66667,73.14815,40.03666,40.23672,,,0.00892,0.00792,,,0,0,0,,,,,,-0.15,,,0.271,0.299,0.3,0.268,0.289,0.289,2021-06-15,2021-04-27,2021-03-16,2021-06-03,2021-04-01,2021-03-03,-7.75,1.12,-10.37,3.46,-3.67,3.81,17.0,7.0,23.0,18.0,12.0,9.0,-0.0,0.0,-0.0,0.0,-0.0,0.0,0.26,0.25,0.275,0.245,0.24,0.27,2021-07-05,2021-07-01,2021-06-15,2021-07-02,2021-06-30,2021-06-14,0.0,0.0,0.0,100.0,100.0,100.0,1999-01-01,1999-01-01,1999-01-01,1999-01-01,1999-01-01,1999-01-01,182900.0,196000.0,329800.0,-46.92,4.58,-31.5,-0.0,0.008,0.0,-0.004,-0.001,100.0,-0.00057,0.00718,0.0,-0.00361,-0.00132,100.0,43.286,39.121,40.116,38.436,39.079,38.345,57.143,28.571,16.667,33.333,14.286,0.0,48.9,0.0,0.0,40.275,42.647,100.0,2021-04-14,2020-12-17,1999-01-01,2021-02-24,2020-11-03,1999-01-01,118,8021,0,113,7977,0,2021-06-15,2021-04-02,2021-02-25,2021-04-21,2021-03-26,2021-01-27,2021-07-05,2021-07-01,2021-06-25,2021-07-08,2021-07-02,2021-06-30,2021-04-07,1999-01-01,1999-01-01,2021-06-16,2021-02-02,1999-01-01,1,0,1,0,0,0,0,0,1,0,1,0,0,1,0,0,0,1,0,1,0,1,1,0,0,0,0,0,1,0,,,,,p2n,n2p,p2n,n2p,,Life.BullRetrace,Life.BullStart,Life.Bull,Life.BearStart,Life.Bear,,
2021-07-09,0.24945,,,,,0.25915,0.2679,0.27789,0.28511,-0.01721,-0.01638,0.00073,-0.01874,-0.01734,0.00134,-0.02596,-0.02431,0.00152,-0.00793,-0.00096,-0.00696,0.25363,0.25956,-0.00593,-0.00518,-0.00531,0.00013,,,-0.98,0.4,-1.21,3.67,-0.39,1.98,-3.49,0.4,5.0,6.0,10.0,11.0,4.0,8.0,9.0,5.0,0.0,0.0,0.00179,-0.00321,0.55556,35.71429,41.82041,,,-4.56071,40.0,41.11111,,40.0,58.33333,69.44444,39.87772,40.04731,,,0.00828,0.00783,,,0,0,0,,,,,,-0.15,,,0.271,0.299,0.3,0.268,0.289,0.289,2021-06-15,2021-04-27,2021-03-16,2021-06-03,2021-04-01,2021-03-03,-7.95,1.12,-10.37,3.46,-3.67,3.81,18.0,7.0,23.0,18.0,12.0,9.0,-0.0,0.0,-0.0,0.0,-0.0,0.0,0.26,0.25,0.275,0.245,0.24,0.27,2021-07-05,2021-07-01,2021-06-15,2021-07-02,2021-06-30,2021-06-14,0.0,0.0,0.0,100.0,100.0,100.0,1999-01-01,1999-01-01,1999-01-01,1999-01-01,1999-01-01,1999-01-01,196000.0,329800.0,33000.0,4.58,-31.5,-21.15,-0.0,0.008,0.0,-0.004,-0.001,100.0,-0.00057,0.00718,0.0,-0.00361,-0.00132,100.0,43.286,39.121,40.116,38.436,39.079,38.345,40.0,57.143,28.571,33.333,14.286,0.0,48.9,0.0,0.0,40.275,42.647,100.0,2021-04-14,2020-12-17,1999-01-01,2021-02-24,2020-11-03,1999-01-01,118,8021,0,113,7977,0,2021-06-15,2021-04-02,2021-02-25,2021-04-21,2021-03-26,2021-01-27,2021-07-09,2021-07-05,2021-07-01,2021-07-08,2021-07-02,2021-06-30,2021-04-07,1999-01-01,1999-01-01,2021-06-16,2021-02-02,1999-01-01,1,0,1,0,0,0,0,0,1,0,1,0,0,1,0,0,0,0,0,1,0,1,1,0,0,0,0,0,1,0,,,,,n2p,p2n,n2p,,,Life.BullRetrace,Life.BullStart,Life.Bull,Life.BearStart,Life.Bear,,
2021-07-12,0.24873,,,,,0.25807,0.26701,0.27724,0.28471,-0.01771,-0.01671,0.00078,-0.01918,-0.01751,0.0014,-0.02665,-0.02466,0.0016,-0.00795,-0.0008,-0.00715,0.25231,0.25849,-0.00618,-0.00511,-0.00527,0.00016,,,-0.7,0.4,-1.21,3.67,-0.39,1.98,-3.49,0.4,4.0,6.0,10.0,11.0,4.0,8.0,9.0,5.0,-0.0,-0.005,0.00179,-0.00321,0.55556,35.71429,41.98944,,,-4.56071,20.0,31.11111,20.0,,33.33333,52.77778,39.7563,39.89023,,,0.00805,0.00774,,,0,0,0,,,,,,-0.15,,,0.271,0.299,0.3,0.268,0.289,0.289,2021-06-15,2021-04-27,2021-03-16,2021-06-03,2021-04-01,2021-03-03,-8.22,1.12,-10.37,3.46,-3.67,3.81,19.0,7.0,23.0,18.0,12.0,9.0,-0.0,0.0,-0.0,0.0,-0.0,0.0,0.26,0.25,0.275,0.245,0.24,0.27,2021-07-05,2021-07-01,2021-06-15,2021-07-02,2021-06-30,2021-06-14,0.0,0.0,0.0,100.0,100.0,100.0,1999-01-01,1999-01-01,1999-01-01,1999-01-01,1999-01-01,1999-01-01,329800.0,33000.0,287100.0,-31.5,-21.15,16.3,-0.0,0.008,0.0,-0.004,-0.001,100.0,-0.00057,0.00718,0.0,-0.00361,-0.00132,100.0,43.286,39.121,40.116,38.436,39.079,38.345,40.0,57.143,28.571,20.0,33.333,14.286,48.9,0.0,0.0,40.275,42.647,100.0,2021-04-14,2020-12-17,1999-01-01,2021-02-24,2020-11-03,1999-01-01,118,8021,0,113,7977,0,2021-06-15,2021-04-02,2021-02-25,2021-04-21,2021-03-26,2021-01-27,2021-07-09,2021-07-05,2021-07-01,2021-07-12,2021-07-08,2021-07-02,2021-04-07,1999-01-01,1999-01-01,2021-06-16,2021-02-02,1999-01-01,1,0,1,0,0,0,0,0,1,0,1,0,0,1,0,0,0,0,0,0,0,1,1,0,0,0,0,0,1,0,,,,,p2n,n2p,,,,Life.BullRetrace,Life.BullStart,Life.Bull,Life.BearStart,Life.Bear,,
2021-07-13,0.24802,,,,,0.25706,0.26614,0.2766,0.28432,-0.01818,-0.01703,0.00084,-0.01954,-0.01765,0.00146,-0.02726,-0.02499,0.00168,-0.00796,-0.00062,-0.00734,0.25118,0.25749,-0.00631,-0.00505,-0.00523,0.00018,,,-0.41,0.4,-1.21,3.67,-0.39,1.98,-3.49,0.4,3.0,6.0,10.0,11.0,4.0,8.0,9.0,5.0,0.0,0.0,0.00179,-0.00321,0.55556,35.71429,42.17456,,,-4.56071,25.0,28.33333,,,16.66667,36.11111,39.67629,39.7701,,,0.00783,0.00764,,,0,0,0,,,,,,-0.15,,,0.271,0.299,0.3,0.268,0.289,0.289,2021-06-15,2021-04-27,2021-03-16,2021-06-03,2021-04-01,2021-03-03,-8.48,1.12,-10.37,3.46,-3.67,3.81,20.0,7.0,23.0,18.0,12.0,9.0,-0.0,0.0,-0.0,0.0,-0.0,0.0,0.26,0.25,0.275,0.245,0.24,0.27,2021-07-05,2021-07-01,2021-06-15,2021-07-02,2021-06-30,2021-06-14,0.0,0.0,0.0,100.0,100.0,100.0,1999-01-01,1999-01-01,1999-01-01,1999-01-01,1999-01-01,1999-01-01,33000.0,287100.0,131100.0,-21.15,16.3,-30.57,-0.0,0.008,0.0,-0.004,-0.001,100.0,-0.00057,0.00718,0.0,-0.00361,-0.00132,100.0,43.286,39.121,40.116,38.436,39.079,38.345,40.0,57.143,28.571,20.0,33.333,14.286,48.9,0.0,0.0,40.275,42.647,100.0,2021-04-14,2020-12-17,1999-01-01,2021-02-24,2020-11-03,1999-01-01,118,8021,0,113,7977,0,2021-06-15,2021-04-02,2021-02-25,2021-04-21,2021-03-26,2021-01-27,2021-07-09,2021-07-05,2021-07-01,2021-07-12,2021-07-08,2021-07-02,2021-04-07,1999-01-01,1999-01-01,2021-06-16,2021-02-02,1999-01-01,1,0,1,0,0,0,0,0,1,0,1,0,0,1,0,0,0,0,0,0,0,1,1,0,0,0,0,0,1,0,,,131100,,n2p,,,,p2n,Life.BullRetrace,Life.BullStart,Life.Bull,Life.BearStart,Life.Bear,,
2021-07-14,0.24749,,,,,0.25613,0.26531,0.27598,0.28393,-0.01861,-0.01734,0.00091,-0.01985,-0.01778,0.00152,-0.02779,-0.02531,0.00177,-0.00797,-0.00045,-0.00752,0.25023,0.25656,-0.00633,-0.00497,-0.00517,0.0002,,,-0.2,0.4,-1.21,3.67,-0.39,1.98,-3.49,0.4,2.0,6.0,10.0,11.0,4.0,8.0,9.0,5.0,0.0,0.0,0.00179,-0.0025,0.71429,41.66667,42.37761,,,1.39167,25.0,23.33333,,,0.0,16.66667,39.6388,39.69046,39.639,,0.00727,0.00755,,,0,0,0,,,,,,-0.15,,,0.271,0.299,0.3,0.268,0.289,0.289,2021-06-15,2021-04-27,2021-03-16,2021-06-03,2021-04-01,2021-03-03,-8.68,1.12,-10.37,3.46,-3.67,3.81,21.0,7.0,23.0,18.0,12.0,9.0,-0.0,0.0,-0.0,0.0,-0.0,0.0,0.26,0.25,0.275,0.245,0.24,0.27,2021-07-05,2021-07-01,2021-06-15,2021-07-02,2021-06-30,2021-06-14,0.0,0.0,0.0,100.0,100.0,100.0,1999-01-01,1999-01-01,1999-01-01,1999-01-01,1999-01-01,1999-01-01,287100.0,131100.0,163500.0,16.3,-30.57,28.92,-0.0,0.008,0.0,-0.004,-0.001,100.0,-0.00057,0.00718,0.0,-0.00361,-0.00132,100.0,43.286,39.121,40.116,39.639,38.436,39.079,40.0,57.143,28.571,20.0,33.333,14.286,48.9,0.0,0.0,40.275,42.647,100.0,2021-04-14,2020-12-17,1999-01-01,2021-02-24,2020-11-03,1999-01-01,118,8021,0,113,7977,0,2021-06-15,2021-04-02,2021-02-25,2021-07-14,2021-04-21,2021-03-26,2021-07-09,2021-07-05,2021-07-01,2021-07-12,2021-07-08,2021-07-02,2021-04-07,1999-01-01,1999-01-01,2021-06-16,2021-02-02,1999-01-01,1,0,1,0,0,0,0,0,1,0,1,0,0,1,0,1,0,0,0,0,0,1,1,0,0,0,0,0,1,0,163500,,,,,,,p2n,n2p,Life.BullRetrace,Life.BullStart,Life.Bull,Life.BearStart,Life.Bear,,
2021-07-15,0.24727,,,0.245,,0.25528,0.26452,0.27536,0.28354,-0.01902,-0.01764,0.00097,-0.02009,-0.0179,0.00158,-0.02826,-0.0256,0.00186,-0.00797,-0.00026,-0.0077,0.24943,0.25571,-0.00628,-0.00489,-0.00512,0.00023,,,-0.11,0.4,-1.21,3.67,-0.39,1.98,-3.49,0.4,1.0,6.0,10.0,11.0,4.0,8.0,9.0,5.0,0.0,0.0,0.00179,-0.0025,0.71429,41.66667,42.59949,,,1.39167,25.0,25.0,,,0.0,5.55556,39.6424,39.6525,,,0.00711,0.00746,,,0,0,0,,,,,,-0.15,,,0.271,0.299,0.3,0.268,0.289,0.289,2021-06-15,2021-04-27,2021-03-16,2021-06-03,2021-04-01,2021-03-03,-8.76,1.12,-10.37,3.46,-3.67,3.81,22.0,7.0,23.0,18.0,12.0,9.0,-0.0,0.0,-0.0,0.0,-0.0,0.0,0.26,0.25,0.275,0.245,0.245,0.24,2021-07-05,2021-07-01,2021-06-15,2021-07-15,2021-07-02,2021-06-30,0.0,0.0,0.0,100.0,100.0,100.0,1999-01-01,1999-01-01,1999-01-01,1999-01-01,1999-01-01,1999-01-01,131100.0,163500.0,168200.0,-30.57,28.92,-20.44,-0.0,0.008,0.0,-0.004,-0.001,100.0,-0.00057,0.00718,0.0,-0.00361,-0.00132,100.0,43.286,39.121,40.116,39.639,38.436,39.079,40.0,57.143,28.571,20.0,33.333,14.286,48.9,0.0,0.0,40.275,42.647,100.0,2021-04-14,2020-12-17,1999-01-01,2021-02-24,2020-11-03,1999-01-01,118,8021,0,113,7977,0,2021-06-15,2021-04-02,2021-02-25,2021-07-14,2021-04-21,2021-03-26,2021-07-09,2021-07-05,2021-07-01,2021-07-12,2021-07-08,2021-07-02,2021-04-07,1999-01-01,1999-01-01,2021-06-16,2021-02-02,1999-01-01,1,0,1,0,0,0,0,1,1,0,1,0,0,1,0,1,0,0,0,0,0,1,1,0,0,0,0,0,1,0,,,168200,,,,p2n,n2p,p2n,Life.BullRetrace,Life.BullStart,Life.Bull,Life.BearStart,Life.Bear,,
2021-07-16,0.24735,0.247,,,,0.25487,0.26395,0.27486,0.28321,-0.01926,-0.01793,0.00103,-0.01999,-0.018,0.00164,-0.02834,-0.02588,0.00195,-0.00795,-7e-05,-0.00788,0.24951,0.25528,-0.00577,-0.0048,-0.00505,0.00026,,,0.26,-1.21,3.67,-0.39,1.98,-3.49,0.4,-0.4,6.0,10.0,11.0,4.0,8.0,9.0,5.0,4.0,0.005,0.0,0.00214,-0.00214,1.0,50.0,42.84083,,,9.725,50.0,33.33333,,,33.33333,11.11111,39.68533,39.65551,,,0.00696,0.00737,,,0,0,0,,,,,,-0.15,,,0.271,0.299,0.3,0.247,0.268,0.289,2021-06-15,2021-04-27,2021-03-16,2021-07-16,2021-06-03,2021-04-01,0.0,-8.86,1.12,-10.37,3.46,-3.67,0.0,23.0,7.0,23.0,18.0,12.0,0.0,-0.0,0.0,-0.0,0.0,-0.0,0.26,0.25,0.275,0.245,0.245,0.24,2021-07-05,2021-07-01,2021-06-15,2021-07-15,2021-07-02,2021-06-30,0.0,0.0,0.0,100.0,100.0,100.0,1999-01-01,1999-01-01,1999-01-01,1999-01-01,1999-01-01,1999-01-01,163500.0,168200.0,165000.0,28.92,-20.44,7.32,-0.0,0.008,0.0,-0.004,-0.001,100.0,-0.00057,0.00718,0.0,-0.00361,-0.00132,100.0,43.286,39.121,40.116,39.639,38.436,39.079,40.0,57.143,28.571,20.0,33.333,14.286,48.9,0.0,0.0,40.275,42.647,100.0,2021-04-14,2020-12-17,1999-01-01,2021-02-24,2020-11-03,1999-01-01,118,8021,0,113,7977,0,2021-06-15,2021-04-02,2021-02-25,2021-07-14,2021-04-21,2021-03-26,2021-07-09,2021-07-05,2021-07-01,2021-07-12,2021-07-08,2021-07-02,2021-04-07,1999-01-01,1999-01-01,2021-06-16,2021-02-02,1999-01-01,1,0,1,0,0,0,0,1,1,0,1,0,0,1,0,1,0,0,0,0,0,1,1,0,0,0,0,0,1,0,,,,,,p2n,n2p,p2n,,Life.BullRetrace,Life.BullStart,Life.Bull,Life.BearStart,Life.Bear,,
2021-07-19,0.24757,,,,0.25,0.2545,0.2634,0.27437,0.28288,-0.01947,-0.01821,0.0011,-0.01987,-0.01808,0.00171,-0.02838,-0.02614,0.00204,-0.00793,0.00013,-0.00806,0.24959,0.25489,-0.0053,-0.0047,-0.00498,0.00028,,,0.17,-1.21,3.67,-0.39,1.98,-3.49,0.4,-0.4,5.0,10.0,11.0,4.0,8.0,9.0,5.0,4.0,0.0,0.0,0.00214,-0.00179,1.2,54.54545,43.10294,,,14.27045,50.0,41.66667,,50.0,66.66667,33.33333,39.76543,39.69772,,,0.00646,0.00728,,,0,0,0,,,,,,-0.15,,,0.271,0.299,0.3,0.247,0.268,0.289,2021-06-15,2021-04-27,2021-03-16,2021-07-16,2021-06-03,2021-04-01,0.23,-8.86,1.12,-10.37,3.46,-3.67,1.0,23.0,7.0,23.0,18.0,12.0,0.0,-0.0,0.0,-0.0,0.0,-0.0,0.25,0.26,0.25,0.245,0.245,0.24,2021-07-19,2021-07-05,2021-07-01,2021-07-15,2021-07-02,2021-06-30,0.0,0.0,0.0,100.0,100.0,100.0,1999-01-01,1999-01-01,1999-01-01,1999-01-01,1999-01-01,1999-01-01,168200.0,165000.0,82900.0,-20.44,7.32,-16.23,-0.0,0.008,0.0,-0.004,-0.001,100.0,-0.00057,0.00718,0.0,-0.00361,-0.00132,100.0,43.286,39.121,40.116,39.639,38.436,39.079,50.0,40.0,57.143,20.0,33.333,14.286,48.9,0.0,0.0,40.275,42.647,100.0,2021-04-14,2020-12-17,1999-01-01,2021-02-24,2020-11-03,1999-01-01,118,8021,0,113,7977,0,2021-06-15,2021-04-02,2021-02-25,2021-07-14,2021-04-21,2021-03-26,2021-07-19,2021-07-09,2021-07-05,2021-07-12,2021-07-08,2021-07-02,2021-04-07,1999-01-01,1999-01-01,2021-06-16,2021-02-02,1999-01-01,1,0,1,0,1,0,0,1,1,0,1,0,0,1,0,1,0,0,0,0,0,1,1,0,0,0,0,0,1,0,,,,,p2n,n2p,p2n,,,Life.BullRetrace,Life.BullStart,Life.Bull,Life.BearStart,Life.Bear,,
2021-07-21,0.24778,,,,,0.25377,0.26268,0.27379,0.2825,-0.01982,-0.01847,0.00117,-0.02002,-0.01814,0.00177,-0.02873,-0.02637,0.00214,-0.0079,0.00033,-0.00823,0.24888,0.25416,-0.00528,-0.00459,-0.0049,0.00031,-0.005,,0.09,-1.21,3.67,-0.39,1.98,-3.49,0.4,-0.4,3.0,10.0,11.0,4.0,8.0,9.0,5.0,4.0,-0.0,-0.005,0.00214,-0.00179,1.2,54.54545,43.38802,,,14.27045,25.0,41.66667,,,66.66667,55.55556,39.88125,39.77733,,,0.00636,0.00719,,,0,0,0,,,,,,-0.15,,,0.271,0.299,0.3,0.247,0.268,0.289,2021-06-15,2021-04-27,2021-03-16,2021-07-16,2021-06-03,2021-04-01,0.32,-8.86,1.12,-10.37,3.46,-3.67,2.0,23.0,7.0,23.0,18.0,12.0,0.0,-0.0,0.0,-0.0,0.0,-0.0,0.25,0.26,0.25,0.245,0.245,0.24,2021-07-19,2021-07-05,2021-07-01,2021-07-15,2021-07-02,2021-06-30,0.0,0.0,0.0,100.0,100.0,100.0,1999-01-01,1999-01-01,1999-01-01,1999-01-01,1999-01-01,1999-01-01,165000.0,82900.0,57000.0,7.32,-16.23,-26.72,-0.0,0.008,0.0,-0.005,-0.004,-0.001,-0.00057,0.00718,0.0,-0.0049,-0.00361,-0.00132,43.286,39.121,40.116,39.639,38.436,39.079,50.0,40.0,57.143,20.0,33.333,14.286,48.9,0.0,0.0,40.275,42.647,100.0,2021-04-14,2020-12-17,1999-01-01,2021-07-21,2021-02-24,2020-11-03,118,8021,0,147,113,7977,2021-06-15,2021-04-02,2021-02-25,2021-07-14,2021-04-21,2021-03-26,2021-07-19,2021-07-09,2021-07-05,2021-07-12,2021-07-08,2021-07-02,2021-04-07,1999-01-01,1999-01-01,2021-06-16,2021-02-02,1999-01-01,1,0,1,0,1,0,0,1,1,0,1,0,0,1,0,1,0,0,0,0,0,1,1,0,0,0,0,0,1,0,,,,,n2p,p2n,,,,Life.BullRetrace,Life.BullStart,Life.Bull,Life.BearStart,Life.Bear,,
2021-07-22,0.24787,,,0.245,,0.25309,0.26199,0.27322,0.28213,-0.02014,-0.01873,0.00124,-0.02013,-0.01819,0.00185,-0.02903,-0.02659,0.00225,-0.00786,0.00054,-0.00839,0.24829,0.25348,-0.0052,-0.00448,-0.00482,0.00034,,,0.05,-1.21,3.67,-0.39,1.98,-3.49,0.4,-0.4,2.0,10.0,11.0,4.0,8.0,9.0,5.0,4.0,0.0,0.0,0.00143,-0.00179,0.8,44.44444,43.69735,,,4.16944,25.0,33.33333,25.0,,33.33333,55.55556,40.03259,39.89309,,,0.00626,0.00711,,,0,0,0,,,,,,-0.15,,,0.271,0.299,0.3,0.247,0.268,0.289,2021-06-15,2021-04-27,2021-03-16,2021-07-16,2021-06-03,2021-04-01,0.35,-8.86,1.12,-10.37,3.46,-3.67,3.0,23.0,7.0,23.0,18.0,12.0,0.0,-0.0,0.0,-0.0,0.0,-0.0,0.25,0.26,0.25,0.245,0.245,0.245,2021-07-19,2021-07-05,2021-07-01,2021-07-22,2021-07-15,2021-07-02,0.0,0.0,0.0,100.0,100.0,100.0,1999-01-01,1999-01-01,1999-01-01,1999-01-01,1999-01-01,1999-01-01,82900.0,57000.0,405400.0,-16.23,-26.72,78.85,-0.0,0.008,0.0,-0.005,-0.004,-0.001,-0.00057,0.00718,0.0,-0.0049,-0.00361,-0.00132,43.286,39.121,40.116,39.639,38.436,39.079,50.0,40.0,57.143,25.0,20.0,33.333,48.9,0.0,0.0,40.275,42.647,100.0,2021-04-14,2020-12-17,1999-01-01,2021-07-21,2021-02-24,2020-11-03,118,8021,0,147,113,7977,2021-06-15,2021-04-02,2021-02-25,2021-07-14,2021-04-21,2021-03-26,2021-07-19,2021-07-09,2021-07-05,2021-07-22,2021-07-12,2021-07-08,2021-04-07,1999-01-01,1999-01-01,2021-06-16,2021-02-02,1999-01-01,1,0,1,0,1,0,0,0,1,0,1,0,0,1,0,1,0,0,0,0,0,1,1,0,0,0,0,0,1,0,405400,,,,p2n,,,,n2p,Life.BullRetrace,Life.BullStart,Life.Bull,Life.BearStart,Life.Bear,,
2021-07-23,0.24779,,,,,0.25285,0.26152,0.27276,0.28181,-0.02029,-0.01897,0.00132,-0.01991,-0.01822,0.00192,-0.02895,-0.02677,0.00236,-0.0078,0.00075,-0.00856,0.24855,0.25322,-0.00467,-0.00436,-0.00473,0.00037,,,0.08,-1.21,3.67,-0.39,1.98,-3.49,0.4,-0.4,1.0,10.0,11.0,4.0,8.0,9.0,5.0,4.0,0.005,0.0,0.00179,-0.00143,1.25,55.55556,44.03085,,,15.28056,50.0,33.33333,,,16.66667,38.88889,40.2208,40.04488,,,0.00653,0.00703,,,0,0,0,,,,,,-0.15,,,0.271,0.299,0.3,0.247,0.268,0.289,2021-06-15,2021-04-27,2021-03-16,2021-07-16,2021-06-03,2021-04-01,0.32,-8.86,1.12,-10.37,3.46,-3.67,4.0,23.0,7.0,23.0,18.0,12.0,0.0,-0.0,0.0,-0.0,0.0,-0.0,0.25,0.26,0.25,0.245,0.245,0.245,2021-07-19,2021-07-05,2021-07-01,2021-07-22,2021-07-15,2021-07-02,0.0,0.0,0.0,100.0,100.0,100.0,1999-01-01,1999-01-01,1999-01-01,1999-01-01,1999-01-01,1999-01-01,57000.0,405400.0,622700.0,-26.72,78.85,98.99,-0.0,0.008,0.0,-0.005,-0.004,-0.001,-0.00057,0.00718,0.0,-0.0049,-0.00361,-0.00132,43.286,39.121,40.116,39.639,38.436,39.079,50.0,40.0,57.143,25.0,20.0,33.333,48.9,0.0,0.0,40.275,42.647,100.0,2021-04-14,2020-12-17,1999-01-01,2021-07-21,2021-02-24,2020-11-03,118,8021,0,147,113,7977,2021-06-15,2021-04-02,2021-02-25,2021-07-14,2021-04-21,2021-03-26,2021-07-19,2021-07-09,2021-07-05,2021-07-22,2021-07-12,2021-07-08,2021-04-07,1999-01-01,1999-01-01,2021-06-16,2021-02-02,1999-01-01,1,0,1,0,1,0,0,0,1,0,1,0,0,1,0,1,0,0,0,0,0,1,1,0,0,0,0,0,1,0,,,,,,,,n2p,,Life.BullRetrace,Life.BullStart,Life.Bull,Life.BearStart,Life.Bear,,
2021-07-26,0.24753,,0.248,,0.255,0.25302,0.26126,0.27241,0.28154,-0.02028,-0.0192,0.00139,-0.01939,-0.01822,0.002,-0.02852,-0.02694,0.00247,-0.00774,0.00098,-0.00871,0.24954,0.25335,-0.00381,-0.00423,-0.00463,0.0004,,,-1.02,3.67,-0.39,1.98,-3.49,0.4,-0.4,7.63,10.0,11.0,4.0,8.0,9.0,5.0,4.0,11.0,0.005,0.0,0.00107,-0.00143,0.75,42.85714,44.38807,,,2.58214,66.66667,47.22222,,66.667,50.0,33.33333,40.44758,40.23366,,,0.00642,0.00695,,,0,0,0,,,,,,-0.15,,,0.248,0.271,0.299,0.247,0.268,0.289,2021-07-26,2021-06-15,2021-04-27,2021-07-16,2021-06-03,2021-04-01,0.0,0.4,-8.86,1.12,-10.37,3.46,0.0,5.0,23.0,7.0,23.0,18.0,0.0,0.0,-0.0,0.0,-0.0,0.0,0.255,0.25,0.26,0.245,0.245,0.245,2021-07-26,2021-07-19,2021-07-05,2021-07-22,2021-07-15,2021-07-02,0.0,0.0,0.0,100.0,100.0,100.0,1999-01-01,1999-01-01,1999-01-01,1999-01-01,1999-01-01,1999-01-01,405400.0,622700.0,397800.0,78.85,98.99,31.41,-0.0,0.008,0.0,-0.005,-0.004,-0.001,-0.00057,0.00718,0.0,-0.0049,-0.00361,-0.00132,43.286,39.121,40.116,39.639,38.436,39.079,66.667,50.0,40.0,25.0,20.0,33.333,48.9,0.0,0.0,40.275,42.647,100.0,2021-04-14,2020-12-17,1999-01-01,2021-07-21,2021-02-24,2020-11-03,118,8021,0,147,113,7977,2021-06-15,2021-04-02,2021-02-25,2021-07-14,2021-04-21,2021-03-26,2021-07-26,2021-07-19,2021-07-09,2021-07-22,2021-07-12,2021-07-08,2021-04-07,1999-01-01,1999-01-01,2021-06-16,2021-02-02,1999-01-01,1,0,1,0,0,0,0,0,1,0,1,0,0,1,0,1,0,1,0,0,0,1,1,0,0,0,0,0,1,0,,,,,,,n2p,,,Life.BullRetrace,Life.BullStart,Life.Bull,Life.BearStart,Life.Bear,,
2021-07-27,0.24711,,,,,0.25279,0.26082,0.27196,0.28122,-0.02041,-0.01941,0.00147,-0.01918,-0.01821,0.00207,-0.02844,-0.02708,0.00257,-0.00767,0.0012,-0.00887,0.24961,0.25311,-0.00349,-0.00409,-0.00452,0.00043,,,-0.85,3.67,-0.39,1.98,-3.49,0.4,-0.4,7.63,9.0,11.0,4.0,8.0,9.0,5.0,4.0,11.0,-0.0,-0.005,0.00107,-0.00143,0.75,42.85714,44.76797,,,2.58214,33.33333,50.0,,,66.66667,44.44444,40.71088,40.45975,,,0.00632,0.00687,,,0,0,1,,,,,,,-0.15,,0.248,0.271,0.299,0.247,0.268,0.289,2021-07-26,2021-06-15,2021-04-27,2021-07-16,2021-06-03,2021-04-01,-0.36,0.4,-8.86,1.12,-10.37,3.46,1.0,5.0,23.0,7.0,23.0,18.0,-0.0,0.0,-0.0,0.0,-0.0,0.0,0.255,0.25,0.26,0.245,0.245,0.245,2021-07-26,2021-07-19,2021-07-05,2021-07-22,2021-07-15,2021-07-02,0.0,0.0,0.0,100.0,100.0,100.0,1999-01-01,1999-01-01,1999-01-01,1999-01-01,1999-01-01,1999-01-01,622700.0,397800.0,199700.0,98.99,31.41,-14.43,-0.0,0.008,0.0,-0.005,-0.004,-0.001,-0.00057,0.00718,0.0,-0.0049,-0.00361,-0.00132,43.286,39.121,40.116,39.639,38.436,39.079,66.667,50.0,40.0,25.0,20.0,33.333,48.9,0.0,0.0,40.275,42.647,100.0,2021-04-14,2020-12-17,1999-01-01,2021-07-21,2021-02-24,2020-11-03,118,8021,0,147,113,7977,2021-06-15,2021-04-02,2021-02-25,2021-07-14,2021-04-21,2021-03-26,2021-07-26,2021-07-19,2021-07-09,2021-07-22,2021-07-12,2021-07-08,2021-04-07,1999-01-01,1999-01-01,2021-06-16,2021-02-02,1999-01-01,1,0,1,0,0,0,0,0,1,0,1,0,0,1,0,1,0,1,0,0,0,1,1,0,0,0,0,0,1,0,,,-199700,,,n2p,,,p2n,Life.BullStart,Life.Bull,Life.BearStart,Life.Bear,Life.BearRecovery,,
2021-07-28,0.24661,,,,,0.25219,0.2602,0.27143,0.28086,-0.02067,-0.01961,0.00153,-0.01924,-0.01817,0.00211,-0.02868,-0.02719,0.00265,-0.00758,0.00144,-0.00901,0.2489,0.25251,-0.0036,-0.00394,-0.0044,0.00046,,,-0.65,3.67,-0.39,1.98,-3.49,0.4,-0.4,7.63,8.0,11.0,4.0,8.0,9.0,5.0,4.0,11.0,-0.0,-0.005,0.00107,-0.00179,0.6,37.5,45.16827,,,-2.775,0.0,33.33333,,,50.0,55.55556,41.00313,40.72053,,,0.00622,0.0068,,,0,0,1,,,,,,,-0.15,,0.248,0.271,0.299,0.247,0.268,0.289,2021-07-26,2021-06-15,2021-04-27,2021-07-16,2021-06-03,2021-04-01,-0.56,0.4,-8.86,1.12,-10.37,3.46,2.0,5.0,23.0,7.0,23.0,18.0,-0.0,0.0,-0.0,0.0,-0.0,0.0,0.255,0.25,0.26,0.245,0.245,0.245,2021-07-26,2021-07-19,2021-07-05,2021-07-22,2021-07-15,2021-07-02,0.0,0.0,0.0,100.0,100.0,100.0,1999-01-01,1999-01-01,1999-01-01,1999-01-01,1999-01-01,1999-01-01,397800.0,199700.0,85000.0,31.41,-14.43,-44.07,-0.0,0.008,0.0,-0.005,-0.004,-0.001,-0.00057,0.00718,0.0,-0.0049,-0.00361,-0.00132,43.286,39.121,40.116,39.639,38.436,39.079,66.667,50.0,40.0,25.0,20.0,33.333,48.9,0.0,0.0,40.275,42.647,100.0,2021-04-14,2020-12-17,1999-01-01,2021-07-21,2021-02-24,2020-11-03,118,8021,0,147,113,7977,2021-06-15,2021-04-02,2021-02-25,2021-07-14,2021-04-21,2021-03-26,2021-07-26,2021-07-19,2021-07-09,2021-07-22,2021-07-12,2021-07-08,2021-04-07,1999-01-01,1999-01-01,2021-06-16,2021-02-02,1999-01-01,1,0,1,0,0,0,0,0,1,0,1,0,0,1,0,1,0,1,0,0,0,1,1,0,0,0,0,0,1,0,,,,,n2p,,,p2n,,Life.BullStart,Life.Bull,Life.BearStart,Life.Bear,Life.BearRecovery,,
2021-07-29,0.24611,,,0.24,,0.25125,0.25941,0.27081,0.28046,-0.02105,-0.01979,0.00158,-0.01956,-0.01812,0.00214,-0.02921,-0.02727,0.00271,-0.00748,0.00167,-0.00916,0.24753,0.25158,-0.00405,-0.00378,-0.00428,0.0005,,,-0.45,3.67,-0.39,1.98,-3.49,0.4,-0.4,7.63,7.0,11.0,4.0,8.0,9.0,5.0,4.0,11.0,-0.0,-0.005,0.00107,-0.00179,0.6,37.5,45.58568,,,-2.775,0.0,11.11111,0.0,,16.66667,44.44444,41.31293,41.00898,,,0.00614,0.00674,,,0,0,1,,,,,,,-0.15,,0.248,0.271,0.299,0.247,0.268,0.289,2021-07-26,2021-06-15,2021-04-27,2021-07-16,2021-06-03,2021-04-01,-0.76,0.4,-8.86,1.12,-10.37,3.46,3.0,5.0,23.0,7.0,23.0,18.0,-0.0,0.0,-0.0,0.0,-0.0,0.0,0.255,0.25,0.26,0.24,0.245,0.245,2021-07-26,2021-07-19,2021-07-05,2021-07-29,2021-07-22,2021-07-15,0.0,0.0,0.0,100.0,100.0,100.0,1999-01-01,1999-01-01,1999-01-01,1999-01-01,1999-01-01,1999-01-01,199700.0,85000.0,235300.0,-14.43,-44.07,-23.81,-0.0,0.008,0.0,-0.005,-0.004,-0.001,-0.00057,0.00718,0.0,-0.0049,-0.00361,-0.00132,43.286,39.121,40.116,39.639,38.436,39.079,66.667,50.0,40.0,0.0,25.0,20.0,48.9,0.0,0.0,40.275,42.647,100.0,2021-04-14,2020-12-17,1999-01-01,2021-07-21,2021-02-24,2020-11-03,118,8021,0,147,113,7977,2021-06-15,2021-04-02,2021-02-25,2021-07-14,2021-04-21,2021-03-26,2021-07-26,2021-07-19,2021-07-09,2021-07-29,2021-07-22,2021-07-12,2021-04-07,1999-01-01,1999-01-01,2021-06-16,2021-02-02,1999-01-01,1,0,1,0,0,0,1,0,1,0,1,0,0,1,0,1,0,1,1,0,0,1,1,0,0,0,0,0,1,0,,,,,,,p2n,,,Life.BullStart,Life.Bull,Life.BearStart,Life.Bear,Life.BearRecovery,,
2021-07-30,0.24565,,,,,0.25077,0.25884,0.2703,0.28011,-0.02126,-0.01996,0.00163,-0.01953,-0.01804,0.00216,-0.02934,-0.02733,0.00274,-0.00737,0.00192,-0.00929,0.24714,0.25109,-0.00395,-0.00362,-0.00415,0.00053,,,-0.26,3.67,-0.39,1.98,-3.49,0.4,-0.4,7.63,6.0,11.0,4.0,8.0,9.0,5.0,4.0,11.0,0.005,0.0,0.00143,-0.00179,0.8,44.44444,46.01672,,,4.16944,33.33333,11.11111,,,11.11111,25.92593,41.62964,41.31523,,,0.00605,0.00668,,,0,0,1,,,,,,,-0.15,,0.248,0.271,0.299,0.247,0.268,0.289,2021-07-26,2021-06-15,2021-04-27,2021-07-16,2021-06-03,2021-04-01,-0.95,0.4,-8.86,1.12,-10.37,3.46,4.0,5.0,23.0,7.0,23.0,18.0,-0.0,0.0,-0.0,0.0,-0.0,0.0,0.255,0.25,0.26,0.24,0.245,0.245,2021-07-26,2021-07-19,2021-07-05,2021-07-29,2021-07-22,2021-07-15,0.0,0.0,0.0,100.0,100.0,100.0,1999-01-01,1999-01-01,1999-01-01,1999-01-01,1999-01-01,1999-01-01,85000.0,235300.0,304200.0,-44.07,-23.81,20.1,-0.0,0.008,0.0,-0.005,-0.004,-0.001,-0.00057,0.00718,0.0,-0.0049,-0.00361,-0.00132,43.286,39.121,40.116,39.639,38.436,39.079,66.667,50.0,40.0,0.0,25.0,20.0,48.9,0.0,0.0,40.275,42.647,100.0,2021-04-14,2020-12-17,1999-01-01,2021-07-21,2021-02-24,2020-11-03,118,8021,0,147,113,7977,2021-06-15,2021-04-02,2021-02-25,2021-07-14,2021-04-21,2021-03-26,2021-07-26,2021-07-19,2021-07-09,2021-07-29,2021-07-22,2021-07-12,2021-04-07,1999-01-01,1999-01-01,2021-06-16,2021-02-02,1999-01-01,1,0,1,0,0,0,1,0,1,0,1,0,0,1,0,1,0,1,1,0,0,1,1,0,0,0,0,0,1,0,304200,,,,,p2n,,,n2p,Life.BullStart,Life.Bull,Life.BearStart,Life.Bear,Life.BearRecovery,,
2021-08-02,0.24526,,,,,0.25033,0.2583,0.26979,0.27976,-0.02146,-0.02011,0.00166,-0.01947,-0.01794,0.00215,-0.02943,-0.02736,0.00275,-0.00726,0.00217,-0.00942,0.24681,0.25064,-0.00383,-0.00344,-0.00401,0.00056,,,-0.1,3.67,-0.39,1.98,-3.49,0.4,-0.4,7.63,5.0,11.0,4.0,8.0,9.0,5.0,4.0,11.0,0.0,0.0,0.00143,-0.00143,1.0,50.0,46.45687,,,9.725,33.33333,22.22222,,,22.22222,16.66667,41.94445,41.62901,,,0.00634,0.00662,,,0,0,1,,,,,,,-0.15,,0.248,0.271,0.299,0.247,0.268,0.289,2021-07-26,2021-06-15,2021-04-27,2021-07-16,2021-06-03,2021-04-01,-1.1,0.4,-8.86,1.12,-10.37,3.46,5.0,5.0,23.0,7.0,23.0,18.0,-0.0,0.0,-0.0,0.0,-0.0,0.0,0.255,0.25,0.26,0.24,0.245,0.245,2021-07-26,2021-07-19,2021-07-05,2021-07-29,2021-07-22,2021-07-15,0.0,0.0,0.0,100.0,100.0,100.0,1999-01-01,1999-01-01,1999-01-01,1999-01-01,1999-01-01,1999-01-01,235300.0,304200.0,188400.0,-23.81,20.1,16.56,-0.0,0.008,0.0,-0.005,-0.004,-0.001,-0.00057,0.00718,0.0,-0.0049,-0.00361,-0.00132,43.286,39.121,40.116,39.639,38.436,39.079,66.667,50.0,40.0,0.0,25.0,20.0,48.9,0.0,0.0,40.275,42.647,100.0,2021-04-14,2020-12-17,1999-01-01,2021-07-21,2021-02-24,2020-11-03,118,8021,0,147,113,7977,2021-06-15,2021-04-02,2021-02-25,2021-07-14,2021-04-21,2021-03-26,2021-07-26,2021-07-19,2021-07-09,2021-07-29,2021-07-22,2021-07-12,2021-04-07,1999-01-01,1999-01-01,2021-06-16,2021-02-02,1999-01-01,1,0,1,0,0,0,1,0,1,0,1,0,0,1,0,1,0,1,1,0,0,1,1,0,0,0,0,0,1,0,,,,,p2n,,,n2p,,Life.BullStart,Life.Bull,Life.BearStart,Life.Bear,Life.BearRecovery,,
2021-08-03,0.24497,,,,,0.24992,0.25778,0.2693,0.27941,-0.02163,-0.02024,0.00168,-0.01939,-0.01782,0.00211,-0.02949,-0.02736,0.00274,-0.00713,0.00242,-0.00955,0.24653,0.25022,-0.00369,-0.00326,-0.00386,0.00059,,,0.01,3.67,-0.39,1.98,-3.49,0.4,-0.4,7.63,4.0,11.0,4.0,8.0,9.0,5.0,4.0,11.0,0.0,0.0,0.00143,-0.00143,1.0,50.0,46.90093,,,9.725,33.33333,33.33333,,,38.88889,24.07407,42.24876,41.94095,,,0.0066,0.00658,,,0,0,1,,,,,,,-0.15,,0.248,0.271,0.299,0.247,0.268,0.289,2021-07-26,2021-06-15,2021-04-27,2021-07-16,2021-06-03,2021-04-01,-1.22,0.4,-8.86,1.12,-10.37,3.46,6.0,5.0,23.0,7.0,23.0,18.0,-0.0,0.0,-0.0,0.0,-0.0,0.0,0.255,0.25,0.26,0.24,0.245,0.245,2021-07-26,2021-07-19,2021-07-05,2021-07-29,2021-07-22,2021-07-15,0.0,0.0,0.0,100.0,100.0,100.0,1999-01-01,1999-01-01,1999-01-01,1999-01-01,1999-01-01,1999-01-01,304200.0,188400.0,427000.0,20.1,16.56,26.34,-0.0,0.008,0.0,-0.005,-0.004,-0.001,-0.00057,0.00718,0.0,-0.0049,-0.00361,-0.00132,43.286,39.121,40.116,39.639,38.436,39.079,66.667,50.0,40.0,0.0,25.0,20.0,48.9,0.0,0.0,40.275,42.647,100.0,2021-04-14,2020-12-17,1999-01-01,2021-07-21,2021-02-24,2020-11-03,118,8021,0,147,113,7977,2021-06-15,2021-04-02,2021-02-25,2021-07-14,2021-04-21,2021-03-26,2021-07-26,2021-07-19,2021-07-09,2021-07-29,2021-07-22,2021-07-12,2021-04-07,1999-01-01,1999-01-01,2021-06-16,2021-02-02,1999-01-01,1,0,1,0,0,0,1,0,1,0,1,0,0,1,0,1,0,1,1,0,0,1,1,0,0,0,0,0,1,0,,,,,,,n2p,,,Life.BullStart,Life.Bull,Life.BearStart,Life.Bear,Life.BearRecovery,,
2021-08-04,0.2448,,,,,0.24954,0.25728,0.26882,0.27907,-0.02179,-0.02036,0.00169,-0.01929,-0.01768,0.00205,-0.02953,-0.02734,0.00269,-0.00699,0.00268,-0.00966,0.2463,0.24984,-0.00354,-0.00308,-0.0037,0.00062,,,0.08,3.67,-0.39,1.98,-3.49,0.4,-0.4,7.63,3.0,11.0,4.0,8.0,9.0,5.0,4.0,11.0,0.0,0.0,0.00143,-0.00143,1.0,50.0,47.34404,,,9.725,33.33333,33.33333,,,44.44444,35.18519,42.53463,42.24261,,,0.00648,0.00653,,,1,0,1,,,,,,,-0.15,,0.248,0.271,0.299,0.247,0.268,0.289,2021-07-26,2021-06-15,2021-04-27,2021-07-16,2021-06-03,2021-04-01,-1.29,0.4,-8.86,1.12,-10.37,3.46,7.0,5.0,23.0,7.0,23.0,18.0,-0.0,0.0,-0.0,0.0,-0.0,0.0,0.255,0.25,0.26,0.24,0.245,0.245,2021-07-26,2021-07-19,2021-07-05,2021-07-29,2021-07-22,2021-07-15,0.0,0.0,0.0,100.0,100.0,100.0,1999-01-01,1999-01-01,1999-01-01,1999-01-01,1999-01-01,1999-01-01,188400.0,427000.0,295900.0,16.56,26.34,-0.9,-0.0,0.008,0.0,-0.005,-0.004,-0.001,-0.00057,0.00718,0.0,-0.0049,-0.00361,-0.00132,43.286,39.121,40.116,39.639,38.436,39.079,66.667,50.0,40.0,0.0,25.0,20.0,48.9,0.0,0.0,40.275,42.647,100.0,2021-04-14,2020-12-17,1999-01-01,2021-07-21,2021-02-24,2020-11-03,118,8021,0,147,113,7977,2021-06-15,2021-04-02,2021-02-25,2021-07-14,2021-04-21,2021-03-26,2021-07-26,2021-07-19,2021-07-09,2021-07-29,2021-07-22,2021-07-12,2021-04-07,1999-01-01,1999-01-01,2021-06-16,2021-02-02,1999-01-01,1,0,1,0,0,0,1,0,1,0,1,0,0,1,0,1,0,1,1,0,0,1,1,0,0,0,0,0,1,0,,,,,,n2p,,,,Life.BullStart,Life.Bull,Life.BearStart,Life.Bear,Life.BearRecovery,,
2021-08-05,0.24474,,,,,0.24919,0.25679,0.26835,0.27873,-0.02193,-0.02045,0.00168,-0.01916,-0.01752,0.00198,-0.02954,-0.02729,0.00263,-0.00684,0.00294,-0.00977,0.2461,0.24948,-0.00338,-0.00289,-0.00354,0.00065,,,0.11,3.67,-0.39,1.98,-3.49,0.4,-0.4,7.63,2.0,11.0,4.0,8.0,9.0,5.0,4.0,11.0,0.0,0.0,0.00143,-0.00143,1.0,50.0,47.78201,,,9.725,33.33333,33.33333,,,50.0,44.44444,42.79716,42.52685,,,0.00602,0.00649,,,1,0,1,,,,,,,-0.15,,0.248,0.271,0.299,0.247,0.268,0.289,2021-07-26,2021-06-15,2021-04-27,2021-07-16,2021-06-03,2021-04-01,-1.31,0.4,-8.86,1.12,-10.37,3.46,8.0,5.0,23.0,7.0,23.0,18.0,-0.0,0.0,-0.0,0.0,-0.0,0.0,0.255,0.25,0.26,0.24,0.245,0.245,2021-07-26,2021-07-19,2021-07-05,2021-07-29,2021-07-22,2021-07-15,0.0,0.0,0.0,100.0,100.0,100.0,1999-01-01,1999-01-01,1999-01-01,1999-01-01,1999-01-01,1999-01-01,427000.0,295900.0,673500.0,26.34,-0.9,53.23,-0.0,0.008,0.0,-0.005,-0.004,-0.001,-0.00057,0.00718,0.0,-0.0049,-0.00361,-0.00132,43.286,39.121,40.116,39.639,38.436,39.079,66.667,50.0,40.0,0.0,25.0,20.0,48.9,0.0,0.0,40.275,42.647,100.0,2021-04-14,2020-12-17,1999-01-01,2021-07-21,2021-02-24,2020-11-03,118,8021,0,147,113,7977,2021-06-15,2021-04-02,2021-02-25,2021-07-14,2021-04-21,2021-03-26,2021-07-26,2021-07-19,2021-07-09,2021-07-29,2021-07-22,2021-07-12,2021-04-07,1999-01-01,1999-01-01,2021-06-16,2021-02-02,1999-01-01,1,0,1,0,0,0,1,0,1,0,1,0,0,1,0,1,0,1,1,0,0,1,1,0,0,0,0,0,1,0,673500,,,,n2p,,,,n2p,Life.BullStart,Life.Bull,Life.BearStart,Life.Bear,Life.BearRecovery,,
2021-08-06,0.24481,,,,,0.24887,0.25633,0.26789,0.27839,-0.02206,-0.02054,0.00166,-0.01902,-0.01734,0.00189,-0.02953,-0.02721,0.00254,-0.00668,0.0032,-0.00988,0.24593,0.24915,-0.00322,-0.0027,-0.00337,0.00067,,,0.08,3.67,-0.39,1.98,-3.49,0.4,-0.4,7.63,1.0,11.0,4.0,8.0,9.0,5.0,4.0,11.0,0.0,0.0,0.00107,-0.00143,0.75,42.85714,48.21034,,,2.58214,33.33333,33.33333,,,50.0,48.14815,43.03406,42.78862,,,0.00559,0.00646,,,1,0,1,,,,,,,-0.15,,0.248,0.271,0.299,0.247,0.268,0.289,2021-07-26,2021-06-15,2021-04-27,2021-07-16,2021-06-03,2021-04-01,-1.29,0.4,-8.86,1.12,-10.37,3.46,9.0,5.0,23.0,7.0,23.0,18.0,-0.0,0.0,-0.0,0.0,-0.0,0.0,0.255,0.25,0.26,0.24,0.245,0.245,2021-07-26,2021-07-19,2021-07-05,2021-07-29,2021-07-22,2021-07-15,0.0,0.0,0.0,100.0,100.0,100.0,1999-01-01,1999-01-01,1999-01-01,1999-01-01,1999-01-01,1999-01-01,295900.0,673500.0,83200.0,-0.9,53.23,-24.62,-0.0,0.008,0.0,-0.005,-0.004,-0.001,-0.00057,0.00718,0.0,-0.0049,-0.00361,-0.00132,43.286,39.121,40.116,39.639,38.436,39.079,66.667,50.0,40.0,0.0,25.0,20.0,48.9,0.0,0.0,40.275,42.647,100.0,2021-04-14,2020-12-17,1999-01-01,2021-07-21,2021-02-24,2020-11-03,118,8021,0,147,113,7977,2021-06-15,2021-04-02,2021-02-25,2021-07-14,2021-04-21,2021-03-26,2021-07-26,2021-07-19,2021-07-09,2021-07-29,2021-07-22,2021-07-12,2021-04-07,1999-01-01,1999-01-01,2021-06-16,2021-02-02,1999-01-01,1,0,1,0,0,0,1,0,1,0,1,0,0,1,0,1,0,1,1,0,0,1,1,0,0,0,0,0,1,0,,,83200,,,,,n2p,p2n,Life.BullStart,Life.Bull,Life.BearStart,Life.Bear,Life.BearRecovery,,
2021-08-09,0.2451,0.245,,,,0.24857,0.25589,0.26744,0.27806,-0.02217,-0.0206,0.00164,-0.01887,-0.01714,0.00178,-0.02949,-0.02711,0.00243,-0.00651,0.00346,-0.00997,0.24579,0.24884,-0.00305,-0.00251,-0.0032,0.00069,,,3.63,-0.39,1.98,-3.49,0.4,-0.4,7.63,,11.0,4.0,8.0,9.0,5.0,4.0,11.0,,0.0,0.0,0.00107,-0.00143,0.75,42.85714,48.62485,,,2.58214,33.33333,33.33333,,,50.0,50.0,43.24415,43.02512,,,0.00555,0.00642,,,1,0,1,,,,,,,-0.15,,0.248,0.271,0.299,0.245,0.247,0.268,2021-07-26,2021-06-15,2021-04-27,2021-08-09,2021-07-16,2021-06-03,0.0,-1.21,0.4,-8.86,1.12,-10.37,0.0,10.0,5.0,23.0,7.0,23.0,0.0,-0.0,0.0,-0.0,0.0,-0.0,0.255,0.25,0.26,0.24,0.245,0.245,2021-07-26,2021-07-19,2021-07-05,2021-07-29,2021-07-22,2021-07-15,0.0,0.0,0.0,100.0,100.0,100.0,1999-01-01,1999-01-01,1999-01-01,1999-01-01,1999-01-01,1999-01-01,673500.0,83200.0,20300.0,53.23,-24.62,-26.18,-0.0,0.008,0.0,-0.005,-0.004,-0.001,-0.00057,0.00718,0.0,-0.0049,-0.00361,-0.00132,43.286,39.121,40.116,39.639,38.436,39.079,66.667,50.0,40.0,0.0,25.0,20.0,48.9,0.0,0.0,40.275,42.647,100.0,2021-04-14,2020-12-17,1999-01-01,2021-07-21,2021-02-24,2020-11-03,118,8021,0,147,113,7977,2021-06-15,2021-04-02,2021-02-25,2021-07-14,2021-04-21,2021-03-26,2021-07-26,2021-07-19,2021-07-09,2021-07-29,2021-07-22,2021-07-12,2021-04-07,1999-01-01,1999-01-01,2021-06-16,2021-02-02,1999-01-01,1,0,1,0,0,0,1,0,1,0,1,0,0,1,0,1,0,1,1,0,0,1,1,0,0,0,0,0,1,0,,,,,,,n2p,p2n,,Life.BullStart,Life.Bull,Life.BearStart,Life.Bear,Life.BearRecovery,,
2021-08-11,0.24566,,,,,0.24829,0.25546,0.26699,0.27773,-0.02227,-0.02065,0.0016,-0.0187,-0.01693,0.00166,-0.02944,-0.02699,0.00231,-0.00634,0.00373,-0.01007,0.24567,0.24855,-0.00289,-0.00231,-0.00302,0.00071,,,3.39,-0.39,1.98,-3.49,0.4,-0.4,7.63,,9.0,4.0,8.0,9.0,5.0,4.0,11.0,,0.0,0.0,0.00107,-0.00107,1.0,50.0,49.02076,,,9.725,33.33333,33.33333,,,50.0,50.0,43.42631,43.23484,,,0.00551,0.0064,,,1,0,1,,,,,,,-0.15,,0.248,0.271,0.299,0.245,0.247,0.268,2021-07-26,2021-06-15,2021-04-27,2021-08-09,2021-07-16,2021-06-03,0.27,-1.21,0.4,-8.86,1.12,-10.37,1.0,10.0,5.0,23.0,7.0,23.0,0.0,-0.0,0.0,-0.0,0.0,-0.0,0.255,0.25,0.26,0.24,0.245,0.245,2021-07-26,2021-07-19,2021-07-05,2021-07-29,2021-07-22,2021-07-15,0.0,0.0,0.0,100.0,100.0,100.0,1999-01-01,1999-01-01,1999-01-01,1999-01-01,1999-01-01,1999-01-01,83200.0,20300.0,245100.0,-24.62,-26.18,-55.14,-0.0,0.008,0.0,-0.005,-0.004,-0.001,-0.00057,0.00718,0.0,-0.0049,-0.00361,-0.00132,43.286,39.121,40.116,39.639,38.436,39.079,66.667,50.0,40.0,0.0,25.0,20.0,48.9,0.0,0.0,40.275,42.647,100.0,2021-04-14,2020-12-17,1999-01-01,2021-07-21,2021-02-24,2020-11-03,118,8021,0,147,113,7977,2021-06-15,2021-04-02,2021-02-25,2021-07-14,2021-04-21,2021-03-26,2021-07-26,2021-07-19,2021-07-09,2021-07-29,2021-07-22,2021-07-12,2021-04-07,1999-01-01,1999-01-01,2021-06-16,2021-02-02,1999-01-01,1,0,1,0,0,0,1,0,1,0,1,0,0,1,0,1,0,1,1,0,0,1,1,0,0,0,0,0,1,0,,,,,,n2p,p2n,,,Life.BullStart,Life.Bull,Life.BearStart,Life.Bear,Life.BearRecovery,,
2021-08-12,0.2465,,,,,0.24804,0.25505,0.26656,0.27741,-0.02236,-0.02069,0.00156,-0.01851,-0.0167,0.00153,-0.02937,-0.02685,0.00217,-0.00616,0.00399,-0.01015,0.24556,0.24829,-0.00273,-0.00212,-0.00284,0.00072,,,3.04,-0.39,1.98,-3.49,0.4,-0.4,7.63,,8.0,4.0,8.0,9.0,5.0,4.0,11.0,,0.0,0.0,0.00107,-0.00107,1.0,50.0,49.39232,,,9.725,33.33333,33.33333,,,50.0,50.0,43.5804,43.41695,,,0.00512,0.00638,,,1,0,1,,,,,,,-0.15,,0.248,0.271,0.299,0.245,0.247,0.268,2021-07-26,2021-06-15,2021-04-27,2021-08-09,2021-07-16,2021-06-03,0.61,-1.21,0.4,-8.86,1.12,-10.37,2.0,10.0,5.0,23.0,7.0,23.0,0.0,-0.0,0.0,-0.0,0.0,-0.0,0.255,0.25,0.26,0.24,0.245,0.245,2021-07-26,2021-07-19,2021-07-05,2021-07-29,2021-07-22,2021-07-15,0.0,0.0,0.0,100.0,100.0,100.0,1999-01-01,1999-01-01,1999-01-01,1999-01-01,1999-01-01,1999-01-01,20300.0,245100.0,216600.0,-26.18,-55.14,38.27,-0.0,0.008,0.0,-0.005,-0.004,-0.001,-0.00057,0.00718,0.0,-0.0049,-0.00361,-0.00132,43.286,39.121,40.116,39.639,38.436,39.079,66.667,50.0,40.0,0.0,25.0,20.0,48.9,0.0,0.0,40.275,42.647,100.0,2021-04-14,2020-12-17,1999-01-01,2021-07-21,2021-02-24,2020-11-03,118,8021,0,147,113,7977,2021-06-15,2021-04-02,2021-02-25,2021-07-14,2021-04-21,2021-03-26,2021-07-26,2021-07-19,2021-07-09,2021-07-29,2021-07-22,2021-07-12,2021-04-07,1999-01-01,1999-01-01,2021-06-16,2021-02-02,1999-01-01,1,0,1,0,0,0,1,0,1,0,1,0,0,1,0,1,0,1,1,0,0,1,1,0,0,0,0,0,1,0,216600,,,,n2p,p2n,,,n2p,Life.BullStart,Life.Bull,Life.BearStart,Life.Bear,Life.BearRecovery,,
2021-08-13,0.24757,,,,0.245,0.24781,0.25466,0.26613,0.27708,-0.02243,-0.0207,0.0015,-0.01832,-0.01645,0.00139,-0.02928,-0.02668,0.00202,-0.00598,0.00425,-0.01023,0.24548,0.24805,-0.00257,-0.00194,-0.00266,0.00073,,,2.6,-0.39,1.98,-3.49,0.4,-0.4,7.63,,7.0,4.0,8.0,9.0,5.0,4.0,11.0,,0.0,0.0,0.00071,-0.00107,0.66667,40.0,49.7344,,,-0.275,33.33333,33.33333,,33.333,50.0,50.0,43.70652,43.57107,,,0.00511,0.00636,,,1,0,1,,,,,,,-0.15,,0.248,0.271,0.299,0.245,0.247,0.268,2021-07-26,2021-06-15,2021-04-27,2021-08-09,2021-07-16,2021-06-03,1.05,-1.21,0.4,-8.86,1.12,-10.37,3.0,10.0,5.0,23.0,7.0,23.0,0.0,-0.0,0.0,-0.0,0.0,-0.0,0.245,0.255,0.25,0.24,0.245,0.245,2021-08-13,2021-07-26,2021-07-19,2021-07-29,2021-07-22,2021-07-15,0.0,0.0,0.0,100.0,100.0,100.0,1999-01-01,1999-01-01,1999-01-01,1999-01-01,1999-01-01,1999-01-01,245100.0,216600.0,198600.0,-55.14,38.27,36.99,-0.0,0.008,0.0,-0.005,-0.004,-0.001,-0.00057,0.00718,0.0,-0.0049,-0.00361,-0.00132,43.286,39.121,40.116,39.639,38.436,39.079,33.333,66.667,50.0,0.0,25.0,20.0,48.9,0.0,0.0,40.275,42.647,100.0,2021-04-14,2020-12-17,1999-01-01,2021-07-21,2021-02-24,2020-11-03,118,8021,0,147,113,7977,2021-06-15,2021-04-02,2021-02-25,2021-07-14,2021-04-21,2021-03-26,2021-08-13,2021-07-26,2021-07-19,2021-07-29,2021-07-22,2021-07-12,2021-04-07,1999-01-01,1999-01-01,2021-06-16,2021-02-02,1999-01-01,1,0,1,0,1,0,1,0,1,0,1,0,0,1,0,1,1,0,1,0,0,1,1,0,0,0,0,0,1,0,,,,,p2n,,,n2p,,Life.BullStart,Life.Bull,Life.BearStart,Life.Bear,Life.BearRecovery,,
2021-08-16,0.24879,,,0.24,,0.24721,0.25408,0.26561,0.27671,-0.02263,-0.02071,0.00144,-0.0184,-0.0162,0.00124,-0.02951,-0.0265,0.00186,-0.00579,0.00451,-0.0103,0.24463,0.24745,-0.00282,-0.00175,-0.00248,0.00073,,,2.1,-0.39,1.98,-3.49,0.4,-0.4,7.63,,6.0,4.0,8.0,9.0,5.0,4.0,11.0,,-0.0,-0.005,0.00036,-0.00143,0.25,20.0,50.04294,,,-20.275,0.0,22.22222,0.0,,33.33333,44.44444,43.80466,43.69719,,,0.0051,0.00635,,,1,0,1,,,,,,,-0.15,,0.248,0.271,0.299,0.245,0.247,0.268,2021-07-26,2021-06-15,2021-04-27,2021-08-09,2021-07-16,2021-06-03,1.55,-1.21,0.4,-8.86,1.12,-10.37,4.0,10.0,5.0,23.0,7.0,23.0,0.0,-0.0,0.0,-0.0,0.0,-0.0,0.245,0.255,0.25,0.24,0.24,0.245,2021-08-13,2021-07-26,2021-07-19,2021-08-16,2021-07-29,2021-07-22,0.0,0.0,0.0,100.0,100.0,100.0,1999-01-01,1999-01-01,1999-01-01,1999-01-01,1999-01-01,1999-01-01,216600.0,198600.0,261000.0,38.27,36.99,2.41,-0.0,0.008,0.0,-0.005,-0.004,-0.001,-0.00057,0.00718,0.0,-0.0049,-0.00361,-0.00132,43.286,39.121,40.116,39.639,38.436,39.079,33.333,66.667,50.0,0.0,0.0,25.0,48.9,0.0,0.0,40.275,42.647,100.0,2021-04-14,2020-12-17,1999-01-01,2021-07-21,2021-02-24,2020-11-03,118,8021,0,147,113,7977,2021-06-15,2021-04-02,2021-02-25,2021-07-14,2021-04-21,2021-03-26,2021-08-13,2021-07-26,2021-07-19,2021-08-16,2021-07-29,2021-07-22,2021-04-07,1999-01-01,1999-01-01,2021-06-16,2021-02-02,1999-01-01,1,0,1,0,1,0,1,0,1,0,1,0,0,1,0,1,1,0,1,0,0,1,1,0,0,0,0,0,1,0,,,,,,,n2p,,,Life.BullStart,Life.Bull,Life.BearStart,Life.Bear,Life.BearRecovery,,
2021-08-17,0.2501,,,,,0.24704,0.25373,0.2652,0.2764,-0.02267,-0.0207,0.00138,-0.01817,-0.01593,0.0011,-0.02936,-0.0263,0.0017,-0.0056,0.00477,-0.01037,0.24469,0.24727,-0.00258,-0.00157,-0.0023,0.00073,,,1.56,-0.39,1.98,-3.49,0.4,-0.4,7.63,,5.0,4.0,8.0,9.0,5.0,4.0,11.0,,0.005,0.0,0.00071,-0.00107,0.66667,40.0,50.31606,,,-0.275,50.0,27.77778,,,33.33333,38.88889,43.87487,43.79535,,,0.00545,0.00634,,,1,1,1,,,,,,,-0.15,,0.248,0.271,0.299,0.245,0.247,0.268,2021-07-26,2021-06-15,2021-04-27,2021-08-09,2021-07-16,2021-06-03,2.08,-1.21,0.4,-8.86,1.12,-10.37,5.0,10.0,5.0,23.0,7.0,23.0,0.0,-0.0,0.0,-0.0,0.0,-0.0,0.245,0.255,0.25,0.24,0.24,0.245,2021-08-13,2021-07-26,2021-07-19,2021-08-16,2021-07-29,2021-07-22,0.0,0.0,0.0,100.0,100.0,100.0,1999-01-01,1999-01-01,1999-01-01,1999-01-01,1999-01-01,1999-01-01,198600.0,261000.0,93900.0,36.99,2.41,-18.15,-0.0,0.008,0.0,-0.005,-0.004,-0.001,-0.00057,0.00718,0.0,-0.0049,-0.00361,-0.00132,43.286,39.121,40.116,39.639,38.436,39.079,33.333,66.667,50.0,0.0,0.0,25.0,48.9,0.0,0.0,40.275,42.647,100.0,2021-04-14,2020-12-17,1999-01-01,2021-07-21,2021-02-24,2020-11-03,118,8021,0,147,113,7977,2021-06-15,2021-04-02,2021-02-25,2021-07-14,2021-04-21,2021-03-26,2021-08-13,2021-07-26,2021-07-19,2021-08-16,2021-07-29,2021-07-22,2021-04-07,1999-01-01,1999-01-01,2021-06-16,2021-02-02,1999-01-01,1,0,1,0,1,0,1,0,1,0,1,0,0,1,0,1,1,0,1,0,0,1,1,0,0,0,0,0,1,0,,,,,,n2p,,,,Life.BullStart,Life.Bull,Life.BearStart,Life.Bear,Life.BearRecovery,wt3bull.vis210910,
2021-08-18,0.25137,,,,0.265,0.24842,0.25417,0.2652,0.27629,-0.02212,-0.02068,0.00131,-0.01678,-0.01565,0.00095,-0.02787,-0.02608,0.00153,-0.0054,0.00503,-0.01043,0.24781,0.24858,-0.00077,-0.0014,-0.00212,0.00072,,,1.05,-0.39,1.98,-3.49,0.4,-0.4,7.63,,4.0,4.0,8.0,9.0,5.0,4.0,11.0,,0.02,0.0,0.00214,-0.00071,3.0,75.0,50.55314,,,34.725,100.0,50.0,,100.0,50.0,38.88889,43.91598,43.86517,,,0.00649,0.00634,,,1,1,1,,,,,,,-0.15,,0.248,0.271,0.299,0.245,0.247,0.268,2021-07-26,2021-06-15,2021-04-27,2021-08-09,2021-07-16,2021-06-03,2.6,-1.21,0.4,-8.86,1.12,-10.37,6.0,10.0,5.0,23.0,7.0,23.0,0.0,-0.0,0.0,-0.0,0.0,-0.0,0.265,0.245,0.255,0.24,0.24,0.245,2021-08-18,2021-08-13,2021-07-26,2021-08-16,2021-07-29,2021-07-22,0.0,0.0,0.0,100.0,100.0,100.0,1999-01-01,1999-01-01,1999-01-01,1999-01-01,1999-01-01,1999-01-01,261000.0,93900.0,1638000.0,2.41,-18.15,260.05,-0.0,0.008,0.0,-0.005,-0.004,-0.001,-0.00057,0.00718,0.0,-0.0049,-0.00361,-0.00132,43.286,39.121,40.116,39.639,38.436,39.079,100.0,33.333,66.667,0.0,0.0,25.0,48.9,0.0,0.0,40.275,42.647,100.0,2021-04-14,2020-12-17,1999-01-01,2021-07-21,2021-02-24,2020-11-03,118,8021,0,147,113,7977,2021-06-15,2021-04-02,2021-02-25,2021-07-14,2021-04-21,2021-03-26,2021-08-18,2021-08-13,2021-07-26,2021-08-16,2021-07-29,2021-07-22,2021-04-07,1999-01-01,1999-01-01,2021-06-16,2021-02-02,1999-01-01,1,0,1,0,0,1,1,0,1,0,1,0,0,1,0,1,0,1,1,0,0,1,1,0,0,0,0,0,1,0,1638000,,,,n2p,,,,n2p,Life.BullStart,Life.Bull,Life.BearStart,Life.Bear,Life.BearRecovery,wt3bull.vis210910,
2021-08-19,0.25245,,,,,0.24931,0.2544,0.2651,0.27612,-0.02173,-0.02064,0.00123,-0.01579,-0.01537,0.0008,-0.02681,-0.02585,0.00136,-0.00521,0.00527,-0.01048,0.24969,0.24943,0.00026,-0.00123,-0.00194,0.00071,,,0.61,-0.39,1.98,-3.49,0.4,-0.4,7.63,,3.0,4.0,8.0,9.0,5.0,4.0,11.0,,-0.0,-0.005,0.00214,-0.00071,3.0,75.0,50.75426,,,34.725,80.0,76.66667,,,76.66667,53.33333,43.92763,43.90616,,43.928,0.00638,0.00634,,,1,1,1,,,,,,,-0.15,,0.248,0.271,0.299,0.245,0.247,0.268,2021-07-26,2021-06-15,2021-04-27,2021-08-09,2021-07-16,2021-06-03,3.04,-1.21,0.4,-8.86,1.12,-10.37,7.0,10.0,5.0,23.0,7.0,23.0,0.0,-0.0,0.0,-0.0,0.0,-0.0,0.265,0.245,0.255,0.24,0.24,0.245,2021-08-18,2021-08-13,2021-07-26,2021-08-16,2021-07-29,2021-07-22,0.0,0.0,0.0,100.0,100.0,100.0,1999-01-01,1999-01-01,1999-01-01,1999-01-01,1999-01-01,1999-01-01,93900.0,1638000.0,425600.0,-18.15,260.05,8.26,-0.0,0.008,0.0,-0.005,-0.004,-0.001,-0.00057,0.00718,0.0,-0.0049,-0.00361,-0.00132,43.928,43.286,39.121,39.639,38.436,39.079,100.0,33.333,66.667,0.0,0.0,25.0,48.9,0.0,0.0,40.275,42.647,100.0,2021-04-14,2020-12-17,1999-01-01,2021-07-21,2021-02-24,2020-11-03,118,8021,0,147,113,7977,2021-08-19,2021-06-15,2021-04-02,2021-07-14,2021-04-21,2021-03-26,2021-08-18,2021-08-13,2021-07-26,2021-08-16,2021-07-29,2021-07-22,2021-04-07,1999-01-01,1999-01-01,2021-06-16,2021-02-02,1999-01-01,1,0,1,0,0,1,1,0,1,0,1,0,0,1,0,1,0,1,1,0,0,1,1,0,0,0,0,0,1,0,,,,,,,,n2p,,Life.BullStart,Life.Bull,Life.BearStart,Life.Bear,Life.BearRecovery,wt4bear.icap201120,
2021-08-20,0.25324,,,,,0.24975,0.25442,0.2649,0.27591,-0.02149,-0.0206,0.00116,-0.01515,-0.01508,0.00066,-0.02617,-0.02561,0.0012,-0.00501,0.00552,-0.01053,0.25051,0.24984,0.00067,-0.00107,-0.00177,0.00069,,,0.3,-0.39,1.98,-3.49,0.4,-0.4,7.63,,2.0,4.0,8.0,9.0,5.0,4.0,11.0,,-0.0,-0.005,0.00179,-0.00107,1.66667,62.5,50.92066,,,22.225,60.0,80.0,,,80.0,68.88889,43.91208,43.91856,,,0.00664,0.00635,,,1,1,1,,,,,,,-0.15,,0.248,0.271,0.299,0.245,0.247,0.268,2021-07-26,2021-06-15,2021-04-27,2021-08-09,2021-07-16,2021-06-03,3.36,-1.21,0.4,-8.86,1.12,-10.37,8.0,10.0,5.0,23.0,7.0,23.0,0.0,-0.0,0.0,-0.0,0.0,-0.0,0.265,0.245,0.255,0.24,0.24,0.245,2021-08-18,2021-08-13,2021-07-26,2021-08-16,2021-07-29,2021-07-22,0.0,0.0,0.0,100.0,100.0,100.0,1999-01-01,1999-01-01,1999-01-01,1999-01-01,1999-01-01,1999-01-01,1638000.0,425600.0,241000.0,260.05,8.26,6.82,-0.0,0.008,0.0,-0.005,-0.004,-0.001,-0.00057,0.00718,0.0,-0.0049,-0.00361,-0.00132,43.928,43.286,39.121,39.639,38.436,39.079,100.0,33.333,66.667,0.0,0.0,25.0,48.9,0.0,0.0,40.275,42.647,100.0,2021-04-14,2020-12-17,1999-01-01,2021-07-21,2021-02-24,2020-11-03,118,8021,0,147,113,7977,2021-08-19,2021-06-15,2021-04-02,2021-07-14,2021-04-21,2021-03-26,2021-08-18,2021-08-13,2021-07-26,2021-08-16,2021-07-29,2021-07-22,2021-04-07,1999-01-01,1999-01-01,2021-06-16,2021-02-02,1999-01-01,1,0,1,0,0,1,1,0,1,0,1,0,0,1,0,1,0,1,1,0,0,1,1,0,0,0,0,0,1,0,,,,,,,n2p,,,Life.BullStart,Life.Bull,Life.BearStart,Life.Bear,Life.BearRecovery,wt4bear.icap201120,
2021-08-23,0.25365,,,,,0.24977,0.25425,0.2646,0.27566,-0.02141,-0.02054,0.00109,-0.01483,-0.01478,0.00052,-0.02589,-0.02536,0.00105,-0.00482,0.00576,-0.01058,0.25043,0.24985,0.00058,-0.00092,-0.0016,0.00067,,,0.14,-0.39,1.98,-3.49,0.4,-0.4,7.63,,1.0,4.0,8.0,9.0,5.0,4.0,11.0,,-0.0,-0.005,0.00179,-0.00143,1.25,55.55556,51.05409,,,15.28056,40.0,60.0,,,55.0,70.55556,43.87404,43.90458,,,0.00652,0.00636,,,1,1,1,,,,,,,-0.15,,0.248,0.271,0.299,0.245,0.247,0.268,2021-07-26,2021-06-15,2021-04-27,2021-08-09,2021-07-16,2021-06-03,3.53,-1.21,0.4,-8.86,1.12,-10.37,9.0,10.0,5.0,23.0,7.0,23.0,0.0,-0.0,0.0,-0.0,0.0,-0.0,0.265,0.245,0.255,0.24,0.24,0.245,2021-08-18,2021-08-13,2021-07-26,2021-08-16,2021-07-29,2021-07-22,0.0,0.0,0.0,100.0,100.0,100.0,1999-01-01,1999-01-01,1999-01-01,1999-01-01,1999-01-01,1999-01-01,425600.0,241000.0,315800.0,8.26,6.82,-57.37,-0.0,0.008,0.0,-0.005,-0.004,-0.001,-0.00057,0.00718,0.0,-0.0049,-0.00361,-0.00132,43.928,43.286,39.121,39.639,38.436,39.079,100.0,33.333,66.667,0.0,0.0,25.0,48.9,0.0,0.0,40.275,42.647,100.0,2021-04-14,2020-12-17,1999-01-01,2021-07-21,2021-02-24,2020-11-03,118,8021,0,147,113,7977,2021-08-19,2021-06-15,2021-04-02,2021-07-14,2021-04-21,2021-03-26,2021-08-18,2021-08-13,2021-07-26,2021-08-16,2021-07-29,2021-07-22,2021-04-07,1999-01-01,1999-01-01,2021-06-16,2021-02-02,1999-01-01,1,0,1,0,0,1,1,0,1,0,1,0,0,1,0,1,0,1,1,0,0,1,1,0,0,0,0,0,1,0,,,-315800,,,n2p,,,p2n,Life.BullStart,Life.Bull,Life.BearStart,Life.Bear,Life.BearRecovery,wt4bear.icap201120,
2021-08-24,0.2537,,0.254,0.25,,0.24978,0.25408,0.26431,0.2754,-0.02132,-0.02047,0.00101,-0.01453,-0.01448,0.00039,-0.02562,-0.0251,0.00089,-0.00462,0.00599,-0.01062,0.25036,0.24986,0.0005,-0.00078,-0.00144,0.00065,,,-0.27,1.98,-3.49,0.4,-0.4,7.63,,,4.0,8.0,9.0,5.0,4.0,11.0,,,0.0,0.0,0.00179,-0.00143,1.25,55.55556,51.15683,,,15.28056,40.0,46.66667,40.0,,36.66667,57.22222,43.81893,43.86835,,,0.00606,0.00637,,,1,1,1,,,,,,,-0.15,,0.254,0.248,0.271,0.245,0.247,0.268,2021-08-24,2021-07-26,2021-06-15,2021-08-09,2021-07-16,2021-06-03,0.0,3.67,-1.21,0.4,-8.86,1.12,0.0,10.0,10.0,5.0,23.0,7.0,0.0,0.0,-0.0,0.0,-0.0,0.0,0.265,0.245,0.255,0.25,0.24,0.24,2021-08-18,2021-08-13,2021-07-26,2021-08-24,2021-08-16,2021-07-29,0.0,0.0,0.0,100.0,100.0,100.0,1999-01-01,1999-01-01,1999-01-01,1999-01-01,1999-01-01,1999-01-01,241000.0,315800.0,209700.0,6.82,-57.37,-21.98,-0.0,0.008,0.0,-0.005,-0.004,-0.001,-0.00057,0.00718,0.0,-0.0049,-0.00361,-0.00132,43.928,43.286,39.121,39.639,38.436,39.079,100.0,33.333,66.667,40.0,0.0,0.0,48.9,0.0,0.0,40.275,42.647,100.0,2021-04-14,2020-12-17,1999-01-01,2021-07-21,2021-02-24,2020-11-03,118,8021,0,147,113,7977,2021-08-19,2021-06-15,2021-04-02,2021-07-14,2021-04-21,2021-03-26,2021-08-18,2021-08-13,2021-07-26,2021-08-24,2021-08-16,2021-07-29,2021-04-07,1999-01-01,1999-01-01,2021-06-16,2021-02-02,1999-01-01,0,0,1,0,0,1,0,1,1,0,1,0,0,1,0,1,0,1,0,1,0,1,1,0,0,0,0,0,1,0,,,,,n2p,,,p2n,,Life.BullStart,Life.Bull,Life.BearStart,Life.Bear,Life.BearRecovery,wt4bear.icap201120,
2021-08-25,0.25346,,,,0.26,0.25057,0.25431,0.26423,0.27525,-0.02093,-0.0204,0.00094,-0.01366,-0.01418,0.00026,-0.02468,-0.02483,0.00075,-0.00443,0.00622,-0.01065,0.25185,0.25061,0.00123,-0.00065,-0.00128,0.00063,,,-0.18,1.98,-3.49,0.4,-0.4,7.63,,,3.0,8.0,9.0,5.0,4.0,11.0,,,0.01,0.0,0.0025,-0.00143,1.75,63.63636,51.23094,,,23.36136,80.0,53.33333,,80.0,38.88889,43.51852,43.75125,43.81474,,,0.00634,0.00638,,,1,1,1,,,,,,,-0.15,,0.254,0.248,0.271,0.245,0.247,0.268,2021-08-24,2021-07-26,2021-06-15,2021-08-09,2021-07-16,2021-06-03,-0.21,3.67,-1.21,0.4,-8.86,1.12,1.0,10.0,10.0,5.0,23.0,7.0,-0.0,0.0,-0.0,0.0,-0.0,0.0,0.26,0.265,0.245,0.25,0.24,0.24,2021-08-25,2021-08-18,2021-08-13,2021-08-24,2021-08-16,2021-07-29,0.0,0.0,0.0,100.0,100.0,100.0,1999-01-01,1999-01-01,1999-01-01,1999-01-01,1999-01-01,1999-01-01,315800.0,209700.0,383200.0,-57.37,-21.98,18.55,-0.0,0.008,0.0,-0.005,-0.004,-0.001,-0.00057,0.00718,0.0,-0.0049,-0.00361,-0.00132,43.928,43.286,39.121,39.639,38.436,39.079,80.0,100.0,33.333,40.0,0.0,0.0,48.9,0.0,0.0,40.275,42.647,100.0,2021-04-14,2020-12-17,1999-01-01,2021-07-21,2021-02-24,2020-11-03,118,8021,0,147,113,7977,2021-08-19,2021-06-15,2021-04-02,2021-07-14,2021-04-21,2021-03-26,2021-08-25,2021-08-18,2021-08-13,2021-08-24,2021-08-16,2021-07-29,2021-04-07,1999-01-01,1999-01-01,2021-06-16,2021-02-02,1999-01-01,0,0,1,0,0,0,0,1,1,0,1,0,0,1,0,1,0,0,0,1,0,1,1,0,0,0,0,0,1,0,383200,,,,,,p2n,,n2p,Life.BullStart,Life.Bull,Life.BearStart,Life.Bear,Life.BearRecovery,wt4bear.icap201120,
2021-08-26,0.25316,,,,,0.25091,0.25434,0.26404,0.27505,-0.02071,-0.02031,0.00087,-0.01313,-0.01387,0.00014,-0.02413,-0.02455,0.0006,-0.00424,0.00644,-0.01068,0.25233,0.25094,0.00139,-0.00053,-0.00113,0.0006,,,-0.06,1.98,-3.49,0.4,-0.4,7.63,,,2.0,8.0,9.0,5.0,4.0,11.0,,,-0.0,-0.005,0.0025,-0.00179,1.4,58.33333,51.27836,,,18.05833,60.0,60.0,,,47.22222,40.92593,43.67504,43.74841,,,0.0066,0.0064,,,1,1,1,,,,,,,-0.15,,0.254,0.248,0.271,0.245,0.247,0.268,2021-08-24,2021-07-26,2021-06-15,2021-08-09,2021-07-16,2021-06-03,-0.33,3.67,-1.21,0.4,-8.86,1.12,2.0,10.0,10.0,5.0,23.0,7.0,-0.0,0.0,-0.0,0.0,-0.0,0.0,0.26,0.265,0.245,0.25,0.24,0.24,2021-08-25,2021-08-18,2021-08-13,2021-08-24,2021-08-16,2021-07-29,0.0,0.0,0.0,100.0,100.0,100.0,1999-01-01,1999-01-01,1999-01-01,1999-01-01,1999-01-01,1999-01-01,209700.0,383200.0,195500.0,-21.98,18.55,-13.24,-0.0,0.008,0.0,-0.005,-0.004,-0.001,-0.00057,0.00718,0.0,-0.0049,-0.00361,-0.00132,43.928,43.286,39.121,39.639,38.436,39.079,80.0,100.0,33.333,40.0,0.0,0.0,48.9,0.0,0.0,40.275,42.647,100.0,2021-04-14,2020-12-17,1999-01-01,2021-07-21,2021-02-24,2020-11-03,118,8021,0,147,113,7977,2021-08-19,2021-06-15,2021-04-02,2021-07-14,2021-04-21,2021-03-26,2021-08-25,2021-08-18,2021-08-13,2021-08-24,2021-08-16,2021-07-29,2021-04-07,1999-01-01,1999-01-01,2021-06-16,2021-02-02,1999-01-01,0,0,1,0,0,0,0,1,1,0,1,0,0,1,0,1,0,0,0,1,0,1,1,0,0,0,0,0,1,0,,,,,,p2n,,n2p,,Life.BullStart,Life.Bull,Life.BearStart,Life.Bear,Life.BearRecovery,wt4bear.icap201120,
2021-08-27,0.25306,,,,,0.25084,0.25417,0.26377,0.2748,-0.02063,-0.02022,0.0008,-0.01292,-0.01357,4e-05,-0.02396,-0.02427,0.00048,-0.00406,0.00665,-0.01071,0.25197,0.25087,0.0011,-0.00041,-0.00098,0.00057,,,-0.02,1.98,-3.49,0.4,-0.4,7.63,,,1.0,8.0,9.0,5.0,4.0,11.0,,,-0.0,-0.005,0.0025,-0.00214,1.16667,53.84615,51.30183,,,13.57115,40.0,60.0,,,38.88889,41.66667,43.59365,43.67331,,,0.00649,0.00641,,,1,1,1,,,,,,,-0.15,,0.254,0.248,0.271,0.245,0.247,0.268,2021-08-24,2021-07-26,2021-06-15,2021-08-09,2021-07-16,2021-06-03,-0.37,3.67,-1.21,0.4,-8.86,1.12,3.0,10.0,10.0,5.0,23.0,7.0,-0.0,0.0,-0.0,0.0,-0.0,0.0,0.26,0.265,0.245,0.25,0.24,0.24,2021-08-25,2021-08-18,2021-08-13,2021-08-24,2021-08-16,2021-07-29,0.0,0.0,0.0,100.0,100.0,100.0,1999-01-01,1999-01-01,1999-01-01,1999-01-01,1999-01-01,1999-01-01,383200.0,195500.0,280400.0,18.55,-13.24,8.97,-0.0,0.008,0.0,-0.005,-0.004,-0.001,-0.00057,0.00718,0.0,-0.0049,-0.00361,-0.00132,43.928,43.286,39.121,39.639,38.436,39.079,80.0,100.0,33.333,40.0,0.0,0.0,48.9,0.0,0.0,40.275,42.647,100.0,2021-04-14,2020-12-17,1999-01-01,2021-07-21,2021-02-24,2020-11-03,118,8021,0,147,113,7977,2021-08-19,2021-06-15,2021-04-02,2021-07-14,2021-04-21,2021-03-26,2021-08-25,2021-08-18,2021-08-13,2021-08-24,2021-08-16,2021-07-29,2021-04-07,1999-01-01,1999-01-01,2021-06-16,2021-02-02,1999-01-01,0,0,1,0,0,0,0,1,1,0,1,0,0,1,0,1,0,0,0,1,0,1,1,0,0,0,0,0,1,0,,,,,p2n,,n2p,,,Life.BullStart,Life.Bull,Life.BearStart,Life.Bear,Life.BearRecovery,wt4bear.icap201120,
2021-08-30,0.25338,0.253,,,,0.25078,0.25401,0.26349,0.27455,-0.02054,-0.02012,0.00073,-0.01272,-0.01327,-6e-05,-0.02377,-0.02399,0.00036,-0.00387,0.00685,-0.01073,0.25167,0.25081,0.00086,-0.00031,-0.00085,0.00054,,,1.83,-3.49,0.4,-0.4,7.63,,,,8.0,9.0,5.0,4.0,11.0,,,,0.0,0.0,0.0025,-0.00214,1.16667,53.84615,51.30411,,51.304,13.57115,40.0,46.66667,,,27.77778,37.96296,43.51019,43.59296,,,0.00638,0.00643,,,1,1,1,,,,,,,-0.15,,0.254,0.248,0.271,0.253,0.245,0.247,2021-08-24,2021-07-26,2021-06-15,2021-08-30,2021-08-09,2021-07-16,0.0,-0.39,3.67,-1.21,0.4,-8.86,0.0,4.0,10.0,10.0,5.0,23.0,0.0,-0.0,0.0,-0.0,0.0,-0.0,0.26,0.265,0.245,0.25,0.24,0.24,2021-08-25,2021-08-18,2021-08-13,2021-08-24,2021-08-16,2021-07-29,0.0,0.0,0.0,100.0,100.0,100.0,1999-01-01,1999-01-01,1999-01-01,1999-01-01,1999-01-01,1999-01-01,195500.0,280400.0,785800.0,-13.24,8.97,46.86,-0.0,0.008,0.0,-0.005,-0.004,-0.001,-0.00057,0.00718,0.0,-0.0049,-0.00361,-0.00132,43.928,43.286,39.121,39.639,38.436,39.079,80.0,100.0,33.333,40.0,0.0,0.0,51.304,48.9,0.0,40.275,42.647,100.0,2021-04-14,2020-12-17,1999-01-01,2021-07-21,2021-02-24,2020-11-03,118,8021,0,147,113,7977,2021-08-19,2021-06-15,2021-04-02,2021-07-14,2021-04-21,2021-03-26,2021-08-25,2021-08-18,2021-08-13,2021-08-24,2021-08-16,2021-07-29,2021-08-30,2021-04-07,1999-01-01,2021-06-16,2021-02-02,1999-01-01,0,0,0,1,0,0,0,1,1,0,1,0,0,1,0,1,0,0,0,1,0,1,1,0,0,0,0,0,1,0,,,,,,n2p,,,,Life.BullStart,Life.Bull,Life.BearStart,Life.Bear,Life.BearRecovery,wt4bear.icap201120,
2021-09-01,0.25411,,,,,0.25072,0.25385,0.26323,0.27431,-0.02046,-0.02001,0.00068,-0.01251,-0.01296,-0.00014,-0.02359,-0.02371,0.00026,-0.0037,0.00705,-0.01074,0.25141,0.25075,0.00067,-0.00021,-0.00072,0.00051,,,1.53,-3.49,0.4,-0.4,7.63,,,,6.0,9.0,5.0,4.0,11.0,,,,0.0,0.0,0.0025,-0.00214,1.16667,53.84615,51.28862,,,2.54215,40.0,40.0,,,22.22222,29.62963,43.42943,43.51109,,,0.00592,0.00645,,,1,1,1,,,,,,,-0.15,,0.254,0.248,0.271,0.253,0.245,0.247,2021-08-24,2021-07-26,2021-06-15,2021-08-30,2021-08-09,2021-07-16,0.44,-0.39,3.67,-1.21,0.4,-8.86,1.0,4.0,10.0,10.0,5.0,23.0,0.0,-0.0,0.0,-0.0,0.0,-0.0,0.26,0.265,0.245,0.25,0.24,0.24,2021-08-25,2021-08-18,2021-08-13,2021-08-24,2021-08-16,2021-07-29,0.0,0.0,0.0,100.0,100.0,100.0,1999-01-01,1999-01-01,1999-01-01,1999-01-01,1999-01-01,1999-01-01,280400.0,785800.0,177500.0,8.97,46.86,-1.43,-0.0,0.008,0.0,-0.005,-0.004,-0.001,-0.00057,0.00718,0.0,-0.0049,-0.00361,-0.00132,43.928,43.286,39.121,39.639,38.436,39.079,80.0,100.0,33.333,40.0,0.0,0.0,51.304,48.9,0.0,40.275,42.647,100.0,2021-04-14,2020-12-17,1999-01-01,2021-07-21,2021-02-24,2020-11-03,118,8021,0,147,113,7977,2021-08-19,2021-06-15,2021-04-02,2021-07-14,2021-04-21,2021-03-26,2021-08-25,2021-08-18,2021-08-13,2021-08-24,2021-08-16,2021-07-29,2021-08-30,2021-04-07,1999-01-01,2021-06-16,2021-02-02,1999-01-01,0,0,0,1,0,0,0,1,1,0,1,0,0,1,0,1,0,0,0,1,0,1,1,0,0,0,0,0,1,0,,,177500,,n2p,,,,p2n,Life.BullStart,Life.Bull,Life.BearStart,Life.Bear,Life.BearRecovery,wt4bear.icap201120,
2021-09-02,0.25509,,,0.25,,0.25066,0.2537,0.26296,0.27406,-0.02037,-0.0199,0.00063,-0.0123,-0.01266,-0.00021,-0.0234,-0.02342,0.00017,-0.00352,0.00723,-0.01076,0.25119,0.25069,0.0005,-0.00012,-0.0006,0.00048,,,1.14,-3.49,0.4,-0.4,7.63,,,,5.0,9.0,5.0,4.0,11.0,,,,0.0,0.0,0.0025,-0.00214,1.16667,53.84615,51.26,,,2.54215,40.0,40.0,40.0,,33.33333,27.77778,43.35846,43.43269,,,0.00586,0.00647,,,1,1,1,,,,,,,-0.15,,0.254,0.248,0.271,0.253,0.245,0.247,2021-08-24,2021-07-26,2021-06-15,2021-08-30,2021-08-09,2021-07-16,0.83,-0.39,3.67,-1.21,0.4,-8.86,2.0,4.0,10.0,10.0,5.0,23.0,0.0,-0.0,0.0,-0.0,0.0,-0.0,0.26,0.265,0.245,0.25,0.25,0.24,2021-08-25,2021-08-18,2021-08-13,2021-09-02,2021-08-24,2021-08-16,0.0,0.0,0.0,100.0,100.0,100.0,1999-01-01,1999-01-01,1999-01-01,1999-01-01,1999-01-01,1999-01-01,785800.0,177500.0,171600.0,46.86,-1.43,-8.75,-0.0,0.008,0.0,-0.005,-0.004,-0.001,-0.00057,0.00718,0.0,-0.0049,-0.00361,-0.00132,43.928,43.286,39.121,39.639,38.436,39.079,80.0,100.0,33.333,40.0,40.0,0.0,51.304,48.9,0.0,40.275,42.647,100.0,2021-04-14,2020-12-17,1999-01-01,2021-07-21,2021-02-24,2020-11-03,118,8021,0,147,113,7977,2021-08-19,2021-06-15,2021-04-02,2021-07-14,2021-04-21,2021-03-26,2021-08-25,2021-08-18,2021-08-13,2021-09-02,2021-08-24,2021-08-16,2021-08-30,2021-04-07,1999-01-01,2021-06-16,2021-02-02,1999-01-01,0,0,0,1,0,0,0,1,1,0,1,0,0,1,0,1,0,0,0,1,0,1,1,0,0,0,0,0,1,0,,,,,,,,p2n,,Life.BullStart,Life.Bull,Life.BearStart,Life.Bear,Life.BearRecovery,wt4bear.icap201120,
2021-09-03,0.25613,,,,,0.251,0.25375,0.26281,0.27387,-0.02013,-0.01978,0.00059,-0.01181,-0.01236,-0.00027,-0.02288,-0.02313,0.0001,-0.00335,0.00741,-0.01077,0.25178,0.25101,0.00077,-4e-05,-0.00049,0.00045,,,0.73,-3.49,0.4,-0.4,7.63,,,,4.0,9.0,5.0,4.0,11.0,,,,0.005,0.0,0.00286,-0.00214,1.33333,57.14286,51.22264,,,5.83886,60.0,46.66667,,60.0,55.55556,37.03704,43.30563,43.36451,,,0.0058,0.00649,0.006,,1,1,1,,,,,,,-0.15,,0.254,0.248,0.271,0.253,0.245,0.247,2021-08-24,2021-07-26,2021-06-15,2021-08-30,2021-08-09,2021-07-16,1.24,-0.39,3.67,-1.21,0.4,-8.86,3.0,4.0,10.0,10.0,5.0,23.0,0.0,-0.0,0.0,-0.0,0.0,-0.0,0.26,0.265,0.245,0.25,0.25,0.24,2021-08-25,2021-08-18,2021-08-13,2021-09-02,2021-08-24,2021-08-16,0.0,0.0,0.0,0.006,100.0,100.0,1999-01-01,1999-01-01,1999-01-01,2021-09-03,1999-01-01,1999-01-01,177500.0,171600.0,247200.0,-1.43,-8.75,-47.46,-0.0,0.008,0.0,-0.005,-0.004,-0.001,-0.00057,0.00718,0.0,-0.0049,-0.00361,-0.00132,43.928,43.286,39.121,39.639,38.436,39.079,60.0,80.0,100.0,40.0,40.0,0.0,51.304,48.9,0.0,40.275,42.647,100.0,2021-04-14,2020-12-17,1999-01-01,2021-07-21,2021-02-24,2020-11-03,118,8021,0,147,113,7977,2021-08-19,2021-06-15,2021-04-02,2021-07-14,2021-04-21,2021-03-26,2021-09-03,2021-08-25,2021-08-18,2021-09-02,2021-08-24,2021-08-16,2021-08-30,2021-04-07,1999-01-01,2021-06-16,2021-02-02,1999-01-01,0,0,0,1,0,0,0,1,1,0,1,0,0,1,0,1,1,0,0,1,0,1,1,0,0,0,1,0,1,0,,,,,,,p2n,,,Life.BullStart,Life.Bull,Life.BearStart,Life.Bear,Life.BearRecovery,wt4bear.icap201120,
2021-09-06,0.25705,,,,,0.2513,0.2538,0.26265,0.27369,-0.01989,-0.01965,0.00057,-0.01135,-0.01207,-0.00032,-0.02238,-0.02284,5e-05,-0.00319,0.00758,-0.01077,0.25228,0.25131,0.00097,3e-05,-0.00038,0.00042,,,0.37,-3.49,0.4,-0.4,7.63,,,,3.0,9.0,5.0,4.0,11.0,,,,0.0,0.0,0.00286,-0.00179,1.6,61.53846,51.17958,,,10.23446,50.0,50.0,50.0,,61.11111,50.0,43.27808,43.31406,43.278,,0.00645,0.00651,,,1,1,1,,,,,,,-0.15,,0.254,0.248,0.271,0.253,0.245,0.247,2021-08-24,2021-07-26,2021-06-15,2021-08-30,2021-08-09,2021-07-16,1.6,-0.39,3.67,-1.21,0.4,-8.86,4.0,4.0,10.0,10.0,5.0,23.0,0.0,-0.0,0.0,-0.0,0.0,-0.0,0.26,0.265,0.245,0.25,0.25,0.24,2021-08-25,2021-08-18,2021-08-13,2021-09-02,2021-08-24,2021-08-16,0.0,0.0,0.0,0.006,100.0,100.0,1999-01-01,1999-01-01,1999-01-01,2021-09-03,1999-01-01,1999-01-01,171600.0,247200.0,846400.0,-8.75,-47.46,112.17,-0.0,0.008,0.0,-0.005,-0.004,-0.001,-0.00057,0.00718,0.0,-0.0049,-0.00361,-0.00132,43.928,43.286,39.121,43.278,39.639,38.436,60.0,80.0,100.0,50.0,40.0,40.0,51.304,48.9,0.0,40.275,42.647,100.0,2021-04-14,2020-12-17,1999-01-01,2021-07-21,2021-02-24,2020-11-03,118,8021,0,147,113,7977,2021-08-19,2021-06-15,2021-04-02,2021-09-06,2021-07-14,2021-04-21,2021-09-03,2021-08-25,2021-08-18,2021-09-06,2021-09-02,2021-08-24,2021-08-30,2021-04-07,1999-01-01,2021-06-16,2021-02-02,1999-01-01,0,0,0,1,0,0,0,1,1,0,1,0,0,1,0,1,1,0,0,1,0,1,1,0,0,0,1,0,1,0,846400,,,,,p2n,,,n2p,Life.BullStart,Life.Bull,Life.BearStart,Life.Bear,Life.BearRecovery,wt4bear.icap201120,
2021-09-07,0.25771,,,,0.27,0.25274,0.25443,0.2628,0.27365,-0.01922,-0.01952,0.00054,-0.01006,-0.01178,-0.00036,-0.02091,-0.02255,0.0,-0.00303,0.00774,-0.01077,0.255,0.25269,0.00231,0.0001,-0.00029,0.00039,,,0.11,-3.49,0.4,-0.4,7.63,,,,2.0,9.0,5.0,4.0,11.0,,,,0.015,0.0,0.00357,-0.00179,2.0,66.66667,51.13334,,,15.36267,100.0,70.0,,100.0,83.33333,66.66667,43.28074,43.28815,,,0.00742,0.00654,,,1,1,1,,,,,,,-0.15,,0.254,0.248,0.271,0.253,0.245,0.247,2021-08-24,2021-07-26,2021-06-15,2021-08-30,2021-08-09,2021-07-16,1.86,-0.39,3.67,-1.21,0.4,-8.86,5.0,4.0,10.0,10.0,5.0,23.0,0.0,-0.0,0.0,-0.0,0.0,-0.0,0.27,0.26,0.265,0.25,0.25,0.24,2021-09-07,2021-08-25,2021-08-18,2021-09-02,2021-08-24,2021-08-16,0.0,0.0,0.0,0.006,100.0,100.0,1999-01-01,1999-01-01,1999-01-01,2021-09-03,1999-01-01,1999-01-01,247200.0,846400.0,1901700.0,-47.46,112.17,136.75,-0.0,0.008,0.0,-0.005,-0.004,-0.001,-0.00057,0.00718,0.0,-0.0049,-0.00361,-0.00132,43.928,43.286,39.121,43.278,39.639,38.436,100.0,60.0,80.0,50.0,40.0,40.0,51.304,48.9,0.0,40.275,42.647,100.0,2021-04-14,2020-12-17,1999-01-01,2021-07-21,2021-02-24,2020-11-03,118,8021,0,147,113,7977,2021-08-19,2021-06-15,2021-04-02,2021-09-06,2021-07-14,2021-04-21,2021-09-07,2021-09-03,2021-08-25,2021-09-06,2021-09-02,2021-08-24,2021-08-30,2021-04-07,1999-01-01,2021-06-16,2021-02-02,1999-01-01,0,0,0,1,0,1,0,1,1,0,1,0,0,1,0,1,0,1,0,1,0,1,1,0,0,0,1,0,1,0,,,,,p2n,,,n2p,,Life.BullStart,Life.Bull,Life.BearStart,Life.Bear,Life.BearRecovery,wt4bear.icap201120,
2021-09-08,0.25792,,,,,0.25368,0.25485,0.26284,0.27356,-0.01872,-0.01939,0.00052,-0.00916,-0.01149,-0.00039,-0.01988,-0.02226,-4e-05,-0.00288,0.00789,-0.01077,0.25654,0.2536,0.00294,0.00016,-0.0002,0.00036,,,0.03,-3.49,0.4,-0.4,7.63,,,,1.0,9.0,5.0,4.0,11.0,,,,-0.0,-0.005,0.00214,-0.00214,1.0,50.0,51.08591,,,-1.304,66.66667,72.22222,,,72.22222,72.22222,43.3141,43.29097,,,0.00761,0.00656,,,1,1,1,,,,,,,-0.15,,0.254,0.248,0.271,0.253,0.245,0.247,2021-08-24,2021-07-26,2021-06-15,2021-08-30,2021-08-09,2021-07-16,1.94,-0.39,3.67,-1.21,0.4,-8.86,6.0,4.0,10.0,10.0,5.0,23.0,0.0,-0.0,0.0,-0.0,0.0,-0.0,0.27,0.26,0.265,0.25,0.25,0.24,2021-09-07,2021-08-25,2021-08-18,2021-09-02,2021-08-24,2021-08-16,0.0,0.0,0.0,0.006,100.0,100.0,1999-01-01,1999-01-01,1999-01-01,2021-09-03,1999-01-01,1999-01-01,846400.0,1901700.0,329100.0,112.17,136.75,2.73,-0.0,0.008,0.0,-0.005,-0.004,-0.001,-0.00057,0.00718,0.0,-0.0049,-0.00361,-0.00132,43.928,43.286,39.121,43.278,39.639,38.436,100.0,60.0,80.0,50.0,40.0,40.0,51.304,48.9,0.0,40.275,42.647,100.0,2021-04-14,2020-12-17,1999-01-01,2021-07-21,2021-02-24,2020-11-03,118,8021,0,147,113,7977,2021-08-19,2021-06-15,2021-04-02,2021-09-06,2021-07-14,2021-04-21,2021-09-07,2021-09-03,2021-08-25,2021-09-06,2021-09-02,2021-08-24,2021-08-30,2021-04-07,1999-01-01,2021-06-16,2021-02-02,1999-01-01,0,0,0,1,0,1,0,1,1,0,1,0,0,1,0,1,0,1,0,1,0,1,1,0,0,0,1,0,1,0,,,,,,,n2p,,,Life.BullStart,Life.Bull,Life.BearStart,Life.Bear,Life.BearRecovery,wt4bear.icap201120,
2021-09-09,0.25755,,0.258,,,0.25417,0.25505,0.26278,0.27343,-0.01838,-0.01924,0.0005,-0.00861,-0.01121,-0.00042,-0.01926,-0.02198,-8e-05,-0.00273,0.00803,-0.01077,0.25707,0.25408,0.003,0.00022,-0.00011,0.00034,,,-3.32,0.4,-0.4,7.63,,,,,9.0,5.0,4.0,11.0,,,,,-0.0,-0.005,0.00214,-0.00214,1.0,50.0,51.03828,,,-1.304,50.0,72.22222,,,68.88889,74.81481,43.37329,43.32271,,,0.00813,0.00658,,,1,1,1,,,,,,,-0.15,,0.258,0.254,0.248,0.253,0.245,0.247,2021-09-09,2021-08-24,2021-07-26,2021-08-30,2021-08-09,2021-07-16,0.0,1.98,-0.39,3.67,-1.21,0.4,0.0,7.0,4.0,10.0,10.0,5.0,0.0,0.0,-0.0,0.0,-0.0,0.0,0.27,0.26,0.265,0.25,0.25,0.24,2021-09-07,2021-08-25,2021-08-18,2021-09-02,2021-08-24,2021-08-16,0.0,0.0,0.0,0.006,100.0,100.0,1999-01-01,1999-01-01,1999-01-01,2021-09-03,1999-01-01,1999-01-01,1901700.0,329100.0,207300.0,136.75,2.73,-20.77,-0.0,0.008,0.0,-0.005,-0.004,-0.001,-0.00057,0.00718,0.0,-0.0049,-0.00361,-0.00132,43.928,43.286,39.121,43.278,39.639,38.436,100.0,60.0,80.0,50.0,40.0,40.0,51.304,48.9,0.0,40.275,42.647,100.0,2021-04-14,2020-12-17,1999-01-01,2021-07-21,2021-02-24,2020-11-03,118,8021,0,147,113,7977,2021-08-19,2021-06-15,2021-04-02,2021-09-06,2021-07-14,2021-04-21,2021-09-07,2021-09-03,2021-08-25,2021-09-06,2021-09-02,2021-08-24,2021-08-30,2021-04-07,1999-01-01,2021-06-16,2021-02-02,1999-01-01,0,1,0,1,0,1,0,1,1,0,1,0,0,1,0,1,0,1,0,1,0,1,1,0,0,0,1,0,1,0,,,,,,n2p,,,,Life.BullStart,Life.Bull,Life.BearStart,Life.Bear,Life.BearRecovery,wt4bear.icap201120,
2021-09-10,0.2566,,,,,0.25462,0.25524,0.26273,0.27329,-0.01805,-0.0191,0.00048,-0.00811,-0.01093,-0.00045,-0.01868,-0.02169,-0.00011,-0.00259,0.00817,-0.01076,0.25752,0.25451,0.00301,0.00028,-4e-05,0.00031,,,-2.96,0.4,-0.4,7.63,,,,,8.0,5.0,4.0,11.0,,,,,0.0,0.0,0.00214,-0.00179,1.2,54.54545,50.99101,,,3.24145,50.0,55.55556,,,48.88889,63.33333,43.45095,43.37945,,,0.00791,0.00661,,,1,1,1,,,,,,,-0.15,,0.258,0.254,0.248,0.253,0.245,0.247,2021-09-09,2021-08-24,2021-07-26,2021-08-30,2021-08-09,2021-07-16,-0.54,1.98,-0.39,3.67,-1.21,0.4,1.0,7.0,4.0,10.0,10.0,5.0,-1.0,0.0,-0.0,0.0,-0.0,0.0,0.27,0.26,0.265,0.25,0.25,0.24,2021-09-07,2021-08-25,2021-08-18,2021-09-02,2021-08-24,2021-08-16,0.0,0.0,0.0,0.006,100.0,100.0,1999-01-01,1999-01-01,1999-01-01,2021-09-03,1999-01-01,1999-01-01,329100.0,207300.0,537300.0,2.73,-20.77,-55.96,-0.0,0.008,0.0,-0.005,-0.004,-0.001,-0.00057,0.00718,0.0,-0.0049,-0.00361,-0.00132,43.928,43.286,39.121,43.278,39.639,38.436,100.0,60.0,80.0,50.0,40.0,40.0,51.304,48.9,0.0,40.275,42.647,100.0,2021-04-14,2020-12-17,1999-01-01,2021-07-21,2021-02-24,2020-11-03,118,8021,0,147,113,7977,2021-08-19,2021-06-15,2021-04-02,2021-09-06,2021-07-14,2021-04-21,2021-09-07,2021-09-03,2021-08-25,2021-09-06,2021-09-02,2021-08-24,2021-08-30,2021-04-07,1999-01-01,2021-06-16,2021-02-02,1999-01-01,0,1,0,1,0,1,0,1,1,0,1,0,0,1,0,1,0,1,0,1,0,1,1,0,0,0,1,0,1,0,,,,,n2p,,,,,Life.BullStart,Life.Bull,Life.BearStart,Life.Bear,Life.BearRecovery,wt4bear.icap201120,
2021-09-13,0.25522,,,,,0.25465,0.25523,0.26258,0.27311,-0.01788,-0.01895,0.00046,-0.00793,-0.01066,-0.00047,-0.01846,-0.02141,-0.00013,-0.00246,0.00829,-0.01075,0.25713,0.25455,0.00258,0.00033,4e-05,0.00029,,,-2.44,0.4,-0.4,7.63,,,,,7.0,5.0,4.0,11.0,,,,,-0.0,-0.005,0.00214,-0.00179,1.2,54.54545,50.94511,,,3.24145,33.33333,44.44444,,,33.33333,50.37037,43.54165,43.4553,,,0.0077,0.00664,,,1,1,1,,,,,,,-0.15,,0.258,0.254,0.248,0.253,0.245,0.247,2021-09-09,2021-08-24,2021-07-26,2021-08-30,2021-08-09,2021-07-16,-1.08,1.98,-0.39,3.67,-1.21,0.4,2.0,7.0,4.0,10.0,10.0,5.0,-1.0,0.0,-0.0,0.0,-0.0,0.0,0.27,0.26,0.265,0.25,0.25,0.24,2021-09-07,2021-08-25,2021-08-18,2021-09-02,2021-08-24,2021-08-16,0.0,0.0,0.0,0.006,100.0,100.0,1999-01-01,1999-01-01,1999-01-01,2021-09-03,1999-01-01,1999-01-01,207300.0,537300.0,215900.0,-20.77,-55.96,-10.54,-0.0,0.008,0.0,-0.005,-0.004,-0.001,-0.00057,0.00718,0.0,-0.0049,-0.00361,-0.00132,43.928,43.286,39.121,43.278,39.639,38.436,100.0,60.0,80.0,50.0,40.0,40.0,51.304,48.9,0.0,40.275,42.647,100.0,2021-04-14,2020-12-17,1999-01-01,2021-07-21,2021-02-24,2020-11-03,118,8021,0,147,113,7977,2021-08-19,2021-06-15,2021-04-02,2021-09-06,2021-07-14,2021-04-21,2021-09-07,2021-09-03,2021-08-25,2021-09-06,2021-09-02,2021-08-24,2021-08-30,2021-04-07,1999-01-01,2021-06-16,2021-02-02,1999-01-01,0,1,0,1,0,1,0,1,1,0,1,0,0,1,0,1,0,1,0,1,0,1,1,0,0,0,1,0,1,0,,,,,,,,,,Life.BullStart,Life.Bull,Life.BearStart,Life.Bear,Life.BearRecovery,wt4bear.icap201120,
2021-09-14,0.25359,,,,,0.25429,0.25503,0.26233,0.27288,-0.01785,-0.01879,0.00044,-0.00804,-0.01039,-0.00048,-0.01859,-0.02112,-0.00016,-0.00233,0.0084,-0.01073,0.25604,0.25421,0.00182,0.00038,0.0001,0.00027,,,-1.81,0.4,-0.4,7.63,,,,,6.0,5.0,4.0,11.0,,,,,-0.0,-0.005,0.00214,-0.00214,1.0,50.0,50.90065,,,-1.304,16.66667,33.33333,,,20.0,34.07407,43.64351,43.54537,,,0.00751,0.00666,,,1,1,1,,,,,,,-0.15,,0.258,0.254,0.248,0.253,0.245,0.247,2021-09-09,2021-08-24,2021-07-26,2021-08-30,2021-08-09,2021-07-16,-1.71,1.98,-0.39,3.67,-1.21,0.4,3.0,7.0,4.0,10.0,10.0,5.0,-1.0,0.0,-0.0,0.0,-0.0,0.0,0.27,0.26,0.265,0.25,0.25,0.24,2021-09-07,2021-08-25,2021-08-18,2021-09-02,2021-08-24,2021-08-16,0.0,0.0,0.0,0.006,100.0,100.0,1999-01-01,1999-01-01,1999-01-01,2021-09-03,1999-01-01,1999-01-01,537300.0,215900.0,353600.0,-55.96,-10.54,15.23,-0.0,0.008,0.0,-0.005,-0.004,-0.001,-0.00057,0.00718,0.0,-0.0049,-0.00361,-0.00132,43.928,43.286,39.121,43.278,39.639,38.436,100.0,60.0,80.0,50.0,40.0,40.0,51.304,48.9,0.0,40.275,42.647,100.0,2021-04-14,2020-12-17,1999-01-01,2021-07-21,2021-02-24,2020-11-03,118,8021,0,147,113,7977,2021-08-19,2021-06-15,2021-04-02,2021-09-06,2021-07-14,2021-04-21,2021-09-07,2021-09-03,2021-08-25,2021-09-06,2021-09-02,2021-08-24,2021-08-30,2021-04-07,1999-01-01,2021-06-16,2021-02-02,1999-01-01,0,1,0,1,0,1,0,1,1,0,1,0,0,1,0,1,0,1,0,1,0,1,1,0,0,0,1,0,1,0,,,,,,,,,,Life.BullStart,Life.Bull,Life.BearStart,Life.Bear,Life.BearRecovery,wt4bear.icap201120,
2021-09-15,0.25198,,,,,0.25396,0.25483,0.26208,0.27265,-0.01782,-0.01863,0.00041,-0.00812,-0.01013,-0.00051,-0.01869,-0.02084,-0.00019,-0.00221,0.00851,-0.01072,0.25511,0.2539,0.00121,0.00042,0.00017,0.00025,,,-1.18,0.4,-0.4,7.63,,,,,5.0,5.0,4.0,11.0,,,,,0.0,0.0,0.00143,-0.00214,0.66667,40.0,50.85708,,,-11.304,16.66667,22.22222,,,6.66667,20.0,43.75398,43.64638,,,0.00697,0.00669,,,1,1,1,,,,,,,-0.15,,0.258,0.254,0.248,0.253,0.245,0.247,2021-09-09,2021-08-24,2021-07-26,2021-08-30,2021-08-09,2021-07-16,-2.33,1.98,-0.39,3.67,-1.21,0.4,4.0,7.0,4.0,10.0,10.0,5.0,-1.0,0.0,-0.0,0.0,-0.0,0.0,0.27,0.26,0.265,0.25,0.25,0.24,2021-09-07,2021-08-25,2021-08-18,2021-09-02,2021-08-24,2021-08-16,0.0,0.0,0.0,0.006,100.0,100.0,1999-01-01,1999-01-01,1999-01-01,2021-09-03,1999-01-01,1999-01-01,215900.0,353600.0,512600.0,-10.54,15.23,-2.23,-0.0,0.008,0.0,-0.005,-0.004,-0.001,-0.00057,0.00718,0.0,-0.0049,-0.00361,-0.00132,43.928,43.286,39.121,43.278,39.639,38.436,100.0,60.0,80.0,50.0,40.0,40.0,51.304,48.9,0.0,40.275,42.647,100.0,2021-04-14,2020-12-17,1999-01-01,2021-07-21,2021-02-24,2020-11-03,118,8021,0,147,113,7977,2021-08-19,2021-06-15,2021-04-02,2021-09-06,2021-07-14,2021-04-21,2021-09-07,2021-09-03,2021-08-25,2021-09-06,2021-09-02,2021-08-24,2021-08-30,2021-04-07,1999-01-01,2021-06-16,2021-02-02,1999-01-01,0,1,0,1,0,1,0,1,1,0,1,0,0,1,0,1,0,1,0,1,0,1,1,0,0,0,1,0,1,0,,,,,,,,,,Life.BullStart,Life.Bull,Life.BearStart,Life.Bear,Life.BearRecovery,wt4bear.icap201120,
2021-09-17,0.25067,,,,,0.25366,0.25464,0.26184,0.27243,-0.01779,-0.01847,0.00037,-0.00819,-0.00987,-0.00054,-0.01877,-0.02056,-0.00024,-0.00209,0.00861,-0.01069,0.25432,0.25361,0.00071,0.00046,0.00023,0.00024,,,-0.67,0.4,-0.4,7.63,,,,,3.0,5.0,4.0,11.0,,,,,0.0,0.0,0.00143,-0.00179,0.8,44.44444,50.81385,,,-6.85956,16.66667,16.66667,,,11.11111,12.59259,43.86774,43.75508,,,0.00683,0.00672,,,1,1,1,,,,,,,-0.15,,0.258,0.254,0.248,0.253,0.245,0.247,2021-09-09,2021-08-24,2021-07-26,2021-08-30,2021-08-09,2021-07-16,-2.84,1.98,-0.39,3.67,-1.21,0.4,5.0,7.0,4.0,10.0,10.0,5.0,-1.0,0.0,-0.0,0.0,-0.0,0.0,0.27,0.26,0.265,0.25,0.25,0.24,2021-09-07,2021-08-25,2021-08-18,2021-09-02,2021-08-24,2021-08-16,0.0,0.0,0.0,0.006,100.0,100.0,1999-01-01,1999-01-01,1999-01-01,2021-09-03,1999-01-01,1999-01-01,353600.0,512600.0,227200.0,15.23,-2.23,1.04,-0.0,0.008,0.0,-0.005,-0.004,-0.001,-0.00057,0.00718,0.0,-0.0049,-0.00361,-0.00132,43.928,43.286,39.121,43.278,39.639,38.436,100.0,60.0,80.0,50.0,40.0,40.0,51.304,48.9,0.0,40.275,42.647,100.0,2021-04-14,2020-12-17,1999-01-01,2021-07-21,2021-02-24,2020-11-03,118,8021,0,147,113,7977,2021-08-19,2021-06-15,2021-04-02,2021-09-06,2021-07-14,2021-04-21,2021-09-07,2021-09-03,2021-08-25,2021-09-06,2021-09-02,2021-08-24,2021-08-30,2021-04-07,1999-01-01,2021-06-16,2021-02-02,1999-01-01,0,1,0,1,0,1,0,1,1,0,1,0,0,1,0,1,0,1,0,1,0,1,1,0,0,0,1,0,1,0,,,,,,,,,,Life.BullStart,Life.Bull,Life.BearStart,Life.Bear,Life.BearRecovery,wt4bear.icap201120,
2021-09-20,0.2498,,,,,0.25299,0.25426,0.26151,0.27216,-0.01789,-0.01831,0.00032,-0.00852,-0.00961,-0.00057,-0.01917,-0.02028,-0.00029,-0.00198,0.00869,-0.01067,0.25289,0.25297,-9e-05,0.0005,0.00028,0.00022,,,-0.32,0.4,-0.4,7.63,,,,,2.0,5.0,4.0,11.0,,,,,-0.0,-0.005,0.00143,-0.00179,0.8,44.44444,50.77006,,,-6.85956,0.0,11.11111,,,11.11111,9.62963,43.97947,43.86707,,,0.0067,0.00675,,,1,1,1,,,,,,,-0.15,,0.258,0.254,0.248,0.253,0.245,0.247,2021-09-09,2021-08-24,2021-07-26,2021-08-30,2021-08-09,2021-07-16,-3.18,1.98,-0.39,3.67,-1.21,0.4,6.0,7.0,4.0,10.0,10.0,5.0,-1.0,0.0,-0.0,0.0,-0.0,0.0,0.27,0.26,0.265,0.25,0.25,0.24,2021-09-07,2021-08-25,2021-08-18,2021-09-02,2021-08-24,2021-08-16,0.0,0.0,0.0,0.006,100.0,100.0,1999-01-01,1999-01-01,1999-01-01,2021-09-03,1999-01-01,1999-01-01,512600.0,227200.0,343500.0,-2.23,1.04,-0.92,-0.0,0.008,0.0,-0.005,-0.004,-0.001,-0.00057,0.00718,0.0,-0.0049,-0.00361,-0.00132,43.928,43.286,39.121,43.278,39.639,38.436,100.0,60.0,80.0,50.0,40.0,40.0,51.304,48.9,0.0,40.275,42.647,100.0,2021-04-14,2020-12-17,1999-01-01,2021-07-21,2021-02-24,2020-11-03,118,8021,0,147,113,7977,2021-08-19,2021-06-15,2021-04-02,2021-09-06,2021-07-14,2021-04-21,2021-09-07,2021-09-03,2021-08-25,2021-09-06,2021-09-02,2021-08-24,2021-08-30,2021-04-07,1999-01-01,2021-06-16,2021-02-02,1999-01-01,0,1,0,1,0,1,0,1,1,0,1,0,0,1,0,1,0,1,0,1,0,1,1,0,0,0,1,0,1,0,,,,,,,,,,Life.BullStart,Life.Bull,Life.BearStart,Life.Bear,Life.BearRecovery,wt4bear.icap201120,
2021-09-21,0.24939,,,0.245,,0.25238,0.2539,0.26118,0.27189,-0.01799,-0.01814,0.00027,-0.00881,-0.00937,-0.00062,-0.01951,-0.02001,-0.00035,-0.00187,0.00877,-0.01064,0.25167,0.25238,-0.00071,0.00054,0.00033,0.0002,,,-0.16,0.4,-0.4,7.63,,,,,1.0,5.0,4.0,11.0,,,,,0.0,0.0,0.00143,-0.00179,0.8,44.44444,50.72485,,,-6.85956,0.0,5.55556,0.0,,11.11111,11.11111,44.08617,43.97779,,,0.00622,0.00679,,,1,1,1,,,,,,,-0.15,,0.258,0.254,0.248,0.253,0.245,0.247,2021-09-09,2021-08-24,2021-07-26,2021-08-30,2021-08-09,2021-07-16,-3.34,1.98,-0.39,3.67,-1.21,0.4,7.0,7.0,4.0,10.0,10.0,5.0,-0.0,0.0,-0.0,0.0,-0.0,0.0,0.27,0.26,0.265,0.245,0.25,0.25,2021-09-07,2021-08-25,2021-08-18,2021-09-21,2021-09-02,2021-08-24,0.0,0.0,0.0,0.006,100.0,100.0,1999-01-01,1999-01-01,1999-01-01,2021-09-03,1999-01-01,1999-01-01,227200.0,343500.0,226800.0,1.04,-0.92,-26.38,-0.0,0.008,0.0,-0.005,-0.004,-0.001,-0.00057,0.00718,0.0,-0.0049,-0.00361,-0.00132,43.928,43.286,39.121,43.278,39.639,38.436,100.0,60.0,80.0,0.0,50.0,40.0,51.304,48.9,0.0,40.275,42.647,100.0,2021-04-14,2020-12-17,1999-01-01,2021-07-21,2021-02-24,2020-11-03,118,8021,0,147,113,7977,2021-08-19,2021-06-15,2021-04-02,2021-09-06,2021-07-14,2021-04-21,2021-09-07,2021-09-03,2021-08-25,2021-09-21,2021-09-06,2021-09-02,2021-08-30,2021-04-07,1999-01-01,2021-06-16,2021-02-02,1999-01-01,0,1,0,1,0,1,1,0,1,0,1,0,0,1,0,1,0,1,1,0,0,1,1,0,0,0,1,0,1,0,,,,,,,,,,Life.BullStart,Life.Bull,Life.BearStart,Life.Bear,Life.BearRecovery,wt4bear.icap201120,
2021-09-22,0.24934,0.249,,,,0.25219,0.25375,0.26096,0.27167,-0.01792,-0.01797,0.00022,-0.00877,-0.00913,-0.00067,-0.01948,-0.01974,-0.00043,-0.00178,0.00884,-0.01062,0.25142,0.25221,-0.00079,0.00057,0.00038,0.00019,,,0.27,-0.4,7.63,,,,,,5.0,4.0,11.0,,,,,,0.005,0.0,0.00179,-0.00179,1.0,50.0,50.67654,,,-1.304,16.66667,5.55556,,,33.33333,18.51852,44.18629,44.08398,,,0.00614,0.00682,,,1,1,1,,,,,,,-0.15,,0.258,0.254,0.248,0.249,0.253,0.245,2021-09-09,2021-08-24,2021-07-26,2021-09-22,2021-08-30,2021-08-09,0.0,-3.49,1.98,-0.39,3.67,-1.21,0.0,8.0,7.0,4.0,10.0,10.0,0.0,-0.0,0.0,-0.0,0.0,-0.0,0.27,0.26,0.265,0.245,0.25,0.25,2021-09-07,2021-08-25,2021-08-18,2021-09-21,2021-09-02,2021-08-24,0.0,0.0,0.0,0.006,100.0,100.0,1999-01-01,1999-01-01,1999-01-01,2021-09-03,1999-01-01,1999-01-01,343500.0,226800.0,144800.0,-0.92,-26.38,-10.33,-0.0,0.008,0.0,-0.005,-0.004,-0.001,-0.00057,0.00718,0.0,-0.0049,-0.00361,-0.00132,43.928,43.286,39.121,43.278,39.639,38.436,100.0,60.0,80.0,0.0,50.0,40.0,51.304,48.9,0.0,40.275,42.647,100.0,2021-04-14,2020-12-17,1999-01-01,2021-07-21,2021-02-24,2020-11-03,118,8021,0,147,113,7977,2021-08-19,2021-06-15,2021-04-02,2021-09-06,2021-07-14,2021-04-21,2021-09-07,2021-09-03,2021-08-25,2021-09-21,2021-09-06,2021-09-02,2021-08-30,2021-04-07,1999-01-01,2021-06-16,2021-02-02,1999-01-01,0,1,0,0,0,1,1,0,1,0,1,0,0,1,0,1,0,1,1,0,0,1,1,0,0,0,1,0,1,0,,,,,,,,,,Life.BullStart,Life.Bull,Life.BearStart,Life.Bear,Life.BearRecovery,wt4bear.icap201120,
2021-09-23,0.24952,,,,0.25,0.25202,0.2536,0.26075,0.27145,-0.01785,-0.01779,0.00015,-0.00872,-0.0089,-0.00073,-0.01943,-0.01948,-0.00051,-0.00168,0.0089,-0.01058,0.2512,0.25204,-0.00084,0.00059,0.00042,0.00017,,,0.19,-0.4,7.63,,,,,,4.0,4.0,11.0,,,,,,0.0,0.0,0.00179,-0.00179,1.0,50.0,50.62146,,,-1.304,16.66667,11.11111,,16.667,50.0,31.48148,44.27723,44.18323,,,0.00641,0.00686,,,1,1,1,,,,,,,-0.15,,0.258,0.254,0.248,0.249,0.253,0.245,2021-09-09,2021-08-24,2021-07-26,2021-09-22,2021-08-30,2021-08-09,0.21,-3.49,1.98,-0.39,3.67,-1.21,1.0,8.0,7.0,4.0,10.0,10.0,0.0,-0.0,0.0,-0.0,0.0,-0.0,0.25,0.27,0.26,0.245,0.25,0.25,2021-09-23,2021-09-07,2021-08-25,2021-09-21,2021-09-02,2021-08-24,0.0,0.0,0.0,0.006,100.0,100.0,1999-01-01,1999-01-01,1999-01-01,2021-09-03,1999-01-01,1999-01-01,226800.0,144800.0,197100.0,-26.38,-10.33,-20.47,-0.0,0.008,0.0,-0.005,-0.004,-0.001,-0.00057,0.00718,0.0,-0.0049,-0.00361,-0.00132,43.928,43.286,39.121,43.278,39.639,38.436,16.667,100.0,60.0,0.0,50.0,40.0,51.304,48.9,0.0,40.275,42.647,100.0,2021-04-14,2020-12-17,1999-01-01,2021-07-21,2021-02-24,2020-11-03,118,8021,0,147,113,7977,2021-08-19,2021-06-15,2021-04-02,2021-09-06,2021-07-14,2021-04-21,2021-09-23,2021-09-07,2021-09-03,2021-09-21,2021-09-06,2021-09-02,2021-08-30,2021-04-07,1999-01-01,2021-06-16,2021-02-02,1999-01-01,0,1,0,0,1,0,1,0,1,0,1,0,0,1,0,1,1,0,1,0,0,1,1,0,0,0,1,0,1,0,,,,,,,,,,Life.BullStart,Life.Bull,Life.BearStart,Life.Bear,Life.BearRecovery,wt4bear.icap201120,
2021-09-24,0.24979,,,0.245,,0.25148,0.25326,0.26043,0.27119,-0.01793,-0.01762,8e-05,-0.00895,-0.00867,-0.0008,-0.01971,-0.01922,-0.00061,-0.0016,0.00895,-0.01055,0.25025,0.25152,-0.00128,0.00061,0.00046,0.00015,,,0.09,-0.4,7.63,,,,,,3.0,4.0,11.0,,,,,,-0.0,-0.005,0.00143,-0.00214,0.66667,40.0,50.55551,,,-11.304,0.0,11.11111,0.0,,50.0,44.44444,44.35526,44.27293,,,0.00631,0.0069,,,1,1,1,,,,,,,-0.15,,0.258,0.254,0.248,0.249,0.253,0.245,2021-09-09,2021-08-24,2021-07-26,2021-09-22,2021-08-30,2021-08-09,0.32,-3.49,1.98,-0.39,3.67,-1.21,2.0,8.0,7.0,4.0,10.0,10.0,0.0,-0.0,0.0,-0.0,0.0,-0.0,0.25,0.27,0.26,0.245,0.245,0.25,2021-09-23,2021-09-07,2021-08-25,2021-09-24,2021-09-21,2021-09-02,0.0,0.0,0.0,0.006,100.0,100.0,1999-01-01,1999-01-01,1999-01-01,2021-09-03,1999-01-01,1999-01-01,144800.0,197100.0,279100.0,-10.33,-20.47,9.2,-0.0,0.008,0.0,-0.005,-0.004,-0.001,-0.00057,0.00718,0.0,-0.0049,-0.00361,-0.00132,43.928,43.286,39.121,43.278,39.639,38.436,16.667,100.0,60.0,0.0,0.0,50.0,51.304,48.9,0.0,40.275,42.647,100.0,2021-04-14,2020-12-17,1999-01-01,2021-07-21,2021-02-24,2020-11-03,118,8021,0,147,113,7977,2021-08-19,2021-06-15,2021-04-02,2021-09-06,2021-07-14,2021-04-21,2021-09-23,2021-09-07,2021-09-03,2021-09-24,2021-09-21,2021-09-06,2021-08-30,2021-04-07,1999-01-01,2021-06-16,2021-02-02,1999-01-01,0,1,0,0,1,0,1,0,1,0,1,0,0,1,0,1,1,0,1,0,0,1,1,0,0,0,1,0,1,0,,,,,,,,,,Life.BullStart,Life.Bull,Life.BearStart,Life.Bear,Life.BearRecovery,wt4bear.icap201120,
2021-09-27,0.24996,,,,0.26,0.25214,0.25353,0.26042,0.27108,-0.01755,-0.01745,1e-05,-0.00829,-0.00845,-0.00087,-0.01894,-0.01897,-0.0007,-0.00152,0.00899,-0.01052,0.25175,0.25215,-0.0004,0.00062,0.00049,0.00013,,,0.02,-0.4,7.63,,,,,,2.0,4.0,11.0,,,,,,0.015,0.0,0.0025,-0.00214,1.16667,53.84615,50.47575,,,2.54215,50.0,22.22222,,50.0,50.0,50.0,44.41751,44.35,,,0.00693,0.00694,,,1,1,1,,,,,,,-0.15,,0.258,0.254,0.248,0.249,0.253,0.245,2021-09-09,2021-08-24,2021-07-26,2021-09-22,2021-08-30,2021-08-09,0.39,-3.49,1.98,-0.39,3.67,-1.21,3.0,8.0,7.0,4.0,10.0,10.0,0.0,-0.0,0.0,-0.0,0.0,-0.0,0.26,0.25,0.27,0.245,0.245,0.25,2021-09-27,2021-09-23,2021-09-07,2021-09-24,2021-09-21,2021-09-02,0.0,0.0,0.0,0.006,100.0,100.0,1999-01-01,1999-01-01,1999-01-01,2021-09-03,1999-01-01,1999-01-01,197100.0,279100.0,508700.0,-20.47,9.2,58.6,-0.0,0.008,0.0,-0.005,-0.004,-0.001,-0.00057,0.00718,0.0,-0.0049,-0.00361,-0.00132,43.928,43.286,39.121,43.278,39.639,38.436,50.0,16.667,100.0,0.0,0.0,50.0,51.304,48.9,0.0,40.275,42.647,100.0,2021-04-14,2020-12-17,1999-01-01,2021-07-21,2021-02-24,2020-11-03,118,8021,0,147,113,7977,2021-08-19,2021-06-15,2021-04-02,2021-09-06,2021-07-14,2021-04-21,2021-09-27,2021-09-23,2021-09-07,2021-09-24,2021-09-21,2021-09-06,2021-08-30,2021-04-07,1999-01-01,2021-06-16,2021-02-02,1999-01-01,0,1,0,0,0,0,1,0,1,0,1,0,0,1,0,1,0,0,1,0,0,1,1,0,0,0,1,0,1,0,,508700,,,,,,,p2p,Life.BullStart,Life.Bull,Life.BearStart,Life.Bear,Life.BearRecovery,wt4bear.icap201120,
2021-09-28,0.24997,,,,,0.25197,0.25339,0.26022,0.27087,-0.01748,-0.01728,-7e-05,-0.00824,-0.00825,-0.00095,-0.01889,-0.01873,-0.00081,-0.00145,0.00903,-0.01048,0.25148,0.25199,-0.00051,0.00063,0.00052,0.00011,,,0.01,-0.4,7.63,,,,,,1.0,4.0,11.0,,,,,,-0.0,-0.01,0.00143,-0.00286,0.5,33.33333,50.37923,,,-17.97067,16.66667,22.22222,,,44.44444,48.14815,44.46234,44.4117,,,0.00715,0.00698,,,1,1,1,,,,,,,-0.15,,0.258,0.254,0.248,0.249,0.253,0.245,2021-09-09,2021-08-24,2021-07-26,2021-09-22,2021-08-30,2021-08-09,0.39,-3.49,1.98,-0.39,3.67,-1.21,4.0,8.0,7.0,4.0,10.0,10.0,0.0,-0.0,0.0,-0.0,0.0,-0.0,0.26,0.25,0.27,0.245,0.245,0.25,2021-09-27,2021-09-23,2021-09-07,2021-09-24,2021-09-21,2021-09-02,0.0,0.0,0.0,0.006,100.0,100.0,1999-01-01,1999-01-01,1999-01-01,2021-09-03,1999-01-01,1999-01-01,279100.0,508700.0,67200.0,9.2,58.6,-13.19,-0.0,0.008,0.0,-0.005,-0.004,-0.001,-0.00057,0.00718,0.0,-0.0049,-0.00361,-0.00132,43.928,43.286,39.121,43.278,39.639,38.436,50.0,16.667,100.0,0.0,0.0,50.0,51.304,48.9,0.0,40.275,42.647,100.0,2021-04-14,2020-12-17,1999-01-01,2021-07-21,2021-02-24,2020-11-03,118,8021,0,147,113,7977,2021-08-19,2021-06-15,2021-04-02,2021-09-06,2021-07-14,2021-04-21,2021-09-27,2021-09-23,2021-09-07,2021-09-24,2021-09-21,2021-09-06,2021-08-30,2021-04-07,1999-01-01,2021-06-16,2021-02-02,1999-01-01,0,1,0,0,0,0,1,0,1,0,1,0,0,1,0,1,0,0,1,0,0,1,1,0,0,0,1,0,1,0,,,-67200,,,,,p2p,p2n,Life.BullStart,Life.Bull,Life.BearStart,Life.Bear,Life.BearRecovery,wt4bear.icap201120,
2021-09-29,0.24978,,0.25,,,0.25182,0.25326,0.26002,0.27066,-0.0174,-0.0171,-0.00015,-0.00819,-0.00805,-0.00103,-0.01884,-0.0185,-0.00092,-0.00139,0.00905,-0.01044,0.25125,0.25184,-0.00059,0.00063,0.00054,8e-05,,,-0.31,7.63,,,,,,,4.0,11.0,,,,,,,0.0,0.0,0.00143,-0.0025,0.57143,36.36364,50.26376,,,-14.94036,16.66667,27.77778,16.667,,55.55556,50.0,44.48827,44.45604,,,0.007,0.00703,,,1,1,1,,,,,,,-0.15,,0.25,0.258,0.254,0.249,0.253,0.245,2021-09-29,2021-09-09,2021-08-24,2021-09-22,2021-08-30,2021-08-09,0.0,0.4,-3.49,1.98,-0.39,3.67,0.0,5.0,8.0,7.0,4.0,10.0,0.0,0.0,-0.0,0.0,-0.0,0.0,0.26,0.25,0.27,0.245,0.245,0.25,2021-09-27,2021-09-23,2021-09-07,2021-09-24,2021-09-21,2021-09-02,0.0,0.0,0.0,0.006,100.0,100.0,1999-01-01,1999-01-01,1999-01-01,2021-09-03,1999-01-01,1999-01-01,508700.0,67200.0,285000.0,58.6,-13.19,0.69,-0.0,0.008,0.0,-0.005,-0.004,-0.001,-0.00057,0.00718,0.0,-0.0049,-0.00361,-0.00132,43.928,43.286,39.121,43.278,39.639,38.436,50.0,16.667,100.0,16.667,0.0,0.0,51.304,48.9,0.0,40.275,42.647,100.0,2021-04-14,2020-12-17,1999-01-01,2021-07-21,2021-02-24,2020-11-03,118,8021,0,147,113,7977,2021-08-19,2021-06-15,2021-04-02,2021-09-06,2021-07-14,2021-04-21,2021-09-27,2021-09-23,2021-09-07,2021-09-29,2021-09-24,2021-09-21,2021-08-30,2021-04-07,1999-01-01,2021-06-16,2021-02-02,1999-01-01,1,0,0,0,0,0,1,0,1,0,1,0,0,1,0,1,0,0,0,1,0,1,1,0,0,0,1,0,1,0,,,,,,,p2p,p2n,,Life.BullStart,Life.Bull,Life.BearStart,Life.Bear,Life.BearRecovery,wt4bear.icap201120,
2021-09-30,0.2494,,,,,0.25168,0.25313,0.25982,0.27046,-0.01733,-0.01694,-0.00023,-0.00814,-0.00787,-0.00111,-0.01877,-0.01827,-0.00104,-0.00134,0.00907,-0.01041,0.25106,0.25171,-0.00065,0.00062,0.00056,6e-05,,,-0.16,7.63,,,,,,,3.0,11.0,,,,,,,0.0,0.0,0.00143,-0.00214,0.66667,40.0,50.12757,,,-11.304,33.33333,22.22222,,,33.33333,44.44444,44.49324,44.48128,,44.493,0.00685,0.00707,,,1,1,1,,,,,,,-0.15,,0.25,0.258,0.254,0.249,0.253,0.245,2021-09-29,2021-09-09,2021-08-24,2021-09-22,2021-08-30,2021-08-09,-0.24,0.4,-3.49,1.98,-0.39,3.67,1.0,5.0,8.0,7.0,4.0,10.0,-0.0,0.0,-0.0,0.0,-0.0,0.0,0.26,0.25,0.27,0.245,0.245,0.25,2021-09-27,2021-09-23,2021-09-07,2021-09-24,2021-09-21,2021-09-02,0.0,0.0,0.0,0.006,100.0,100.0,1999-01-01,1999-01-01,1999-01-01,2021-09-03,1999-01-01,1999-01-01,67200.0,285000.0,75100.0,-13.19,0.69,-50.37,-0.0,0.008,0.0,-0.005,-0.004,-0.001,-0.00057,0.00718,0.0,-0.0049,-0.00361,-0.00132,44.493,43.928,43.286,43.278,39.639,38.436,50.0,16.667,100.0,16.667,0.0,0.0,51.304,48.9,0.0,40.275,42.647,100.0,2021-04-14,2020-12-17,1999-01-01,2021-07-21,2021-02-24,2020-11-03,118,8021,0,147,113,7977,2021-09-30,2021-08-19,2021-06-15,2021-09-06,2021-07-14,2021-04-21,2021-09-27,2021-09-23,2021-09-07,2021-09-29,2021-09-24,2021-09-21,2021-08-30,2021-04-07,1999-01-01,2021-06-16,2021-02-02,1999-01-01,1,0,0,0,0,0,1,0,1,0,1,0,0,1,0,1,0,0,0,1,0,1,1,0,0,0,1,0,1,0,,,75100,,,p2p,p2n,,p2n,Life.BullStart,Life.Bull,Life.BearStart,Life.Bear,Life.BearRecovery,wt4bear.icap201120,
2021-10-01,0.24898,,,,,0.25155,0.25301,0.25962,0.27025,-0.01725,-0.01677,-0.00032,-0.00807,-0.00769,-0.00119,-0.0187,-0.01806,-0.00115,-0.00129,0.00908,-0.01037,0.2509,0.25158,-0.00069,0.0006,0.00056,3e-05,,,0.01,7.63,,,,,,,2.0,11.0,,,,,,,0.0,0.0,0.00143,-0.00214,0.66667,40.0,49.96815,,,-11.304,33.33333,27.77778,,,33.33333,40.74074,44.47502,44.48575,,,0.00636,0.00712,,,1,1,1,,,,,,,-0.15,,0.25,0.258,0.254,0.249,0.253,0.245,2021-09-29,2021-09-09,2021-08-24,2021-09-22,2021-08-30,2021-08-09,-0.41,0.4,-3.49,1.98,-0.39,3.67,2.0,5.0,8.0,7.0,4.0,10.0,-0.0,0.0,-0.0,0.0,-0.0,0.0,0.26,0.25,0.27,0.245,0.245,0.25,2021-09-27,2021-09-23,2021-09-07,2021-09-24,2021-09-21,2021-09-02,0.0,0.0,0.0,0.006,100.0,100.0,1999-01-01,1999-01-01,1999-01-01,2021-09-03,1999-01-01,1999-01-01,285000.0,75100.0,179800.0,0.69,-50.37,26.35,-0.0,0.008,0.0,-0.005,-0.004,-0.001,-0.00057,0.00718,0.0,-0.0049,-0.00361,-0.00132,44.493,43.928,43.286,43.278,39.639,38.436,50.0,16.667,100.0,16.667,0.0,0.0,51.304,48.9,0.0,40.275,42.647,100.0,2021-04-14,2020-12-17,1999-01-01,2021-07-21,2021-02-24,2020-11-03,118,8021,0,147,113,7977,2021-09-30,2021-08-19,2021-06-15,2021-09-06,2021-07-14,2021-04-21,2021-09-27,2021-09-23,2021-09-07,2021-09-29,2021-09-24,2021-09-21,2021-08-30,2021-04-07,1999-01-01,2021-06-16,2021-02-02,1999-01-01,1,0,0,0,0,0,1,0,1,0,1,0,0,1,0,1,0,0,0,1,0,1,1,0,0,0,1,0,1,0,179800,,,,p2p,p2n,,p2n,n2p,Life.BullStart,Life.Bull,Life.BearStart,Life.Bear,Life.BearRecovery,wt4bear.icap201120,
2021-10-04,0.24873,,,,,0.25143,0.25289,0.25943,0.27005,-0.01716,-0.01661,-0.0004,-0.008,-0.00753,-0.00127,-0.01862,-0.01786,-0.00126,-0.00125,0.00907,-0.01033,0.25076,0.25146,-0.00071,0.00057,0.00056,0.0,,,0.11,7.63,,,,,,,1.0,11.0,,,,,,,0.0,0.0,0.00143,-0.00179,0.8,44.44444,49.78227,,,-6.85956,33.33333,33.33333,,33.333,22.22222,29.62963,44.43123,44.46795,,,0.00591,0.00717,,,1,1,1,,,,,,,-0.15,,0.25,0.258,0.254,0.249,0.253,0.245,2021-09-29,2021-09-09,2021-08-24,2021-09-22,2021-08-30,2021-08-09,-0.51,0.4,-3.49,1.98,-0.39,3.67,3.0,5.0,8.0,7.0,4.0,10.0,-0.0,0.0,-0.0,0.0,-0.0,0.0,0.26,0.25,0.27,0.245,0.245,0.25,2021-09-27,2021-09-23,2021-09-07,2021-09-24,2021-09-21,2021-09-02,0.0,0.0,0.0,0.006,100.0,100.0,1999-01-01,1999-01-01,1999-01-01,2021-09-03,1999-01-01,1999-01-01,75100.0,179800.0,73500.0,-50.37,26.35,-39.17,-0.0,0.008,0.0,-0.005,-0.004,-0.001,-0.00057,0.00718,0.0,-0.0049,-0.00361,-0.00132,44.493,43.928,43.286,43.278,39.639,38.436,33.333,50.0,16.667,16.667,0.0,0.0,51.304,48.9,0.0,40.275,42.647,100.0,2021-04-14,2020-12-17,1999-01-01,2021-07-21,2021-02-24,2020-11-03,118,8021,0,147,113,7977,2021-09-30,2021-08-19,2021-06-15,2021-09-06,2021-07-14,2021-04-21,2021-10-04,2021-09-27,2021-09-23,2021-09-29,2021-09-24,2021-09-21,2021-08-30,2021-04-07,1999-01-01,2021-06-16,2021-02-02,1999-01-01,1,0,0,0,0,0,1,0,1,0,1,0,0,1,0,1,0,0,0,1,0,1,1,0,0,0,1,0,1,0,,,73500,,p2n,,p2n,n2p,p2n,Life.BullStart,Life.Bull,Life.BearStart,Life.Bear,Life.BearRecovery,wt4bear.icap201120,
2021-10-05,0.24889,0.249,,0.24,,0.25055,0.25238,0.25905,0.26975,-0.01737,-0.01645,-0.00049,-0.00849,-0.00739,-0.00135,-0.0192,-0.01768,-0.00138,-0.00123,0.00906,-0.01029,0.2491,0.25061,-0.00151,0.00053,0.00056,-3e-05,,0.001,7.68,,,,,,,,11.0,,,,,,,,-0.0,-0.01,0.00143,-0.00214,0.66667,40.0,49.5674,,,-11.304,0.0,22.22222,0.0,,11.11111,22.22222,44.35898,44.42707,,,0.0062,0.00722,,,1,1,1,,,,,,,-0.15,,0.25,0.258,0.254,0.249,0.249,0.253,2021-09-29,2021-09-09,2021-08-24,2021-10-05,2021-09-22,2021-08-30,0.0,-0.4,0.4,-3.49,1.98,-0.39,0.0,4.0,5.0,8.0,7.0,4.0,0.0,-0.0,0.0,-0.0,0.0,-0.0,0.26,0.25,0.27,0.24,0.245,0.245,2021-09-27,2021-09-23,2021-09-07,2021-10-05,2021-09-24,2021-09-21,0.0,0.0,0.0,0.006,100.0,100.0,1999-01-01,1999-01-01,1999-01-01,2021-09-03,1999-01-01,1999-01-01,179800.0,73500.0,619500.0,26.35,-39.17,165.77,0.001,-0.0,0.008,-0.005,-0.004,-0.001,0.00056,-0.00057,0.00718,-0.0049,-0.00361,-0.00132,44.493,43.928,43.286,43.278,39.639,38.436,33.333,50.0,16.667,0.0,16.667,0.0,51.304,48.9,0.0,40.275,42.647,100.0,2021-10-05,2021-04-14,2020-12-17,2021-07-21,2021-02-24,2020-11-03,174,118,8021,147,113,7977,2021-09-30,2021-08-19,2021-06-15,2021-09-06,2021-07-14,2021-04-21,2021-10-04,2021-09-27,2021-09-23,2021-10-05,2021-09-29,2021-09-24,2021-08-30,2021-04-07,1999-01-01,2021-06-16,2021-02-02,1999-01-01,1,0,1,0,0,0,1,0,0,0,1,0,0,1,0,1,0,0,1,0,0,1,1,0,0,0,1,0,1,0,-619500,,,,,p2n,n2p,p2n,n2p,Life.BullStart,Life.Bull,Life.BearStart,Life.Bear,Life.BearRecovery,wt4bear.icap201120,
2021-10-06,0.2496,,,,0.25,0.25051,0.25229,0.25887,0.26955,-0.01727,-0.0163,-0.00058,-0.00836,-0.00726,-0.00143,-0.01904,-0.01751,-0.00149,-0.00121,0.00905,-0.01025,0.24924,0.25057,-0.00133,0.00048,0.00054,-6e-05,,,7.37,,,,,,,,10.0,,,,,,,,0.01,0.0,0.00214,-0.00214,1.0,50.0,49.32333,,,-1.304,50.0,27.77778,,50.0,22.22222,18.51852,44.25706,44.36431,,,0.00647,0.00727,,,1,1,1,,,,,,,-0.15,,0.25,0.258,0.254,0.249,0.249,0.253,2021-09-29,2021-09-09,2021-08-24,2021-10-05,2021-09-22,2021-08-30,0.24,-0.4,0.4,-3.49,1.98,-0.39,1.0,4.0,5.0,8.0,7.0,4.0,0.0,-0.0,0.0,-0.0,0.0,-0.0,0.25,0.26,0.25,0.24,0.245,0.245,2021-10-06,2021-09-27,2021-09-23,2021-10-05,2021-09-24,2021-09-21,0.0,0.0,0.0,0.006,100.0,100.0,1999-01-01,1999-01-01,1999-01-01,2021-09-03,1999-01-01,1999-01-01,73500.0,619500.0,155000.0,-39.17,165.77,-2.84,0.001,-0.0,0.008,-0.005,-0.004,-0.001,0.00056,-0.00057,0.00718,-0.0049,-0.00361,-0.00132,44.493,43.928,43.286,43.278,39.639,38.436,50.0,33.333,50.0,0.0,16.667,0.0,51.304,48.9,0.0,40.275,42.647,100.0,2021-10-05,2021-04-14,2020-12-17,2021-07-21,2021-02-24,2020-11-03,174,118,8021,147,113,7977,2021-09-30,2021-08-19,2021-06-15,2021-09-06,2021-07-14,2021-04-21,2021-10-06,2021-10-04,2021-09-27,2021-10-05,2021-09-29,2021-09-24,2021-08-30,2021-04-07,1999-01-01,2021-06-16,2021-02-02,1999-01-01,1,0,1,0,1,0,1,0,0,0,1,0,0,1,0,1,0,1,1,0,0,1,1,0,0,0,1,0,1,0,,,155000,,p2n,n2p,p2n,n2p,p2n,Life.BullStart,Life.Bull,Life.BearStart,Life.Bear,Life.BearRecovery,wt4bear.icap201120,
2021-10-07,0.25096,,,,,0.25009,0.252,0.25859,0.26931,-0.01731,-0.01616,-0.00066,-0.00851,-0.00714,-0.00151,-0.01922,-0.01736,-0.00161,-0.0012,0.00902,-0.01022,0.24859,0.25016,-0.00157,0.00042,0.00052,-0.0001,,,6.79,,,,,,,,9.0,,,,,,,,-0.0,-0.005,0.00214,-0.0025,0.85714,46.15385,49.05003,,,-5.15015,25.0,25.0,,,38.88889,24.07407,44.12748,44.28337,,,0.00637,0.00732,,,1,1,1,,,,,,,-0.15,,0.25,0.258,0.254,0.249,0.249,0.253,2021-09-29,2021-09-09,2021-08-24,2021-10-05,2021-09-22,2021-08-30,0.79,-0.4,0.4,-3.49,1.98,-0.39,2.0,4.0,5.0,8.0,7.0,4.0,0.0,-0.0,0.0,-0.0,0.0,-0.0,0.25,0.26,0.25,0.24,0.245,0.245,2021-10-06,2021-09-27,2021-09-23,2021-10-05,2021-09-24,2021-09-21,0.0,0.0,0.0,0.006,100.0,100.0,1999-01-01,1999-01-01,1999-01-01,2021-09-03,1999-01-01,1999-01-01,619500.0,155000.0,20000.0,165.77,-2.84,-6.31,0.001,-0.0,0.008,-0.005,-0.004,-0.001,0.00056,-0.00057,0.00718,-0.0049,-0.00361,-0.00132,44.493,43.928,43.286,43.278,39.639,38.436,50.0,33.333,50.0,0.0,16.667,0.0,51.304,48.9,0.0,40.275,42.647,100.0,2021-10-05,2021-04-14,2020-12-17,2021-07-21,2021-02-24,2020-11-03,174,118,8021,147,113,7977,2021-09-30,2021-08-19,2021-06-15,2021-09-06,2021-07-14,2021-04-21,2021-10-06,2021-10-04,2021-09-27,2021-10-05,2021-09-29,2021-09-24,2021-08-30,2021-04-07,1999-01-01,2021-06-16,2021-02-02,1999-01-01,1,0,1,0,1,0,1,0,0,0,1,0,0,1,0,1,0,1,1,0,0,1,1,0,0,0,1,0,1,0,,,,,n2p,p2n,n2p,p2n,,Life.BullStart,Life.Bull,Life.BearStart,Life.Bear,Life.BearRecovery,wt4bear.icap201120,
2021-10-08,0.25301,,,0.245,,0.2497,0.25173,0.25832,0.26907,-0.01734,-0.01602,-0.00075,-0.00863,-0.00704,-0.0016,-0.01937,-0.01722,-0.00173,-0.0012,0.00898,-0.01018,0.24804,0.24977,-0.00174,0.00034,0.00048,-0.00014,,,5.92,,,,,,,,8.0,,,,,,,,0.0,0.0,0.00214,-0.00214,1.0,50.0,48.74513,,,-1.304,25.0,33.33333,25.0,,55.55556,38.88889,43.97355,44.18912,,,0.00627,0.00737,,,1,1,1,,,,,,,-0.15,,0.25,0.258,0.254,0.249,0.249,0.253,2021-09-29,2021-09-09,2021-08-24,2021-10-05,2021-09-22,2021-08-30,1.61,-0.4,0.4,-3.49,1.98,-0.39,3.0,4.0,5.0,8.0,7.0,4.0,1.0,-0.0,0.0,-0.0,0.0,-0.0,0.25,0.26,0.25,0.245,0.24,0.245,2021-10-06,2021-09-27,2021-09-23,2021-10-08,2021-10-05,2021-09-24,0.0,0.0,0.0,0.006,100.0,100.0,1999-01-01,1999-01-01,1999-01-01,2021-09-03,1999-01-01,1999-01-01,155000.0,20000.0,132200.0,-2.84,-6.31,-61.33,0.001,-0.0,0.008,-0.005,-0.004,-0.001,0.00056,-0.00057,0.00718,-0.0049,-0.00361,-0.00132,44.493,43.928,43.286,43.278,39.639,38.436,50.0,33.333,50.0,25.0,0.0,16.667,51.304,48.9,0.0,40.275,42.647,100.0,2021-10-05,2021-04-14,2020-12-17,2021-07-21,2021-02-24,2020-11-03,174,118,8021,147,113,7977,2021-09-30,2021-08-19,2021-06-15,2021-09-06,2021-07-14,2021-04-21,2021-10-06,2021-10-04,2021-09-27,2021-10-08,2021-10-05,2021-09-29,2021-08-30,2021-04-07,1999-01-01,2021-06-16,2021-02-02,1999-01-01,1,0,1,0,1,0,0,1,0,0,1,0,0,1,0,1,0,1,0,1,0,1,1,0,0,0,1,0,1,0,,,,132200,p2n,n2p,p2n,,n2n,Life.BullStart,Life.Bull,Life.BearStart,Life.Bear,Life.BearRecovery,wt4bear.icap201120,
2021-10-11,0.25565,,,,,0.2501,0.25186,0.25826,0.26893,-0.01707,-0.01589,-0.00085,-0.00816,-0.00695,-0.0017,-0.01882,-0.0171,-0.00187,-0.00121,0.00894,-0.01015,0.24911,0.25016,-0.00105,0.00026,0.00044,-0.00018,,,4.83,,,,,,,,7.0,,,,,,,,0.01,0.0,0.00286,-0.00214,1.33333,57.14286,48.40414,,,5.83886,75.0,41.66667,,,66.66667,53.7037,43.79664,44.08522,,,0.00654,0.00742,,,1,1,1,,,,,,,-0.15,,0.25,0.258,0.254,0.249,0.249,0.253,2021-09-29,2021-09-09,2021-08-24,2021-10-05,2021-09-22,2021-08-30,2.67,-0.4,0.4,-3.49,1.98,-0.39,4.0,4.0,5.0,8.0,7.0,4.0,1.0,-0.0,0.0,-0.0,0.0,-0.0,0.25,0.26,0.25,0.245,0.24,0.245,2021-10-06,2021-09-27,2021-09-23,2021-10-08,2021-10-05,2021-09-24,0.0,0.0,0.0,0.006,100.0,100.0,1999-01-01,1999-01-01,1999-01-01,2021-09-03,1999-01-01,1999-01-01,20000.0,132200.0,605100.0,-6.31,-61.33,146.52,0.001,-0.0,0.008,-0.005,-0.004,-0.001,0.00056,-0.00057,0.00718,-0.0049,-0.00361,-0.00132,44.493,43.928,43.286,43.278,39.639,38.436,50.0,33.333,50.0,25.0,0.0,16.667,51.304,48.9,0.0,40.275,42.647,100.0,2021-10-05,2021-04-14,2020-12-17,2021-07-21,2021-02-24,2020-11-03,174,118,8021,147,113,7977,2021-09-30,2021-08-19,2021-06-15,2021-09-06,2021-07-14,2021-04-21,2021-10-06,2021-10-04,2021-09-27,2021-10-08,2021-10-05,2021-09-29,2021-08-30,2021-04-07,1999-01-01,2021-06-16,2021-02-02,1999-01-01,1,0,1,0,1,0,0,1,0,0,1,0,0,1,0,1,0,1,0,1,0,1,1,0,0,0,1,0,1,0,605100,,,,n2p,p2n,,n2n,n2p,Life.BullStart,Life.Bull,Life.BearStart,Life.Bear,Life.BearRecovery,wt4bear.icap201120,wt4bear.3a180406
2021-10-12,0.25865,,,,,0.25048,0.25198,0.25819,0.26879,-0.01681,-0.01577,-0.00095,-0.00771,-0.00689,-0.00181,-0.01831,-0.017,-0.00202,-0.00123,0.00889,-0.01012,0.25001,0.25052,-0.00051,0.00016,0.00038,-0.00022,,,3.62,,,,,,,,6.0,,,,,,,,0.0,0.0,0.0025,-0.00214,1.16667,53.84615,48.02254,,,2.54215,75.0,58.33333,,,83.33333,68.51852,43.59552,43.97245,,,0.00643,0.00747,,,1,1,1,,,,,,,-0.15,,0.25,0.258,0.254,0.249,0.249,0.253,2021-09-29,2021-09-09,2021-08-24,2021-10-05,2021-09-22,2021-08-30,3.88,-0.4,0.4,-3.49,1.98,-0.39,5.0,4.0,5.0,8.0,7.0,4.0,1.0,-0.0,0.0,-0.0,0.0,-0.0,0.25,0.26,0.25,0.245,0.24,0.245,2021-10-06,2021-09-27,2021-09-23,2021-10-08,2021-10-05,2021-09-24,0.0,0.0,0.0,0.006,100.0,100.0,1999-01-01,1999-01-01,1999-01-01,2021-09-03,1999-01-01,1999-01-01,132200.0,605100.0,117300.0,-61.33,146.52,12.85,0.001,-0.0,0.008,-0.005,-0.004,-0.001,0.00056,-0.00057,0.00718,-0.0049,-0.00361,-0.00132,44.493,43.928,43.286,43.278,39.639,38.436,50.0,33.333,50.0,25.0,0.0,16.667,51.304,48.9,0.0,40.275,42.647,100.0,2021-10-05,2021-04-14,2020-12-17,2021-07-21,2021-02-24,2020-11-03,174,118,8021,147,113,7977,2021-09-30,2021-08-19,2021-06-15,2021-09-06,2021-07-14,2021-04-21,2021-10-06,2021-10-04,2021-09-27,2021-10-08,2021-10-05,2021-09-29,2021-08-30,2021-04-07,1999-01-01,2021-06-16,2021-02-02,1999-01-01,1,0,1,0,1,0,0,1,0,0,1,0,0,1,0,1,0,1,0,1,0,1,1,0,0,0,1,0,1,0,,,,,p2n,,n2n,n2p,,Life.BullStart,Life.Bull,Life.BearStart,Life.Bear,Life.BearRecovery,,wt4bear.3a180406
2021-10-13,0.26168,,,,0.27,0.25198,0.25269,0.25843,0.2688,-0.01612,-0.01567,-0.00105,-0.00645,-0.00684,-0.00192,-0.01682,-0.01693,-0.00217,-0.00126,0.00883,-0.01009,0.25309,0.25196,0.00113,5e-05,0.00031,-0.00026,,,2.42,,,,,,,,5.0,,,,,,,,0.015,0.0,0.00357,-0.00214,1.66667,62.5,47.597,,,11.196,100.0,83.33333,,100.0,100.0,83.33333,43.36952,43.84988,,,0.00704,0.00752,,,1,1,1,,,,,,,-0.15,,0.25,0.258,0.254,0.249,0.249,0.253,2021-09-29,2021-09-09,2021-08-24,2021-10-05,2021-09-22,2021-08-30,5.09,-0.4,0.4,-3.49,1.98,-0.39,6.0,4.0,5.0,8.0,7.0,4.0,1.0,-0.0,0.0,-0.0,0.0,-0.0,0.27,0.25,0.26,0.245,0.24,0.245,2021-10-13,2021-10-06,2021-09-27,2021-10-08,2021-10-05,2021-09-24,0.0,0.0,0.0,0.006,100.0,100.0,1999-01-01,1999-01-01,1999-01-01,2021-09-03,1999-01-01,1999-01-01,605100.0,117300.0,1314900.0,146.52,12.85,138.39,0.001,-0.0,0.008,-0.005,-0.004,-0.001,0.00056,-0.00057,0.00718,-0.0049,-0.00361,-0.00132,44.493,43.928,43.286,43.278,39.639,38.436,100.0,50.0,33.333,25.0,0.0,16.667,51.304,48.9,0.0,40.275,42.647,100.0,2021-10-05,2021-04-14,2020-12-17,2021-07-21,2021-02-24,2020-11-03,174,118,8021,147,113,7977,2021-09-30,2021-08-19,2021-06-15,2021-09-06,2021-07-14,2021-04-21,2021-10-13,2021-10-06,2021-10-04,2021-10-08,2021-10-05,2021-09-29,2021-08-30,2021-04-07,1999-01-01,2021-06-16,2021-02-02,1999-01-01,1,0,1,0,0,1,0,1,0,0,1,0,0,1,0,1,0,1,0,1,0,1,1,0,0,0,1,0,1,0,,1314900,,,,n2n,n2p,,p2p,Life.BullStart,Life.Bull,Life.BearStart,Life.Bear,Life.BearRecovery,,
2021-10-14,0.26438,,,0.265,,0.25298,0.25317,0.25856,0.26876,-0.01559,-0.01557,-0.00115,-0.00557,-0.00681,-0.00204,-0.01578,-0.01688,-0.00233,-0.00131,0.00876,-0.01006,0.25492,0.25293,0.00199,-8e-05,0.00023,-0.00031,,,1.37,,,,,,,,4.0,,,,,,,,-0.0,-0.005,0.00357,-0.00214,1.66667,62.5,47.12479,,,11.196,83.33333,86.11111,83.333,,93.33333,92.22222,43.12001,43.71729,,,0.00689,0.00756,,,1,1,1,,,,,,,-0.15,,0.25,0.258,0.254,0.249,0.249,0.253,2021-09-29,2021-09-09,2021-08-24,2021-10-05,2021-09-22,2021-08-30,6.18,-0.4,0.4,-3.49,1.98,-0.39,7.0,4.0,5.0,8.0,7.0,4.0,1.0,-0.0,0.0,-0.0,0.0,-0.0,0.27,0.25,0.26,0.265,0.245,0.24,2021-10-13,2021-10-06,2021-09-27,2021-10-14,2021-10-08,2021-10-05,0.0,0.0,0.0,0.006,100.0,100.0,1999-01-01,1999-01-01,1999-01-01,2021-09-03,1999-01-01,1999-01-01,117300.0,1314900.0,391100.0,12.85,138.39,-10.5,0.001,-0.0,0.008,-0.005,-0.004,-0.001,0.00056,-0.00057,0.00718,-0.0049,-0.00361,-0.00132,44.493,43.928,43.286,43.278,39.639,38.436,100.0,50.0,33.333,83.333,25.0,0.0,51.304,48.9,0.0,40.275,42.647,100.0,2021-10-05,2021-04-14,2020-12-17,2021-07-21,2021-02-24,2020-11-03,174,118,8021,147,113,7977,2021-09-30,2021-08-19,2021-06-15,2021-09-06,2021-07-14,2021-04-21,2021-10-13,2021-10-06,2021-10-04,2021-10-14,2021-10-08,2021-10-05,2021-08-30,2021-04-07,1999-01-01,2021-06-16,2021-02-02,1999-01-01,1,0,1,0,0,1,0,1,0,0,1,0,0,1,0,1,0,1,0,1,0,1,1,0,0,0,1,0,1,0,,,-391100,,n2n,n2p,,p2p,p2n,Life.BullStart,Life.Bull,Life.BearStart,Life.Bear,Life.BearRecovery,,
2021-10-15,0.26642,,,,,0.25429,0.25383,0.25879,0.26878,-0.01495,-0.01549,-0.00125,-0.00496,-0.00681,-0.00216,-0.01495,-0.01685,-0.00249,-0.00136,0.00868,-0.01004,0.25724,0.25419,0.00305,-0.00022,0.00014,-0.00035,,,0.59,,,,,,,,3.0,,,,,,,,0.005,0.0,0.00286,-0.00214,1.33333,57.14286,46.6023,,,5.83886,100.0,94.44444,,,93.33333,95.55556,42.8497,43.5767,,,0.00712,0.00761,,,1,1,0,,,,,,,-0.15,,0.25,0.258,0.254,0.249,0.249,0.253,2021-09-29,2021-09-09,2021-08-24,2021-10-05,2021-09-22,2021-08-30,7.0,-0.4,0.4,-3.49,1.98,-0.39,8.0,4.0,5.0,8.0,7.0,4.0,1.0,-0.0,0.0,-0.0,0.0,-0.0,0.27,0.25,0.26,0.265,0.245,0.24,2021-10-13,2021-10-06,2021-09-27,2021-10-14,2021-10-08,2021-10-05,0.0,0.0,0.0,0.006,100.0,100.0,1999-01-01,1999-01-01,1999-01-01,2021-09-03,1999-01-01,1999-01-01,1314900.0,391100.0,959500.0,138.39,-10.5,46.19,0.001,-0.0,0.008,-0.005,-0.004,-0.001,0.00056,-0.00057,0.00718,-0.0049,-0.00361,-0.00132,44.493,43.928,43.286,43.278,39.639,38.436,100.0,50.0,33.333,83.333,25.0,0.0,51.304,48.9,0.0,40.275,42.647,100.0,2021-10-05,2021-04-14,2020-12-17,2021-07-21,2021-02-24,2020-11-03,174,118,8021,147,113,7977,2021-09-30,2021-08-19,2021-06-15,2021-09-06,2021-07-14,2021-04-21,2021-10-13,2021-10-06,2021-10-04,2021-10-14,2021-10-08,2021-10-05,2021-08-30,2021-04-07,1999-01-01,2021-06-16,2021-02-02,1999-01-01,1,0,1,0,0,1,0,1,0,0,1,0,0,1,0,1,0,1,0,1,0,1,1,0,0,0,1,0,1,0,959500,,,,n2p,,p2p,p2n,n2p,Life.BullStart,Life.Bull,Life.BearStart,Life.Bear,Life.BearRecovery,,
2021-10-18,0.2676,,,,,0.2555,0.25446,0.25901,0.26879,-0.01432,-0.01541,-0.00135,-0.00454,-0.00683,-0.00227,-0.01432,-0.01685,-0.00264,-0.00143,0.00859,-0.01002,0.2592,0.25536,0.00384,-0.00037,3e-05,-0.0004,,,0.15,,,,,,,,2.0,,,,,,,,0.0,0.0,0.00286,-0.00143,2.0,66.66667,46.02538,,,15.36267,100.0,94.44444,,100.0,93.33333,93.33333,42.56131,43.43176,,,0.00732,0.00765,,,0,1,0,,,,,,,-0.15,,0.25,0.258,0.254,0.249,0.249,0.253,2021-09-29,2021-09-09,2021-08-24,2021-10-05,2021-09-22,2021-08-30,7.47,-0.4,0.4,-3.49,1.98,-0.39,9.0,4.0,5.0,8.0,7.0,4.0,1.0,-0.0,0.0,-0.0,0.0,-0.0,0.27,0.25,0.26,0.265,0.245,0.24,2021-10-13,2021-10-06,2021-09-27,2021-10-14,2021-10-08,2021-10-05,0.0,0.0,0.0,0.006,100.0,100.0,1999-01-01,1999-01-01,1999-01-01,2021-09-03,1999-01-01,1999-01-01,391100.0,959500.0,1540000.0,-10.5,46.19,8.44,0.001,-0.0,0.008,-0.005,-0.004,-0.001,0.00056,-0.00057,0.00718,-0.0049,-0.00361,-0.00132,44.493,43.928,43.286,43.278,39.639,38.436,100.0,100.0,50.0,83.333,25.0,0.0,51.304,48.9,0.0,40.275,42.647,100.0,2021-10-05,2021-04-14,2020-12-17,2021-07-21,2021-02-24,2020-11-03,174,118,8021,147,113,7977,2021-09-30,2021-08-19,2021-06-15,2021-09-06,2021-07-14,2021-04-21,2021-10-18,2021-10-13,2021-10-06,2021-10-14,2021-10-08,2021-10-05,2021-08-30,2021-04-07,1999-01-01,2021-06-16,2021-02-02,1999-01-01,1,0,1,0,0,1,0,1,0,0,1,0,0,1,0,1,0,1,0,1,0,1,1,0,0,0,1,0,1,0,,,,,,p2p,p2n,n2p,,Life.BullStart,Life.Bull,Life.BearStart,Life.Bear,Life.BearRecovery,,
2021-10-20,0.26781,,0.268,,0.285,0.25777,0.25566,0.25952,0.26895,-0.01329,-0.01536,-0.00144,-0.00386,-0.00687,-0.00238,-0.01329,-0.01687,-0.00278,-0.00151,0.00849,-0.01001,0.26317,0.25756,0.00561,-0.00055,-0.0001,-0.00045,,,,,,,,,,,,,,,,,,,0.015,0.0,0.00393,-0.00143,2.75,73.33333,45.3903,,,22.02933,90.0,96.66667,,,95.2381,93.96825,42.2583,43.28657,,,0.00858,0.00769,,,0,1,0,,,,,,,-0.15,,0.268,0.25,0.258,0.249,0.249,0.253,2021-10-20,2021-09-29,2021-09-09,2021-10-05,2021-09-22,2021-08-30,0.0,7.63,-0.4,0.4,-3.49,1.98,0.0,10.0,4.0,5.0,8.0,7.0,0.0,1.0,-0.0,0.0,-0.0,0.0,0.285,0.27,0.25,0.265,0.245,0.24,2021-10-20,2021-10-13,2021-10-06,2021-10-14,2021-10-08,2021-10-05,0.0,0.0,0.0,0.006,100.0,100.0,1999-01-01,1999-01-01,1999-01-01,2021-09-03,1999-01-01,1999-01-01,959500.0,1540000.0,6579300.0,46.19,8.44,214.08,0.001,-0.0,0.008,-0.005,-0.004,-0.001,0.00056,-0.00057,0.00718,-0.0049,-0.00361,-0.00132,44.493,43.928,43.286,43.278,39.639,38.436,100.0,100.0,50.0,83.333,25.0,0.0,51.304,48.9,0.0,40.275,42.647,100.0,2021-10-05,2021-04-14,2020-12-17,2021-07-21,2021-02-24,2020-11-03,174,118,8021,147,113,7977,2021-09-30,2021-08-19,2021-06-15,2021-09-06,2021-07-14,2021-04-21,2021-10-18,2021-10-13,2021-10-06,2021-10-14,2021-10-08,2021-10-05,2021-08-30,2021-04-07,1999-01-01,2021-06-16,2021-02-02,1999-01-01,0,1,1,0,0,1,0,1,0,0,1,0,0,1,0,1,0,1,0,1,0,1,1,0,0,0,1,0,1,0,,6579300,,,p2p,p2n,n2p,,p2p,Life.BullStart,Life.Bull,Life.BearStart,Life.Bear,Life.BearRecovery,,
2021-10-21,0.267,,,,,0.25871,0.25622,0.25973,0.26896,-0.01274,-0.01532,-0.00152,-0.00351,-0.00693,-0.00246,-0.01274,-0.01693,-0.0029,-0.00161,0.00839,-0.01,0.26422,0.25848,0.00574,-0.00074,-0.00024,-0.0005,,,,,,,,,,,,,,,,,,,-0.0,-0.015,0.00393,-0.0025,1.57143,61.11111,44.69325,,,9.80711,60.0,83.33333,,,73.01587,87.19577,41.94588,43.14548,,,0.00904,0.00773,,,0,1,0,,,,,,,-0.15,,0.268,0.25,0.258,0.249,0.249,0.253,2021-10-20,2021-09-29,2021-09-09,2021-10-05,2021-09-22,2021-08-30,-0.37,7.63,-0.4,0.4,-3.49,1.98,1.0,10.0,4.0,5.0,8.0,7.0,-0.0,1.0,-0.0,0.0,-0.0,0.0,0.285,0.27,0.25,0.265,0.245,0.24,2021-10-20,2021-10-13,2021-10-06,2021-10-14,2021-10-08,2021-10-05,0.0,0.0,0.0,0.006,100.0,100.0,1999-01-01,1999-01-01,1999-01-01,2021-09-03,1999-01-01,1999-01-01,1540000.0,6579300.0,1769200.0,8.44,214.08,8.92,0.001,-0.0,0.008,-0.005,-0.004,-0.001,0.00056,-0.00057,0.00718,-0.0049,-0.00361,-0.00132,44.493,43.928,43.286,43.278,39.639,38.436,100.0,100.0,50.0,83.333,25.0,0.0,51.304,48.9,0.0,40.275,42.647,100.0,2021-10-05,2021-04-14,2020-12-17,2021-07-21,2021-02-24,2020-11-03,174,118,8021,147,113,7977,2021-09-30,2021-08-19,2021-06-15,2021-09-06,2021-07-14,2021-04-21,2021-10-18,2021-10-13,2021-10-06,2021-10-14,2021-10-08,2021-10-05,2021-08-30,2021-04-07,1999-01-01,2021-06-16,2021-02-02,1999-01-01,0,1,1,0,0,1,0,1,0,0,1,0,0,1,0,1,0,1,0,1,0,1,1,0,0,0,1,0,1,0,,,,,p2n,n2p,,p2p,,Life.BullStart,Life.Bull,Life.BearStart,Life.Bear,Life.BearRecovery,,
2021-10-22,0.26524,,,,,0.25919,0.25657,0.25983,0.26892,-0.01235,-0.01529,-0.00159,-0.00327,-0.00702,-0.00253,-0.01235,-0.01701,-0.003,-0.00172,0.00827,-0.00999,0.26434,0.25896,0.00538,-0.00095,-0.0004,-0.00055,,,,,,,,,,,,,,,,,,,-0.0,-0.005,0.00393,-0.00286,1.375,57.89474,43.93078,,,6.59074,50.0,66.66667,,,45.2381,71.16402,41.63037,43.0133,,,0.00911,0.00776,,,0,1,0,,,,,,,-0.15,,0.268,0.25,0.258,0.249,0.249,0.253,2021-10-20,2021-09-29,2021-09-09,2021-10-05,2021-09-22,2021-08-30,-1.03,7.63,-0.4,0.4,-3.49,1.98,2.0,10.0,4.0,5.0,8.0,7.0,-1.0,1.0,-0.0,0.0,-0.0,0.0,0.285,0.27,0.25,0.265,0.245,0.24,2021-10-20,2021-10-13,2021-10-06,2021-10-14,2021-10-08,2021-10-05,0.0,0.0,0.0,0.006,100.0,100.0,1999-01-01,1999-01-01,1999-01-01,2021-09-03,1999-01-01,1999-01-01,6579300.0,1769200.0,1434600.0,214.08,8.92,-1.07,0.001,-0.0,0.008,-0.005,-0.004,-0.001,0.00056,-0.00057,0.00718,-0.0049,-0.00361,-0.00132,44.493,43.928,43.286,43.278,39.639,38.436,100.0,100.0,50.0,83.333,25.0,0.0,51.304,48.9,0.0,40.275,42.647,100.0,2021-10-05,2021-04-14,2020-12-17,2021-07-21,2021-02-24,2020-11-03,174,118,8021,147,113,7977,2021-09-30,2021-08-19,2021-06-15,2021-09-06,2021-07-14,2021-04-21,2021-10-18,2021-10-13,2021-10-06,2021-10-14,2021-10-08,2021-10-05,2021-08-30,2021-04-07,1999-01-01,2021-06-16,2021-02-02,1999-01-01,0,1,1,0,0,1,0,1,0,0,1,0,0,1,0,1,0,1,0,1,0,1,1,0,0,0,1,0,1,0,,,,,n2p,,p2p,,,Life.BullStart,Life.Bull,Life.BearStart,Life.Bear,Life.BearRecovery,,
2021-10-25,0.26269,,,,,0.25964,0.2569,0.25994,0.26888,-0.01198,-0.01528,-0.00165,-0.00304,-0.00714,-0.00258,-0.01198,-0.01713,-0.00307,-0.00185,0.00814,-0.00999,0.26444,0.25941,0.00503,-0.00118,-0.00058,-0.0006,,,,,,,,,,,,,,,,,,,0.0,0.0,0.00393,-0.00286,1.375,57.89474,43.09985,,,6.59074,50.0,53.33333,,,26.19048,48.14815,41.31764,42.8945,,,0.00917,0.00779,,,0,1,0,,,,,,,-0.15,,0.268,0.25,0.258,0.249,0.249,0.253,2021-10-20,2021-09-29,2021-09-09,2021-10-05,2021-09-22,2021-08-30,-1.98,7.63,-0.4,0.4,-3.49,1.98,3.0,10.0,4.0,5.0,8.0,7.0,-1.0,1.0,-0.0,0.0,-0.0,0.0,0.285,0.27,0.25,0.265,0.245,0.24,2021-10-20,2021-10-13,2021-10-06,2021-10-14,2021-10-08,2021-10-05,0.0,0.0,0.0,0.006,100.0,100.0,1999-01-01,1999-01-01,1999-01-01,2021-09-03,1999-01-01,1999-01-01,1769200.0,1434600.0,891700.0,8.92,-1.07,-58.14,0.001,-0.0,0.008,-0.005,-0.004,-0.001,0.00056,-0.00057,0.00718,-0.0049,-0.00361,-0.00132,44.493,43.928,43.286,43.278,39.639,38.436,100.0,100.0,50.0,83.333,25.0,0.0,51.304,48.9,0.0,40.275,42.647,100.0,2021-10-05,2021-04-14,2020-12-17,2021-07-21,2021-02-24,2020-11-03,174,118,8021,147,113,7977,2021-09-30,2021-08-19,2021-06-15,2021-09-06,2021-07-14,2021-04-21,2021-10-18,2021-10-13,2021-10-06,2021-10-14,2021-10-08,2021-10-05,2021-08-30,2021-04-07,1999-01-01,2021-06-16,2021-02-02,1999-01-01,0,1,1,0,0,1,0,1,0,0,1,0,0,1,0,1,0,1,0,1,0,1,1,0,0,0,1,0,1,0,,,,891700,,p2p,,,n2n,Life.BullStart,Life.Bull,Life.BearStart,Life.Bear,Life.BearRecovery,,
2021-10-26,0.25953,,,0.255,,0.25928,0.25682,0.25984,0.26874,-0.01192,-0.01529,-0.00169,-0.00301,-0.00728,-0.00261,-0.01192,-0.01728,-0.00312,-0.00199,0.00801,-0.00999,0.26299,0.25908,0.00391,-0.00144,-0.00078,-0.00066,,,,,,,,,,,,,,,,,,,-0.0,-0.01,0.00393,-0.00286,1.375,57.89474,42.19767,,,6.59074,22.22222,40.74074,22.222,,15.07937,28.83598,41.01068,42.79105,,,0.00923,0.00782,,,0,0,0,,,,,,-0.15,,,0.268,0.25,0.258,0.249,0.249,0.253,2021-10-20,2021-09-29,2021-09-09,2021-10-05,2021-09-22,2021-08-30,-3.16,7.63,-0.4,0.4,-3.49,1.98,4.0,10.0,4.0,5.0,8.0,7.0,-1.0,1.0,-0.0,0.0,-0.0,0.0,0.285,0.27,0.25,0.255,0.265,0.245,2021-10-20,2021-10-13,2021-10-06,2021-10-26,2021-10-14,2021-10-08,0.0,0.0,0.0,0.006,100.0,100.0,1999-01-01,1999-01-01,1999-01-01,2021-09-03,1999-01-01,1999-01-01,1434600.0,891700.0,681800.0,-1.07,-58.14,-26.55,0.001,-0.0,0.008,-0.005,-0.004,-0.001,0.00056,-0.00057,0.00718,-0.0049,-0.00361,-0.00132,44.493,43.928,43.286,43.278,39.639,38.436,100.0,100.0,50.0,22.222,83.333,25.0,51.304,48.9,0.0,40.275,42.647,100.0,2021-10-05,2021-04-14,2020-12-17,2021-07-21,2021-02-24,2020-11-03,174,118,8021,147,113,7977,2021-09-30,2021-08-19,2021-06-15,2021-09-06,2021-07-14,2021-04-21,2021-10-18,2021-10-13,2021-10-06,2021-10-26,2021-10-14,2021-10-08,2021-08-30,2021-04-07,1999-01-01,2021-06-16,2021-02-02,1999-01-01,0,1,1,0,0,1,0,0,0,0,1,0,0,1,0,1,0,1,1,0,0,1,1,0,0,0,1,0,1,0,,,,,p2p,,,n2n,,Life.Bull,Life.BearStart,Life.Bear,Life.BearRecovery,Life.Bear,,
2021-10-27,0.25597,,,,0.26,0.25934,0.25695,0.25984,0.26866,-0.01171,-0.01532,-0.00172,-0.00289,-0.00745,-0.00262,-0.01171,-0.01746,-0.00314,-0.00214,0.00786,-0.01,0.26253,0.25915,0.00338,-0.00171,-0.001,-0.00071,,,,,,,,,,,,,,,,,,,0.005,0.0,0.00357,-0.00286,1.25,55.55556,41.22155,,,4.25156,33.33333,35.18519,,33.333,15.07937,18.78307,40.70857,42.7005,,,0.00893,0.00784,,,0,0,0,,,,,,-0.15,,,0.268,0.25,0.258,0.249,0.249,0.253,2021-10-20,2021-09-29,2021-09-09,2021-10-05,2021-09-22,2021-08-30,-4.49,7.63,-0.4,0.4,-3.49,1.98,5.0,10.0,4.0,5.0,8.0,7.0,-1.0,1.0,-0.0,0.0,-0.0,0.0,0.26,0.285,0.27,0.255,0.265,0.245,2021-10-27,2021-10-20,2021-10-13,2021-10-26,2021-10-14,2021-10-08,0.0,0.0,0.0,0.006,100.0,100.0,1999-01-01,1999-01-01,1999-01-01,2021-09-03,1999-01-01,1999-01-01,891700.0,681800.0,388500.0,-58.14,-26.55,-34.78,0.001,-0.0,0.008,-0.005,-0.004,-0.001,0.00056,-0.00057,0.00718,-0.0049,-0.00361,-0.00132,44.493,43.928,43.286,43.278,39.639,38.436,33.333,100.0,100.0,22.222,83.333,25.0,51.304,48.9,0.0,40.275,42.647,100.0,2021-10-05,2021-04-14,2020-12-17,2021-07-21,2021-02-24,2020-11-03,174,118,8021,147,113,7977,2021-09-30,2021-08-19,2021-06-15,2021-09-06,2021-07-14,2021-04-21,2021-10-27,2021-10-18,2021-10-13,2021-10-26,2021-10-14,2021-10-08,2021-08-30,2021-04-07,1999-01-01,2021-06-16,2021-02-02,1999-01-01,0,1,1,0,1,0,0,0,0,0,1,0,0,1,0,1,1,0,1,0,0,1,1,0,0,0,1,0,1,0,,,,,,,n2n,,,Life.Bull,Life.BearStart,Life.Bear,Life.BearRecovery,Life.Bear,,
2021-10-28,0.25219,,,,,0.25901,0.25687,0.25975,0.26852,-0.01165,-0.01536,-0.00173,-0.00287,-0.00765,-0.00262,-0.01165,-0.01767,-0.00315,-0.00231,0.00771,-0.01002,0.26137,0.25884,0.00253,-0.00201,-0.00124,-0.00077,,,,,,,,,,,,,,,,,,,-0.0,-0.005,0.00357,-0.00286,1.25,55.55556,40.16863,,,4.25156,22.22222,25.92593,,,13.88889,14.68254,40.40549,42.61584,,,0.00901,0.00786,,,0,0,0,,,,,,-0.15,,,0.268,0.25,0.258,0.249,0.249,0.253,2021-10-20,2021-09-29,2021-09-09,2021-10-05,2021-09-22,2021-08-30,-5.9,7.63,-0.4,0.4,-3.49,1.98,6.0,10.0,4.0,5.0,8.0,7.0,-1.0,1.0,-0.0,0.0,-0.0,0.0,0.26,0.285,0.27,0.255,0.265,0.245,2021-10-27,2021-10-20,2021-10-13,2021-10-26,2021-10-14,2021-10-08,0.0,0.0,0.0,0.006,100.0,100.0,1999-01-01,1999-01-01,1999-01-01,2021-09-03,1999-01-01,1999-01-01,681800.0,388500.0,1233700.0,-26.55,-34.78,17.43,0.001,-0.0,0.008,-0.005,-0.004,-0.001,0.00056,-0.00057,0.00718,-0.0049,-0.00361,-0.00132,44.493,43.928,43.286,43.278,39.639,38.436,33.333,100.0,100.0,22.222,83.333,25.0,51.304,48.9,0.0,40.275,42.647,100.0,2021-10-05,2021-04-14,2020-12-17,2021-07-21,2021-02-24,2020-11-03,174,118,8021,147,113,7977,2021-09-30,2021-08-19,2021-06-15,2021-09-06,2021-07-14,2021-04-21,2021-10-27,2021-10-18,2021-10-13,2021-10-26,2021-10-14,2021-10-08,2021-08-30,2021-04-07,1999-01-01,2021-06-16,2021-02-02,1999-01-01,0,1,1,0,1,0,0,0,0,0,1,0,0,1,0,1,1,0,1,0,0,1,1,0,0,0,1,0,1,0,-1233700,,,,,n2n,,,n2p,Life.Bull,Life.BearStart,Life.Bear,Life.BearRecovery,Life.Bear,,
2021-10-29,0.24839,,,,,0.25831,0.2566,0.25955,0.26834,-0.01173,-0.01542,-0.00173,-0.00295,-0.00787,-0.0026,-0.01173,-0.01791,-0.00314,-0.00249,0.00755,-0.01004,0.25962,0.25819,0.00143,-0.00233,-0.0015,-0.00083,,,,,,,,,,,,,,,,,,,-0.0,-0.005,0.00357,-0.00321,1.11111,52.63158,39.03646,,,1.32758,11.11111,22.22222,11.111,,13.88889,14.28571,40.09161,42.527,,,0.00872,0.00787,,,0,0,0,,,,,,-0.15,,,0.268,0.25,0.258,0.249,0.249,0.253,2021-10-20,2021-09-29,2021-09-09,2021-10-05,2021-09-22,2021-08-30,-7.32,7.63,-0.4,0.4,-3.49,1.98,7.0,10.0,4.0,5.0,8.0,7.0,-1.0,1.0,-0.0,0.0,-0.0,0.0,0.26,0.285,0.27,0.255,0.265,0.245,2021-10-27,2021-10-20,2021-10-13,2021-10-26,2021-10-14,2021-10-08,0.0,0.0,0.0,0.006,100.0,100.0,1999-01-01,1999-01-01,1999-01-01,2021-09-03,1999-01-01,1999-01-01,388500.0,1233700.0,970200.0,-34.78,17.43,12.52,0.001,-0.0,0.008,-0.005,-0.004,-0.001,0.00056,-0.00057,0.00718,-0.0049,-0.00361,-0.00132,44.493,43.928,43.286,43.278,39.639,38.436,33.333,100.0,100.0,11.111,22.222,83.333,51.304,48.9,0.0,40.275,42.647,100.0,2021-10-05,2021-04-14,2020-12-17,2021-07-21,2021-02-24,2020-11-03,174,118,8021,147,113,7977,2021-09-30,2021-08-19,2021-06-15,2021-09-06,2021-07-14,2021-04-21,2021-10-27,2021-10-18,2021-10-13,2021-10-29,2021-10-26,2021-10-14,2021-08-30,2021-04-07,1999-01-01,2021-06-16,2021-02-02,1999-01-01,0,1,1,0,1,0,0,0,0,0,1,0,0,1,0,1,1,0,1,0,0,1,1,0,0,0,1,0,1,0,,,,,n2n,,,n2p,,Life.Bull,Life.BearStart,Life.Bear,Life.BearRecovery,Life.Bear,,
2021-11-01,0.24476,,,,,0.2569,0.25595,0.25917,0.26805,-0.0121,-0.0155,-0.00171,-0.00321,-0.00812,-0.00257,-0.0121,-0.01818,-0.0031,-0.00268,0.00738,-0.01006,0.2566,0.25684,-0.00024,-0.00267,-0.00178,-0.0009,,,,,,,,,,,,,,,,,,,-0.0,-0.01,0.00286,-0.00393,0.72727,42.10526,37.82402,,,-9.19874,16.66667,16.66667,,,19.44444,15.74074,39.75681,42.42304,,,0.00953,0.00788,,,0,0,0,,,,,,-0.15,,,0.268,0.25,0.258,0.249,0.249,0.253,2021-10-20,2021-09-29,2021-09-09,2021-10-05,2021-09-22,2021-08-30,-8.67,7.63,-0.4,0.4,-3.49,1.98,8.0,10.0,4.0,5.0,8.0,7.0,-1.0,1.0,-0.0,0.0,-0.0,0.0,0.26,0.285,0.27,0.255,0.265,0.245,2021-10-27,2021-10-20,2021-10-13,2021-10-26,2021-10-14,2021-10-08,0.0,0.0,0.0,0.006,100.0,100.0,1999-01-01,1999-01-01,1999-01-01,2021-09-03,1999-01-01,1999-01-01,1233700.0,970200.0,2169200.0,17.43,12.52,68.69,0.001,-0.0,0.008,-0.005,-0.004,-0.001,0.00056,-0.00057,0.00718,-0.0049,-0.00361,-0.00132,44.493,43.928,43.286,43.278,39.639,38.436,33.333,100.0,100.0,11.111,22.222,83.333,51.304,48.9,0.0,40.275,42.647,100.0,2021-10-05,2021-04-14,2020-12-17,2021-07-21,2021-02-24,2020-11-03,174,118,8021,147,113,7977,2021-09-30,2021-08-19,2021-06-15,2021-09-06,2021-07-14,2021-04-21,2021-10-27,2021-10-18,2021-10-13,2021-10-29,2021-10-26,2021-10-14,2021-08-30,2021-04-07,1999-01-01,2021-06-16,2021-02-02,1999-01-01,0,1,1,0,1,0,0,0,0,0,1,0,0,1,0,1,1,0,1,0,0,1,1,0,0,0,1,0,1,0,,-2169200,,,,,n2p,,p2p,Life.Bull,Life.BearStart,Life.Bear,Life.BearRecovery,Life.Bear,,
2021-11-02,0.24143,,,,,0.2556,0.25533,0.25879,0.26778,-0.01245,-0.01559,-0.00167,-0.00346,-0.00839,-0.00251,-0.01245,-0.01849,-0.00303,-0.00289,0.0072,-0.01009,0.25405,0.25559,-0.00155,-0.00304,-0.00207,-0.00096,,,,,,,,,,,,,,,,,,,0.0,0.0,0.00286,-0.00393,0.72727,42.10526,36.53177,,,-9.19874,16.66667,14.81481,,16.667,22.22222,18.51852,39.39282,42.29364,,,0.0092,0.00788,,,0,0,0,,,,,,-0.15,,,0.268,0.25,0.258,0.249,0.249,0.253,2021-10-20,2021-09-29,2021-09-09,2021-10-05,2021-09-22,2021-08-30,-9.91,7.63,-0.4,0.4,-3.49,1.98,9.0,10.0,4.0,5.0,8.0,7.0,-1.0,1.0,-0.0,0.0,-0.0,0.0,0.26,0.285,0.27,0.255,0.265,0.245,2021-10-27,2021-10-20,2021-10-13,2021-10-26,2021-10-14,2021-10-08,0.0,0.0,0.0,0.006,100.0,100.0,1999-01-01,1999-01-01,1999-01-01,2021-09-03,1999-01-01,1999-01-01,970200.0,2169200.0,1208500.0,12.52,68.69,-0.58,0.001,-0.0,0.008,-0.005,-0.004,-0.001,0.00056,-0.00057,0.00718,-0.0049,-0.00361,-0.00132,44.493,43.928,43.286,43.278,39.639,38.436,16.667,33.333,100.0,11.111,22.222,83.333,51.304,48.9,0.0,40.275,42.647,100.0,2021-10-05,2021-04-14,2020-12-17,2021-07-21,2021-02-24,2020-11-03,174,118,8021,147,113,7977,2021-09-30,2021-08-19,2021-06-15,2021-09-06,2021-07-14,2021-04-21,2021-11-02,2021-10-27,2021-10-18,2021-10-29,2021-10-26,2021-10-14,2021-08-30,2021-04-07,1999-01-01,2021-06-16,2021-02-02,1999-01-01,0,1,1,0,1,0,0,0,0,0,1,0,0,1,0,1,1,0,1,0,0,1,1,0,0,0,1,0,1,0,,,1208500,,,n2p,,p2p,p2n,Life.Bull,Life.BearStart,Life.Bear,Life.BearRecovery,Life.Bear,,
2021-11-03,0.23842,,,,,0.25402,0.25453,0.25831,0.26745,-0.01292,-0.0157,-0.00161,-0.0043,-0.00869,-0.00243,-0.01343,-0.01882,-0.00293,-0.00311,0.00701,-0.01013,0.25112,0.25407,-0.00295,-0.00343,-0.00239,-0.00104,,,,,,,,,,,,,,,,,,,-0.0,-0.005,0.00179,-0.00429,0.41667,29.41176,35.16082,,,-21.89224,8.33333,13.88889,,,27.77778,23.14815,38.99394,42.13036,,,0.0089,0.00788,,,0,0,0,,,,,,-0.15,,,0.268,0.25,0.258,0.249,0.249,0.253,2021-10-20,2021-09-29,2021-09-09,2021-10-05,2021-09-22,2021-08-30,-11.04,7.63,-0.4,0.4,-3.49,1.98,10.0,10.0,4.0,5.0,8.0,7.0,-1.0,1.0,-0.0,0.0,-0.0,0.0,0.26,0.285,0.27,0.255,0.265,0.245,2021-10-27,2021-10-20,2021-10-13,2021-10-26,2021-10-14,2021-10-08,0.0,0.0,0.0,0.006,100.0,100.0,1999-01-01,1999-01-01,1999-01-01,2021-09-03,1999-01-01,1999-01-01,2169200.0,1208500.0,423800.0,68.69,-0.58,-12.57,0.001,-0.0,0.008,-0.005,-0.004,-0.001,0.00056,-0.00057,0.00718,-0.0049,-0.00361,-0.00132,44.493,43.928,43.286,43.278,39.639,38.436,16.667,33.333,100.0,11.111,22.222,83.333,51.304,48.9,0.0,40.275,42.647,100.0,2021-10-05,2021-04-14,2020-12-17,2021-07-21,2021-02-24,2020-11-03,174,118,8021,147,113,7977,2021-09-30,2021-08-19,2021-06-15,2021-09-06,2021-07-14,2021-04-21,2021-11-02,2021-10-27,2021-10-18,2021-10-29,2021-10-26,2021-10-14,2021-08-30,2021-04-07,1999-01-01,2021-06-16,2021-02-02,1999-01-01,0,1,1,0,1,0,0,0,0,0,1,0,0,1,0,1,1,0,1,0,0,1,1,0,0,0,1,0,1,0,,,,,n2p,,p2p,p2n,,Life.Bull,Life.BearStart,Life.Bear,Life.BearRecovery,Life.Bear,,
2021-11-05,0.23581,,,,,0.25256,0.25376,0.25785,0.26713,-0.01336,-0.01583,-0.00153,-0.0053,-0.00901,-0.00231,-0.01457,-0.01918,-0.00279,-0.00335,0.00682,-0.01017,0.24864,0.25266,-0.00402,-0.00384,-0.00273,-0.00111,,,,,,,,,,,,,,,,,,,0.0,0.0,0.00179,-0.00393,0.45455,31.25,33.71294,,,-20.054,8.33333,11.11111,,,23.33333,24.44444,38.55625,41.92778,,,0.00934,0.00787,,,0,0,0,,,,,,-0.15,,,0.268,0.25,0.258,0.249,0.249,0.253,2021-10-20,2021-09-29,2021-09-09,2021-10-05,2021-09-22,2021-08-30,-12.01,7.63,-0.4,0.4,-3.49,1.98,11.0,10.0,4.0,5.0,8.0,7.0,-1.0,1.0,-0.0,0.0,-0.0,0.0,0.26,0.285,0.27,0.255,0.265,0.245,2021-10-27,2021-10-20,2021-10-13,2021-10-26,2021-10-14,2021-10-08,0.0,0.0,0.0,0.006,100.0,100.0,1999-01-01,1999-01-01,1999-01-01,2021-09-03,1999-01-01,1999-01-01,1208500.0,423800.0,431700.0,-0.58,-12.57,-45.71,0.001,-0.0,0.008,-0.005,-0.004,-0.001,0.00056,-0.00057,0.00718,-0.0049,-0.00361,-0.00132,44.493,43.928,43.286,43.278,39.639,38.436,16.667,33.333,100.0,11.111,22.222,83.333,51.304,48.9,0.0,40.275,42.647,100.0,2021-10-05,2021-04-14,2020-12-17,2021-07-21,2021-02-24,2020-11-03,174,118,8021,147,113,7977,2021-09-30,2021-08-19,2021-06-15,2021-09-06,2021-07-14,2021-04-21,2021-11-02,2021-10-27,2021-10-18,2021-10-29,2021-10-26,2021-10-14,2021-08-30,2021-04-07,1999-01-01,2021-06-16,2021-02-02,1999-01-01,0,1,1,0,1,0,0,0,0,0,1,0,0,1,0,1,1,0,1,0,0,1,1,0,0,0,1,0,1,0,,,,,,p2p,p2n,,,Life.Bull,Life.BearStart,Life.Bear,Life.BearRecovery,Life.Bear,,
2021-11-08,0.23359,,,,,0.25082,0.25283,0.2573,0.26676,-0.01393,-0.01597,-0.00143,-0.00648,-0.00935,-0.00216,-0.01594,-0.01956,-0.00261,-0.0036,0.00662,-0.01021,0.24577,0.25098,-0.00521,-0.00427,-0.00308,-0.00119,,,,,,,,,,,,,,,,,,,-0.0,-0.005,0.00143,-0.00429,0.33333,25.0,32.19209,,,-26.304,0.0,5.55556,,,12.22222,21.11111,38.07856,41.68438,,,0.00903,0.00786,,,0,0,0,,,,,,-0.15,,,0.268,0.25,0.258,0.249,0.249,0.253,2021-10-20,2021-09-29,2021-09-09,2021-10-05,2021-09-22,2021-08-30,-12.84,7.63,-0.4,0.4,-3.49,1.98,12.0,10.0,4.0,5.0,8.0,7.0,-1.0,1.0,-0.0,0.0,-0.0,0.0,0.26,0.285,0.27,0.255,0.265,0.245,2021-10-27,2021-10-20,2021-10-13,2021-10-26,2021-10-14,2021-10-08,0.0,0.0,0.0,0.006,100.0,100.0,1999-01-01,1999-01-01,1999-01-01,2021-09-03,1999-01-01,1999-01-01,423800.0,431700.0,413800.0,-12.57,-45.71,-38.5,0.001,-0.0,0.008,-0.005,-0.004,-0.001,0.00056,-0.00057,0.00718,-0.0049,-0.00361,-0.00132,44.493,43.928,43.286,43.278,39.639,38.436,16.667,33.333,100.0,11.111,22.222,83.333,51.304,48.9,0.0,40.275,42.647,100.0,2021-10-05,2021-04-14,2020-12-17,2021-07-21,2021-02-24,2020-11-03,174,118,8021,147,113,7977,2021-09-30,2021-08-19,2021-06-15,2021-09-06,2021-07-14,2021-04-21,2021-11-02,2021-10-27,2021-10-18,2021-10-29,2021-10-26,2021-10-14,2021-08-30,2021-04-07,1999-01-01,2021-06-16,2021-02-02,1999-01-01,0,1,1,0,1,0,0,0,0,0,1,0,0,1,0,1,1,0,1,0,0,1,1,0,0,0,1,0,1,0,,,,,p2p,p2n,,,,Life.Bull,Life.BearStart,Life.Bear,Life.BearRecovery,Life.Bear,,
2021-11-09,0.23177,,,,,0.24922,0.25194,0.25676,0.26639,-0.01446,-0.01612,-0.0013,-0.00754,-0.00971,-0.00198,-0.01717,-0.01997,-0.00239,-0.00385,0.00641,-0.01026,0.24334,0.24942,-0.00608,-0.00472,-0.00344,-0.00128,,,,,,,,,,,,,,,,,,,0.0,0.0,0.00143,-0.00429,0.33333,25.0,30.60359,,,-26.304,0.0,2.77778,,,6.66667,14.07407,37.56281,41.40236,,,0.00838,0.00784,,,0,0,0,,,,,,-0.15,,,0.268,0.25,0.258,0.249,0.249,0.253,2021-10-20,2021-09-29,2021-09-09,2021-10-05,2021-09-22,2021-08-30,-13.52,7.63,-0.4,0.4,-3.49,1.98,13.0,10.0,4.0,5.0,8.0,7.0,-1.0,1.0,-0.0,0.0,-0.0,0.0,0.26,0.285,0.27,0.255,0.265,0.245,2021-10-27,2021-10-20,2021-10-13,2021-10-26,2021-10-14,2021-10-08,0.0,0.0,0.0,0.006,100.0,100.0,1999-01-01,1999-01-01,1999-01-01,2021-09-03,1999-01-01,1999-01-01,431700.0,413800.0,364100.0,-45.71,-38.5,-4.7,0.001,-0.0,0.008,-0.005,-0.004,-0.001,0.00056,-0.00057,0.00718,-0.0049,-0.00361,-0.00132,44.493,43.928,43.286,43.278,39.639,38.436,16.667,33.333,100.0,11.111,22.222,83.333,51.304,48.9,0.0,40.275,42.647,100.0,2021-10-05,2021-04-14,2020-12-17,2021-07-21,2021-02-24,2020-11-03,174,118,8021,147,113,7977,2021-09-30,2021-08-19,2021-06-15,2021-09-06,2021-07-14,2021-04-21,2021-11-02,2021-10-27,2021-10-18,2021-10-29,2021-10-26,2021-10-14,2021-08-30,2021-04-07,1999-01-01,2021-06-16,2021-02-02,1999-01-01,0,1,1,0,1,0,0,0,0,0,1,0,0,1,0,1,1,0,1,0,0,1,1,0,0,0,1,0,1,0,,,,,p2n,,,,,Life.Bull,Life.BearStart,Life.Bear,Life.BearRecovery,Life.Bear,,
2021-11-10,0.23033,,,0.225,,0.24736,0.25088,0.25613,0.26598,-0.0151,-0.01629,-0.00117,-0.00878,-0.01009,-0.00178,-0.01862,-0.02041,-0.00214,-0.00412,0.0062,-0.01032,0.24052,0.24761,-0.00709,-0.00519,-0.00383,-0.00137,,,,,,,,,,,,,,,,,,,-0.0,-0.005,0.00036,-0.00464,0.07692,7.14286,28.95332,,,-44.16114,0.0,0.0,0.0,,0.0,6.2963,37.01281,41.08685,,,0.0085,0.00782,,,0,0,0,,,,,,-0.15,,,0.268,0.25,0.258,0.249,0.249,0.253,2021-10-20,2021-09-29,2021-09-09,2021-10-05,2021-09-22,2021-08-30,-14.06,7.63,-0.4,0.4,-3.49,1.98,14.0,10.0,4.0,5.0,8.0,7.0,-1.0,1.0,-0.0,0.0,-0.0,0.0,0.26,0.285,0.27,0.225,0.255,0.265,2021-10-27,2021-10-20,2021-10-13,2021-11-10,2021-10-26,2021-10-14,0.0,0.0,0.0,0.006,100.0,100.0,1999-01-01,1999-01-01,1999-01-01,2021-09-03,1999-01-01,1999-01-01,413800.0,364100.0,380100.0,-38.5,-4.7,-4.27,0.001,-0.0,0.008,-0.005,-0.004,-0.001,0.00056,-0.00057,0.00718,-0.0049,-0.00361,-0.00132,44.493,43.928,43.286,43.278,39.639,38.436,16.667,33.333,100.0,0.0,11.111,22.222,51.304,48.9,0.0,40.275,42.647,100.0,2021-10-05,2021-04-14,2020-12-17,2021-07-21,2021-02-24,2020-11-03,174,118,8021,147,113,7977,2021-09-30,2021-08-19,2021-06-15,2021-09-06,2021-07-14,2021-04-21,2021-11-02,2021-10-27,2021-10-18,2021-11-10,2021-10-29,2021-10-26,2021-08-30,2021-04-07,1999-01-01,2021-06-16,2021-02-02,1999-01-01,0,1,1,0,1,0,1,0,0,0,1,0,0,1,0,1,1,0,1,0,0,1,1,0,0,0,1,0,1,0,,,,,,,,,,Life.Bull,Life.BearStart,Life.Bear,Life.BearRecovery,Life.Bear,,
2021-11-11,0.22917,,,,0.235,0.24641,0.25026,0.25571,0.26567,-0.01541,-0.01646,-0.00102,-0.00931,-0.01048,-0.00155,-0.01927,-0.02086,-0.00187,-0.0044,0.00598,-0.01037,0.23967,0.24668,-0.00701,-0.00568,-0.00422,-0.00146,,,,,,,,,,,,,,,,,,,0.01,0.0,0.00107,-0.00357,0.3,23.07692,27.2484,,,-28.22708,22.22222,7.40741,,22.222,16.66667,7.77778,36.43448,40.74535,,,0.00861,0.0078,,,0,0,0,,,,,,-0.15,,,0.268,0.25,0.258,0.249,0.249,0.253,2021-10-20,2021-09-29,2021-09-09,2021-10-05,2021-09-22,2021-08-30,-14.49,7.63,-0.4,0.4,-3.49,1.98,15.0,10.0,4.0,5.0,8.0,7.0,-1.0,1.0,-0.0,0.0,-0.0,0.0,0.235,0.26,0.285,0.225,0.255,0.265,2021-11-11,2021-10-27,2021-10-20,2021-11-10,2021-10-26,2021-10-14,0.0,0.0,0.0,0.006,100.0,100.0,1999-01-01,1999-01-01,1999-01-01,2021-09-03,1999-01-01,1999-01-01,364100.0,380100.0,517200.0,-4.7,-4.27,8.93,0.001,-0.0,0.008,-0.005,-0.004,-0.001,0.00056,-0.00057,0.00718,-0.0049,-0.00361,-0.00132,44.493,43.928,43.286,43.278,39.639,38.436,22.222,16.667,33.333,0.0,11.111,22.222,51.304,48.9,0.0,40.275,42.647,100.0,2021-10-05,2021-04-14,2020-12-17,2021-07-21,2021-02-24,2020-11-03,174,118,8021,147,113,7977,2021-09-30,2021-08-19,2021-06-15,2021-09-06,2021-07-14,2021-04-21,2021-11-11,2021-11-02,2021-10-27,2021-11-10,2021-10-29,2021-10-26,2021-08-30,2021-04-07,1999-01-01,2021-06-16,2021-02-02,1999-01-01,0,1,1,0,1,0,1,0,0,0,1,0,0,1,0,1,0,0,1,0,0,1,1,0,0,0,1,0,1,0,,,,,,,,,,Life.Bull,Life.BearStart,Life.Bear,Life.BearRecovery,Life.Bear,,
2021-11-12,0.22819,,,,,0.24514,0.24946,0.2552,0.26532,-0.01585,-0.01664,-0.00086,-0.01006,-0.01089,-0.00131,-0.02017,-0.02132,-0.00157,-0.00468,0.00575,-0.01043,0.23818,0.24544,-0.00726,-0.00617,-0.00462,-0.00155,,,,,,,,,,,,,,,,,,,-0.0,-0.005,0.00107,-0.00357,0.3,23.07692,25.49609,,,-28.22708,12.5,11.57407,,,33.33333,16.66667,35.83472,40.38632,,,0.00835,0.00777,,,0,0,0,,,,,,-0.15,,,0.268,0.25,0.258,0.249,0.249,0.253,2021-10-20,2021-09-29,2021-09-09,2021-10-05,2021-09-22,2021-08-30,-14.85,7.63,-0.4,0.4,-3.49,1.98,16.0,10.0,4.0,5.0,8.0,7.0,-1.0,1.0,-0.0,0.0,-0.0,0.0,0.235,0.26,0.285,0.225,0.255,0.265,2021-11-11,2021-10-27,2021-10-20,2021-11-10,2021-10-26,2021-10-14,0.0,0.0,0.0,0.006,100.0,100.0,1999-01-01,1999-01-01,1999-01-01,2021-09-03,1999-01-01,1999-01-01,380100.0,517200.0,61000.0,-4.27,8.93,-24.03,0.001,-0.0,0.008,-0.005,-0.004,-0.001,0.00056,-0.00057,0.00718,-0.0049,-0.00361,-0.00132,44.493,43.928,43.286,43.278,39.639,38.436,22.222,16.667,33.333,0.0,11.111,22.222,51.304,48.9,0.0,40.275,42.647,100.0,2021-10-05,2021-04-14,2020-12-17,2021-07-21,2021-02-24,2020-11-03,174,118,8021,147,113,7977,2021-09-30,2021-08-19,2021-06-15,2021-09-06,2021-07-14,2021-04-21,2021-11-11,2021-11-02,2021-10-27,2021-11-10,2021-10-29,2021-10-26,2021-08-30,2021-04-07,1999-01-01,2021-06-16,2021-02-02,1999-01-01,0,1,1,0,1,0,1,0,0,0,1,0,0,1,0,1,0,0,1,0,0,1,1,0,0,0,1,0,1,0,,,,,,,,,,Life.Bull,Life.BearStart,Life.Bear,Life.BearRecovery,Life.Bear,,
2021-11-15,0.22727,,,,,0.24359,0.2485,0.25461,0.26492,-0.01641,-0.01683,-0.00069,-0.01101,-0.01131,-0.00105,-0.02132,-0.0218,-0.00127,-0.00497,0.00552,-0.01049,0.23616,0.24393,-0.00777,-0.00668,-0.00503,-0.00165,,,,,,,,,,,,,,,,,,,-0.0,-0.005,0.00107,-0.00393,0.27273,21.42857,23.70411,,,-29.87543,12.5,15.74074,,,44.44444,31.48148,35.21991,40.01716,,,0.00847,0.00775,,,0,0,0,,,,,,-0.15,,,0.268,0.25,0.258,0.249,0.249,0.253,2021-10-20,2021-09-29,2021-09-09,2021-10-05,2021-09-22,2021-08-30,-15.2,7.63,-0.4,0.4,-3.49,1.98,17.0,10.0,4.0,5.0,8.0,7.0,-1.0,1.0,-0.0,0.0,-0.0,0.0,0.235,0.26,0.285,0.225,0.255,0.265,2021-11-11,2021-10-27,2021-10-20,2021-11-10,2021-10-26,2021-10-14,0.0,0.0,0.0,0.006,100.0,100.0,1999-01-01,1999-01-01,1999-01-01,2021-09-03,1999-01-01,1999-01-01,517200.0,61000.0,342800.0,8.93,-24.03,-3.89,0.001,-0.0,0.008,-0.005,-0.004,-0.001,0.00056,-0.00057,0.00718,-0.0049,-0.00361,-0.00132,44.493,43.928,43.286,43.278,39.639,38.436,22.222,16.667,33.333,0.0,11.111,22.222,51.304,48.9,0.0,40.275,42.647,100.0,2021-10-05,2021-04-14,2020-12-17,2021-07-21,2021-02-24,2020-11-03,174,118,8021,147,113,7977,2021-09-30,2021-08-19,2021-06-15,2021-09-06,2021-07-14,2021-04-21,2021-11-11,2021-11-02,2021-10-27,2021-11-10,2021-10-29,2021-10-26,2021-08-30,2021-04-07,1999-01-01,2021-06-16,2021-02-02,1999-01-01,0,1,1,0,1,0,1,0,0,0,1,0,0,1,0,1,0,0,1,0,0,1,1,0,0,0,1,0,1,0,,,,,,,,,,Life.Bull,Life.BearStart,Life.Bear,Life.BearRecovery,Life.Bear,,
2021-11-16,0.22635,,,,,0.24216,0.24758,0.25402,0.26452,-0.01694,-0.01703,-0.00052,-0.01186,-0.01174,-0.00079,-0.02235,-0.02229,-0.00096,-0.00526,0.00529,-0.01055,0.23444,0.24253,-0.00809,-0.0072,-0.00545,-0.00175,,,,,,,,,,,,,,,,,,,0.0,0.0,0.00107,-0.00321,0.33333,25.0,21.88152,,,-26.304,12.5,12.5,,,38.88889,38.88889,34.59544,39.64295,,,0.00786,0.00772,,,0,0,0,,,,,,-0.15,,,0.268,0.25,0.258,0.249,0.249,0.253,2021-10-20,2021-09-29,2021-09-09,2021-10-05,2021-09-22,2021-08-30,-15.54,7.63,-0.4,0.4,-3.49,1.98,18.0,10.0,4.0,5.0,8.0,7.0,-1.0,1.0,-0.0,0.0,-0.0,0.0,0.235,0.26,0.285,0.225,0.255,0.265,2021-11-11,2021-10-27,2021-10-20,2021-11-10,2021-10-26,2021-10-14,0.0,0.0,0.0,0.006,100.0,100.0,1999-01-01,1999-01-01,1999-01-01,2021-09-03,1999-01-01,1999-01-01,61000.0,342800.0,429000.0,-24.03,-3.89,-9.58,0.001,-0.0,0.008,-0.005,-0.004,-0.001,0.00056,-0.00057,0.00718,-0.0049,-0.00361,-0.00132,44.493,43.928,43.286,43.278,39.639,38.436,22.222,16.667,33.333,0.0,11.111,22.222,51.304,48.9,0.0,40.275,42.647,100.0,2021-10-05,2021-04-14,2020-12-17,2021-07-21,2021-02-24,2020-11-03,174,118,8021,147,113,7977,2021-09-30,2021-08-19,2021-06-15,2021-09-06,2021-07-14,2021-04-21,2021-11-11,2021-11-02,2021-10-27,2021-11-10,2021-10-29,2021-10-26,2021-08-30,2021-04-07,1999-01-01,2021-06-16,2021-02-02,1999-01-01,0,1,1,0,1,0,1,0,0,0,1,0,0,1,0,1,0,0,1,0,0,1,1,0,0,0,1,0,1,0,,,,,,,,,,Life.Bull,Life.BearStart,Life.Bear,Life.BearRecovery,Life.Bear,,
2021-11-17,0.22545,,,,,0.24084,0.2467,0.25345,0.26412,-0.01743,-0.01723,-0.00035,-0.0126,-0.01217,-0.00053,-0.02328,-0.02278,-0.00064,-0.00556,0.00506,-0.01062,0.23299,0.24123,-0.00824,-0.00772,-0.00588,-0.00184,,,,,,,,,,,,,,,,,,,0.0,0.0,0.00071,-0.00321,0.22222,18.18182,20.03742,,,-33.12218,12.5,12.5,,,33.33333,38.88889,33.96534,39.26636,,,0.00766,0.00769,,,0,0,0,,,,,,-0.15,,,0.268,0.25,0.258,0.249,0.249,0.253,2021-10-20,2021-09-29,2021-09-09,2021-10-05,2021-09-22,2021-08-30,-15.88,7.63,-0.4,0.4,-3.49,1.98,19.0,10.0,4.0,5.0,8.0,7.0,-1.0,1.0,-0.0,0.0,-0.0,0.0,0.235,0.26,0.285,0.225,0.255,0.265,2021-11-11,2021-10-27,2021-10-20,2021-11-10,2021-10-26,2021-10-14,0.0,0.0,0.0,0.006,100.0,100.0,1999-01-01,1999-01-01,1999-01-01,2021-09-03,1999-01-01,1999-01-01,342800.0,429000.0,56000.0,-3.89,-9.58,-0.6,0.001,-0.0,0.008,-0.005,-0.004,-0.001,0.00056,-0.00057,0.00718,-0.0049,-0.00361,-0.00132,44.493,43.928,43.286,43.278,39.639,38.436,22.222,16.667,33.333,0.0,11.111,22.222,51.304,48.9,0.0,40.275,42.647,100.0,2021-10-05,2021-04-14,2020-12-17,2021-07-21,2021-02-24,2020-11-03,174,118,8021,147,113,7977,2021-09-30,2021-08-19,2021-06-15,2021-09-06,2021-07-14,2021-04-21,2021-11-11,2021-11-02,2021-10-27,2021-11-10,2021-10-29,2021-10-26,2021-08-30,2021-04-07,1999-01-01,2021-06-16,2021-02-02,1999-01-01,0,1,1,0,1,0,1,0,0,0,1,0,0,1,0,1,0,0,1,0,0,1,1,0,0,0,1,0,1,0,,,,,,,,,,Life.Bull,Life.BearStart,Life.Bear,Life.BearRecovery,Life.Bear,,
