Date,smooth_close,smooth_troughs,smooth_peaks,close_troughs,close_peaks,ma25,ma50,ma100,ma200,macd_short,macd_long,MACD,MACD_signal,smooth_macd,macd_distance,macd_troughs,macd_peaks,PnL1,PnL2,PnL3,PnL4,PnL5,PnL6,PnL7,PnL8,PnL1_days,PnL2_days,PnL3_days,PnL4_days,PnL5_days,PnL6_days,PnL7_days,PnL8_days,rsi_up_chg,rsi_down_chg,rsi_up_chg_avg,rsi_down_chg_avg,rsi_rs,RSI,smooth_rsi,rsi_troughs,rsi_peaks,rsi_distance,fastK,fastD,fast_troughs,fast_peaks,slowK,slowD,smooth_slowK,smooth_slowD,slow_troughs,slow_peaks,ATR,smooth_atr,atr_troughs,atr_peaks,dist_no25,dist_no200,dist_all4,all_no25,no200_no25,all_no200,all4_up,no25_up,no200_up,bull_start,bull,bull_retrace,bull_end,bear_start,bear,bear_recovery,bear_end,smooth_p1,smooth_p2,smooth_p3,smooth_t1,smooth_t2,smooth_t3,smooth_p1_date,smooth_p2_date,smooth_p3_date,smooth_t1_date,smooth_t2_date,smooth_t3_date,smooth_diff_0,smooth_diff_1,smooth_diff_2,smooth_diff_3,smooth_diff_4,smooth_diff_5,smooth_day_0,smooth_day_1,smooth_day_2,smooth_day_3,smooth_day_4,smooth_day_5,smooth_angle_0,smooth_angle_1,smooth_angle_2,smooth_angle_3,smooth_angle_4,smooth_angle_5,close_p1,close_p2,close_p3,close_t1,close_t2,close_t3,close_p1_date,close_p2_date,close_p3_date,close_t1_date,close_t2_date,close_t3_date,atr_p1,atr_p2,atr_p3,atr_t1,atr_t2,atr_t3,atr_p1_date,atr_p2_date,atr_p3_date,atr_t1_date,atr_t2_date,atr_t3_date,v3,v2,v1,v3p,v2p,v1p,macd_p1,macd_p2,macd_p3,macd_t1,macd_t2,macd_t3,macd_p1_signal,macd_p2_signal,macd_p3_signal,macd_t1_signal,macd_t2_signal,macd_t3_signal,slow_p1,slow_p2,slow_p3,slow_t1,slow_t2,slow_t3,fast_p1,fast_p2,fast_p3,fast_t1,fast_t2,fast_t3,rsi_p1,rsi_p2,rsi_p3,rsi_t1,rsi_t2,rsi_t3,macd_p1_date,macd_p2_date,macd_p3_date,macd_t1_date,macd_t2_date,macd_t3_date,macd_p1_days,macd_p2_days,macd_p3_days,macd_t1_days,macd_t2_days,macd_t3_days,slow_p1_date,slow_p2_date,slow_p3_date,slow_t1_date,slow_t2_date,slow_t3_date,fast_p1_date,fast_p2_date,fast_p3_date,fast_t1_date,fast_t2_date,fast_t3_date,rsi_p1_date,rsi_p2_date,rsi_p3_date,rsi_t1_date,rsi_t2_date,rsi_t3_date,minsmcp,maxsmcp,minsmct,maxsmct,mincp,maxcp,minct,maxct,minmp,maxmp,minmt,maxmt,minsp,maxsp,minst,maxst,minfp,maxfp,minft,maxft,minrp,maxrp,minrt,maxrt,minap,maxap,minat,maxat,mp_positives,mt_positives,vol_n2p,vol_p2p,vol_p2n,vol_n2n,vol_hist5,vol_hist4,vol_hist3,vol_hist2,vol_hist1,life5,life4,life3,life2,life1,buy_call,sell_call
2019-05-16,1.06366,,,,,1.0705,1.0705,1.0705,1.0705,1.0705,1.0705,0.0,0.0,0.0,0.0,,,-5.14,2.38,-29.24,28.86,-0.32,1.28,-12.09,4.78,9.0,11.0,51.0,41.0,3.0,7.0,22.0,9.0,,,,,,,,,,,,,,,,,,,,,0.1071,0.1071,,,-0.0,-0.0,-0.0,0.0,0.0,0.0,0,0,0,,,,,0.15,,,,0.0,0.0,0.0,0.0,0.0,0.0,1999-01-01,1999-01-01,1999-01-01,1999-01-01,1999-01-01,1999-01-01,,,,,,,0.0,0.0,0.0,0.0,0.0,0.0,0.0,0.0,0.0,0.0,0.0,0.0,0.0,0.0,0.0,0.0,0.0,0.0,1999-01-01,1999-01-01,1999-01-01,1999-01-01,1999-01-01,1999-01-01,0.0,0.0,0.0,100.0,100.0,100.0,1999-01-01,1999-01-01,1999-01-01,1999-01-01,1999-01-01,1999-01-01,0.0,0.0,215409100.0,0.0,0.0,21540910000.0,0.0,0.0,0.0,100.0,100.0,100.0,0.0,0.0,0.0,100.0,100.0,100.0,0.0,0.0,0.0,100.0,100.0,100.0,0.0,0.0,0.0,100.0,100.0,100.0,0.0,0.0,0.0,100.0,100.0,100.0,1999-01-01,1999-01-01,1999-01-01,1999-01-01,1999-01-01,1999-01-01,0,0,0,0,0,0,1999-01-01,1999-01-01,1999-01-01,1999-01-01,1999-01-01,1999-01-01,1999-01-01,1999-01-01,1999-01-01,1999-01-01,1999-01-01,1999-01-01,1999-01-01,1999-01-01,1999-01-01,1999-01-01,1999-01-01,1999-01-01,0,0,0,0,0,0,0,0,0,0,0,0,0,0,0,0,0,0,0,0,0,0,0,0,0,0,0,0,1,1,,,,,,,,,,Life.Empty,Life.Empty,Life.Empty,Life.Empty,Life.BearStart,,
2019-05-17,1.05033,,,,,1.06825,1.06935,1.06992,1.07021,1.06601,1.06834,-0.00233,-0.00047,-0.00062,-0.00186,,,-3.93,2.38,-29.24,28.86,-0.32,1.28,-12.09,4.78,8.0,11.0,51.0,41.0,3.0,7.0,22.0,9.0,-0.0,-0.0292,,,,,,,,,,,,,,,,,,,0.10292,0.10396,,,-0.0086,-0.0167,-0.0196,-0.011,-0.0081,-0.0029,0,0,0,,,,,,-0.15,,,0.0,0.0,0.0,0.0,0.0,0.0,1999-01-01,1999-01-01,1999-01-01,1999-01-01,1999-01-01,1999-01-01,,,,,,,0.0,0.0,0.0,0.0,0.0,0.0,0.0,0.0,0.0,0.0,0.0,0.0,0.0,0.0,0.0,0.0,0.0,0.0,1999-01-01,1999-01-01,1999-01-01,1999-01-01,1999-01-01,1999-01-01,0.0,0.0,0.0,100.0,100.0,100.0,1999-01-01,1999-01-01,1999-01-01,1999-01-01,1999-01-01,1999-01-01,0.0,215409100.0,24344800.0,0.0,21540910000.0,11.3,0.0,0.0,0.0,100.0,100.0,100.0,0.0,0.0,0.0,100.0,100.0,100.0,0.0,0.0,0.0,100.0,100.0,100.0,0.0,0.0,0.0,100.0,100.0,100.0,0.0,0.0,0.0,100.0,100.0,100.0,1999-01-01,1999-01-01,1999-01-01,1999-01-01,1999-01-01,1999-01-01,0,0,0,0,0,0,1999-01-01,1999-01-01,1999-01-01,1999-01-01,1999-01-01,1999-01-01,1999-01-01,1999-01-01,1999-01-01,1999-01-01,1999-01-01,1999-01-01,1999-01-01,1999-01-01,1999-01-01,1999-01-01,1999-01-01,1999-01-01,0,0,0,0,0,0,0,0,0,0,0,0,0,0,0,0,0,0,0,0,0,0,0,0,0,0,0,0,1,1,,,,,,,,,,Life.Empty,Life.Empty,Life.Empty,Life.BearStart,Life.Bear,,
2019-05-21,1.03808,,,,,1.06468,1.06749,1.06897,1.06973,1.05921,1.06489,-0.00568,-0.00151,-0.00125,-0.00417,,,-2.8,2.38,-29.24,28.86,-0.32,1.28,-12.09,4.78,6.0,11.0,51.0,41.0,3.0,7.0,22.0,9.0,-0.0,-0.0195,,,,,,,,,,,,,,,,,,,0.09905,0.10083,,,-0.0224,-0.0429,-0.0505,-0.0281,-0.0205,-0.0076,0,0,0,,,,,,-0.15,,,0.0,0.0,0.0,0.0,0.0,0.0,1999-01-01,1999-01-01,1999-01-01,1999-01-01,1999-01-01,1999-01-01,,,,,,,0.0,0.0,0.0,0.0,0.0,0.0,0.0,0.0,0.0,0.0,0.0,0.0,0.0,0.0,0.0,0.0,0.0,0.0,1999-01-01,1999-01-01,1999-01-01,1999-01-01,1999-01-01,1999-01-01,0.0,0.0,0.0,100.0,100.0,100.0,1999-01-01,1999-01-01,1999-01-01,1999-01-01,1999-01-01,1999-01-01,215409100.0,24344800.0,24565700.0,21540910000.0,11.3,10.25,0.0,0.0,0.0,100.0,100.0,100.0,0.0,0.0,0.0,100.0,100.0,100.0,0.0,0.0,0.0,100.0,100.0,100.0,0.0,0.0,0.0,100.0,100.0,100.0,0.0,0.0,0.0,100.0,100.0,100.0,1999-01-01,1999-01-01,1999-01-01,1999-01-01,1999-01-01,1999-01-01,0,0,0,0,0,0,1999-01-01,1999-01-01,1999-01-01,1999-01-01,1999-01-01,1999-01-01,1999-01-01,1999-01-01,1999-01-01,1999-01-01,1999-01-01,1999-01-01,1999-01-01,1999-01-01,1999-01-01,1999-01-01,1999-01-01,1999-01-01,0,0,0,0,0,0,0,0,0,0,0,0,0,0,0,0,0,0,0,0,0,0,0,0,0,0,0,0,1,1,,,,,,,,,,Life.Empty,Life.Empty,Life.Empty,Life.BearStart,Life.Bear,,
2019-05-23,1.02761,,,1.002,,1.05989,1.06494,1.06765,1.06906,1.05047,1.06026,-0.00979,-0.00317,-0.00187,-0.00663,,,-1.81,2.38,-29.24,28.86,-0.32,1.28,-12.09,4.78,4.0,11.0,51.0,41.0,3.0,7.0,22.0,9.0,-0.0,-0.0194,,,,,,,,,,,,,,,,,,,0.09336,0.09771,,,-0.0412,-0.0776,-0.0917,-0.0505,-0.0364,-0.0141,0,0,0,,,,,,-0.15,,,0.0,0.0,0.0,0.0,0.0,0.0,1999-01-01,1999-01-01,1999-01-01,1999-01-01,1999-01-01,1999-01-01,,,,,,,0.0,0.0,0.0,0.0,0.0,0.0,0.0,0.0,0.0,0.0,0.0,0.0,0.0,0.0,0.0,1.002,0.0,0.0,1999-01-01,1999-01-01,1999-01-01,2019-05-23,1999-01-01,1999-01-01,0.0,0.0,0.0,100.0,100.0,100.0,1999-01-01,1999-01-01,1999-01-01,1999-01-01,1999-01-01,1999-01-01,24344800.0,24565700.0,34709600.0,11.3,10.25,-68.36,0.0,0.0,0.0,100.0,100.0,100.0,0.0,0.0,0.0,100.0,100.0,100.0,0.0,0.0,0.0,100.0,100.0,100.0,0.0,0.0,0.0,100.0,100.0,100.0,0.0,0.0,0.0,100.0,100.0,100.0,1999-01-01,1999-01-01,1999-01-01,1999-01-01,1999-01-01,1999-01-01,0,0,0,0,0,0,1999-01-01,1999-01-01,1999-01-01,1999-01-01,1999-01-01,1999-01-01,1999-01-01,1999-01-01,1999-01-01,1999-01-01,1999-01-01,1999-01-01,1999-01-01,1999-01-01,1999-01-01,1999-01-01,1999-01-01,1999-01-01,0,0,0,0,0,0,0,1,0,0,0,0,0,0,0,0,0,0,0,0,0,0,0,0,0,0,0,0,1,1,,,-34709600,,,,,,p2n,Life.Empty,Life.Empty,Life.Empty,Life.BearStart,Life.Bear,,
2019-05-24,1.01937,,,,,1.05621,1.06287,1.06655,1.06849,1.04456,1.05669,-0.01213,-0.00496,-0.0025,-0.00717,,,-1.02,2.38,-29.24,28.86,-0.32,1.28,-12.09,4.78,3.0,11.0,51.0,41.0,3.0,7.0,22.0,9.0,0.0097,0.0,,,,,,,,,,,,,,,,,,,0.08808,0.09462,,,-0.0562,-0.1034,-0.1228,-0.0666,-0.0472,-0.0194,0,0,0,,,,,,-0.15,,,0.0,0.0,0.0,0.0,0.0,0.0,1999-01-01,1999-01-01,1999-01-01,1999-01-01,1999-01-01,1999-01-01,,,,,,,0.0,0.0,0.0,0.0,0.0,0.0,0.0,0.0,0.0,0.0,0.0,0.0,0.0,0.0,0.0,1.002,0.0,0.0,1999-01-01,1999-01-01,1999-01-01,2019-05-23,1999-01-01,1999-01-01,0.0,0.0,0.0,100.0,100.0,100.0,1999-01-01,1999-01-01,1999-01-01,1999-01-01,1999-01-01,1999-01-01,24565700.0,34709600.0,13086500.0,10.25,-68.36,-13.46,0.0,0.0,0.0,100.0,100.0,100.0,0.0,0.0,0.0,100.0,100.0,100.0,0.0,0.0,0.0,100.0,100.0,100.0,0.0,0.0,0.0,100.0,100.0,100.0,0.0,0.0,0.0,100.0,100.0,100.0,1999-01-01,1999-01-01,1999-01-01,1999-01-01,1999-01-01,1999-01-01,0,0,0,0,0,0,1999-01-01,1999-01-01,1999-01-01,1999-01-01,1999-01-01,1999-01-01,1999-01-01,1999-01-01,1999-01-01,1999-01-01,1999-01-01,1999-01-01,1999-01-01,1999-01-01,1999-01-01,1999-01-01,1999-01-01,1999-01-01,0,0,0,0,0,0,0,1,0,0,0,0,0,0,0,0,0,0,0,0,0,0,0,0,0,0,0,0,1,1,,,,,,,,p2n,,Life.Empty,Life.Empty,Life.Empty,Life.BearStart,Life.Bear,,
2019-05-27,1.01345,,,,1.012,1.05282,1.06087,1.06547,1.06793,1.03957,1.05339,-0.01382,-0.00673,-0.00312,-0.00709,,,-0.44,2.38,-29.24,28.86,-0.32,1.28,-12.09,4.78,2.0,11.0,51.0,41.0,3.0,7.0,22.0,9.0,0.0,0.0,,,,,,,,,,,,,,,,,,,0.08388,0.09156,,,-0.0706,-0.1265,-0.1511,-0.0805,-0.0559,-0.0246,0,0,0,,,,,,-0.15,,,0.0,0.0,0.0,0.0,0.0,0.0,1999-01-01,1999-01-01,1999-01-01,1999-01-01,1999-01-01,1999-01-01,,,,,,,0.0,0.0,0.0,0.0,0.0,0.0,0.0,0.0,0.0,0.0,0.0,0.0,1.012,0.0,0.0,1.002,0.0,0.0,2019-05-27,1999-01-01,1999-01-01,2019-05-23,1999-01-01,1999-01-01,0.0,0.0,0.0,100.0,100.0,100.0,1999-01-01,1999-01-01,1999-01-01,1999-01-01,1999-01-01,1999-01-01,34709600.0,13086500.0,17319300.0,-68.36,-13.46,-10.01,0.0,0.0,0.0,100.0,100.0,100.0,0.0,0.0,0.0,100.0,100.0,100.0,0.0,0.0,0.0,100.0,100.0,100.0,0.0,0.0,0.0,100.0,100.0,100.0,0.0,0.0,0.0,100.0,100.0,100.0,1999-01-01,1999-01-01,1999-01-01,1999-01-01,1999-01-01,1999-01-01,0,0,0,0,0,0,1999-01-01,1999-01-01,1999-01-01,1999-01-01,1999-01-01,1999-01-01,1999-01-01,1999-01-01,1999-01-01,1999-01-01,1999-01-01,1999-01-01,1999-01-01,1999-01-01,1999-01-01,1999-01-01,1999-01-01,1999-01-01,0,0,0,0,0,1,0,1,0,0,0,0,0,0,0,0,0,0,0,0,0,0,0,0,0,0,0,0,1,1,,,,,,,p2n,,,Life.Empty,Life.Empty,Life.Empty,Life.BearStart,Life.Bear,,
2019-05-28,1.00992,,,,,1.04894,1.05858,1.06422,1.06728,1.03385,1.04961,-0.01576,-0.00854,-0.00375,-0.00722,,,-0.09,2.38,-29.24,28.86,-0.32,1.28,-12.09,4.78,1.0,11.0,51.0,41.0,3.0,7.0,22.0,9.0,-0.0,-0.0097,,,,,,,,,,,,,18.05532,,,,,,0.07928,0.08854,,,-0.087,-0.1528,-0.1834,-0.0964,-0.0658,-0.0306,0,0,0,,,,,,-0.15,,,0.0,0.0,0.0,0.0,0.0,0.0,1999-01-01,1999-01-01,1999-01-01,1999-01-01,1999-01-01,1999-01-01,,,,,,,0.0,0.0,0.0,0.0,0.0,0.0,0.0,0.0,0.0,0.0,0.0,0.0,1.012,0.0,0.0,1.002,0.0,0.0,2019-05-27,1999-01-01,1999-01-01,2019-05-23,1999-01-01,1999-01-01,0.0,0.0,0.0,100.0,100.0,100.0,1999-01-01,1999-01-01,1999-01-01,1999-01-01,1999-01-01,1999-01-01,13086500.0,17319300.0,5601500.0,-13.46,-10.01,-44.7,0.0,0.0,0.0,100.0,100.0,100.0,0.0,0.0,0.0,100.0,100.0,100.0,0.0,0.0,0.0,100.0,100.0,100.0,0.0,0.0,0.0,100.0,100.0,100.0,0.0,0.0,0.0,100.0,100.0,100.0,1999-01-01,1999-01-01,1999-01-01,1999-01-01,1999-01-01,1999-01-01,0,0,0,0,0,0,1999-01-01,1999-01-01,1999-01-01,1999-01-01,1999-01-01,1999-01-01,1999-01-01,1999-01-01,1999-01-01,1999-01-01,1999-01-01,1999-01-01,1999-01-01,1999-01-01,1999-01-01,1999-01-01,1999-01-01,1999-01-01,0,0,0,0,0,1,0,1,0,0,0,0,0,0,0,0,0,0,0,0,0,0,0,0,0,0,0,0,1,1,,,,,,p2n,,,,Life.Empty,Life.Empty,Life.Empty,Life.BearStart,Life.Bear,,
2019-05-29,1.00885,1.009,,,,1.04536,1.05638,1.063,1.06663,1.02901,1.04612,-0.0171,-0.01025,-0.00437,-0.00685,,,2.39,-29.24,28.86,-0.32,1.28,-12.09,4.78,-12.9,11.0,51.0,41.0,3.0,7.0,22.0,9.0,35.0,0.0,0.0,,,,,,,,,,,,,25.25796,,,,,,0.0757,0.08556,,,-0.1025,-0.1764,-0.2127,-0.1102,-0.0739,-0.0363,0,0,0,,,,,,-0.15,,,0.0,0.0,0.0,1.009,0.0,0.0,1999-01-01,1999-01-01,1999-01-01,2019-05-29,1999-01-01,1999-01-01,,,,,,,0.0,0.0,0.0,0.0,0.0,0.0,0.0,0.0,0.0,0.0,0.0,0.0,1.012,0.0,0.0,1.002,0.0,0.0,2019-05-27,1999-01-01,1999-01-01,2019-05-23,1999-01-01,1999-01-01,0.0,0.0,0.0,100.0,100.0,100.0,1999-01-01,1999-01-01,1999-01-01,1999-01-01,1999-01-01,1999-01-01,17319300.0,5601500.0,11850500.0,-10.01,-44.7,-3.43,0.0,0.0,0.0,100.0,100.0,100.0,0.0,0.0,0.0,100.0,100.0,100.0,0.0,0.0,0.0,100.0,100.0,100.0,0.0,0.0,0.0,100.0,100.0,100.0,0.0,0.0,0.0,100.0,100.0,100.0,1999-01-01,1999-01-01,1999-01-01,1999-01-01,1999-01-01,1999-01-01,0,0,0,0,0,0,1999-01-01,1999-01-01,1999-01-01,1999-01-01,1999-01-01,1999-01-01,1999-01-01,1999-01-01,1999-01-01,1999-01-01,1999-01-01,1999-01-01,1999-01-01,1999-01-01,1999-01-01,1999-01-01,1999-01-01,1999-01-01,0,0,0,1,0,1,0,1,0,0,0,0,0,0,0,0,0,0,0,0,0,0,0,0,0,0,0,0,1,1,,,,,p2n,,,,,Life.Empty,Life.Empty,Life.Empty,Life.BearStart,Life.Bear,,
2019-05-30,1.01008,,,0.993,,1.0413,1.05388,1.06161,1.0659,1.02341,1.04215,-0.01874,-0.01195,-0.005,-0.00679,,,2.27,-29.24,28.86,-0.32,1.28,-12.09,4.78,-12.9,10.0,51.0,41.0,3.0,7.0,22.0,9.0,35.0,-0.0,-0.0098,,,,,,,,,,,,,23.3744,22.22923,,,,,0.07099,0.08263,,,-0.1202,-0.2031,-0.246,-0.1258,-0.0829,-0.0429,0,0,0,,,,,,-0.15,,,0.0,0.0,0.0,1.009,0.0,0.0,1999-01-01,1999-01-01,1999-01-01,2019-05-29,1999-01-01,1999-01-01,0.11,,,,,,1.0,0.0,0.0,0.0,0.0,0.0,0.0,0.0,0.0,0.0,0.0,0.0,1.012,0.0,0.0,0.993,1.002,0.0,2019-05-27,1999-01-01,1999-01-01,2019-05-30,2019-05-23,1999-01-01,0.0,0.0,0.0,100.0,100.0,100.0,1999-01-01,1999-01-01,1999-01-01,1999-01-01,1999-01-01,1999-01-01,5601500.0,11850500.0,6925000.0,-44.7,-3.43,-29.89,0.0,0.0,0.0,100.0,100.0,100.0,0.0,0.0,0.0,100.0,100.0,100.0,0.0,0.0,0.0,100.0,100.0,100.0,0.0,0.0,0.0,100.0,100.0,100.0,0.0,0.0,0.0,100.0,100.0,100.0,1999-01-01,1999-01-01,1999-01-01,1999-01-01,1999-01-01,1999-01-01,0,0,0,0,0,0,1999-01-01,1999-01-01,1999-01-01,1999-01-01,1999-01-01,1999-01-01,1999-01-01,1999-01-01,1999-01-01,1999-01-01,1999-01-01,1999-01-01,1999-01-01,1999-01-01,1999-01-01,1999-01-01,1999-01-01,1999-01-01,0,0,0,1,0,1,0,0,0,0,0,0,0,0,0,0,0,0,0,0,0,0,0,0,0,0,0,0,1,1,,,,,,,,,,Life.Empty,Life.Empty,Life.Empty,Life.BearStart,Life.Bear,,
2019-05-31,1.01315,,,,,1.03906,1.05224,1.06062,1.06536,1.02167,1.03993,-0.01826,-0.01321,-0.00562,-0.00505,,,1.96,-29.24,28.86,-0.32,1.28,-12.09,4.78,-12.9,9.0,51.0,41.0,3.0,7.0,22.0,9.0,35.0,0.0195,0.0,,,,,,,,,,,,,33.33333,27.3219,,,,,0.06871,0.07976,,,-0.1312,-0.2156,-0.263,-0.1318,-0.0844,-0.0474,0,0,0,,,,,,-0.15,,,0.0,0.0,0.0,1.009,0.0,0.0,1999-01-01,1999-01-01,1999-01-01,2019-05-29,1999-01-01,1999-01-01,0.41,,,,,,2.0,0.0,0.0,0.0,0.0,0.0,0.0,0.0,0.0,0.0,0.0,0.0,1.012,0.0,0.0,0.993,1.002,0.0,2019-05-27,1999-01-01,1999-01-01,2019-05-30,2019-05-23,1999-01-01,0.0,0.0,0.0,100.0,100.0,100.0,1999-01-01,1999-01-01,1999-01-01,1999-01-01,1999-01-01,1999-01-01,11850500.0,6925000.0,10375400.0,-3.43,-29.89,19.58,0.0,0.0,0.0,100.0,100.0,100.0,0.0,0.0,0.0,100.0,100.0,100.0,0.0,0.0,0.0,100.0,100.0,100.0,0.0,0.0,0.0,100.0,100.0,100.0,0.0,0.0,0.0,100.0,100.0,100.0,1999-01-01,1999-01-01,1999-01-01,1999-01-01,1999-01-01,1999-01-01,0,0,0,0,0,0,1999-01-01,1999-01-01,1999-01-01,1999-01-01,1999-01-01,1999-01-01,1999-01-01,1999-01-01,1999-01-01,1999-01-01,1999-01-01,1999-01-01,1999-01-01,1999-01-01,1999-01-01,1999-01-01,1999-01-01,1999-01-01,0,0,0,1,0,1,0,0,0,0,0,0,0,0,0,0,0,0,0,0,0,0,0,0,0,0,0,0,1,1,10375400,,,,,,,,n2p,Life.Empty,Life.Empty,Life.Empty,Life.BearStart,Life.Bear,,
2019-06-03,1.01731,,,,1.012,1.03698,1.05066,1.05966,1.06483,1.0202,1.03786,-0.01767,-0.0141,-0.00625,-0.00357,,,1.54,-29.24,28.86,-0.32,1.28,-12.09,4.78,-12.9,8.0,51.0,41.0,3.0,7.0,22.0,9.0,35.0,0.0,0.0,,,,,,,,,,,,,42.18951,32.96575,,,,,0.06449,0.07696,,,-0.1417,-0.2268,-0.2785,-0.1368,-0.0851,-0.0517,0,0,0,,,,,,-0.15,,,0.0,0.0,0.0,1.009,0.0,0.0,1999-01-01,1999-01-01,1999-01-01,2019-05-29,1999-01-01,1999-01-01,0.82,,,,,,3.0,0.0,0.0,0.0,0.0,0.0,0.0,0.0,0.0,0.0,0.0,0.0,1.012,1.012,0.0,0.993,1.002,0.0,2019-06-03,2019-05-27,1999-01-01,2019-05-30,2019-05-23,1999-01-01,0.0,0.0,0.0,100.0,100.0,100.0,1999-01-01,1999-01-01,1999-01-01,1999-01-01,1999-01-01,1999-01-01,6925000.0,10375400.0,4169600.0,-29.89,19.58,-26.35,0.0,0.0,0.0,100.0,100.0,100.0,0.0,0.0,0.0,100.0,100.0,100.0,0.0,0.0,0.0,100.0,100.0,100.0,0.0,0.0,0.0,100.0,100.0,100.0,0.0,0.0,0.0,100.0,100.0,100.0,1999-01-01,1999-01-01,1999-01-01,1999-01-01,1999-01-01,1999-01-01,0,0,0,0,0,0,1999-01-01,1999-01-01,1999-01-01,1999-01-01,1999-01-01,1999-01-01,1999-01-01,1999-01-01,1999-01-01,1999-01-01,1999-01-01,1999-01-01,1999-01-01,1999-01-01,1999-01-01,1999-01-01,1999-01-01,1999-01-01,0,0,0,1,0,1,0,0,0,0,0,0,0,0,0,0,0,0,0,0,0,0,0,0,0,0,0,0,1,1,,,4169600,,,,,n2p,p2n,Life.Empty,Life.Empty,Life.Empty,Life.BearStart,Life.Bear,,
2019-06-04,1.02179,,,1.002,,1.03432,1.04877,1.05853,1.06421,1.01746,1.03524,-0.01778,-0.01484,-0.00688,-0.00294,,,1.1,-29.24,28.86,-0.32,1.28,-12.09,4.78,-12.9,7.0,51.0,41.0,3.0,7.0,22.0,9.0,35.0,-0.0,-0.0097,,,,,,,,,,,,,50.0,41.84095,,,,,0.06058,0.07422,,,-0.1544,-0.2421,-0.2989,-0.1445,-0.0877,-0.0568,0,0,0,,,,,,-0.15,,,0.0,0.0,0.0,1.009,0.0,0.0,1999-01-01,1999-01-01,1999-01-01,2019-05-29,1999-01-01,1999-01-01,1.27,,,,,,4.0,0.0,0.0,0.0,0.0,0.0,0.0,0.0,0.0,0.0,0.0,0.0,1.012,1.012,0.0,1.002,0.993,1.002,2019-06-03,2019-05-27,1999-01-01,2019-06-04,2019-05-30,2019-05-23,0.0,0.0,0.0,100.0,100.0,100.0,1999-01-01,1999-01-01,1999-01-01,1999-01-01,1999-01-01,1999-01-01,10375400.0,4169600.0,972800.0,19.58,-26.35,-27.72,0.0,0.0,0.0,100.0,100.0,100.0,0.0,0.0,0.0,100.0,100.0,100.0,0.0,0.0,0.0,100.0,100.0,100.0,0.0,0.0,0.0,100.0,100.0,100.0,0.0,0.0,0.0,100.0,100.0,100.0,1999-01-01,1999-01-01,1999-01-01,1999-01-01,1999-01-01,1999-01-01,0,0,0,0,0,0,1999-01-01,1999-01-01,1999-01-01,1999-01-01,1999-01-01,1999-01-01,1999-01-01,1999-01-01,1999-01-01,1999-01-01,1999-01-01,1999-01-01,1999-01-01,1999-01-01,1999-01-01,1999-01-01,1999-01-01,1999-01-01,0,0,0,1,0,1,0,1,0,0,0,0,0,0,0,0,0,0,0,0,0,0,0,0,0,0,0,0,1,1,,,,,,,n2p,p2n,,Life.Empty,Life.Empty,Life.Empty,Life.BearStart,Life.Bear,,
2019-06-07,1.02609,,,,,1.03336,1.04771,1.0578,1.06379,1.01813,1.03424,-0.01611,-0.01509,-0.0075,-0.00102,,,0.67,-29.24,28.86,-0.32,1.28,-12.09,4.78,-12.9,4.0,51.0,41.0,3.0,7.0,22.0,9.0,35.0,0.0194,0.0,,,,,,,,,,,,,58.2906,50.16004,,,,,0.05834,0.07156,,,-0.1608,-0.2444,-0.3043,-0.1435,-0.0836,-0.0599,0,0,0,,,,,,-0.15,,,0.0,0.0,0.0,1.009,0.0,0.0,1999-01-01,1999-01-01,1999-01-01,2019-05-29,1999-01-01,1999-01-01,1.69,,,,,,5.0,0.0,0.0,0.0,0.0,0.0,0.0,0.0,0.0,0.0,0.0,0.0,1.012,1.012,0.0,1.002,0.993,1.002,2019-06-03,2019-05-27,1999-01-01,2019-06-04,2019-05-30,2019-05-23,0.0,0.0,0.0,100.0,100.0,100.0,1999-01-01,1999-01-01,1999-01-01,1999-01-01,1999-01-01,1999-01-01,4169600.0,972800.0,6108900.0,-26.35,-27.72,-27.49,0.0,0.0,0.0,100.0,100.0,100.0,0.0,0.0,0.0,100.0,100.0,100.0,0.0,0.0,0.0,100.0,100.0,100.0,0.0,0.0,0.0,100.0,100.0,100.0,0.0,0.0,0.0,100.0,100.0,100.0,1999-01-01,1999-01-01,1999-01-01,1999-01-01,1999-01-01,1999-01-01,0,0,0,0,0,0,1999-01-01,1999-01-01,1999-01-01,1999-01-01,1999-01-01,1999-01-01,1999-01-01,1999-01-01,1999-01-01,1999-01-01,1999-01-01,1999-01-01,1999-01-01,1999-01-01,1999-01-01,1999-01-01,1999-01-01,1999-01-01,0,0,0,1,0,1,0,1,0,0,0,0,0,0,0,0,0,0,0,0,0,0,0,0,0,0,0,0,1,1,,,,,,n2p,p2n,,,Life.Empty,Life.Empty,Life.Empty,Life.BearStart,Life.Bear,,
2019-06-10,1.02975,,,,,1.03547,1.04823,1.05786,1.06376,1.02469,1.03621,-0.01152,-0.01438,-0.00813,0.00286,,,0.32,-29.24,28.86,-0.32,1.28,-12.09,4.78,-12.9,3.0,51.0,41.0,3.0,7.0,22.0,9.0,35.0,0.039,0.0,,,,,,,,,44.46347,,,,66.8897,58.39343,,,,,0.05765,0.06897,,,-0.1553,-0.2239,-0.2829,-0.1276,-0.0686,-0.059,1,1,1,,,,,,,-0.15,,0.0,0.0,0.0,1.009,0.0,0.0,1999-01-01,1999-01-01,1999-01-01,2019-05-29,1999-01-01,1999-01-01,2.06,,,,,,6.0,0.0,0.0,0.0,0.0,0.0,0.0,0.0,0.0,0.0,0.0,0.0,1.012,1.012,0.0,1.002,0.993,1.002,2019-06-03,2019-05-27,1999-01-01,2019-06-04,2019-05-30,2019-05-23,0.0,0.0,0.0,100.0,100.0,100.0,1999-01-01,1999-01-01,1999-01-01,1999-01-01,1999-01-01,1999-01-01,972800.0,6108900.0,19964200.0,-27.72,-27.49,140.38,0.0,0.0,0.0,100.0,100.0,100.0,0.0,0.0,0.0,100.0,100.0,100.0,0.0,0.0,0.0,100.0,100.0,100.0,0.0,0.0,0.0,100.0,100.0,100.0,0.0,0.0,0.0,100.0,100.0,100.0,1999-01-01,1999-01-01,1999-01-01,1999-01-01,1999-01-01,1999-01-01,0,0,0,0,0,0,1999-01-01,1999-01-01,1999-01-01,1999-01-01,1999-01-01,1999-01-01,1999-01-01,1999-01-01,1999-01-01,1999-01-01,1999-01-01,1999-01-01,1999-01-01,1999-01-01,1999-01-01,1999-01-01,1999-01-01,1999-01-01,0,0,0,1,0,1,0,1,0,0,0,0,0,0,0,0,0,0,0,0,0,0,0,0,0,0,0,0,1,1,19964200,,,,n2p,p2n,,,n2p,Life.Empty,Life.Empty,Life.BearStart,Life.Bear,Life.BearRecovery,,
2019-06-11,1.03229,,,,1.061,1.03742,1.04872,1.05792,1.06373,1.03025,1.03803,-0.00778,-0.01306,-0.00875,0.00527,,,0.07,-29.24,28.86,-0.32,1.28,-12.09,4.78,-12.9,2.0,51.0,41.0,3.0,7.0,22.0,9.0,35.0,0.0,0.0,0.00626,-0.00695,0.90031,47.37696,,,,,80.06166,,,80.062,82.12809,69.1028,,,,,0.05493,0.06647,,,-0.1501,-0.205,-0.2631,-0.113,-0.0549,-0.0581,1,1,1,,,,,,,-0.15,,0.0,0.0,0.0,1.009,0.0,0.0,1999-01-01,1999-01-01,1999-01-01,2019-05-29,1999-01-01,1999-01-01,2.31,,,,,,7.0,0.0,0.0,0.0,0.0,0.0,0.0,0.0,0.0,0.0,0.0,0.0,1.061,1.012,1.012,1.002,0.993,1.002,2019-06-11,2019-06-03,2019-05-27,2019-06-04,2019-05-30,2019-05-23,0.0,0.0,0.0,100.0,100.0,100.0,1999-01-01,1999-01-01,1999-01-01,1999-01-01,1999-01-01,1999-01-01,6108900.0,19964200.0,11399600.0,-27.49,140.38,38.55,0.0,0.0,0.0,100.0,100.0,100.0,0.0,0.0,0.0,100.0,100.0,100.0,0.0,0.0,0.0,100.0,100.0,100.0,80.062,0.0,0.0,100.0,100.0,100.0,0.0,0.0,0.0,100.0,100.0,100.0,1999-01-01,1999-01-01,1999-01-01,1999-01-01,1999-01-01,1999-01-01,0,0,0,0,0,0,1999-01-01,1999-01-01,1999-01-01,1999-01-01,1999-01-01,1999-01-01,2019-06-11,1999-01-01,1999-01-01,1999-01-01,1999-01-01,1999-01-01,1999-01-01,1999-01-01,1999-01-01,1999-01-01,1999-01-01,1999-01-01,0,0,0,1,0,1,0,1,0,0,0,0,0,0,0,0,0,1,0,0,0,0,0,0,0,0,0,0,1,1,,,,,p2n,,,n2p,,Life.Empty,Life.Empty,Life.BearStart,Life.Bear,Life.BearRecovery,,
2019-06-12,1.03347,,,,,1.03772,1.04843,1.05759,1.06351,1.03195,1.03827,-0.00633,-0.01171,-0.00937,0.00539,,,-0.05,-29.24,28.86,-0.32,1.28,-12.09,4.78,-12.9,1.0,51.0,41.0,3.0,7.0,22.0,9.0,35.0,-0.0,-0.0195,0.00626,-0.00626,1.0,50.0,,,,,66.66667,63.7306,,,76.21145,75.07642,,,,,0.05309,0.06405,,,-0.1508,-0.1987,-0.2579,-0.1071,-0.0479,-0.0592,1,1,1,,,,,,,-0.15,,0.0,0.0,0.0,1.009,0.0,0.0,1999-01-01,1999-01-01,1999-01-01,2019-05-29,1999-01-01,1999-01-01,2.43,,,,,,8.0,0.0,0.0,0.0,0.0,0.0,0.0,0.0,0.0,0.0,0.0,0.0,1.061,1.012,1.012,1.002,0.993,1.002,2019-06-11,2019-06-03,2019-05-27,2019-06-04,2019-05-30,2019-05-23,0.0,0.0,0.0,100.0,100.0,100.0,1999-01-01,1999-01-01,1999-01-01,1999-01-01,1999-01-01,1999-01-01,19964200.0,11399600.0,4351600.0,140.38,38.55,-4.69,0.0,0.0,0.0,100.0,100.0,100.0,0.0,0.0,0.0,100.0,100.0,100.0,0.0,0.0,0.0,100.0,100.0,100.0,80.062,0.0,0.0,100.0,100.0,100.0,0.0,0.0,0.0,100.0,100.0,100.0,1999-01-01,1999-01-01,1999-01-01,1999-01-01,1999-01-01,1999-01-01,0,0,0,0,0,0,1999-01-01,1999-01-01,1999-01-01,1999-01-01,1999-01-01,1999-01-01,2019-06-11,1999-01-01,1999-01-01,1999-01-01,1999-01-01,1999-01-01,1999-01-01,1999-01-01,1999-01-01,1999-01-01,1999-01-01,1999-01-01,0,0,0,1,0,1,0,1,0,0,0,0,0,0,0,0,0,1,0,0,0,0,0,0,0,0,0,0,1,1,,,-4351600,,,,n2p,,p2n,Life.Empty,Life.Empty,Life.BearStart,Life.Bear,Life.BearRecovery,,
2019-06-13,1.03321,,1.033,,,1.03799,1.04815,1.05727,1.06328,1.03339,1.0385,-0.00511,-0.01039,-0.00999,0.00528,,,-29.25,28.86,-0.32,1.28,-12.09,4.78,-12.9,1.05,51.0,41.0,3.0,7.0,22.0,9.0,35.0,6.0,0.0,0.0,0.00626,-0.00486,1.28634,56.26204,,,,,66.66667,71.13167,,,66.66667,75.00207,,,,,0.05138,0.06172,,,-0.1513,-0.1928,-0.2529,-0.1016,-0.0415,-0.0601,1,0,1,,,,,,-0.15,,,1.033,0.0,0.0,1.009,0.0,0.0,2019-06-13,1999-01-01,1999-01-01,2019-05-29,1999-01-01,1999-01-01,0.0,2.38,,,,,0.0,9.0,0.0,0.0,0.0,0.0,0.0,0.0,0.0,0.0,0.0,0.0,1.061,1.012,1.012,1.002,0.993,1.002,2019-06-11,2019-06-03,2019-05-27,2019-06-04,2019-05-30,2019-05-23,0.0,0.0,0.0,100.0,100.0,100.0,1999-01-01,1999-01-01,1999-01-01,1999-01-01,1999-01-01,1999-01-01,11399600.0,4351600.0,5627800.0,38.55,-4.69,-40.14,0.0,0.0,0.0,100.0,100.0,100.0,0.0,0.0,0.0,100.0,100.0,100.0,0.0,0.0,0.0,100.0,100.0,100.0,80.062,0.0,0.0,100.0,100.0,100.0,0.0,0.0,0.0,100.0,100.0,100.0,1999-01-01,1999-01-01,1999-01-01,1999-01-01,1999-01-01,1999-01-01,0,0,0,0,0,0,1999-01-01,1999-01-01,1999-01-01,1999-01-01,1999-01-01,1999-01-01,2019-06-11,1999-01-01,1999-01-01,1999-01-01,1999-01-01,1999-01-01,1999-01-01,1999-01-01,1999-01-01,1999-01-01,1999-01-01,1999-01-01,0,1,0,1,0,1,0,1,0,0,0,0,0,0,0,0,0,1,0,0,0,0,0,0,0,0,0,0,1,1,,,,,,n2p,,p2n,,Life.Empty,Life.BearStart,Life.Bear,Life.BearRecovery,Life.Bear,,
2019-06-14,1.03158,,,1.012,,1.036,1.04674,1.05637,1.06277,1.03011,1.03654,-0.00643,-0.0096,-0.01061,0.00317,,,-29.14,28.86,-0.32,1.28,-12.09,4.78,-12.9,1.05,50.0,41.0,3.0,7.0,22.0,9.0,35.0,6.0,-0.0,-0.0292,0.00626,-0.00556,1.12452,52.93051,,,,,33.33333,55.55556,33.333,,38.08125,60.31979,,,,,0.0498,0.05948,,,-0.1603,-0.2037,-0.2677,-0.1074,-0.0434,-0.064,0,0,0,,,,,,-0.15,,,1.033,0.0,0.0,1.009,0.0,0.0,2019-06-13,1999-01-01,1999-01-01,2019-05-29,1999-01-01,1999-01-01,-0.14,2.38,,,,,1.0,9.0,0.0,0.0,0.0,0.0,-0.0,0.0,0.0,0.0,0.0,0.0,1.061,1.012,1.012,1.012,1.002,0.993,2019-06-11,2019-06-03,2019-05-27,2019-06-14,2019-06-04,2019-05-30,0.0,0.0,0.0,100.0,100.0,100.0,1999-01-01,1999-01-01,1999-01-01,1999-01-01,1999-01-01,1999-01-01,4351600.0,5627800.0,1935200.0,-4.69,-40.14,-44.27,0.0,0.0,0.0,100.0,100.0,100.0,0.0,0.0,0.0,100.0,100.0,100.0,0.0,0.0,0.0,100.0,100.0,100.0,80.062,0.0,0.0,33.333,100.0,100.0,0.0,0.0,0.0,100.0,100.0,100.0,1999-01-01,1999-01-01,1999-01-01,1999-01-01,1999-01-01,1999-01-01,0,0,0,0,0,0,1999-01-01,1999-01-01,1999-01-01,1999-01-01,1999-01-01,1999-01-01,2019-06-11,1999-01-01,1999-01-01,2019-06-14,1999-01-01,1999-01-01,1999-01-01,1999-01-01,1999-01-01,1999-01-01,1999-01-01,1999-01-01,0,1,0,1,0,1,0,1,0,0,0,0,0,0,0,0,0,1,1,0,0,0,0,0,0,0,0,0,1,1,,,,,n2p,,p2n,,,Life.Empty,Life.BearStart,Life.Bear,Life.BearRecovery,Life.Bear,,
2019-06-17,1.02875,,,,,1.03491,1.04576,1.05569,1.06237,1.02883,1.03545,-0.00662,-0.009,-0.01122,0.00239,,,-28.94,28.86,-0.32,1.28,-12.09,4.78,-12.9,1.05,49.0,41.0,3.0,7.0,22.0,9.0,35.0,6.0,0.0097,0.0,0.00626,-0.00556,1.12452,52.93051,,,,,44.40639,48.13546,,,24.57716,43.10836,,,,,0.04763,0.05733,,,-0.1661,-0.2078,-0.2746,-0.1085,-0.0417,-0.0668,0,0,0,,,,,,-0.15,,,1.033,0.0,0.0,1.009,0.0,0.0,2019-06-13,1999-01-01,1999-01-01,2019-05-29,1999-01-01,1999-01-01,-0.41,2.38,,,,,2.0,9.0,0.0,0.0,0.0,0.0,-0.0,0.0,0.0,0.0,0.0,0.0,1.061,1.012,1.012,1.012,1.002,0.993,2019-06-11,2019-06-03,2019-05-27,2019-06-14,2019-06-04,2019-05-30,0.0,0.0,0.0,100.0,100.0,100.0,1999-01-01,1999-01-01,1999-01-01,1999-01-01,1999-01-01,1999-01-01,5627800.0,1935200.0,1140000.0,-40.14,-44.27,-26.96,0.0,0.0,0.0,100.0,100.0,100.0,0.0,0.0,0.0,100.0,100.0,100.0,0.0,0.0,0.0,100.0,100.0,100.0,80.062,0.0,0.0,33.333,100.0,100.0,0.0,0.0,0.0,100.0,100.0,100.0,1999-01-01,1999-01-01,1999-01-01,1999-01-01,1999-01-01,1999-01-01,0,0,0,0,0,0,1999-01-01,1999-01-01,1999-01-01,1999-01-01,1999-01-01,1999-01-01,2019-06-11,1999-01-01,1999-01-01,2019-06-14,1999-01-01,1999-01-01,1999-01-01,1999-01-01,1999-01-01,1999-01-01,1999-01-01,1999-01-01,0,1,0,1,0,1,0,1,0,0,0,0,0,0,0,0,0,1,1,0,0,0,0,0,0,0,0,0,1,1,,,,,,p2n,,,,Life.Empty,Life.BearStart,Life.Bear,Life.BearRecovery,Life.Bear,,
2019-06-18,1.02501,,,,1.041,1.0354,1.04558,1.0554,1.06216,1.03075,1.03588,-0.00513,-0.00823,-0.01182,0.0031,,,-28.68,28.86,-0.32,1.28,-12.09,4.78,-12.9,1.05,48.0,41.0,3.0,7.0,22.0,9.0,35.0,6.0,0.0195,0.0,0.00765,-0.00556,1.37484,57.89189,,,,,66.66667,48.13546,,66.667,22.2032,28.2872,,,,,0.04632,0.05527,,,-0.1658,-0.2,-0.2676,-0.1018,-0.0342,-0.0676,1,0,1,,,,,,-0.15,,,1.033,0.0,0.0,1.009,0.0,0.0,2019-06-13,1999-01-01,1999-01-01,2019-05-29,1999-01-01,1999-01-01,-0.77,2.38,,,,,3.0,9.0,0.0,0.0,0.0,0.0,-0.0,0.0,0.0,0.0,0.0,0.0,1.041,1.061,1.012,1.012,1.002,0.993,2019-06-18,2019-06-11,2019-06-03,2019-06-14,2019-06-04,2019-05-30,0.0,0.0,0.0,100.0,100.0,100.0,1999-01-01,1999-01-01,1999-01-01,1999-01-01,1999-01-01,1999-01-01,1935200.0,1140000.0,11536600.0,-44.27,-26.96,67.89,0.0,0.0,0.0,100.0,100.0,100.0,0.0,0.0,0.0,100.0,100.0,100.0,0.0,0.0,0.0,100.0,100.0,100.0,66.667,80.062,0.0,33.333,100.0,100.0,0.0,0.0,0.0,100.0,100.0,100.0,1999-01-01,1999-01-01,1999-01-01,1999-01-01,1999-01-01,1999-01-01,0,0,0,0,0,0,1999-01-01,1999-01-01,1999-01-01,1999-01-01,1999-01-01,1999-01-01,2019-06-18,2019-06-11,1999-01-01,2019-06-14,1999-01-01,1999-01-01,1999-01-01,1999-01-01,1999-01-01,1999-01-01,1999-01-01,1999-01-01,0,1,0,1,0,0,0,1,0,0,0,0,0,0,0,0,0,0,1,0,0,0,0,0,0,0,0,0,1,1,11536600,,,,p2n,,,,n2p,Life.Empty,Life.BearStart,Life.Bear,Life.BearRecovery,Life.Bear,,
2019-06-19,1.02082,,,1.012,,1.03361,1.04427,1.05455,1.06166,1.02788,1.03412,-0.00624,-0.00783,-0.01242,0.00159,,,-28.39,28.86,-0.32,1.28,-12.09,4.78,-12.9,1.05,47.0,41.0,3.0,7.0,22.0,9.0,35.0,6.0,-0.0,-0.0292,0.00765,-0.00696,1.09959,52.37164,,,,,33.33333,48.13546,33.333,,22.2032,22.99452,,,,,0.04579,0.0533,,,-0.1739,-0.2094,-0.2805,-0.1066,-0.0355,-0.0711,0,0,0,,,,,,-0.15,,,1.033,0.0,0.0,1.009,0.0,0.0,2019-06-13,1999-01-01,1999-01-01,2019-05-29,1999-01-01,1999-01-01,-1.18,2.38,,,,,4.0,9.0,0.0,0.0,0.0,0.0,-0.0,0.0,0.0,0.0,0.0,0.0,1.041,1.061,1.012,1.012,1.012,1.002,2019-06-18,2019-06-11,2019-06-03,2019-06-19,2019-06-14,2019-06-04,0.0,0.0,0.0,100.0,100.0,100.0,1999-01-01,1999-01-01,1999-01-01,1999-01-01,1999-01-01,1999-01-01,1140000.0,11536600.0,5402400.0,-26.96,67.89,23.73,0.0,0.0,0.0,100.0,100.0,100.0,0.0,0.0,0.0,100.0,100.0,100.0,0.0,0.0,0.0,100.0,100.0,100.0,66.667,80.062,0.0,33.333,33.333,100.0,0.0,0.0,0.0,100.0,100.0,100.0,1999-01-01,1999-01-01,1999-01-01,1999-01-01,1999-01-01,1999-01-01,0,0,0,0,0,0,1999-01-01,1999-01-01,1999-01-01,1999-01-01,1999-01-01,1999-01-01,2019-06-18,2019-06-11,1999-01-01,2019-06-19,2019-06-14,1999-01-01,1999-01-01,1999-01-01,1999-01-01,1999-01-01,1999-01-01,1999-01-01,0,1,0,1,0,0,0,1,0,0,0,0,0,0,0,0,0,0,1,0,0,0,0,0,0,0,0,0,1,1,,,,,,,,n2p,,Life.Empty,Life.BearStart,Life.Bear,Life.BearRecovery,Life.Bear,,
2019-06-20,1.0167,,,,1.032,1.03345,1.04377,1.05409,1.06136,1.02845,1.03393,-0.00548,-0.00736,-0.013,0.00188,,,-28.1,28.86,-0.32,1.28,-12.09,4.78,-12.9,1.05,46.0,41.0,3.0,7.0,22.0,9.0,35.0,6.0,0.0195,0.0,0.00904,-0.00696,1.29979,56.51786,,,,,50.06418,50.02139,,50.064,33.37618,25.92752,,,,,0.0446,0.05141,,,-0.1759,-0.2064,-0.2791,-0.1032,-0.0305,-0.0727,0,0,0,,,,,,-0.15,,,1.033,0.0,0.0,1.009,0.0,0.0,2019-06-13,1999-01-01,1999-01-01,2019-05-29,1999-01-01,1999-01-01,-1.58,2.38,,,,,5.0,9.0,0.0,0.0,0.0,0.0,-0.0,0.0,0.0,0.0,0.0,0.0,1.032,1.041,1.061,1.012,1.012,1.002,2019-06-20,2019-06-18,2019-06-11,2019-06-19,2019-06-14,2019-06-04,0.0,0.0,0.0,100.0,100.0,100.0,1999-01-01,1999-01-01,1999-01-01,1999-01-01,1999-01-01,1999-01-01,11536600.0,5402400.0,5320700.0,67.89,23.73,23.12,0.0,0.0,0.0,100.0,100.0,100.0,0.0,0.0,0.0,100.0,100.0,100.0,0.0,0.0,0.0,100.0,100.0,100.0,50.064,66.667,80.062,33.333,33.333,100.0,0.0,0.0,0.0,100.0,100.0,100.0,1999-01-01,1999-01-01,1999-01-01,1999-01-01,1999-01-01,1999-01-01,0,0,0,0,0,0,1999-01-01,1999-01-01,1999-01-01,1999-01-01,1999-01-01,1999-01-01,2019-06-20,2019-06-18,2019-06-11,2019-06-19,2019-06-14,1999-01-01,1999-01-01,1999-01-01,1999-01-01,1999-01-01,1999-01-01,1999-01-01,0,1,0,1,1,0,0,1,0,0,0,0,0,0,0,0,1,0,1,0,0,0,0,0,0,0,0,0,1,1,,,,,,,n2p,,,Life.Empty,Life.BearStart,Life.Bear,Life.BearRecovery,Life.Bear,,
2019-06-21,1.01285,,,,,1.03181,1.04253,1.05326,1.06087,1.02594,1.03232,-0.00638,-0.00716,-0.01358,0.00079,,,-27.83,28.86,-0.32,1.28,-12.09,4.78,-12.9,1.05,45.0,41.0,3.0,7.0,22.0,9.0,35.0,6.0,-0.0,-0.0195,0.00904,-0.00765,1.18207,54.17202,,,,,14.24376,32.54709,,,16.70951,24.0963,,,,,0.0435,0.04962,,,-0.1834,-0.2145,-0.2906,-0.1072,-0.0311,-0.0761,0,0,0,,,,,,-0.15,,,1.033,0.0,0.0,1.009,0.0,0.0,2019-06-13,1999-01-01,1999-01-01,2019-05-29,1999-01-01,1999-01-01,-1.95,2.38,,,,,6.0,9.0,0.0,0.0,0.0,0.0,-0.0,0.0,0.0,0.0,0.0,0.0,1.032,1.041,1.061,1.012,1.012,1.002,2019-06-20,2019-06-18,2019-06-11,2019-06-19,2019-06-14,2019-06-04,0.0,0.0,0.0,100.0,100.0,100.0,1999-01-01,1999-01-01,1999-01-01,1999-01-01,1999-01-01,1999-01-01,5402400.0,5320700.0,3196200.0,23.73,23.12,-37.47,0.0,0.0,0.0,100.0,100.0,100.0,0.0,0.0,0.0,100.0,100.0,100.0,0.0,0.0,0.0,100.0,100.0,100.0,50.064,66.667,80.062,33.333,33.333,100.0,0.0,0.0,0.0,100.0,100.0,100.0,1999-01-01,1999-01-01,1999-01-01,1999-01-01,1999-01-01,1999-01-01,0,0,0,0,0,0,1999-01-01,1999-01-01,1999-01-01,1999-01-01,1999-01-01,1999-01-01,2019-06-20,2019-06-18,2019-06-11,2019-06-19,2019-06-14,1999-01-01,1999-01-01,1999-01-01,1999-01-01,1999-01-01,1999-01-01,1999-01-01,0,1,0,1,1,0,0,1,0,0,0,0,0,0,0,0,1,0,1,0,0,0,0,0,0,0,0,0,1,1,,,-3196200,,,n2p,,,p2n,Life.Empty,Life.BearStart,Life.Bear,Life.BearRecovery,Life.Bear,,
2019-06-24,1.00921,,,,,1.03029,1.04134,1.05245,1.06038,1.02381,1.03082,-0.00701,-0.00713,-0.01415,0.00012,,,-27.57,28.86,-0.32,1.28,-12.09,4.78,-12.9,1.05,44.0,41.0,3.0,7.0,22.0,9.0,35.0,6.0,0.0,0.0,0.00765,-0.00765,1.0,50.0,,,,,14.24376,26.1839,,,16.70951,22.26507,,,,,0.04109,0.04792,,,-0.1904,-0.2216,-0.3009,-0.1105,-0.0312,-0.0793,0,0,0,,,,,,-0.15,,,1.033,0.0,0.0,1.009,0.0,0.0,2019-06-13,1999-01-01,1999-01-01,2019-05-29,1999-01-01,1999-01-01,-2.3,2.38,,,,,7.0,9.0,0.0,0.0,0.0,0.0,-0.0,0.0,0.0,0.0,0.0,0.0,1.032,1.041,1.061,1.012,1.012,1.002,2019-06-20,2019-06-18,2019-06-11,2019-06-19,2019-06-14,2019-06-04,0.0,0.0,0.0,100.0,100.0,100.0,1999-01-01,1999-01-01,1999-01-01,1999-01-01,1999-01-01,1999-01-01,5320700.0,3196200.0,1658700.0,23.12,-37.47,-26.9,0.0,0.0,0.0,100.0,100.0,100.0,0.0,0.0,0.0,100.0,100.0,100.0,0.0,0.0,0.0,100.0,100.0,100.0,50.064,66.667,80.062,33.333,33.333,100.0,0.0,0.0,0.0,100.0,100.0,100.0,1999-01-01,1999-01-01,1999-01-01,1999-01-01,1999-01-01,1999-01-01,0,0,0,0,0,0,1999-01-01,1999-01-01,1999-01-01,1999-01-01,1999-01-01,1999-01-01,2019-06-20,2019-06-18,2019-06-11,2019-06-19,2019-06-14,1999-01-01,1999-01-01,1999-01-01,1999-01-01,1999-01-01,1999-01-01,1999-01-01,0,1,0,1,1,0,0,1,0,0,0,0,0,0,0,0,1,0,1,0,0,0,0,0,0,0,0,0,1,1,,,,,n2p,,,p2n,,Life.Empty,Life.BearStart,Life.Bear,Life.BearRecovery,Life.Bear,,
2019-06-25,1.00566,,,,,1.0274,1.03943,1.05126,1.05971,1.01901,1.02799,-0.00898,-0.0075,-0.01471,-0.00148,,,-27.31,28.86,-0.32,1.28,-12.09,4.78,-12.9,1.05,43.0,41.0,3.0,7.0,22.0,9.0,35.0,6.0,-0.0,-0.0195,0.00765,-0.00904,0.84597,45.82798,,,,,0.0,9.49584,,,0.0,11.13967,,,,,0.04024,0.0463,,,-0.2028,-0.2386,-0.3231,-0.1203,-0.0358,-0.0845,0,0,0,,,,,,-0.15,,,1.033,0.0,0.0,1.009,0.0,0.0,2019-06-13,1999-01-01,1999-01-01,2019-05-29,1999-01-01,1999-01-01,-2.65,2.38,,,,,8.0,9.0,0.0,0.0,0.0,0.0,-0.0,0.0,0.0,0.0,0.0,0.0,1.032,1.041,1.061,1.012,1.012,1.002,2019-06-20,2019-06-18,2019-06-11,2019-06-19,2019-06-14,2019-06-04,0.0,0.0,0.0,100.0,100.0,100.0,1999-01-01,1999-01-01,1999-01-01,1999-01-01,1999-01-01,1999-01-01,3196200.0,1658700.0,3712600.0,-37.47,-26.9,-15.8,0.0,0.0,0.0,100.0,100.0,100.0,0.0,0.0,0.0,100.0,100.0,100.0,0.0,0.0,0.0,100.0,100.0,100.0,50.064,66.667,80.062,33.333,33.333,100.0,0.0,0.0,0.0,100.0,100.0,100.0,1999-01-01,1999-01-01,1999-01-01,1999-01-01,1999-01-01,1999-01-01,0,0,0,0,0,0,1999-01-01,1999-01-01,1999-01-01,1999-01-01,1999-01-01,1999-01-01,2019-06-20,2019-06-18,2019-06-11,2019-06-19,2019-06-14,1999-01-01,1999-01-01,1999-01-01,1999-01-01,1999-01-01,1999-01-01,1999-01-01,0,1,0,1,1,0,0,1,0,0,0,0,0,0,0,0,1,0,1,0,0,0,0,0,0,0,0,0,1,1,,,,,,,p2n,,,Life.Empty,Life.BearStart,Life.Bear,Life.BearRecovery,Life.Bear,,
2019-06-26,1.00187,,,0.993,,1.02472,1.03759,1.0501,1.05904,1.01494,1.02537,-0.01042,-0.00809,-0.01527,-0.00234,,,-27.04,28.86,-0.32,1.28,-12.09,4.78,-12.9,1.05,42.0,41.0,3.0,7.0,22.0,9.0,35.0,6.0,0.0,0.0,0.00765,-0.00835,0.91617,47.8125,,,,,0.0,4.74792,0.0,,0.0,5.56984,,,,,0.03876,0.04476,,,-0.2145,-0.2538,-0.3432,-0.1287,-0.0393,-0.0894,0,0,0,,,,,,-0.15,,,1.033,0.0,0.0,1.009,0.0,0.0,2019-06-13,1999-01-01,1999-01-01,2019-05-29,1999-01-01,1999-01-01,-3.01,2.38,,,,,9.0,9.0,0.0,0.0,0.0,0.0,-0.0,0.0,0.0,0.0,0.0,0.0,1.032,1.041,1.061,0.993,1.012,1.012,2019-06-20,2019-06-18,2019-06-11,2019-06-26,2019-06-19,2019-06-14,0.0,0.0,0.0,100.0,100.0,100.0,1999-01-01,1999-01-01,1999-01-01,1999-01-01,1999-01-01,1999-01-01,1658700.0,3712600.0,2431700.0,-26.9,-15.8,-8.92,0.0,0.0,0.0,100.0,100.0,100.0,0.0,0.0,0.0,100.0,100.0,100.0,0.0,0.0,0.0,100.0,100.0,100.0,50.064,66.667,80.062,0.0,33.333,33.333,0.0,0.0,0.0,100.0,100.0,100.0,1999-01-01,1999-01-01,1999-01-01,1999-01-01,1999-01-01,1999-01-01,0,0,0,0,0,0,1999-01-01,1999-01-01,1999-01-01,1999-01-01,1999-01-01,1999-01-01,2019-06-20,2019-06-18,2019-06-11,2019-06-26,2019-06-19,2019-06-14,1999-01-01,1999-01-01,1999-01-01,1999-01-01,1999-01-01,1999-01-01,0,1,0,1,1,0,1,0,0,0,0,0,0,0,0,0,1,0,1,0,0,0,0,0,0,0,0,0,1,1,,,,,,p2n,,,,Life.Empty,Life.BearStart,Life.Bear,Life.BearRecovery,Life.Bear,,
2019-06-27,0.99747,,,,1.002,1.023,1.03621,1.04915,1.05848,1.01301,1.02367,-0.01065,-0.0086,-0.01583,-0.00205,,,-26.71,28.86,-0.32,1.28,-12.09,4.78,-12.9,1.05,41.0,41.0,3.0,7.0,22.0,9.0,35.0,6.0,0.0098,0.0,0.00696,-0.00835,0.83405,45.47575,,,,,12.58023,4.19341,,12.58,6.70773,2.23591,,,,,0.03738,0.0433,,,-0.2227,-0.2615,-0.3548,-0.1321,-0.0388,-0.0933,0,0,0,,,,,,-0.15,,,1.033,0.0,0.0,1.009,0.0,0.0,2019-06-13,1999-01-01,1999-01-01,2019-05-29,1999-01-01,1999-01-01,-3.44,2.38,,,,,10.0,9.0,0.0,0.0,0.0,0.0,-0.0,0.0,0.0,0.0,0.0,0.0,1.002,1.032,1.041,0.993,1.012,1.012,2019-06-27,2019-06-20,2019-06-18,2019-06-26,2019-06-19,2019-06-14,0.0,0.0,0.0,100.0,100.0,100.0,1999-01-01,1999-01-01,1999-01-01,1999-01-01,1999-01-01,1999-01-01,3712600.0,2431700.0,1308400.0,-15.8,-8.92,-4.49,0.0,0.0,0.0,100.0,100.0,100.0,0.0,0.0,0.0,100.0,100.0,100.0,0.0,0.0,0.0,100.0,100.0,100.0,12.58,50.064,66.667,0.0,33.333,33.333,0.0,0.0,0.0,100.0,100.0,100.0,1999-01-01,1999-01-01,1999-01-01,1999-01-01,1999-01-01,1999-01-01,0,0,0,0,0,0,1999-01-01,1999-01-01,1999-01-01,1999-01-01,1999-01-01,1999-01-01,2019-06-27,2019-06-20,2019-06-18,2019-06-26,2019-06-19,2019-06-14,1999-01-01,1999-01-01,1999-01-01,1999-01-01,1999-01-01,1999-01-01,0,1,0,1,1,0,1,0,0,0,0,0,0,0,0,0,1,0,1,0,0,0,0,0,0,0,0,0,1,1,,,,,p2n,,,,,Life.Empty,Life.BearStart,Life.Bear,Life.BearRecovery,Life.Bear,,
2019-06-28,0.99227,,,0.993,,1.02066,1.0345,1.04803,1.05782,1.00987,1.02136,-0.01149,-0.00918,-0.01638,-0.00231,,,-26.33,28.86,-0.32,1.28,-12.09,4.78,-12.9,1.05,40.0,41.0,3.0,7.0,22.0,9.0,35.0,6.0,-0.0,-0.0098,0.00418,-0.00905,0.46172,31.58747,,,,,0.0,4.19341,0.0,,6.70773,4.47182,,,,,0.0361,0.04192,,,-0.2332,-0.2737,-0.3716,-0.1384,-0.0405,-0.0979,0,0,0,,,,,,-0.15,,,1.033,0.0,0.0,1.009,0.0,0.0,2019-06-13,1999-01-01,1999-01-01,2019-05-29,1999-01-01,1999-01-01,-3.94,2.38,,,,,11.0,9.0,0.0,0.0,0.0,0.0,-0.0,0.0,0.0,0.0,0.0,0.0,1.002,1.032,1.041,0.993,0.993,1.012,2019-06-27,2019-06-20,2019-06-18,2019-06-28,2019-06-26,2019-06-19,0.0,0.0,0.0,100.0,100.0,100.0,1999-01-01,1999-01-01,1999-01-01,1999-01-01,1999-01-01,1999-01-01,2431700.0,1308400.0,1105900.0,-8.92,-4.49,-34.98,0.0,0.0,0.0,100.0,100.0,100.0,0.0,0.0,0.0,100.0,100.0,100.0,0.0,0.0,0.0,100.0,100.0,100.0,12.58,50.064,66.667,0.0,0.0,33.333,0.0,0.0,0.0,100.0,100.0,100.0,1999-01-01,1999-01-01,1999-01-01,1999-01-01,1999-01-01,1999-01-01,0,0,0,0,0,0,1999-01-01,1999-01-01,1999-01-01,1999-01-01,1999-01-01,1999-01-01,2019-06-27,2019-06-20,2019-06-18,2019-06-28,2019-06-26,2019-06-19,1999-01-01,1999-01-01,1999-01-01,1999-01-01,1999-01-01,1999-01-01,0,1,0,1,1,0,1,0,0,0,0,0,0,0,0,0,1,0,1,0,0,0,0,0,0,0,0,0,1,1,,,,,,,,,,Life.Empty,Life.BearStart,Life.Bear,Life.BearRecovery,Life.Bear,,
2019-07-01,0.98597,,,,1.002,1.01926,1.03324,1.04713,1.05727,1.00872,1.01996,-0.01124,-0.00959,-0.01694,-0.00165,,,-25.86,28.86,-0.32,1.28,-12.09,4.78,-12.9,1.05,39.0,41.0,3.0,7.0,22.0,9.0,35.0,6.0,0.0098,0.0,0.00488,-0.00905,0.53907,35.02564,,,,,12.58023,8.38682,,12.58,17.89495,10.43681,,,,,0.03492,0.04062,,,-0.2403,-0.2787,-0.3801,-0.1398,-0.0384,-0.1014,0,0,0,,,,,,-0.15,,,1.033,0.0,0.0,1.009,0.0,0.0,2019-06-13,1999-01-01,1999-01-01,2019-05-29,1999-01-01,1999-01-01,-4.55,2.38,,,,,12.0,9.0,0.0,0.0,0.0,0.0,-0.0,0.0,0.0,0.0,0.0,0.0,1.002,1.002,1.032,0.993,0.993,1.012,2019-07-01,2019-06-27,2019-06-20,2019-06-28,2019-06-26,2019-06-19,0.0,0.0,0.0,100.0,100.0,100.0,1999-01-01,1999-01-01,1999-01-01,1999-01-01,1999-01-01,1999-01-01,1308400.0,1105900.0,1359100.0,-4.49,-34.98,-22.13,0.0,0.0,0.0,100.0,100.0,100.0,0.0,0.0,0.0,100.0,100.0,100.0,0.0,0.0,0.0,100.0,100.0,100.0,12.58,12.58,50.064,0.0,0.0,33.333,0.0,0.0,0.0,100.0,100.0,100.0,1999-01-01,1999-01-01,1999-01-01,1999-01-01,1999-01-01,1999-01-01,0,0,0,0,0,0,1999-01-01,1999-01-01,1999-01-01,1999-01-01,1999-01-01,1999-01-01,2019-07-01,2019-06-27,2019-06-20,2019-06-28,2019-06-26,2019-06-19,1999-01-01,1999-01-01,1999-01-01,1999-01-01,1999-01-01,1999-01-01,0,1,0,1,1,0,1,0,0,0,0,0,0,0,0,0,1,0,1,0,0,0,0,0,0,0,0,0,1,1,,,,,,,,,,Life.Empty,Life.BearStart,Life.Bear,Life.BearRecovery,Life.Bear,,
2019-07-02,0.97846,,,,,1.01721,1.03165,1.04605,1.05663,1.00624,1.01793,-0.01169,-0.01001,-0.01751,-0.00168,,,-25.29,28.86,-0.32,1.28,-12.09,4.78,-12.9,1.05,38.0,41.0,3.0,7.0,22.0,9.0,35.0,6.0,-0.0,-0.0098,0.00488,-0.00836,0.58376,36.85915,,,,,0.0,4.19341,0.0,,11.18721,11.92997,,,,,0.03382,0.03939,,,-0.2498,-0.2884,-0.3942,-0.1444,-0.0386,-0.1058,0,0,0,,,,,,-0.15,,,1.033,0.0,0.0,1.009,0.0,0.0,2019-06-13,1999-01-01,1999-01-01,2019-05-29,1999-01-01,1999-01-01,-5.28,2.38,,,,,13.0,9.0,0.0,0.0,0.0,0.0,-0.0,0.0,0.0,0.0,0.0,0.0,1.002,1.002,1.032,0.993,0.993,1.012,2019-07-01,2019-06-27,2019-06-20,2019-06-28,2019-06-26,2019-06-19,0.0,0.0,0.0,100.0,100.0,100.0,1999-01-01,1999-01-01,1999-01-01,1999-01-01,1999-01-01,1999-01-01,1105900.0,1359100.0,3194200.0,-34.98,-22.13,49.98,0.0,0.0,0.0,100.0,100.0,100.0,0.0,0.0,0.0,100.0,100.0,100.0,0.0,0.0,0.0,100.0,100.0,100.0,12.58,12.58,50.064,0.0,0.0,0.0,0.0,0.0,0.0,100.0,100.0,100.0,1999-01-01,1999-01-01,1999-01-01,1999-01-01,1999-01-01,1999-01-01,0,0,0,0,0,0,1999-01-01,1999-01-01,1999-01-01,1999-01-01,1999-01-01,1999-01-01,2019-07-01,2019-06-27,2019-06-20,2019-07-02,2019-06-28,2019-06-26,1999-01-01,1999-01-01,1999-01-01,1999-01-01,1999-01-01,1999-01-01,0,1,0,1,1,0,1,0,0,0,0,0,0,0,0,0,1,0,0,0,0,0,0,0,0,0,0,0,1,1,-3194200,,,,,,,,n2p,Life.Empty,Life.BearStart,Life.Bear,Life.BearRecovery,Life.Bear,,
2019-07-03,0.96985,,,,,1.01531,1.03012,1.04499,1.05599,1.00414,1.01606,-0.01191,-0.01039,-0.01809,-0.00152,,,-24.63,28.86,-0.32,1.28,-12.09,4.78,-12.9,1.05,37.0,41.0,3.0,7.0,22.0,9.0,35.0,6.0,0.0,0.0,0.00488,-0.00836,0.58376,36.85915,,,,,14.24376,8.94133,,14.244,22.26027,17.11415,,,,,0.03209,0.03823,,,-0.2587,-0.2968,-0.4068,-0.1481,-0.0381,-0.11,0,0,0,,,,,,-0.15,,,1.033,0.0,0.0,1.009,0.0,0.0,2019-06-13,1999-01-01,1999-01-01,2019-05-29,1999-01-01,1999-01-01,-6.11,2.38,,,,,14.0,9.0,0.0,0.0,0.0,0.0,-0.0,0.0,0.0,0.0,0.0,0.0,1.002,1.002,1.032,0.993,0.993,1.012,2019-07-01,2019-06-27,2019-06-20,2019-06-28,2019-06-26,2019-06-19,0.0,0.0,0.0,100.0,100.0,100.0,1999-01-01,1999-01-01,1999-01-01,1999-01-01,1999-01-01,1999-01-01,1359100.0,3194200.0,5571600.0,-22.13,49.98,78.91,0.0,0.0,0.0,100.0,100.0,100.0,0.0,0.0,0.0,100.0,100.0,100.0,0.0,0.0,0.0,100.0,100.0,100.0,14.244,12.58,12.58,0.0,0.0,0.0,0.0,0.0,0.0,100.0,100.0,100.0,1999-01-01,1999-01-01,1999-01-01,1999-01-01,1999-01-01,1999-01-01,0,0,0,0,0,0,1999-01-01,1999-01-01,1999-01-01,1999-01-01,1999-01-01,1999-01-01,2019-07-03,2019-07-01,2019-06-27,2019-07-02,2019-06-28,2019-06-26,1999-01-01,1999-01-01,1999-01-01,1999-01-01,1999-01-01,1999-01-01,0,1,0,1,1,0,1,0,0,0,0,0,0,0,0,0,0,1,0,0,0,0,0,0,0,0,0,0,1,1,,,,,,,,n2p,,Life.Empty,Life.BearStart,Life.Bear,Life.BearRecovery,Life.Bear,,
2019-07-04,0.9604,,,,,1.0117,1.02769,1.04347,1.05512,0.99863,1.01252,-0.01389,-0.01109,-0.01868,-0.0028,,,-23.89,28.86,-0.32,1.28,-12.09,4.78,-12.9,1.05,36.0,41.0,3.0,7.0,22.0,9.0,35.0,6.0,-0.0,-0.0243,0.00488,-0.00801,0.60928,37.86031,,,,,0.0,4.74792,0.0,,11.07306,14.84018,,,,,0.03154,0.03714,,,-0.2743,-0.3177,-0.4342,-0.1599,-0.0434,-0.1165,0,0,0,,,,,,-0.15,,,1.033,0.0,0.0,1.009,0.0,0.0,2019-06-13,1999-01-01,1999-01-01,2019-05-29,1999-01-01,1999-01-01,-7.03,2.38,,,,,15.0,9.0,0.0,0.0,0.0,0.0,-0.0,0.0,0.0,0.0,0.0,0.0,1.002,1.002,1.032,0.993,0.993,1.012,2019-07-01,2019-06-27,2019-06-20,2019-06-28,2019-06-26,2019-06-19,0.0,0.0,0.0,100.0,100.0,100.0,1999-01-01,1999-01-01,1999-01-01,1999-01-01,1999-01-01,1999-01-01,3194200.0,5571600.0,8220600.0,49.98,78.91,67.77,0.0,0.0,0.0,100.0,100.0,100.0,0.0,0.0,0.0,100.0,100.0,100.0,0.0,0.0,0.0,100.0,100.0,100.0,14.244,12.58,12.58,0.0,0.0,0.0,0.0,0.0,0.0,100.0,100.0,100.0,1999-01-01,1999-01-01,1999-01-01,1999-01-01,1999-01-01,1999-01-01,0,0,0,0,0,0,1999-01-01,1999-01-01,1999-01-01,1999-01-01,1999-01-01,1999-01-01,2019-07-03,2019-07-01,2019-06-27,2019-07-04,2019-07-02,2019-06-28,1999-01-01,1999-01-01,1999-01-01,1999-01-01,1999-01-01,1999-01-01,0,1,0,1,1,0,1,0,0,0,0,0,0,0,0,0,0,1,0,0,0,0,0,0,0,0,0,0,1,1,,,,,,,n2p,,,Life.Empty,Life.BearStart,Life.Bear,Life.BearRecovery,Life.Bear,,
2019-07-05,0.95062,,,,,1.00537,1.02384,1.04122,1.05387,0.98798,1.00636,-0.01838,-0.01255,-0.01928,-0.00583,,,-23.1,28.86,-0.32,1.28,-12.09,4.78,-12.9,1.05,35.0,41.0,3.0,7.0,22.0,9.0,35.0,6.0,-0.0,-0.0389,0.00419,-0.01079,0.38808,27.95802,,,,,10.71953,8.3211,,,16.07477,16.46937,,,,,0.03415,0.03612,,,-0.3003,-0.3585,-0.485,-0.1847,-0.0582,-0.1265,0,0,0,,,,,,-0.15,,,1.033,0.0,0.0,1.009,0.0,0.0,2019-06-13,1999-01-01,1999-01-01,2019-05-29,1999-01-01,1999-01-01,-7.97,2.38,,,,,16.0,9.0,0.0,0.0,0.0,0.0,-0.0,0.0,0.0,0.0,0.0,0.0,1.002,1.002,1.032,0.993,0.993,1.012,2019-07-01,2019-06-27,2019-06-20,2019-06-28,2019-06-26,2019-06-19,0.0,0.0,0.0,100.0,100.0,100.0,1999-01-01,1999-01-01,1999-01-01,1999-01-01,1999-01-01,1999-01-01,5571600.0,8220600.0,28906700.0,78.91,67.77,151.37,0.0,0.0,0.0,100.0,100.0,100.0,0.0,0.0,0.0,100.0,100.0,100.0,0.0,0.0,0.0,100.0,100.0,100.0,14.244,12.58,12.58,0.0,0.0,0.0,0.0,0.0,0.0,100.0,100.0,100.0,1999-01-01,1999-01-01,1999-01-01,1999-01-01,1999-01-01,1999-01-01,0,0,0,0,0,0,1999-01-01,1999-01-01,1999-01-01,1999-01-01,1999-01-01,1999-01-01,2019-07-03,2019-07-01,2019-06-27,2019-07-04,2019-07-02,2019-06-28,1999-01-01,1999-01-01,1999-01-01,1999-01-01,1999-01-01,1999-01-01,0,1,0,1,1,0,1,0,0,0,0,0,0,0,0,0,0,1,0,0,0,0,0,0,0,0,0,0,1,1,,-28906700,,,,n2p,,,p2p,Life.Empty,Life.BearStart,Life.Bear,Life.BearRecovery,Life.Bear,,
2019-07-08,0.94111,,,,,0.99952,1.02013,1.039,1.05263,0.97897,1.00066,-0.02169,-0.01438,-0.0199,-0.00732,,,-22.33,28.86,-0.32,1.28,-12.09,4.78,-12.9,1.05,34.0,41.0,3.0,7.0,22.0,9.0,35.0,6.0,0.0,0.0,0.00279,-0.01079,0.25894,20.56812,,,,,13.81999,8.17984,,13.82,11.36179,12.83654,,,,,0.0331,0.03515,,,-0.325,-0.3948,-0.5311,-0.2061,-0.0698,-0.1363,0,0,0,,,,,,-0.15,,,1.033,0.0,0.0,1.009,0.0,0.0,2019-06-13,1999-01-01,1999-01-01,2019-05-29,1999-01-01,1999-01-01,-8.9,2.38,,,,,17.0,9.0,0.0,0.0,0.0,0.0,-1.0,0.0,0.0,0.0,0.0,0.0,1.002,1.002,1.032,0.993,0.993,1.012,2019-07-01,2019-06-27,2019-06-20,2019-06-28,2019-06-26,2019-06-19,0.0,0.0,0.0,100.0,100.0,100.0,1999-01-01,1999-01-01,1999-01-01,1999-01-01,1999-01-01,1999-01-01,8220600.0,28906700.0,5959700.0,67.77,151.37,0.91,0.0,0.0,0.0,100.0,100.0,100.0,0.0,0.0,0.0,100.0,100.0,100.0,0.0,0.0,0.0,100.0,100.0,100.0,13.82,14.244,12.58,0.0,0.0,0.0,0.0,0.0,0.0,100.0,100.0,100.0,1999-01-01,1999-01-01,1999-01-01,1999-01-01,1999-01-01,1999-01-01,0,0,0,0,0,0,1999-01-01,1999-01-01,1999-01-01,1999-01-01,1999-01-01,1999-01-01,2019-07-08,2019-07-03,2019-07-01,2019-07-04,2019-07-02,2019-06-28,1999-01-01,1999-01-01,1999-01-01,1999-01-01,1999-01-01,1999-01-01,0,1,0,1,1,0,1,0,0,0,0,0,0,0,0,0,0,0,0,0,0,0,0,0,0,0,0,0,1,1,,,,,n2p,,,p2p,,Life.Empty,Life.BearStart,Life.Bear,Life.BearRecovery,Life.Bear,,
2019-07-09,0.9324,,,,,0.99338,1.0162,1.03664,1.05131,0.96985,0.99466,-0.02482,-0.01647,-0.02054,-0.00835,,,-21.6,28.86,-0.32,1.28,-12.09,4.78,-12.9,1.05,33.0,41.0,3.0,7.0,22.0,9.0,35.0,6.0,-0.0,-0.0097,0.00279,-0.00939,0.29734,22.91911,,,,,7.45814,10.66589,,,15.31181,14.24946,,,,,0.03178,0.03424,,,-0.3511,-0.4326,-0.5793,-0.2282,-0.0815,-0.1467,0,0,0,,,,,,-0.15,,,1.033,0.0,0.0,1.009,0.0,0.0,2019-06-13,1999-01-01,1999-01-01,2019-05-29,1999-01-01,1999-01-01,-9.74,2.38,,,,,18.0,9.0,0.0,0.0,0.0,0.0,-1.0,0.0,0.0,0.0,0.0,0.0,1.002,1.002,1.032,0.993,0.993,1.012,2019-07-01,2019-06-27,2019-06-20,2019-06-28,2019-06-26,2019-06-19,0.0,0.0,0.0,100.0,100.0,100.0,1999-01-01,1999-01-01,1999-01-01,1999-01-01,1999-01-01,1999-01-01,28906700.0,5959700.0,2208500.0,151.37,0.91,-13.95,0.0,0.0,0.0,100.0,100.0,100.0,0.0,0.0,0.0,100.0,100.0,100.0,0.0,0.0,0.0,100.0,100.0,100.0,13.82,14.244,12.58,0.0,0.0,0.0,0.0,0.0,0.0,100.0,100.0,100.0,1999-01-01,1999-01-01,1999-01-01,1999-01-01,1999-01-01,1999-01-01,0,0,0,0,0,0,1999-01-01,1999-01-01,1999-01-01,1999-01-01,1999-01-01,1999-01-01,2019-07-08,2019-07-03,2019-07-01,2019-07-04,2019-07-02,2019-06-28,1999-01-01,1999-01-01,1999-01-01,1999-01-01,1999-01-01,1999-01-01,0,1,0,1,1,0,1,0,0,0,0,0,0,0,0,0,0,0,0,0,0,0,0,0,0,0,0,0,1,1,,,,,,,p2p,,,Life.Empty,Life.BearStart,Life.Bear,Life.BearRecovery,Life.Bear,,
2019-07-10,0.92481,,,,,0.98734,1.01222,1.03423,1.04995,0.96138,0.98875,-0.02737,-0.01865,-0.02121,-0.00872,,,-20.96,28.86,-0.32,1.28,-12.09,4.78,-12.9,1.05,32.0,41.0,3.0,7.0,22.0,9.0,35.0,6.0,-0.0,-0.0049,0.0014,-0.00974,0.1437,12.5641,,,,,3.72907,8.33573,3.729,,12.28511,12.98624,,,,,0.0309,0.03339,,,-0.3773,-0.4689,-0.6261,-0.2488,-0.0916,-0.1572,0,0,0,,,,,,-0.15,,,1.033,0.0,0.0,1.009,0.0,0.0,2019-06-13,1999-01-01,1999-01-01,2019-05-29,1999-01-01,1999-01-01,-10.47,2.38,,,,,19.0,9.0,0.0,0.0,0.0,0.0,-1.0,0.0,0.0,0.0,0.0,0.0,1.002,1.002,1.032,0.993,0.993,1.012,2019-07-01,2019-06-27,2019-06-20,2019-06-28,2019-06-26,2019-06-19,0.0,0.0,0.0,100.0,100.0,100.0,1999-01-01,1999-01-01,1999-01-01,1999-01-01,1999-01-01,1999-01-01,5959700.0,2208500.0,3417400.0,0.91,-13.95,-68.75,0.0,0.0,0.0,100.0,100.0,100.0,0.0,0.0,0.0,100.0,100.0,100.0,0.0,0.0,0.0,100.0,100.0,100.0,13.82,14.244,12.58,3.729,0.0,0.0,0.0,0.0,0.0,100.0,100.0,100.0,1999-01-01,1999-01-01,1999-01-01,1999-01-01,1999-01-01,1999-01-01,0,0,0,0,0,0,1999-01-01,1999-01-01,1999-01-01,1999-01-01,1999-01-01,1999-01-01,2019-07-08,2019-07-03,2019-07-01,2019-07-10,2019-07-04,2019-07-02,1999-01-01,1999-01-01,1999-01-01,1999-01-01,1999-01-01,1999-01-01,0,1,0,1,1,0,1,0,0,0,0,0,0,0,0,0,0,0,0,1,0,0,0,0,0,0,0,0,1,1,,,,-3417400,,p2p,,,n2n,Life.Empty,Life.BearStart,Life.Bear,Life.BearRecovery,Life.Bear,,
2019-07-11,0.9184,,,,,0.98176,1.0084,1.03186,1.0486,0.95421,0.98327,-0.02906,-0.02073,-0.02189,-0.00833,,,-20.41,28.86,-0.32,1.28,-12.09,4.78,-12.9,1.05,31.0,41.0,3.0,7.0,22.0,9.0,35.0,6.0,0.0,0.0,0.0014,-0.00835,0.16766,14.35897,,,,,8.31191,6.49971,,8.312,10.08099,12.5593,,,,,0.02974,0.03259,,,-0.402,-0.501,-0.6684,-0.2664,-0.099,-0.1674,0,0,0,,,,,,-0.15,,,1.033,0.0,0.0,1.009,0.0,0.0,2019-06-13,1999-01-01,1999-01-01,2019-05-29,1999-01-01,1999-01-01,-11.09,2.38,,,,,20.0,9.0,0.0,0.0,0.0,0.0,-1.0,0.0,0.0,0.0,0.0,0.0,1.002,1.002,1.032,0.993,0.993,1.012,2019-07-01,2019-06-27,2019-06-20,2019-06-28,2019-06-26,2019-06-19,0.0,0.0,0.0,100.0,100.0,100.0,1999-01-01,1999-01-01,1999-01-01,1999-01-01,1999-01-01,1999-01-01,2208500.0,3417400.0,2193700.0,-13.95,-68.75,-32.51,0.0,0.0,0.0,100.0,100.0,100.0,0.0,0.0,0.0,100.0,100.0,100.0,0.0,0.0,0.0,100.0,100.0,100.0,8.312,13.82,14.244,3.729,0.0,0.0,0.0,0.0,0.0,100.0,100.0,100.0,1999-01-01,1999-01-01,1999-01-01,1999-01-01,1999-01-01,1999-01-01,0,0,0,0,0,0,1999-01-01,1999-01-01,1999-01-01,1999-01-01,1999-01-01,1999-01-01,2019-07-11,2019-07-08,2019-07-03,2019-07-10,2019-07-04,2019-07-02,1999-01-01,1999-01-01,1999-01-01,1999-01-01,1999-01-01,1999-01-01,0,1,0,1,1,0,1,0,0,0,0,0,0,0,0,0,1,0,0,1,0,0,0,0,0,0,0,0,1,1,,,,,p2p,,,n2n,,Life.Empty,Life.BearStart,Life.Bear,Life.BearRecovery,Life.Bear,,
2019-07-12,0.91307,,,0.91,,0.97623,1.00454,1.02945,1.04722,0.9474,0.97784,-0.03044,-0.02267,-0.02259,-0.00777,,,-19.94,28.86,-0.32,1.28,-12.09,4.78,-12.9,1.05,30.0,41.0,3.0,7.0,22.0,9.0,35.0,6.0,-0.0,-0.0049,0.0014,-0.0087,0.16092,13.86139,,,,,4.11311,5.3847,4.113,,9.79229,10.71946,,,,,0.03074,0.03184,,,-0.4268,-0.5322,-0.7099,-0.2831,-0.1054,-0.1777,0,0,0,,,,,,-0.15,,,1.033,0.0,0.0,1.009,0.0,0.0,2019-06-13,1999-01-01,1999-01-01,2019-05-29,1999-01-01,1999-01-01,-11.61,2.38,,,,,21.0,9.0,0.0,0.0,0.0,0.0,-1.0,0.0,0.0,0.0,0.0,0.0,1.002,1.002,1.032,0.91,0.993,0.993,2019-07-01,2019-06-27,2019-06-20,2019-07-12,2019-06-28,2019-06-26,0.0,0.0,0.0,100.0,100.0,100.0,1999-01-01,1999-01-01,1999-01-01,1999-01-01,1999-01-01,1999-01-01,3417400.0,2193700.0,8526800.0,-68.75,-32.51,80.8,0.0,0.0,0.0,100.0,100.0,100.0,0.0,0.0,0.0,100.0,100.0,100.0,0.0,0.0,0.0,100.0,100.0,100.0,8.312,13.82,14.244,4.113,3.729,0.0,0.0,0.0,0.0,100.0,100.0,100.0,1999-01-01,1999-01-01,1999-01-01,1999-01-01,1999-01-01,1999-01-01,0,0,0,0,0,0,1999-01-01,1999-01-01,1999-01-01,1999-01-01,1999-01-01,1999-01-01,2019-07-11,2019-07-08,2019-07-03,2019-07-12,2019-07-10,2019-07-04,1999-01-01,1999-01-01,1999-01-01,1999-01-01,1999-01-01,1999-01-01,0,1,0,1,1,0,1,0,0,0,0,0,0,0,0,0,1,0,0,1,0,0,0,0,0,0,0,0,1,1,-8526800,,,,,,n2n,,n2p,Life.Empty,Life.BearStart,Life.Bear,Life.BearRecovery,Life.Bear,,
2019-07-15,0.90859,,,,,0.97151,1.00102,1.02718,1.04591,0.94238,0.97317,-0.03079,-0.02429,-0.02332,-0.00649,,,-19.55,28.86,-0.32,1.28,-12.09,4.78,-12.9,1.05,29.0,41.0,3.0,7.0,22.0,9.0,35.0,6.0,0.0049,0.0,0.00175,-0.00731,0.23949,19.32177,,,,,9.06542,7.16348,,,15.21621,11.6965,,,,,0.03028,0.03113,,,-0.4489,-0.5567,-0.744,-0.2951,-0.1078,-0.1873,0,0,0,,,,,,-0.15,,,1.033,0.0,0.0,1.009,0.0,0.0,2019-06-13,1999-01-01,1999-01-01,2019-05-29,1999-01-01,1999-01-01,-12.04,2.38,,,,,22.0,9.0,0.0,0.0,0.0,0.0,-1.0,0.0,0.0,0.0,0.0,0.0,1.002,1.002,1.032,0.91,0.993,0.993,2019-07-01,2019-06-27,2019-06-20,2019-07-12,2019-06-28,2019-06-26,0.0,0.0,0.0,100.0,100.0,100.0,1999-01-01,1999-01-01,1999-01-01,1999-01-01,1999-01-01,1999-01-01,2193700.0,8526800.0,2911800.0,-32.51,80.8,-3.58,0.0,0.0,0.0,100.0,100.0,100.0,0.0,0.0,0.0,100.0,100.0,100.0,0.0,0.0,0.0,100.0,100.0,100.0,8.312,13.82,14.244,4.113,3.729,0.0,0.0,0.0,0.0,100.0,100.0,100.0,1999-01-01,1999-01-01,1999-01-01,1999-01-01,1999-01-01,1999-01-01,0,0,0,0,0,0,1999-01-01,1999-01-01,1999-01-01,1999-01-01,1999-01-01,1999-01-01,2019-07-11,2019-07-08,2019-07-03,2019-07-12,2019-07-10,2019-07-04,1999-01-01,1999-01-01,1999-01-01,1999-01-01,1999-01-01,1999-01-01,0,1,0,1,1,0,1,0,0,0,0,0,0,0,0,0,1,0,0,1,0,0,0,0,0,0,0,0,1,1,,,2911800,,,n2n,,n2p,p2n,Life.Empty,Life.BearStart,Life.Bear,Life.BearRecovery,Life.Bear,,
2019-07-16,0.90476,,,,0.915,0.96714,0.99764,1.02495,1.0446,0.93814,0.96884,-0.0307,-0.02558,-0.02406,-0.00513,,,-19.21,28.86,-0.32,1.28,-12.09,4.78,-12.9,1.05,28.0,41.0,3.0,7.0,22.0,9.0,35.0,6.0,0.0,0.0,0.00175,-0.00731,0.23949,19.32177,,,,,9.06542,7.41465,,9.065,18.45919,14.48923,,,,,0.02882,0.03046,,,-0.4696,-0.5781,-0.7746,-0.305,-0.1085,-0.1965,0,0,0,,,,,,-0.15,,,1.033,0.0,0.0,1.009,0.0,0.0,2019-06-13,1999-01-01,1999-01-01,2019-05-29,1999-01-01,1999-01-01,-12.41,2.38,,,,,23.0,9.0,0.0,0.0,0.0,0.0,-1.0,0.0,0.0,0.0,0.0,0.0,0.915,1.002,1.002,0.91,0.993,0.993,2019-07-16,2019-07-01,2019-06-27,2019-07-12,2019-06-28,2019-06-26,0.0,0.0,0.0,100.0,100.0,100.0,1999-01-01,1999-01-01,1999-01-01,1999-01-01,1999-01-01,1999-01-01,8526800.0,2911800.0,1268300.0,80.8,-3.58,-6.79,0.0,0.0,0.0,100.0,100.0,100.0,0.0,0.0,0.0,100.0,100.0,100.0,0.0,0.0,0.0,100.0,100.0,100.0,9.065,8.312,13.82,4.113,3.729,0.0,0.0,0.0,0.0,100.0,100.0,100.0,1999-01-01,1999-01-01,1999-01-01,1999-01-01,1999-01-01,1999-01-01,0,0,0,0,0,0,1999-01-01,1999-01-01,1999-01-01,1999-01-01,1999-01-01,1999-01-01,2019-07-16,2019-07-11,2019-07-08,2019-07-12,2019-07-10,2019-07-04,1999-01-01,1999-01-01,1999-01-01,1999-01-01,1999-01-01,1999-01-01,0,1,0,1,1,0,1,0,0,0,0,0,0,0,0,0,0,0,0,1,0,0,0,0,0,0,0,0,1,1,,,,,n2n,,n2p,p2n,,Life.Empty,Life.BearStart,Life.Bear,Life.BearRecovery,Life.Bear,,
2019-07-17,0.90137,,,,,0.96199,0.99381,1.02248,1.04316,0.9323,0.96376,-0.03146,-0.02675,-0.02481,-0.0047,,,-18.9,28.86,-0.32,1.28,-12.09,4.78,-12.9,1.05,27.0,41.0,3.0,7.0,22.0,9.0,35.0,6.0,-0.0,-0.0146,0.00105,-0.00835,0.12575,11.17021,,,,,0.0,6.04361,0.0,,14.79786,16.15776,18.42542,,,,0.02781,0.02984,,,-0.4935,-0.6049,-0.8117,-0.3182,-0.1114,-0.2068,0,0,0,,,,,,-0.15,,,1.033,0.0,0.0,1.009,0.0,0.0,2019-06-13,1999-01-01,1999-01-01,2019-05-29,1999-01-01,1999-01-01,-12.74,2.38,,,,,24.0,9.0,0.0,0.0,0.0,0.0,-1.0,0.0,0.0,0.0,0.0,0.0,0.915,1.002,1.002,0.91,0.993,0.993,2019-07-16,2019-07-01,2019-06-27,2019-07-12,2019-06-28,2019-06-26,0.0,0.0,0.0,100.0,100.0,100.0,1999-01-01,1999-01-01,1999-01-01,1999-01-01,1999-01-01,1999-01-01,2911800.0,1268300.0,4786700.0,-3.58,-6.79,-29.43,0.0,0.0,0.0,100.0,100.0,100.0,0.0,0.0,0.0,100.0,100.0,100.0,0.0,0.0,0.0,100.0,100.0,100.0,9.065,8.312,13.82,0.0,4.113,3.729,0.0,0.0,0.0,100.0,100.0,100.0,1999-01-01,1999-01-01,1999-01-01,1999-01-01,1999-01-01,1999-01-01,0,0,0,0,0,0,1999-01-01,1999-01-01,1999-01-01,1999-01-01,1999-01-01,1999-01-01,2019-07-16,2019-07-11,2019-07-08,2019-07-17,2019-07-12,2019-07-10,1999-01-01,1999-01-01,1999-01-01,1999-01-01,1999-01-01,1999-01-01,0,1,0,1,1,0,1,0,0,0,0,0,0,0,0,0,0,0,1,0,0,0,0,0,0,0,0,0,1,1,,,,,,n2p,p2n,,,Life.Empty,Life.BearStart,Life.Bear,Life.BearRecovery,Life.Bear,,
2019-07-18,0.89842,,,,,0.95686,0.98995,1.01996,1.04169,0.92661,0.95869,-0.03208,-0.02782,-0.02558,-0.00426,,,-18.63,28.86,-0.32,1.28,-12.09,4.78,-12.9,1.05,26.0,41.0,3.0,7.0,22.0,9.0,35.0,6.0,-0.0,-0.0049,0.00105,-0.008,0.13125,11.60221,,,,,3.94737,4.3376,,3.947,10.14336,14.4668,18.25153,,,,0.02651,0.02925,,,-0.5174,-0.631,-0.8483,-0.3309,-0.1136,-0.2173,0,0,0,,,,,,-0.15,,,1.033,0.0,0.0,1.009,0.0,0.0,2019-06-13,1999-01-01,1999-01-01,2019-05-29,1999-01-01,1999-01-01,-13.03,2.38,,,,,25.0,9.0,0.0,0.0,0.0,0.0,-1.0,0.0,0.0,0.0,0.0,0.0,0.915,1.002,1.002,0.91,0.993,0.993,2019-07-16,2019-07-01,2019-06-27,2019-07-12,2019-06-28,2019-06-26,0.0,0.0,0.0,100.0,100.0,100.0,1999-01-01,1999-01-01,1999-01-01,1999-01-01,1999-01-01,1999-01-01,1268300.0,4786700.0,2037300.0,-6.79,-29.43,-9.75,0.0,0.0,0.0,100.0,100.0,100.0,0.0,0.0,0.0,100.0,100.0,100.0,0.0,0.0,0.0,100.0,100.0,100.0,3.947,9.065,8.312,0.0,4.113,3.729,0.0,0.0,0.0,100.0,100.0,100.0,1999-01-01,1999-01-01,1999-01-01,1999-01-01,1999-01-01,1999-01-01,0,0,0,0,0,0,1999-01-01,1999-01-01,1999-01-01,1999-01-01,1999-01-01,1999-01-01,2019-07-18,2019-07-16,2019-07-11,2019-07-17,2019-07-12,2019-07-10,1999-01-01,1999-01-01,1999-01-01,1999-01-01,1999-01-01,1999-01-01,0,1,0,1,1,0,1,0,0,0,0,0,0,0,0,0,1,0,1,0,0,0,0,0,0,0,0,0,1,1,,,,,n2p,p2n,,,,Life.Empty,Life.BearStart,Life.Bear,Life.BearRecovery,Life.Bear,,
2019-07-19,0.89611,,,,,0.95138,0.98586,1.0173,1.04014,0.9203,0.95327,-0.03297,-0.02885,-0.02634,-0.00413,,,-18.43,28.86,-0.32,1.28,-12.09,4.78,-12.9,1.05,25.0,41.0,3.0,7.0,22.0,9.0,35.0,6.0,-0.0,-0.0097,0.00035,-0.00869,0.04026,3.87046,,,,,3.72907,2.55881,,,5.79169,10.2443,18.14223,18.27306,,,0.02601,0.02871,,,-0.5428,-0.6592,-0.8876,-0.3448,-0.1164,-0.2284,0,0,0,,,,,,-0.15,,,1.033,0.0,0.0,1.009,0.0,0.0,2019-06-13,1999-01-01,1999-01-01,2019-05-29,1999-01-01,1999-01-01,-13.25,2.38,,,,,26.0,9.0,0.0,0.0,0.0,0.0,-1.0,0.0,0.0,0.0,0.0,0.0,0.915,1.002,1.002,0.91,0.993,0.993,2019-07-16,2019-07-01,2019-06-27,2019-07-12,2019-06-28,2019-06-26,0.0,0.0,0.0,100.0,100.0,100.0,1999-01-01,1999-01-01,1999-01-01,1999-01-01,1999-01-01,1999-01-01,4786700.0,2037300.0,4136500.0,-29.43,-9.75,35.44,0.0,0.0,0.0,100.0,100.0,100.0,0.0,0.0,0.0,100.0,100.0,100.0,0.0,0.0,0.0,100.0,100.0,100.0,3.947,9.065,8.312,0.0,4.113,3.729,0.0,0.0,0.0,100.0,100.0,100.0,1999-01-01,1999-01-01,1999-01-01,1999-01-01,1999-01-01,1999-01-01,0,0,0,0,0,0,1999-01-01,1999-01-01,1999-01-01,1999-01-01,1999-01-01,1999-01-01,2019-07-18,2019-07-16,2019-07-11,2019-07-17,2019-07-12,2019-07-10,1999-01-01,1999-01-01,1999-01-01,1999-01-01,1999-01-01,1999-01-01,0,1,0,1,1,0,1,0,0,0,0,0,0,0,0,0,1,0,1,0,0,0,0,0,0,0,0,0,1,1,-4136500,,,,p2n,,,,n2p,Life.Empty,Life.BearStart,Life.Bear,Life.BearRecovery,Life.Bear,,
2019-07-22,0.89461,,,0.881,,0.94595,0.98174,1.0146,1.03855,0.91421,0.9479,-0.03369,-0.02982,-0.0271,-0.00387,,,-18.29,28.86,-0.32,1.28,-12.09,4.78,-12.9,1.05,24.0,41.0,3.0,7.0,22.0,9.0,35.0,6.0,-0.0,-0.0049,0.00035,-0.00834,0.04195,4.02629,,,,,0.0,2.55881,0.0,,5.79169,7.24225,18.10221,18.16532,18.102,,0.0252,0.0282,,,-0.5681,-0.6865,-0.926,-0.3579,-0.1184,-0.2395,0,0,0,,,,,,-0.15,,,1.033,0.0,0.0,1.009,0.0,0.0,2019-06-13,1999-01-01,1999-01-01,2019-05-29,1999-01-01,1999-01-01,-13.4,2.38,,,,,27.0,9.0,0.0,0.0,0.0,0.0,-0.0,0.0,0.0,0.0,0.0,0.0,0.915,1.002,1.002,0.881,0.91,0.993,2019-07-16,2019-07-01,2019-06-27,2019-07-22,2019-07-12,2019-06-28,0.0,0.0,0.0,100.0,100.0,100.0,1999-01-01,1999-01-01,1999-01-01,1999-01-01,1999-01-01,1999-01-01,2037300.0,4136500.0,2069800.0,-9.75,35.44,-24.79,0.0,0.0,0.0,100.0,100.0,100.0,0.0,0.0,0.0,100.0,100.0,100.0,0.0,0.0,0.0,18.102,100.0,100.0,3.947,9.065,8.312,0.0,0.0,4.113,0.0,0.0,0.0,100.0,100.0,100.0,1999-01-01,1999-01-01,1999-01-01,1999-01-01,1999-01-01,1999-01-01,0,0,0,0,0,0,1999-01-01,1999-01-01,1999-01-01,2019-07-22,1999-01-01,1999-01-01,2019-07-18,2019-07-16,2019-07-11,2019-07-22,2019-07-17,2019-07-12,1999-01-01,1999-01-01,1999-01-01,1999-01-01,1999-01-01,1999-01-01,0,1,0,1,1,0,1,0,0,0,0,0,0,0,1,0,1,0,1,0,0,0,0,0,0,0,0,0,1,1,,,-2069800,,,,,n2p,p2n,Life.Empty,Life.BearStart,Life.Bear,Life.BearRecovery,Life.Bear,,
2019-07-23,0.89396,,,,,0.9413,0.97797,1.01204,1.03703,0.90981,0.94328,-0.03348,-0.03055,-0.02785,-0.00293,,,-18.23,28.86,-0.32,1.28,-12.09,4.78,-12.9,1.05,23.0,41.0,3.0,7.0,22.0,9.0,35.0,6.0,0.0049,0.0,0.0007,-0.00834,0.0839,7.74092,,,,,4.37891,2.70266,,,7.8371,6.47349,18.13277,18.12573,,,0.0241,0.02773,,,-0.5906,-0.7074,-0.9573,-0.3667,-0.1168,-0.2499,0,0,0,,,,,,-0.15,,,1.033,0.0,0.0,1.009,0.0,0.0,2019-06-13,1999-01-01,1999-01-01,2019-05-29,1999-01-01,1999-01-01,-13.46,2.38,,,,,28.0,9.0,0.0,0.0,0.0,0.0,-0.0,0.0,0.0,0.0,0.0,0.0,0.915,1.002,1.002,0.881,0.91,0.993,2019-07-16,2019-07-01,2019-06-27,2019-07-22,2019-07-12,2019-06-28,0.0,0.0,0.0,100.0,100.0,100.0,1999-01-01,1999-01-01,1999-01-01,1999-01-01,1999-01-01,1999-01-01,4136500.0,2069800.0,1536700.0,35.44,-24.79,-6.07,0.0,0.0,0.0,100.0,100.0,100.0,0.0,0.0,0.0,100.0,100.0,100.0,0.0,0.0,0.0,18.102,100.0,100.0,3.947,9.065,8.312,0.0,0.0,4.113,0.0,0.0,0.0,100.0,100.0,100.0,1999-01-01,1999-01-01,1999-01-01,1999-01-01,1999-01-01,1999-01-01,0,0,0,0,0,0,1999-01-01,1999-01-01,1999-01-01,2019-07-22,1999-01-01,1999-01-01,2019-07-18,2019-07-16,2019-07-11,2019-07-22,2019-07-17,2019-07-12,1999-01-01,1999-01-01,1999-01-01,1999-01-01,1999-01-01,1999-01-01,0,1,0,1,1,0,1,0,0,0,0,0,0,0,1,0,1,0,1,0,0,0,0,0,0,0,0,0,1,1,,,,,,,n2p,p2n,,Life.Empty,Life.BearStart,Life.Bear,Life.BearRecovery,Life.Bear,,
2019-07-24,0.89393,,,,,0.93776,0.97472,1.00973,1.03562,0.90757,0.93973,-0.03215,-0.03087,-0.02858,-0.00128,,,-18.23,28.86,-0.32,1.28,-12.09,4.78,-12.9,1.05,22.0,41.0,3.0,7.0,22.0,9.0,35.0,6.0,0.0097,0.0,0.00139,-0.00661,0.21081,17.41071,,,,,14.28571,6.22154,,,17.26847,10.29908,18.23216,18.15571,,,0.02481,0.02729,,,-0.609,-0.7197,-0.9786,-0.3696,-0.1107,-0.2589,0,0,0,,,,,,-0.15,,,1.033,0.0,0.0,1.009,0.0,0.0,2019-06-13,1999-01-01,1999-01-01,2019-05-29,1999-01-01,1999-01-01,-13.46,2.38,,,,,29.0,9.0,0.0,0.0,0.0,0.0,-0.0,0.0,0.0,0.0,0.0,0.0,0.915,1.002,1.002,0.881,0.91,0.993,2019-07-16,2019-07-01,2019-06-27,2019-07-22,2019-07-12,2019-06-28,0.0,0.0,0.0,100.0,100.0,100.0,1999-01-01,1999-01-01,1999-01-01,1999-01-01,1999-01-01,1999-01-01,2069800.0,1536700.0,5230800.0,-24.79,-6.07,14.13,0.0,0.0,0.0,100.0,100.0,100.0,0.0,0.0,0.0,100.0,100.0,100.0,0.0,0.0,0.0,18.102,100.0,100.0,3.947,9.065,8.312,0.0,0.0,4.113,0.0,0.0,0.0,100.0,100.0,100.0,1999-01-01,1999-01-01,1999-01-01,1999-01-01,1999-01-01,1999-01-01,0,0,0,0,0,0,1999-01-01,1999-01-01,1999-01-01,2019-07-22,1999-01-01,1999-01-01,2019-07-18,2019-07-16,2019-07-11,2019-07-22,2019-07-17,2019-07-12,1999-01-01,1999-01-01,1999-01-01,1999-01-01,1999-01-01,1999-01-01,0,1,0,1,1,0,1,0,0,0,0,0,0,0,1,0,1,0,1,0,0,0,0,0,0,0,0,0,1,1,,,,,,n2p,p2n,,,Life.Empty,Life.BearStart,Life.Bear,Life.BearRecovery,Life.Bear,,
2019-07-25,0.89395,,,,0.9,0.93487,0.9718,1.00756,1.03427,0.90644,0.9368,-0.03036,-0.03077,-0.02929,0.00041,,,-18.23,28.86,-0.32,1.28,-12.09,4.78,-12.9,1.05,21.0,41.0,3.0,7.0,22.0,9.0,35.0,6.0,0.0049,0.0,0.00174,-0.00383,0.45522,31.28205,,,,,28.63436,15.76633,,28.634,33.93513,19.68023,18.39786,18.25426,,,0.02443,0.02688,,,-0.6247,-0.7269,-0.994,-0.3693,-0.1022,-0.2671,0,0,0,,,,,,-0.15,,,1.033,0.0,0.0,1.009,0.0,0.0,2019-06-13,1999-01-01,1999-01-01,2019-05-29,1999-01-01,1999-01-01,-13.46,2.38,,,,,30.0,9.0,0.0,0.0,0.0,0.0,-0.0,0.0,0.0,0.0,0.0,0.0,0.9,0.915,1.002,0.881,0.91,0.993,2019-07-25,2019-07-16,2019-07-01,2019-07-22,2019-07-12,2019-06-28,0.0,0.0,0.0,100.0,100.0,100.0,1999-01-01,1999-01-01,1999-01-01,1999-01-01,1999-01-01,1999-01-01,1536700.0,5230800.0,3600200.0,-6.07,14.13,17.32,0.0,0.0,0.0,100.0,100.0,100.0,0.0,0.0,0.0,100.0,100.0,100.0,0.0,0.0,0.0,18.102,100.0,100.0,28.634,3.947,9.065,0.0,0.0,4.113,0.0,0.0,0.0,100.0,100.0,100.0,1999-01-01,1999-01-01,1999-01-01,1999-01-01,1999-01-01,1999-01-01,0,0,0,0,0,0,1999-01-01,1999-01-01,1999-01-01,2019-07-22,1999-01-01,1999-01-01,2019-07-25,2019-07-18,2019-07-16,2019-07-22,2019-07-17,2019-07-12,1999-01-01,1999-01-01,1999-01-01,1999-01-01,1999-01-01,1999-01-01,0,1,0,1,1,0,1,0,0,0,0,0,0,0,1,0,0,1,1,0,0,0,0,0,0,0,0,0,1,1,,,,,n2p,p2n,,,,Life.Empty,Life.BearStart,Life.Bear,Life.BearRecovery,Life.Bear,,
2019-07-26,0.8933,,,,,0.93183,0.9688,1.00534,1.03289,0.90473,0.93373,-0.029,-0.03041,-0.02996,0.00141,,,-18.17,28.86,-0.32,1.28,-12.09,4.78,-12.9,1.05,20.0,41.0,3.0,7.0,22.0,9.0,35.0,6.0,-0.0,-0.0049,0.00174,-0.00418,0.41709,29.43305,,,,,21.43906,21.45305,,,41.62393,30.94251,18.62785,18.41929,,,0.02339,0.02651,,,-0.6409,-0.7351,-1.0106,-0.3697,-0.0942,-0.2755,0,0,0,,,,,,-0.15,,,1.033,0.0,0.0,1.009,0.0,0.0,2019-06-13,1999-01-01,1999-01-01,2019-05-29,1999-01-01,1999-01-01,-13.52,2.38,,,,,31.0,9.0,0.0,0.0,0.0,0.0,-0.0,0.0,0.0,0.0,0.0,0.0,0.9,0.915,1.002,0.881,0.91,0.993,2019-07-25,2019-07-16,2019-07-01,2019-07-22,2019-07-12,2019-06-28,0.0,0.0,0.0,100.0,100.0,100.0,1999-01-01,1999-01-01,1999-01-01,1999-01-01,1999-01-01,1999-01-01,5230800.0,3600200.0,1634600.0,14.13,17.32,0.94,0.0,0.0,0.0,100.0,100.0,100.0,0.0,0.0,0.0,100.0,100.0,100.0,0.0,0.0,0.0,18.102,100.0,100.0,28.634,3.947,9.065,0.0,0.0,4.113,0.0,0.0,0.0,100.0,100.0,100.0,1999-01-01,1999-01-01,1999-01-01,1999-01-01,1999-01-01,1999-01-01,0,0,0,0,0,0,1999-01-01,1999-01-01,1999-01-01,2019-07-22,1999-01-01,1999-01-01,2019-07-25,2019-07-18,2019-07-16,2019-07-22,2019-07-17,2019-07-12,1999-01-01,1999-01-01,1999-01-01,1999-01-01,1999-01-01,1999-01-01,0,1,0,1,1,0,1,0,0,0,0,0,0,0,1,0,0,1,1,0,0,0,0,0,0,0,0,0,1,1,,,,,p2n,,,,,Life.Empty,Life.BearStart,Life.Bear,Life.BearRecovery,Life.Bear,,
2019-07-29,0.89133,,,0.895,,0.92902,0.96592,1.00316,1.03152,0.90328,0.93088,-0.0276,-0.02985,-0.03059,0.00225,,,-17.99,28.86,-0.32,1.28,-12.09,4.78,-12.9,1.05,19.0,41.0,3.0,7.0,22.0,9.0,35.0,6.0,0.0,0.0,0.00174,-0.00349,0.5,33.33333,22.76531,,,,21.43906,23.83749,21.439,,38.62722,38.06209,18.91998,18.64857,,,0.02242,0.02617,,,-0.656,-0.7414,-1.025,-0.369,-0.0854,-0.2836,0,0,0,,,,,,-0.15,,,1.033,0.0,0.0,1.009,0.0,0.0,2019-06-13,1999-01-01,1999-01-01,2019-05-29,1999-01-01,1999-01-01,-13.71,2.38,,,,,32.0,9.0,0.0,0.0,0.0,0.0,-0.0,0.0,0.0,0.0,0.0,0.0,0.9,0.915,1.002,0.895,0.881,0.91,2019-07-25,2019-07-16,2019-07-01,2019-07-29,2019-07-22,2019-07-12,0.0,0.0,0.0,100.0,100.0,100.0,1999-01-01,1999-01-01,1999-01-01,1999-01-01,1999-01-01,1999-01-01,3600200.0,1634600.0,2443800.0,17.32,0.94,-26.63,0.0,0.0,0.0,100.0,100.0,100.0,0.0,0.0,0.0,100.0,100.0,100.0,0.0,0.0,0.0,18.102,100.0,100.0,28.634,3.947,9.065,21.439,0.0,0.0,0.0,0.0,0.0,100.0,100.0,100.0,1999-01-01,1999-01-01,1999-01-01,1999-01-01,1999-01-01,1999-01-01,0,0,0,0,0,0,1999-01-01,1999-01-01,1999-01-01,2019-07-22,1999-01-01,1999-01-01,2019-07-25,2019-07-18,2019-07-16,2019-07-29,2019-07-22,2019-07-17,1999-01-01,1999-01-01,1999-01-01,1999-01-01,1999-01-01,1999-01-01,0,1,0,1,1,0,0,0,0,0,0,0,0,0,1,0,0,1,0,1,0,0,0,0,0,0,0,0,1,1,,,,,,,,,,Life.Empty,Life.BearStart,Life.Bear,Life.BearRecovery,Life.Bear,,
2019-07-31,0.88763,,,,0.91,0.92755,0.96372,1.00131,1.03031,0.9043,0.92933,-0.02503,-0.02889,-0.03117,0.00386,,,-17.65,28.86,-0.32,1.28,-12.09,4.78,-12.9,1.05,17.0,41.0,3.0,7.0,22.0,9.0,35.0,6.0,0.0146,0.0,0.00279,-0.00314,0.88838,47.04463,22.6006,,,,42.87812,28.58541,,42.878,45.71421,41.98845,19.26986,18.93923,,,0.0222,0.02586,,,-0.6659,-0.7376,-1.0276,-0.3617,-0.0717,-0.29,0,0,1,,,,,,-0.15,,,1.033,0.0,0.0,1.009,0.0,0.0,2019-06-13,1999-01-01,1999-01-01,2019-05-29,1999-01-01,1999-01-01,-14.07,2.38,,,,,33.0,9.0,0.0,0.0,0.0,0.0,-0.0,0.0,0.0,0.0,0.0,0.0,0.91,0.9,0.915,0.895,0.881,0.91,2019-07-31,2019-07-25,2019-07-16,2019-07-29,2019-07-22,2019-07-12,0.0,0.0,0.0,100.0,100.0,100.0,1999-01-01,1999-01-01,1999-01-01,1999-01-01,1999-01-01,1999-01-01,1634600.0,2443800.0,1674700.0,0.94,-26.63,-25.08,0.0,0.0,0.0,100.0,100.0,100.0,0.0,0.0,0.0,100.0,100.0,100.0,0.0,0.0,0.0,18.102,100.0,100.0,42.878,28.634,3.947,21.439,0.0,0.0,0.0,0.0,0.0,100.0,100.0,100.0,1999-01-01,1999-01-01,1999-01-01,1999-01-01,1999-01-01,1999-01-01,0,0,0,0,0,0,1999-01-01,1999-01-01,1999-01-01,2019-07-22,1999-01-01,1999-01-01,2019-07-31,2019-07-25,2019-07-18,2019-07-29,2019-07-22,2019-07-17,1999-01-01,1999-01-01,1999-01-01,1999-01-01,1999-01-01,1999-01-01,0,1,0,1,0,0,0,0,0,0,0,0,0,0,1,0,0,1,0,1,0,0,0,0,0,0,0,0,1,1,,,,,,,,,,Life.Empty,Life.BearStart,Life.Bear,Life.BearRecovery,Life.Bear,,
2019-08-01,0.88186,,,,,0.92545,0.96123,0.99931,1.02902,0.90367,0.92717,-0.0235,-0.02781,-0.03171,0.00431,,,-17.11,28.86,-0.32,1.28,-12.09,4.78,-12.9,1.05,16.0,41.0,3.0,7.0,22.0,9.0,35.0,6.0,-0.0,-0.0097,0.00279,-0.00383,0.72761,42.11663,22.5294,22.529,,,28.63436,30.98385,,,46.54148,43.62764,19.6709,19.28691,,,0.02166,0.02557,,,-0.6779,-0.7386,-1.0357,-0.3578,-0.0607,-0.2971,0,0,1,,,,,,-0.15,,,1.033,0.0,0.0,1.009,0.0,0.0,2019-06-13,1999-01-01,1999-01-01,2019-05-29,1999-01-01,1999-01-01,-14.63,2.38,,,,,34.0,9.0,0.0,0.0,0.0,0.0,-0.0,0.0,0.0,0.0,0.0,0.0,0.91,0.9,0.915,0.895,0.881,0.91,2019-07-31,2019-07-25,2019-07-16,2019-07-29,2019-07-22,2019-07-12,0.0,0.0,0.0,100.0,100.0,100.0,1999-01-01,1999-01-01,1999-01-01,1999-01-01,1999-01-01,1999-01-01,2443800.0,1674700.0,1505200.0,-26.63,-25.08,-2.25,0.0,0.0,0.0,100.0,100.0,100.0,0.0,0.0,0.0,100.0,100.0,100.0,0.0,0.0,0.0,18.102,100.0,100.0,42.878,28.634,3.947,21.439,0.0,0.0,0.0,0.0,0.0,22.529,100.0,100.0,1999-01-01,1999-01-01,1999-01-01,1999-01-01,1999-01-01,1999-01-01,0,0,0,0,0,0,1999-01-01,1999-01-01,1999-01-01,2019-07-22,1999-01-01,1999-01-01,2019-07-31,2019-07-25,2019-07-18,2019-07-29,2019-07-22,2019-07-17,1999-01-01,1999-01-01,1999-01-01,2019-08-01,1999-01-01,1999-01-01,0,1,0,1,0,0,0,0,0,0,0,0,0,0,1,0,0,1,0,1,0,0,1,0,0,0,0,0,1,1,,,,,,,,,,Life.Empty,Life.BearStart,Life.Bear,Life.BearRecovery,Life.Bear,,
2019-08-02,0.87383,,,,,0.92313,0.95865,0.99725,1.02769,0.90238,0.92481,-0.02243,-0.02673,-0.03218,0.00431,,,-16.35,28.86,-0.32,1.28,-12.09,4.78,-12.9,1.05,15.0,41.0,3.0,7.0,22.0,9.0,35.0,6.0,-0.0,-0.0049,0.00279,-0.00383,0.72761,42.11663,22.55503,,,19.58763,27.23881,32.9171,,,45.30699,45.85423,20.11664,19.6858,,,0.0208,0.02532,,,-0.6904,-0.7412,-1.0456,-0.3552,-0.0508,-0.3044,0,0,0,,,,,,-0.15,,,1.033,0.0,0.0,1.009,0.0,0.0,2019-06-13,1999-01-01,1999-01-01,2019-05-29,1999-01-01,1999-01-01,-15.41,2.38,,,,,35.0,9.0,0.0,0.0,0.0,0.0,-0.0,0.0,0.0,0.0,0.0,0.0,0.91,0.9,0.915,0.895,0.881,0.91,2019-07-31,2019-07-25,2019-07-16,2019-07-29,2019-07-22,2019-07-12,0.0,0.0,0.0,100.0,100.0,100.0,1999-01-01,1999-01-01,1999-01-01,1999-01-01,1999-01-01,1999-01-01,1674700.0,1505200.0,893200.0,-25.08,-2.25,-27.57,0.0,0.0,0.0,100.0,100.0,100.0,0.0,0.0,0.0,100.0,100.0,100.0,0.0,0.0,0.0,18.102,100.0,100.0,42.878,28.634,3.947,21.439,0.0,0.0,0.0,0.0,0.0,22.529,100.0,100.0,1999-01-01,1999-01-01,1999-01-01,1999-01-01,1999-01-01,1999-01-01,0,0,0,0,0,0,1999-01-01,1999-01-01,1999-01-01,2019-07-22,1999-01-01,1999-01-01,2019-07-31,2019-07-25,2019-07-18,2019-07-29,2019-07-22,2019-07-17,1999-01-01,1999-01-01,1999-01-01,2019-08-01,1999-01-01,1999-01-01,0,1,0,1,0,0,0,0,0,0,0,0,0,0,1,0,0,1,0,1,0,0,1,0,0,0,0,0,1,1,,,,,,,,,,Life.Empty,Life.BearStart,Life.Bear,Life.BearRecovery,Life.Bear,,
2019-08-05,0.8637,,,,,0.91874,0.95502,0.99465,1.02608,0.8968,0.92046,-0.02366,-0.02612,-0.0326,0.00246,,,-15.36,28.86,-0.32,1.28,-12.09,4.78,-12.9,1.05,14.0,41.0,3.0,7.0,22.0,9.0,35.0,6.0,-0.0,-0.0292,0.00244,-0.00591,0.41184,29.17023,22.67836,,,6.64123,15.32385,23.73234,,,27.59693,39.81513,20.60324,20.13026,,,0.0221,0.02509,,,-0.7106,-0.7591,-1.0734,-0.3628,-0.0485,-0.3143,0,0,0,,,,,,-0.15,,,1.033,0.0,0.0,1.009,0.0,0.0,2019-06-13,1999-01-01,1999-01-01,2019-05-29,1999-01-01,1999-01-01,-16.39,2.38,,,,,36.0,9.0,0.0,0.0,0.0,0.0,-0.0,0.0,0.0,0.0,0.0,0.0,0.91,0.9,0.915,0.895,0.881,0.91,2019-07-31,2019-07-25,2019-07-16,2019-07-29,2019-07-22,2019-07-12,0.0,0.0,0.0,100.0,100.0,100.0,1999-01-01,1999-01-01,1999-01-01,1999-01-01,1999-01-01,1999-01-01,1505200.0,893200.0,3916200.0,-2.25,-27.57,55.03,0.0,0.0,0.0,100.0,100.0,100.0,0.0,0.0,0.0,100.0,100.0,100.0,0.0,0.0,0.0,18.102,100.0,100.0,42.878,28.634,3.947,21.439,0.0,0.0,0.0,0.0,0.0,22.529,100.0,100.0,1999-01-01,1999-01-01,1999-01-01,1999-01-01,1999-01-01,1999-01-01,0,0,0,0,0,0,1999-01-01,1999-01-01,1999-01-01,2019-07-22,1999-01-01,1999-01-01,2019-07-31,2019-07-25,2019-07-18,2019-07-29,2019-07-22,2019-07-17,1999-01-01,1999-01-01,1999-01-01,2019-08-01,1999-01-01,1999-01-01,0,1,0,1,0,0,0,0,0,0,0,0,0,0,1,0,0,1,0,1,0,0,1,0,0,0,0,0,1,1,-3916200,,,,,,,,n2p,Life.Empty,Life.BearStart,Life.Bear,Life.BearRecovery,Life.Bear,,
2019-08-06,0.85185,,,,,0.91244,0.95038,0.99153,1.0242,0.88758,0.91427,-0.02669,-0.02623,-0.03295,-0.00045,,,-14.19,28.86,-0.32,1.28,-12.09,4.78,-12.9,1.05,13.0,41.0,3.0,7.0,22.0,9.0,35.0,6.0,-0.0,-0.0292,0.00244,-0.008,0.30446,23.34018,22.89842,,,0.81118,0.0,14.18755,,,14.29104,29.06499,21.12945,20.61644,,,0.0226,0.02488,,,-0.7382,-0.7909,-1.1176,-0.3794,-0.0527,-0.3267,0,0,0,,,,,,-0.15,,,1.033,0.0,0.0,1.009,0.0,0.0,2019-06-13,1999-01-01,1999-01-01,2019-05-29,1999-01-01,1999-01-01,-17.54,2.38,,,,,37.0,9.0,0.0,0.0,0.0,0.0,-0.0,0.0,0.0,0.0,0.0,0.0,0.91,0.9,0.915,0.895,0.881,0.91,2019-07-31,2019-07-25,2019-07-16,2019-07-29,2019-07-22,2019-07-12,0.0,0.0,0.0,100.0,100.0,100.0,1999-01-01,1999-01-01,1999-01-01,1999-01-01,1999-01-01,1999-01-01,893200.0,3916200.0,4956300.0,-27.57,55.03,54.65,0.0,0.0,0.0,100.0,100.0,100.0,0.0,0.0,0.0,100.0,100.0,100.0,0.0,0.0,0.0,18.102,100.0,100.0,42.878,28.634,3.947,21.439,0.0,0.0,0.0,0.0,0.0,22.529,100.0,100.0,1999-01-01,1999-01-01,1999-01-01,1999-01-01,1999-01-01,1999-01-01,0,0,0,0,0,0,1999-01-01,1999-01-01,1999-01-01,2019-07-22,1999-01-01,1999-01-01,2019-07-31,2019-07-25,2019-07-18,2019-07-29,2019-07-22,2019-07-17,1999-01-01,1999-01-01,1999-01-01,2019-08-01,1999-01-01,1999-01-01,0,1,0,1,0,0,0,0,0,0,0,0,0,0,1,0,0,1,0,1,0,0,1,0,0,0,0,0,1,1,,,,,,,,n2p,,Life.Empty,Life.BearStart,Life.Bear,Life.BearRecovery,Life.Bear,,
2019-08-07,0.83879,,,,,0.90663,0.94593,0.98847,1.02233,0.87978,0.90854,-0.02875,-0.02674,-0.03322,-0.00202,,,-12.85,28.86,-0.32,1.28,-12.09,4.78,-12.9,1.05,12.0,41.0,3.0,7.0,22.0,9.0,35.0,6.0,0.0,0.0,0.00244,-0.00696,0.3501,25.93156,23.21329,,,3.40256,0.0,5.10795,,,6.04361,15.97719,21.69411,21.14227,,,0.02238,0.0247,,,-0.764,-0.8184,-1.157,-0.393,-0.0544,-0.3386,0,0,0,,,,,,-0.15,,,1.033,0.0,0.0,1.009,0.0,0.0,2019-06-13,1999-01-01,1999-01-01,2019-05-29,1999-01-01,1999-01-01,-18.8,2.38,,,,,38.0,9.0,0.0,0.0,0.0,0.0,-0.0,0.0,0.0,0.0,0.0,0.0,0.91,0.9,0.915,0.895,0.881,0.91,2019-07-31,2019-07-25,2019-07-16,2019-07-29,2019-07-22,2019-07-12,0.0,0.0,0.0,100.0,100.0,100.0,1999-01-01,1999-01-01,1999-01-01,1999-01-01,1999-01-01,1999-01-01,3916200.0,4956300.0,2162900.0,55.03,54.65,13.0,0.0,0.0,0.0,100.0,100.0,100.0,0.0,0.0,0.0,100.0,100.0,100.0,0.0,0.0,0.0,18.102,100.0,100.0,42.878,28.634,3.947,21.439,0.0,0.0,0.0,0.0,0.0,22.529,100.0,100.0,1999-01-01,1999-01-01,1999-01-01,1999-01-01,1999-01-01,1999-01-01,0,0,0,0,0,0,1999-01-01,1999-01-01,1999-01-01,2019-07-22,1999-01-01,1999-01-01,2019-07-31,2019-07-25,2019-07-18,2019-07-29,2019-07-22,2019-07-17,1999-01-01,1999-01-01,1999-01-01,2019-08-01,1999-01-01,1999-01-01,0,1,0,1,0,0,0,0,0,0,0,0,0,0,1,0,0,1,0,1,0,0,1,0,0,0,0,0,1,1,,,,,,,n2p,,,Life.Empty,Life.BearStart,Life.Bear,Life.BearRecovery,Life.Bear,,
2019-08-08,0.82508,,,,,0.90127,0.94166,0.98547,1.02049,0.87319,0.90323,-0.03004,-0.0274,-0.03343,-0.00265,,,-11.4,28.86,-0.32,1.28,-12.09,4.78,-12.9,1.05,11.0,41.0,3.0,7.0,22.0,9.0,35.0,6.0,0.0,0.0,0.00244,-0.00661,0.36865,26.93523,23.62039,,,4.40623,0.0,0.0,0.0,,0.0,6.77822,22.29469,21.70608,,,0.02148,0.02454,,,-0.7883,-0.842,-1.1922,-0.4039,-0.0537,-0.3502,0,0,0,,,,,,-0.15,,,1.033,0.0,0.0,1.009,0.0,0.0,2019-06-13,1999-01-01,1999-01-01,2019-05-29,1999-01-01,1999-01-01,-20.13,2.38,,,,,39.0,9.0,0.0,0.0,0.0,0.0,-1.0,0.0,0.0,0.0,0.0,0.0,0.91,0.9,0.915,0.895,0.881,0.91,2019-07-31,2019-07-25,2019-07-16,2019-07-29,2019-07-22,2019-07-12,0.0,0.0,0.0,100.0,100.0,100.0,1999-01-01,1999-01-01,1999-01-01,1999-01-01,1999-01-01,1999-01-01,4956300.0,2162900.0,2545400.0,54.65,13.0,-12.42,0.0,0.0,0.0,100.0,100.0,100.0,0.0,0.0,0.0,100.0,100.0,100.0,0.0,0.0,0.0,18.102,100.0,100.0,42.878,28.634,3.947,0.0,21.439,0.0,0.0,0.0,0.0,22.529,100.0,100.0,1999-01-01,1999-01-01,1999-01-01,1999-01-01,1999-01-01,1999-01-01,0,0,0,0,0,0,1999-01-01,1999-01-01,1999-01-01,2019-07-22,1999-01-01,1999-01-01,2019-07-31,2019-07-25,2019-07-18,2019-08-08,2019-07-29,2019-07-22,1999-01-01,1999-01-01,1999-01-01,2019-08-01,1999-01-01,1999-01-01,0,1,0,1,0,0,0,0,0,0,0,0,0,0,1,0,0,1,1,0,0,0,1,0,0,0,0,0,1,1,,,,,,n2p,,,,Life.Empty,Life.BearStart,Life.Bear,Life.BearRecovery,Life.Bear,,
2019-08-09,0.81129,,,,,0.89557,0.93717,0.98233,1.01856,0.86611,0.8976,-0.03149,-0.02822,-0.03355,-0.00327,,,-9.9,28.86,-0.32,1.28,-12.09,4.78,-12.9,1.05,10.0,41.0,3.0,7.0,22.0,9.0,35.0,6.0,-0.0,-0.0097,0.00244,-0.00661,0.36865,26.93523,24.11652,,,4.40623,9.49119,3.16373,,,4.15596,3.39986,22.92594,22.30491,,,0.02168,0.0244,,,-0.8139,-0.8676,-1.2299,-0.416,-0.0537,-0.3623,0,0,0,,,,,,-0.15,,,1.033,0.0,0.0,1.009,0.0,0.0,2019-06-13,1999-01-01,1999-01-01,2019-05-29,1999-01-01,1999-01-01,-21.46,2.38,,,,,40.0,9.0,0.0,0.0,0.0,0.0,-1.0,0.0,0.0,0.0,0.0,0.0,0.91,0.9,0.915,0.895,0.881,0.91,2019-07-31,2019-07-25,2019-07-16,2019-07-29,2019-07-22,2019-07-12,0.0,0.0,0.0,100.0,100.0,100.0,1999-01-01,1999-01-01,1999-01-01,1999-01-01,1999-01-01,1999-01-01,2162900.0,2545400.0,4070400.0,13.0,-12.42,-9.17,0.0,0.0,0.0,100.0,100.0,100.0,0.0,0.0,0.0,100.0,100.0,100.0,0.0,0.0,0.0,18.102,100.0,100.0,42.878,28.634,3.947,0.0,21.439,0.0,0.0,0.0,0.0,22.529,100.0,100.0,1999-01-01,1999-01-01,1999-01-01,1999-01-01,1999-01-01,1999-01-01,0,0,0,0,0,0,1999-01-01,1999-01-01,1999-01-01,2019-07-22,1999-01-01,1999-01-01,2019-07-31,2019-07-25,2019-07-18,2019-08-08,2019-07-29,2019-07-22,1999-01-01,1999-01-01,1999-01-01,2019-08-01,1999-01-01,1999-01-01,0,1,0,1,0,0,0,0,0,0,0,0,0,0,1,0,0,1,1,0,0,0,1,0,0,0,0,0,1,1,,,,,n2p,,,,,Life.Empty,Life.BearStart,Life.Bear,Life.BearRecovery,Life.Bear,,
2019-08-13,0.79795,,,,,0.88657,0.93095,0.9783,1.01618,0.85263,0.88878,-0.03614,-0.0298,-0.03359,-0.00634,,,-8.39,28.86,-0.32,1.28,-12.09,4.78,-12.9,1.05,8.0,41.0,3.0,7.0,22.0,9.0,35.0,6.0,-0.0,-0.0487,0.00244,-0.00974,0.25018,20.01174,24.69902,,,-2.51726,14.68278,8.05799,,,11.71898,5.29165,23.58297,22.93453,,,0.02535,0.02428,,,-0.8523,-0.9173,-1.2961,-0.4438,-0.065,-0.3788,0,0,0,,,,,,-0.15,,,1.033,0.0,0.0,1.009,0.0,0.0,2019-06-13,1999-01-01,1999-01-01,2019-05-29,1999-01-01,1999-01-01,-22.75,2.38,,,,,41.0,9.0,0.0,0.0,0.0,0.0,-1.0,0.0,0.0,0.0,0.0,0.0,0.91,0.9,0.915,0.895,0.881,0.91,2019-07-31,2019-07-25,2019-07-16,2019-07-29,2019-07-22,2019-07-12,0.0,0.0,0.0,100.0,100.0,100.0,1999-01-01,1999-01-01,1999-01-01,1999-01-01,1999-01-01,1999-01-01,2545400.0,4070400.0,11801100.0,-12.42,-9.17,109.79,0.0,0.0,0.0,100.0,100.0,100.0,0.0,0.0,0.0,100.0,100.0,100.0,0.0,0.0,0.0,18.102,100.0,100.0,42.878,28.634,3.947,0.0,21.439,0.0,0.0,0.0,0.0,22.529,100.0,100.0,1999-01-01,1999-01-01,1999-01-01,1999-01-01,1999-01-01,1999-01-01,0,0,0,0,0,0,1999-01-01,1999-01-01,1999-01-01,2019-07-22,1999-01-01,1999-01-01,2019-07-31,2019-07-25,2019-07-18,2019-08-08,2019-07-29,2019-07-22,1999-01-01,1999-01-01,1999-01-01,2019-08-01,1999-01-01,1999-01-01,0,1,0,1,0,0,0,0,0,0,0,0,0,0,1,0,0,1,1,0,0,0,1,0,0,0,0,0,1,1,-11801100,,,,,,,,n2p,Life.Empty,Life.BearStart,Life.Bear,Life.BearRecovery,Life.Bear,,
2019-08-14,0.78541,,,,,0.87825,0.92497,0.97434,1.01381,0.84123,0.88061,-0.03938,-0.03172,-0.03356,-0.00766,-0.034,,-6.93,28.86,-0.32,1.28,-12.09,4.78,-12.9,1.05,7.0,41.0,3.0,7.0,22.0,9.0,35.0,6.0,0.0,0.0,0.00209,-0.00974,0.21423,17.6435,25.36565,,,-4.8855,14.68278,12.95225,,14.683,19.64462,11.83985,24.26413,23.59101,,,0.02562,0.02417,,,-0.8884,-0.9609,-1.3556,-0.4672,-0.0725,-0.3947,0,0,0,,,,,,-0.15,,,1.033,0.0,0.0,1.009,0.0,0.0,2019-06-13,1999-01-01,1999-01-01,2019-05-29,1999-01-01,1999-01-01,-23.97,2.38,,,,,42.0,9.0,0.0,0.0,0.0,0.0,-1.0,0.0,0.0,0.0,0.0,0.0,0.91,0.9,0.915,0.895,0.881,0.91,2019-07-31,2019-07-25,2019-07-16,2019-07-29,2019-07-22,2019-07-12,0.0,0.0,0.0,100.0,100.0,100.0,1999-01-01,1999-01-01,1999-01-01,1999-01-01,1999-01-01,1999-01-01,4070400.0,11801100.0,10672800.0,-9.17,109.79,44.13,0.0,0.0,0.0,-0.034,100.0,100.0,0.0,0.0,0.0,-0.03172,100.0,100.0,0.0,0.0,0.0,18.102,100.0,100.0,14.683,42.878,28.634,0.0,21.439,0.0,0.0,0.0,0.0,22.529,100.0,100.0,1999-01-01,1999-01-01,1999-01-01,2019-08-14,1999-01-01,1999-01-01,0,0,0,7530,0,0,1999-01-01,1999-01-01,1999-01-01,2019-07-22,1999-01-01,1999-01-01,2019-08-14,2019-07-31,2019-07-25,2019-08-08,2019-07-29,2019-07-22,1999-01-01,1999-01-01,1999-01-01,2019-08-01,1999-01-01,1999-01-01,0,1,0,1,0,0,0,0,0,0,1,0,0,0,1,0,1,0,1,0,0,0,1,0,0,0,0,0,1,0,,,,,,,,n2p,,Life.Empty,Life.BearStart,Life.Bear,Life.BearRecovery,Life.Bear,,
2019-08-15,0.77376,,,,,0.86946,0.91865,0.97017,1.01132,0.82933,0.87196,-0.04263,-0.0339,-0.03343,-0.00873,,,-5.53,28.86,-0.32,1.28,-12.09,4.78,-12.9,1.05,6.0,41.0,3.0,7.0,22.0,9.0,35.0,6.0,-0.0,-0.0146,0.00139,-0.01078,0.12922,11.44366,26.11425,,,-11.08534,6.03985,11.8018,,,18.98416,16.78258,24.97206,24.27305,,,0.02484,0.02408,,,-0.9267,-1.0071,-1.4186,-0.4919,-0.0804,-0.4115,0,0,0,,,,,,-0.15,,,1.033,0.0,0.0,1.009,0.0,0.0,2019-06-13,1999-01-01,1999-01-01,2019-05-29,1999-01-01,1999-01-01,-25.1,2.38,,,,,43.0,9.0,0.0,0.0,0.0,0.0,-1.0,0.0,0.0,0.0,0.0,0.0,0.91,0.9,0.915,0.895,0.881,0.91,2019-07-31,2019-07-25,2019-07-16,2019-07-29,2019-07-22,2019-07-12,0.0,0.0,0.0,100.0,100.0,100.0,1999-01-01,1999-01-01,1999-01-01,1999-01-01,1999-01-01,1999-01-01,11801100.0,10672800.0,3566200.0,109.79,44.13,-1.9,0.0,0.0,0.0,-0.034,100.0,100.0,0.0,0.0,0.0,-0.03172,100.0,100.0,0.0,0.0,0.0,18.102,100.0,100.0,14.683,42.878,28.634,0.0,21.439,0.0,0.0,0.0,0.0,22.529,100.0,100.0,1999-01-01,1999-01-01,1999-01-01,2019-08-14,1999-01-01,1999-01-01,0,0,0,7530,0,0,1999-01-01,1999-01-01,1999-01-01,2019-07-22,1999-01-01,1999-01-01,2019-08-14,2019-07-31,2019-07-25,2019-08-08,2019-07-29,2019-07-22,1999-01-01,1999-01-01,1999-01-01,2019-08-01,1999-01-01,1999-01-01,0,1,0,1,0,0,0,0,0,0,1,0,0,0,1,0,1,0,1,0,0,0,1,0,0,0,0,0,1,0,,,-3566200,,,,n2p,,p2n,Life.Empty,Life.BearStart,Life.Bear,Life.BearRecovery,Life.Bear,,
2019-08-16,0.76295,,,,,0.86097,0.9124,0.96599,1.00881,0.81853,0.8636,-0.04508,-0.03614,-0.03322,-0.00894,,,-4.19,28.86,-0.32,1.28,-12.09,4.78,-12.9,1.05,5.0,41.0,3.0,7.0,22.0,9.0,35.0,6.0,-0.0,-0.0048,0.00104,-0.01112,0.09377,8.57311,26.94267,,,-13.95589,3.14708,7.95657,,,13.28567,17.30481,25.71202,24.98274,,,0.02376,0.024,,,-0.9641,-1.0502,-1.4784,-0.5143,-0.0861,-0.4282,0,0,0,,,,,,-0.15,,,1.033,0.0,0.0,1.009,0.0,0.0,2019-06-13,1999-01-01,1999-01-01,2019-05-29,1999-01-01,1999-01-01,-26.14,2.38,,,,,44.0,9.0,0.0,0.0,0.0,0.0,-1.0,0.0,0.0,0.0,0.0,0.0,0.91,0.9,0.915,0.895,0.881,0.91,2019-07-31,2019-07-25,2019-07-16,2019-07-29,2019-07-22,2019-07-12,0.0,0.0,0.0,100.0,100.0,100.0,1999-01-01,1999-01-01,1999-01-01,1999-01-01,1999-01-01,1999-01-01,10672800.0,3566200.0,2549200.0,44.13,-1.9,-35.53,0.0,0.0,0.0,-0.034,100.0,100.0,0.0,0.0,0.0,-0.03172,100.0,100.0,0.0,0.0,0.0,18.102,100.0,100.0,14.683,42.878,28.634,0.0,21.439,0.0,0.0,0.0,0.0,22.529,100.0,100.0,1999-01-01,1999-01-01,1999-01-01,2019-08-14,1999-01-01,1999-01-01,0,0,0,7530,0,0,1999-01-01,1999-01-01,1999-01-01,2019-07-22,1999-01-01,1999-01-01,2019-08-14,2019-07-31,2019-07-25,2019-08-08,2019-07-29,2019-07-22,1999-01-01,1999-01-01,1999-01-01,2019-08-01,1999-01-01,1999-01-01,0,1,0,1,0,0,0,0,0,0,1,0,0,0,1,0,1,0,1,0,0,0,1,0,0,0,0,0,1,0,,,,,,n2p,,p2n,,Life.Empty,Life.BearStart,Life.Bear,Life.BearRecovery,Life.Bear,,
2019-08-19,0.75294,,,,,0.85238,0.906,0.9617,1.00623,0.80788,0.85514,-0.04726,-0.03836,-0.03292,-0.0089,,,-2.91,28.86,-0.32,1.28,-12.09,4.78,-12.9,1.05,4.0,41.0,3.0,7.0,22.0,9.0,35.0,6.0,-0.0,-0.0098,0.00104,-0.01147,0.09091,8.33333,27.84807,,,-14.19567,0.0,3.06231,,,5.36003,12.54329,26.48892,25.72433,,,0.0238,0.02393,,,-1.0023,-1.0932,-1.5385,-0.5362,-0.0909,-0.4453,0,0,0,,,,,,-0.15,,,1.033,0.0,0.0,1.009,0.0,0.0,2019-06-13,1999-01-01,1999-01-01,2019-05-29,1999-01-01,1999-01-01,-27.11,2.38,,,,,45.0,9.0,0.0,0.0,0.0,0.0,-1.0,0.0,0.0,0.0,0.0,0.0,0.91,0.9,0.915,0.895,0.881,0.91,2019-07-31,2019-07-25,2019-07-16,2019-07-29,2019-07-22,2019-07-12,0.0,0.0,0.0,100.0,100.0,100.0,1999-01-01,1999-01-01,1999-01-01,1999-01-01,1999-01-01,1999-01-01,3566200.0,2549200.0,3929900.0,-1.9,-35.53,-40.16,0.0,0.0,0.0,-0.034,100.0,100.0,0.0,0.0,0.0,-0.03172,100.0,100.0,0.0,0.0,0.0,18.102,100.0,100.0,14.683,42.878,28.634,0.0,21.439,0.0,0.0,0.0,0.0,22.529,100.0,100.0,1999-01-01,1999-01-01,1999-01-01,2019-08-14,1999-01-01,1999-01-01,0,0,0,7530,0,0,1999-01-01,1999-01-01,1999-01-01,2019-07-22,1999-01-01,1999-01-01,2019-08-14,2019-07-31,2019-07-25,2019-08-08,2019-07-29,2019-07-22,1999-01-01,1999-01-01,1999-01-01,2019-08-01,1999-01-01,1999-01-01,0,1,0,1,0,0,0,0,0,0,1,0,0,0,1,0,1,0,1,0,0,0,1,0,0,0,0,0,1,0,,,,,n2p,,p2n,,,Life.Empty,Life.BearStart,Life.Bear,Life.BearRecovery,Life.Bear,,
2019-08-20,0.744,,,,,0.84408,0.89967,0.9574,1.00363,0.79813,0.84694,-0.04882,-0.04045,-0.03253,-0.00836,,,-1.75,28.86,-0.32,1.28,-12.09,4.78,-12.9,1.05,3.0,41.0,3.0,7.0,22.0,9.0,35.0,6.0,-0.0,-0.0048,0.00104,-0.01181,0.08827,8.11111,28.8277,,,-14.41789,0.0,1.04903,0.0,,1.86454,6.83674,27.30661,26.50252,,,0.02279,0.02388,,,-1.0396,-1.1332,-1.5955,-0.5559,-0.0936,-0.4623,0,0,0,,,,,,-0.15,,,1.033,0.0,0.0,1.009,0.0,0.0,2019-06-13,1999-01-01,1999-01-01,2019-05-29,1999-01-01,1999-01-01,-27.98,2.38,,,,,46.0,9.0,0.0,0.0,0.0,0.0,-1.0,0.0,0.0,0.0,0.0,0.0,0.91,0.9,0.915,0.895,0.881,0.91,2019-07-31,2019-07-25,2019-07-16,2019-07-29,2019-07-22,2019-07-12,0.0,0.0,0.0,100.0,100.0,100.0,1999-01-01,1999-01-01,1999-01-01,1999-01-01,1999-01-01,1999-01-01,2549200.0,3929900.0,2676200.0,-35.53,-40.16,-8.86,0.0,0.0,0.0,-0.034,100.0,100.0,0.0,0.0,0.0,-0.03172,100.0,100.0,0.0,0.0,0.0,18.102,100.0,100.0,14.683,42.878,28.634,0.0,0.0,21.439,0.0,0.0,0.0,22.529,100.0,100.0,1999-01-01,1999-01-01,1999-01-01,2019-08-14,1999-01-01,1999-01-01,0,0,0,7530,0,0,1999-01-01,1999-01-01,1999-01-01,2019-07-22,1999-01-01,1999-01-01,2019-08-14,2019-07-31,2019-07-25,2019-08-20,2019-08-08,2019-07-29,1999-01-01,1999-01-01,1999-01-01,2019-08-01,1999-01-01,1999-01-01,0,1,0,1,0,0,0,0,0,0,1,0,0,0,1,0,1,0,1,0,0,0,1,0,0,0,0,0,1,0,,,,,,p2n,,,,Life.Empty,Life.BearStart,Life.Bear,Life.BearRecovery,Life.Bear,,
2019-08-21,0.73692,,,,,0.83567,0.8932,0.95299,1.00095,0.78837,0.83863,-0.05026,-0.04241,-0.03205,-0.00785,,,-0.8,28.86,-0.32,1.28,-12.09,4.78,-12.9,1.05,2.0,41.0,3.0,7.0,22.0,9.0,35.0,6.0,-0.0,-0.0098,0.0,-0.01251,0.0,0.0,29.87838,,,-22.529,7.64365,2.54788,,7.644,9.03427,5.41961,28.16648,27.32067,,,0.0229,0.02383,,,-1.0775,-1.1732,-1.6528,-0.5753,-0.0957,-0.4796,0,0,0,,,,,,-0.15,,,1.033,0.0,0.0,1.009,0.0,0.0,2019-06-13,1999-01-01,1999-01-01,2019-05-29,1999-01-01,1999-01-01,-28.66,2.38,,,,,47.0,9.0,0.0,0.0,0.0,0.0,-1.0,0.0,0.0,0.0,0.0,0.0,0.91,0.9,0.915,0.895,0.881,0.91,2019-07-31,2019-07-25,2019-07-16,2019-07-29,2019-07-22,2019-07-12,0.0,0.0,0.0,100.0,100.0,100.0,1999-01-01,1999-01-01,1999-01-01,1999-01-01,1999-01-01,1999-01-01,3929900.0,2676200.0,4553100.0,-40.16,-8.86,21.89,0.0,0.0,0.0,-0.034,100.0,100.0,0.0,0.0,0.0,-0.03172,100.0,100.0,0.0,0.0,0.0,18.102,100.0,100.0,7.644,14.683,42.878,0.0,0.0,21.439,0.0,0.0,0.0,22.529,100.0,100.0,1999-01-01,1999-01-01,1999-01-01,2019-08-14,1999-01-01,1999-01-01,0,0,0,7530,0,0,1999-01-01,1999-01-01,1999-01-01,2019-07-22,1999-01-01,1999-01-01,2019-08-21,2019-08-14,2019-07-31,2019-08-20,2019-08-08,2019-07-29,1999-01-01,1999-01-01,1999-01-01,2019-08-01,1999-01-01,1999-01-01,0,1,0,1,0,0,0,0,0,0,1,0,0,0,1,0,1,0,1,0,0,0,1,0,0,0,0,0,1,0,,,,,p2n,,,,,Life.Empty,Life.BearStart,Life.Bear,Life.BearRecovery,Life.Bear,,
2019-08-22,0.73253,,,,,0.82715,0.8866,0.94848,0.99821,0.77862,0.83021,-0.05159,-0.04425,-0.03147,-0.00734,,,-0.21,28.86,-0.32,1.28,-12.09,4.78,-12.9,1.05,1.0,41.0,3.0,7.0,22.0,9.0,35.0,6.0,-0.0,-0.0097,0.0,-0.01251,0.0,0.0,30.99574,,,-22.529,2.66667,3.43677,2.667,,12.02492,7.64124,29.06751,28.1802,,,0.02231,0.02379,,,-1.1161,-1.2133,-1.7106,-0.5945,-0.0972,-0.4973,0,0,0,,,,,,-0.15,,,1.033,0.0,0.0,1.009,0.0,0.0,2019-06-13,1999-01-01,1999-01-01,2019-05-29,1999-01-01,1999-01-01,-29.09,2.38,,,,,48.0,9.0,0.0,0.0,0.0,0.0,-1.0,0.0,0.0,0.0,0.0,0.0,0.91,0.9,0.915,0.895,0.881,0.91,2019-07-31,2019-07-25,2019-07-16,2019-07-29,2019-07-22,2019-07-12,0.0,0.0,0.0,100.0,100.0,100.0,1999-01-01,1999-01-01,1999-01-01,1999-01-01,1999-01-01,1999-01-01,2676200.0,4553100.0,3980600.0,-8.86,21.89,0.45,0.0,0.0,0.0,-0.034,100.0,100.0,0.0,0.0,0.0,-0.03172,100.0,100.0,0.0,0.0,0.0,18.102,100.0,100.0,7.644,14.683,42.878,2.667,0.0,0.0,0.0,0.0,0.0,22.529,100.0,100.0,1999-01-01,1999-01-01,1999-01-01,2019-08-14,1999-01-01,1999-01-01,0,0,0,7530,0,0,1999-01-01,1999-01-01,1999-01-01,2019-07-22,1999-01-01,1999-01-01,2019-08-21,2019-08-14,2019-07-31,2019-08-22,2019-08-20,2019-08-08,1999-01-01,1999-01-01,1999-01-01,2019-08-01,1999-01-01,1999-01-01,0,1,0,1,0,0,0,0,0,0,1,0,0,0,1,0,1,0,0,1,0,0,1,0,0,0,0,0,1,0,,,,,,,,,,Life.Empty,Life.BearStart,Life.Bear,Life.BearRecovery,Life.Bear,,
2019-08-23,0.73129,0.731,,,,0.8193,0.88026,0.94405,0.99549,0.77037,0.82242,-0.05205,-0.04581,-0.0308,-0.00624,,,28.81,-0.32,1.28,-12.09,4.78,-12.9,1.05,-38.0,41.0,3.0,7.0,22.0,9.0,35.0,6.0,27.0,0.0,0.0,0.0,-0.01216,0.0,0.0,32.17487,,,-22.529,2.74129,4.35054,,,15.01558,12.02492,30.00728,29.08042,,,0.02141,0.02376,,,-1.1523,-1.2475,-1.7619,-0.6096,-0.0952,-0.5144,0,0,0,,,,,,-0.15,,,1.033,0.0,0.0,0.731,1.009,0.0,2019-06-13,1999-01-01,1999-01-01,2019-08-23,2019-05-29,1999-01-01,0.0,-29.24,2.38,,,,0.0,49.0,9.0,0.0,0.0,0.0,0.0,-1.0,0.0,0.0,0.0,0.0,0.91,0.9,0.915,0.895,0.881,0.91,2019-07-31,2019-07-25,2019-07-16,2019-07-29,2019-07-22,2019-07-12,0.0,0.0,0.0,100.0,100.0,100.0,1999-01-01,1999-01-01,1999-01-01,1999-01-01,1999-01-01,1999-01-01,4553100.0,3980600.0,2213300.0,21.89,0.45,-4.13,0.0,0.0,0.0,-0.034,100.0,100.0,0.0,0.0,0.0,-0.03172,100.0,100.0,0.0,0.0,0.0,18.102,100.0,100.0,7.644,14.683,42.878,2.667,0.0,0.0,0.0,0.0,0.0,22.529,100.0,100.0,1999-01-01,1999-01-01,1999-01-01,2019-08-14,1999-01-01,1999-01-01,0,0,0,7530,0,0,1999-01-01,1999-01-01,1999-01-01,2019-07-22,1999-01-01,1999-01-01,2019-08-21,2019-08-14,2019-07-31,2019-08-22,2019-08-20,2019-08-08,1999-01-01,1999-01-01,1999-01-01,2019-08-01,1999-01-01,1999-01-01,0,1,0,0,0,0,0,0,0,0,1,0,0,0,1,0,1,0,0,1,0,0,1,0,0,0,0,0,1,0,,,,,,,,,,Life.Empty,Life.BearStart,Life.Bear,Life.BearRecovery,Life.Bear,,
2019-08-26,0.73337,,,,,0.81055,0.87341,0.93933,0.9926,0.76041,0.81376,-0.05336,-0.04732,-0.03004,-0.00604,,,28.45,-0.32,1.28,-12.09,4.78,-12.9,1.05,-38.0,40.0,3.0,7.0,22.0,9.0,35.0,6.0,27.0,-0.0,-0.0194,0.0,-0.01146,0.0,0.0,33.41039,,,-22.529,3.05106,2.81967,,,9.03427,12.02492,30.98387,30.01955,,,0.02162,0.02373,,,-1.1919,-1.2878,-1.8205,-0.6286,-0.0959,-0.5327,0,0,0,,,,,,-0.15,,,1.033,0.0,0.0,0.731,1.009,0.0,2019-06-13,1999-01-01,1999-01-01,2019-08-23,2019-05-29,1999-01-01,0.32,-29.24,2.38,,,,1.0,49.0,9.0,0.0,0.0,0.0,0.0,-1.0,0.0,0.0,0.0,0.0,0.91,0.9,0.915,0.895,0.881,0.91,2019-07-31,2019-07-25,2019-07-16,2019-07-29,2019-07-22,2019-07-12,0.0,0.0,0.0,100.0,100.0,100.0,1999-01-01,1999-01-01,1999-01-01,1999-01-01,1999-01-01,1999-01-01,3980600.0,2213300.0,3056700.0,0.45,-4.13,-13.92,0.0,0.0,0.0,-0.034,100.0,100.0,0.0,0.0,0.0,-0.03172,100.0,100.0,0.0,0.0,0.0,18.102,100.0,100.0,7.644,14.683,42.878,2.667,0.0,0.0,0.0,0.0,0.0,22.529,100.0,100.0,1999-01-01,1999-01-01,1999-01-01,2019-08-14,1999-01-01,1999-01-01,0,0,0,7530,0,0,1999-01-01,1999-01-01,1999-01-01,2019-07-22,1999-01-01,1999-01-01,2019-08-21,2019-08-14,2019-07-31,2019-08-22,2019-08-20,2019-08-08,1999-01-01,1999-01-01,1999-01-01,2019-08-01,1999-01-01,1999-01-01,0,1,0,0,0,0,0,0,0,0,1,0,0,0,1,0,1,0,0,1,0,0,1,0,0,0,0,0,1,0,,,,,,,,,,Life.Empty,Life.BearStart,Life.Bear,Life.BearRecovery,Life.Bear,,
2019-08-27,0.73864,,,,,0.80248,0.86683,0.9347,0.98975,0.75197,0.80575,-0.05378,-0.04861,-0.02919,-0.00517,,,27.53,-0.32,1.28,-12.09,4.78,-12.9,1.05,-38.0,39.0,3.0,7.0,22.0,9.0,35.0,6.0,27.0,0.0,0.0,0.0,-0.00938,0.0,0.0,34.69743,,,-22.529,3.14708,2.97981,,3.147,9.77269,11.27418,31.9968,30.99598,,,0.02076,0.02371,,,-1.2292,-1.3222,-1.8727,-0.6435,-0.093,-0.5505,0,0,0,,,,,,-0.15,,,1.033,0.0,0.0,0.731,1.009,0.0,2019-06-13,1999-01-01,1999-01-01,2019-08-23,2019-05-29,1999-01-01,1.05,-29.24,2.38,,,,2.0,49.0,9.0,0.0,0.0,0.0,1.0,-1.0,0.0,0.0,0.0,0.0,0.91,0.9,0.915,0.895,0.881,0.91,2019-07-31,2019-07-25,2019-07-16,2019-07-29,2019-07-22,2019-07-12,0.0,0.0,0.0,100.0,100.0,100.0,1999-01-01,1999-01-01,1999-01-01,1999-01-01,1999-01-01,1999-01-01,2213300.0,3056700.0,3231200.0,-4.13,-13.92,-8.1,0.0,0.0,0.0,-0.034,100.0,100.0,0.0,0.0,0.0,-0.03172,100.0,100.0,0.0,0.0,0.0,18.102,100.0,100.0,3.147,7.644,14.683,2.667,0.0,0.0,0.0,0.0,0.0,22.529,100.0,100.0,1999-01-01,1999-01-01,1999-01-01,2019-08-14,1999-01-01,1999-01-01,0,0,0,7530,0,0,1999-01-01,1999-01-01,1999-01-01,2019-07-22,1999-01-01,1999-01-01,2019-08-27,2019-08-21,2019-08-14,2019-08-22,2019-08-20,2019-08-08,1999-01-01,1999-01-01,1999-01-01,2019-08-01,1999-01-01,1999-01-01,0,1,0,0,0,0,0,0,0,0,1,0,0,0,1,0,1,0,0,1,0,0,1,0,0,0,0,0,1,0,,,,,,,,,,Life.Empty,Life.BearStart,Life.Bear,Life.BearRecovery,Life.Bear,,
2019-08-28,0.74645,,,0.701,,0.79465,0.86032,0.93007,0.98687,0.74409,0.79797,-0.05388,-0.04967,-0.02825,-0.00422,,,26.2,-0.32,1.28,-12.09,4.78,-12.9,1.05,-38.0,38.0,3.0,7.0,22.0,9.0,35.0,6.0,27.0,-0.0,-0.0049,0.0,-0.00973,0.0,0.0,36.03225,,,-22.529,0.0,2.06605,0.0,,6.78203,8.52966,33.0459,32.00886,,,0.01997,0.0237,,,-1.2655,-1.3542,-1.9222,-0.6567,-0.0887,-0.568,0,0,0,,,,,,-0.15,,,1.033,0.0,0.0,0.731,1.009,0.0,2019-06-13,1999-01-01,1999-01-01,2019-08-23,2019-05-29,1999-01-01,2.11,-29.24,2.38,,,,3.0,49.0,9.0,0.0,0.0,0.0,1.0,-1.0,0.0,0.0,0.0,0.0,0.91,0.9,0.915,0.701,0.895,0.881,2019-07-31,2019-07-25,2019-07-16,2019-08-28,2019-07-29,2019-07-22,0.0,0.0,0.0,100.0,100.0,100.0,1999-01-01,1999-01-01,1999-01-01,1999-01-01,1999-01-01,1999-01-01,3056700.0,3231200.0,1842000.0,-13.92,-8.1,-4.37,0.0,0.0,0.0,-0.034,100.0,100.0,0.0,0.0,0.0,-0.03172,100.0,100.0,0.0,0.0,0.0,18.102,100.0,100.0,3.147,7.644,14.683,0.0,2.667,0.0,0.0,0.0,0.0,22.529,100.0,100.0,1999-01-01,1999-01-01,1999-01-01,2019-08-14,1999-01-01,1999-01-01,0,0,0,7530,0,0,1999-01-01,1999-01-01,1999-01-01,2019-07-22,1999-01-01,1999-01-01,2019-08-27,2019-08-21,2019-08-14,2019-08-28,2019-08-22,2019-08-20,1999-01-01,1999-01-01,1999-01-01,2019-08-01,1999-01-01,1999-01-01,0,1,0,0,0,0,1,0,0,0,1,0,0,0,1,0,1,0,1,0,0,0,1,0,0,0,0,0,1,0,,,,,,,,,,Life.Empty,Life.BearStart,Life.Bear,Life.BearRecovery,Life.Bear,,
2019-08-29,0.75586,,,,,0.79041,0.85558,0.9263,0.98441,0.7434,0.79365,-0.05025,-0.04978,-0.02722,-0.00047,,,24.63,-0.32,1.28,-12.09,4.78,-12.9,1.05,-38.0,37.0,3.0,7.0,22.0,9.0,35.0,6.0,27.0,0.0389,0.0,0.00278,-0.00973,0.28561,22.21588,37.41132,,,-0.31312,27.5691,10.23873,,,30.40946,15.65472,34.13074,33.05781,,,0.02202,0.02369,,,-1.2883,-1.3589,-1.94,-0.6517,-0.0706,-0.5811,0,0,0,,,,,,-0.15,,,1.033,0.0,0.0,0.731,1.009,0.0,2019-06-13,1999-01-01,1999-01-01,2019-08-23,2019-05-29,1999-01-01,3.4,-29.24,2.38,,,,4.0,49.0,9.0,0.0,0.0,0.0,1.0,-1.0,0.0,0.0,0.0,0.0,0.91,0.9,0.915,0.701,0.895,0.881,2019-07-31,2019-07-25,2019-07-16,2019-08-28,2019-07-29,2019-07-22,0.0,0.0,0.0,100.0,100.0,100.0,1999-01-01,1999-01-01,1999-01-01,1999-01-01,1999-01-01,1999-01-01,3231200.0,1842000.0,4588100.0,-8.1,-4.37,18.84,0.0,0.0,0.0,-0.034,100.0,100.0,0.0,0.0,0.0,-0.03172,100.0,100.0,0.0,0.0,0.0,18.102,100.0,100.0,3.147,7.644,14.683,0.0,2.667,0.0,0.0,0.0,0.0,22.529,100.0,100.0,1999-01-01,1999-01-01,1999-01-01,2019-08-14,1999-01-01,1999-01-01,0,0,0,7530,0,0,1999-01-01,1999-01-01,1999-01-01,2019-07-22,1999-01-01,1999-01-01,2019-08-27,2019-08-21,2019-08-14,2019-08-28,2019-08-22,2019-08-20,1999-01-01,1999-01-01,1999-01-01,2019-08-01,1999-01-01,1999-01-01,0,1,0,0,0,0,1,0,0,0,1,0,0,0,1,0,1,0,1,0,0,0,1,0,0,0,0,0,1,0,,,,,,,,,,Life.Empty,Life.BearStart,Life.Bear,Life.BearRecovery,Life.Bear,,
2019-08-30,0.76583,,,,,0.79212,0.8539,0.92404,0.9827,0.75404,0.79505,-0.04101,-0.04803,-0.0261,0.00702,,,23.0,-0.32,1.28,-12.09,4.78,-12.9,1.05,-38.0,36.0,3.0,7.0,22.0,9.0,35.0,6.0,27.0,0.073,0.0,0.00799,-0.00904,0.88458,46.93792,38.83135,,,24.40892,79.30546,35.62485,,,53.11554,30.10234,35.25051,34.14238,,,0.02775,0.02368,,,-1.288,-1.3192,-1.9058,-0.6178,-0.0312,-0.5866,1,0,1,,,,,,-0.15,,,1.033,0.0,0.0,0.731,1.009,0.0,2019-06-13,1999-01-01,1999-01-01,2019-08-23,2019-05-29,1999-01-01,4.76,-29.24,2.38,,,,5.0,49.0,9.0,0.0,0.0,0.0,1.0,-1.0,0.0,0.0,0.0,0.0,0.91,0.9,0.915,0.701,0.895,0.881,2019-07-31,2019-07-25,2019-07-16,2019-08-28,2019-07-29,2019-07-22,0.0,0.0,0.0,100.0,100.0,100.0,1999-01-01,1999-01-01,1999-01-01,1999-01-01,1999-01-01,1999-01-01,1842000.0,4588100.0,15944800.0,-4.37,18.84,131.59,0.0,0.0,0.0,-0.034,100.0,100.0,0.0,0.0,0.0,-0.03172,100.0,100.0,0.0,0.0,0.0,18.102,100.0,100.0,3.147,7.644,14.683,0.0,2.667,0.0,0.0,0.0,0.0,22.529,100.0,100.0,1999-01-01,1999-01-01,1999-01-01,2019-08-14,1999-01-01,1999-01-01,0,0,0,7530,0,0,1999-01-01,1999-01-01,1999-01-01,2019-07-22,1999-01-01,1999-01-01,2019-08-27,2019-08-21,2019-08-14,2019-08-28,2019-08-22,2019-08-20,1999-01-01,1999-01-01,1999-01-01,2019-08-01,1999-01-01,1999-01-01,0,1,0,0,0,0,1,0,0,0,1,0,0,0,1,0,1,0,1,0,0,0,1,0,0,0,0,0,1,0,,15944800,,,,,,,p2p,Life.Empty,Life.BearStart,Life.Bear,Life.BearRecovery,Life.Bear,,
2019-09-03,0.7753,,,,0.813,0.7937,0.85228,0.92184,0.98101,0.76305,0.79635,-0.0333,-0.04508,-0.02489,0.01178,,,21.5,-0.32,1.28,-12.09,4.78,-12.9,1.05,-38.0,34.0,3.0,7.0,22.0,9.0,35.0,6.0,27.0,0.0,0.0,0.00799,-0.00556,1.4383,58.98788,40.28781,,,36.45888,79.30546,62.06,,79.305,79.55069,54.35856,36.40299,35.26141,,,0.02785,0.02367,,,-1.2873,-1.2814,-1.8731,-0.5858,0.0059,-0.5917,1,1,1,,,,,,,-0.15,,1.033,0.0,0.0,0.731,1.009,0.0,2019-06-13,1999-01-01,1999-01-01,2019-08-23,2019-05-29,1999-01-01,6.06,-29.24,2.38,,,,6.0,49.0,9.0,0.0,0.0,0.0,1.0,-1.0,0.0,0.0,0.0,0.0,0.813,0.91,0.9,0.701,0.895,0.881,2019-09-03,2019-07-31,2019-07-25,2019-08-28,2019-07-29,2019-07-22,0.0,0.0,0.0,100.0,100.0,100.0,1999-01-01,1999-01-01,1999-01-01,1999-01-01,1999-01-01,1999-01-01,4588100.0,15944800.0,2580900.0,18.84,131.59,3.3,0.0,0.0,0.0,-0.034,100.0,100.0,0.0,0.0,0.0,-0.03172,100.0,100.0,0.0,0.0,0.0,18.102,100.0,100.0,79.305,3.147,7.644,0.0,2.667,0.0,0.0,0.0,0.0,22.529,100.0,100.0,1999-01-01,1999-01-01,1999-01-01,2019-08-14,1999-01-01,1999-01-01,0,0,0,7530,0,0,1999-01-01,1999-01-01,1999-01-01,2019-07-22,1999-01-01,1999-01-01,2019-09-03,2019-08-27,2019-08-21,2019-08-28,2019-08-22,2019-08-20,1999-01-01,1999-01-01,1999-01-01,2019-08-01,1999-01-01,1999-01-01,0,1,0,0,1,0,1,0,0,0,1,0,0,0,1,0,0,1,1,0,0,0,1,0,0,0,0,0,1,0,,,,,,,,p2p,,Life.BearStart,Life.Bear,Life.BearRecovery,Life.Bear,Life.BearRecovery,,
2019-09-04,0.78348,,,,,0.7944,0.85034,0.91948,0.97924,0.76918,0.79684,-0.02765,-0.0416,-0.0236,0.01394,,,20.23,-0.32,1.28,-12.09,4.78,-12.9,1.05,-38.0,33.0,3.0,7.0,22.0,9.0,35.0,6.0,27.0,-0.0,-0.0097,0.00799,-0.00625,1.27886,56.11836,41.77455,,,33.58936,72.4309,77.01394,,,77.01394,69.89339,37.5835,36.41233,,,0.02725,0.02367,,,-1.289,-1.2508,-1.8484,-0.5594,0.0382,-0.5976,1,0,1,,,,,,-0.15,,,1.033,0.0,0.0,0.731,1.009,0.0,2019-06-13,1999-01-01,1999-01-01,2019-08-23,2019-05-29,1999-01-01,7.18,-29.24,2.38,,,,7.0,49.0,9.0,0.0,0.0,0.0,1.0,-1.0,0.0,0.0,0.0,0.0,0.813,0.91,0.9,0.701,0.895,0.881,2019-09-03,2019-07-31,2019-07-25,2019-08-28,2019-07-29,2019-07-22,0.0,0.0,0.0,100.0,100.0,100.0,1999-01-01,1999-01-01,1999-01-01,1999-01-01,1999-01-01,1999-01-01,15944800.0,2580900.0,949300.0,131.59,3.3,-15.74,0.0,0.0,0.0,-0.034,100.0,100.0,0.0,0.0,0.0,-0.03172,100.0,100.0,0.0,0.0,0.0,18.102,100.0,100.0,79.305,3.147,7.644,0.0,2.667,0.0,0.0,0.0,0.0,22.529,100.0,100.0,1999-01-01,1999-01-01,1999-01-01,2019-08-14,1999-01-01,1999-01-01,0,0,0,7530,0,0,1999-01-01,1999-01-01,1999-01-01,2019-07-22,1999-01-01,1999-01-01,2019-09-03,2019-08-27,2019-08-21,2019-08-28,2019-08-22,2019-08-20,1999-01-01,1999-01-01,1999-01-01,2019-08-01,1999-01-01,1999-01-01,0,1,0,0,1,0,1,0,0,0,1,0,0,0,1,0,0,1,1,0,0,0,1,0,0,0,0,0,1,0,,,,,,,p2p,,,Life.Bear,Life.BearRecovery,Life.Bear,Life.BearRecovery,Life.Bear,,
2019-09-05,0.7899,,,,,0.79506,0.84848,0.91717,0.97748,0.77437,0.79728,-0.02292,-0.03786,-0.02222,0.01494,,,19.26,-0.32,1.28,-12.09,4.78,-12.9,1.05,-38.0,32.0,3.0,7.0,22.0,9.0,35.0,6.0,27.0,0.0,0.0,0.00799,-0.00521,1.53498,60.55195,43.28461,,,38.02295,72.4309,74.72242,,,74.72242,77.09568,38.78464,37.59038,,,0.02739,0.02367,,,-1.29,-1.2211,-1.8242,-0.5342,0.0689,-0.6031,1,0,1,,,,,,-0.15,,,1.033,0.0,0.0,0.731,1.009,0.0,2019-06-13,1999-01-01,1999-01-01,2019-08-23,2019-05-29,1999-01-01,8.06,-29.24,2.38,,,,8.0,49.0,9.0,0.0,0.0,0.0,1.0,-1.0,0.0,0.0,0.0,0.0,0.813,0.91,0.9,0.701,0.895,0.881,2019-09-03,2019-07-31,2019-07-25,2019-08-28,2019-07-29,2019-07-22,0.0,0.0,0.0,100.0,100.0,100.0,1999-01-01,1999-01-01,1999-01-01,1999-01-01,1999-01-01,1999-01-01,2580900.0,949300.0,4543300.0,3.3,-15.74,-58.54,0.0,0.0,0.0,-0.034,100.0,100.0,0.0,0.0,0.0,-0.03172,100.0,100.0,0.0,0.0,0.0,18.102,100.0,100.0,79.305,3.147,7.644,0.0,2.667,0.0,0.0,0.0,0.0,22.529,100.0,100.0,1999-01-01,1999-01-01,1999-01-01,2019-08-14,1999-01-01,1999-01-01,0,0,0,7530,0,0,1999-01-01,1999-01-01,1999-01-01,2019-07-22,1999-01-01,1999-01-01,2019-09-03,2019-08-27,2019-08-21,2019-08-28,2019-08-22,2019-08-20,1999-01-01,1999-01-01,1999-01-01,2019-08-01,1999-01-01,1999-01-01,0,1,0,0,1,0,1,0,0,0,1,0,0,0,1,0,0,1,1,0,0,0,1,0,0,0,0,0,1,0,,,,4543300,,p2p,,,n2n,Life.Bear,Life.BearRecovery,Life.Bear,Life.BearRecovery,Life.Bear,,
2019-09-06,0.79432,,,,,0.79491,0.84631,0.91472,0.97565,0.77725,0.79697,-0.01972,-0.03423,-0.02076,0.01451,,,18.59,-0.32,1.28,-12.09,4.78,-12.9,1.05,-38.0,31.0,3.0,7.0,22.0,9.0,35.0,6.0,27.0,-0.0,-0.0098,0.00799,-0.00556,1.43646,58.9568,44.80967,,,36.4278,65.48547,70.11576,,,64.9368,72.22439,39.99713,38.78842,,,0.02683,0.02368,,,-1.2934,-1.1981,-1.8074,-0.514,0.0953,-0.6093,1,0,1,,,,,,-0.15,,,1.033,0.0,0.0,0.731,1.009,0.0,2019-06-13,1999-01-01,1999-01-01,2019-08-23,2019-05-29,1999-01-01,8.66,-29.24,2.38,,,,9.0,49.0,9.0,0.0,0.0,0.0,1.0,-1.0,0.0,0.0,0.0,0.0,0.813,0.91,0.9,0.701,0.895,0.881,2019-09-03,2019-07-31,2019-07-25,2019-08-28,2019-07-29,2019-07-22,0.0,0.0,0.0,100.0,100.0,100.0,1999-01-01,1999-01-01,1999-01-01,1999-01-01,1999-01-01,1999-01-01,949300.0,4543300.0,1620900.0,-15.74,-58.54,-11.89,0.0,0.0,0.0,-0.034,100.0,100.0,0.0,0.0,0.0,-0.03172,100.0,100.0,0.0,0.0,0.0,18.102,100.0,100.0,79.305,3.147,7.644,0.0,2.667,0.0,0.0,0.0,0.0,22.529,100.0,100.0,1999-01-01,1999-01-01,1999-01-01,2019-08-14,1999-01-01,1999-01-01,0,0,0,7530,0,0,1999-01-01,1999-01-01,1999-01-01,2019-07-22,1999-01-01,1999-01-01,2019-09-03,2019-08-27,2019-08-21,2019-08-28,2019-08-22,2019-08-20,1999-01-01,1999-01-01,1999-01-01,2019-08-01,1999-01-01,1999-01-01,0,1,0,0,1,0,1,0,0,0,1,0,0,0,1,0,0,1,1,0,0,0,1,0,0,0,0,0,1,0,,,,,p2p,,,n2n,,Life.Bear,Life.BearRecovery,Life.Bear,Life.BearRecovery,Life.Bear,,
2019-09-10,0.79698,,,0.778,,0.79364,0.84365,0.91202,0.97369,0.77744,0.79561,-0.01816,-0.03102,-0.01923,0.01286,,,18.2,-0.32,1.28,-12.09,4.78,-12.9,1.05,-38.0,29.0,3.0,7.0,22.0,9.0,35.0,6.0,27.0,-0.0,-0.0146,0.00799,-0.00591,1.35308,57.50257,46.34153,,,34.97357,55.1382,64.35152,55.138,,40.79317,60.1508,41.21148,39.99775,,,0.02631,0.02369,,,-1.3004,-1.1838,-1.8005,-0.5001,0.1166,-0.6167,1,0,1,,,,,,-0.15,,,1.033,0.0,0.0,0.731,1.009,0.0,2019-06-13,1999-01-01,1999-01-01,2019-08-23,2019-05-29,1999-01-01,9.03,-29.24,2.38,,,,10.0,49.0,9.0,0.0,0.0,0.0,1.0,-1.0,0.0,0.0,0.0,0.0,0.813,0.91,0.9,0.778,0.701,0.895,2019-09-03,2019-07-31,2019-07-25,2019-09-10,2019-08-28,2019-07-29,0.0,0.0,0.0,100.0,100.0,100.0,1999-01-01,1999-01-01,1999-01-01,1999-01-01,1999-01-01,1999-01-01,4543300.0,1620900.0,1636600.0,-58.54,-11.89,9.66,0.0,0.0,0.0,-0.034,100.0,100.0,0.0,0.0,0.0,-0.03172,100.0,100.0,0.0,0.0,0.0,18.102,100.0,100.0,79.305,3.147,7.644,55.138,0.0,2.667,0.0,0.0,0.0,22.529,100.0,100.0,1999-01-01,1999-01-01,1999-01-01,2019-08-14,1999-01-01,1999-01-01,0,0,0,7530,0,0,1999-01-01,1999-01-01,1999-01-01,2019-07-22,1999-01-01,1999-01-01,2019-09-03,2019-08-27,2019-08-21,2019-09-10,2019-08-28,2019-08-22,1999-01-01,1999-01-01,1999-01-01,2019-08-01,1999-01-01,1999-01-01,0,1,0,0,1,0,0,0,0,0,1,0,0,0,1,0,0,1,0,1,0,0,1,0,0,0,0,0,1,0,,,,,,,n2n,,,Life.Bear,Life.BearRecovery,Life.Bear,Life.BearRecovery,Life.Bear,,
2019-09-11,0.79854,,,,0.798,0.79398,0.84186,0.90976,0.97194,0.78061,0.79578,-0.01518,-0.02785,-0.01763,0.01267,,,17.97,-0.32,1.28,-12.09,4.78,-12.9,1.05,-38.0,28.0,3.0,7.0,22.0,9.0,35.0,6.0,27.0,0.0195,0.0,0.00939,-0.00556,1.68678,62.7807,47.87295,,,40.2517,68.95819,63.19395,,68.958,29.99656,45.24218,42.41989,41.2095,,,0.02617,0.0237,,,-1.3008,-1.1578,-1.7796,-0.4788,0.143,-0.6218,1,0,1,,,,,,-0.15,,,1.033,0.0,0.0,0.731,1.009,0.0,2019-06-13,1999-01-01,1999-01-01,2019-08-23,2019-05-29,1999-01-01,9.24,-29.24,2.38,,,,11.0,49.0,9.0,0.0,0.0,0.0,1.0,-1.0,0.0,0.0,0.0,0.0,0.798,0.813,0.91,0.778,0.701,0.895,2019-09-11,2019-09-03,2019-07-31,2019-09-10,2019-08-28,2019-07-29,0.0,0.0,0.0,100.0,100.0,100.0,1999-01-01,1999-01-01,1999-01-01,1999-01-01,1999-01-01,1999-01-01,1620900.0,1636600.0,3668300.0,-11.89,9.66,-11.22,0.0,0.0,0.0,-0.034,100.0,100.0,0.0,0.0,0.0,-0.03172,100.0,100.0,0.0,0.0,0.0,18.102,100.0,100.0,68.958,79.305,3.147,55.138,0.0,2.667,0.0,0.0,0.0,22.529,100.0,100.0,1999-01-01,1999-01-01,1999-01-01,2019-08-14,1999-01-01,1999-01-01,0,0,0,7530,0,0,1999-01-01,1999-01-01,1999-01-01,2019-07-22,1999-01-01,1999-01-01,2019-09-11,2019-09-03,2019-08-27,2019-09-10,2019-08-28,2019-08-22,1999-01-01,1999-01-01,1999-01-01,2019-08-01,1999-01-01,1999-01-01,0,1,0,0,1,0,0,0,0,0,1,0,0,0,1,0,0,0,0,1,0,0,1,0,0,0,0,0,1,0,,,,,,n2n,,,,Life.Bear,Life.BearRecovery,Life.Bear,Life.BearRecovery,Life.Bear,,
2019-09-12,0.79989,,,0.793,,0.79391,0.83995,0.90745,0.97016,0.78253,0.79558,-0.01306,-0.02489,-0.01597,0.01184,,,17.77,-0.32,1.28,-12.09,4.78,-12.9,1.05,-38.0,27.0,3.0,7.0,22.0,9.0,35.0,6.0,27.0,-0.0,-0.0049,0.00939,-0.00521,1.8,64.28571,49.39784,,,41.75671,65.48547,63.19395,65.485,,23.34018,31.37664,43.61781,42.41639,,,0.02534,0.02371,,,-1.3021,-1.1354,-1.7625,-0.4604,0.1667,-0.6271,1,0,1,,,,,,-0.15,,,1.033,0.0,0.0,0.731,1.009,0.0,2019-06-13,1999-01-01,1999-01-01,2019-08-23,2019-05-29,1999-01-01,9.42,-29.24,2.38,,,,12.0,49.0,9.0,0.0,0.0,0.0,1.0,-1.0,0.0,0.0,0.0,0.0,0.798,0.813,0.91,0.793,0.778,0.701,2019-09-11,2019-09-03,2019-07-31,2019-09-12,2019-09-10,2019-08-28,0.0,0.0,0.0,100.0,100.0,100.0,1999-01-01,1999-01-01,1999-01-01,1999-01-01,1999-01-01,1999-01-01,1636600.0,3668300.0,1569200.0,9.66,-11.22,-0.75,0.0,0.0,0.0,-0.034,100.0,100.0,0.0,0.0,0.0,-0.03172,100.0,100.0,0.0,0.0,0.0,18.102,100.0,100.0,68.958,79.305,3.147,65.485,55.138,0.0,0.0,0.0,0.0,22.529,100.0,100.0,1999-01-01,1999-01-01,1999-01-01,2019-08-14,1999-01-01,1999-01-01,0,0,0,7530,0,0,1999-01-01,1999-01-01,1999-01-01,2019-07-22,1999-01-01,1999-01-01,2019-09-11,2019-09-03,2019-08-27,2019-09-12,2019-09-10,2019-08-28,1999-01-01,1999-01-01,1999-01-01,2019-08-01,1999-01-01,1999-01-01,0,1,0,0,1,0,0,1,0,0,1,0,0,0,1,0,0,0,0,1,0,0,1,0,0,0,0,0,1,0,,,,,n2n,,,,,Life.Bear,Life.BearRecovery,Life.Bear,Life.BearRecovery,Life.Bear,,
2019-09-13,0.80178,,,,,0.79431,0.83835,0.90531,0.96846,0.78508,0.79585,-0.01077,-0.02207,-0.01425,0.0113,,,17.49,-0.32,1.28,-12.09,4.78,-12.9,1.05,-38.0,26.0,3.0,7.0,22.0,9.0,35.0,6.0,27.0,0.006,0.0,0.00981,-0.00452,2.17062,68.46039,50.91074,,,45.93139,69.73777,68.06048,,,43.47703,32.27126,44.80346,43.61372,,,0.02467,0.02373,,,-1.3011,-1.11,-1.7415,-0.4404,0.1911,-0.6315,1,1,1,,,,,,,-0.15,,1.033,0.0,0.0,0.731,1.009,0.0,2019-06-13,1999-01-01,1999-01-01,2019-08-23,2019-05-29,1999-01-01,9.68,-29.24,2.38,,,,13.0,49.0,9.0,0.0,0.0,0.0,1.0,-1.0,0.0,0.0,0.0,0.0,0.798,0.813,0.91,0.793,0.778,0.701,2019-09-11,2019-09-03,2019-07-31,2019-09-12,2019-09-10,2019-08-28,0.0,0.0,0.0,100.0,100.0,100.0,1999-01-01,1999-01-01,1999-01-01,1999-01-01,1999-01-01,1999-01-01,3668300.0,1569200.0,1149200.0,-11.22,-0.75,-7.09,0.0,0.0,0.0,-0.034,100.0,100.0,0.0,0.0,0.0,-0.03172,100.0,100.0,0.0,0.0,0.0,18.102,100.0,100.0,68.958,79.305,3.147,65.485,55.138,0.0,0.0,0.0,0.0,22.529,100.0,100.0,1999-01-01,1999-01-01,1999-01-01,2019-08-14,1999-01-01,1999-01-01,0,0,0,7530,0,0,1999-01-01,1999-01-01,1999-01-01,2019-07-22,1999-01-01,1999-01-01,2019-09-11,2019-09-03,2019-08-27,2019-09-12,2019-09-10,2019-08-28,1999-01-01,1999-01-01,1999-01-01,2019-08-01,1999-01-01,1999-01-01,0,1,0,0,1,0,0,1,0,0,1,0,0,0,1,0,0,0,0,1,0,0,1,0,0,0,0,0,1,0,,,,,,,,,,Life.BearRecovery,Life.Bear,Life.BearRecovery,Life.Bear,Life.BearRecovery,,
2019-09-17,0.80437,,,,0.814,0.79583,0.83739,0.9035,0.96692,0.78953,0.79719,-0.00766,-0.01919,-0.01248,0.01152,,,17.11,-0.32,1.28,-12.09,4.78,-12.9,1.05,-38.0,24.0,3.0,7.0,22.0,9.0,35.0,6.0,27.0,0.0149,0.0,0.01088,-0.00452,2.406,70.64007,52.40558,,,48.11107,80.29766,71.8403,,80.298,56.19462,41.00394,45.97581,44.79903,,,0.02503,0.02375,,,-1.2953,-1.0767,-1.7109,-0.4156,0.2186,-0.6342,1,1,1,,,,,,,-0.15,,1.033,0.0,0.0,0.731,1.009,0.0,2019-06-13,1999-01-01,1999-01-01,2019-08-23,2019-05-29,1999-01-01,10.04,-29.24,2.38,,,,14.0,49.0,9.0,0.0,0.0,0.0,1.0,-1.0,0.0,0.0,0.0,0.0,0.814,0.798,0.813,0.793,0.778,0.701,2019-09-17,2019-09-11,2019-09-03,2019-09-12,2019-09-10,2019-08-28,0.0,0.0,0.0,100.0,100.0,100.0,1999-01-01,1999-01-01,1999-01-01,1999-01-01,1999-01-01,1999-01-01,1569200.0,1149200.0,1972700.0,-0.75,-7.09,-26.55,0.0,0.0,0.0,-0.034,100.0,100.0,0.0,0.0,0.0,-0.03172,100.0,100.0,0.0,0.0,0.0,18.102,100.0,100.0,80.298,68.958,79.305,65.485,55.138,0.0,0.0,0.0,0.0,22.529,100.0,100.0,1999-01-01,1999-01-01,1999-01-01,2019-08-14,1999-01-01,1999-01-01,0,0,0,7530,0,0,1999-01-01,1999-01-01,1999-01-01,2019-07-22,1999-01-01,1999-01-01,2019-09-17,2019-09-11,2019-09-03,2019-09-12,2019-09-10,2019-08-28,1999-01-01,1999-01-01,1999-01-01,2019-08-01,1999-01-01,1999-01-01,0,1,0,0,0,1,0,1,0,0,1,0,0,0,1,0,0,1,0,1,0,0,1,0,0,0,0,0,1,0,,,,,,,,,,Life.BearRecovery,Life.Bear,Life.BearRecovery,Life.Bear,Life.BearRecovery,,
2019-09-18,0.80732,,,,,0.79684,0.83628,0.90163,0.96535,0.79252,0.79806,-0.00554,-0.01646,-0.01068,0.01092,,,16.68,-0.32,1.28,-12.09,4.78,-12.9,1.05,-38.0,23.0,3.0,7.0,22.0,9.0,35.0,6.0,27.0,-0.0,-0.005,0.01088,-0.00349,3.11452,75.69583,53.87545,,,53.16683,76.75408,75.5965,,,67.27142,55.64769,47.13343,45.9709,,,0.02395,0.02378,,,-1.2907,-1.0479,-1.6851,-0.3944,0.2428,-0.6372,1,1,1,,,,,,,-0.15,,1.033,0.0,0.0,0.731,1.009,0.0,2019-06-13,1999-01-01,1999-01-01,2019-08-23,2019-05-29,1999-01-01,10.44,-29.24,2.38,,,,15.0,49.0,9.0,0.0,0.0,0.0,1.0,-1.0,0.0,0.0,0.0,0.0,0.814,0.798,0.813,0.793,0.778,0.701,2019-09-17,2019-09-11,2019-09-03,2019-09-12,2019-09-10,2019-08-28,0.0,0.0,0.0,100.0,100.0,100.0,1999-01-01,1999-01-01,1999-01-01,1999-01-01,1999-01-01,1999-01-01,1149200.0,1972700.0,973000.0,-7.09,-26.55,-12.71,0.0,0.0,0.0,-0.034,100.0,100.0,0.0,0.0,0.0,-0.03172,100.0,100.0,0.0,0.0,0.0,18.102,100.0,100.0,80.298,68.958,79.305,65.485,55.138,0.0,0.0,0.0,0.0,22.529,100.0,100.0,1999-01-01,1999-01-01,1999-01-01,2019-08-14,1999-01-01,1999-01-01,0,0,0,7530,0,0,1999-01-01,1999-01-01,1999-01-01,2019-07-22,1999-01-01,1999-01-01,2019-09-17,2019-09-11,2019-09-03,2019-09-12,2019-09-10,2019-08-28,1999-01-01,1999-01-01,1999-01-01,2019-08-01,1999-01-01,1999-01-01,0,1,0,0,0,1,0,1,0,0,1,0,0,0,1,0,0,1,0,1,0,0,1,0,0,0,0,0,1,0,,,,,,,,,,Life.BearRecovery,Life.Bear,Life.BearRecovery,Life.Bear,Life.BearRecovery,,
2019-09-19,0.81025,,,0.799,,0.79701,0.83482,0.8996,0.96369,0.79353,0.79814,-0.00461,-0.01409,-0.00884,0.00948,,,16.26,-0.32,1.28,-12.09,4.78,-12.9,1.05,-38.0,22.0,3.0,7.0,22.0,9.0,35.0,6.0,27.0,-0.0,-0.0099,0.01088,-0.0042,2.59014,72.1459,55.31163,,,49.6169,69.73777,75.5965,69.738,,53.62808,59.03137,48.27351,47.12758,,,0.02295,0.02381,,,-1.2887,-1.0259,-1.6668,-0.3781,0.2628,-0.6409,1,1,1,,,,,,,-0.15,,1.033,0.0,0.0,0.731,1.009,0.0,2019-06-13,1999-01-01,1999-01-01,2019-08-23,2019-05-29,1999-01-01,10.84,-29.24,2.38,,,,16.0,49.0,9.0,0.0,0.0,0.0,1.0,-1.0,0.0,0.0,0.0,0.0,0.814,0.798,0.813,0.799,0.793,0.778,2019-09-17,2019-09-11,2019-09-03,2019-09-19,2019-09-12,2019-09-10,0.0,0.0,0.0,100.0,100.0,100.0,1999-01-01,1999-01-01,1999-01-01,1999-01-01,1999-01-01,1999-01-01,1972700.0,973000.0,718200.0,-26.55,-12.71,-10.53,0.0,0.0,0.0,-0.034,100.0,100.0,0.0,0.0,0.0,-0.03172,100.0,100.0,0.0,0.0,0.0,18.102,100.0,100.0,80.298,68.958,79.305,69.738,65.485,55.138,0.0,0.0,0.0,22.529,100.0,100.0,1999-01-01,1999-01-01,1999-01-01,2019-08-14,1999-01-01,1999-01-01,0,0,0,7530,0,0,1999-01-01,1999-01-01,1999-01-01,2019-07-22,1999-01-01,1999-01-01,2019-09-17,2019-09-11,2019-09-03,2019-09-19,2019-09-12,2019-09-10,1999-01-01,1999-01-01,1999-01-01,2019-08-01,1999-01-01,1999-01-01,0,1,0,0,0,1,0,1,0,0,1,0,0,0,1,0,0,1,0,1,0,0,1,0,0,0,0,0,1,0,,,,,,,,,,Life.BearRecovery,Life.Bear,Life.BearRecovery,Life.Bear,Life.BearRecovery,,
2019-09-20,0.81305,,,,,0.7987,0.8342,0.898,0.96225,0.79744,0.79968,-0.00224,-0.01172,-0.00698,0.00948,,,15.86,-0.32,1.28,-12.09,4.78,-12.9,1.05,-38.0,21.0,3.0,7.0,22.0,9.0,35.0,6.0,27.0,0.0198,0.0,0.01229,-0.00385,3.19295,76.15044,56.70408,,,53.62144,83.77038,76.75408,,83.77,51.31825,57.40592,49.39073,48.26589,,,0.02344,0.02384,,,-1.2805,-0.993,-1.6355,-0.355,0.2875,-0.6425,1,1,1,,,,,,,-0.15,,1.033,0.0,0.0,0.731,1.009,0.0,2019-06-13,1999-01-01,1999-01-01,2019-08-23,2019-05-29,1999-01-01,11.22,-29.24,2.38,,,,17.0,49.0,9.0,0.0,0.0,0.0,1.0,-1.0,0.0,0.0,0.0,0.0,0.814,0.798,0.813,0.799,0.793,0.778,2019-09-17,2019-09-11,2019-09-03,2019-09-19,2019-09-12,2019-09-10,0.0,0.0,0.0,100.0,100.0,100.0,1999-01-01,1999-01-01,1999-01-01,1999-01-01,1999-01-01,1999-01-01,973000.0,718200.0,3517800.0,-12.71,-10.53,42.17,0.0,0.0,0.0,-0.034,100.0,100.0,0.0,0.0,0.0,-0.03172,100.0,100.0,0.0,0.0,0.0,18.102,100.0,100.0,83.77,80.298,68.958,69.738,65.485,55.138,0.0,0.0,0.0,22.529,100.0,100.0,1999-01-01,1999-01-01,1999-01-01,2019-08-14,1999-01-01,1999-01-01,0,0,0,7530,0,0,1999-01-01,1999-01-01,1999-01-01,2019-07-22,1999-01-01,1999-01-01,2019-09-20,2019-09-17,2019-09-11,2019-09-19,2019-09-12,2019-09-10,1999-01-01,1999-01-01,1999-01-01,2019-08-01,1999-01-01,1999-01-01,0,1,0,0,0,1,0,1,0,0,1,0,0,0,1,0,0,1,0,1,0,0,1,0,0,0,0,0,1,0,3517800,,,,,,,,n2p,Life.BearRecovery,Life.Bear,Life.BearRecovery,Life.Bear,Life.BearRecovery,,
2019-09-23,0.81582,,,,,0.80025,0.8336,0.89643,0.96083,0.80074,0.8011,-0.00036,-0.00945,-0.0051,0.00908,,,15.47,-0.32,1.28,-12.09,4.78,-12.9,1.05,-38.0,20.0,3.0,7.0,22.0,9.0,35.0,6.0,27.0,0.0,0.0,0.00951,-0.00385,2.47124,71.19188,58.04263,,,48.66288,74.92447,76.14421,,,46.88143,50.60925,50.47755,49.3806,,,0.02354,0.02388,,,-1.2723,-0.9618,-1.6058,-0.3335,0.3105,-0.644,1,1,1,,,,,,,-0.15,,1.033,0.0,0.0,0.731,1.009,0.0,2019-06-13,1999-01-01,1999-01-01,2019-08-23,2019-05-29,1999-01-01,11.6,-29.24,2.38,,,,18.0,49.0,9.0,0.0,0.0,0.0,1.0,-1.0,0.0,0.0,0.0,0.0,0.814,0.798,0.813,0.799,0.793,0.778,2019-09-17,2019-09-11,2019-09-03,2019-09-19,2019-09-12,2019-09-10,0.0,0.0,0.0,100.0,100.0,100.0,1999-01-01,1999-01-01,1999-01-01,1999-01-01,1999-01-01,1999-01-01,718200.0,3517800.0,4327000.0,-10.53,42.17,64.39,0.0,0.0,0.0,-0.034,100.0,100.0,0.0,0.0,0.0,-0.03172,100.0,100.0,0.0,0.0,0.0,18.102,100.0,100.0,83.77,80.298,68.958,69.738,65.485,55.138,0.0,0.0,0.0,22.529,100.0,100.0,1999-01-01,1999-01-01,1999-01-01,2019-08-14,1999-01-01,1999-01-01,0,0,0,7530,0,0,1999-01-01,1999-01-01,1999-01-01,2019-07-22,1999-01-01,1999-01-01,2019-09-20,2019-09-17,2019-09-11,2019-09-19,2019-09-12,2019-09-10,1999-01-01,1999-01-01,1999-01-01,2019-08-01,1999-01-01,1999-01-01,0,1,0,0,0,1,0,1,0,0,1,0,0,0,1,0,0,1,0,1,0,0,1,0,0,0,0,0,1,0,,,,,,,,n2p,,Life.BearRecovery,Life.Bear,Life.BearRecovery,Life.Bear,Life.BearRecovery,,
2019-09-24,0.81892,,,,0.824,0.80207,0.83322,0.895,0.95946,0.8043,0.80279,0.00151,-0.00726,-0.00322,0.00877,,,15.03,-0.32,1.28,-12.09,4.78,-12.9,1.05,-38.0,19.0,3.0,7.0,22.0,9.0,35.0,6.0,27.0,0.005,0.0,0.00466,-0.00385,1.20965,54.74391,59.31582,,,32.21491,69.52527,76.07337,,,58.88158,52.36042,51.52397,50.46408,,,0.02328,0.02392,,,-1.2624,-0.9293,-1.5739,-0.3115,0.3331,-0.6446,1,1,1,,,,,,,-0.15,,1.033,0.0,0.0,0.731,1.009,0.0,2019-06-13,1999-01-01,1999-01-01,2019-08-23,2019-05-29,1999-01-01,12.03,-29.24,2.38,,,,19.0,49.0,9.0,0.0,0.0,0.0,1.0,-1.0,0.0,0.0,0.0,0.0,0.824,0.814,0.798,0.799,0.793,0.778,2019-09-24,2019-09-17,2019-09-11,2019-09-19,2019-09-12,2019-09-10,0.0,0.0,0.0,100.0,100.0,100.0,1999-01-01,1999-01-01,1999-01-01,1999-01-01,1999-01-01,1999-01-01,3517800.0,4327000.0,1655800.0,42.17,64.39,10.95,0.0,0.0,0.0,-0.034,100.0,100.0,0.0,0.0,0.0,-0.03172,100.0,100.0,0.0,0.0,0.0,18.102,100.0,100.0,83.77,80.298,68.958,69.738,65.485,55.138,0.0,0.0,0.0,22.529,100.0,100.0,1999-01-01,1999-01-01,1999-01-01,2019-08-14,1999-01-01,1999-01-01,0,0,0,7530,0,0,1999-01-01,1999-01-01,1999-01-01,2019-07-22,1999-01-01,1999-01-01,2019-09-20,2019-09-17,2019-09-11,2019-09-19,2019-09-12,2019-09-10,1999-01-01,1999-01-01,1999-01-01,2019-08-01,1999-01-01,1999-01-01,0,1,0,0,0,1,0,1,0,0,1,0,0,0,1,0,0,1,0,1,0,0,1,0,0,0,0,0,1,0,,,,,,,n2p,,,Life.BearRecovery,Life.Bear,Life.BearRecovery,Life.Bear,Life.BearRecovery,,
2019-09-25,0.82283,,,0.819,,0.80336,0.83265,0.89349,0.95807,0.80655,0.80398,0.00256,-0.00529,-0.00134,0.00786,,,14.48,-0.32,1.28,-12.09,4.78,-12.9,1.05,-38.0,18.0,3.0,7.0,22.0,9.0,35.0,6.0,27.0,-0.0,-0.005,0.00466,-0.00421,1.10696,52.53828,60.51254,,,30.00928,61.8683,68.77268,61.868,,49.89189,51.88497,52.51813,51.50655,,,0.02232,0.02397,,,-1.2542,-0.9013,-1.5471,-0.2929,0.3529,-0.6458,1,1,1,,,,,,,-0.15,,1.033,0.0,0.0,0.731,1.009,0.0,2019-06-13,1999-01-01,1999-01-01,2019-08-23,2019-05-29,1999-01-01,12.56,-29.24,2.38,,,,20.0,49.0,9.0,0.0,0.0,0.0,1.0,-1.0,0.0,0.0,0.0,0.0,0.824,0.814,0.798,0.819,0.799,0.793,2019-09-24,2019-09-17,2019-09-11,2019-09-25,2019-09-19,2019-09-12,0.0,0.0,0.0,100.0,100.0,100.0,1999-01-01,1999-01-01,1999-01-01,1999-01-01,1999-01-01,1999-01-01,4327000.0,1655800.0,1102300.0,64.39,10.95,-25.42,0.0,0.0,0.0,-0.034,100.0,100.0,0.0,0.0,0.0,-0.03172,100.0,100.0,0.0,0.0,0.0,18.102,100.0,100.0,83.77,80.298,68.958,61.868,69.738,65.485,0.0,0.0,0.0,22.529,100.0,100.0,1999-01-01,1999-01-01,1999-01-01,2019-08-14,1999-01-01,1999-01-01,0,0,0,7530,0,0,1999-01-01,1999-01-01,1999-01-01,2019-07-22,1999-01-01,1999-01-01,2019-09-20,2019-09-17,2019-09-11,2019-09-25,2019-09-19,2019-09-12,1999-01-01,1999-01-01,1999-01-01,2019-08-01,1999-01-01,1999-01-01,0,1,0,0,0,1,0,1,0,0,1,0,0,0,1,0,0,1,1,0,0,0,1,0,0,0,0,0,1,0,,,,,,n2p,,,,Life.BearRecovery,Life.Bear,Life.BearRecovery,Life.Bear,Life.BearRecovery,,
2019-09-26,0.82796,,,,0.824,0.80494,0.83231,0.89211,0.95673,0.80922,0.80546,0.00376,-0.00348,0.00051,0.00724,,,13.77,-0.32,1.28,-12.09,4.78,-12.9,1.05,-38.0,17.0,3.0,7.0,22.0,9.0,35.0,6.0,27.0,0.005,0.0,0.00501,-0.00351,1.42683,58.79397,61.62331,,,36.26497,69.52527,66.97295,,69.525,49.88345,52.88564,53.44798,52.49669,,,0.02143,0.02402,,,-1.2442,-0.8717,-1.5179,-0.2737,0.3725,-0.6462,1,1,1,,,,,,,-0.15,,1.033,0.0,0.0,0.731,1.009,0.0,2019-06-13,1999-01-01,1999-01-01,2019-08-23,2019-05-29,1999-01-01,13.26,-29.24,2.38,,,,21.0,49.0,9.0,0.0,0.0,0.0,1.0,-1.0,0.0,0.0,0.0,0.0,0.824,0.824,0.814,0.819,0.799,0.793,2019-09-26,2019-09-24,2019-09-17,2019-09-25,2019-09-19,2019-09-12,0.0,0.0,0.0,100.0,100.0,100.0,1999-01-01,1999-01-01,1999-01-01,1999-01-01,1999-01-01,1999-01-01,1655800.0,1102300.0,946700.0,10.95,-25.42,-47.71,0.0,0.0,0.0,-0.034,100.0,100.0,0.0,0.0,0.0,-0.03172,100.0,100.0,0.0,0.0,0.0,18.102,100.0,100.0,69.525,83.77,80.298,61.868,69.738,65.485,0.0,0.0,0.0,22.529,100.0,100.0,1999-01-01,1999-01-01,1999-01-01,2019-08-14,1999-01-01,1999-01-01,0,0,0,7530,0,0,1999-01-01,1999-01-01,1999-01-01,2019-07-22,1999-01-01,1999-01-01,2019-09-26,2019-09-20,2019-09-17,2019-09-25,2019-09-19,2019-09-12,1999-01-01,1999-01-01,1999-01-01,2019-08-01,1999-01-01,1999-01-01,0,1,0,0,0,1,0,1,0,0,1,0,0,0,1,0,1,0,1,0,0,0,1,0,0,0,0,0,1,0,,,,,n2p,,,,,Life.BearRecovery,Life.Bear,Life.BearRecovery,Life.Bear,Life.BearRecovery,,
2019-09-27,0.83453,,,0.814,,0.80564,0.83159,0.89056,0.95531,0.80995,0.80609,0.00386,-0.00201,0.00234,0.00587,,,12.88,-0.32,1.28,-12.09,4.78,-12.9,1.05,-38.0,16.0,3.0,7.0,22.0,9.0,35.0,6.0,27.0,-0.0,-0.0099,0.00501,-0.00422,1.18782,54.29234,62.64013,,,31.76334,54.36447,61.91935,54.364,,31.38979,43.72171,54.30348,53.4232,,,0.02061,0.02407,,,-1.2372,-0.8492,-1.4967,-0.2595,0.388,-0.6475,1,1,1,,,,,,,-0.15,,1.033,0.0,0.0,0.731,1.009,0.0,2019-06-13,1999-01-01,1999-01-01,2019-08-23,2019-05-29,1999-01-01,14.16,-29.24,2.38,,,,22.0,49.0,9.0,0.0,0.0,0.0,1.0,-1.0,0.0,0.0,0.0,0.0,0.824,0.824,0.814,0.814,0.819,0.799,2019-09-26,2019-09-24,2019-09-17,2019-09-27,2019-09-25,2019-09-19,0.0,0.0,0.0,100.0,100.0,100.0,1999-01-01,1999-01-01,1999-01-01,1999-01-01,1999-01-01,1999-01-01,1102300.0,946700.0,922300.0,-25.42,-47.71,-19.8,0.0,0.0,0.0,-0.034,100.0,100.0,0.0,0.0,0.0,-0.03172,100.0,100.0,0.0,0.0,0.0,18.102,100.0,100.0,69.525,83.77,80.298,54.364,61.868,69.738,0.0,0.0,0.0,22.529,100.0,100.0,1999-01-01,1999-01-01,1999-01-01,2019-08-14,1999-01-01,1999-01-01,0,0,0,7530,0,0,1999-01-01,1999-01-01,1999-01-01,2019-07-22,1999-01-01,1999-01-01,2019-09-26,2019-09-20,2019-09-17,2019-09-27,2019-09-25,2019-09-19,1999-01-01,1999-01-01,1999-01-01,2019-08-01,1999-01-01,1999-01-01,0,1,0,0,0,1,0,0,0,0,1,0,0,0,1,0,1,0,1,0,0,0,1,0,0,0,0,0,1,0,,,,,,,,,,Life.BearRecovery,Life.Bear,Life.BearRecovery,Life.Bear,Life.BearRecovery,,
2019-09-30,0.8423,,,,,0.80666,0.8311,0.88915,0.95395,0.81133,0.80704,0.00429,-0.00075,0.00412,0.00504,,,11.84,-0.32,1.28,-12.09,4.78,-12.9,1.05,-38.0,15.0,3.0,7.0,22.0,9.0,35.0,6.0,27.0,0.0049,0.0,0.00536,-0.00352,1.52333,60.36977,63.5578,,,37.84077,61.8683,61.91935,,,24.87384,35.38236,55.07836,54.27661,,,0.01984,0.02413,,,-1.2285,-0.8249,-1.4729,-0.2444,0.4036,-0.648,1,1,1,,,,,,,-0.15,,1.033,0.0,0.0,0.731,1.009,0.0,2019-06-13,1999-01-01,1999-01-01,2019-08-23,2019-05-29,1999-01-01,15.23,-29.24,2.38,,,,23.0,49.0,9.0,0.0,0.0,0.0,1.0,-1.0,0.0,0.0,0.0,0.0,0.824,0.824,0.814,0.814,0.819,0.799,2019-09-26,2019-09-24,2019-09-17,2019-09-27,2019-09-25,2019-09-19,0.0,0.0,0.0,100.0,100.0,100.0,1999-01-01,1999-01-01,1999-01-01,1999-01-01,1999-01-01,1999-01-01,946700.0,922300.0,1019500.0,-47.71,-19.8,-2.79,0.0,0.0,0.0,-0.034,100.0,100.0,0.0,0.0,0.0,-0.03172,100.0,100.0,0.0,0.0,0.0,18.102,100.0,100.0,69.525,83.77,80.298,54.364,61.868,69.738,0.0,0.0,0.0,22.529,100.0,100.0,1999-01-01,1999-01-01,1999-01-01,2019-08-14,1999-01-01,1999-01-01,0,0,0,7530,0,0,1999-01-01,1999-01-01,1999-01-01,2019-07-22,1999-01-01,1999-01-01,2019-09-26,2019-09-20,2019-09-17,2019-09-27,2019-09-25,2019-09-19,1999-01-01,1999-01-01,1999-01-01,2019-08-01,1999-01-01,1999-01-01,0,1,0,0,0,1,0,0,0,0,1,0,0,0,1,0,1,0,1,0,0,0,1,0,0,0,0,0,1,0,,,,,,,,,,Life.BearRecovery,Life.Bear,Life.BearRecovery,Life.Bear,Life.BearRecovery,,
2019-10-01,0.85077,,,,,0.81028,0.83198,0.88844,0.95296,0.81785,0.8105,0.00735,0.00087,0.00586,0.00648,,,10.72,-0.32,1.28,-12.09,4.78,-12.9,1.05,-38.0,14.0,3.0,7.0,22.0,9.0,35.0,6.0,27.0,0.0348,0.0,0.00785,-0.00248,3.16715,76.00277,64.37181,,,53.47377,87.65586,67.96288,,87.656,34.92927,30.39763,55.76894,55.05026,,,0.02162,0.0242,,,-1.2098,-0.7816,-1.4268,-0.217,0.4282,-0.6452,1,1,1,,,,,,,-0.15,,1.033,0.0,0.0,0.731,1.009,0.0,2019-06-13,1999-01-01,1999-01-01,2019-08-23,2019-05-29,1999-01-01,16.38,-29.24,2.38,,,,24.0,49.0,9.0,0.0,0.0,0.0,1.0,-1.0,0.0,0.0,0.0,0.0,0.824,0.824,0.814,0.814,0.819,0.799,2019-09-26,2019-09-24,2019-09-17,2019-09-27,2019-09-25,2019-09-19,0.0,0.0,0.0,100.0,100.0,100.0,1999-01-01,1999-01-01,1999-01-01,1999-01-01,1999-01-01,1999-01-01,922300.0,1019500.0,7631700.0,-19.8,-2.79,231.43,0.0,0.0,0.0,-0.034,100.0,100.0,0.0,0.0,0.0,-0.03172,100.0,100.0,0.0,0.0,0.0,18.102,100.0,100.0,87.656,69.525,83.77,54.364,61.868,69.738,0.0,0.0,0.0,22.529,100.0,100.0,1999-01-01,1999-01-01,1999-01-01,2019-08-14,1999-01-01,1999-01-01,0,0,0,7530,0,0,1999-01-01,1999-01-01,1999-01-01,2019-07-22,1999-01-01,1999-01-01,2019-10-01,2019-09-26,2019-09-20,2019-09-27,2019-09-25,2019-09-19,1999-01-01,1999-01-01,1999-01-01,2019-08-01,1999-01-01,1999-01-01,0,1,0,0,0,1,0,0,0,0,1,0,0,0,1,0,0,1,1,0,0,0,1,0,0,0,0,0,1,0,7631700,,,,,,,,n2p,Life.BearRecovery,Life.Bear,Life.BearRecovery,Life.Bear,Life.BearRecovery,,
2019-10-02,0.85963,,,,,0.81362,0.83283,0.88776,0.95197,0.82336,0.8137,0.00967,0.00263,0.00753,0.00704,,,9.58,-0.32,1.28,-12.09,4.78,-12.9,1.05,-38.0,13.0,3.0,7.0,22.0,9.0,35.0,6.0,27.0,0.0,0.0,0.00646,-0.00248,2.60519,72.26219,65.07692,,,49.73319,85.95745,78.49387,85.957,,61.60937,40.47083,56.37283,55.74004,,,0.02114,0.02426,,,-1.1914,-0.7414,-1.3835,-0.1921,0.45,-0.6421,1,1,1,,,,,,,-0.15,,1.033,0.0,0.0,0.731,1.009,0.0,2019-06-13,1999-01-01,1999-01-01,2019-08-23,2019-05-29,1999-01-01,17.6,-29.24,2.38,,,,25.0,49.0,9.0,0.0,0.0,0.0,1.0,-1.0,0.0,0.0,0.0,0.0,0.824,0.824,0.814,0.814,0.819,0.799,2019-09-26,2019-09-24,2019-09-17,2019-09-27,2019-09-25,2019-09-19,0.0,0.0,0.0,100.0,100.0,100.0,1999-01-01,1999-01-01,1999-01-01,1999-01-01,1999-01-01,1999-01-01,1019500.0,7631700.0,2210800.0,-2.79,231.43,13.46,0.0,0.0,0.0,-0.034,100.0,100.0,0.0,0.0,0.0,-0.03172,100.0,100.0,0.0,0.0,0.0,18.102,100.0,100.0,87.656,69.525,83.77,85.957,54.364,61.868,0.0,0.0,0.0,22.529,100.0,100.0,1999-01-01,1999-01-01,1999-01-01,2019-08-14,1999-01-01,1999-01-01,0,0,0,7530,0,0,1999-01-01,1999-01-01,1999-01-01,2019-07-22,1999-01-01,1999-01-01,2019-10-01,2019-09-26,2019-09-20,2019-10-02,2019-09-27,2019-09-25,1999-01-01,1999-01-01,1999-01-01,2019-08-01,1999-01-01,1999-01-01,0,1,0,0,0,1,0,0,0,0,1,0,0,0,1,0,0,1,0,1,0,0,1,0,0,0,0,0,1,0,,,,,,,,n2p,,Life.BearRecovery,Life.Bear,Life.BearRecovery,Life.Bear,Life.BearRecovery,,
2019-10-03,0.86849,,,,,0.81899,0.83482,0.88767,0.95129,0.83262,0.81887,0.01375,0.00485,0.00913,0.0089,,,8.46,-0.32,1.28,-12.09,4.78,-12.9,1.05,-38.0,12.0,3.0,7.0,22.0,9.0,35.0,6.0,27.0,0.0298,0.0,0.00859,-0.00213,4.03356,80.13333,65.66832,,,57.60433,100.0,91.20444,,100.0,86.69355,61.0774,56.88771,56.34316,,,0.02247,0.02433,,,-1.1647,-0.6868,-1.323,-0.1583,0.4779,-0.6362,1,1,1,,,,,,,-0.15,,1.033,0.0,0.0,0.731,1.009,0.0,2019-06-13,1999-01-01,1999-01-01,2019-08-23,2019-05-29,1999-01-01,18.81,-29.24,2.38,,,,26.0,49.0,9.0,0.0,0.0,0.0,1.0,-1.0,0.0,0.0,0.0,0.0,0.824,0.824,0.814,0.814,0.819,0.799,2019-09-26,2019-09-24,2019-09-17,2019-09-27,2019-09-25,2019-09-19,0.0,0.0,0.0,100.0,100.0,100.0,1999-01-01,1999-01-01,1999-01-01,1999-01-01,1999-01-01,1999-01-01,7631700.0,2210800.0,6332700.0,231.43,13.46,48.92,0.0,0.0,0.0,-0.034,100.0,100.0,0.0,0.0,0.0,-0.03172,100.0,100.0,0.0,0.0,0.0,18.102,100.0,100.0,100.0,87.656,69.525,85.957,54.364,61.868,0.0,0.0,0.0,22.529,100.0,100.0,1999-01-01,1999-01-01,1999-01-01,2019-08-14,1999-01-01,1999-01-01,0,0,0,7530,0,0,1999-01-01,1999-01-01,1999-01-01,2019-07-22,1999-01-01,1999-01-01,2019-10-03,2019-10-01,2019-09-26,2019-10-02,2019-09-27,2019-09-25,1999-01-01,1999-01-01,1999-01-01,2019-08-01,1999-01-01,1999-01-01,0,1,0,0,0,1,0,0,0,0,1,0,0,0,1,0,0,1,0,1,0,0,1,0,0,0,0,0,1,0,,,,,,,n2p,,,Life.BearRecovery,Life.Bear,Life.BearRecovery,Life.Bear,Life.BearRecovery,,
2019-10-04,0.87716,,,,,0.82472,0.83712,0.88778,0.95071,0.84197,0.82439,0.01758,0.0074,0.01065,0.01018,,,7.39,-0.32,1.28,-12.09,4.78,-12.9,1.05,-38.0,11.0,3.0,7.0,22.0,9.0,35.0,6.0,27.0,0.0099,0.0,0.00886,-0.00213,4.16443,80.63678,66.14248,,,58.10778,86.95271,90.97005,86.953,,88.0799,78.79427,57.31075,56.85709,,,0.02263,0.0244,,,-1.1359,-0.6306,-1.2599,-0.124,0.5053,-0.6293,1,1,1,,,,,,,-0.15,,1.033,0.0,0.0,0.731,1.009,0.0,2019-06-13,1999-01-01,1999-01-01,2019-08-23,2019-05-29,1999-01-01,19.99,-29.24,2.38,,,,27.0,49.0,9.0,0.0,0.0,0.0,1.0,-1.0,0.0,0.0,0.0,0.0,0.824,0.824,0.814,0.814,0.819,0.799,2019-09-26,2019-09-24,2019-09-17,2019-09-27,2019-09-25,2019-09-19,0.0,0.0,0.0,100.0,100.0,100.0,1999-01-01,1999-01-01,1999-01-01,1999-01-01,1999-01-01,1999-01-01,2210800.0,6332700.0,13331900.0,13.46,48.92,35.24,0.0,0.0,0.0,-0.034,100.0,100.0,0.0,0.0,0.0,-0.03172,100.0,100.0,0.0,0.0,0.0,18.102,100.0,100.0,100.0,87.656,69.525,86.953,85.957,54.364,0.0,0.0,0.0,22.529,100.0,100.0,1999-01-01,1999-01-01,1999-01-01,2019-08-14,1999-01-01,1999-01-01,0,0,0,7530,0,0,1999-01-01,1999-01-01,1999-01-01,2019-07-22,1999-01-01,1999-01-01,2019-10-03,2019-10-01,2019-09-26,2019-10-04,2019-10-02,2019-09-27,1999-01-01,1999-01-01,1999-01-01,2019-08-01,1999-01-01,1999-01-01,0,1,0,0,0,1,0,0,0,0,1,0,0,0,1,0,0,1,0,1,0,0,1,0,0,0,0,0,1,0,,,,,,n2p,,,,Life.BearRecovery,Life.Bear,Life.BearRecovery,Life.Bear,Life.BearRecovery,,
2019-10-07,0.88566,,,,0.908,0.83115,0.83991,0.88819,0.95029,0.85217,0.8306,0.02157,0.01023,0.01209,0.01134,,,6.36,-0.32,1.28,-12.09,4.78,-12.9,1.05,-38.0,10.0,3.0,7.0,22.0,9.0,35.0,6.0,27.0,0.0149,0.0,0.00886,-0.00213,4.16443,80.63678,66.49761,,,58.10778,95.62172,94.19148,,95.622,92.86884,89.21409,57.63958,57.27935,,,0.02244,0.02447,0.024,,-1.1038,-0.5704,-1.1914,-0.0876,0.5334,-0.621,1,1,1,,,,,,,-0.15,,1.033,0.0,0.0,0.731,1.009,0.0,2019-06-13,1999-01-01,1999-01-01,2019-08-23,2019-05-29,1999-01-01,21.16,-29.24,2.38,,,,28.0,49.0,9.0,0.0,0.0,0.0,1.0,-1.0,0.0,0.0,0.0,0.0,0.908,0.824,0.824,0.814,0.819,0.799,2019-10-07,2019-09-26,2019-09-24,2019-09-27,2019-09-25,2019-09-19,0.0,0.0,0.0,0.024,100.0,100.0,1999-01-01,1999-01-01,1999-01-01,2019-10-07,1999-01-01,1999-01-01,6332700.0,13331900.0,2522800.0,48.92,35.24,1.43,0.0,0.0,0.0,-0.034,100.0,100.0,0.0,0.0,0.0,-0.03172,100.0,100.0,0.0,0.0,0.0,18.102,100.0,100.0,95.622,100.0,87.656,86.953,85.957,54.364,0.0,0.0,0.0,22.529,100.0,100.0,1999-01-01,1999-01-01,1999-01-01,2019-08-14,1999-01-01,1999-01-01,0,0,0,7530,0,0,1999-01-01,1999-01-01,1999-01-01,2019-07-22,1999-01-01,1999-01-01,2019-10-07,2019-10-03,2019-10-01,2019-10-04,2019-10-02,2019-09-27,1999-01-01,1999-01-01,1999-01-01,2019-08-01,1999-01-01,1999-01-01,0,1,0,0,0,1,0,0,0,0,1,0,0,0,1,0,0,0,0,1,0,0,1,0,0,0,1,0,1,0,,,,,n2p,,,,,Life.BearRecovery,Life.Bear,Life.BearRecovery,Life.Bear,Life.BearRecovery,,
2019-10-08,0.89408,,,,,0.83594,0.84201,0.88829,0.94972,0.85851,0.83526,0.02326,0.01284,0.01342,0.01042,,,5.36,-0.32,1.28,-12.09,4.78,-12.9,1.05,-38.0,9.0,3.0,7.0,22.0,9.0,35.0,6.0,27.0,-0.0,-0.0149,0.00886,-0.00284,3.12594,75.76313,66.73322,,,53.23413,82.57443,88.38295,,,83.32448,88.09107,57.87369,57.60801,,,0.02261,0.02455,,,-1.0771,-0.5235,-1.1378,-0.0607,0.5536,-0.6143,1,1,1,,,,,,,-0.15,,1.033,0.0,0.0,0.731,1.009,0.0,2019-06-13,1999-01-01,1999-01-01,2019-08-23,2019-05-29,1999-01-01,22.31,-29.24,2.38,,,,29.0,49.0,9.0,0.0,0.0,0.0,1.0,-1.0,0.0,0.0,0.0,0.0,0.908,0.824,0.824,0.814,0.819,0.799,2019-10-07,2019-09-26,2019-09-24,2019-09-27,2019-09-25,2019-09-19,0.0,0.0,0.0,0.024,100.0,100.0,1999-01-01,1999-01-01,1999-01-01,2019-10-07,1999-01-01,1999-01-01,13331900.0,2522800.0,5944800.0,35.24,1.43,-1.75,0.0,0.0,0.0,-0.034,100.0,100.0,0.0,0.0,0.0,-0.03172,100.0,100.0,0.0,0.0,0.0,18.102,100.0,100.0,95.622,100.0,87.656,86.953,85.957,54.364,0.0,0.0,0.0,22.529,100.0,100.0,1999-01-01,1999-01-01,1999-01-01,2019-08-14,1999-01-01,1999-01-01,0,0,0,7530,0,0,1999-01-01,1999-01-01,1999-01-01,2019-07-22,1999-01-01,1999-01-01,2019-10-07,2019-10-03,2019-10-01,2019-10-04,2019-10-02,2019-09-27,1999-01-01,1999-01-01,1999-01-01,2019-08-01,1999-01-01,1999-01-01,0,1,0,0,0,1,0,0,0,0,1,0,0,0,1,0,0,0,0,1,0,0,1,0,0,0,1,0,1,0,,,,,,,,,,Life.BearRecovery,Life.Bear,Life.BearRecovery,Life.Bear,Life.BearRecovery,,
2019-10-09,0.90257,,,0.878,,0.83921,0.84344,0.8881,0.94901,0.86159,0.83846,0.02313,0.0149,0.01466,0.00823,,,4.37,-0.32,1.28,-12.09,4.78,-12.9,1.05,-38.0,8.0,3.0,7.0,22.0,9.0,35.0,6.0,27.0,-0.0,-0.0149,0.00886,-0.00319,2.77629,73.51896,66.84987,,66.85,50.98996,68.13187,82.10934,68.132,,71.90071,82.69801,58.01601,57.84309,,,0.02241,0.02462,,,-1.0557,-0.4889,-1.098,-0.0423,0.5668,-0.6091,1,1,1,,,,,,,-0.15,,1.033,0.0,0.0,0.731,1.009,0.0,2019-06-13,1999-01-01,1999-01-01,2019-08-23,2019-05-29,1999-01-01,23.47,-29.24,2.38,,,,30.0,49.0,9.0,0.0,0.0,0.0,1.0,-1.0,0.0,0.0,0.0,0.0,0.908,0.824,0.824,0.878,0.814,0.819,2019-10-07,2019-09-26,2019-09-24,2019-10-09,2019-09-27,2019-09-25,0.0,0.0,0.0,0.024,100.0,100.0,1999-01-01,1999-01-01,1999-01-01,2019-10-07,1999-01-01,1999-01-01,2522800.0,5944800.0,1843800.0,1.43,-1.75,-52.7,0.0,0.0,0.0,-0.034,100.0,100.0,0.0,0.0,0.0,-0.03172,100.0,100.0,0.0,0.0,0.0,18.102,100.0,100.0,95.622,100.0,87.656,68.132,86.953,85.957,66.85,0.0,0.0,22.529,100.0,100.0,1999-01-01,1999-01-01,1999-01-01,2019-08-14,1999-01-01,1999-01-01,0,0,0,7530,0,0,1999-01-01,1999-01-01,1999-01-01,2019-07-22,1999-01-01,1999-01-01,2019-10-07,2019-10-03,2019-10-01,2019-10-09,2019-10-04,2019-10-02,2019-10-09,1999-01-01,1999-01-01,2019-08-01,1999-01-01,1999-01-01,0,1,0,0,0,1,0,1,0,0,1,0,0,0,1,0,0,0,1,0,0,1,1,0,0,0,1,0,1,0,,,,-1843800,,,,,n2n,Life.BearRecovery,Life.Bear,Life.BearRecovery,Life.Bear,Life.BearRecovery,,
2019-10-10,0.91101,,,,,0.84338,0.8454,0.88821,0.94846,0.86648,0.84253,0.02395,0.01671,0.0158,0.00725,,,3.4,-0.32,1.28,-12.09,4.78,-12.9,1.05,-38.0,7.0,3.0,7.0,22.0,9.0,35.0,6.0,27.0,0.0149,0.0,0.00851,-0.00319,2.66667,72.72727,66.84896,,,5.87727,79.95972,76.88867,,,57.09832,70.7745,58.07126,57.98699,,58.071,0.02223,0.02469,,,-1.0306,-0.4483,-1.0508,-0.0202,0.5823,-0.6025,1,1,1,,,,,,,-0.15,,1.033,0.0,0.0,0.731,1.009,0.0,2019-06-13,1999-01-01,1999-01-01,2019-08-23,2019-05-29,1999-01-01,24.63,-29.24,2.38,,,,31.0,49.0,9.0,0.0,0.0,0.0,1.0,-1.0,0.0,0.0,0.0,0.0,0.908,0.824,0.824,0.878,0.814,0.819,2019-10-07,2019-09-26,2019-09-24,2019-10-09,2019-09-27,2019-09-25,0.0,0.0,0.0,0.024,100.0,100.0,1999-01-01,1999-01-01,1999-01-01,2019-10-07,1999-01-01,1999-01-01,5944800.0,1843800.0,1887400.0,-1.75,-52.7,-6.16,0.0,0.0,0.0,-0.034,100.0,100.0,0.0,0.0,0.0,-0.03172,100.0,100.0,58.071,0.0,0.0,18.102,100.0,100.0,95.622,100.0,87.656,68.132,86.953,85.957,66.85,0.0,0.0,22.529,100.0,100.0,1999-01-01,1999-01-01,1999-01-01,2019-08-14,1999-01-01,1999-01-01,0,0,0,7530,0,0,2019-10-10,1999-01-01,1999-01-01,2019-07-22,1999-01-01,1999-01-01,2019-10-07,2019-10-03,2019-10-01,2019-10-09,2019-10-04,2019-10-02,2019-10-09,1999-01-01,1999-01-01,2019-08-01,1999-01-01,1999-01-01,0,1,0,0,0,1,0,1,0,0,1,0,0,1,1,0,0,0,1,0,0,1,1,0,0,0,1,0,1,0,,,,,,,,n2n,,Life.BearRecovery,Life.Bear,Life.BearRecovery,Life.Bear,Life.BearRecovery,,
2019-10-11,0.91915,,,,,0.84876,0.84806,0.8887,0.94811,0.87369,0.84777,0.02591,0.01855,0.01682,0.00737,,,2.49,-0.32,1.28,-12.09,4.78,-12.9,1.05,-38.0,6.0,3.0,7.0,22.0,9.0,35.0,6.0,27.0,0.0199,0.0,0.00994,-0.00319,3.11186,75.68009,66.73219,,,8.83009,90.93407,79.67522,,,60.00285,63.00063,58.04343,58.04357,,,0.02277,0.02475,,,-1.0005,-0.4064,-1.0005,0.0,0.5941,-0.5941,1,1,1,,,,,,,-0.15,,1.033,0.0,0.0,0.731,1.009,0.0,2019-06-13,1999-01-01,1999-01-01,2019-08-23,2019-05-29,1999-01-01,25.74,-29.24,2.38,,,,32.0,49.0,9.0,0.0,0.0,0.0,1.0,-1.0,0.0,0.0,0.0,0.0,0.908,0.824,0.824,0.878,0.814,0.819,2019-10-07,2019-09-26,2019-09-24,2019-10-09,2019-09-27,2019-09-25,0.0,0.0,0.0,0.024,100.0,100.0,1999-01-01,1999-01-01,1999-01-01,2019-10-07,1999-01-01,1999-01-01,1843800.0,1887400.0,4458100.0,-52.7,-6.16,-15.36,0.0,0.0,0.0,-0.034,100.0,100.0,0.0,0.0,0.0,-0.03172,100.0,100.0,58.071,0.0,0.0,18.102,100.0,100.0,95.622,100.0,87.656,68.132,86.953,85.957,66.85,0.0,0.0,22.529,100.0,100.0,1999-01-01,1999-01-01,1999-01-01,2019-08-14,1999-01-01,1999-01-01,0,0,0,7530,0,0,2019-10-10,1999-01-01,1999-01-01,2019-07-22,1999-01-01,1999-01-01,2019-10-07,2019-10-03,2019-10-01,2019-10-09,2019-10-04,2019-10-02,2019-10-09,1999-01-01,1999-01-01,2019-08-01,1999-01-01,1999-01-01,0,1,0,0,0,1,0,1,0,0,1,0,0,1,1,0,0,0,1,0,0,1,1,0,0,0,1,0,1,0,,,,,,,n2n,,,Life.BearRecovery,Life.Bear,Life.BearRecovery,Life.Bear,Life.BearRecovery,,
2019-10-14,0.92666,,,,,0.85372,0.85062,0.88919,0.94776,0.87978,0.85263,0.02716,0.02027,0.01773,0.00689,,,1.66,-0.32,1.28,-12.09,4.78,-12.9,1.05,-38.0,5.0,3.0,7.0,22.0,9.0,35.0,6.0,27.0,0.0,0.0,0.00958,-0.00319,3.0,75.0,66.50265,,,8.15,90.93407,87.27595,,90.934,70.05366,62.38494,57.93406,58.01625,,,0.02257,0.02481,,,-0.9714,-0.3857,-0.9714,0.0,0.5857,-0.5857,1,1,1,,,,,,,-0.15,,1.033,0.0,0.0,0.731,1.009,0.0,2019-06-13,1999-01-01,1999-01-01,2019-08-23,2019-05-29,1999-01-01,26.77,-29.24,2.38,,,,33.0,49.0,9.0,0.0,0.0,0.0,1.0,-1.0,0.0,0.0,0.0,0.0,0.908,0.824,0.824,0.878,0.814,0.819,2019-10-07,2019-09-26,2019-09-24,2019-10-09,2019-09-27,2019-09-25,0.0,0.0,0.0,0.024,100.0,100.0,1999-01-01,1999-01-01,1999-01-01,2019-10-07,1999-01-01,1999-01-01,1887400.0,4458100.0,1025000.0,-6.16,-15.36,-10.0,0.0,0.0,0.0,-0.034,100.0,100.0,0.0,0.0,0.0,-0.03172,100.0,100.0,58.071,0.0,0.0,18.102,100.0,100.0,90.934,95.622,100.0,68.132,86.953,85.957,66.85,0.0,0.0,22.529,100.0,100.0,1999-01-01,1999-01-01,1999-01-01,2019-08-14,1999-01-01,1999-01-01,0,0,0,7530,0,0,2019-10-10,1999-01-01,1999-01-01,2019-07-22,1999-01-01,1999-01-01,2019-10-14,2019-10-07,2019-10-03,2019-10-09,2019-10-04,2019-10-02,2019-10-09,1999-01-01,1999-01-01,2019-08-01,1999-01-01,1999-01-01,0,1,0,0,0,1,0,1,0,0,1,0,0,1,1,0,1,0,1,0,0,1,1,0,0,0,1,0,1,0,,,,,,n2n,,,,Life.BearRecovery,Life.Bear,Life.BearRecovery,Life.Bear,Life.BearRecovery,,
2019-10-15,0.93302,,,,,0.86212,0.85502,0.89065,0.94791,0.89257,0.86079,0.03177,0.02257,0.01853,0.0092,,,0.96,-0.32,1.28,-12.09,4.78,-12.9,1.05,-38.0,4.0,3.0,7.0,22.0,9.0,35.0,6.0,27.0,0.0496,0.0,0.01312,-0.00284,4.6272,82.22919,66.16493,,,15.37919,88.26319,90.04377,,,80.67637,70.24429,57.74306,57.90685,,,0.02627,0.02487,,,-0.9289,-0.3563,-0.9289,0.0,0.5726,-0.5726,1,1,1,,,,,,,-0.15,,1.033,0.0,0.0,0.731,1.009,0.0,2019-06-13,1999-01-01,1999-01-01,2019-08-23,2019-05-29,1999-01-01,27.64,-29.24,2.38,,,,34.0,49.0,9.0,0.0,0.0,0.0,1.0,-1.0,0.0,0.0,0.0,0.0,0.908,0.824,0.824,0.878,0.814,0.819,2019-10-07,2019-09-26,2019-09-24,2019-10-09,2019-09-27,2019-09-25,0.0,0.0,0.0,0.024,100.0,100.0,1999-01-01,1999-01-01,1999-01-01,2019-10-07,1999-01-01,1999-01-01,4458100.0,1025000.0,6066600.0,-15.36,-10.0,56.7,0.0,0.0,0.0,-0.034,100.0,100.0,0.0,0.0,0.0,-0.03172,100.0,100.0,58.071,0.0,0.0,18.102,100.0,100.0,90.934,95.622,100.0,68.132,86.953,85.957,66.85,0.0,0.0,22.529,100.0,100.0,1999-01-01,1999-01-01,1999-01-01,2019-08-14,1999-01-01,1999-01-01,0,0,0,7530,0,0,2019-10-10,1999-01-01,1999-01-01,2019-07-22,1999-01-01,1999-01-01,2019-10-14,2019-10-07,2019-10-03,2019-10-09,2019-10-04,2019-10-02,2019-10-09,1999-01-01,1999-01-01,2019-08-01,1999-01-01,1999-01-01,0,1,0,0,0,1,0,1,0,0,1,0,0,1,1,0,1,0,1,0,0,1,1,0,0,0,1,0,1,0,6066600,,,,n2n,,,,n2p,Life.BearRecovery,Life.Bear,Life.BearRecovery,Life.Bear,Life.BearRecovery,,
2019-10-16,0.9378,,,,,0.86987,0.85925,0.89208,0.94806,0.90339,0.86836,0.03503,0.02506,0.01921,0.00997,,,0.45,-0.32,1.28,-12.09,4.78,-12.9,1.05,-38.0,3.0,3.0,7.0,22.0,9.0,35.0,6.0,27.0,0.0,0.0,0.01276,-0.00284,4.50126,81.82234,65.72446,,,14.97234,85.72251,88.30659,85.723,,79.746,76.82534,57.47092,57.71601,,,0.02652,0.02493,,,-0.8881,-0.3283,-0.8881,0.0,0.5598,-0.5598,1,1,1,,,,,,,-0.15,,1.033,0.0,0.0,0.731,1.009,0.0,2019-06-13,1999-01-01,1999-01-01,2019-08-23,2019-05-29,1999-01-01,28.29,-29.24,2.38,,,,35.0,49.0,9.0,0.0,0.0,0.0,1.0,-1.0,0.0,0.0,0.0,0.0,0.908,0.824,0.824,0.878,0.814,0.819,2019-10-07,2019-09-26,2019-09-24,2019-10-09,2019-09-27,2019-09-25,0.0,0.0,0.0,0.024,100.0,100.0,1999-01-01,1999-01-01,1999-01-01,2019-10-07,1999-01-01,1999-01-01,1025000.0,6066600.0,6763400.0,-10.0,56.7,19.96,0.0,0.0,0.0,-0.034,100.0,100.0,0.0,0.0,0.0,-0.03172,100.0,100.0,58.071,0.0,0.0,18.102,100.0,100.0,90.934,95.622,100.0,85.723,68.132,86.953,66.85,0.0,0.0,22.529,100.0,100.0,1999-01-01,1999-01-01,1999-01-01,2019-08-14,1999-01-01,1999-01-01,0,0,0,7530,0,0,2019-10-10,1999-01-01,1999-01-01,2019-07-22,1999-01-01,1999-01-01,2019-10-14,2019-10-07,2019-10-03,2019-10-16,2019-10-09,2019-10-04,2019-10-09,1999-01-01,1999-01-01,2019-08-01,1999-01-01,1999-01-01,0,1,0,0,0,1,0,1,0,0,1,0,0,1,1,0,1,0,0,0,0,1,1,0,0,0,1,0,1,0,,,,,,,,n2p,,Life.BearRecovery,Life.Bear,Life.BearRecovery,Life.Bear,Life.BearRecovery,,
2019-10-17,0.94077,,,,0.973,0.87779,0.86371,0.89368,0.94831,0.91407,0.87609,0.03797,0.02764,0.01976,0.01033,,,0.13,-0.32,1.28,-12.09,4.78,-12.9,1.05,-38.0,2.0,3.0,7.0,22.0,9.0,35.0,6.0,27.0,0.0099,0.0,0.01347,-0.00213,6.32886,86.35531,65.18774,,,19.50531,91.42199,88.46923,,91.422,81.11896,80.51377,57.11954,57.44451,,,0.02675,0.02498,,,-0.846,-0.2997,-0.846,0.0,0.5463,-0.5463,1,1,1,,,,,,,-0.15,,1.033,0.0,0.0,0.731,1.009,0.0,2019-06-13,1999-01-01,1999-01-01,2019-08-23,2019-05-29,1999-01-01,28.7,-29.24,2.38,,,,36.0,49.0,9.0,0.0,0.0,0.0,1.0,-1.0,0.0,0.0,0.0,0.0,0.973,0.908,0.824,0.878,0.814,0.819,2019-10-17,2019-10-07,2019-09-26,2019-10-09,2019-09-27,2019-09-25,0.0,0.0,0.0,0.024,100.0,100.0,1999-01-01,1999-01-01,1999-01-01,2019-10-07,1999-01-01,1999-01-01,6066600.0,6763400.0,3422300.0,56.7,19.96,17.3,0.0,0.0,0.0,-0.034,100.0,100.0,0.0,0.0,0.0,-0.03172,100.0,100.0,58.071,0.0,0.0,18.102,100.0,100.0,91.422,90.934,95.622,85.723,68.132,86.953,66.85,0.0,0.0,22.529,100.0,100.0,1999-01-01,1999-01-01,1999-01-01,2019-08-14,1999-01-01,1999-01-01,0,0,0,7530,0,0,2019-10-10,1999-01-01,1999-01-01,2019-07-22,1999-01-01,1999-01-01,2019-10-17,2019-10-14,2019-10-07,2019-10-16,2019-10-09,2019-10-04,2019-10-09,1999-01-01,1999-01-01,2019-08-01,1999-01-01,1999-01-01,0,1,0,0,0,1,0,1,0,0,1,0,0,1,1,0,0,0,0,0,0,1,1,0,0,0,1,0,1,0,,,,,,,n2p,,,Life.BearRecovery,Life.Bear,Life.BearRecovery,Life.Bear,Life.BearRecovery,,
2019-10-18,0.94196,,,,,0.88472,0.86779,0.89515,0.94851,0.92235,0.88289,0.03945,0.03001,0.0202,0.00945,,,0.0,-0.32,1.28,-12.09,4.78,-12.9,1.05,-38.0,1.0,3.0,7.0,22.0,9.0,35.0,6.0,27.0,-0.0,-0.0049,0.01312,-0.00248,5.29395,84.11172,64.56174,,,17.26172,87.91209,88.3522,,,79.34301,80.06932,56.69237,57.09428,,,0.0259,0.02502,,,-0.8072,-0.2736,-0.8072,0.0,0.5336,-0.5336,1,1,1,,,,,,,-0.15,,1.033,0.0,0.0,0.731,1.009,0.0,2019-06-13,1999-01-01,1999-01-01,2019-08-23,2019-05-29,1999-01-01,28.86,-29.24,2.38,,,,37.0,49.0,9.0,0.0,0.0,0.0,1.0,-1.0,0.0,0.0,0.0,0.0,0.973,0.908,0.824,0.878,0.814,0.819,2019-10-17,2019-10-07,2019-09-26,2019-10-09,2019-09-27,2019-09-25,0.0,0.0,0.0,0.024,100.0,100.0,1999-01-01,1999-01-01,1999-01-01,2019-10-07,1999-01-01,1999-01-01,6763400.0,3422300.0,2933800.0,19.96,17.3,-19.28,0.0,0.0,0.0,-0.034,100.0,100.0,0.0,0.0,0.0,-0.03172,100.0,100.0,58.071,0.0,0.0,18.102,100.0,100.0,91.422,90.934,95.622,85.723,68.132,86.953,66.85,0.0,0.0,22.529,100.0,100.0,1999-01-01,1999-01-01,1999-01-01,2019-08-14,1999-01-01,1999-01-01,0,0,0,7530,0,0,2019-10-10,1999-01-01,1999-01-01,2019-07-22,1999-01-01,1999-01-01,2019-10-17,2019-10-14,2019-10-07,2019-10-16,2019-10-09,2019-10-04,2019-10-09,1999-01-01,1999-01-01,2019-08-01,1999-01-01,1999-01-01,0,1,0,0,0,1,0,1,0,0,1,0,0,1,1,0,0,0,0,0,0,1,1,0,0,0,1,0,1,0,,,,,,n2p,,,,Life.BearRecovery,Life.Bear,Life.BearRecovery,Life.Bear,Life.BearRecovery,,
2019-10-21,0.94167,,0.942,0.918,,0.8873,0.86977,0.8956,0.9482,0.92171,0.88551,0.0362,0.03125,0.02052,0.00496,,,-0.28,1.28,-12.09,4.78,-12.9,1.05,-38.0,32.43,3.0,7.0,22.0,9.0,35.0,6.0,27.0,27.0,-0.0,-0.0497,0.01064,-0.00603,1.76422,63.8234,63.85412,,,-3.0266,51.70257,77.01222,51.703,,59.46456,73.30884,56.19413,56.66868,,,0.03008,0.02507,,,-0.7843,-0.2583,-0.7843,0.0,0.526,-0.526,1,1,1,,,,,,,-0.15,,0.942,1.033,0.0,0.731,1.009,0.0,2019-10-21,2019-06-13,1999-01-01,2019-08-23,2019-05-29,1999-01-01,0.0,28.86,-29.24,2.38,,,0.0,38.0,49.0,9.0,0.0,0.0,0.0,1.0,-1.0,0.0,0.0,0.0,0.973,0.908,0.824,0.918,0.878,0.814,2019-10-17,2019-10-07,2019-09-26,2019-10-21,2019-10-09,2019-09-27,0.0,0.0,0.0,0.024,100.0,100.0,1999-01-01,1999-01-01,1999-01-01,2019-10-07,1999-01-01,1999-01-01,3422300.0,2933800.0,6866600.0,17.3,-19.28,0.79,0.0,0.0,0.0,-0.034,100.0,100.0,0.0,0.0,0.0,-0.03172,100.0,100.0,58.071,0.0,0.0,18.102,100.0,100.0,91.422,90.934,95.622,51.703,85.723,68.132,66.85,0.0,0.0,22.529,100.0,100.0,1999-01-01,1999-01-01,1999-01-01,2019-08-14,1999-01-01,1999-01-01,0,0,0,7530,0,0,2019-10-10,1999-01-01,1999-01-01,2019-07-22,1999-01-01,1999-01-01,2019-10-17,2019-10-14,2019-10-07,2019-10-21,2019-10-16,2019-10-09,2019-10-09,1999-01-01,1999-01-01,2019-08-01,1999-01-01,1999-01-01,0,0,0,0,0,1,0,1,0,0,1,0,0,1,1,0,0,0,1,0,0,1,1,0,0,0,1,0,1,0,,,,,n2p,,,,,Life.BearRecovery,Life.Bear,Life.BearRecovery,Life.Bear,Life.BearRecovery,,
2019-10-22,0.94055,,,,0.933,0.89082,0.87225,0.89635,0.94805,0.92346,0.88903,0.03443,0.03188,0.02071,0.00255,,,-0.16,1.28,-12.09,4.78,-12.9,1.05,-38.0,32.43,2.0,7.0,22.0,9.0,35.0,6.0,27.0,27.0,0.0149,0.0,0.0117,-0.00603,1.94076,65.99517,63.07226,,,-0.85483,62.05698,67.22388,,62.057,43.16746,60.65834,55.6299,56.17213,,,0.03042,0.0251,,,-0.758,-0.241,-0.758,0.0,0.517,-0.517,1,1,1,,,,,,,-0.15,,0.942,1.033,0.0,0.731,1.009,0.0,2019-10-21,2019-06-13,1999-01-01,2019-08-23,2019-05-29,1999-01-01,-0.15,28.86,-29.24,2.38,,,1.0,38.0,49.0,9.0,0.0,0.0,-0.0,1.0,-1.0,0.0,0.0,0.0,0.933,0.973,0.908,0.918,0.878,0.814,2019-10-22,2019-10-17,2019-10-07,2019-10-21,2019-10-09,2019-09-27,0.0,0.0,0.0,0.024,100.0,100.0,1999-01-01,1999-01-01,1999-01-01,2019-10-07,1999-01-01,1999-01-01,2933800.0,6866600.0,2706600.0,-19.28,0.79,-5.41,0.0,0.0,0.0,-0.034,100.0,100.0,0.0,0.0,0.0,-0.03172,100.0,100.0,58.071,0.0,0.0,18.102,100.0,100.0,62.057,91.422,90.934,51.703,85.723,68.132,66.85,0.0,0.0,22.529,100.0,100.0,1999-01-01,1999-01-01,1999-01-01,2019-08-14,1999-01-01,1999-01-01,0,0,0,7530,0,0,2019-10-10,1999-01-01,1999-01-01,2019-07-22,1999-01-01,1999-01-01,2019-10-22,2019-10-17,2019-10-14,2019-10-21,2019-10-16,2019-10-09,2019-10-09,1999-01-01,1999-01-01,2019-08-01,1999-01-01,1999-01-01,0,0,0,0,0,0,0,1,0,0,1,0,0,1,1,0,1,0,1,0,0,1,1,0,0,0,1,0,1,0,,,,,,,,,,Life.BearRecovery,Life.Bear,Life.BearRecovery,Life.Bear,Life.BearRecovery,,
2019-10-23,0.93943,,,,,0.89369,0.87444,0.89698,0.94785,0.92418,0.89193,0.03225,0.03196,0.02079,0.00029,,,-0.05,1.28,-12.09,4.78,-12.9,1.05,-38.0,32.43,1.0,7.0,22.0,9.0,35.0,6.0,27.0,27.0,-0.0,-0.005,0.00957,-0.00639,1.49888,59.98209,62.22272,,,-6.86791,47.81086,53.8568,,,27.44866,43.36022,55.00501,55.60968,,,0.02895,0.02514,,,-0.7341,-0.2254,-0.7341,0.0,0.5087,-0.5087,1,1,1,,,,,,,-0.15,,0.942,1.033,0.0,0.731,1.009,0.0,2019-10-21,2019-06-13,1999-01-01,2019-08-23,2019-05-29,1999-01-01,-0.27,28.86,-29.24,2.38,,,2.0,38.0,49.0,9.0,0.0,0.0,-0.0,1.0,-1.0,0.0,0.0,0.0,0.933,0.973,0.908,0.918,0.878,0.814,2019-10-22,2019-10-17,2019-10-07,2019-10-21,2019-10-09,2019-09-27,0.0,0.0,0.0,0.024,100.0,100.0,1999-01-01,1999-01-01,1999-01-01,2019-10-07,1999-01-01,1999-01-01,6866600.0,2706600.0,1046500.0,0.79,-5.41,-15.09,0.0,0.0,0.0,-0.034,100.0,100.0,0.0,0.0,0.0,-0.03172,100.0,100.0,58.071,0.0,0.0,18.102,100.0,100.0,62.057,91.422,90.934,51.703,85.723,68.132,66.85,0.0,0.0,22.529,100.0,100.0,1999-01-01,1999-01-01,1999-01-01,2019-08-14,1999-01-01,1999-01-01,0,0,0,7530,0,0,2019-10-10,1999-01-01,1999-01-01,2019-07-22,1999-01-01,1999-01-01,2019-10-22,2019-10-17,2019-10-14,2019-10-21,2019-10-16,2019-10-09,2019-10-09,1999-01-01,1999-01-01,2019-08-01,1999-01-01,1999-01-01,0,0,0,0,0,0,0,1,0,0,1,0,0,1,1,0,1,0,1,0,0,1,1,0,0,0,1,0,1,0,,,,,,,,,,Life.BearRecovery,Life.Bear,Life.BearRecovery,Life.Bear,Life.BearRecovery,,
2019-10-24,0.93907,0.939,,0.913,,0.8952,0.87597,0.8973,0.94751,0.9225,0.89351,0.02899,0.03136,0.02074,-0.00237,,,1.27,-12.09,4.78,-12.9,1.05,-38.0,32.43,-5.85,7.0,22.0,9.0,35.0,6.0,27.0,27.0,15.0,-0.0,-0.0148,0.00886,-0.00744,1.19098,54.3583,61.31134,,,-12.4917,34.85114,48.23966,34.851,,25.51343,32.04318,54.32473,54.98655,,,0.02901,0.02516,,,-0.7154,-0.2133,-0.7154,0.0,0.5021,-0.5021,1,1,1,,,,,,,-0.15,,0.942,1.033,0.0,0.939,0.731,1.009,2019-10-21,2019-06-13,1999-01-01,2019-10-24,2019-08-23,2019-05-29,0.0,-0.32,28.86,-29.24,2.38,,0.0,3.0,38.0,49.0,9.0,0.0,0.0,-0.0,1.0,-1.0,0.0,0.0,0.933,0.973,0.908,0.913,0.918,0.878,2019-10-22,2019-10-17,2019-10-07,2019-10-24,2019-10-21,2019-10-09,0.0,0.0,0.0,0.024,100.0,100.0,1999-01-01,1999-01-01,1999-01-01,2019-10-07,1999-01-01,1999-01-01,2706600.0,1046500.0,4081300.0,-5.41,-15.09,-26.23,0.0,0.0,0.0,-0.034,100.0,100.0,0.0,0.0,0.0,-0.03172,100.0,100.0,58.071,0.0,0.0,18.102,100.0,100.0,62.057,91.422,90.934,34.851,51.703,85.723,66.85,0.0,0.0,22.529,100.0,100.0,1999-01-01,1999-01-01,1999-01-01,2019-08-14,1999-01-01,1999-01-01,0,0,0,7530,0,0,2019-10-10,1999-01-01,1999-01-01,2019-07-22,1999-01-01,1999-01-01,2019-10-22,2019-10-17,2019-10-14,2019-10-24,2019-10-21,2019-10-16,2019-10-09,1999-01-01,1999-01-01,2019-08-01,1999-01-01,1999-01-01,0,0,0,0,0,0,0,0,0,0,1,0,0,1,1,0,1,0,1,0,0,1,1,0,0,0,1,0,1,0,,,,,,,,,,Life.BearRecovery,Life.Bear,Life.BearRecovery,Life.Bear,Life.BearRecovery,,
2019-10-25,0.94,,,,,0.89811,0.87821,0.89801,0.94737,0.92413,0.89644,0.02769,0.03063,0.02058,-0.00294,,0.021,1.17,-12.09,4.78,-12.9,1.05,-38.0,32.43,-5.85,6.0,22.0,9.0,35.0,6.0,27.0,27.0,15.0,0.0198,0.0,0.00921,-0.00744,1.238,55.31732,60.34348,,,-11.53268,52.18914,44.95038,,,25.51343,26.1585,53.59418,54.30797,,,0.02906,0.02518,,,-0.6916,0.199,-0.6916,0.0,0.8906,-0.8906,1,1,1,,,,,,,-0.15,,0.942,1.033,0.0,0.939,0.731,1.009,2019-10-21,2019-06-13,1999-01-01,2019-10-24,2019-08-23,2019-05-29,0.11,-0.32,28.86,-29.24,2.38,,1.0,3.0,38.0,49.0,9.0,0.0,0.0,-0.0,1.0,-1.0,0.0,0.0,0.933,0.973,0.908,0.913,0.918,0.878,2019-10-22,2019-10-17,2019-10-07,2019-10-24,2019-10-21,2019-10-09,0.0,0.0,0.0,0.024,100.0,100.0,1999-01-01,1999-01-01,1999-01-01,2019-10-07,1999-01-01,1999-01-01,1046500.0,4081300.0,1975500.0,-15.09,-26.23,-9.33,0.021,0.0,0.0,-0.034,100.0,100.0,0.03063,0.0,0.0,-0.03172,100.0,100.0,58.071,0.0,0.0,18.102,100.0,100.0,62.057,91.422,90.934,34.851,51.703,85.723,66.85,0.0,0.0,22.529,100.0,100.0,2019-10-25,1999-01-01,1999-01-01,2019-08-14,1999-01-01,1999-01-01,7602,0,0,7530,0,0,2019-10-10,1999-01-01,1999-01-01,2019-07-22,1999-01-01,1999-01-01,2019-10-22,2019-10-17,2019-10-14,2019-10-24,2019-10-21,2019-10-16,2019-10-09,1999-01-01,1999-01-01,2019-08-01,1999-01-01,1999-01-01,0,0,0,0,0,0,0,0,0,1,1,0,0,1,1,0,1,0,1,0,0,1,1,0,0,0,1,0,1,0,,,,,,,,,,Life.BearRecovery,Life.Bear,Life.BearRecovery,Life.Bear,Life.BearRecovery,,
2019-10-29,0.94227,,,,0.953,0.90233,0.88114,0.8991,0.94742,0.92857,0.90063,0.02794,0.03009,0.02031,-0.00215,,,0.93,-12.09,4.78,-12.9,1.05,-38.0,32.43,-5.85,4.0,22.0,9.0,35.0,6.0,27.0,27.0,15.0,0.0199,0.0,0.01064,-0.00638,1.66741,62.5105,59.32513,,,-4.3395,69.61471,52.21833,,69.615,43.51522,31.51403,52.81912,53.57934,,,0.02912,0.0252,,,-0.6628,0.2119,-0.6628,0.0,0.8747,-0.8747,1,1,1,,,,,,,-0.15,,0.942,1.033,0.0,0.939,0.731,1.009,2019-10-21,2019-06-13,1999-01-01,2019-10-24,2019-08-23,2019-05-29,0.35,-0.32,28.86,-29.24,2.38,,2.0,3.0,38.0,49.0,9.0,0.0,0.0,-0.0,1.0,-1.0,0.0,0.0,0.953,0.933,0.973,0.913,0.918,0.878,2019-10-29,2019-10-22,2019-10-17,2019-10-24,2019-10-21,2019-10-09,0.0,0.0,0.0,0.024,100.0,100.0,1999-01-01,1999-01-01,1999-01-01,2019-10-07,1999-01-01,1999-01-01,4081300.0,1975500.0,7964300.0,-26.23,-9.33,97.39,0.021,0.0,0.0,-0.034,100.0,100.0,0.03063,0.0,0.0,-0.03172,100.0,100.0,58.071,0.0,0.0,18.102,100.0,100.0,69.615,62.057,91.422,34.851,51.703,85.723,66.85,0.0,0.0,22.529,100.0,100.0,2019-10-25,1999-01-01,1999-01-01,2019-08-14,1999-01-01,1999-01-01,7602,0,0,7530,0,0,2019-10-10,1999-01-01,1999-01-01,2019-07-22,1999-01-01,1999-01-01,2019-10-29,2019-10-22,2019-10-17,2019-10-24,2019-10-21,2019-10-16,2019-10-09,1999-01-01,1999-01-01,2019-08-01,1999-01-01,1999-01-01,0,0,0,0,0,0,0,0,0,1,1,0,0,1,1,0,0,0,1,0,0,1,1,0,0,0,1,0,1,0,7964300,,,,,,,,n2p,Life.BearRecovery,Life.Bear,Life.BearRecovery,Life.Bear,Life.BearRecovery,,
2019-10-30,0.94532,,,0.948,,0.90585,0.88376,0.90006,0.94743,0.93156,0.90414,0.02742,0.02956,0.01992,-0.00214,,,0.6,-12.09,4.78,-12.9,1.05,-38.0,32.43,-5.85,3.0,22.0,9.0,35.0,6.0,27.0,27.0,15.0,-0.0,-0.005,0.01064,-0.00567,1.87531,65.2212,58.26284,,,-1.6288,63.64469,61.81618,,,64.56577,44.53147,52.00687,52.80672,,,0.02845,0.0252,,,-0.6367,0.2209,-0.6367,0.0,0.8576,-0.8576,1,1,1,,,,,,,-0.15,,0.942,1.033,0.0,0.939,0.731,1.009,2019-10-21,2019-06-13,1999-01-01,2019-10-24,2019-08-23,2019-05-29,0.67,-0.32,28.86,-29.24,2.38,,3.0,3.0,38.0,49.0,9.0,0.0,0.0,-0.0,1.0,-1.0,0.0,0.0,0.953,0.933,0.973,0.948,0.913,0.918,2019-10-29,2019-10-22,2019-10-17,2019-10-30,2019-10-24,2019-10-21,0.0,0.0,0.0,0.024,100.0,100.0,1999-01-01,1999-01-01,1999-01-01,2019-10-07,1999-01-01,1999-01-01,1975500.0,7964300.0,2214100.0,-9.33,97.39,-13.32,0.021,0.0,0.0,-0.034,100.0,100.0,0.03063,0.0,0.0,-0.03172,100.0,100.0,58.071,0.0,0.0,18.102,100.0,100.0,69.615,62.057,91.422,34.851,51.703,85.723,66.85,0.0,0.0,22.529,100.0,100.0,2019-10-25,1999-01-01,1999-01-01,2019-08-14,1999-01-01,1999-01-01,7602,0,0,7530,0,0,2019-10-10,1999-01-01,1999-01-01,2019-07-22,1999-01-01,1999-01-01,2019-10-29,2019-10-22,2019-10-17,2019-10-24,2019-10-21,2019-10-16,2019-10-09,1999-01-01,1999-01-01,2019-08-01,1999-01-01,1999-01-01,0,0,0,0,0,0,0,1,0,1,1,0,0,1,1,0,0,0,1,0,0,1,1,0,0,0,1,0,1,0,,,-2214100,,,,,n2p,p2n,Life.BearRecovery,Life.Bear,Life.BearRecovery,Life.Bear,Life.BearRecovery,,
2019-10-31,0.94826,,,,0.953,0.90947,0.88648,0.90111,0.94748,0.93486,0.90776,0.0271,0.02907,0.01943,-0.00197,,,0.29,-12.09,4.78,-12.9,1.05,-38.0,32.43,-5.85,2.0,22.0,9.0,35.0,6.0,27.0,27.0,15.0,0.005,0.0,0.00993,-0.00567,1.75063,63.64469,57.16416,,,-3.20531,63.20255,65.48731,,,80.59284,62.89128,51.16821,51.99807,,,0.02748,0.0252,,,-0.61,0.2299,-0.61,0.0,0.8399,-0.8399,1,1,1,,,,,,,-0.15,,0.942,1.033,0.0,0.939,0.731,1.009,2019-10-21,2019-06-13,1999-01-01,2019-10-24,2019-08-23,2019-05-29,0.99,-0.32,28.86,-29.24,2.38,,4.0,3.0,38.0,49.0,9.0,0.0,0.0,-0.0,1.0,-1.0,0.0,0.0,0.953,0.953,0.933,0.948,0.913,0.918,2019-10-31,2019-10-29,2019-10-22,2019-10-30,2019-10-24,2019-10-21,0.0,0.0,0.0,0.024,100.0,100.0,1999-01-01,1999-01-01,1999-01-01,2019-10-07,1999-01-01,1999-01-01,7964300.0,2214100.0,12956500.0,97.39,-13.32,90.35,0.021,0.0,0.0,-0.034,100.0,100.0,0.03063,0.0,0.0,-0.03172,100.0,100.0,58.071,0.0,0.0,18.102,100.0,100.0,69.615,62.057,91.422,34.851,51.703,85.723,66.85,0.0,0.0,22.529,100.0,100.0,2019-10-25,1999-01-01,1999-01-01,2019-08-14,1999-01-01,1999-01-01,7602,0,0,7530,0,0,2019-10-10,1999-01-01,1999-01-01,2019-07-22,1999-01-01,1999-01-01,2019-10-29,2019-10-22,2019-10-17,2019-10-24,2019-10-21,2019-10-16,2019-10-09,1999-01-01,1999-01-01,2019-08-01,1999-01-01,1999-01-01,0,0,0,0,0,1,0,1,0,1,1,0,0,1,1,0,0,0,1,0,0,1,1,0,0,0,1,0,1,0,12956500,,,,,,n2p,p2n,n2p,Life.BearRecovery,Life.Bear,Life.BearRecovery,Life.Bear,Life.BearRecovery,,
2019-11-01,0.95021,,,0.948,,0.91244,0.88889,0.90204,0.94749,0.93688,0.91074,0.02614,0.02848,0.01884,-0.00234,,,0.08,-12.09,4.78,-12.9,1.05,-38.0,32.43,-5.85,1.0,22.0,9.0,35.0,6.0,27.0,27.0,15.0,-0.0,-0.005,0.00851,-0.00603,1.41114,58.5258,56.0377,,,-8.3242,52.96209,59.93644,52.962,,76.11631,73.75831,50.31613,51.16374,,,0.02694,0.02519,,,-0.586,0.2355,-0.586,0.0,0.8215,-0.8215,1,1,1,,,,,,,-0.15,,0.942,1.033,0.0,0.939,0.731,1.009,2019-10-21,2019-06-13,1999-01-01,2019-10-24,2019-08-23,2019-05-29,1.19,-0.32,28.86,-29.24,2.38,,5.0,3.0,38.0,49.0,9.0,0.0,0.0,-0.0,1.0,-1.0,0.0,0.0,0.953,0.953,0.933,0.948,0.948,0.913,2019-10-31,2019-10-29,2019-10-22,2019-11-01,2019-10-30,2019-10-24,0.0,0.0,0.0,0.024,100.0,100.0,1999-01-01,1999-01-01,1999-01-01,2019-10-07,1999-01-01,1999-01-01,2214100.0,12956500.0,7757500.0,-13.32,90.35,-0.89,0.021,0.0,0.0,-0.034,100.0,100.0,0.03063,0.0,0.0,-0.03172,100.0,100.0,58.071,0.0,0.0,18.102,100.0,100.0,69.615,62.057,91.422,52.962,34.851,51.703,66.85,0.0,0.0,22.529,100.0,100.0,2019-10-25,1999-01-01,1999-01-01,2019-08-14,1999-01-01,1999-01-01,7602,0,0,7530,0,0,2019-10-10,1999-01-01,1999-01-01,2019-07-22,1999-01-01,1999-01-01,2019-10-29,2019-10-22,2019-10-17,2019-11-01,2019-10-24,2019-10-21,2019-10-09,1999-01-01,1999-01-01,2019-08-01,1999-01-01,1999-01-01,0,0,0,0,0,1,0,1,0,1,1,0,0,1,1,0,0,0,0,1,0,1,1,0,0,0,1,0,1,0,,,-7757500,,,n2p,p2n,n2p,p2n,Life.BearRecovery,Life.Bear,Life.BearRecovery,Life.Bear,Life.BearRecovery,,
2019-11-04,0.95074,,0.951,,,0.91632,0.89179,0.90325,0.94764,0.94089,0.91461,0.02628,0.02804,0.01815,-0.00176,,,-12.07,4.78,-12.9,1.05,-38.0,32.43,-5.85,49.66,22.0,9.0,35.0,6.0,27.0,27.0,15.0,38.0,0.0149,0.0,0.00957,-0.00603,1.58768,61.35531,54.8927,,,-5.49469,70.61611,62.26025,,,84.44965,80.38627,49.46386,50.31607,,,0.02608,0.02518,,,-0.5585,0.2453,-0.5585,0.0,0.8038,-0.8038,1,1,1,,,,,,,-0.15,,0.951,0.942,1.033,0.939,0.731,1.009,2019-11-04,2019-10-21,2019-06-13,2019-10-24,2019-08-23,2019-05-29,0.0,1.28,-0.32,28.86,-29.24,2.38,0.0,6.0,3.0,38.0,49.0,9.0,0.0,0.0,-0.0,1.0,-1.0,0.0,0.953,0.953,0.933,0.948,0.948,0.913,2019-10-31,2019-10-29,2019-10-22,2019-11-01,2019-10-30,2019-10-24,0.0,0.0,0.0,0.024,100.0,100.0,1999-01-01,1999-01-01,1999-01-01,2019-10-07,1999-01-01,1999-01-01,12956500.0,7757500.0,5878300.0,90.35,-0.89,15.98,0.021,0.0,0.0,-0.034,100.0,100.0,0.03063,0.0,0.0,-0.03172,100.0,100.0,58.071,0.0,0.0,18.102,100.0,100.0,69.615,62.057,91.422,52.962,34.851,51.703,66.85,0.0,0.0,22.529,100.0,100.0,2019-10-25,1999-01-01,1999-01-01,2019-08-14,1999-01-01,1999-01-01,7602,0,0,7530,0,0,2019-10-10,1999-01-01,1999-01-01,2019-07-22,1999-01-01,1999-01-01,2019-10-29,2019-10-22,2019-10-17,2019-11-01,2019-10-24,2019-10-21,2019-10-09,1999-01-01,1999-01-01,2019-08-01,1999-01-01,1999-01-01,0,0,0,0,0,1,0,1,0,1,1,0,0,1,1,0,0,0,0,1,0,1,1,0,0,0,1,0,1,0,,,,,n2p,p2n,n2p,p2n,,Life.BearRecovery,Life.Bear,Life.BearRecovery,Life.Bear,Life.BearRecovery,,
2019-11-05,0.94984,,,,0.968,0.92029,0.89478,0.90453,0.94784,0.94504,0.91855,0.02649,0.02773,0.01737,-0.00124,,,-11.99,4.78,-12.9,1.05,-38.0,32.43,-5.85,49.66,21.0,9.0,35.0,6.0,27.0,27.0,15.0,38.0,0.005,0.0,0.00639,-0.00603,1.05924,51.43843,53.73906,,,-15.41157,76.54028,66.70616,,76.54,78.92527,79.83041,48.62266,49.46755,,,0.02634,0.02516,,,-0.5306,0.2551,-0.5306,0.0,0.7857,-0.7857,1,1,1,,,,,,,-0.15,,0.951,0.942,1.033,0.939,0.731,1.009,2019-11-04,2019-10-21,2019-06-13,2019-10-24,2019-08-23,2019-05-29,-0.12,1.28,-0.32,28.86,-29.24,2.38,1.0,6.0,3.0,38.0,49.0,9.0,-0.0,0.0,-0.0,1.0,-1.0,0.0,0.968,0.953,0.953,0.948,0.948,0.913,2019-11-05,2019-10-31,2019-10-29,2019-11-01,2019-10-30,2019-10-24,0.0,0.0,0.0,0.024,100.0,100.0,1999-01-01,1999-01-01,1999-01-01,2019-10-07,1999-01-01,1999-01-01,7757500.0,5878300.0,12160700.0,-0.89,15.98,-2.99,0.021,0.0,0.0,-0.034,100.0,100.0,0.03063,0.0,0.0,-0.03172,100.0,100.0,58.071,0.0,0.0,18.102,100.0,100.0,76.54,69.615,62.057,52.962,34.851,51.703,66.85,0.0,0.0,22.529,100.0,100.0,2019-10-25,1999-01-01,1999-01-01,2019-08-14,1999-01-01,1999-01-01,7602,0,0,7530,0,0,2019-10-10,1999-01-01,1999-01-01,2019-07-22,1999-01-01,1999-01-01,2019-11-05,2019-10-29,2019-10-22,2019-11-01,2019-10-24,2019-10-21,2019-10-09,1999-01-01,1999-01-01,2019-08-01,1999-01-01,1999-01-01,0,0,0,0,0,1,0,1,0,1,1,0,0,1,1,0,0,1,0,1,0,1,1,0,0,0,1,0,1,0,,,,,p2n,n2p,p2n,,,Life.BearRecovery,Life.Bear,Life.BearRecovery,Life.Bear,Life.BearRecovery,,
2019-11-06,0.94762,,,,,0.92318,0.89725,0.90558,0.94794,0.94702,0.92147,0.02555,0.02729,0.01651,-0.00174,,,-11.78,4.78,-12.9,1.05,-38.0,32.43,-5.85,49.66,20.0,9.0,35.0,6.0,27.0,27.0,15.0,38.0,-0.0,-0.01,0.00639,-0.00674,0.94703,48.63983,52.58652,,,-18.21017,64.69194,70.61611,,,68.11588,77.1636,47.79993,48.62882,,,0.02588,0.02513,,,-0.5069,0.2593,-0.5069,0.0,0.7662,-0.7662,1,1,1,,,,,,,-0.15,,0.951,0.942,1.033,0.939,0.731,1.009,2019-11-04,2019-10-21,2019-06-13,2019-10-24,2019-08-23,2019-05-29,-0.36,1.28,-0.32,28.86,-29.24,2.38,2.0,6.0,3.0,38.0,49.0,9.0,-0.0,0.0,-0.0,1.0,-1.0,0.0,0.968,0.953,0.953,0.948,0.948,0.913,2019-11-05,2019-10-31,2019-10-29,2019-11-01,2019-10-30,2019-10-24,0.0,0.0,0.0,0.024,100.0,100.0,1999-01-01,1999-01-01,1999-01-01,2019-10-07,1999-01-01,1999-01-01,5878300.0,12160700.0,8012500.0,15.98,-2.99,0.99,0.021,0.0,0.0,-0.034,100.0,100.0,0.03063,0.0,0.0,-0.03172,100.0,100.0,58.071,0.0,0.0,18.102,100.0,100.0,76.54,69.615,62.057,52.962,34.851,51.703,66.85,0.0,0.0,22.529,100.0,100.0,2019-10-25,1999-01-01,1999-01-01,2019-08-14,1999-01-01,1999-01-01,7602,0,0,7530,0,0,2019-10-10,1999-01-01,1999-01-01,2019-07-22,1999-01-01,1999-01-01,2019-11-05,2019-10-29,2019-10-22,2019-11-01,2019-10-24,2019-10-21,2019-10-09,1999-01-01,1999-01-01,2019-08-01,1999-01-01,1999-01-01,0,0,0,0,0,1,0,1,0,1,1,0,0,1,1,0,0,1,0,1,0,1,1,0,0,0,1,0,1,0,,,,,n2p,p2n,,,,Life.BearRecovery,Life.Bear,Life.BearRecovery,Life.Bear,Life.BearRecovery,,
2019-11-07,0.94442,,,,,0.92585,0.89963,0.90662,0.94804,0.94869,0.92417,0.02453,0.02674,0.01558,-0.00221,,,-11.48,4.78,-12.9,1.05,-38.0,32.43,-5.85,49.66,19.0,9.0,35.0,6.0,27.0,27.0,15.0,38.0,0.0,0.0,0.00568,-0.00674,0.84216,45.71593,51.44405,,,-21.13407,64.69194,68.64139,,,47.29304,64.77806,46.99972,47.80743,,,0.02474,0.0251,,,-0.4841,0.2622,-0.4841,0.0,0.7463,-0.7463,1,1,1,,,,,,,-0.15,,0.951,0.942,1.033,0.939,0.731,1.009,2019-11-04,2019-10-21,2019-06-13,2019-10-24,2019-08-23,2019-05-29,-0.69,1.28,-0.32,28.86,-29.24,2.38,3.0,6.0,3.0,38.0,49.0,9.0,-0.0,0.0,-0.0,1.0,-1.0,0.0,0.968,0.953,0.953,0.948,0.948,0.913,2019-11-05,2019-10-31,2019-10-29,2019-11-01,2019-10-30,2019-10-24,0.0,0.0,0.0,0.024,100.0,100.0,1999-01-01,1999-01-01,1999-01-01,2019-10-07,1999-01-01,1999-01-01,12160700.0,8012500.0,5091700.0,-2.99,0.99,-3.02,0.021,0.0,0.0,-0.034,100.0,100.0,0.03063,0.0,0.0,-0.03172,100.0,100.0,58.071,0.0,0.0,18.102,100.0,100.0,76.54,69.615,62.057,52.962,34.851,51.703,66.85,0.0,0.0,22.529,100.0,100.0,2019-10-25,1999-01-01,1999-01-01,2019-08-14,1999-01-01,1999-01-01,7602,0,0,7530,0,0,2019-10-10,1999-01-01,1999-01-01,2019-07-22,1999-01-01,1999-01-01,2019-11-05,2019-10-29,2019-10-22,2019-11-01,2019-10-24,2019-10-21,2019-10-09,1999-01-01,1999-01-01,2019-08-01,1999-01-01,1999-01-01,0,0,0,0,0,1,0,1,0,1,1,0,0,1,1,0,0,1,0,1,0,1,1,0,0,0,1,0,1,0,,,,,p2n,,,,,Life.BearRecovery,Life.Bear,Life.BearRecovery,Life.Bear,Life.BearRecovery,,
2019-11-08,0.9407,,,,,0.92565,0.90055,0.90695,0.9478,0.94477,0.92409,0.02068,0.02553,0.01459,-0.00485,,,-11.13,4.78,-12.9,1.05,-38.0,32.43,-5.85,49.66,18.0,9.0,35.0,6.0,27.0,27.0,15.0,38.0,-0.0,-0.0347,0.00568,-0.00887,0.6401,39.02798,50.32048,,,-27.82202,23.5782,50.98736,23.578,,29.77603,48.39498,46.22443,47.00803,,,0.02651,0.02505,,,-0.4725,0.251,-0.4725,0.0,0.7235,-0.7235,1,1,0,,,,,,,-0.15,,0.951,0.942,1.033,0.939,0.731,1.009,2019-11-04,2019-10-21,2019-06-13,2019-10-24,2019-08-23,2019-05-29,-1.08,1.28,-0.32,28.86,-29.24,2.38,4.0,6.0,3.0,38.0,49.0,9.0,-0.0,0.0,-0.0,1.0,-1.0,0.0,0.968,0.953,0.953,0.948,0.948,0.913,2019-11-05,2019-10-31,2019-10-29,2019-11-01,2019-10-30,2019-10-24,0.0,0.0,0.0,0.024,100.0,100.0,1999-01-01,1999-01-01,1999-01-01,2019-10-07,1999-01-01,1999-01-01,8012500.0,5091700.0,12224200.0,0.99,-3.02,0.25,0.021,0.0,0.0,-0.034,100.0,100.0,0.03063,0.0,0.0,-0.03172,100.0,100.0,58.071,0.0,0.0,18.102,100.0,100.0,76.54,69.615,62.057,23.578,52.962,34.851,66.85,0.0,0.0,22.529,100.0,100.0,2019-10-25,1999-01-01,1999-01-01,2019-08-14,1999-01-01,1999-01-01,7602,0,0,7530,0,0,2019-10-10,1999-01-01,1999-01-01,2019-07-22,1999-01-01,1999-01-01,2019-11-05,2019-10-29,2019-10-22,2019-11-08,2019-11-01,2019-10-24,2019-10-09,1999-01-01,1999-01-01,2019-08-01,1999-01-01,1999-01-01,0,0,0,0,0,1,0,1,0,1,1,0,0,1,1,0,0,1,1,0,0,1,1,0,0,0,1,0,1,0,,,,,,,,,,Life.BearRecovery,Life.Bear,Life.BearRecovery,Life.Bear,Life.BearRecovery,,
2019-11-11,0.93679,,,0.923,,0.92546,0.90144,0.90727,0.94755,0.94145,0.92403,0.01742,0.02391,0.01353,-0.00648,,,-10.76,4.78,-12.9,1.05,-38.0,32.43,-5.85,49.66,17.0,9.0,35.0,6.0,27.0,27.0,15.0,38.0,0.0,0.0,0.00568,-0.00532,1.06711,51.62338,49.22392,,,-15.22662,25.06297,37.7777,,,22.02058,33.02988,45.47629,46.23348,,,0.02568,0.02501,,,-0.4611,0.2402,-0.4611,0.0,0.7013,-0.7013,1,1,0,,,,,,,-0.15,,0.951,0.942,1.033,0.939,0.731,1.009,2019-11-04,2019-10-21,2019-06-13,2019-10-24,2019-08-23,2019-05-29,-1.49,1.28,-0.32,28.86,-29.24,2.38,5.0,6.0,3.0,38.0,49.0,9.0,-0.0,0.0,-0.0,1.0,-1.0,0.0,0.968,0.953,0.953,0.923,0.948,0.948,2019-11-05,2019-10-31,2019-10-29,2019-11-11,2019-11-01,2019-10-30,0.0,0.0,0.0,0.024,100.0,100.0,1999-01-01,1999-01-01,1999-01-01,2019-10-07,1999-01-01,1999-01-01,5091700.0,12224200.0,4620400.0,-3.02,0.25,-13.39,0.021,0.0,0.0,-0.034,100.0,100.0,0.03063,0.0,0.0,-0.03172,100.0,100.0,58.071,0.0,0.0,18.102,100.0,100.0,76.54,69.615,62.057,23.578,52.962,34.851,66.85,0.0,0.0,22.529,100.0,100.0,2019-10-25,1999-01-01,1999-01-01,2019-08-14,1999-01-01,1999-01-01,7602,0,0,7530,0,0,2019-10-10,1999-01-01,1999-01-01,2019-07-22,1999-01-01,1999-01-01,2019-11-05,2019-10-29,2019-10-22,2019-11-08,2019-11-01,2019-10-24,2019-10-09,1999-01-01,1999-01-01,2019-08-01,1999-01-01,1999-01-01,0,0,0,0,0,1,1,0,0,1,1,0,0,1,1,0,0,1,1,0,0,1,1,0,0,0,1,0,1,0,,,,,,,,,,Life.BearRecovery,Life.Bear,Life.BearRecovery,Life.Bear,Life.BearRecovery,,
2019-11-12,0.93301,,,,,0.92566,0.90249,0.90768,0.94736,0.9394,0.92433,0.01507,0.02214,0.01243,-0.00707,,,-10.4,4.78,-12.9,1.05,-38.0,32.43,-5.85,49.66,16.0,9.0,35.0,6.0,27.0,27.0,15.0,38.0,0.0049,0.0,0.00496,-0.00532,0.93289,48.26389,48.16201,,,-18.58611,31.23426,26.62514,,,19.45632,23.75098,44.75819,45.4863,,,0.02456,0.02495,,,-0.4487,0.2317,-0.4487,0.0,0.6804,-0.6804,1,1,0,,,,,,,-0.15,,0.951,0.942,1.033,0.939,0.731,1.009,2019-11-04,2019-10-21,2019-06-13,2019-10-24,2019-08-23,2019-05-29,-1.89,1.28,-0.32,28.86,-29.24,2.38,6.0,6.0,3.0,38.0,49.0,9.0,-0.0,0.0,-0.0,1.0,-1.0,0.0,0.968,0.953,0.953,0.923,0.948,0.948,2019-11-05,2019-10-31,2019-10-29,2019-11-11,2019-11-01,2019-10-30,0.0,0.0,0.0,0.024,100.0,100.0,1999-01-01,1999-01-01,1999-01-01,2019-10-07,1999-01-01,1999-01-01,12224200.0,4620400.0,3590800.0,0.25,-13.39,-6.84,0.021,0.0,0.0,-0.034,100.0,100.0,0.03063,0.0,0.0,-0.03172,100.0,100.0,58.071,0.0,0.0,18.102,100.0,100.0,76.54,69.615,62.057,23.578,52.962,34.851,66.85,0.0,0.0,22.529,100.0,100.0,2019-10-25,1999-01-01,1999-01-01,2019-08-14,1999-01-01,1999-01-01,7602,0,0,7530,0,0,2019-10-10,1999-01-01,1999-01-01,2019-07-22,1999-01-01,1999-01-01,2019-11-05,2019-10-29,2019-10-22,2019-11-08,2019-11-01,2019-10-24,2019-10-09,1999-01-01,1999-01-01,2019-08-01,1999-01-01,1999-01-01,0,0,0,0,0,1,1,0,0,1,1,0,0,1,1,0,0,1,1,0,0,1,1,0,0,0,1,0,1,0,,,,,,,,,,Life.BearRecovery,Life.Bear,Life.BearRecovery,Life.Bear,Life.BearRecovery,,
2019-11-13,0.92967,,,,,0.92585,0.90349,0.90809,0.94717,0.93766,0.92461,0.01305,0.02032,0.01129,-0.00727,,,-10.08,4.78,-12.9,1.05,-38.0,32.43,-5.85,49.66,15.0,9.0,35.0,6.0,27.0,27.0,15.0,38.0,0.0,0.0,0.00496,-0.00496,1.0,50.0,47.14269,,,-16.85,31.23426,29.17716,,,24.64752,22.04147,44.07455,44.76968,,,0.02422,0.0249,,,-0.4368,0.2236,-0.4368,0.0,0.6604,-0.6604,1,1,0,,,,,,,-0.15,,0.951,0.942,1.033,0.939,0.731,1.009,2019-11-04,2019-10-21,2019-06-13,2019-10-24,2019-08-23,2019-05-29,-2.24,1.28,-0.32,28.86,-29.24,2.38,7.0,6.0,3.0,38.0,49.0,9.0,-0.0,0.0,-0.0,1.0,-1.0,0.0,0.968,0.953,0.953,0.923,0.948,0.948,2019-11-05,2019-10-31,2019-10-29,2019-11-11,2019-11-01,2019-10-30,0.0,0.0,0.0,0.024,100.0,100.0,1999-01-01,1999-01-01,1999-01-01,2019-10-07,1999-01-01,1999-01-01,4620400.0,3590800.0,4694100.0,-13.39,-6.84,-36.85,0.021,0.0,0.0,-0.034,100.0,100.0,0.03063,0.0,0.0,-0.03172,100.0,100.0,58.071,0.0,0.0,18.102,100.0,100.0,76.54,69.615,62.057,23.578,52.962,34.851,66.85,0.0,0.0,22.529,100.0,100.0,2019-10-25,1999-01-01,1999-01-01,2019-08-14,1999-01-01,1999-01-01,7602,0,0,7530,0,0,2019-10-10,1999-01-01,1999-01-01,2019-07-22,1999-01-01,1999-01-01,2019-11-05,2019-10-29,2019-10-22,2019-11-08,2019-11-01,2019-10-24,2019-10-09,1999-01-01,1999-01-01,2019-08-01,1999-01-01,1999-01-01,0,0,0,0,0,1,1,0,0,1,1,0,0,1,1,0,0,1,1,0,0,1,1,0,0,0,1,0,1,0,,,,,,,,,,Life.BearRecovery,Life.Bear,Life.BearRecovery,Life.Bear,Life.BearRecovery,,
2019-11-14,0.92704,,,,0.938,0.92679,0.90485,0.90868,0.94708,0.93773,0.92561,0.01212,0.01868,0.01012,-0.00656,,,-9.82,4.78,-12.9,1.05,-38.0,32.43,-5.85,49.66,14.0,9.0,35.0,6.0,27.0,27.0,15.0,38.0,0.01,0.0,0.00568,-0.00391,1.45338,59.23994,46.17453,,,-7.61006,35.73487,32.73446,,35.735,36.55914,26.88766,43.43271,44.08848,,,0.02391,0.02484,,,-0.4223,0.2194,-0.4223,0.0,0.6417,-0.6417,1,1,0,,,,,,,-0.15,,0.951,0.942,1.033,0.939,0.731,1.009,2019-11-04,2019-10-21,2019-06-13,2019-10-24,2019-08-23,2019-05-29,-2.52,1.28,-0.32,28.86,-29.24,2.38,8.0,6.0,3.0,38.0,49.0,9.0,-0.0,0.0,-0.0,1.0,-1.0,0.0,0.938,0.968,0.953,0.923,0.948,0.948,2019-11-14,2019-11-05,2019-10-31,2019-11-11,2019-11-01,2019-10-30,0.0,0.0,0.0,0.024,100.0,100.0,1999-01-01,1999-01-01,1999-01-01,2019-10-07,1999-01-01,1999-01-01,3590800.0,4694100.0,3782700.0,-6.84,-36.85,-6.49,0.021,0.0,0.0,-0.034,100.0,100.0,0.03063,0.0,0.0,-0.03172,100.0,100.0,58.071,0.0,0.0,18.102,100.0,100.0,35.735,76.54,69.615,23.578,52.962,34.851,66.85,0.0,0.0,22.529,100.0,100.0,2019-10-25,1999-01-01,1999-01-01,2019-08-14,1999-01-01,1999-01-01,7602,0,0,7530,0,0,2019-10-10,1999-01-01,1999-01-01,2019-07-22,1999-01-01,1999-01-01,2019-11-14,2019-11-05,2019-10-29,2019-11-08,2019-11-01,2019-10-24,2019-10-09,1999-01-01,1999-01-01,2019-08-01,1999-01-01,1999-01-01,0,0,0,0,1,0,1,0,0,1,1,0,0,1,1,0,1,0,1,0,0,1,1,0,0,0,1,0,1,0,,,,,,,,,,Life.BearRecovery,Life.Bear,Life.BearRecovery,Life.Bear,Life.BearRecovery,,
2019-11-15,0.9251,,,0.918,,0.92613,0.90537,0.90887,0.94679,0.93472,0.92506,0.00966,0.01688,0.00893,-0.00721,,,-9.63,4.78,-12.9,1.05,-38.0,32.43,-5.85,49.66,13.0,9.0,35.0,6.0,27.0,27.0,15.0,38.0,-0.0,-0.0199,0.00426,-0.00533,0.80027,44.45272,45.26599,,,-22.39728,7.06052,24.67655,7.061,,31.31992,30.84219,42.84229,43.44985,,,0.02397,0.02477,,,-0.4142,0.2076,-0.4142,0.0,0.6218,-0.6218,1,1,0,,,,,,,-0.15,,0.951,0.942,1.033,0.939,0.731,1.009,2019-11-04,2019-10-21,2019-06-13,2019-10-24,2019-08-23,2019-05-29,-2.72,1.28,-0.32,28.86,-29.24,2.38,9.0,6.0,3.0,38.0,49.0,9.0,-0.0,0.0,-0.0,1.0,-1.0,0.0,0.938,0.968,0.953,0.918,0.923,0.948,2019-11-14,2019-11-05,2019-10-31,2019-11-15,2019-11-11,2019-11-01,0.0,0.0,0.0,0.024,100.0,100.0,1999-01-01,1999-01-01,1999-01-01,2019-10-07,1999-01-01,1999-01-01,4694100.0,3782700.0,2673700.0,-36.85,-6.49,-7.6,0.021,0.0,0.0,-0.034,100.0,100.0,0.03063,0.0,0.0,-0.03172,100.0,100.0,58.071,0.0,0.0,18.102,100.0,100.0,35.735,76.54,69.615,7.061,23.578,52.962,66.85,0.0,0.0,22.529,100.0,100.0,2019-10-25,1999-01-01,1999-01-01,2019-08-14,1999-01-01,1999-01-01,7602,0,0,7530,0,0,2019-10-10,1999-01-01,1999-01-01,2019-07-22,1999-01-01,1999-01-01,2019-11-14,2019-11-05,2019-10-29,2019-11-15,2019-11-08,2019-11-01,2019-10-09,1999-01-01,1999-01-01,2019-08-01,1999-01-01,1999-01-01,0,0,0,0,1,0,1,0,0,1,1,0,0,1,1,0,1,0,1,0,0,1,1,0,0,0,1,0,1,0,,,,,,,,,,Life.BearRecovery,Life.Bear,Life.BearRecovery,Life.Bear,Life.BearRecovery,,
2019-11-18,0.92326,,,,0.923,0.92591,0.90607,0.90915,0.94655,0.93295,0.92492,0.00803,0.01511,0.00773,-0.00708,,,-9.45,4.78,-12.9,1.05,-38.0,32.43,-5.85,49.66,12.0,9.0,35.0,6.0,27.0,27.0,15.0,38.0,0.005,0.0,0.0032,-0.00533,0.60054,37.52094,44.42414,,,-29.32906,14.26513,19.02017,,14.265,30.88377,32.92094,42.31432,42.86311,,,0.02297,0.0247,,,-0.4048,0.1984,-0.4048,0.0,0.6032,-0.6032,1,1,0,,,,,,,-0.15,,0.951,0.942,1.033,0.939,0.731,1.009,2019-11-04,2019-10-21,2019-06-13,2019-10-24,2019-08-23,2019-05-29,-2.92,1.28,-0.32,28.86,-29.24,2.38,10.0,6.0,3.0,38.0,49.0,9.0,-0.0,0.0,-0.0,1.0,-1.0,0.0,0.923,0.938,0.968,0.918,0.923,0.948,2019-11-18,2019-11-14,2019-11-05,2019-11-15,2019-11-11,2019-11-01,0.0,0.0,0.0,0.024,100.0,100.0,1999-01-01,1999-01-01,1999-01-01,2019-10-07,1999-01-01,1999-01-01,3782700.0,2673700.0,6456000.0,-6.49,-7.6,15.8,0.021,0.0,0.0,-0.034,100.0,100.0,0.03063,0.0,0.0,-0.03172,100.0,100.0,58.071,0.0,0.0,18.102,100.0,100.0,14.265,35.735,76.54,7.061,23.578,52.962,66.85,0.0,0.0,22.529,100.0,100.0,2019-10-25,1999-01-01,1999-01-01,2019-08-14,1999-01-01,1999-01-01,7602,0,0,7530,0,0,2019-10-10,1999-01-01,1999-01-01,2019-07-22,1999-01-01,1999-01-01,2019-11-18,2019-11-14,2019-11-05,2019-11-15,2019-11-08,2019-11-01,2019-10-09,1999-01-01,1999-01-01,2019-08-01,1999-01-01,1999-01-01,0,0,0,0,1,0,1,0,0,1,1,0,0,1,1,0,1,0,1,0,0,1,1,0,0,0,1,0,1,0,,,,,,,,,,Life.BearRecovery,Life.Bear,Life.BearRecovery,Life.Bear,Life.BearRecovery,,
2019-11-19,0.92073,,,,,0.92531,0.90655,0.90933,0.94627,0.93068,0.92442,0.00626,0.01334,0.00652,-0.00708,,,-9.2,4.78,-12.9,1.05,-38.0,32.43,-5.85,49.66,11.0,9.0,35.0,6.0,27.0,27.0,15.0,38.0,-0.0,-0.005,0.0032,-0.00533,0.60054,37.52094,43.65459,,,-29.32906,7.06052,9.46206,7.061,,18.92411,27.0426,41.86004,42.33888,,,0.02238,0.02463,,,-0.3972,0.1876,-0.3972,0.0,0.5848,-0.5848,1,1,0,,,,,,,-0.15,,0.951,0.942,1.033,0.939,0.731,1.009,2019-11-04,2019-10-21,2019-06-13,2019-10-24,2019-08-23,2019-05-29,-3.18,1.28,-0.32,28.86,-29.24,2.38,11.0,6.0,3.0,38.0,49.0,9.0,-0.0,0.0,-0.0,1.0,-1.0,0.0,0.923,0.938,0.968,0.918,0.923,0.948,2019-11-18,2019-11-14,2019-11-05,2019-11-15,2019-11-11,2019-11-01,0.0,0.0,0.0,0.024,100.0,100.0,1999-01-01,1999-01-01,1999-01-01,2019-10-07,1999-01-01,1999-01-01,2673700.0,6456000.0,4352200.0,-7.6,15.8,4.41,0.021,0.0,0.0,-0.034,100.0,100.0,0.03063,0.0,0.0,-0.03172,100.0,100.0,58.071,0.0,0.0,18.102,100.0,100.0,14.265,35.735,76.54,7.061,7.061,23.578,66.85,0.0,0.0,22.529,100.0,100.0,2019-10-25,1999-01-01,1999-01-01,2019-08-14,1999-01-01,1999-01-01,7602,0,0,7530,0,0,2019-10-10,1999-01-01,1999-01-01,2019-07-22,1999-01-01,1999-01-01,2019-11-18,2019-11-14,2019-11-05,2019-11-19,2019-11-15,2019-11-08,2019-10-09,1999-01-01,1999-01-01,2019-08-01,1999-01-01,1999-01-01,0,0,0,0,1,0,1,0,0,1,1,0,0,1,1,0,1,0,1,0,0,1,1,0,0,0,1,0,1,0,,,,,,,,,,Life.BearRecovery,Life.Bear,Life.BearRecovery,Life.Bear,Life.BearRecovery,,
2019-11-20,0.91666,,,0.918,,0.92477,0.907,0.90951,0.94599,0.92876,0.92396,0.0048,0.01163,0.00532,-0.00683,,,-8.8,4.78,-12.9,1.05,-38.0,32.43,-5.85,49.66,10.0,9.0,35.0,6.0,27.0,27.0,15.0,38.0,0.0,0.0,0.00284,-0.00533,0.53351,34.79021,42.96051,,,-32.05979,13.30645,11.54403,,,22.52944,24.11244,41.48731,41.88722,,,0.0222,0.02456,,0.025,-0.3899,0.1777,-0.3899,0.0,0.5676,-0.5676,1,1,0,,,,,,,-0.15,,0.951,0.942,1.033,0.939,0.731,1.009,2019-11-04,2019-10-21,2019-06-13,2019-10-24,2019-08-23,2019-05-29,-3.61,1.28,-0.32,28.86,-29.24,2.38,12.0,6.0,3.0,38.0,49.0,9.0,-0.0,0.0,-0.0,1.0,-1.0,0.0,0.923,0.938,0.968,0.918,0.918,0.923,2019-11-18,2019-11-14,2019-11-05,2019-11-20,2019-11-15,2019-11-11,0.025,0.0,0.0,0.024,100.0,100.0,2019-11-20,1999-01-01,1999-01-01,2019-10-07,1999-01-01,1999-01-01,6456000.0,4352200.0,2910700.0,15.8,4.41,1.76,0.021,0.0,0.0,-0.034,100.0,100.0,0.03063,0.0,0.0,-0.03172,100.0,100.0,58.071,0.0,0.0,18.102,100.0,100.0,14.265,35.735,76.54,7.061,7.061,23.578,66.85,0.0,0.0,22.529,100.0,100.0,2019-10-25,1999-01-01,1999-01-01,2019-08-14,1999-01-01,1999-01-01,7602,0,0,7530,0,0,2019-10-10,1999-01-01,1999-01-01,2019-07-22,1999-01-01,1999-01-01,2019-11-18,2019-11-14,2019-11-05,2019-11-19,2019-11-15,2019-11-08,2019-10-09,1999-01-01,1999-01-01,2019-08-01,1999-01-01,1999-01-01,0,0,0,0,1,0,1,0,0,1,1,0,0,1,1,0,1,0,1,0,0,1,1,0,0,1,1,0,1,0,,,,,,,,,,Life.BearRecovery,Life.Bear,Life.BearRecovery,Life.Bear,Life.BearRecovery,,
2019-11-21,0.91051,,,,,0.92465,0.90764,0.90978,0.94577,0.92791,0.92391,0.004,0.0101,0.00414,-0.0061,,,-8.18,4.78,-12.9,1.05,-38.0,32.43,-5.85,49.66,9.0,9.0,35.0,6.0,27.0,27.0,15.0,38.0,0.005,0.0,0.0032,-0.00497,0.64368,39.16084,42.34301,,,-27.68916,20.02688,13.46462,,,29.68602,23.71319,41.19795,41.5151,,,0.02132,0.02448,,,-0.3813,0.1701,-0.3813,0.0,0.5514,-0.5514,1,1,0,,,,,,,-0.15,,0.951,0.942,1.033,0.939,0.731,1.009,2019-11-04,2019-10-21,2019-06-13,2019-10-24,2019-08-23,2019-05-29,-4.26,1.28,-0.32,28.86,-29.24,2.38,13.0,6.0,3.0,38.0,49.0,9.0,-0.0,0.0,-0.0,1.0,-1.0,0.0,0.923,0.938,0.968,0.918,0.918,0.923,2019-11-18,2019-11-14,2019-11-05,2019-11-20,2019-11-15,2019-11-11,0.025,0.0,0.0,0.024,100.0,100.0,2019-11-20,1999-01-01,1999-01-01,2019-10-07,1999-01-01,1999-01-01,4352200.0,2910700.0,3644900.0,4.41,1.76,-20.49,0.021,0.0,0.0,-0.034,100.0,100.0,0.03063,0.0,0.0,-0.03172,100.0,100.0,58.071,0.0,0.0,18.102,100.0,100.0,14.265,35.735,76.54,7.061,7.061,23.578,66.85,0.0,0.0,22.529,100.0,100.0,2019-10-25,1999-01-01,1999-01-01,2019-08-14,1999-01-01,1999-01-01,7602,0,0,7530,0,0,2019-10-10,1999-01-01,1999-01-01,2019-07-22,1999-01-01,1999-01-01,2019-11-18,2019-11-14,2019-11-05,2019-11-19,2019-11-15,2019-11-08,2019-10-09,1999-01-01,1999-01-01,2019-08-01,1999-01-01,1999-01-01,0,0,0,0,1,0,1,0,0,1,1,0,0,1,1,0,1,0,1,0,0,1,1,0,0,1,1,0,1,0,,,,,,,,,,Life.BearRecovery,Life.Bear,Life.BearRecovery,Life.Bear,Life.BearRecovery,,
2019-11-22,0.90228,,,,,0.92453,0.90825,0.91004,0.94554,0.92718,0.92385,0.00333,0.00875,0.00299,-0.00542,,,-7.35,4.78,-12.9,1.05,-38.0,32.43,-5.85,49.66,8.0,9.0,35.0,6.0,27.0,27.0,15.0,38.0,0.0,0.0,0.00214,-0.00497,0.4296,30.05025,41.80171,,,-36.79975,20.02688,17.78674,,,45.00589,32.40712,40.98776,41.22434,,,0.02121,0.02441,,,-0.3729,0.1628,-0.3729,0.0,0.5357,-0.5357,1,1,0,,,,,,,-0.15,,0.951,0.942,1.033,0.939,0.731,1.009,2019-11-04,2019-10-21,2019-06-13,2019-10-24,2019-08-23,2019-05-29,-5.12,1.28,-0.32,28.86,-29.24,2.38,14.0,6.0,3.0,38.0,49.0,9.0,-0.0,0.0,-0.0,1.0,-1.0,0.0,0.923,0.938,0.968,0.918,0.918,0.923,2019-11-18,2019-11-14,2019-11-05,2019-11-20,2019-11-15,2019-11-11,0.025,0.0,0.0,0.024,100.0,100.0,2019-11-20,1999-01-01,1999-01-01,2019-10-07,1999-01-01,1999-01-01,2910700.0,3644900.0,4833900.0,1.76,-20.49,4.42,0.021,0.0,0.0,-0.034,100.0,100.0,0.03063,0.0,0.0,-0.03172,100.0,100.0,58.071,0.0,0.0,18.102,100.0,100.0,14.265,35.735,76.54,7.061,7.061,23.578,66.85,0.0,0.0,22.529,100.0,100.0,2019-10-25,1999-01-01,1999-01-01,2019-08-14,1999-01-01,1999-01-01,7602,0,0,7530,0,0,2019-10-10,1999-01-01,1999-01-01,2019-07-22,1999-01-01,1999-01-01,2019-11-18,2019-11-14,2019-11-05,2019-11-19,2019-11-15,2019-11-08,2019-10-09,1999-01-01,1999-01-01,2019-08-01,1999-01-01,1999-01-01,0,0,0,0,1,0,1,0,0,1,1,0,0,1,1,0,1,0,1,0,0,1,1,0,0,1,1,0,1,0,,,,,,,,,,Life.BearRecovery,Life.Bear,Life.BearRecovery,Life.Bear,Life.BearRecovery,,
2019-11-25,0.89219,,,,0.928,0.92481,0.90903,0.9104,0.94537,0.92732,0.92417,0.00315,0.00763,0.00186,-0.00448,,,-6.3,4.78,-12.9,1.05,-38.0,32.43,-5.85,49.66,7.0,9.0,35.0,6.0,27.0,27.0,15.0,38.0,0.0049,0.0,0.00213,-0.00497,0.42816,29.97988,41.33494,,,-36.87012,36.26374,25.43917,,36.264,63.30645,45.99945,40.84959,41.01177,,,0.02076,0.02433,,,-0.3634,0.1578,-0.3634,0.0,0.5212,-0.5212,1,1,0,,,,,,,-0.15,,0.951,0.942,1.033,0.939,0.731,1.009,2019-11-04,2019-10-21,2019-06-13,2019-10-24,2019-08-23,2019-05-29,-6.18,1.28,-0.32,28.86,-29.24,2.38,15.0,6.0,3.0,38.0,49.0,9.0,-0.0,0.0,-0.0,1.0,-1.0,0.0,0.928,0.923,0.938,0.918,0.918,0.923,2019-11-25,2019-11-18,2019-11-14,2019-11-20,2019-11-15,2019-11-11,0.025,0.0,0.0,0.024,100.0,100.0,2019-11-20,1999-01-01,1999-01-01,2019-10-07,1999-01-01,1999-01-01,3644900.0,4833900.0,8438900.0,-20.49,4.42,48.54,0.021,0.0,0.0,-0.034,100.0,100.0,0.03063,0.0,0.0,-0.03172,100.0,100.0,58.071,0.0,0.0,18.102,100.0,100.0,36.264,14.265,35.735,7.061,7.061,23.578,66.85,0.0,0.0,22.529,100.0,100.0,2019-10-25,1999-01-01,1999-01-01,2019-08-14,1999-01-01,1999-01-01,7602,0,0,7530,0,0,2019-10-10,1999-01-01,1999-01-01,2019-07-22,1999-01-01,1999-01-01,2019-11-25,2019-11-18,2019-11-14,2019-11-19,2019-11-15,2019-11-08,2019-10-09,1999-01-01,1999-01-01,2019-08-01,1999-01-01,1999-01-01,0,0,0,0,0,0,1,0,0,1,1,0,0,1,1,0,0,1,1,0,0,1,1,0,0,1,1,0,1,0,,8438900,,,,,,,p2p,Life.BearRecovery,Life.Bear,Life.BearRecovery,Life.Bear,Life.BearRecovery,,
2019-11-26,0.88074,,,,,0.92239,0.90842,0.91007,0.94485,0.9221,0.92189,0.00021,0.00615,0.00077,-0.00593,,,-5.08,4.78,-12.9,1.05,-38.0,32.43,-5.85,49.66,6.0,9.0,35.0,6.0,27.0,27.0,15.0,38.0,-0.0,-0.0347,0.00213,-0.00674,0.31601,24.01289,40.9406,,,-42.83711,0.0,18.76354,0.0,,46.63978,51.65071,40.77502,40.87079,,,0.02176,0.02426,,,-0.3643,0.1397,-0.3643,0.0,0.504,-0.504,1,1,0,,,,,,,-0.15,,0.951,0.942,1.033,0.939,0.731,1.009,2019-11-04,2019-10-21,2019-06-13,2019-10-24,2019-08-23,2019-05-29,-7.39,1.28,-0.32,28.86,-29.24,2.38,16.0,6.0,3.0,38.0,49.0,9.0,-0.0,0.0,-0.0,1.0,-1.0,0.0,0.928,0.923,0.938,0.918,0.918,0.923,2019-11-25,2019-11-18,2019-11-14,2019-11-20,2019-11-15,2019-11-11,0.025,0.0,0.0,0.024,100.0,100.0,2019-11-20,1999-01-01,1999-01-01,2019-10-07,1999-01-01,1999-01-01,4833900.0,8438900.0,10445300.0,4.42,48.54,40.2,0.021,0.0,0.0,-0.034,100.0,100.0,0.03063,0.0,0.0,-0.03172,100.0,100.0,58.071,0.0,0.0,18.102,100.0,100.0,36.264,14.265,35.735,0.0,7.061,7.061,66.85,0.0,0.0,22.529,100.0,100.0,2019-10-25,1999-01-01,1999-01-01,2019-08-14,1999-01-01,1999-01-01,7602,0,0,7530,0,0,2019-10-10,1999-01-01,1999-01-01,2019-07-22,1999-01-01,1999-01-01,2019-11-25,2019-11-18,2019-11-14,2019-11-26,2019-11-19,2019-11-15,2019-10-09,1999-01-01,1999-01-01,2019-08-01,1999-01-01,1999-01-01,0,0,0,0,0,0,1,0,0,1,1,0,0,1,1,0,0,1,1,0,0,1,1,0,0,1,1,0,1,0,,,,,,,,p2p,,Life.BearRecovery,Life.Bear,Life.BearRecovery,Life.Bear,Life.BearRecovery,,
2019-11-27,0.86861,,,,,0.91711,0.90627,0.90895,0.94394,0.91158,0.91684,-0.00526,0.00387,-0.00027,-0.00912,,,-3.75,4.78,-12.9,1.05,-38.0,32.43,-5.85,49.66,5.0,9.0,35.0,6.0,27.0,27.0,15.0,38.0,-0.0,-0.0397,0.00213,-0.00957,0.22239,18.19292,40.61643,,,-48.65708,4.37828,13.54734,,4.378,28.58763,46.17795,40.75557,40.79339,40.756,,0.02375,0.02418,,,-0.3767,0.1084,-0.3767,0.0,0.4851,-0.4851,0,0,0,,,,,,-0.15,,,0.951,0.942,1.033,0.939,0.731,1.009,2019-11-04,2019-10-21,2019-06-13,2019-10-24,2019-08-23,2019-05-29,-8.66,1.28,-0.32,28.86,-29.24,2.38,17.0,6.0,3.0,38.0,49.0,9.0,-1.0,0.0,-0.0,1.0,-1.0,0.0,0.928,0.923,0.938,0.918,0.918,0.923,2019-11-25,2019-11-18,2019-11-14,2019-11-20,2019-11-15,2019-11-11,0.025,0.0,0.0,0.024,100.0,100.0,2019-11-20,1999-01-01,1999-01-01,2019-10-07,1999-01-01,1999-01-01,8438900.0,10445300.0,9306100.0,48.54,40.2,18.86,0.021,0.0,0.0,-0.034,100.0,100.0,0.03063,0.0,0.0,-0.03172,100.0,100.0,58.071,0.0,0.0,40.756,18.102,100.0,4.378,36.264,14.265,0.0,7.061,7.061,66.85,0.0,0.0,22.529,100.0,100.0,2019-10-25,1999-01-01,1999-01-01,2019-08-14,1999-01-01,1999-01-01,7602,0,0,7530,0,0,2019-10-10,1999-01-01,1999-01-01,2019-11-27,2019-07-22,1999-01-01,2019-11-27,2019-11-25,2019-11-18,2019-11-26,2019-11-19,2019-11-15,2019-10-09,1999-01-01,1999-01-01,2019-08-01,1999-01-01,1999-01-01,0,0,0,0,0,0,1,0,0,1,1,0,0,1,0,0,1,0,1,0,0,1,1,0,0,1,1,0,1,0,,,,,,,p2p,,,Life.Bear,Life.BearRecovery,Life.Bear,Life.BearRecovery,Life.Bear,,
2019-11-28,0.857,,,,,0.91147,0.90382,0.90766,0.94295,0.90115,0.91143,-0.01028,0.00104,-0.00127,-0.01131,,,-2.45,4.78,-12.9,1.05,-38.0,32.43,-5.85,49.66,4.0,9.0,35.0,6.0,27.0,27.0,15.0,38.0,-0.0,-0.0099,0.00213,-0.0078,0.27289,21.43885,40.36025,,,-45.41115,0.0,1.45943,0.0,,1.97472,25.73405,40.78517,40.77192,,,0.02312,0.0241,,,-0.3913,0.0765,-0.3913,0.0,0.4678,-0.4678,0,0,0,,,,,,-0.15,,,0.951,0.942,1.033,0.939,0.731,1.009,2019-11-04,2019-10-21,2019-06-13,2019-10-24,2019-08-23,2019-05-29,-9.88,1.28,-0.32,28.86,-29.24,2.38,18.0,6.0,3.0,38.0,49.0,9.0,-1.0,0.0,-0.0,1.0,-1.0,0.0,0.928,0.923,0.938,0.918,0.918,0.923,2019-11-25,2019-11-18,2019-11-14,2019-11-20,2019-11-15,2019-11-11,0.025,0.0,0.0,0.024,100.0,100.0,2019-11-20,1999-01-01,1999-01-01,2019-10-07,1999-01-01,1999-01-01,10445300.0,9306100.0,3693800.0,40.2,18.86,-16.83,0.021,0.0,0.0,-0.034,100.0,100.0,0.03063,0.0,0.0,-0.03172,100.0,100.0,58.071,0.0,0.0,40.756,18.102,100.0,4.378,36.264,14.265,0.0,0.0,7.061,66.85,0.0,0.0,22.529,100.0,100.0,2019-10-25,1999-01-01,1999-01-01,2019-08-14,1999-01-01,1999-01-01,7602,0,0,7530,0,0,2019-10-10,1999-01-01,1999-01-01,2019-11-27,2019-07-22,1999-01-01,2019-11-27,2019-11-25,2019-11-18,2019-11-28,2019-11-26,2019-11-19,2019-10-09,1999-01-01,1999-01-01,2019-08-01,1999-01-01,1999-01-01,0,0,0,0,0,0,1,0,0,1,1,0,0,1,0,0,1,0,1,0,0,1,1,0,0,1,1,0,1,0,,,,,,p2p,,,,Life.Bear,Life.BearRecovery,Life.Bear,Life.BearRecovery,Life.Bear,,
2019-11-29,0.84722,,,0.814,,0.90397,0.9003,0.9058,0.94166,0.88774,0.90421,-0.01647,-0.00246,-0.00222,-0.014,,,-1.32,4.78,-12.9,1.05,-38.0,32.43,-5.85,49.66,3.0,9.0,35.0,6.0,27.0,27.0,15.0,38.0,-0.0,-0.0298,0.00213,-0.00993,0.21439,17.65403,40.17055,,,-49.19597,3.59712,2.65847,,,3.31773,11.29336,40.86223,40.80099,,,0.02395,0.02403,,,-0.4136,-0.055,-0.4136,0.0,0.3586,-0.3586,0,0,0,,,,,,-0.15,,,0.951,0.942,1.033,0.939,0.731,1.009,2019-11-04,2019-10-21,2019-06-13,2019-10-24,2019-08-23,2019-05-29,-10.91,1.28,-0.32,28.86,-29.24,2.38,19.0,6.0,3.0,38.0,49.0,9.0,-1.0,0.0,-0.0,1.0,-1.0,0.0,0.928,0.923,0.938,0.814,0.918,0.918,2019-11-25,2019-11-18,2019-11-14,2019-11-29,2019-11-20,2019-11-15,0.025,0.0,0.0,0.024,100.0,100.0,2019-11-20,1999-01-01,1999-01-01,2019-10-07,1999-01-01,1999-01-01,9306100.0,3693800.0,4640900.0,18.86,-16.83,-24.76,0.021,0.0,0.0,-0.034,100.0,100.0,0.03063,0.0,0.0,-0.03172,100.0,100.0,58.071,0.0,0.0,40.756,18.102,100.0,4.378,36.264,14.265,0.0,0.0,7.061,66.85,0.0,0.0,22.529,100.0,100.0,2019-10-25,1999-01-01,1999-01-01,2019-08-14,1999-01-01,1999-01-01,7602,0,0,7530,0,0,2019-10-10,1999-01-01,1999-01-01,2019-11-27,2019-07-22,1999-01-01,2019-11-27,2019-11-25,2019-11-18,2019-11-28,2019-11-26,2019-11-19,2019-10-09,1999-01-01,1999-01-01,2019-08-01,1999-01-01,1999-01-01,0,0,0,0,0,0,1,0,0,1,1,0,0,1,0,0,1,0,1,0,0,1,1,0,0,1,1,0,1,0,,,,,p2p,,,,,Life.Bear,Life.BearRecovery,Life.Bear,Life.BearRecovery,Life.Bear,,
2019-12-02,0.84018,,,,,0.89781,0.8973,0.90418,0.94049,0.87792,0.89826,-0.02034,-0.00604,-0.00311,-0.0143,,,-0.5,4.78,-12.9,1.05,-38.0,32.43,-5.85,49.66,2.0,9.0,35.0,6.0,27.0,27.0,15.0,38.0,0.0099,0.0,0.00249,-0.00993,0.25036,20.02301,40.04438,,,-46.82699,10.71942,4.77218,,,5.51317,3.60187,40.98667,40.87802,,,0.02366,0.02396,,,-0.4319,-0.0688,-0.4319,0.0,0.3631,-0.3631,0,0,0,,,,,,-0.15,,,0.951,0.942,1.033,0.939,0.731,1.009,2019-11-04,2019-10-21,2019-06-13,2019-10-24,2019-08-23,2019-05-29,-11.65,1.28,-0.32,28.86,-29.24,2.38,20.0,6.0,3.0,38.0,49.0,9.0,-1.0,0.0,-0.0,1.0,-1.0,0.0,0.928,0.923,0.938,0.814,0.918,0.918,2019-11-25,2019-11-18,2019-11-14,2019-11-29,2019-11-20,2019-11-15,0.025,0.0,0.0,0.024,100.0,100.0,2019-11-20,1999-01-01,1999-01-01,2019-10-07,1999-01-01,1999-01-01,3693800.0,4640900.0,1919100.0,-16.83,-24.76,-41.87,0.021,0.0,0.0,-0.034,100.0,100.0,0.03063,0.0,0.0,-0.03172,100.0,100.0,58.071,0.0,0.0,40.756,18.102,100.0,4.378,36.264,14.265,0.0,0.0,7.061,66.85,0.0,0.0,22.529,100.0,100.0,2019-10-25,1999-01-01,1999-01-01,2019-08-14,1999-01-01,1999-01-01,7602,0,0,7530,0,0,2019-10-10,1999-01-01,1999-01-01,2019-11-27,2019-07-22,1999-01-01,2019-11-27,2019-11-25,2019-11-18,2019-11-28,2019-11-26,2019-11-19,2019-10-09,1999-01-01,1999-01-01,2019-08-01,1999-01-01,1999-01-01,0,0,0,0,0,0,1,0,0,1,1,0,0,1,0,0,1,0,1,0,0,1,1,0,0,1,1,0,1,0,,,,,,,,,,Life.Bear,Life.BearRecovery,Life.Bear,Life.BearRecovery,Life.Bear,,
2019-12-03,0.83647,,,,0.824,0.89213,0.89442,0.90259,0.93933,0.86961,0.89275,-0.02314,-0.00946,-0.00395,-0.01368,,,-0.06,4.78,-12.9,1.05,-38.0,32.43,-5.85,49.66,1.0,9.0,35.0,6.0,27.0,27.0,15.0,38.0,0.0,0.0,0.00249,-0.00993,0.25036,20.02301,39.97686,,,-46.82699,10.71942,8.34532,,10.719,11.06872,6.63321,41.15596,41.00162,,,0.02303,0.02388,,,-0.4491,-0.1046,-0.472,-0.0229,0.3445,-0.3674,0,0,0,,,,,,-0.15,,,0.951,0.942,1.033,0.939,0.731,1.009,2019-11-04,2019-10-21,2019-06-13,2019-10-24,2019-08-23,2019-05-29,-12.04,1.28,-0.32,28.86,-29.24,2.38,21.0,6.0,3.0,38.0,49.0,9.0,-1.0,0.0,-0.0,1.0,-1.0,0.0,0.824,0.928,0.923,0.814,0.918,0.918,2019-12-03,2019-11-25,2019-11-18,2019-11-29,2019-11-20,2019-11-15,0.025,0.0,0.0,0.024,100.0,100.0,2019-11-20,1999-01-01,1999-01-01,2019-10-07,1999-01-01,1999-01-01,4640900.0,1919100.0,1131400.0,-24.76,-41.87,-24.99,0.021,0.0,0.0,-0.034,100.0,100.0,0.03063,0.0,0.0,-0.03172,100.0,100.0,58.071,0.0,0.0,40.756,18.102,100.0,10.719,4.378,36.264,0.0,0.0,7.061,66.85,0.0,0.0,22.529,100.0,100.0,2019-10-25,1999-01-01,1999-01-01,2019-08-14,1999-01-01,1999-01-01,7602,0,0,7530,0,0,2019-10-10,1999-01-01,1999-01-01,2019-11-27,2019-07-22,1999-01-01,2019-12-03,2019-11-27,2019-11-25,2019-11-28,2019-11-26,2019-11-19,2019-10-09,1999-01-01,1999-01-01,2019-08-01,1999-01-01,1999-01-01,0,0,0,0,1,0,1,0,0,1,1,0,0,1,0,0,0,0,1,0,0,1,1,0,0,1,1,0,1,0,,,,,,,,,,Life.Bear,Life.BearRecovery,Life.Bear,Life.BearRecovery,Life.Bear,,
2019-12-04,0.83628,0.836,,0.814,,0.88612,0.89127,0.90084,0.93809,0.86106,0.88692,-0.02586,-0.01274,-0.00472,-0.01312,,,4.75,-12.9,1.05,-38.0,32.43,-5.85,49.66,-5.04,9.0,35.0,6.0,27.0,27.0,15.0,38.0,12.0,-0.0,-0.0099,0.00177,-0.01064,0.16655,14.27749,39.96212,39.962,,-52.57251,3.87297,8.43727,3.873,,13.07917,9.88702,41.36311,41.16858,,,0.02351,0.02381,,,-0.4682,-0.1472,-0.5197,-0.0515,0.321,-0.3725,0,0,0,,,,,,-0.15,,,0.951,0.942,1.033,0.836,0.939,0.731,2019-11-04,2019-10-21,2019-06-13,2019-12-04,2019-10-24,2019-08-23,0.0,-12.09,1.28,-0.32,28.86,-29.24,0.0,22.0,6.0,3.0,38.0,49.0,0.0,-1.0,0.0,-0.0,1.0,-1.0,0.824,0.928,0.923,0.814,0.814,0.918,2019-12-03,2019-11-25,2019-11-18,2019-12-04,2019-11-29,2019-11-20,0.025,0.0,0.0,0.024,100.0,100.0,2019-11-20,1999-01-01,1999-01-01,2019-10-07,1999-01-01,1999-01-01,1919100.0,1131400.0,2682200.0,-41.87,-24.99,-25.47,0.021,0.0,0.0,-0.034,100.0,100.0,0.03063,0.0,0.0,-0.03172,100.0,100.0,58.071,0.0,0.0,40.756,18.102,100.0,10.719,4.378,36.264,3.873,0.0,0.0,66.85,0.0,0.0,39.962,22.529,100.0,2019-10-25,1999-01-01,1999-01-01,2019-08-14,1999-01-01,1999-01-01,7602,0,0,7530,0,0,2019-10-10,1999-01-01,1999-01-01,2019-11-27,2019-07-22,1999-01-01,2019-12-03,2019-11-27,2019-11-25,2019-12-04,2019-11-28,2019-11-26,2019-10-09,1999-01-01,1999-01-01,2019-12-04,2019-08-01,1999-01-01,0,0,0,0,1,0,1,0,0,1,1,0,0,1,0,0,0,0,0,1,0,1,0,0,0,1,1,0,1,0,,,,,,,,,,Life.Bear,Life.BearRecovery,Life.Bear,Life.BearRecovery,Life.Bear,,
2019-12-05,0.83926,,,,,0.88095,0.88843,0.89922,0.9369,0.85457,0.88188,-0.02731,-0.01565,-0.00544,-0.01166,,,4.38,-12.9,1.05,-38.0,32.43,-5.85,49.66,-5.04,8.0,35.0,6.0,27.0,27.0,15.0,38.0,12.0,0.0049,0.0,0.00212,-0.00921,0.23023,18.71456,39.99279,,,-21.24744,7.97744,7.52328,,,18.39177,14.17989,41.59814,41.37241,,,0.02289,0.02373,,,-0.4847,-0.1827,-0.5595,-0.0748,0.302,-0.3768,0,0,0,,,,,,-0.15,,,0.951,0.942,1.033,0.836,0.939,0.731,2019-11-04,2019-10-21,2019-06-13,2019-12-04,2019-10-24,2019-08-23,0.39,-12.09,1.28,-0.32,28.86,-29.24,1.0,22.0,6.0,3.0,38.0,49.0,0.0,-1.0,0.0,-0.0,1.0,-1.0,0.824,0.928,0.923,0.814,0.814,0.918,2019-12-03,2019-11-25,2019-11-18,2019-12-04,2019-11-29,2019-11-20,0.025,0.0,0.0,0.024,100.0,100.0,2019-11-20,1999-01-01,1999-01-01,2019-10-07,1999-01-01,1999-01-01,1131400.0,2682200.0,3830500.0,-24.99,-25.47,33.34,0.021,0.0,0.0,-0.034,100.0,100.0,0.03063,0.0,0.0,-0.03172,100.0,100.0,58.071,0.0,0.0,40.756,18.102,100.0,10.719,4.378,36.264,3.873,0.0,0.0,66.85,0.0,0.0,39.962,22.529,100.0,2019-10-25,1999-01-01,1999-01-01,2019-08-14,1999-01-01,1999-01-01,7602,0,0,7530,0,0,2019-10-10,1999-01-01,1999-01-01,2019-11-27,2019-07-22,1999-01-01,2019-12-03,2019-11-27,2019-11-25,2019-12-04,2019-11-28,2019-11-26,2019-10-09,1999-01-01,1999-01-01,2019-12-04,2019-08-01,1999-01-01,0,0,0,0,1,0,1,0,0,1,1,0,0,1,0,0,0,0,0,1,0,1,0,0,0,1,1,0,1,0,3830500,,,,,,,,n2p,Life.Bear,Life.BearRecovery,Life.Bear,Life.BearRecovery,Life.Bear,,
2019-12-06,0.84453,,,,,0.87694,0.8861,0.89782,0.93582,0.85062,0.87796,-0.02734,-0.01799,-0.00609,-0.00935,,,3.73,-12.9,1.05,-38.0,32.43,-5.85,49.66,-5.04,7.0,35.0,6.0,27.0,27.0,15.0,38.0,12.0,0.01,0.0,0.00248,-0.00921,0.26899,21.19731,40.061,,,-18.76469,16.03546,9.29529,,,29.50288,20.32461,41.85061,41.60396,,,0.02197,0.02366,,,-0.4972,-0.2088,-0.5888,-0.0916,0.2884,-0.38,0,0,0,,,,,,-0.15,,,0.951,0.942,1.033,0.836,0.939,0.731,2019-11-04,2019-10-21,2019-06-13,2019-12-04,2019-10-24,2019-08-23,1.02,-12.09,1.28,-0.32,28.86,-29.24,2.0,22.0,6.0,3.0,38.0,49.0,1.0,-1.0,0.0,-0.0,1.0,-1.0,0.824,0.928,0.923,0.814,0.814,0.918,2019-12-03,2019-11-25,2019-11-18,2019-12-04,2019-11-29,2019-11-20,0.025,0.0,0.0,0.024,100.0,100.0,2019-11-20,1999-01-01,1999-01-01,2019-10-07,1999-01-01,1999-01-01,2682200.0,3830500.0,4724900.0,-25.47,33.34,47.01,0.021,0.0,0.0,-0.034,100.0,100.0,0.03063,0.0,0.0,-0.03172,100.0,100.0,58.071,0.0,0.0,40.756,18.102,100.0,10.719,4.378,36.264,3.873,0.0,0.0,66.85,0.0,0.0,39.962,22.529,100.0,2019-10-25,1999-01-01,1999-01-01,2019-08-14,1999-01-01,1999-01-01,7602,0,0,7530,0,0,2019-10-10,1999-01-01,1999-01-01,2019-11-27,2019-07-22,1999-01-01,2019-12-03,2019-11-27,2019-11-25,2019-12-04,2019-11-28,2019-11-26,2019-10-09,1999-01-01,1999-01-01,2019-12-04,2019-08-01,1999-01-01,0,0,0,0,1,0,1,0,0,1,1,0,0,1,0,0,0,0,0,1,0,1,0,0,0,1,1,0,1,0,,,,,,,,n2p,,Life.Bear,Life.BearRecovery,Life.Bear,Life.BearRecovery,Life.Bear,,
2019-12-09,0.85101,,,,0.888,0.87782,0.88619,0.89764,0.93535,0.85643,0.87873,-0.0223,-0.01885,-0.00669,-0.00345,,,2.94,-12.9,1.05,-38.0,32.43,-5.85,49.66,-5.04,6.0,35.0,6.0,27.0,27.0,15.0,38.0,12.0,0.0595,0.0,0.00673,-0.00886,0.75968,43.1714,40.15871,,,3.2094,63.98066,29.33118,,63.981,59.48276,35.79247,42.10982,41.85286,,,0.02501,0.02358,,,-0.4916,-0.1982,-0.5753,-0.0837,0.2934,-0.3771,0,0,0,,,,,,-0.15,,,0.951,0.942,1.033,0.836,0.939,0.731,2019-11-04,2019-10-21,2019-06-13,2019-12-04,2019-10-24,2019-08-23,1.8,-12.09,1.28,-0.32,28.86,-29.24,3.0,22.0,6.0,3.0,38.0,49.0,1.0,-1.0,0.0,-0.0,1.0,-1.0,0.888,0.824,0.928,0.814,0.814,0.918,2019-12-09,2019-12-03,2019-11-25,2019-12-04,2019-11-29,2019-11-20,0.025,0.0,0.0,0.024,100.0,100.0,2019-11-20,1999-01-01,1999-01-01,2019-10-07,1999-01-01,1999-01-01,3830500.0,4724900.0,4215200.0,33.34,47.01,13.64,0.021,0.0,0.0,-0.034,100.0,100.0,0.03063,0.0,0.0,-0.03172,100.0,100.0,58.071,0.0,0.0,40.756,18.102,100.0,63.981,10.719,4.378,3.873,0.0,0.0,66.85,0.0,0.0,39.962,22.529,100.0,2019-10-25,1999-01-01,1999-01-01,2019-08-14,1999-01-01,1999-01-01,7602,0,0,7530,0,0,2019-10-10,1999-01-01,1999-01-01,2019-11-27,2019-07-22,1999-01-01,2019-12-09,2019-12-03,2019-11-27,2019-12-04,2019-11-28,2019-11-26,2019-10-09,1999-01-01,1999-01-01,2019-12-04,2019-08-01,1999-01-01,0,0,0,0,0,0,1,0,0,1,1,0,0,1,0,0,0,1,0,1,0,1,0,0,0,1,1,0,1,0,,,,,,,n2p,,,Life.Bear,Life.BearRecovery,Life.Bear,Life.BearRecovery,Life.Bear,,
2019-12-10,0.85778,,,,,0.87635,0.88511,0.89687,0.93459,0.85678,0.87725,-0.02047,-0.01918,-0.00722,-0.00129,,,2.12,-12.9,1.05,-38.0,32.43,-5.85,49.66,-5.04,5.0,35.0,6.0,27.0,27.0,15.0,38.0,12.0,-0.0,-0.0297,0.00673,-0.01098,0.61288,37.99919,40.27885,,,-1.96281,40.04835,40.02149,,,70.02688,53.00417,42.36661,42.10902,,,0.0257,0.02351,,,-0.4948,-0.2052,-0.5824,-0.0876,0.2896,-0.3772,0,0,0,,,,,,-0.15,,,0.951,0.942,1.033,0.836,0.939,0.731,2019-11-04,2019-10-21,2019-06-13,2019-12-04,2019-10-24,2019-08-23,2.61,-12.09,1.28,-0.32,28.86,-29.24,4.0,22.0,6.0,3.0,38.0,49.0,1.0,-1.0,0.0,-0.0,1.0,-1.0,0.888,0.824,0.928,0.814,0.814,0.918,2019-12-09,2019-12-03,2019-11-25,2019-12-04,2019-11-29,2019-11-20,0.025,0.0,0.0,0.024,100.0,100.0,2019-11-20,1999-01-01,1999-01-01,2019-10-07,1999-01-01,1999-01-01,4724900.0,4215200.0,2156200.0,47.01,13.64,-13.11,0.021,0.0,0.0,-0.034,100.0,100.0,0.03063,0.0,0.0,-0.03172,100.0,100.0,58.071,0.0,0.0,40.756,18.102,100.0,63.981,10.719,4.378,3.873,0.0,0.0,66.85,0.0,0.0,39.962,22.529,100.0,2019-10-25,1999-01-01,1999-01-01,2019-08-14,1999-01-01,1999-01-01,7602,0,0,7530,0,0,2019-10-10,1999-01-01,1999-01-01,2019-11-27,2019-07-22,1999-01-01,2019-12-09,2019-12-03,2019-11-27,2019-12-04,2019-11-28,2019-11-26,2019-10-09,1999-01-01,1999-01-01,2019-12-04,2019-08-01,1999-01-01,0,0,0,0,0,0,1,0,0,1,1,0,0,1,0,0,0,1,0,1,0,1,0,0,0,1,1,0,1,0,,,,,,n2p,,,,Life.Bear,Life.BearRecovery,Life.Bear,Life.BearRecovery,Life.Bear,,
2019-12-11,0.86405,,,0.859,,0.875,0.88407,0.89611,0.93384,0.85708,0.87587,-0.0188,-0.0191,-0.00771,0.0003,,,1.38,-12.9,1.05,-38.0,32.43,-5.85,49.66,-5.04,4.0,35.0,6.0,27.0,27.0,15.0,38.0,12.0,0.0,0.0,0.00637,-0.01098,0.58035,36.72293,40.41556,,,-3.23907,40.04835,48.02579,40.048,,73.3871,67.63225,42.61385,42.36343,,,0.02564,0.02343,,,-0.4977,-0.2111,-0.5884,-0.0907,0.2866,-0.3773,0,0,0,,,,,,-0.15,,,0.951,0.942,1.033,0.836,0.939,0.731,2019-11-04,2019-10-21,2019-06-13,2019-12-04,2019-10-24,2019-08-23,3.36,-12.09,1.28,-0.32,28.86,-29.24,5.0,22.0,6.0,3.0,38.0,49.0,1.0,-1.0,0.0,-0.0,1.0,-1.0,0.888,0.824,0.928,0.859,0.814,0.814,2019-12-09,2019-12-03,2019-11-25,2019-12-11,2019-12-04,2019-11-29,0.025,0.0,0.0,0.024,100.0,100.0,2019-11-20,1999-01-01,1999-01-01,2019-10-07,1999-01-01,1999-01-01,4215200.0,2156200.0,1696700.0,13.64,-13.11,-27.29,0.021,0.0,0.0,-0.034,100.0,100.0,0.03063,0.0,0.0,-0.03172,100.0,100.0,58.071,0.0,0.0,40.756,18.102,100.0,63.981,10.719,4.378,40.048,3.873,0.0,66.85,0.0,0.0,39.962,22.529,100.0,2019-10-25,1999-01-01,1999-01-01,2019-08-14,1999-01-01,1999-01-01,7602,0,0,7530,0,0,2019-10-10,1999-01-01,1999-01-01,2019-11-27,2019-07-22,1999-01-01,2019-12-09,2019-12-03,2019-11-27,2019-12-11,2019-12-04,2019-11-28,2019-10-09,1999-01-01,1999-01-01,2019-12-04,2019-08-01,1999-01-01,0,0,0,0,0,0,0,1,0,1,1,0,0,1,0,0,0,1,0,1,0,1,0,0,0,1,1,0,1,0,,,,,n2p,,,,,Life.Bear,Life.BearRecovery,Life.Bear,Life.BearRecovery,Life.Bear,,
2019-12-12,0.86926,,,,,0.87526,0.88385,0.89576,0.93328,0.86037,0.87607,-0.01569,-0.01842,-0.00814,0.00272,,,0.77,-12.9,1.05,-38.0,32.43,-5.85,49.66,-5.04,3.0,35.0,6.0,27.0,27.0,15.0,38.0,12.0,0.0198,0.0,0.00779,-0.01098,0.70917,41.4922,40.56306,,,1.5302,56.00322,45.36664,,,68.27082,70.5616,42.84602,42.60883,,,0.02594,0.02334,,,-0.4943,-0.205,-0.5802,-0.0859,0.2893,-0.3752,1,1,1,,,,,,,-0.15,,0.951,0.942,1.033,0.836,0.939,0.731,2019-11-04,2019-10-21,2019-06-13,2019-12-04,2019-10-24,2019-08-23,3.98,-12.09,1.28,-0.32,28.86,-29.24,6.0,22.0,6.0,3.0,38.0,49.0,1.0,-1.0,0.0,-0.0,1.0,-1.0,0.888,0.824,0.928,0.859,0.814,0.814,2019-12-09,2019-12-03,2019-11-25,2019-12-11,2019-12-04,2019-11-29,0.025,0.0,0.0,0.024,100.0,100.0,2019-11-20,1999-01-01,1999-01-01,2019-10-07,1999-01-01,1999-01-01,2156200.0,1696700.0,2095500.0,-13.11,-27.29,-26.27,0.021,0.0,0.0,-0.034,100.0,100.0,0.03063,0.0,0.0,-0.03172,100.0,100.0,58.071,0.0,0.0,40.756,18.102,100.0,63.981,10.719,4.378,40.048,3.873,0.0,66.85,0.0,0.0,39.962,22.529,100.0,2019-10-25,1999-01-01,1999-01-01,2019-08-14,1999-01-01,1999-01-01,7602,0,0,7530,0,0,2019-10-10,1999-01-01,1999-01-01,2019-11-27,2019-07-22,1999-01-01,2019-12-09,2019-12-03,2019-11-27,2019-12-11,2019-12-04,2019-11-28,2019-10-09,1999-01-01,1999-01-01,2019-12-04,2019-08-01,1999-01-01,0,0,0,0,0,0,0,1,0,1,1,0,0,1,0,0,0,1,0,1,0,1,0,0,0,1,1,0,1,0,,,,,,,,,,Life.BearRecovery,Life.Bear,Life.BearRecovery,Life.Bear,Life.BearRecovery,,
2019-12-13,0.8731,,,,,0.8759,0.88384,0.89552,0.93279,0.86393,0.87662,-0.01269,-0.01727,-0.00852,0.00458,,,0.33,-12.9,1.05,-38.0,32.43,-5.85,49.66,-5.04,2.0,35.0,6.0,27.0,27.0,15.0,38.0,12.0,0.005,0.0,0.00779,-0.01098,0.70982,41.51446,40.7161,,,1.55246,62.55248,52.86802,,,79.04497,73.56763,43.05896,42.83961,,,0.0255,0.02326,,,-0.4895,-0.1962,-0.5689,-0.0794,0.2933,-0.3727,1,1,1,,,,,,,-0.15,,0.951,0.942,1.033,0.836,0.939,0.731,2019-11-04,2019-10-21,2019-06-13,2019-12-04,2019-10-24,2019-08-23,4.44,-12.09,1.28,-0.32,28.86,-29.24,7.0,22.0,6.0,3.0,38.0,49.0,1.0,-1.0,0.0,-0.0,1.0,-1.0,0.888,0.824,0.928,0.859,0.814,0.814,2019-12-09,2019-12-03,2019-11-25,2019-12-11,2019-12-04,2019-11-29,0.025,0.0,0.0,0.024,100.0,100.0,2019-11-20,1999-01-01,1999-01-01,2019-10-07,1999-01-01,1999-01-01,1696700.0,2095500.0,2406700.0,-27.29,-26.27,4.21,0.021,0.0,0.0,-0.034,100.0,100.0,0.03063,0.0,0.0,-0.03172,100.0,100.0,58.071,0.0,0.0,40.756,18.102,100.0,63.981,10.719,4.378,40.048,3.873,0.0,66.85,0.0,0.0,39.962,22.529,100.0,2019-10-25,1999-01-01,1999-01-01,2019-08-14,1999-01-01,1999-01-01,7602,0,0,7530,0,0,2019-10-10,1999-01-01,1999-01-01,2019-11-27,2019-07-22,1999-01-01,2019-12-09,2019-12-03,2019-11-27,2019-12-11,2019-12-04,2019-11-28,2019-10-09,1999-01-01,1999-01-01,2019-12-04,2019-08-01,1999-01-01,0,0,0,0,0,0,0,1,0,1,1,0,0,1,0,0,0,1,0,1,0,1,0,0,0,1,1,0,1,0,,,,,,,,,,Life.BearRecovery,Life.Bear,Life.BearRecovery,Life.Bear,Life.BearRecovery,,
2019-12-16,0.87525,,,,0.884,0.87648,0.88383,0.89528,0.9323,0.86694,0.87713,-0.01019,-0.01586,-0.00886,0.00567,,,0.09,-12.9,1.05,-38.0,32.43,-5.85,49.66,-5.04,1.0,35.0,6.0,27.0,27.0,15.0,38.0,12.0,0.0,0.0,0.00779,-0.0085,0.91681,47.8299,40.8696,,,7.8679,83.33333,67.29634,,83.333,82.35813,76.55797,43.24908,43.05135,,,0.02616,0.02317,,,-0.4847,-0.188,-0.5582,-0.0735,0.2967,-0.3702,1,1,1,,,,,,,-0.15,,0.951,0.942,1.033,0.836,0.939,0.731,2019-11-04,2019-10-21,2019-06-13,2019-12-04,2019-10-24,2019-08-23,4.69,-12.09,1.28,-0.32,28.86,-29.24,8.0,22.0,6.0,3.0,38.0,49.0,1.0,-1.0,0.0,-0.0,1.0,-1.0,0.884,0.888,0.824,0.859,0.814,0.814,2019-12-16,2019-12-09,2019-12-03,2019-12-11,2019-12-04,2019-11-29,0.025,0.0,0.0,0.024,100.0,100.0,2019-11-20,1999-01-01,1999-01-01,2019-10-07,1999-01-01,1999-01-01,2095500.0,2406700.0,4717800.0,-26.27,4.21,48.74,0.021,0.0,0.0,-0.034,100.0,100.0,0.03063,0.0,0.0,-0.03172,100.0,100.0,58.071,0.0,0.0,40.756,18.102,100.0,83.333,63.981,10.719,40.048,3.873,0.0,66.85,0.0,0.0,39.962,22.529,100.0,2019-10-25,1999-01-01,1999-01-01,2019-08-14,1999-01-01,1999-01-01,7602,0,0,7530,0,0,2019-10-10,1999-01-01,1999-01-01,2019-11-27,2019-07-22,1999-01-01,2019-12-16,2019-12-09,2019-12-03,2019-12-11,2019-12-04,2019-11-28,2019-10-09,1999-01-01,1999-01-01,2019-12-04,2019-08-01,1999-01-01,0,0,0,0,0,0,0,1,0,1,1,0,0,1,0,0,0,1,0,1,0,1,0,0,0,1,1,0,1,0,,4717800,,,,,,,p2p,Life.BearRecovery,Life.Bear,Life.BearRecovery,Life.Bear,Life.BearRecovery,,
2019-12-17,0.87575,,0.876,0.878,,0.87664,0.88362,0.89495,0.93176,0.86872,0.87723,-0.00851,-0.01439,-0.00916,0.00588,,,-12.88,1.05,-38.0,32.43,-5.85,49.66,-5.04,0.47,35.0,6.0,27.0,27.0,15.0,38.0,12.0,4.0,-0.0,-0.005,0.00779,-0.00602,1.29419,56.41158,41.0177,,,16.44958,77.74049,74.5421,77.74,,74.12766,78.51025,43.4124,43.24015,,,0.02571,0.02307,,,-0.4814,-0.1831,-0.5512,-0.0698,0.2983,-0.3681,1,1,1,,,,,,,-0.15,,0.876,0.951,0.942,0.836,0.939,0.731,2019-12-17,2019-11-04,2019-10-21,2019-12-04,2019-10-24,2019-08-23,0.0,4.78,-12.09,1.28,-0.32,28.86,0.0,9.0,22.0,6.0,3.0,38.0,0.0,1.0,-1.0,0.0,-0.0,1.0,0.884,0.888,0.824,0.878,0.859,0.814,2019-12-16,2019-12-09,2019-12-03,2019-12-17,2019-12-11,2019-12-04,0.025,0.0,0.0,0.024,100.0,100.0,2019-11-20,1999-01-01,1999-01-01,2019-10-07,1999-01-01,1999-01-01,2406700.0,4717800.0,1368200.0,4.21,48.74,-7.89,0.021,0.0,0.0,-0.034,100.0,100.0,0.03063,0.0,0.0,-0.03172,100.0,100.0,58.071,0.0,0.0,40.756,18.102,100.0,83.333,63.981,10.719,77.74,40.048,3.873,66.85,0.0,0.0,39.962,22.529,100.0,2019-10-25,1999-01-01,1999-01-01,2019-08-14,1999-01-01,1999-01-01,7602,0,0,7530,0,0,2019-10-10,1999-01-01,1999-01-01,2019-11-27,2019-07-22,1999-01-01,2019-12-16,2019-12-09,2019-12-03,2019-12-17,2019-12-11,2019-12-04,2019-10-09,1999-01-01,1999-01-01,2019-12-04,2019-08-01,1999-01-01,1,0,0,0,0,0,0,1,0,1,1,0,0,1,0,0,0,1,0,1,0,1,0,0,0,1,1,0,1,0,,,-1368200,,,,,p2p,p2n,Life.BearRecovery,Life.Bear,Life.BearRecovery,Life.Bear,Life.BearRecovery,,
2019-12-18,0.87505,,,,0.884,0.87717,0.88361,0.89472,0.93128,0.87099,0.87769,-0.0067,-0.01285,-0.00943,0.00615,,,-12.8,1.05,-38.0,32.43,-5.85,49.66,-5.04,0.47,34.0,6.0,27.0,27.0,15.0,38.0,12.0,4.0,0.005,0.0,0.00815,-0.00531,1.5336,60.5305,41.15388,,,20.5685,83.33333,81.46905,,83.333,66.66667,74.38415,43.54292,43.40147,,,0.02529,0.02298,,,-0.4767,-0.1755,-0.5411,-0.0644,0.3012,-0.3656,1,1,1,,,,,,,-0.15,,0.876,0.951,0.942,0.836,0.939,0.731,2019-12-17,2019-11-04,2019-10-21,2019-12-04,2019-10-24,2019-08-23,-0.11,4.78,-12.09,1.28,-0.32,28.86,1.0,9.0,22.0,6.0,3.0,38.0,-0.0,1.0,-1.0,0.0,-0.0,1.0,0.884,0.884,0.888,0.878,0.859,0.814,2019-12-18,2019-12-16,2019-12-09,2019-12-17,2019-12-11,2019-12-04,0.025,0.0,0.0,0.024,100.0,100.0,2019-11-20,1999-01-01,1999-01-01,2019-10-07,1999-01-01,1999-01-01,4717800.0,1368200.0,4394600.0,48.74,-7.89,23.41,0.021,0.0,0.0,-0.034,100.0,100.0,0.03063,0.0,0.0,-0.03172,100.0,100.0,58.071,0.0,0.0,40.756,18.102,100.0,83.333,83.333,63.981,77.74,40.048,3.873,66.85,0.0,0.0,39.962,22.529,100.0,2019-10-25,1999-01-01,1999-01-01,2019-08-14,1999-01-01,1999-01-01,7602,0,0,7530,0,0,2019-10-10,1999-01-01,1999-01-01,2019-11-27,2019-07-22,1999-01-01,2019-12-18,2019-12-16,2019-12-09,2019-12-17,2019-12-11,2019-12-04,2019-10-09,1999-01-01,1999-01-01,2019-12-04,2019-08-01,1999-01-01,1,0,0,0,1,0,0,1,0,1,1,0,0,1,0,0,0,1,0,1,0,1,0,0,0,1,1,0,1,0,,,,,,,p2p,p2n,,Life.BearRecovery,Life.Bear,Life.BearRecovery,Life.Bear,Life.BearRecovery,,
2019-12-19,0.87371,,,,,0.87727,0.88341,0.8944,0.93076,0.87215,0.87775,-0.00561,-0.0114,-0.00966,0.00579,,,-12.67,1.05,-38.0,32.43,-5.85,49.66,-5.04,0.47,33.0,6.0,27.0,27.0,15.0,38.0,12.0,4.0,-0.0,-0.005,0.00815,-0.00354,2.3004,69.70067,41.27193,,,29.73867,76.4218,79.16521,,,57.59866,66.13099,43.63377,43.5297,,,0.02455,0.02288,,,-0.4735,-0.1713,-0.5349,-0.0614,0.3022,-0.3636,1,1,1,,,,,,,-0.15,,0.876,0.951,0.942,0.836,0.939,0.731,2019-12-17,2019-11-04,2019-10-21,2019-12-04,2019-10-24,2019-08-23,-0.26,4.78,-12.09,1.28,-0.32,28.86,2.0,9.0,22.0,6.0,3.0,38.0,-0.0,1.0,-1.0,0.0,-0.0,1.0,0.884,0.884,0.888,0.878,0.859,0.814,2019-12-18,2019-12-16,2019-12-09,2019-12-17,2019-12-11,2019-12-04,0.025,0.0,0.0,0.024,100.0,100.0,2019-11-20,1999-01-01,1999-01-01,2019-10-07,1999-01-01,1999-01-01,1368200.0,4394600.0,3248600.0,-7.89,23.41,-14.02,0.021,0.0,0.0,-0.034,100.0,100.0,0.03063,0.0,0.0,-0.03172,100.0,100.0,58.071,0.0,0.0,40.756,18.102,100.0,83.333,83.333,63.981,77.74,40.048,3.873,66.85,0.0,0.0,39.962,22.529,100.0,2019-10-25,1999-01-01,1999-01-01,2019-08-14,1999-01-01,1999-01-01,7602,0,0,7530,0,0,2019-10-10,1999-01-01,1999-01-01,2019-11-27,2019-07-22,1999-01-01,2019-12-18,2019-12-16,2019-12-09,2019-12-17,2019-12-11,2019-12-04,2019-10-09,1999-01-01,1999-01-01,2019-12-04,2019-08-01,1999-01-01,1,0,0,0,1,0,0,1,0,1,1,0,0,1,0,0,0,1,0,1,0,1,0,0,0,1,1,0,1,0,,,,,,p2p,p2n,,,Life.BearRecovery,Life.Bear,Life.BearRecovery,Life.Bear,Life.BearRecovery,,
2019-12-20,0.87207,,,0.869,,0.8766,0.88283,0.89389,0.93014,0.8716,0.87708,-0.00547,-0.01021,-0.00987,0.00474,,,-12.51,1.05,-38.0,32.43,-5.85,49.66,-5.04,0.47,32.0,6.0,27.0,27.0,15.0,38.0,12.0,4.0,-0.0,-0.0099,0.00744,-0.00425,1.75126,63.65302,41.36749,,,23.69102,64.69194,74.81569,64.692,,42.40134,55.55556,43.68064,43.61911,,,0.02422,0.02277,,,-0.4731,-0.1729,-0.5354,-0.0623,0.3002,-0.3625,1,1,1,,,,,,,-0.15,,0.876,0.951,0.942,0.836,0.939,0.731,2019-12-17,2019-11-04,2019-10-21,2019-12-04,2019-10-24,2019-08-23,-0.45,4.78,-12.09,1.28,-0.32,28.86,3.0,9.0,22.0,6.0,3.0,38.0,-0.0,1.0,-1.0,0.0,-0.0,1.0,0.884,0.884,0.888,0.869,0.878,0.859,2019-12-18,2019-12-16,2019-12-09,2019-12-20,2019-12-17,2019-12-11,0.025,0.0,0.0,0.024,100.0,100.0,2019-11-20,1999-01-01,1999-01-01,2019-10-07,1999-01-01,1999-01-01,4394600.0,3248600.0,25021000.0,23.41,-14.02,262.48,0.021,0.0,0.0,-0.034,100.0,100.0,0.03063,0.0,0.0,-0.03172,100.0,100.0,58.071,0.0,0.0,40.756,18.102,100.0,83.333,83.333,63.981,64.692,77.74,40.048,66.85,0.0,0.0,39.962,22.529,100.0,2019-10-25,1999-01-01,1999-01-01,2019-08-14,1999-01-01,1999-01-01,7602,0,0,7530,0,0,2019-10-10,1999-01-01,1999-01-01,2019-11-27,2019-07-22,1999-01-01,2019-12-18,2019-12-16,2019-12-09,2019-12-20,2019-12-17,2019-12-11,2019-10-09,1999-01-01,1999-01-01,2019-12-04,2019-08-01,1999-01-01,1,0,0,0,1,0,0,0,0,1,1,0,0,1,0,0,0,1,0,0,0,1,0,0,0,1,1,0,1,0,-25021000,,,,p2p,p2n,,,n2p,Life.BearRecovery,Life.Bear,Life.BearRecovery,Life.Bear,Life.BearRecovery,,
2019-12-23,0.87032,,,,0.874,0.87636,0.88247,0.89349,0.92958,0.87189,0.87681,-0.00492,-0.00916,-0.01006,0.00424,,,-12.33,1.05,-38.0,32.43,-5.85,49.66,-5.04,0.47,31.0,6.0,27.0,27.0,15.0,38.0,12.0,4.0,0.0049,0.0,0.00779,-0.00425,1.83361,64.70937,41.43701,,,24.74737,70.49763,70.53712,,70.498,32.36775,44.12258,43.68203,43.66548,,43.682,0.02391,0.02266,,,-0.4711,-0.1713,-0.5322,-0.0611,0.2998,-0.3609,1,1,1,,,,,,,-0.15,,0.876,0.951,0.942,0.836,0.939,0.731,2019-12-17,2019-11-04,2019-10-21,2019-12-04,2019-10-24,2019-08-23,-0.65,4.78,-12.09,1.28,-0.32,28.86,4.0,9.0,22.0,6.0,3.0,38.0,-0.0,1.0,-1.0,0.0,-0.0,1.0,0.874,0.884,0.884,0.869,0.878,0.859,2019-12-23,2019-12-18,2019-12-16,2019-12-20,2019-12-17,2019-12-11,0.025,0.0,0.0,0.024,100.0,100.0,2019-11-20,1999-01-01,1999-01-01,2019-10-07,1999-01-01,1999-01-01,3248600.0,25021000.0,517500.0,-14.02,262.48,-11.87,0.021,0.0,0.0,-0.034,100.0,100.0,0.03063,0.0,0.0,-0.03172,100.0,100.0,43.682,58.071,0.0,40.756,18.102,100.0,70.498,83.333,83.333,64.692,77.74,40.048,66.85,0.0,0.0,39.962,22.529,100.0,2019-10-25,1999-01-01,1999-01-01,2019-08-14,1999-01-01,1999-01-01,7602,0,0,7530,0,0,2019-12-23,2019-10-10,1999-01-01,2019-11-27,2019-07-22,1999-01-01,2019-12-23,2019-12-18,2019-12-16,2019-12-20,2019-12-17,2019-12-11,2019-10-09,1999-01-01,1999-01-01,2019-12-04,2019-08-01,1999-01-01,1,0,0,0,1,0,0,0,0,1,1,0,0,0,0,0,1,0,0,0,0,1,0,0,0,1,1,0,1,0,,,517500,,p2n,,,n2p,p2n,Life.BearRecovery,Life.Bear,Life.BearRecovery,Life.Bear,Life.BearRecovery,,
2019-12-24,0.86882,,,,,0.87538,0.88173,0.89289,0.92892,0.87062,0.87583,-0.00521,-0.00837,-0.01023,0.00315,,,-12.18,1.05,-38.0,32.43,-5.85,49.66,-5.04,0.47,30.0,6.0,27.0,27.0,15.0,38.0,12.0,4.0,-0.0,-0.0099,0.00779,-0.00425,1.83361,64.70937,41.47736,,,24.74737,58.76777,64.65245,,,18.09572,30.95494,43.6373,43.66665,,,0.02327,0.02255,,,-0.4719,-0.1751,-0.5354,-0.0635,0.2968,-0.3603,0,1,0,,,,,,,-0.15,,0.876,0.951,0.942,0.836,0.939,0.731,2019-12-17,2019-11-04,2019-10-21,2019-12-04,2019-10-24,2019-08-23,-0.82,4.78,-12.09,1.28,-0.32,28.86,5.0,9.0,22.0,6.0,3.0,38.0,-0.0,1.0,-1.0,0.0,-0.0,1.0,0.874,0.884,0.884,0.869,0.878,0.859,2019-12-23,2019-12-18,2019-12-16,2019-12-20,2019-12-17,2019-12-11,0.025,0.0,0.0,0.024,100.0,100.0,2019-11-20,1999-01-01,1999-01-01,2019-10-07,1999-01-01,1999-01-01,25021000.0,517500.0,278500.0,262.48,-11.87,-10.32,0.021,0.0,0.0,-0.034,100.0,100.0,0.03063,0.0,0.0,-0.03172,100.0,100.0,43.682,58.071,0.0,40.756,18.102,100.0,70.498,83.333,83.333,64.692,77.74,40.048,66.85,0.0,0.0,39.962,22.529,100.0,2019-10-25,1999-01-01,1999-01-01,2019-08-14,1999-01-01,1999-01-01,7602,0,0,7530,0,0,2019-12-23,2019-10-10,1999-01-01,2019-11-27,2019-07-22,1999-01-01,2019-12-23,2019-12-18,2019-12-16,2019-12-20,2019-12-17,2019-12-11,2019-10-09,1999-01-01,1999-01-01,2019-12-04,2019-08-01,1999-01-01,1,0,0,0,1,0,0,0,0,1,1,0,0,0,0,0,1,0,0,0,0,1,0,0,0,1,1,0,1,0,,,,,,,n2p,p2n,,Life.BearRecovery,Life.Bear,Life.BearRecovery,Life.Bear,Life.BearRecovery,,
2019-12-26,0.86779,,,0.844,,0.87295,0.88024,0.89192,0.92807,0.86649,0.87346,-0.00697,-0.00809,-0.01039,0.00112,,,-12.08,1.05,-38.0,32.43,-5.85,49.66,-5.04,0.47,28.0,6.0,27.0,27.0,15.0,38.0,12.0,4.0,-0.0,-0.0198,0.00744,-0.00566,1.314,56.78474,41.48704,,41.487,16.82274,26.71141,51.99227,26.711,,16.66667,22.37671,43.54588,43.62174,,,0.02373,0.02243,,,-0.4783,-0.1897,-0.5512,-0.0729,0.2886,-0.3615,0,0,0,,,,,,-0.15,,,0.876,0.951,0.942,0.836,0.939,0.731,2019-12-17,2019-11-04,2019-10-21,2019-12-04,2019-10-24,2019-08-23,-0.94,4.78,-12.09,1.28,-0.32,28.86,6.0,9.0,22.0,6.0,3.0,38.0,-0.0,1.0,-1.0,0.0,-0.0,1.0,0.874,0.884,0.884,0.844,0.869,0.878,2019-12-23,2019-12-18,2019-12-16,2019-12-26,2019-12-20,2019-12-17,0.025,0.0,0.0,0.024,100.0,100.0,2019-11-20,1999-01-01,1999-01-01,2019-10-07,1999-01-01,1999-01-01,517500.0,278500.0,1500500.0,-11.87,-10.32,-91.1,0.021,0.0,0.0,-0.034,100.0,100.0,0.03063,0.0,0.0,-0.03172,100.0,100.0,43.682,58.071,0.0,40.756,18.102,100.0,70.498,83.333,83.333,26.711,64.692,77.74,41.487,66.85,0.0,39.962,22.529,100.0,2019-10-25,1999-01-01,1999-01-01,2019-08-14,1999-01-01,1999-01-01,7602,0,0,7530,0,0,2019-12-23,2019-10-10,1999-01-01,2019-11-27,2019-07-22,1999-01-01,2019-12-23,2019-12-18,2019-12-16,2019-12-26,2019-12-20,2019-12-17,2019-12-26,2019-10-09,1999-01-01,2019-12-04,2019-08-01,1999-01-01,1,0,0,0,1,0,1,0,0,1,1,0,0,0,0,0,1,0,1,0,0,0,0,0,0,1,1,0,1,0,,,,-1500500,,n2p,p2n,,n2n,Life.Bear,Life.BearRecovery,Life.Bear,Life.BearRecovery,Life.Bear,,
2019-12-27,0.86706,,,,,0.87262,0.87978,0.89146,0.92748,0.86682,0.8731,-0.00628,-0.00773,-0.01055,0.00144,,,-12.0,1.05,-38.0,32.43,-5.85,49.66,-5.04,0.47,27.0,6.0,27.0,27.0,15.0,38.0,12.0,4.0,0.0248,0.0,0.0085,-0.00566,1.50063,60.01009,41.46527,,,18.52309,60.0,48.49306,,60.0,25.58244,20.11494,43.40838,43.53052,,,0.02417,0.02232,,,-0.477,-0.1884,-0.5486,-0.0716,0.2886,-0.3602,0,0,0,,,,,,-0.15,,,0.876,0.951,0.942,0.836,0.939,0.731,2019-12-17,2019-11-04,2019-10-21,2019-12-04,2019-10-24,2019-08-23,-1.02,4.78,-12.09,1.28,-0.32,28.86,7.0,9.0,22.0,6.0,3.0,38.0,-0.0,1.0,-1.0,0.0,-0.0,1.0,0.874,0.884,0.884,0.844,0.869,0.878,2019-12-23,2019-12-18,2019-12-16,2019-12-26,2019-12-20,2019-12-17,0.025,0.0,0.0,0.024,100.0,100.0,2019-11-20,1999-01-01,1999-01-01,2019-10-07,1999-01-01,1999-01-01,278500.0,1500500.0,1039600.0,-10.32,-91.1,22.73,0.021,0.0,0.0,-0.034,100.0,100.0,0.03063,0.0,0.0,-0.03172,100.0,100.0,43.682,58.071,0.0,40.756,18.102,100.0,60.0,70.498,83.333,26.711,64.692,77.74,41.487,66.85,0.0,39.962,22.529,100.0,2019-10-25,1999-01-01,1999-01-01,2019-08-14,1999-01-01,1999-01-01,7602,0,0,7530,0,0,2019-12-23,2019-10-10,1999-01-01,2019-11-27,2019-07-22,1999-01-01,2019-12-27,2019-12-23,2019-12-18,2019-12-26,2019-12-20,2019-12-17,2019-12-26,2019-10-09,1999-01-01,2019-12-04,2019-08-01,1999-01-01,1,0,0,0,1,0,1,0,0,1,1,0,0,0,0,0,1,0,1,0,0,0,0,0,0,1,1,0,1,0,1039600,,,,n2p,p2n,,n2n,n2p,Life.Bear,Life.BearRecovery,Life.Bear,Life.BearRecovery,Life.Bear,,
2019-12-30,0.86631,,,,,0.87269,0.87954,0.8911,0.92694,0.86784,0.87313,-0.00528,-0.00724,-0.0107,0.00195,,,-11.93,1.05,-38.0,32.43,-5.85,49.66,-5.04,0.47,26.0,6.0,27.0,27.0,15.0,38.0,12.0,4.0,0.0049,0.0,0.0046,-0.00566,0.81211,44.81559,41.41186,,,3.32859,58.22148,48.31096,,,51.45865,31.23592,43.22688,43.39371,,,0.02315,0.0222,,,-0.474,-0.1841,-0.5425,-0.0685,0.2899,-0.3584,1,1,1,,,,,,,-0.15,,0.876,0.951,0.942,0.836,0.939,0.731,2019-12-17,2019-11-04,2019-10-21,2019-12-04,2019-10-24,2019-08-23,-1.11,4.78,-12.09,1.28,-0.32,28.86,8.0,9.0,22.0,6.0,3.0,38.0,-0.0,1.0,-1.0,0.0,-0.0,1.0,0.874,0.884,0.884,0.844,0.869,0.878,2019-12-23,2019-12-18,2019-12-16,2019-12-26,2019-12-20,2019-12-17,0.025,0.0,0.0,0.024,100.0,100.0,2019-11-20,1999-01-01,1999-01-01,2019-10-07,1999-01-01,1999-01-01,1500500.0,1039600.0,772800.0,-91.1,22.73,17.54,0.021,0.0,0.0,-0.034,100.0,100.0,0.03063,0.0,0.0,-0.03172,100.0,100.0,43.682,58.071,0.0,40.756,18.102,100.0,60.0,70.498,83.333,26.711,64.692,77.74,41.487,66.85,0.0,39.962,22.529,100.0,2019-10-25,1999-01-01,1999-01-01,2019-08-14,1999-01-01,1999-01-01,7602,0,0,7530,0,0,2019-12-23,2019-10-10,1999-01-01,2019-11-27,2019-07-22,1999-01-01,2019-12-27,2019-12-23,2019-12-18,2019-12-26,2019-12-20,2019-12-17,2019-12-26,2019-10-09,1999-01-01,2019-12-04,2019-08-01,1999-01-01,1,0,0,0,1,0,1,0,0,1,1,0,0,0,0,0,1,0,1,0,0,0,0,0,0,1,1,0,1,0,,,,,p2n,,n2n,n2p,,Life.BearRecovery,Life.Bear,Life.BearRecovery,Life.Bear,Life.BearRecovery,,
2019-12-31,0.86519,,,,0.874,0.87275,0.8793,0.89076,0.92641,0.86871,0.87316,-0.00444,-0.00668,-0.01085,0.00224,,,-11.81,1.05,-38.0,32.43,-5.85,49.66,-5.04,0.47,25.0,6.0,27.0,27.0,15.0,38.0,12.0,4.0,0.0,0.0,0.0046,-0.00354,1.29839,56.49123,41.32699,,,15.00423,58.22148,58.81432,,,77.23361,51.4249,43.00442,43.21323,,,0.02255,0.02208,,,-0.4711,-0.1801,-0.5366,-0.0655,0.291,-0.3565,1,1,1,,,,,,,-0.15,,0.876,0.951,0.942,0.836,0.939,0.731,2019-12-17,2019-11-04,2019-10-21,2019-12-04,2019-10-24,2019-08-23,-1.23,4.78,-12.09,1.28,-0.32,28.86,9.0,9.0,22.0,6.0,3.0,38.0,-0.0,1.0,-1.0,0.0,-0.0,1.0,0.874,0.874,0.884,0.844,0.869,0.878,2019-12-31,2019-12-23,2019-12-18,2019-12-26,2019-12-20,2019-12-17,0.025,0.0,0.0,0.024,100.0,100.0,2019-11-20,1999-01-01,1999-01-01,2019-10-07,1999-01-01,1999-01-01,1039600.0,772800.0,2865200.0,22.73,17.54,41.19,0.021,0.0,0.0,-0.034,100.0,100.0,0.03063,0.0,0.0,-0.03172,100.0,100.0,43.682,58.071,0.0,40.756,18.102,100.0,60.0,70.498,83.333,26.711,64.692,77.74,41.487,66.85,0.0,39.962,22.529,100.0,2019-10-25,1999-01-01,1999-01-01,2019-08-14,1999-01-01,1999-01-01,7602,0,0,7530,0,0,2019-12-23,2019-10-10,1999-01-01,2019-11-27,2019-07-22,1999-01-01,2019-12-27,2019-12-23,2019-12-18,2019-12-26,2019-12-20,2019-12-17,2019-12-26,2019-10-09,1999-01-01,2019-12-04,2019-08-01,1999-01-01,1,0,0,0,1,0,1,0,0,1,1,0,0,0,0,0,1,0,1,0,0,0,0,0,0,1,1,0,1,0,,,,,,n2n,n2p,,,Life.BearRecovery,Life.Bear,Life.BearRecovery,Life.Bear,Life.BearRecovery,,
2020-01-02,0.86341,,,,,0.87243,0.87888,0.89032,0.92584,0.8687,0.87282,-0.00412,-0.00617,-0.01101,0.00205,,,-11.63,1.05,-38.0,32.43,-5.85,49.66,-5.04,0.47,23.0,6.0,27.0,27.0,15.0,38.0,12.0,4.0,-0.0,-0.0049,0.0046,-0.00389,1.18165,54.16316,41.211,,,12.67616,50.0,55.48098,,,83.63771,70.77666,42.74535,42.99222,,,0.022,0.02195,,,-0.4696,-0.1789,-0.5341,-0.0645,0.2907,-0.3552,1,1,1,,,,,,,-0.15,,0.876,0.951,0.942,0.836,0.939,0.731,2019-12-17,2019-11-04,2019-10-21,2019-12-04,2019-10-24,2019-08-23,-1.44,4.78,-12.09,1.28,-0.32,28.86,10.0,9.0,22.0,6.0,3.0,38.0,-0.0,1.0,-1.0,0.0,-0.0,1.0,0.874,0.874,0.884,0.844,0.869,0.878,2019-12-31,2019-12-23,2019-12-18,2019-12-26,2019-12-20,2019-12-17,0.025,0.0,0.0,0.024,100.0,100.0,2019-11-20,1999-01-01,1999-01-01,2019-10-07,1999-01-01,1999-01-01,772800.0,2865200.0,961500.0,17.54,41.19,-1.67,0.021,0.0,0.0,-0.034,100.0,100.0,0.03063,0.0,0.0,-0.03172,100.0,100.0,43.682,58.071,0.0,40.756,18.102,100.0,60.0,70.498,83.333,26.711,64.692,77.74,41.487,66.85,0.0,39.962,22.529,100.0,2019-10-25,1999-01-01,1999-01-01,2019-08-14,1999-01-01,1999-01-01,7602,0,0,7530,0,0,2019-12-23,2019-10-10,1999-01-01,2019-11-27,2019-07-22,1999-01-01,2019-12-27,2019-12-23,2019-12-18,2019-12-26,2019-12-20,2019-12-17,2019-12-26,2019-10-09,1999-01-01,2019-12-04,2019-08-01,1999-01-01,1,0,0,0,1,0,1,0,0,1,1,0,0,0,0,0,1,0,1,0,0,0,0,0,0,1,1,0,1,0,,,-961500,,n2n,n2p,,,p2n,Life.BearRecovery,Life.Bear,Life.BearRecovery,Life.Bear,Life.BearRecovery,,
2020-01-03,0.86078,,,,,0.87213,0.87848,0.88989,0.92527,0.86868,0.87251,-0.00382,-0.0057,-0.01117,0.00187,,,-11.36,1.05,-38.0,32.43,-5.85,49.66,-5.04,0.47,22.0,6.0,27.0,27.0,15.0,38.0,12.0,4.0,0.0,0.0,0.00319,-0.00389,0.81835,45.00505,41.06495,,,3.51805,50.0,52.74049,,,86.38782,82.41972,42.45507,42.73495,,,0.02078,0.02183,,,-0.4679,-0.1776,-0.5314,-0.0635,0.2903,-0.3538,1,1,1,,,,,,,-0.15,,0.876,0.951,0.942,0.836,0.939,0.731,2019-12-17,2019-11-04,2019-10-21,2019-12-04,2019-10-24,2019-08-23,-1.74,4.78,-12.09,1.28,-0.32,28.86,11.0,9.0,22.0,6.0,3.0,38.0,-0.0,1.0,-1.0,0.0,-0.0,1.0,0.874,0.874,0.884,0.844,0.869,0.878,2019-12-31,2019-12-23,2019-12-18,2019-12-26,2019-12-20,2019-12-17,0.025,0.0,0.0,0.024,100.0,100.0,2019-11-20,1999-01-01,1999-01-01,2019-10-07,1999-01-01,1999-01-01,2865200.0,961500.0,636800.0,41.19,-1.67,-2.96,0.021,0.0,0.0,-0.034,100.0,100.0,0.03063,0.0,0.0,-0.03172,100.0,100.0,43.682,58.071,0.0,40.756,18.102,100.0,60.0,70.498,83.333,26.711,64.692,77.74,41.487,66.85,0.0,39.962,22.529,100.0,2019-10-25,1999-01-01,1999-01-01,2019-08-14,1999-01-01,1999-01-01,7602,0,0,7530,0,0,2019-12-23,2019-10-10,1999-01-01,2019-11-27,2019-07-22,1999-01-01,2019-12-27,2019-12-23,2019-12-18,2019-12-26,2019-12-20,2019-12-17,2019-12-26,2019-10-09,1999-01-01,2019-12-04,2019-08-01,1999-01-01,1,0,0,0,1,0,1,0,0,1,1,0,0,0,0,0,1,0,1,0,0,0,0,0,0,1,1,0,1,0,,,,,n2p,,,p2n,,Life.BearRecovery,Life.Bear,Life.BearRecovery,Life.Bear,Life.BearRecovery,,
2020-01-06,0.85736,,,,,0.87186,0.87809,0.88947,0.9247,0.86867,0.87222,-0.00355,-0.00527,-0.01134,0.00172,,,-11.01,1.05,-38.0,32.43,-5.85,49.66,-5.04,0.47,21.0,6.0,27.0,27.0,15.0,38.0,12.0,4.0,0.0,0.0,0.00283,-0.00389,0.72661,42.08289,40.88921,,,0.59589,50.0,50.0,,,70.55909,80.19488,42.13785,42.44609,,,0.02072,0.02171,,,-0.4661,-0.1761,-0.5284,-0.0623,0.29,-0.3523,1,1,1,,,,,,,-0.15,,0.876,0.951,0.942,0.836,0.939,0.731,2019-12-17,2019-11-04,2019-10-21,2019-12-04,2019-10-24,2019-08-23,-2.13,4.78,-12.09,1.28,-0.32,28.86,12.0,9.0,22.0,6.0,3.0,38.0,-0.0,1.0,-1.0,0.0,-0.0,1.0,0.874,0.874,0.884,0.844,0.869,0.878,2019-12-31,2019-12-23,2019-12-18,2019-12-26,2019-12-20,2019-12-17,0.025,0.0,0.0,0.024,100.0,100.0,2019-11-20,1999-01-01,1999-01-01,2019-10-07,1999-01-01,1999-01-01,961500.0,636800.0,3313200.0,-1.67,-2.96,10.04,0.021,0.0,0.0,-0.034,100.0,100.0,0.03063,0.0,0.0,-0.03172,100.0,100.0,43.682,58.071,0.0,40.756,18.102,100.0,60.0,70.498,83.333,26.711,64.692,77.74,41.487,66.85,0.0,39.962,22.529,100.0,2019-10-25,1999-01-01,1999-01-01,2019-08-14,1999-01-01,1999-01-01,7602,0,0,7530,0,0,2019-12-23,2019-10-10,1999-01-01,2019-11-27,2019-07-22,1999-01-01,2019-12-27,2019-12-23,2019-12-18,2019-12-26,2019-12-20,2019-12-17,2019-12-26,2019-10-09,1999-01-01,2019-12-04,2019-08-01,1999-01-01,1,0,0,0,1,0,1,0,0,1,1,0,0,0,0,0,1,0,1,0,0,0,0,0,0,1,1,0,1,0,,,,,,,p2n,,,Life.BearRecovery,Life.Bear,Life.BearRecovery,Life.Bear,Life.BearRecovery,,
2020-01-07,0.85338,,,,,0.87123,0.87752,0.88895,0.9241,0.86789,0.87158,-0.00369,-0.00495,-0.01153,0.00126,,,-10.59,1.05,-38.0,32.43,-5.85,49.66,-5.04,0.47,20.0,6.0,27.0,27.0,15.0,38.0,12.0,4.0,-0.0,-0.005,0.00283,-0.00425,0.66555,39.95964,40.68435,,,-1.52736,50.0,50.0,,,48.51879,68.48857,41.79568,42.12953,,,0.0203,0.02159,,,-0.4658,-0.1772,-0.5287,-0.0629,0.2886,-0.3515,1,1,0,,,,,,,-0.15,,0.876,0.951,0.942,0.836,0.939,0.731,2019-12-17,2019-11-04,2019-10-21,2019-12-04,2019-10-24,2019-08-23,-2.58,4.78,-12.09,1.28,-0.32,28.86,13.0,9.0,22.0,6.0,3.0,38.0,-0.0,1.0,-1.0,0.0,-0.0,1.0,0.874,0.874,0.884,0.844,0.869,0.878,2019-12-31,2019-12-23,2019-12-18,2019-12-26,2019-12-20,2019-12-17,0.025,0.0,0.0,0.024,100.0,100.0,2019-11-20,1999-01-01,1999-01-01,2019-10-07,1999-01-01,1999-01-01,636800.0,3313200.0,251300.0,-2.96,10.04,-14.46,0.021,0.0,0.0,-0.034,100.0,100.0,0.03063,0.0,0.0,-0.03172,100.0,100.0,43.682,58.071,0.0,40.756,18.102,100.0,60.0,70.498,83.333,26.711,64.692,77.74,41.487,66.85,0.0,39.962,22.529,100.0,2019-10-25,1999-01-01,1999-01-01,2019-08-14,1999-01-01,1999-01-01,7602,0,0,7530,0,0,2019-12-23,2019-10-10,1999-01-01,2019-11-27,2019-07-22,1999-01-01,2019-12-27,2019-12-23,2019-12-18,2019-12-26,2019-12-20,2019-12-17,2019-12-26,2019-10-09,1999-01-01,2019-12-04,2019-08-01,1999-01-01,1,0,0,0,1,0,1,0,0,1,1,0,0,0,0,0,1,0,1,0,0,0,0,0,0,1,1,0,1,0,,,,,,p2n,,,,Life.BearRecovery,Life.Bear,Life.BearRecovery,Life.Bear,Life.BearRecovery,,
2020-01-08,0.84913,,,0.834,,0.86835,0.87581,0.88786,0.9232,0.86265,0.86878,-0.00614,-0.00519,-0.01172,-0.00095,,,-10.14,1.05,-38.0,32.43,-5.85,49.66,-5.04,0.47,19.0,6.0,27.0,27.0,15.0,38.0,12.0,4.0,-0.0,-0.0298,0.00283,-0.00602,0.46975,31.96126,40.45234,,,-9.52574,15.34884,38.44961,15.349,,25.42939,48.16909,41.42906,41.78753,,,0.02168,0.02147,,,-0.4739,-0.1951,-0.5485,-0.0746,0.2788,-0.3534,0,0,0,,,,,,-0.15,,,0.876,0.951,0.942,0.836,0.939,0.731,2019-12-17,2019-11-04,2019-10-21,2019-12-04,2019-10-24,2019-08-23,-3.07,4.78,-12.09,1.28,-0.32,28.86,14.0,9.0,22.0,6.0,3.0,38.0,-0.0,1.0,-1.0,0.0,-0.0,1.0,0.874,0.874,0.884,0.834,0.844,0.869,2019-12-31,2019-12-23,2019-12-18,2020-01-08,2019-12-26,2019-12-20,0.025,0.0,0.0,0.024,100.0,100.0,2019-11-20,1999-01-01,1999-01-01,2019-10-07,1999-01-01,1999-01-01,3313200.0,251300.0,1136900.0,10.04,-14.46,11.9,0.021,0.0,0.0,-0.034,100.0,100.0,0.03063,0.0,0.0,-0.03172,100.0,100.0,43.682,58.071,0.0,40.756,18.102,100.0,60.0,70.498,83.333,15.349,26.711,64.692,41.487,66.85,0.0,39.962,22.529,100.0,2019-10-25,1999-01-01,1999-01-01,2019-08-14,1999-01-01,1999-01-01,7602,0,0,7530,0,0,2019-12-23,2019-10-10,1999-01-01,2019-11-27,2019-07-22,1999-01-01,2019-12-27,2019-12-23,2019-12-18,2020-01-08,2019-12-26,2019-12-20,2019-12-26,2019-10-09,1999-01-01,2019-12-04,2019-08-01,1999-01-01,1,0,0,0,1,0,1,0,0,1,1,0,0,0,0,0,1,0,1,0,0,0,0,0,0,1,1,0,1,0,,,,,p2n,,,,,Life.Bear,Life.BearRecovery,Life.Bear,Life.BearRecovery,Life.Bear,,
2020-01-09,0.84509,,,,0.839,0.86607,0.87436,0.88689,0.92236,0.85898,0.86656,-0.00758,-0.00567,-0.01193,-0.00192,,,-9.71,1.05,-38.0,32.43,-5.85,49.66,-5.04,0.47,18.0,6.0,27.0,27.0,15.0,38.0,12.0,4.0,0.005,0.0,0.00283,-0.00602,0.46975,31.96126,40.19575,,,-9.52574,23.10078,29.4832,,23.101,20.45627,31.46815,41.03887,41.4212,,,0.02085,0.02135,,,-0.48,-0.2082,-0.5629,-0.0829,0.2718,-0.3547,0,0,0,,,,,,-0.15,,,0.876,0.951,0.942,0.836,0.939,0.731,2019-12-17,2019-11-04,2019-10-21,2019-12-04,2019-10-24,2019-08-23,-3.53,4.78,-12.09,1.28,-0.32,28.86,15.0,9.0,22.0,6.0,3.0,38.0,-0.0,1.0,-1.0,0.0,-0.0,1.0,0.839,0.874,0.874,0.834,0.844,0.869,2020-01-09,2019-12-31,2019-12-23,2020-01-08,2019-12-26,2019-12-20,0.025,0.0,0.0,0.024,100.0,100.0,2019-11-20,1999-01-01,1999-01-01,2019-10-07,1999-01-01,1999-01-01,251300.0,1136900.0,331800.0,-14.46,11.9,-63.42,0.021,0.0,0.0,-0.034,100.0,100.0,0.03063,0.0,0.0,-0.03172,100.0,100.0,43.682,58.071,0.0,40.756,18.102,100.0,23.101,60.0,70.498,15.349,26.711,64.692,41.487,66.85,0.0,39.962,22.529,100.0,2019-10-25,1999-01-01,1999-01-01,2019-08-14,1999-01-01,1999-01-01,7602,0,0,7530,0,0,2019-12-23,2019-10-10,1999-01-01,2019-11-27,2019-07-22,1999-01-01,2020-01-09,2019-12-27,2019-12-23,2020-01-08,2019-12-26,2019-12-20,2019-12-26,2019-10-09,1999-01-01,2019-12-04,2019-08-01,1999-01-01,1,0,0,0,1,0,1,0,0,1,1,0,0,0,0,0,1,0,1,0,0,0,0,0,0,1,1,0,1,0,,,331800,,,,,,p2n,Life.Bear,Life.BearRecovery,Life.Bear,Life.BearRecovery,Life.Bear,,
2020-01-10,0.84162,,,0.829,,0.86322,0.87257,0.88574,0.92143,0.85435,0.86377,-0.00942,-0.00642,-0.01216,-0.003,,,-9.34,1.05,-38.0,32.43,-5.85,49.66,-5.04,0.47,17.0,6.0,27.0,27.0,15.0,38.0,12.0,4.0,-0.0,-0.0099,0.00283,-0.00637,0.44395,30.74534,39.91708,,,-10.74166,8.38926,15.61296,8.389,,16.66667,20.85077,40.62715,41.03169,,,0.02042,0.02124,,,-0.4886,-0.2252,-0.5821,-0.0935,0.2634,-0.3569,0,0,0,,,,,,-0.15,,,0.876,0.951,0.942,0.836,0.939,0.731,2019-12-17,2019-11-04,2019-10-21,2019-12-04,2019-10-24,2019-08-23,-3.92,4.78,-12.09,1.28,-0.32,28.86,16.0,9.0,22.0,6.0,3.0,38.0,-0.0,1.0,-1.0,0.0,-0.0,1.0,0.839,0.874,0.874,0.829,0.834,0.844,2020-01-09,2019-12-31,2019-12-23,2020-01-10,2020-01-08,2019-12-26,0.025,0.0,0.0,0.024,100.0,100.0,2019-11-20,1999-01-01,1999-01-01,2019-10-07,1999-01-01,1999-01-01,1136900.0,331800.0,691100.0,11.9,-63.42,25.57,0.021,0.0,0.0,-0.034,100.0,100.0,0.03063,0.0,0.0,-0.03172,100.0,100.0,43.682,58.071,0.0,40.756,18.102,100.0,23.101,60.0,70.498,8.389,15.349,26.711,41.487,66.85,0.0,39.962,22.529,100.0,2019-10-25,1999-01-01,1999-01-01,2019-08-14,1999-01-01,1999-01-01,7602,0,0,7530,0,0,2019-12-23,2019-10-10,1999-01-01,2019-11-27,2019-07-22,1999-01-01,2020-01-09,2019-12-27,2019-12-23,2020-01-10,2020-01-08,2019-12-26,2019-12-26,2019-10-09,1999-01-01,2019-12-04,2019-08-01,1999-01-01,1,0,0,0,1,0,1,0,0,1,1,0,0,0,0,0,1,0,1,0,0,0,0,0,0,1,1,0,1,0,-691100,,,,,,,p2n,n2p,Life.Bear,Life.BearRecovery,Life.Bear,Life.BearRecovery,Life.Bear,,
2020-01-13,0.83867,,,,,0.86095,0.87105,0.88471,0.92056,0.85119,0.86155,-0.01036,-0.00721,-0.01241,-0.00315,,,-9.02,1.05,-38.0,32.43,-5.85,49.66,-5.04,0.47,16.0,6.0,27.0,27.0,15.0,38.0,12.0,4.0,0.0049,0.0,0.00318,-0.00566,0.56116,35.94507,39.61687,,,-5.54193,16.61074,16.03359,,,17.78298,18.30197,40.19589,40.62063,,,0.01931,0.02112,,,-0.4951,-0.2376,-0.5961,-0.101,0.2575,-0.3585,0,0,0,,,,,,-0.15,,,0.876,0.951,0.942,0.836,0.939,0.731,2019-12-17,2019-11-04,2019-10-21,2019-12-04,2019-10-24,2019-08-23,-4.26,4.78,-12.09,1.28,-0.32,28.86,17.0,9.0,22.0,6.0,3.0,38.0,-0.0,1.0,-1.0,0.0,-0.0,1.0,0.839,0.874,0.874,0.829,0.834,0.844,2020-01-09,2019-12-31,2019-12-23,2020-01-10,2020-01-08,2019-12-26,0.025,0.0,0.0,0.024,100.0,100.0,2019-11-20,1999-01-01,1999-01-01,2019-10-07,1999-01-01,1999-01-01,331800.0,691100.0,430800.0,-63.42,25.57,-32.69,0.021,0.0,0.0,-0.034,100.0,100.0,0.03063,0.0,0.0,-0.03172,100.0,100.0,43.682,58.071,0.0,40.756,18.102,100.0,23.101,60.0,70.498,8.389,15.349,26.711,41.487,66.85,0.0,39.962,22.529,100.0,2019-10-25,1999-01-01,1999-01-01,2019-08-14,1999-01-01,1999-01-01,7602,0,0,7530,0,0,2019-12-23,2019-10-10,1999-01-01,2019-11-27,2019-07-22,1999-01-01,2020-01-09,2019-12-27,2019-12-23,2020-01-10,2020-01-08,2019-12-26,2019-12-26,2019-10-09,1999-01-01,2019-12-04,2019-08-01,1999-01-01,1,0,0,0,1,0,1,0,0,1,1,0,0,0,0,0,1,0,1,0,0,0,0,0,0,1,1,0,1,0,,,430800,,,,p2n,n2p,p2n,Life.Bear,Life.BearRecovery,Life.Bear,Life.BearRecovery,Life.Bear,,
2020-01-14,0.83599,,,,,0.85886,0.86959,0.8837,0.91969,0.84851,0.85949,-0.01098,-0.00796,-0.01268,-0.00302,,,-8.73,1.05,-38.0,32.43,-5.85,49.66,-5.04,0.47,15.0,6.0,27.0,27.0,15.0,38.0,12.0,4.0,0.0,0.0,0.00283,-0.00566,0.49937,33.3053,39.29496,,,-8.1817,16.61074,13.87025,,,18.93241,17.79402,39.74595,40.18966,,,0.01865,0.02102,,,-0.501,-0.2484,-0.6083,-0.1073,0.2526,-0.3599,0,0,0,,,,,,-0.15,,,0.876,0.951,0.942,0.836,0.939,0.731,2019-12-17,2019-11-04,2019-10-21,2019-12-04,2019-10-24,2019-08-23,-4.57,4.78,-12.09,1.28,-0.32,28.86,18.0,9.0,22.0,6.0,3.0,38.0,-0.0,1.0,-1.0,0.0,-0.0,1.0,0.839,0.874,0.874,0.829,0.834,0.844,2020-01-09,2019-12-31,2019-12-23,2020-01-10,2020-01-08,2019-12-26,0.025,0.0,0.0,0.024,100.0,100.0,2019-11-20,1999-01-01,1999-01-01,2019-10-07,1999-01-01,1999-01-01,691100.0,430800.0,135100.0,25.57,-32.69,-13.53,0.021,0.0,0.0,-0.034,100.0,100.0,0.03063,0.0,0.0,-0.03172,100.0,100.0,43.682,58.071,0.0,40.756,18.102,100.0,23.101,60.0,70.498,8.389,15.349,26.711,41.487,66.85,0.0,39.962,22.529,100.0,2019-10-25,1999-01-01,1999-01-01,2019-08-14,1999-01-01,1999-01-01,7602,0,0,7530,0,0,2019-12-23,2019-10-10,1999-01-01,2019-11-27,2019-07-22,1999-01-01,2020-01-09,2019-12-27,2019-12-23,2020-01-10,2020-01-08,2019-12-26,2019-12-26,2019-10-09,1999-01-01,2019-12-04,2019-08-01,1999-01-01,1,0,0,0,1,0,1,0,0,1,1,0,0,0,0,0,1,0,1,0,0,0,0,0,0,1,1,0,1,0,,,,,,p2n,n2p,p2n,,Life.Bear,Life.BearRecovery,Life.Bear,Life.BearRecovery,Life.Bear,,
2020-01-15,0.83334,,,,,0.85732,0.86838,0.88282,0.91889,0.84702,0.85796,-0.01094,-0.00856,-0.01297,-0.00238,,,-8.44,1.05,-38.0,32.43,-5.85,49.66,-5.04,0.47,14.0,6.0,27.0,27.0,15.0,38.0,12.0,4.0,0.005,0.0,0.00319,-0.00496,0.64265,39.12281,38.95189,,,-2.36419,25.0,19.40716,,,41.09411,25.9365,39.27619,39.73934,,,0.01802,0.02091,,,-0.5051,-0.255,-0.6157,-0.1106,0.2501,-0.3607,0,0,0,,,,,,-0.15,,,0.876,0.951,0.942,0.836,0.939,0.731,2019-12-17,2019-11-04,2019-10-21,2019-12-04,2019-10-24,2019-08-23,-4.87,4.78,-12.09,1.28,-0.32,28.86,19.0,9.0,22.0,6.0,3.0,38.0,-0.0,1.0,-1.0,0.0,-0.0,1.0,0.839,0.874,0.874,0.829,0.834,0.844,2020-01-09,2019-12-31,2019-12-23,2020-01-10,2020-01-08,2019-12-26,0.025,0.0,0.0,0.024,100.0,100.0,2019-11-20,1999-01-01,1999-01-01,2019-10-07,1999-01-01,1999-01-01,430800.0,135100.0,529900.0,-32.69,-13.53,-12.82,0.021,0.0,0.0,-0.034,100.0,100.0,0.03063,0.0,0.0,-0.03172,100.0,100.0,43.682,58.071,0.0,40.756,18.102,100.0,23.101,60.0,70.498,8.389,15.349,26.711,41.487,66.85,0.0,39.962,22.529,100.0,2019-10-25,1999-01-01,1999-01-01,2019-08-14,1999-01-01,1999-01-01,7602,0,0,7530,0,0,2019-12-23,2019-10-10,1999-01-01,2019-11-27,2019-07-22,1999-01-01,2020-01-09,2019-12-27,2019-12-23,2020-01-10,2020-01-08,2019-12-26,2019-12-26,2019-10-09,1999-01-01,2019-12-04,2019-08-01,1999-01-01,1,0,0,0,1,0,1,0,0,1,1,0,0,0,0,0,1,0,1,0,0,0,0,0,0,1,1,0,1,0,,,,,p2n,n2p,p2n,,,Life.Bear,Life.BearRecovery,Life.Bear,Life.BearRecovery,Life.Bear,,
2020-01-16,0.83034,,,,0.844,0.85628,0.86742,0.88204,0.91814,0.84652,0.85691,-0.01039,-0.00892,-0.01328,-0.00146,,,-8.11,1.05,-38.0,32.43,-5.85,49.66,-5.04,0.47,13.0,6.0,27.0,27.0,15.0,38.0,12.0,4.0,0.005,0.0,0.00354,-0.00354,1.0,50.0,38.58902,,,8.513,33.38926,25.0,,33.389,67.77422,42.60024,38.7857,39.26928,,,0.0178,0.02082,,,-0.5072,-0.2576,-0.6186,-0.1114,0.2496,-0.361,0,0,0,,,,,,-0.15,,,0.876,0.951,0.942,0.836,0.939,0.731,2019-12-17,2019-11-04,2019-10-21,2019-12-04,2019-10-24,2019-08-23,-5.21,4.78,-12.09,1.28,-0.32,28.86,20.0,9.0,22.0,6.0,3.0,38.0,-0.0,1.0,-1.0,0.0,-0.0,1.0,0.844,0.839,0.874,0.829,0.834,0.844,2020-01-16,2020-01-09,2019-12-31,2020-01-10,2020-01-08,2019-12-26,0.025,0.0,0.0,0.024,100.0,100.0,2019-11-20,1999-01-01,1999-01-01,2019-10-07,1999-01-01,1999-01-01,135100.0,529900.0,568600.0,-13.53,-12.82,12.58,0.021,0.0,0.0,-0.034,100.0,100.0,0.03063,0.0,0.0,-0.03172,100.0,100.0,43.682,58.071,0.0,40.756,18.102,100.0,33.389,23.101,60.0,8.389,15.349,26.711,41.487,66.85,0.0,39.962,22.529,100.0,2019-10-25,1999-01-01,1999-01-01,2019-08-14,1999-01-01,1999-01-01,7602,0,0,7530,0,0,2019-12-23,2019-10-10,1999-01-01,2019-11-27,2019-07-22,1999-01-01,2020-01-16,2020-01-09,2019-12-27,2020-01-10,2020-01-08,2019-12-26,2019-12-26,2019-10-09,1999-01-01,2019-12-04,2019-08-01,1999-01-01,1,0,0,0,0,0,1,0,0,1,1,0,0,0,0,0,0,0,1,0,0,0,0,0,0,1,1,0,1,0,,,,,n2p,p2n,,,,Life.Bear,Life.BearRecovery,Life.Bear,Life.BearRecovery,Life.Bear,,
2020-01-17,0.8266,,,0.829,,0.85417,0.86591,0.88099,0.91725,0.84381,0.85484,-0.01103,-0.00934,-0.01362,-0.00168,,,-7.69,1.05,-38.0,32.43,-5.85,49.66,-5.04,0.47,12.0,6.0,27.0,27.0,15.0,38.0,12.0,4.0,-0.0,-0.0149,0.00177,-0.00461,0.3845,27.77156,38.20884,,,-13.71544,8.38926,22.25951,8.389,,58.29146,55.71993,38.27614,38.77934,,,0.01794,0.02073,,,-0.5134,-0.2682,-0.6308,-0.1174,0.2452,-0.3626,0,0,0,,,,,,-0.15,,,0.876,0.951,0.942,0.836,0.939,0.731,2019-12-17,2019-11-04,2019-10-21,2019-12-04,2019-10-24,2019-08-23,-5.64,4.78,-12.09,1.28,-0.32,28.86,21.0,9.0,22.0,6.0,3.0,38.0,-0.0,1.0,-1.0,0.0,-0.0,1.0,0.844,0.839,0.874,0.829,0.829,0.834,2020-01-16,2020-01-09,2019-12-31,2020-01-17,2020-01-10,2020-01-08,0.025,0.0,0.0,0.024,100.0,100.0,2019-11-20,1999-01-01,1999-01-01,2019-10-07,1999-01-01,1999-01-01,529900.0,568600.0,461400.0,-12.82,12.58,26.45,0.021,0.0,0.0,-0.034,100.0,100.0,0.03063,0.0,0.0,-0.03172,100.0,100.0,43.682,58.071,0.0,40.756,18.102,100.0,33.389,23.101,60.0,8.389,8.389,15.349,41.487,66.85,0.0,39.962,22.529,100.0,2019-10-25,1999-01-01,1999-01-01,2019-08-14,1999-01-01,1999-01-01,7602,0,0,7530,0,0,2019-12-23,2019-10-10,1999-01-01,2019-11-27,2019-07-22,1999-01-01,2020-01-16,2020-01-09,2019-12-27,2020-01-17,2020-01-10,2020-01-08,2019-12-26,2019-10-09,1999-01-01,2019-12-04,2019-08-01,1999-01-01,1,0,0,0,0,0,1,0,0,1,1,0,0,0,0,0,0,0,1,0,0,0,0,0,0,1,1,0,1,0,,,,,p2n,,,,,Life.Bear,Life.BearRecovery,Life.Bear,Life.BearRecovery,Life.Bear,,
2020-01-20,0.82176,,,,0.839,0.85299,0.86485,0.88016,0.91647,0.84304,0.85365,-0.01061,-0.0096,-0.01398,-0.00101,,,-7.15,1.05,-38.0,32.43,-5.85,49.66,-5.04,0.47,11.0,6.0,27.0,27.0,15.0,38.0,12.0,4.0,0.0099,0.0,0.00213,-0.00461,0.46202,31.60127,37.81422,,,-9.88573,25.0,22.25951,,25.0,50.0,58.68856,37.75227,38.27137,,,0.01737,0.02065,,,-0.5162,-0.2717,-0.6348,-0.1186,0.2445,-0.3631,0,0,0,,,,,,-0.15,,,0.876,0.951,0.942,0.836,0.939,0.731,2019-12-17,2019-11-04,2019-10-21,2019-12-04,2019-10-24,2019-08-23,-6.19,4.78,-12.09,1.28,-0.32,28.86,22.0,9.0,22.0,6.0,3.0,38.0,-0.0,1.0,-1.0,0.0,-0.0,1.0,0.839,0.844,0.839,0.829,0.829,0.834,2020-01-20,2020-01-16,2020-01-09,2020-01-17,2020-01-10,2020-01-08,0.025,0.0,0.0,0.024,100.0,100.0,2019-11-20,1999-01-01,1999-01-01,2019-10-07,1999-01-01,1999-01-01,568600.0,461400.0,1442000.0,12.58,26.45,58.47,0.021,0.0,0.0,-0.034,100.0,100.0,0.03063,0.0,0.0,-0.03172,100.0,100.0,43.682,58.071,0.0,40.756,18.102,100.0,25.0,33.389,23.101,8.389,8.389,15.349,41.487,66.85,0.0,39.962,22.529,100.0,2019-10-25,1999-01-01,1999-01-01,2019-08-14,1999-01-01,1999-01-01,7602,0,0,7530,0,0,2019-12-23,2019-10-10,1999-01-01,2019-11-27,2019-07-22,1999-01-01,2020-01-20,2020-01-16,2020-01-09,2020-01-17,2020-01-10,2020-01-08,2019-12-26,2019-10-09,1999-01-01,2019-12-04,2019-08-01,1999-01-01,1,0,0,0,1,0,1,0,0,1,1,0,0,0,0,0,0,0,1,0,0,0,0,0,0,1,1,0,1,0,,,,,,,,,,Life.Bear,Life.BearRecovery,Life.Bear,Life.BearRecovery,Life.Bear,,
2020-01-21,0.81573,,,,,0.85075,0.86324,0.87904,0.91555,0.8401,0.85145,-0.01135,-0.00995,-0.01436,-0.0014,,,-6.46,1.05,-38.0,32.43,-5.85,49.66,-5.04,0.47,10.0,6.0,27.0,27.0,15.0,38.0,12.0,4.0,-0.0,-0.0149,0.00213,-0.00567,0.37531,27.28938,37.40785,,,-14.19762,0.0,11.12975,0.0,,16.66667,41.65271,37.22082,37.74974,,,0.01719,0.02057,,,-0.5231,-0.2829,-0.648,-0.1249,0.2402,-0.3651,0,0,0,,,,,,-0.15,,,0.876,0.951,0.942,0.836,0.939,0.731,2019-12-17,2019-11-04,2019-10-21,2019-12-04,2019-10-24,2019-08-23,-6.88,4.78,-12.09,1.28,-0.32,28.86,23.0,9.0,22.0,6.0,3.0,38.0,-0.0,1.0,-1.0,0.0,-0.0,1.0,0.839,0.844,0.839,0.829,0.829,0.834,2020-01-20,2020-01-16,2020-01-09,2020-01-17,2020-01-10,2020-01-08,0.025,0.0,0.0,0.024,100.0,100.0,2019-11-20,1999-01-01,1999-01-01,2019-10-07,1999-01-01,1999-01-01,461400.0,1442000.0,2109700.0,26.45,58.47,62.34,0.021,0.0,0.0,-0.034,100.0,100.0,0.03063,0.0,0.0,-0.03172,100.0,100.0,43.682,58.071,0.0,40.756,18.102,100.0,25.0,33.389,23.101,0.0,8.389,8.389,41.487,66.85,0.0,39.962,22.529,100.0,2019-10-25,1999-01-01,1999-01-01,2019-08-14,1999-01-01,1999-01-01,7602,0,0,7530,0,0,2019-12-23,2019-10-10,1999-01-01,2019-11-27,2019-07-22,1999-01-01,2020-01-20,2020-01-16,2020-01-09,2020-01-21,2020-01-17,2020-01-10,2019-12-26,2019-10-09,1999-01-01,2019-12-04,2019-08-01,1999-01-01,1,0,0,0,1,0,1,0,0,1,1,0,0,0,0,0,0,0,1,0,0,0,0,0,0,1,1,0,1,0,,,,,,,,,,Life.Bear,Life.BearRecovery,Life.Bear,Life.BearRecovery,Life.Bear,,
2020-01-22,0.80866,,,0.794,,0.8464,0.86053,0.87736,0.91434,0.83302,0.8472,-0.01418,-0.01079,-0.01477,-0.00338,,,-5.65,1.05,-38.0,32.43,-5.85,49.66,-5.04,0.47,9.0,6.0,27.0,27.0,15.0,38.0,12.0,4.0,-0.0,-0.0298,0.00213,-0.00745,0.28571,22.22222,36.99201,,,-19.26478,5.19618,10.06539,,,19.41176,28.69281,36.68883,37.22064,,,0.0188,0.0205,,,-0.5381,-0.3096,-0.6794,-0.1413,0.2285,-0.3698,0,0,0,,,,,,-0.15,,,0.876,0.951,0.942,0.836,0.939,0.731,2019-12-17,2019-11-04,2019-10-21,2019-12-04,2019-10-24,2019-08-23,-7.69,4.78,-12.09,1.28,-0.32,28.86,24.0,9.0,22.0,6.0,3.0,38.0,-0.0,1.0,-1.0,0.0,-0.0,1.0,0.839,0.844,0.839,0.794,0.829,0.829,2020-01-20,2020-01-16,2020-01-09,2020-01-22,2020-01-17,2020-01-10,0.025,0.0,0.0,0.024,100.0,100.0,2019-11-20,1999-01-01,1999-01-01,2019-10-07,1999-01-01,1999-01-01,1442000.0,2109700.0,3727200.0,58.47,62.34,81.38,0.021,0.0,0.0,-0.034,100.0,100.0,0.03063,0.0,0.0,-0.03172,100.0,100.0,43.682,58.071,0.0,40.756,18.102,100.0,25.0,33.389,23.101,0.0,8.389,8.389,41.487,66.85,0.0,39.962,22.529,100.0,2019-10-25,1999-01-01,1999-01-01,2019-08-14,1999-01-01,1999-01-01,7602,0,0,7530,0,0,2019-12-23,2019-10-10,1999-01-01,2019-11-27,2019-07-22,1999-01-01,2020-01-20,2020-01-16,2020-01-09,2020-01-21,2020-01-17,2020-01-10,2019-12-26,2019-10-09,1999-01-01,2019-12-04,2019-08-01,1999-01-01,1,0,0,0,1,0,1,0,0,1,1,0,0,0,0,0,0,0,1,0,0,0,0,0,0,1,1,0,1,0,,,,,,,,,,Life.Bear,Life.BearRecovery,Life.Bear,Life.BearRecovery,Life.Bear,,
2020-01-23,0.80079,,,,0.809,0.84352,0.85851,0.87601,0.91329,0.82932,0.84437,-0.01504,-0.01164,-0.01519,-0.0034,,,-4.72,1.05,-38.0,32.43,-5.85,49.66,-5.04,0.47,8.0,6.0,27.0,27.0,15.0,38.0,12.0,4.0,0.0149,0.0,0.00319,-0.00745,0.42857,30.0,36.56882,,,-11.487,20.99682,8.731,,20.997,13.83754,16.63866,36.16336,36.691,,,0.01852,0.02043,,,-0.5478,-0.3249,-0.6977,-0.1499,0.2229,-0.3728,0,0,0,,,,,,-0.15,,,0.876,0.951,0.942,0.836,0.939,0.731,2019-12-17,2019-11-04,2019-10-21,2019-12-04,2019-10-24,2019-08-23,-8.59,4.78,-12.09,1.28,-0.32,28.86,25.0,9.0,22.0,6.0,3.0,38.0,-0.0,1.0,-1.0,0.0,-0.0,1.0,0.809,0.839,0.844,0.794,0.829,0.829,2020-01-23,2020-01-20,2020-01-16,2020-01-22,2020-01-17,2020-01-10,0.025,0.0,0.0,0.024,100.0,100.0,2019-11-20,1999-01-01,1999-01-01,2019-10-07,1999-01-01,1999-01-01,2109700.0,3727200.0,405800.0,62.34,81.38,-14.24,0.021,0.0,0.0,-0.034,100.0,100.0,0.03063,0.0,0.0,-0.03172,100.0,100.0,43.682,58.071,0.0,40.756,18.102,100.0,20.997,25.0,33.389,0.0,8.389,8.389,41.487,66.85,0.0,39.962,22.529,100.0,2019-10-25,1999-01-01,1999-01-01,2019-08-14,1999-01-01,1999-01-01,7602,0,0,7530,0,0,2019-12-23,2019-10-10,1999-01-01,2019-11-27,2019-07-22,1999-01-01,2020-01-23,2020-01-20,2020-01-16,2020-01-21,2020-01-17,2020-01-10,2019-12-26,2019-10-09,1999-01-01,2019-12-04,2019-08-01,1999-01-01,1,0,0,0,1,0,1,0,0,1,1,0,0,0,0,0,1,0,1,0,0,0,0,0,0,1,1,0,1,0,,,405800,,,,,,p2n,Life.Bear,Life.BearRecovery,Life.Bear,Life.BearRecovery,Life.Bear,,
2020-01-24,0.7925,,,,,0.83972,0.85598,0.87438,0.91211,0.82391,0.84065,-0.01674,-0.01266,-0.01563,-0.00408,,,-3.72,1.05,-38.0,32.43,-5.85,49.66,-5.04,0.47,7.0,6.0,27.0,27.0,15.0,38.0,12.0,4.0,-0.0,-0.0149,0.00319,-0.00851,0.375,27.27273,36.14097,,,-14.21427,5.81257,10.66853,,,17.13055,16.79328,35.65088,36.16769,,,0.01898,0.02038,,,-0.5613,-0.3466,-0.7239,-0.1626,0.2147,-0.3773,0,0,0,,,,,,-0.15,,,0.876,0.951,0.942,0.836,0.939,0.731,2019-12-17,2019-11-04,2019-10-21,2019-12-04,2019-10-24,2019-08-23,-9.53,4.78,-12.09,1.28,-0.32,28.86,26.0,9.0,22.0,6.0,3.0,38.0,-0.0,1.0,-1.0,0.0,-0.0,1.0,0.809,0.839,0.844,0.794,0.829,0.829,2020-01-23,2020-01-20,2020-01-16,2020-01-22,2020-01-17,2020-01-10,0.025,0.0,0.0,0.024,100.0,100.0,2019-11-20,1999-01-01,1999-01-01,2019-10-07,1999-01-01,1999-01-01,3727200.0,405800.0,491700.0,81.38,-14.24,-25.92,0.021,0.0,0.0,-0.034,100.0,100.0,0.03063,0.0,0.0,-0.03172,100.0,100.0,43.682,58.071,0.0,40.756,18.102,100.0,20.997,25.0,33.389,0.0,8.389,8.389,41.487,66.85,0.0,39.962,22.529,100.0,2019-10-25,1999-01-01,1999-01-01,2019-08-14,1999-01-01,1999-01-01,7602,0,0,7530,0,0,2019-12-23,2019-10-10,1999-01-01,2019-11-27,2019-07-22,1999-01-01,2020-01-23,2020-01-20,2020-01-16,2020-01-21,2020-01-17,2020-01-10,2019-12-26,2019-10-09,1999-01-01,2019-12-04,2019-08-01,1999-01-01,1,0,0,0,1,0,1,0,0,1,1,0,0,0,0,0,1,0,1,0,0,0,0,0,0,1,1,0,1,0,,,,,,,,p2n,,Life.Bear,Life.BearRecovery,Life.Bear,Life.BearRecovery,Life.Bear,,
2020-01-28,0.78427,,,,,0.83506,0.85297,0.8725,0.91079,0.81703,0.83609,-0.01907,-0.01394,-0.01608,-0.00512,,,-2.71,1.05,-38.0,32.43,-5.85,49.66,-5.04,0.47,5.0,6.0,27.0,27.0,15.0,38.0,12.0,4.0,-0.0,-0.0149,0.00319,-0.00922,0.34624,25.71922,35.71114,,,-15.76778,5.80569,10.87169,5.806,,16.91775,15.96194,35.15664,35.65696,,,0.01939,0.02032,,,-0.5782,-0.3744,-0.7573,-0.1791,0.2038,-0.3829,0,0,0,,,,,,-0.15,,,0.876,0.951,0.942,0.836,0.939,0.731,2019-12-17,2019-11-04,2019-10-21,2019-12-04,2019-10-24,2019-08-23,-10.47,4.78,-12.09,1.28,-0.32,28.86,27.0,9.0,22.0,6.0,3.0,38.0,-0.0,1.0,-1.0,0.0,-0.0,1.0,0.809,0.839,0.844,0.794,0.829,0.829,2020-01-23,2020-01-20,2020-01-16,2020-01-22,2020-01-17,2020-01-10,0.025,0.0,0.0,0.024,100.0,100.0,2019-11-20,1999-01-01,1999-01-01,2019-10-07,1999-01-01,1999-01-01,405800.0,491700.0,2289800.0,-14.24,-25.92,-31.08,0.021,0.0,0.0,-0.034,100.0,100.0,0.03063,0.0,0.0,-0.03172,100.0,100.0,43.682,58.071,0.0,40.756,18.102,100.0,20.997,25.0,33.389,5.806,0.0,8.389,41.487,66.85,0.0,39.962,22.529,100.0,2019-10-25,1999-01-01,1999-01-01,2019-08-14,1999-01-01,1999-01-01,7602,0,0,7530,0,0,2019-12-23,2019-10-10,1999-01-01,2019-11-27,2019-07-22,1999-01-01,2020-01-23,2020-01-20,2020-01-16,2020-01-28,2020-01-21,2020-01-17,2019-12-26,2019-10-09,1999-01-01,2019-12-04,2019-08-01,1999-01-01,1,0,0,0,1,0,1,0,0,1,1,0,0,0,0,0,1,0,0,0,0,0,0,0,0,1,1,0,1,0,,,,,,,p2n,,,Life.Bear,Life.BearRecovery,Life.Bear,Life.BearRecovery,Life.Bear,,
2020-01-29,0.7768,,,,,0.83077,0.85008,0.87065,0.90948,0.81121,0.83188,-0.02067,-0.01529,-0.01654,-0.00538,,,-1.78,1.05,-38.0,32.43,-5.85,49.66,-5.04,0.47,4.0,6.0,27.0,27.0,15.0,38.0,12.0,4.0,0.0,0.0,0.00319,-0.00709,0.45015,31.04167,35.28129,,,-10.44533,12.46851,8.02893,,12.469,11.36222,15.13684,34.68424,35.16392,,,0.01943,0.02028,,,-0.594,-0.3988,-0.7871,-0.1931,0.1952,-0.3883,0,0,0,,,,,,-0.15,,,0.876,0.951,0.942,0.836,0.939,0.731,2019-12-17,2019-11-04,2019-10-21,2019-12-04,2019-10-24,2019-08-23,-11.32,4.78,-12.09,1.28,-0.32,28.86,28.0,9.0,22.0,6.0,3.0,38.0,-0.0,1.0,-1.0,0.0,-0.0,1.0,0.809,0.839,0.844,0.794,0.829,0.829,2020-01-23,2020-01-20,2020-01-16,2020-01-22,2020-01-17,2020-01-10,0.025,0.0,0.0,0.024,100.0,100.0,2019-11-20,1999-01-01,1999-01-01,2019-10-07,1999-01-01,1999-01-01,491700.0,2289800.0,1774800.0,-25.92,-31.08,42.95,0.021,0.0,0.0,-0.034,100.0,100.0,0.03063,0.0,0.0,-0.03172,100.0,100.0,43.682,58.071,0.0,40.756,18.102,100.0,12.469,20.997,25.0,5.806,0.0,8.389,41.487,66.85,0.0,39.962,22.529,100.0,2019-10-25,1999-01-01,1999-01-01,2019-08-14,1999-01-01,1999-01-01,7602,0,0,7530,0,0,2019-12-23,2019-10-10,1999-01-01,2019-11-27,2019-07-22,1999-01-01,2020-01-29,2020-01-23,2020-01-20,2020-01-28,2020-01-21,2020-01-17,2019-12-26,2019-10-09,1999-01-01,2019-12-04,2019-08-01,1999-01-01,1,0,0,0,1,0,1,0,0,1,1,0,0,0,0,0,1,0,0,0,0,0,0,0,0,1,1,0,1,0,1774800,,,,,p2n,,,n2p,Life.Bear,Life.BearRecovery,Life.Bear,Life.BearRecovery,Life.Bear,,
2020-01-30,0.77072,,,0.759,,0.82528,0.84652,0.86845,0.90798,0.80324,0.82651,-0.02327,-0.01689,-0.01701,-0.00639,,,-1.0,1.05,-38.0,32.43,-5.85,49.66,-5.04,0.47,3.0,6.0,27.0,27.0,15.0,38.0,12.0,4.0,-0.0,-0.0198,0.00284,-0.00851,0.33333,25.0,34.85146,,,-16.487,0.0,6.0914,0.0,,8.06921,12.11639,34.23433,34.69174,,,0.02017,0.02024,,,-0.6146,-0.4317,-0.827,-0.2124,0.1829,-0.3953,0,0,0,,,,,,-0.15,,,0.876,0.951,0.942,0.836,0.939,0.731,2019-12-17,2019-11-04,2019-10-21,2019-12-04,2019-10-24,2019-08-23,-12.02,4.78,-12.09,1.28,-0.32,28.86,29.0,9.0,22.0,6.0,3.0,38.0,-0.0,1.0,-1.0,0.0,-0.0,1.0,0.809,0.839,0.844,0.759,0.794,0.829,2020-01-23,2020-01-20,2020-01-16,2020-01-30,2020-01-22,2020-01-17,0.025,0.0,0.0,0.024,100.0,100.0,2019-11-20,1999-01-01,1999-01-01,2019-10-07,1999-01-01,1999-01-01,2289800.0,1774800.0,2198100.0,-31.08,42.95,37.45,0.021,0.0,0.0,-0.034,100.0,100.0,0.03063,0.0,0.0,-0.03172,100.0,100.0,43.682,58.071,0.0,40.756,18.102,100.0,12.469,20.997,25.0,0.0,5.806,0.0,41.487,66.85,0.0,39.962,22.529,100.0,2019-10-25,1999-01-01,1999-01-01,2019-08-14,1999-01-01,1999-01-01,7602,0,0,7530,0,0,2019-12-23,2019-10-10,1999-01-01,2019-11-27,2019-07-22,1999-01-01,2020-01-29,2020-01-23,2020-01-20,2020-01-30,2020-01-28,2020-01-21,2019-12-26,2019-10-09,1999-01-01,2019-12-04,2019-08-01,1999-01-01,1,0,0,0,1,0,1,0,0,1,1,0,0,0,0,0,1,0,1,0,0,0,0,0,0,1,1,0,1,0,,,,,p2n,,,n2p,,Life.Bear,Life.BearRecovery,Life.Bear,Life.BearRecovery,Life.Bear,,
2020-01-31,0.76639,,,,0.764,0.82059,0.8433,0.86639,0.90655,0.79726,0.82191,-0.02465,-0.01844,-0.01749,-0.00621,,,-0.44,1.05,-38.0,32.43,-5.85,49.66,-5.04,0.47,2.0,6.0,27.0,27.0,15.0,38.0,12.0,4.0,0.005,0.0,0.00319,-0.0078,0.40934,29.04483,34.42038,,,-12.44217,15.02016,9.16289,,15.02,12.6832,10.70488,33.80463,34.24107,,,0.02014,0.02022,,,-0.6325,-0.458,-0.8596,-0.2271,0.1745,-0.4016,0,0,0,,,,,,-0.15,,,0.876,0.951,0.942,0.836,0.939,0.731,2019-12-17,2019-11-04,2019-10-21,2019-12-04,2019-10-24,2019-08-23,-12.51,4.78,-12.09,1.28,-0.32,28.86,30.0,9.0,22.0,6.0,3.0,38.0,-0.0,1.0,-1.0,0.0,-0.0,1.0,0.764,0.809,0.839,0.759,0.794,0.829,2020-01-31,2020-01-23,2020-01-20,2020-01-30,2020-01-22,2020-01-17,0.025,0.0,0.0,0.024,100.0,100.0,2019-11-20,1999-01-01,1999-01-01,2019-10-07,1999-01-01,1999-01-01,1774800.0,2198100.0,1448800.0,42.95,37.45,-13.43,0.021,0.0,0.0,-0.034,100.0,100.0,0.03063,0.0,0.0,-0.03172,100.0,100.0,43.682,58.071,0.0,40.756,18.102,100.0,15.02,12.469,20.997,0.0,5.806,0.0,41.487,66.85,0.0,39.962,22.529,100.0,2019-10-25,1999-01-01,1999-01-01,2019-08-14,1999-01-01,1999-01-01,7602,0,0,7530,0,0,2019-12-23,2019-10-10,1999-01-01,2019-11-27,2019-07-22,1999-01-01,2020-01-31,2020-01-29,2020-01-23,2020-01-30,2020-01-28,2020-01-21,2019-12-26,2019-10-09,1999-01-01,2019-12-04,2019-08-01,1999-01-01,1,0,0,0,1,0,1,0,0,1,1,0,0,0,0,0,0,0,1,0,0,0,0,0,0,1,1,0,1,0,,,1448800,,,,n2p,,p2n,Life.Bear,Life.BearRecovery,Life.Bear,Life.BearRecovery,Life.Bear,,
2020-02-03,0.76389,,,0.744,,0.81474,0.83943,0.86397,0.90494,0.78915,0.81618,-0.02703,-0.02016,-0.01798,-0.00687,,,-0.12,1.05,-38.0,32.43,-5.85,49.66,-5.04,0.47,1.0,6.0,27.0,27.0,15.0,38.0,12.0,4.0,-0.0,-0.0199,0.00284,-0.00922,0.30829,23.56424,33.98719,,,-17.92276,8.6766,7.89892,8.677,,12.26256,11.00499,33.39145,33.81014,,,0.02083,0.0202,,,-0.6551,-0.4923,-0.902,-0.2469,0.1628,-0.4097,0,0,0,,,,,,-0.15,,,0.876,0.951,0.942,0.836,0.939,0.731,2019-12-17,2019-11-04,2019-10-21,2019-12-04,2019-10-24,2019-08-23,-12.8,4.78,-12.09,1.28,-0.32,28.86,31.0,9.0,22.0,6.0,3.0,38.0,-0.0,1.0,-1.0,0.0,-0.0,1.0,0.764,0.809,0.839,0.744,0.759,0.794,2020-01-31,2020-01-23,2020-01-20,2020-02-03,2020-01-30,2020-01-22,0.025,0.0,0.0,0.024,100.0,100.0,2019-11-20,1999-01-01,1999-01-01,2019-10-07,1999-01-01,1999-01-01,2198100.0,1448800.0,1087300.0,37.45,-13.43,-12.68,0.021,0.0,0.0,-0.034,100.0,100.0,0.03063,0.0,0.0,-0.03172,100.0,100.0,43.682,58.071,0.0,40.756,18.102,100.0,15.02,12.469,20.997,8.677,0.0,5.806,41.487,66.85,0.0,39.962,22.529,100.0,2019-10-25,1999-01-01,1999-01-01,2019-08-14,1999-01-01,1999-01-01,7602,0,0,7530,0,0,2019-12-23,2019-10-10,1999-01-01,2019-11-27,2019-07-22,1999-01-01,2020-01-31,2020-01-29,2020-01-23,2020-02-03,2020-01-30,2020-01-28,2019-12-26,2019-10-09,1999-01-01,2019-12-04,2019-08-01,1999-01-01,1,0,0,0,1,0,1,0,0,1,1,0,0,0,0,0,0,0,0,1,0,0,0,0,0,1,1,0,1,0,,,,,,n2p,,p2n,,Life.Bear,Life.BearRecovery,Life.Bear,Life.BearRecovery,Life.Bear,,
2020-02-04,0.76307,0.763,,,0.75,0.80972,0.8359,0.86171,0.90339,0.78305,0.81124,-0.02819,-0.02176,-0.01849,-0.00643,,,1.04,-38.0,32.43,-5.85,49.66,-5.04,0.47,-6.46,6.0,27.0,27.0,15.0,38.0,12.0,4.0,12.0,0.005,0.0,0.0032,-0.00922,0.34702,25.76193,33.55084,,,-15.72507,13.05872,12.25183,,13.059,21.35902,15.43493,32.9904,33.3955,,,0.02077,0.0202,,,-0.6749,-0.5199,-0.9367,-0.2618,0.155,-0.4168,0,0,0,,,,,,-0.15,,,0.876,0.951,0.942,0.763,0.836,0.939,2019-12-17,2019-11-04,2019-10-21,2020-02-04,2019-12-04,2019-10-24,0.0,-12.9,4.78,-12.09,1.28,-0.32,0.0,32.0,9.0,22.0,6.0,3.0,0.0,-0.0,1.0,-1.0,0.0,-0.0,0.75,0.764,0.809,0.744,0.759,0.794,2020-02-04,2020-01-31,2020-01-23,2020-02-03,2020-01-30,2020-01-22,0.025,0.0,0.0,0.024,100.0,100.0,2019-11-20,1999-01-01,1999-01-01,2019-10-07,1999-01-01,1999-01-01,1448800.0,1087300.0,1216000.0,-13.43,-12.68,-20.74,0.021,0.0,0.0,-0.034,100.0,100.0,0.03063,0.0,0.0,-0.03172,100.0,100.0,43.682,58.071,0.0,40.756,18.102,100.0,13.059,15.02,12.469,8.677,0.0,5.806,41.487,66.85,0.0,39.962,22.529,100.0,2019-10-25,1999-01-01,1999-01-01,2019-08-14,1999-01-01,1999-01-01,7602,0,0,7530,0,0,2019-12-23,2019-10-10,1999-01-01,2019-11-27,2019-07-22,1999-01-01,2020-02-04,2020-01-31,2020-01-29,2020-02-03,2020-01-30,2020-01-28,2019-12-26,2019-10-09,1999-01-01,2019-12-04,2019-08-01,1999-01-01,1,0,1,0,1,0,1,0,0,1,1,0,0,0,0,0,0,0,0,1,0,0,0,0,0,1,1,0,1,0,,,,,n2p,,p2n,,,Life.Bear,Life.BearRecovery,Life.Bear,Life.BearRecovery,Life.Bear,,
2020-02-05,0.76365,,,0.74,,0.80432,0.83212,0.85929,0.90176,0.77635,0.80592,-0.02958,-0.02333,-0.01901,-0.00625,,,0.96,-38.0,32.43,-5.85,49.66,-5.04,0.47,-6.46,5.0,27.0,27.0,15.0,38.0,12.0,4.0,12.0,-0.0,-0.01,0.00284,-0.00994,0.28613,22.24707,33.11058,,,-19.23993,4.29448,8.6766,4.294,,17.20419,16.94192,32.59667,32.99284,,,0.02106,0.02021,,,-0.6964,-0.5497,-0.9744,-0.278,0.1467,-0.4247,0,0,0,,,,,,-0.15,,,0.876,0.951,0.942,0.763,0.836,0.939,2019-12-17,2019-11-04,2019-10-21,2020-02-04,2019-12-04,2019-10-24,0.09,-12.9,4.78,-12.09,1.28,-0.32,1.0,32.0,9.0,22.0,6.0,3.0,0.0,-0.0,1.0,-1.0,0.0,-0.0,0.75,0.764,0.809,0.74,0.744,0.759,2020-02-04,2020-01-31,2020-01-23,2020-02-05,2020-02-03,2020-01-30,0.025,0.0,0.0,0.024,100.0,100.0,2019-11-20,1999-01-01,1999-01-01,2019-10-07,1999-01-01,1999-01-01,1087300.0,1216000.0,2025100.0,-12.68,-20.74,15.36,0.021,0.0,0.0,-0.034,100.0,100.0,0.03063,0.0,0.0,-0.03172,100.0,100.0,43.682,58.071,0.0,40.756,18.102,100.0,13.059,15.02,12.469,4.294,8.677,0.0,41.487,66.85,0.0,39.962,22.529,100.0,2019-10-25,1999-01-01,1999-01-01,2019-08-14,1999-01-01,1999-01-01,7602,0,0,7530,0,0,2019-12-23,2019-10-10,1999-01-01,2019-11-27,2019-07-22,1999-01-01,2020-02-04,2020-01-31,2020-01-29,2020-02-05,2020-02-03,2020-01-30,2019-12-26,2019-10-09,1999-01-01,2019-12-04,2019-08-01,1999-01-01,1,0,1,0,1,0,1,0,0,1,1,0,0,0,0,0,0,0,0,0,0,0,0,0,0,1,1,0,1,0,,,,,,p2n,,,,Life.Bear,Life.BearRecovery,Life.Bear,Life.BearRecovery,Life.Bear,,
2020-02-06,0.76518,,,,,0.80125,0.82946,0.85741,0.9004,0.77451,0.80285,-0.02834,-0.02433,-0.01956,-0.00401,,,0.76,-38.0,32.43,-5.85,49.66,-5.04,0.47,-6.46,4.0,27.0,27.0,15.0,38.0,12.0,4.0,12.0,0.0249,0.0,0.00426,-0.00994,0.42919,30.03018,32.66585,,,-11.45682,26.11744,14.49021,,,40.71423,26.42582,32.20509,32.59739,,,0.02169,0.02024,,,-0.7094,-0.5616,-0.9915,-0.2821,0.1478,-0.4299,0,0,0,,,,,,-0.15,,,0.876,0.951,0.942,0.763,0.836,0.939,2019-12-17,2019-11-04,2019-10-21,2020-02-04,2019-12-04,2019-10-24,0.29,-12.9,4.78,-12.09,1.28,-0.32,2.0,32.0,9.0,22.0,6.0,3.0,0.0,-0.0,1.0,-1.0,0.0,-0.0,0.75,0.764,0.809,0.74,0.744,0.759,2020-02-04,2020-01-31,2020-01-23,2020-02-05,2020-02-03,2020-01-30,0.025,0.0,0.0,0.024,100.0,100.0,2019-11-20,1999-01-01,1999-01-01,2019-10-07,1999-01-01,1999-01-01,1216000.0,2025100.0,1700000.0,-20.74,15.36,14.16,0.021,0.0,0.0,-0.034,100.0,100.0,0.03063,0.0,0.0,-0.03172,100.0,100.0,43.682,58.071,0.0,40.756,18.102,100.0,13.059,15.02,12.469,4.294,8.677,0.0,41.487,66.85,0.0,39.962,22.529,100.0,2019-10-25,1999-01-01,1999-01-01,2019-08-14,1999-01-01,1999-01-01,7602,0,0,7530,0,0,2019-12-23,2019-10-10,1999-01-01,2019-11-27,2019-07-22,1999-01-01,2020-02-04,2020-01-31,2020-01-29,2020-02-05,2020-02-03,2020-01-30,2019-12-26,2019-10-09,1999-01-01,2019-12-04,2019-08-01,1999-01-01,1,0,1,0,1,0,1,0,0,1,1,0,0,0,0,0,0,0,0,0,0,0,0,0,0,1,1,0,1,0,,,,,p2n,,,,,Life.Bear,Life.BearRecovery,Life.Bear,Life.BearRecovery,Life.Bear,,
2020-02-07,0.76713,,,,0.794,0.8007,0.82808,0.85616,0.89934,0.77752,0.8022,-0.02468,-0.0244,-0.02013,-0.00028,,,0.5,-38.0,32.43,-5.85,49.66,-5.04,0.47,-6.46,3.0,27.0,27.0,15.0,38.0,12.0,4.0,12.0,0.0297,0.0,0.00639,-0.00887,0.71981,41.85393,32.21555,,,0.36693,57.10173,29.17122,,57.102,62.36713,40.09518,31.81276,32.20484,,,0.02262,0.02027,,,-0.7126,-0.5546,-0.9864,-0.2738,0.158,-0.4318,0,0,1,,,,,,-0.15,,,0.876,0.951,0.942,0.763,0.836,0.939,2019-12-17,2019-11-04,2019-10-21,2020-02-04,2019-12-04,2019-10-24,0.54,-12.9,4.78,-12.09,1.28,-0.32,3.0,32.0,9.0,22.0,6.0,3.0,0.0,-0.0,1.0,-1.0,0.0,-0.0,0.794,0.75,0.764,0.74,0.744,0.759,2020-02-07,2020-02-04,2020-01-31,2020-02-05,2020-02-03,2020-01-30,0.025,0.0,0.0,0.024,100.0,100.0,2019-11-20,1999-01-01,1999-01-01,2019-10-07,1999-01-01,1999-01-01,2025100.0,1700000.0,2522000.0,15.36,14.16,26.43,0.021,0.0,0.0,-0.034,100.0,100.0,0.03063,0.0,0.0,-0.03172,100.0,100.0,43.682,58.071,0.0,40.756,18.102,100.0,57.102,13.059,15.02,4.294,8.677,0.0,41.487,66.85,0.0,39.962,22.529,100.0,2019-10-25,1999-01-01,1999-01-01,2019-08-14,1999-01-01,1999-01-01,7602,0,0,7530,0,0,2019-12-23,2019-10-10,1999-01-01,2019-11-27,2019-07-22,1999-01-01,2020-02-07,2020-02-04,2020-01-31,2020-02-05,2020-02-03,2020-01-30,2019-12-26,2019-10-09,1999-01-01,2019-12-04,2019-08-01,1999-01-01,1,0,1,0,0,1,1,0,0,1,1,0,0,0,0,0,0,1,0,0,0,0,0,0,0,1,1,0,1,0,,,,,,,,,,Life.Bear,Life.BearRecovery,Life.Bear,Life.BearRecovery,Life.Bear,,
2020-02-10,0.76902,,,,,0.79905,0.82616,0.85463,0.89814,0.77778,0.8005,-0.02271,-0.02406,-0.02073,0.00135,,,0.26,-38.0,32.43,-5.85,49.66,-5.04,0.47,-6.46,2.0,27.0,27.0,15.0,38.0,12.0,4.0,12.0,-0.0,-0.0149,0.00568,-0.00994,0.57153,36.3678,31.75852,,,-5.1192,42.8023,42.00716,,,81.57925,61.55354,31.42056,31.81281,,,0.02241,0.02033,,,-0.7198,-0.5558,-0.9909,-0.2711,0.164,-0.4351,0,0,1,,,,,,-0.15,,,0.876,0.951,0.942,0.763,0.836,0.939,2019-12-17,2019-11-04,2019-10-21,2020-02-04,2019-12-04,2019-10-24,0.79,-12.9,4.78,-12.09,1.28,-0.32,4.0,32.0,9.0,22.0,6.0,3.0,0.0,-0.0,1.0,-1.0,0.0,-0.0,0.794,0.75,0.764,0.74,0.744,0.759,2020-02-07,2020-02-04,2020-01-31,2020-02-05,2020-02-03,2020-01-30,0.025,0.0,0.0,0.024,100.0,100.0,2019-11-20,1999-01-01,1999-01-01,2019-10-07,1999-01-01,1999-01-01,1700000.0,2522000.0,303400.0,14.16,26.43,-27.56,0.021,0.0,0.0,-0.034,100.0,100.0,0.03063,0.0,0.0,-0.03172,100.0,100.0,43.682,58.071,0.0,40.756,18.102,100.0,57.102,13.059,15.02,4.294,8.677,0.0,41.487,66.85,0.0,39.962,22.529,100.0,2019-10-25,1999-01-01,1999-01-01,2019-08-14,1999-01-01,1999-01-01,7602,0,0,7530,0,0,2019-12-23,2019-10-10,1999-01-01,2019-11-27,2019-07-22,1999-01-01,2020-02-07,2020-02-04,2020-01-31,2020-02-05,2020-02-03,2020-01-30,2019-12-26,2019-10-09,1999-01-01,2019-12-04,2019-08-01,1999-01-01,1,0,1,0,0,1,1,0,0,1,1,0,0,0,0,0,0,1,0,0,0,0,0,0,0,1,1,0,1,0,,,-303400,,,,,,p2n,Life.Bear,Life.BearRecovery,Life.Bear,Life.BearRecovery,Life.Bear,,
2020-02-11,0.77031,,,,,0.79714,0.82413,0.85304,0.89691,0.77725,0.79856,-0.02131,-0.02351,-0.02137,0.0022,,,0.09,-38.0,32.43,-5.85,49.66,-5.04,0.47,-6.46,1.0,27.0,27.0,15.0,38.0,12.0,4.0,12.0,-0.0,-0.0049,0.00568,-0.00922,0.6158,38.11122,31.29341,,,-3.37578,42.09968,47.33457,42.1,,72.41602,72.1208,31.0327,31.42201,,,0.02188,0.0204,,,-0.7278,-0.559,-0.9977,-0.2699,0.1688,-0.4387,0,0,0,,,,,,-0.15,,,0.876,0.951,0.942,0.763,0.836,0.939,2019-12-17,2019-11-04,2019-10-21,2020-02-04,2019-12-04,2019-10-24,0.96,-12.9,4.78,-12.09,1.28,-0.32,5.0,32.0,9.0,22.0,6.0,3.0,0.0,-0.0,1.0,-1.0,0.0,-0.0,0.794,0.75,0.764,0.74,0.744,0.759,2020-02-07,2020-02-04,2020-01-31,2020-02-05,2020-02-03,2020-01-30,0.025,0.0,0.0,0.024,100.0,100.0,2019-11-20,1999-01-01,1999-01-01,2019-10-07,1999-01-01,1999-01-01,2522000.0,303400.0,508100.0,26.43,-27.56,-26.34,0.021,0.0,0.0,-0.034,100.0,100.0,0.03063,0.0,0.0,-0.03172,100.0,100.0,43.682,58.071,0.0,40.756,18.102,100.0,57.102,13.059,15.02,42.1,4.294,8.677,41.487,66.85,0.0,39.962,22.529,100.0,2019-10-25,1999-01-01,1999-01-01,2019-08-14,1999-01-01,1999-01-01,7602,0,0,7530,0,0,2019-12-23,2019-10-10,1999-01-01,2019-11-27,2019-07-22,1999-01-01,2020-02-07,2020-02-04,2020-01-31,2020-02-11,2020-02-05,2020-02-03,2019-12-26,2019-10-09,1999-01-01,2019-12-04,2019-08-01,1999-01-01,1,0,1,0,0,1,1,0,0,1,1,0,0,0,0,0,0,1,0,1,0,0,0,0,0,1,1,0,1,0,,,,,,,,p2n,,Life.Bear,Life.BearRecovery,Life.Bear,Life.BearRecovery,Life.Bear,,
2020-02-12,0.7705,,0.771,,,0.79538,0.82217,0.85148,0.89569,0.77679,0.79676,-0.01997,-0.0228,-0.02204,0.00284,,,-37.96,32.43,-5.85,49.66,-5.04,0.47,-6.46,0.38,27.0,27.0,15.0,38.0,12.0,4.0,12.0,5.0,0.0,0.0,0.00568,-0.00709,0.8006,44.46309,30.81939,,,2.97609,47.03791,43.97997,,,59.85958,71.28495,30.65595,31.0364,,,0.02174,0.02048,0.02,,-0.7352,-0.561,-1.0031,-0.2679,0.1742,-0.4421,0,0,0,,,,,,-0.15,,,0.771,0.876,0.951,0.763,0.836,0.939,2020-02-12,2019-12-17,2019-11-04,2020-02-04,2019-12-04,2019-10-24,0.0,1.05,-12.9,4.78,-12.09,1.28,0.0,6.0,32.0,9.0,22.0,6.0,0.0,0.0,-0.0,1.0,-1.0,0.0,0.794,0.75,0.764,0.74,0.744,0.759,2020-02-07,2020-02-04,2020-01-31,2020-02-05,2020-02-03,2020-01-30,0.025,0.0,0.0,0.02,0.024,100.0,2019-11-20,1999-01-01,1999-01-01,2020-02-12,2019-10-07,1999-01-01,303400.0,508100.0,1973900.0,-27.56,-26.34,-16.44,0.021,0.0,0.0,-0.034,100.0,100.0,0.03063,0.0,0.0,-0.03172,100.0,100.0,43.682,58.071,0.0,40.756,18.102,100.0,57.102,13.059,15.02,42.1,4.294,8.677,41.487,66.85,0.0,39.962,22.529,100.0,2019-10-25,1999-01-01,1999-01-01,2019-08-14,1999-01-01,1999-01-01,7602,0,0,7530,0,0,2019-12-23,2019-10-10,1999-01-01,2019-11-27,2019-07-22,1999-01-01,2020-02-07,2020-02-04,2020-01-31,2020-02-11,2020-02-05,2020-02-03,2019-12-26,2019-10-09,1999-01-01,2019-12-04,2019-08-01,1999-01-01,1,0,1,0,0,1,1,0,0,1,1,0,0,0,0,0,0,1,0,1,0,0,0,0,0,1,1,0,1,0,,,,,,,p2n,,,Life.Bear,Life.BearRecovery,Life.Bear,Life.BearRecovery,Life.Bear,,
2020-02-13,0.7692,,,,,0.79376,0.8203,0.84995,0.89448,0.77641,0.79509,-0.01869,-0.02198,-0.02275,0.00329,,,-37.86,32.43,-5.85,49.66,-5.04,0.47,-6.46,0.38,26.0,27.0,15.0,38.0,12.0,4.0,12.0,5.0,0.0,0.0,0.00461,-0.00709,0.65055,39.41428,30.33629,,,-2.07272,47.03791,45.39184,,47.038,52.49568,61.59043,30.29851,30.66239,,,0.02124,0.02058,,,-0.7418,-0.5619,-1.0072,-0.2654,0.1799,-0.4453,0,0,0,,,,,,-0.15,,,0.771,0.876,0.951,0.763,0.836,0.939,2020-02-12,2019-12-17,2019-11-04,2020-02-04,2019-12-04,2019-10-24,-0.23,1.05,-12.9,4.78,-12.09,1.28,1.0,6.0,32.0,9.0,22.0,6.0,-0.0,0.0,-0.0,1.0,-1.0,0.0,0.794,0.75,0.764,0.74,0.744,0.759,2020-02-07,2020-02-04,2020-01-31,2020-02-05,2020-02-03,2020-01-30,0.025,0.0,0.0,0.02,0.024,100.0,2019-11-20,1999-01-01,1999-01-01,2020-02-12,2019-10-07,1999-01-01,508100.0,1973900.0,550200.0,-26.34,-16.44,8.86,0.021,0.0,0.0,-0.034,100.0,100.0,0.03063,0.0,0.0,-0.03172,100.0,100.0,43.682,58.071,0.0,40.756,18.102,100.0,47.038,57.102,13.059,42.1,4.294,8.677,41.487,66.85,0.0,39.962,22.529,100.0,2019-10-25,1999-01-01,1999-01-01,2019-08-14,1999-01-01,1999-01-01,7602,0,0,7530,0,0,2019-12-23,2019-10-10,1999-01-01,2019-11-27,2019-07-22,1999-01-01,2020-02-13,2020-02-07,2020-02-04,2020-02-11,2020-02-05,2020-02-03,2019-12-26,2019-10-09,1999-01-01,2019-12-04,2019-08-01,1999-01-01,1,0,1,0,0,1,1,0,0,1,1,0,0,0,0,0,0,0,0,1,0,0,0,0,0,1,1,0,1,0,,,,,,p2n,,,,Life.Bear,Life.BearRecovery,Life.Bear,Life.BearRecovery,Life.Bear,,
2020-02-14,0.76623,,,0.759,,0.79112,0.81791,0.84816,0.89314,0.77379,0.79245,-0.01866,-0.02131,-0.0235,0.00266,,,-37.62,32.43,-5.85,49.66,-5.04,0.47,-6.46,0.38,25.0,27.0,15.0,38.0,12.0,4.0,12.0,5.0,-0.0,-0.0149,0.00461,-0.00709,0.65055,39.41428,29.84442,,,-2.07272,38.44961,44.17515,38.45,,37.82186,50.05904,29.97048,30.30831,,,0.02079,0.0207,,,-0.7523,-0.5704,-1.0202,-0.2679,0.1819,-0.4498,0,0,0,,,,,,-0.15,,,0.771,0.876,0.951,0.763,0.836,0.939,2020-02-12,2019-12-17,2019-11-04,2020-02-04,2019-12-04,2019-10-24,-0.62,1.05,-12.9,4.78,-12.09,1.28,2.0,6.0,32.0,9.0,22.0,6.0,-0.0,0.0,-0.0,1.0,-1.0,0.0,0.794,0.75,0.764,0.759,0.74,0.744,2020-02-07,2020-02-04,2020-01-31,2020-02-14,2020-02-05,2020-02-03,0.025,0.0,0.0,0.02,0.024,100.0,2019-11-20,1999-01-01,1999-01-01,2020-02-12,2019-10-07,1999-01-01,1973900.0,550200.0,912500.0,-16.44,8.86,13.34,0.021,0.0,0.0,-0.034,100.0,100.0,0.03063,0.0,0.0,-0.03172,100.0,100.0,43.682,58.071,0.0,40.756,18.102,100.0,47.038,57.102,13.059,38.45,42.1,4.294,41.487,66.85,0.0,39.962,22.529,100.0,2019-10-25,1999-01-01,1999-01-01,2019-08-14,1999-01-01,1999-01-01,7602,0,0,7530,0,0,2019-12-23,2019-10-10,1999-01-01,2019-11-27,2019-07-22,1999-01-01,2020-02-13,2020-02-07,2020-02-04,2020-02-14,2020-02-11,2020-02-05,2019-12-26,2019-10-09,1999-01-01,2019-12-04,2019-08-01,1999-01-01,1,0,1,0,0,1,0,1,0,1,1,0,0,0,0,0,0,0,0,0,0,0,0,0,0,1,1,0,1,0,,,,,p2n,,,,,Life.Bear,Life.BearRecovery,Life.Bear,Life.BearRecovery,Life.Bear,,
2020-02-17,0.76178,,,,,0.78944,0.816,0.8466,0.89191,0.7731,0.79074,-0.01763,-0.02058,-0.02429,0.00294,,,-37.25,32.43,-5.85,49.66,-5.04,0.47,-6.46,0.38,24.0,27.0,15.0,38.0,12.0,4.0,12.0,5.0,0.0099,0.0,0.00532,-0.00603,0.8827,46.88483,29.34537,,,5.39783,53.79845,46.42866,,,36.29561,42.20438,29.68335,29.98411,,,0.02037,0.02084,,,-0.7591,-0.5716,-1.0247,-0.2656,0.1875,-0.4531,0,0,0,,,,,,-0.15,,,0.771,0.876,0.951,0.763,0.836,0.939,2020-02-12,2019-12-17,2019-11-04,2020-02-04,2019-12-04,2019-10-24,-1.2,1.05,-12.9,4.78,-12.09,1.28,3.0,6.0,32.0,9.0,22.0,6.0,-0.0,0.0,-0.0,1.0,-1.0,0.0,0.794,0.75,0.764,0.759,0.74,0.744,2020-02-07,2020-02-04,2020-01-31,2020-02-14,2020-02-05,2020-02-03,0.025,0.0,0.0,0.02,0.024,100.0,2019-11-20,1999-01-01,1999-01-01,2020-02-12,2019-10-07,1999-01-01,550200.0,912500.0,815500.0,8.86,13.34,-33.71,0.021,0.0,0.0,-0.034,100.0,100.0,0.03063,0.0,0.0,-0.03172,100.0,100.0,43.682,58.071,0.0,40.756,18.102,100.0,47.038,57.102,13.059,38.45,42.1,4.294,41.487,66.85,0.0,39.962,22.529,100.0,2019-10-25,1999-01-01,1999-01-01,2019-08-14,1999-01-01,1999-01-01,7602,0,0,7530,0,0,2019-12-23,2019-10-10,1999-01-01,2019-11-27,2019-07-22,1999-01-01,2020-02-13,2020-02-07,2020-02-04,2020-02-14,2020-02-11,2020-02-05,2019-12-26,2019-10-09,1999-01-01,2019-12-04,2019-08-01,1999-01-01,1,0,1,0,0,1,0,1,0,1,1,0,0,0,0,0,0,0,0,0,0,0,0,0,0,1,1,0,1,0,,,815500,,,,,,p2n,Life.Bear,Life.BearRecovery,Life.Bear,Life.BearRecovery,Life.Bear,,
2020-02-18,0.75621,,,,0.769,0.78789,0.81417,0.84507,0.89069,0.77252,0.78915,-0.01663,-0.01979,-0.02511,0.00316,,,-36.79,32.43,-5.85,49.66,-5.04,0.47,-6.46,0.38,23.0,27.0,15.0,38.0,12.0,4.0,12.0,5.0,0.0,0.0,0.00532,-0.00603,0.8827,46.88483,28.84222,,,5.39783,53.79845,48.68217,,53.798,41.48282,38.53343,29.44778,29.70054,,,0.01997,0.02099,,,-0.7652,-0.5718,-1.028,-0.2628,0.1934,-0.4562,0,0,0,,,,,,-0.15,,,0.771,0.876,0.951,0.763,0.836,0.939,2020-02-12,2019-12-17,2019-11-04,2020-02-04,2019-12-04,2019-10-24,-1.92,1.05,-12.9,4.78,-12.09,1.28,4.0,6.0,32.0,9.0,22.0,6.0,-0.0,0.0,-0.0,1.0,-1.0,0.0,0.769,0.794,0.75,0.759,0.74,0.744,2020-02-18,2020-02-07,2020-02-04,2020-02-14,2020-02-05,2020-02-03,0.025,0.0,0.0,0.02,0.024,100.0,2019-11-20,1999-01-01,1999-01-01,2020-02-12,2019-10-07,1999-01-01,912500.0,815500.0,305000.0,13.34,-33.71,-10.76,0.021,0.0,0.0,-0.034,100.0,100.0,0.03063,0.0,0.0,-0.03172,100.0,100.0,43.682,58.071,0.0,40.756,18.102,100.0,53.798,47.038,57.102,38.45,42.1,4.294,41.487,66.85,0.0,39.962,22.529,100.0,2019-10-25,1999-01-01,1999-01-01,2019-08-14,1999-01-01,1999-01-01,7602,0,0,7530,0,0,2019-12-23,2019-10-10,1999-01-01,2019-11-27,2019-07-22,1999-01-01,2020-02-18,2020-02-13,2020-02-07,2020-02-14,2020-02-11,2020-02-05,2019-12-26,2019-10-09,1999-01-01,2019-12-04,2019-08-01,1999-01-01,1,0,1,0,0,0,0,1,0,1,1,0,0,0,0,0,0,0,0,0,0,0,0,0,0,1,1,0,1,0,,,,,,,,p2n,,Life.Bear,Life.BearRecovery,Life.Bear,Life.BearRecovery,Life.Bear,,
2020-02-19,0.74989,,,,,0.78608,0.81222,0.84347,0.88943,0.77127,0.78731,-0.01605,-0.01904,-0.02596,0.00299,,,-36.26,32.43,-5.85,49.66,-5.04,0.47,-6.46,0.38,22.0,27.0,15.0,38.0,12.0,4.0,12.0,5.0,-0.0,-0.0049,0.00532,-0.00496,1.07194,51.73611,28.34007,,,10.24911,46.20155,51.26615,,,50.13441,42.63761,29.27076,29.4673,,,0.01997,0.02116,,,-0.7721,-0.5739,-1.0335,-0.2614,0.1982,-0.4596,0,0,0,,,,,,-0.15,,,0.771,0.876,0.951,0.763,0.836,0.939,2020-02-12,2019-12-17,2019-11-04,2020-02-04,2019-12-04,2019-10-24,-2.74,1.05,-12.9,4.78,-12.09,1.28,5.0,6.0,32.0,9.0,22.0,6.0,-1.0,0.0,-0.0,1.0,-1.0,0.0,0.769,0.794,0.75,0.759,0.74,0.744,2020-02-18,2020-02-07,2020-02-04,2020-02-14,2020-02-05,2020-02-03,0.025,0.0,0.0,0.02,0.024,100.0,2019-11-20,1999-01-01,1999-01-01,2020-02-12,2019-10-07,1999-01-01,815500.0,305000.0,1721400.0,-33.71,-10.76,39.79,0.021,0.0,0.0,-0.034,100.0,100.0,0.03063,0.0,0.0,-0.03172,100.0,100.0,43.682,58.071,0.0,40.756,18.102,100.0,53.798,47.038,57.102,38.45,42.1,4.294,41.487,66.85,0.0,39.962,22.529,100.0,2019-10-25,1999-01-01,1999-01-01,2019-08-14,1999-01-01,1999-01-01,7602,0,0,7530,0,0,2019-12-23,2019-10-10,1999-01-01,2019-11-27,2019-07-22,1999-01-01,2020-02-18,2020-02-13,2020-02-07,2020-02-14,2020-02-11,2020-02-05,2019-12-26,2019-10-09,1999-01-01,2019-12-04,2019-08-01,1999-01-01,1,0,1,0,0,0,0,1,0,1,1,0,0,0,0,0,0,0,0,0,0,0,0,0,0,1,1,0,1,0,-1721400,,,,,,p2n,,n2p,Life.Bear,Life.BearRecovery,Life.Bear,Life.BearRecovery,Life.Bear,,
2020-02-20,0.74294,,,,,0.78289,0.80956,0.84151,0.88799,0.76715,0.78414,-0.01699,-0.01863,-0.02684,0.00164,,,-35.66,32.43,-5.85,49.66,-5.04,0.47,-6.46,0.38,21.0,27.0,15.0,38.0,12.0,4.0,12.0,5.0,-0.0,-0.0199,0.00496,-0.00639,0.7774,43.7382,27.84533,,,2.2512,15.34884,38.44961,,,37.66589,43.09437,29.15442,29.29099,,,0.02032,0.02134,,,-0.7843,-0.5862,-1.051,-0.2667,0.1981,-0.4648,0,0,0,,,,,,-0.15,,,0.771,0.876,0.951,0.763,0.836,0.939,2020-02-12,2019-12-17,2019-11-04,2020-02-04,2019-12-04,2019-10-24,-3.64,1.05,-12.9,4.78,-12.09,1.28,6.0,6.0,32.0,9.0,22.0,6.0,-1.0,0.0,-0.0,1.0,-1.0,0.0,0.769,0.794,0.75,0.759,0.74,0.744,2020-02-18,2020-02-07,2020-02-04,2020-02-14,2020-02-05,2020-02-03,0.025,0.0,0.0,0.02,0.024,100.0,2019-11-20,1999-01-01,1999-01-01,2020-02-12,2019-10-07,1999-01-01,305000.0,1721400.0,3959800.0,-10.76,39.79,110.64,0.021,0.0,0.0,-0.034,100.0,100.0,0.03063,0.0,0.0,-0.03172,100.0,100.0,43.682,58.071,0.0,40.756,18.102,100.0,53.798,47.038,57.102,38.45,42.1,4.294,41.487,66.85,0.0,39.962,22.529,100.0,2019-10-25,1999-01-01,1999-01-01,2019-08-14,1999-01-01,1999-01-01,7602,0,0,7530,0,0,2019-12-23,2019-10-10,1999-01-01,2019-11-27,2019-07-22,1999-01-01,2020-02-18,2020-02-13,2020-02-07,2020-02-14,2020-02-11,2020-02-05,2019-12-26,2019-10-09,1999-01-01,2019-12-04,2019-08-01,1999-01-01,1,0,1,0,0,0,0,1,0,1,1,0,0,0,0,0,0,0,0,0,0,0,0,0,0,1,1,0,1,0,,-3959800,,,,p2n,,n2p,p2p,Life.Bear,Life.BearRecovery,Life.Bear,Life.BearRecovery,Life.Bear,,
2020-02-21,0.73548,,,,,0.77879,0.80643,0.83929,0.88641,0.76137,0.7801,-0.01873,-0.01865,-0.02774,-8e-05,,,-35.01,32.43,-5.85,49.66,-5.04,0.47,-6.46,0.38,20.0,27.0,15.0,38.0,12.0,4.0,12.0,5.0,-0.0,-0.0149,0.00496,-0.00603,0.82346,45.15919,27.36441,,,3.67219,0.0,20.5168,0.0,,17.63901,35.14644,29.09872,29.17463,29.099,,0.02064,0.02154,,,-0.7998,-0.605,-1.0762,-0.2764,0.1948,-0.4712,0,0,0,,,,,,-0.15,,,0.771,0.876,0.951,0.763,0.836,0.939,2020-02-12,2019-12-17,2019-11-04,2020-02-04,2019-12-04,2019-10-24,-4.61,1.05,-12.9,4.78,-12.09,1.28,7.0,6.0,32.0,9.0,22.0,6.0,-1.0,0.0,-0.0,1.0,-1.0,0.0,0.769,0.794,0.75,0.759,0.74,0.744,2020-02-18,2020-02-07,2020-02-04,2020-02-14,2020-02-05,2020-02-03,0.025,0.0,0.0,0.02,0.024,100.0,2019-11-20,1999-01-01,1999-01-01,2020-02-12,2019-10-07,1999-01-01,1721400.0,3959800.0,7246800.0,39.79,110.64,115.96,0.021,0.0,0.0,-0.034,100.0,100.0,0.03063,0.0,0.0,-0.03172,100.0,100.0,43.682,58.071,0.0,29.099,40.756,18.102,53.798,47.038,57.102,0.0,38.45,42.1,41.487,66.85,0.0,39.962,22.529,100.0,2019-10-25,1999-01-01,1999-01-01,2019-08-14,1999-01-01,1999-01-01,7602,0,0,7530,0,0,2019-12-23,2019-10-10,1999-01-01,2020-02-21,2019-11-27,2019-07-22,2020-02-18,2020-02-13,2020-02-07,2020-02-21,2020-02-14,2020-02-11,2019-12-26,2019-10-09,1999-01-01,2019-12-04,2019-08-01,1999-01-01,1,0,1,0,0,0,0,1,0,1,1,0,0,0,0,0,0,0,1,0,0,0,0,0,0,1,1,0,1,0,,,,,p2n,,n2p,p2p,,Life.Bear,Life.BearRecovery,Life.Bear,Life.BearRecovery,Life.Bear,,
2020-02-24,0.72778,,,0.715,,0.77386,0.80283,0.83683,0.8847,0.75419,0.77526,-0.02107,-0.01913,-0.02866,-0.00193,,,-34.32,32.43,-5.85,49.66,-5.04,0.47,-6.46,0.38,19.0,27.0,15.0,38.0,12.0,4.0,12.0,5.0,-0.0,-0.0149,0.00461,-0.00709,0.64955,39.37729,26.90504,,,-2.10971,5.48712,6.94532,,,6.55166,20.61886,29.10274,29.11862,,,0.02058,0.02176,,,-0.8187,-0.6297,-1.1084,-0.2897,0.189,-0.4787,0,0,0,,,,,,-0.15,,,0.771,0.876,0.951,0.763,0.836,0.939,2020-02-12,2019-12-17,2019-11-04,2020-02-04,2019-12-04,2019-10-24,-5.61,1.05,-12.9,4.78,-12.09,1.28,8.0,6.0,32.0,9.0,22.0,6.0,-1.0,0.0,-0.0,1.0,-1.0,0.0,0.769,0.794,0.75,0.715,0.759,0.74,2020-02-18,2020-02-07,2020-02-04,2020-02-24,2020-02-14,2020-02-05,0.025,0.0,0.0,0.02,0.024,100.0,2019-11-20,1999-01-01,1999-01-01,2020-02-12,2019-10-07,1999-01-01,3959800.0,7246800.0,7183000.0,110.64,115.96,42.25,0.021,0.0,0.0,-0.034,100.0,100.0,0.03063,0.0,0.0,-0.03172,100.0,100.0,43.682,58.071,0.0,29.099,40.756,18.102,53.798,47.038,57.102,0.0,38.45,42.1,41.487,66.85,0.0,39.962,22.529,100.0,2019-10-25,1999-01-01,1999-01-01,2019-08-14,1999-01-01,1999-01-01,7602,0,0,7530,0,0,2019-12-23,2019-10-10,1999-01-01,2020-02-21,2019-11-27,2019-07-22,2020-02-18,2020-02-13,2020-02-07,2020-02-21,2020-02-14,2020-02-11,2019-12-26,2019-10-09,1999-01-01,2019-12-04,2019-08-01,1999-01-01,1,0,1,0,0,0,1,0,0,1,1,0,0,0,0,0,0,0,1,0,0,0,0,0,0,1,1,0,1,0,,,,,,n2p,p2p,,,Life.Bear,Life.BearRecovery,Life.Bear,Life.BearRecovery,Life.Bear,,
2020-02-25,0.72017,,,,0.72,0.76969,0.79957,0.83451,0.88306,0.74889,0.77114,-0.02226,-0.01976,-0.02958,-0.0025,,,-33.63,32.43,-5.85,49.66,-5.04,0.47,-6.46,0.38,18.0,27.0,15.0,38.0,12.0,4.0,12.0,5.0,0.005,0.0,0.00496,-0.00638,0.77828,43.76574,26.47578,,,2.27874,11.08623,5.52445,,11.086,7.46979,10.55349,29.1655,29.12232,,,0.02052,0.02199,,,-0.8349,-0.6482,-1.1337,-0.2988,0.1867,-0.4855,0,0,0,,,,,,-0.15,,,0.771,0.876,0.951,0.763,0.836,0.939,2020-02-12,2019-12-17,2019-11-04,2020-02-04,2019-12-04,2019-10-24,-6.59,1.05,-12.9,4.78,-12.09,1.28,9.0,6.0,32.0,9.0,22.0,6.0,-1.0,0.0,-0.0,1.0,-1.0,0.0,0.72,0.769,0.794,0.715,0.759,0.74,2020-02-25,2020-02-18,2020-02-07,2020-02-24,2020-02-14,2020-02-05,0.025,0.0,0.0,0.02,0.024,100.0,2019-11-20,1999-01-01,1999-01-01,2020-02-12,2019-10-07,1999-01-01,7246800.0,7183000.0,2340500.0,115.96,42.25,-8.81,0.021,0.0,0.0,-0.034,100.0,100.0,0.03063,0.0,0.0,-0.03172,100.0,100.0,43.682,58.071,0.0,29.099,40.756,18.102,11.086,53.798,47.038,0.0,38.45,42.1,41.487,66.85,0.0,39.962,22.529,100.0,2019-10-25,1999-01-01,1999-01-01,2019-08-14,1999-01-01,1999-01-01,7602,0,0,7530,0,0,2019-12-23,2019-10-10,1999-01-01,2020-02-21,2019-11-27,2019-07-22,2020-02-25,2020-02-18,2020-02-13,2020-02-21,2020-02-14,2020-02-11,2019-12-26,2019-10-09,1999-01-01,2019-12-04,2019-08-01,1999-01-01,1,0,1,0,1,0,1,0,0,1,1,0,0,0,0,0,1,0,1,0,0,0,0,0,0,1,1,0,1,0,,,2340500,,n2p,p2p,,,p2n,Life.Bear,Life.BearRecovery,Life.Bear,Life.BearRecovery,Life.Bear,,
2020-02-26,0.71296,,,,,0.76546,0.79624,0.83214,0.88139,0.74363,0.76696,-0.02334,-0.02047,-0.03052,-0.00286,,,-32.96,32.43,-5.85,49.66,-5.04,0.47,-6.46,0.38,17.0,27.0,15.0,38.0,12.0,4.0,12.0,5.0,-0.0,-0.005,0.00319,-0.00674,0.47296,32.10943,26.08507,,,-9.37757,10.49841,9.02392,,,13.0067,9.00938,29.2864,29.18488,,,0.02012,0.02223,,,-0.8515,-0.6668,-1.1593,-0.3078,0.1847,-0.4925,0,0,0,,,,,,-0.15,,,0.771,0.876,0.951,0.763,0.836,0.939,2020-02-12,2019-12-17,2019-11-04,2020-02-04,2019-12-04,2019-10-24,-7.53,1.05,-12.9,4.78,-12.09,1.28,10.0,6.0,32.0,9.0,22.0,6.0,-1.0,0.0,-0.0,1.0,-1.0,0.0,0.72,0.769,0.794,0.715,0.759,0.74,2020-02-25,2020-02-18,2020-02-07,2020-02-24,2020-02-14,2020-02-05,0.025,0.0,0.0,0.02,0.024,100.0,2019-11-20,1999-01-01,1999-01-01,2020-02-12,2019-10-07,1999-01-01,7183000.0,2340500.0,673900.0,42.25,-8.81,-39.19,0.021,0.0,0.0,-0.034,100.0,100.0,0.03063,0.0,0.0,-0.03172,100.0,100.0,43.682,58.071,0.0,29.099,40.756,18.102,11.086,53.798,47.038,0.0,38.45,42.1,41.487,66.85,0.0,39.962,22.529,100.0,2019-10-25,1999-01-01,1999-01-01,2019-08-14,1999-01-01,1999-01-01,7602,0,0,7530,0,0,2019-12-23,2019-10-10,1999-01-01,2020-02-21,2019-11-27,2019-07-22,2020-02-25,2020-02-18,2020-02-13,2020-02-21,2020-02-14,2020-02-11,2019-12-26,2019-10-09,1999-01-01,2019-12-04,2019-08-01,1999-01-01,1,0,1,0,1,0,1,0,0,1,1,0,0,0,0,0,1,0,1,0,0,0,0,0,0,1,1,0,1,0,,,,,p2p,,,p2n,,Life.Bear,Life.BearRecovery,Life.Bear,Life.BearRecovery,Life.Bear,,
2020-02-27,0.7064,,,,,0.76118,0.79285,0.82971,0.87968,0.73842,0.76273,-0.02431,-0.02124,-0.03145,-0.00306,,,-32.33,32.43,-5.85,49.66,-5.04,0.47,-6.46,0.38,16.0,27.0,15.0,38.0,12.0,4.0,12.0,5.0,-0.0,-0.0049,0.00106,-0.00709,0.1502,13.05872,25.74128,,,-28.42828,5.92417,9.1696,5.924,,14.01341,11.49663,29.46518,29.30569,,,0.01939,0.02248,,,-0.8683,-0.6853,-1.185,-0.3167,0.183,-0.4997,0,0,0,,,,,,-0.15,,,0.771,0.876,0.951,0.763,0.836,0.939,2020-02-12,2019-12-17,2019-11-04,2020-02-04,2019-12-04,2019-10-24,-8.38,1.05,-12.9,4.78,-12.09,1.28,11.0,6.0,32.0,9.0,22.0,6.0,-1.0,0.0,-0.0,1.0,-1.0,0.0,0.72,0.769,0.794,0.715,0.759,0.74,2020-02-25,2020-02-18,2020-02-07,2020-02-24,2020-02-14,2020-02-05,0.025,0.0,0.0,0.02,0.024,100.0,2019-11-20,1999-01-01,1999-01-01,2020-02-12,2019-10-07,1999-01-01,2340500.0,673900.0,838000.0,-8.81,-39.19,-62.22,0.021,0.0,0.0,-0.034,100.0,100.0,0.03063,0.0,0.0,-0.03172,100.0,100.0,43.682,58.071,0.0,29.099,40.756,18.102,11.086,53.798,47.038,5.924,0.0,38.45,41.487,66.85,0.0,39.962,22.529,100.0,2019-10-25,1999-01-01,1999-01-01,2019-08-14,1999-01-01,1999-01-01,7602,0,0,7530,0,0,2019-12-23,2019-10-10,1999-01-01,2020-02-21,2019-11-27,2019-07-22,2020-02-25,2020-02-18,2020-02-13,2020-02-27,2020-02-21,2020-02-14,2019-12-26,2019-10-09,1999-01-01,2019-12-04,2019-08-01,1999-01-01,1,0,1,0,1,0,1,0,0,1,1,0,0,0,0,0,1,0,0,0,0,0,0,0,0,1,1,0,1,0,,,,,,,p2n,,,Life.Bear,Life.BearRecovery,Life.Bear,Life.BearRecovery,Life.Bear,,
2020-02-28,0.70056,,,,,0.75608,0.78901,0.82704,0.87784,0.73173,0.7577,-0.02598,-0.02219,-0.03237,-0.00379,,,-31.77,32.43,-5.85,49.66,-5.04,0.47,-6.46,0.38,15.0,27.0,15.0,38.0,12.0,4.0,12.0,5.0,-0.0,-0.0149,0.00106,-0.00709,0.1502,13.05872,25.45267,,,-28.42828,10.07049,8.83102,,10.07,16.35425,14.45812,29.70191,29.4845,,,0.01978,0.02274,,,-0.8883,-0.7096,-1.2176,-0.3293,0.1787,-0.508,0,0,0,,,,,,-0.15,,,0.771,0.876,0.951,0.763,0.836,0.939,2020-02-12,2019-12-17,2019-11-04,2020-02-04,2019-12-04,2019-10-24,-9.14,1.05,-12.9,4.78,-12.09,1.28,12.0,6.0,32.0,9.0,22.0,6.0,-1.0,0.0,-0.0,1.0,-1.0,0.0,0.72,0.769,0.794,0.715,0.759,0.74,2020-02-25,2020-02-18,2020-02-07,2020-02-24,2020-02-14,2020-02-05,0.025,0.0,0.0,0.02,0.024,100.0,2019-11-20,1999-01-01,1999-01-01,2020-02-12,2019-10-07,1999-01-01,673900.0,838000.0,5061700.0,-39.19,-62.22,70.64,0.021,0.0,0.0,-0.034,100.0,100.0,0.03063,0.0,0.0,-0.03172,100.0,100.0,43.682,58.071,0.0,29.099,40.756,18.102,10.07,11.086,53.798,5.924,0.0,38.45,41.487,66.85,0.0,39.962,22.529,100.0,2019-10-25,1999-01-01,1999-01-01,2019-08-14,1999-01-01,1999-01-01,7602,0,0,7530,0,0,2019-12-23,2019-10-10,1999-01-01,2020-02-21,2019-11-27,2019-07-22,2020-02-28,2020-02-25,2020-02-18,2020-02-27,2020-02-21,2020-02-14,2019-12-26,2019-10-09,1999-01-01,2019-12-04,2019-08-01,1999-01-01,1,0,1,0,1,0,1,0,0,1,1,0,0,0,0,0,1,0,0,0,0,0,0,0,0,1,1,0,1,0,-5061700,,,,,p2n,,,n2p,Life.Bear,Life.BearRecovery,Life.Bear,Life.BearRecovery,Life.Bear,,
2020-03-02,0.69533,,,0.685,,0.75061,0.78493,0.82423,0.87592,0.72452,0.75231,-0.02779,-0.02331,-0.03327,-0.00448,,,-31.26,32.43,-5.85,49.66,-5.04,0.47,-6.46,0.38,14.0,27.0,15.0,38.0,12.0,4.0,12.0,5.0,-0.0,-0.01,0.00106,-0.00745,0.14286,12.5,25.22642,,,-28.987,4.93952,6.97806,4.94,,14.11035,14.826,29.99598,29.72102,,,0.01979,0.02302,,,-0.9099,-0.7362,-1.2531,-0.3432,0.1737,-0.5169,0,0,0,,,,,,-0.15,,,0.771,0.876,0.951,0.763,0.836,0.939,2020-02-12,2019-12-17,2019-11-04,2020-02-04,2019-12-04,2019-10-24,-9.81,1.05,-12.9,4.78,-12.09,1.28,13.0,6.0,32.0,9.0,22.0,6.0,-1.0,0.0,-0.0,1.0,-1.0,0.0,0.72,0.769,0.794,0.685,0.715,0.759,2020-02-25,2020-02-18,2020-02-07,2020-03-02,2020-02-24,2020-02-14,0.025,0.0,0.0,0.02,0.024,100.0,2019-11-20,1999-01-01,1999-01-01,2020-02-12,2019-10-07,1999-01-01,838000.0,5061700.0,1946500.0,-62.22,70.64,19.36,0.021,0.0,0.0,-0.034,100.0,100.0,0.03063,0.0,0.0,-0.03172,100.0,100.0,43.682,58.071,0.0,29.099,40.756,18.102,10.07,11.086,53.798,4.94,5.924,0.0,41.487,66.85,0.0,39.962,22.529,100.0,2019-10-25,1999-01-01,1999-01-01,2019-08-14,1999-01-01,1999-01-01,7602,0,0,7530,0,0,2019-12-23,2019-10-10,1999-01-01,2020-02-21,2019-11-27,2019-07-22,2020-02-28,2020-02-25,2020-02-18,2020-03-02,2020-02-27,2020-02-21,2019-12-26,2019-10-09,1999-01-01,2019-12-04,2019-08-01,1999-01-01,1,0,1,0,1,0,1,0,0,1,1,0,0,0,0,0,1,0,0,0,0,0,0,0,0,1,1,0,1,0,,,,,p2n,,,n2p,,Life.Bear,Life.BearRecovery,Life.Bear,Life.BearRecovery,Life.Bear,,
2020-03-03,0.69025,,,,0.69,0.74594,0.7812,0.82157,0.87407,0.7192,0.74769,-0.02849,-0.02434,-0.03415,-0.00415,,,-30.75,32.43,-5.85,49.66,-5.04,0.47,-6.46,0.38,13.0,27.0,15.0,38.0,12.0,4.0,12.0,5.0,0.005,0.0,0.00142,-0.00745,0.1908,16.02254,25.06832,,,-25.46446,9.97984,8.32995,,9.98,19.06247,16.50902,30.34709,30.01499,,,0.01944,0.02329,,,-0.9287,-0.7563,-1.2813,-0.3526,0.1724,-0.525,0,0,0,,,,,,-0.15,,,0.771,0.876,0.951,0.763,0.836,0.939,2020-02-12,2019-12-17,2019-11-04,2020-02-04,2019-12-04,2019-10-24,-10.47,1.05,-12.9,4.78,-12.09,1.28,14.0,6.0,32.0,9.0,22.0,6.0,-1.0,0.0,-0.0,1.0,-1.0,0.0,0.69,0.72,0.769,0.685,0.715,0.759,2020-03-03,2020-02-25,2020-02-18,2020-03-02,2020-02-24,2020-02-14,0.025,0.0,0.0,0.02,0.024,100.0,2019-11-20,1999-01-01,1999-01-01,2020-02-12,2019-10-07,1999-01-01,5061700.0,1946500.0,828900.0,70.64,19.36,-0.12,0.021,0.0,0.0,-0.034,100.0,100.0,0.03063,0.0,0.0,-0.03172,100.0,100.0,43.682,58.071,0.0,29.099,40.756,18.102,9.98,10.07,11.086,4.94,5.924,0.0,41.487,66.85,0.0,39.962,22.529,100.0,2019-10-25,1999-01-01,1999-01-01,2019-08-14,1999-01-01,1999-01-01,7602,0,0,7530,0,0,2019-12-23,2019-10-10,1999-01-01,2020-02-21,2019-11-27,2019-07-22,2020-03-03,2020-02-28,2020-02-25,2020-03-02,2020-02-27,2020-02-21,2019-12-26,2019-10-09,1999-01-01,2019-12-04,2019-08-01,1999-01-01,1,0,1,0,1,0,1,0,0,1,1,0,0,0,0,0,1,0,0,0,0,0,0,0,0,1,1,0,1,0,,,,,,,n2p,,,Life.Bear,Life.BearRecovery,Life.Bear,Life.BearRecovery,Life.Bear,,
2020-03-04,0.68437,,,,,0.74124,0.77742,0.81886,0.87219,0.71392,0.74304,-0.02912,-0.0253,-0.03499,-0.00382,,,-30.15,32.43,-5.85,49.66,-5.04,0.47,-6.46,0.38,12.0,27.0,15.0,38.0,12.0,4.0,12.0,5.0,-0.0,-0.005,0.00142,-0.00781,0.18207,15.40248,24.98347,,,-26.08452,4.93952,6.61962,,,15.71954,16.29746,30.75603,30.36637,,,0.01876,0.02358,,,-0.9477,-0.7762,-1.3095,-0.3618,0.1715,-0.5333,0,0,0,,,,,,-0.15,,,0.771,0.876,0.951,0.763,0.836,0.939,2020-02-12,2019-12-17,2019-11-04,2020-02-04,2019-12-04,2019-10-24,-11.24,1.05,-12.9,4.78,-12.09,1.28,15.0,6.0,32.0,9.0,22.0,6.0,-1.0,0.0,-0.0,1.0,-1.0,0.0,0.69,0.72,0.769,0.685,0.715,0.759,2020-03-03,2020-02-25,2020-02-18,2020-03-02,2020-02-24,2020-02-14,0.025,0.0,0.0,0.02,0.024,100.0,2019-11-20,1999-01-01,1999-01-01,2020-02-12,2019-10-07,1999-01-01,1946500.0,828900.0,1018600.0,19.36,-0.12,-51.59,0.021,0.0,0.0,-0.034,100.0,100.0,0.03063,0.0,0.0,-0.03172,100.0,100.0,43.682,58.071,0.0,29.099,40.756,18.102,9.98,10.07,11.086,4.94,5.924,0.0,41.487,66.85,0.0,39.962,22.529,100.0,2019-10-25,1999-01-01,1999-01-01,2019-08-14,1999-01-01,1999-01-01,7602,0,0,7530,0,0,2019-12-23,2019-10-10,1999-01-01,2020-02-21,2019-11-27,2019-07-22,2020-03-03,2020-02-28,2020-02-25,2020-03-02,2020-02-27,2020-02-21,2019-12-26,2019-10-09,1999-01-01,2019-12-04,2019-08-01,1999-01-01,1,0,1,0,1,0,1,0,0,1,1,0,0,0,0,0,1,0,0,0,0,0,0,0,0,1,1,0,1,0,,,,-1018600,,n2p,,,n2n,Life.Bear,Life.BearRecovery,Life.Bear,Life.BearRecovery,Life.Bear,,
2020-03-05,0.67651,,,,,0.73691,0.7738,0.81621,0.87032,0.70946,0.73873,-0.02928,-0.02609,-0.0358,-0.00318,,,-29.34,32.43,-5.85,49.66,-5.04,0.47,-6.46,0.38,11.0,27.0,15.0,38.0,12.0,4.0,12.0,5.0,0.0,0.0,0.00142,-0.00674,0.21081,17.41032,24.97636,24.976,,-24.07668,4.93952,6.61962,,,19.01255,17.93152,31.22395,30.77569,,,0.01849,0.02386,,,-0.9652,-0.793,-1.3341,-0.3689,0.1722,-0.5411,0,0,0,,,,,,-0.15,,,0.771,0.876,0.951,0.763,0.836,0.939,2020-02-12,2019-12-17,2019-11-04,2020-02-04,2019-12-04,2019-10-24,-12.26,1.05,-12.9,4.78,-12.09,1.28,16.0,6.0,32.0,9.0,22.0,6.0,-1.0,0.0,-0.0,1.0,-1.0,0.0,0.69,0.72,0.769,0.685,0.715,0.759,2020-03-03,2020-02-25,2020-02-18,2020-03-02,2020-02-24,2020-02-14,0.025,0.0,0.0,0.02,0.024,100.0,2019-11-20,1999-01-01,1999-01-01,2020-02-12,2019-10-07,1999-01-01,828900.0,1018600.0,1046700.0,-0.12,-51.59,-23.72,0.021,0.0,0.0,-0.034,100.0,100.0,0.03063,0.0,0.0,-0.03172,100.0,100.0,43.682,58.071,0.0,29.099,40.756,18.102,9.98,10.07,11.086,4.94,5.924,0.0,41.487,66.85,0.0,24.976,39.962,22.529,2019-10-25,1999-01-01,1999-01-01,2019-08-14,1999-01-01,1999-01-01,7602,0,0,7530,0,0,2019-12-23,2019-10-10,1999-01-01,2020-02-21,2019-11-27,2019-07-22,2020-03-03,2020-02-28,2020-02-25,2020-03-02,2020-02-27,2020-02-21,2019-12-26,2019-10-09,1999-01-01,2020-03-05,2019-12-04,2019-08-01,1,0,1,0,1,0,1,0,0,1,1,0,0,0,0,0,1,0,0,0,0,0,0,0,0,1,1,0,1,0,,,,,n2p,,,n2n,,Life.Bear,Life.BearRecovery,Life.Bear,Life.BearRecovery,Life.Bear,,
2020-03-06,0.66564,,,,,0.73291,0.77031,0.81361,0.86848,0.70568,0.73474,-0.02907,-0.02669,-0.03655,-0.00238,,,-28.19,32.43,-5.85,49.66,-5.04,0.47,-6.46,0.38,10.0,27.0,15.0,38.0,12.0,4.0,12.0,5.0,0.0,0.0,0.00071,-0.00674,0.10593,9.57854,25.05007,,,-15.39746,4.93952,4.93952,4.94,,18.94937,17.89382,31.75014,31.24337,,,0.01787,0.02415,,,-0.9817,-0.807,-1.3557,-0.374,0.1747,-0.5487,0,0,0,,,,,,-0.15,,,0.771,0.876,0.951,0.763,0.836,0.939,2020-02-12,2019-12-17,2019-11-04,2020-02-04,2019-12-04,2019-10-24,-13.67,1.05,-12.9,4.78,-12.09,1.28,17.0,6.0,32.0,9.0,22.0,6.0,-1.0,0.0,-0.0,1.0,-1.0,0.0,0.69,0.72,0.769,0.685,0.715,0.759,2020-03-03,2020-02-25,2020-02-18,2020-03-02,2020-02-24,2020-02-14,0.025,0.0,0.0,0.02,0.024,100.0,2019-11-20,1999-01-01,1999-01-01,2020-02-12,2019-10-07,1999-01-01,1018600.0,1046700.0,678900.0,-51.59,-23.72,-5.18,0.021,0.0,0.0,-0.034,100.0,100.0,0.03063,0.0,0.0,-0.03172,100.0,100.0,43.682,58.071,0.0,29.099,40.756,18.102,9.98,10.07,11.086,4.94,4.94,5.924,41.487,66.85,0.0,24.976,39.962,22.529,2019-10-25,1999-01-01,1999-01-01,2019-08-14,1999-01-01,1999-01-01,7602,0,0,7530,0,0,2019-12-23,2019-10-10,1999-01-01,2020-02-21,2019-11-27,2019-07-22,2020-03-03,2020-02-28,2020-02-25,2020-03-06,2020-03-02,2020-02-27,2019-12-26,2019-10-09,1999-01-01,2020-03-05,2019-12-04,2019-08-01,1,0,1,0,1,0,1,0,0,1,1,0,0,0,0,0,1,0,1,0,0,0,0,0,0,1,1,0,1,0,,,,,,,n2n,,,Life.Bear,Life.BearRecovery,Life.Bear,Life.BearRecovery,Life.Bear,,
2020-03-09,0.6511,,,,,0.72808,0.76638,0.81077,0.86651,0.7002,0.72995,-0.02975,-0.0273,-0.03724,-0.00245,,,-26.59,32.43,-5.85,49.66,-5.04,0.47,-6.46,0.38,9.0,27.0,15.0,38.0,12.0,4.0,12.0,5.0,-0.0,-0.0148,0.00071,-0.0078,0.09158,8.38926,25.20789,,,-16.58674,12.5105,7.46318,,12.51,25.9712,21.31104,32.33255,31.76888,,,0.01908,0.02444,,,-1.0013,-0.8269,-1.3843,-0.383,0.1744,-0.5574,0,0,0,,,,,,-0.15,,,0.771,0.876,0.951,0.763,0.836,0.939,2020-02-12,2019-12-17,2019-11-04,2020-02-04,2019-12-04,2019-10-24,-15.55,1.05,-12.9,4.78,-12.09,1.28,18.0,6.0,32.0,9.0,22.0,6.0,-1.0,0.0,-0.0,1.0,-1.0,0.0,0.69,0.72,0.769,0.685,0.715,0.759,2020-03-03,2020-02-25,2020-02-18,2020-03-02,2020-02-24,2020-02-14,0.025,0.0,0.0,0.02,0.024,100.0,2019-11-20,1999-01-01,1999-01-01,2020-02-12,2019-10-07,1999-01-01,1046700.0,678900.0,2161500.0,-23.72,-5.18,41.65,0.021,0.0,0.0,-0.034,100.0,100.0,0.03063,0.0,0.0,-0.03172,100.0,100.0,43.682,58.071,0.0,29.099,40.756,18.102,12.51,9.98,10.07,4.94,4.94,5.924,41.487,66.85,0.0,24.976,39.962,22.529,2019-10-25,1999-01-01,1999-01-01,2019-08-14,1999-01-01,1999-01-01,7602,0,0,7530,0,0,2019-12-23,2019-10-10,1999-01-01,2020-02-21,2019-11-27,2019-07-22,2020-03-09,2020-03-03,2020-02-28,2020-03-06,2020-03-02,2020-02-27,2019-12-26,2019-10-09,1999-01-01,2020-03-05,2019-12-04,2019-08-01,1,0,1,0,1,0,1,0,0,1,1,0,0,0,0,0,0,1,1,0,0,0,0,0,0,1,1,0,1,0,-2161500,,,,,n2n,,,n2p,Life.Bear,Life.BearRecovery,Life.Bear,Life.BearRecovery,Life.Bear,,
2020-03-10,0.63254,,,,,0.72323,0.76241,0.80788,0.8645,0.6948,0.72515,-0.03035,-0.02791,-0.03787,-0.00244,,,-24.43,32.43,-5.85,49.66,-5.04,0.47,-6.46,0.38,8.0,27.0,15.0,38.0,12.0,4.0,12.0,5.0,-0.0,-0.005,0.00071,-0.00781,0.09149,8.38223,25.45396,,,-16.59377,9.06593,8.83865,9.066,,26.78429,23.90162,32.96983,32.35084,,,0.01878,0.02473,,,-1.0209,-0.8465,-1.4127,-0.3918,0.1744,-0.5662,0,0,0,,,,,,-0.15,,,0.771,0.876,0.951,0.763,0.836,0.939,2020-02-12,2019-12-17,2019-11-04,2020-02-04,2019-12-04,2019-10-24,-17.96,1.05,-12.9,4.78,-12.09,1.28,19.0,6.0,32.0,9.0,22.0,6.0,-1.0,0.0,-0.0,1.0,-1.0,0.0,0.69,0.72,0.769,0.685,0.715,0.759,2020-03-03,2020-02-25,2020-02-18,2020-03-02,2020-02-24,2020-02-14,0.025,0.0,0.0,0.02,0.024,100.0,2019-11-20,1999-01-01,1999-01-01,2020-02-12,2019-10-07,1999-01-01,678900.0,2161500.0,2076400.0,-5.18,41.65,26.49,0.021,0.0,0.0,-0.034,100.0,100.0,0.03063,0.0,0.0,-0.03172,100.0,100.0,43.682,58.071,0.0,29.099,40.756,18.102,12.51,9.98,10.07,9.066,4.94,4.94,41.487,66.85,0.0,24.976,39.962,22.529,2019-10-25,1999-01-01,1999-01-01,2019-08-14,1999-01-01,1999-01-01,7602,0,0,7530,0,0,2019-12-23,2019-10-10,1999-01-01,2020-02-21,2019-11-27,2019-07-22,2020-03-09,2020-03-03,2020-02-28,2020-03-10,2020-03-06,2020-03-02,2019-12-26,2019-10-09,1999-01-01,2020-03-05,2019-12-04,2019-08-01,1,0,1,0,1,0,1,0,0,1,1,0,0,0,0,0,0,1,0,1,0,0,0,0,0,1,1,0,1,0,,,,,n2n,,,n2p,,Life.Bear,Life.BearRecovery,Life.Bear,Life.BearRecovery,Life.Bear,,
2020-03-11,0.61023,,,,,0.71876,0.75859,0.80506,0.86252,0.69023,0.7207,-0.03047,-0.02842,-0.03842,-0.00205,,,-21.67,32.43,-5.85,49.66,-5.04,0.47,-6.46,0.38,7.0,27.0,15.0,38.0,12.0,4.0,12.0,5.0,0.0,0.0,0.00071,-0.00639,0.11186,10.06036,25.79162,,,-14.91564,9.97984,10.51876,,9.98,25.93423,26.22991,33.66304,32.98847,,,0.0185,0.02502,,,-1.0393,-0.863,-1.4376,-0.3983,0.1763,-0.5746,0,0,0,,,,,,-0.15,,,0.771,0.876,0.951,0.763,0.836,0.939,2020-02-12,2019-12-17,2019-11-04,2020-02-04,2019-12-04,2019-10-24,-20.85,1.05,-12.9,4.78,-12.09,1.28,20.0,6.0,32.0,9.0,22.0,6.0,-1.0,0.0,-0.0,1.0,-1.0,0.0,0.69,0.72,0.769,0.685,0.715,0.759,2020-03-03,2020-02-25,2020-02-18,2020-03-02,2020-02-24,2020-02-14,0.025,0.0,0.0,0.02,0.024,100.0,2019-11-20,1999-01-01,1999-01-01,2020-02-12,2019-10-07,1999-01-01,2161500.0,2076400.0,1401500.0,41.65,26.49,14.7,0.021,0.0,0.0,-0.034,100.0,100.0,0.03063,0.0,0.0,-0.03172,100.0,100.0,43.682,58.071,0.0,29.099,40.756,18.102,9.98,12.51,9.98,9.066,4.94,4.94,41.487,66.85,0.0,24.976,39.962,22.529,2019-10-25,1999-01-01,1999-01-01,2019-08-14,1999-01-01,1999-01-01,7602,0,0,7530,0,0,2019-12-23,2019-10-10,1999-01-01,2020-02-21,2019-11-27,2019-07-22,2020-03-11,2020-03-09,2020-03-03,2020-03-10,2020-03-06,2020-03-02,2019-12-26,2019-10-09,1999-01-01,2020-03-05,2019-12-04,2019-08-01,1,0,1,0,1,0,1,0,0,1,1,0,0,0,0,0,1,0,0,1,0,0,0,0,0,1,1,0,1,0,,,,,,,n2p,,,Life.Bear,Life.BearRecovery,Life.Bear,Life.BearRecovery,Life.Bear,,
2020-03-12,0.58517,,,,,0.70967,0.7524,0.80101,0.85991,0.67644,0.71181,-0.03536,-0.02981,-0.03889,-0.00555,,,-18.31,32.43,-5.85,49.66,-5.04,0.47,-6.46,0.38,6.0,27.0,15.0,38.0,12.0,4.0,12.0,5.0,-0.0,-0.0645,0.00071,-0.00993,0.07194,6.71141,26.22339,,,-18.26459,3.73134,7.59237,3.731,,16.56562,23.09471,34.4146,33.68249,,,0.02214,0.0253,,,-1.0751,-0.9134,-1.5024,-0.4273,0.1617,-0.589,0,0,0,,,,,,-0.15,,,0.771,0.876,0.951,0.763,0.836,0.939,2020-02-12,2019-12-17,2019-11-04,2020-02-04,2019-12-04,2019-10-24,-24.1,1.05,-12.9,4.78,-12.09,1.28,21.0,6.0,32.0,9.0,22.0,6.0,-1.0,0.0,-0.0,1.0,-1.0,0.0,0.69,0.72,0.769,0.685,0.715,0.759,2020-03-03,2020-02-25,2020-02-18,2020-03-02,2020-02-24,2020-02-14,0.025,0.0,0.0,0.02,0.024,100.0,2019-11-20,1999-01-01,1999-01-01,2020-02-12,2019-10-07,1999-01-01,2076400.0,1401500.0,2181200.0,26.49,14.7,0.35,0.021,0.0,0.0,-0.034,100.0,100.0,0.03063,0.0,0.0,-0.03172,100.0,100.0,43.682,58.071,0.0,29.099,40.756,18.102,9.98,12.51,9.98,3.731,9.066,4.94,41.487,66.85,0.0,24.976,39.962,22.529,2019-10-25,1999-01-01,1999-01-01,2019-08-14,1999-01-01,1999-01-01,7602,0,0,7530,0,0,2019-12-23,2019-10-10,1999-01-01,2020-02-21,2019-11-27,2019-07-22,2020-03-11,2020-03-09,2020-03-03,2020-03-12,2020-03-10,2020-03-06,2019-12-26,2019-10-09,1999-01-01,2020-03-05,2019-12-04,2019-08-01,1,0,1,0,1,0,1,0,0,1,1,0,0,0,0,0,1,0,1,0,0,0,0,0,0,1,1,0,1,0,,,,,,n2p,,,,Life.Bear,Life.BearRecovery,Life.Bear,Life.BearRecovery,Life.Bear,,
2020-03-13,0.55901,,,,,0.69708,0.7443,0.79596,0.85679,0.65638,0.69952,-0.04315,-0.03248,-0.03926,-0.01067,,,-14.49,32.43,-5.85,49.66,-5.04,0.47,-6.46,0.38,5.0,27.0,15.0,38.0,12.0,4.0,12.0,5.0,-0.0,-0.0546,0.00071,-0.01276,0.05596,5.29942,26.7508,,,-19.67658,27.4595,13.72356,,27.46,20.02249,20.84078,35.22507,34.43424,,,0.02943,0.02558,,,-1.1249,-0.9888,-1.5971,-0.4722,0.1361,-0.6083,0,0,0,,,,,,-0.15,,,0.771,0.876,0.951,0.763,0.836,0.939,2020-02-12,2019-12-17,2019-11-04,2020-02-04,2019-12-04,2019-10-24,-27.5,1.05,-12.9,4.78,-12.09,1.28,22.0,6.0,32.0,9.0,22.0,6.0,-1.0,0.0,-0.0,1.0,-1.0,0.0,0.69,0.72,0.769,0.685,0.715,0.759,2020-03-03,2020-02-25,2020-02-18,2020-03-02,2020-02-24,2020-02-14,0.025,0.0,0.0,0.02,0.024,100.0,2019-11-20,1999-01-01,1999-01-01,2020-02-12,2019-10-07,1999-01-01,1401500.0,2181200.0,6340400.0,14.7,0.35,75.35,0.021,0.0,0.0,-0.034,100.0,100.0,0.03063,0.0,0.0,-0.03172,100.0,100.0,43.682,58.071,0.0,29.099,40.756,18.102,27.46,9.98,12.51,3.731,9.066,4.94,41.487,66.85,0.0,24.976,39.962,22.529,2019-10-25,1999-01-01,1999-01-01,2019-08-14,1999-01-01,1999-01-01,7602,0,0,7530,0,0,2019-12-23,2019-10-10,1999-01-01,2020-02-21,2019-11-27,2019-07-22,2020-03-13,2020-03-11,2020-03-09,2020-03-12,2020-03-10,2020-03-06,2019-12-26,2019-10-09,1999-01-01,2020-03-05,2019-12-04,2019-08-01,1,0,1,0,1,0,1,0,0,1,1,0,0,0,0,0,0,1,1,0,0,0,0,0,0,1,1,0,1,0,,-6340400,,,n2p,,,,p2p,Life.Bear,Life.BearRecovery,Life.Bear,Life.BearRecovery,Life.Bear,,
2020-03-16,0.53376,,,,,0.68164,0.73458,0.79002,0.8532,0.63175,0.68447,-0.05272,-0.03653,-0.03953,-0.0162,,,-10.45,32.43,-5.85,49.66,-5.04,0.47,-6.46,0.38,4.0,27.0,15.0,38.0,12.0,4.0,12.0,5.0,-0.0,-0.0497,0.00036,-0.01631,0.02189,2.14225,27.37451,,,-22.83375,8.14145,13.11076,8.141,,15.86663,17.48491,36.09274,35.24414,,,0.03087,0.02586,,,-1.1862,-1.0838,-1.7156,-0.5294,0.1024,-0.6318,0,0,0,,,,,,-0.15,,,0.771,0.876,0.951,0.763,0.836,0.939,2020-02-12,2019-12-17,2019-11-04,2020-02-04,2019-12-04,2019-10-24,-30.77,1.05,-12.9,4.78,-12.09,1.28,23.0,6.0,32.0,9.0,22.0,6.0,-1.0,0.0,-0.0,1.0,-1.0,0.0,0.69,0.72,0.769,0.685,0.715,0.759,2020-03-03,2020-02-25,2020-02-18,2020-03-02,2020-02-24,2020-02-14,0.025,0.0,0.0,0.02,0.024,100.0,2019-11-20,1999-01-01,1999-01-01,2020-02-12,2019-10-07,1999-01-01,2181200.0,6340400.0,3844100.0,0.35,75.35,24.62,0.021,0.0,0.0,-0.034,100.0,100.0,0.03063,0.0,0.0,-0.03172,100.0,100.0,43.682,58.071,0.0,29.099,40.756,18.102,27.46,9.98,12.51,8.141,3.731,9.066,41.487,66.85,0.0,24.976,39.962,22.529,2019-10-25,1999-01-01,1999-01-01,2019-08-14,1999-01-01,1999-01-01,7602,0,0,7530,0,0,2019-12-23,2019-10-10,1999-01-01,2020-02-21,2019-11-27,2019-07-22,2020-03-13,2020-03-11,2020-03-09,2020-03-16,2020-03-12,2020-03-10,2019-12-26,2019-10-09,1999-01-01,2020-03-05,2019-12-04,2019-08-01,1,0,1,0,1,0,1,0,0,1,1,0,0,0,0,0,0,1,0,0,0,0,0,0,0,1,1,0,1,0,,,,,,,,p2p,,Life.Bear,Life.BearRecovery,Life.Bear,Life.BearRecovery,Life.Bear,,
2020-03-17,0.51153,,,,,0.66586,0.72446,0.78382,0.84945,0.60786,0.66907,-0.0612,-0.04146,-0.0397,-0.01974,,,-6.55,32.43,-5.85,49.66,-5.04,0.47,-6.46,0.38,3.0,27.0,15.0,38.0,12.0,4.0,12.0,5.0,-0.0,-0.0198,0.00036,-0.01737,0.02056,2.0145,28.09485,,,-22.9615,10.91575,15.50557,,10.916,18.35698,18.08204,37.01362,36.11048,,,0.03221,0.02613,,,-1.2499,-1.1796,-1.8359,-0.586,0.0703,-0.6563,0,0,0,,,,,,-0.15,,,0.771,0.876,0.951,0.763,0.836,0.939,2020-02-12,2019-12-17,2019-11-04,2020-02-04,2019-12-04,2019-10-24,-33.65,1.05,-12.9,4.78,-12.09,1.28,24.0,6.0,32.0,9.0,22.0,6.0,-1.0,0.0,-0.0,1.0,-1.0,0.0,0.69,0.72,0.769,0.685,0.715,0.759,2020-03-03,2020-02-25,2020-02-18,2020-03-02,2020-02-24,2020-02-14,0.025,0.0,0.0,0.02,0.024,100.0,2019-11-20,1999-01-01,1999-01-01,2020-02-12,2019-10-07,1999-01-01,6340400.0,3844100.0,4556900.0,75.35,24.62,19.21,0.021,0.0,0.0,-0.034,100.0,100.0,0.03063,0.0,0.0,-0.03172,100.0,100.0,43.682,58.071,0.0,29.099,40.756,18.102,10.916,27.46,9.98,8.141,3.731,9.066,41.487,66.85,0.0,24.976,39.962,22.529,2019-10-25,1999-01-01,1999-01-01,2019-08-14,1999-01-01,1999-01-01,7602,0,0,7530,0,0,2019-12-23,2019-10-10,1999-01-01,2020-02-21,2019-11-27,2019-07-22,2020-03-17,2020-03-13,2020-03-11,2020-03-16,2020-03-12,2020-03-10,2019-12-26,2019-10-09,1999-01-01,2020-03-05,2019-12-04,2019-08-01,1,0,1,0,1,0,1,0,0,1,1,0,0,0,0,0,0,0,0,0,0,0,0,0,0,1,1,0,1,0,,,,,,,p2p,,,Life.Bear,Life.BearRecovery,Life.Bear,Life.BearRecovery,Life.Bear,,
2020-03-18,0.49416,,,,,0.65091,0.71454,0.77763,0.84569,0.58689,0.65443,-0.06755,-0.04668,-0.03976,-0.02087,,,-3.27,32.43,-5.85,49.66,-5.04,0.47,-6.46,0.38,2.0,27.0,15.0,38.0,12.0,4.0,12.0,5.0,-0.0,-0.005,0.00036,-0.01738,0.02055,2.01369,28.91111,,,-22.96231,9.60868,9.55529,,,11.2861,15.1699,37.98228,37.02955,,,0.03203,0.02639,,,-1.3115,-1.2672,-1.9478,-0.6363,0.0443,-0.6806,0,0,0,,,,,,-0.15,,,0.771,0.876,0.951,0.763,0.836,0.939,2020-02-12,2019-12-17,2019-11-04,2020-02-04,2019-12-04,2019-10-24,-35.91,1.05,-12.9,4.78,-12.09,1.28,25.0,6.0,32.0,9.0,22.0,6.0,-1.0,0.0,-0.0,1.0,-1.0,0.0,0.69,0.72,0.769,0.685,0.715,0.759,2020-03-03,2020-02-25,2020-02-18,2020-03-02,2020-02-24,2020-02-14,0.025,0.0,0.0,0.02,0.024,100.0,2019-11-20,1999-01-01,1999-01-01,2020-02-12,2019-10-07,1999-01-01,3844100.0,4556900.0,1701100.0,24.62,19.21,-31.47,0.021,0.0,0.0,-0.034,100.0,100.0,0.03063,0.0,0.0,-0.03172,100.0,100.0,43.682,58.071,0.0,29.099,40.756,18.102,10.916,27.46,9.98,8.141,3.731,9.066,41.487,66.85,0.0,24.976,39.962,22.529,2019-10-25,1999-01-01,1999-01-01,2019-08-14,1999-01-01,1999-01-01,7602,0,0,7530,0,0,2019-12-23,2019-10-10,1999-01-01,2020-02-21,2019-11-27,2019-07-22,2020-03-17,2020-03-13,2020-03-11,2020-03-16,2020-03-12,2020-03-10,2019-12-26,2019-10-09,1999-01-01,2020-03-05,2019-12-04,2019-08-01,1,0,1,0,1,0,1,0,0,1,1,0,0,0,0,0,0,0,0,0,0,0,0,0,0,1,1,0,1,0,,,-1701100,,,p2p,,,p2n,Life.Bear,Life.BearRecovery,Life.Bear,Life.BearRecovery,Life.Bear,,
2020-03-19,0.48284,,,0.427,,0.63367,0.70325,0.77068,0.84152,0.56226,0.63757,-0.07531,-0.05241,-0.03969,-0.02291,,,-1.0,32.43,-5.85,49.66,-5.04,0.47,-6.46,0.38,1.0,27.0,15.0,38.0,12.0,4.0,12.0,5.0,-0.0,-0.0447,0.00036,-0.01951,0.01831,1.79791,29.82138,,,-23.17809,0.0,6.84148,0.0,,8.04285,12.56198,38.99266,37.99619,,,0.03364,0.02663,,,-1.3827,-1.3701,-2.0785,-0.6958,0.0126,-0.7084,0,0,0,,,,,,-0.15,,,0.771,0.876,0.951,0.763,0.836,0.939,2020-02-12,2019-12-17,2019-11-04,2020-02-04,2019-12-04,2019-10-24,-37.37,1.05,-12.9,4.78,-12.09,1.28,26.0,6.0,32.0,9.0,22.0,6.0,-1.0,0.0,-0.0,1.0,-1.0,0.0,0.69,0.72,0.769,0.427,0.685,0.715,2020-03-03,2020-02-25,2020-02-18,2020-03-19,2020-03-02,2020-02-24,0.025,0.0,0.0,0.02,0.024,100.0,2019-11-20,1999-01-01,1999-01-01,2020-02-12,2019-10-07,1999-01-01,4556900.0,1701100.0,3316900.0,19.21,-31.47,-5.22,0.021,0.0,0.0,-0.034,100.0,100.0,0.03063,0.0,0.0,-0.03172,100.0,100.0,43.682,58.071,0.0,29.099,40.756,18.102,10.916,27.46,9.98,0.0,8.141,3.731,41.487,66.85,0.0,24.976,39.962,22.529,2019-10-25,1999-01-01,1999-01-01,2019-08-14,1999-01-01,1999-01-01,7602,0,0,7530,0,0,2019-12-23,2019-10-10,1999-01-01,2020-02-21,2019-11-27,2019-07-22,2020-03-17,2020-03-13,2020-03-11,2020-03-19,2020-03-16,2020-03-12,2019-12-26,2019-10-09,1999-01-01,2020-03-05,2019-12-04,2019-08-01,1,0,1,0,1,0,1,0,0,1,1,0,0,0,0,0,0,0,1,0,0,0,0,0,0,1,1,0,1,0,,,,,p2p,,,p2n,,Life.Bear,Life.BearRecovery,Life.Bear,Life.BearRecovery,Life.Bear,,
2020-03-20,0.47806,0.478,,,0.457,0.62005,0.69358,0.76446,0.83769,0.546,0.62416,-0.07816,-0.05756,-0.03951,-0.02061,-0.04,,32.41,-5.85,49.66,-5.04,0.47,-6.46,0.38,-14.89,27.0,15.0,38.0,12.0,4.0,12.0,5.0,22.0,0.0298,0.0,0.00249,-0.01879,0.13227,11.68177,30.82331,,,-13.29423,10.91575,6.84148,,10.916,12.11844,10.48246,40.03819,39.00438,,,0.03373,0.02687,,,-1.4411,-1.4441,-2.1764,-0.7353,-0.003,-0.7323,0,0,0,,,,,,-0.15,,,0.771,0.876,0.951,0.478,0.763,0.836,2020-02-12,2019-12-17,2019-11-04,2020-03-20,2020-02-04,2019-12-04,0.0,-38.0,1.05,-12.9,4.78,-12.09,0.0,27.0,6.0,32.0,9.0,22.0,0.0,-1.0,0.0,-0.0,1.0,-1.0,0.457,0.69,0.72,0.427,0.685,0.715,2020-03-20,2020-03-03,2020-02-25,2020-03-19,2020-03-02,2020-02-24,0.025,0.0,0.0,0.02,0.024,100.0,2019-11-20,1999-01-01,1999-01-01,2020-02-12,2019-10-07,1999-01-01,1701100.0,3316900.0,4272100.0,-31.47,-5.22,-2.97,0.021,0.0,0.0,-0.04,-0.034,100.0,0.03063,0.0,0.0,-0.05756,-0.03172,100.0,43.682,58.071,0.0,29.099,40.756,18.102,10.916,10.916,27.46,0.0,8.141,3.731,41.487,66.85,0.0,24.976,39.962,22.529,2019-10-25,1999-01-01,1999-01-01,2020-03-20,2019-08-14,1999-01-01,7602,0,0,219,7530,0,2019-12-23,2019-10-10,1999-01-01,2020-02-21,2019-11-27,2019-07-22,2020-03-20,2020-03-17,2020-03-13,2020-03-19,2020-03-16,2020-03-12,2019-12-26,2019-10-09,1999-01-01,2020-03-05,2019-12-04,2019-08-01,1,0,1,0,1,0,1,0,0,1,1,0,0,0,0,0,1,0,1,0,0,0,0,0,0,1,1,0,1,0,,,,,,,p2n,,,Life.Bear,Life.BearRecovery,Life.Bear,Life.BearRecovery,Life.Bear,,
2020-03-23,0.4795,,,0.447,,0.60671,0.6839,0.75817,0.8338,0.53072,0.61102,-0.08029,-0.0621,-0.0392,-0.01819,,,32.01,-5.85,49.66,-5.04,0.47,-6.46,0.38,-14.89,26.0,15.0,38.0,12.0,4.0,12.0,5.0,22.0,-0.0,-0.0099,0.00213,-0.0195,0.10916,9.84148,31.91401,,,-15.13452,7.28938,6.06838,7.289,,17.8777,12.67966,41.11245,40.04777,,,0.03202,0.02709,,,-1.499,-1.5146,-2.2709,-0.7719,-0.0156,-0.7563,0,0,0,,,,,,-0.15,,,0.771,0.876,0.951,0.478,0.763,0.836,2020-02-12,2019-12-17,2019-11-04,2020-03-20,2020-02-04,2019-12-04,0.31,-38.0,1.05,-12.9,4.78,-12.09,1.0,27.0,6.0,32.0,9.0,22.0,0.0,-1.0,0.0,-0.0,1.0,-1.0,0.457,0.69,0.72,0.447,0.427,0.685,2020-03-20,2020-03-03,2020-02-25,2020-03-23,2020-03-19,2020-03-02,0.025,0.0,0.0,0.02,0.024,100.0,2019-11-20,1999-01-01,1999-01-01,2020-02-12,2019-10-07,1999-01-01,3316900.0,4272100.0,1064900.0,-5.22,-2.97,-6.85,0.021,0.0,0.0,-0.04,-0.034,100.0,0.03063,0.0,0.0,-0.05756,-0.03172,100.0,43.682,58.071,0.0,29.099,40.756,18.102,10.916,10.916,27.46,7.289,0.0,8.141,41.487,66.85,0.0,24.976,39.962,22.529,2019-10-25,1999-01-01,1999-01-01,2020-03-20,2019-08-14,1999-01-01,7602,0,0,219,7530,0,2019-12-23,2019-10-10,1999-01-01,2020-02-21,2019-11-27,2019-07-22,2020-03-20,2020-03-17,2020-03-13,2020-03-23,2020-03-19,2020-03-16,2019-12-26,2019-10-09,1999-01-01,2020-03-05,2019-12-04,2019-08-01,1,0,1,0,1,0,0,0,0,1,1,0,0,0,0,0,1,0,0,0,0,0,0,0,0,1,1,0,1,0,,,,,,p2n,,,,Life.Bear,Life.BearRecovery,Life.Bear,Life.BearRecovery,Life.Bear,,
2020-03-24,0.48597,,,,,0.5967,0.67577,0.75259,0.83025,0.52238,0.60105,-0.07867,-0.06542,-0.03876,-0.01325,,,30.26,-5.85,49.66,-5.04,0.47,-6.46,0.38,-14.89,25.0,15.0,38.0,12.0,4.0,12.0,5.0,22.0,0.0298,0.0,0.00426,-0.01914,0.22239,18.19292,33.0894,,,-6.78308,18.20513,12.13675,,,41.71463,23.90359,42.20862,41.11975,,,0.03222,0.02729,,,-1.5448,-1.5589,-2.3355,-0.7907,-0.0141,-0.7766,0,0,0,,,,,,-0.15,,,0.771,0.876,0.951,0.478,0.763,0.836,2020-02-12,2019-12-17,2019-11-04,2020-03-20,2020-02-04,2019-12-04,1.67,-38.0,1.05,-12.9,4.78,-12.09,2.0,27.0,6.0,32.0,9.0,22.0,1.0,-1.0,0.0,-0.0,1.0,-1.0,0.457,0.69,0.72,0.447,0.427,0.685,2020-03-20,2020-03-03,2020-02-25,2020-03-23,2020-03-19,2020-03-02,0.025,0.0,0.0,0.02,0.024,100.0,2019-11-20,1999-01-01,1999-01-01,2020-02-12,2019-10-07,1999-01-01,4272100.0,1064900.0,1336100.0,-2.97,-6.85,-22.89,0.021,0.0,0.0,-0.04,-0.034,100.0,0.03063,0.0,0.0,-0.05756,-0.03172,100.0,43.682,58.071,0.0,29.099,40.756,18.102,10.916,10.916,27.46,7.289,0.0,8.141,41.487,66.85,0.0,24.976,39.962,22.529,2019-10-25,1999-01-01,1999-01-01,2020-03-20,2019-08-14,1999-01-01,7602,0,0,219,7530,0,2019-12-23,2019-10-10,1999-01-01,2020-02-21,2019-11-27,2019-07-22,2020-03-20,2020-03-17,2020-03-13,2020-03-23,2020-03-19,2020-03-16,2019-12-26,2019-10-09,1999-01-01,2020-03-05,2019-12-04,2019-08-01,1,0,1,0,1,0,0,0,0,1,1,0,0,0,0,0,1,0,0,0,0,0,0,0,0,1,1,0,1,0,,,,,p2n,,,,,Life.Bear,Life.BearRecovery,Life.Bear,Life.BearRecovery,Life.Bear,,
2020-03-25,0.49578,,,,,0.58821,0.66834,0.74732,0.82683,0.51685,0.59256,-0.07571,-0.06748,-0.03819,-0.00824,,,27.68,-5.85,49.66,-5.04,0.47,-6.46,0.38,-14.89,24.0,15.0,38.0,12.0,4.0,12.0,5.0,22.0,0.0099,0.0,0.00496,-0.01914,0.25933,20.59259,34.34277,,,-4.38341,22.65298,16.04916,,,60.04796,39.8801,43.31869,42.21325,,,0.03169,0.02747,,,-1.5849,-1.5911,-2.3862,-0.8013,-0.0062,-0.7951,0,0,0,,,,,,-0.15,,,0.771,0.876,0.951,0.478,0.763,0.836,2020-02-12,2019-12-17,2019-11-04,2020-03-20,2020-02-04,2019-12-04,3.72,-38.0,1.05,-12.9,4.78,-12.09,3.0,27.0,6.0,32.0,9.0,22.0,1.0,-1.0,0.0,-0.0,1.0,-1.0,0.457,0.69,0.72,0.447,0.427,0.685,2020-03-20,2020-03-03,2020-02-25,2020-03-23,2020-03-19,2020-03-02,0.025,0.0,0.0,0.02,0.024,100.0,2019-11-20,1999-01-01,1999-01-01,2020-02-12,2019-10-07,1999-01-01,1064900.0,1336100.0,3533700.0,-6.85,-22.89,-11.07,0.021,0.0,0.0,-0.04,-0.034,100.0,0.03063,0.0,0.0,-0.05756,-0.03172,100.0,43.682,58.071,0.0,29.099,40.756,18.102,10.916,10.916,27.46,7.289,0.0,8.141,41.487,66.85,0.0,24.976,39.962,22.529,2019-10-25,1999-01-01,1999-01-01,2020-03-20,2019-08-14,1999-01-01,7602,0,0,219,7530,0,2019-12-23,2019-10-10,1999-01-01,2020-02-21,2019-11-27,2019-07-22,2020-03-20,2020-03-17,2020-03-13,2020-03-23,2020-03-19,2020-03-16,2019-12-26,2019-10-09,1999-01-01,2020-03-05,2019-12-04,2019-08-01,1,0,1,0,1,0,0,0,0,1,1,0,0,0,0,0,1,0,0,0,0,0,0,0,0,1,1,0,1,0,,,,,,,,,,Life.Bear,Life.BearRecovery,Life.Bear,Life.BearRecovery,Life.Bear,,
2020-03-26,0.50735,,,,,0.58305,0.66257,0.74284,0.82378,0.5175,0.58727,-0.06977,-0.06793,-0.03749,-0.00183,,,24.77,-5.85,49.66,-5.04,0.47,-6.46,0.38,-14.89,23.0,15.0,38.0,12.0,4.0,12.0,5.0,22.0,0.0347,0.0,0.00744,-0.01914,0.38881,27.9957,35.66447,,,3.0197,35.84189,25.56667,,,75.87912,59.2139,44.43211,43.3198,,,0.03368,0.02764,,,-1.6121,-1.5979,-2.4073,-0.7952,0.0142,-0.8094,0,0,0,,,,,,-0.15,,,0.771,0.876,0.951,0.478,0.763,0.836,2020-02-12,2019-12-17,2019-11-04,2020-03-20,2020-02-04,2019-12-04,6.14,-38.0,1.05,-12.9,4.78,-12.09,4.0,27.0,6.0,32.0,9.0,22.0,2.0,-1.0,0.0,-0.0,1.0,-1.0,0.457,0.69,0.72,0.447,0.427,0.685,2020-03-20,2020-03-03,2020-02-25,2020-03-23,2020-03-19,2020-03-02,0.025,0.0,0.0,0.02,0.024,100.0,2019-11-20,1999-01-01,1999-01-01,2020-02-12,2019-10-07,1999-01-01,1336100.0,3533700.0,2799500.0,-22.89,-11.07,29.23,0.021,0.0,0.0,-0.04,-0.034,100.0,0.03063,0.0,0.0,-0.05756,-0.03172,100.0,43.682,58.071,0.0,29.099,40.756,18.102,10.916,10.916,27.46,7.289,0.0,8.141,41.487,66.85,0.0,24.976,39.962,22.529,2019-10-25,1999-01-01,1999-01-01,2020-03-20,2019-08-14,1999-01-01,7602,0,0,219,7530,0,2019-12-23,2019-10-10,1999-01-01,2020-02-21,2019-11-27,2019-07-22,2020-03-20,2020-03-17,2020-03-13,2020-03-23,2020-03-19,2020-03-16,2019-12-26,2019-10-09,1999-01-01,2020-03-05,2019-12-04,2019-08-01,1,0,1,0,1,0,0,0,0,1,1,0,0,0,0,0,1,0,0,0,0,0,0,0,0,1,1,0,1,0,2799500,,,,,,,,n2p,Life.Bear,Life.BearRecovery,Life.Bear,Life.BearRecovery,Life.Bear,,
2020-03-27,0.51949,,,,,0.57867,0.65721,0.73855,0.82082,0.51882,0.58274,-0.06391,-0.06713,-0.03667,0.00322,,,21.85,-5.85,49.66,-5.04,0.47,-6.46,0.38,-14.89,22.0,15.0,38.0,12.0,4.0,12.0,5.0,22.0,0.005,0.0,0.0078,-0.01809,0.43128,30.13245,37.04192,,,5.15645,39.21801,32.57096,,,75.2179,70.38166,45.53473,44.42851,,,0.03412,0.02778,,,-1.6361,-1.5988,-2.4215,-0.7854,0.0373,-0.8227,0,0,0,,,,,,-0.15,,,0.771,0.876,0.951,0.478,0.763,0.836,2020-02-12,2019-12-17,2019-11-04,2020-03-20,2020-02-04,2019-12-04,8.68,-38.0,1.05,-12.9,4.78,-12.09,5.0,27.0,6.0,32.0,9.0,22.0,2.0,-1.0,0.0,-0.0,1.0,-1.0,0.457,0.69,0.72,0.447,0.427,0.685,2020-03-20,2020-03-03,2020-02-25,2020-03-23,2020-03-19,2020-03-02,0.025,0.0,0.0,0.02,0.024,100.0,2019-11-20,1999-01-01,1999-01-01,2020-02-12,2019-10-07,1999-01-01,3533700.0,2799500.0,4932700.0,-11.07,29.23,46.9,0.021,0.0,0.0,-0.04,-0.034,100.0,0.03063,0.0,0.0,-0.05756,-0.03172,100.0,43.682,58.071,0.0,29.099,40.756,18.102,10.916,10.916,27.46,7.289,0.0,8.141,41.487,66.85,0.0,24.976,39.962,22.529,2019-10-25,1999-01-01,1999-01-01,2020-03-20,2019-08-14,1999-01-01,7602,0,0,219,7530,0,2019-12-23,2019-10-10,1999-01-01,2020-02-21,2019-11-27,2019-07-22,2020-03-20,2020-03-17,2020-03-13,2020-03-23,2020-03-19,2020-03-16,2019-12-26,2019-10-09,1999-01-01,2020-03-05,2019-12-04,2019-08-01,1,0,1,0,1,0,0,0,0,1,1,0,0,0,0,0,1,0,0,0,0,0,0,0,0,1,1,0,1,0,,,,,,,,n2p,,Life.Bear,Life.BearRecovery,Life.Bear,Life.BearRecovery,Life.Bear,,
2020-03-30,0.53122,,,,,0.57539,0.65246,0.73454,0.81799,0.52147,0.57927,-0.05781,-0.06527,-0.03572,0.00746,,,19.16,-5.85,49.66,-5.04,0.47,-6.46,0.38,-14.89,21.0,15.0,38.0,12.0,4.0,12.0,5.0,22.0,0.0099,0.0,0.00851,-0.01773,0.47985,32.42581,38.46101,,,7.44981,43.12796,39.39595,,,74.28384,75.12695,46.61046,45.52577,,,0.0331,0.0279,,,-1.6553,-1.5915,-2.426,-0.7707,0.0638,-0.8345,0,0,1,,,,,,-0.15,,,0.771,0.876,0.951,0.478,0.763,0.836,2020-02-12,2019-12-17,2019-11-04,2020-03-20,2020-02-04,2019-12-04,11.13,-38.0,1.05,-12.9,4.78,-12.09,6.0,27.0,6.0,32.0,9.0,22.0,2.0,-1.0,0.0,-0.0,1.0,-1.0,0.457,0.69,0.72,0.447,0.427,0.685,2020-03-20,2020-03-03,2020-02-25,2020-03-23,2020-03-19,2020-03-02,0.025,0.0,0.0,0.02,0.024,100.0,2019-11-20,1999-01-01,1999-01-01,2020-02-12,2019-10-07,1999-01-01,2799500.0,4932700.0,988400.0,29.23,46.9,-22.59,0.021,0.0,0.0,-0.04,-0.034,100.0,0.03063,0.0,0.0,-0.05756,-0.03172,100.0,43.682,58.071,0.0,29.099,40.756,18.102,10.916,10.916,27.46,7.289,0.0,8.141,41.487,66.85,0.0,24.976,39.962,22.529,2019-10-25,1999-01-01,1999-01-01,2020-03-20,2019-08-14,1999-01-01,7602,0,0,219,7530,0,2019-12-23,2019-10-10,1999-01-01,2020-02-21,2019-11-27,2019-07-22,2020-03-20,2020-03-17,2020-03-13,2020-03-23,2020-03-19,2020-03-16,2019-12-26,2019-10-09,1999-01-01,2020-03-05,2019-12-04,2019-08-01,1,0,1,0,1,0,0,0,0,1,1,0,0,0,0,0,1,0,0,0,0,0,0,0,0,1,1,0,1,0,,,988400,,,,n2p,,p2n,Life.Bear,Life.BearRecovery,Life.Bear,Life.BearRecovery,Life.Bear,,
2020-03-31,0.54167,,,,0.561,0.57427,0.64887,0.7311,0.81543,0.52753,0.57791,-0.05038,-0.06229,-0.03465,0.01191,,,16.86,-5.85,49.66,-5.04,0.47,-6.46,0.38,-14.89,20.0,15.0,38.0,12.0,4.0,12.0,5.0,22.0,0.0249,0.0,0.01029,-0.01773,0.58018,36.71596,39.90751,,,11.73996,56.2736,46.20653,,,82.24165,77.2478,47.64389,46.59636,,,0.03252,0.02799,,,-1.6656,-1.5683,-2.4116,-0.746,0.0973,-0.8433,1,0,1,,,,,,-0.15,,,0.771,0.876,0.951,0.478,0.763,0.836,2020-02-12,2019-12-17,2019-11-04,2020-03-20,2020-02-04,2019-12-04,13.32,-38.0,1.05,-12.9,4.78,-12.09,7.0,27.0,6.0,32.0,9.0,22.0,2.0,-1.0,0.0,-0.0,1.0,-1.0,0.561,0.457,0.69,0.447,0.427,0.685,2020-03-31,2020-03-20,2020-03-03,2020-03-23,2020-03-19,2020-03-02,0.025,0.0,0.0,0.02,0.024,100.0,2019-11-20,1999-01-01,1999-01-01,2020-02-12,2019-10-07,1999-01-01,4932700.0,988400.0,2313400.0,46.9,-22.59,-5.57,0.021,0.0,0.0,-0.04,-0.034,100.0,0.03063,0.0,0.0,-0.05756,-0.03172,100.0,43.682,58.071,0.0,29.099,40.756,18.102,10.916,10.916,27.46,7.289,0.0,8.141,41.487,66.85,0.0,24.976,39.962,22.529,2019-10-25,1999-01-01,1999-01-01,2020-03-20,2019-08-14,1999-01-01,7602,0,0,219,7530,0,2019-12-23,2019-10-10,1999-01-01,2020-02-21,2019-11-27,2019-07-22,2020-03-20,2020-03-17,2020-03-13,2020-03-23,2020-03-19,2020-03-16,2019-12-26,2019-10-09,1999-01-01,2020-03-05,2019-12-04,2019-08-01,1,0,1,0,0,0,0,0,0,1,1,0,0,0,0,0,1,0,0,0,0,0,0,0,0,1,1,0,1,0,,,,,,n2p,,p2n,,Life.Bear,Life.BearRecovery,Life.Bear,Life.BearRecovery,Life.Bear,,
2020-04-01,0.55039,,,0.556,,0.57286,0.64522,0.72763,0.81285,0.5319,0.57628,-0.04439,-0.05871,-0.03347,0.01432,,,15.01,-5.85,49.66,-5.04,0.47,-6.46,0.38,-14.89,19.0,15.0,38.0,12.0,4.0,12.0,5.0,22.0,-0.0,-0.005,0.01029,-0.01348,0.76312,43.28224,41.36641,,,18.30624,81.24607,60.21588,,,83.63292,80.0528,48.62219,47.62551,,,0.03232,0.02806,,,-1.6763,-1.5477,-2.3999,-0.7236,0.1286,-0.8522,1,0,1,,,,,,-0.15,,,0.771,0.876,0.951,0.478,0.763,0.836,2020-02-12,2019-12-17,2019-11-04,2020-03-20,2020-02-04,2019-12-04,15.14,-38.0,1.05,-12.9,4.78,-12.09,8.0,27.0,6.0,32.0,9.0,22.0,2.0,-1.0,0.0,-0.0,1.0,-1.0,0.561,0.457,0.69,0.556,0.447,0.427,2020-03-31,2020-03-20,2020-03-03,2020-04-01,2020-03-23,2020-03-19,0.025,0.0,0.0,0.02,0.024,100.0,2019-11-20,1999-01-01,1999-01-01,2020-02-12,2019-10-07,1999-01-01,988400.0,2313400.0,4152000.0,-22.59,-5.57,-9.48,0.021,0.0,0.0,-0.04,-0.034,100.0,0.03063,0.0,0.0,-0.05756,-0.03172,100.0,43.682,58.071,0.0,29.099,40.756,18.102,10.916,10.916,27.46,7.289,0.0,8.141,41.487,66.85,0.0,24.976,39.962,22.529,2019-10-25,1999-01-01,1999-01-01,2020-03-20,2019-08-14,1999-01-01,7602,0,0,219,7530,0,2019-12-23,2019-10-10,1999-01-01,2020-02-21,2019-11-27,2019-07-22,2020-03-20,2020-03-17,2020-03-13,2020-03-23,2020-03-19,2020-03-16,2019-12-26,2019-10-09,1999-01-01,2020-03-05,2019-12-04,2019-08-01,1,0,1,0,0,0,0,1,0,1,1,0,0,0,0,0,1,0,0,0,0,0,0,0,0,1,1,0,1,0,,,,,n2p,,p2n,,,Life.Bear,Life.BearRecovery,Life.Bear,Life.BearRecovery,Life.Bear,,
2020-04-02,0.55718,,,,0.566,0.57232,0.64211,0.72443,0.81039,0.53711,0.57551,-0.03839,-0.05465,-0.03219,0.01625,,,13.61,-5.85,49.66,-5.04,0.47,-6.46,0.38,-14.89,18.0,15.0,38.0,12.0,4.0,12.0,5.0,22.0,0.0099,0.0,0.01099,-0.00958,1.14765,53.4375,42.82345,,,28.4615,90.31839,75.94602,,90.318,82.90032,82.92496,49.53482,48.6003,,,0.03108,0.0281,,,-1.6828,-1.5211,-2.3807,-0.6979,0.1617,-0.8596,1,0,1,,,,,,-0.15,,,0.771,0.876,0.951,0.478,0.763,0.836,2020-02-12,2019-12-17,2019-11-04,2020-03-20,2020-02-04,2019-12-04,16.56,-38.0,1.05,-12.9,4.78,-12.09,9.0,27.0,6.0,32.0,9.0,22.0,2.0,-1.0,0.0,-0.0,1.0,-1.0,0.566,0.561,0.457,0.556,0.447,0.427,2020-04-02,2020-03-31,2020-03-20,2020-04-01,2020-03-23,2020-03-19,0.025,0.0,0.0,0.02,0.024,100.0,2019-11-20,1999-01-01,1999-01-01,2020-02-12,2019-10-07,1999-01-01,2313400.0,4152000.0,883800.0,-5.57,-9.48,-1.4,0.021,0.0,0.0,-0.04,-0.034,100.0,0.03063,0.0,0.0,-0.05756,-0.03172,100.0,43.682,58.071,0.0,29.099,40.756,18.102,90.318,10.916,10.916,7.289,0.0,8.141,41.487,66.85,0.0,24.976,39.962,22.529,2019-10-25,1999-01-01,1999-01-01,2020-03-20,2019-08-14,1999-01-01,7602,0,0,219,7530,0,2019-12-23,2019-10-10,1999-01-01,2020-02-21,2019-11-27,2019-07-22,2020-04-02,2020-03-20,2020-03-17,2020-03-23,2020-03-19,2020-03-16,2019-12-26,2019-10-09,1999-01-01,2020-03-05,2019-12-04,2019-08-01,1,0,1,0,0,1,0,1,0,1,1,0,0,0,0,0,0,1,0,0,0,0,0,0,0,1,1,0,1,0,,,,,,p2n,,,,Life.Bear,Life.BearRecovery,Life.Bear,Life.BearRecovery,Life.Bear,,
2020-04-03,0.5621,,,0.556,,0.57105,0.63873,0.72109,0.80786,0.54,0.57405,-0.03405,-0.05053,-0.03082,0.01648,,,12.61,-5.85,49.66,-5.04,0.47,-6.46,0.38,-14.89,17.0,15.0,38.0,12.0,4.0,12.0,5.0,22.0,-0.0,-0.0099,0.01099,-0.00674,1.63203,62.00645,44.26512,,,37.03045,83.88564,85.15003,83.886,,69.03007,78.5211,50.37342,49.51014,,,0.02992,0.02812,,,-1.6913,-1.5004,-2.3681,-0.6768,0.1909,-0.8677,1,0,1,,,,,,-0.15,,,0.771,0.876,0.951,0.478,0.763,0.836,2020-02-12,2019-12-17,2019-11-04,2020-03-20,2020-02-04,2019-12-04,17.59,-38.0,1.05,-12.9,4.78,-12.09,10.0,27.0,6.0,32.0,9.0,22.0,2.0,-1.0,0.0,-0.0,1.0,-1.0,0.566,0.561,0.457,0.556,0.556,0.447,2020-04-02,2020-03-31,2020-03-20,2020-04-03,2020-04-01,2020-03-23,0.025,0.0,0.0,0.02,0.024,100.0,2019-11-20,1999-01-01,1999-01-01,2020-02-12,2019-10-07,1999-01-01,4152000.0,883800.0,1211100.0,-9.48,-1.4,-15.0,0.021,0.0,0.0,-0.04,-0.034,100.0,0.03063,0.0,0.0,-0.05756,-0.03172,100.0,43.682,58.071,0.0,29.099,40.756,18.102,90.318,10.916,10.916,83.886,7.289,0.0,41.487,66.85,0.0,24.976,39.962,22.529,2019-10-25,1999-01-01,1999-01-01,2020-03-20,2019-08-14,1999-01-01,7602,0,0,219,7530,0,2019-12-23,2019-10-10,1999-01-01,2020-02-21,2019-11-27,2019-07-22,2020-04-02,2020-03-20,2020-03-17,2020-04-03,2020-03-23,2020-03-19,2019-12-26,2019-10-09,1999-01-01,2020-03-05,2019-12-04,2019-08-01,1,0,1,0,0,1,0,1,0,1,1,0,0,0,0,0,0,1,0,1,0,0,0,0,0,1,1,0,1,0,,,,,p2n,,,,,Life.Bear,Life.BearRecovery,Life.Bear,Life.BearRecovery,Life.Bear,,
2020-04-06,0.56539,,,,,0.57103,0.63606,0.71811,0.8055,0.54474,0.57381,-0.02907,-0.04624,-0.02936,0.01716,,,11.96,-5.85,49.66,-5.04,0.47,-6.46,0.38,-14.89,16.0,15.0,38.0,12.0,4.0,12.0,5.0,22.0,0.0149,0.0,0.01206,-0.00532,2.26577,69.37937,45.67755,,,44.40337,93.56725,89.25709,,,68.28633,73.40557,51.13169,50.34664,,,0.03026,0.02811,,,-1.6944,-1.4708,-2.3447,-0.6503,0.2236,-0.8739,1,0,1,,,,,,-0.15,,,0.771,0.876,0.951,0.478,0.763,0.836,2020-02-12,2019-12-17,2019-11-04,2020-03-20,2020-02-04,2019-12-04,18.28,-38.0,1.05,-12.9,4.78,-12.09,11.0,27.0,6.0,32.0,9.0,22.0,2.0,-1.0,0.0,-0.0,1.0,-1.0,0.566,0.561,0.457,0.556,0.556,0.447,2020-04-02,2020-03-31,2020-03-20,2020-04-03,2020-04-01,2020-03-23,0.025,0.0,0.0,0.02,0.024,100.0,2019-11-20,1999-01-01,1999-01-01,2020-02-12,2019-10-07,1999-01-01,883800.0,1211100.0,2559500.0,-1.4,-15.0,-25.49,0.021,0.0,0.0,-0.04,-0.034,100.0,0.03063,0.0,0.0,-0.05756,-0.03172,100.0,43.682,58.071,0.0,29.099,40.756,18.102,90.318,10.916,10.916,83.886,7.289,0.0,41.487,66.85,0.0,24.976,39.962,22.529,2019-10-25,1999-01-01,1999-01-01,2020-03-20,2019-08-14,1999-01-01,7602,0,0,219,7530,0,2019-12-23,2019-10-10,1999-01-01,2020-02-21,2019-11-27,2019-07-22,2020-04-02,2020-03-20,2020-03-17,2020-04-03,2020-03-23,2020-03-19,2019-12-26,2019-10-09,1999-01-01,2020-03-05,2019-12-04,2019-08-01,1,0,1,0,0,1,0,1,0,1,1,0,0,0,0,0,0,1,0,1,0,0,0,0,0,1,1,0,1,0,,,,,,,,,,Life.Bear,Life.BearRecovery,Life.Bear,Life.BearRecovery,Life.Bear,,
2020-04-07,0.56736,,,,0.591,0.57254,0.63428,0.71559,0.80336,0.5518,0.57506,-0.02326,-0.04164,-0.02782,0.01838,,,11.57,-5.85,49.66,-5.04,0.47,-6.46,0.38,-14.89,15.0,15.0,38.0,12.0,4.0,12.0,5.0,22.0,0.0198,0.0,0.01347,-0.00496,2.71367,73.07245,47.04746,,,48.09645,100.0,92.4843,,100.0,76.61967,71.31202,51.80413,51.10308,,,0.02952,0.02807,,,-1.6908,-1.4305,-2.3082,-0.6174,0.2603,-0.8777,1,1,1,,,,,,,-0.15,,0.771,0.876,0.951,0.478,0.763,0.836,2020-02-12,2019-12-17,2019-11-04,2020-03-20,2020-02-04,2019-12-04,18.69,-38.0,1.05,-12.9,4.78,-12.09,12.0,27.0,6.0,32.0,9.0,22.0,2.0,-1.0,0.0,-0.0,1.0,-1.0,0.591,0.566,0.561,0.556,0.556,0.447,2020-04-07,2020-04-02,2020-03-31,2020-04-03,2020-04-01,2020-03-23,0.025,0.0,0.0,0.02,0.024,100.0,2019-11-20,1999-01-01,1999-01-01,2020-02-12,2019-10-07,1999-01-01,1211100.0,2559500.0,2154500.0,-15.0,-25.49,27.3,0.021,0.0,0.0,-0.04,-0.034,100.0,0.03063,0.0,0.0,-0.05756,-0.03172,100.0,43.682,58.071,0.0,29.099,40.756,18.102,100.0,90.318,10.916,83.886,7.289,0.0,41.487,66.85,0.0,24.976,39.962,22.529,2019-10-25,1999-01-01,1999-01-01,2020-03-20,2019-08-14,1999-01-01,7602,0,0,219,7530,0,2019-12-23,2019-10-10,1999-01-01,2020-02-21,2019-11-27,2019-07-22,2020-04-07,2020-04-02,2020-03-20,2020-04-03,2020-03-23,2020-03-19,2019-12-26,2019-10-09,1999-01-01,2020-03-05,2019-12-04,2019-08-01,1,0,1,0,0,1,0,1,0,1,1,0,0,0,0,0,0,1,0,1,0,0,0,0,0,1,1,0,1,0,2154500,,,,,,,,n2p,Life.BearRecovery,Life.Bear,Life.BearRecovery,Life.Bear,Life.BearRecovery,,
2020-04-08,0.56838,,,0.566,,0.57202,0.6316,0.71262,0.801,0.55395,0.57437,-0.02042,-0.0374,-0.02623,0.01698,,,11.37,-5.85,49.66,-5.04,0.47,-6.46,0.38,-14.89,14.0,15.0,38.0,12.0,4.0,12.0,5.0,22.0,-0.0,-0.0248,0.01347,-0.00354,3.80242,79.17716,48.36203,,,54.20116,83.34453,92.30393,83.345,,71.95479,72.28693,52.38584,51.77389,,,0.02918,0.02801,,,-1.694,-1.406,-2.2898,-0.5958,0.288,-0.8838,1,0,1,,,,,,-0.15,,,0.771,0.876,0.951,0.478,0.763,0.836,2020-02-12,2019-12-17,2019-11-04,2020-03-20,2020-02-04,2019-12-04,18.91,-38.0,1.05,-12.9,4.78,-12.09,13.0,27.0,6.0,32.0,9.0,22.0,1.0,-1.0,0.0,-0.0,1.0,-1.0,0.591,0.566,0.561,0.566,0.556,0.556,2020-04-07,2020-04-02,2020-03-31,2020-04-08,2020-04-03,2020-04-01,0.025,0.0,0.0,0.02,0.024,100.0,2019-11-20,1999-01-01,1999-01-01,2020-02-12,2019-10-07,1999-01-01,2559500.0,2154500.0,1516300.0,-25.49,27.3,5.15,0.021,0.0,0.0,-0.04,-0.034,100.0,0.03063,0.0,0.0,-0.05756,-0.03172,100.0,43.682,58.071,0.0,29.099,40.756,18.102,100.0,90.318,10.916,83.345,83.886,7.289,41.487,66.85,0.0,24.976,39.962,22.529,2019-10-25,1999-01-01,1999-01-01,2020-03-20,2019-08-14,1999-01-01,7602,0,0,219,7530,0,2019-12-23,2019-10-10,1999-01-01,2020-02-21,2019-11-27,2019-07-22,2020-04-07,2020-04-02,2020-03-20,2020-04-08,2020-04-03,2020-03-23,2019-12-26,2019-10-09,1999-01-01,2020-03-05,2019-12-04,2019-08-01,1,0,1,0,0,1,0,1,0,1,1,0,0,0,0,0,0,1,0,0,0,0,0,0,0,1,1,0,1,0,,,,,,,,n2p,,Life.Bear,Life.BearRecovery,Life.Bear,Life.BearRecovery,Life.Bear,,
2020-04-09,0.56906,,,,0.576,0.5723,0.6294,0.70991,0.79875,0.5573,0.57447,-0.01717,-0.03335,-0.02458,0.01618,,,11.24,-5.85,49.66,-5.04,0.47,-6.46,0.38,-14.89,13.0,15.0,38.0,12.0,4.0,12.0,5.0,22.0,0.0099,0.0,0.01205,-0.00354,3.40121,77.27897,49.61049,,,52.30297,89.64559,90.9967,,89.646,70.32885,72.96777,52.87428,52.35475,,,0.02852,0.02793,,,-1.6935,-1.3761,-2.2645,-0.571,0.3174,-0.8884,1,0,1,,,,,,-0.15,,,0.771,0.876,0.951,0.478,0.763,0.836,2020-02-12,2019-12-17,2019-11-04,2020-03-20,2020-02-04,2019-12-04,19.05,-38.0,1.05,-12.9,4.78,-12.09,14.0,27.0,6.0,32.0,9.0,22.0,1.0,-1.0,0.0,-0.0,1.0,-1.0,0.576,0.591,0.566,0.566,0.556,0.556,2020-04-09,2020-04-07,2020-04-02,2020-04-08,2020-04-03,2020-04-01,0.025,0.0,0.0,0.02,0.024,100.0,2019-11-20,1999-01-01,1999-01-01,2020-02-12,2019-10-07,1999-01-01,2154500.0,1516300.0,2049400.0,27.3,5.15,-8.19,0.021,0.0,0.0,-0.04,-0.034,100.0,0.03063,0.0,0.0,-0.05756,-0.03172,100.0,43.682,58.071,0.0,29.099,40.756,18.102,89.646,100.0,90.318,83.345,83.886,7.289,41.487,66.85,0.0,24.976,39.962,22.529,2019-10-25,1999-01-01,1999-01-01,2020-03-20,2019-08-14,1999-01-01,7602,0,0,219,7530,0,2019-12-23,2019-10-10,1999-01-01,2020-02-21,2019-11-27,2019-07-22,2020-04-09,2020-04-07,2020-04-02,2020-04-08,2020-04-03,2020-03-23,2019-12-26,2019-10-09,1999-01-01,2020-03-05,2019-12-04,2019-08-01,1,0,1,0,0,0,0,1,0,1,1,0,0,0,0,0,1,0,0,0,0,0,0,0,0,1,1,0,1,0,,,,,,,n2p,,,Life.Bear,Life.BearRecovery,Life.Bear,Life.BearRecovery,Life.Bear,,
2020-04-10,0.57019,,,,,0.57143,0.62672,0.70696,0.79639,0.55785,0.57346,-0.01561,-0.0298,-0.02289,0.01419,,,11.02,-5.85,49.66,-5.04,0.47,-6.46,0.38,-14.89,12.0,15.0,38.0,12.0,4.0,12.0,5.0,22.0,-0.0,-0.0148,0.01205,-0.00389,3.09541,75.58244,50.7839,,,50.60644,78.61771,83.86927,,,48.13154,63.47173,53.27084,52.84365,,,0.02789,0.02782,,,-1.6967,-1.3553,-2.2496,-0.5529,0.3414,-0.8943,1,0,1,,,,,,-0.15,,,0.771,0.876,0.951,0.478,0.763,0.836,2020-02-12,2019-12-17,2019-11-04,2020-03-20,2020-02-04,2019-12-04,19.29,-38.0,1.05,-12.9,4.78,-12.09,15.0,27.0,6.0,32.0,9.0,22.0,1.0,-1.0,0.0,-0.0,1.0,-1.0,0.576,0.591,0.566,0.566,0.556,0.556,2020-04-09,2020-04-07,2020-04-02,2020-04-08,2020-04-03,2020-04-01,0.025,0.0,0.0,0.02,0.024,100.0,2019-11-20,1999-01-01,1999-01-01,2020-02-12,2019-10-07,1999-01-01,1516300.0,2049400.0,1431400.0,5.15,-8.19,-12.64,0.021,0.0,0.0,-0.04,-0.034,100.0,0.03063,0.0,0.0,-0.05756,-0.03172,100.0,43.682,58.071,0.0,29.099,40.756,18.102,89.646,100.0,90.318,83.345,83.886,7.289,41.487,66.85,0.0,24.976,39.962,22.529,2019-10-25,1999-01-01,1999-01-01,2020-03-20,2019-08-14,1999-01-01,7602,0,0,219,7530,0,2019-12-23,2019-10-10,1999-01-01,2020-02-21,2019-11-27,2019-07-22,2020-04-09,2020-04-07,2020-04-02,2020-04-08,2020-04-03,2020-03-23,2019-12-26,2019-10-09,1999-01-01,2020-03-05,2019-12-04,2019-08-01,1,0,1,0,0,0,0,1,0,1,1,0,0,0,0,0,1,0,0,0,0,0,0,0,0,1,1,0,1,0,,,,,,n2p,,,,Life.Bear,Life.BearRecovery,Life.Bear,Life.BearRecovery,Life.Bear,,
2020-04-13,0.5724,,,0.561,,0.57062,0.62414,0.70407,0.79405,0.55832,0.57253,-0.01421,-0.02669,-0.02118,0.01247,,,10.59,-5.85,49.66,-5.04,0.47,-6.46,0.38,-14.89,11.0,15.0,38.0,12.0,4.0,12.0,5.0,22.0,0.0,0.0,0.00992,-0.00389,2.54862,71.82006,51.87391,,,46.84406,72.8022,80.35517,72.802,,38.13641,52.19893,53.57964,53.24159,,,0.02732,0.02768,,,-1.6991,-1.3345,-2.2343,-0.5352,0.3646,-0.8998,1,0,1,,,,,,-0.15,,,0.771,0.876,0.951,0.478,0.763,0.836,2020-02-12,2019-12-17,2019-11-04,2020-03-20,2020-02-04,2019-12-04,19.75,-38.0,1.05,-12.9,4.78,-12.09,16.0,27.0,6.0,32.0,9.0,22.0,1.0,-1.0,0.0,-0.0,1.0,-1.0,0.576,0.591,0.566,0.561,0.566,0.556,2020-04-09,2020-04-07,2020-04-02,2020-04-13,2020-04-08,2020-04-03,0.025,0.0,0.0,0.02,0.024,100.0,2019-11-20,1999-01-01,1999-01-01,2020-02-12,2019-10-07,1999-01-01,2049400.0,1431400.0,1621100.0,-8.19,-12.64,2.1,0.021,0.0,0.0,-0.04,-0.034,100.0,0.03063,0.0,0.0,-0.05756,-0.03172,100.0,43.682,58.071,0.0,29.099,40.756,18.102,89.646,100.0,90.318,72.802,83.345,83.886,41.487,66.85,0.0,24.976,39.962,22.529,2019-10-25,1999-01-01,1999-01-01,2020-03-20,2019-08-14,1999-01-01,7602,0,0,219,7530,0,2019-12-23,2019-10-10,1999-01-01,2020-02-21,2019-11-27,2019-07-22,2020-04-09,2020-04-07,2020-04-02,2020-04-13,2020-04-08,2020-04-03,2019-12-26,2019-10-09,1999-01-01,2020-03-05,2019-12-04,2019-08-01,1,0,1,0,0,0,0,0,0,1,1,0,0,0,0,0,1,0,1,0,0,0,0,0,0,1,1,0,1,0,,,,,n2p,,,,,Life.Bear,Life.BearRecovery,Life.Bear,Life.BearRecovery,Life.Bear,,
2020-04-14,0.57619,,,,0.571,0.57063,0.62204,0.70143,0.79182,0.56024,0.57241,-0.01216,-0.02378,-0.01945,0.01162,,,9.86,-5.85,49.66,-5.04,0.47,-6.46,0.38,-14.89,10.0,15.0,38.0,12.0,4.0,12.0,5.0,22.0,0.0099,0.0,0.00992,-0.00389,2.54862,71.82006,52.87327,,,46.84406,80.99808,77.47266,,80.998,32.60576,39.62457,53.80532,53.55193,,,0.02643,0.02753,,0.028,-1.6978,-1.308,-2.2119,-0.5141,0.3898,-0.9039,1,1,1,,,,,,,-0.15,,0.771,0.876,0.951,0.478,0.763,0.836,2020-02-12,2019-12-17,2019-11-04,2020-03-20,2020-02-04,2019-12-04,20.54,-38.0,1.05,-12.9,4.78,-12.09,17.0,27.0,6.0,32.0,9.0,22.0,1.0,-1.0,0.0,-0.0,1.0,-1.0,0.571,0.576,0.591,0.561,0.566,0.556,2020-04-14,2020-04-09,2020-04-07,2020-04-13,2020-04-08,2020-04-03,0.028,0.025,0.0,0.02,0.024,100.0,2020-04-14,2019-11-20,1999-01-01,2020-02-12,2019-10-07,1999-01-01,1431400.0,1621100.0,1227800.0,-12.64,2.1,-16.1,0.021,0.0,0.0,-0.04,-0.034,100.0,0.03063,0.0,0.0,-0.05756,-0.03172,100.0,43.682,58.071,0.0,29.099,40.756,18.102,80.998,89.646,100.0,72.802,83.345,83.886,41.487,66.85,0.0,24.976,39.962,22.529,2019-10-25,1999-01-01,1999-01-01,2020-03-20,2019-08-14,1999-01-01,7602,0,0,219,7530,0,2019-12-23,2019-10-10,1999-01-01,2020-02-21,2019-11-27,2019-07-22,2020-04-14,2020-04-09,2020-04-07,2020-04-13,2020-04-08,2020-04-03,2019-12-26,2019-10-09,1999-01-01,2020-03-05,2019-12-04,2019-08-01,1,0,1,0,1,0,0,0,0,1,1,0,0,0,0,0,1,0,1,0,0,0,0,0,0,1,1,0,1,0,,,,,,,,,,Life.BearRecovery,Life.Bear,Life.BearRecovery,Life.Bear,Life.BearRecovery,,
2020-04-15,0.58178,,,0.561,,0.56988,0.61965,0.69865,0.78953,0.56034,0.57155,-0.01121,-0.02127,-0.01771,0.01006,,,8.8,-5.85,49.66,-5.04,0.47,-6.46,0.38,-14.89,9.0,15.0,38.0,12.0,4.0,12.0,5.0,22.0,-0.0,-0.0099,0.00744,-0.0046,1.61801,61.80308,53.77719,,,36.82708,57.26619,70.35549,57.266,,27.06258,32.60158,53.95212,53.77902,,,0.0256,0.02736,,,-1.6988,-1.2877,-2.1965,-0.4977,0.4111,-0.9088,1,0,1,,,,,,-0.15,,,0.771,0.876,0.951,0.478,0.763,0.836,2020-02-12,2019-12-17,2019-11-04,2020-03-20,2020-02-04,2019-12-04,21.71,-38.0,1.05,-12.9,4.78,-12.09,18.0,27.0,6.0,32.0,9.0,22.0,1.0,-1.0,0.0,-0.0,1.0,-1.0,0.571,0.576,0.591,0.561,0.561,0.566,2020-04-14,2020-04-09,2020-04-07,2020-04-15,2020-04-13,2020-04-08,0.028,0.025,0.0,0.02,0.024,100.0,2020-04-14,2019-11-20,1999-01-01,2020-02-12,2019-10-07,1999-01-01,1621100.0,1227800.0,1455000.0,2.1,-16.1,0.55,0.021,0.0,0.0,-0.04,-0.034,100.0,0.03063,0.0,0.0,-0.05756,-0.03172,100.0,43.682,58.071,0.0,29.099,40.756,18.102,80.998,89.646,100.0,57.266,72.802,83.345,41.487,66.85,0.0,24.976,39.962,22.529,2019-10-25,1999-01-01,1999-01-01,2020-03-20,2019-08-14,1999-01-01,7602,0,0,219,7530,0,2019-12-23,2019-10-10,1999-01-01,2020-02-21,2019-11-27,2019-07-22,2020-04-14,2020-04-09,2020-04-07,2020-04-15,2020-04-13,2020-04-08,2019-12-26,2019-10-09,1999-01-01,2020-03-05,2019-12-04,2019-08-01,1,0,1,0,1,0,1,0,0,1,1,0,0,0,0,0,1,0,1,0,0,0,0,0,0,1,1,0,1,0,,,,,,,,,,Life.Bear,Life.BearRecovery,Life.Bear,Life.BearRecovery,Life.Bear,,
2020-04-16,0.58907,,,,,0.56995,0.61773,0.69612,0.78735,0.56195,0.5715,-0.00955,-0.01892,-0.01597,0.00938,,,7.46,-5.85,49.66,-5.04,0.47,-6.46,0.38,-14.89,8.0,15.0,38.0,12.0,4.0,12.0,5.0,22.0,0.0099,0.0,0.00779,-0.0046,1.6941,62.88184,54.58472,,,37.90584,71.51079,69.92502,,,42.28639,33.98491,54.0248,53.92741,,,0.02518,0.02717,,,-1.6962,-1.2617,-2.174,-0.4778,0.4345,-0.9123,1,1,1,,,,,,,-0.15,,0.771,0.876,0.951,0.478,0.763,0.836,2020-02-12,2019-12-17,2019-11-04,2020-03-20,2020-02-04,2019-12-04,23.24,-38.0,1.05,-12.9,4.78,-12.09,19.0,27.0,6.0,32.0,9.0,22.0,1.0,-1.0,0.0,-0.0,1.0,-1.0,0.571,0.576,0.591,0.561,0.561,0.566,2020-04-14,2020-04-09,2020-04-07,2020-04-15,2020-04-13,2020-04-08,0.028,0.025,0.0,0.02,0.024,100.0,2020-04-14,2019-11-20,1999-01-01,2020-02-12,2019-10-07,1999-01-01,1227800.0,1455000.0,2011900.0,-16.1,0.55,9.08,0.021,0.0,0.0,-0.04,-0.034,100.0,0.03063,0.0,0.0,-0.05756,-0.03172,100.0,43.682,58.071,0.0,29.099,40.756,18.102,80.998,89.646,100.0,57.266,72.802,83.345,41.487,66.85,0.0,24.976,39.962,22.529,2019-10-25,1999-01-01,1999-01-01,2020-03-20,2019-08-14,1999-01-01,7602,0,0,219,7530,0,2019-12-23,2019-10-10,1999-01-01,2020-02-21,2019-11-27,2019-07-22,2020-04-14,2020-04-09,2020-04-07,2020-04-15,2020-04-13,2020-04-08,2019-12-26,2019-10-09,1999-01-01,2020-03-05,2019-12-04,2019-08-01,1,0,1,0,1,0,1,0,0,1,1,0,0,0,0,0,1,0,1,0,0,0,0,0,0,1,1,0,1,0,,,,,,,,,,Life.BearRecovery,Life.Bear,Life.BearRecovery,Life.Bear,Life.BearRecovery,,
2020-04-17,0.59762,,,,,0.57078,0.61628,0.69383,0.78529,0.56484,0.57218,-0.00734,-0.01661,-0.01425,0.00926,,,5.92,-5.85,49.66,-5.04,0.47,-6.46,0.38,-14.89,7.0,15.0,38.0,12.0,4.0,12.0,5.0,22.0,0.0099,0.0,0.00779,-0.0046,1.6941,62.88184,55.29727,,,37.90584,77.80269,68.85989,,,53.36022,40.90306,54.02943,54.00211,,54.029,0.02445,0.02697,,,-1.6901,-1.2305,-2.1451,-0.455,0.4596,-0.9146,1,1,1,,,,,,,-0.15,,0.771,0.876,0.951,0.478,0.763,0.836,2020-02-12,2019-12-17,2019-11-04,2020-03-20,2020-02-04,2019-12-04,25.03,-38.0,1.05,-12.9,4.78,-12.09,20.0,27.0,6.0,32.0,9.0,22.0,1.0,-1.0,0.0,-0.0,1.0,-1.0,0.571,0.576,0.591,0.561,0.561,0.566,2020-04-14,2020-04-09,2020-04-07,2020-04-15,2020-04-13,2020-04-08,0.028,0.025,0.0,0.02,0.024,100.0,2020-04-14,2019-11-20,1999-01-01,2020-02-12,2019-10-07,1999-01-01,1455000.0,2011900.0,2505200.0,0.55,9.08,27.21,0.021,0.0,0.0,-0.04,-0.034,100.0,0.03063,0.0,0.0,-0.05756,-0.03172,100.0,54.029,43.682,58.071,29.099,40.756,18.102,80.998,89.646,100.0,57.266,72.802,83.345,41.487,66.85,0.0,24.976,39.962,22.529,2019-10-25,1999-01-01,1999-01-01,2020-03-20,2019-08-14,1999-01-01,7602,0,0,219,7530,0,2020-04-17,2019-12-23,2019-10-10,2020-02-21,2019-11-27,2019-07-22,2020-04-14,2020-04-09,2020-04-07,2020-04-15,2020-04-13,2020-04-08,2019-12-26,2019-10-09,1999-01-01,2020-03-05,2019-12-04,2019-08-01,1,0,1,0,1,0,1,0,0,1,1,0,0,0,0,0,1,0,1,0,0,0,0,0,0,1,1,0,1,0,,,,,,,,,,Life.BearRecovery,Life.Bear,Life.BearRecovery,Life.Bear,Life.BearRecovery,,
2020-04-20,0.60659,,,,,0.57498,0.61664,0.69248,0.7837,0.57415,0.57612,-0.00197,-0.01368,-0.01255,0.01171,,,4.35,-5.85,49.66,-5.04,0.47,-6.46,0.38,-14.89,6.0,15.0,38.0,12.0,4.0,12.0,5.0,22.0,0.0447,0.0,0.00921,-0.0046,2.00155,66.68391,55.9167,,,41.70791,94.18743,81.16697,,94.187,78.90537,58.18399,53.97236,54.00886,,,0.02625,0.02675,,,-1.6706,-1.175,-2.0872,-0.4166,0.4956,-0.9122,1,1,1,,,,,,,-0.15,,0.771,0.876,0.951,0.478,0.763,0.836,2020-02-12,2019-12-17,2019-11-04,2020-03-20,2020-02-04,2019-12-04,26.9,-38.0,1.05,-12.9,4.78,-12.09,21.0,27.0,6.0,32.0,9.0,22.0,1.0,-1.0,0.0,-0.0,1.0,-1.0,0.571,0.576,0.591,0.561,0.561,0.566,2020-04-14,2020-04-09,2020-04-07,2020-04-15,2020-04-13,2020-04-08,0.028,0.025,0.0,0.02,0.024,100.0,2020-04-14,2019-11-20,1999-01-01,2020-02-12,2019-10-07,1999-01-01,2011900.0,2505200.0,4719800.0,9.08,27.21,54.67,0.021,0.0,0.0,-0.04,-0.034,100.0,0.03063,0.0,0.0,-0.05756,-0.03172,100.0,54.029,43.682,58.071,29.099,40.756,18.102,94.187,80.998,89.646,57.266,72.802,83.345,41.487,66.85,0.0,24.976,39.962,22.529,2019-10-25,1999-01-01,1999-01-01,2020-03-20,2019-08-14,1999-01-01,7602,0,0,219,7530,0,2020-04-17,2019-12-23,2019-10-10,2020-02-21,2019-11-27,2019-07-22,2020-04-20,2020-04-14,2020-04-09,2020-04-15,2020-04-13,2020-04-08,2019-12-26,2019-10-09,1999-01-01,2020-03-05,2019-12-04,2019-08-01,1,0,1,0,1,0,1,0,0,1,1,0,0,0,0,0,0,1,1,0,0,0,0,0,0,1,1,0,1,0,,,,,,,,,,Life.BearRecovery,Life.Bear,Life.BearRecovery,Life.Bear,Life.BearRecovery,,
2020-04-21,0.61515,,,,,0.57886,0.61698,0.69115,0.78213,0.58204,0.57977,0.00227,-0.01049,-0.01088,0.01276,,,2.9,-5.85,49.66,-5.04,0.47,-6.46,0.38,-14.89,5.0,15.0,38.0,12.0,4.0,12.0,5.0,22.0,0.0,0.0,0.00921,-0.00424,2.17003,68.45459,56.44529,,,43.47859,72.71062,81.56691,72.711,,82.20846,71.49135,53.85919,53.95366,,,0.02756,0.02653,,,-1.6515,-1.1229,-2.0327,-0.3812,0.5286,-0.9098,1,1,1,,,,,,,-0.15,,0.771,0.876,0.951,0.478,0.763,0.836,2020-02-12,2019-12-17,2019-11-04,2020-03-20,2020-02-04,2019-12-04,28.69,-38.0,1.05,-12.9,4.78,-12.09,22.0,27.0,6.0,32.0,9.0,22.0,1.0,-1.0,0.0,-0.0,1.0,-1.0,0.571,0.576,0.591,0.561,0.561,0.566,2020-04-14,2020-04-09,2020-04-07,2020-04-15,2020-04-13,2020-04-08,0.028,0.025,0.0,0.02,0.024,100.0,2020-04-14,2019-11-20,1999-01-01,2020-02-12,2019-10-07,1999-01-01,2505200.0,4719800.0,4624300.0,27.21,54.67,28.28,0.021,0.0,0.0,-0.04,-0.034,100.0,0.03063,0.0,0.0,-0.05756,-0.03172,100.0,54.029,43.682,58.071,29.099,40.756,18.102,94.187,80.998,89.646,72.711,57.266,72.802,41.487,66.85,0.0,24.976,39.962,22.529,2019-10-25,1999-01-01,1999-01-01,2020-03-20,2019-08-14,1999-01-01,7602,0,0,219,7530,0,2020-04-17,2019-12-23,2019-10-10,2020-02-21,2019-11-27,2019-07-22,2020-04-20,2020-04-14,2020-04-09,2020-04-21,2020-04-15,2020-04-13,2019-12-26,2019-10-09,1999-01-01,2020-03-05,2019-12-04,2019-08-01,1,0,1,0,1,0,1,0,0,1,1,0,0,0,0,0,0,1,0,0,0,0,0,0,0,1,1,0,1,0,,,,,,,,,,Life.BearRecovery,Life.Bear,Life.BearRecovery,Life.Bear,Life.BearRecovery,,
2020-04-22,0.6225,,,,,0.58359,0.6179,0.69014,0.78072,0.591,0.58426,0.00675,-0.00704,-0.00925,0.01379,,,1.69,-5.85,49.66,-5.04,0.47,-6.46,0.38,-14.89,4.0,15.0,38.0,12.0,4.0,12.0,5.0,22.0,0.0149,0.0,0.00956,-0.00424,2.25421,69.27056,56.886,,,44.29456,86.35531,84.41779,,,82.79962,81.30448,53.69498,53.84218,,,0.02843,0.0263,,,-1.6282,-1.0655,-1.9713,-0.3431,0.5627,-0.9058,1,1,1,,,,,,,-0.15,,0.771,0.876,0.951,0.478,0.763,0.836,2020-02-12,2019-12-17,2019-11-04,2020-03-20,2020-02-04,2019-12-04,30.23,-38.0,1.05,-12.9,4.78,-12.09,23.0,27.0,6.0,32.0,9.0,22.0,1.0,-1.0,0.0,-0.0,1.0,-1.0,0.571,0.576,0.591,0.561,0.561,0.566,2020-04-14,2020-04-09,2020-04-07,2020-04-15,2020-04-13,2020-04-08,0.028,0.025,0.0,0.02,0.024,100.0,2020-04-14,2019-11-20,1999-01-01,2020-02-12,2019-10-07,1999-01-01,4719800.0,4624300.0,3070800.0,54.67,28.28,4.77,0.021,0.0,0.0,-0.04,-0.034,100.0,0.03063,0.0,0.0,-0.05756,-0.03172,100.0,54.029,43.682,58.071,29.099,40.756,18.102,94.187,80.998,89.646,72.711,57.266,72.802,41.487,66.85,0.0,24.976,39.962,22.529,2019-10-25,1999-01-01,1999-01-01,2020-03-20,2019-08-14,1999-01-01,7602,0,0,219,7530,0,2020-04-17,2019-12-23,2019-10-10,2020-02-21,2019-11-27,2019-07-22,2020-04-20,2020-04-14,2020-04-09,2020-04-21,2020-04-15,2020-04-13,2019-12-26,2019-10-09,1999-01-01,2020-03-05,2019-12-04,2019-08-01,1,0,1,0,1,0,1,0,0,1,1,0,0,0,0,0,0,1,0,0,0,0,0,0,0,1,1,0,1,0,,,,,,,,,,Life.BearRecovery,Life.Bear,Life.BearRecovery,Life.Bear,Life.BearRecovery,,
2020-04-23,0.62805,,,,0.65,0.58871,0.61916,0.68935,0.77942,0.60011,0.58914,0.01097,-0.00344,-0.00767,0.01441,,,0.79,-5.85,49.66,-5.04,0.47,-6.46,0.38,-14.89,3.0,15.0,38.0,12.0,4.0,12.0,5.0,22.0,0.0099,0.0,0.01027,-0.00354,2.90505,74.39214,57.24262,,,49.41614,95.42125,84.82906,,95.421,83.02024,82.67611,53.48559,53.67992,,,0.02782,0.02607,,,-1.6026,-1.0064,-1.9071,-0.3045,0.5962,-0.9007,1,1,1,,,,,,,-0.15,,0.771,0.876,0.951,0.478,0.763,0.836,2020-02-12,2019-12-17,2019-11-04,2020-03-20,2020-02-04,2019-12-04,31.39,-38.0,1.05,-12.9,4.78,-12.09,24.0,27.0,6.0,32.0,9.0,22.0,1.0,-1.0,0.0,-0.0,1.0,-1.0,0.65,0.571,0.576,0.561,0.561,0.566,2020-04-23,2020-04-14,2020-04-09,2020-04-15,2020-04-13,2020-04-08,0.028,0.025,0.0,0.02,0.024,100.0,2020-04-14,2019-11-20,1999-01-01,2020-02-12,2019-10-07,1999-01-01,4624300.0,3070800.0,1927900.0,28.28,4.77,-22.49,0.021,0.0,0.0,-0.04,-0.034,100.0,0.03063,0.0,0.0,-0.05756,-0.03172,100.0,54.029,43.682,58.071,29.099,40.756,18.102,95.421,94.187,80.998,72.711,57.266,72.802,41.487,66.85,0.0,24.976,39.962,22.529,2019-10-25,1999-01-01,1999-01-01,2020-03-20,2019-08-14,1999-01-01,7602,0,0,219,7530,0,2020-04-17,2019-12-23,2019-10-10,2020-02-21,2019-11-27,2019-07-22,2020-04-23,2020-04-20,2020-04-14,2020-04-21,2020-04-15,2020-04-13,2019-12-26,2019-10-09,1999-01-01,2020-03-05,2019-12-04,2019-08-01,1,0,1,0,0,1,1,0,0,1,1,0,0,0,0,0,0,1,0,0,0,0,0,0,0,1,1,0,1,0,,,,,,,,,,Life.BearRecovery,Life.Bear,Life.BearRecovery,Life.Bear,Life.BearRecovery,,
2020-04-24,0.63156,,,,,0.59268,0.61999,0.68838,0.77803,0.60629,0.59293,0.01336,-8e-05,-0.00614,0.01344,,,0.23,-5.85,49.66,-5.04,0.47,-6.46,0.38,-14.89,2.0,15.0,38.0,12.0,4.0,12.0,5.0,22.0,-0.0,-0.0099,0.00921,-0.00424,2.17003,68.45459,57.52058,,,43.47859,84.99496,88.92384,,,85.33526,83.71838,53.23899,53.47319,,,0.02726,0.02585,,,-1.5804,-0.957,-1.8535,-0.2731,0.6234,-0.8965,1,1,1,,,,,,,-0.15,,0.771,0.876,0.951,0.478,0.763,0.836,2020-02-12,2019-12-17,2019-11-04,2020-03-20,2020-02-04,2019-12-04,32.13,-38.0,1.05,-12.9,4.78,-12.09,25.0,27.0,6.0,32.0,9.0,22.0,1.0,-1.0,0.0,-0.0,1.0,-1.0,0.65,0.571,0.576,0.561,0.561,0.566,2020-04-23,2020-04-14,2020-04-09,2020-04-15,2020-04-13,2020-04-08,0.028,0.025,0.0,0.02,0.024,100.0,2020-04-14,2019-11-20,1999-01-01,2020-02-12,2019-10-07,1999-01-01,3070800.0,1927900.0,929700.0,4.77,-22.49,-38.39,0.021,0.0,0.0,-0.04,-0.034,100.0,0.03063,0.0,0.0,-0.05756,-0.03172,100.0,54.029,43.682,58.071,29.099,40.756,18.102,95.421,94.187,80.998,72.711,57.266,72.802,41.487,66.85,0.0,24.976,39.962,22.529,2019-10-25,1999-01-01,1999-01-01,2020-03-20,2019-08-14,1999-01-01,7602,0,0,219,7530,0,2020-04-17,2019-12-23,2019-10-10,2020-02-21,2019-11-27,2019-07-22,2020-04-23,2020-04-20,2020-04-14,2020-04-21,2020-04-15,2020-04-13,2019-12-26,2019-10-09,1999-01-01,2020-03-05,2019-12-04,2019-08-01,1,0,1,0,0,1,1,0,0,1,1,0,0,0,0,0,0,1,0,0,0,0,0,0,0,1,1,0,1,0,,,,,,,,,,Life.BearRecovery,Life.Bear,Life.BearRecovery,Life.Bear,Life.BearRecovery,,
2020-04-27,0.63308,,,,,0.59634,0.62079,0.68743,0.77666,0.61152,0.59644,0.01509,0.00295,-0.00467,0.01213,,,-0.01,-5.85,49.66,-5.04,0.47,-6.46,0.38,-14.89,1.0,15.0,38.0,12.0,4.0,12.0,5.0,22.0,0.0,0.0,0.00779,-0.00424,1.8367,64.74777,57.72711,,,39.77177,84.99496,88.47039,,,80.34364,82.89972,52.96503,53.22987,,,0.02637,0.02563,,,-1.5587,-0.9109,-1.8032,-0.2445,0.6478,-0.8923,1,1,1,,,,,,,-0.15,,0.771,0.876,0.951,0.478,0.763,0.836,2020-02-12,2019-12-17,2019-11-04,2020-03-20,2020-02-04,2019-12-04,32.44,-38.0,1.05,-12.9,4.78,-12.09,26.0,27.0,6.0,32.0,9.0,22.0,1.0,-1.0,0.0,-0.0,1.0,-1.0,0.65,0.571,0.576,0.561,0.561,0.566,2020-04-23,2020-04-14,2020-04-09,2020-04-15,2020-04-13,2020-04-08,0.028,0.025,0.0,0.02,0.024,100.0,2020-04-14,2019-11-20,1999-01-01,2020-02-12,2019-10-07,1999-01-01,1927900.0,929700.0,1702700.0,-22.49,-38.39,-23.08,0.021,0.0,0.0,-0.04,-0.034,100.0,0.03063,0.0,0.0,-0.05756,-0.03172,100.0,54.029,43.682,58.071,29.099,40.756,18.102,95.421,94.187,80.998,72.711,57.266,72.802,41.487,66.85,0.0,24.976,39.962,22.529,2019-10-25,1999-01-01,1999-01-01,2020-03-20,2019-08-14,1999-01-01,7602,0,0,219,7530,0,2020-04-17,2019-12-23,2019-10-10,2020-02-21,2019-11-27,2019-07-22,2020-04-23,2020-04-20,2020-04-14,2020-04-21,2020-04-15,2020-04-13,2019-12-26,2019-10-09,1999-01-01,2020-03-05,2019-12-04,2019-08-01,1,0,1,0,0,1,1,0,0,1,1,0,0,0,0,0,0,1,0,0,0,0,0,0,0,1,1,0,1,0,,,,,,,,,,Life.BearRecovery,Life.Bear,Life.BearRecovery,Life.Bear,Life.BearRecovery,,
2020-04-28,0.63288,,0.633,0.625,,0.59858,0.62097,0.6862,0.77516,0.61366,0.59858,0.01507,0.00538,-0.00326,0.0097,,,-5.83,49.66,-5.04,0.47,-6.46,0.38,-14.89,7.65,15.0,38.0,12.0,4.0,12.0,5.0,22.0,8.0,-0.0,-0.0149,0.00779,-0.00354,2.20404,68.78941,57.87033,,,43.81341,69.98993,79.99329,69.99,,62.33178,76.00356,52.67469,52.95957,,,0.02626,0.02542,,,-1.5419,-0.8762,-1.7658,-0.2239,0.6657,-0.8896,1,1,1,,,,,,,-0.15,,0.633,0.771,0.876,0.478,0.763,0.836,2020-04-28,2020-02-12,2019-12-17,2020-03-20,2020-02-04,2019-12-04,0.0,32.43,-38.0,1.05,-12.9,4.78,0.0,27.0,27.0,6.0,32.0,9.0,0.0,1.0,-1.0,0.0,-0.0,1.0,0.65,0.571,0.576,0.625,0.561,0.561,2020-04-23,2020-04-14,2020-04-09,2020-04-28,2020-04-15,2020-04-13,0.028,0.025,0.0,0.02,0.024,100.0,2020-04-14,2019-11-20,1999-01-01,2020-02-12,2019-10-07,1999-01-01,929700.0,1702700.0,1525000.0,-38.39,-23.08,-8.83,0.021,0.0,0.0,-0.04,-0.034,100.0,0.03063,0.0,0.0,-0.05756,-0.03172,100.0,54.029,43.682,58.071,29.099,40.756,18.102,95.421,94.187,80.998,69.99,72.711,57.266,41.487,66.85,0.0,24.976,39.962,22.529,2019-10-25,1999-01-01,1999-01-01,2020-03-20,2019-08-14,1999-01-01,7602,0,0,219,7530,0,2020-04-17,2019-12-23,2019-10-10,2020-02-21,2019-11-27,2019-07-22,2020-04-23,2020-04-20,2020-04-14,2020-04-28,2020-04-21,2020-04-15,2019-12-26,2019-10-09,1999-01-01,2020-03-05,2019-12-04,2019-08-01,1,0,1,0,0,1,0,1,0,1,1,0,0,0,0,0,0,1,0,0,0,0,0,0,0,1,1,0,1,0,,,,,,,,,,Life.BearRecovery,Life.Bear,Life.BearRecovery,Life.Bear,Life.BearRecovery,,
2020-04-29,0.63142,,,,0.635,0.6014,0.62153,0.68519,0.77377,0.61699,0.6013,0.01568,0.00744,-0.00192,0.00825,,,-5.61,49.66,-5.04,0.47,-6.46,0.38,-14.89,7.65,14.0,38.0,12.0,4.0,12.0,5.0,22.0,8.0,0.0099,0.0,0.00779,-0.00354,2.20404,68.78941,57.95849,,,43.81341,79.95972,78.31487,,79.96,50.95882,64.54475,52.37933,52.67301,,,0.02545,0.02523,,,-1.5224,-0.8379,-1.7237,-0.2013,0.6845,-0.8858,1,1,1,,,,,,,-0.15,,0.633,0.771,0.876,0.478,0.763,0.836,2020-04-28,2020-02-12,2019-12-17,2020-03-20,2020-02-04,2019-12-04,-0.25,32.43,-38.0,1.05,-12.9,4.78,1.0,27.0,27.0,6.0,32.0,9.0,-0.0,1.0,-1.0,0.0,-0.0,1.0,0.635,0.65,0.571,0.625,0.561,0.561,2020-04-29,2020-04-23,2020-04-14,2020-04-28,2020-04-15,2020-04-13,0.028,0.025,0.0,0.02,0.024,100.0,2020-04-14,2019-11-20,1999-01-01,2020-02-12,2019-10-07,1999-01-01,1702700.0,1525000.0,617700.0,-23.08,-8.83,-7.5,0.021,0.0,0.0,-0.04,-0.034,100.0,0.03063,0.0,0.0,-0.05756,-0.03172,100.0,54.029,43.682,58.071,29.099,40.756,18.102,79.96,95.421,94.187,69.99,72.711,57.266,41.487,66.85,0.0,24.976,39.962,22.529,2019-10-25,1999-01-01,1999-01-01,2020-03-20,2019-08-14,1999-01-01,7602,0,0,219,7530,0,2020-04-17,2019-12-23,2019-10-10,2020-02-21,2019-11-27,2019-07-22,2020-04-29,2020-04-23,2020-04-20,2020-04-28,2020-04-21,2020-04-15,2019-12-26,2019-10-09,1999-01-01,2020-03-05,2019-12-04,2019-08-01,1,0,1,0,0,0,0,1,0,1,1,0,0,0,0,0,1,0,0,0,0,0,0,0,0,1,1,0,1,0,,,,,,,,,,Life.BearRecovery,Life.Bear,Life.BearRecovery,Life.Bear,Life.BearRecovery,,
2020-04-30,0.62912,,,,,0.60362,0.62187,0.6841,0.77234,0.61904,0.60345,0.01558,0.00907,-0.00064,0.00652,,,-5.26,49.66,-5.04,0.47,-6.46,0.38,-14.89,7.65,13.0,38.0,12.0,4.0,12.0,5.0,22.0,8.0,-0.0,-0.005,0.00779,-0.00284,2.74811,73.31989,57.99971,,,48.34389,74.92447,74.95804,,,38.6926,50.66107,52.08989,52.3813,,,0.02434,0.02506,,,-1.5047,-0.8048,-1.6872,-0.1825,0.6999,-0.8824,1,1,1,,,,,,,-0.15,,0.633,0.771,0.876,0.478,0.763,0.836,2020-04-28,2020-02-12,2019-12-17,2020-03-20,2020-02-04,2019-12-04,-0.61,32.43,-38.0,1.05,-12.9,4.78,2.0,27.0,27.0,6.0,32.0,9.0,-0.0,1.0,-1.0,0.0,-0.0,1.0,0.635,0.65,0.571,0.625,0.561,0.561,2020-04-29,2020-04-23,2020-04-14,2020-04-28,2020-04-15,2020-04-13,0.028,0.025,0.0,0.02,0.024,100.0,2020-04-14,2019-11-20,1999-01-01,2020-02-12,2019-10-07,1999-01-01,1525000.0,617700.0,806600.0,-8.83,-7.5,-23.3,0.021,0.0,0.0,-0.04,-0.034,100.0,0.03063,0.0,0.0,-0.05756,-0.03172,100.0,54.029,43.682,58.071,29.099,40.756,18.102,79.96,95.421,94.187,69.99,72.711,57.266,41.487,66.85,0.0,24.976,39.962,22.529,2019-10-25,1999-01-01,1999-01-01,2020-03-20,2019-08-14,1999-01-01,7602,0,0,219,7530,0,2020-04-17,2019-12-23,2019-10-10,2020-02-21,2019-11-27,2019-07-22,2020-04-29,2020-04-23,2020-04-20,2020-04-28,2020-04-21,2020-04-15,2019-12-26,2019-10-09,1999-01-01,2020-03-05,2019-12-04,2019-08-01,1,0,1,0,0,0,0,1,0,1,1,0,0,0,0,0,1,0,0,0,0,0,0,0,0,1,1,0,1,0,,,,,,,,,,Life.BearRecovery,Life.Bear,Life.BearRecovery,Life.Bear,Life.BearRecovery,,
2020-05-04,0.62615,,,0.62,,0.60491,0.62182,0.68284,0.77083,0.61925,0.60471,0.01454,0.01016,0.00058,0.00438,,,-4.82,49.66,-5.04,0.47,-6.46,0.38,-14.89,7.65,11.0,38.0,12.0,4.0,12.0,5.0,22.0,8.0,-0.0,-0.0099,0.00779,-0.00354,2.1996,68.74606,58.00249,,58.002,43.77006,64.95468,73.27962,64.955,,30.05287,39.90143,51.8151,52.09477,,,0.02366,0.02491,,,-1.4901,-0.7793,-1.6592,-0.1691,0.7108,-0.8799,1,1,1,,,,,,,-0.15,,0.633,0.771,0.876,0.478,0.763,0.836,2020-04-28,2020-02-12,2019-12-17,2020-03-20,2020-02-04,2019-12-04,-1.08,32.43,-38.0,1.05,-12.9,4.78,3.0,27.0,27.0,6.0,32.0,9.0,-0.0,1.0,-1.0,0.0,-0.0,1.0,0.635,0.65,0.571,0.62,0.625,0.561,2020-04-29,2020-04-23,2020-04-14,2020-05-04,2020-04-28,2020-04-15,0.028,0.025,0.0,0.02,0.024,100.0,2020-04-14,2019-11-20,1999-01-01,2020-02-12,2019-10-07,1999-01-01,617700.0,806600.0,948500.0,-7.5,-23.3,-19.55,0.021,0.0,0.0,-0.04,-0.034,100.0,0.03063,0.0,0.0,-0.05756,-0.03172,100.0,54.029,43.682,58.071,29.099,40.756,18.102,79.96,95.421,94.187,64.955,69.99,72.711,58.002,41.487,66.85,24.976,39.962,22.529,2019-10-25,1999-01-01,1999-01-01,2020-03-20,2019-08-14,1999-01-01,7602,0,0,219,7530,0,2020-04-17,2019-12-23,2019-10-10,2020-02-21,2019-11-27,2019-07-22,2020-04-29,2020-04-23,2020-04-20,2020-05-04,2020-04-28,2020-04-21,2020-05-04,2019-12-26,2019-10-09,2020-03-05,2019-12-04,2019-08-01,1,0,1,0,0,0,0,0,0,1,1,0,0,0,0,0,1,0,1,0,0,0,0,0,0,1,1,0,1,0,,,,,,,,,,Life.BearRecovery,Life.Bear,Life.BearRecovery,Life.Bear,Life.BearRecovery,,
2020-05-05,0.62264,,,,,0.60649,0.62196,0.6817,0.76938,0.62019,0.60624,0.01395,0.01092,0.00173,0.00303,,,-4.28,49.66,-5.04,0.47,-6.46,0.38,-14.89,7.65,10.0,38.0,12.0,4.0,12.0,5.0,22.0,8.0,0.005,0.0,0.00744,-0.00354,2.10081,67.75033,57.97559,,,9.74833,69.98993,69.95636,,,26.89195,31.87914,51.56013,51.8217,,,0.02267,0.02478,,,-1.4742,-0.7521,-1.6289,-0.1547,0.7221,-0.8768,1,1,1,,,,,,,-0.15,,0.633,0.771,0.876,0.478,0.763,0.836,2020-04-28,2020-02-12,2019-12-17,2020-03-20,2020-02-04,2019-12-04,-1.64,32.43,-38.0,1.05,-12.9,4.78,4.0,27.0,27.0,6.0,32.0,9.0,-0.0,1.0,-1.0,0.0,-0.0,1.0,0.635,0.65,0.571,0.62,0.625,0.561,2020-04-29,2020-04-23,2020-04-14,2020-05-04,2020-04-28,2020-04-15,0.028,0.025,0.0,0.02,0.024,100.0,2020-04-14,2019-11-20,1999-01-01,2020-02-12,2019-10-07,1999-01-01,806600.0,948500.0,931500.0,-23.3,-19.55,13.22,0.021,0.0,0.0,-0.04,-0.034,100.0,0.03063,0.0,0.0,-0.05756,-0.03172,100.0,54.029,43.682,58.071,29.099,40.756,18.102,79.96,95.421,94.187,64.955,69.99,72.711,58.002,41.487,66.85,24.976,39.962,22.529,2019-10-25,1999-01-01,1999-01-01,2020-03-20,2019-08-14,1999-01-01,7602,0,0,219,7530,0,2020-04-17,2019-12-23,2019-10-10,2020-02-21,2019-11-27,2019-07-22,2020-04-29,2020-04-23,2020-04-20,2020-05-04,2020-04-28,2020-04-21,2020-05-04,2019-12-26,2019-10-09,2020-03-05,2019-12-04,2019-08-01,1,0,1,0,0,0,0,0,0,1,1,0,0,0,0,0,1,0,1,0,0,0,0,0,0,1,1,0,1,0,,,,,,,,,,Life.BearRecovery,Life.Bear,Life.BearRecovery,Life.Bear,Life.BearRecovery,,
2020-05-06,0.61873,,,,,0.60795,0.62209,0.68059,0.76795,0.62099,0.60766,0.01333,0.0114,0.00283,0.00193,,,-3.67,49.66,-5.04,0.47,-6.46,0.38,-14.89,7.65,9.0,38.0,12.0,4.0,12.0,5.0,22.0,8.0,0.0,0.0,0.00744,-0.00284,2.62469,72.4114,57.92771,,,14.4094,69.98993,68.31151,,69.99,29.12458,28.6898,51.32729,51.5675,,,0.02212,0.02467,,,-1.4586,-0.7264,-1.6,-0.1414,0.7322,-0.8736,1,1,1,,,,,,,-0.15,,0.633,0.771,0.876,0.478,0.763,0.836,2020-04-28,2020-02-12,2019-12-17,2020-03-20,2020-02-04,2019-12-04,-2.25,32.43,-38.0,1.05,-12.9,4.78,5.0,27.0,27.0,6.0,32.0,9.0,-0.0,1.0,-1.0,0.0,-0.0,1.0,0.635,0.65,0.571,0.62,0.625,0.561,2020-04-29,2020-04-23,2020-04-14,2020-05-04,2020-04-28,2020-04-15,0.028,0.025,0.0,0.02,0.024,100.0,2020-04-14,2019-11-20,1999-01-01,2020-02-12,2019-10-07,1999-01-01,948500.0,931500.0,1525100.0,-19.55,13.22,26.74,0.021,0.0,0.0,-0.04,-0.034,100.0,0.03063,0.0,0.0,-0.05756,-0.03172,100.0,54.029,43.682,58.071,29.099,40.756,18.102,69.99,79.96,95.421,64.955,69.99,72.711,58.002,41.487,66.85,24.976,39.962,22.529,2019-10-25,1999-01-01,1999-01-01,2020-03-20,2019-08-14,1999-01-01,7602,0,0,219,7530,0,2020-04-17,2019-12-23,2019-10-10,2020-02-21,2019-11-27,2019-07-22,2020-05-06,2020-04-29,2020-04-23,2020-05-04,2020-04-28,2020-04-21,2020-05-04,2019-12-26,2019-10-09,2020-03-05,2019-12-04,2019-08-01,1,0,1,0,0,0,0,0,0,1,1,0,0,0,0,0,1,0,1,0,0,0,0,0,0,1,1,0,1,0,,,,,,,,,,Life.BearRecovery,Life.Bear,Life.BearRecovery,Life.Bear,Life.BearRecovery,,
2020-05-08,0.61444,,,,0.625,0.60929,0.62222,0.6795,0.76653,0.62167,0.60897,0.0127,0.01166,0.00386,0.00104,,,-3.0,49.66,-5.04,0.47,-6.46,0.38,-14.89,7.65,7.0,38.0,12.0,4.0,12.0,5.0,22.0,8.0,0.0,0.0,0.00674,-0.00284,2.37531,70.37313,57.86783,,,12.37113,64.69194,68.22393,,,37.72401,31.24685,51.11941,51.33561,,,0.02125,0.02459,,,-1.4431,-0.7021,-1.5724,-0.1293,0.741,-0.8703,1,1,1,,,,,,,-0.15,,0.633,0.771,0.876,0.478,0.763,0.836,2020-04-28,2020-02-12,2019-12-17,2020-03-20,2020-02-04,2019-12-04,-2.93,32.43,-38.0,1.05,-12.9,4.78,6.0,27.0,27.0,6.0,32.0,9.0,-0.0,1.0,-1.0,0.0,-0.0,1.0,0.625,0.635,0.65,0.62,0.625,0.561,2020-05-08,2020-04-29,2020-04-23,2020-05-04,2020-04-28,2020-04-15,0.028,0.025,0.0,0.02,0.024,100.0,2020-04-14,2019-11-20,1999-01-01,2020-02-12,2019-10-07,1999-01-01,931500.0,1525100.0,1923900.0,13.22,26.74,28.65,0.021,0.0,0.0,-0.04,-0.034,100.0,0.03063,0.0,0.0,-0.05756,-0.03172,100.0,54.029,43.682,58.071,29.099,40.756,18.102,69.99,79.96,95.421,64.955,69.99,72.711,58.002,41.487,66.85,24.976,39.962,22.529,2019-10-25,1999-01-01,1999-01-01,2020-03-20,2019-08-14,1999-01-01,7602,0,0,219,7530,0,2020-04-17,2019-12-23,2019-10-10,2020-02-21,2019-11-27,2019-07-22,2020-05-06,2020-04-29,2020-04-23,2020-05-04,2020-04-28,2020-04-21,2020-05-04,2019-12-26,2019-10-09,2020-03-05,2019-12-04,2019-08-01,1,0,1,0,1,0,0,0,0,1,1,0,0,0,0,0,1,0,1,0,0,0,0,0,0,1,1,0,1,0,,,,,,,,,,Life.BearRecovery,Life.Bear,Life.BearRecovery,Life.Bear,Life.BearRecovery,,
2020-05-12,0.60992,,,,,0.60977,0.62196,0.67823,0.76503,0.62072,0.60946,0.01127,0.01158,0.00485,-0.00032,,,-2.28,49.66,-5.04,0.47,-6.46,0.38,-14.89,7.65,5.0,38.0,12.0,4.0,12.0,5.0,22.0,8.0,-0.0,-0.0099,0.00603,-0.00354,1.70161,62.98507,57.80532,,,4.98307,38.54489,57.74225,,,36.19145,34.34668,50.94315,51.12995,,,0.02115,0.02454,,,-1.4307,-0.6846,-1.5526,-0.1219,0.7461,-0.868,1,1,1,,,,,,,-0.15,,0.633,0.771,0.876,0.478,0.763,0.836,2020-04-28,2020-02-12,2019-12-17,2020-03-20,2020-02-04,2019-12-04,-3.65,32.43,-38.0,1.05,-12.9,4.78,7.0,27.0,27.0,6.0,32.0,9.0,-1.0,1.0,-1.0,0.0,-0.0,1.0,0.625,0.635,0.65,0.62,0.625,0.561,2020-05-08,2020-04-29,2020-04-23,2020-05-04,2020-04-28,2020-04-15,0.028,0.025,0.0,0.02,0.024,100.0,2020-04-14,2019-11-20,1999-01-01,2020-02-12,2019-10-07,1999-01-01,1525100.0,1923900.0,4043300.0,26.74,28.65,71.04,0.021,0.0,0.0,-0.04,-0.034,100.0,0.03063,0.0,0.0,-0.05756,-0.03172,100.0,54.029,43.682,58.071,29.099,40.756,18.102,69.99,79.96,95.421,64.955,69.99,72.711,58.002,41.487,66.85,24.976,39.962,22.529,2019-10-25,1999-01-01,1999-01-01,2020-03-20,2019-08-14,1999-01-01,7602,0,0,219,7530,0,2020-04-17,2019-12-23,2019-10-10,2020-02-21,2019-11-27,2019-07-22,2020-05-06,2020-04-29,2020-04-23,2020-05-04,2020-04-28,2020-04-21,2020-05-04,2019-12-26,2019-10-09,2020-03-05,2019-12-04,2019-08-01,1,0,1,0,1,0,0,0,0,1,1,0,0,0,0,0,1,0,1,0,0,0,0,0,0,1,1,0,1,0,,-4043300,,,,,,,p2p,Life.BearRecovery,Life.Bear,Life.BearRecovery,Life.Bear,Life.BearRecovery,,
2020-05-13,0.60547,,,,,0.60944,0.62131,0.67679,0.76344,0.61838,0.60916,0.00922,0.01111,0.0058,-0.00189,,,-1.56,49.66,-5.04,0.47,-6.46,0.38,-14.89,7.65,4.0,38.0,12.0,4.0,12.0,5.0,22.0,8.0,-0.0,-0.01,0.00284,-0.00426,0.66611,39.97986,57.7496,,,-18.02214,8.97436,37.40373,8.974,,26.99919,33.63822,50.80858,50.95705,,,0.0207,0.02451,,,-1.4213,-0.6735,-1.54,-0.1187,0.7478,-0.8665,1,1,1,,,,,,,-0.15,,0.633,0.771,0.876,0.478,0.763,0.836,2020-04-28,2020-02-12,2019-12-17,2020-03-20,2020-02-04,2019-12-04,-4.35,32.43,-38.0,1.05,-12.9,4.78,8.0,27.0,27.0,6.0,32.0,9.0,-1.0,1.0,-1.0,0.0,-0.0,1.0,0.625,0.635,0.65,0.62,0.625,0.561,2020-05-08,2020-04-29,2020-04-23,2020-05-04,2020-04-28,2020-04-15,0.028,0.025,0.0,0.02,0.024,100.0,2020-04-14,2019-11-20,1999-01-01,2020-02-12,2019-10-07,1999-01-01,1923900.0,4043300.0,2067800.0,28.65,71.04,7.24,0.021,0.0,0.0,-0.04,-0.034,100.0,0.03063,0.0,0.0,-0.05756,-0.03172,100.0,54.029,43.682,58.071,29.099,40.756,18.102,69.99,79.96,95.421,8.974,64.955,69.99,58.002,41.487,66.85,24.976,39.962,22.529,2019-10-25,1999-01-01,1999-01-01,2020-03-20,2019-08-14,1999-01-01,7602,0,0,219,7530,0,2020-04-17,2019-12-23,2019-10-10,2020-02-21,2019-11-27,2019-07-22,2020-05-06,2020-04-29,2020-04-23,2020-05-13,2020-05-04,2020-04-28,2020-05-04,2019-12-26,2019-10-09,2020-03-05,2019-12-04,2019-08-01,1,0,1,0,1,0,0,0,0,1,1,0,0,0,0,0,1,0,1,0,0,0,0,0,0,1,1,0,1,0,,,,,,,,p2p,,Life.BearRecovery,Life.Bear,Life.BearRecovery,Life.Bear,Life.BearRecovery,,
2020-05-14,0.60146,,,,,0.60761,0.61992,0.67499,0.76167,0.61335,0.60743,0.00593,0.01007,0.00671,-0.00415,,,-0.91,49.66,-5.04,0.47,-6.46,0.38,-14.89,7.65,3.0,38.0,12.0,4.0,12.0,5.0,22.0,8.0,-0.0,-0.0198,0.00284,-0.00567,0.5,33.33333,57.71015,,,-24.66867,12.57862,20.03262,,,18.85269,27.34778,50.72675,50.82616,,,0.02135,0.02451,,,-1.4175,-0.6738,-1.5406,-0.1231,0.7437,-0.8668,1,1,1,,,,,,,-0.15,,0.633,0.771,0.876,0.478,0.763,0.836,2020-04-28,2020-02-12,2019-12-17,2020-03-20,2020-02-04,2019-12-04,-4.98,32.43,-38.0,1.05,-12.9,4.78,9.0,27.0,27.0,6.0,32.0,9.0,-1.0,1.0,-1.0,0.0,-0.0,1.0,0.625,0.635,0.65,0.62,0.625,0.561,2020-05-08,2020-04-29,2020-04-23,2020-05-04,2020-04-28,2020-04-15,0.028,0.025,0.0,0.02,0.024,100.0,2020-04-14,2019-11-20,1999-01-01,2020-02-12,2019-10-07,1999-01-01,4043300.0,2067800.0,4334600.0,71.04,7.24,30.0,0.021,0.0,0.0,-0.04,-0.034,100.0,0.03063,0.0,0.0,-0.05756,-0.03172,100.0,54.029,43.682,58.071,29.099,40.756,18.102,69.99,79.96,95.421,8.974,64.955,69.99,58.002,41.487,66.85,24.976,39.962,22.529,2019-10-25,1999-01-01,1999-01-01,2020-03-20,2019-08-14,1999-01-01,7602,0,0,219,7530,0,2020-04-17,2019-12-23,2019-10-10,2020-02-21,2019-11-27,2019-07-22,2020-05-06,2020-04-29,2020-04-23,2020-05-13,2020-05-04,2020-04-28,2020-05-04,2019-12-26,2019-10-09,2020-03-05,2019-12-04,2019-08-01,1,0,1,0,1,0,0,0,0,1,1,0,0,0,0,0,1,0,1,0,0,0,0,0,0,1,1,0,1,0,,,,,,,p2p,,,Life.BearRecovery,Life.Bear,Life.BearRecovery,Life.Bear,Life.BearRecovery,,
2020-05-15,0.59825,,,0.586,,0.60593,0.61857,0.67322,0.75992,0.6091,0.60582,0.00328,0.00871,0.00761,-0.00543,,,-0.38,49.66,-5.04,0.47,-6.46,0.38,-14.89,7.65,2.0,38.0,12.0,4.0,12.0,5.0,22.0,8.0,0.0,0.0,0.00177,-0.00567,0.31234,23.80038,57.6958,57.696,,-34.20162,17.65403,13.069,,,17.62149,21.15779,50.70621,50.74718,50.706,,0.02089,0.02454,,,-1.4135,-0.6729,-1.5399,-0.1264,0.7406,-0.867,1,1,1,,,,,,,-0.15,,0.633,0.771,0.876,0.478,0.763,0.836,2020-04-28,2020-02-12,2019-12-17,2020-03-20,2020-02-04,2019-12-04,-5.49,32.43,-38.0,1.05,-12.9,4.78,10.0,27.0,27.0,6.0,32.0,9.0,-1.0,1.0,-1.0,0.0,-0.0,1.0,0.625,0.635,0.65,0.586,0.62,0.625,2020-05-08,2020-04-29,2020-04-23,2020-05-15,2020-05-04,2020-04-28,0.028,0.025,0.0,0.02,0.024,100.0,2020-04-14,2019-11-20,1999-01-01,2020-02-12,2019-10-07,1999-01-01,2067800.0,4334600.0,3010300.0,7.24,30.0,-9.89,0.021,0.0,0.0,-0.04,-0.034,100.0,0.03063,0.0,0.0,-0.05756,-0.03172,100.0,54.029,43.682,58.071,50.706,29.099,40.756,69.99,79.96,95.421,8.974,64.955,69.99,58.002,41.487,66.85,57.696,24.976,39.962,2019-10-25,1999-01-01,1999-01-01,2020-03-20,2019-08-14,1999-01-01,7602,0,0,219,7530,0,2020-04-17,2019-12-23,2019-10-10,2020-05-15,2020-02-21,2019-11-27,2020-05-06,2020-04-29,2020-04-23,2020-05-13,2020-05-04,2020-04-28,2020-05-04,2019-12-26,2019-10-09,2020-05-15,2020-03-05,2019-12-04,1,0,1,0,1,0,1,0,0,1,1,0,0,0,0,1,1,0,1,0,0,0,0,1,0,1,1,0,1,0,,,,,,p2p,,,,Life.BearRecovery,Life.Bear,Life.BearRecovery,Life.Bear,Life.BearRecovery,,
2020-05-18,0.59613,,,,0.596,0.60513,0.61767,0.67168,0.75828,0.60702,0.60506,0.00196,0.00736,0.00849,-0.0054,,,-0.02,49.66,-5.04,0.47,-6.46,0.38,-14.89,7.65,1.0,38.0,12.0,4.0,12.0,5.0,22.0,8.0,0.0099,0.0,0.00177,-0.00567,0.31234,23.80038,57.71419,,,-33.89562,31.23426,20.48897,,31.234,28.64771,21.7073,50.75152,50.72816,,,0.02046,0.02461,,,-1.4061,-0.6655,-1.5315,-0.1254,0.7406,-0.866,1,1,1,,,,,,,-0.15,,0.633,0.771,0.876,0.478,0.763,0.836,2020-04-28,2020-02-12,2019-12-17,2020-03-20,2020-02-04,2019-12-04,-5.82,32.43,-38.0,1.05,-12.9,4.78,11.0,27.0,27.0,6.0,32.0,9.0,-1.0,1.0,-1.0,0.0,-0.0,1.0,0.596,0.625,0.635,0.586,0.62,0.625,2020-05-18,2020-05-08,2020-04-29,2020-05-15,2020-05-04,2020-04-28,0.028,0.025,0.0,0.02,0.024,100.0,2020-04-14,2019-11-20,1999-01-01,2020-02-12,2019-10-07,1999-01-01,4334600.0,3010300.0,3264300.0,30.0,-9.89,12.71,0.021,0.0,0.0,-0.04,-0.034,100.0,0.03063,0.0,0.0,-0.05756,-0.03172,100.0,54.029,43.682,58.071,50.706,29.099,40.756,31.234,69.99,79.96,8.974,64.955,69.99,58.002,41.487,66.85,57.696,24.976,39.962,2019-10-25,1999-01-01,1999-01-01,2020-03-20,2019-08-14,1999-01-01,7602,0,0,219,7530,0,2020-04-17,2019-12-23,2019-10-10,2020-05-15,2020-02-21,2019-11-27,2020-05-18,2020-05-06,2020-04-29,2020-05-13,2020-05-04,2020-04-28,2020-05-04,2019-12-26,2019-10-09,2020-05-15,2020-03-05,2019-12-04,1,0,1,0,1,0,1,0,0,1,1,0,0,0,0,1,1,0,1,0,0,0,0,1,0,1,1,0,1,0,,,,,p2p,,,,,Life.BearRecovery,Life.Bear,Life.BearRecovery,Life.Bear,Life.BearRecovery,,
2020-05-19,0.59554,0.596,,,,0.60364,0.61642,0.66998,0.75657,0.60374,0.60363,0.00012,0.00591,0.00936,-0.0058,,,49.78,-5.04,0.47,-6.46,0.38,-14.89,7.65,-7.1,38.0,12.0,4.0,12.0,5.0,22.0,8.0,17.0,-0.0,-0.0099,0.00177,-0.00567,0.31234,23.80038,57.7713,,,-33.89562,18.76574,22.55134,18.766,,34.59887,26.95602,50.8632,50.77364,,,0.02042,0.0247,,,-1.4015,-0.6634,-1.5293,-0.1278,0.7381,-0.8659,1,1,1,,,,,,,-0.15,,0.633,0.771,0.876,0.596,0.478,0.763,2020-04-28,2020-02-12,2019-12-17,2020-05-19,2020-03-20,2020-02-04,0.0,-5.85,32.43,-38.0,1.05,-12.9,0.0,12.0,27.0,27.0,6.0,32.0,0.0,-0.0,1.0,-1.0,0.0,-0.0,0.596,0.625,0.635,0.586,0.62,0.625,2020-05-18,2020-05-08,2020-04-29,2020-05-15,2020-05-04,2020-04-28,0.028,0.025,0.0,0.02,0.024,100.0,2020-04-14,2019-11-20,1999-01-01,2020-02-12,2019-10-07,1999-01-01,3010300.0,3264300.0,3579500.0,-9.89,12.71,-7.12,0.021,0.0,0.0,-0.04,-0.034,100.0,0.03063,0.0,0.0,-0.05756,-0.03172,100.0,54.029,43.682,58.071,50.706,29.099,40.756,31.234,69.99,79.96,18.766,8.974,64.955,58.002,41.487,66.85,57.696,24.976,39.962,2019-10-25,1999-01-01,1999-01-01,2020-03-20,2019-08-14,1999-01-01,7602,0,0,219,7530,0,2020-04-17,2019-12-23,2019-10-10,2020-05-15,2020-02-21,2019-11-27,2020-05-18,2020-05-06,2020-04-29,2020-05-19,2020-05-13,2020-05-04,2020-05-04,2019-12-26,2019-10-09,2020-05-15,2020-03-05,2019-12-04,1,0,0,0,1,0,1,0,0,1,1,0,0,0,0,1,1,0,0,0,0,0,0,1,0,1,1,0,1,0,,,,,,,,,,Life.BearRecovery,Life.Bear,Life.BearRecovery,Life.Bear,Life.BearRecovery,,
2020-05-20,0.59687,,,0.586,,0.60226,0.61521,0.66831,0.75487,0.60097,0.6023,-0.00133,0.00447,0.01025,-0.0058,,,49.45,-5.04,0.47,-6.46,0.38,-14.89,7.65,-7.1,37.0,12.0,4.0,12.0,5.0,22.0,8.0,17.0,0.0,0.0,0.00177,-0.00567,0.31234,23.80038,57.87101,,,-33.89562,20.02688,23.34229,,,40.56469,34.60375,51.03804,50.88425,,,0.02038,0.02482,,,-1.3966,-0.6605,-1.5261,-0.1295,0.7361,-0.8656,1,1,1,,,,,,,-0.15,,0.633,0.771,0.876,0.596,0.478,0.763,2020-04-28,2020-02-12,2019-12-17,2020-05-19,2020-03-20,2020-02-04,0.15,-5.85,32.43,-38.0,1.05,-12.9,1.0,12.0,27.0,27.0,6.0,32.0,0.0,-0.0,1.0,-1.0,0.0,-0.0,0.596,0.625,0.635,0.586,0.586,0.62,2020-05-18,2020-05-08,2020-04-29,2020-05-20,2020-05-15,2020-05-04,0.028,0.025,0.0,0.02,0.024,100.0,2020-04-14,2019-11-20,1999-01-01,2020-02-12,2019-10-07,1999-01-01,3264300.0,3579500.0,3967500.0,12.71,-7.12,9.71,0.021,0.0,0.0,-0.04,-0.034,100.0,0.03063,0.0,0.0,-0.05756,-0.03172,100.0,54.029,43.682,58.071,50.706,29.099,40.756,31.234,69.99,79.96,18.766,8.974,64.955,58.002,41.487,66.85,57.696,24.976,39.962,2019-10-25,1999-01-01,1999-01-01,2020-03-20,2019-08-14,1999-01-01,7602,0,0,219,7530,0,2020-04-17,2019-12-23,2019-10-10,2020-05-15,2020-02-21,2019-11-27,2020-05-18,2020-05-06,2020-04-29,2020-05-19,2020-05-13,2020-05-04,2020-05-04,2019-12-26,2019-10-09,2020-05-15,2020-03-05,2019-12-04,1,0,0,0,1,0,1,0,0,1,1,0,0,0,0,1,1,0,0,0,0,0,0,1,0,1,1,0,1,0,,,,,,,,,,Life.BearRecovery,Life.Bear,Life.BearRecovery,Life.Bear,Life.BearRecovery,,
2020-05-21,0.60009,,,,0.601,0.60213,0.61464,0.66697,0.75333,0.60091,0.60217,-0.00126,0.00332,0.01115,-0.00458,,,48.65,-5.04,0.47,-6.46,0.38,-14.89,7.65,-7.1,36.0,12.0,4.0,12.0,5.0,22.0,8.0,17.0,0.0149,0.0,0.00284,-0.00461,0.6155,38.09981,58.01614,,,-19.59619,42.8777,27.22344,,42.878,42.11895,39.09417,51.2699,51.05704,,,0.02211,0.02498,,,-1.3869,-0.6484,-1.512,-0.1251,0.7385,-0.8636,1,1,1,,,,,,,-0.15,,0.633,0.771,0.876,0.596,0.478,0.763,2020-04-28,2020-02-12,2019-12-17,2020-05-19,2020-03-20,2020-02-04,0.69,-5.85,32.43,-38.0,1.05,-12.9,2.0,12.0,27.0,27.0,6.0,32.0,0.0,-0.0,1.0,-1.0,0.0,-0.0,0.601,0.596,0.625,0.586,0.586,0.62,2020-05-21,2020-05-18,2020-05-08,2020-05-20,2020-05-15,2020-05-04,0.028,0.025,0.0,0.02,0.024,100.0,2020-04-14,2019-11-20,1999-01-01,2020-02-12,2019-10-07,1999-01-01,3579500.0,3967500.0,5052100.0,-7.12,9.71,16.54,0.021,0.0,0.0,-0.04,-0.034,100.0,0.03063,0.0,0.0,-0.05756,-0.03172,100.0,54.029,43.682,58.071,50.706,29.099,40.756,42.878,31.234,69.99,18.766,8.974,64.955,58.002,41.487,66.85,57.696,24.976,39.962,2019-10-25,1999-01-01,1999-01-01,2020-03-20,2019-08-14,1999-01-01,7602,0,0,219,7530,0,2020-04-17,2019-12-23,2019-10-10,2020-05-15,2020-02-21,2019-11-27,2020-05-21,2020-05-18,2020-05-06,2020-05-19,2020-05-13,2020-05-04,2020-05-04,2019-12-26,2019-10-09,2020-05-15,2020-03-05,2019-12-04,1,0,0,0,0,0,1,0,0,1,1,0,0,0,0,1,0,0,0,0,0,0,0,1,0,1,1,0,1,0,,,,,,,,,,Life.BearRecovery,Life.Bear,Life.BearRecovery,Life.Bear,Life.BearRecovery,,
2020-05-22,0.60484,,,0.596,,0.60163,0.61389,0.66555,0.75176,0.60009,0.60169,-0.00159,0.00234,0.01208,-0.00393,,,47.48,-5.04,0.47,-6.46,0.38,-14.89,7.65,-7.1,35.0,12.0,4.0,12.0,5.0,22.0,8.0,17.0,-0.0,-0.005,0.00213,-0.00496,0.42878,30.01007,58.20873,,,-27.68593,35.68345,32.86268,35.683,,43.1568,41.94681,51.55015,51.28603,,,0.02195,0.02516,,,-1.3787,-0.6392,-1.5013,-0.1226,0.7395,-0.8621,1,1,1,,,,,,,-0.15,,0.633,0.771,0.876,0.596,0.478,0.763,2020-04-28,2020-02-12,2019-12-17,2020-05-19,2020-03-20,2020-02-04,1.48,-5.85,32.43,-38.0,1.05,-12.9,3.0,12.0,27.0,27.0,6.0,32.0,0.0,-0.0,1.0,-1.0,0.0,-0.0,0.601,0.596,0.625,0.596,0.586,0.586,2020-05-21,2020-05-18,2020-05-08,2020-05-22,2020-05-20,2020-05-15,0.028,0.025,0.0,0.02,0.024,100.0,2020-04-14,2019-11-20,1999-01-01,2020-02-12,2019-10-07,1999-01-01,3967500.0,5052100.0,1675000.0,9.71,16.54,-15.12,0.021,0.0,0.0,-0.04,-0.034,100.0,0.03063,0.0,0.0,-0.05756,-0.03172,100.0,54.029,43.682,58.071,50.706,29.099,40.756,42.878,31.234,69.99,35.683,18.766,8.974,58.002,41.487,66.85,57.696,24.976,39.962,2019-10-25,1999-01-01,1999-01-01,2020-03-20,2019-08-14,1999-01-01,7602,0,0,219,7530,0,2020-04-17,2019-12-23,2019-10-10,2020-05-15,2020-02-21,2019-11-27,2020-05-21,2020-05-18,2020-05-06,2020-05-22,2020-05-19,2020-05-13,2020-05-04,2019-12-26,2019-10-09,2020-05-15,2020-03-05,2019-12-04,1,0,0,0,0,0,0,1,0,1,1,0,0,0,0,1,0,0,0,1,0,0,0,1,0,1,1,0,1,0,,,,,,,,,,Life.BearRecovery,Life.Bear,Life.BearRecovery,Life.Bear,Life.BearRecovery,,
2020-05-27,0.61071,,,,,0.60193,0.61357,0.66437,0.75031,0.60092,0.60197,-0.00104,0.00166,0.01303,-0.0027,,,46.06,-5.04,0.47,-6.46,0.38,-14.89,7.65,-7.1,32.0,12.0,4.0,12.0,5.0,22.0,8.0,17.0,0.0099,0.0,0.00284,-0.00461,0.6155,38.09981,58.45033,,,-19.59619,49.92806,42.82974,,,47.03656,44.1041,51.86964,51.56323,,,0.02216,0.02537,0.025,,-1.3674,-0.6244,-1.4838,-0.1164,0.743,-0.8594,1,1,1,,,,,,,-0.15,,0.633,0.771,0.876,0.596,0.478,0.763,2020-04-28,2020-02-12,2019-12-17,2020-05-19,2020-03-20,2020-02-04,2.47,-5.85,32.43,-38.0,1.05,-12.9,4.0,12.0,27.0,27.0,6.0,32.0,1.0,-0.0,1.0,-1.0,0.0,-0.0,0.601,0.596,0.625,0.596,0.586,0.586,2020-05-21,2020-05-18,2020-05-08,2020-05-22,2020-05-20,2020-05-15,0.028,0.025,0.0,0.025,0.02,0.024,2020-04-14,2019-11-20,1999-01-01,2020-05-27,2020-02-12,2019-10-07,5052100.0,1675000.0,2341700.0,16.54,-15.12,-15.2,0.021,0.0,0.0,-0.04,-0.034,100.0,0.03063,0.0,0.0,-0.05756,-0.03172,100.0,54.029,43.682,58.071,50.706,29.099,40.756,42.878,31.234,69.99,35.683,18.766,8.974,58.002,41.487,66.85,57.696,24.976,39.962,2019-10-25,1999-01-01,1999-01-01,2020-03-20,2019-08-14,1999-01-01,7602,0,0,219,7530,0,2020-04-17,2019-12-23,2019-10-10,2020-05-15,2020-02-21,2019-11-27,2020-05-21,2020-05-18,2020-05-06,2020-05-22,2020-05-19,2020-05-13,2020-05-04,2019-12-26,2019-10-09,2020-05-15,2020-03-05,2019-12-04,1,0,0,0,0,0,0,1,0,1,1,0,0,0,0,1,0,0,0,1,0,0,0,1,0,1,0,1,1,0,,,,,,,,,,Life.BearRecovery,Life.Bear,Life.BearRecovery,Life.Bear,Life.BearRecovery,,
2020-05-28,0.61741,,,,,0.6022,0.61325,0.6632,0.74887,0.60163,0.60223,-0.0006,0.00121,0.01401,-0.00181,,,44.48,-5.04,0.47,-6.46,0.38,-14.89,7.65,-7.1,31.0,12.0,4.0,12.0,5.0,22.0,8.0,17.0,0.0,0.0,0.00284,-0.0039,0.72711,42.09968,58.74136,,,-15.59632,49.92806,45.17986,,,48.5348,46.24272,52.21975,51.87985,,,0.02128,0.02561,,,-1.3562,-0.61,-1.4667,-0.1105,0.7462,-0.8567,1,1,1,,,,,,,-0.15,,0.633,0.771,0.876,0.596,0.478,0.763,2020-04-28,2020-02-12,2019-12-17,2020-05-19,2020-03-20,2020-02-04,3.59,-5.85,32.43,-38.0,1.05,-12.9,5.0,12.0,27.0,27.0,6.0,32.0,1.0,-0.0,1.0,-1.0,0.0,-0.0,0.601,0.596,0.625,0.596,0.586,0.586,2020-05-21,2020-05-18,2020-05-08,2020-05-22,2020-05-20,2020-05-15,0.028,0.025,0.0,0.025,0.02,0.024,2020-04-14,2019-11-20,1999-01-01,2020-05-27,2020-02-12,2019-10-07,1675000.0,2341700.0,1693100.0,-15.12,-15.2,-37.04,0.021,0.0,0.0,-0.04,-0.034,100.0,0.03063,0.0,0.0,-0.05756,-0.03172,100.0,54.029,43.682,58.071,50.706,29.099,40.756,42.878,31.234,69.99,35.683,18.766,8.974,58.002,41.487,66.85,57.696,24.976,39.962,2019-10-25,1999-01-01,1999-01-01,2020-03-20,2019-08-14,1999-01-01,7602,0,0,219,7530,0,2020-04-17,2019-12-23,2019-10-10,2020-05-15,2020-02-21,2019-11-27,2020-05-21,2020-05-18,2020-05-06,2020-05-22,2020-05-19,2020-05-13,2020-05-04,2019-12-26,2019-10-09,2020-05-15,2020-03-05,2019-12-04,1,0,0,0,0,0,0,1,0,1,1,0,0,0,0,1,0,0,0,1,0,0,0,1,0,1,0,1,1,0,,,,,,,,,,Life.BearRecovery,Life.Bear,Life.BearRecovery,Life.Bear,Life.BearRecovery,,
2020-05-29,0.62479,,,,,0.60322,0.61334,0.66226,0.74754,0.60376,0.60321,0.00055,0.00108,0.01503,-0.00053,,,42.77,-5.04,0.47,-6.46,0.38,-14.89,7.65,-7.1,30.0,12.0,4.0,12.0,5.0,22.0,8.0,17.0,0.01,0.0,0.00319,-0.0039,0.81868,45.01511,59.08083,,,-12.68089,64.31655,54.72422,,,58.65788,51.40975,52.59249,52.22729,,,0.02082,0.02588,,,-1.342,-0.5904,-1.4432,-0.1012,0.7516,-0.8528,1,1,1,,,,,,,-0.15,,0.633,0.771,0.876,0.596,0.478,0.763,2020-04-28,2020-02-12,2019-12-17,2020-05-19,2020-03-20,2020-02-04,4.83,-5.85,32.43,-38.0,1.05,-12.9,6.0,12.0,27.0,27.0,6.0,32.0,1.0,-0.0,1.0,-1.0,0.0,-0.0,0.601,0.596,0.625,0.596,0.586,0.586,2020-05-21,2020-05-18,2020-05-08,2020-05-22,2020-05-20,2020-05-15,0.028,0.025,0.0,0.025,0.02,0.024,2020-04-14,2019-11-20,1999-01-01,2020-05-27,2020-02-12,2019-10-07,2341700.0,1693100.0,3443200.0,-15.2,-37.04,30.97,0.021,0.0,0.0,-0.04,-0.034,100.0,0.03063,0.0,0.0,-0.05756,-0.03172,100.0,54.029,43.682,58.071,50.706,29.099,40.756,42.878,31.234,69.99,35.683,18.766,8.974,58.002,41.487,66.85,57.696,24.976,39.962,2019-10-25,1999-01-01,1999-01-01,2020-03-20,2019-08-14,1999-01-01,7602,0,0,219,7530,0,2020-04-17,2019-12-23,2019-10-10,2020-05-15,2020-02-21,2019-11-27,2020-05-21,2020-05-18,2020-05-06,2020-05-22,2020-05-19,2020-05-13,2020-05-04,2019-12-26,2019-10-09,2020-05-15,2020-03-05,2019-12-04,1,0,0,0,0,0,0,1,0,1,1,0,0,0,0,1,0,0,0,1,0,0,0,1,0,1,0,1,1,0,3443200,,,,,,,,n2p,Life.BearRecovery,Life.Bear,Life.BearRecovery,Life.Bear,Life.BearRecovery,,
2020-06-03,0.63267,,,,0.66,0.6076,0.61517,0.66221,0.74667,0.61243,0.60743,0.005,0.00186,0.01609,0.00314,,,40.99,-5.04,0.47,-6.46,0.38,-14.89,7.65,-7.1,27.0,12.0,4.0,12.0,5.0,22.0,8.0,17.0,0.0446,0.0,0.00638,-0.0039,1.63553,62.05698,59.46664,,,4.36098,85.70058,66.64839,,85.701,68.23652,58.4764,52.97998,52.5974,,,0.02359,0.02617,,,-1.315,-0.5461,-1.3907,-0.0757,0.7689,-0.8446,1,1,1,,,,,,,-0.15,,0.633,0.771,0.876,0.596,0.478,0.763,2020-04-28,2020-02-12,2019-12-17,2020-05-19,2020-03-20,2020-02-04,6.15,-5.85,32.43,-38.0,1.05,-12.9,7.0,12.0,27.0,27.0,6.0,32.0,1.0,-0.0,1.0,-1.0,0.0,-0.0,0.66,0.601,0.596,0.596,0.586,0.586,2020-06-03,2020-05-21,2020-05-18,2020-05-22,2020-05-20,2020-05-15,0.028,0.025,0.0,0.025,0.02,0.024,2020-04-14,2019-11-20,1999-01-01,2020-05-27,2020-02-12,2019-10-07,1693100.0,3443200.0,3680900.0,-37.04,30.97,17.91,0.021,0.0,0.0,-0.04,-0.034,100.0,0.03063,0.0,0.0,-0.05756,-0.03172,100.0,54.029,43.682,58.071,50.706,29.099,40.756,85.701,42.878,31.234,35.683,18.766,8.974,58.002,41.487,66.85,57.696,24.976,39.962,2019-10-25,1999-01-01,1999-01-01,2020-03-20,2019-08-14,1999-01-01,7602,0,0,219,7530,0,2020-04-17,2019-12-23,2019-10-10,2020-05-15,2020-02-21,2019-11-27,2020-06-03,2020-05-21,2020-05-18,2020-05-22,2020-05-19,2020-05-13,2020-05-04,2019-12-26,2019-10-09,2020-05-15,2020-03-05,2019-12-04,1,0,0,0,0,1,0,1,0,1,1,0,0,0,0,1,0,1,0,1,0,0,0,1,0,1,0,1,1,0,,,,,,,,n2p,,Life.BearRecovery,Life.Bear,Life.BearRecovery,Life.Bear,Life.BearRecovery,,
2020-06-04,0.64069,,,,,0.61088,0.61655,0.66197,0.74571,0.61824,0.61059,0.00765,0.00302,0.01719,0.00463,,,39.23,-5.04,0.47,-6.46,0.38,-14.89,7.65,-7.1,26.0,12.0,4.0,12.0,5.0,22.0,8.0,17.0,-0.0,-0.0099,0.00638,-0.00461,1.3845,58.06242,59.89471,,,0.36642,76.19962,75.40558,,,73.58231,66.82557,53.37255,52.98167,,,0.02332,0.02648,,,-1.2916,-0.5109,-1.3483,-0.0567,0.7807,-0.8374,1,1,1,,,,,,,-0.15,,0.633,0.771,0.876,0.596,0.478,0.763,2020-04-28,2020-02-12,2019-12-17,2020-05-19,2020-03-20,2020-02-04,7.5,-5.85,32.43,-38.0,1.05,-12.9,8.0,12.0,27.0,27.0,6.0,32.0,1.0,-0.0,1.0,-1.0,0.0,-0.0,0.66,0.601,0.596,0.596,0.586,0.586,2020-06-03,2020-05-21,2020-05-18,2020-05-22,2020-05-20,2020-05-15,0.028,0.025,0.0,0.025,0.02,0.024,2020-04-14,2019-11-20,1999-01-01,2020-05-27,2020-02-12,2019-10-07,3443200.0,3680900.0,2372200.0,30.97,17.91,7.7,0.021,0.0,0.0,-0.04,-0.034,100.0,0.03063,0.0,0.0,-0.05756,-0.03172,100.0,54.029,43.682,58.071,50.706,29.099,40.756,85.701,42.878,31.234,35.683,18.766,8.974,58.002,41.487,66.85,57.696,24.976,39.962,2019-10-25,1999-01-01,1999-01-01,2020-03-20,2019-08-14,1999-01-01,7602,0,0,219,7530,0,2020-04-17,2019-12-23,2019-10-10,2020-05-15,2020-02-21,2019-11-27,2020-06-03,2020-05-21,2020-05-18,2020-05-22,2020-05-19,2020-05-13,2020-05-04,2019-12-26,2019-10-09,2020-05-15,2020-03-05,2019-12-04,1,0,0,0,0,1,0,1,0,1,1,0,0,0,0,1,0,1,0,1,0,0,0,1,0,1,0,1,1,0,,,,,,,n2p,,,Life.BearRecovery,Life.Bear,Life.BearRecovery,Life.Bear,Life.BearRecovery,,
2020-06-05,0.6486,,,0.635,,0.61275,0.61728,0.66145,0.74461,0.62087,0.61242,0.00844,0.0041,0.01832,0.00434,,,37.53,-5.04,0.47,-6.46,0.38,-14.89,7.65,-7.1,25.0,12.0,4.0,12.0,5.0,22.0,8.0,17.0,-0.0,-0.0149,0.00638,-0.00496,1.28489,56.23426,60.35859,,,-1.46174,61.90019,74.60013,61.9,,66.85686,69.55856,53.75923,53.37059,,,0.02272,0.02681,,,-1.2733,-0.487,-1.3186,-0.0453,0.7863,-0.8316,1,1,1,,,,,,,-0.15,,0.633,0.771,0.876,0.596,0.478,0.763,2020-04-28,2020-02-12,2019-12-17,2020-05-19,2020-03-20,2020-02-04,8.83,-5.85,32.43,-38.0,1.05,-12.9,9.0,12.0,27.0,27.0,6.0,32.0,1.0,-0.0,1.0,-1.0,0.0,-0.0,0.66,0.601,0.596,0.635,0.596,0.586,2020-06-03,2020-05-21,2020-05-18,2020-06-05,2020-05-22,2020-05-20,0.028,0.025,0.0,0.025,0.02,0.024,2020-04-14,2019-11-20,1999-01-01,2020-05-27,2020-02-12,2019-10-07,3680900.0,2372200.0,2552300.0,17.91,7.7,-9.38,0.021,0.0,0.0,-0.04,-0.034,100.0,0.03063,0.0,0.0,-0.05756,-0.03172,100.0,54.029,43.682,58.071,50.706,29.099,40.756,85.701,42.878,31.234,61.9,35.683,18.766,58.002,41.487,66.85,57.696,24.976,39.962,2019-10-25,1999-01-01,1999-01-01,2020-03-20,2019-08-14,1999-01-01,7602,0,0,219,7530,0,2020-04-17,2019-12-23,2019-10-10,2020-05-15,2020-02-21,2019-11-27,2020-06-03,2020-05-21,2020-05-18,2020-06-05,2020-05-22,2020-05-19,2020-05-04,2019-12-26,2019-10-09,2020-05-15,2020-03-05,2019-12-04,1,0,0,0,0,1,0,1,0,1,1,0,0,0,0,1,0,1,0,1,0,0,0,1,0,1,0,1,1,0,,,,,,n2p,,,,Life.BearRecovery,Life.Bear,Life.BearRecovery,Life.Bear,Life.BearRecovery,,
2020-06-09,0.65628,,,,,0.61525,0.61838,0.66112,0.74362,0.62461,0.61485,0.00976,0.00523,0.01948,0.00452,,,35.92,-5.04,0.47,-6.46,0.38,-14.89,7.65,-7.1,23.0,12.0,4.0,12.0,5.0,22.0,8.0,17.0,0.0099,0.0,0.00709,-0.00425,1.66723,62.50788,60.85025,,,4.81188,71.40115,69.83365,,,59.06738,66.50218,54.12836,53.75338,,,0.02322,0.02716,,,-1.2524,-0.4587,-1.2837,-0.0313,0.7937,-0.825,1,1,1,,,,,,,-0.15,,0.633,0.771,0.876,0.596,0.478,0.763,2020-04-28,2020-02-12,2019-12-17,2020-05-19,2020-03-20,2020-02-04,10.11,-5.85,32.43,-38.0,1.05,-12.9,10.0,12.0,27.0,27.0,6.0,32.0,1.0,-0.0,1.0,-1.0,0.0,-0.0,0.66,0.601,0.596,0.635,0.596,0.586,2020-06-03,2020-05-21,2020-05-18,2020-06-05,2020-05-22,2020-05-20,0.028,0.025,0.0,0.025,0.02,0.024,2020-04-14,2019-11-20,1999-01-01,2020-05-27,2020-02-12,2019-10-07,2372200.0,2552300.0,3959500.0,7.7,-9.38,3.24,0.021,0.0,0.0,-0.04,-0.034,100.0,0.03063,0.0,0.0,-0.05756,-0.03172,100.0,54.029,43.682,58.071,50.706,29.099,40.756,85.701,42.878,31.234,61.9,35.683,18.766,58.002,41.487,66.85,57.696,24.976,39.962,2019-10-25,1999-01-01,1999-01-01,2020-03-20,2019-08-14,1999-01-01,7602,0,0,219,7530,0,2020-04-17,2019-12-23,2019-10-10,2020-05-15,2020-02-21,2019-11-27,2020-06-03,2020-05-21,2020-05-18,2020-06-05,2020-05-22,2020-05-19,2020-05-04,2019-12-26,2019-10-09,2020-05-15,2020-03-05,2019-12-04,1,0,0,0,0,1,0,1,0,1,1,0,0,0,0,1,0,1,0,1,0,0,0,1,0,1,0,1,1,0,,,,,n2p,,,,,Life.BearRecovery,Life.Bear,Life.BearRecovery,Life.Bear,Life.BearRecovery,,
2020-06-10,0.66395,,,,,0.6187,0.62001,0.6611,0.74279,0.63007,0.6182,0.01187,0.00656,0.02068,0.0053,,,34.35,-5.04,0.47,-6.46,0.38,-14.89,7.65,-7.1,22.0,12.0,4.0,12.0,5.0,22.0,8.0,17.0,0.0149,0.0,0.00815,-0.00284,2.87406,74.18726,61.35959,,,16.49126,85.70058,73.00064,,85.701,56.35151,60.75858,54.46959,54.11906,,,0.02369,0.02753,,,-1.2278,-0.424,-1.2409,-0.0131,0.8038,-0.8169,1,1,1,,,,,,,-0.15,,0.633,0.771,0.876,0.596,0.478,0.763,2020-04-28,2020-02-12,2019-12-17,2020-05-19,2020-03-20,2020-02-04,11.4,-5.85,32.43,-38.0,1.05,-12.9,11.0,12.0,27.0,27.0,6.0,32.0,1.0,-0.0,1.0,-1.0,0.0,-0.0,0.66,0.601,0.596,0.635,0.596,0.586,2020-06-03,2020-05-21,2020-05-18,2020-06-05,2020-05-22,2020-05-20,0.028,0.025,0.0,0.025,0.02,0.024,2020-04-14,2019-11-20,1999-01-01,2020-05-27,2020-02-12,2019-10-07,2552300.0,3959500.0,4319400.0,-9.38,3.24,21.92,0.021,0.0,0.0,-0.04,-0.034,100.0,0.03063,0.0,0.0,-0.05756,-0.03172,100.0,54.029,43.682,58.071,50.706,29.099,40.756,85.701,85.701,42.878,61.9,35.683,18.766,58.002,41.487,66.85,57.696,24.976,39.962,2019-10-25,1999-01-01,1999-01-01,2020-03-20,2019-08-14,1999-01-01,7602,0,0,219,7530,0,2020-04-17,2019-12-23,2019-10-10,2020-05-15,2020-02-21,2019-11-27,2020-06-10,2020-06-03,2020-05-21,2020-06-05,2020-05-22,2020-05-19,2020-05-04,2019-12-26,2019-10-09,2020-05-15,2020-03-05,2019-12-04,1,0,0,0,0,1,0,1,0,1,1,0,0,0,0,1,0,1,0,1,0,0,0,1,0,1,0,1,1,0,,,,,,,,,,Life.BearRecovery,Life.Bear,Life.BearRecovery,Life.Bear,Life.BearRecovery,,
2020-06-11,0.67234,,,,,0.62379,0.62256,0.66158,0.74221,0.6385,0.62314,0.01536,0.00832,0.02189,0.00704,,,32.67,-5.04,0.47,-6.46,0.38,-14.89,7.65,-7.1,21.0,12.0,4.0,12.0,5.0,22.0,8.0,17.0,0.0248,0.0,0.00992,-0.00284,3.49874,77.77156,61.87576,,,20.07556,81.43177,79.51116,81.432,,62.99731,59.47207,54.77571,54.45789,,,0.02555,0.02791,,,-1.1965,-0.3902,-1.1965,0.0,0.8063,-0.8063,1,1,1,,,,,,,-0.15,,0.633,0.771,0.876,0.596,0.478,0.763,2020-04-28,2020-02-12,2019-12-17,2020-05-19,2020-03-20,2020-02-04,12.81,-5.85,32.43,-38.0,1.05,-12.9,12.0,12.0,27.0,27.0,6.0,32.0,1.0,-0.0,1.0,-1.0,0.0,-0.0,0.66,0.601,0.596,0.635,0.596,0.586,2020-06-03,2020-05-21,2020-05-18,2020-06-05,2020-05-22,2020-05-20,0.028,0.025,0.0,0.025,0.02,0.024,2020-04-14,2019-11-20,1999-01-01,2020-05-27,2020-02-12,2019-10-07,3959500.0,4319400.0,10854200.0,3.24,21.92,76.65,0.021,0.0,0.0,-0.04,-0.034,100.0,0.03063,0.0,0.0,-0.05756,-0.03172,100.0,54.029,43.682,58.071,50.706,29.099,40.756,85.701,85.701,42.878,81.432,61.9,35.683,58.002,41.487,66.85,57.696,24.976,39.962,2019-10-25,1999-01-01,1999-01-01,2020-03-20,2019-08-14,1999-01-01,7602,0,0,219,7530,0,2020-04-17,2019-12-23,2019-10-10,2020-05-15,2020-02-21,2019-11-27,2020-06-10,2020-06-03,2020-05-21,2020-06-11,2020-06-05,2020-05-22,2020-05-04,2019-12-26,2019-10-09,2020-05-15,2020-03-05,2019-12-04,1,0,0,0,0,1,0,1,0,1,1,0,0,0,0,1,0,1,0,1,0,0,0,1,0,1,0,1,1,0,,10854200,,,,,,,p2p,Life.BearRecovery,Life.Bear,Life.BearRecovery,Life.Bear,Life.BearRecovery,,
2020-06-12,0.68228,,,,0.695,0.62926,0.62539,0.66224,0.74174,0.64718,0.62846,0.01872,0.0104,0.02313,0.00832,,,30.74,-5.04,0.47,-6.46,0.38,-14.89,7.65,-7.1,20.0,12.0,4.0,12.0,5.0,22.0,8.0,17.0,0.01,0.0,0.00993,-0.00284,3.50126,77.784,62.3888,,,20.088,88.88889,85.34041,,88.889,69.6819,63.01024,55.04278,54.7627,,,0.02834,0.02831,,,-1.1635,-0.3685,-1.1635,0.0,0.795,-0.795,1,1,1,,,,,,,-0.15,,0.633,0.771,0.876,0.596,0.478,0.763,2020-04-28,2020-02-12,2019-12-17,2020-05-19,2020-03-20,2020-02-04,14.48,-5.85,32.43,-38.0,1.05,-12.9,13.0,12.0,27.0,27.0,6.0,32.0,1.0,-0.0,1.0,-1.0,0.0,-0.0,0.695,0.66,0.601,0.635,0.596,0.586,2020-06-12,2020-06-03,2020-05-21,2020-06-05,2020-05-22,2020-05-20,0.028,0.025,0.0,0.025,0.02,0.024,2020-04-14,2019-11-20,1999-01-01,2020-05-27,2020-02-12,2019-10-07,4319400.0,10854200.0,7461300.0,21.92,76.65,18.3,0.021,0.0,0.0,-0.04,-0.034,100.0,0.03063,0.0,0.0,-0.05756,-0.03172,100.0,54.029,43.682,58.071,50.706,29.099,40.756,88.889,85.701,85.701,81.432,61.9,35.683,58.002,41.487,66.85,57.696,24.976,39.962,2019-10-25,1999-01-01,1999-01-01,2020-03-20,2019-08-14,1999-01-01,7602,0,0,219,7530,0,2020-04-17,2019-12-23,2019-10-10,2020-05-15,2020-02-21,2019-11-27,2020-06-12,2020-06-10,2020-06-03,2020-06-11,2020-06-05,2020-05-22,2020-05-04,2019-12-26,2019-10-09,2020-05-15,2020-03-05,2019-12-04,1,0,0,0,0,1,0,1,0,1,1,0,0,0,0,1,0,1,0,1,0,0,0,1,0,1,0,1,1,0,,,,,,,,p2p,,Life.BearRecovery,Life.Bear,Life.BearRecovery,Life.Bear,Life.BearRecovery,,
2020-06-15,0.69429,,,0.67,,0.6324,0.62715,0.66239,0.74103,0.65071,0.63154,0.01916,0.01215,0.02437,0.00701,,,28.48,-5.04,0.47,-6.46,0.38,-14.89,7.65,-7.1,19.0,12.0,4.0,12.0,5.0,22.0,8.0,17.0,-0.0,-0.0248,0.00993,-0.0039,2.54579,71.79752,62.89032,,,14.10152,59.40843,76.57636,59.408,,58.14318,63.60746,55.27051,55.02967,,,0.03128,0.02871,,,-1.1388,-0.3524,-1.1388,0.0,0.7864,-0.7864,1,1,1,,,,,,,-0.15,,0.633,0.771,0.876,0.596,0.478,0.763,2020-04-28,2020-02-12,2019-12-17,2020-05-19,2020-03-20,2020-02-04,16.49,-5.85,32.43,-38.0,1.05,-12.9,14.0,12.0,27.0,27.0,6.0,32.0,1.0,-0.0,1.0,-1.0,0.0,-0.0,0.695,0.66,0.601,0.67,0.635,0.596,2020-06-12,2020-06-03,2020-05-21,2020-06-15,2020-06-05,2020-05-22,0.028,0.025,0.0,0.025,0.02,0.024,2020-04-14,2019-11-20,1999-01-01,2020-05-27,2020-02-12,2019-10-07,10854200.0,7461300.0,10464200.0,76.65,18.3,27.15,0.021,0.0,0.0,-0.04,-0.034,100.0,0.03063,0.0,0.0,-0.05756,-0.03172,100.0,54.029,43.682,58.071,50.706,29.099,40.756,88.889,85.701,85.701,59.408,81.432,61.9,58.002,41.487,66.85,57.696,24.976,39.962,2019-10-25,1999-01-01,1999-01-01,2020-03-20,2019-08-14,1999-01-01,7602,0,0,219,7530,0,2020-04-17,2019-12-23,2019-10-10,2020-05-15,2020-02-21,2019-11-27,2020-06-12,2020-06-10,2020-06-03,2020-06-15,2020-06-11,2020-06-05,2020-05-04,2019-12-26,2019-10-09,2020-05-15,2020-03-05,2019-12-04,1,0,0,0,0,1,0,1,0,1,1,0,0,0,0,1,0,1,1,0,0,0,0,1,0,1,0,1,1,0,,,,,,,p2p,,,Life.BearRecovery,Life.Bear,Life.BearRecovery,Life.Bear,Life.BearRecovery,,
2020-06-16,0.70837,,,,,0.63683,0.62961,0.66294,0.74052,0.65674,0.63587,0.02087,0.0139,0.02562,0.00697,,,25.92,-5.04,0.47,-6.46,0.38,-14.89,7.65,-7.1,18.0,12.0,4.0,12.0,5.0,22.0,8.0,17.0,0.0198,0.0,0.01134,-0.0039,2.90842,74.41425,63.37315,,,16.71825,69.97985,72.75906,,,52.61745,60.14751,55.45981,55.2577,,,0.03188,0.02912,,,-1.1091,-0.3333,-1.1091,0.0,0.7758,-0.7758,1,1,1,,,,,,,-0.15,,0.633,0.771,0.876,0.596,0.478,0.763,2020-04-28,2020-02-12,2019-12-17,2020-05-19,2020-03-20,2020-02-04,18.85,-5.85,32.43,-38.0,1.05,-12.9,15.0,12.0,27.0,27.0,6.0,32.0,1.0,-0.0,1.0,-1.0,0.0,-0.0,0.695,0.66,0.601,0.67,0.635,0.596,2020-06-12,2020-06-03,2020-05-21,2020-06-15,2020-06-05,2020-05-22,0.028,0.025,0.0,0.025,0.02,0.024,2020-04-14,2019-11-20,1999-01-01,2020-05-27,2020-02-12,2019-10-07,7461300.0,10464200.0,6143600.0,18.3,27.15,-16.37,0.021,0.0,0.0,-0.04,-0.034,100.0,0.03063,0.0,0.0,-0.05756,-0.03172,100.0,54.029,43.682,58.071,50.706,29.099,40.756,88.889,85.701,85.701,59.408,81.432,61.9,58.002,41.487,66.85,57.696,24.976,39.962,2019-10-25,1999-01-01,1999-01-01,2020-03-20,2019-08-14,1999-01-01,7602,0,0,219,7530,0,2020-04-17,2019-12-23,2019-10-10,2020-05-15,2020-02-21,2019-11-27,2020-06-12,2020-06-10,2020-06-03,2020-06-15,2020-06-11,2020-06-05,2020-05-04,2019-12-26,2019-10-09,2020-05-15,2020-03-05,2019-12-04,1,0,0,0,0,1,0,1,0,1,1,0,0,0,0,1,0,1,1,0,0,0,0,1,0,1,0,1,1,0,,,6143600,,,p2p,,,p2n,Life.BearRecovery,Life.Bear,Life.BearRecovery,Life.Bear,Life.BearRecovery,,
2020-06-17,0.72373,,,,,0.64129,0.63217,0.66357,0.74007,0.66261,0.64024,0.02237,0.01559,0.02687,0.00678,,,23.25,-5.04,0.47,-6.46,0.38,-14.89,7.65,-7.1,17.0,12.0,4.0,12.0,5.0,22.0,8.0,17.0,0.005,0.0,0.01064,-0.0039,2.72711,73.16953,63.82996,,,15.47353,73.33781,67.57537,,,44.48173,51.74745,55.60993,55.44675,,,0.03102,0.02953,,,-1.079,-0.314,-1.079,0.0,0.765,-0.765,1,1,1,,,,,,,-0.15,,0.633,0.771,0.876,0.596,0.478,0.763,2020-04-28,2020-02-12,2019-12-17,2020-05-19,2020-03-20,2020-02-04,21.43,-5.85,32.43,-38.0,1.05,-12.9,16.0,12.0,27.0,27.0,6.0,32.0,1.0,-0.0,1.0,-1.0,0.0,-0.0,0.695,0.66,0.601,0.67,0.635,0.596,2020-06-12,2020-06-03,2020-05-21,2020-06-15,2020-06-05,2020-05-22,0.028,0.025,0.0,0.025,0.02,0.024,2020-04-14,2019-11-20,1999-01-01,2020-05-27,2020-02-12,2019-10-07,10464200.0,6143600.0,2673100.0,27.15,-16.37,-19.89,0.021,0.0,0.0,-0.04,-0.034,100.0,0.03063,0.0,0.0,-0.05756,-0.03172,100.0,54.029,43.682,58.071,50.706,29.099,40.756,88.889,85.701,85.701,59.408,81.432,61.9,58.002,41.487,66.85,57.696,24.976,39.962,2019-10-25,1999-01-01,1999-01-01,2020-03-20,2019-08-14,1999-01-01,7602,0,0,219,7530,0,2020-04-17,2019-12-23,2019-10-10,2020-05-15,2020-02-21,2019-11-27,2020-06-12,2020-06-10,2020-06-03,2020-06-15,2020-06-11,2020-06-05,2020-05-04,2019-12-26,2019-10-09,2020-05-15,2020-03-05,2019-12-04,1,0,0,0,0,1,0,1,0,1,1,0,0,0,0,1,0,1,1,0,0,0,0,1,0,1,0,1,1,0,,,,,p2p,,,p2n,,Life.BearRecovery,Life.Bear,Life.BearRecovery,Life.Bear,Life.BearRecovery,,
2020-06-18,0.73904,,,,,0.64618,0.63502,0.66439,0.73972,0.6691,0.64502,0.02408,0.01729,0.0281,0.00679,,,20.7,-5.04,0.47,-6.46,0.38,-14.89,7.65,-7.1,16.0,12.0,4.0,12.0,5.0,22.0,8.0,17.0,0.0099,0.0,0.01134,-0.00354,3.20161,76.19962,64.25338,,,18.50362,79.30556,74.20774,,,57.41984,51.50634,55.71698,55.59558,,,0.02987,0.02994,,,-1.047,-0.2937,-1.047,0.0,0.7533,-0.7533,1,1,1,,,,,,,-0.15,,0.633,0.771,0.876,0.596,0.478,0.763,2020-04-28,2020-02-12,2019-12-17,2020-05-19,2020-03-20,2020-02-04,24.0,-5.85,32.43,-38.0,1.05,-12.9,17.0,12.0,27.0,27.0,6.0,32.0,1.0,-0.0,1.0,-1.0,0.0,-0.0,0.695,0.66,0.601,0.67,0.635,0.596,2020-06-12,2020-06-03,2020-05-21,2020-06-15,2020-06-05,2020-05-22,0.028,0.025,0.0,0.025,0.02,0.024,2020-04-14,2019-11-20,1999-01-01,2020-05-27,2020-02-12,2019-10-07,6143600.0,2673100.0,3201100.0,-16.37,-19.89,-37.67,0.021,0.0,0.0,-0.04,-0.034,100.0,0.03063,0.0,0.0,-0.05756,-0.03172,100.0,54.029,43.682,58.071,50.706,29.099,40.756,88.889,85.701,85.701,59.408,81.432,61.9,58.002,41.487,66.85,57.696,24.976,39.962,2019-10-25,1999-01-01,1999-01-01,2020-03-20,2019-08-14,1999-01-01,7602,0,0,219,7530,0,2020-04-17,2019-12-23,2019-10-10,2020-05-15,2020-02-21,2019-11-27,2020-06-12,2020-06-10,2020-06-03,2020-06-15,2020-06-11,2020-06-05,2020-05-04,2019-12-26,2019-10-09,2020-05-15,2020-03-05,2019-12-04,1,0,0,0,0,1,0,1,0,1,1,0,0,0,0,1,0,1,1,0,0,0,0,1,0,1,0,1,1,0,,,,,,,p2n,,,Life.BearRecovery,Life.Bear,Life.BearRecovery,Life.Bear,Life.BearRecovery,,
2020-06-19,0.753,,,,,0.65603,0.64048,0.66656,0.74006,0.68528,0.6546,0.03069,0.01997,0.02931,0.01072,,,18.46,-5.04,0.47,-6.46,0.38,-14.89,7.65,-7.1,15.0,12.0,4.0,12.0,5.0,22.0,8.0,17.0,0.0695,0.0,0.0156,-0.00354,4.40323,81.49254,64.63583,,,23.79654,100.0,84.21446,,100.0,74.0865,58.66269,55.77517,55.70069,,,0.0327,0.03036,,,-0.9958,-0.2608,-0.9958,0.0,0.735,-0.735,1,1,1,,,,,,,-0.15,,0.633,0.771,0.876,0.596,0.478,0.763,2020-04-28,2020-02-12,2019-12-17,2020-05-19,2020-03-20,2020-02-04,26.34,-5.85,32.43,-38.0,1.05,-12.9,18.0,12.0,27.0,27.0,6.0,32.0,1.0,-0.0,1.0,-1.0,0.0,-0.0,0.695,0.66,0.601,0.67,0.635,0.596,2020-06-12,2020-06-03,2020-05-21,2020-06-15,2020-06-05,2020-05-22,0.028,0.025,0.0,0.025,0.02,0.024,2020-04-14,2019-11-20,1999-01-01,2020-05-27,2020-02-12,2019-10-07,2673100.0,3201100.0,17445900.0,-19.89,-37.67,94.05,0.021,0.0,0.0,-0.04,-0.034,100.0,0.03063,0.0,0.0,-0.05756,-0.03172,100.0,54.029,43.682,58.071,50.706,29.099,40.756,100.0,88.889,85.701,59.408,81.432,61.9,58.002,41.487,66.85,57.696,24.976,39.962,2019-10-25,1999-01-01,1999-01-01,2020-03-20,2019-08-14,1999-01-01,7602,0,0,219,7530,0,2020-04-17,2019-12-23,2019-10-10,2020-05-15,2020-02-21,2019-11-27,2020-06-19,2020-06-12,2020-06-10,2020-06-15,2020-06-11,2020-06-05,2020-05-04,2019-12-26,2019-10-09,2020-05-15,2020-03-05,2019-12-04,1,0,0,0,0,1,0,1,0,1,1,0,0,0,0,1,0,1,1,0,0,0,0,1,0,1,0,1,1,0,17445900,,,,,p2n,,,n2p,Life.BearRecovery,Life.Bear,Life.BearRecovery,Life.Bear,Life.BearRecovery,,
2020-06-22,0.7648,,,,,0.66856,0.64748,0.66958,0.74085,0.70584,0.66677,0.03907,0.02379,0.0305,0.01528,,,16.63,-5.04,0.47,-6.46,0.38,-14.89,7.65,-7.1,14.0,12.0,4.0,12.0,5.0,22.0,8.0,17.0,0.0446,0.0,0.01879,-0.00354,5.30242,84.13308,64.97049,,,26.43708,97.76086,92.35547,,,87.80523,73.10386,55.78006,55.7574,,55.78,0.0339,0.03077,,,-0.9337,-0.221,-0.9337,0.0,0.7127,-0.7127,1,1,1,,,,,,,-0.15,,0.633,0.771,0.876,0.596,0.478,0.763,2020-04-28,2020-02-12,2019-12-17,2020-05-19,2020-03-20,2020-02-04,28.32,-5.85,32.43,-38.0,1.05,-12.9,19.0,12.0,27.0,27.0,6.0,32.0,1.0,-0.0,1.0,-1.0,0.0,-0.0,0.695,0.66,0.601,0.67,0.635,0.596,2020-06-12,2020-06-03,2020-05-21,2020-06-15,2020-06-05,2020-05-22,0.028,0.025,0.0,0.025,0.02,0.024,2020-04-14,2019-11-20,1999-01-01,2020-05-27,2020-02-12,2019-10-07,3201100.0,17445900.0,11609900.0,-37.67,94.05,38.32,0.021,0.0,0.0,-0.04,-0.034,100.0,0.03063,0.0,0.0,-0.05756,-0.03172,100.0,55.78,54.029,43.682,50.706,29.099,40.756,100.0,88.889,85.701,59.408,81.432,61.9,58.002,41.487,66.85,57.696,24.976,39.962,2019-10-25,1999-01-01,1999-01-01,2020-03-20,2019-08-14,1999-01-01,7602,0,0,219,7530,0,2020-06-22,2020-04-17,2019-12-23,2020-05-15,2020-02-21,2019-11-27,2020-06-19,2020-06-12,2020-06-10,2020-06-15,2020-06-11,2020-06-05,2020-05-04,2019-12-26,2019-10-09,2020-05-15,2020-03-05,2019-12-04,1,0,0,0,0,1,0,1,0,1,1,0,0,1,0,1,0,1,1,0,0,0,0,1,0,1,0,1,1,0,,,,,p2n,,,n2p,,Life.BearRecovery,Life.Bear,Life.BearRecovery,Life.Bear,Life.BearRecovery,,
2020-06-23,0.77419,,,,0.824,0.68051,0.65439,0.67263,0.74167,0.724,0.67841,0.0456,0.02815,0.03164,0.01745,,,15.22,-5.04,0.47,-6.46,0.38,-14.89,7.65,-7.1,13.0,12.0,4.0,12.0,5.0,22.0,8.0,17.0,0.005,0.0,0.01843,-0.00354,5.20161,83.87516,65.251,,,26.17916,92.67813,96.813,,,95.78872,85.89348,55.72921,55.76148,,,0.03432,0.03118,,,-0.8728,0.2612,-0.8728,0.0,1.134,-1.134,1,1,1,,,,,,,-0.15,,0.633,0.771,0.876,0.596,0.478,0.763,2020-04-28,2020-02-12,2019-12-17,2020-05-19,2020-03-20,2020-02-04,29.9,-5.85,32.43,-38.0,1.05,-12.9,20.0,12.0,27.0,27.0,6.0,32.0,1.0,-0.0,1.0,-1.0,0.0,-0.0,0.824,0.695,0.66,0.67,0.635,0.596,2020-06-23,2020-06-12,2020-06-03,2020-06-15,2020-06-05,2020-05-22,0.028,0.025,0.0,0.025,0.02,0.024,2020-04-14,2019-11-20,1999-01-01,2020-05-27,2020-02-12,2019-10-07,17445900.0,11609900.0,6980500.0,94.05,38.32,11.72,0.021,0.0,0.0,-0.04,-0.034,100.0,0.03063,0.0,0.0,-0.05756,-0.03172,100.0,55.78,54.029,43.682,50.706,29.099,40.756,100.0,88.889,85.701,59.408,81.432,61.9,58.002,41.487,66.85,57.696,24.976,39.962,2019-10-25,1999-01-01,1999-01-01,2020-03-20,2019-08-14,1999-01-01,7602,0,0,219,7530,0,2020-06-22,2020-04-17,2019-12-23,2020-05-15,2020-02-21,2019-11-27,2020-06-19,2020-06-12,2020-06-10,2020-06-15,2020-06-11,2020-06-05,2020-05-04,2019-12-26,2019-10-09,2020-05-15,2020-03-05,2019-12-04,1,0,0,0,0,1,0,1,0,1,1,0,0,1,0,1,0,1,1,0,0,0,0,1,0,1,0,1,1,0,,,,,,,n2p,,,Life.BearRecovery,Life.Bear,Life.BearRecovery,Life.Bear,Life.BearRecovery,,
2020-06-24,0.7814,,,,,0.69116,0.66085,0.67553,0.74244,0.7386,0.68881,0.04979,0.03248,0.03274,0.01731,,,14.15,-5.04,0.47,-6.46,0.38,-14.89,7.65,-7.1,12.0,12.0,4.0,12.0,5.0,22.0,8.0,17.0,-0.0,-0.005,0.01524,-0.0039,3.90842,79.62687,65.47065,,,21.93087,90.22113,93.55337,,,91.33383,91.64259,55.62039,55.70989,,,0.03364,0.03157,,,-0.8159,0.3031,-0.8159,0.0,1.119,-1.119,1,1,1,,,,,,,-0.15,,0.633,0.771,0.876,0.596,0.478,0.763,2020-04-28,2020-02-12,2019-12-17,2020-05-19,2020-03-20,2020-02-04,31.11,-5.85,32.43,-38.0,1.05,-12.9,21.0,12.0,27.0,27.0,6.0,32.0,1.0,-0.0,1.0,-1.0,0.0,-0.0,0.824,0.695,0.66,0.67,0.635,0.596,2020-06-23,2020-06-12,2020-06-03,2020-06-15,2020-06-05,2020-05-22,0.028,0.025,0.0,0.025,0.02,0.024,2020-04-14,2019-11-20,1999-01-01,2020-05-27,2020-02-12,2019-10-07,11609900.0,6980500.0,5005200.0,38.32,11.72,-34.52,0.021,0.0,0.0,-0.04,-0.034,100.0,0.03063,0.0,0.0,-0.05756,-0.03172,100.0,55.78,54.029,43.682,50.706,29.099,40.756,100.0,88.889,85.701,59.408,81.432,61.9,58.002,41.487,66.85,57.696,24.976,39.962,2019-10-25,1999-01-01,1999-01-01,2020-03-20,2019-08-14,1999-01-01,7602,0,0,219,7530,0,2020-06-22,2020-04-17,2019-12-23,2020-05-15,2020-02-21,2019-11-27,2020-06-19,2020-06-12,2020-06-10,2020-06-15,2020-06-11,2020-06-05,2020-05-04,2019-12-26,2019-10-09,2020-05-15,2020-03-05,2019-12-04,1,0,0,0,0,1,0,1,0,1,1,0,0,1,0,1,0,1,1,0,0,0,0,1,0,1,0,1,1,0,,,-5005200,,,n2p,,,p2n,Life.BearRecovery,Life.Bear,Life.BearRecovery,Life.Bear,Life.BearRecovery,,
2020-06-25,0.78727,,,,,0.69831,0.66568,0.67768,0.74286,0.74562,0.69588,0.04974,0.03593,0.03378,0.01381,,,13.3,-5.04,0.47,-6.46,0.38,-14.89,7.65,-7.1,11.0,12.0,4.0,12.0,5.0,22.0,8.0,17.0,-0.0,-0.0347,0.01524,-0.00567,2.68766,72.88251,65.62379,,,15.18651,73.16953,85.35627,,,78.30896,88.47717,55.44998,55.59986,,,0.03407,0.03195,,,-0.7718,0.3263,-0.7718,0.0,1.0981,-1.0981,1,1,1,,,,,,,-0.15,,0.633,0.771,0.876,0.596,0.478,0.763,2020-04-28,2020-02-12,2019-12-17,2020-05-19,2020-03-20,2020-02-04,32.09,-5.85,32.43,-38.0,1.05,-12.9,22.0,12.0,27.0,27.0,6.0,32.0,1.0,-0.0,1.0,-1.0,0.0,-0.0,0.824,0.695,0.66,0.67,0.635,0.596,2020-06-23,2020-06-12,2020-06-03,2020-06-15,2020-06-05,2020-05-22,0.028,0.025,0.0,0.025,0.02,0.024,2020-04-14,2019-11-20,1999-01-01,2020-05-27,2020-02-12,2019-10-07,6980500.0,5005200.0,7228400.0,11.72,-34.52,-18.57,0.021,0.0,0.0,-0.04,-0.034,100.0,0.03063,0.0,0.0,-0.05756,-0.03172,100.0,55.78,54.029,43.682,50.706,29.099,40.756,100.0,88.889,85.701,59.408,81.432,61.9,58.002,41.487,66.85,57.696,24.976,39.962,2019-10-25,1999-01-01,1999-01-01,2020-03-20,2019-08-14,1999-01-01,7602,0,0,219,7530,0,2020-06-22,2020-04-17,2019-12-23,2020-05-15,2020-02-21,2019-11-27,2020-06-19,2020-06-12,2020-06-10,2020-06-15,2020-06-11,2020-06-05,2020-05-04,2019-12-26,2019-10-09,2020-05-15,2020-03-05,2019-12-04,1,0,0,0,0,1,0,1,0,1,1,0,0,1,0,1,0,1,1,0,0,0,0,1,0,1,0,1,1,0,,,,,n2p,,,p2n,,Life.BearRecovery,Life.Bear,Life.BearRecovery,Life.Bear,Life.BearRecovery,,
2020-06-26,0.79314,,,,,0.70416,0.66994,0.6796,0.74317,0.75003,0.70169,0.04834,0.03841,0.03474,0.00993,,,12.46,-5.04,0.47,-6.46,0.38,-14.89,7.65,-7.1,10.0,12.0,4.0,12.0,5.0,22.0,8.0,17.0,-0.0,-0.0099,0.01524,-0.00531,2.86828,74.14871,65.70536,,,16.45271,66.68388,76.69152,,,52.53873,74.06051,55.21332,55.4279,,,0.03482,0.03232,,,-0.7323,0.3422,-0.7323,0.0,1.0745,-1.0745,1,1,1,,,,,,,-0.15,,0.633,0.771,0.876,0.596,0.478,0.763,2020-04-28,2020-02-12,2019-12-17,2020-05-19,2020-03-20,2020-02-04,33.08,-5.85,32.43,-38.0,1.05,-12.9,23.0,12.0,27.0,27.0,6.0,32.0,1.0,-0.0,1.0,-1.0,0.0,-0.0,0.824,0.695,0.66,0.67,0.635,0.596,2020-06-23,2020-06-12,2020-06-03,2020-06-15,2020-06-05,2020-05-22,0.028,0.025,0.0,0.025,0.02,0.024,2020-04-14,2019-11-20,1999-01-01,2020-05-27,2020-02-12,2019-10-07,5005200.0,7228400.0,3894000.0,-34.52,-18.57,-16.06,0.021,0.0,0.0,-0.04,-0.034,100.0,0.03063,0.0,0.0,-0.05756,-0.03172,100.0,55.78,54.029,43.682,50.706,29.099,40.756,100.0,88.889,85.701,59.408,81.432,61.9,58.002,41.487,66.85,57.696,24.976,39.962,2019-10-25,1999-01-01,1999-01-01,2020-03-20,2019-08-14,1999-01-01,7602,0,0,219,7530,0,2020-06-22,2020-04-17,2019-12-23,2020-05-15,2020-02-21,2019-11-27,2020-06-19,2020-06-12,2020-06-10,2020-06-15,2020-06-11,2020-06-05,2020-05-04,2019-12-26,2019-10-09,2020-05-15,2020-03-05,2019-12-04,1,0,0,0,0,1,0,1,0,1,1,0,0,1,0,1,0,1,1,0,0,0,0,1,0,1,0,1,1,0,,,,,,,p2n,,,Life.BearRecovery,Life.Bear,Life.BearRecovery,Life.Bear,Life.BearRecovery,,
2020-06-29,0.80037,,,0.75,,0.70765,0.67306,0.68098,0.74323,0.74995,0.70523,0.04472,0.03967,0.03563,0.00505,,,11.45,-5.04,0.47,-6.46,0.38,-14.89,7.65,-7.1,9.0,12.0,4.0,12.0,5.0,22.0,8.0,17.0,-0.0,-0.0248,0.01454,-0.00709,2.05141,67.22828,65.71124,,65.711,9.53228,53.87397,64.57579,53.874,,25.4277,52.0918,54.90714,55.19015,,,0.03446,0.03268,,,-0.7017,0.3459,-0.7017,0.0,1.0476,-1.0476,1,1,1,,,,,,,-0.15,,0.633,0.771,0.876,0.596,0.478,0.763,2020-04-28,2020-02-12,2019-12-17,2020-05-19,2020-03-20,2020-02-04,34.29,-5.85,32.43,-38.0,1.05,-12.9,24.0,12.0,27.0,27.0,6.0,32.0,1.0,-0.0,1.0,-1.0,0.0,-0.0,0.824,0.695,0.66,0.75,0.67,0.635,2020-06-23,2020-06-12,2020-06-03,2020-06-29,2020-06-15,2020-06-05,0.028,0.025,0.0,0.025,0.02,0.024,2020-04-14,2019-11-20,1999-01-01,2020-05-27,2020-02-12,2019-10-07,7228400.0,3894000.0,3343500.0,-18.57,-16.06,-10.3,0.021,0.0,0.0,-0.04,-0.034,100.0,0.03063,0.0,0.0,-0.05756,-0.03172,100.0,55.78,54.029,43.682,50.706,29.099,40.756,100.0,88.889,85.701,53.874,59.408,81.432,65.711,58.002,41.487,57.696,24.976,39.962,2019-10-25,1999-01-01,1999-01-01,2020-03-20,2019-08-14,1999-01-01,7602,0,0,219,7530,0,2020-06-22,2020-04-17,2019-12-23,2020-05-15,2020-02-21,2019-11-27,2020-06-19,2020-06-12,2020-06-10,2020-06-29,2020-06-15,2020-06-11,2020-06-29,2020-05-04,2019-12-26,2020-05-15,2020-03-05,2019-12-04,1,0,0,0,0,1,0,1,0,1,1,0,0,1,0,1,0,1,1,0,0,1,0,1,0,1,0,1,1,0,,,,,,p2n,,,,Life.BearRecovery,Life.Bear,Life.BearRecovery,Life.Bear,Life.BearRecovery,,
2020-06-30,0.80988,,,,,0.71124,0.67625,0.68243,0.74334,0.75063,0.70887,0.04176,0.04009,0.03643,0.00167,,,10.14,-5.04,0.47,-6.46,0.38,-14.89,7.65,-7.1,8.0,12.0,4.0,12.0,5.0,22.0,8.0,17.0,0.0049,0.0,0.01382,-0.00709,1.9506,66.10864,65.63834,,,0.39764,56.40496,58.9876,,,9.8983,29.28824,54.53057,54.88368,,,0.03448,0.03301,,,-0.6709,0.3499,-0.6709,0.0,1.0208,-1.0208,1,1,1,,,,,,,-0.15,,0.633,0.771,0.876,0.596,0.478,0.763,2020-04-28,2020-02-12,2019-12-17,2020-05-19,2020-03-20,2020-02-04,35.89,-5.85,32.43,-38.0,1.05,-12.9,25.0,12.0,27.0,27.0,6.0,32.0,1.0,-0.0,1.0,-1.0,0.0,-0.0,0.824,0.695,0.66,0.75,0.67,0.635,2020-06-23,2020-06-12,2020-06-03,2020-06-29,2020-06-15,2020-06-05,0.028,0.025,0.0,0.025,0.02,0.024,2020-04-14,2019-11-20,1999-01-01,2020-05-27,2020-02-12,2019-10-07,3894000.0,3343500.0,2984900.0,-16.06,-10.3,-29.33,0.021,0.0,0.0,-0.04,-0.034,100.0,0.03063,0.0,0.0,-0.05756,-0.03172,100.0,55.78,54.029,43.682,50.706,29.099,40.756,100.0,88.889,85.701,53.874,59.408,81.432,65.711,58.002,41.487,57.696,24.976,39.962,2019-10-25,1999-01-01,1999-01-01,2020-03-20,2019-08-14,1999-01-01,7602,0,0,219,7530,0,2020-06-22,2020-04-17,2019-12-23,2020-05-15,2020-02-21,2019-11-27,2020-06-19,2020-06-12,2020-06-10,2020-06-29,2020-06-15,2020-06-11,2020-06-29,2020-05-04,2019-12-26,2020-05-15,2020-03-05,2019-12-04,1,0,0,0,0,1,0,1,0,1,1,0,0,1,0,1,0,1,1,0,0,1,0,1,0,1,0,1,1,0,,,,,p2n,,,,,Life.BearRecovery,Life.Bear,Life.BearRecovery,Life.Bear,Life.BearRecovery,,
2020-07-01,0.822,,,,,0.718,0.68107,0.68474,0.7439,0.75809,0.71556,0.04253,0.04058,0.03712,0.00195,,,8.52,-5.04,0.47,-6.46,0.38,-14.89,7.65,-7.1,7.0,12.0,4.0,12.0,5.0,22.0,8.0,17.0,0.0447,0.0,0.01524,-0.00709,2.15121,68.26615,65.48352,,,2.55515,79.4938,63.25758,,,31.64987,22.32529,54.08479,54.5075,,,0.03592,0.03332,,,-0.6283,0.3693,-0.6283,0.0,0.9976,-0.9976,1,1,1,,,,,,,-0.15,,0.633,0.771,0.876,0.596,0.478,0.763,2020-04-28,2020-02-12,2019-12-17,2020-05-19,2020-03-20,2020-02-04,37.92,-5.85,32.43,-38.0,1.05,-12.9,26.0,12.0,27.0,27.0,6.0,32.0,1.0,-0.0,1.0,-1.0,0.0,-0.0,0.824,0.695,0.66,0.75,0.67,0.635,2020-06-23,2020-06-12,2020-06-03,2020-06-29,2020-06-15,2020-06-05,0.028,0.025,0.0,0.025,0.02,0.024,2020-04-14,2019-11-20,1999-01-01,2020-05-27,2020-02-12,2019-10-07,3343500.0,2984900.0,5721700.0,-10.3,-29.33,17.88,0.021,0.0,0.0,-0.04,-0.034,100.0,0.03063,0.0,0.0,-0.05756,-0.03172,100.0,55.78,54.029,43.682,50.706,29.099,40.756,100.0,88.889,85.701,53.874,59.408,81.432,65.711,58.002,41.487,57.696,24.976,39.962,2019-10-25,1999-01-01,1999-01-01,2020-03-20,2019-08-14,1999-01-01,7602,0,0,219,7530,0,2020-06-22,2020-04-17,2019-12-23,2020-05-15,2020-02-21,2019-11-27,2020-06-19,2020-06-12,2020-06-10,2020-06-29,2020-06-15,2020-06-11,2020-06-29,2020-05-04,2019-12-26,2020-05-15,2020-03-05,2019-12-04,1,0,0,0,0,1,0,1,0,1,1,0,0,1,0,1,0,1,1,0,0,1,0,1,0,1,0,1,1,0,5721700,,,,,,,,n2p,Life.BearRecovery,Life.Bear,Life.BearRecovery,Life.Bear,Life.BearRecovery,,
2020-07-02,0.83625,,,,,0.72691,0.68706,0.6877,0.74479,0.76974,0.72432,0.04542,0.04155,0.03771,0.00387,,,6.67,-5.04,0.47,-6.46,0.38,-14.89,7.65,-7.1,6.0,12.0,4.0,12.0,5.0,22.0,8.0,17.0,0.0347,0.0,0.01701,-0.00709,2.4002,70.58998,65.24361,,,4.87898,97.12147,77.67341,,97.121,61.44838,34.33218,53.57182,54.0624,,,0.03619,0.03361,,,-0.5773,0.3985,-0.5773,0.0,0.9758,-0.9758,1,1,1,,,,,,,-0.15,,0.633,0.771,0.876,0.596,0.478,0.763,2020-04-28,2020-02-12,2019-12-17,2020-05-19,2020-03-20,2020-02-04,40.31,-5.85,32.43,-38.0,1.05,-12.9,27.0,12.0,27.0,27.0,6.0,32.0,1.0,-0.0,1.0,-1.0,0.0,-0.0,0.824,0.695,0.66,0.75,0.67,0.635,2020-06-23,2020-06-12,2020-06-03,2020-06-29,2020-06-15,2020-06-05,0.028,0.025,0.0,0.025,0.02,0.024,2020-04-14,2019-11-20,1999-01-01,2020-05-27,2020-02-12,2019-10-07,2984900.0,5721700.0,8635300.0,-29.33,17.88,43.91,0.021,0.0,0.0,-0.04,-0.034,100.0,0.03063,0.0,0.0,-0.05756,-0.03172,100.0,55.78,54.029,43.682,50.706,29.099,40.756,97.121,100.0,88.889,53.874,59.408,81.432,65.711,58.002,41.487,57.696,24.976,39.962,2019-10-25,1999-01-01,1999-01-01,2020-03-20,2019-08-14,1999-01-01,7602,0,0,219,7530,0,2020-06-22,2020-04-17,2019-12-23,2020-05-15,2020-02-21,2019-11-27,2020-07-02,2020-06-19,2020-06-12,2020-06-29,2020-06-15,2020-06-11,2020-06-29,2020-05-04,2019-12-26,2020-05-15,2020-03-05,2019-12-04,1,0,0,0,0,1,0,1,0,1,1,0,0,1,0,1,0,0,1,0,0,1,0,1,0,1,0,1,1,0,,,,,,,,n2p,,Life.BearRecovery,Life.Bear,Life.BearRecovery,Life.Bear,Life.BearRecovery,,
2020-07-03,0.85132,,,,,0.73705,0.69379,0.69108,0.74593,0.78342,0.73427,0.04915,0.04307,0.03819,0.00609,,,4.78,-5.04,0.47,-6.46,0.38,-14.89,7.65,-7.1,5.0,12.0,4.0,12.0,5.0,22.0,8.0,17.0,0.0249,0.0,0.01879,-0.00531,3.53495,77.94902,64.91552,,,12.23802,95.01259,90.54262,,,88.42716,60.50847,52.9944,53.55034,,,0.03609,0.03388,,,-0.5485,0.4597,-0.5485,0.0,1.0082,-1.0082,1,1,1,,,,,,,-0.15,,0.633,0.771,0.876,0.596,0.478,0.763,2020-04-28,2020-02-12,2019-12-17,2020-05-19,2020-03-20,2020-02-04,42.84,-5.85,32.43,-38.0,1.05,-12.9,28.0,12.0,27.0,27.0,6.0,32.0,2.0,-0.0,1.0,-1.0,0.0,-0.0,0.824,0.695,0.66,0.75,0.67,0.635,2020-06-23,2020-06-12,2020-06-03,2020-06-29,2020-06-15,2020-06-05,0.028,0.025,0.0,0.025,0.02,0.024,2020-04-14,2019-11-20,1999-01-01,2020-05-27,2020-02-12,2019-10-07,5721700.0,8635300.0,15811400.0,17.88,43.91,73.96,0.021,0.0,0.0,-0.04,-0.034,100.0,0.03063,0.0,0.0,-0.05756,-0.03172,100.0,55.78,54.029,43.682,50.706,29.099,40.756,97.121,100.0,88.889,53.874,59.408,81.432,65.711,58.002,41.487,57.696,24.976,39.962,2019-10-25,1999-01-01,1999-01-01,2020-03-20,2019-08-14,1999-01-01,7602,0,0,219,7530,0,2020-06-22,2020-04-17,2019-12-23,2020-05-15,2020-02-21,2019-11-27,2020-07-02,2020-06-19,2020-06-12,2020-06-29,2020-06-15,2020-06-11,2020-06-29,2020-05-04,2019-12-26,2020-05-15,2020-03-05,2019-12-04,1,0,0,0,0,1,0,1,0,1,1,0,0,1,0,1,0,0,1,0,0,1,0,1,0,1,0,1,1,0,,,,,,,n2p,,,Life.BearRecovery,Life.Bear,Life.BearRecovery,Life.Bear,Life.BearRecovery,,
2020-07-06,0.86559,,,,0.928,0.75174,0.70298,0.69578,0.74774,0.80568,0.74863,0.05705,0.04587,0.03854,0.01119,,,3.05,-5.04,0.47,-6.46,0.38,-14.89,7.65,-7.1,4.0,12.0,4.0,12.0,5.0,22.0,8.0,17.0,0.0694,0.0,0.02233,-0.00531,4.20161,80.77519,64.49713,,,15.06419,92.57463,94.9029,,,92.31382,80.72979,52.35667,52.9743,,,0.03989,0.03412,,,-0.5196,0.5596,0.5596,1.0792,1.0792,0.0,1,1,1,,,,,,,,-0.15,0.633,0.771,0.876,0.596,0.478,0.763,2020-04-28,2020-02-12,2019-12-17,2020-05-19,2020-03-20,2020-02-04,45.23,-5.85,32.43,-38.0,1.05,-12.9,29.0,12.0,27.0,27.0,6.0,32.0,2.0,-0.0,1.0,-1.0,0.0,-0.0,0.928,0.824,0.695,0.75,0.67,0.635,2020-07-06,2020-06-23,2020-06-12,2020-06-29,2020-06-15,2020-06-05,0.028,0.025,0.0,0.025,0.02,0.024,2020-04-14,2019-11-20,1999-01-01,2020-05-27,2020-02-12,2019-10-07,8635300.0,15811400.0,29343600.0,43.91,73.96,78.3,0.021,0.0,0.0,-0.04,-0.034,100.0,0.03063,0.0,0.0,-0.05756,-0.03172,100.0,55.78,54.029,43.682,50.706,29.099,40.756,97.121,100.0,88.889,53.874,59.408,81.432,65.711,58.002,41.487,57.696,24.976,39.962,2019-10-25,1999-01-01,1999-01-01,2020-03-20,2019-08-14,1999-01-01,7602,0,0,219,7530,0,2020-06-22,2020-04-17,2019-12-23,2020-05-15,2020-02-21,2019-11-27,2020-07-02,2020-06-19,2020-06-12,2020-06-29,2020-06-15,2020-06-11,2020-06-29,2020-05-04,2019-12-26,2020-05-15,2020-03-05,2019-12-04,1,0,0,0,0,1,0,1,0,1,1,0,0,1,0,1,0,0,1,0,0,1,0,1,0,1,0,1,1,0,,,,,,n2p,,,,Life.Bear,Life.BearRecovery,Life.Bear,Life.BearRecovery,Life.BearEnd,,
2020-07-07,0.87753,,,0.908,,0.76379,0.71103,0.69998,0.74934,0.82147,0.76046,0.06101,0.0489,0.03875,0.01212,,,1.65,-5.04,0.47,-6.46,0.38,-14.89,7.65,-7.1,3.0,12.0,4.0,12.0,5.0,22.0,8.0,17.0,-0.0,-0.0198,0.02197,-0.00673,3.26539,76.5555,63.98865,,,10.8445,83.01026,90.19916,83.01,,86.38495,89.04198,51.66569,52.33892,,,0.04094,0.03434,,,-0.4936,0.6381,0.6381,1.1317,1.1317,0.0,1,1,1,,,,,,,,-0.15,0.633,0.771,0.876,0.596,0.478,0.763,2020-04-28,2020-02-12,2019-12-17,2020-05-19,2020-03-20,2020-02-04,47.24,-5.85,32.43,-38.0,1.05,-12.9,30.0,12.0,27.0,27.0,6.0,32.0,2.0,-0.0,1.0,-1.0,0.0,-0.0,0.928,0.824,0.695,0.908,0.75,0.67,2020-07-06,2020-06-23,2020-06-12,2020-07-07,2020-06-29,2020-06-15,0.028,0.025,0.0,0.025,0.02,0.024,2020-04-14,2019-11-20,1999-01-01,2020-05-27,2020-02-12,2019-10-07,15811400.0,29343600.0,13045400.0,73.96,78.3,8.2,0.021,0.0,0.0,-0.04,-0.034,100.0,0.03063,0.0,0.0,-0.05756,-0.03172,100.0,55.78,54.029,43.682,50.706,29.099,40.756,97.121,100.0,88.889,83.01,53.874,59.408,65.711,58.002,41.487,57.696,24.976,39.962,2019-10-25,1999-01-01,1999-01-01,2020-03-20,2019-08-14,1999-01-01,7602,0,0,219,7530,0,2020-06-22,2020-04-17,2019-12-23,2020-05-15,2020-02-21,2019-11-27,2020-07-02,2020-06-19,2020-06-12,2020-07-07,2020-06-29,2020-06-15,2020-06-29,2020-05-04,2019-12-26,2020-05-15,2020-03-05,2019-12-04,1,0,0,0,0,1,0,1,0,1,1,0,0,1,0,1,0,0,0,1,0,1,0,1,0,1,0,1,1,0,,,,,n2p,,,,,Life.Bear,Life.BearRecovery,Life.Bear,Life.BearRecovery,Life.BearEnd,,
2020-07-08,0.88605,,,,0.923,0.77605,0.71935,0.7044,0.75107,0.83712,0.77251,0.06461,0.05204,0.03884,0.01257,,,0.67,-5.04,0.47,-6.46,0.38,-14.89,7.65,-7.1,2.0,12.0,4.0,12.0,5.0,22.0,8.0,17.0,0.0149,0.0,0.02233,-0.00673,3.31847,76.84366,63.39372,,,11.13266,87.74671,87.7772,,87.747,82.37295,87.02391,50.93236,51.65157,,,0.04015,0.03453,,,-0.4667,0.7165,0.7165,1.1832,1.1832,0.0,1,1,1,,,,,,,,-0.15,0.633,0.771,0.876,0.596,0.478,0.763,2020-04-28,2020-02-12,2019-12-17,2020-05-19,2020-03-20,2020-02-04,48.67,-5.85,32.43,-38.0,1.05,-12.9,31.0,12.0,27.0,27.0,6.0,32.0,2.0,-0.0,1.0,-1.0,0.0,-0.0,0.923,0.928,0.824,0.908,0.75,0.67,2020-07-08,2020-07-06,2020-06-23,2020-07-07,2020-06-29,2020-06-15,0.028,0.025,0.0,0.025,0.02,0.024,2020-04-14,2019-11-20,1999-01-01,2020-05-27,2020-02-12,2019-10-07,29343600.0,13045400.0,9402700.0,78.3,8.2,-11.01,0.021,0.0,0.0,-0.04,-0.034,100.0,0.03063,0.0,0.0,-0.05756,-0.03172,100.0,55.78,54.029,43.682,50.706,29.099,40.756,87.747,97.121,100.0,83.01,53.874,59.408,65.711,58.002,41.487,57.696,24.976,39.962,2019-10-25,1999-01-01,1999-01-01,2020-03-20,2019-08-14,1999-01-01,7602,0,0,219,7530,0,2020-06-22,2020-04-17,2019-12-23,2020-05-15,2020-02-21,2019-11-27,2020-07-08,2020-07-02,2020-06-19,2020-07-07,2020-06-29,2020-06-15,2020-06-29,2020-05-04,2019-12-26,2020-05-15,2020-03-05,2019-12-04,1,0,0,0,0,0,0,1,0,1,1,0,0,1,0,1,1,0,0,1,0,1,0,1,0,1,0,1,1,0,,,,,,,,,,Life.Bear,Life.BearRecovery,Life.Bear,Life.BearRecovery,Life.BearEnd,,
2020-07-09,0.89085,,,,,0.78469,0.72598,0.70805,0.75243,0.84501,0.78109,0.06391,0.05441,0.03879,0.0095,,,0.13,-5.04,0.47,-6.46,0.38,-14.89,7.65,-7.1,1.0,12.0,4.0,12.0,5.0,22.0,8.0,17.0,-0.0,-0.0348,0.01736,-0.00921,1.8845,65.3319,62.71847,,,-0.3791,69.01679,79.92459,,,67.5677,78.7752,50.17048,50.92284,,,0.03976,0.0347,,,-0.4438,0.7664,0.7664,1.2102,1.2102,0.0,1,1,1,,,,,,,,-0.15,0.633,0.771,0.876,0.596,0.478,0.763,2020-04-28,2020-02-12,2019-12-17,2020-05-19,2020-03-20,2020-02-04,49.47,-5.85,32.43,-38.0,1.05,-12.9,32.0,12.0,27.0,27.0,6.0,32.0,2.0,-0.0,1.0,-1.0,0.0,-0.0,0.923,0.928,0.824,0.908,0.75,0.67,2020-07-08,2020-07-06,2020-06-23,2020-07-07,2020-06-29,2020-06-15,0.028,0.025,0.0,0.025,0.02,0.024,2020-04-14,2019-11-20,1999-01-01,2020-05-27,2020-02-12,2019-10-07,13045400.0,9402700.0,7235900.0,8.2,-11.01,-42.69,0.021,0.0,0.0,-0.04,-0.034,100.0,0.03063,0.0,0.0,-0.05756,-0.03172,100.0,55.78,54.029,43.682,50.706,29.099,40.756,87.747,97.121,100.0,83.01,53.874,59.408,65.711,58.002,41.487,57.696,24.976,39.962,2019-10-25,1999-01-01,1999-01-01,2020-03-20,2019-08-14,1999-01-01,7602,0,0,219,7530,0,2020-06-22,2020-04-17,2019-12-23,2020-05-15,2020-02-21,2019-11-27,2020-07-08,2020-07-02,2020-06-19,2020-07-07,2020-06-29,2020-06-15,2020-06-29,2020-05-04,2019-12-26,2020-05-15,2020-03-05,2019-12-04,1,0,0,0,0,0,0,1,0,1,1,0,0,1,0,1,1,0,0,1,0,1,0,1,0,1,0,1,1,0,,,,,,,,,,Life.Bear,Life.BearRecovery,Life.Bear,Life.BearRecovery,Life.BearEnd,,
2020-07-10,0.89222,,0.892,,,0.79229,0.73216,0.71152,0.75374,0.85093,0.78868,0.06225,0.05598,0.03859,0.00627,,0.039,-5.07,0.47,-6.46,0.38,-14.89,7.65,-7.1,2.21,12.0,4.0,12.0,5.0,22.0,8.0,17.0,11.0,-0.0,-0.0049,0.01418,-0.00956,1.48245,59.71721,61.97013,,,-5.99379,66.66667,74.47672,,,49.35048,66.43038,49.39344,50.16543,,,0.03834,0.03484,,,-0.4222,0.8077,0.8077,1.2299,1.2299,0.0,1,1,1,,,,,,,,-0.15,0.892,0.633,0.771,0.596,0.478,0.763,2020-07-10,2020-04-28,2020-02-12,2020-05-19,2020-03-20,2020-02-04,0.0,49.66,-5.85,32.43,-38.0,1.05,0.0,33.0,12.0,27.0,27.0,6.0,0.0,2.0,-0.0,1.0,-1.0,0.0,0.923,0.928,0.824,0.908,0.75,0.67,2020-07-08,2020-07-06,2020-06-23,2020-07-07,2020-06-29,2020-06-15,0.028,0.025,0.0,0.025,0.02,0.024,2020-04-14,2019-11-20,1999-01-01,2020-05-27,2020-02-12,2019-10-07,9402700.0,7235900.0,4117100.0,-11.01,-42.69,-30.08,0.039,0.021,0.0,-0.04,-0.034,100.0,0.05598,0.03063,0.0,-0.05756,-0.03172,100.0,55.78,54.029,43.682,50.706,29.099,40.756,87.747,97.121,100.0,83.01,53.874,59.408,65.711,58.002,41.487,57.696,24.976,39.962,2020-07-10,2019-10-25,1999-01-01,2020-03-20,2019-08-14,1999-01-01,259,7602,0,219,7530,0,2020-06-22,2020-04-17,2019-12-23,2020-05-15,2020-02-21,2019-11-27,2020-07-08,2020-07-02,2020-06-19,2020-07-07,2020-06-29,2020-06-15,2020-06-29,2020-05-04,2019-12-26,2020-05-15,2020-03-05,2019-12-04,0,1,0,0,0,0,0,1,0,1,1,0,0,1,0,1,1,0,0,1,0,1,0,1,0,1,0,1,1,0,,,,,,,,,,Life.Bear,Life.BearRecovery,Life.Bear,Life.BearRecovery,Life.BearEnd,,
2020-07-13,0.89085,,,0.884,,0.79931,0.73809,0.71493,0.75503,0.85594,0.7957,0.06024,0.05683,0.03826,0.00341,,,-4.92,0.47,-6.46,0.38,-14.89,7.65,-7.1,2.21,11.0,4.0,12.0,5.0,22.0,8.0,17.0,11.0,0.0,0.0,0.01382,-0.00956,1.44511,59.10202,61.15724,,,-6.60898,66.66667,67.45004,66.667,,30.10813,49.00877,48.6116,49.39184,,,0.03808,0.03495,,,-0.401,0.8438,0.8438,1.2448,1.2448,0.0,1,1,1,,,,,,,,-0.15,0.892,0.633,0.771,0.596,0.478,0.763,2020-07-10,2020-04-28,2020-02-12,2020-05-19,2020-03-20,2020-02-04,-0.13,49.66,-5.85,32.43,-38.0,1.05,1.0,33.0,12.0,27.0,27.0,6.0,-0.0,2.0,-0.0,1.0,-1.0,0.0,0.923,0.928,0.824,0.884,0.908,0.75,2020-07-08,2020-07-06,2020-06-23,2020-07-13,2020-07-07,2020-06-29,0.028,0.025,0.0,0.025,0.02,0.024,2020-04-14,2019-11-20,1999-01-01,2020-05-27,2020-02-12,2019-10-07,7235900.0,4117100.0,4249800.0,-42.69,-30.08,-24.83,0.039,0.021,0.0,-0.04,-0.034,100.0,0.05598,0.03063,0.0,-0.05756,-0.03172,100.0,55.78,54.029,43.682,50.706,29.099,40.756,87.747,97.121,100.0,66.667,83.01,53.874,65.711,58.002,41.487,57.696,24.976,39.962,2020-07-10,2019-10-25,1999-01-01,2020-03-20,2019-08-14,1999-01-01,259,7602,0,219,7530,0,2020-06-22,2020-04-17,2019-12-23,2020-05-15,2020-02-21,2019-11-27,2020-07-08,2020-07-02,2020-06-19,2020-07-13,2020-07-07,2020-06-29,2020-06-29,2020-05-04,2019-12-26,2020-05-15,2020-03-05,2019-12-04,0,1,0,0,0,0,0,0,0,1,1,0,0,1,0,1,1,0,0,0,0,1,0,1,0,1,0,1,1,0,,,,,,,,,,Life.Bear,Life.BearRecovery,Life.Bear,Life.BearRecovery,Life.BearEnd,,
2020-07-14,0.88754,,,,,0.80616,0.74399,0.71836,0.75635,0.86094,0.80257,0.05836,0.05714,0.0378,0.00123,,,-4.57,0.47,-6.46,0.38,-14.89,7.65,-7.1,2.21,10.0,4.0,12.0,5.0,22.0,8.0,17.0,11.0,0.0049,0.0,0.01417,-0.00921,1.53918,60.61717,60.28945,,,-5.09383,69.01679,67.45004,,,25.93587,35.13149,47.83227,48.61244,,,0.03714,0.03504,,,-0.3799,0.878,0.878,1.2579,1.2579,0.0,1,1,1,,,,,,,,-0.15,0.892,0.633,0.771,0.596,0.478,0.763,2020-07-10,2020-04-28,2020-02-12,2020-05-19,2020-03-20,2020-02-04,-0.5,49.66,-5.85,32.43,-38.0,1.05,2.0,33.0,12.0,27.0,27.0,6.0,-0.0,2.0,-0.0,1.0,-1.0,0.0,0.923,0.928,0.824,0.884,0.908,0.75,2020-07-08,2020-07-06,2020-06-23,2020-07-13,2020-07-07,2020-06-29,0.028,0.025,0.0,0.025,0.02,0.024,2020-04-14,2019-11-20,1999-01-01,2020-05-27,2020-02-12,2019-10-07,4117100.0,4249800.0,3716300.0,-30.08,-24.83,-22.56,0.039,0.021,0.0,-0.04,-0.034,100.0,0.05598,0.03063,0.0,-0.05756,-0.03172,100.0,55.78,54.029,43.682,50.706,29.099,40.756,87.747,97.121,100.0,66.667,83.01,53.874,65.711,58.002,41.487,57.696,24.976,39.962,2020-07-10,2019-10-25,1999-01-01,2020-03-20,2019-08-14,1999-01-01,259,7602,0,219,7530,0,2020-06-22,2020-04-17,2019-12-23,2020-05-15,2020-02-21,2019-11-27,2020-07-08,2020-07-02,2020-06-19,2020-07-13,2020-07-07,2020-06-29,2020-06-29,2020-05-04,2019-12-26,2020-05-15,2020-03-05,2019-12-04,0,1,0,0,0,0,0,0,0,1,1,0,0,1,0,1,1,0,0,0,0,1,0,1,0,1,0,1,1,0,,,,,,,,,,Life.Bear,Life.BearRecovery,Life.Bear,Life.BearRecovery,Life.BearEnd,,
2020-07-15,0.88285,,,,0.898,0.81326,0.75004,0.72193,0.75777,0.8667,0.80967,0.05703,0.05712,0.0372,-9e-05,,,-4.06,0.47,-6.46,0.38,-14.89,7.65,-7.1,2.21,9.0,4.0,12.0,5.0,22.0,8.0,17.0,11.0,0.01,0.0,0.01489,-0.00673,2.21231,68.8698,59.37692,,,3.1588,73.81295,69.83213,,73.813,37.97912,31.34104,47.06026,47.83471,,,0.03768,0.0351,,,-0.3584,0.9133,0.9133,1.2717,1.2717,0.0,1,1,1,,,,,,,,-0.15,0.892,0.633,0.771,0.596,0.478,0.763,2020-07-10,2020-04-28,2020-02-12,2020-05-19,2020-03-20,2020-02-04,-1.03,49.66,-5.85,32.43,-38.0,1.05,3.0,33.0,12.0,27.0,27.0,6.0,-0.0,2.0,-0.0,1.0,-1.0,0.0,0.898,0.923,0.928,0.884,0.908,0.75,2020-07-15,2020-07-08,2020-07-06,2020-07-13,2020-07-07,2020-06-29,0.028,0.025,0.0,0.025,0.02,0.024,2020-04-14,2019-11-20,1999-01-01,2020-05-27,2020-02-12,2019-10-07,4249800.0,3716300.0,3206200.0,-24.83,-22.56,-7.54,0.039,0.021,0.0,-0.04,-0.034,100.0,0.05598,0.03063,0.0,-0.05756,-0.03172,100.0,55.78,54.029,43.682,50.706,29.099,40.756,73.813,87.747,97.121,66.667,83.01,53.874,65.711,58.002,41.487,57.696,24.976,39.962,2020-07-10,2019-10-25,1999-01-01,2020-03-20,2019-08-14,1999-01-01,259,7602,0,219,7530,0,2020-06-22,2020-04-17,2019-12-23,2020-05-15,2020-02-21,2019-11-27,2020-07-15,2020-07-08,2020-07-02,2020-07-13,2020-07-07,2020-06-29,2020-06-29,2020-05-04,2019-12-26,2020-05-15,2020-03-05,2019-12-04,0,1,0,0,1,0,0,0,0,1,1,0,0,1,0,1,1,0,0,0,0,1,0,1,0,1,0,1,1,0,,,,,,,,,,Life.Bear,Life.BearRecovery,Life.Bear,Life.BearRecovery,Life.BearEnd,,
2020-07-16,0.87734,,,,,0.81828,0.75508,0.72503,0.75897,0.86851,0.81477,0.05375,0.05644,0.03647,-0.0027,,,-3.46,0.47,-6.46,0.38,-14.89,7.65,-7.1,2.21,8.0,4.0,12.0,5.0,22.0,8.0,17.0,11.0,-0.0,-0.0199,0.01489,-0.00744,2.0,66.66667,58.42951,,,0.95567,64.26859,69.03277,,,39.65574,34.52358,46.2986,47.06371,,,0.03712,0.03514,,,-0.3394,0.9325,0.9325,1.2719,1.2719,0.0,1,1,1,,,,,,,,-0.15,0.892,0.633,0.771,0.596,0.478,0.763,2020-07-10,2020-04-28,2020-02-12,2020-05-19,2020-03-20,2020-02-04,-1.64,49.66,-5.85,32.43,-38.0,1.05,4.0,33.0,12.0,27.0,27.0,6.0,-0.0,2.0,-0.0,1.0,-1.0,0.0,0.898,0.923,0.928,0.884,0.908,0.75,2020-07-15,2020-07-08,2020-07-06,2020-07-13,2020-07-07,2020-06-29,0.028,0.025,0.0,0.025,0.02,0.024,2020-04-14,2019-11-20,1999-01-01,2020-05-27,2020-02-12,2019-10-07,3716300.0,3206200.0,2522900.0,-22.56,-7.54,-15.46,0.039,0.021,0.0,-0.04,-0.034,100.0,0.05598,0.03063,0.0,-0.05756,-0.03172,100.0,55.78,54.029,43.682,50.706,29.099,40.756,73.813,87.747,97.121,66.667,83.01,53.874,65.711,58.002,41.487,57.696,24.976,39.962,2020-07-10,2019-10-25,1999-01-01,2020-03-20,2019-08-14,1999-01-01,259,7602,0,219,7530,0,2020-06-22,2020-04-17,2019-12-23,2020-05-15,2020-02-21,2019-11-27,2020-07-15,2020-07-08,2020-07-02,2020-07-13,2020-07-07,2020-06-29,2020-06-29,2020-05-04,2019-12-26,2020-05-15,2020-03-05,2019-12-04,0,1,0,0,1,0,0,0,0,1,1,0,0,1,0,1,1,0,0,0,0,1,0,1,0,1,0,1,1,0,,,,,,,,,,Life.Bear,Life.BearRecovery,Life.Bear,Life.BearRecovery,Life.BearEnd,,
2020-07-17,0.87138,,,0.878,,0.82291,0.75992,0.72807,0.76016,0.87005,0.81949,0.05056,0.05527,0.03561,-0.0047,,,-2.8,0.47,-6.46,0.38,-14.89,7.65,-7.1,2.21,7.0,4.0,12.0,5.0,22.0,8.0,17.0,11.0,0.0,0.0,0.01489,-0.00567,2.62469,72.4114,57.45691,,,6.7004,64.26859,67.45004,64.269,,37.65601,38.43029,45.55012,46.30299,,,0.03553,0.03516,,,-0.3209,0.9484,0.9484,1.2693,1.2693,0.0,1,1,1,,,,,,,,-0.15,0.892,0.633,0.771,0.596,0.478,0.763,2020-07-10,2020-04-28,2020-02-12,2020-05-19,2020-03-20,2020-02-04,-2.31,49.66,-5.85,32.43,-38.0,1.05,5.0,33.0,12.0,27.0,27.0,6.0,-0.0,2.0,-0.0,1.0,-1.0,0.0,0.898,0.923,0.928,0.878,0.884,0.908,2020-07-15,2020-07-08,2020-07-06,2020-07-17,2020-07-13,2020-07-07,0.028,0.025,0.0,0.025,0.02,0.024,2020-04-14,2019-11-20,1999-01-01,2020-05-27,2020-02-12,2019-10-07,3206200.0,2522900.0,4191100.0,-7.54,-15.46,5.03,0.039,0.021,0.0,-0.04,-0.034,100.0,0.05598,0.03063,0.0,-0.05756,-0.03172,100.0,55.78,54.029,43.682,50.706,29.099,40.756,73.813,87.747,97.121,64.269,66.667,83.01,65.711,58.002,41.487,57.696,24.976,39.962,2020-07-10,2019-10-25,1999-01-01,2020-03-20,2019-08-14,1999-01-01,259,7602,0,219,7530,0,2020-06-22,2020-04-17,2019-12-23,2020-05-15,2020-02-21,2019-11-27,2020-07-15,2020-07-08,2020-07-02,2020-07-17,2020-07-13,2020-07-07,2020-06-29,2020-05-04,2019-12-26,2020-05-15,2020-03-05,2019-12-04,0,1,0,0,1,0,1,0,0,1,1,0,0,1,0,1,1,0,1,0,0,1,0,1,0,1,0,1,1,0,,,,,,,,,,Life.Bear,Life.BearRecovery,Life.Bear,Life.BearRecovery,Life.BearEnd,,
2020-07-20,0.86536,,,,0.888,0.82795,0.76496,0.73124,0.76143,0.87287,0.82459,0.04828,0.05387,0.03464,-0.00559,,,-2.12,0.47,-6.46,0.38,-14.89,7.65,-7.1,2.21,6.0,4.0,12.0,5.0,22.0,8.0,17.0,11.0,0.0099,0.0,0.01524,-0.00567,2.68766,72.88251,56.46878,,,7.17151,66.63223,65.05647,,66.632,29.30403,35.53859,44.81829,45.55567,,,0.03477,0.03516,,,0.3372,0.9671,0.9671,0.6299,0.6299,0.0,1,1,1,,0.15,,,,,,,0.892,0.633,0.771,0.596,0.478,0.763,2020-07-10,2020-04-28,2020-02-12,2020-05-19,2020-03-20,2020-02-04,-2.99,49.66,-5.85,32.43,-38.0,1.05,6.0,33.0,12.0,27.0,27.0,6.0,-0.0,2.0,-0.0,1.0,-1.0,0.0,0.888,0.898,0.923,0.878,0.884,0.908,2020-07-20,2020-07-15,2020-07-08,2020-07-17,2020-07-13,2020-07-07,0.028,0.025,0.0,0.025,0.02,0.024,2020-04-14,2019-11-20,1999-01-01,2020-05-27,2020-02-12,2019-10-07,2522900.0,4191100.0,4656600.0,-15.46,5.03,14.62,0.039,0.021,0.0,-0.04,-0.034,100.0,0.05598,0.03063,0.0,-0.05756,-0.03172,100.0,55.78,54.029,43.682,50.706,29.099,40.756,66.632,73.813,87.747,64.269,66.667,83.01,65.711,58.002,41.487,57.696,24.976,39.962,2020-07-10,2019-10-25,1999-01-01,2020-03-20,2019-08-14,1999-01-01,259,7602,0,219,7530,0,2020-06-22,2020-04-17,2019-12-23,2020-05-15,2020-02-21,2019-11-27,2020-07-20,2020-07-15,2020-07-08,2020-07-17,2020-07-13,2020-07-07,2020-06-29,2020-05-04,2019-12-26,2020-05-15,2020-03-05,2019-12-04,0,1,0,0,1,0,1,0,0,1,1,0,0,1,0,1,1,0,1,0,0,1,0,1,0,1,0,1,1,0,,,,,,,,,,Life.BearRecovery,Life.Bear,Life.BearRecovery,Life.BearEnd,Life.Bull,,
2020-07-21,0.85963,,,,,0.82954,0.76824,0.73357,0.7623,0.86915,0.82638,0.04278,0.05165,0.03355,-0.00887,,,-1.47,0.47,-6.46,0.38,-14.89,7.65,-7.1,2.21,5.0,4.0,12.0,5.0,22.0,8.0,17.0,11.0,-0.0,-0.0397,0.01205,-0.00851,1.41646,58.6171,55.47429,,,-7.0939,29.95299,53.61794,,,20.20757,29.05587,44.10694,44.82512,,,0.03618,0.03513,,,0.3467,0.9597,0.9597,0.613,0.613,0.0,1,1,1,,0.15,,,,,,,0.892,0.633,0.771,0.596,0.478,0.763,2020-07-10,2020-04-28,2020-02-12,2020-05-19,2020-03-20,2020-02-04,-3.63,49.66,-5.85,32.43,-38.0,1.05,7.0,33.0,12.0,27.0,27.0,6.0,-1.0,2.0,-0.0,1.0,-1.0,0.0,0.888,0.898,0.923,0.878,0.884,0.908,2020-07-20,2020-07-15,2020-07-08,2020-07-17,2020-07-13,2020-07-07,0.028,0.025,0.0,0.025,0.02,0.024,2020-04-14,2019-11-20,1999-01-01,2020-05-27,2020-02-12,2019-10-07,4191100.0,4656600.0,5612800.0,5.03,14.62,27.17,0.039,0.021,0.0,-0.04,-0.034,100.0,0.05598,0.03063,0.0,-0.05756,-0.03172,100.0,55.78,54.029,43.682,50.706,29.099,40.756,66.632,73.813,87.747,64.269,66.667,83.01,65.711,58.002,41.487,57.696,24.976,39.962,2020-07-10,2019-10-25,1999-01-01,2020-03-20,2019-08-14,1999-01-01,259,7602,0,219,7530,0,2020-06-22,2020-04-17,2019-12-23,2020-05-15,2020-02-21,2019-11-27,2020-07-20,2020-07-15,2020-07-08,2020-07-17,2020-07-13,2020-07-07,2020-06-29,2020-05-04,2019-12-26,2020-05-15,2020-03-05,2019-12-04,0,1,0,0,1,0,1,0,0,1,1,0,0,1,0,1,1,0,1,0,0,1,0,1,0,1,0,1,1,0,,,,,,,,,,Life.BearRecovery,Life.Bear,Life.BearRecovery,Life.BearEnd,Life.Bull,,
2020-07-22,0.85454,,,,,0.83102,0.7714,0.73585,0.76316,0.86601,0.82803,0.03798,0.04892,0.03237,-0.01094,,,-0.88,0.47,-6.46,0.38,-14.89,7.65,-7.1,2.21,4.0,4.0,12.0,5.0,22.0,8.0,17.0,11.0,0.0,0.0,0.00957,-0.00851,1.1251,52.9435,54.48258,,,-12.7675,12.5,36.36174,,,13.64341,21.05167,43.41894,44.11472,,,0.03537,0.03508,,,0.3555,0.9517,0.9517,0.5962,0.5962,0.0,0,1,0,,,,0.15,,,,,0.892,0.633,0.771,0.596,0.478,0.763,2020-07-10,2020-04-28,2020-02-12,2020-05-19,2020-03-20,2020-02-04,-4.2,49.66,-5.85,32.43,-38.0,1.05,8.0,33.0,12.0,27.0,27.0,6.0,-1.0,2.0,-0.0,1.0,-1.0,0.0,0.888,0.898,0.923,0.878,0.884,0.908,2020-07-20,2020-07-15,2020-07-08,2020-07-17,2020-07-13,2020-07-07,0.028,0.025,0.0,0.025,0.02,0.024,2020-04-14,2019-11-20,1999-01-01,2020-05-27,2020-02-12,2019-10-07,4656600.0,5612800.0,2887400.0,14.62,27.17,-9.02,0.039,0.021,0.0,-0.04,-0.034,100.0,0.05598,0.03063,0.0,-0.05756,-0.03172,100.0,55.78,54.029,43.682,50.706,29.099,40.756,66.632,73.813,87.747,64.269,66.667,83.01,65.711,58.002,41.487,57.696,24.976,39.962,2020-07-10,2019-10-25,1999-01-01,2020-03-20,2019-08-14,1999-01-01,259,7602,0,219,7530,0,2020-06-22,2020-04-17,2019-12-23,2020-05-15,2020-02-21,2019-11-27,2020-07-20,2020-07-15,2020-07-08,2020-07-17,2020-07-13,2020-07-07,2020-06-29,2020-05-04,2019-12-26,2020-05-15,2020-03-05,2019-12-04,0,1,0,0,1,0,1,0,0,1,1,0,0,1,0,1,1,0,1,0,0,1,0,1,0,1,0,1,1,0,,,,,,,,,,Life.Bear,Life.BearRecovery,Life.BearEnd,Life.Bull,Life.BullEnd,,
2020-07-23,0.85049,,,,,0.83047,0.77346,0.73759,0.76377,0.85953,0.82773,0.0318,0.04549,0.03108,-0.01369,,,-0.41,0.47,-6.46,0.38,-14.89,7.65,-7.1,2.21,3.0,4.0,12.0,5.0,22.0,8.0,17.0,11.0,-0.0,-0.0248,0.00779,-0.01028,0.75817,43.12253,53.50101,,,-22.58847,0.0,14.151,0.0,,2.5323,12.12776,42.75483,43.4269,,,0.03497,0.03502,,,0.3587,0.9288,0.9288,0.5701,0.5701,0.0,0,1,0,,,,0.15,,,,,0.892,0.633,0.771,0.596,0.478,0.763,2020-07-10,2020-04-28,2020-02-12,2020-05-19,2020-03-20,2020-02-04,-4.65,49.66,-5.85,32.43,-38.0,1.05,9.0,33.0,12.0,27.0,27.0,6.0,-1.0,2.0,-0.0,1.0,-1.0,0.0,0.888,0.898,0.923,0.878,0.884,0.908,2020-07-20,2020-07-15,2020-07-08,2020-07-17,2020-07-13,2020-07-07,0.028,0.025,0.0,0.025,0.02,0.024,2020-04-14,2019-11-20,1999-01-01,2020-05-27,2020-02-12,2019-10-07,5612800.0,2887400.0,4309200.0,27.17,-9.02,-2.64,0.039,0.021,0.0,-0.04,-0.034,100.0,0.05598,0.03063,0.0,-0.05756,-0.03172,100.0,55.78,54.029,43.682,50.706,29.099,40.756,66.632,73.813,87.747,0.0,64.269,66.667,65.711,58.002,41.487,57.696,24.976,39.962,2020-07-10,2019-10-25,1999-01-01,2020-03-20,2019-08-14,1999-01-01,259,7602,0,219,7530,0,2020-06-22,2020-04-17,2019-12-23,2020-05-15,2020-02-21,2019-11-27,2020-07-20,2020-07-15,2020-07-08,2020-07-23,2020-07-17,2020-07-13,2020-06-29,2020-05-04,2019-12-26,2020-05-15,2020-03-05,2019-12-04,0,1,0,0,1,0,1,0,0,1,1,0,0,1,0,1,1,0,1,0,0,1,0,1,0,1,0,1,1,0,,,,,,,,,,Life.Bear,Life.BearRecovery,Life.BearEnd,Life.Bull,Life.BullEnd,,
2020-07-24,0.84783,,,0.824,,0.82996,0.77543,0.7393,0.76437,0.85405,0.82744,0.02661,0.04172,0.02971,-0.01511,,,-0.1,0.47,-6.46,0.38,-14.89,7.65,-7.1,2.21,2.0,4.0,12.0,5.0,22.0,8.0,17.0,11.0,0.0,0.0,0.00284,-0.01028,0.27589,21.62309,52.53566,,,-44.08791,10.34722,7.61574,,,7.79918,7.99163,42.11384,42.76254,,,0.0346,0.03493,,,0.3613,0.9066,0.9066,0.5453,0.5453,0.0,0,1,0,,,,0.15,,,,,0.892,0.633,0.771,0.596,0.478,0.763,2020-07-10,2020-04-28,2020-02-12,2020-05-19,2020-03-20,2020-02-04,-4.95,49.66,-5.85,32.43,-38.0,1.05,10.0,33.0,12.0,27.0,27.0,6.0,-0.0,2.0,-0.0,1.0,-1.0,0.0,0.888,0.898,0.923,0.824,0.878,0.884,2020-07-20,2020-07-15,2020-07-08,2020-07-24,2020-07-17,2020-07-13,0.028,0.025,0.0,0.025,0.02,0.024,2020-04-14,2019-11-20,1999-01-01,2020-05-27,2020-02-12,2019-10-07,2887400.0,4309200.0,4377800.0,-9.02,-2.64,-9.64,0.039,0.021,0.0,-0.04,-0.034,100.0,0.05598,0.03063,0.0,-0.05756,-0.03172,100.0,55.78,54.029,43.682,50.706,29.099,40.756,66.632,73.813,87.747,0.0,64.269,66.667,65.711,58.002,41.487,57.696,24.976,39.962,2020-07-10,2019-10-25,1999-01-01,2020-03-20,2019-08-14,1999-01-01,259,7602,0,219,7530,0,2020-06-22,2020-04-17,2019-12-23,2020-05-15,2020-02-21,2019-11-27,2020-07-20,2020-07-15,2020-07-08,2020-07-23,2020-07-17,2020-07-13,2020-06-29,2020-05-04,2019-12-26,2020-05-15,2020-03-05,2019-12-04,0,1,0,0,1,0,1,0,0,1,1,0,0,1,0,1,1,0,1,0,0,1,0,1,0,1,0,1,1,0,,,,,,,,,,Life.Bear,Life.BearRecovery,Life.BearEnd,Life.Bull,Life.BullEnd,,
2020-07-27,0.84675,,,,,0.83026,0.77772,0.74117,0.76506,0.85093,0.82791,0.02302,0.03798,0.02826,-0.01496,,,0.03,0.47,-6.46,0.38,-14.89,7.65,-7.1,2.21,1.0,4.0,12.0,5.0,22.0,8.0,17.0,11.0,0.0099,0.0,0.00354,-0.00886,0.39968,28.55498,51.59212,,,-37.15602,19.20991,9.85238,,,14.03323,8.12157,41.49546,42.12138,,,0.03284,0.03483,,,0.3655,0.8909,0.8909,0.5254,0.5254,0.0,0,1,0,,,,0.15,,,,,0.892,0.633,0.771,0.596,0.478,0.763,2020-07-10,2020-04-28,2020-02-12,2020-05-19,2020-03-20,2020-02-04,-5.07,49.66,-5.85,32.43,-38.0,1.05,11.0,33.0,12.0,27.0,27.0,6.0,-0.0,2.0,-0.0,1.0,-1.0,0.0,0.888,0.898,0.923,0.824,0.878,0.884,2020-07-20,2020-07-15,2020-07-08,2020-07-24,2020-07-17,2020-07-13,0.028,0.025,0.0,0.025,0.02,0.024,2020-04-14,2019-11-20,1999-01-01,2020-05-27,2020-02-12,2019-10-07,4309200.0,4377800.0,1136900.0,-2.64,-9.64,-15.12,0.039,0.021,0.0,-0.04,-0.034,100.0,0.05598,0.03063,0.0,-0.05756,-0.03172,100.0,55.78,54.029,43.682,50.706,29.099,40.756,66.632,73.813,87.747,0.0,64.269,66.667,65.711,58.002,41.487,57.696,24.976,39.962,2020-07-10,2019-10-25,1999-01-01,2020-03-20,2019-08-14,1999-01-01,259,7602,0,219,7530,0,2020-06-22,2020-04-17,2019-12-23,2020-05-15,2020-02-21,2019-11-27,2020-07-20,2020-07-15,2020-07-08,2020-07-23,2020-07-17,2020-07-13,2020-06-29,2020-05-04,2019-12-26,2020-05-15,2020-03-05,2019-12-04,0,1,0,0,1,0,1,0,0,1,1,0,0,1,0,1,1,0,1,0,0,1,0,1,0,1,0,1,1,0,,,,,,,,,,Life.Bear,Life.BearRecovery,Life.BearEnd,Life.Bull,Life.BullEnd,,
2020-07-28,0.84712,0.847,,,,0.83245,0.7809,0.7435,0.76599,0.85213,0.83019,0.02193,0.03477,0.02674,-0.01283,,,0.46,-6.46,0.38,-14.89,7.65,-7.1,2.21,-0.58,4.0,12.0,5.0,22.0,8.0,17.0,11.0,5.0,0.0249,0.0,0.00426,-0.00886,0.48026,32.4442,50.67462,,,-33.2668,43.52014,24.35909,,,37.87016,19.90085,40.90161,41.50363,,,0.03439,0.03472,,,0.374,0.8895,0.8895,0.5155,0.5155,0.0,0,1,0,,,,0.15,,,,,0.892,0.633,0.771,0.847,0.596,0.478,2020-07-10,2020-04-28,2020-02-12,2020-07-28,2020-05-19,2020-03-20,0.0,-5.04,49.66,-5.85,32.43,-38.0,0.0,12.0,33.0,12.0,27.0,27.0,0.0,-0.0,2.0,-0.0,1.0,-1.0,0.888,0.898,0.923,0.824,0.878,0.884,2020-07-20,2020-07-15,2020-07-08,2020-07-24,2020-07-17,2020-07-13,0.028,0.025,0.0,0.025,0.02,0.024,2020-04-14,2019-11-20,1999-01-01,2020-05-27,2020-02-12,2019-10-07,4377800.0,1136900.0,3499800.0,-9.64,-15.12,-8.24,0.039,0.021,0.0,-0.04,-0.034,100.0,0.05598,0.03063,0.0,-0.05756,-0.03172,100.0,55.78,54.029,43.682,50.706,29.099,40.756,66.632,73.813,87.747,0.0,64.269,66.667,65.711,58.002,41.487,57.696,24.976,39.962,2020-07-10,2019-10-25,1999-01-01,2020-03-20,2019-08-14,1999-01-01,259,7602,0,219,7530,0,2020-06-22,2020-04-17,2019-12-23,2020-05-15,2020-02-21,2019-11-27,2020-07-20,2020-07-15,2020-07-08,2020-07-23,2020-07-17,2020-07-13,2020-06-29,2020-05-04,2019-12-26,2020-05-15,2020-03-05,2019-12-04,0,1,0,1,1,0,1,0,0,1,1,0,0,1,0,1,1,0,1,0,0,1,0,1,0,1,0,1,1,0,,,,,,,,,,Life.Bear,Life.BearRecovery,Life.BearEnd,Life.Bull,Life.BullEnd,,
2020-07-29,0.84845,,,,0.864,0.83484,0.78414,0.74588,0.76696,0.85389,0.83267,0.02122,0.03206,0.02515,-0.01083,,,0.3,-6.46,0.38,-14.89,7.65,-7.1,2.21,-0.58,3.0,12.0,5.0,22.0,8.0,17.0,11.0,5.0,0.0049,0.0,0.00461,-0.00638,0.72228,41.93758,49.78621,,,-23.77342,50.0,37.57668,,50.0,52.96122,34.95487,40.33655,40.91121,,,0.03513,0.03459,,0.035,0.3826,0.8896,0.8896,0.507,0.507,0.0,0,1,0,,,,0.15,,,,,0.892,0.633,0.771,0.847,0.596,0.478,2020-07-10,2020-04-28,2020-02-12,2020-07-28,2020-05-19,2020-03-20,0.17,-5.04,49.66,-5.85,32.43,-38.0,1.0,12.0,33.0,12.0,27.0,27.0,0.0,-0.0,2.0,-0.0,1.0,-1.0,0.864,0.888,0.898,0.824,0.878,0.884,2020-07-29,2020-07-20,2020-07-15,2020-07-24,2020-07-17,2020-07-13,0.035,0.028,0.025,0.025,0.02,0.024,2020-07-29,2020-04-14,2019-11-20,2020-05-27,2020-02-12,2019-10-07,1136900.0,3499800.0,3355800.0,-15.12,-8.24,-11.34,0.039,0.021,0.0,-0.04,-0.034,100.0,0.05598,0.03063,0.0,-0.05756,-0.03172,100.0,55.78,54.029,43.682,50.706,29.099,40.756,50.0,66.632,73.813,0.0,64.269,66.667,65.711,58.002,41.487,57.696,24.976,39.962,2020-07-10,2019-10-25,1999-01-01,2020-03-20,2019-08-14,1999-01-01,259,7602,0,219,7530,0,2020-06-22,2020-04-17,2019-12-23,2020-05-15,2020-02-21,2019-11-27,2020-07-29,2020-07-20,2020-07-15,2020-07-23,2020-07-17,2020-07-13,2020-06-29,2020-05-04,2019-12-26,2020-05-15,2020-03-05,2019-12-04,0,1,0,1,1,0,1,0,0,1,1,0,0,1,0,1,1,0,1,0,0,1,0,1,0,1,0,1,1,0,,,,,,,,,,Life.Bear,Life.BearRecovery,Life.BearEnd,Life.Bull,Life.BullEnd,,
2020-07-30,0.85,,,,,0.83629,0.78687,0.74801,0.76782,0.85386,0.83423,0.01964,0.02957,0.02352,-0.00994,,,0.12,-6.46,0.38,-14.89,7.65,-7.1,2.21,-0.58,2.0,12.0,5.0,22.0,8.0,17.0,11.0,5.0,-0.0,-0.0099,0.00461,-0.00674,0.68399,40.61713,48.92872,,,-25.09387,40.93407,44.81807,,,60.86154,50.56431,39.80399,40.34738,,,0.03439,0.03445,,,0.3886,0.8828,0.8828,0.4942,0.4942,0.0,0,1,0,,,,0.15,,,,,0.892,0.633,0.771,0.847,0.596,0.478,2020-07-10,2020-04-28,2020-02-12,2020-07-28,2020-05-19,2020-03-20,0.35,-5.04,49.66,-5.85,32.43,-38.0,2.0,12.0,33.0,12.0,27.0,27.0,0.0,-0.0,2.0,-0.0,1.0,-1.0,0.864,0.888,0.898,0.824,0.878,0.884,2020-07-29,2020-07-20,2020-07-15,2020-07-24,2020-07-17,2020-07-13,0.035,0.028,0.025,0.025,0.02,0.024,2020-07-29,2020-04-14,2019-11-20,2020-05-27,2020-02-12,2019-10-07,3499800.0,3355800.0,2280800.0,-8.24,-11.34,14.31,0.039,0.021,0.0,-0.04,-0.034,100.0,0.05598,0.03063,0.0,-0.05756,-0.03172,100.0,55.78,54.029,43.682,50.706,29.099,40.756,50.0,66.632,73.813,0.0,64.269,66.667,65.711,58.002,41.487,57.696,24.976,39.962,2020-07-10,2019-10-25,1999-01-01,2020-03-20,2019-08-14,1999-01-01,259,7602,0,219,7530,0,2020-06-22,2020-04-17,2019-12-23,2020-05-15,2020-02-21,2019-11-27,2020-07-29,2020-07-20,2020-07-15,2020-07-23,2020-07-17,2020-07-13,2020-06-29,2020-05-04,2019-12-26,2020-05-15,2020-03-05,2019-12-04,0,1,0,1,1,0,1,0,0,1,1,0,0,1,0,1,1,0,1,0,0,1,0,1,0,1,0,1,1,0,,,,,,,,,,Life.Bear,Life.BearRecovery,Life.BearEnd,Life.Bull,Life.BullEnd,,
2020-08-03,0.85082,,0.851,0.844,,0.83687,0.7891,0.74991,0.76858,0.85232,0.83494,0.01738,0.02714,0.02184,-0.00976,,,-6.44,0.38,-14.89,7.65,-7.1,2.21,-0.58,6.37,12.0,5.0,22.0,8.0,17.0,11.0,5.0,15.0,-0.0,-0.0099,0.00461,-0.00744,0.619,38.23355,48.1027,,,-27.47745,31.86813,40.93407,31.868,,48.79396,54.20557,39.30475,39.8151,,,0.03477,0.0343,,,0.3919,0.8696,0.8696,0.4777,0.4777,0.0,0,1,0,,,,0.15,,,,,0.851,0.892,0.633,0.847,0.596,0.478,2020-08-03,2020-07-10,2020-04-28,2020-07-28,2020-05-19,2020-03-20,0.0,0.47,-5.04,49.66,-5.85,32.43,0.0,3.0,12.0,33.0,12.0,27.0,0.0,0.0,-0.0,2.0,-0.0,1.0,0.864,0.888,0.898,0.844,0.824,0.878,2020-07-29,2020-07-20,2020-07-15,2020-08-03,2020-07-24,2020-07-17,0.035,0.028,0.025,0.025,0.02,0.024,2020-07-29,2020-04-14,2019-11-20,2020-05-27,2020-02-12,2019-10-07,3355800.0,2280800.0,4669900.0,-11.34,14.31,12.81,0.039,0.021,0.0,-0.04,-0.034,100.0,0.05598,0.03063,0.0,-0.05756,-0.03172,100.0,55.78,54.029,43.682,50.706,29.099,40.756,50.0,66.632,73.813,31.868,0.0,64.269,65.711,58.002,41.487,57.696,24.976,39.962,2020-07-10,2019-10-25,1999-01-01,2020-03-20,2019-08-14,1999-01-01,259,7602,0,219,7530,0,2020-06-22,2020-04-17,2019-12-23,2020-05-15,2020-02-21,2019-11-27,2020-07-29,2020-07-20,2020-07-15,2020-08-03,2020-07-23,2020-07-17,2020-06-29,2020-05-04,2019-12-26,2020-05-15,2020-03-05,2019-12-04,0,0,0,1,1,0,0,0,0,1,1,0,0,1,0,1,1,0,0,0,0,1,0,1,0,1,0,1,1,0,,,,,,,,,,Life.Bear,Life.BearRecovery,Life.BearEnd,Life.Bull,Life.BullEnd,,
2020-08-04,0.85021,,,,,0.83817,0.79164,0.75196,0.76943,0.85253,0.83633,0.0162,0.02495,0.02012,-0.00875,,,-6.38,0.38,-14.89,7.65,-7.1,2.21,-0.58,6.37,11.0,5.0,22.0,8.0,17.0,11.0,5.0,15.0,0.0099,0.0,0.00496,-0.00744,0.66699,40.01151,47.30815,,,-25.69949,40.93407,37.91209,,,44.11532,51.25694,38.83729,39.31534,,,0.03371,0.03414,,,0.3968,0.8621,0.8621,0.4653,0.4653,0.0,0,1,0,,,,0.15,,,,,0.851,0.892,0.633,0.847,0.596,0.478,2020-08-03,2020-07-10,2020-04-28,2020-07-28,2020-05-19,2020-03-20,-0.09,0.47,-5.04,49.66,-5.85,32.43,1.0,3.0,12.0,33.0,12.0,27.0,-0.0,0.0,-0.0,2.0,-0.0,1.0,0.864,0.888,0.898,0.844,0.824,0.878,2020-07-29,2020-07-20,2020-07-15,2020-08-03,2020-07-24,2020-07-17,0.035,0.028,0.025,0.025,0.02,0.024,2020-07-29,2020-04-14,2019-11-20,2020-05-27,2020-02-12,2019-10-07,2280800.0,4669900.0,2148000.0,14.31,12.81,-11.72,0.039,0.021,0.0,-0.04,-0.034,100.0,0.05598,0.03063,0.0,-0.05756,-0.03172,100.0,55.78,54.029,43.682,50.706,29.099,40.756,50.0,66.632,73.813,31.868,0.0,64.269,65.711,58.002,41.487,57.696,24.976,39.962,2020-07-10,2019-10-25,1999-01-01,2020-03-20,2019-08-14,1999-01-01,259,7602,0,219,7530,0,2020-06-22,2020-04-17,2019-12-23,2020-05-15,2020-02-21,2019-11-27,2020-07-29,2020-07-20,2020-07-15,2020-08-03,2020-07-23,2020-07-17,2020-06-29,2020-05-04,2019-12-26,2020-05-15,2020-03-05,2019-12-04,0,0,0,1,1,0,0,0,0,1,1,0,0,1,0,1,1,0,0,0,0,1,0,1,0,1,0,1,1,0,,,,,,,,,,Life.Bear,Life.BearRecovery,Life.BearEnd,Life.Bull,Life.BullEnd,,
2020-08-05,0.84793,,,,,0.83936,0.79407,0.75398,0.77026,0.85271,0.83761,0.0151,0.02298,0.01838,-0.00788,,,-6.12,0.38,-14.89,7.65,-7.1,2.21,-0.58,6.37,10.0,5.0,22.0,8.0,17.0,11.0,5.0,15.0,0.0,0.0,0.00425,-0.00744,0.57102,36.34698,46.54507,,,-29.36402,45.01511,39.27243,,,43.12796,45.34575,38.39967,38.84724,,,0.03449,0.03397,,,0.4009,0.8538,0.8538,0.4529,0.4529,0.0,0,1,0,,,,0.15,,,,,0.851,0.892,0.633,0.847,0.596,0.478,2020-08-03,2020-07-10,2020-04-28,2020-07-28,2020-05-19,2020-03-20,-0.36,0.47,-5.04,49.66,-5.85,32.43,2.0,3.0,12.0,33.0,12.0,27.0,-0.0,0.0,-0.0,2.0,-0.0,1.0,0.864,0.888,0.898,0.844,0.824,0.878,2020-07-29,2020-07-20,2020-07-15,2020-08-03,2020-07-24,2020-07-17,0.035,0.028,0.025,0.025,0.02,0.024,2020-07-29,2020-04-14,2019-11-20,2020-05-27,2020-02-12,2019-10-07,4669900.0,2148000.0,3956600.0,12.81,-11.72,18.42,0.039,0.021,0.0,-0.04,-0.034,100.0,0.05598,0.03063,0.0,-0.05756,-0.03172,100.0,55.78,54.029,43.682,50.706,29.099,40.756,50.0,66.632,73.813,31.868,0.0,64.269,65.711,58.002,41.487,57.696,24.976,39.962,2020-07-10,2019-10-25,1999-01-01,2020-03-20,2019-08-14,1999-01-01,259,7602,0,219,7530,0,2020-06-22,2020-04-17,2019-12-23,2020-05-15,2020-02-21,2019-11-27,2020-07-29,2020-07-20,2020-07-15,2020-08-03,2020-07-23,2020-07-17,2020-06-29,2020-05-04,2019-12-26,2020-05-15,2020-03-05,2019-12-04,0,0,0,1,1,0,0,0,0,1,1,0,0,1,0,1,1,0,0,0,0,1,0,1,0,1,0,1,1,0,,,,,,,,,,Life.Bear,Life.BearRecovery,Life.BearEnd,Life.Bull,Life.BullEnd,,
2020-08-06,0.84393,,,,0.874,0.84199,0.79718,0.75635,0.77129,0.85591,0.84027,0.01564,0.02151,0.01662,-0.00587,,,-5.68,0.38,-14.89,7.65,-7.1,2.21,-0.58,6.37,9.0,5.0,22.0,8.0,17.0,11.0,5.0,15.0,0.0198,0.0,0.00566,-0.00602,0.94069,48.47188,45.81295,,,-17.23912,68.39873,51.4493,,68.399,62.10796,49.78375,37.99042,38.40913,,,0.03379,0.03379,,,0.4083,0.8564,0.8564,0.4481,0.4481,0.0,0,1,0,,,,0.15,,,,,0.851,0.892,0.633,0.847,0.596,0.478,2020-08-03,2020-07-10,2020-04-28,2020-07-28,2020-05-19,2020-03-20,-0.83,0.47,-5.04,49.66,-5.85,32.43,3.0,3.0,12.0,33.0,12.0,27.0,-0.0,0.0,-0.0,2.0,-0.0,1.0,0.874,0.864,0.888,0.844,0.824,0.878,2020-08-06,2020-07-29,2020-07-20,2020-08-03,2020-07-24,2020-07-17,0.035,0.028,0.025,0.025,0.02,0.024,2020-07-29,2020-04-14,2019-11-20,2020-05-27,2020-02-12,2019-10-07,2148000.0,3956600.0,3335000.0,-11.72,18.42,-12.39,0.039,0.021,0.0,-0.04,-0.034,100.0,0.05598,0.03063,0.0,-0.05756,-0.03172,100.0,55.78,54.029,43.682,50.706,29.099,40.756,68.399,50.0,66.632,31.868,0.0,64.269,65.711,58.002,41.487,57.696,24.976,39.962,2020-07-10,2019-10-25,1999-01-01,2020-03-20,2019-08-14,1999-01-01,259,7602,0,219,7530,0,2020-06-22,2020-04-17,2019-12-23,2020-05-15,2020-02-21,2019-11-27,2020-08-06,2020-07-29,2020-07-20,2020-08-03,2020-07-23,2020-07-17,2020-06-29,2020-05-04,2019-12-26,2020-05-15,2020-03-05,2019-12-04,0,0,0,1,0,0,0,0,0,1,1,0,0,1,0,1,0,1,0,0,0,1,0,1,0,1,0,1,1,0,,,,,,,,,,Life.Bear,Life.BearRecovery,Life.BearEnd,Life.Bull,Life.BullEnd,,
2020-08-07,0.83832,,,,,0.84289,0.7994,0.75827,0.77211,0.85557,0.84127,0.0143,0.02007,0.01485,-0.00577,,,-5.05,0.38,-14.89,7.65,-7.1,2.21,-0.58,6.37,8.0,5.0,22.0,8.0,17.0,11.0,5.0,15.0,-0.0,-0.0198,0.00566,-0.00744,0.76177,43.23882,45.11038,,,-22.47218,47.40191,53.60525,,,66.94545,57.39379,37.60716,37.99908,,,0.03279,0.03361,,,0.4113,0.8462,0.8462,0.4349,0.4349,0.0,0,1,0,,,,0.15,,,,,0.851,0.892,0.633,0.847,0.596,0.478,2020-08-03,2020-07-10,2020-04-28,2020-07-28,2020-05-19,2020-03-20,-1.49,0.47,-5.04,49.66,-5.85,32.43,4.0,3.0,12.0,33.0,12.0,27.0,-0.0,0.0,-0.0,2.0,-0.0,1.0,0.874,0.864,0.888,0.844,0.824,0.878,2020-08-06,2020-07-29,2020-07-20,2020-08-03,2020-07-24,2020-07-17,0.035,0.028,0.025,0.025,0.02,0.024,2020-07-29,2020-04-14,2019-11-20,2020-05-27,2020-02-12,2019-10-07,3956600.0,3335000.0,2351900.0,18.42,-12.39,2.16,0.039,0.021,0.0,-0.04,-0.034,100.0,0.05598,0.03063,0.0,-0.05756,-0.03172,100.0,55.78,54.029,43.682,50.706,29.099,40.756,68.399,50.0,66.632,31.868,0.0,64.269,65.711,58.002,41.487,57.696,24.976,39.962,2020-07-10,2019-10-25,1999-01-01,2020-03-20,2019-08-14,1999-01-01,259,7602,0,219,7530,0,2020-06-22,2020-04-17,2019-12-23,2020-05-15,2020-02-21,2019-11-27,2020-08-06,2020-07-29,2020-07-20,2020-08-03,2020-07-23,2020-07-17,2020-06-29,2020-05-04,2019-12-26,2020-05-15,2020-03-05,2019-12-04,0,0,0,1,0,0,0,0,0,1,1,0,0,1,0,1,0,1,0,0,0,1,0,1,0,1,0,1,1,0,,,,,,,,,,Life.Bear,Life.BearRecovery,Life.BearEnd,Life.Bull,Life.BullEnd,,
2020-08-10,0.8314,,,,,0.84181,0.80056,0.75967,0.77268,0.85146,0.84035,0.01112,0.01828,0.01308,-0.00716,,,-4.26,0.38,-14.89,7.65,-7.1,2.21,-0.58,6.37,7.0,5.0,22.0,8.0,17.0,11.0,5.0,15.0,-0.0,-0.0248,0.00496,-0.00921,0.5384,34.99748,44.43471,,,-30.71352,21.10286,45.6345,,,60.81051,63.28798,37.24508,37.61422,,,0.03364,0.03341,,,0.4089,0.8214,0.8214,0.4125,0.4125,0.0,0,0,0,,,,,0.15,,,,0.851,0.892,0.633,0.847,0.596,0.478,2020-08-03,2020-07-10,2020-04-28,2020-07-28,2020-05-19,2020-03-20,-2.3,0.47,-5.04,49.66,-5.85,32.43,5.0,3.0,12.0,33.0,12.0,27.0,-0.0,0.0,-0.0,2.0,-0.0,1.0,0.874,0.864,0.888,0.844,0.824,0.878,2020-08-06,2020-07-29,2020-07-20,2020-08-03,2020-07-24,2020-07-17,0.035,0.028,0.025,0.025,0.02,0.024,2020-07-29,2020-04-14,2019-11-20,2020-05-27,2020-02-12,2019-10-07,3335000.0,2351900.0,909600.0,-12.39,2.16,-31.6,0.039,0.021,0.0,-0.04,-0.034,100.0,0.05598,0.03063,0.0,-0.05756,-0.03172,100.0,55.78,54.029,43.682,50.706,29.099,40.756,68.399,50.0,66.632,31.868,0.0,64.269,65.711,58.002,41.487,57.696,24.976,39.962,2020-07-10,2019-10-25,1999-01-01,2020-03-20,2019-08-14,1999-01-01,259,7602,0,219,7530,0,2020-06-22,2020-04-17,2019-12-23,2020-05-15,2020-02-21,2019-11-27,2020-08-06,2020-07-29,2020-07-20,2020-08-03,2020-07-23,2020-07-17,2020-06-29,2020-05-04,2019-12-26,2020-05-15,2020-03-05,2019-12-04,0,0,0,1,0,0,0,0,0,1,1,0,0,1,0,1,0,1,0,0,0,1,0,1,0,1,0,1,1,0,,,,,,,,,,Life.BearRecovery,Life.BearEnd,Life.Bull,Life.BullEnd,Life.BearStart,,
2020-08-11,0.82357,,,,,0.84005,0.80128,0.76084,0.77314,0.84645,0.83876,0.00769,0.01616,0.01131,-0.00847,,,-3.35,0.38,-14.89,7.65,-7.1,2.21,-0.58,6.37,6.0,5.0,22.0,8.0,17.0,11.0,5.0,15.0,-0.0,-0.01,0.00496,-0.00709,0.6996,41.16251,43.78309,,,-24.54849,11.07383,26.5262,,,34.80936,54.18844,36.89788,37.25004,,,0.03337,0.03322,,,0.4044,0.7921,0.7921,0.3877,0.3877,0.0,0,0,0,,,,,0.15,,,,0.851,0.892,0.633,0.847,0.596,0.478,2020-08-03,2020-07-10,2020-04-28,2020-07-28,2020-05-19,2020-03-20,-3.22,0.47,-5.04,49.66,-5.85,32.43,6.0,3.0,12.0,33.0,12.0,27.0,-1.0,0.0,-0.0,2.0,-0.0,1.0,0.874,0.864,0.888,0.844,0.824,0.878,2020-08-06,2020-07-29,2020-07-20,2020-08-03,2020-07-24,2020-07-17,0.035,0.028,0.025,0.025,0.02,0.024,2020-07-29,2020-04-14,2019-11-20,2020-05-27,2020-02-12,2019-10-07,2351900.0,909600.0,2081000.0,2.16,-31.6,-19.01,0.039,0.021,0.0,-0.04,-0.034,100.0,0.05598,0.03063,0.0,-0.05756,-0.03172,100.0,55.78,54.029,43.682,50.706,29.099,40.756,68.399,50.0,66.632,31.868,0.0,64.269,65.711,58.002,41.487,57.696,24.976,39.962,2020-07-10,2019-10-25,1999-01-01,2020-03-20,2019-08-14,1999-01-01,259,7602,0,219,7530,0,2020-06-22,2020-04-17,2019-12-23,2020-05-15,2020-02-21,2019-11-27,2020-08-06,2020-07-29,2020-07-20,2020-08-03,2020-07-23,2020-07-17,2020-06-29,2020-05-04,2019-12-26,2020-05-15,2020-03-05,2019-12-04,0,0,0,1,0,0,0,0,0,1,1,0,0,1,0,1,0,1,0,0,0,1,0,1,0,1,0,1,1,0,,,,,,,,,,Life.BearRecovery,Life.BearEnd,Life.Bull,Life.BullEnd,Life.BearStart,,
2020-08-12,0.81545,,,0.794,,0.83651,0.801,0.7615,0.77334,0.8384,0.83545,0.00295,0.01352,0.00954,-0.01057,,,-2.39,0.38,-14.89,7.65,-7.1,2.21,-0.58,6.37,5.0,5.0,22.0,8.0,17.0,11.0,5.0,15.0,-0.0,-0.0248,0.00496,-0.00886,0.55968,35.88418,43.15419,,,-29.82682,0.0,10.72556,0.0,,14.29257,36.63748,36.56021,36.90106,,,0.03312,0.03301,,,0.395,0.7501,0.7501,0.3551,0.3551,0.0,0,0,0,,,,,0.15,,,,0.851,0.892,0.633,0.847,0.596,0.478,2020-08-03,2020-07-10,2020-04-28,2020-07-28,2020-05-19,2020-03-20,-4.18,0.47,-5.04,49.66,-5.85,32.43,7.0,3.0,12.0,33.0,12.0,27.0,-1.0,0.0,-0.0,2.0,-0.0,1.0,0.874,0.864,0.888,0.794,0.844,0.824,2020-08-06,2020-07-29,2020-07-20,2020-08-12,2020-08-03,2020-07-24,0.035,0.028,0.025,0.025,0.02,0.024,2020-07-29,2020-04-14,2019-11-20,2020-05-27,2020-02-12,2019-10-07,909600.0,2081000.0,3984900.0,-31.6,-19.01,30.57,0.039,0.021,0.0,-0.04,-0.034,100.0,0.05598,0.03063,0.0,-0.05756,-0.03172,100.0,55.78,54.029,43.682,50.706,29.099,40.756,68.399,50.0,66.632,0.0,31.868,0.0,65.711,58.002,41.487,57.696,24.976,39.962,2020-07-10,2019-10-25,1999-01-01,2020-03-20,2019-08-14,1999-01-01,259,7602,0,219,7530,0,2020-06-22,2020-04-17,2019-12-23,2020-05-15,2020-02-21,2019-11-27,2020-08-06,2020-07-29,2020-07-20,2020-08-12,2020-08-03,2020-07-23,2020-06-29,2020-05-04,2019-12-26,2020-05-15,2020-03-05,2019-12-04,0,0,0,1,0,0,1,0,0,1,1,0,0,1,0,1,0,1,1,0,0,1,0,1,0,1,0,1,1,0,-3984900,,,,,,,,n2p,Life.BearRecovery,Life.BearEnd,Life.Bull,Life.BullEnd,Life.BearStart,,
2020-08-13,0.80797,,,,0.824,0.83554,0.80189,0.76274,0.77385,0.83617,0.8346,0.00157,0.01113,0.00779,-0.00956,,,-1.48,0.38,-14.89,7.65,-7.1,2.21,-0.58,6.37,4.0,5.0,22.0,8.0,17.0,11.0,5.0,15.0,0.0298,0.0,0.00709,-0.00709,1.0,50.0,42.54879,,,-15.711,28.57143,13.21508,,28.571,17.2587,22.12021,36.22971,36.5626,,,0.03288,0.03281,,,0.3915,0.728,0.728,0.3365,0.3365,0.0,0,0,0,,,,,0.15,,,,0.851,0.892,0.633,0.847,0.596,0.478,2020-08-03,2020-07-10,2020-04-28,2020-07-28,2020-05-19,2020-03-20,-5.06,0.47,-5.04,49.66,-5.85,32.43,8.0,3.0,12.0,33.0,12.0,27.0,-1.0,0.0,-0.0,2.0,-0.0,1.0,0.824,0.874,0.864,0.794,0.844,0.824,2020-08-13,2020-08-06,2020-07-29,2020-08-12,2020-08-03,2020-07-24,0.035,0.028,0.025,0.025,0.02,0.024,2020-07-29,2020-04-14,2019-11-20,2020-05-27,2020-02-12,2019-10-07,2081000.0,3984900.0,1166600.0,-19.01,30.57,3.68,0.039,0.021,0.0,-0.04,-0.034,100.0,0.05598,0.03063,0.0,-0.05756,-0.03172,100.0,55.78,54.029,43.682,50.706,29.099,40.756,28.571,68.399,50.0,0.0,31.868,0.0,65.711,58.002,41.487,57.696,24.976,39.962,2020-07-10,2019-10-25,1999-01-01,2020-03-20,2019-08-14,1999-01-01,259,7602,0,219,7530,0,2020-06-22,2020-04-17,2019-12-23,2020-05-15,2020-02-21,2019-11-27,2020-08-13,2020-08-06,2020-07-29,2020-08-12,2020-08-03,2020-07-23,2020-06-29,2020-05-04,2019-12-26,2020-05-15,2020-03-05,2019-12-04,0,0,0,1,1,0,1,0,0,1,1,0,0,1,0,1,1,0,1,0,0,1,0,1,0,1,0,1,1,0,,,,,,,,n2p,,Life.BearRecovery,Life.BearEnd,Life.Bull,Life.BullEnd,Life.BearStart,,
2020-08-14,0.80197,,,,,0.83313,0.80198,0.76356,0.77415,0.83124,0.83234,-0.0011,0.00868,0.00606,-0.00979,,,-0.74,0.38,-14.89,7.65,-7.1,2.21,-0.58,6.37,3.0,5.0,22.0,8.0,17.0,11.0,5.0,15.0,-0.0,-0.0198,0.00709,-0.0085,0.83361,45.46288,41.96886,,,-20.24812,9.58773,12.71972,,,18.10334,16.55153,35.90796,36.23262,,,0.03194,0.0326,,,0.3842,0.6957,0.6957,0.3115,0.3115,0.0,0,0,0,,,,,0.15,,,,0.851,0.892,0.633,0.847,0.596,0.478,2020-08-03,2020-07-10,2020-04-28,2020-07-28,2020-05-19,2020-03-20,-5.76,0.47,-5.04,49.66,-5.85,32.43,9.0,3.0,12.0,33.0,12.0,27.0,-1.0,0.0,-0.0,2.0,-0.0,1.0,0.824,0.874,0.864,0.794,0.844,0.824,2020-08-13,2020-08-06,2020-07-29,2020-08-12,2020-08-03,2020-07-24,0.035,0.028,0.025,0.025,0.02,0.024,2020-07-29,2020-04-14,2019-11-20,2020-05-27,2020-02-12,2019-10-07,3984900.0,1166600.0,631200.0,30.57,3.68,-20.05,0.039,0.021,0.0,-0.04,-0.034,100.0,0.05598,0.03063,0.0,-0.05756,-0.03172,100.0,55.78,54.029,43.682,50.706,29.099,40.756,28.571,68.399,50.0,0.0,31.868,0.0,65.711,58.002,41.487,57.696,24.976,39.962,2020-07-10,2019-10-25,1999-01-01,2020-03-20,2019-08-14,1999-01-01,259,7602,0,219,7530,0,2020-06-22,2020-04-17,2019-12-23,2020-05-15,2020-02-21,2019-11-27,2020-08-13,2020-08-06,2020-07-29,2020-08-12,2020-08-03,2020-07-23,2020-06-29,2020-05-04,2019-12-26,2020-05-15,2020-03-05,2019-12-04,0,0,0,1,1,0,1,0,0,1,1,0,0,1,0,1,1,0,1,0,0,1,0,1,0,1,0,1,1,0,,,,,,,n2p,,,Life.BearRecovery,Life.BearEnd,Life.Bull,Life.BullEnd,Life.BearStart,,
2020-08-17,0.79791,,,,,0.82936,0.80128,0.76397,0.77425,0.824,0.82877,-0.00477,0.00599,0.00435,-0.01076,,,-0.24,0.38,-14.89,7.65,-7.1,2.21,-0.58,6.37,2.0,5.0,22.0,8.0,17.0,11.0,5.0,15.0,-0.0,-0.0199,0.00638,-0.00992,0.64291,39.13234,41.41684,,,-26.57866,0.0,12.71972,0.0,,18.10334,17.82179,35.60038,35.91268,,,0.03143,0.03239,,,0.3731,0.6539,0.6539,0.2808,0.2808,0.0,0,0,0,,,,,0.15,,,,0.851,0.892,0.633,0.847,0.596,0.478,2020-08-03,2020-07-10,2020-04-28,2020-07-28,2020-05-19,2020-03-20,-6.24,0.47,-5.04,49.66,-5.85,32.43,10.0,3.0,12.0,33.0,12.0,27.0,-1.0,0.0,-0.0,2.0,-0.0,1.0,0.824,0.874,0.864,0.794,0.844,0.824,2020-08-13,2020-08-06,2020-07-29,2020-08-12,2020-08-03,2020-07-24,0.035,0.028,0.025,0.025,0.02,0.024,2020-07-29,2020-04-14,2019-11-20,2020-05-27,2020-02-12,2019-10-07,1166600.0,631200.0,1642800.0,3.68,-20.05,-40.5,0.039,0.021,0.0,-0.04,-0.034,100.0,0.05598,0.03063,0.0,-0.05756,-0.03172,100.0,55.78,54.029,43.682,50.706,29.099,40.756,28.571,68.399,50.0,0.0,0.0,31.868,65.711,58.002,41.487,57.696,24.976,39.962,2020-07-10,2019-10-25,1999-01-01,2020-03-20,2019-08-14,1999-01-01,259,7602,0,219,7530,0,2020-06-22,2020-04-17,2019-12-23,2020-05-15,2020-02-21,2019-11-27,2020-08-13,2020-08-06,2020-07-29,2020-08-17,2020-08-12,2020-08-03,2020-06-29,2020-05-04,2019-12-26,2020-05-15,2020-03-05,2019-12-04,0,0,0,1,1,0,1,0,0,1,1,0,0,1,0,1,1,0,1,0,0,1,0,1,0,1,0,1,1,0,,,,,,n2p,,,,Life.BearRecovery,Life.BearEnd,Life.Bull,Life.BullEnd,Life.BearStart,,
2020-08-18,0.79592,,,0.759,,0.82398,0.79964,0.76388,0.7741,0.81406,0.82363,-0.00957,0.00288,0.00268,-0.01245,,,0.01,0.38,-14.89,7.65,-7.1,2.21,-0.58,6.37,1.0,5.0,22.0,8.0,17.0,11.0,5.0,15.0,-0.0,-0.0248,0.0046,-0.01169,0.3934,28.23323,40.89525,,,-37.47777,6.64876,5.41216,,,10.02833,15.41167,35.31551,35.60795,,,0.03202,0.03218,,,0.3576,0.601,0.601,0.2434,0.2434,0.0,0,0,0,,,,,0.15,,,,0.851,0.892,0.633,0.847,0.596,0.478,2020-08-03,2020-07-10,2020-04-28,2020-07-28,2020-05-19,2020-03-20,-6.47,0.47,-5.04,49.66,-5.85,32.43,11.0,3.0,12.0,33.0,12.0,27.0,-1.0,0.0,-0.0,2.0,-0.0,1.0,0.824,0.874,0.864,0.759,0.794,0.844,2020-08-13,2020-08-06,2020-07-29,2020-08-18,2020-08-12,2020-08-03,0.035,0.028,0.025,0.025,0.02,0.024,2020-07-29,2020-04-14,2019-11-20,2020-05-27,2020-02-12,2019-10-07,631200.0,1642800.0,5207600.0,-20.05,-40.5,117.45,0.039,0.021,0.0,-0.04,-0.034,100.0,0.05598,0.03063,0.0,-0.05756,-0.03172,100.0,55.78,54.029,43.682,50.706,29.099,40.756,28.571,68.399,50.0,0.0,0.0,31.868,65.711,58.002,41.487,57.696,24.976,39.962,2020-07-10,2019-10-25,1999-01-01,2020-03-20,2019-08-14,1999-01-01,259,7602,0,219,7530,0,2020-06-22,2020-04-17,2019-12-23,2020-05-15,2020-02-21,2019-11-27,2020-08-13,2020-08-06,2020-07-29,2020-08-17,2020-08-12,2020-08-03,2020-06-29,2020-05-04,2019-12-26,2020-05-15,2020-03-05,2019-12-04,0,0,0,1,1,0,1,0,0,1,1,0,0,1,0,1,1,0,1,0,0,1,0,1,0,1,0,1,1,0,-5207600,,,,n2p,,,,n2p,Life.BearRecovery,Life.BearEnd,Life.Bull,Life.BullEnd,Life.BearStart,,
2020-08-19,0.79571,0.796,,,,0.82054,0.79884,0.76418,0.77415,0.8087,0.82034,-0.01164,-3e-05,0.00104,-0.01162,,,0.41,-14.89,7.65,-7.1,2.21,-0.58,6.37,-7.89,5.0,22.0,8.0,17.0,11.0,5.0,15.0,21.0,0.0198,0.0,0.00566,-0.01169,0.48442,32.63374,40.40661,,,-33.07726,25.89552,10.84809,,,19.00307,15.71158,35.06324,35.32638,,,0.03222,0.03197,,,0.3466,0.5636,0.5636,0.217,0.217,0.0,0,0,0,,,,,0.15,,,,0.851,0.892,0.633,0.796,0.847,0.596,2020-08-03,2020-07-10,2020-04-28,2020-08-19,2020-07-28,2020-05-19,0.0,-6.46,0.47,-5.04,49.66,-5.85,0.0,12.0,3.0,12.0,33.0,12.0,0.0,-1.0,0.0,-0.0,2.0,-0.0,0.824,0.874,0.864,0.759,0.794,0.844,2020-08-13,2020-08-06,2020-07-29,2020-08-18,2020-08-12,2020-08-03,0.035,0.028,0.025,0.025,0.02,0.024,2020-07-29,2020-04-14,2019-11-20,2020-05-27,2020-02-12,2019-10-07,1642800.0,5207600.0,1955800.0,-40.5,117.45,17.7,0.039,0.021,0.0,-0.04,-0.034,100.0,0.05598,0.03063,0.0,-0.05756,-0.03172,100.0,55.78,54.029,43.682,50.706,29.099,40.756,28.571,68.399,50.0,0.0,0.0,31.868,65.711,58.002,41.487,57.696,24.976,39.962,2020-07-10,2019-10-25,1999-01-01,2020-03-20,2019-08-14,1999-01-01,259,7602,0,219,7530,0,2020-06-22,2020-04-17,2019-12-23,2020-05-15,2020-02-21,2019-11-27,2020-08-13,2020-08-06,2020-07-29,2020-08-17,2020-08-12,2020-08-03,2020-06-29,2020-05-04,2019-12-26,2020-05-15,2020-03-05,2019-12-04,0,0,0,0,1,0,1,0,0,1,1,0,0,1,0,1,1,0,1,0,0,1,0,1,0,1,0,1,1,0,,,,,,,,n2p,,Life.BearRecovery,Life.BearEnd,Life.Bull,Life.BullEnd,Life.BearStart,,
2020-08-21,0.79659,,,,,0.81736,0.79807,0.76448,0.7742,0.80416,0.81729,-0.01313,-0.00265,-0.00055,-0.01049,,,0.3,-14.89,7.65,-7.1,2.21,-0.58,6.37,-7.89,3.0,22.0,8.0,17.0,11.0,5.0,15.0,21.0,0.0,0.0,0.00566,-0.01099,0.5156,34.01973,39.95337,,,-31.69127,25.89552,19.47993,,,33.57066,20.86735,34.85063,35.07646,,,0.03098,0.03177,,,0.3359,0.5288,0.5288,0.1929,0.1929,0.0,0,0,0,,,,,0.15,,,,0.851,0.892,0.633,0.796,0.847,0.596,2020-08-03,2020-07-10,2020-04-28,2020-08-19,2020-07-28,2020-05-19,0.07,-6.46,0.47,-5.04,49.66,-5.85,1.0,12.0,3.0,12.0,33.0,12.0,0.0,-1.0,0.0,-0.0,2.0,-0.0,0.824,0.874,0.864,0.759,0.794,0.844,2020-08-13,2020-08-06,2020-07-29,2020-08-18,2020-08-12,2020-08-03,0.035,0.028,0.025,0.025,0.02,0.024,2020-07-29,2020-04-14,2019-11-20,2020-05-27,2020-02-12,2019-10-07,5207600.0,1955800.0,1274200.0,117.45,17.7,-4.19,0.039,0.021,0.0,-0.04,-0.034,100.0,0.05598,0.03063,0.0,-0.05756,-0.03172,100.0,55.78,54.029,43.682,50.706,29.099,40.756,28.571,68.399,50.0,0.0,0.0,31.868,65.711,58.002,41.487,57.696,24.976,39.962,2020-07-10,2019-10-25,1999-01-01,2020-03-20,2019-08-14,1999-01-01,259,7602,0,219,7530,0,2020-06-22,2020-04-17,2019-12-23,2020-05-15,2020-02-21,2019-11-27,2020-08-13,2020-08-06,2020-07-29,2020-08-17,2020-08-12,2020-08-03,2020-06-29,2020-05-04,2019-12-26,2020-05-15,2020-03-05,2019-12-04,0,0,0,0,1,0,1,0,0,1,1,0,0,1,0,1,1,0,1,0,0,1,0,1,0,1,0,1,1,0,,,,,,,n2p,,,Life.BearRecovery,Life.BearEnd,Life.Bull,Life.BullEnd,Life.BearStart,,
2020-08-24,0.79782,,,,,0.81786,0.79908,0.76565,0.7747,0.8072,0.81778,-0.01059,-0.00424,-0.00209,-0.00635,,,0.15,-14.89,7.65,-7.1,2.21,-0.58,6.37,-7.89,2.0,22.0,8.0,17.0,11.0,5.0,15.0,21.0,0.0447,0.0,0.00886,-0.01028,0.86171,46.28593,39.53765,,,-19.42507,59.25373,37.01493,,,62.46851,38.34742,34.67856,34.86415,,,0.03196,0.03157,,,0.3343,0.5221,0.5221,0.1878,0.1878,0.0,0,0,0,,,,,0.15,,,,0.851,0.892,0.633,0.796,0.847,0.596,2020-08-03,2020-07-10,2020-04-28,2020-08-19,2020-07-28,2020-05-19,0.23,-6.46,0.47,-5.04,49.66,-5.85,2.0,12.0,3.0,12.0,33.0,12.0,0.0,-1.0,0.0,-0.0,2.0,-0.0,0.824,0.874,0.864,0.759,0.794,0.844,2020-08-13,2020-08-06,2020-07-29,2020-08-18,2020-08-12,2020-08-03,0.035,0.028,0.025,0.025,0.02,0.024,2020-07-29,2020-04-14,2019-11-20,2020-05-27,2020-02-12,2019-10-07,1955800.0,1274200.0,5756800.0,17.7,-4.19,6.51,0.039,0.021,0.0,-0.04,-0.034,100.0,0.05598,0.03063,0.0,-0.05756,-0.03172,100.0,55.78,54.029,43.682,50.706,29.099,40.756,28.571,68.399,50.0,0.0,0.0,31.868,65.711,58.002,41.487,57.696,24.976,39.962,2020-07-10,2019-10-25,1999-01-01,2020-03-20,2019-08-14,1999-01-01,259,7602,0,219,7530,0,2020-06-22,2020-04-17,2019-12-23,2020-05-15,2020-02-21,2019-11-27,2020-08-13,2020-08-06,2020-07-29,2020-08-17,2020-08-12,2020-08-03,2020-06-29,2020-05-04,2019-12-26,2020-05-15,2020-03-05,2019-12-04,0,0,0,0,1,0,1,0,0,1,1,0,0,1,0,1,1,0,1,0,0,1,0,1,0,1,0,1,1,0,,,,,,n2p,,,,Life.BearRecovery,Life.BearEnd,Life.Bull,Life.BullEnd,Life.BearStart,,
2020-08-25,0.79882,,,,0.824,0.81832,0.80005,0.76681,0.77519,0.80977,0.81824,-0.00847,-0.00508,-0.00357,-0.00339,,,0.02,-14.89,7.65,-7.1,2.21,-0.58,6.37,-7.89,1.0,22.0,8.0,17.0,11.0,5.0,15.0,21.0,0.0,0.0,0.00815,-0.01028,0.79291,44.22481,39.16071,,,-21.48619,59.25373,48.13433,,59.254,74.55416,56.86445,34.54167,34.69029,,,0.03216,0.03138,,,0.3324,0.5151,0.5151,0.1827,0.1827,0.0,0,0,0,,,,,0.15,,,,0.851,0.892,0.633,0.796,0.847,0.596,2020-08-03,2020-07-10,2020-04-28,2020-08-19,2020-07-28,2020-05-19,0.35,-6.46,0.47,-5.04,49.66,-5.85,3.0,12.0,3.0,12.0,33.0,12.0,0.0,-1.0,0.0,-0.0,2.0,-0.0,0.824,0.824,0.874,0.759,0.794,0.844,2020-08-25,2020-08-13,2020-08-06,2020-08-18,2020-08-12,2020-08-03,0.035,0.028,0.025,0.025,0.02,0.024,2020-07-29,2020-04-14,2019-11-20,2020-05-27,2020-02-12,2019-10-07,1274200.0,5756800.0,5460900.0,-4.19,6.51,39.0,0.039,0.021,0.0,-0.04,-0.034,100.0,0.05598,0.03063,0.0,-0.05756,-0.03172,100.0,55.78,54.029,43.682,50.706,29.099,40.756,59.254,28.571,68.399,0.0,0.0,31.868,65.711,58.002,41.487,57.696,24.976,39.962,2020-07-10,2019-10-25,1999-01-01,2020-03-20,2019-08-14,1999-01-01,259,7602,0,219,7530,0,2020-06-22,2020-04-17,2019-12-23,2020-05-15,2020-02-21,2019-11-27,2020-08-25,2020-08-13,2020-08-06,2020-08-17,2020-08-12,2020-08-03,2020-06-29,2020-05-04,2019-12-26,2020-05-15,2020-03-05,2019-12-04,0,0,0,0,1,0,1,0,0,1,1,0,0,1,0,1,0,0,1,0,0,1,0,1,0,1,0,1,1,0,,,,,n2p,,,,,Life.BearRecovery,Life.BearEnd,Life.Bull,Life.BullEnd,Life.BearStart,,
2020-08-26,0.79916,,0.799,,,0.81799,0.8006,0.76774,0.77557,0.81042,0.81792,-0.00751,-0.00557,-0.00498,-0.00194,,,-14.91,7.65,-7.1,2.21,-0.58,6.37,-7.89,0.59,22.0,8.0,17.0,11.0,5.0,15.0,21.0,6.0,-0.0,-0.0099,0.00815,-0.01099,0.74187,42.59052,38.82287,,,-23.12048,51.86567,56.79104,,,83.31655,73.44641,34.43113,34.55045,,,0.0327,0.03119,,,0.3286,0.5025,0.5025,0.1739,0.1739,0.0,0,0,0,,,,,0.15,,,,0.799,0.851,0.892,0.796,0.847,0.596,2020-08-26,2020-08-03,2020-07-10,2020-08-19,2020-07-28,2020-05-19,0.0,0.38,-6.46,0.47,-5.04,49.66,0.0,4.0,12.0,3.0,12.0,33.0,0.0,0.0,-1.0,0.0,-0.0,2.0,0.824,0.824,0.874,0.759,0.794,0.844,2020-08-25,2020-08-13,2020-08-06,2020-08-18,2020-08-12,2020-08-03,0.035,0.028,0.025,0.025,0.02,0.024,2020-07-29,2020-04-14,2019-11-20,2020-05-27,2020-02-12,2019-10-07,5756800.0,5460900.0,2381200.0,6.51,39.0,8.86,0.039,0.021,0.0,-0.04,-0.034,100.0,0.05598,0.03063,0.0,-0.05756,-0.03172,100.0,55.78,54.029,43.682,50.706,29.099,40.756,59.254,28.571,68.399,0.0,0.0,31.868,65.711,58.002,41.487,57.696,24.976,39.962,2020-07-10,2019-10-25,1999-01-01,2020-03-20,2019-08-14,1999-01-01,259,7602,0,219,7530,0,2020-06-22,2020-04-17,2019-12-23,2020-05-15,2020-02-21,2019-11-27,2020-08-25,2020-08-13,2020-08-06,2020-08-17,2020-08-12,2020-08-03,2020-06-29,2020-05-04,2019-12-26,2020-05-15,2020-03-05,2019-12-04,1,0,0,0,1,0,1,0,0,1,1,0,0,1,0,1,0,0,1,0,0,1,0,1,0,1,0,1,1,0,,,,,,,,,,Life.BearRecovery,Life.BearEnd,Life.Bull,Life.BullEnd,Life.BearStart,,
2020-08-27,0.79835,,,0.789,,0.81578,0.80015,0.76817,0.77571,0.80715,0.8158,-0.00864,-0.00618,-0.00633,-0.00246,,,-14.82,7.65,-7.1,2.21,-0.58,6.37,-7.89,0.59,21.0,8.0,17.0,11.0,5.0,15.0,21.0,6.0,-0.0,-0.0248,0.00674,-0.01276,0.528,34.55478,38.52454,,,-31.15622,34.65116,48.59019,34.651,,55.14317,71.00463,34.33787,34.43689,,,0.03249,0.03101,,,0.3198,0.4761,0.4761,0.1563,0.1563,0.0,0,0,0,,,,,0.15,,,,0.799,0.851,0.892,0.796,0.847,0.596,2020-08-26,2020-08-03,2020-07-10,2020-08-19,2020-07-28,2020-05-19,-0.08,0.38,-6.46,0.47,-5.04,49.66,1.0,4.0,12.0,3.0,12.0,33.0,-0.0,0.0,-1.0,0.0,-0.0,2.0,0.824,0.824,0.874,0.789,0.759,0.794,2020-08-25,2020-08-13,2020-08-06,2020-08-27,2020-08-18,2020-08-12,0.035,0.028,0.025,0.025,0.02,0.024,2020-07-29,2020-04-14,2019-11-20,2020-05-27,2020-02-12,2019-10-07,5460900.0,2381200.0,3682800.0,39.0,8.86,-15.25,0.039,0.021,0.0,-0.04,-0.034,100.0,0.05598,0.03063,0.0,-0.05756,-0.03172,100.0,55.78,54.029,43.682,50.706,29.099,40.756,59.254,28.571,68.399,34.651,0.0,0.0,65.711,58.002,41.487,57.696,24.976,39.962,2020-07-10,2019-10-25,1999-01-01,2020-03-20,2019-08-14,1999-01-01,259,7602,0,219,7530,0,2020-06-22,2020-04-17,2019-12-23,2020-05-15,2020-02-21,2019-11-27,2020-08-25,2020-08-13,2020-08-06,2020-08-27,2020-08-17,2020-08-12,2020-06-29,2020-05-04,2019-12-26,2020-05-15,2020-03-05,2019-12-04,1,0,0,0,1,0,0,0,0,1,1,0,0,1,0,1,0,0,0,1,0,1,0,1,0,1,0,1,1,0,,,,,,,,,,Life.BearRecovery,Life.BearEnd,Life.Bull,Life.BullEnd,Life.BearStart,,
2020-08-28,0.79598,,,,0.814,0.81564,0.8007,0.76907,0.77609,0.80821,0.81566,-0.00746,-0.00644,-0.0076,-0.00102,,,-14.57,7.65,-7.1,2.21,-0.58,6.37,-7.89,0.59,20.0,8.0,17.0,11.0,5.0,15.0,21.0,6.0,0.0248,0.0,0.00851,-0.01134,0.75,42.85714,38.2666,,,-22.85386,63.64469,50.05384,,63.645,45.1566,61.20544,34.25516,34.34139,,,0.03229,0.03084,,,0.3163,0.4657,0.4657,0.1494,0.1494,0.0,0,0,0,,,,,0.15,,,,0.799,0.851,0.892,0.796,0.847,0.596,2020-08-26,2020-08-03,2020-07-10,2020-08-19,2020-07-28,2020-05-19,-0.38,0.38,-6.46,0.47,-5.04,49.66,2.0,4.0,12.0,3.0,12.0,33.0,-0.0,0.0,-1.0,0.0,-0.0,2.0,0.814,0.824,0.824,0.789,0.759,0.794,2020-08-28,2020-08-25,2020-08-13,2020-08-27,2020-08-18,2020-08-12,0.035,0.028,0.025,0.025,0.02,0.024,2020-07-29,2020-04-14,2019-11-20,2020-05-27,2020-02-12,2019-10-07,2381200.0,3682800.0,1458300.0,8.86,-15.25,-34.73,0.039,0.021,0.0,-0.04,-0.034,100.0,0.05598,0.03063,0.0,-0.05756,-0.03172,100.0,55.78,54.029,43.682,50.706,29.099,40.756,63.645,59.254,28.571,34.651,0.0,0.0,65.711,58.002,41.487,57.696,24.976,39.962,2020-07-10,2019-10-25,1999-01-01,2020-03-20,2019-08-14,1999-01-01,259,7602,0,219,7530,0,2020-06-22,2020-04-17,2019-12-23,2020-05-15,2020-02-21,2019-11-27,2020-08-28,2020-08-25,2020-08-13,2020-08-27,2020-08-17,2020-08-12,2020-06-29,2020-05-04,2019-12-26,2020-05-15,2020-03-05,2019-12-04,1,0,0,0,1,0,0,0,0,1,1,0,0,1,0,1,0,1,0,1,0,1,0,1,0,1,0,1,1,0,,,,,,,,,,Life.BearRecovery,Life.BearEnd,Life.Bull,Life.BullEnd,Life.BearStart,,
2020-09-01,0.79189,,,,,0.81361,0.80025,0.76947,0.77622,0.80528,0.8137,-0.00842,-0.00683,-0.0088,-0.00159,,,-14.13,7.65,-7.1,2.21,-0.58,6.37,-7.89,0.59,18.0,8.0,17.0,11.0,5.0,15.0,21.0,6.0,-0.0,-0.0248,0.00851,-0.01134,0.75,42.85714,38.05042,,,-22.85386,45.01511,47.77032,,,24.62305,41.64094,34.17925,34.25742,,,0.03211,0.03067,,,0.3078,0.4414,0.4414,0.1336,0.1336,0.0,0,0,0,,,,,0.15,,,,0.799,0.851,0.892,0.796,0.847,0.596,2020-08-26,2020-08-03,2020-07-10,2020-08-19,2020-07-28,2020-05-19,-0.89,0.38,-6.46,0.47,-5.04,49.66,3.0,4.0,12.0,3.0,12.0,33.0,-0.0,0.0,-1.0,0.0,-0.0,2.0,0.814,0.824,0.824,0.789,0.759,0.794,2020-08-28,2020-08-25,2020-08-13,2020-08-27,2020-08-18,2020-08-12,0.035,0.028,0.025,0.025,0.02,0.024,2020-07-29,2020-04-14,2019-11-20,2020-05-27,2020-02-12,2019-10-07,3682800.0,1458300.0,1272700.0,-15.25,-34.73,-14.74,0.039,0.021,0.0,-0.04,-0.034,100.0,0.05598,0.03063,0.0,-0.05756,-0.03172,100.0,55.78,54.029,43.682,50.706,29.099,40.756,63.645,59.254,28.571,34.651,0.0,0.0,65.711,58.002,41.487,57.696,24.976,39.962,2020-07-10,2019-10-25,1999-01-01,2020-03-20,2019-08-14,1999-01-01,259,7602,0,219,7530,0,2020-06-22,2020-04-17,2019-12-23,2020-05-15,2020-02-21,2019-11-27,2020-08-28,2020-08-25,2020-08-13,2020-08-27,2020-08-17,2020-08-12,2020-06-29,2020-05-04,2019-12-26,2020-05-15,2020-03-05,2019-12-04,1,0,0,0,1,0,0,0,0,1,1,0,0,1,0,1,0,1,0,1,0,1,0,1,0,1,0,1,1,0,,,,,,,,,,Life.BearRecovery,Life.BearEnd,Life.Bull,Life.BullEnd,Life.BearStart,,
2020-09-02,0.78638,,,,,0.81134,0.79962,0.76976,0.7763,0.80204,0.81152,-0.00948,-0.00736,-0.00993,-0.00212,,,-13.53,7.65,-7.1,2.21,-0.58,6.37,-7.89,0.59,17.0,8.0,17.0,11.0,5.0,15.0,21.0,6.0,-0.0,-0.005,0.00851,-0.01099,0.77438,43.64236,37.87776,,,-22.06864,39.97986,49.54655,,,19.46309,29.74758,34.10955,34.18132,,,0.03052,0.03052,,,0.2986,0.4158,0.4158,0.1172,0.1172,0.0,0,0,0,,,,,0.15,,,,0.799,0.851,0.892,0.796,0.847,0.596,2020-08-26,2020-08-03,2020-07-10,2020-08-19,2020-07-28,2020-05-19,-1.58,0.38,-6.46,0.47,-5.04,49.66,4.0,4.0,12.0,3.0,12.0,33.0,-0.0,0.0,-1.0,0.0,-0.0,2.0,0.814,0.824,0.824,0.789,0.759,0.794,2020-08-28,2020-08-25,2020-08-13,2020-08-27,2020-08-18,2020-08-12,0.035,0.028,0.025,0.025,0.02,0.024,2020-07-29,2020-04-14,2019-11-20,2020-05-27,2020-02-12,2019-10-07,1458300.0,1272700.0,336500.0,-34.73,-14.74,-52.17,0.039,0.021,0.0,-0.04,-0.034,100.0,0.05598,0.03063,0.0,-0.05756,-0.03172,100.0,55.78,54.029,43.682,50.706,29.099,40.756,63.645,59.254,28.571,34.651,0.0,0.0,65.711,58.002,41.487,57.696,24.976,39.962,2020-07-10,2019-10-25,1999-01-01,2020-03-20,2019-08-14,1999-01-01,259,7602,0,219,7530,0,2020-06-22,2020-04-17,2019-12-23,2020-05-15,2020-02-21,2019-11-27,2020-08-28,2020-08-25,2020-08-13,2020-08-27,2020-08-17,2020-08-12,2020-06-29,2020-05-04,2019-12-26,2020-05-15,2020-03-05,2019-12-04,1,0,0,0,1,0,0,0,0,1,1,0,0,1,0,1,0,1,0,1,0,1,0,1,0,1,0,1,1,0,,,,,,,,,,Life.BearRecovery,Life.BearEnd,Life.Bull,Life.BullEnd,Life.BearStart,,
2020-09-03,0.77999,,,0.774,,0.80849,0.79862,0.76985,0.77628,0.79777,0.80876,-0.01099,-0.00809,-0.01098,-0.0029,,,-12.82,7.65,-7.1,2.21,-0.58,6.37,-7.89,0.59,16.0,8.0,17.0,11.0,5.0,15.0,21.0,6.0,-0.0,-0.0099,0.00851,-0.00992,0.85745,46.16279,37.74966,,,-19.54821,30.01007,38.33501,30.01,,6.15664,16.74759,34.04777,34.11219,,,0.02941,0.03037,,,0.2877,0.3864,0.3864,0.0987,0.0987,0.0,0,0,0,,,,,0.15,,,,0.799,0.851,0.892,0.796,0.847,0.596,2020-08-26,2020-08-03,2020-07-10,2020-08-19,2020-07-28,2020-05-19,-2.38,0.38,-6.46,0.47,-5.04,49.66,5.0,4.0,12.0,3.0,12.0,33.0,-0.0,0.0,-1.0,0.0,-0.0,2.0,0.814,0.824,0.824,0.774,0.789,0.759,2020-08-28,2020-08-25,2020-08-13,2020-09-03,2020-08-27,2020-08-18,0.035,0.028,0.025,0.025,0.02,0.024,2020-07-29,2020-04-14,2019-11-20,2020-05-27,2020-02-12,2019-10-07,1272700.0,336500.0,1019000.0,-14.74,-52.17,-14.32,0.039,0.021,0.0,-0.04,-0.034,100.0,0.05598,0.03063,0.0,-0.05756,-0.03172,100.0,55.78,54.029,43.682,50.706,29.099,40.756,63.645,59.254,28.571,30.01,34.651,0.0,65.711,58.002,41.487,57.696,24.976,39.962,2020-07-10,2019-10-25,1999-01-01,2020-03-20,2019-08-14,1999-01-01,259,7602,0,219,7530,0,2020-06-22,2020-04-17,2019-12-23,2020-05-15,2020-02-21,2019-11-27,2020-08-28,2020-08-25,2020-08-13,2020-09-03,2020-08-27,2020-08-17,2020-06-29,2020-05-04,2019-12-26,2020-05-15,2020-03-05,2019-12-04,1,0,0,0,1,0,0,0,0,1,1,0,0,1,0,1,0,1,0,0,0,1,0,1,0,1,0,1,1,0,,,,,,,,,,Life.BearRecovery,Life.BearEnd,Life.Bull,Life.BullEnd,Life.BearStart,,
2020-09-04,0.77331,,,,0.789,0.80701,0.79826,0.77024,0.77641,0.79645,0.80731,-0.01086,-0.00864,-0.01196,-0.00222,,,-12.07,7.65,-7.1,2.21,-0.58,6.37,-7.89,0.59,15.0,8.0,17.0,11.0,5.0,15.0,21.0,6.0,0.0149,0.0,0.00744,-0.00992,0.75018,42.86302,37.66534,,,-22.84798,45.01511,38.33501,,45.015,20.05489,15.22487,33.99564,34.05099,,,0.02943,0.03023,,,0.2802,0.3677,0.3677,0.0875,0.0875,0.0,0,0,0,,,,,0.15,,,,0.799,0.851,0.892,0.796,0.847,0.596,2020-08-26,2020-08-03,2020-07-10,2020-08-19,2020-07-28,2020-05-19,-3.22,0.38,-6.46,0.47,-5.04,49.66,6.0,4.0,12.0,3.0,12.0,33.0,-1.0,0.0,-1.0,0.0,-0.0,2.0,0.789,0.814,0.824,0.774,0.789,0.759,2020-09-04,2020-08-28,2020-08-25,2020-09-03,2020-08-27,2020-08-18,0.035,0.028,0.025,0.025,0.02,0.024,2020-07-29,2020-04-14,2019-11-20,2020-05-27,2020-02-12,2019-10-07,336500.0,1019000.0,1337500.0,-52.17,-14.32,2.47,0.039,0.021,0.0,-0.04,-0.034,100.0,0.05598,0.03063,0.0,-0.05756,-0.03172,100.0,55.78,54.029,43.682,50.706,29.099,40.756,45.015,63.645,59.254,30.01,34.651,0.0,65.711,58.002,41.487,57.696,24.976,39.962,2020-07-10,2019-10-25,1999-01-01,2020-03-20,2019-08-14,1999-01-01,259,7602,0,219,7530,0,2020-06-22,2020-04-17,2019-12-23,2020-05-15,2020-02-21,2019-11-27,2020-09-04,2020-08-28,2020-08-25,2020-09-03,2020-08-27,2020-08-17,2020-06-29,2020-05-04,2019-12-26,2020-05-15,2020-03-05,2019-12-04,1,0,0,0,1,0,0,0,0,1,1,0,0,1,0,1,1,0,0,0,0,1,0,1,0,1,0,1,1,0,,,,,,,,,,Life.BearRecovery,Life.BearEnd,Life.Bull,Life.BullEnd,Life.BearStart,,
2020-09-07,0.76677,,,,,0.80373,0.79693,0.77012,0.77629,0.79152,0.80413,-0.01261,-0.00944,-0.01286,-0.00318,,,-11.32,7.65,-7.1,2.21,-0.58,6.37,-7.89,0.59,14.0,8.0,17.0,11.0,5.0,15.0,21.0,6.0,-0.0,-0.0248,0.00744,-0.01028,0.72411,41.99919,37.62204,,,-23.71181,20.04028,31.68849,,,22.85601,16.35585,33.95303,33.99881,,,0.0291,0.03009,,,0.2681,0.3361,0.3361,0.068,0.068,0.0,0,0,0,,,,,0.15,,,,0.799,0.851,0.892,0.796,0.847,0.596,2020-08-26,2020-08-03,2020-07-10,2020-08-19,2020-07-28,2020-05-19,-4.03,0.38,-6.46,0.47,-5.04,49.66,7.0,4.0,12.0,3.0,12.0,33.0,-1.0,0.0,-1.0,0.0,-0.0,2.0,0.789,0.814,0.824,0.774,0.789,0.759,2020-09-04,2020-08-28,2020-08-25,2020-09-03,2020-08-27,2020-08-18,0.035,0.028,0.025,0.025,0.02,0.024,2020-07-29,2020-04-14,2019-11-20,2020-05-27,2020-02-12,2019-10-07,1019000.0,1337500.0,592000.0,-14.32,2.47,9.49,0.039,0.021,0.0,-0.04,-0.034,100.0,0.05598,0.03063,0.0,-0.05756,-0.03172,100.0,55.78,54.029,43.682,50.706,29.099,40.756,45.015,63.645,59.254,30.01,34.651,0.0,65.711,58.002,41.487,57.696,24.976,39.962,2020-07-10,2019-10-25,1999-01-01,2020-03-20,2019-08-14,1999-01-01,259,7602,0,219,7530,0,2020-06-22,2020-04-17,2019-12-23,2020-05-15,2020-02-21,2019-11-27,2020-09-04,2020-08-28,2020-08-25,2020-09-03,2020-08-27,2020-08-17,2020-06-29,2020-05-04,2019-12-26,2020-05-15,2020-03-05,2019-12-04,1,0,0,0,1,0,0,0,0,1,1,0,0,1,0,1,1,0,0,0,0,1,0,1,0,1,0,1,1,0,,,,,,,,,,Life.BearRecovery,Life.BearEnd,Life.Bull,Life.BullEnd,Life.BearStart,,
2020-09-08,0.76041,,,,,0.80071,0.79565,0.77001,0.77617,0.78735,0.80119,-0.01384,-0.01032,-0.01369,-0.00352,,,-10.57,7.65,-7.1,2.21,-0.58,6.37,-7.89,0.59,13.0,8.0,17.0,11.0,5.0,15.0,21.0,6.0,0.0,0.0,0.00744,-0.00886,0.84032,45.6617,37.61559,37.616,,-20.0493,20.04028,28.36522,,,32.86945,25.26012,33.91706,33.95524,,,0.02915,0.02996,,,0.2564,0.307,0.307,0.0506,0.0506,0.0,0,0,0,,,,,0.15,,,,0.799,0.851,0.892,0.796,0.847,0.596,2020-08-26,2020-08-03,2020-07-10,2020-08-19,2020-07-28,2020-05-19,-4.83,0.38,-6.46,0.47,-5.04,49.66,8.0,4.0,12.0,3.0,12.0,33.0,-1.0,0.0,-1.0,0.0,-0.0,2.0,0.789,0.814,0.824,0.774,0.789,0.759,2020-09-04,2020-08-28,2020-08-25,2020-09-03,2020-08-27,2020-08-18,0.035,0.028,0.025,0.025,0.02,0.024,2020-07-29,2020-04-14,2019-11-20,2020-05-27,2020-02-12,2019-10-07,1337500.0,592000.0,1621000.0,2.47,9.49,20.42,0.039,0.021,0.0,-0.04,-0.034,100.0,0.05598,0.03063,0.0,-0.05756,-0.03172,100.0,55.78,54.029,43.682,50.706,29.099,40.756,45.015,63.645,59.254,30.01,34.651,0.0,65.711,58.002,41.487,37.616,57.696,24.976,2020-07-10,2019-10-25,1999-01-01,2020-03-20,2019-08-14,1999-01-01,259,7602,0,219,7530,0,2020-06-22,2020-04-17,2019-12-23,2020-05-15,2020-02-21,2019-11-27,2020-09-04,2020-08-28,2020-08-25,2020-09-03,2020-08-27,2020-08-17,2020-06-29,2020-05-04,2019-12-26,2020-09-08,2020-05-15,2020-03-05,1,0,0,0,1,0,0,0,0,1,1,0,0,1,0,1,1,0,0,0,0,1,0,0,0,1,0,1,1,0,,,,,,,,,,Life.BearRecovery,Life.BearEnd,Life.Bull,Life.BullEnd,Life.BearStart,,
2020-09-09,0.75414,,,,,0.79677,0.79384,0.7696,0.7759,0.78153,0.79736,-0.01583,-0.01142,-0.01445,-0.00441,,,-9.83,7.65,-7.1,2.21,-0.58,6.37,-7.89,0.59,12.0,8.0,17.0,11.0,5.0,15.0,21.0,6.0,-0.0,-0.0149,0.00744,-0.00815,0.91323,47.73248,37.64106,,,10.11648,9.58773,16.5561,,,22.88168,26.20238,33.88409,33.91806,,,0.02885,0.02985,,,0.2424,0.2717,0.2717,0.0293,0.0293,0.0,0,0,0,,,,,0.15,,,,0.799,0.851,0.892,0.796,0.847,0.596,2020-08-26,2020-08-03,2020-07-10,2020-08-19,2020-07-28,2020-05-19,-5.61,0.38,-6.46,0.47,-5.04,49.66,9.0,4.0,12.0,3.0,12.0,33.0,-1.0,0.0,-1.0,0.0,-0.0,2.0,0.789,0.814,0.824,0.774,0.789,0.759,2020-09-04,2020-08-28,2020-08-25,2020-09-03,2020-08-27,2020-08-18,0.035,0.028,0.025,0.025,0.02,0.024,2020-07-29,2020-04-14,2019-11-20,2020-05-27,2020-02-12,2019-10-07,592000.0,1621000.0,1398500.0,9.49,20.42,1.72,0.039,0.021,0.0,-0.04,-0.034,100.0,0.05598,0.03063,0.0,-0.05756,-0.03172,100.0,55.78,54.029,43.682,50.706,29.099,40.756,45.015,63.645,59.254,30.01,34.651,0.0,65.711,58.002,41.487,37.616,57.696,24.976,2020-07-10,2019-10-25,1999-01-01,2020-03-20,2019-08-14,1999-01-01,259,7602,0,219,7530,0,2020-06-22,2020-04-17,2019-12-23,2020-05-15,2020-02-21,2019-11-27,2020-09-04,2020-08-28,2020-08-25,2020-09-03,2020-08-27,2020-08-17,2020-06-29,2020-05-04,2019-12-26,2020-09-08,2020-05-15,2020-03-05,1,0,0,0,1,0,0,0,0,1,1,0,0,1,0,1,1,0,0,0,0,1,0,0,0,1,0,1,1,0,,,,,,,,,,Life.BearRecovery,Life.BearEnd,Life.Bull,Life.BullEnd,Life.BearStart,,
2020-09-10,0.74785,,,0.73,,0.7916,0.79132,0.76881,0.77544,0.77354,0.79234,-0.0188,-0.0129,-0.01513,-0.00591,,,-9.07,7.65,-7.1,2.21,-0.58,6.37,-7.89,0.59,11.0,8.0,17.0,11.0,5.0,15.0,21.0,6.0,-0.0,-0.0199,0.00603,-0.00957,0.62985,38.64469,37.69296,,,1.02869,0.0,9.876,0.0,,20.08056,25.27723,33.85149,33.88421,,,0.02856,0.02973,,,0.2251,0.2279,0.2279,0.0028,0.0028,0.0,0,0,0,,,,,0.15,,,,0.799,0.851,0.892,0.796,0.847,0.596,2020-08-26,2020-08-03,2020-07-10,2020-08-19,2020-07-28,2020-05-19,-6.4,0.38,-6.46,0.47,-5.04,49.66,10.0,4.0,12.0,3.0,12.0,33.0,-1.0,0.0,-1.0,0.0,-0.0,2.0,0.789,0.814,0.824,0.73,0.774,0.789,2020-09-04,2020-08-28,2020-08-25,2020-09-10,2020-09-03,2020-08-27,0.035,0.028,0.025,0.025,0.02,0.024,2020-07-29,2020-04-14,2019-11-20,2020-05-27,2020-02-12,2019-10-07,1621000.0,1398500.0,1165200.0,20.42,1.72,15.87,0.039,0.021,0.0,-0.04,-0.034,100.0,0.05598,0.03063,0.0,-0.05756,-0.03172,100.0,55.78,54.029,43.682,50.706,29.099,40.756,45.015,63.645,59.254,0.0,30.01,34.651,65.711,58.002,41.487,37.616,57.696,24.976,2020-07-10,2019-10-25,1999-01-01,2020-03-20,2019-08-14,1999-01-01,259,7602,0,219,7530,0,2020-06-22,2020-04-17,2019-12-23,2020-05-15,2020-02-21,2019-11-27,2020-09-04,2020-08-28,2020-08-25,2020-09-10,2020-09-03,2020-08-27,2020-06-29,2020-05-04,2019-12-26,2020-09-08,2020-05-15,2020-03-05,1,0,0,0,1,0,1,0,0,1,1,0,0,1,0,1,1,0,1,0,0,1,0,0,0,1,0,1,1,0,,,,,,,,,,Life.BearRecovery,Life.BearEnd,Life.Bull,Life.BullEnd,Life.BearStart,,
2020-09-11,0.74136,,,,0.744,0.78798,0.78949,0.76833,0.77514,0.76907,0.7888,-0.01973,-0.01426,-0.01575,-0.00546,,,-8.28,7.65,-7.1,2.21,-0.58,6.37,-7.89,0.59,10.0,8.0,17.0,11.0,5.0,15.0,21.0,6.0,0.0149,0.0,0.00709,-0.00957,0.74104,42.56322,37.76653,,,4.94722,23.08288,10.8902,,23.083,20.99947,21.32057,33.81843,33.85133,,,0.02865,0.02963,,,0.2116,0.2116,0.2116,0.0,0.0,0.0,0,0,0,,,,,0.15,,,,0.799,0.851,0.892,0.796,0.847,0.596,2020-08-26,2020-08-03,2020-07-10,2020-08-19,2020-07-28,2020-05-19,-7.21,0.38,-6.46,0.47,-5.04,49.66,11.0,4.0,12.0,3.0,12.0,33.0,-1.0,0.0,-1.0,0.0,-0.0,2.0,0.744,0.789,0.814,0.73,0.774,0.789,2020-09-11,2020-09-04,2020-08-28,2020-09-10,2020-09-03,2020-08-27,0.035,0.028,0.025,0.025,0.02,0.024,2020-07-29,2020-04-14,2019-11-20,2020-05-27,2020-02-12,2019-10-07,1398500.0,1165200.0,356200.0,1.72,15.87,-30.22,0.039,0.021,0.0,-0.04,-0.034,100.0,0.05598,0.03063,0.0,-0.05756,-0.03172,100.0,55.78,54.029,43.682,50.706,29.099,40.756,23.083,45.015,63.645,0.0,30.01,34.651,65.711,58.002,41.487,37.616,57.696,24.976,2020-07-10,2019-10-25,1999-01-01,2020-03-20,2019-08-14,1999-01-01,259,7602,0,219,7530,0,2020-06-22,2020-04-17,2019-12-23,2020-05-15,2020-02-21,2019-11-27,2020-09-11,2020-09-04,2020-08-28,2020-09-10,2020-09-03,2020-08-27,2020-06-29,2020-05-04,2019-12-26,2020-09-08,2020-05-15,2020-03-05,1,0,0,0,1,0,1,0,0,1,1,0,0,1,0,1,1,0,1,0,0,1,0,0,0,1,0,1,1,0,,,356200,,,,,,p2n,Life.BearRecovery,Life.BearEnd,Life.Bull,Life.BullEnd,Life.BearStart,,
2020-09-14,0.73435,,,0.735,,0.7839,0.78735,0.76767,0.77474,0.76383,0.78481,-0.02098,-0.01561,-0.0163,-0.00538,,,-7.4,7.65,-7.1,2.21,-0.58,6.37,-7.89,0.59,9.0,8.0,17.0,11.0,5.0,15.0,21.0,6.0,-0.0,-0.0095,0.0039,-0.01025,0.38049,27.56184,37.85811,,,-10.05416,15.72424,12.93571,15.724,,25.64603,22.24202,33.7854,33.81844,,,0.02839,0.02953,,,0.1968,0.1968,0.1968,0.0,0.0,0.0,0,0,0,,,,,0.15,,,,0.799,0.851,0.892,0.796,0.847,0.596,2020-08-26,2020-08-03,2020-07-10,2020-08-19,2020-07-28,2020-05-19,-8.09,0.38,-6.46,0.47,-5.04,49.66,12.0,4.0,12.0,3.0,12.0,33.0,-1.0,0.0,-1.0,0.0,-0.0,2.0,0.744,0.789,0.814,0.735,0.73,0.774,2020-09-11,2020-09-04,2020-08-28,2020-09-14,2020-09-10,2020-09-03,0.035,0.028,0.025,0.025,0.02,0.024,2020-07-29,2020-04-14,2019-11-20,2020-05-27,2020-02-12,2019-10-07,1165200.0,356200.0,258300.0,15.87,-30.22,-39.05,0.039,0.021,0.0,-0.04,-0.034,100.0,0.05598,0.03063,0.0,-0.05756,-0.03172,100.0,55.78,54.029,43.682,50.706,29.099,40.756,23.083,45.015,63.645,15.724,0.0,30.01,65.711,58.002,41.487,37.616,57.696,24.976,2020-07-10,2019-10-25,1999-01-01,2020-03-20,2019-08-14,1999-01-01,259,7602,0,219,7530,0,2020-06-22,2020-04-17,2019-12-23,2020-05-15,2020-02-21,2019-11-27,2020-09-11,2020-09-04,2020-08-28,2020-09-14,2020-09-10,2020-09-03,2020-06-29,2020-05-04,2019-12-26,2020-09-08,2020-05-15,2020-03-05,1,0,0,0,1,0,0,0,0,1,1,0,0,1,0,1,1,0,0,0,0,1,0,0,0,1,0,1,1,0,,,,,,,,p2n,,Life.BearRecovery,Life.BearEnd,Life.Bull,Life.BullEnd,Life.BearStart,,
2020-09-15,0.72661,,,,,0.78053,0.78549,0.76712,0.77439,0.76016,0.78149,-0.02133,-0.01675,-0.01678,-0.00458,,,-6.41,7.65,-7.1,2.21,-0.58,6.37,-7.89,0.59,8.0,8.0,17.0,11.0,5.0,15.0,21.0,6.0,0.005,0.0,0.00426,-0.01025,0.41533,29.34515,37.96491,,,-8.27085,23.1685,20.65854,,,46.88869,31.17806,33.75359,33.78581,,,0.02743,0.02944,,,0.1837,0.1837,0.1837,0.0,0.0,0.0,0,0,0,,,,,0.15,,,,0.799,0.851,0.892,0.796,0.847,0.596,2020-08-26,2020-08-03,2020-07-10,2020-08-19,2020-07-28,2020-05-19,-9.06,0.38,-6.46,0.47,-5.04,49.66,13.0,4.0,12.0,3.0,12.0,33.0,-1.0,0.0,-1.0,0.0,-0.0,2.0,0.744,0.789,0.814,0.735,0.73,0.774,2020-09-11,2020-09-04,2020-08-28,2020-09-14,2020-09-10,2020-09-03,0.035,0.028,0.025,0.025,0.02,0.024,2020-07-29,2020-04-14,2019-11-20,2020-05-27,2020-02-12,2019-10-07,356200.0,258300.0,354700.0,-30.22,-39.05,-45.54,0.039,0.021,0.0,-0.04,-0.034,100.0,0.05598,0.03063,0.0,-0.05756,-0.03172,100.0,55.78,54.029,43.682,50.706,29.099,40.756,23.083,45.015,63.645,15.724,0.0,30.01,65.711,58.002,41.487,37.616,57.696,24.976,2020-07-10,2019-10-25,1999-01-01,2020-03-20,2019-08-14,1999-01-01,259,7602,0,219,7530,0,2020-06-22,2020-04-17,2019-12-23,2020-05-15,2020-02-21,2019-11-27,2020-09-11,2020-09-04,2020-08-28,2020-09-14,2020-09-10,2020-09-03,2020-06-29,2020-05-04,2019-12-26,2020-09-08,2020-05-15,2020-03-05,1,0,0,0,1,0,0,0,0,1,1,0,0,1,0,1,1,0,0,0,0,1,0,0,0,1,0,1,1,0,,,,,,,p2n,,,Life.BearRecovery,Life.BearEnd,Life.Bull,Life.BullEnd,Life.BearStart,,
2020-09-17,0.71804,,,,0.74,0.77741,0.78371,0.76658,0.77405,0.75706,0.77842,-0.02136,-0.01767,-0.0172,-0.00369,,,-5.3,7.65,-7.1,2.21,-0.58,6.37,-7.89,0.59,6.0,8.0,17.0,11.0,5.0,15.0,21.0,6.0,0.0,0.0,0.00426,-0.00954,0.44611,30.84886,38.08663,,,-6.76714,24.28023,21.05766,,24.28,53.83877,42.1245,33.72524,33.75474,,,0.02654,0.02935,,,0.1713,0.1713,0.1713,0.0,0.0,0.0,0,0,0,,,,,0.15,,,,0.799,0.851,0.892,0.796,0.847,0.596,2020-08-26,2020-08-03,2020-07-10,2020-08-19,2020-07-28,2020-05-19,-10.13,0.38,-6.46,0.47,-5.04,49.66,14.0,4.0,12.0,3.0,12.0,33.0,-1.0,0.0,-1.0,0.0,-0.0,2.0,0.74,0.744,0.789,0.735,0.73,0.774,2020-09-17,2020-09-11,2020-09-04,2020-09-14,2020-09-10,2020-09-03,0.035,0.028,0.025,0.025,0.02,0.024,2020-07-29,2020-04-14,2019-11-20,2020-05-27,2020-02-12,2019-10-07,258300.0,354700.0,389000.0,-39.05,-45.54,3.38,0.039,0.021,0.0,-0.04,-0.034,100.0,0.05598,0.03063,0.0,-0.05756,-0.03172,100.0,55.78,54.029,43.682,50.706,29.099,40.756,24.28,23.083,45.015,15.724,0.0,30.01,65.711,58.002,41.487,37.616,57.696,24.976,2020-07-10,2019-10-25,1999-01-01,2020-03-20,2019-08-14,1999-01-01,259,7602,0,219,7530,0,2020-06-22,2020-04-17,2019-12-23,2020-05-15,2020-02-21,2019-11-27,2020-09-17,2020-09-11,2020-09-04,2020-09-14,2020-09-10,2020-09-03,2020-06-29,2020-05-04,2019-12-26,2020-09-08,2020-05-15,2020-03-05,1,0,0,0,1,0,0,0,0,1,1,0,0,1,0,1,0,0,0,0,0,1,0,0,0,1,0,1,1,0,389000,,,,,p2n,,,n2p,Life.BearRecovery,Life.BearEnd,Life.Bull,Life.BullEnd,Life.BearStart,,
2020-09-18,0.70867,,,,,0.77222,0.78082,0.76546,0.77341,0.74982,0.77335,-0.02353,-0.01884,-0.01755,-0.00469,,,-4.05,7.65,-7.1,2.21,-0.58,6.37,-7.89,0.59,5.0,8.0,17.0,11.0,5.0,15.0,21.0,6.0,-0.0,-0.03,0.00426,-0.00991,0.42939,30.04032,38.22481,,,-7.57568,4.38982,17.27951,,,46.18901,48.97216,33.70465,33.72783,,,0.02715,0.02927,,,0.1536,0.1536,0.1536,0.0,0.0,0.0,0,0,0,,,,,0.15,,,,0.799,0.851,0.892,0.796,0.847,0.596,2020-08-26,2020-08-03,2020-07-10,2020-08-19,2020-07-28,2020-05-19,-11.31,0.38,-6.46,0.47,-5.04,49.66,15.0,4.0,12.0,3.0,12.0,33.0,-1.0,0.0,-1.0,0.0,-0.0,2.0,0.74,0.744,0.789,0.735,0.73,0.774,2020-09-17,2020-09-11,2020-09-04,2020-09-14,2020-09-10,2020-09-03,0.035,0.028,0.025,0.025,0.02,0.024,2020-07-29,2020-04-14,2019-11-20,2020-05-27,2020-02-12,2019-10-07,354700.0,389000.0,3887700.0,-45.54,3.38,362.22,0.039,0.021,0.0,-0.04,-0.034,100.0,0.05598,0.03063,0.0,-0.05756,-0.03172,100.0,55.78,54.029,43.682,50.706,29.099,40.756,24.28,23.083,45.015,15.724,0.0,30.01,65.711,58.002,41.487,37.616,57.696,24.976,2020-07-10,2019-10-25,1999-01-01,2020-03-20,2019-08-14,1999-01-01,259,7602,0,219,7530,0,2020-06-22,2020-04-17,2019-12-23,2020-05-15,2020-02-21,2019-11-27,2020-09-17,2020-09-11,2020-09-04,2020-09-14,2020-09-10,2020-09-03,2020-06-29,2020-05-04,2019-12-26,2020-09-08,2020-05-15,2020-03-05,1,0,0,0,1,0,0,0,0,1,1,0,0,1,0,1,0,0,0,0,0,1,0,0,0,1,0,1,1,0,,-3887700,,,p2n,,,n2p,p2p,Life.BearRecovery,Life.BearEnd,Life.Bull,Life.BullEnd,Life.BearStart,,
2020-09-21,0.69903,,,,,0.76667,0.77765,0.76417,0.77268,0.74216,0.76792,-0.02576,-0.02023,-0.01785,-0.00553,,,-2.72,7.65,-7.1,2.21,-0.58,6.37,-7.89,0.59,4.0,8.0,17.0,11.0,5.0,15.0,21.0,6.0,-0.0,-0.01,0.00249,-0.01063,0.23387,18.95425,38.38009,,,-18.66175,4.03551,10.90185,4.036,,27.97666,42.66815,33.69752,33.70913,33.698,,0.02628,0.02919,,,0.1348,0.1348,0.1348,0.0,0.0,0.0,0,0,0,,,,,0.15,,,,0.799,0.851,0.892,0.796,0.847,0.596,2020-08-26,2020-08-03,2020-07-10,2020-08-19,2020-07-28,2020-05-19,-12.51,0.38,-6.46,0.47,-5.04,49.66,16.0,4.0,12.0,3.0,12.0,33.0,-1.0,0.0,-1.0,0.0,-0.0,2.0,0.74,0.744,0.789,0.735,0.73,0.774,2020-09-17,2020-09-11,2020-09-04,2020-09-14,2020-09-10,2020-09-03,0.035,0.028,0.025,0.025,0.02,0.024,2020-07-29,2020-04-14,2019-11-20,2020-05-27,2020-02-12,2019-10-07,389000.0,3887700.0,1044300.0,3.38,362.22,14.89,0.039,0.021,0.0,-0.04,-0.034,100.0,0.05598,0.03063,0.0,-0.05756,-0.03172,100.0,55.78,54.029,43.682,33.698,50.706,29.099,24.28,23.083,45.015,4.036,15.724,0.0,65.711,58.002,41.487,37.616,57.696,24.976,2020-07-10,2019-10-25,1999-01-01,2020-03-20,2019-08-14,1999-01-01,259,7602,0,219,7530,0,2020-06-22,2020-04-17,2019-12-23,2020-09-21,2020-05-15,2020-02-21,2020-09-17,2020-09-11,2020-09-04,2020-09-21,2020-09-14,2020-09-10,2020-06-29,2020-05-04,2019-12-26,2020-09-08,2020-05-15,2020-03-05,1,0,0,0,1,0,0,0,0,1,1,0,0,1,0,0,0,0,0,0,0,1,0,0,0,1,0,1,1,0,,,,,,,n2p,p2p,,Life.BearRecovery,Life.BearEnd,Life.Bull,Life.BullEnd,Life.BearStart,,
2020-09-22,0.69017,,,,,0.76039,0.77402,0.7626,0.77181,0.73336,0.76178,-0.02841,-0.02187,-0.01808,-0.00655,,,-1.47,7.65,-7.1,2.21,-0.58,6.37,-7.89,0.59,3.0,8.0,17.0,11.0,5.0,15.0,21.0,6.0,-0.0,-0.015,0.00249,-0.00993,0.25036,20.02301,38.5521,,,-17.59299,4.38212,4.26915,,,9.11496,27.76021,33.70882,33.70366,,,0.02583,0.02911,,,0.1142,0.1363,0.1363,0.0221,0.0221,0.0,0,0,0,,,,,0.15,,,,0.799,0.851,0.892,0.796,0.847,0.596,2020-08-26,2020-08-03,2020-07-10,2020-08-19,2020-07-28,2020-05-19,-13.62,0.38,-6.46,0.47,-5.04,49.66,17.0,4.0,12.0,3.0,12.0,33.0,-1.0,0.0,-1.0,0.0,-0.0,2.0,0.74,0.744,0.789,0.735,0.73,0.774,2020-09-17,2020-09-11,2020-09-04,2020-09-14,2020-09-10,2020-09-03,0.035,0.028,0.025,0.025,0.02,0.024,2020-07-29,2020-04-14,2019-11-20,2020-05-27,2020-02-12,2019-10-07,3887700.0,1044300.0,1568300.0,362.22,14.89,22.16,0.039,0.021,0.0,-0.04,-0.034,100.0,0.05598,0.03063,0.0,-0.05756,-0.03172,100.0,55.78,54.029,43.682,33.698,50.706,29.099,24.28,23.083,45.015,4.036,15.724,0.0,65.711,58.002,41.487,37.616,57.696,24.976,2020-07-10,2019-10-25,1999-01-01,2020-03-20,2019-08-14,1999-01-01,259,7602,0,219,7530,0,2020-06-22,2020-04-17,2019-12-23,2020-09-21,2020-05-15,2020-02-21,2020-09-17,2020-09-11,2020-09-04,2020-09-21,2020-09-14,2020-09-10,2020-06-29,2020-05-04,2019-12-26,2020-09-08,2020-05-15,2020-03-05,1,0,0,0,1,0,0,0,0,1,1,0,0,1,0,0,0,0,0,0,0,1,0,0,0,1,0,1,1,0,,,,,,n2p,p2p,,,Life.BearRecovery,Life.BearEnd,Life.Bull,Life.BullEnd,Life.BearStart,,
2020-09-23,0.68326,,,,,0.75382,0.77013,0.76086,0.77085,0.72438,0.75535,-0.03096,-0.02368,-0.01826,-0.00728,,,-0.48,7.65,-7.1,2.21,-0.58,6.37,-7.89,0.59,2.0,8.0,17.0,11.0,5.0,15.0,21.0,6.0,-0.0,-0.01,0.00249,-0.01029,0.24167,19.46309,38.73977,,,-18.15291,8.05153,5.48972,,8.052,9.57792,15.55651,33.74131,33.71588,,,0.02577,0.02904,,,-0.0999,0.1631,-0.1703,-0.0704,0.263,-0.3334,0,0,1,,,,,,-0.15,,,0.799,0.851,0.892,0.796,0.847,0.596,2020-08-26,2020-08-03,2020-07-10,2020-08-19,2020-07-28,2020-05-19,-14.49,0.38,-6.46,0.47,-5.04,49.66,18.0,4.0,12.0,3.0,12.0,33.0,-1.0,0.0,-1.0,0.0,-0.0,2.0,0.74,0.744,0.789,0.735,0.73,0.774,2020-09-17,2020-09-11,2020-09-04,2020-09-14,2020-09-10,2020-09-03,0.035,0.028,0.025,0.025,0.02,0.024,2020-07-29,2020-04-14,2019-11-20,2020-05-27,2020-02-12,2019-10-07,1044300.0,1568300.0,1246800.0,14.89,22.16,-40.63,0.039,0.021,0.0,-0.04,-0.034,100.0,0.05598,0.03063,0.0,-0.05756,-0.03172,100.0,55.78,54.029,43.682,33.698,50.706,29.099,8.052,24.28,23.083,4.036,15.724,0.0,65.711,58.002,41.487,37.616,57.696,24.976,2020-07-10,2019-10-25,1999-01-01,2020-03-20,2019-08-14,1999-01-01,259,7602,0,219,7530,0,2020-06-22,2020-04-17,2019-12-23,2020-09-21,2020-05-15,2020-02-21,2020-09-23,2020-09-17,2020-09-11,2020-09-21,2020-09-14,2020-09-10,2020-06-29,2020-05-04,2019-12-26,2020-09-08,2020-05-15,2020-03-05,1,0,0,0,1,0,0,0,0,1,1,0,0,1,0,0,1,0,0,0,0,1,0,0,0,1,0,1,1,0,,,-1246800,,n2p,p2p,,,p2n,Life.BearEnd,Life.Bull,Life.BullEnd,Life.BearStart,Life.Bear,,
2020-09-24,0.67952,,,,,0.74622,0.76562,0.75877,0.76969,0.71371,0.74791,-0.03421,-0.02579,-0.01838,-0.00842,,,0.07,7.65,-7.1,2.21,-0.58,6.37,-7.89,0.59,1.0,8.0,17.0,11.0,5.0,15.0,21.0,6.0,-0.0,-0.02,0.00249,-0.01101,0.22583,18.42245,38.94192,,,-19.19355,0.0,4.14455,,,6.54762,8.4135,33.79695,33.74902,,,0.02572,0.02896,,,-0.1092,0.194,-0.2347,-0.1255,0.3032,-0.4287,0,0,1,,,,,,-0.15,,,0.799,0.851,0.892,0.796,0.847,0.596,2020-08-26,2020-08-03,2020-07-10,2020-08-19,2020-07-28,2020-05-19,-14.95,0.38,-6.46,0.47,-5.04,49.66,19.0,4.0,12.0,3.0,12.0,33.0,-1.0,0.0,-1.0,0.0,-0.0,2.0,0.74,0.744,0.789,0.735,0.73,0.774,2020-09-17,2020-09-11,2020-09-04,2020-09-14,2020-09-10,2020-09-03,0.035,0.028,0.025,0.025,0.02,0.024,2020-07-29,2020-04-14,2019-11-20,2020-05-27,2020-02-12,2019-10-07,1568300.0,1246800.0,3018200.0,22.16,-40.63,51.15,0.039,0.021,0.0,-0.04,-0.034,100.0,0.05598,0.03063,0.0,-0.05756,-0.03172,100.0,55.78,54.029,43.682,33.698,50.706,29.099,8.052,24.28,23.083,4.036,15.724,0.0,65.711,58.002,41.487,37.616,57.696,24.976,2020-07-10,2019-10-25,1999-01-01,2020-03-20,2019-08-14,1999-01-01,259,7602,0,219,7530,0,2020-06-22,2020-04-17,2019-12-23,2020-09-21,2020-05-15,2020-02-21,2020-09-23,2020-09-17,2020-09-11,2020-09-21,2020-09-14,2020-09-10,2020-06-29,2020-05-04,2019-12-26,2020-09-08,2020-05-15,2020-03-05,1,0,0,0,1,0,0,0,0,1,1,0,0,1,0,0,1,0,0,0,0,1,0,0,0,1,0,1,1,0,-3018200,,,,p2p,,,p2n,n2p,Life.BearEnd,Life.Bull,Life.BullEnd,Life.BearStart,Life.Bear,,
2020-09-25,0.67962,0.68,,,,0.73881,0.76108,0.75661,0.7685,0.70391,0.74066,-0.03675,-0.02798,-0.01845,-0.00877,,,7.71,-7.1,2.21,-0.58,6.37,-7.89,0.59,-0.59,8.0,17.0,11.0,5.0,15.0,21.0,6.0,7.0,-0.0,-0.005,0.00142,-0.01136,0.12508,11.11732,39.15797,,,-26.49868,0.0,2.68384,0.0,,4.16667,6.76407,33.87762,33.80529,,,0.02495,0.02889,,,-0.1189,0.2227,-0.2969,-0.178,0.3416,-0.5196,0,0,1,,,,,,-0.15,,,0.799,0.851,0.892,0.68,0.796,0.847,2020-08-26,2020-08-03,2020-07-10,2020-09-25,2020-08-19,2020-07-28,0.0,-14.89,0.38,-6.46,0.47,-5.04,0.0,20.0,4.0,12.0,3.0,12.0,0.0,-1.0,0.0,-1.0,0.0,-0.0,0.74,0.744,0.789,0.735,0.73,0.774,2020-09-17,2020-09-11,2020-09-04,2020-09-14,2020-09-10,2020-09-03,0.035,0.028,0.025,0.025,0.02,0.024,2020-07-29,2020-04-14,2019-11-20,2020-05-27,2020-02-12,2019-10-07,1246800.0,3018200.0,2235100.0,-40.63,51.15,11.43,0.039,0.021,0.0,-0.04,-0.034,100.0,0.05598,0.03063,0.0,-0.05756,-0.03172,100.0,55.78,54.029,43.682,33.698,50.706,29.099,8.052,24.28,23.083,0.0,4.036,15.724,65.711,58.002,41.487,37.616,57.696,24.976,2020-07-10,2019-10-25,1999-01-01,2020-03-20,2019-08-14,1999-01-01,259,7602,0,219,7530,0,2020-06-22,2020-04-17,2019-12-23,2020-09-21,2020-05-15,2020-02-21,2020-09-23,2020-09-17,2020-09-11,2020-09-25,2020-09-21,2020-09-14,2020-06-29,2020-05-04,2019-12-26,2020-09-08,2020-05-15,2020-03-05,1,0,1,0,1,0,0,0,0,1,1,0,0,1,0,0,1,0,1,0,0,1,0,0,0,1,0,1,1,0,,,,,,,p2n,n2p,,Life.BearEnd,Life.Bull,Life.BullEnd,Life.BearStart,Life.Bear,,
2020-09-28,0.68362,,,0.64,,0.73121,0.75634,0.75431,0.76722,0.69408,0.73321,-0.03913,-0.03021,-0.01846,-0.00892,,,7.08,-7.1,2.21,-0.58,6.37,-7.89,0.59,-0.59,7.0,17.0,11.0,5.0,15.0,21.0,6.0,7.0,-0.0,-0.01,0.00142,-0.01031,0.13791,12.11937,39.38745,,,-25.49663,3.58938,1.19646,,,2.5641,4.42613,33.98421,33.88626,,,0.0246,0.02881,,,-0.1291,0.2513,-0.3601,-0.231,0.3804,-0.6114,0,0,1,,,,,,-0.15,,,0.799,0.851,0.892,0.68,0.796,0.847,2020-08-26,2020-08-03,2020-07-10,2020-09-25,2020-08-19,2020-07-28,0.53,-14.89,0.38,-6.46,0.47,-5.04,1.0,20.0,4.0,12.0,3.0,12.0,1.0,-1.0,0.0,-1.0,0.0,-0.0,0.74,0.744,0.789,0.64,0.735,0.73,2020-09-17,2020-09-11,2020-09-04,2020-09-28,2020-09-14,2020-09-10,0.035,0.028,0.025,0.025,0.02,0.024,2020-07-29,2020-04-14,2019-11-20,2020-05-27,2020-02-12,2019-10-07,3018200.0,2235100.0,3180200.0,51.15,11.43,29.74,0.039,0.021,0.0,-0.04,-0.034,100.0,0.05598,0.03063,0.0,-0.05756,-0.03172,100.0,55.78,54.029,43.682,33.698,50.706,29.099,8.052,24.28,23.083,0.0,4.036,15.724,65.711,58.002,41.487,37.616,57.696,24.976,2020-07-10,2019-10-25,1999-01-01,2020-03-20,2019-08-14,1999-01-01,259,7602,0,219,7530,0,2020-06-22,2020-04-17,2019-12-23,2020-09-21,2020-05-15,2020-02-21,2020-09-23,2020-09-17,2020-09-11,2020-09-25,2020-09-21,2020-09-14,2020-06-29,2020-05-04,2019-12-26,2020-09-08,2020-05-15,2020-03-05,1,0,1,0,1,0,1,0,0,1,1,0,0,1,0,0,1,0,1,0,0,1,0,0,0,1,0,1,1,0,,,,,,p2n,n2p,,,Life.BearEnd,Life.Bull,Life.BullEnd,Life.BearStart,Life.Bear,,
2020-09-29,0.69092,,,,,0.72535,0.75236,0.75234,0.76611,0.68806,0.72741,-0.03935,-0.03204,-0.01843,-0.00731,,,5.95,-7.1,2.21,-0.58,6.37,-7.89,0.59,-0.59,6.0,17.0,11.0,5.0,15.0,21.0,6.0,7.0,0.015,0.0,0.00249,-0.01031,0.24186,19.47545,39.62962,,,-18.14055,16.75042,6.77993,,,14.68531,7.13869,34.11554,33.99246,,,0.02606,0.02873,,,-0.1377,0.2701,-0.4076,-0.2699,0.4078,-0.6777,0,0,1,,,,,,-0.15,,,0.799,0.851,0.892,0.68,0.796,0.847,2020-08-26,2020-08-03,2020-07-10,2020-09-25,2020-08-19,2020-07-28,1.61,-14.89,0.38,-6.46,0.47,-5.04,2.0,20.0,4.0,12.0,3.0,12.0,1.0,-1.0,0.0,-1.0,0.0,-0.0,0.74,0.744,0.789,0.64,0.735,0.73,2020-09-17,2020-09-11,2020-09-04,2020-09-28,2020-09-14,2020-09-10,0.035,0.028,0.025,0.025,0.02,0.024,2020-07-29,2020-04-14,2019-11-20,2020-05-27,2020-02-12,2019-10-07,2235100.0,3180200.0,2303800.0,11.43,29.74,-8.47,0.039,0.021,0.0,-0.04,-0.034,100.0,0.05598,0.03063,0.0,-0.05756,-0.03172,100.0,55.78,54.029,43.682,33.698,50.706,29.099,8.052,24.28,23.083,0.0,4.036,15.724,65.711,58.002,41.487,37.616,57.696,24.976,2020-07-10,2019-10-25,1999-01-01,2020-03-20,2019-08-14,1999-01-01,259,7602,0,219,7530,0,2020-06-22,2020-04-17,2019-12-23,2020-09-21,2020-05-15,2020-02-21,2020-09-23,2020-09-17,2020-09-11,2020-09-25,2020-09-21,2020-09-14,2020-06-29,2020-05-04,2019-12-26,2020-09-08,2020-05-15,2020-03-05,1,0,1,0,1,0,1,0,0,1,1,0,0,1,0,0,1,0,1,0,0,1,0,0,0,1,0,1,1,0,,,,,p2n,n2p,,,,Life.BearEnd,Life.Bull,Life.BullEnd,Life.BearStart,Life.Bear,,
2020-09-30,0.70031,,,,,0.72417,0.7507,0.7515,0.76555,0.69144,0.72612,-0.03468,-0.03257,-0.01836,-0.00212,,,4.52,-7.1,2.21,-0.58,6.37,-7.89,0.59,-0.59,5.0,17.0,11.0,5.0,15.0,21.0,6.0,7.0,0.055,0.0,0.00642,-0.00924,0.69474,40.99407,39.88379,,,3.37807,62.81407,27.71795,,,41.0011,19.41684,34.26901,34.12292,,,0.02955,0.02865,,,-0.1485,-0.2733,-0.4138,-0.2653,-0.1248,-0.1405,0,0,0,,,,,,-0.15,,,0.799,0.851,0.892,0.68,0.796,0.847,2020-08-26,2020-08-03,2020-07-10,2020-09-25,2020-08-19,2020-07-28,2.99,-14.89,0.38,-6.46,0.47,-5.04,3.0,20.0,4.0,12.0,3.0,12.0,1.0,-1.0,0.0,-1.0,0.0,-0.0,0.74,0.744,0.789,0.64,0.735,0.73,2020-09-17,2020-09-11,2020-09-04,2020-09-28,2020-09-14,2020-09-10,0.035,0.028,0.025,0.025,0.02,0.024,2020-07-29,2020-04-14,2019-11-20,2020-05-27,2020-02-12,2019-10-07,3180200.0,2303800.0,5377000.0,29.74,-8.47,40.7,0.039,0.021,0.0,-0.04,-0.034,100.0,0.05598,0.03063,0.0,-0.05756,-0.03172,100.0,55.78,54.029,43.682,33.698,50.706,29.099,8.052,24.28,23.083,0.0,4.036,15.724,65.711,58.002,41.487,37.616,57.696,24.976,2020-07-10,2019-10-25,1999-01-01,2020-03-20,2019-08-14,1999-01-01,259,7602,0,219,7530,0,2020-06-22,2020-04-17,2019-12-23,2020-09-21,2020-05-15,2020-02-21,2020-09-23,2020-09-17,2020-09-11,2020-09-25,2020-09-21,2020-09-14,2020-06-29,2020-05-04,2019-12-26,2020-09-08,2020-05-15,2020-03-05,1,0,1,0,1,0,1,0,0,1,1,0,0,1,0,0,1,0,1,0,0,1,0,0,0,1,0,1,1,0,5377000,,,,n2p,,,,n2p,Life.BearEnd,Life.Bull,Life.BullEnd,Life.BearStart,Life.Bear,,
2020-10-01,0.71033,,,,,0.72462,0.74989,0.75107,0.76519,0.69737,0.72641,-0.02904,-0.03186,-0.01824,0.00282,,,3.05,-7.1,2.21,-0.58,6.37,-7.89,0.59,-0.59,4.0,17.0,11.0,5.0,15.0,21.0,6.0,7.0,0.02,0.0,0.00785,-0.00782,1.00365,50.09116,40.15016,,,12.47516,79.16667,52.91039,,,64.82589,40.17077,34.4437,34.27608,,,0.03065,0.02856,,,-0.153,-0.2645,-0.4057,-0.2527,-0.1115,-0.1412,1,0,0,,,,,,-0.15,,,0.799,0.851,0.892,0.68,0.796,0.847,2020-08-26,2020-08-03,2020-07-10,2020-09-25,2020-08-19,2020-07-28,4.46,-14.89,0.38,-6.46,0.47,-5.04,4.0,20.0,4.0,12.0,3.0,12.0,1.0,-1.0,0.0,-1.0,0.0,-0.0,0.74,0.744,0.789,0.64,0.735,0.73,2020-09-17,2020-09-11,2020-09-04,2020-09-28,2020-09-14,2020-09-10,0.035,0.028,0.025,0.025,0.02,0.024,2020-07-29,2020-04-14,2019-11-20,2020-05-27,2020-02-12,2019-10-07,2303800.0,5377000.0,4858600.0,-8.47,40.7,15.45,0.039,0.021,0.0,-0.04,-0.034,100.0,0.05598,0.03063,0.0,-0.05756,-0.03172,100.0,55.78,54.029,43.682,33.698,50.706,29.099,8.052,24.28,23.083,0.0,4.036,15.724,65.711,58.002,41.487,37.616,57.696,24.976,2020-07-10,2019-10-25,1999-01-01,2020-03-20,2019-08-14,1999-01-01,259,7602,0,219,7530,0,2020-06-22,2020-04-17,2019-12-23,2020-09-21,2020-05-15,2020-02-21,2020-09-23,2020-09-17,2020-09-11,2020-09-25,2020-09-21,2020-09-14,2020-06-29,2020-05-04,2019-12-26,2020-09-08,2020-05-15,2020-03-05,1,0,1,0,1,0,1,0,0,1,1,0,0,1,0,0,1,0,1,0,0,1,0,0,0,1,0,1,1,0,,,,,,,,n2p,,Life.BearEnd,Life.Bull,Life.BullEnd,Life.BearStart,Life.Bear,,
2020-10-02,0.71948,,,,,0.72657,0.74989,0.75105,0.76504,0.70547,0.72816,-0.02269,-0.03003,-0.01808,0.00734,,,1.74,-7.1,2.21,-0.58,6.37,-7.89,0.59,-0.59,3.0,17.0,11.0,5.0,15.0,21.0,6.0,7.0,0.02,0.0,0.00821,-0.00782,1.05023,51.22494,40.42883,,,13.60894,95.83333,79.27136,,95.833,84.64912,63.49204,34.64135,34.45135,,,0.03168,0.02847,,,-0.1515,-0.2448,-0.3847,-0.2332,-0.0933,-0.1399,1,0,1,,,,,,-0.15,,,0.799,0.851,0.892,0.68,0.796,0.847,2020-08-26,2020-08-03,2020-07-10,2020-09-25,2020-08-19,2020-07-28,5.81,-14.89,0.38,-6.46,0.47,-5.04,5.0,20.0,4.0,12.0,3.0,12.0,1.0,-1.0,0.0,-1.0,0.0,-0.0,0.74,0.744,0.789,0.64,0.735,0.73,2020-09-17,2020-09-11,2020-09-04,2020-09-28,2020-09-14,2020-09-10,0.035,0.028,0.025,0.025,0.02,0.024,2020-07-29,2020-04-14,2019-11-20,2020-05-27,2020-02-12,2019-10-07,5377000.0,4858600.0,6087700.0,40.7,15.45,30.18,0.039,0.021,0.0,-0.04,-0.034,100.0,0.05598,0.03063,0.0,-0.05756,-0.03172,100.0,55.78,54.029,43.682,33.698,50.706,29.099,95.833,8.052,24.28,0.0,4.036,15.724,65.711,58.002,41.487,37.616,57.696,24.976,2020-07-10,2019-10-25,1999-01-01,2020-03-20,2019-08-14,1999-01-01,259,7602,0,219,7530,0,2020-06-22,2020-04-17,2019-12-23,2020-09-21,2020-05-15,2020-02-21,2020-10-02,2020-09-23,2020-09-17,2020-09-25,2020-09-21,2020-09-14,2020-06-29,2020-05-04,2019-12-26,2020-09-08,2020-05-15,2020-03-05,1,0,1,0,1,0,1,0,0,1,1,0,0,1,0,0,0,1,1,0,0,1,0,0,0,1,0,1,1,0,,,,,,,n2p,,,Life.BearEnd,Life.Bull,Life.BullEnd,Life.BearStart,Life.Bear,,
2020-10-05,0.7265,,,,0.76,0.72914,0.75029,0.75123,0.76499,0.71386,0.73052,-0.01666,-0.02735,-0.01788,0.0107,,,0.76,-7.1,2.21,-0.58,6.37,-7.89,0.59,-0.59,2.0,17.0,11.0,5.0,15.0,21.0,6.0,7.0,0.01,0.0,0.00893,-0.00714,1.25,55.55556,40.71986,,,17.93956,83.33333,86.11111,,,85.71429,78.39643,34.86531,34.65012,,,0.03192,0.02836,,,-0.147,-0.2209,-0.3585,-0.2115,-0.0739,-0.1376,1,1,1,,,,,,,-0.15,,0.799,0.851,0.892,0.68,0.796,0.847,2020-08-26,2020-08-03,2020-07-10,2020-09-25,2020-08-19,2020-07-28,6.84,-14.89,0.38,-6.46,0.47,-5.04,6.0,20.0,4.0,12.0,3.0,12.0,1.0,-1.0,0.0,-1.0,0.0,-0.0,0.76,0.74,0.744,0.64,0.735,0.73,2020-10-05,2020-09-17,2020-09-11,2020-09-28,2020-09-14,2020-09-10,0.035,0.028,0.025,0.025,0.02,0.024,2020-07-29,2020-04-14,2019-11-20,2020-05-27,2020-02-12,2019-10-07,4858600.0,6087700.0,2169400.0,15.45,30.18,-19.65,0.039,0.021,0.0,-0.04,-0.034,100.0,0.05598,0.03063,0.0,-0.05756,-0.03172,100.0,55.78,54.029,43.682,33.698,50.706,29.099,95.833,8.052,24.28,0.0,4.036,15.724,65.711,58.002,41.487,37.616,57.696,24.976,2020-07-10,2019-10-25,1999-01-01,2020-03-20,2019-08-14,1999-01-01,259,7602,0,219,7530,0,2020-06-22,2020-04-17,2019-12-23,2020-09-21,2020-05-15,2020-02-21,2020-10-02,2020-09-23,2020-09-17,2020-09-25,2020-09-21,2020-09-14,2020-06-29,2020-05-04,2019-12-26,2020-09-08,2020-05-15,2020-03-05,1,0,1,0,0,1,1,0,0,1,1,0,0,1,0,0,0,1,1,0,0,1,0,0,0,1,0,1,1,0,,,2169400,,,n2p,,,p2n,Life.Bull,Life.BullEnd,Life.BearStart,Life.Bear,Life.BearRecovery,,
2020-10-06,0.73065,,,0.74,,0.72998,0.74989,0.75101,0.76474,0.71788,0.73122,-0.01334,-0.02455,-0.01765,0.01121,-0.018,,0.18,-7.1,2.21,-0.58,6.37,-7.89,0.59,-0.59,1.0,17.0,11.0,5.0,15.0,21.0,6.0,7.0,-0.0,-0.02,0.00857,-0.00857,1.0,50.0,41.02312,,,12.384,70.0,83.05556,70.0,,81.12027,83.82789,35.11774,34.8748,,,0.03285,0.02826,,,-0.1485,-0.2103,-0.3476,-0.1991,-0.0618,-0.1373,1,1,1,,,,,,,-0.15,,0.799,0.851,0.892,0.68,0.796,0.847,2020-08-26,2020-08-03,2020-07-10,2020-09-25,2020-08-19,2020-07-28,7.45,-14.89,0.38,-6.46,0.47,-5.04,7.0,20.0,4.0,12.0,3.0,12.0,1.0,-1.0,0.0,-1.0,0.0,-0.0,0.76,0.74,0.744,0.74,0.64,0.735,2020-10-05,2020-09-17,2020-09-11,2020-10-06,2020-09-28,2020-09-14,0.035,0.028,0.025,0.025,0.02,0.024,2020-07-29,2020-04-14,2019-11-20,2020-05-27,2020-02-12,2019-10-07,6087700.0,2169400.0,1950800.0,30.18,-19.65,-22.17,0.039,0.021,0.0,-0.018,-0.04,-0.034,0.05598,0.03063,0.0,-0.02455,-0.05756,-0.03172,55.78,54.029,43.682,33.698,50.706,29.099,95.833,8.052,24.28,70.0,0.0,4.036,65.711,58.002,41.487,37.616,57.696,24.976,2020-07-10,2019-10-25,1999-01-01,2020-10-06,2020-03-20,2019-08-14,259,7602,0,200,219,7530,2020-06-22,2020-04-17,2019-12-23,2020-09-21,2020-05-15,2020-02-21,2020-10-02,2020-09-23,2020-09-17,2020-10-06,2020-09-25,2020-09-21,2020-06-29,2020-05-04,2019-12-26,2020-09-08,2020-05-15,2020-03-05,1,0,1,0,0,1,0,1,0,1,0,1,0,1,0,0,0,1,0,1,0,1,0,0,0,1,0,1,1,0,,,,,n2p,,,p2n,,Life.Bull,Life.BullEnd,Life.BearStart,Life.Bear,Life.BearRecovery,,
2020-10-07,0.73178,,0.732,,0.75,0.73152,0.74989,0.75099,0.7646,0.72282,0.73261,-0.00979,-0.0216,-0.01739,0.01181,,,-7.08,2.21,-0.58,6.37,-7.89,0.59,-0.59,11.52,17.0,11.0,5.0,15.0,21.0,6.0,7.0,28.0,0.01,0.0,0.00929,-0.00857,1.08333,52.0,41.33763,,,14.384,76.66667,76.66667,,76.667,66.9536,77.92939,35.39897,35.12734,,,0.03336,0.02814,,,-0.1471,-0.1947,-0.3308,-0.1837,-0.0476,-0.1361,1,1,1,,,,,,,-0.15,,0.732,0.799,0.851,0.68,0.796,0.847,2020-10-07,2020-08-26,2020-08-03,2020-09-25,2020-08-19,2020-07-28,0.0,7.65,-14.89,0.38,-6.46,0.47,0.0,8.0,20.0,4.0,12.0,3.0,0.0,1.0,-1.0,0.0,-1.0,0.0,0.75,0.76,0.74,0.74,0.64,0.735,2020-10-07,2020-10-05,2020-09-17,2020-10-06,2020-09-28,2020-09-14,0.035,0.028,0.025,0.025,0.02,0.024,2020-07-29,2020-04-14,2019-11-20,2020-05-27,2020-02-12,2019-10-07,2169400.0,1950800.0,676100.0,-19.65,-22.17,-53.01,0.039,0.021,0.0,-0.018,-0.04,-0.034,0.05598,0.03063,0.0,-0.02455,-0.05756,-0.03172,55.78,54.029,43.682,33.698,50.706,29.099,76.667,95.833,8.052,70.0,0.0,4.036,65.711,58.002,41.487,37.616,57.696,24.976,2020-07-10,2019-10-25,1999-01-01,2020-10-06,2020-03-20,2019-08-14,259,7602,0,200,219,7530,2020-06-22,2020-04-17,2019-12-23,2020-09-21,2020-05-15,2020-02-21,2020-10-07,2020-10-02,2020-09-23,2020-10-06,2020-09-25,2020-09-21,2020-06-29,2020-05-04,2019-12-26,2020-09-08,2020-05-15,2020-03-05,1,0,1,0,0,0,0,1,0,1,0,1,0,1,0,0,0,0,0,1,0,1,0,0,0,1,0,1,1,0,,,,,,,p2n,,,Life.Bull,Life.BullEnd,Life.BearStart,Life.Bear,Life.BearRecovery,,
2020-10-08,0.73023,,,,,0.7314,0.74911,0.75057,0.76425,0.72393,0.73242,-0.00849,-0.01898,-0.0171,0.01049,,,-6.88,2.21,-0.58,6.37,-7.89,0.59,-0.59,11.52,16.0,11.0,5.0,15.0,21.0,6.0,7.0,28.0,-0.0,-0.02,0.00929,-0.00786,1.18182,54.16667,41.66159,,,16.55067,63.33333,70.0,,,48.46154,65.5118,35.70812,35.40828,,,0.03276,0.02801,,,-0.1514,-0.1917,-0.3285,-0.1771,-0.0403,-0.1368,1,0,1,,,,,,-0.15,,,0.732,0.799,0.851,0.68,0.796,0.847,2020-10-07,2020-08-26,2020-08-03,2020-09-25,2020-08-19,2020-07-28,-0.24,7.65,-14.89,0.38,-6.46,0.47,1.0,8.0,20.0,4.0,12.0,3.0,-0.0,1.0,-1.0,0.0,-1.0,0.0,0.75,0.76,0.74,0.74,0.64,0.735,2020-10-07,2020-10-05,2020-09-17,2020-10-06,2020-09-28,2020-09-14,0.035,0.028,0.025,0.025,0.02,0.024,2020-07-29,2020-04-14,2019-11-20,2020-05-27,2020-02-12,2019-10-07,1950800.0,676100.0,373700.0,-22.17,-53.01,-37.44,0.039,0.021,0.0,-0.018,-0.04,-0.034,0.05598,0.03063,0.0,-0.02455,-0.05756,-0.03172,55.78,54.029,43.682,33.698,50.706,29.099,76.667,95.833,8.052,70.0,0.0,4.036,65.711,58.002,41.487,37.616,57.696,24.976,2020-07-10,2019-10-25,1999-01-01,2020-10-06,2020-03-20,2019-08-14,259,7602,0,200,219,7530,2020-06-22,2020-04-17,2019-12-23,2020-09-21,2020-05-15,2020-02-21,2020-10-07,2020-10-02,2020-09-23,2020-10-06,2020-09-25,2020-09-21,2020-06-29,2020-05-04,2019-12-26,2020-09-08,2020-05-15,2020-03-05,1,0,1,0,0,0,0,1,0,1,0,1,0,1,0,0,0,0,0,1,0,1,0,0,0,1,0,1,1,0,,,,,,p2n,,,,Life.BullEnd,Life.BearStart,Life.Bear,Life.BearRecovery,Life.Bear,,
2020-10-09,0.72689,,,,,0.73129,0.74836,0.75017,0.76391,0.72486,0.73224,-0.00738,-0.01666,-0.01678,0.00928,,,-6.45,2.21,-0.58,6.37,-7.89,0.59,-0.59,11.52,15.0,11.0,5.0,15.0,21.0,6.0,7.0,28.0,0.0,0.0,0.00929,-0.00714,1.3,56.52174,41.99348,,,18.90574,63.33333,67.77778,,,29.44444,48.28653,36.04417,35.71709,,,0.03078,0.02787,,,-0.1555,-0.1888,-0.3262,-0.1707,-0.0333,-0.1374,1,0,1,,,,,,-0.15,,,0.732,0.799,0.851,0.68,0.796,0.847,2020-10-07,2020-08-26,2020-08-03,2020-09-25,2020-08-19,2020-07-28,-0.7,7.65,-14.89,0.38,-6.46,0.47,2.0,8.0,20.0,4.0,12.0,3.0,-0.0,1.0,-1.0,0.0,-1.0,0.0,0.75,0.76,0.74,0.74,0.64,0.735,2020-10-07,2020-10-05,2020-09-17,2020-10-06,2020-09-28,2020-09-14,0.035,0.028,0.025,0.025,0.02,0.024,2020-07-29,2020-04-14,2019-11-20,2020-05-27,2020-02-12,2019-10-07,676100.0,373700.0,207300.0,-53.01,-37.44,-58.11,0.039,0.021,0.0,-0.018,-0.04,-0.034,0.05598,0.03063,0.0,-0.02455,-0.05756,-0.03172,55.78,54.029,43.682,33.698,50.706,29.099,76.667,95.833,8.052,70.0,0.0,4.036,65.711,58.002,41.487,37.616,57.696,24.976,2020-07-10,2019-10-25,1999-01-01,2020-10-06,2020-03-20,2019-08-14,259,7602,0,200,219,7530,2020-06-22,2020-04-17,2019-12-23,2020-09-21,2020-05-15,2020-02-21,2020-10-07,2020-10-02,2020-09-23,2020-10-06,2020-09-25,2020-09-21,2020-06-29,2020-05-04,2019-12-26,2020-09-08,2020-05-15,2020-03-05,1,0,1,0,0,0,0,1,0,1,0,1,0,1,0,0,0,0,0,1,0,1,0,0,0,1,0,1,1,0,,,,,p2n,,,,,Life.BullEnd,Life.BearStart,Life.Bear,Life.BearRecovery,Life.Bear,,
2020-10-12,0.72276,,,,,0.72966,0.74686,0.74937,0.76338,0.72257,0.73059,-0.00802,-0.01493,-0.01643,0.00691,,,-5.92,2.21,-0.58,6.37,-7.89,0.59,-0.59,11.52,14.0,11.0,5.0,15.0,21.0,6.0,7.0,28.0,-0.0,-0.02,0.00929,-0.0075,1.2381,55.31915,42.33221,,,17.70315,50.0,58.88889,,,15.83333,31.24644,36.40533,36.05254,,,0.03073,0.02772,,,-0.1652,-0.1971,-0.3372,-0.172,-0.0319,-0.1401,0,0,0,,,,,,-0.15,,,0.732,0.799,0.851,0.68,0.796,0.847,2020-10-07,2020-08-26,2020-08-03,2020-09-25,2020-08-19,2020-07-28,-1.26,7.65,-14.89,0.38,-6.46,0.47,3.0,8.0,20.0,4.0,12.0,3.0,-0.0,1.0,-1.0,0.0,-1.0,0.0,0.75,0.76,0.74,0.74,0.64,0.735,2020-10-07,2020-10-05,2020-09-17,2020-10-06,2020-09-28,2020-09-14,0.035,0.028,0.025,0.025,0.02,0.024,2020-07-29,2020-04-14,2019-11-20,2020-05-27,2020-02-12,2019-10-07,373700.0,207300.0,839700.0,-37.44,-58.11,13.01,0.039,0.021,0.0,-0.018,-0.04,-0.034,0.05598,0.03063,0.0,-0.02455,-0.05756,-0.03172,55.78,54.029,43.682,33.698,50.706,29.099,76.667,95.833,8.052,70.0,0.0,4.036,65.711,58.002,41.487,37.616,57.696,24.976,2020-07-10,2019-10-25,1999-01-01,2020-10-06,2020-03-20,2019-08-14,259,7602,0,200,219,7530,2020-06-22,2020-04-17,2019-12-23,2020-09-21,2020-05-15,2020-02-21,2020-10-07,2020-10-02,2020-09-23,2020-10-06,2020-09-25,2020-09-21,2020-06-29,2020-05-04,2019-12-26,2020-09-08,2020-05-15,2020-03-05,1,0,1,0,0,0,0,1,0,1,0,1,0,1,0,0,0,0,0,1,0,1,0,0,0,1,0,1,1,0,-839700,,,,,,,,n2p,Life.BullEnd,Life.BearStart,Life.Bear,Life.BearRecovery,Life.Bear,,
2020-10-13,0.71857,,,,,0.72814,0.74541,0.74859,0.76284,0.72064,0.72907,-0.00843,-0.01363,-0.01606,0.0052,,,-5.37,2.21,-0.58,6.37,-7.89,0.59,-0.59,11.52,13.0,11.0,5.0,15.0,21.0,6.0,7.0,28.0,0.0,0.0,0.00929,-0.00679,1.36842,57.77778,42.67637,,,20.16178,50.0,54.44444,,,11.70635,18.99471,36.78848,36.41266,,,0.02889,0.02756,,,-0.1743,-0.2045,-0.347,-0.1727,-0.0302,-0.1425,0,0,0,,,,,,-0.15,,,0.732,0.799,0.851,0.68,0.796,0.847,2020-10-07,2020-08-26,2020-08-03,2020-09-25,2020-08-19,2020-07-28,-1.83,7.65,-14.89,0.38,-6.46,0.47,4.0,8.0,20.0,4.0,12.0,3.0,-0.0,1.0,-1.0,0.0,-1.0,0.0,0.75,0.76,0.74,0.74,0.64,0.735,2020-10-07,2020-10-05,2020-09-17,2020-10-06,2020-09-28,2020-09-14,0.035,0.028,0.025,0.025,0.02,0.024,2020-07-29,2020-04-14,2019-11-20,2020-05-27,2020-02-12,2019-10-07,207300.0,839700.0,341900.0,-58.11,13.01,-2.24,0.039,0.021,0.0,-0.018,-0.04,-0.034,0.05598,0.03063,0.0,-0.02455,-0.05756,-0.03172,55.78,54.029,43.682,33.698,50.706,29.099,76.667,95.833,8.052,70.0,0.0,4.036,65.711,58.002,41.487,37.616,57.696,24.976,2020-07-10,2019-10-25,1999-01-01,2020-10-06,2020-03-20,2019-08-14,259,7602,0,200,219,7530,2020-06-22,2020-04-17,2019-12-23,2020-09-21,2020-05-15,2020-02-21,2020-10-07,2020-10-02,2020-09-23,2020-10-06,2020-09-25,2020-09-21,2020-06-29,2020-05-04,2019-12-26,2020-09-08,2020-05-15,2020-03-05,1,0,1,0,0,0,0,1,0,1,0,1,0,1,0,0,0,0,0,1,0,1,0,0,0,1,0,1,1,0,,,,,,,,n2p,,Life.BullEnd,Life.BearStart,Life.Bear,Life.BearRecovery,Life.Bear,,
2020-10-14,0.71464,,,0.7,,0.72598,0.74363,0.74763,0.76222,0.71746,0.72691,-0.00945,-0.01279,-0.01567,0.00334,,,-4.85,2.21,-0.58,6.37,-7.89,0.59,-0.59,11.52,12.0,11.0,5.0,15.0,21.0,6.0,7.0,28.0,-0.0,-0.01,0.00929,-0.00607,1.52941,60.46512,43.02454,,,22.84912,43.33333,47.77778,43.333,,14.05678,13.86549,37.18986,36.79456,,,0.02897,0.02738,,,-0.1859,-0.2165,-0.3624,-0.1765,-0.0306,-0.1459,0,0,0,,,,,,-0.15,,,0.732,0.799,0.851,0.68,0.796,0.847,2020-10-07,2020-08-26,2020-08-03,2020-09-25,2020-08-19,2020-07-28,-2.37,7.65,-14.89,0.38,-6.46,0.47,5.0,8.0,20.0,4.0,12.0,3.0,-0.0,1.0,-1.0,0.0,-1.0,0.0,0.75,0.76,0.74,0.7,0.74,0.64,2020-10-07,2020-10-05,2020-09-17,2020-10-14,2020-10-06,2020-09-28,0.035,0.028,0.025,0.025,0.02,0.024,2020-07-29,2020-04-14,2019-11-20,2020-05-27,2020-02-12,2019-10-07,839700.0,341900.0,2349900.0,13.01,-2.24,154.27,0.039,0.021,0.0,-0.018,-0.04,-0.034,0.05598,0.03063,0.0,-0.02455,-0.05756,-0.03172,55.78,54.029,43.682,33.698,50.706,29.099,76.667,95.833,8.052,43.333,70.0,0.0,65.711,58.002,41.487,37.616,57.696,24.976,2020-07-10,2019-10-25,1999-01-01,2020-10-06,2020-03-20,2019-08-14,259,7602,0,200,219,7530,2020-06-22,2020-04-17,2019-12-23,2020-09-21,2020-05-15,2020-02-21,2020-10-07,2020-10-02,2020-09-23,2020-10-14,2020-10-06,2020-09-25,2020-06-29,2020-05-04,2019-12-26,2020-09-08,2020-05-15,2020-03-05,1,0,1,0,0,0,0,0,0,1,0,1,0,1,0,0,0,0,0,0,0,1,0,0,0,1,0,1,1,0,-2349900,,,,,,n2p,,n2p,Life.BullEnd,Life.BearStart,Life.Bear,Life.BearRecovery,Life.Bear,,
2020-10-15,0.711,,,,0.73,0.72629,0.7431,0.74728,0.7619,0.71939,0.72714,-0.00775,-0.01178,-0.01526,0.00404,,,-4.36,2.21,-0.58,6.37,-7.89,0.59,-0.59,11.52,11.0,11.0,5.0,15.0,21.0,6.0,7.0,28.0,0.03,0.0,0.01143,-0.00571,2.0,66.66667,43.37547,,,29.05067,63.33333,52.22222,,63.333,39.51974,21.76096,37.60551,37.19462,,,0.0294,0.0272,,,-0.188,-0.2099,-0.3561,-0.1681,-0.0219,-0.1462,0,0,1,,,,,,-0.15,,,0.732,0.799,0.851,0.68,0.796,0.847,2020-10-07,2020-08-26,2020-08-03,2020-09-25,2020-08-19,2020-07-28,-2.87,7.65,-14.89,0.38,-6.46,0.47,6.0,8.0,20.0,4.0,12.0,3.0,-0.0,1.0,-1.0,0.0,-1.0,0.0,0.73,0.75,0.76,0.7,0.74,0.64,2020-10-15,2020-10-07,2020-10-05,2020-10-14,2020-10-06,2020-09-28,0.035,0.028,0.025,0.025,0.02,0.024,2020-07-29,2020-04-14,2019-11-20,2020-05-27,2020-02-12,2019-10-07,341900.0,2349900.0,759400.0,-2.24,154.27,-2.27,0.039,0.021,0.0,-0.018,-0.04,-0.034,0.05598,0.03063,0.0,-0.02455,-0.05756,-0.03172,55.78,54.029,43.682,33.698,50.706,29.099,63.333,76.667,95.833,43.333,70.0,0.0,65.711,58.002,41.487,37.616,57.696,24.976,2020-07-10,2019-10-25,1999-01-01,2020-10-06,2020-03-20,2019-08-14,259,7602,0,200,219,7530,2020-06-22,2020-04-17,2019-12-23,2020-09-21,2020-05-15,2020-02-21,2020-10-15,2020-10-07,2020-10-02,2020-10-14,2020-10-06,2020-09-25,2020-06-29,2020-05-04,2019-12-26,2020-09-08,2020-05-15,2020-03-05,1,0,1,0,1,0,0,0,0,1,0,1,0,1,0,0,1,0,0,0,0,1,0,0,0,1,0,1,1,0,,,759400,,,n2p,,n2p,p2n,Life.BullEnd,Life.BearStart,Life.Bear,Life.BearRecovery,Life.Bear,,
2020-10-16,0.70753,,,0.7,,0.72427,0.74141,0.74634,0.76128,0.71641,0.72513,-0.00872,-0.01117,-0.01484,0.00245,,,-3.89,2.21,-0.58,6.37,-7.89,0.59,-0.59,11.52,10.0,11.0,5.0,15.0,21.0,6.0,7.0,28.0,-0.0,-0.03,0.01143,-0.00714,1.6,61.53846,43.72824,,,23.92246,39.28571,48.65079,39.286,,42.16524,31.91392,38.03132,37.6089,,,0.03051,0.027,,,-0.1987,-0.2207,-0.3701,-0.1714,-0.022,-0.1494,0,0,0,,,,,,-0.15,,,0.732,0.799,0.851,0.68,0.796,0.847,2020-10-07,2020-08-26,2020-08-03,2020-09-25,2020-08-19,2020-07-28,-3.34,7.65,-14.89,0.38,-6.46,0.47,7.0,8.0,20.0,4.0,12.0,3.0,-0.0,1.0,-1.0,0.0,-1.0,0.0,0.73,0.75,0.76,0.7,0.7,0.74,2020-10-15,2020-10-07,2020-10-05,2020-10-16,2020-10-14,2020-10-06,0.035,0.028,0.025,0.025,0.02,0.024,2020-07-29,2020-04-14,2019-11-20,2020-05-27,2020-02-12,2019-10-07,2349900.0,759400.0,1453000.0,154.27,-2.27,32.19,0.039,0.021,0.0,-0.018,-0.04,-0.034,0.05598,0.03063,0.0,-0.02455,-0.05756,-0.03172,55.78,54.029,43.682,33.698,50.706,29.099,63.333,76.667,95.833,39.286,43.333,70.0,65.711,58.002,41.487,37.616,57.696,24.976,2020-07-10,2019-10-25,1999-01-01,2020-10-06,2020-03-20,2019-08-14,259,7602,0,200,219,7530,2020-06-22,2020-04-17,2019-12-23,2020-09-21,2020-05-15,2020-02-21,2020-10-15,2020-10-07,2020-10-02,2020-10-16,2020-10-14,2020-10-06,2020-06-29,2020-05-04,2019-12-26,2020-09-08,2020-05-15,2020-03-05,1,0,1,0,1,0,1,0,0,1,0,1,0,1,0,0,1,0,1,0,0,1,0,0,0,1,0,1,1,0,,,,,n2p,,n2p,p2n,,Life.BullEnd,Life.BearStart,Life.Bear,Life.BearRecovery,Life.Bear,,
2020-10-19,0.70409,,,,0.715,0.72355,0.74037,0.74572,0.76082,0.71619,0.72438,-0.00819,-0.01057,-0.0144,0.00239,,,-3.42,2.21,-0.58,6.37,-7.89,0.59,-0.59,11.52,9.0,11.0,5.0,15.0,21.0,6.0,7.0,28.0,0.015,0.0,0.01143,-0.00714,1.6,61.53846,44.08233,,,23.92246,46.15385,49.59096,,46.154,55.55556,45.74685,38.46369,38.03351,,,0.02976,0.02678,,,-0.2045,-0.2217,-0.3727,-0.1682,-0.0172,-0.151,0,0,0,,,,,,-0.15,,,0.732,0.799,0.851,0.68,0.796,0.847,2020-10-07,2020-08-26,2020-08-03,2020-09-25,2020-08-19,2020-07-28,-3.81,7.65,-14.89,0.38,-6.46,0.47,8.0,8.0,20.0,4.0,12.0,3.0,-0.0,1.0,-1.0,0.0,-1.0,0.0,0.715,0.73,0.75,0.7,0.7,0.74,2020-10-19,2020-10-15,2020-10-07,2020-10-16,2020-10-14,2020-10-06,0.035,0.028,0.025,0.025,0.02,0.024,2020-07-29,2020-04-14,2019-11-20,2020-05-27,2020-02-12,2019-10-07,759400.0,1453000.0,1393200.0,-2.27,32.19,-20.97,0.039,0.021,0.0,-0.018,-0.04,-0.034,0.05598,0.03063,0.0,-0.02455,-0.05756,-0.03172,55.78,54.029,43.682,33.698,50.706,29.099,46.154,63.333,76.667,39.286,43.333,70.0,65.711,58.002,41.487,37.616,57.696,24.976,2020-07-10,2019-10-25,1999-01-01,2020-10-06,2020-03-20,2019-08-14,259,7602,0,200,219,7530,2020-06-22,2020-04-17,2019-12-23,2020-09-21,2020-05-15,2020-02-21,2020-10-19,2020-10-15,2020-10-07,2020-10-16,2020-10-14,2020-10-06,2020-06-29,2020-05-04,2019-12-26,2020-09-08,2020-05-15,2020-03-05,1,0,1,0,1,0,1,0,0,1,0,1,0,1,0,0,1,0,1,0,0,1,0,0,0,1,0,1,1,0,,,1393200,,,n2p,p2n,,p2n,Life.BullEnd,Life.BearStart,Life.Bear,Life.BearRecovery,Life.Bear,,
2020-10-20,0.70053,,,,,0.72251,0.73918,0.74501,0.76032,0.71524,0.72331,-0.00807,-0.01007,-0.01394,0.002,,,-2.93,2.21,-0.58,6.37,-7.89,0.59,-0.59,11.52,8.0,11.0,5.0,15.0,21.0,6.0,7.0,28.0,-0.0,-0.005,0.0075,-0.0075,1.0,50.0,44.43728,,,12.384,21.05263,35.4974,,,40.74074,46.15385,38.9008,38.46527,,,0.02871,0.02656,,,-0.2114,-0.225,-0.3781,-0.1667,-0.0136,-0.1531,0,0,0,,,,,,-0.15,,,0.732,0.799,0.851,0.68,0.796,0.847,2020-10-07,2020-08-26,2020-08-03,2020-09-25,2020-08-19,2020-07-28,-4.3,7.65,-14.89,0.38,-6.46,0.47,9.0,8.0,20.0,4.0,12.0,3.0,-0.0,1.0,-1.0,0.0,-1.0,0.0,0.715,0.73,0.75,0.7,0.7,0.74,2020-10-19,2020-10-15,2020-10-07,2020-10-16,2020-10-14,2020-10-06,0.035,0.028,0.025,0.025,0.02,0.024,2020-07-29,2020-04-14,2019-11-20,2020-05-27,2020-02-12,2019-10-07,1453000.0,1393200.0,341200.0,32.19,-20.97,-11.6,0.039,0.021,0.0,-0.018,-0.04,-0.034,0.05598,0.03063,0.0,-0.02455,-0.05756,-0.03172,55.78,54.029,43.682,33.698,50.706,29.099,46.154,63.333,76.667,39.286,43.333,70.0,65.711,58.002,41.487,37.616,57.696,24.976,2020-07-10,2019-10-25,1999-01-01,2020-10-06,2020-03-20,2019-08-14,259,7602,0,200,219,7530,2020-06-22,2020-04-17,2019-12-23,2020-09-21,2020-05-15,2020-02-21,2020-10-19,2020-10-15,2020-10-07,2020-10-16,2020-10-14,2020-10-06,2020-06-29,2020-05-04,2019-12-26,2020-09-08,2020-05-15,2020-03-05,1,0,1,0,1,0,1,0,0,1,0,1,0,1,0,0,1,0,1,0,0,1,0,0,0,1,0,1,1,0,,,,,n2p,p2n,,p2n,,Life.BullEnd,Life.BearStart,Life.Bear,Life.BearRecovery,Life.Bear,,
2020-10-21,0.69665,,,0.69,,0.72001,0.73725,0.74393,0.75962,0.71136,0.72085,-0.00949,-0.00996,-0.01348,0.00047,,,-2.39,2.21,-0.58,6.37,-7.89,0.59,-0.59,11.52,7.0,11.0,5.0,15.0,21.0,6.0,7.0,28.0,-0.0,-0.02,0.00607,-0.00893,0.68,40.47619,44.7915,,,2.86019,0.0,22.40216,0.0,,33.33333,43.20988,39.34187,38.90212,,,0.02844,0.02632,,,-0.2237,-0.2392,-0.3961,-0.1724,-0.0155,-0.1569,0,0,0,,,,,,-0.15,,,0.732,0.799,0.851,0.68,0.796,0.847,2020-10-07,2020-08-26,2020-08-03,2020-09-25,2020-08-19,2020-07-28,-4.83,7.65,-14.89,0.38,-6.46,0.47,10.0,8.0,20.0,4.0,12.0,3.0,-0.0,1.0,-1.0,0.0,-1.0,0.0,0.715,0.73,0.75,0.69,0.7,0.7,2020-10-19,2020-10-15,2020-10-07,2020-10-21,2020-10-16,2020-10-14,0.035,0.028,0.025,0.025,0.02,0.024,2020-07-29,2020-04-14,2019-11-20,2020-05-27,2020-02-12,2019-10-07,1393200.0,341200.0,2624200.0,-20.97,-11.6,36.74,0.039,0.021,0.0,-0.018,-0.04,-0.034,0.05598,0.03063,0.0,-0.02455,-0.05756,-0.03172,55.78,54.029,43.682,33.698,50.706,29.099,46.154,63.333,76.667,0.0,39.286,43.333,65.711,58.002,41.487,37.616,57.696,24.976,2020-07-10,2019-10-25,1999-01-01,2020-10-06,2020-03-20,2019-08-14,259,7602,0,200,219,7530,2020-06-22,2020-04-17,2019-12-23,2020-09-21,2020-05-15,2020-02-21,2020-10-19,2020-10-15,2020-10-07,2020-10-21,2020-10-16,2020-10-14,2020-06-29,2020-05-04,2019-12-26,2020-09-08,2020-05-15,2020-03-05,1,0,1,0,1,0,1,0,0,1,0,1,0,1,0,0,1,0,1,0,0,1,0,0,0,1,0,1,1,0,-2624200,,,,p2n,,p2n,,n2p,Life.BullEnd,Life.BearStart,Life.Bear,Life.BearRecovery,Life.Bear,,
2020-10-22,0.69245,,,,0.695,0.71809,0.73559,0.74296,0.75897,0.70884,0.71893,-0.01009,-0.00998,-0.01301,-0.00011,,,-1.8,2.21,-0.58,6.37,-7.89,0.59,-0.59,11.52,6.0,11.0,5.0,15.0,21.0,6.0,7.0,28.0,0.005,0.0,0.005,-0.00893,0.56,35.89744,45.14362,,,-1.71856,10.0,10.35088,,10.0,21.48148,31.85185,39.78707,39.34325,,,0.0282,0.02607,,,-0.2338,-0.2487,-0.4088,-0.175,-0.0149,-0.1601,0,0,0,,,,,,-0.15,,,0.732,0.799,0.851,0.68,0.796,0.847,2020-10-07,2020-08-26,2020-08-03,2020-09-25,2020-08-19,2020-07-28,-5.4,7.65,-14.89,0.38,-6.46,0.47,11.0,8.0,20.0,4.0,12.0,3.0,-0.0,1.0,-1.0,0.0,-1.0,0.0,0.695,0.715,0.73,0.69,0.7,0.7,2020-10-22,2020-10-19,2020-10-15,2020-10-21,2020-10-16,2020-10-14,0.035,0.028,0.025,0.025,0.02,0.024,2020-07-29,2020-04-14,2019-11-20,2020-05-27,2020-02-12,2019-10-07,341200.0,2624200.0,810300.0,-11.6,36.74,-13.37,0.039,0.021,0.0,-0.018,-0.04,-0.034,0.05598,0.03063,0.0,-0.02455,-0.05756,-0.03172,55.78,54.029,43.682,33.698,50.706,29.099,10.0,46.154,63.333,0.0,39.286,43.333,65.711,58.002,41.487,37.616,57.696,24.976,2020-07-10,2019-10-25,1999-01-01,2020-10-06,2020-03-20,2019-08-14,259,7602,0,200,219,7530,2020-06-22,2020-04-17,2019-12-23,2020-09-21,2020-05-15,2020-02-21,2020-10-22,2020-10-19,2020-10-15,2020-10-21,2020-10-16,2020-10-14,2020-06-29,2020-05-04,2019-12-26,2020-09-08,2020-05-15,2020-03-05,1,0,1,0,1,0,1,0,0,1,0,1,0,1,0,0,1,0,1,0,0,1,0,0,0,1,0,1,1,0,,,810300,,,p2n,,n2p,p2n,Life.BullEnd,Life.BearStart,Life.Bear,Life.BearRecovery,Life.Bear,,
2020-10-23,0.68826,,,,,0.71516,0.73341,0.74171,0.75819,0.7044,0.71605,-0.01165,-0.01032,-0.01254,-0.00133,,,-1.2,2.21,-0.58,6.37,-7.89,0.59,-0.59,11.52,5.0,11.0,5.0,15.0,21.0,6.0,7.0,28.0,-0.0,-0.015,0.00429,-0.01,0.42857,30.0,45.49255,,,-7.616,0.0,3.33333,0.0,,6.66667,20.49383,40.23757,39.78884,,,0.02761,0.0258,,,-0.2478,-0.2655,-0.4303,-0.1825,-0.0177,-0.1648,0,0,0,,,,,,-0.15,,,0.732,0.799,0.851,0.68,0.796,0.847,2020-10-07,2020-08-26,2020-08-03,2020-09-25,2020-08-19,2020-07-28,-5.98,7.65,-14.89,0.38,-6.46,0.47,12.0,8.0,20.0,4.0,12.0,3.0,-0.0,1.0,-1.0,0.0,-1.0,0.0,0.695,0.715,0.73,0.69,0.7,0.7,2020-10-22,2020-10-19,2020-10-15,2020-10-21,2020-10-16,2020-10-14,0.035,0.028,0.025,0.025,0.02,0.024,2020-07-29,2020-04-14,2019-11-20,2020-05-27,2020-02-12,2019-10-07,2624200.0,810300.0,1401400.0,36.74,-13.37,28.08,0.039,0.021,0.0,-0.018,-0.04,-0.034,0.05598,0.03063,0.0,-0.02455,-0.05756,-0.03172,55.78,54.029,43.682,33.698,50.706,29.099,10.0,46.154,63.333,0.0,0.0,39.286,65.711,58.002,41.487,37.616,57.696,24.976,2020-07-10,2019-10-25,1999-01-01,2020-10-06,2020-03-20,2019-08-14,259,7602,0,200,219,7530,2020-06-22,2020-04-17,2019-12-23,2020-09-21,2020-05-15,2020-02-21,2020-10-22,2020-10-19,2020-10-15,2020-10-23,2020-10-21,2020-10-16,2020-06-29,2020-05-04,2019-12-26,2020-09-08,2020-05-15,2020-03-05,1,0,1,0,1,0,1,0,0,1,0,1,0,1,0,0,1,0,1,0,0,1,0,0,0,1,0,1,1,0,-1401400,,,,p2n,,n2p,p2n,n2p,Life.BullEnd,Life.BearStart,Life.Bear,Life.BearRecovery,Life.Bear,,
2020-10-26,0.68459,,,0.68,,0.71245,0.73132,0.74049,0.75741,0.70065,0.71338,-0.01273,-0.0108,-0.01206,-0.00193,,,-0.67,2.21,-0.58,6.37,-7.89,0.59,-0.59,11.52,4.0,11.0,5.0,15.0,21.0,6.0,7.0,28.0,0.0,0.0,0.00429,-0.00857,0.5,33.33333,45.83777,,,-4.28267,5.26316,5.08772,,,10.37037,12.83951,40.69569,40.24011,,,0.02671,0.02553,,,-0.2609,-0.2804,-0.4496,-0.1887,-0.0195,-0.1692,0,0,0,,,,,,-0.15,,,0.732,0.799,0.851,0.68,0.796,0.847,2020-10-07,2020-08-26,2020-08-03,2020-09-25,2020-08-19,2020-07-28,-6.48,7.65,-14.89,0.38,-6.46,0.47,13.0,8.0,20.0,4.0,12.0,3.0,-0.0,1.0,-1.0,0.0,-1.0,0.0,0.695,0.715,0.73,0.68,0.69,0.7,2020-10-22,2020-10-19,2020-10-15,2020-10-26,2020-10-21,2020-10-16,0.035,0.028,0.025,0.025,0.02,0.024,2020-07-29,2020-04-14,2019-11-20,2020-05-27,2020-02-12,2019-10-07,810300.0,1401400.0,580200.0,-13.37,28.08,-42.27,0.039,0.021,0.0,-0.018,-0.04,-0.034,0.05598,0.03063,0.0,-0.02455,-0.05756,-0.03172,55.78,54.029,43.682,33.698,50.706,29.099,10.0,46.154,63.333,0.0,0.0,39.286,65.711,58.002,41.487,37.616,57.696,24.976,2020-07-10,2019-10-25,1999-01-01,2020-10-06,2020-03-20,2019-08-14,259,7602,0,200,219,7530,2020-06-22,2020-04-17,2019-12-23,2020-09-21,2020-05-15,2020-02-21,2020-10-22,2020-10-19,2020-10-15,2020-10-23,2020-10-21,2020-10-16,2020-06-29,2020-05-04,2019-12-26,2020-09-08,2020-05-15,2020-03-05,1,0,1,0,1,0,1,0,0,1,0,1,0,1,0,0,1,0,1,0,0,1,0,0,0,1,0,1,1,0,,,580200,,,n2p,p2n,n2p,p2n,Life.BullEnd,Life.BearStart,Life.Bear,Life.BearRecovery,Life.Bear,,
2020-10-27,0.68194,,,,0.685,0.71034,0.7295,0.73939,0.75669,0.69824,0.71128,-0.01303,-0.01125,-0.01158,-0.00179,,,-0.28,2.21,-0.58,6.37,-7.89,0.59,-0.59,11.52,3.0,11.0,5.0,15.0,21.0,6.0,7.0,28.0,0.005,0.0,0.00393,-0.00857,0.45833,31.42857,46.17928,,,-6.18743,12.5,5.92105,,,12.03704,9.69136,41.16377,40.69901,,,0.02516,0.02525,,,-0.2719,-0.2905,-0.4635,-0.1916,-0.0186,-0.173,0,0,0,,,,,,-0.15,,,0.732,0.799,0.851,0.68,0.796,0.847,2020-10-07,2020-08-26,2020-08-03,2020-09-25,2020-08-19,2020-07-28,-6.84,7.65,-14.89,0.38,-6.46,0.47,14.0,8.0,20.0,4.0,12.0,3.0,-0.0,1.0,-1.0,0.0,-1.0,0.0,0.685,0.695,0.715,0.68,0.69,0.7,2020-10-27,2020-10-22,2020-10-19,2020-10-26,2020-10-21,2020-10-16,0.035,0.028,0.025,0.025,0.02,0.024,2020-07-29,2020-04-14,2019-11-20,2020-05-27,2020-02-12,2019-10-07,1401400.0,580200.0,148000.0,28.08,-42.27,-23.72,0.039,0.021,0.0,-0.018,-0.04,-0.034,0.05598,0.03063,0.0,-0.02455,-0.05756,-0.03172,55.78,54.029,43.682,33.698,50.706,29.099,10.0,46.154,63.333,0.0,0.0,39.286,65.711,58.002,41.487,37.616,57.696,24.976,2020-07-10,2019-10-25,1999-01-01,2020-10-06,2020-03-20,2019-08-14,259,7602,0,200,219,7530,2020-06-22,2020-04-17,2019-12-23,2020-09-21,2020-05-15,2020-02-21,2020-10-22,2020-10-19,2020-10-15,2020-10-23,2020-10-21,2020-10-16,2020-06-29,2020-05-04,2019-12-26,2020-09-08,2020-05-15,2020-03-05,1,0,1,0,1,0,1,0,0,1,0,1,0,1,0,0,1,0,1,0,0,1,0,0,0,1,0,1,1,0,,,,,n2p,p2n,n2p,p2n,,Life.BullEnd,Life.BearStart,Life.Bear,Life.BearRecovery,Life.Bear,,
2020-10-28,0.68049,,,,,0.70801,0.72756,0.73821,0.75593,0.69544,0.70896,-0.01352,-0.0117,-0.0111,-0.00182,,,-0.07,2.21,-0.58,6.37,-7.89,0.59,-0.59,11.52,2.0,11.0,5.0,15.0,21.0,6.0,7.0,28.0,-0.0,-0.005,0.00393,-0.0075,0.52381,34.375,46.51647,,,-3.241,15.38462,11.04926,,15.385,20.37037,14.25926,41.64246,41.16731,,,0.02443,0.02496,,,-0.2837,-0.302,-0.4792,-0.1955,-0.0183,-0.1772,0,0,0,,,,,,-0.15,,,0.732,0.799,0.851,0.68,0.796,0.847,2020-10-07,2020-08-26,2020-08-03,2020-09-25,2020-08-19,2020-07-28,-7.04,7.65,-14.89,0.38,-6.46,0.47,15.0,8.0,20.0,4.0,12.0,3.0,-0.0,1.0,-1.0,0.0,-1.0,0.0,0.685,0.695,0.715,0.68,0.69,0.7,2020-10-27,2020-10-22,2020-10-19,2020-10-26,2020-10-21,2020-10-16,0.035,0.028,0.025,0.025,0.02,0.024,2020-07-29,2020-04-14,2019-11-20,2020-05-27,2020-02-12,2019-10-07,580200.0,148000.0,473900.0,-42.27,-23.72,-43.55,0.039,0.021,0.0,-0.018,-0.04,-0.034,0.05598,0.03063,0.0,-0.02455,-0.05756,-0.03172,55.78,54.029,43.682,33.698,50.706,29.099,15.385,10.0,46.154,0.0,0.0,39.286,65.711,58.002,41.487,37.616,57.696,24.976,2020-07-10,2019-10-25,1999-01-01,2020-10-06,2020-03-20,2019-08-14,259,7602,0,200,219,7530,2020-06-22,2020-04-17,2019-12-23,2020-09-21,2020-05-15,2020-02-21,2020-10-28,2020-10-22,2020-10-19,2020-10-23,2020-10-21,2020-10-16,2020-06-29,2020-05-04,2019-12-26,2020-09-08,2020-05-15,2020-03-05,1,0,1,0,1,0,1,0,0,1,0,1,0,1,0,0,0,0,1,0,0,1,0,0,0,1,0,1,1,0,,,,,p2n,n2p,p2n,,,Life.BullEnd,Life.BearStart,Life.Bear,Life.BearRecovery,Life.Bear,,
2020-10-30,0.68025,0.68,,,,0.7047,0.72511,0.73676,0.75502,0.69075,0.7057,-0.01495,-0.01235,-0.01061,-0.0026,,,2.17,-0.58,6.37,-7.89,0.59,-0.59,11.52,-7.68,11.0,5.0,15.0,21.0,6.0,7.0,28.0,14.0,-0.0,-0.015,0.00393,-0.00857,0.45833,31.42857,46.8484,,,-6.18743,0.0,9.29487,0.0,,16.66667,16.35802,42.1315,41.64591,,,0.02376,0.02466,,,-0.2991,-0.3206,-0.5032,-0.2041,-0.0215,-0.1826,0,0,0,,,,,,-0.15,,,0.732,0.799,0.851,0.68,0.68,0.796,2020-10-07,2020-08-26,2020-08-03,2020-10-30,2020-09-25,2020-08-19,0.0,-7.1,7.65,-14.89,0.38,-6.46,0.0,16.0,8.0,20.0,4.0,12.0,0.0,-0.0,1.0,-1.0,0.0,-1.0,0.685,0.695,0.715,0.68,0.69,0.7,2020-10-27,2020-10-22,2020-10-19,2020-10-26,2020-10-21,2020-10-16,0.035,0.028,0.025,0.025,0.02,0.024,2020-07-29,2020-04-14,2019-11-20,2020-05-27,2020-02-12,2019-10-07,148000.0,473900.0,430000.0,-23.72,-43.55,-12.49,0.039,0.021,0.0,-0.018,-0.04,-0.034,0.05598,0.03063,0.0,-0.02455,-0.05756,-0.03172,55.78,54.029,43.682,33.698,50.706,29.099,15.385,10.0,46.154,0.0,0.0,0.0,65.711,58.002,41.487,37.616,57.696,24.976,2020-07-10,2019-10-25,1999-01-01,2020-10-06,2020-03-20,2019-08-14,259,7602,0,200,219,7530,2020-06-22,2020-04-17,2019-12-23,2020-09-21,2020-05-15,2020-02-21,2020-10-28,2020-10-22,2020-10-19,2020-10-30,2020-10-23,2020-10-21,2020-06-29,2020-05-04,2019-12-26,2020-09-08,2020-05-15,2020-03-05,1,0,1,0,1,0,1,0,0,1,0,1,0,1,0,0,0,0,0,0,0,1,0,0,0,1,0,1,1,0,,,,,n2p,p2n,,,,Life.BullEnd,Life.BearStart,Life.Bear,Life.BearRecovery,Life.Bear,,
2020-11-02,0.68114,,,0.66,,0.70126,0.72255,0.73524,0.75408,0.68602,0.70232,-0.0163,-0.01314,-0.01013,-0.00316,,,2.04,-0.58,6.37,-7.89,0.59,-0.59,11.52,-7.68,10.0,5.0,15.0,21.0,6.0,7.0,28.0,14.0,-0.0,-0.005,0.00393,-0.0075,0.52381,34.375,47.17469,,,-3.241,6.25,7.21154,,,13.09524,16.71076,42.63026,42.13474,,,0.02313,0.02436,,,-0.3153,-0.3398,-0.5282,-0.2129,-0.0245,-0.1884,0,0,0,,,,,,-0.15,,,0.732,0.799,0.851,0.68,0.68,0.796,2020-10-07,2020-08-26,2020-08-03,2020-10-30,2020-09-25,2020-08-19,0.17,-7.1,7.65,-14.89,0.38,-6.46,1.0,16.0,8.0,20.0,4.0,12.0,0.0,-0.0,1.0,-1.0,0.0,-1.0,0.685,0.695,0.715,0.66,0.68,0.69,2020-10-27,2020-10-22,2020-10-19,2020-11-02,2020-10-26,2020-10-21,0.035,0.028,0.025,0.025,0.02,0.024,2020-07-29,2020-04-14,2019-11-20,2020-05-27,2020-02-12,2019-10-07,473900.0,430000.0,374400.0,-43.55,-12.49,21.52,0.039,0.021,0.0,-0.018,-0.04,-0.034,0.05598,0.03063,0.0,-0.02455,-0.05756,-0.03172,55.78,54.029,43.682,33.698,50.706,29.099,15.385,10.0,46.154,0.0,0.0,0.0,65.711,58.002,41.487,37.616,57.696,24.976,2020-07-10,2019-10-25,1999-01-01,2020-10-06,2020-03-20,2019-08-14,259,7602,0,200,219,7530,2020-06-22,2020-04-17,2019-12-23,2020-09-21,2020-05-15,2020-02-21,2020-10-28,2020-10-22,2020-10-19,2020-10-30,2020-10-23,2020-10-21,2020-06-29,2020-05-04,2019-12-26,2020-09-08,2020-05-15,2020-03-05,1,0,1,0,1,0,1,0,0,1,0,1,0,1,0,0,0,0,0,0,0,1,0,0,0,1,0,1,1,0,,,,,p2n,,,,,Life.BullEnd,Life.BearStart,Life.Bear,Life.BearRecovery,Life.Bear,,
2020-11-03,0.6828,,,,,0.69924,0.72069,0.73405,0.75329,0.68433,0.70029,-0.01597,-0.01371,-0.00965,-0.00226,,,1.79,-0.58,6.37,-7.89,0.59,-0.59,11.52,-7.68,9.0,5.0,15.0,21.0,6.0,7.0,28.0,14.0,0.015,0.0,0.005,-0.0075,0.66667,40.0,47.495,,,2.384,25.0,10.41667,,,26.98413,18.91534,43.13722,42.63299,,,0.02255,0.02406,,,-0.326,-0.3481,-0.5405,-0.2145,-0.0221,-0.1924,0,0,0,,,,,,-0.15,,,0.732,0.799,0.851,0.68,0.68,0.796,2020-10-07,2020-08-26,2020-08-03,2020-10-30,2020-09-25,2020-08-19,0.41,-7.1,7.65,-14.89,0.38,-6.46,2.0,16.0,8.0,20.0,4.0,12.0,0.0,-0.0,1.0,-1.0,0.0,-1.0,0.685,0.695,0.715,0.66,0.68,0.69,2020-10-27,2020-10-22,2020-10-19,2020-11-02,2020-10-26,2020-10-21,0.035,0.028,0.025,0.025,0.02,0.024,2020-07-29,2020-04-14,2019-11-20,2020-05-27,2020-02-12,2019-10-07,430000.0,374400.0,1128700.0,-12.49,21.52,51.22,0.039,0.021,0.0,-0.018,-0.04,-0.034,0.05598,0.03063,0.0,-0.02455,-0.05756,-0.03172,55.78,54.029,43.682,33.698,50.706,29.099,15.385,10.0,46.154,0.0,0.0,0.0,65.711,58.002,41.487,37.616,57.696,24.976,2020-07-10,2019-10-25,1999-01-01,2020-10-06,2020-03-20,2019-08-14,259,7602,0,200,219,7530,2020-06-22,2020-04-17,2019-12-23,2020-09-21,2020-05-15,2020-02-21,2020-10-28,2020-10-22,2020-10-19,2020-10-30,2020-10-23,2020-10-21,2020-06-29,2020-05-04,2019-12-26,2020-09-08,2020-05-15,2020-03-05,1,0,1,0,1,0,1,0,0,1,0,1,0,1,0,0,0,0,0,0,0,1,0,0,0,1,0,1,1,0,,,,,,,,,,Life.BullEnd,Life.BearStart,Life.Bear,Life.BearRecovery,Life.Bear,,
2020-11-04,0.68492,,,,0.7,0.6993,0.71988,0.73338,0.75276,0.68674,0.70027,-0.01354,-0.01367,-0.00916,0.00014,,,1.47,-0.58,6.37,-7.89,0.59,-0.59,11.52,-7.68,8.0,5.0,15.0,21.0,6.0,7.0,28.0,14.0,0.025,0.0,0.00679,-0.00679,1.0,50.0,47.80918,,,12.384,56.25,29.16667,,56.25,56.98413,32.3545,43.64891,43.1388,,,0.02344,0.02376,,,-0.3288,-0.3408,-0.5346,-0.2058,-0.012,-0.1938,0,0,1,,,,,,-0.15,,,0.732,0.799,0.851,0.68,0.68,0.796,2020-10-07,2020-08-26,2020-08-03,2020-10-30,2020-09-25,2020-08-19,0.72,-7.1,7.65,-14.89,0.38,-6.46,3.0,16.0,8.0,20.0,4.0,12.0,0.0,-0.0,1.0,-1.0,0.0,-1.0,0.7,0.685,0.695,0.66,0.68,0.69,2020-11-04,2020-10-27,2020-10-22,2020-11-02,2020-10-26,2020-10-21,0.035,0.028,0.025,0.025,0.02,0.024,2020-07-29,2020-04-14,2019-11-20,2020-05-27,2020-02-12,2019-10-07,374400.0,1128700.0,1279300.0,21.52,51.22,43.93,0.039,0.021,0.0,-0.018,-0.04,-0.034,0.05598,0.03063,0.0,-0.02455,-0.05756,-0.03172,55.78,54.029,43.682,33.698,50.706,29.099,56.25,15.385,10.0,0.0,0.0,0.0,65.711,58.002,41.487,37.616,57.696,24.976,2020-07-10,2019-10-25,1999-01-01,2020-10-06,2020-03-20,2019-08-14,259,7602,0,200,219,7530,2020-06-22,2020-04-17,2019-12-23,2020-09-21,2020-05-15,2020-02-21,2020-11-04,2020-10-28,2020-10-22,2020-10-30,2020-10-23,2020-10-21,2020-06-29,2020-05-04,2019-12-26,2020-09-08,2020-05-15,2020-03-05,1,0,1,0,0,1,1,0,0,1,0,1,0,1,0,0,0,1,0,0,0,1,0,0,0,1,0,1,1,0,,,,,,,,,,Life.BullEnd,Life.BearStart,Life.Bear,Life.BearRecovery,Life.Bear,,
2020-11-05,0.68722,,,0.695,,0.69897,0.7189,0.73262,0.75218,0.68801,0.69988,-0.01187,-0.01331,-0.00868,0.00144,,,1.13,-0.58,6.37,-7.89,0.59,-0.59,11.52,-7.68,7.0,5.0,15.0,21.0,6.0,7.0,28.0,14.0,-0.0,-0.005,0.00464,-0.00714,0.65,39.39394,48.11736,,,1.77794,50.0,43.75,50.0,,78.88889,54.28571,44.15814,43.64809,,,0.02213,0.02346,,,-0.3328,-0.3365,-0.5321,-0.1993,-0.0037,-0.1956,1,0,1,,,,,,-0.15,,,0.732,0.799,0.851,0.68,0.68,0.796,2020-10-07,2020-08-26,2020-08-03,2020-10-30,2020-09-25,2020-08-19,1.06,-7.1,7.65,-14.89,0.38,-6.46,4.0,16.0,8.0,20.0,4.0,12.0,0.0,-0.0,1.0,-1.0,0.0,-1.0,0.7,0.685,0.695,0.695,0.66,0.68,2020-11-04,2020-10-27,2020-10-22,2020-11-05,2020-11-02,2020-10-26,0.035,0.028,0.025,0.025,0.02,0.024,2020-07-29,2020-04-14,2019-11-20,2020-05-27,2020-02-12,2019-10-07,1128700.0,1279300.0,319700.0,51.22,43.93,-1.97,0.039,0.021,0.0,-0.018,-0.04,-0.034,0.05598,0.03063,0.0,-0.02455,-0.05756,-0.03172,55.78,54.029,43.682,33.698,50.706,29.099,56.25,15.385,10.0,50.0,0.0,0.0,65.711,58.002,41.487,37.616,57.696,24.976,2020-07-10,2019-10-25,1999-01-01,2020-10-06,2020-03-20,2019-08-14,259,7602,0,200,219,7530,2020-06-22,2020-04-17,2019-12-23,2020-09-21,2020-05-15,2020-02-21,2020-11-04,2020-10-28,2020-10-22,2020-11-05,2020-10-30,2020-10-23,2020-06-29,2020-05-04,2019-12-26,2020-09-08,2020-05-15,2020-03-05,1,0,1,0,0,1,0,1,0,1,0,1,0,1,0,0,0,1,0,1,0,1,0,0,0,1,0,1,1,0,,,-319700,,,,,,p2n,Life.BullEnd,Life.BearStart,Life.Bear,Life.BearRecovery,Life.Bear,,
2020-11-06,0.68949,,,,0.7,0.69905,0.71816,0.73197,0.75167,0.68985,0.69989,-0.01004,-0.01266,-0.0082,0.00262,,,0.8,-0.58,6.37,-7.89,0.59,-0.59,11.52,-7.68,6.0,5.0,15.0,21.0,6.0,7.0,28.0,14.0,0.005,0.0,0.005,-0.005,1.0,50.0,48.41923,,,12.384,69.23077,58.49359,,69.231,86.66667,74.17989,44.65524,44.1541,,,0.02126,0.02317,,,-0.3351,-0.3292,-0.5262,-0.1911,0.0059,-0.197,1,0,1,,,,,,-0.15,,,0.732,0.799,0.851,0.68,0.68,0.796,2020-10-07,2020-08-26,2020-08-03,2020-10-30,2020-09-25,2020-08-19,1.4,-7.1,7.65,-14.89,0.38,-6.46,5.0,16.0,8.0,20.0,4.0,12.0,0.0,-0.0,1.0,-1.0,0.0,-1.0,0.7,0.7,0.685,0.695,0.66,0.68,2020-11-06,2020-11-04,2020-10-27,2020-11-05,2020-11-02,2020-10-26,0.035,0.028,0.025,0.025,0.02,0.024,2020-07-29,2020-04-14,2019-11-20,2020-05-27,2020-02-12,2019-10-07,1279300.0,319700.0,140200.0,43.93,-1.97,-36.24,0.039,0.021,0.0,-0.018,-0.04,-0.034,0.05598,0.03063,0.0,-0.02455,-0.05756,-0.03172,55.78,54.029,43.682,33.698,50.706,29.099,69.231,56.25,15.385,50.0,0.0,0.0,65.711,58.002,41.487,37.616,57.696,24.976,2020-07-10,2019-10-25,1999-01-01,2020-10-06,2020-03-20,2019-08-14,259,7602,0,200,219,7530,2020-06-22,2020-04-17,2019-12-23,2020-09-21,2020-05-15,2020-02-21,2020-11-06,2020-11-04,2020-10-28,2020-11-05,2020-10-30,2020-10-23,2020-06-29,2020-05-04,2019-12-26,2020-09-08,2020-05-15,2020-03-05,1,0,1,0,0,1,0,1,0,1,0,1,0,1,0,0,0,1,0,1,0,1,0,0,0,1,0,1,1,0,,,,,,,,p2n,,Life.BullEnd,Life.BearStart,Life.Bear,Life.BearRecovery,Life.Bear,,
2020-11-09,0.69157,,,0.685,,0.69797,0.71686,0.73104,0.751,0.68911,0.69879,-0.00968,-0.01206,-0.00772,0.00238,,,0.5,-0.58,6.37,-7.89,0.59,-0.59,11.52,-7.68,5.0,5.0,15.0,21.0,6.0,7.0,28.0,14.0,-0.0,-0.015,0.00393,-0.00607,0.64706,39.28571,48.71423,,,1.66971,46.15385,55.12821,46.154,,70.95238,78.83598,45.13168,44.64835,,,0.02117,0.02288,,,-0.3414,-0.3307,-0.5303,-0.1889,0.0107,-0.1996,0,0,1,,,,,,-0.15,,,0.732,0.799,0.851,0.68,0.68,0.796,2020-10-07,2020-08-26,2020-08-03,2020-10-30,2020-09-25,2020-08-19,1.7,-7.1,7.65,-14.89,0.38,-6.46,6.0,16.0,8.0,20.0,4.0,12.0,0.0,-0.0,1.0,-1.0,0.0,-1.0,0.7,0.7,0.685,0.685,0.695,0.66,2020-11-06,2020-11-04,2020-10-27,2020-11-09,2020-11-05,2020-11-02,0.035,0.028,0.025,0.025,0.02,0.024,2020-07-29,2020-04-14,2019-11-20,2020-05-27,2020-02-12,2019-10-07,319700.0,140200.0,219700.0,-1.97,-36.24,-60.92,0.039,0.021,0.0,-0.018,-0.04,-0.034,0.05598,0.03063,0.0,-0.02455,-0.05756,-0.03172,55.78,54.029,43.682,33.698,50.706,29.099,69.231,56.25,15.385,46.154,50.0,0.0,65.711,58.002,41.487,37.616,57.696,24.976,2020-07-10,2019-10-25,1999-01-01,2020-10-06,2020-03-20,2019-08-14,259,7602,0,200,219,7530,2020-06-22,2020-04-17,2019-12-23,2020-09-21,2020-05-15,2020-02-21,2020-11-06,2020-11-04,2020-10-28,2020-11-09,2020-11-05,2020-10-30,2020-06-29,2020-05-04,2019-12-26,2020-09-08,2020-05-15,2020-03-05,1,0,1,0,0,1,0,0,0,1,0,1,0,1,0,0,0,1,0,0,0,1,0,0,0,1,0,1,1,0,,,,,,,p2n,,,Life.BullEnd,Life.BearStart,Life.Bear,Life.BearRecovery,Life.Bear,,
2020-11-10,0.69325,,,,0.7,0.69812,0.7162,0.73043,0.75049,0.69078,0.69888,-0.00809,-0.01127,-0.00725,0.00317,,,0.25,-0.58,6.37,-7.89,0.59,-0.59,11.52,-7.68,4.0,5.0,15.0,21.0,6.0,7.0,28.0,14.0,0.015,0.0,0.005,-0.00571,0.875,46.66667,49.0028,,,9.05067,75.0,63.46154,,75.0,72.85714,76.8254,45.58342,45.12345,,,0.02109,0.0226,,,-0.3429,-0.3231,-0.5237,-0.1808,0.0198,-0.2006,1,0,1,,,,,,-0.15,,,0.732,0.799,0.851,0.68,0.68,0.796,2020-10-07,2020-08-26,2020-08-03,2020-10-30,2020-09-25,2020-08-19,1.95,-7.1,7.65,-14.89,0.38,-6.46,7.0,16.0,8.0,20.0,4.0,12.0,0.0,-0.0,1.0,-1.0,0.0,-1.0,0.7,0.7,0.7,0.685,0.695,0.66,2020-11-10,2020-11-06,2020-11-04,2020-11-09,2020-11-05,2020-11-02,0.035,0.028,0.025,0.025,0.02,0.024,2020-07-29,2020-04-14,2019-11-20,2020-05-27,2020-02-12,2019-10-07,140200.0,219700.0,604600.0,-36.24,-60.92,41.92,0.039,0.021,0.0,-0.018,-0.04,-0.034,0.05598,0.03063,0.0,-0.02455,-0.05756,-0.03172,55.78,54.029,43.682,33.698,50.706,29.099,75.0,69.231,56.25,46.154,50.0,0.0,65.711,58.002,41.487,37.616,57.696,24.976,2020-07-10,2019-10-25,1999-01-01,2020-10-06,2020-03-20,2019-08-14,259,7602,0,200,219,7530,2020-06-22,2020-04-17,2019-12-23,2020-09-21,2020-05-15,2020-02-21,2020-11-10,2020-11-06,2020-11-04,2020-11-09,2020-11-05,2020-10-30,2020-06-29,2020-05-04,2019-12-26,2020-09-08,2020-05-15,2020-03-05,1,0,1,0,0,0,0,0,0,1,0,1,0,1,0,0,0,1,0,0,0,1,0,0,0,1,0,1,1,0,604600,,,,,p2n,,,n2p,Life.BullEnd,Life.BearStart,Life.Bear,Life.BearRecovery,Life.Bear,,
2020-11-11,0.69434,,,,,0.6975,0.71517,0.72963,0.74989,0.69066,0.69822,-0.00756,-0.01053,-0.00677,0.00297,,,0.09,-0.58,6.37,-7.89,0.59,-0.59,11.52,-7.68,3.0,5.0,15.0,21.0,6.0,7.0,28.0,14.0,-0.0,-0.01,0.005,-0.005,1.0,50.0,49.28634,,,12.384,63.63636,61.59674,63.636,,56.19048,66.66667,46.01158,45.57556,,,0.02137,0.02233,,,-0.3472,-0.3213,-0.5239,-0.1767,0.0259,-0.2026,1,0,1,,,,,,-0.15,,,0.732,0.799,0.851,0.68,0.68,0.796,2020-10-07,2020-08-26,2020-08-03,2020-10-30,2020-09-25,2020-08-19,2.11,-7.1,7.65,-14.89,0.38,-6.46,8.0,16.0,8.0,20.0,4.0,12.0,0.0,-0.0,1.0,-1.0,0.0,-1.0,0.7,0.7,0.7,0.685,0.695,0.66,2020-11-10,2020-11-06,2020-11-04,2020-11-09,2020-11-05,2020-11-02,0.035,0.028,0.025,0.025,0.02,0.024,2020-07-29,2020-04-14,2019-11-20,2020-05-27,2020-02-12,2019-10-07,219700.0,604600.0,944600.0,-60.92,41.92,83.4,0.039,0.021,0.0,-0.018,-0.04,-0.034,0.05598,0.03063,0.0,-0.02455,-0.05756,-0.03172,55.78,54.029,43.682,33.698,50.706,29.099,75.0,69.231,56.25,63.636,46.154,50.0,65.711,58.002,41.487,37.616,57.696,24.976,2020-07-10,2019-10-25,1999-01-01,2020-10-06,2020-03-20,2019-08-14,259,7602,0,200,219,7530,2020-06-22,2020-04-17,2019-12-23,2020-09-21,2020-05-15,2020-02-21,2020-11-10,2020-11-06,2020-11-04,2020-11-11,2020-11-09,2020-11-05,2020-06-29,2020-05-04,2019-12-26,2020-09-08,2020-05-15,2020-03-05,1,0,1,0,0,0,0,0,0,1,0,1,0,1,0,0,0,1,0,1,0,1,0,0,0,1,0,1,1,0,,-944600,,,p2n,,,n2p,p2p,Life.BullEnd,Life.BearStart,Life.Bear,Life.BearRecovery,Life.Bear,,
2020-11-12,0.69487,,,0.69,,0.69692,0.71419,0.72884,0.7493,0.69056,0.69761,-0.00705,-0.00983,-0.0063,0.00278,,,0.02,-0.58,6.37,-7.89,0.59,-0.59,11.52,-7.68,2.0,5.0,15.0,21.0,6.0,7.0,28.0,14.0,0.0,0.0,0.00464,-0.005,0.92857,48.14815,49.56578,,,10.53215,70.0,69.54545,,,55.2381,61.42857,46.41971,46.0049,,,0.02055,0.02207,,,-0.3511,-0.3192,-0.5238,-0.1727,0.0319,-0.2046,1,0,1,,,,,,-0.15,,,0.732,0.799,0.851,0.68,0.68,0.796,2020-10-07,2020-08-26,2020-08-03,2020-10-30,2020-09-25,2020-08-19,2.19,-7.1,7.65,-14.89,0.38,-6.46,9.0,16.0,8.0,20.0,4.0,12.0,0.0,-0.0,1.0,-1.0,0.0,-1.0,0.7,0.7,0.7,0.69,0.685,0.695,2020-11-10,2020-11-06,2020-11-04,2020-11-12,2020-11-09,2020-11-05,0.035,0.028,0.025,0.025,0.02,0.024,2020-07-29,2020-04-14,2019-11-20,2020-05-27,2020-02-12,2019-10-07,604600.0,944600.0,2349800.0,41.92,83.4,120.42,0.039,0.021,0.0,-0.018,-0.04,-0.034,0.05598,0.03063,0.0,-0.02455,-0.05756,-0.03172,55.78,54.029,43.682,33.698,50.706,29.099,75.0,69.231,56.25,63.636,46.154,50.0,65.711,58.002,41.487,37.616,57.696,24.976,2020-07-10,2019-10-25,1999-01-01,2020-10-06,2020-03-20,2019-08-14,259,7602,0,200,219,7530,2020-06-22,2020-04-17,2019-12-23,2020-09-21,2020-05-15,2020-02-21,2020-11-10,2020-11-06,2020-11-04,2020-11-11,2020-11-09,2020-11-05,2020-06-29,2020-05-04,2019-12-26,2020-09-08,2020-05-15,2020-03-05,1,0,1,0,0,0,0,0,0,1,0,1,0,1,0,0,0,1,0,1,0,1,0,0,0,1,0,1,1,0,,,,,,,n2p,p2p,,Life.BullEnd,Life.BearStart,Life.Bear,Life.BearRecovery,Life.Bear,,
2020-11-13,0.69498,,,,,0.69677,0.71343,0.72817,0.74876,0.69124,0.69742,-0.00617,-0.0091,-0.00583,0.00293,,,0.0,-0.58,6.37,-7.89,0.59,-0.59,11.52,-7.68,1.0,5.0,15.0,21.0,6.0,7.0,28.0,14.0,0.005,0.0,0.005,-0.00393,1.27273,56.0,49.84194,,,18.384,80.0,71.21212,,,46.66667,52.69841,46.81137,46.41422,,,0.0198,0.02183,,,-0.3533,-0.314,-0.5199,-0.1666,0.0393,-0.2059,1,0,1,,,,,,-0.15,,,0.732,0.799,0.851,0.68,0.68,0.796,2020-10-07,2020-08-26,2020-08-03,2020-10-30,2020-09-25,2020-08-19,2.2,-7.1,7.65,-14.89,0.38,-6.46,10.0,16.0,8.0,20.0,4.0,12.0,0.0,-0.0,1.0,-1.0,0.0,-1.0,0.7,0.7,0.7,0.69,0.685,0.695,2020-11-10,2020-11-06,2020-11-04,2020-11-12,2020-11-09,2020-11-05,0.035,0.028,0.025,0.025,0.02,0.024,2020-07-29,2020-04-14,2019-11-20,2020-05-27,2020-02-12,2019-10-07,944600.0,2349800.0,861700.0,83.4,120.42,6.59,0.039,0.021,0.0,-0.018,-0.04,-0.034,0.05598,0.03063,0.0,-0.02455,-0.05756,-0.03172,55.78,54.029,43.682,33.698,50.706,29.099,75.0,69.231,56.25,63.636,46.154,50.0,65.711,58.002,41.487,37.616,57.696,24.976,2020-07-10,2019-10-25,1999-01-01,2020-10-06,2020-03-20,2019-08-14,259,7602,0,200,219,7530,2020-06-22,2020-04-17,2019-12-23,2020-09-21,2020-05-15,2020-02-21,2020-11-10,2020-11-06,2020-11-04,2020-11-11,2020-11-09,2020-11-05,2020-06-29,2020-05-04,2019-12-26,2020-09-08,2020-05-15,2020-03-05,1,0,1,0,0,0,0,0,0,1,0,1,0,1,0,0,0,1,0,1,0,1,0,0,0,1,0,1,1,0,,,,,,n2p,p2p,,,Life.BullEnd,Life.BearStart,Life.Bear,Life.BearRecovery,Life.Bear,,
2020-11-16,0.69484,,0.695,,,0.69702,0.71291,0.72761,0.74827,0.69259,0.69761,-0.00502,-0.00828,-0.00537,0.00327,,,-0.55,6.37,-7.89,0.59,-0.59,11.52,-7.68,6.31,5.0,15.0,21.0,6.0,7.0,28.0,14.0,17.0,0.005,0.0,0.00536,-0.00393,1.36364,57.69231,50.11515,,,20.07631,90.0,80.0,,,60.0,53.96825,47.18874,46.80661,,,0.02017,0.0216,,,-0.3536,-0.3059,-0.5125,-0.1589,0.0477,-0.2066,1,0,1,,,,,,-0.15,,,0.695,0.732,0.799,0.68,0.68,0.796,2020-11-16,2020-10-07,2020-08-26,2020-10-30,2020-09-25,2020-08-19,0.0,2.21,-7.1,7.65,-14.89,0.38,0.0,11.0,16.0,8.0,20.0,4.0,0.0,0.0,-0.0,1.0,-1.0,0.0,0.7,0.7,0.7,0.69,0.685,0.695,2020-11-10,2020-11-06,2020-11-04,2020-11-12,2020-11-09,2020-11-05,0.035,0.028,0.025,0.025,0.02,0.024,2020-07-29,2020-04-14,2019-11-20,2020-05-27,2020-02-12,2019-10-07,2349800.0,861700.0,2797700.0,120.42,6.59,44.59,0.039,0.021,0.0,-0.018,-0.04,-0.034,0.05598,0.03063,0.0,-0.02455,-0.05756,-0.03172,55.78,54.029,43.682,33.698,50.706,29.099,75.0,69.231,56.25,63.636,46.154,50.0,65.711,58.002,41.487,37.616,57.696,24.976,2020-07-10,2019-10-25,1999-01-01,2020-10-06,2020-03-20,2019-08-14,259,7602,0,200,219,7530,2020-06-22,2020-04-17,2019-12-23,2020-09-21,2020-05-15,2020-02-21,2020-11-10,2020-11-06,2020-11-04,2020-11-11,2020-11-09,2020-11-05,2020-06-29,2020-05-04,2019-12-26,2020-09-08,2020-05-15,2020-03-05,1,0,1,0,0,0,0,0,0,1,0,1,0,1,0,0,0,1,0,1,0,1,0,0,0,1,0,1,1,0,,,,,n2p,p2p,,,,Life.BullEnd,Life.BearStart,Life.Bear,Life.BearRecovery,Life.Bear,,
2020-11-17,0.69443,,,,0.705,0.69764,0.7126,0.72716,0.74784,0.6945,0.69816,-0.00366,-0.00736,-0.00491,0.0037,,,-0.49,6.37,-7.89,0.59,-0.59,11.52,-7.68,6.31,4.0,15.0,21.0,6.0,7.0,28.0,14.0,17.0,0.005,0.0,0.00536,-0.00393,1.36364,57.69231,50.38527,,,20.07631,90.90909,86.9697,,90.909,74.44444,60.37037,47.55236,47.18415,,,0.0198,0.02139,,,-0.3524,-0.2952,-0.502,-0.1496,0.0572,-0.2068,1,1,1,,,,,,,-0.15,,0.695,0.732,0.799,0.68,0.68,0.796,2020-11-16,2020-10-07,2020-08-26,2020-10-30,2020-09-25,2020-08-19,-0.08,2.21,-7.1,7.65,-14.89,0.38,1.0,11.0,16.0,8.0,20.0,4.0,-0.0,0.0,-0.0,1.0,-1.0,0.0,0.705,0.7,0.7,0.69,0.685,0.695,2020-11-17,2020-11-10,2020-11-06,2020-11-12,2020-11-09,2020-11-05,0.035,0.028,0.025,0.025,0.02,0.024,2020-07-29,2020-04-14,2019-11-20,2020-05-27,2020-02-12,2019-10-07,861700.0,2797700.0,2051700.0,6.59,44.59,-4.96,0.039,0.021,0.0,-0.018,-0.04,-0.034,0.05598,0.03063,0.0,-0.02455,-0.05756,-0.03172,55.78,54.029,43.682,33.698,50.706,29.099,90.909,75.0,69.231,63.636,46.154,50.0,65.711,58.002,41.487,37.616,57.696,24.976,2020-07-10,2019-10-25,1999-01-01,2020-10-06,2020-03-20,2019-08-14,259,7602,0,200,219,7530,2020-06-22,2020-04-17,2019-12-23,2020-09-21,2020-05-15,2020-02-21,2020-11-17,2020-11-10,2020-11-06,2020-11-11,2020-11-09,2020-11-05,2020-06-29,2020-05-04,2019-12-26,2020-09-08,2020-05-15,2020-03-05,1,0,1,0,0,1,0,0,0,1,0,1,0,1,0,0,0,1,0,1,0,1,0,0,0,1,0,1,1,0,,,2051700,,p2p,,,,p2n,Life.BearStart,Life.Bear,Life.BearRecovery,Life.Bear,Life.BearRecovery,,
2020-11-18,0.69369,,,,,0.69743,0.71191,0.72653,0.74732,0.69458,0.69792,-0.00335,-0.00656,-0.00444,0.00321,,,-0.39,6.37,-7.89,0.59,-0.59,11.52,-7.68,6.31,3.0,15.0,21.0,6.0,7.0,28.0,14.0,17.0,-0.0,-0.01,0.00536,-0.00429,1.25,55.55556,50.65216,,,17.93956,72.72727,84.54545,,,71.11111,68.51852,47.90056,47.54722,,,0.0191,0.0212,,,-0.3541,-0.291,-0.4989,-0.1448,0.0631,-0.2079,1,0,1,,,,,,-0.15,,,0.695,0.732,0.799,0.68,0.68,0.796,2020-11-16,2020-10-07,2020-08-26,2020-10-30,2020-09-25,2020-08-19,-0.19,2.21,-7.1,7.65,-14.89,0.38,2.0,11.0,16.0,8.0,20.0,4.0,-0.0,0.0,-0.0,1.0,-1.0,0.0,0.705,0.7,0.7,0.69,0.685,0.695,2020-11-17,2020-11-10,2020-11-06,2020-11-12,2020-11-09,2020-11-05,0.035,0.028,0.025,0.025,0.02,0.024,2020-07-29,2020-04-14,2019-11-20,2020-05-27,2020-02-12,2019-10-07,2797700.0,2051700.0,1131900.0,44.59,-4.96,4.73,0.039,0.021,0.0,-0.018,-0.04,-0.034,0.05598,0.03063,0.0,-0.02455,-0.05756,-0.03172,55.78,54.029,43.682,33.698,50.706,29.099,90.909,75.0,69.231,63.636,46.154,50.0,65.711,58.002,41.487,37.616,57.696,24.976,2020-07-10,2019-10-25,1999-01-01,2020-10-06,2020-03-20,2019-08-14,259,7602,0,200,219,7530,2020-06-22,2020-04-17,2019-12-23,2020-09-21,2020-05-15,2020-02-21,2020-11-17,2020-11-10,2020-11-06,2020-11-11,2020-11-09,2020-11-05,2020-06-29,2020-05-04,2019-12-26,2020-09-08,2020-05-15,2020-03-05,1,0,1,0,0,1,0,0,0,1,0,1,0,1,0,0,0,1,0,1,0,1,0,0,0,1,0,1,1,0,,,,,,,,p2n,,Life.Bear,Life.BearRecovery,Life.Bear,Life.BearRecovery,Life.Bear,,
2020-11-19,0.69271,,,,,0.69686,0.71105,0.7258,0.74674,0.69387,0.69734,-0.00346,-0.00594,-0.00398,0.00247,,,-0.25,6.37,-7.89,0.59,-0.59,11.52,-7.68,6.31,2.0,15.0,21.0,6.0,7.0,28.0,14.0,17.0,-0.0,-0.005,0.00536,-0.00357,1.5,60.0,50.91334,,,22.384,63.63636,75.75758,,,55.55556,67.03704,48.22901,47.89397,,,0.01881,0.02103,,,-0.3569,-0.2894,-0.4988,-0.1419,0.0675,-0.2094,1,0,1,,,,,,-0.15,,,0.695,0.732,0.799,0.68,0.68,0.796,2020-11-16,2020-10-07,2020-08-26,2020-10-30,2020-09-25,2020-08-19,-0.33,2.21,-7.1,7.65,-14.89,0.38,3.0,11.0,16.0,8.0,20.0,4.0,-0.0,0.0,-0.0,1.0,-1.0,0.0,0.705,0.7,0.7,0.69,0.685,0.695,2020-11-17,2020-11-10,2020-11-06,2020-11-12,2020-11-09,2020-11-05,0.035,0.028,0.025,0.025,0.02,0.024,2020-07-29,2020-04-14,2019-11-20,2020-05-27,2020-02-12,2019-10-07,2051700.0,1131900.0,956300.0,-4.96,4.73,-30.79,0.039,0.021,0.0,-0.018,-0.04,-0.034,0.05598,0.03063,0.0,-0.02455,-0.05756,-0.03172,55.78,54.029,43.682,33.698,50.706,29.099,90.909,75.0,69.231,63.636,46.154,50.0,65.711,58.002,41.487,37.616,57.696,24.976,2020-07-10,2019-10-25,1999-01-01,2020-10-06,2020-03-20,2019-08-14,259,7602,0,200,219,7530,2020-06-22,2020-04-17,2019-12-23,2020-09-21,2020-05-15,2020-02-21,2020-11-17,2020-11-10,2020-11-06,2020-11-11,2020-11-09,2020-11-05,2020-06-29,2020-05-04,2019-12-26,2020-09-08,2020-05-15,2020-03-05,1,0,1,0,0,1,0,0,0,1,0,1,0,1,0,0,0,1,0,1,0,1,0,0,0,1,0,1,1,0,,,,,,,p2n,,,Life.Bear,Life.BearRecovery,Life.Bear,Life.BearRecovery,Life.Bear,,
2020-11-20,0.69187,,,0.69,,0.69633,0.71022,0.7251,0.74618,0.69328,0.69679,-0.00352,-0.00545,-0.00353,0.00194,,,-0.13,6.37,-7.89,0.59,-0.59,11.52,-7.68,6.31,1.0,15.0,21.0,6.0,7.0,28.0,14.0,17.0,0.0,0.0,0.00536,-0.00321,1.66667,62.5,51.16384,,,24.884,50.0,62.12121,50.0,,38.88889,55.18519,48.53097,48.22018,,,0.01818,0.02088,,,-0.3596,-0.2877,-0.4985,-0.1389,0.0719,-0.2108,1,0,1,,,,,,-0.15,,,0.695,0.732,0.799,0.68,0.68,0.796,2020-11-16,2020-10-07,2020-08-26,2020-10-30,2020-09-25,2020-08-19,-0.45,2.21,-7.1,7.65,-14.89,0.38,4.0,11.0,16.0,8.0,20.0,4.0,-0.0,0.0,-0.0,1.0,-1.0,0.0,0.705,0.7,0.7,0.69,0.69,0.685,2020-11-17,2020-11-10,2020-11-06,2020-11-20,2020-11-12,2020-11-09,0.035,0.028,0.025,0.025,0.02,0.024,2020-07-29,2020-04-14,2019-11-20,2020-05-27,2020-02-12,2019-10-07,1131900.0,956300.0,522900.0,4.73,-30.79,-36.93,0.039,0.021,0.0,-0.018,-0.04,-0.034,0.05598,0.03063,0.0,-0.02455,-0.05756,-0.03172,55.78,54.029,43.682,33.698,50.706,29.099,90.909,75.0,69.231,50.0,63.636,46.154,65.711,58.002,41.487,37.616,57.696,24.976,2020-07-10,2019-10-25,1999-01-01,2020-10-06,2020-03-20,2019-08-14,259,7602,0,200,219,7530,2020-06-22,2020-04-17,2019-12-23,2020-09-21,2020-05-15,2020-02-21,2020-11-17,2020-11-10,2020-11-06,2020-11-20,2020-11-11,2020-11-09,2020-06-29,2020-05-04,2019-12-26,2020-09-08,2020-05-15,2020-03-05,1,0,1,0,0,1,0,1,0,1,0,1,0,1,0,0,0,1,0,0,0,1,0,0,0,1,0,1,1,0,,,,,,p2n,,,,Life.Bear,Life.BearRecovery,Life.Bear,Life.BearRecovery,Life.Bear,,
2020-11-23,0.69149,0.691,,,0.695,0.69623,0.70962,0.7245,0.74567,0.69354,0.69666,-0.00312,-0.00499,-0.00308,0.00187,,,6.29,-7.89,0.59,-0.59,11.52,-7.68,6.31,-3.64,15.0,21.0,6.0,7.0,28.0,14.0,17.0,14.0,0.005,0.0,0.00464,-0.00321,1.44444,59.09091,51.39823,,,21.47491,62.5,58.71212,,62.5,35.55556,43.33333,48.7969,48.51896,,,0.0176,0.02074,,,-0.3605,-0.2827,-0.4944,-0.1339,0.0778,-0.2117,1,0,1,,,,,,-0.15,,,0.695,0.732,0.799,0.691,0.68,0.68,2020-11-16,2020-10-07,2020-08-26,2020-11-23,2020-10-30,2020-09-25,0.0,-0.58,2.21,-7.1,7.65,-14.89,0.0,5.0,11.0,16.0,8.0,20.0,0.0,-0.0,0.0,-0.0,1.0,-1.0,0.695,0.705,0.7,0.69,0.69,0.685,2020-11-23,2020-11-17,2020-11-10,2020-11-20,2020-11-12,2020-11-09,0.035,0.028,0.025,0.025,0.02,0.024,2020-07-29,2020-04-14,2019-11-20,2020-05-27,2020-02-12,2019-10-07,956300.0,522900.0,718400.0,-30.79,-36.93,-15.84,0.039,0.021,0.0,-0.018,-0.04,-0.034,0.05598,0.03063,0.0,-0.02455,-0.05756,-0.03172,55.78,54.029,43.682,33.698,50.706,29.099,62.5,90.909,75.0,50.0,63.636,46.154,65.711,58.002,41.487,37.616,57.696,24.976,2020-07-10,2019-10-25,1999-01-01,2020-10-06,2020-03-20,2019-08-14,259,7602,0,200,219,7530,2020-06-22,2020-04-17,2019-12-23,2020-09-21,2020-05-15,2020-02-21,2020-11-23,2020-11-17,2020-11-10,2020-11-20,2020-11-11,2020-11-09,2020-06-29,2020-05-04,2019-12-26,2020-09-08,2020-05-15,2020-03-05,1,0,0,1,1,0,0,1,0,1,0,1,0,1,0,0,1,0,0,0,0,1,0,0,0,1,0,1,1,0,,,,,p2n,,,,,Life.Bear,Life.BearRecovery,Life.Bear,Life.BearRecovery,Life.Bear,,
2020-11-24,0.6918,,,0.68,,0.69498,0.70846,0.72362,0.74502,0.69146,0.69543,-0.00397,-0.00478,-0.00263,0.00082,,,6.24,-7.89,0.59,-0.59,11.52,-7.68,6.31,-3.64,14.0,21.0,6.0,7.0,28.0,14.0,17.0,14.0,-0.0,-0.015,0.00286,-0.00429,0.66667,40.0,51.61079,,,2.384,0.0,37.5,0.0,,24.44444,32.96296,49.01531,48.78106,,,0.01741,0.02063,,,-0.3656,-0.2864,-0.5004,-0.1348,0.0792,-0.214,0,0,0,,,,,,-0.15,,,0.695,0.732,0.799,0.691,0.68,0.68,2020-11-16,2020-10-07,2020-08-26,2020-11-23,2020-10-30,2020-09-25,0.12,-0.58,2.21,-7.1,7.65,-14.89,1.0,5.0,11.0,16.0,8.0,20.0,0.0,-0.0,0.0,-0.0,1.0,-1.0,0.695,0.705,0.7,0.68,0.69,0.69,2020-11-23,2020-11-17,2020-11-10,2020-11-24,2020-11-20,2020-11-12,0.035,0.028,0.025,0.025,0.02,0.024,2020-07-29,2020-04-14,2019-11-20,2020-05-27,2020-02-12,2019-10-07,522900.0,718400.0,497500.0,-36.93,-15.84,-20.88,0.039,0.021,0.0,-0.018,-0.04,-0.034,0.05598,0.03063,0.0,-0.02455,-0.05756,-0.03172,55.78,54.029,43.682,33.698,50.706,29.099,62.5,90.909,75.0,0.0,50.0,63.636,65.711,58.002,41.487,37.616,57.696,24.976,2020-07-10,2019-10-25,1999-01-01,2020-10-06,2020-03-20,2019-08-14,259,7602,0,200,219,7530,2020-06-22,2020-04-17,2019-12-23,2020-09-21,2020-05-15,2020-02-21,2020-11-23,2020-11-17,2020-11-10,2020-11-24,2020-11-20,2020-11-11,2020-06-29,2020-05-04,2019-12-26,2020-09-08,2020-05-15,2020-03-05,1,0,0,1,1,0,1,0,0,1,0,1,0,1,0,0,1,0,1,0,0,1,0,0,0,1,0,1,1,0,,,,,,,,,,Life.Bear,Life.BearRecovery,Life.Bear,Life.BearRecovery,Life.Bear,,
2020-11-25,0.69308,,,,0.69,0.6946,0.70774,0.72295,0.74447,0.69123,0.69502,-0.00379,-0.00458,-0.00219,0.00079,,,6.05,-7.89,0.59,-0.59,11.52,-7.68,6.31,-3.64,13.0,21.0,6.0,7.0,28.0,14.0,17.0,14.0,0.01,0.0,0.00357,-0.00393,0.90909,47.61905,51.79664,,,10.00305,33.33333,31.94444,,33.333,30.0,30.0,49.17486,48.99569,,,0.01688,0.02054,,,-0.3673,-0.2835,-0.4987,-0.1314,0.0838,-0.2152,0,0,1,,,,,,-0.15,,,0.695,0.732,0.799,0.691,0.68,0.68,2020-11-16,2020-10-07,2020-08-26,2020-11-23,2020-10-30,2020-09-25,0.3,-0.58,2.21,-7.1,7.65,-14.89,2.0,5.0,11.0,16.0,8.0,20.0,0.0,-0.0,0.0,-0.0,1.0,-1.0,0.69,0.695,0.705,0.68,0.69,0.69,2020-11-25,2020-11-23,2020-11-17,2020-11-24,2020-11-20,2020-11-12,0.035,0.028,0.025,0.025,0.02,0.024,2020-07-29,2020-04-14,2019-11-20,2020-05-27,2020-02-12,2019-10-07,718400.0,497500.0,1036500.0,-15.84,-20.88,29.54,0.039,0.021,0.0,-0.018,-0.04,-0.034,0.05598,0.03063,0.0,-0.02455,-0.05756,-0.03172,55.78,54.029,43.682,33.698,50.706,29.099,33.333,62.5,90.909,0.0,50.0,63.636,65.711,58.002,41.487,37.616,57.696,24.976,2020-07-10,2019-10-25,1999-01-01,2020-10-06,2020-03-20,2019-08-14,259,7602,0,200,219,7530,2020-06-22,2020-04-17,2019-12-23,2020-09-21,2020-05-15,2020-02-21,2020-11-25,2020-11-23,2020-11-17,2020-11-24,2020-11-20,2020-11-11,2020-06-29,2020-05-04,2019-12-26,2020-09-08,2020-05-15,2020-03-05,1,0,0,1,1,0,1,0,0,1,0,1,0,1,0,0,1,0,1,0,0,1,0,0,0,1,0,1,1,0,1036500,,,,,,,,n2p,Life.Bear,Life.BearRecovery,Life.Bear,Life.BearRecovery,Life.Bear,,
2020-11-26,0.69534,,,0.68,,0.69348,0.70665,0.7221,0.74383,0.68951,0.69391,-0.0044,-0.00455,-0.00177,0.00014,,,5.7,-7.89,0.59,-0.59,11.52,-7.68,6.31,-3.64,12.0,21.0,6.0,7.0,28.0,14.0,17.0,14.0,-0.0,-0.01,0.00321,-0.00464,0.69231,40.90909,51.95259,,,3.29309,0.0,11.11111,0.0,,16.66667,23.7037,49.26719,49.15245,,,0.01639,0.02046,,,-0.3718,-0.2862,-0.5035,-0.1317,0.0856,-0.2173,0,0,0,,,,,,-0.15,,,0.695,0.732,0.799,0.691,0.68,0.68,2020-11-16,2020-10-07,2020-08-26,2020-11-23,2020-10-30,2020-09-25,0.63,-0.58,2.21,-7.1,7.65,-14.89,3.0,5.0,11.0,16.0,8.0,20.0,0.0,-0.0,0.0,-0.0,1.0,-1.0,0.69,0.695,0.705,0.68,0.68,0.69,2020-11-25,2020-11-23,2020-11-17,2020-11-26,2020-11-24,2020-11-20,0.035,0.028,0.025,0.025,0.02,0.024,2020-07-29,2020-04-14,2019-11-20,2020-05-27,2020-02-12,2019-10-07,497500.0,1036500.0,593900.0,-20.88,29.54,-5.53,0.039,0.021,0.0,-0.018,-0.04,-0.034,0.05598,0.03063,0.0,-0.02455,-0.05756,-0.03172,55.78,54.029,43.682,33.698,50.706,29.099,33.333,62.5,90.909,0.0,0.0,50.0,65.711,58.002,41.487,37.616,57.696,24.976,2020-07-10,2019-10-25,1999-01-01,2020-10-06,2020-03-20,2019-08-14,259,7602,0,200,219,7530,2020-06-22,2020-04-17,2019-12-23,2020-09-21,2020-05-15,2020-02-21,2020-11-25,2020-11-23,2020-11-17,2020-11-26,2020-11-24,2020-11-20,2020-06-29,2020-05-04,2019-12-26,2020-09-08,2020-05-15,2020-03-05,1,0,0,1,1,0,1,0,0,1,0,1,0,1,0,0,1,0,1,0,0,1,0,0,0,1,0,1,1,0,,,,,,,,n2p,,Life.Bear,Life.BearRecovery,Life.Bear,Life.BearRecovery,Life.Bear,,
2020-11-27,0.69845,,,,,0.69282,0.7058,0.72137,0.74324,0.68881,0.69325,-0.00444,-0.00453,-0.00137,9e-05,,,5.23,-7.89,0.59,-0.59,11.52,-7.68,6.31,-3.64,11.0,21.0,6.0,7.0,28.0,14.0,17.0,14.0,0.005,0.0,0.00357,-0.00357,1.0,50.0,52.07601,,,12.384,37.5,23.61111,,,36.66667,27.77778,49.28938,49.24381,,49.289,0.01665,0.0204,,,-0.3744,-0.2855,-0.5042,-0.1298,0.0889,-0.2187,0,0,0,,,,,,-0.15,,,0.695,0.732,0.799,0.691,0.68,0.68,2020-11-16,2020-10-07,2020-08-26,2020-11-23,2020-10-30,2020-09-25,1.08,-0.58,2.21,-7.1,7.65,-14.89,4.0,5.0,11.0,16.0,8.0,20.0,0.0,-0.0,0.0,-0.0,1.0,-1.0,0.69,0.695,0.705,0.68,0.68,0.69,2020-11-25,2020-11-23,2020-11-17,2020-11-26,2020-11-24,2020-11-20,0.035,0.028,0.025,0.025,0.02,0.024,2020-07-29,2020-04-14,2019-11-20,2020-05-27,2020-02-12,2019-10-07,1036500.0,593900.0,1345700.0,29.54,-5.53,39.86,0.039,0.021,0.0,-0.018,-0.04,-0.034,0.05598,0.03063,0.0,-0.02455,-0.05756,-0.03172,49.289,55.78,54.029,33.698,50.706,29.099,33.333,62.5,90.909,0.0,0.0,50.0,65.711,58.002,41.487,37.616,57.696,24.976,2020-07-10,2019-10-25,1999-01-01,2020-10-06,2020-03-20,2019-08-14,259,7602,0,200,219,7530,2020-11-27,2020-06-22,2020-04-17,2020-09-21,2020-05-15,2020-02-21,2020-11-25,2020-11-23,2020-11-17,2020-11-26,2020-11-24,2020-11-20,2020-06-29,2020-05-04,2019-12-26,2020-09-08,2020-05-15,2020-03-05,1,0,0,1,1,0,1,0,0,1,0,1,1,0,0,0,1,0,1,0,0,1,0,0,0,1,0,1,1,0,1345700,,,,,,n2p,,n2p,Life.Bear,Life.BearRecovery,Life.Bear,Life.BearRecovery,Life.Bear,,
2020-11-30,0.70215,,,,,0.69415,0.70597,0.72114,0.74291,0.69207,0.69449,-0.00242,-0.0041,-0.00099,0.00169,,,4.68,-7.89,0.59,-0.59,11.52,-7.68,6.31,-3.64,10.0,21.0,6.0,7.0,28.0,14.0,17.0,14.0,0.025,0.0,0.00429,-0.00357,1.2,54.54545,52.16358,,,16.92945,100.0,45.83333,,100.0,53.33333,35.55556,49.24377,49.26678,,,0.01724,0.02036,,,-0.3694,-0.2699,-0.4876,-0.1182,0.0995,-0.2177,1,1,1,,,,,,,-0.15,,0.695,0.732,0.799,0.691,0.68,0.68,2020-11-16,2020-10-07,2020-08-26,2020-11-23,2020-10-30,2020-09-25,1.61,-0.58,2.21,-7.1,7.65,-14.89,5.0,5.0,11.0,16.0,8.0,20.0,0.0,-0.0,0.0,-0.0,1.0,-1.0,0.69,0.695,0.705,0.68,0.68,0.69,2020-11-25,2020-11-23,2020-11-17,2020-11-26,2020-11-24,2020-11-20,0.035,0.028,0.025,0.025,0.02,0.024,2020-07-29,2020-04-14,2019-11-20,2020-05-27,2020-02-12,2019-10-07,593900.0,1345700.0,2208300.0,-5.53,39.86,39.37,0.039,0.021,0.0,-0.018,-0.04,-0.034,0.05598,0.03063,0.0,-0.02455,-0.05756,-0.03172,49.289,55.78,54.029,33.698,50.706,29.099,100.0,33.333,62.5,0.0,0.0,50.0,65.711,58.002,41.487,37.616,57.696,24.976,2020-07-10,2019-10-25,1999-01-01,2020-10-06,2020-03-20,2019-08-14,259,7602,0,200,219,7530,2020-11-27,2020-06-22,2020-04-17,2020-09-21,2020-05-15,2020-02-21,2020-11-30,2020-11-25,2020-11-23,2020-11-26,2020-11-24,2020-11-20,2020-06-29,2020-05-04,2019-12-26,2020-09-08,2020-05-15,2020-03-05,1,0,0,1,1,0,1,0,0,1,0,1,1,0,0,0,0,1,1,0,0,1,0,0,0,1,0,1,1,0,,,,,,n2p,,n2p,,Life.BearRecovery,Life.Bear,Life.BearRecovery,Life.Bear,Life.BearRecovery,,
2020-12-01,0.70629,,,,0.72,0.69613,0.70652,0.72112,0.74268,0.69637,0.69638,-1e-05,-0.00329,-0.00063,0.00327,,,4.06,-7.89,0.59,-0.59,11.52,-7.68,6.31,-3.64,9.0,21.0,6.0,7.0,28.0,14.0,17.0,14.0,0.01,0.0,0.005,-0.00286,1.75,63.63636,52.21157,,,26.02036,71.42857,69.64286,,,77.14286,55.71429,49.13535,49.22283,,,0.01815,0.02033,,,-0.3616,-0.2499,-0.4655,-0.1039,0.1117,-0.2156,1,1,1,,,,,,,-0.15,,0.695,0.732,0.799,0.691,0.68,0.68,2020-11-16,2020-10-07,2020-08-26,2020-11-23,2020-10-30,2020-09-25,2.21,-0.58,2.21,-7.1,7.65,-14.89,6.0,5.0,11.0,16.0,8.0,20.0,0.0,-0.0,0.0,-0.0,1.0,-1.0,0.72,0.69,0.695,0.68,0.68,0.69,2020-12-01,2020-11-25,2020-11-23,2020-11-26,2020-11-24,2020-11-20,0.035,0.028,0.025,0.025,0.02,0.024,2020-07-29,2020-04-14,2019-11-20,2020-05-27,2020-02-12,2019-10-07,1345700.0,2208300.0,3204600.0,39.86,39.37,62.94,0.039,0.021,0.0,-0.018,-0.04,-0.034,0.05598,0.03063,0.0,-0.02455,-0.05756,-0.03172,49.289,55.78,54.029,33.698,50.706,29.099,100.0,33.333,62.5,0.0,0.0,50.0,65.711,58.002,41.487,37.616,57.696,24.976,2020-07-10,2019-10-25,1999-01-01,2020-10-06,2020-03-20,2019-08-14,259,7602,0,200,219,7530,2020-11-27,2020-06-22,2020-04-17,2020-09-21,2020-05-15,2020-02-21,2020-11-30,2020-11-25,2020-11-23,2020-11-26,2020-11-24,2020-11-20,2020-06-29,2020-05-04,2019-12-26,2020-09-08,2020-05-15,2020-03-05,1,0,0,1,0,1,1,0,0,1,0,1,1,0,0,0,0,1,1,0,0,1,0,0,0,1,0,1,1,0,,,,,n2p,,n2p,,,Life.BearRecovery,Life.Bear,Life.BearRecovery,Life.Bear,Life.BearRecovery,,
2020-12-02,0.71085,,,0.705,,0.69682,0.70646,0.7208,0.74231,0.6977,0.69702,0.00068,-0.00249,-0.00031,0.00317,,,3.4,-7.89,0.59,-0.59,11.52,-7.68,6.31,-3.64,8.0,21.0,6.0,7.0,28.0,14.0,17.0,14.0,-0.0,-0.015,0.005,-0.00393,1.27273,56.0,52.21663,,52.217,18.384,50.0,73.80952,50.0,,73.80952,68.09524,48.96893,49.11602,,,0.019,0.02032,,,-0.3585,-0.2398,-0.4549,-0.0964,0.1187,-0.2151,1,1,1,,,,,,,-0.15,,0.695,0.732,0.799,0.691,0.68,0.68,2020-11-16,2020-10-07,2020-08-26,2020-11-23,2020-10-30,2020-09-25,2.87,-0.58,2.21,-7.1,7.65,-14.89,7.0,5.0,11.0,16.0,8.0,20.0,0.0,-0.0,0.0,-0.0,1.0,-1.0,0.72,0.69,0.695,0.705,0.68,0.68,2020-12-01,2020-11-25,2020-11-23,2020-12-02,2020-11-26,2020-11-24,0.035,0.028,0.025,0.025,0.02,0.024,2020-07-29,2020-04-14,2019-11-20,2020-05-27,2020-02-12,2019-10-07,2208300.0,3204600.0,2084100.0,39.37,62.94,10.93,0.039,0.021,0.0,-0.018,-0.04,-0.034,0.05598,0.03063,0.0,-0.02455,-0.05756,-0.03172,49.289,55.78,54.029,33.698,50.706,29.099,100.0,33.333,62.5,50.0,0.0,0.0,52.217,65.711,58.002,37.616,57.696,24.976,2020-07-10,2019-10-25,1999-01-01,2020-10-06,2020-03-20,2019-08-14,259,7602,0,200,219,7530,2020-11-27,2020-06-22,2020-04-17,2020-09-21,2020-05-15,2020-02-21,2020-11-30,2020-11-25,2020-11-23,2020-12-02,2020-11-26,2020-11-24,2020-12-02,2020-06-29,2020-05-04,2020-09-08,2020-05-15,2020-03-05,1,0,0,1,0,1,0,1,0,1,0,1,1,0,0,0,0,1,0,1,1,0,0,0,0,1,0,1,1,0,,,,,,n2p,,,,Life.BearRecovery,Life.Bear,Life.BearRecovery,Life.Bear,Life.BearRecovery,,
2020-12-03,0.71562,,,,0.725,0.69898,0.70718,0.72088,0.74214,0.7019,0.69909,0.00281,-0.00143,-1e-05,0.00424,,,2.71,-7.89,0.59,-0.59,11.52,-7.68,6.31,-3.64,7.0,21.0,6.0,7.0,28.0,14.0,17.0,14.0,0.02,0.0,0.00607,-0.00393,1.54545,60.71429,52.17641,,,8.49729,78.57143,66.66667,,78.571,66.66667,72.53968,48.74928,48.95118,,,0.01907,0.02032,,,-0.3496,-0.219,-0.4316,-0.082,0.1306,-0.2126,1,1,1,,,,,,,-0.15,,0.695,0.732,0.799,0.691,0.68,0.68,2020-11-16,2020-10-07,2020-08-26,2020-11-23,2020-10-30,2020-09-25,3.56,-0.58,2.21,-7.1,7.65,-14.89,8.0,5.0,11.0,16.0,8.0,20.0,0.0,-0.0,0.0,-0.0,1.0,-1.0,0.725,0.72,0.69,0.705,0.68,0.68,2020-12-03,2020-12-01,2020-11-25,2020-12-02,2020-11-26,2020-11-24,0.035,0.028,0.025,0.025,0.02,0.024,2020-07-29,2020-04-14,2019-11-20,2020-05-27,2020-02-12,2019-10-07,3204600.0,2084100.0,1226200.0,62.94,10.93,-13.1,0.039,0.021,0.0,-0.018,-0.04,-0.034,0.05598,0.03063,0.0,-0.02455,-0.05756,-0.03172,49.289,55.78,54.029,33.698,50.706,29.099,78.571,100.0,33.333,50.0,0.0,0.0,52.217,65.711,58.002,37.616,57.696,24.976,2020-07-10,2019-10-25,1999-01-01,2020-10-06,2020-03-20,2019-08-14,259,7602,0,200,219,7530,2020-11-27,2020-06-22,2020-04-17,2020-09-21,2020-05-15,2020-02-21,2020-12-03,2020-11-30,2020-11-25,2020-12-02,2020-11-26,2020-11-24,2020-12-02,2020-06-29,2020-05-04,2020-09-08,2020-05-15,2020-03-05,1,0,0,1,0,1,0,1,0,1,0,1,1,0,0,0,0,0,0,1,1,0,0,0,0,1,0,1,1,0,,,,,n2p,,,,,Life.BearRecovery,Life.Bear,Life.BearRecovery,Life.Bear,Life.BearRecovery,,
2020-12-04,0.72031,,,,,0.7006,0.70769,0.72087,0.74192,0.70468,0.70064,0.00404,-0.00034,0.00025,0.00438,,,2.04,-7.89,0.59,-0.59,11.52,-7.68,6.31,-3.64,6.0,21.0,6.0,7.0,28.0,14.0,17.0,14.0,-0.0,-0.005,0.00571,-0.00429,1.33333,57.14286,52.08948,,,4.92586,71.42857,66.66667,,,64.06926,68.18182,48.48125,48.73315,,,0.01878,0.02033,,,-0.3423,-0.2027,-0.4132,-0.0709,0.1396,-0.2105,1,1,1,,,,,,,-0.15,,0.695,0.732,0.799,0.691,0.68,0.68,2020-11-16,2020-10-07,2020-08-26,2020-11-23,2020-10-30,2020-09-25,4.24,-0.58,2.21,-7.1,7.65,-14.89,9.0,5.0,11.0,16.0,8.0,20.0,0.0,-0.0,0.0,-0.0,1.0,-1.0,0.725,0.72,0.69,0.705,0.68,0.68,2020-12-03,2020-12-01,2020-11-25,2020-12-02,2020-11-26,2020-11-24,0.035,0.028,0.025,0.025,0.02,0.024,2020-07-29,2020-04-14,2019-11-20,2020-05-27,2020-02-12,2019-10-07,2084100.0,1226200.0,1126500.0,10.93,-13.1,-31.9,0.039,0.021,0.0,-0.018,-0.04,-0.034,0.05598,0.03063,0.0,-0.02455,-0.05756,-0.03172,49.289,55.78,54.029,33.698,50.706,29.099,78.571,100.0,33.333,50.0,0.0,0.0,52.217,65.711,58.002,37.616,57.696,24.976,2020-07-10,2019-10-25,1999-01-01,2020-10-06,2020-03-20,2019-08-14,259,7602,0,200,219,7530,2020-11-27,2020-06-22,2020-04-17,2020-09-21,2020-05-15,2020-02-21,2020-12-03,2020-11-30,2020-11-25,2020-12-02,2020-11-26,2020-11-24,2020-12-02,2020-06-29,2020-05-04,2020-09-08,2020-05-15,2020-03-05,1,0,0,1,0,1,0,1,0,1,0,1,1,0,0,0,0,0,0,1,1,0,0,0,0,1,0,1,1,0,,,,,,,,,,Life.BearRecovery,Life.Bear,Life.BearRecovery,Life.Bear,Life.BearRecovery,,
2020-12-07,0.72474,,,0.71,,0.70132,0.70778,0.72065,0.7416,0.7055,0.70133,0.00417,0.00056,0.00048,0.0036,,,1.42,-7.89,0.59,-0.59,11.52,-7.68,6.31,-3.64,5.0,21.0,6.0,7.0,28.0,14.0,17.0,14.0,-0.0,-0.01,0.00536,-0.005,1.07143,51.72414,51.9549,,,-0.49286,57.14286,69.04762,57.143,,52.1645,60.96681,48.17011,48.46688,,,0.01815,0.02035,,,-0.3382,-0.1933,-0.4028,-0.0646,0.1449,-0.2095,1,1,1,,,,,,,-0.15,,0.695,0.732,0.799,0.691,0.68,0.68,2020-11-16,2020-10-07,2020-08-26,2020-11-23,2020-10-30,2020-09-25,4.88,-0.58,2.21,-7.1,7.65,-14.89,10.0,5.0,11.0,16.0,8.0,20.0,0.0,-0.0,0.0,-0.0,1.0,-1.0,0.725,0.72,0.69,0.71,0.705,0.68,2020-12-03,2020-12-01,2020-11-25,2020-12-07,2020-12-02,2020-11-26,0.035,0.028,0.025,0.025,0.02,0.024,2020-07-29,2020-04-14,2019-11-20,2020-05-27,2020-02-12,2019-10-07,1226200.0,1126500.0,558500.0,-13.1,-31.9,-34.39,0.039,0.021,0.0,-0.018,-0.04,-0.034,0.05598,0.03063,0.0,-0.02455,-0.05756,-0.03172,49.289,55.78,54.029,33.698,50.706,29.099,78.571,100.0,33.333,57.143,50.0,0.0,52.217,65.711,58.002,37.616,57.696,24.976,2020-07-10,2019-10-25,1999-01-01,2020-10-06,2020-03-20,2019-08-14,259,7602,0,200,219,7530,2020-11-27,2020-06-22,2020-04-17,2020-09-21,2020-05-15,2020-02-21,2020-12-03,2020-11-30,2020-11-25,2020-12-07,2020-12-02,2020-11-26,2020-12-02,2020-06-29,2020-05-04,2020-09-08,2020-05-15,2020-03-05,1,0,0,1,0,1,0,1,0,1,0,1,1,0,0,0,0,0,0,1,1,0,0,0,0,1,0,1,1,0,,,,,,,,,,Life.BearRecovery,Life.Bear,Life.BearRecovery,Life.Bear,Life.BearRecovery,,
2020-12-08,0.72867,,,,0.73,0.70353,0.70865,0.72084,0.74148,0.70927,0.70346,0.00581,0.00161,0.00067,0.0042,,,0.87,-7.89,0.59,-0.59,11.52,-7.68,6.31,-3.64,4.0,21.0,6.0,7.0,28.0,14.0,17.0,14.0,0.02,0.0,0.00679,-0.00429,1.58333,61.29032,51.77196,,,9.07332,85.71429,71.42857,,85.714,53.7518,56.66186,47.81953,48.15696,,,0.01864,0.02038,,,-0.3283,-0.1731,-0.3795,-0.0512,0.1552,-0.2064,1,1,1,,,,,,,-0.15,,0.695,0.732,0.799,0.691,0.68,0.68,2020-11-16,2020-10-07,2020-08-26,2020-11-23,2020-10-30,2020-09-25,5.45,-0.58,2.21,-7.1,7.65,-14.89,11.0,5.0,11.0,16.0,8.0,20.0,0.0,-0.0,0.0,-0.0,1.0,-1.0,0.73,0.725,0.72,0.71,0.705,0.68,2020-12-08,2020-12-03,2020-12-01,2020-12-07,2020-12-02,2020-11-26,0.035,0.028,0.025,0.025,0.02,0.024,2020-07-29,2020-04-14,2019-11-20,2020-05-27,2020-02-12,2019-10-07,1126500.0,558500.0,1470200.0,-31.9,-34.39,8.38,0.039,0.021,0.0,-0.018,-0.04,-0.034,0.05598,0.03063,0.0,-0.02455,-0.05756,-0.03172,49.289,55.78,54.029,33.698,50.706,29.099,85.714,78.571,100.0,57.143,50.0,0.0,52.217,65.711,58.002,37.616,57.696,24.976,2020-07-10,2019-10-25,1999-01-01,2020-10-06,2020-03-20,2019-08-14,259,7602,0,200,219,7530,2020-11-27,2020-06-22,2020-04-17,2020-09-21,2020-05-15,2020-02-21,2020-12-08,2020-12-03,2020-11-30,2020-12-07,2020-12-02,2020-11-26,2020-12-02,2020-06-29,2020-05-04,2020-09-08,2020-05-15,2020-03-05,1,0,0,1,0,1,0,1,0,1,0,1,1,0,0,0,0,0,0,1,1,0,0,0,0,1,0,1,1,0,1470200,,,,,,,,n2p,Life.BearRecovery,Life.Bear,Life.BearRecovery,Life.Bear,Life.BearRecovery,,
2020-12-09,0.73184,,,0.72,,0.7048,0.70909,0.72082,0.74127,0.71092,0.70468,0.00624,0.00254,0.00082,0.0037,,,0.43,-7.89,0.59,-0.59,11.52,-7.68,6.31,-3.64,3.0,21.0,6.0,7.0,28.0,14.0,17.0,14.0,-0.0,-0.01,0.00679,-0.00464,1.46154,59.375,51.54085,,,7.158,71.42857,71.42857,71.429,,49.20635,51.70755,47.43069,47.80678,,,0.0191,0.02042,,,-0.3218,-0.1602,-0.3647,-0.0429,0.1616,-0.2045,1,1,1,,,,,,,-0.15,,0.695,0.732,0.799,0.691,0.68,0.68,2020-11-16,2020-10-07,2020-08-26,2020-11-23,2020-10-30,2020-09-25,5.91,-0.58,2.21,-7.1,7.65,-14.89,12.0,5.0,11.0,16.0,8.0,20.0,0.0,-0.0,0.0,-0.0,1.0,-1.0,0.73,0.725,0.72,0.72,0.71,0.705,2020-12-08,2020-12-03,2020-12-01,2020-12-09,2020-12-07,2020-12-02,0.035,0.028,0.025,0.025,0.02,0.024,2020-07-29,2020-04-14,2019-11-20,2020-05-27,2020-02-12,2019-10-07,558500.0,1470200.0,908800.0,-34.39,8.38,-6.9,0.039,0.021,0.0,-0.018,-0.04,-0.034,0.05598,0.03063,0.0,-0.02455,-0.05756,-0.03172,49.289,55.78,54.029,33.698,50.706,29.099,85.714,78.571,100.0,71.429,57.143,50.0,52.217,65.711,58.002,37.616,57.696,24.976,2020-07-10,2019-10-25,1999-01-01,2020-10-06,2020-03-20,2019-08-14,259,7602,0,200,219,7530,2020-11-27,2020-06-22,2020-04-17,2020-09-21,2020-05-15,2020-02-21,2020-12-08,2020-12-03,2020-11-30,2020-12-09,2020-12-07,2020-12-02,2020-12-02,2020-06-29,2020-05-04,2020-09-08,2020-05-15,2020-03-05,1,0,0,1,0,1,0,1,0,1,0,1,1,0,0,0,0,0,0,1,1,0,0,0,0,1,0,1,1,0,,,,,,,,n2p,,Life.BearRecovery,Life.Bear,Life.BearRecovery,Life.Bear,Life.BearRecovery,,
2020-12-10,0.73412,,,,0.765,0.70943,0.71129,0.72169,0.74151,0.71924,0.70915,0.01009,0.00405,0.00093,0.00604,,,0.12,-7.89,0.59,-0.59,11.52,-7.68,6.31,-3.64,2.0,21.0,6.0,7.0,28.0,14.0,17.0,14.0,0.045,0.0,0.01,-0.00464,2.15385,68.29268,51.26372,,,16.07568,90.47619,82.53968,,90.476,73.01587,58.65801,47.00413,47.41812,,,0.02238,0.02046,0.02,,-0.3022,-0.1226,-0.3208,-0.0186,0.1796,-0.1982,1,1,1,,,,,,,-0.15,,0.695,0.732,0.799,0.691,0.68,0.68,2020-11-16,2020-10-07,2020-08-26,2020-11-23,2020-10-30,2020-09-25,6.24,-0.58,2.21,-7.1,7.65,-14.89,13.0,5.0,11.0,16.0,8.0,20.0,0.0,-0.0,0.0,-0.0,1.0,-1.0,0.765,0.73,0.725,0.72,0.71,0.705,2020-12-10,2020-12-08,2020-12-03,2020-12-09,2020-12-07,2020-12-02,0.035,0.028,0.025,0.02,0.025,0.02,2020-07-29,2020-04-14,2019-11-20,2020-12-10,2020-05-27,2020-02-12,1470200.0,908800.0,16737200.0,8.38,-6.9,550.76,0.039,0.021,0.0,-0.018,-0.04,-0.034,0.05598,0.03063,0.0,-0.02455,-0.05756,-0.03172,49.289,55.78,54.029,33.698,50.706,29.099,90.476,85.714,78.571,71.429,57.143,50.0,52.217,65.711,58.002,37.616,57.696,24.976,2020-07-10,2019-10-25,1999-01-01,2020-10-06,2020-03-20,2019-08-14,259,7602,0,200,219,7530,2020-11-27,2020-06-22,2020-04-17,2020-09-21,2020-05-15,2020-02-21,2020-12-10,2020-12-08,2020-12-03,2020-12-09,2020-12-07,2020-12-02,2020-12-02,2020-06-29,2020-05-04,2020-09-08,2020-05-15,2020-03-05,1,0,0,1,0,1,0,1,0,1,0,1,1,0,0,0,0,1,0,1,1,0,0,0,0,1,1,0,1,0,16737200,,,,,,n2p,,n2p,Life.BearRecovery,Life.Bear,Life.BearRecovery,Life.Bear,Life.BearRecovery,,
2020-12-11,0.73522,,,,,0.71255,0.7128,0.72225,0.74159,0.72397,0.71218,0.0118,0.0056,0.001,0.0062,,,-0.03,-7.89,0.59,-0.59,11.52,-7.68,6.31,-3.64,1.0,21.0,6.0,7.0,28.0,14.0,17.0,14.0,-0.0,-0.015,0.00964,-0.00571,1.6875,62.7907,50.94432,,,10.5737,76.19048,79.36508,,,66.66667,62.96296,46.54095,46.99192,,,0.02221,0.02051,,,-0.2879,-0.097,-0.2904,-0.0025,0.1909,-0.1934,1,1,1,,,,,,,-0.15,,0.695,0.732,0.799,0.691,0.68,0.68,2020-11-16,2020-10-07,2020-08-26,2020-11-23,2020-10-30,2020-09-25,6.4,-0.58,2.21,-7.1,7.65,-14.89,14.0,5.0,11.0,16.0,8.0,20.0,0.0,-0.0,0.0,-0.0,1.0,-1.0,0.765,0.73,0.725,0.72,0.71,0.705,2020-12-10,2020-12-08,2020-12-03,2020-12-09,2020-12-07,2020-12-02,0.035,0.028,0.025,0.02,0.025,0.02,2020-07-29,2020-04-14,2019-11-20,2020-12-10,2020-05-27,2020-02-12,908800.0,16737200.0,2644000.0,-6.9,550.76,6.14,0.039,0.021,0.0,-0.018,-0.04,-0.034,0.05598,0.03063,0.0,-0.02455,-0.05756,-0.03172,49.289,55.78,54.029,33.698,50.706,29.099,90.476,85.714,78.571,71.429,57.143,50.0,52.217,65.711,58.002,37.616,57.696,24.976,2020-07-10,2019-10-25,1999-01-01,2020-10-06,2020-03-20,2019-08-14,259,7602,0,200,219,7530,2020-11-27,2020-06-22,2020-04-17,2020-09-21,2020-05-15,2020-02-21,2020-12-10,2020-12-08,2020-12-03,2020-12-09,2020-12-07,2020-12-02,2020-12-02,2020-06-29,2020-05-04,2020-09-08,2020-05-15,2020-03-05,1,0,0,1,0,1,0,1,0,1,0,1,1,0,0,0,0,1,0,1,1,0,0,0,0,1,1,0,1,0,,,,,,n2p,,n2p,,Life.BearRecovery,Life.Bear,Life.BearRecovery,Life.Bear,Life.BearRecovery,,
2020-12-14,0.73484,,0.735,0.73,,0.71389,0.71348,0.72241,0.74148,0.7249,0.7135,0.0114,0.00676,0.00102,0.00464,,,-7.87,0.59,-0.59,11.52,-7.68,6.31,-3.64,5.18,21.0,6.0,7.0,28.0,14.0,17.0,14.0,16.0,-0.0,-0.02,0.00964,-0.00607,1.58824,61.36364,50.58797,,,9.14664,57.14286,74.60317,57.143,,61.90476,67.19577,46.04475,46.52995,,,0.02205,0.02055,,,-0.28,-0.0893,-0.28,0.0,0.1907,-0.1907,1,1,1,,,,,,,-0.15,,0.735,0.695,0.732,0.691,0.68,0.68,2020-12-14,2020-11-16,2020-10-07,2020-11-23,2020-10-30,2020-09-25,0.0,6.37,-0.58,2.21,-7.1,7.65,0.0,15.0,5.0,11.0,16.0,8.0,0.0,0.0,-0.0,0.0,-0.0,1.0,0.765,0.73,0.725,0.73,0.72,0.71,2020-12-10,2020-12-08,2020-12-03,2020-12-14,2020-12-09,2020-12-07,0.035,0.028,0.025,0.02,0.025,0.02,2020-07-29,2020-04-14,2019-11-20,2020-12-10,2020-05-27,2020-02-12,16737200.0,2644000.0,1850100.0,550.76,6.14,4.64,0.039,0.021,0.0,-0.018,-0.04,-0.034,0.05598,0.03063,0.0,-0.02455,-0.05756,-0.03172,49.289,55.78,54.029,33.698,50.706,29.099,90.476,85.714,78.571,57.143,71.429,57.143,52.217,65.711,58.002,37.616,57.696,24.976,2020-07-10,2019-10-25,1999-01-01,2020-10-06,2020-03-20,2019-08-14,259,7602,0,200,219,7530,2020-11-27,2020-06-22,2020-04-17,2020-09-21,2020-05-15,2020-02-21,2020-12-10,2020-12-08,2020-12-03,2020-12-14,2020-12-09,2020-12-07,2020-12-02,2020-06-29,2020-05-04,2020-09-08,2020-05-15,2020-03-05,0,1,0,1,0,1,0,1,0,1,0,1,1,0,0,0,0,1,1,0,1,0,0,0,0,1,1,0,1,0,,,,,n2p,,n2p,,,Life.BearRecovery,Life.Bear,Life.BearRecovery,Life.Bear,Life.BearRecovery,,
2020-12-15,0.73303,,,,0.75,0.71667,0.71491,0.72295,0.74156,0.72876,0.7162,0.01256,0.00792,0.00101,0.00464,,,-7.64,0.59,-0.59,11.52,-7.68,6.31,-3.64,5.18,20.0,6.0,7.0,28.0,14.0,17.0,14.0,16.0,0.02,0.0,0.01036,-0.00607,1.70588,63.04348,50.20052,,,10.82648,76.19048,69.84127,,76.19,53.84615,60.80586,45.52136,46.03569,,,0.02297,0.0206,,,-0.2665,-0.0804,-0.2665,0.0,0.1861,-0.1861,1,1,1,,,,,,,-0.15,,0.735,0.695,0.732,0.691,0.68,0.68,2020-12-14,2020-11-16,2020-10-07,2020-11-23,2020-10-30,2020-09-25,-0.27,6.37,-0.58,2.21,-7.1,7.65,1.0,15.0,5.0,11.0,16.0,8.0,-0.0,0.0,-0.0,0.0,-0.0,1.0,0.75,0.765,0.73,0.73,0.72,0.71,2020-12-15,2020-12-10,2020-12-08,2020-12-14,2020-12-09,2020-12-07,0.035,0.028,0.025,0.02,0.025,0.02,2020-07-29,2020-04-14,2019-11-20,2020-12-10,2020-05-27,2020-02-12,2644000.0,1850100.0,2629100.0,6.14,4.64,-66.45,0.039,0.021,0.0,-0.018,-0.04,-0.034,0.05598,0.03063,0.0,-0.02455,-0.05756,-0.03172,49.289,55.78,54.029,33.698,50.706,29.099,76.19,90.476,85.714,57.143,71.429,57.143,52.217,65.711,58.002,37.616,57.696,24.976,2020-07-10,2019-10-25,1999-01-01,2020-10-06,2020-03-20,2019-08-14,259,7602,0,200,219,7530,2020-11-27,2020-06-22,2020-04-17,2020-09-21,2020-05-15,2020-02-21,2020-12-15,2020-12-10,2020-12-08,2020-12-14,2020-12-09,2020-12-07,2020-12-02,2020-06-29,2020-05-04,2020-09-08,2020-05-15,2020-03-05,0,1,0,1,0,0,0,1,0,1,0,1,1,0,0,0,1,0,1,0,1,0,0,0,0,1,1,0,1,0,,,2629100,,,n2p,,,p2n,Life.BearRecovery,Life.Bear,Life.BearRecovery,Life.Bear,Life.BearRecovery,,
2020-12-16,0.73005,,,,,0.71808,0.7157,0.72319,0.74149,0.72972,0.71759,0.01213,0.00876,0.00096,0.00337,,,-7.27,0.59,-0.59,11.52,-7.68,6.31,-3.64,5.18,19.0,6.0,7.0,28.0,14.0,17.0,14.0,16.0,-0.0,-0.015,0.01036,-0.00643,1.61111,61.70213,49.78784,,,9.48513,61.90476,65.07937,,,45.2381,53.663,44.97903,45.51505,,,0.02348,0.02065,,,-0.2579,-0.0749,-0.2579,0.0,0.183,-0.183,1,1,1,,,,,,,-0.15,,0.735,0.695,0.732,0.691,0.68,0.68,2020-12-14,2020-11-16,2020-10-07,2020-11-23,2020-10-30,2020-09-25,-0.67,6.37,-0.58,2.21,-7.1,7.65,2.0,15.0,5.0,11.0,16.0,8.0,-0.0,0.0,-0.0,0.0,-0.0,1.0,0.75,0.765,0.73,0.73,0.72,0.71,2020-12-15,2020-12-10,2020-12-08,2020-12-14,2020-12-09,2020-12-07,0.035,0.028,0.025,0.02,0.025,0.02,2020-07-29,2020-04-14,2019-11-20,2020-12-10,2020-05-27,2020-02-12,1850100.0,2629100.0,8227700.0,4.64,-66.45,78.39,0.039,0.021,0.0,-0.018,-0.04,-0.034,0.05598,0.03063,0.0,-0.02455,-0.05756,-0.03172,49.289,55.78,54.029,33.698,50.706,29.099,76.19,90.476,85.714,57.143,71.429,57.143,52.217,65.711,58.002,37.616,57.696,24.976,2020-07-10,2019-10-25,1999-01-01,2020-10-06,2020-03-20,2019-08-14,259,7602,0,200,219,7530,2020-11-27,2020-06-22,2020-04-17,2020-09-21,2020-05-15,2020-02-21,2020-12-15,2020-12-10,2020-12-08,2020-12-14,2020-12-09,2020-12-07,2020-12-02,2020-06-29,2020-05-04,2020-09-08,2020-05-15,2020-03-05,0,1,0,1,0,0,0,1,0,1,0,1,1,0,0,0,1,0,1,0,1,0,0,0,0,1,1,0,1,0,-8227700,,,,n2p,,,p2n,n2p,Life.BearRecovery,Life.Bear,Life.BearRecovery,Life.Bear,Life.BearRecovery,,
2020-12-17,0.72615,,,,,0.71861,0.71606,0.72323,0.74133,0.72899,0.71814,0.01085,0.00918,0.00087,0.00167,,,-6.77,0.59,-0.59,11.52,-7.68,6.31,-3.64,5.18,18.0,6.0,7.0,28.0,14.0,17.0,14.0,16.0,-0.0,-0.01,0.01,-0.00714,1.4,58.33333,49.35577,,,6.11633,44.44444,60.84656,,,39.39394,46.1594,44.42828,44.97622,,,0.02323,0.0207,,,-0.2527,-0.0717,-0.2527,0.0,0.181,-0.181,1,1,1,,,,,,,-0.15,,0.735,0.695,0.732,0.691,0.68,0.68,2020-12-14,2020-11-16,2020-10-07,2020-11-23,2020-10-30,2020-09-25,-1.2,6.37,-0.58,2.21,-7.1,7.65,3.0,15.0,5.0,11.0,16.0,8.0,-0.0,0.0,-0.0,0.0,-0.0,1.0,0.75,0.765,0.73,0.73,0.72,0.71,2020-12-15,2020-12-10,2020-12-08,2020-12-14,2020-12-09,2020-12-07,0.035,0.028,0.025,0.02,0.025,0.02,2020-07-29,2020-04-14,2019-11-20,2020-12-10,2020-05-27,2020-02-12,2629100.0,8227700.0,2535200.0,-66.45,78.39,5.39,0.039,0.021,0.0,-0.018,-0.04,-0.034,0.05598,0.03063,0.0,-0.02455,-0.05756,-0.03172,49.289,55.78,54.029,33.698,50.706,29.099,76.19,90.476,85.714,57.143,71.429,57.143,52.217,65.711,58.002,37.616,57.696,24.976,2020-07-10,2019-10-25,1999-01-01,2020-10-06,2020-03-20,2019-08-14,259,7602,0,200,219,7530,2020-11-27,2020-06-22,2020-04-17,2020-09-21,2020-05-15,2020-02-21,2020-12-15,2020-12-10,2020-12-08,2020-12-14,2020-12-09,2020-12-07,2020-12-02,2020-06-29,2020-05-04,2020-09-08,2020-05-15,2020-03-05,0,1,0,1,0,0,0,1,0,1,0,1,1,0,0,0,1,0,1,0,1,0,0,0,0,1,1,0,1,0,,,,,,,p2n,n2p,,Life.BearRecovery,Life.Bear,Life.BearRecovery,Life.Bear,Life.BearRecovery,,
2020-12-18,0.7218,,,,,0.71872,0.71622,0.72317,0.74112,0.72761,0.71828,0.00933,0.00921,0.00074,0.00012,,,-6.21,0.59,-0.59,11.52,-7.68,6.31,-3.64,5.18,17.0,6.0,7.0,28.0,14.0,17.0,14.0,16.0,-0.0,-0.005,0.00821,-0.0075,1.09524,52.27273,48.91002,,,0.05573,21.42857,42.59259,,,22.21445,35.6155,43.88091,44.42941,,,0.02228,0.02074,,,-0.249,-0.0695,-0.249,0.0,0.1795,-0.1795,1,1,1,,,,,,,-0.15,,0.735,0.695,0.732,0.691,0.68,0.68,2020-12-14,2020-11-16,2020-10-07,2020-11-23,2020-10-30,2020-09-25,-1.8,6.37,-0.58,2.21,-7.1,7.65,4.0,15.0,5.0,11.0,16.0,8.0,-0.0,0.0,-0.0,0.0,-0.0,1.0,0.75,0.765,0.73,0.73,0.72,0.71,2020-12-15,2020-12-10,2020-12-08,2020-12-14,2020-12-09,2020-12-07,0.035,0.028,0.025,0.02,0.025,0.02,2020-07-29,2020-04-14,2019-11-20,2020-12-10,2020-05-27,2020-02-12,8227700.0,2535200.0,1375800.0,78.39,5.39,-9.36,0.039,0.021,0.0,-0.018,-0.04,-0.034,0.05598,0.03063,0.0,-0.02455,-0.05756,-0.03172,49.289,55.78,54.029,33.698,50.706,29.099,76.19,90.476,85.714,57.143,71.429,57.143,52.217,65.711,58.002,37.616,57.696,24.976,2020-07-10,2019-10-25,1999-01-01,2020-10-06,2020-03-20,2019-08-14,259,7602,0,200,219,7530,2020-11-27,2020-06-22,2020-04-17,2020-09-21,2020-05-15,2020-02-21,2020-12-15,2020-12-10,2020-12-08,2020-12-14,2020-12-09,2020-12-07,2020-12-02,2020-06-29,2020-05-04,2020-09-08,2020-05-15,2020-03-05,0,1,0,1,0,0,0,1,0,1,0,1,1,0,0,0,1,0,1,0,1,0,0,0,0,1,1,0,1,0,,,,,,p2n,n2p,,,Life.BearRecovery,Life.Bear,Life.BearRecovery,Life.Bear,Life.BearRecovery,,
2020-12-21,0.71738,,,,,0.71843,0.71617,0.723,0.74086,0.72567,0.71804,0.00763,0.00889,0.00058,-0.00126,,0.001,-5.63,0.59,-0.59,11.52,-7.68,6.31,-3.64,5.18,16.0,6.0,7.0,28.0,14.0,17.0,14.0,16.0,-0.0,-0.005,0.0075,-0.00786,0.95455,48.83721,48.45776,,,-3.37979,14.28571,26.71958,14.286,,9.39394,23.66744,43.34962,43.88627,,,0.02176,0.02078,,,-0.2469,-0.0683,-0.2469,0.0,0.1786,-0.1786,1,1,1,,,,,,,-0.15,,0.735,0.695,0.732,0.691,0.68,0.68,2020-12-14,2020-11-16,2020-10-07,2020-11-23,2020-10-30,2020-09-25,-2.4,6.37,-0.58,2.21,-7.1,7.65,5.0,15.0,5.0,11.0,16.0,8.0,-0.0,0.0,-0.0,0.0,-0.0,1.0,0.75,0.765,0.73,0.73,0.72,0.71,2020-12-15,2020-12-10,2020-12-08,2020-12-14,2020-12-09,2020-12-07,0.035,0.028,0.025,0.02,0.025,0.02,2020-07-29,2020-04-14,2019-11-20,2020-12-10,2020-05-27,2020-02-12,2535200.0,1375800.0,1266900.0,5.39,-9.36,-57.34,0.001,0.039,0.021,-0.018,-0.04,-0.034,0.00889,0.05598,0.03063,-0.02455,-0.05756,-0.03172,49.289,55.78,54.029,33.698,50.706,29.099,76.19,90.476,85.714,14.286,57.143,71.429,52.217,65.711,58.002,37.616,57.696,24.976,2020-12-21,2020-07-10,2019-10-25,2020-10-06,2020-03-20,2019-08-14,164,259,7602,200,219,7530,2020-11-27,2020-06-22,2020-04-17,2020-09-21,2020-05-15,2020-02-21,2020-12-15,2020-12-10,2020-12-08,2020-12-21,2020-12-14,2020-12-09,2020-12-02,2020-06-29,2020-05-04,2020-09-08,2020-05-15,2020-03-05,0,1,0,1,0,0,0,1,1,0,0,1,1,0,0,0,1,0,1,0,1,0,0,0,0,1,1,0,1,0,,,,-1266900,p2n,n2p,,,n2n,Life.BearRecovery,Life.Bear,Life.BearRecovery,Life.Bear,Life.BearRecovery,,
2020-12-22,0.71322,,,0.695,,0.71663,0.71534,0.72245,0.7404,0.72095,0.71633,0.00462,0.00804,0.00039,-0.00342,,,-5.08,0.59,-0.59,11.52,-7.68,6.31,-3.64,5.18,15.0,6.0,7.0,28.0,14.0,17.0,14.0,16.0,-0.0,-0.02,0.0075,-0.00821,0.91304,47.72727,48.00685,,,-4.48973,23.80952,19.84127,,,12.10526,14.57122,42.84629,43.35894,,,0.02342,0.02081,,,-0.2506,-0.0711,-0.2506,0.0,0.1795,-0.1795,0,0,0,,,,,,-0.15,,,0.735,0.695,0.732,0.691,0.68,0.68,2020-12-14,2020-11-16,2020-10-07,2020-11-23,2020-10-30,2020-09-25,-2.96,6.37,-0.58,2.21,-7.1,7.65,6.0,15.0,5.0,11.0,16.0,8.0,-0.0,0.0,-0.0,0.0,-0.0,1.0,0.75,0.765,0.73,0.695,0.73,0.72,2020-12-15,2020-12-10,2020-12-08,2020-12-22,2020-12-14,2020-12-09,0.035,0.028,0.025,0.02,0.025,0.02,2020-07-29,2020-04-14,2019-11-20,2020-12-10,2020-05-27,2020-02-12,1375800.0,1266900.0,5461400.0,-9.36,-57.34,56.51,0.001,0.039,0.021,-0.018,-0.04,-0.034,0.00889,0.05598,0.03063,-0.02455,-0.05756,-0.03172,49.289,55.78,54.029,33.698,50.706,29.099,76.19,90.476,85.714,14.286,57.143,71.429,52.217,65.711,58.002,37.616,57.696,24.976,2020-12-21,2020-07-10,2019-10-25,2020-10-06,2020-03-20,2019-08-14,164,259,7602,200,219,7530,2020-11-27,2020-06-22,2020-04-17,2020-09-21,2020-05-15,2020-02-21,2020-12-15,2020-12-10,2020-12-08,2020-12-21,2020-12-14,2020-12-09,2020-12-02,2020-06-29,2020-05-04,2020-09-08,2020-05-15,2020-03-05,0,1,0,1,0,0,1,0,1,0,0,1,1,0,0,0,1,0,1,0,1,0,0,0,0,1,1,0,1,0,-5461400,,,,n2p,,,n2n,n2p,Life.Bear,Life.BearRecovery,Life.Bear,Life.BearRecovery,Life.Bear,,
2020-12-23,0.70943,,,,,0.71573,0.71493,0.7221,0.74005,0.7185,0.71549,0.00301,0.00703,0.00018,-0.00403,,,-4.57,0.59,-0.59,11.52,-7.68,6.31,-3.64,5.18,14.0,6.0,7.0,28.0,14.0,17.0,14.0,16.0,0.01,0.0,0.00679,-0.00821,0.82609,45.2381,47.56306,,,-6.9789,33.33333,23.80952,,,24.32749,15.27556,42.37935,42.85842,,,0.02389,0.02084,,,-0.2512,-0.0717,-0.2512,0.0,0.1795,-0.1795,0,0,0,,,,,,-0.15,,,0.735,0.695,0.732,0.691,0.68,0.68,2020-12-14,2020-11-16,2020-10-07,2020-11-23,2020-10-30,2020-09-25,-3.48,6.37,-0.58,2.21,-7.1,7.65,7.0,15.0,5.0,11.0,16.0,8.0,-0.0,0.0,-0.0,0.0,-0.0,1.0,0.75,0.765,0.73,0.695,0.73,0.72,2020-12-15,2020-12-10,2020-12-08,2020-12-22,2020-12-14,2020-12-09,0.035,0.028,0.025,0.02,0.025,0.02,2020-07-29,2020-04-14,2019-11-20,2020-12-10,2020-05-27,2020-02-12,1266900.0,5461400.0,1701500.0,-57.34,56.51,4.02,0.001,0.039,0.021,-0.018,-0.04,-0.034,0.00889,0.05598,0.03063,-0.02455,-0.05756,-0.03172,49.289,55.78,54.029,33.698,50.706,29.099,76.19,90.476,85.714,14.286,57.143,71.429,52.217,65.711,58.002,37.616,57.696,24.976,2020-12-21,2020-07-10,2019-10-25,2020-10-06,2020-03-20,2019-08-14,164,259,7602,200,219,7530,2020-11-27,2020-06-22,2020-04-17,2020-09-21,2020-05-15,2020-02-21,2020-12-15,2020-12-10,2020-12-08,2020-12-21,2020-12-14,2020-12-09,2020-12-02,2020-06-29,2020-05-04,2020-09-08,2020-05-15,2020-03-05,0,1,0,1,0,0,1,0,1,0,0,1,1,0,0,0,1,0,1,0,1,0,0,0,0,1,1,0,1,0,,,,,,,n2n,n2p,,Life.Bear,Life.BearRecovery,Life.Bear,Life.BearRecovery,Life.Bear,,
2020-12-24,0.70589,,,,0.72,0.71606,0.71513,0.72206,0.73985,0.71873,0.71582,0.0029,0.00621,-6e-05,-0.0033,,,-4.09,0.59,-0.59,11.52,-7.68,6.31,-3.64,5.18,13.0,6.0,7.0,28.0,14.0,17.0,14.0,16.0,0.015,0.0,0.00786,-0.00786,1.0,50.0,47.13168,,,-2.217,47.61905,34.92063,,47.619,52.10526,29.51267,41.95292,42.39285,,,0.02397,0.02086,,,-0.2472,-0.0693,-0.2472,0.0,0.1779,-0.1779,1,1,1,,,,,,,-0.15,,0.735,0.695,0.732,0.691,0.68,0.68,2020-12-14,2020-11-16,2020-10-07,2020-11-23,2020-10-30,2020-09-25,-3.96,6.37,-0.58,2.21,-7.1,7.65,8.0,15.0,5.0,11.0,16.0,8.0,-0.0,0.0,-0.0,0.0,-0.0,1.0,0.72,0.75,0.765,0.695,0.73,0.72,2020-12-24,2020-12-15,2020-12-10,2020-12-22,2020-12-14,2020-12-09,0.035,0.028,0.025,0.02,0.025,0.02,2020-07-29,2020-04-14,2019-11-20,2020-12-10,2020-05-27,2020-02-12,5461400.0,1701500.0,582400.0,56.51,4.02,-8.12,0.001,0.039,0.021,-0.018,-0.04,-0.034,0.00889,0.05598,0.03063,-0.02455,-0.05756,-0.03172,49.289,55.78,54.029,33.698,50.706,29.099,47.619,76.19,90.476,14.286,57.143,71.429,52.217,65.711,58.002,37.616,57.696,24.976,2020-12-21,2020-07-10,2019-10-25,2020-10-06,2020-03-20,2019-08-14,164,259,7602,200,219,7530,2020-11-27,2020-06-22,2020-04-17,2020-09-21,2020-05-15,2020-02-21,2020-12-24,2020-12-15,2020-12-10,2020-12-21,2020-12-14,2020-12-09,2020-12-02,2020-06-29,2020-05-04,2020-09-08,2020-05-15,2020-03-05,0,1,0,1,1,0,1,0,1,0,0,1,1,0,0,0,1,0,1,0,1,0,0,0,0,1,1,0,1,0,,,,,,n2n,n2p,,,Life.BearRecovery,Life.Bear,Life.BearRecovery,Life.Bear,Life.BearRecovery,,
2020-12-28,0.70259,,,,,0.71521,0.71474,0.72172,0.7395,0.71662,0.71502,0.00159,0.00528,-0.00032,-0.00369,,,-3.64,0.59,-0.59,11.52,-7.68,6.31,-3.64,5.18,11.0,6.0,7.0,28.0,14.0,17.0,14.0,16.0,-0.0,-0.015,0.00786,-0.00821,0.95652,48.88889,46.71805,,,-3.32811,33.33333,38.09524,,,62.77778,46.40351,41.56797,41.96675,,,0.02369,0.02087,,,-0.2476,-0.0698,-0.2476,0.0,0.1778,-0.1778,1,1,1,,,,,,,-0.15,,0.735,0.695,0.732,0.691,0.68,0.68,2020-12-14,2020-11-16,2020-10-07,2020-11-23,2020-10-30,2020-09-25,-4.41,6.37,-0.58,2.21,-7.1,7.65,9.0,15.0,5.0,11.0,16.0,8.0,-0.0,0.0,-0.0,0.0,-0.0,1.0,0.72,0.75,0.765,0.695,0.73,0.72,2020-12-24,2020-12-15,2020-12-10,2020-12-22,2020-12-14,2020-12-09,0.035,0.028,0.025,0.02,0.025,0.02,2020-07-29,2020-04-14,2019-11-20,2020-12-10,2020-05-27,2020-02-12,1701500.0,582400.0,624000.0,4.02,-8.12,-62.46,0.001,0.039,0.021,-0.018,-0.04,-0.034,0.00889,0.05598,0.03063,-0.02455,-0.05756,-0.03172,49.289,55.78,54.029,33.698,50.706,29.099,47.619,76.19,90.476,14.286,57.143,71.429,52.217,65.711,58.002,37.616,57.696,24.976,2020-12-21,2020-07-10,2019-10-25,2020-10-06,2020-03-20,2019-08-14,164,259,7602,200,219,7530,2020-11-27,2020-06-22,2020-04-17,2020-09-21,2020-05-15,2020-02-21,2020-12-24,2020-12-15,2020-12-10,2020-12-21,2020-12-14,2020-12-09,2020-12-02,2020-06-29,2020-05-04,2020-09-08,2020-05-15,2020-03-05,0,1,0,1,1,0,1,0,1,0,0,1,1,0,0,0,1,0,1,0,1,0,0,0,0,1,1,0,1,0,,,,-624000,n2n,n2p,,,n2n,Life.BearRecovery,Life.Bear,Life.BearRecovery,Life.Bear,Life.BearRecovery,,
2020-12-29,0.69943,,,,,0.71404,0.71416,0.72129,0.73911,0.71406,0.71391,0.00015,0.00426,-0.00059,-0.00411,,,-3.21,0.59,-0.59,11.52,-7.68,6.31,-3.64,5.18,10.0,6.0,7.0,28.0,14.0,17.0,14.0,16.0,-0.0,-0.005,0.00643,-0.00857,0.75,42.85714,46.3278,,,-9.35986,28.57143,36.50794,,,67.22222,60.70175,41.2241,41.58166,,,0.02307,0.02087,,,-0.2495,-0.0725,-0.2507,-0.0012,0.177,-0.1782,0,0,0,,,,,,-0.15,,,0.735,0.695,0.732,0.691,0.68,0.68,2020-12-14,2020-11-16,2020-10-07,2020-11-23,2020-10-30,2020-09-25,-4.84,6.37,-0.58,2.21,-7.1,7.65,10.0,15.0,5.0,11.0,16.0,8.0,-0.0,0.0,-0.0,0.0,-0.0,1.0,0.72,0.75,0.765,0.695,0.73,0.72,2020-12-24,2020-12-15,2020-12-10,2020-12-22,2020-12-14,2020-12-09,0.035,0.028,0.025,0.02,0.025,0.02,2020-07-29,2020-04-14,2019-11-20,2020-12-10,2020-05-27,2020-02-12,582400.0,624000.0,2191700.0,-8.12,-62.46,16.86,0.001,0.039,0.021,-0.018,-0.04,-0.034,0.00889,0.05598,0.03063,-0.02455,-0.05756,-0.03172,49.289,55.78,54.029,33.698,50.706,29.099,47.619,76.19,90.476,14.286,57.143,71.429,52.217,65.711,58.002,37.616,57.696,24.976,2020-12-21,2020-07-10,2019-10-25,2020-10-06,2020-03-20,2019-08-14,164,259,7602,200,219,7530,2020-11-27,2020-06-22,2020-04-17,2020-09-21,2020-05-15,2020-02-21,2020-12-24,2020-12-15,2020-12-10,2020-12-21,2020-12-14,2020-12-09,2020-12-02,2020-06-29,2020-05-04,2020-09-08,2020-05-15,2020-03-05,0,1,0,1,1,0,1,0,1,0,0,1,1,0,0,0,1,0,1,0,1,0,0,0,0,1,1,0,1,0,-2191700,,,,n2p,,,n2n,n2p,Life.Bear,Life.BearRecovery,Life.Bear,Life.BearRecovery,Life.Bear,,
2020-12-30,0.69614,,,,,0.71296,0.7136,0.72087,0.73872,0.7119,0.71288,-0.00098,0.00321,-0.00087,-0.00419,,,-2.75,0.59,-0.59,11.52,-7.68,6.31,-3.64,5.18,9.0,6.0,7.0,28.0,14.0,17.0,14.0,16.0,0.0,0.0,0.00643,-0.00786,0.81818,45.0,45.96706,,,-7.217,28.57143,30.15873,,,57.96296,62.65432,40.91935,41.23714,,,0.02213,0.02086,,,-0.2512,-0.0791,-0.2576,-0.0064,0.1721,-0.1785,0,0,0,,,,,,-0.15,,,0.735,0.695,0.732,0.691,0.68,0.68,2020-12-14,2020-11-16,2020-10-07,2020-11-23,2020-10-30,2020-09-25,-5.29,6.37,-0.58,2.21,-7.1,7.65,11.0,15.0,5.0,11.0,16.0,8.0,-0.0,0.0,-0.0,0.0,-0.0,1.0,0.72,0.75,0.765,0.695,0.73,0.72,2020-12-24,2020-12-15,2020-12-10,2020-12-22,2020-12-14,2020-12-09,0.035,0.028,0.025,0.02,0.025,0.02,2020-07-29,2020-04-14,2019-11-20,2020-12-10,2020-05-27,2020-02-12,624000.0,2191700.0,2247200.0,-62.46,16.86,48.99,0.001,0.039,0.021,-0.018,-0.04,-0.034,0.00889,0.05598,0.03063,-0.02455,-0.05756,-0.03172,49.289,55.78,54.029,33.698,50.706,29.099,47.619,76.19,90.476,14.286,57.143,71.429,52.217,65.711,58.002,37.616,57.696,24.976,2020-12-21,2020-07-10,2019-10-25,2020-10-06,2020-03-20,2019-08-14,164,259,7602,200,219,7530,2020-11-27,2020-06-22,2020-04-17,2020-09-21,2020-05-15,2020-02-21,2020-12-24,2020-12-15,2020-12-10,2020-12-21,2020-12-14,2020-12-09,2020-12-02,2020-06-29,2020-05-04,2020-09-08,2020-05-15,2020-03-05,0,1,0,1,1,0,1,0,1,0,0,1,1,0,0,0,1,0,1,0,1,0,0,0,0,1,1,0,1,0,,,,,,,n2n,n2p,,Life.Bear,Life.BearRecovery,Life.Bear,Life.BearRecovery,Life.Bear,,
2020-12-31,0.69262,,,0.685,,0.71081,0.71248,0.72016,0.73819,0.70776,0.71081,-0.00306,0.00196,-0.00116,-0.00501,,,-2.26,0.59,-0.59,11.52,-7.68,6.31,-3.64,5.18,8.0,6.0,7.0,28.0,14.0,17.0,14.0,16.0,-0.0,-0.015,0.00321,-0.00893,0.36,26.47059,45.64113,,,-25.74641,15.0,24.04762,15.0,,38.51852,54.5679,40.6511,40.93152,,,0.02162,0.02085,,,-0.2571,-0.0935,-0.2738,-0.0167,0.1636,-0.1803,0,0,0,,,,,,-0.15,,,0.735,0.695,0.732,0.691,0.68,0.68,2020-12-14,2020-11-16,2020-10-07,2020-11-23,2020-10-30,2020-09-25,-5.77,6.37,-0.58,2.21,-7.1,7.65,12.0,15.0,5.0,11.0,16.0,8.0,-0.0,0.0,-0.0,0.0,-0.0,1.0,0.72,0.75,0.765,0.685,0.695,0.73,2020-12-24,2020-12-15,2020-12-10,2020-12-31,2020-12-22,2020-12-14,0.035,0.028,0.025,0.02,0.025,0.02,2020-07-29,2020-04-14,2019-11-20,2020-12-10,2020-05-27,2020-02-12,2191700.0,2247200.0,3378300.0,16.86,48.99,54.4,0.001,0.039,0.021,-0.018,-0.04,-0.034,0.00889,0.05598,0.03063,-0.02455,-0.05756,-0.03172,49.289,55.78,54.029,33.698,50.706,29.099,47.619,76.19,90.476,15.0,14.286,57.143,52.217,65.711,58.002,37.616,57.696,24.976,2020-12-21,2020-07-10,2019-10-25,2020-10-06,2020-03-20,2019-08-14,164,259,7602,200,219,7530,2020-11-27,2020-06-22,2020-04-17,2020-09-21,2020-05-15,2020-02-21,2020-12-24,2020-12-15,2020-12-10,2020-12-31,2020-12-21,2020-12-14,2020-12-02,2020-06-29,2020-05-04,2020-09-08,2020-05-15,2020-03-05,0,1,0,1,1,0,1,0,1,0,0,1,1,0,0,0,1,0,0,0,1,0,0,0,0,1,1,0,1,0,,,,,,n2n,n2p,,,Life.Bear,Life.BearRecovery,Life.Bear,Life.BearRecovery,Life.Bear,,
2021-01-04,0.68899,,,,0.69,0.70921,0.7116,0.71956,0.73771,0.70503,0.70927,-0.00425,0.00072,-0.00145,-0.00496,,,-1.74,0.59,-0.59,11.52,-7.68,6.31,-3.64,5.18,6.0,6.0,7.0,28.0,14.0,17.0,14.0,16.0,0.005,0.0,0.00357,-0.00786,0.45455,31.25,45.35519,,,-20.967,21.05263,21.54135,,21.053,26.85185,41.11111,40.41856,40.663,,,0.02079,0.02082,,,-0.2611,-0.1035,-0.285,-0.0239,0.1576,-0.1815,0,0,0,,,,,,-0.15,,,0.735,0.695,0.732,0.691,0.68,0.68,2020-12-14,2020-11-16,2020-10-07,2020-11-23,2020-10-30,2020-09-25,-6.26,6.37,-0.58,2.21,-7.1,7.65,13.0,15.0,5.0,11.0,16.0,8.0,-0.0,0.0,-0.0,0.0,-0.0,1.0,0.69,0.72,0.75,0.685,0.695,0.73,2021-01-04,2020-12-24,2020-12-15,2020-12-31,2020-12-22,2020-12-14,0.035,0.028,0.025,0.02,0.025,0.02,2020-07-29,2020-04-14,2019-11-20,2020-12-10,2020-05-27,2020-02-12,2247200.0,3378300.0,1012800.0,48.99,54.4,-15.08,0.001,0.039,0.021,-0.018,-0.04,-0.034,0.00889,0.05598,0.03063,-0.02455,-0.05756,-0.03172,49.289,55.78,54.029,33.698,50.706,29.099,21.053,47.619,76.19,15.0,14.286,57.143,52.217,65.711,58.002,37.616,57.696,24.976,2020-12-21,2020-07-10,2019-10-25,2020-10-06,2020-03-20,2019-08-14,164,259,7602,200,219,7530,2020-11-27,2020-06-22,2020-04-17,2020-09-21,2020-05-15,2020-02-21,2021-01-04,2020-12-24,2020-12-15,2020-12-31,2020-12-21,2020-12-14,2020-12-02,2020-06-29,2020-05-04,2020-09-08,2020-05-15,2020-03-05,0,1,0,1,1,0,1,0,1,0,0,1,1,0,0,0,1,0,0,0,1,0,0,0,0,1,1,0,1,0,,,1012800,,n2n,n2p,,,p2n,Life.Bear,Life.BearRecovery,Life.Bear,Life.BearRecovery,Life.Bear,,
2021-01-05,0.6855,,,,,0.70735,0.71056,0.71888,0.73718,0.70195,0.70747,-0.00553,-0.00053,-0.00174,-0.005,,,-1.24,0.59,-0.59,11.52,-7.68,6.31,-3.64,5.18,5.0,6.0,7.0,28.0,14.0,17.0,14.0,16.0,-0.0,-0.005,0.00357,-0.00679,0.52632,34.48276,45.11379,,,-17.73424,15.78947,17.2807,,,13.88889,26.41975,40.22376,40.43114,,,0.02038,0.02078,,,-0.2662,-0.1153,-0.2983,-0.0321,0.1509,-0.183,0,0,0,,,,,,-0.15,,,0.735,0.695,0.732,0.691,0.68,0.68,2020-12-14,2020-11-16,2020-10-07,2020-11-23,2020-10-30,2020-09-25,-6.73,6.37,-0.58,2.21,-7.1,7.65,14.0,15.0,5.0,11.0,16.0,8.0,-0.0,0.0,-0.0,0.0,-0.0,1.0,0.69,0.72,0.75,0.685,0.695,0.73,2021-01-04,2020-12-24,2020-12-15,2020-12-31,2020-12-22,2020-12-14,0.035,0.028,0.025,0.02,0.025,0.02,2020-07-29,2020-04-14,2019-11-20,2020-12-10,2020-05-27,2020-02-12,3378300.0,1012800.0,1810000.0,54.4,-15.08,-6.59,0.001,0.039,0.021,-0.018,-0.04,-0.034,0.00889,0.05598,0.03063,-0.02455,-0.05756,-0.03172,49.289,55.78,54.029,33.698,50.706,29.099,21.053,47.619,76.19,15.0,14.286,57.143,52.217,65.711,58.002,37.616,57.696,24.976,2020-12-21,2020-07-10,2019-10-25,2020-10-06,2020-03-20,2019-08-14,164,259,7602,200,219,7530,2020-11-27,2020-06-22,2020-04-17,2020-09-21,2020-05-15,2020-02-21,2021-01-04,2020-12-24,2020-12-15,2020-12-31,2020-12-21,2020-12-14,2020-12-02,2020-06-29,2020-05-04,2020-09-08,2020-05-15,2020-03-05,0,1,0,1,1,0,1,0,1,0,0,1,1,0,0,0,1,0,0,0,1,0,0,0,0,1,1,0,1,0,,,,,n2p,,,p2n,,Life.Bear,Life.BearRecovery,Life.Bear,Life.BearRecovery,Life.Bear,,
2021-01-06,0.68249,,,,,0.70563,0.70955,0.71821,0.73666,0.69934,0.70581,-0.00647,-0.00172,-0.00203,-0.00475,,,-0.8,0.59,-0.59,11.52,-7.68,6.31,-3.64,5.18,4.0,6.0,7.0,28.0,14.0,17.0,14.0,16.0,0.0,0.0,0.00214,-0.00679,0.31579,24.0,44.92063,,,-28.217,15.78947,17.54386,,,22.22222,20.98765,40.0694,40.23724,,,0.01964,0.02073,,,-0.2711,-0.1258,-0.3103,-0.0392,0.1453,-0.1845,0,0,0,,,,,,-0.15,,,0.735,0.695,0.732,0.691,0.68,0.68,2020-12-14,2020-11-16,2020-10-07,2020-11-23,2020-10-30,2020-09-25,-7.14,6.37,-0.58,2.21,-7.1,7.65,15.0,15.0,5.0,11.0,16.0,8.0,-0.0,0.0,-0.0,0.0,-0.0,1.0,0.69,0.72,0.75,0.685,0.695,0.73,2021-01-04,2020-12-24,2020-12-15,2020-12-31,2020-12-22,2020-12-14,0.035,0.028,0.025,0.02,0.025,0.02,2020-07-29,2020-04-14,2019-11-20,2020-12-10,2020-05-27,2020-02-12,1012800.0,1810000.0,1027800.0,-15.08,-6.59,-37.9,0.001,0.039,0.021,-0.018,-0.04,-0.034,0.00889,0.05598,0.03063,-0.02455,-0.05756,-0.03172,49.289,55.78,54.029,33.698,50.706,29.099,21.053,47.619,76.19,15.0,14.286,57.143,52.217,65.711,58.002,37.616,57.696,24.976,2020-12-21,2020-07-10,2019-10-25,2020-10-06,2020-03-20,2019-08-14,164,259,7602,200,219,7530,2020-11-27,2020-06-22,2020-04-17,2020-09-21,2020-05-15,2020-02-21,2021-01-04,2020-12-24,2020-12-15,2020-12-31,2020-12-21,2020-12-14,2020-12-02,2020-06-29,2020-05-04,2020-09-08,2020-05-15,2020-03-05,0,1,0,1,1,0,1,0,1,0,0,1,1,0,0,0,1,0,0,0,1,0,0,0,0,1,1,0,1,0,,,,,,,p2n,,,Life.Bear,Life.BearRecovery,Life.Bear,Life.BearRecovery,Life.Bear,,
2021-01-07,0.68023,,,,,0.70366,0.7084,0.71745,0.7361,0.69636,0.7039,-0.00753,-0.00288,-0.00231,-0.00465,,,-0.47,0.59,-0.59,11.52,-7.68,6.31,-3.64,5.18,3.0,6.0,7.0,28.0,14.0,17.0,14.0,16.0,-0.0,-0.005,0.00214,-0.00607,0.35294,26.08696,44.77855,,,-26.13004,13.33333,14.97076,,,25.0,20.37037,39.95581,40.08299,,,0.02038,0.02066,,,-0.277,-0.1379,-0.3244,-0.0474,0.1391,-0.1865,0,0,0,,,,,,-0.15,,,0.735,0.695,0.732,0.691,0.68,0.68,2020-12-14,2020-11-16,2020-10-07,2020-11-23,2020-10-30,2020-09-25,-7.45,6.37,-0.58,2.21,-7.1,7.65,16.0,15.0,5.0,11.0,16.0,8.0,-0.0,0.0,-0.0,0.0,-0.0,1.0,0.69,0.72,0.75,0.685,0.695,0.73,2021-01-04,2020-12-24,2020-12-15,2020-12-31,2020-12-22,2020-12-14,0.035,0.028,0.025,0.02,0.025,0.02,2020-07-29,2020-04-14,2019-11-20,2020-12-10,2020-05-27,2020-02-12,1810000.0,1027800.0,3126400.0,-6.59,-37.9,54.89,0.001,0.039,0.021,-0.018,-0.04,-0.034,0.00889,0.05598,0.03063,-0.02455,-0.05756,-0.03172,49.289,55.78,54.029,33.698,50.706,29.099,21.053,47.619,76.19,15.0,14.286,57.143,52.217,65.711,58.002,37.616,57.696,24.976,2020-12-21,2020-07-10,2019-10-25,2020-10-06,2020-03-20,2019-08-14,164,259,7602,200,219,7530,2020-11-27,2020-06-22,2020-04-17,2020-09-21,2020-05-15,2020-02-21,2021-01-04,2020-12-24,2020-12-15,2020-12-31,2020-12-21,2020-12-14,2020-12-02,2020-06-29,2020-05-04,2020-09-08,2020-05-15,2020-03-05,0,1,0,1,1,0,1,0,1,0,0,1,1,0,0,0,1,0,0,0,1,0,0,0,0,1,1,0,1,0,-3126400,,,,,p2n,,,n2p,Life.Bear,Life.BearRecovery,Life.Bear,Life.BearRecovery,Life.Bear,,
2021-01-08,0.67864,,,,,0.70107,0.70689,0.71651,0.73544,0.69231,0.70139,-0.00908,-0.00412,-0.00258,-0.00496,,,-0.24,0.59,-0.59,11.52,-7.68,6.31,-3.64,5.18,2.0,6.0,7.0,28.0,14.0,17.0,14.0,16.0,-0.0,-0.01,0.00214,-0.00607,0.35294,26.08696,44.68954,,,-26.13004,0.0,9.7076,,,19.44444,22.22222,39.88097,39.96873,,,0.01999,0.02059,,,-0.2855,-0.1544,-0.3437,-0.0582,0.1311,-0.1893,0,0,0,,,,,,-0.15,,,0.735,0.695,0.732,0.691,0.68,0.68,2020-12-14,2020-11-16,2020-10-07,2020-11-23,2020-10-30,2020-09-25,-7.67,6.37,-0.58,2.21,-7.1,7.65,17.0,15.0,5.0,11.0,16.0,8.0,-0.0,0.0,-0.0,0.0,-0.0,1.0,0.69,0.72,0.75,0.685,0.695,0.73,2021-01-04,2020-12-24,2020-12-15,2020-12-31,2020-12-22,2020-12-14,0.035,0.028,0.025,0.02,0.025,0.02,2020-07-29,2020-04-14,2019-11-20,2020-12-10,2020-05-27,2020-02-12,1027800.0,3126400.0,637800.0,-37.9,54.89,-19.65,0.001,0.039,0.021,-0.018,-0.04,-0.034,0.00889,0.05598,0.03063,-0.02455,-0.05756,-0.03172,49.289,55.78,54.029,33.698,50.706,29.099,21.053,47.619,76.19,15.0,14.286,57.143,52.217,65.711,58.002,37.616,57.696,24.976,2020-12-21,2020-07-10,2019-10-25,2020-10-06,2020-03-20,2019-08-14,164,259,7602,200,219,7530,2020-11-27,2020-06-22,2020-04-17,2020-09-21,2020-05-15,2020-02-21,2021-01-04,2020-12-24,2020-12-15,2020-12-31,2020-12-21,2020-12-14,2020-12-02,2020-06-29,2020-05-04,2020-09-08,2020-05-15,2020-03-05,0,1,0,1,1,0,1,0,1,0,0,1,1,0,0,0,1,0,0,0,1,0,0,0,0,1,1,0,1,0,,,-637800,,p2n,,,n2p,p2n,Life.Bear,Life.BearRecovery,Life.Bear,Life.BearRecovery,Life.Bear,,
2021-01-11,0.67769,,,0.66,,0.69791,0.70505,0.71539,0.73469,0.68734,0.69832,-0.01098,-0.00549,-0.00283,-0.00549,,,-0.1,0.59,-0.59,11.52,-7.68,6.31,-3.64,5.18,1.0,6.0,7.0,28.0,14.0,17.0,14.0,16.0,-0.0,-0.01,0.00214,-0.00643,0.33333,25.0,44.65465,44.655,,-27.217,0.0,4.44444,0.0,,11.11111,18.51852,39.84204,39.89294,,,0.02142,0.02051,,0.021,-0.2964,-0.1748,-0.3678,-0.0714,0.1216,-0.193,0,0,0,,,,,,-0.15,,,0.735,0.695,0.732,0.691,0.68,0.68,2020-12-14,2020-11-16,2020-10-07,2020-11-23,2020-10-30,2020-09-25,-7.8,6.37,-0.58,2.21,-7.1,7.65,18.0,15.0,5.0,11.0,16.0,8.0,-0.0,0.0,-0.0,0.0,-0.0,1.0,0.69,0.72,0.75,0.66,0.685,0.695,2021-01-04,2020-12-24,2020-12-15,2021-01-11,2020-12-31,2020-12-22,0.021,0.035,0.028,0.02,0.025,0.02,2021-01-11,2020-07-29,2020-04-14,2020-12-10,2020-05-27,2020-02-12,3126400.0,637800.0,3895700.0,54.89,-19.65,59.85,0.001,0.039,0.021,-0.018,-0.04,-0.034,0.00889,0.05598,0.03063,-0.02455,-0.05756,-0.03172,49.289,55.78,54.029,33.698,50.706,29.099,21.053,47.619,76.19,0.0,15.0,14.286,52.217,65.711,58.002,44.655,37.616,57.696,2020-12-21,2020-07-10,2019-10-25,2020-10-06,2020-03-20,2019-08-14,164,259,7602,200,219,7530,2020-11-27,2020-06-22,2020-04-17,2020-09-21,2020-05-15,2020-02-21,2021-01-04,2020-12-24,2020-12-15,2021-01-11,2020-12-31,2020-12-21,2020-12-02,2020-06-29,2020-05-04,2021-01-11,2020-09-08,2020-05-15,0,1,0,1,1,0,1,0,1,0,0,1,1,0,0,0,1,0,1,0,1,0,0,0,1,0,1,0,1,0,-3895700,,,,,,n2p,p2n,n2p,Life.Bear,Life.BearRecovery,Life.Bear,Life.BearRecovery,Life.Bear,,
2021-01-12,0.67743,0.677,,,,0.69615,0.70387,0.71459,0.7341,0.68544,0.69659,-0.01115,-0.00663,-0.00306,-0.00453,,,0.53,-0.59,11.52,-7.68,6.31,-3.64,5.18,-8.52,6.0,7.0,28.0,14.0,17.0,14.0,16.0,28.0,0.015,0.0,0.00321,-0.00607,0.52941,34.61538,44.67421,,,-10.03962,25.0,8.33333,,,12.5,14.35185,39.83817,39.85372,39.838,,0.02168,0.02041,,,-0.3023,-0.1844,-0.3795,-0.0772,0.1179,-0.1951,0,0,0,,,,,,-0.15,,,0.735,0.695,0.732,0.677,0.691,0.68,2020-12-14,2020-11-16,2020-10-07,2021-01-12,2020-11-23,2020-10-30,0.0,-7.89,6.37,-0.58,2.21,-7.1,0.0,19.0,15.0,5.0,11.0,16.0,0.0,-0.0,0.0,-0.0,0.0,-0.0,0.69,0.72,0.75,0.66,0.685,0.695,2021-01-04,2020-12-24,2020-12-15,2021-01-11,2020-12-31,2020-12-22,0.021,0.035,0.028,0.02,0.025,0.02,2021-01-11,2020-07-29,2020-04-14,2020-12-10,2020-05-27,2020-02-12,637800.0,3895700.0,1138000.0,-19.65,59.85,-25.96,0.001,0.039,0.021,-0.018,-0.04,-0.034,0.00889,0.05598,0.03063,-0.02455,-0.05756,-0.03172,49.289,55.78,54.029,39.838,33.698,50.706,21.053,47.619,76.19,0.0,15.0,14.286,52.217,65.711,58.002,44.655,37.616,57.696,2020-12-21,2020-07-10,2019-10-25,2020-10-06,2020-03-20,2019-08-14,164,259,7602,200,219,7530,2020-11-27,2020-06-22,2020-04-17,2021-01-12,2020-09-21,2020-05-15,2021-01-04,2020-12-24,2020-12-15,2021-01-11,2020-12-31,2020-12-21,2020-12-02,2020-06-29,2020-05-04,2021-01-11,2020-09-08,2020-05-15,0,1,1,0,1,0,1,0,1,0,0,1,1,0,0,0,1,0,1,0,1,0,0,0,1,0,1,0,1,0,,,1138000,,,n2p,p2n,n2p,p2n,Life.Bear,Life.BearRecovery,Life.Bear,Life.BearRecovery,Life.Bear,,
2021-01-13,0.67779,,,,,0.6949,0.70294,0.71391,0.73356,0.6846,0.69536,-0.01076,-0.00745,-0.00328,-0.00331,,,0.47,-0.59,11.52,-7.68,6.31,-3.64,5.18,-8.52,5.0,7.0,28.0,14.0,17.0,14.0,16.0,28.0,0.005,0.0,0.00357,-0.00464,0.76923,43.47826,44.74866,,,-1.17674,33.33333,19.44444,,,29.16667,17.59259,39.87133,39.85051,,,0.02084,0.02031,,,-0.3062,-0.1901,-0.3866,-0.0804,0.1161,-0.1965,0,0,0,,,,,,-0.15,,,0.735,0.695,0.732,0.677,0.691,0.68,2020-12-14,2020-11-16,2020-10-07,2021-01-12,2020-11-23,2020-10-30,0.12,-7.89,6.37,-0.58,2.21,-7.1,1.0,19.0,15.0,5.0,11.0,16.0,0.0,-0.0,0.0,-0.0,0.0,-0.0,0.69,0.72,0.75,0.66,0.685,0.695,2021-01-04,2020-12-24,2020-12-15,2021-01-11,2020-12-31,2020-12-22,0.021,0.035,0.028,0.02,0.025,0.02,2021-01-11,2020-07-29,2020-04-14,2020-12-10,2020-05-27,2020-02-12,3895700.0,1138000.0,760300.0,59.85,-25.96,2.16,0.001,0.039,0.021,-0.018,-0.04,-0.034,0.00889,0.05598,0.03063,-0.02455,-0.05756,-0.03172,49.289,55.78,54.029,39.838,33.698,50.706,21.053,47.619,76.19,0.0,15.0,14.286,52.217,65.711,58.002,44.655,37.616,57.696,2020-12-21,2020-07-10,2019-10-25,2020-10-06,2020-03-20,2019-08-14,164,259,7602,200,219,7530,2020-11-27,2020-06-22,2020-04-17,2021-01-12,2020-09-21,2020-05-15,2021-01-04,2020-12-24,2020-12-15,2021-01-11,2020-12-31,2020-12-21,2020-12-02,2020-06-29,2020-05-04,2021-01-11,2020-09-08,2020-05-15,0,1,1,0,1,0,1,0,1,0,0,1,1,0,0,0,1,0,1,0,1,0,0,0,1,0,1,0,1,0,,,,,n2p,p2n,n2p,p2n,,Life.Bear,Life.BearRecovery,Life.Bear,Life.BearRecovery,Life.Bear,,
2021-01-14,0.67861,,,,0.69,0.69453,0.70243,0.71344,0.73313,0.68543,0.69497,-0.00953,-0.00787,-0.00347,-0.00166,,,0.35,-0.59,11.52,-7.68,6.31,-3.64,5.18,-8.52,4.0,7.0,28.0,14.0,17.0,14.0,16.0,28.0,0.01,0.0,0.00357,-0.00464,0.76923,43.47826,44.87962,,,-1.17674,50.0,36.11111,,50.0,54.16667,31.94444,39.94597,39.88516,,,0.02007,0.02019,,,-0.307,-0.1891,-0.386,-0.079,0.1179,-0.1969,0,0,0,,,,,,-0.15,,,0.735,0.695,0.732,0.677,0.691,0.68,2020-12-14,2020-11-16,2020-10-07,2021-01-12,2020-11-23,2020-10-30,0.24,-7.89,6.37,-0.58,2.21,-7.1,2.0,19.0,15.0,5.0,11.0,16.0,0.0,-0.0,0.0,-0.0,0.0,-0.0,0.69,0.69,0.72,0.66,0.685,0.695,2021-01-14,2021-01-04,2020-12-24,2021-01-11,2020-12-31,2020-12-22,0.021,0.035,0.028,0.02,0.025,0.02,2021-01-11,2020-07-29,2020-04-14,2020-12-10,2020-05-27,2020-02-12,1138000.0,760300.0,372800.0,-25.96,2.16,-60.8,0.001,0.039,0.021,-0.018,-0.04,-0.034,0.00889,0.05598,0.03063,-0.02455,-0.05756,-0.03172,49.289,55.78,54.029,39.838,33.698,50.706,50.0,21.053,47.619,0.0,15.0,14.286,52.217,65.711,58.002,44.655,37.616,57.696,2020-12-21,2020-07-10,2019-10-25,2020-10-06,2020-03-20,2019-08-14,164,259,7602,200,219,7530,2020-11-27,2020-06-22,2020-04-17,2021-01-12,2020-09-21,2020-05-15,2021-01-14,2021-01-04,2020-12-24,2021-01-11,2020-12-31,2020-12-21,2020-12-02,2020-06-29,2020-05-04,2021-01-11,2020-09-08,2020-05-15,0,1,1,0,1,0,1,0,1,0,0,1,1,0,0,0,0,1,1,0,1,0,0,0,1,0,1,0,1,0,,,372800,,p2n,n2p,p2n,,p2n,Life.Bear,Life.BearRecovery,Life.Bear,Life.BearRecovery,Life.Bear,,
2021-01-15,0.67961,,,,,0.69379,0.70175,0.71287,0.73265,0.68537,0.69423,-0.00886,-0.00807,-0.00363,-0.00079,,,0.2,-0.59,11.52,-7.68,6.31,-3.64,5.18,-8.52,3.0,7.0,28.0,14.0,17.0,14.0,16.0,28.0,-0.0,-0.005,0.0025,-0.005,0.5,33.33333,45.06852,,,-11.32167,41.66667,41.66667,,,62.5,48.61111,40.06692,39.96141,,,0.01935,0.02007,,,-0.309,-0.1908,-0.3886,-0.0796,0.1182,-0.1978,0,0,0,,,,,,-0.15,,,0.735,0.695,0.732,0.677,0.691,0.68,2020-12-14,2020-11-16,2020-10-07,2021-01-12,2020-11-23,2020-10-30,0.39,-7.89,6.37,-0.58,2.21,-7.1,3.0,19.0,15.0,5.0,11.0,16.0,0.0,-0.0,0.0,-0.0,0.0,-0.0,0.69,0.69,0.72,0.66,0.685,0.695,2021-01-14,2021-01-04,2020-12-24,2021-01-11,2020-12-31,2020-12-22,0.021,0.035,0.028,0.02,0.025,0.02,2021-01-11,2020-07-29,2020-04-14,2020-12-10,2020-05-27,2020-02-12,760300.0,372800.0,603800.0,2.16,-60.8,-23.52,0.001,0.039,0.021,-0.018,-0.04,-0.034,0.00889,0.05598,0.03063,-0.02455,-0.05756,-0.03172,49.289,55.78,54.029,39.838,33.698,50.706,50.0,21.053,47.619,0.0,15.0,14.286,52.217,65.711,58.002,44.655,37.616,57.696,2020-12-21,2020-07-10,2019-10-25,2020-10-06,2020-03-20,2019-08-14,164,259,7602,200,219,7530,2020-11-27,2020-06-22,2020-04-17,2021-01-12,2020-09-21,2020-05-15,2021-01-14,2021-01-04,2020-12-24,2021-01-11,2020-12-31,2020-12-21,2020-12-02,2020-06-29,2020-05-04,2021-01-11,2020-09-08,2020-05-15,0,1,1,0,1,0,1,0,1,0,0,1,1,0,0,0,0,1,1,0,1,0,0,0,1,0,1,0,1,0,,,,,n2p,p2n,,p2n,,Life.Bear,Life.BearRecovery,Life.Bear,Life.BearRecovery,Life.Bear,,
2021-01-18,0.68051,,,,,0.69196,0.7005,0.71202,0.73202,0.683,0.69243,-0.00943,-0.00834,-0.00376,-0.00109,,,0.07,-0.59,11.52,-7.68,6.31,-3.64,5.18,-8.52,2.0,7.0,28.0,14.0,17.0,14.0,16.0,28.0,-0.0,-0.015,0.0025,-0.005,0.5,33.33333,45.31691,,,-11.32167,20.0,37.22222,20.0,,52.5,56.38889,40.23848,40.08379,,,0.01975,0.01995,,,-0.3152,-0.2006,-0.4006,-0.0854,0.1146,-0.2,0,0,0,,,,,,-0.15,,,0.735,0.695,0.732,0.677,0.691,0.68,2020-12-14,2020-11-16,2020-10-07,2021-01-12,2020-11-23,2020-10-30,0.52,-7.89,6.37,-0.58,2.21,-7.1,4.0,19.0,15.0,5.0,11.0,16.0,0.0,-0.0,0.0,-0.0,0.0,-0.0,0.69,0.69,0.72,0.66,0.685,0.695,2021-01-14,2021-01-04,2020-12-24,2021-01-11,2020-12-31,2020-12-22,0.021,0.035,0.028,0.02,0.025,0.02,2021-01-11,2020-07-29,2020-04-14,2020-12-10,2020-05-27,2020-02-12,372800.0,603800.0,2729600.0,-60.8,-23.52,113.38,0.001,0.039,0.021,-0.018,-0.04,-0.034,0.00889,0.05598,0.03063,-0.02455,-0.05756,-0.03172,49.289,55.78,54.029,39.838,33.698,50.706,50.0,21.053,47.619,20.0,0.0,15.0,52.217,65.711,58.002,44.655,37.616,57.696,2020-12-21,2020-07-10,2019-10-25,2020-10-06,2020-03-20,2019-08-14,164,259,7602,200,219,7530,2020-11-27,2020-06-22,2020-04-17,2021-01-12,2020-09-21,2020-05-15,2021-01-14,2021-01-04,2020-12-24,2021-01-18,2021-01-11,2020-12-31,2020-12-02,2020-06-29,2020-05-04,2021-01-11,2020-09-08,2020-05-15,0,1,1,0,1,0,1,0,1,0,0,1,1,0,0,0,0,1,0,1,1,0,0,0,1,0,1,0,1,0,-2729600,,,,p2n,,p2n,,n2p,Life.Bear,Life.BearRecovery,Life.Bear,Life.BearRecovery,Life.Bear,,
2021-01-19,0.68102,,,0.67,,0.69027,0.6993,0.71119,0.73141,0.681,0.69077,-0.00977,-0.00863,-0.00385,-0.00114,,,-0.0,-0.59,11.52,-7.68,6.31,-3.64,5.18,-8.52,1.0,7.0,28.0,14.0,17.0,14.0,16.0,28.0,0.0,0.0,0.0025,-0.00464,0.53846,35.0,45.62717,,,-9.655,25.0,28.88889,,,34.16667,49.72222,40.46476,40.25672,,,0.01977,0.01982,,,-0.3211,-0.2092,-0.4114,-0.0903,0.1119,-0.2022,0,0,0,,,,,,-0.15,,,0.735,0.695,0.732,0.677,0.691,0.68,2020-12-14,2020-11-16,2020-10-07,2021-01-12,2020-11-23,2020-10-30,0.59,-7.89,6.37,-0.58,2.21,-7.1,5.0,19.0,15.0,5.0,11.0,16.0,0.0,-0.0,0.0,-0.0,0.0,-0.0,0.69,0.69,0.72,0.67,0.66,0.685,2021-01-14,2021-01-04,2020-12-24,2021-01-19,2021-01-11,2020-12-31,0.021,0.035,0.028,0.02,0.025,0.02,2021-01-11,2020-07-29,2020-04-14,2020-12-10,2020-05-27,2020-02-12,603800.0,2729600.0,1787700.0,-23.52,113.38,38.18,0.001,0.039,0.021,-0.018,-0.04,-0.034,0.00889,0.05598,0.03063,-0.02455,-0.05756,-0.03172,49.289,55.78,54.029,39.838,33.698,50.706,50.0,21.053,47.619,20.0,0.0,15.0,52.217,65.711,58.002,44.655,37.616,57.696,2020-12-21,2020-07-10,2019-10-25,2020-10-06,2020-03-20,2019-08-14,164,259,7602,200,219,7530,2020-11-27,2020-06-22,2020-04-17,2021-01-12,2020-09-21,2020-05-15,2021-01-14,2021-01-04,2020-12-24,2021-01-18,2021-01-11,2020-12-31,2020-12-02,2020-06-29,2020-05-04,2021-01-11,2020-09-08,2020-05-15,0,1,1,0,1,0,0,0,1,0,0,1,1,0,0,0,0,1,0,1,1,0,0,0,1,0,1,0,1,0,,,,,,p2n,,n2p,,Life.Bear,Life.BearRecovery,Life.Bear,Life.BearRecovery,Life.Bear,,
2021-01-20,0.68095,,0.681,,0.695,0.69064,0.69914,0.71087,0.73104,0.68316,0.69109,-0.00793,-0.00849,-0.00391,0.00056,,,-0.58,11.52,-7.68,6.31,-3.64,5.18,-8.52,1.02,7.0,28.0,14.0,17.0,14.0,16.0,28.0,8.0,0.025,0.0,0.00429,-0.00464,0.92308,48.0,46.00031,,,3.345,87.5,44.16667,,87.5,41.90476,42.85714,40.74799,40.48375,,,0.0205,0.01968,,,-0.319,-0.2023,-0.404,-0.085,0.1167,-0.2017,1,0,1,,,,,,-0.15,,,0.681,0.735,0.695,0.677,0.691,0.68,2021-01-20,2020-12-14,2020-11-16,2021-01-12,2020-11-23,2020-10-30,0.0,0.59,-7.89,6.37,-0.58,2.21,0.0,6.0,19.0,15.0,5.0,11.0,0.0,0.0,-0.0,0.0,-0.0,0.0,0.695,0.69,0.69,0.67,0.66,0.685,2021-01-20,2021-01-14,2021-01-04,2021-01-19,2021-01-11,2020-12-31,0.021,0.035,0.028,0.02,0.025,0.02,2021-01-11,2020-07-29,2020-04-14,2020-12-10,2020-05-27,2020-02-12,2729600.0,1787700.0,1509000.0,113.38,38.18,17.68,0.001,0.039,0.021,-0.018,-0.04,-0.034,0.00889,0.05598,0.03063,-0.02455,-0.05756,-0.03172,49.289,55.78,54.029,39.838,33.698,50.706,87.5,50.0,21.053,20.0,0.0,15.0,52.217,65.711,58.002,44.655,37.616,57.696,2020-12-21,2020-07-10,2019-10-25,2020-10-06,2020-03-20,2019-08-14,164,259,7602,200,219,7530,2020-11-27,2020-06-22,2020-04-17,2021-01-12,2020-09-21,2020-05-15,2021-01-20,2021-01-14,2021-01-04,2021-01-18,2021-01-11,2020-12-31,2020-12-02,2020-06-29,2020-05-04,2021-01-11,2020-09-08,2020-05-15,1,0,1,0,0,1,0,0,1,0,0,1,1,0,0,0,0,1,0,1,1,0,0,0,1,0,1,0,1,0,,,,,p2n,,n2p,,,Life.Bear,Life.BearRecovery,Life.Bear,Life.BearRecovery,Life.Bear,,
2021-01-21,0.68028,,,,,0.69059,0.69878,0.71046,0.73064,0.68421,0.69101,-0.0068,-0.00815,-0.00392,0.00135,,,-0.48,11.52,-7.68,6.31,-3.64,5.18,-8.52,1.02,6.0,28.0,14.0,17.0,14.0,16.0,28.0,8.0,-0.0,-0.005,0.00429,-0.00393,1.09091,52.17391,46.43542,,,7.51891,66.66667,59.72222,,,56.07143,44.04762,41.08749,40.76675,,,0.02047,0.01955,,,-0.3186,-0.1987,-0.4005,-0.0819,0.1199,-0.2018,1,1,1,,,,,,,-0.15,,0.681,0.735,0.695,0.677,0.691,0.68,2021-01-20,2020-12-14,2020-11-16,2021-01-12,2020-11-23,2020-10-30,-0.11,0.59,-7.89,6.37,-0.58,2.21,1.0,6.0,19.0,15.0,5.0,11.0,-0.0,0.0,-0.0,0.0,-0.0,0.0,0.695,0.69,0.69,0.67,0.66,0.685,2021-01-20,2021-01-14,2021-01-04,2021-01-19,2021-01-11,2020-12-31,0.021,0.035,0.028,0.02,0.025,0.02,2021-01-11,2020-07-29,2020-04-14,2020-12-10,2020-05-27,2020-02-12,1787700.0,1509000.0,1432100.0,38.18,17.68,-21.53,0.001,0.039,0.021,-0.018,-0.04,-0.034,0.00889,0.05598,0.03063,-0.02455,-0.05756,-0.03172,49.289,55.78,54.029,39.838,33.698,50.706,87.5,50.0,21.053,20.0,0.0,15.0,52.217,65.711,58.002,44.655,37.616,57.696,2020-12-21,2020-07-10,2019-10-25,2020-10-06,2020-03-20,2019-08-14,164,259,7602,200,219,7530,2020-11-27,2020-06-22,2020-04-17,2021-01-12,2020-09-21,2020-05-15,2021-01-20,2021-01-14,2021-01-04,2021-01-18,2021-01-11,2020-12-31,2020-12-02,2020-06-29,2020-05-04,2021-01-11,2020-09-08,2020-05-15,1,0,1,0,0,1,0,0,1,0,0,1,1,0,0,0,0,1,0,1,1,0,0,0,1,0,1,0,1,0,,,,,,n2p,,,,Life.BearRecovery,Life.Bear,Life.BearRecovery,Life.Bear,Life.BearRecovery,,
2021-01-22,0.67926,,,,,0.69054,0.69843,0.71005,0.73023,0.6851,0.69093,-0.00583,-0.00769,-0.00389,0.00185,,,-0.33,11.52,-7.68,6.31,-3.64,5.18,-8.52,1.02,5.0,28.0,14.0,17.0,14.0,16.0,28.0,8.0,0.0,0.0,0.00393,-0.00393,1.0,50.0,46.93053,,,5.345,66.66667,73.61111,,,70.2381,56.07143,41.47997,41.10515,,,0.01972,0.01942,,,-0.318,-0.1951,-0.3969,-0.0789,0.1229,-0.2018,1,1,1,,,,,,,-0.15,,0.681,0.735,0.695,0.677,0.691,0.68,2021-01-20,2020-12-14,2020-11-16,2021-01-12,2020-11-23,2020-10-30,-0.26,0.59,-7.89,6.37,-0.58,2.21,2.0,6.0,19.0,15.0,5.0,11.0,-0.0,0.0,-0.0,0.0,-0.0,0.0,0.695,0.69,0.69,0.67,0.66,0.685,2021-01-20,2021-01-14,2021-01-04,2021-01-19,2021-01-11,2020-12-31,0.021,0.035,0.028,0.02,0.025,0.02,2021-01-11,2020-07-29,2020-04-14,2020-12-10,2020-05-27,2020-02-12,1509000.0,1432100.0,325900.0,17.68,-21.53,-30.91,0.001,0.039,0.021,-0.018,-0.04,-0.034,0.00889,0.05598,0.03063,-0.02455,-0.05756,-0.03172,49.289,55.78,54.029,39.838,33.698,50.706,87.5,50.0,21.053,20.0,0.0,15.0,52.217,65.711,58.002,44.655,37.616,57.696,2020-12-21,2020-07-10,2019-10-25,2020-10-06,2020-03-20,2019-08-14,164,259,7602,200,219,7530,2020-11-27,2020-06-22,2020-04-17,2021-01-12,2020-09-21,2020-05-15,2021-01-20,2021-01-14,2021-01-04,2021-01-18,2021-01-11,2020-12-31,2020-12-02,2020-06-29,2020-05-04,2021-01-11,2020-09-08,2020-05-15,1,0,1,0,0,1,0,0,1,0,0,1,1,0,0,0,0,1,0,1,1,0,0,0,1,0,1,0,1,0,,,,,n2p,,,,,Life.BearRecovery,Life.Bear,Life.BearRecovery,Life.Bear,Life.BearRecovery,,
2021-01-25,0.67821,,,0.67,,0.68896,0.69732,0.70926,0.72963,0.68278,0.68938,-0.0066,-0.00747,-0.00382,0.00087,,,-0.18,11.52,-7.68,6.31,-3.64,5.18,-8.52,1.02,4.0,28.0,14.0,17.0,14.0,16.0,28.0,8.0,-0.0,-0.02,0.00393,-0.005,0.78571,44.0,47.48214,,,-0.655,22.22222,51.85185,22.222,,41.66667,55.99206,41.92025,41.4959,,,0.01974,0.01929,,,-0.3231,-0.203,-0.4067,-0.0836,0.1201,-0.2037,0,0,0,,,,,,-0.15,,,0.681,0.735,0.695,0.677,0.691,0.68,2021-01-20,2020-12-14,2020-11-16,2021-01-12,2020-11-23,2020-10-30,-0.41,0.59,-7.89,6.37,-0.58,2.21,3.0,6.0,19.0,15.0,5.0,11.0,-0.0,0.0,-0.0,0.0,-0.0,0.0,0.695,0.69,0.69,0.67,0.67,0.66,2021-01-20,2021-01-14,2021-01-04,2021-01-25,2021-01-19,2021-01-11,0.021,0.035,0.028,0.02,0.025,0.02,2021-01-11,2020-07-29,2020-04-14,2020-12-10,2020-05-27,2020-02-12,1432100.0,325900.0,845700.0,-21.53,-30.91,-20.3,0.001,0.039,0.021,-0.018,-0.04,-0.034,0.00889,0.05598,0.03063,-0.02455,-0.05756,-0.03172,49.289,55.78,54.029,39.838,33.698,50.706,87.5,50.0,21.053,22.222,20.0,0.0,52.217,65.711,58.002,44.655,37.616,57.696,2020-12-21,2020-07-10,2019-10-25,2020-10-06,2020-03-20,2019-08-14,164,259,7602,200,219,7530,2020-11-27,2020-06-22,2020-04-17,2021-01-12,2020-09-21,2020-05-15,2021-01-20,2021-01-14,2021-01-04,2021-01-25,2021-01-18,2021-01-11,2020-12-02,2020-06-29,2020-05-04,2021-01-11,2020-09-08,2020-05-15,1,0,1,0,0,1,0,1,1,0,0,1,1,0,0,0,0,1,0,1,1,0,0,0,1,0,1,0,1,0,,,,,,,,,,Life.Bear,Life.BearRecovery,Life.Bear,Life.BearRecovery,Life.Bear,,
2021-01-26,0.67733,,,,0.675,0.68789,0.69644,0.70858,0.72909,0.68158,0.68832,-0.00674,-0.00732,-0.00369,0.00059,,,-0.05,11.52,-7.68,6.31,-3.64,5.18,-8.52,1.02,3.0,28.0,14.0,17.0,14.0,16.0,28.0,8.0,0.005,0.0,0.00429,-0.005,0.85714,46.15385,48.08539,,,1.49885,33.33333,40.74074,,33.333,25.59524,45.83333,42.40061,41.93361,,,0.0194,0.01917,,,-0.3265,-0.2069,-0.412,-0.0855,0.1196,-0.2051,0,0,0,,,,,,-0.15,,,0.681,0.735,0.695,0.677,0.691,0.68,2021-01-20,2020-12-14,2020-11-16,2021-01-12,2020-11-23,2020-10-30,-0.54,0.59,-7.89,6.37,-0.58,2.21,4.0,6.0,19.0,15.0,5.0,11.0,-0.0,0.0,-0.0,0.0,-0.0,0.0,0.675,0.695,0.69,0.67,0.67,0.66,2021-01-26,2021-01-20,2021-01-14,2021-01-25,2021-01-19,2021-01-11,0.021,0.035,0.028,0.02,0.025,0.02,2021-01-11,2020-07-29,2020-04-14,2020-12-10,2020-05-27,2020-02-12,325900.0,845700.0,363400.0,-30.91,-20.3,-41.05,0.001,0.039,0.021,-0.018,-0.04,-0.034,0.00889,0.05598,0.03063,-0.02455,-0.05756,-0.03172,49.289,55.78,54.029,39.838,33.698,50.706,33.333,87.5,50.0,22.222,20.0,0.0,52.217,65.711,58.002,44.655,37.616,57.696,2020-12-21,2020-07-10,2019-10-25,2020-10-06,2020-03-20,2019-08-14,164,259,7602,200,219,7530,2020-11-27,2020-06-22,2020-04-17,2021-01-12,2020-09-21,2020-05-15,2021-01-26,2021-01-20,2021-01-14,2021-01-25,2021-01-18,2021-01-11,2020-12-02,2020-06-29,2020-05-04,2021-01-11,2020-09-08,2020-05-15,1,0,1,0,1,0,0,1,1,0,0,1,1,0,0,0,1,0,0,1,1,0,0,0,1,0,1,0,1,0,,,,,,,,,,Life.Bear,Life.BearRecovery,Life.Bear,Life.BearRecovery,Life.Bear,,
2021-01-27,0.67687,,,,,0.68651,0.69541,0.70782,0.7285,0.6798,0.68696,-0.00716,-0.00729,-0.00352,0.00013,-0.004,,0.02,11.52,-7.68,6.31,-3.64,5.18,-8.52,1.02,2.0,28.0,14.0,17.0,14.0,16.0,28.0,8.0,-0.0,-0.005,0.00429,-0.005,0.85714,46.15385,48.73541,,,1.49885,22.22222,25.92593,,,4.7619,24.00794,42.91176,42.41087,,,0.01837,0.01906,,,-0.3309,-0.2131,-0.4199,-0.089,0.1178,-0.2068,0,0,0,,,,,,-0.15,,,0.681,0.735,0.695,0.677,0.691,0.68,2021-01-20,2020-12-14,2020-11-16,2021-01-12,2020-11-23,2020-10-30,-0.61,0.59,-7.89,6.37,-0.58,2.21,5.0,6.0,19.0,15.0,5.0,11.0,-0.0,0.0,-0.0,0.0,-0.0,0.0,0.675,0.695,0.69,0.67,0.67,0.66,2021-01-26,2021-01-20,2021-01-14,2021-01-25,2021-01-19,2021-01-11,0.021,0.035,0.028,0.02,0.025,0.02,2021-01-11,2020-07-29,2020-04-14,2020-12-10,2020-05-27,2020-02-12,845700.0,363400.0,1542800.0,-20.3,-41.05,79.28,0.001,0.039,0.021,-0.004,-0.018,-0.04,0.00889,0.05598,0.03063,-0.00729,-0.02455,-0.05756,49.289,55.78,54.029,39.838,33.698,50.706,33.333,87.5,50.0,22.222,20.0,0.0,52.217,65.711,58.002,44.655,37.616,57.696,2020-12-21,2020-07-10,2019-10-25,2021-01-27,2020-10-06,2020-03-20,164,259,7602,113,200,219,2020-11-27,2020-06-22,2020-04-17,2021-01-12,2020-09-21,2020-05-15,2021-01-26,2021-01-20,2021-01-14,2021-01-25,2021-01-18,2021-01-11,2020-12-02,2020-06-29,2020-05-04,2021-01-11,2020-09-08,2020-05-15,1,0,1,0,1,0,0,1,1,0,0,1,1,0,0,0,1,0,0,1,1,0,0,0,1,0,1,0,1,0,-1542800,,,,,,,,n2p,Life.Bear,Life.BearRecovery,Life.Bear,Life.BearRecovery,Life.Bear,,
2021-01-29,0.67706,0.677,,,,0.68524,0.69441,0.70707,0.72792,0.67829,0.6857,-0.00741,-0.00731,-0.0033,-0.0001,,,11.51,-7.68,6.31,-3.64,5.18,-8.52,1.02,-2.74,28.0,14.0,17.0,14.0,16.0,28.0,8.0,19.0,0.0,0.0,0.00429,-0.00429,1.0,50.0,49.42632,,,5.345,22.22222,25.92593,,,9.52381,13.29365,43.44395,42.91877,,,0.01849,0.01896,,,-0.3351,-0.2183,-0.4268,-0.0917,0.1168,-0.2085,0,0,0,,,,,,-0.15,,,0.681,0.735,0.695,0.677,0.677,0.691,2021-01-20,2020-12-14,2020-11-16,2021-01-29,2021-01-12,2020-11-23,0.0,-0.59,0.59,-7.89,6.37,-0.58,0.0,6.0,6.0,19.0,15.0,5.0,0.0,-0.0,0.0,-0.0,0.0,-0.0,0.675,0.695,0.69,0.67,0.67,0.66,2021-01-26,2021-01-20,2021-01-14,2021-01-25,2021-01-19,2021-01-11,0.021,0.035,0.028,0.02,0.025,0.02,2021-01-11,2020-07-29,2020-04-14,2020-12-10,2020-05-27,2020-02-12,363400.0,1542800.0,1365100.0,-41.05,79.28,18.87,0.001,0.039,0.021,-0.004,-0.018,-0.04,0.00889,0.05598,0.03063,-0.00729,-0.02455,-0.05756,49.289,55.78,54.029,39.838,33.698,50.706,33.333,87.5,50.0,22.222,20.0,0.0,52.217,65.711,58.002,44.655,37.616,57.696,2020-12-21,2020-07-10,2019-10-25,2021-01-27,2020-10-06,2020-03-20,164,259,7602,113,200,219,2020-11-27,2020-06-22,2020-04-17,2021-01-12,2020-09-21,2020-05-15,2021-01-26,2021-01-20,2021-01-14,2021-01-25,2021-01-18,2021-01-11,2020-12-02,2020-06-29,2020-05-04,2021-01-11,2020-09-08,2020-05-15,1,0,1,0,1,0,0,1,1,0,0,1,1,0,0,0,1,0,0,1,1,0,0,0,1,0,1,0,1,0,,,,,,,,n2p,,Life.Bear,Life.BearRecovery,Life.Bear,Life.BearRecovery,Life.Bear,,
2021-02-02,0.67814,,,0.67,,0.68407,0.69345,0.70633,0.72734,0.67702,0.68454,-0.00752,-0.00736,-0.00303,-0.00017,,,11.33,-7.68,6.31,-3.64,5.18,-8.52,1.02,-2.74,26.0,14.0,17.0,14.0,16.0,28.0,8.0,19.0,0.0,0.0,0.00429,-0.00357,1.2,54.54545,50.1511,,,9.89045,12.5,18.98148,12.5,,11.42857,8.57143,43.98727,43.44766,,,0.01752,0.01887,,,-0.3389,-0.2226,-0.4327,-0.0938,0.1163,-0.2101,0,0,0,,,,,,-0.15,,,0.681,0.735,0.695,0.677,0.677,0.691,2021-01-20,2020-12-14,2020-11-16,2021-01-29,2021-01-12,2020-11-23,0.17,-0.59,0.59,-7.89,6.37,-0.58,1.0,6.0,6.0,19.0,15.0,5.0,0.0,-0.0,0.0,-0.0,0.0,-0.0,0.675,0.695,0.69,0.67,0.67,0.67,2021-01-26,2021-01-20,2021-01-14,2021-02-02,2021-01-25,2021-01-19,0.021,0.035,0.028,0.02,0.025,0.02,2021-01-11,2020-07-29,2020-04-14,2020-12-10,2020-05-27,2020-02-12,1542800.0,1365100.0,591600.0,79.28,18.87,6.98,0.001,0.039,0.021,-0.004,-0.018,-0.04,0.00889,0.05598,0.03063,-0.00729,-0.02455,-0.05756,49.289,55.78,54.029,39.838,33.698,50.706,33.333,87.5,50.0,12.5,22.222,20.0,52.217,65.711,58.002,44.655,37.616,57.696,2020-12-21,2020-07-10,2019-10-25,2021-01-27,2020-10-06,2020-03-20,164,259,7602,113,200,219,2020-11-27,2020-06-22,2020-04-17,2021-01-12,2020-09-21,2020-05-15,2021-01-26,2021-01-20,2021-01-14,2021-02-02,2021-01-25,2021-01-18,2020-12-02,2020-06-29,2020-05-04,2021-01-11,2020-09-08,2020-05-15,1,0,1,0,1,0,0,0,1,0,0,1,1,0,0,0,1,0,1,0,1,0,0,0,1,0,1,0,1,0,,,,,,,n2p,,,Life.Bear,Life.BearRecovery,Life.Bear,Life.BearRecovery,Life.Bear,,
2021-02-03,0.68023,,,,,0.68337,0.69273,0.70571,0.72682,0.67671,0.68383,-0.00713,-0.00731,-0.00272,0.00018,,,10.99,-7.68,6.31,-3.64,5.18,-8.52,1.02,-2.74,25.0,14.0,17.0,14.0,16.0,28.0,8.0,19.0,0.005,0.0,0.00357,-0.00357,1.0,50.0,50.90111,,,5.345,25.0,19.90741,,,28.09524,16.34921,44.53009,43.9871,,,0.0177,0.01879,,,-0.3409,-0.2234,-0.4345,-0.0936,0.1175,-0.2111,0,0,0,,,,,,-0.15,,,0.681,0.735,0.695,0.677,0.677,0.691,2021-01-20,2020-12-14,2020-11-16,2021-01-29,2021-01-12,2020-11-23,0.48,-0.59,0.59,-7.89,6.37,-0.58,2.0,6.0,6.0,19.0,15.0,5.0,0.0,-0.0,0.0,-0.0,0.0,-0.0,0.675,0.695,0.69,0.67,0.67,0.67,2021-01-26,2021-01-20,2021-01-14,2021-02-02,2021-01-25,2021-01-19,0.021,0.035,0.028,0.02,0.025,0.02,2021-01-11,2020-07-29,2020-04-14,2020-12-10,2020-05-27,2020-02-12,1365100.0,591600.0,1315600.0,18.87,6.98,-6.49,0.001,0.039,0.021,-0.004,-0.018,-0.04,0.00889,0.05598,0.03063,-0.00729,-0.02455,-0.05756,49.289,55.78,54.029,39.838,33.698,50.706,33.333,87.5,50.0,12.5,22.222,20.0,52.217,65.711,58.002,44.655,37.616,57.696,2020-12-21,2020-07-10,2019-10-25,2021-01-27,2020-10-06,2020-03-20,164,259,7602,113,200,219,2020-11-27,2020-06-22,2020-04-17,2021-01-12,2020-09-21,2020-05-15,2021-01-26,2021-01-20,2021-01-14,2021-02-02,2021-01-25,2021-01-18,2020-12-02,2020-06-29,2020-05-04,2021-01-11,2020-09-08,2020-05-15,1,0,1,0,1,0,0,0,1,0,0,1,1,0,0,0,1,0,1,0,1,0,0,0,1,0,1,0,1,0,,,,,,n2p,,,,Life.Bear,Life.BearRecovery,Life.Bear,Life.BearRecovery,Life.Bear,,
2021-02-04,0.68322,,,,,0.6835,0.69243,0.7053,0.72641,0.67798,0.68392,-0.00594,-0.00704,-0.00237,0.0011,,,10.51,-7.68,6.31,-3.64,5.18,-8.52,1.02,-2.74,24.0,14.0,17.0,14.0,16.0,28.0,8.0,19.0,0.01,0.0,0.00393,-0.00357,1.1,52.38095,51.66659,,,7.72595,50.0,29.16667,,,50.0,29.84127,45.05976,44.5257,,,0.01787,0.01873,,,-0.3398,-0.218,-0.4291,-0.0893,0.1218,-0.2111,1,1,1,,,,,,,-0.15,,0.681,0.735,0.695,0.677,0.677,0.691,2021-01-20,2020-12-14,2020-11-16,2021-01-29,2021-01-12,2020-11-23,0.92,-0.59,0.59,-7.89,6.37,-0.58,3.0,6.0,6.0,19.0,15.0,5.0,0.0,-0.0,0.0,-0.0,0.0,-0.0,0.675,0.695,0.69,0.67,0.67,0.67,2021-01-26,2021-01-20,2021-01-14,2021-02-02,2021-01-25,2021-01-19,0.021,0.035,0.028,0.02,0.025,0.02,2021-01-11,2020-07-29,2020-04-14,2020-12-10,2020-05-27,2020-02-12,591600.0,1315600.0,673000.0,6.98,-6.49,-21.15,0.001,0.039,0.021,-0.004,-0.018,-0.04,0.00889,0.05598,0.03063,-0.00729,-0.02455,-0.05756,49.289,55.78,54.029,39.838,33.698,50.706,33.333,87.5,50.0,12.5,22.222,20.0,52.217,65.711,58.002,44.655,37.616,57.696,2020-12-21,2020-07-10,2019-10-25,2021-01-27,2020-10-06,2020-03-20,164,259,7602,113,200,219,2020-11-27,2020-06-22,2020-04-17,2021-01-12,2020-09-21,2020-05-15,2021-01-26,2021-01-20,2021-01-14,2021-02-02,2021-01-25,2021-01-18,2020-12-02,2020-06-29,2020-05-04,2021-01-11,2020-09-08,2020-05-15,1,0,1,0,1,0,0,0,1,0,0,1,1,0,0,0,1,0,1,0,1,0,0,0,1,0,1,0,1,0,,,,,n2p,,,,,Life.BearRecovery,Life.Bear,Life.BearRecovery,Life.Bear,Life.BearRecovery,,
2021-02-05,0.68669,,,,0.685,0.68361,0.69213,0.7049,0.72599,0.67906,0.684,-0.00494,-0.00662,-0.00198,0.00168,,,9.95,-7.68,6.31,-3.64,5.18,-8.52,1.02,-2.74,23.0,14.0,17.0,14.0,16.0,28.0,8.0,19.0,0.0,0.0,0.00321,-0.00357,0.9,47.36842,52.43805,,,2.71342,50.0,41.66667,,50.0,70.0,49.36508,45.5649,45.05158,,,0.01766,0.01868,,,-0.3386,-0.2129,-0.4238,-0.0852,0.1257,-0.2109,1,1,1,,,,,,,-0.15,,0.681,0.735,0.695,0.677,0.677,0.691,2021-01-20,2020-12-14,2020-11-16,2021-01-29,2021-01-12,2020-11-23,1.43,-0.59,0.59,-7.89,6.37,-0.58,4.0,6.0,6.0,19.0,15.0,5.0,0.0,-0.0,0.0,-0.0,0.0,-0.0,0.685,0.675,0.695,0.67,0.67,0.67,2021-02-05,2021-01-26,2021-01-20,2021-02-02,2021-01-25,2021-01-19,0.021,0.035,0.028,0.02,0.025,0.02,2021-01-11,2020-07-29,2020-04-14,2020-12-10,2020-05-27,2020-02-12,1315600.0,673000.0,315700.0,-6.49,-21.15,-10.69,0.001,0.039,0.021,-0.004,-0.018,-0.04,0.00889,0.05598,0.03063,-0.00729,-0.02455,-0.05756,49.289,55.78,54.029,39.838,33.698,50.706,50.0,33.333,87.5,12.5,22.222,20.0,52.217,65.711,58.002,44.655,37.616,57.696,2020-12-21,2020-07-10,2019-10-25,2021-01-27,2020-10-06,2020-03-20,164,259,7602,113,200,219,2020-11-27,2020-06-22,2020-04-17,2021-01-12,2020-09-21,2020-05-15,2021-02-05,2021-01-26,2021-01-20,2021-02-02,2021-01-25,2021-01-18,2020-12-02,2020-06-29,2020-05-04,2021-01-11,2020-09-08,2020-05-15,1,0,1,0,0,0,0,0,1,0,0,1,1,0,0,0,0,0,1,0,1,0,0,0,1,0,1,0,1,0,,,,,,,,,,Life.BearRecovery,Life.Bear,Life.BearRecovery,Life.Bear,Life.BearRecovery,,
2021-02-08,0.69017,,,0.68,,0.68334,0.69166,0.70441,0.72554,0.67921,0.6837,-0.0045,-0.00619,-0.00157,0.0017,,,9.39,-7.68,6.31,-3.64,5.18,-8.52,1.02,-2.74,22.0,14.0,17.0,14.0,16.0,28.0,8.0,19.0,-0.0,-0.005,0.00321,-0.00357,0.9,47.36842,53.20596,,,2.71342,37.5,45.83333,37.5,,73.33333,64.44444,46.03511,45.55326,,,0.01711,0.01864,,,-0.3388,-0.2107,-0.422,-0.0832,0.1281,-0.2113,1,1,1,,,,,,,-0.15,,0.681,0.735,0.695,0.677,0.677,0.691,2021-01-20,2020-12-14,2020-11-16,2021-01-29,2021-01-12,2020-11-23,1.95,-0.59,0.59,-7.89,6.37,-0.58,5.0,6.0,6.0,19.0,15.0,5.0,0.0,-0.0,0.0,-0.0,0.0,-0.0,0.685,0.675,0.695,0.68,0.67,0.67,2021-02-05,2021-01-26,2021-01-20,2021-02-08,2021-02-02,2021-01-25,0.021,0.035,0.028,0.02,0.025,0.02,2021-01-11,2020-07-29,2020-04-14,2020-12-10,2020-05-27,2020-02-12,673000.0,315700.0,403800.0,-21.15,-10.69,-39.57,0.001,0.039,0.021,-0.004,-0.018,-0.04,0.00889,0.05598,0.03063,-0.00729,-0.02455,-0.05756,49.289,55.78,54.029,39.838,33.698,50.706,50.0,33.333,87.5,37.5,12.5,22.222,52.217,65.711,58.002,44.655,37.616,57.696,2020-12-21,2020-07-10,2019-10-25,2021-01-27,2020-10-06,2020-03-20,164,259,7602,113,200,219,2020-11-27,2020-06-22,2020-04-17,2021-01-12,2020-09-21,2020-05-15,2021-02-05,2021-01-26,2021-01-20,2021-02-08,2021-02-02,2021-01-25,2020-12-02,2020-06-29,2020-05-04,2021-01-11,2020-09-08,2020-05-15,1,0,1,0,0,0,0,1,1,0,0,1,1,0,0,0,0,0,0,1,1,0,0,0,1,0,1,0,1,0,,,,,,,,,,Life.BearRecovery,Life.Bear,Life.BearRecovery,Life.Bear,Life.BearRecovery,,
2021-02-09,0.69326,,,,0.71,0.68539,0.69238,0.70452,0.72538,0.68394,0.68565,-0.00171,-0.0053,-0.00113,0.00359,,,8.91,-7.68,6.31,-3.64,5.18,-8.52,1.02,-2.74,21.0,14.0,17.0,14.0,16.0,28.0,8.0,19.0,0.03,0.0,0.00536,-0.0025,2.14286,68.18182,53.96022,,,23.52682,90.0,59.16667,,90.0,76.66667,73.33333,46.46127,46.02043,,,0.01875,0.01862,,,-0.33,-0.1913,-0.3999,-0.0699,0.1387,-0.2086,1,1,1,,,,,,,-0.15,,0.681,0.735,0.695,0.677,0.677,0.691,2021-01-20,2020-12-14,2020-11-16,2021-01-29,2021-01-12,2020-11-23,2.4,-0.59,0.59,-7.89,6.37,-0.58,6.0,6.0,6.0,19.0,15.0,5.0,0.0,-0.0,0.0,-0.0,0.0,-0.0,0.71,0.685,0.675,0.68,0.67,0.67,2021-02-09,2021-02-05,2021-01-26,2021-02-08,2021-02-02,2021-01-25,0.021,0.035,0.028,0.02,0.025,0.02,2021-01-11,2020-07-29,2020-04-14,2020-12-10,2020-05-27,2020-02-12,315700.0,403800.0,3748300.0,-10.69,-39.57,220.85,0.001,0.039,0.021,-0.004,-0.018,-0.04,0.00889,0.05598,0.03063,-0.00729,-0.02455,-0.05756,49.289,55.78,54.029,39.838,33.698,50.706,90.0,50.0,33.333,37.5,12.5,22.222,52.217,65.711,58.002,44.655,37.616,57.696,2020-12-21,2020-07-10,2019-10-25,2021-01-27,2020-10-06,2020-03-20,164,259,7602,113,200,219,2020-11-27,2020-06-22,2020-04-17,2021-01-12,2020-09-21,2020-05-15,2021-02-09,2021-02-05,2021-01-26,2021-02-08,2021-02-02,2021-01-25,2020-12-02,2020-06-29,2020-05-04,2021-01-11,2020-09-08,2020-05-15,1,0,1,0,0,1,0,1,1,0,0,1,1,0,0,0,0,1,0,1,1,0,0,0,1,0,1,0,1,0,3748300,,,,,,,,n2p,Life.BearRecovery,Life.Bear,Life.BearRecovery,Life.Bear,Life.BearRecovery,,
2021-02-10,0.69572,,,,,0.6869,0.69287,0.70453,0.72518,0.68718,0.68708,0.0001,-0.00422,-0.00067,0.00432,,,8.52,-7.68,6.31,-3.64,5.18,-8.52,1.02,-2.74,20.0,14.0,17.0,14.0,16.0,28.0,8.0,19.0,-0.0,-0.005,0.00536,-0.00286,1.875,65.21739,54.68952,,,20.56239,72.72727,66.74242,,,73.33333,74.44444,46.83656,46.44431,,,0.01884,0.01862,,,-0.3231,-0.1763,-0.3828,-0.0597,0.1468,-0.2065,1,1,1,,,,,,,-0.15,,0.681,0.735,0.695,0.677,0.677,0.691,2021-01-20,2020-12-14,2020-11-16,2021-01-29,2021-01-12,2020-11-23,2.77,-0.59,0.59,-7.89,6.37,-0.58,7.0,6.0,6.0,19.0,15.0,5.0,0.0,-0.0,0.0,-0.0,0.0,-0.0,0.71,0.685,0.675,0.68,0.67,0.67,2021-02-09,2021-02-05,2021-01-26,2021-02-08,2021-02-02,2021-01-25,0.021,0.035,0.028,0.02,0.025,0.02,2021-01-11,2020-07-29,2020-04-14,2020-12-10,2020-05-27,2020-02-12,403800.0,3748300.0,1258900.0,-39.57,220.85,21.11,0.001,0.039,0.021,-0.004,-0.018,-0.04,0.00889,0.05598,0.03063,-0.00729,-0.02455,-0.05756,49.289,55.78,54.029,39.838,33.698,50.706,90.0,50.0,33.333,37.5,12.5,22.222,52.217,65.711,58.002,44.655,37.616,57.696,2020-12-21,2020-07-10,2019-10-25,2021-01-27,2020-10-06,2020-03-20,164,259,7602,113,200,219,2020-11-27,2020-06-22,2020-04-17,2021-01-12,2020-09-21,2020-05-15,2021-02-09,2021-02-05,2021-01-26,2021-02-08,2021-02-02,2021-01-25,2020-12-02,2020-06-29,2020-05-04,2021-01-11,2020-09-08,2020-05-15,1,0,1,0,0,1,0,1,1,0,0,1,1,0,0,0,0,1,0,1,1,0,0,0,1,0,1,0,1,0,,,,,,,,n2p,,Life.BearRecovery,Life.Bear,Life.BearRecovery,Life.Bear,Life.BearRecovery,,
2021-02-11,0.6974,,,0.7,,0.6879,0.69315,0.70444,0.72493,0.68915,0.68804,0.00111,-0.00315,-0.0002,0.00426,,,8.26,-7.68,6.31,-3.64,5.18,-8.52,1.02,-2.74,19.0,14.0,17.0,14.0,16.0,28.0,8.0,19.0,-0.0,-0.005,0.00357,-0.00321,1.11111,52.63158,55.3828,,,7.97658,63.63636,75.45455,63.636,,71.85185,73.95062,47.1591,46.81898,,,0.01785,0.01863,,,-0.3178,-0.1654,-0.3703,-0.0525,0.1524,-0.2049,1,1,1,,,,,,,-0.15,,0.681,0.735,0.695,0.677,0.677,0.691,2021-01-20,2020-12-14,2020-11-16,2021-01-29,2021-01-12,2020-11-23,3.01,-0.59,0.59,-7.89,6.37,-0.58,8.0,6.0,6.0,19.0,15.0,5.0,0.0,-0.0,0.0,-0.0,0.0,-0.0,0.71,0.685,0.675,0.7,0.68,0.67,2021-02-09,2021-02-05,2021-01-26,2021-02-11,2021-02-08,2021-02-02,0.021,0.035,0.028,0.02,0.025,0.02,2021-01-11,2020-07-29,2020-04-14,2020-12-10,2020-05-27,2020-02-12,3748300.0,1258900.0,217000.0,220.85,21.11,-3.45,0.001,0.039,0.021,-0.004,-0.018,-0.04,0.00889,0.05598,0.03063,-0.00729,-0.02455,-0.05756,49.289,55.78,54.029,39.838,33.698,50.706,90.0,50.0,33.333,63.636,37.5,12.5,52.217,65.711,58.002,44.655,37.616,57.696,2020-12-21,2020-07-10,2019-10-25,2021-01-27,2020-10-06,2020-03-20,164,259,7602,113,200,219,2020-11-27,2020-06-22,2020-04-17,2021-01-12,2020-09-21,2020-05-15,2021-02-09,2021-02-05,2021-01-26,2021-02-11,2021-02-08,2021-02-02,2020-12-02,2020-06-29,2020-05-04,2021-01-11,2020-09-08,2020-05-15,1,0,1,0,0,1,0,1,1,0,0,1,1,0,0,0,0,1,0,1,1,0,0,0,1,0,1,0,1,0,,,,,,,n2p,,,Life.BearRecovery,Life.Bear,Life.BearRecovery,Life.Bear,Life.BearRecovery,,
2021-02-15,0.69835,,,,0.705,0.68922,0.69362,0.70445,0.72473,0.69159,0.6893,0.0023,-0.00206,0.00028,0.00436,,,8.11,-7.68,6.31,-3.64,5.18,-8.52,1.02,-2.74,17.0,14.0,17.0,14.0,16.0,28.0,8.0,19.0,0.005,0.0,0.00393,-0.00286,1.375,57.89474,56.03007,,,13.23974,72.72727,69.69697,,72.727,64.07407,69.75309,47.43109,47.14225,,,0.01729,0.01865,,,-0.3111,-0.1523,-0.3551,-0.044,0.1588,-0.2028,1,1,1,,,,,,,-0.15,,0.681,0.735,0.695,0.677,0.677,0.691,2021-01-20,2020-12-14,2020-11-16,2021-01-29,2021-01-12,2020-11-23,3.15,-0.59,0.59,-7.89,6.37,-0.58,9.0,6.0,6.0,19.0,15.0,5.0,0.0,-0.0,0.0,-0.0,0.0,-0.0,0.705,0.71,0.685,0.7,0.68,0.67,2021-02-15,2021-02-09,2021-02-05,2021-02-11,2021-02-08,2021-02-02,0.021,0.035,0.028,0.02,0.025,0.02,2021-01-11,2020-07-29,2020-04-14,2020-12-10,2020-05-27,2020-02-12,1258900.0,217000.0,568500.0,21.11,-3.45,-60.87,0.001,0.039,0.021,-0.004,-0.018,-0.04,0.00889,0.05598,0.03063,-0.00729,-0.02455,-0.05756,49.289,55.78,54.029,39.838,33.698,50.706,72.727,90.0,50.0,63.636,37.5,12.5,52.217,65.711,58.002,44.655,37.616,57.696,2020-12-21,2020-07-10,2019-10-25,2021-01-27,2020-10-06,2020-03-20,164,259,7602,113,200,219,2020-11-27,2020-06-22,2020-04-17,2021-01-12,2020-09-21,2020-05-15,2021-02-15,2021-02-09,2021-02-05,2021-02-11,2021-02-08,2021-02-02,2020-12-02,2020-06-29,2020-05-04,2021-01-11,2020-09-08,2020-05-15,1,0,1,0,0,0,0,1,1,0,0,1,1,0,0,0,0,0,0,1,1,0,0,0,1,0,1,0,1,0,,,,568500,,n2p,,,n2n,Life.BearRecovery,Life.Bear,Life.BearRecovery,Life.Bear,Life.BearRecovery,,
2021-02-16,0.69878,,,,,0.69005,0.69387,0.70436,0.72448,0.69289,0.69009,0.0028,-0.00109,0.00076,0.00389,,,8.05,-7.68,6.31,-3.64,5.18,-8.52,1.02,-2.74,16.0,14.0,17.0,14.0,16.0,28.0,8.0,19.0,-0.0,-0.005,0.00393,-0.00321,1.22222,55.0,56.62179,,,10.345,63.63636,66.66667,,,59.25926,65.06173,47.65462,47.41494,,,0.01677,0.01869,,,-0.3061,-0.1431,-0.3443,-0.0382,0.163,-0.2012,1,1,1,,,,,,,-0.15,,0.681,0.735,0.695,0.677,0.677,0.691,2021-01-20,2020-12-14,2020-11-16,2021-01-29,2021-01-12,2020-11-23,3.22,-0.59,0.59,-7.89,6.37,-0.58,10.0,6.0,6.0,19.0,15.0,5.0,0.0,-0.0,0.0,-0.0,0.0,-0.0,0.705,0.71,0.685,0.7,0.68,0.67,2021-02-15,2021-02-09,2021-02-05,2021-02-11,2021-02-08,2021-02-02,0.021,0.035,0.028,0.02,0.025,0.02,2021-01-11,2020-07-29,2020-04-14,2020-12-10,2020-05-27,2020-02-12,217000.0,568500.0,557600.0,-3.45,-60.87,-34.3,0.001,0.039,0.021,-0.004,-0.018,-0.04,0.00889,0.05598,0.03063,-0.00729,-0.02455,-0.05756,49.289,55.78,54.029,39.838,33.698,50.706,72.727,90.0,50.0,63.636,37.5,12.5,52.217,65.711,58.002,44.655,37.616,57.696,2020-12-21,2020-07-10,2019-10-25,2021-01-27,2020-10-06,2020-03-20,164,259,7602,113,200,219,2020-11-27,2020-06-22,2020-04-17,2021-01-12,2020-09-21,2020-05-15,2021-02-15,2021-02-09,2021-02-05,2021-02-11,2021-02-08,2021-02-02,2020-12-02,2020-06-29,2020-05-04,2021-01-11,2020-09-08,2020-05-15,1,0,1,0,0,0,0,1,1,0,0,1,1,0,0,0,0,0,0,1,1,0,0,0,1,0,1,0,1,0,,,,,n2p,,,n2n,,Life.BearRecovery,Life.Bear,Life.BearRecovery,Life.Bear,Life.BearRecovery,,
2021-02-17,0.69889,,,,,0.69043,0.69391,0.70418,0.72419,0.69321,0.69045,0.00276,-0.00032,0.00124,0.00308,,,8.03,-7.68,6.31,-3.64,5.18,-8.52,1.02,-2.74,15.0,14.0,17.0,14.0,16.0,28.0,8.0,19.0,-0.0,-0.005,0.00393,-0.00214,1.83333,64.70588,57.15017,,,20.05088,54.54545,63.63636,,,40.74074,54.69136,47.82972,47.63848,,,0.01628,0.01874,,,-0.3028,-0.1375,-0.3376,-0.0348,0.1653,-0.2001,1,1,1,,,,,,,-0.15,,0.681,0.735,0.695,0.677,0.677,0.691,2021-01-20,2020-12-14,2020-11-16,2021-01-29,2021-01-12,2020-11-23,3.23,-0.59,0.59,-7.89,6.37,-0.58,11.0,6.0,6.0,19.0,15.0,5.0,0.0,-0.0,0.0,-0.0,0.0,-0.0,0.705,0.71,0.685,0.7,0.68,0.67,2021-02-15,2021-02-09,2021-02-05,2021-02-11,2021-02-08,2021-02-02,0.021,0.035,0.028,0.02,0.025,0.02,2021-01-11,2020-07-29,2020-04-14,2020-12-10,2020-05-27,2020-02-12,568500.0,557600.0,831100.0,-60.87,-34.3,45.72,0.001,0.039,0.021,-0.004,-0.018,-0.04,0.00889,0.05598,0.03063,-0.00729,-0.02455,-0.05756,49.289,55.78,54.029,39.838,33.698,50.706,72.727,90.0,50.0,63.636,37.5,12.5,52.217,65.711,58.002,44.655,37.616,57.696,2020-12-21,2020-07-10,2019-10-25,2021-01-27,2020-10-06,2020-03-20,164,259,7602,113,200,219,2020-11-27,2020-06-22,2020-04-17,2021-01-12,2020-09-21,2020-05-15,2021-02-15,2021-02-09,2021-02-05,2021-02-11,2021-02-08,2021-02-02,2020-12-02,2020-06-29,2020-05-04,2021-01-11,2020-09-08,2020-05-15,1,0,1,0,0,0,0,1,1,0,0,1,1,0,0,0,0,0,0,1,1,0,0,0,1,0,1,0,1,0,-831100,,,,,,n2n,,n2p,Life.BearRecovery,Life.Bear,Life.BearRecovery,Life.Bear,Life.BearRecovery,,
2021-02-18,0.69883,,,,,0.69078,0.69395,0.70399,0.7239,0.69349,0.69079,0.0027,0.00028,0.0017,0.00241,,,8.04,-7.68,6.31,-3.64,5.18,-8.52,1.02,-2.74,14.0,14.0,17.0,14.0,16.0,28.0,8.0,19.0,0.0,0.0,0.00357,-0.00214,1.66667,62.5,57.60868,,,17.845,54.54545,57.57576,,,26.85185,42.28395,47.95509,47.81315,,,0.01584,0.0188,,,-0.2995,-0.1321,-0.3312,-0.0317,0.1674,-0.1991,1,1,1,,,,,,,-0.15,,0.681,0.735,0.695,0.677,0.677,0.691,2021-01-20,2020-12-14,2020-11-16,2021-01-29,2021-01-12,2020-11-23,3.22,-0.59,0.59,-7.89,6.37,-0.58,12.0,6.0,6.0,19.0,15.0,5.0,0.0,-0.0,0.0,-0.0,0.0,-0.0,0.705,0.71,0.685,0.7,0.68,0.67,2021-02-15,2021-02-09,2021-02-05,2021-02-11,2021-02-08,2021-02-02,0.021,0.035,0.028,0.02,0.025,0.02,2021-01-11,2020-07-29,2020-04-14,2020-12-10,2020-05-27,2020-02-12,557600.0,831100.0,530100.0,-34.3,45.72,-1.96,0.001,0.039,0.021,-0.004,-0.018,-0.04,0.00889,0.05598,0.03063,-0.00729,-0.02455,-0.05756,49.289,55.78,54.029,39.838,33.698,50.706,72.727,90.0,50.0,63.636,37.5,12.5,52.217,65.711,58.002,44.655,37.616,57.696,2020-12-21,2020-07-10,2019-10-25,2021-01-27,2020-10-06,2020-03-20,164,259,7602,113,200,219,2020-11-27,2020-06-22,2020-04-17,2021-01-12,2020-09-21,2020-05-15,2021-02-15,2021-02-09,2021-02-05,2021-02-11,2021-02-08,2021-02-02,2020-12-02,2020-06-29,2020-05-04,2021-01-11,2020-09-08,2020-05-15,1,0,1,0,0,0,0,1,1,0,0,1,1,0,0,0,0,0,0,1,1,0,0,0,1,0,1,0,1,0,,,530100,,,n2n,,n2p,p2n,Life.BearRecovery,Life.Bear,Life.BearRecovery,Life.Bear,Life.BearRecovery,,
2021-02-19,0.69889,,,,,0.69111,0.694,0.70382,0.72361,0.69372,0.6911,0.00262,0.00075,0.00216,0.00187,,,8.03,-7.68,6.31,-3.64,5.18,-8.52,1.02,-2.74,13.0,14.0,17.0,14.0,16.0,28.0,8.0,19.0,0.0,0.0,0.00357,-0.00179,2.0,66.66667,57.99118,,,22.01167,54.54545,54.54545,,,21.66667,29.75309,48.02952,47.93811,,,0.01542,0.01887,,,-0.2961,-0.1271,-0.325,-0.0289,0.169,-0.1979,1,1,1,,,,,,,-0.15,,0.681,0.735,0.695,0.677,0.677,0.691,2021-01-20,2020-12-14,2020-11-16,2021-01-29,2021-01-12,2020-11-23,3.23,-0.59,0.59,-7.89,6.37,-0.58,13.0,6.0,6.0,19.0,15.0,5.0,0.0,-0.0,0.0,-0.0,0.0,-0.0,0.705,0.71,0.685,0.7,0.68,0.67,2021-02-15,2021-02-09,2021-02-05,2021-02-11,2021-02-08,2021-02-02,0.021,0.035,0.028,0.02,0.025,0.02,2021-01-11,2020-07-29,2020-04-14,2020-12-10,2020-05-27,2020-02-12,831100.0,530100.0,1197200.0,45.72,-1.96,33.33,0.001,0.039,0.021,-0.004,-0.018,-0.04,0.00889,0.05598,0.03063,-0.00729,-0.02455,-0.05756,49.289,55.78,54.029,39.838,33.698,50.706,72.727,90.0,50.0,63.636,37.5,12.5,52.217,65.711,58.002,44.655,37.616,57.696,2020-12-21,2020-07-10,2019-10-25,2021-01-27,2020-10-06,2020-03-20,164,259,7602,113,200,219,2020-11-27,2020-06-22,2020-04-17,2021-01-12,2020-09-21,2020-05-15,2021-02-15,2021-02-09,2021-02-05,2021-02-11,2021-02-08,2021-02-02,2020-12-02,2020-06-29,2020-05-04,2021-01-11,2020-09-08,2020-05-15,1,0,1,0,0,0,0,1,1,0,0,1,1,0,0,0,0,0,0,1,1,0,0,0,1,0,1,0,1,0,,,,,n2n,,n2p,p2n,,Life.BearRecovery,Life.Bear,Life.BearRecovery,Life.Bear,Life.BearRecovery,,
2021-02-22,0.69951,,,0.695,,0.6914,0.69403,0.70364,0.72333,0.69392,0.69139,0.00253,0.0011,0.00259,0.00142,,,7.93,-7.68,6.31,-3.64,5.18,-8.52,1.02,-2.74,12.0,14.0,17.0,14.0,16.0,28.0,8.0,19.0,0.0,0.0,0.00357,-0.00179,2.0,66.66667,58.2929,,,22.01167,54.54545,54.54545,54.545,,41.66667,30.06173,48.05148,48.01203,,48.051,0.01539,0.01895,,,-0.293,-0.1224,-0.3193,-0.0263,0.1706,-0.1969,1,1,1,,,,,,,-0.15,,0.681,0.735,0.695,0.677,0.677,0.691,2021-01-20,2020-12-14,2020-11-16,2021-01-29,2021-01-12,2020-11-23,3.32,-0.59,0.59,-7.89,6.37,-0.58,14.0,6.0,6.0,19.0,15.0,5.0,0.0,-0.0,0.0,-0.0,0.0,-0.0,0.705,0.71,0.685,0.695,0.7,0.68,2021-02-15,2021-02-09,2021-02-05,2021-02-22,2021-02-11,2021-02-08,0.021,0.035,0.028,0.02,0.025,0.02,2021-01-11,2020-07-29,2020-04-14,2020-12-10,2020-05-27,2020-02-12,530100.0,1197200.0,1248500.0,-1.96,33.33,16.31,0.001,0.039,0.021,-0.004,-0.018,-0.04,0.00889,0.05598,0.03063,-0.00729,-0.02455,-0.05756,48.051,49.289,55.78,39.838,33.698,50.706,72.727,90.0,50.0,54.545,63.636,37.5,52.217,65.711,58.002,44.655,37.616,57.696,2020-12-21,2020-07-10,2019-10-25,2021-01-27,2020-10-06,2020-03-20,164,259,7602,113,200,219,2021-02-22,2020-11-27,2020-06-22,2021-01-12,2020-09-21,2020-05-15,2021-02-15,2021-02-09,2021-02-05,2021-02-22,2021-02-11,2021-02-08,2020-12-02,2020-06-29,2020-05-04,2021-01-11,2020-09-08,2020-05-15,1,0,1,0,0,0,0,0,1,0,0,1,1,0,0,0,0,0,0,0,1,0,0,0,1,0,1,0,1,0,,,,,,n2p,p2n,,,Life.BearRecovery,Life.Bear,Life.BearRecovery,Life.Bear,Life.BearRecovery,,
2021-02-23,0.70095,,,,,0.69207,0.69427,0.70357,0.7231,0.69485,0.69203,0.00282,0.00145,0.00299,0.00138,,,7.71,-7.68,6.31,-3.64,5.18,-8.52,1.02,-2.74,11.0,14.0,17.0,14.0,16.0,28.0,8.0,19.0,0.005,0.0,0.00393,-0.00179,2.2,68.75,58.51132,,,24.095,63.63636,57.57576,,63.636,60.0,41.11111,48.01956,48.03352,,,0.015,0.01904,,,-0.2883,-0.115,-0.3103,-0.022,0.1733,-0.1953,1,1,1,,,,,,,-0.15,,0.681,0.735,0.695,0.677,0.677,0.691,2021-01-20,2020-12-14,2020-11-16,2021-01-29,2021-01-12,2020-11-23,3.54,-0.59,0.59,-7.89,6.37,-0.58,15.0,6.0,6.0,19.0,15.0,5.0,0.0,-0.0,0.0,-0.0,0.0,-0.0,0.705,0.71,0.685,0.695,0.7,0.68,2021-02-15,2021-02-09,2021-02-05,2021-02-22,2021-02-11,2021-02-08,0.021,0.035,0.028,0.02,0.025,0.02,2021-01-11,2020-07-29,2020-04-14,2020-12-10,2020-05-27,2020-02-12,1197200.0,1248500.0,923900.0,33.33,16.31,13.23,0.001,0.039,0.021,-0.004,-0.018,-0.04,0.00889,0.05598,0.03063,-0.00729,-0.02455,-0.05756,48.051,49.289,55.78,39.838,33.698,50.706,63.636,72.727,90.0,54.545,63.636,37.5,52.217,65.711,58.002,44.655,37.616,57.696,2020-12-21,2020-07-10,2019-10-25,2021-01-27,2020-10-06,2020-03-20,164,259,7602,113,200,219,2021-02-22,2020-11-27,2020-06-22,2021-01-12,2020-09-21,2020-05-15,2021-02-23,2021-02-15,2021-02-09,2021-02-22,2021-02-11,2021-02-08,2020-12-02,2020-06-29,2020-05-04,2021-01-11,2020-09-08,2020-05-15,1,0,1,0,0,0,0,0,1,0,0,1,1,0,0,0,1,0,0,0,1,0,0,0,1,0,1,0,1,0,,,,,n2p,p2n,,,,Life.BearRecovery,Life.Bear,Life.BearRecovery,Life.Bear,Life.BearRecovery,,
2021-02-24,0.70315,,,,,0.69306,0.69469,0.7036,0.72292,0.69641,0.69299,0.00342,0.00184,0.00337,0.00158,,,7.37,-7.68,6.31,-3.64,5.18,-8.52,1.02,-2.74,10.0,14.0,17.0,14.0,16.0,28.0,8.0,19.0,0.005,0.0,0.00393,-0.00179,2.2,68.75,58.64723,,,24.095,53.84615,57.34266,,,61.81818,54.49495,47.93559,48.00221,,,0.01643,0.01913,,,-0.2823,-0.1054,-0.2986,-0.0163,0.1769,-0.1932,1,1,1,,,,,,,-0.15,,0.681,0.735,0.695,0.677,0.677,0.691,2021-01-20,2020-12-14,2020-11-16,2021-01-29,2021-01-12,2020-11-23,3.86,-0.59,0.59,-7.89,6.37,-0.58,16.0,6.0,6.0,19.0,15.0,5.0,0.0,-0.0,0.0,-0.0,0.0,-0.0,0.705,0.71,0.685,0.695,0.7,0.68,2021-02-15,2021-02-09,2021-02-05,2021-02-22,2021-02-11,2021-02-08,0.021,0.035,0.028,0.02,0.025,0.02,2021-01-11,2020-07-29,2020-04-14,2020-12-10,2020-05-27,2020-02-12,1248500.0,923900.0,4452100.0,16.31,13.23,96.6,0.001,0.039,0.021,-0.004,-0.018,-0.04,0.00889,0.05598,0.03063,-0.00729,-0.02455,-0.05756,48.051,49.289,55.78,39.838,33.698,50.706,63.636,72.727,90.0,54.545,63.636,37.5,52.217,65.711,58.002,44.655,37.616,57.696,2020-12-21,2020-07-10,2019-10-25,2021-01-27,2020-10-06,2020-03-20,164,259,7602,113,200,219,2021-02-22,2020-11-27,2020-06-22,2021-01-12,2020-09-21,2020-05-15,2021-02-23,2021-02-15,2021-02-09,2021-02-22,2021-02-11,2021-02-08,2020-12-02,2020-06-29,2020-05-04,2021-01-11,2020-09-08,2020-05-15,1,0,1,0,0,0,0,0,1,0,0,1,1,0,0,0,1,0,0,0,1,0,0,0,1,0,1,0,1,0,,4452100,,,p2n,,,,p2p,Life.BearRecovery,Life.Bear,Life.BearRecovery,Life.Bear,Life.BearRecovery,,
2021-02-25,0.7061,,,,0.705,0.69398,0.69509,0.70363,0.72274,0.69773,0.69388,0.00386,0.00225,0.00372,0.00161,,,6.92,-7.68,6.31,-3.64,5.18,-8.52,1.02,-2.74,9.0,14.0,17.0,14.0,16.0,28.0,8.0,19.0,0.0,0.0,0.00321,-0.00179,1.8,64.28571,58.70375,,58.704,19.63071,50.0,55.82751,,,56.9697,59.59596,47.80629,47.92048,,,0.01597,0.01923,,,-0.2765,-0.0965,-0.2876,-0.0111,0.18,-0.1911,1,1,1,,,,,,,-0.15,,0.681,0.735,0.695,0.677,0.677,0.691,2021-01-20,2020-12-14,2020-11-16,2021-01-29,2021-01-12,2020-11-23,4.3,-0.59,0.59,-7.89,6.37,-0.58,17.0,6.0,6.0,19.0,15.0,5.0,0.0,-0.0,0.0,-0.0,0.0,-0.0,0.705,0.705,0.71,0.695,0.7,0.68,2021-02-25,2021-02-15,2021-02-09,2021-02-22,2021-02-11,2021-02-08,0.021,0.035,0.028,0.02,0.025,0.02,2021-01-11,2020-07-29,2020-04-14,2020-12-10,2020-05-27,2020-02-12,923900.0,4452100.0,884200.0,13.23,96.6,-5.5,0.001,0.039,0.021,-0.004,-0.018,-0.04,0.00889,0.05598,0.03063,-0.00729,-0.02455,-0.05756,48.051,49.289,55.78,39.838,33.698,50.706,63.636,72.727,90.0,54.545,63.636,37.5,58.704,52.217,65.711,44.655,37.616,57.696,2020-12-21,2020-07-10,2019-10-25,2021-01-27,2020-10-06,2020-03-20,164,259,7602,113,200,219,2021-02-22,2020-11-27,2020-06-22,2021-01-12,2020-09-21,2020-05-15,2021-02-23,2021-02-15,2021-02-09,2021-02-22,2021-02-11,2021-02-08,2021-02-25,2020-12-02,2020-06-29,2021-01-11,2020-09-08,2020-05-15,1,0,1,0,1,0,0,0,1,0,0,1,1,0,0,0,1,0,0,0,0,0,0,0,1,0,1,0,1,0,,,884200,,,,,p2p,p2n,Life.BearRecovery,Life.Bear,Life.BearRecovery,Life.Bear,Life.BearRecovery,,
2021-02-26,0.71001,,,,,0.69444,0.69529,0.70355,0.72251,0.69808,0.69433,0.00375,0.00255,0.00403,0.0012,,,6.34,-7.68,6.31,-3.64,5.18,-8.52,1.02,-2.74,8.0,14.0,17.0,14.0,16.0,28.0,8.0,19.0,-0.0,-0.005,0.00321,-0.00214,1.5,60.0,58.68444,,,1.296,41.66667,48.50427,,,42.42424,53.73737,47.64164,47.79451,,,0.0159,0.01933,,,-0.2722,-0.0911,-0.2807,-0.0085,0.1811,-0.1896,1,1,1,,,,,,,-0.15,,0.681,0.735,0.695,0.677,0.677,0.691,2021-01-20,2020-12-14,2020-11-16,2021-01-29,2021-01-12,2020-11-23,4.88,-0.59,0.59,-7.89,6.37,-0.58,18.0,6.0,6.0,19.0,15.0,5.0,0.0,-0.0,0.0,-0.0,0.0,-0.0,0.705,0.705,0.71,0.695,0.7,0.68,2021-02-25,2021-02-15,2021-02-09,2021-02-22,2021-02-11,2021-02-08,0.021,0.035,0.028,0.02,0.025,0.02,2021-01-11,2020-07-29,2020-04-14,2020-12-10,2020-05-27,2020-02-12,4452100.0,884200.0,740300.0,96.6,-5.5,-2.93,0.001,0.039,0.021,-0.004,-0.018,-0.04,0.00889,0.05598,0.03063,-0.00729,-0.02455,-0.05756,48.051,49.289,55.78,39.838,33.698,50.706,63.636,72.727,90.0,54.545,63.636,37.5,58.704,52.217,65.711,44.655,37.616,57.696,2020-12-21,2020-07-10,2019-10-25,2021-01-27,2020-10-06,2020-03-20,164,259,7602,113,200,219,2021-02-22,2020-11-27,2020-06-22,2021-01-12,2020-09-21,2020-05-15,2021-02-23,2021-02-15,2021-02-09,2021-02-22,2021-02-11,2021-02-08,2021-02-25,2020-12-02,2020-06-29,2021-01-11,2020-09-08,2020-05-15,1,0,1,0,1,0,0,0,1,0,0,1,1,0,0,0,1,0,0,0,0,0,0,0,1,0,1,0,1,0,,,,,,,p2p,p2n,,Life.BearRecovery,Life.Bear,Life.BearRecovery,Life.Bear,Life.BearRecovery,,
2021-03-01,0.71503,,,0.695,,0.69449,0.69528,0.70338,0.72224,0.69761,0.69438,0.00323,0.00268,0.0043,0.00054,,,5.59,-7.68,6.31,-3.64,5.18,-8.52,1.02,-2.74,7.0,14.0,17.0,14.0,16.0,28.0,8.0,19.0,-0.0,-0.005,0.00321,-0.00214,1.5,60.0,58.59427,,,1.296,33.33333,41.66667,33.333,,30.97643,43.45679,47.45184,47.63326,,,0.01655,0.01944,0.019,,-0.2696,-0.0889,-0.2775,-0.0079,0.1807,-0.1886,1,1,1,,,,,,,-0.15,,0.681,0.735,0.695,0.677,0.677,0.691,2021-01-20,2020-12-14,2020-11-16,2021-01-29,2021-01-12,2020-11-23,5.62,-0.59,0.59,-7.89,6.37,-0.58,19.0,6.0,6.0,19.0,15.0,5.0,0.0,-0.0,0.0,-0.0,0.0,-0.0,0.705,0.705,0.71,0.695,0.695,0.7,2021-02-25,2021-02-15,2021-02-09,2021-03-01,2021-02-22,2021-02-11,0.021,0.035,0.028,0.019,0.02,0.025,2021-01-11,2020-07-29,2020-04-14,2021-03-01,2020-12-10,2020-05-27,884200.0,740300.0,1592700.0,-5.5,-2.93,-47.06,0.001,0.039,0.021,-0.004,-0.018,-0.04,0.00889,0.05598,0.03063,-0.00729,-0.02455,-0.05756,48.051,49.289,55.78,39.838,33.698,50.706,63.636,72.727,90.0,33.333,54.545,63.636,58.704,52.217,65.711,44.655,37.616,57.696,2020-12-21,2020-07-10,2019-10-25,2021-01-27,2020-10-06,2020-03-20,164,259,7602,113,200,219,2021-02-22,2020-11-27,2020-06-22,2021-01-12,2020-09-21,2020-05-15,2021-02-23,2021-02-15,2021-02-09,2021-03-01,2021-02-22,2021-02-11,2021-02-25,2020-12-02,2020-06-29,2021-01-11,2020-09-08,2020-05-15,1,0,1,0,1,0,1,0,1,0,0,1,1,0,0,0,1,0,1,0,0,0,0,0,1,0,1,0,1,0,,,,-1592700,,p2p,p2n,,n2n,Life.BearRecovery,Life.Bear,Life.BearRecovery,Life.Bear,Life.BearRecovery,,
2021-03-02,0.72117,,,,,0.69722,0.69664,0.70391,0.72231,0.70259,0.69702,0.00557,0.00326,0.00454,0.00231,,,4.69,-7.68,6.31,-3.64,5.18,-8.52,1.02,-2.74,6.0,14.0,17.0,14.0,16.0,28.0,8.0,19.0,0.035,0.0,0.00357,-0.00214,1.66667,62.5,58.43959,,,3.796,90.90909,55.30303,,90.909,45.45455,39.61841,47.24538,47.44629,,,0.01823,0.01954,,,-0.2567,-0.0727,-0.2567,0.0,0.184,-0.184,1,1,1,,,,,,,-0.15,,0.681,0.735,0.695,0.677,0.677,0.691,2021-01-20,2020-12-14,2020-11-16,2021-01-29,2021-01-12,2020-11-23,6.52,-0.59,0.59,-7.89,6.37,-0.58,20.0,6.0,6.0,19.0,15.0,5.0,0.0,-0.0,0.0,-0.0,0.0,-0.0,0.705,0.705,0.71,0.695,0.695,0.7,2021-02-25,2021-02-15,2021-02-09,2021-03-01,2021-02-22,2021-02-11,0.021,0.035,0.028,0.019,0.02,0.025,2021-01-11,2020-07-29,2020-04-14,2021-03-01,2020-12-10,2020-05-27,740300.0,1592700.0,4941900.0,-2.93,-47.06,126.13,0.001,0.039,0.021,-0.004,-0.018,-0.04,0.00889,0.05598,0.03063,-0.00729,-0.02455,-0.05756,48.051,49.289,55.78,39.838,33.698,50.706,90.909,63.636,72.727,33.333,54.545,63.636,58.704,52.217,65.711,44.655,37.616,57.696,2020-12-21,2020-07-10,2019-10-25,2021-01-27,2020-10-06,2020-03-20,164,259,7602,113,200,219,2021-02-22,2020-11-27,2020-06-22,2021-01-12,2020-09-21,2020-05-15,2021-03-02,2021-02-23,2021-02-15,2021-03-01,2021-02-22,2021-02-11,2021-02-25,2020-12-02,2020-06-29,2021-01-11,2020-09-08,2020-05-15,1,0,1,0,1,0,1,0,1,0,0,1,1,0,0,0,0,1,1,0,0,0,0,0,1,0,1,0,1,0,4941900,,,,p2p,p2n,,n2n,n2p,Life.BearRecovery,Life.Bear,Life.BearRecovery,Life.Bear,Life.BearRecovery,,
2021-03-03,0.72822,,,,0.735,0.70012,0.69814,0.70453,0.72244,0.70758,0.69983,0.00774,0.00416,0.00475,0.00359,,,3.68,-7.68,6.31,-3.64,5.18,-8.52,1.02,-2.74,5.0,14.0,17.0,14.0,16.0,28.0,8.0,19.0,0.005,0.0,0.00393,-0.00179,2.2,68.75,58.22677,,,10.046,78.57143,67.60462,,,58.33333,44.92144,47.02959,47.24227,,,0.01835,0.01965,,,-0.243,-0.0639,-0.243,0.0,0.1791,-0.1791,1,1,1,,,,,,,-0.15,,0.681,0.735,0.695,0.677,0.677,0.691,2021-01-20,2020-12-14,2020-11-16,2021-01-29,2021-01-12,2020-11-23,7.57,-0.59,0.59,-7.89,6.37,-0.58,21.0,6.0,6.0,19.0,15.0,5.0,0.0,-0.0,0.0,-0.0,0.0,-0.0,0.735,0.705,0.705,0.695,0.695,0.7,2021-03-03,2021-02-25,2021-02-15,2021-03-01,2021-02-22,2021-02-11,0.021,0.035,0.028,0.019,0.02,0.025,2021-01-11,2020-07-29,2020-04-14,2021-03-01,2020-12-10,2020-05-27,1592700.0,4941900.0,4848800.0,-47.06,126.13,56.47,0.001,0.039,0.021,-0.004,-0.018,-0.04,0.00889,0.05598,0.03063,-0.00729,-0.02455,-0.05756,48.051,49.289,55.78,39.838,33.698,50.706,90.909,63.636,72.727,33.333,54.545,63.636,58.704,52.217,65.711,44.655,37.616,57.696,2020-12-21,2020-07-10,2019-10-25,2021-01-27,2020-10-06,2020-03-20,164,259,7602,113,200,219,2021-02-22,2020-11-27,2020-06-22,2021-01-12,2020-09-21,2020-05-15,2021-03-02,2021-02-23,2021-02-15,2021-03-01,2021-02-22,2021-02-11,2021-02-25,2020-12-02,2020-06-29,2021-01-11,2020-09-08,2020-05-15,1,0,1,0,0,1,1,0,1,0,0,1,1,0,0,0,0,1,1,0,0,0,0,0,1,0,1,0,1,0,,,,,p2n,,n2n,n2p,,Life.BearRecovery,Life.Bear,Life.BearRecovery,Life.Bear,Life.BearRecovery,,
2021-03-04,0.73564,,,,,0.70204,0.69919,0.70493,0.72247,0.71026,0.7017,0.00856,0.00504,0.00491,0.00352,,,2.63,-7.68,6.31,-3.64,5.18,-8.52,1.02,-2.74,4.0,14.0,17.0,14.0,16.0,28.0,8.0,19.0,-0.0,-0.01,0.00393,-0.00214,1.83333,64.70588,57.96293,,,6.00188,64.28571,77.92208,,,74.07407,59.28732,46.81179,47.02892,,,0.01919,0.01975,,,-0.2328,-0.0574,-0.2328,0.0,0.1754,-0.1754,1,1,1,,,,,,,-0.15,,0.681,0.735,0.695,0.677,0.677,0.691,2021-01-20,2020-12-14,2020-11-16,2021-01-29,2021-01-12,2020-11-23,8.66,-0.59,0.59,-7.89,6.37,-0.58,22.0,6.0,6.0,19.0,15.0,5.0,0.0,-0.0,0.0,-0.0,0.0,-0.0,0.735,0.705,0.705,0.695,0.695,0.7,2021-03-03,2021-02-25,2021-02-15,2021-03-01,2021-02-22,2021-02-11,0.021,0.035,0.028,0.019,0.02,0.025,2021-01-11,2020-07-29,2020-04-14,2021-03-01,2020-12-10,2020-05-27,4941900.0,4848800.0,1348000.0,126.13,56.47,-2.15,0.001,0.039,0.021,-0.004,-0.018,-0.04,0.00889,0.05598,0.03063,-0.00729,-0.02455,-0.05756,48.051,49.289,55.78,39.838,33.698,50.706,90.909,63.636,72.727,33.333,54.545,63.636,58.704,52.217,65.711,44.655,37.616,57.696,2020-12-21,2020-07-10,2019-10-25,2021-01-27,2020-10-06,2020-03-20,164,259,7602,113,200,219,2021-02-22,2020-11-27,2020-06-22,2021-01-12,2020-09-21,2020-05-15,2021-03-02,2021-02-23,2021-02-15,2021-03-01,2021-02-22,2021-02-11,2021-02-25,2020-12-02,2020-06-29,2021-01-11,2020-09-08,2020-05-15,1,0,1,0,0,1,1,0,1,0,0,1,1,0,0,0,0,1,1,0,0,0,0,0,1,0,1,0,1,0,,,-1348000,,,n2n,n2p,,p2n,Life.BearRecovery,Life.Bear,Life.BearRecovery,Life.Bear,Life.BearRecovery,,
2021-03-05,0.7427,,,0.725,,0.7038,0.70021,0.70533,0.72249,0.71253,0.70342,0.0091,0.00585,0.00504,0.00325,,,1.66,-7.68,6.31,-3.64,5.18,-8.52,1.02,-2.74,3.0,14.0,17.0,14.0,16.0,28.0,8.0,19.0,0.0,0.0,0.00357,-0.00214,1.66667,62.5,57.65524,,,3.796,64.28571,69.04762,64.286,,63.88889,65.4321,46.59859,46.81332,,,0.01853,0.01984,,,-0.2228,-0.0512,-0.2228,0.0,0.1716,-0.1716,1,1,1,,,,,,,-0.15,,0.681,0.735,0.695,0.677,0.677,0.691,2021-01-20,2020-12-14,2020-11-16,2021-01-29,2021-01-12,2020-11-23,9.7,-0.59,0.59,-7.89,6.37,-0.58,23.0,6.0,6.0,19.0,15.0,5.0,0.0,-0.0,0.0,-0.0,0.0,-0.0,0.735,0.705,0.705,0.725,0.695,0.695,2021-03-03,2021-02-25,2021-02-15,2021-03-05,2021-03-01,2021-02-22,0.021,0.035,0.028,0.019,0.02,0.025,2021-01-11,2020-07-29,2020-04-14,2021-03-01,2020-12-10,2020-05-27,4848800.0,1348000.0,1664400.0,56.47,-2.15,-29.42,0.001,0.039,0.021,-0.004,-0.018,-0.04,0.00889,0.05598,0.03063,-0.00729,-0.02455,-0.05756,48.051,49.289,55.78,39.838,33.698,50.706,90.909,63.636,72.727,64.286,33.333,54.545,58.704,52.217,65.711,44.655,37.616,57.696,2020-12-21,2020-07-10,2019-10-25,2021-01-27,2020-10-06,2020-03-20,164,259,7602,113,200,219,2021-02-22,2020-11-27,2020-06-22,2021-01-12,2020-09-21,2020-05-15,2021-03-02,2021-02-23,2021-02-15,2021-03-05,2021-03-01,2021-02-22,2021-02-25,2020-12-02,2020-06-29,2021-01-11,2020-09-08,2020-05-15,1,0,1,0,0,1,0,1,1,0,0,1,1,0,0,0,0,1,0,1,0,0,0,0,1,0,1,0,1,0,,,,,n2n,n2p,,p2n,,Life.BearRecovery,Life.Bear,Life.BearRecovery,Life.Bear,Life.BearRecovery,,
2021-03-08,0.74868,,,,,0.70736,0.70216,0.70621,0.72276,0.71829,0.70687,0.01142,0.00696,0.00513,0.00445,,,0.84,-7.68,6.31,-3.64,5.18,-8.52,1.02,-2.74,2.0,14.0,17.0,14.0,16.0,28.0,8.0,19.0,0.025,0.0,0.00536,-0.00179,3.0,75.0,57.3097,,,16.296,82.35294,70.30812,,,64.52991,67.49763,46.39419,46.60153,,,0.02042,0.01994,,,-0.206,0.052,-0.206,0.0,0.258,-0.258,1,1,1,,,,,,,-0.15,,0.681,0.735,0.695,0.677,0.677,0.691,2021-01-20,2020-12-14,2020-11-16,2021-01-29,2021-01-12,2020-11-23,10.59,-0.59,0.59,-7.89,6.37,-0.58,24.0,6.0,6.0,19.0,15.0,5.0,0.0,-0.0,0.0,-0.0,0.0,-0.0,0.735,0.705,0.705,0.725,0.695,0.695,2021-03-03,2021-02-25,2021-02-15,2021-03-05,2021-03-01,2021-02-22,0.021,0.035,0.028,0.019,0.02,0.025,2021-01-11,2020-07-29,2020-04-14,2021-03-01,2020-12-10,2020-05-27,1348000.0,1664400.0,8961900.0,-2.15,-29.42,52.32,0.001,0.039,0.021,-0.004,-0.018,-0.04,0.00889,0.05598,0.03063,-0.00729,-0.02455,-0.05756,48.051,49.289,55.78,39.838,33.698,50.706,90.909,63.636,72.727,64.286,33.333,54.545,58.704,52.217,65.711,44.655,37.616,57.696,2020-12-21,2020-07-10,2019-10-25,2021-01-27,2020-10-06,2020-03-20,164,259,7602,113,200,219,2021-02-22,2020-11-27,2020-06-22,2021-01-12,2020-09-21,2020-05-15,2021-03-02,2021-02-23,2021-02-15,2021-03-05,2021-03-01,2021-02-22,2021-02-25,2020-12-02,2020-06-29,2021-01-11,2020-09-08,2020-05-15,1,0,1,0,0,1,0,1,1,0,0,1,1,0,0,0,0,1,0,1,0,0,0,0,1,0,1,0,1,0,8961900,,,,n2p,,p2n,,n2p,Life.BearRecovery,Life.Bear,Life.BearRecovery,Life.Bear,Life.BearRecovery,,
2021-03-09,0.75289,,,,0.79,0.71371,0.7056,0.70787,0.72343,0.72932,0.71303,0.01629,0.00883,0.00519,0.00746,,,0.28,-7.68,6.31,-3.64,5.18,-8.52,1.02,-2.74,1.0,14.0,17.0,14.0,16.0,28.0,8.0,19.0,0.04,0.0,0.00821,-0.00143,5.75,85.18519,56.93239,,,26.48119,91.66667,79.43511,,91.667,74.7151,67.7113,46.20005,46.39761,,,0.02289,0.02003,,,-0.1783,0.0811,-0.1783,0.0,0.2594,-0.2594,1,1,1,,,,,,,-0.15,,0.681,0.735,0.695,0.677,0.677,0.691,2021-01-20,2020-12-14,2020-11-16,2021-01-29,2021-01-12,2020-11-23,11.21,-0.59,0.59,-7.89,6.37,-0.58,25.0,6.0,6.0,19.0,15.0,5.0,0.0,-0.0,0.0,-0.0,0.0,-0.0,0.79,0.735,0.705,0.725,0.695,0.695,2021-03-09,2021-03-03,2021-02-25,2021-03-05,2021-03-01,2021-02-22,0.021,0.035,0.028,0.019,0.02,0.025,2021-01-11,2020-07-29,2020-04-14,2021-03-01,2020-12-10,2020-05-27,1664400.0,8961900.0,15148300.0,-29.42,52.32,115.25,0.001,0.039,0.021,-0.004,-0.018,-0.04,0.00889,0.05598,0.03063,-0.00729,-0.02455,-0.05756,48.051,49.289,55.78,39.838,33.698,50.706,91.667,90.909,63.636,64.286,33.333,54.545,58.704,52.217,65.711,44.655,37.616,57.696,2020-12-21,2020-07-10,2019-10-25,2021-01-27,2020-10-06,2020-03-20,164,259,7602,113,200,219,2021-02-22,2020-11-27,2020-06-22,2021-01-12,2020-09-21,2020-05-15,2021-03-09,2021-03-02,2021-02-23,2021-03-05,2021-03-01,2021-02-22,2021-02-25,2020-12-02,2020-06-29,2021-01-11,2020-09-08,2020-05-15,1,0,1,0,0,1,0,1,1,0,0,1,1,0,0,0,0,1,0,1,0,0,0,0,1,0,1,0,1,0,,15148300,,,,p2n,,n2p,p2p,Life.BearRecovery,Life.Bear,Life.BearRecovery,Life.Bear,Life.BearRecovery,,
2021-03-10,0.75473,,0.755,0.775,,0.71843,0.70833,0.7092,0.72395,0.73635,0.71762,0.01873,0.01081,0.00522,0.00792,,,-7.65,6.31,-3.64,5.18,-8.52,1.02,-2.74,0.3,14.0,17.0,14.0,16.0,28.0,8.0,19.0,5.0,-0.0,-0.015,0.00821,-0.0025,3.28571,76.66667,56.53025,,,17.96267,79.16667,84.39542,79.167,,79.34473,72.86325,46.01625,46.2035,,,0.02376,0.02011,,,-0.1562,0.101,-0.1562,0.0,0.2572,-0.2572,1,1,1,,,,,,,-0.15,,0.755,0.681,0.735,0.677,0.677,0.691,2021-03-10,2021-01-20,2020-12-14,2021-01-29,2021-01-12,2020-11-23,0.0,11.52,-0.59,0.59,-7.89,6.37,0.0,26.0,6.0,6.0,19.0,15.0,0.0,0.0,-0.0,0.0,-0.0,0.0,0.79,0.735,0.705,0.775,0.725,0.695,2021-03-09,2021-03-03,2021-02-25,2021-03-10,2021-03-05,2021-03-01,0.021,0.035,0.028,0.019,0.02,0.025,2021-01-11,2020-07-29,2020-04-14,2021-03-01,2020-12-10,2020-05-27,8961900.0,15148300.0,4236100.0,52.32,115.25,9.98,0.001,0.039,0.021,-0.004,-0.018,-0.04,0.00889,0.05598,0.03063,-0.00729,-0.02455,-0.05756,48.051,49.289,55.78,39.838,33.698,50.706,91.667,90.909,63.636,79.167,64.286,33.333,58.704,52.217,65.711,44.655,37.616,57.696,2020-12-21,2020-07-10,2019-10-25,2021-01-27,2020-10-06,2020-03-20,164,259,7602,113,200,219,2021-02-22,2020-11-27,2020-06-22,2021-01-12,2020-09-21,2020-05-15,2021-03-09,2021-03-02,2021-02-23,2021-03-10,2021-03-05,2021-03-01,2021-02-25,2020-12-02,2020-06-29,2021-01-11,2020-09-08,2020-05-15,0,1,1,0,0,1,0,1,1,0,0,1,1,0,0,0,0,1,0,1,0,0,0,0,1,0,1,0,1,0,,,,,p2n,,n2p,p2p,,Life.BearRecovery,Life.Bear,Life.BearRecovery,Life.Bear,Life.BearRecovery,,
2021-03-11,0.75391,,,,0.78,0.72316,0.71114,0.7106,0.7245,0.74307,0.72224,0.02082,0.01281,0.00521,0.00801,,,-7.55,6.31,-3.64,5.18,-8.52,1.02,-2.74,0.3,13.0,17.0,14.0,16.0,28.0,8.0,19.0,5.0,0.005,0.0,0.00857,-0.0025,3.42857,77.41935,56.11107,,,18.71535,83.33333,84.72222,,83.333,78.7037,77.58784,45.84479,46.02036,,,0.02456,0.02018,,,-0.139,0.1256,-0.139,0.0,0.2646,-0.2646,1,1,1,,,,,,,-0.15,,0.755,0.681,0.735,0.677,0.677,0.691,2021-03-10,2021-01-20,2020-12-14,2021-01-29,2021-01-12,2020-11-23,-0.14,11.52,-0.59,0.59,-7.89,6.37,1.0,26.0,6.0,6.0,19.0,15.0,-0.0,0.0,-0.0,0.0,-0.0,0.0,0.78,0.79,0.735,0.775,0.725,0.695,2021-03-11,2021-03-09,2021-03-03,2021-03-10,2021-03-05,2021-03-01,0.021,0.035,0.028,0.019,0.02,0.025,2021-01-11,2020-07-29,2020-04-14,2021-03-01,2020-12-10,2020-05-27,15148300.0,4236100.0,6294700.0,115.25,9.98,-9.41,0.001,0.039,0.021,-0.004,-0.018,-0.04,0.00889,0.05598,0.03063,-0.00729,-0.02455,-0.05756,48.051,49.289,55.78,39.838,33.698,50.706,83.333,91.667,90.909,79.167,64.286,33.333,58.704,52.217,65.711,44.655,37.616,57.696,2020-12-21,2020-07-10,2019-10-25,2021-01-27,2020-10-06,2020-03-20,164,259,7602,113,200,219,2021-02-22,2020-11-27,2020-06-22,2021-01-12,2020-09-21,2020-05-15,2021-03-11,2021-03-09,2021-03-02,2021-03-10,2021-03-05,2021-03-01,2021-02-25,2020-12-02,2020-06-29,2021-01-11,2020-09-08,2020-05-15,0,1,1,0,0,0,0,1,1,0,0,1,1,0,0,0,1,0,0,1,0,0,0,0,1,0,1,0,1,0,,,,,,n2p,p2p,,,Life.BearRecovery,Life.Bear,Life.BearRecovery,Life.Bear,Life.BearRecovery,,
2021-03-12,0.75056,,,,,0.72638,0.71325,0.71168,0.72491,0.74644,0.72541,0.02103,0.01446,0.00518,0.00657,,,-7.14,6.31,-3.64,5.18,-8.52,1.02,-2.74,0.3,12.0,17.0,14.0,16.0,28.0,8.0,19.0,5.0,-0.0,-0.015,0.00857,-0.00357,2.4,70.58824,55.6828,,,11.88424,68.18182,76.89394,,,67.82407,75.29084,45.69004,45.85036,,,0.02566,0.02025,,,-0.1323,0.147,0.147,0.2793,0.2793,0.0,1,1,1,,,,,,,,-0.15,0.755,0.681,0.735,0.677,0.677,0.691,2021-03-10,2021-01-20,2020-12-14,2021-01-29,2021-01-12,2020-11-23,-0.59,11.52,-0.59,0.59,-7.89,6.37,2.0,26.0,6.0,6.0,19.0,15.0,-0.0,0.0,-0.0,0.0,-0.0,0.0,0.78,0.79,0.735,0.775,0.725,0.695,2021-03-11,2021-03-09,2021-03-03,2021-03-10,2021-03-05,2021-03-01,0.021,0.035,0.028,0.019,0.02,0.025,2021-01-11,2020-07-29,2020-04-14,2021-03-01,2020-12-10,2020-05-27,4236100.0,6294700.0,3054400.0,9.98,-9.41,-47.1,0.001,0.039,0.021,-0.004,-0.018,-0.04,0.00889,0.05598,0.03063,-0.00729,-0.02455,-0.05756,48.051,49.289,55.78,39.838,33.698,50.706,83.333,91.667,90.909,79.167,64.286,33.333,58.704,52.217,65.711,44.655,37.616,57.696,2020-12-21,2020-07-10,2019-10-25,2021-01-27,2020-10-06,2020-03-20,164,259,7602,113,200,219,2021-02-22,2020-11-27,2020-06-22,2021-01-12,2020-09-21,2020-05-15,2021-03-11,2021-03-09,2021-03-02,2021-03-10,2021-03-05,2021-03-01,2021-02-25,2020-12-02,2020-06-29,2021-01-11,2020-09-08,2020-05-15,0,1,1,0,0,0,0,1,1,0,0,1,1,0,0,0,1,0,0,1,0,0,0,0,1,0,1,0,1,0,,,,,n2p,p2p,,,,Life.Bear,Life.BearRecovery,Life.Bear,Life.BearRecovery,Life.BearEnd,,
2021-03-15,0.74505,,,0.735,,0.72705,0.7141,0.71214,0.72501,0.74468,0.72612,0.01856,0.01528,0.00513,0.00328,,,-6.45,6.31,-3.64,5.18,-8.52,1.02,-2.74,0.3,11.0,17.0,14.0,16.0,28.0,8.0,19.0,5.0,-0.0,-0.03,0.00821,-0.00571,1.4375,58.97436,55.25183,,,0.27036,40.90909,64.14141,40.909,,46.13095,64.21958,45.55534,45.69672,,,0.02633,0.02031,,,-0.1287,0.1491,0.1491,0.2778,0.2778,0.0,1,1,1,,,,,,,,-0.15,0.755,0.681,0.735,0.677,0.677,0.691,2021-03-10,2021-01-20,2020-12-14,2021-01-29,2021-01-12,2020-11-23,-1.32,11.52,-0.59,0.59,-7.89,6.37,3.0,26.0,6.0,6.0,19.0,15.0,-0.0,0.0,-0.0,0.0,-0.0,0.0,0.78,0.79,0.735,0.735,0.775,0.725,2021-03-11,2021-03-09,2021-03-03,2021-03-15,2021-03-10,2021-03-05,0.021,0.035,0.028,0.019,0.02,0.025,2021-01-11,2020-07-29,2020-04-14,2021-03-01,2020-12-10,2020-05-27,6294700.0,3054400.0,2955600.0,-9.41,-47.1,-9.43,0.001,0.039,0.021,-0.004,-0.018,-0.04,0.00889,0.05598,0.03063,-0.00729,-0.02455,-0.05756,48.051,49.289,55.78,39.838,33.698,50.706,83.333,91.667,90.909,40.909,79.167,64.286,58.704,52.217,65.711,44.655,37.616,57.696,2020-12-21,2020-07-10,2019-10-25,2021-01-27,2020-10-06,2020-03-20,164,259,7602,113,200,219,2021-02-22,2020-11-27,2020-06-22,2021-01-12,2020-09-21,2020-05-15,2021-03-11,2021-03-09,2021-03-02,2021-03-15,2021-03-10,2021-03-05,2021-02-25,2020-12-02,2020-06-29,2021-01-11,2020-09-08,2020-05-15,0,1,1,0,0,0,0,0,1,0,0,1,1,0,0,0,1,0,1,0,0,0,0,0,1,0,1,0,1,0,,,,,p2p,,,,,Life.Bear,Life.BearRecovery,Life.Bear,Life.BearRecovery,Life.BearEnd,,
2021-03-16,0.73785,,,,0.74,0.72804,0.71512,0.7127,0.72516,0.74396,0.72715,0.01681,0.01558,0.00505,0.00123,,,-5.54,6.31,-3.64,5.18,-8.52,1.02,-2.74,0.3,10.0,17.0,14.0,16.0,28.0,8.0,19.0,5.0,0.005,0.0,0.00821,-0.00571,1.4375,58.97436,54.82225,,,0.27036,45.45455,51.51515,,45.455,25.89286,46.61596,45.43959,45.56165,,,0.02552,0.02037,,,-0.1246,0.1534,0.1534,0.278,0.278,0.0,1,1,1,,,,,,,,-0.15,0.755,0.681,0.735,0.677,0.677,0.691,2021-03-10,2021-01-20,2020-12-14,2021-01-29,2021-01-12,2020-11-23,-2.27,11.52,-0.59,0.59,-7.89,6.37,4.0,26.0,6.0,6.0,19.0,15.0,-1.0,0.0,-0.0,0.0,-0.0,0.0,0.74,0.78,0.79,0.735,0.775,0.725,2021-03-16,2021-03-11,2021-03-09,2021-03-15,2021-03-10,2021-03-05,0.021,0.035,0.028,0.019,0.02,0.025,2021-01-11,2020-07-29,2020-04-14,2021-03-01,2020-12-10,2020-05-27,3054400.0,2955600.0,1548100.0,-47.1,-9.43,-38.58,0.001,0.039,0.021,-0.004,-0.018,-0.04,0.00889,0.05598,0.03063,-0.00729,-0.02455,-0.05756,48.051,49.289,55.78,39.838,33.698,50.706,45.455,83.333,91.667,40.909,79.167,64.286,58.704,52.217,65.711,44.655,37.616,57.696,2020-12-21,2020-07-10,2019-10-25,2021-01-27,2020-10-06,2020-03-20,164,259,7602,113,200,219,2021-02-22,2020-11-27,2020-06-22,2021-01-12,2020-09-21,2020-05-15,2021-03-16,2021-03-11,2021-03-09,2021-03-15,2021-03-10,2021-03-05,2021-02-25,2020-12-02,2020-06-29,2021-01-11,2020-09-08,2020-05-15,0,1,1,0,1,0,0,0,1,0,0,1,1,0,0,0,1,0,1,0,0,0,0,0,1,0,1,0,1,0,,,,,,,,,,Life.Bear,Life.BearRecovery,Life.Bear,Life.BearRecovery,Life.BearEnd,,
2021-03-17,0.7297,,,,,0.72819,0.7157,0.71304,0.72521,0.74181,0.72736,0.01445,0.01536,0.00495,-0.0009,,,-4.48,6.31,-3.64,5.18,-8.52,1.02,-2.74,0.3,9.0,17.0,14.0,16.0,28.0,8.0,19.0,5.0,-0.0,-0.01,0.00821,-0.00643,1.27778,56.09756,54.39741,,,-2.60644,36.36364,40.90909,,,13.02521,28.34967,45.33758,45.44417,,,0.02548,0.02041,,,-0.1217,0.1515,0.1515,0.2732,0.2732,0.0,1,1,1,,,,,,,,-0.15,0.755,0.681,0.735,0.677,0.677,0.691,2021-03-10,2021-01-20,2020-12-14,2021-01-29,2021-01-12,2020-11-23,-3.35,11.52,-0.59,0.59,-7.89,6.37,5.0,26.0,6.0,6.0,19.0,15.0,-1.0,0.0,-0.0,0.0,-0.0,0.0,0.74,0.78,0.79,0.735,0.775,0.725,2021-03-16,2021-03-11,2021-03-09,2021-03-15,2021-03-10,2021-03-05,0.021,0.035,0.028,0.019,0.02,0.025,2021-01-11,2020-07-29,2020-04-14,2021-03-01,2020-12-10,2020-05-27,2955600.0,1548100.0,1788900.0,-9.43,-38.58,-16.74,0.001,0.039,0.021,-0.004,-0.018,-0.04,0.00889,0.05598,0.03063,-0.00729,-0.02455,-0.05756,48.051,49.289,55.78,39.838,33.698,50.706,45.455,83.333,91.667,40.909,79.167,64.286,58.704,52.217,65.711,44.655,37.616,57.696,2020-12-21,2020-07-10,2019-10-25,2021-01-27,2020-10-06,2020-03-20,164,259,7602,113,200,219,2021-02-22,2020-11-27,2020-06-22,2021-01-12,2020-09-21,2020-05-15,2021-03-16,2021-03-11,2021-03-09,2021-03-15,2021-03-10,2021-03-05,2021-02-25,2020-12-02,2020-06-29,2021-01-11,2020-09-08,2020-05-15,0,1,1,0,1,0,0,0,1,0,0,1,1,0,0,0,1,0,1,0,0,0,0,0,1,0,1,0,1,0,,,,,,,,,,Life.Bear,Life.BearRecovery,Life.Bear,Life.BearRecovery,Life.BearEnd,,
2021-03-18,0.72156,,,,,0.72756,0.71587,0.71318,0.72515,0.73846,0.72681,0.01164,0.01461,0.00483,-0.00297,,,-3.4,6.31,-3.64,5.18,-8.52,1.02,-2.74,0.3,8.0,17.0,14.0,16.0,28.0,8.0,19.0,5.0,-0.0,-0.01,0.00821,-0.00679,1.21053,54.7619,53.98142,,,-3.9421,27.27273,36.36364,,,12.72759,17.21522,45.24541,45.34086,,,0.02473,0.02044,,,-0.1197,0.1438,0.1438,0.2635,0.2635,0.0,0,1,0,,,,,,,-0.15,,0.755,0.681,0.735,0.677,0.677,0.691,2021-03-10,2021-01-20,2020-12-14,2021-01-29,2021-01-12,2020-11-23,-4.43,11.52,-0.59,0.59,-7.89,6.37,6.0,26.0,6.0,6.0,19.0,15.0,-1.0,0.0,-0.0,0.0,-0.0,0.0,0.74,0.78,0.79,0.735,0.775,0.725,2021-03-16,2021-03-11,2021-03-09,2021-03-15,2021-03-10,2021-03-05,0.021,0.035,0.028,0.019,0.02,0.025,2021-01-11,2020-07-29,2020-04-14,2021-03-01,2020-12-10,2020-05-27,1548100.0,1788900.0,1362200.0,-38.58,-16.74,-25.32,0.001,0.039,0.021,-0.004,-0.018,-0.04,0.00889,0.05598,0.03063,-0.00729,-0.02455,-0.05756,48.051,49.289,55.78,39.838,33.698,50.706,45.455,83.333,91.667,40.909,79.167,64.286,58.704,52.217,65.711,44.655,37.616,57.696,2020-12-21,2020-07-10,2019-10-25,2021-01-27,2020-10-06,2020-03-20,164,259,7602,113,200,219,2021-02-22,2020-11-27,2020-06-22,2021-01-12,2020-09-21,2020-05-15,2021-03-16,2021-03-11,2021-03-09,2021-03-15,2021-03-10,2021-03-05,2021-02-25,2020-12-02,2020-06-29,2021-01-11,2020-09-08,2020-05-15,0,1,1,0,1,0,0,0,1,0,0,1,1,0,0,0,1,0,1,0,0,0,0,0,1,0,1,0,1,0,,,,,,,,,,Life.BearRecovery,Life.Bear,Life.BearRecovery,Life.BearEnd,Life.BearRecovery,,
2021-03-19,0.71438,,,,,0.72544,0.71525,0.71291,0.7249,0.73254,0.72483,0.00771,0.01323,0.0047,-0.00552,,,-2.43,6.31,-3.64,5.18,-8.52,1.02,-2.74,0.3,7.0,17.0,14.0,16.0,28.0,8.0,19.0,5.0,-0.0,-0.02,0.00821,-0.00786,1.04545,51.11111,53.57859,,,-7.59289,4.7619,22.79942,,,10.34664,12.03315,45.16405,45.24901,,,0.02475,0.02047,,,-0.1199,0.1253,0.1253,0.2452,0.2452,0.0,0,1,0,,,,,,,-0.15,,0.755,0.681,0.735,0.677,0.677,0.691,2021-03-10,2021-01-20,2020-12-14,2021-01-29,2021-01-12,2020-11-23,-5.38,11.52,-0.59,0.59,-7.89,6.37,7.0,26.0,6.0,6.0,19.0,15.0,-1.0,0.0,-0.0,0.0,-0.0,0.0,0.74,0.78,0.79,0.735,0.775,0.725,2021-03-16,2021-03-11,2021-03-09,2021-03-15,2021-03-10,2021-03-05,0.021,0.035,0.028,0.019,0.02,0.025,2021-01-11,2020-07-29,2020-04-14,2021-03-01,2020-12-10,2020-05-27,1788900.0,1362200.0,3539300.0,-16.74,-25.32,42.37,0.001,0.039,0.021,-0.004,-0.018,-0.04,0.00889,0.05598,0.03063,-0.00729,-0.02455,-0.05756,48.051,49.289,55.78,39.838,33.698,50.706,45.455,83.333,91.667,40.909,79.167,64.286,58.704,52.217,65.711,44.655,37.616,57.696,2020-12-21,2020-07-10,2019-10-25,2021-01-27,2020-10-06,2020-03-20,164,259,7602,113,200,219,2021-02-22,2020-11-27,2020-06-22,2021-01-12,2020-09-21,2020-05-15,2021-03-16,2021-03-11,2021-03-09,2021-03-15,2021-03-10,2021-03-05,2021-02-25,2020-12-02,2020-06-29,2021-01-11,2020-09-08,2020-05-15,0,1,1,0,1,0,0,0,1,0,0,1,1,0,0,0,1,0,1,0,0,0,0,0,1,0,1,0,1,0,-3539300,,,,,,,,n2p,Life.BearRecovery,Life.Bear,Life.BearRecovery,Life.BearEnd,Life.BearRecovery,,
2021-03-22,0.70857,,,,,0.72349,0.71465,0.71266,0.72466,0.72753,0.72299,0.00455,0.0115,0.00456,-0.00695,,0.005,-1.63,6.31,-3.64,5.18,-8.52,1.02,-2.74,0.3,6.0,17.0,14.0,16.0,28.0,8.0,19.0,5.0,0.0,0.0,0.00571,-0.00786,0.72727,42.10526,53.19269,,,-16.59874,4.7619,12.26551,4.762,,7.49459,10.18961,45.09776,45.16907,,,0.02406,0.02048,,,-0.12,0.1083,-0.12,0.0,0.2283,-0.2283,0,0,0,,,,,,-0.15,,,0.755,0.681,0.735,0.677,0.677,0.691,2021-03-10,2021-01-20,2020-12-14,2021-01-29,2021-01-12,2020-11-23,-6.15,11.52,-0.59,0.59,-7.89,6.37,8.0,26.0,6.0,6.0,19.0,15.0,-1.0,0.0,-0.0,0.0,-0.0,0.0,0.74,0.78,0.79,0.735,0.775,0.725,2021-03-16,2021-03-11,2021-03-09,2021-03-15,2021-03-10,2021-03-05,0.021,0.035,0.028,0.019,0.02,0.025,2021-01-11,2020-07-29,2020-04-14,2021-03-01,2020-12-10,2020-05-27,1362200.0,3539300.0,2698500.0,-25.32,42.37,13.6,0.005,0.001,0.039,-0.004,-0.018,-0.04,0.0115,0.00889,0.05598,-0.00729,-0.02455,-0.05756,48.051,49.289,55.78,39.838,33.698,50.706,45.455,83.333,91.667,4.762,40.909,79.167,58.704,52.217,65.711,44.655,37.616,57.696,2021-03-22,2020-12-21,2020-07-10,2021-01-27,2020-10-06,2020-03-20,91,164,259,113,200,219,2021-02-22,2020-11-27,2020-06-22,2021-01-12,2020-09-21,2020-05-15,2021-03-16,2021-03-11,2021-03-09,2021-03-22,2021-03-15,2021-03-10,2021-02-25,2020-12-02,2020-06-29,2021-01-11,2020-09-08,2020-05-15,0,1,1,0,1,0,0,0,0,0,0,1,1,0,0,0,1,0,1,0,0,0,0,0,1,0,1,0,1,0,,,,,,,,n2p,,Life.Bear,Life.BearRecovery,Life.BearEnd,Life.BearRecovery,Life.Bear,,
2021-03-23,0.70415,,,,,0.72168,0.71407,0.71241,0.72441,0.7233,0.72129,0.00201,0.0096,0.00441,-0.00759,,,-1.02,6.31,-3.64,5.18,-8.52,1.02,-2.74,0.3,5.0,17.0,14.0,16.0,28.0,8.0,19.0,5.0,0.0,0.0,0.00536,-0.00786,0.68182,40.54054,52.82709,,,-18.16346,9.09091,6.20491,,9.091,12.07792,9.97305,45.05169,45.1045,,,0.02341,0.02048,,,-0.12,0.0927,-0.12,0.0,0.2127,-0.2127,0,0,0,,,,,,-0.15,,,0.755,0.681,0.735,0.677,0.677,0.691,2021-03-10,2021-01-20,2020-12-14,2021-01-29,2021-01-12,2020-11-23,-6.74,11.52,-0.59,0.59,-7.89,6.37,9.0,26.0,6.0,6.0,19.0,15.0,-1.0,0.0,-0.0,0.0,-0.0,0.0,0.74,0.78,0.79,0.735,0.775,0.725,2021-03-16,2021-03-11,2021-03-09,2021-03-15,2021-03-10,2021-03-05,0.021,0.035,0.028,0.019,0.02,0.025,2021-01-11,2020-07-29,2020-04-14,2021-03-01,2020-12-10,2020-05-27,3539300.0,2698500.0,1132400.0,42.37,13.6,-3.02,0.005,0.001,0.039,-0.004,-0.018,-0.04,0.0115,0.00889,0.05598,-0.00729,-0.02455,-0.05756,48.051,49.289,55.78,39.838,33.698,50.706,9.091,45.455,83.333,4.762,40.909,79.167,58.704,52.217,65.711,44.655,37.616,57.696,2021-03-22,2020-12-21,2020-07-10,2021-01-27,2020-10-06,2020-03-20,91,164,259,113,200,219,2021-02-22,2020-11-27,2020-06-22,2021-01-12,2020-09-21,2020-05-15,2021-03-23,2021-03-16,2021-03-11,2021-03-22,2021-03-15,2021-03-10,2021-02-25,2020-12-02,2020-06-29,2021-01-11,2020-09-08,2020-05-15,0,1,1,0,1,0,0,0,0,0,0,1,1,0,0,0,1,0,1,0,0,0,0,0,1,0,1,0,1,0,,,,,,,n2p,,,Life.Bear,Life.BearRecovery,Life.BearEnd,Life.BearRecovery,Life.Bear,,
2021-03-24,0.701,,,,,0.71963,0.71333,0.71206,0.72412,0.71894,0.71934,-0.00039,0.0076,0.00424,-0.008,,,-0.57,6.31,-3.64,5.18,-8.52,1.02,-2.74,0.3,4.0,17.0,14.0,16.0,28.0,8.0,19.0,5.0,-0.0,-0.005,0.00536,-0.0075,0.71429,41.66667,52.48359,,,-17.03733,4.54545,6.13276,,,13.86364,11.14538,45.03,45.05982,45.03,,0.02281,0.02048,,,-0.1206,0.0757,-0.1206,0.0,0.1963,-0.1963,0,0,0,,,,,,-0.15,,,0.755,0.681,0.735,0.677,0.677,0.691,2021-03-10,2021-01-20,2020-12-14,2021-01-29,2021-01-12,2020-11-23,-7.15,11.52,-0.59,0.59,-7.89,6.37,10.0,26.0,6.0,6.0,19.0,15.0,-1.0,0.0,-0.0,0.0,-0.0,0.0,0.74,0.78,0.79,0.735,0.775,0.725,2021-03-16,2021-03-11,2021-03-09,2021-03-15,2021-03-10,2021-03-05,0.021,0.035,0.028,0.019,0.02,0.025,2021-01-11,2020-07-29,2020-04-14,2021-03-01,2020-12-10,2020-05-27,2698500.0,1132400.0,1094200.0,13.6,-3.02,-33.18,0.005,0.001,0.039,-0.004,-0.018,-0.04,0.0115,0.00889,0.05598,-0.00729,-0.02455,-0.05756,48.051,49.289,55.78,45.03,39.838,33.698,9.091,45.455,83.333,4.762,40.909,79.167,58.704,52.217,65.711,44.655,37.616,57.696,2021-03-22,2020-12-21,2020-07-10,2021-01-27,2020-10-06,2020-03-20,91,164,259,113,200,219,2021-02-22,2020-11-27,2020-06-22,2021-03-24,2021-01-12,2020-09-21,2021-03-23,2021-03-16,2021-03-11,2021-03-22,2021-03-15,2021-03-10,2021-02-25,2020-12-02,2020-06-29,2021-01-11,2020-09-08,2020-05-15,0,1,1,0,1,0,0,0,0,0,0,1,1,0,0,1,1,0,1,0,0,0,0,0,1,0,1,0,1,0,,,,,,n2p,,,,Life.Bear,Life.BearRecovery,Life.BearEnd,Life.BearRecovery,Life.Bear,,
2021-03-25,0.69894,,,0.69,,0.71735,0.71241,0.71163,0.72378,0.71449,0.71717,-0.00267,0.00555,0.00408,-0.00822,,,-0.28,6.31,-3.64,5.18,-8.52,1.02,-2.74,0.3,3.0,17.0,14.0,16.0,28.0,8.0,19.0,5.0,-0.0,-0.005,0.00536,-0.00786,0.68182,40.54054,52.16335,,,-18.16346,0.0,4.54545,0.0,,10.83333,12.2583,45.03524,45.03898,,,0.02189,0.02046,,,-0.1215,0.0572,-0.1215,0.0,0.1787,-0.1787,0,0,0,,,,,,-0.15,,,0.755,0.681,0.735,0.677,0.677,0.691,2021-03-10,2021-01-20,2020-12-14,2021-01-29,2021-01-12,2020-11-23,-7.43,11.52,-0.59,0.59,-7.89,6.37,11.0,26.0,6.0,6.0,19.0,15.0,-1.0,0.0,-0.0,0.0,-0.0,0.0,0.74,0.78,0.79,0.69,0.735,0.775,2021-03-16,2021-03-11,2021-03-09,2021-03-25,2021-03-15,2021-03-10,0.021,0.035,0.028,0.019,0.02,0.025,2021-01-11,2020-07-29,2020-04-14,2021-03-01,2020-12-10,2020-05-27,1132400.0,1094200.0,919500.0,-3.02,-33.18,-36.12,0.005,0.001,0.039,-0.004,-0.018,-0.04,0.0115,0.00889,0.05598,-0.00729,-0.02455,-0.05756,48.051,49.289,55.78,45.03,39.838,33.698,9.091,45.455,83.333,0.0,4.762,40.909,58.704,52.217,65.711,44.655,37.616,57.696,2021-03-22,2020-12-21,2020-07-10,2021-01-27,2020-10-06,2020-03-20,91,164,259,113,200,219,2021-02-22,2020-11-27,2020-06-22,2021-03-24,2021-01-12,2020-09-21,2021-03-23,2021-03-16,2021-03-11,2021-03-25,2021-03-22,2021-03-15,2021-02-25,2020-12-02,2020-06-29,2021-01-11,2020-09-08,2020-05-15,0,1,1,0,1,0,1,0,0,0,0,1,1,0,0,1,1,0,1,0,0,0,0,0,1,0,1,0,1,0,,,,,n2p,,,,,Life.Bear,Life.BearRecovery,Life.BearEnd,Life.BearRecovery,Life.Bear,,
2021-03-26,0.69779,,,,,0.71563,0.71173,0.7113,0.72349,0.71149,0.71552,-0.00403,0.00363,0.00391,-0.00766,,,-0.11,6.31,-3.64,5.18,-8.52,1.02,-2.74,0.3,2.0,17.0,14.0,16.0,28.0,8.0,19.0,5.0,0.005,0.0,0.00393,-0.00786,0.5,33.33333,51.86772,,,-25.37067,4.54545,3.0303,,,12.5,12.39899,45.0666,45.04395,,,0.02104,0.02044,,,-0.1219,0.0433,-0.1219,0.0,0.1652,-0.1652,0,0,0,,,,,,-0.15,,,0.755,0.681,0.735,0.677,0.677,0.691,2021-03-10,2021-01-20,2020-12-14,2021-01-29,2021-01-12,2020-11-23,-7.58,11.52,-0.59,0.59,-7.89,6.37,12.0,26.0,6.0,6.0,19.0,15.0,-1.0,0.0,-0.0,0.0,-0.0,0.0,0.74,0.78,0.79,0.69,0.735,0.775,2021-03-16,2021-03-11,2021-03-09,2021-03-25,2021-03-15,2021-03-10,0.021,0.035,0.028,0.019,0.02,0.025,2021-01-11,2020-07-29,2020-04-14,2021-03-01,2020-12-10,2020-05-27,1094200.0,919500.0,799300.0,-33.18,-36.12,-10.59,0.005,0.001,0.039,-0.004,-0.018,-0.04,0.0115,0.00889,0.05598,-0.00729,-0.02455,-0.05756,48.051,49.289,55.78,45.03,39.838,33.698,9.091,45.455,83.333,0.0,4.762,40.909,58.704,52.217,65.711,44.655,37.616,57.696,2021-03-22,2020-12-21,2020-07-10,2021-01-27,2020-10-06,2020-03-20,91,164,259,113,200,219,2021-02-22,2020-11-27,2020-06-22,2021-03-24,2021-01-12,2020-09-21,2021-03-23,2021-03-16,2021-03-11,2021-03-25,2021-03-22,2021-03-15,2021-02-25,2020-12-02,2020-06-29,2021-01-11,2020-09-08,2020-05-15,0,1,1,0,1,0,1,0,0,0,0,1,1,0,0,1,1,0,1,0,0,0,0,0,1,0,1,0,1,0,,,,,,,,,,Life.Bear,Life.BearRecovery,Life.BearEnd,Life.BearRecovery,Life.Bear,,
2021-03-29,0.69734,,,,,0.71443,0.71127,0.71107,0.72326,0.70972,0.71437,-0.00465,0.00197,0.00373,-0.00662,,,-0.05,6.31,-3.64,5.18,-8.52,1.02,-2.74,0.3,1.0,17.0,14.0,16.0,28.0,8.0,19.0,5.0,0.005,0.0,0.00143,-0.00786,0.18182,15.38462,51.59727,,,-43.31938,9.09091,4.54545,,,25.0,16.11111,45.12045,45.0741,,,0.02061,0.0204,,,-0.1219,0.0336,-0.1219,0.0,0.1555,-0.1555,0,0,0,,,,,,-0.15,,,0.755,0.681,0.735,0.677,0.677,0.691,2021-03-10,2021-01-20,2020-12-14,2021-01-29,2021-01-12,2020-11-23,-7.64,11.52,-0.59,0.59,-7.89,6.37,13.0,26.0,6.0,6.0,19.0,15.0,-1.0,0.0,-0.0,0.0,-0.0,0.0,0.74,0.78,0.79,0.69,0.735,0.775,2021-03-16,2021-03-11,2021-03-09,2021-03-25,2021-03-15,2021-03-10,0.021,0.035,0.028,0.019,0.02,0.025,2021-01-11,2020-07-29,2020-04-14,2021-03-01,2020-12-10,2020-05-27,919500.0,799300.0,388900.0,-36.12,-10.59,-25.07,0.005,0.001,0.039,-0.004,-0.018,-0.04,0.0115,0.00889,0.05598,-0.00729,-0.02455,-0.05756,48.051,49.289,55.78,45.03,39.838,33.698,9.091,45.455,83.333,0.0,4.762,40.909,58.704,52.217,65.711,44.655,37.616,57.696,2021-03-22,2020-12-21,2020-07-10,2021-01-27,2020-10-06,2020-03-20,91,164,259,113,200,219,2021-02-22,2020-11-27,2020-06-22,2021-03-24,2021-01-12,2020-09-21,2021-03-23,2021-03-16,2021-03-11,2021-03-25,2021-03-22,2021-03-15,2021-02-25,2020-12-02,2020-06-29,2021-01-11,2020-09-08,2020-05-15,0,1,1,0,1,0,1,0,0,0,0,1,1,0,0,1,1,0,1,0,0,0,0,0,1,0,1,0,1,0,,,,,,,,,,Life.Bear,Life.BearRecovery,Life.BearEnd,Life.BearRecovery,Life.Bear,,
2021-03-30,0.69732,0.697,,,0.71,0.71409,0.71122,0.71105,0.72313,0.70977,0.71405,-0.00428,0.00072,0.00356,-0.00501,,,6.26,-3.64,5.18,-8.52,1.02,-2.74,0.3,-0.44,17.0,14.0,16.0,28.0,8.0,19.0,5.0,11.0,0.01,0.0,0.00214,-0.00679,0.31579,24.0,51.35236,,,-34.704,18.18182,10.60606,,18.182,58.33333,31.94444,45.19285,45.12663,,,0.02021,0.02036,,,-0.1208,0.0304,-0.1208,0.0,0.1512,-0.1512,1,1,0,,,,,,,-0.15,,0.755,0.681,0.735,0.697,0.677,0.677,2021-03-10,2021-01-20,2020-12-14,2021-03-30,2021-01-29,2021-01-12,0.0,-7.68,11.52,-0.59,0.59,-7.89,0.0,14.0,26.0,6.0,6.0,19.0,0.0,-1.0,0.0,-0.0,0.0,-0.0,0.71,0.74,0.78,0.69,0.735,0.775,2021-03-30,2021-03-16,2021-03-11,2021-03-25,2021-03-15,2021-03-10,0.021,0.035,0.028,0.019,0.02,0.025,2021-01-11,2020-07-29,2020-04-14,2021-03-01,2020-12-10,2020-05-27,799300.0,388900.0,587700.0,-10.59,-25.07,-15.74,0.005,0.001,0.039,-0.004,-0.018,-0.04,0.0115,0.00889,0.05598,-0.00729,-0.02455,-0.05756,48.051,49.289,55.78,45.03,39.838,33.698,18.182,9.091,45.455,0.0,4.762,40.909,58.704,52.217,65.711,44.655,37.616,57.696,2021-03-22,2020-12-21,2020-07-10,2021-01-27,2020-10-06,2020-03-20,91,164,259,113,200,219,2021-02-22,2020-11-27,2020-06-22,2021-03-24,2021-01-12,2020-09-21,2021-03-30,2021-03-23,2021-03-16,2021-03-25,2021-03-22,2021-03-15,2021-02-25,2020-12-02,2020-06-29,2021-01-11,2020-09-08,2020-05-15,0,1,0,1,1,0,1,0,0,0,0,1,1,0,0,1,0,0,1,0,0,0,0,0,1,0,1,0,1,0,,,,,,,,,,Life.BearRecovery,Life.BearEnd,Life.BearRecovery,Life.Bear,Life.BearRecovery,,
2021-03-31,0.69761,,,,,0.71223,0.71039,0.71064,0.7228,0.70673,0.71227,-0.00554,-0.00053,0.00339,-0.00501,,,6.22,-3.64,5.18,-8.52,1.02,-2.74,0.3,-0.44,16.0,14.0,16.0,28.0,8.0,19.0,5.0,11.0,-0.0,-0.02,0.00179,-0.00821,0.21739,17.85714,51.13173,,,-40.84686,0.0,9.09091,0.0,,50.0,44.44444,45.28018,45.19783,,,0.0202,0.0203,,,-0.1241,0.0184,-0.1241,0.0,0.1425,-0.1425,0,0,0,,,,,,-0.15,,,0.755,0.681,0.735,0.697,0.677,0.677,2021-03-10,2021-01-20,2020-12-14,2021-03-30,2021-01-29,2021-01-12,0.09,-7.68,11.52,-0.59,0.59,-7.89,1.0,14.0,26.0,6.0,6.0,19.0,0.0,-1.0,0.0,-0.0,0.0,-0.0,0.71,0.74,0.78,0.69,0.735,0.775,2021-03-30,2021-03-16,2021-03-11,2021-03-25,2021-03-15,2021-03-10,0.021,0.035,0.028,0.019,0.02,0.025,2021-01-11,2020-07-29,2020-04-14,2021-03-01,2020-12-10,2020-05-27,388900.0,587700.0,1648600.0,-25.07,-15.74,47.82,0.005,0.001,0.039,-0.004,-0.018,-0.04,0.0115,0.00889,0.05598,-0.00729,-0.02455,-0.05756,48.051,49.289,55.78,45.03,39.838,33.698,18.182,9.091,45.455,0.0,0.0,4.762,58.704,52.217,65.711,44.655,37.616,57.696,2021-03-22,2020-12-21,2020-07-10,2021-01-27,2020-10-06,2020-03-20,91,164,259,113,200,219,2021-02-22,2020-11-27,2020-06-22,2021-03-24,2021-01-12,2020-09-21,2021-03-30,2021-03-23,2021-03-16,2021-03-31,2021-03-25,2021-03-22,2021-02-25,2020-12-02,2020-06-29,2021-01-11,2020-09-08,2020-05-15,0,1,0,1,1,0,1,0,0,0,0,1,1,0,0,1,0,0,1,0,0,0,0,0,1,0,1,0,1,0,-1648600,,,,,,,,n2p,Life.BearEnd,Life.BearRecovery,Life.Bear,Life.BearRecovery,Life.Bear,,
2021-04-01,0.69832,,,0.69,,0.71052,0.70959,0.71023,0.72247,0.70415,0.71062,-0.00647,-0.00172,0.00322,-0.00475,,,6.11,-3.64,5.18,-8.52,1.02,-2.74,0.3,-0.44,15.0,14.0,16.0,28.0,8.0,19.0,5.0,11.0,0.0,0.0,0.00179,-0.00714,0.25,20.0,50.93304,,,-38.704,6.25,8.14394,,,40.0,49.44444,45.37914,45.28406,,,0.01947,0.02024,,,-0.1288,0.0093,-0.1288,0.0,0.1381,-0.1381,0,0,0,,,,,,-0.15,,,0.755,0.681,0.735,0.697,0.677,0.677,2021-03-10,2021-01-20,2020-12-14,2021-03-30,2021-01-29,2021-01-12,0.19,-7.68,11.52,-0.59,0.59,-7.89,2.0,14.0,26.0,6.0,6.0,19.0,0.0,-1.0,0.0,-0.0,0.0,-0.0,0.71,0.74,0.78,0.69,0.69,0.735,2021-03-30,2021-03-16,2021-03-11,2021-04-01,2021-03-25,2021-03-15,0.021,0.035,0.028,0.019,0.02,0.025,2021-01-11,2020-07-29,2020-04-14,2021-03-01,2020-12-10,2020-05-27,587700.0,1648600.0,1511500.0,-15.74,47.82,42.76,0.005,0.001,0.039,-0.004,-0.018,-0.04,0.0115,0.00889,0.05598,-0.00729,-0.02455,-0.05756,48.051,49.289,55.78,45.03,39.838,33.698,18.182,9.091,45.455,0.0,0.0,4.762,58.704,52.217,65.711,44.655,37.616,57.696,2021-03-22,2020-12-21,2020-07-10,2021-01-27,2020-10-06,2020-03-20,91,164,259,113,200,219,2021-02-22,2020-11-27,2020-06-22,2021-03-24,2021-01-12,2020-09-21,2021-03-30,2021-03-23,2021-03-16,2021-03-31,2021-03-25,2021-03-22,2021-02-25,2020-12-02,2020-06-29,2021-01-11,2020-09-08,2020-05-15,0,1,0,1,1,0,1,0,0,0,0,1,1,0,0,1,0,0,1,0,0,0,0,0,1,0,1,0,1,0,,,,,,,,n2p,,Life.BearEnd,Life.BearRecovery,Life.Bear,Life.BearRecovery,Life.Bear,,
2021-04-02,0.69958,,,,,0.70971,0.70921,0.71002,0.72225,0.70351,0.70983,-0.00632,-0.00264,0.00306,-0.00368,,,5.92,-3.64,5.18,-8.52,1.02,-2.74,0.3,-0.44,14.0,14.0,16.0,28.0,8.0,19.0,5.0,11.0,0.01,0.0,0.0025,-0.005,0.5,33.33333,50.7559,,,-25.37067,23.07692,9.77564,,,26.66667,38.88889,45.48673,45.38202,,,0.01915,0.02017,,,-0.1304,-0.0081,-0.1304,0.0,0.1223,-0.1223,0,0,0,,,,,,-0.15,,,0.755,0.681,0.735,0.697,0.677,0.677,2021-03-10,2021-01-20,2020-12-14,2021-03-30,2021-01-29,2021-01-12,0.37,-7.68,11.52,-0.59,0.59,-7.89,3.0,14.0,26.0,6.0,6.0,19.0,0.0,-1.0,0.0,-0.0,0.0,-0.0,0.71,0.74,0.78,0.69,0.69,0.735,2021-03-30,2021-03-16,2021-03-11,2021-04-01,2021-03-25,2021-03-15,0.021,0.035,0.028,0.019,0.02,0.025,2021-01-11,2020-07-29,2020-04-14,2021-03-01,2020-12-10,2020-05-27,1648600.0,1511500.0,624700.0,47.82,42.76,0.99,0.005,0.001,0.039,-0.004,-0.018,-0.04,0.0115,0.00889,0.05598,-0.00729,-0.02455,-0.05756,48.051,49.289,55.78,45.03,39.838,33.698,18.182,9.091,45.455,0.0,0.0,4.762,58.704,52.217,65.711,44.655,37.616,57.696,2021-03-22,2020-12-21,2020-07-10,2021-01-27,2020-10-06,2020-03-20,91,164,259,113,200,219,2021-02-22,2020-11-27,2020-06-22,2021-03-24,2021-01-12,2020-09-21,2021-03-30,2021-03-23,2021-03-16,2021-03-31,2021-03-25,2021-03-22,2021-02-25,2020-12-02,2020-06-29,2021-01-11,2020-09-08,2020-05-15,0,1,0,1,1,0,1,0,0,0,0,1,1,0,0,1,0,0,1,0,0,0,0,0,1,0,1,0,1,0,,,,,,,n2p,,,Life.BearEnd,Life.BearRecovery,Life.Bear,Life.BearRecovery,Life.Bear,,
2021-04-05,0.70149,,,,0.705,0.70935,0.70905,0.70993,0.72208,0.70374,0.70947,-0.00573,-0.00326,0.0029,-0.00248,,,5.63,-3.64,5.18,-8.52,1.02,-2.74,0.3,-0.44,13.0,14.0,16.0,28.0,8.0,19.0,5.0,11.0,0.005,0.0,0.0025,-0.005,0.5,33.33333,50.60202,,,-25.37067,36.36364,21.89685,,36.364,53.33333,40.0,45.60203,45.4893,,,0.01814,0.0201,,,-0.1303,-0.0088,-0.1303,0.0,0.1215,-0.1215,0,0,0,,,,,,-0.15,,,0.755,0.681,0.735,0.697,0.677,0.677,2021-03-10,2021-01-20,2020-12-14,2021-03-30,2021-01-29,2021-01-12,0.64,-7.68,11.52,-0.59,0.59,-7.89,4.0,14.0,26.0,6.0,6.0,19.0,0.0,-1.0,0.0,-0.0,0.0,-0.0,0.705,0.71,0.74,0.69,0.69,0.735,2021-04-05,2021-03-30,2021-03-16,2021-04-01,2021-03-25,2021-03-15,0.021,0.035,0.028,0.019,0.02,0.025,2021-01-11,2020-07-29,2020-04-14,2021-03-01,2020-12-10,2020-05-27,1511500.0,624700.0,414700.0,42.76,0.99,-32.6,0.005,0.001,0.039,-0.004,-0.018,-0.04,0.0115,0.00889,0.05598,-0.00729,-0.02455,-0.05756,48.051,49.289,55.78,45.03,39.838,33.698,36.364,18.182,9.091,0.0,0.0,4.762,58.704,52.217,65.711,44.655,37.616,57.696,2021-03-22,2020-12-21,2020-07-10,2021-01-27,2020-10-06,2020-03-20,91,164,259,113,200,219,2021-02-22,2020-11-27,2020-06-22,2021-03-24,2021-01-12,2020-09-21,2021-04-05,2021-03-30,2021-03-23,2021-03-31,2021-03-25,2021-03-22,2021-02-25,2020-12-02,2020-06-29,2021-01-11,2020-09-08,2020-05-15,0,1,0,1,1,0,1,0,0,0,0,1,1,0,0,1,0,1,1,0,0,0,0,0,1,0,1,0,1,0,,,,,,n2p,,,,Life.BearEnd,Life.BearRecovery,Life.Bear,Life.BearRecovery,Life.Bear,,
2021-04-06,0.70404,,,,,0.70825,0.7085,0.70963,0.72181,0.7024,0.7084,-0.006,-0.00381,0.00275,-0.0022,,,5.25,-3.64,5.18,-8.52,1.02,-2.74,0.3,-0.44,12.0,14.0,16.0,28.0,8.0,19.0,5.0,11.0,-0.0,-0.01,0.0025,-0.005,0.5,33.33333,50.47306,,,-25.37067,22.22222,27.22093,22.222,,60.0,46.66667,45.726,45.60492,,,0.01756,0.02002,,,-0.1331,-0.0138,-0.1356,-0.0025,0.1193,-0.1218,0,0,0,,,,,,-0.15,,,0.755,0.681,0.735,0.697,0.677,0.677,2021-03-10,2021-01-20,2020-12-14,2021-03-30,2021-01-29,2021-01-12,1.01,-7.68,11.52,-0.59,0.59,-7.89,5.0,14.0,26.0,6.0,6.0,19.0,0.0,-1.0,0.0,-0.0,0.0,-0.0,0.705,0.71,0.74,0.69,0.69,0.735,2021-04-05,2021-03-30,2021-03-16,2021-04-01,2021-03-25,2021-03-15,0.021,0.035,0.028,0.019,0.02,0.025,2021-01-11,2020-07-29,2020-04-14,2021-03-01,2020-12-10,2020-05-27,624700.0,414700.0,529700.0,0.99,-32.6,-38.49,0.005,0.001,0.039,-0.004,-0.018,-0.04,0.0115,0.00889,0.05598,-0.00729,-0.02455,-0.05756,48.051,49.289,55.78,45.03,39.838,33.698,36.364,18.182,9.091,22.222,0.0,0.0,58.704,52.217,65.711,44.655,37.616,57.696,2021-03-22,2020-12-21,2020-07-10,2021-01-27,2020-10-06,2020-03-20,91,164,259,113,200,219,2021-02-22,2020-11-27,2020-06-22,2021-03-24,2021-01-12,2020-09-21,2021-04-05,2021-03-30,2021-03-23,2021-04-06,2021-03-31,2021-03-25,2021-02-25,2020-12-02,2020-06-29,2021-01-11,2020-09-08,2020-05-15,0,1,0,1,1,0,1,0,0,0,0,1,1,0,0,1,0,1,0,1,0,0,0,0,1,0,1,0,1,0,,,,,n2p,,,,,Life.BearEnd,Life.BearRecovery,Life.Bear,Life.BearRecovery,Life.Bear,,
2021-04-07,0.7072,,,0.695,,0.70723,0.70797,0.70934,0.72154,0.70126,0.70741,-0.00615,-0.00427,0.0026,-0.00188,,,4.78,-3.64,5.18,-8.52,1.02,-2.74,0.3,-0.44,11.0,14.0,16.0,28.0,8.0,19.0,5.0,11.0,0.0,0.0,0.0025,-0.00429,0.58333,36.84211,50.36961,,,-21.86189,28.57143,29.05243,,,56.66667,56.66667,45.86128,45.72977,,,0.01702,0.01993,,,-0.1357,-0.0211,-0.1431,-0.0074,0.1146,-0.122,0,0,0,,,,,,-0.15,,,0.755,0.681,0.735,0.697,0.677,0.677,2021-03-10,2021-01-20,2020-12-14,2021-03-30,2021-01-29,2021-01-12,1.46,-7.68,11.52,-0.59,0.59,-7.89,6.0,14.0,26.0,6.0,6.0,19.0,0.0,-1.0,0.0,-0.0,0.0,-0.0,0.705,0.71,0.74,0.695,0.69,0.69,2021-04-05,2021-03-30,2021-03-16,2021-04-07,2021-04-01,2021-03-25,0.021,0.035,0.028,0.019,0.02,0.025,2021-01-11,2020-07-29,2020-04-14,2021-03-01,2020-12-10,2020-05-27,414700.0,529700.0,511500.0,-32.6,-38.49,-7.21,0.005,0.001,0.039,-0.004,-0.018,-0.04,0.0115,0.00889,0.05598,-0.00729,-0.02455,-0.05756,48.051,49.289,55.78,45.03,39.838,33.698,36.364,18.182,9.091,22.222,0.0,0.0,58.704,52.217,65.711,44.655,37.616,57.696,2021-03-22,2020-12-21,2020-07-10,2021-01-27,2020-10-06,2020-03-20,91,164,259,113,200,219,2021-02-22,2020-11-27,2020-06-22,2021-03-24,2021-01-12,2020-09-21,2021-04-05,2021-03-30,2021-03-23,2021-04-06,2021-03-31,2021-03-25,2021-02-25,2020-12-02,2020-06-29,2021-01-11,2020-09-08,2020-05-15,0,1,0,1,1,0,0,1,0,0,0,1,1,0,0,1,0,1,0,1,0,0,0,0,1,0,1,0,1,0,,,,,,,,,,Life.BearEnd,Life.BearRecovery,Life.Bear,Life.BearRecovery,Life.Bear,,
2021-04-08,0.71094,,,,,0.70706,0.70785,0.70925,0.72137,0.70183,0.70723,-0.0054,-0.0045,0.00246,-0.0009,,,4.23,-3.64,5.18,-8.52,1.02,-2.74,0.3,-0.44,10.0,14.0,16.0,28.0,8.0,19.0,5.0,11.0,0.01,0.0,0.00321,-0.00286,1.125,52.94118,50.29174,,,-5.76282,66.66667,39.15344,,,50.0,55.55556,46.0124,45.86656,,,0.01723,0.01984,,,-0.1352,-0.0219,-0.1431,-0.0079,0.1133,-0.1212,0,0,0,,,,,,-0.15,,,0.755,0.681,0.735,0.697,0.677,0.677,2021-03-10,2021-01-20,2020-12-14,2021-03-30,2021-01-29,2021-01-12,2.0,-7.68,11.52,-0.59,0.59,-7.89,7.0,14.0,26.0,6.0,6.0,19.0,0.0,-1.0,0.0,-0.0,0.0,-0.0,0.705,0.71,0.74,0.695,0.69,0.69,2021-04-05,2021-03-30,2021-03-16,2021-04-07,2021-04-01,2021-03-25,0.021,0.035,0.028,0.019,0.02,0.025,2021-01-11,2020-07-29,2020-04-14,2021-03-01,2020-12-10,2020-05-27,529700.0,511500.0,2827000.0,-38.49,-7.21,165.69,0.005,0.001,0.039,-0.004,-0.018,-0.04,0.0115,0.00889,0.05598,-0.00729,-0.02455,-0.05756,48.051,49.289,55.78,45.03,39.838,33.698,36.364,18.182,9.091,22.222,0.0,0.0,58.704,52.217,65.711,44.655,37.616,57.696,2021-03-22,2020-12-21,2020-07-10,2021-01-27,2020-10-06,2020-03-20,91,164,259,113,200,219,2021-02-22,2020-11-27,2020-06-22,2021-03-24,2021-01-12,2020-09-21,2021-04-05,2021-03-30,2021-03-23,2021-04-06,2021-03-31,2021-03-25,2021-02-25,2020-12-02,2020-06-29,2021-01-11,2020-09-08,2020-05-15,0,1,0,1,1,0,0,1,0,0,0,1,1,0,0,1,0,1,0,1,0,0,0,0,1,0,1,0,1,0,2827000,,,,,,,,n2p,Life.BearEnd,Life.BearRecovery,Life.Bear,Life.BearRecovery,Life.Bear,,
2021-04-09,0.71517,,,,,0.70805,0.70833,0.70947,0.72136,0.70463,0.70818,-0.00355,-0.00431,0.00233,0.00076,,,3.61,-3.64,5.18,-8.52,1.02,-2.74,0.3,-0.44,9.0,14.0,16.0,28.0,8.0,19.0,5.0,11.0,0.015,0.0,0.00429,-0.00286,1.5,60.0,50.23889,,,1.296,100.0,65.07937,,,70.0,58.88889,46.1839,46.01919,,,0.01707,0.01975,,,-0.1303,-0.0142,-0.1331,-0.0028,0.1161,-0.1189,1,1,1,,,,,,,-0.15,,0.755,0.681,0.735,0.697,0.677,0.677,2021-03-10,2021-01-20,2020-12-14,2021-03-30,2021-01-29,2021-01-12,2.61,-7.68,11.52,-0.59,0.59,-7.89,8.0,14.0,26.0,6.0,6.0,19.0,0.0,-1.0,0.0,-0.0,0.0,-0.0,0.705,0.71,0.74,0.695,0.69,0.69,2021-04-05,2021-03-30,2021-03-16,2021-04-07,2021-04-01,2021-03-25,0.021,0.035,0.028,0.019,0.02,0.025,2021-01-11,2020-07-29,2020-04-14,2021-03-01,2020-12-10,2020-05-27,511500.0,2827000.0,2552100.0,-7.21,165.69,52.28,0.005,0.001,0.039,-0.004,-0.018,-0.04,0.0115,0.00889,0.05598,-0.00729,-0.02455,-0.05756,48.051,49.289,55.78,45.03,39.838,33.698,36.364,18.182,9.091,22.222,0.0,0.0,58.704,52.217,65.711,44.655,37.616,57.696,2021-03-22,2020-12-21,2020-07-10,2021-01-27,2020-10-06,2020-03-20,91,164,259,113,200,219,2021-02-22,2020-11-27,2020-06-22,2021-03-24,2021-01-12,2020-09-21,2021-04-05,2021-03-30,2021-03-23,2021-04-06,2021-03-31,2021-03-25,2021-02-25,2020-12-02,2020-06-29,2021-01-11,2020-09-08,2020-05-15,0,1,0,1,1,0,0,1,0,0,0,1,1,0,0,1,0,1,0,1,0,0,0,0,1,0,1,0,1,0,,,,,,,,n2p,,Life.BearRecovery,Life.Bear,Life.BearRecovery,Life.Bear,Life.BearRecovery,,
2021-04-12,0.71946,,,,0.73,0.70974,0.70918,0.70987,0.72145,0.70853,0.70979,-0.00126,-0.0037,0.00222,0.00244,,,2.99,-3.64,5.18,-8.52,1.02,-2.74,0.3,-0.44,8.0,14.0,16.0,28.0,8.0,19.0,5.0,11.0,0.01,0.0,0.005,-0.00286,1.75,63.63636,50.21022,,,4.93236,100.0,88.88889,,100.0,86.66667,68.88889,46.37811,46.19147,,,0.01657,0.01965,,,-0.1227,-0.0069,-0.1227,0.0,0.1158,-0.1158,1,1,1,,,,,,,-0.15,,0.755,0.681,0.735,0.697,0.677,0.677,2021-03-10,2021-01-20,2020-12-14,2021-03-30,2021-01-29,2021-01-12,3.22,-7.68,11.52,-0.59,0.59,-7.89,9.0,14.0,26.0,6.0,6.0,19.0,0.0,-1.0,0.0,-0.0,0.0,-0.0,0.73,0.705,0.71,0.695,0.69,0.69,2021-04-12,2021-04-05,2021-03-30,2021-04-07,2021-04-01,2021-03-25,0.021,0.035,0.028,0.019,0.02,0.025,2021-01-11,2020-07-29,2020-04-14,2021-03-01,2020-12-10,2020-05-27,2827000.0,2552100.0,3425500.0,165.69,52.28,49.47,0.005,0.001,0.039,-0.004,-0.018,-0.04,0.0115,0.00889,0.05598,-0.00729,-0.02455,-0.05756,48.051,49.289,55.78,45.03,39.838,33.698,100.0,36.364,18.182,22.222,0.0,0.0,58.704,52.217,65.711,44.655,37.616,57.696,2021-03-22,2020-12-21,2020-07-10,2021-01-27,2020-10-06,2020-03-20,91,164,259,113,200,219,2021-02-22,2020-11-27,2020-06-22,2021-03-24,2021-01-12,2020-09-21,2021-04-12,2021-04-05,2021-03-30,2021-04-06,2021-03-31,2021-03-25,2021-02-25,2020-12-02,2020-06-29,2021-01-11,2020-09-08,2020-05-15,0,1,0,1,0,1,0,1,0,0,0,1,1,0,0,1,0,1,0,1,0,0,0,0,1,0,1,0,1,0,,,,,,,n2p,,,Life.BearRecovery,Life.Bear,Life.BearRecovery,Life.Bear,Life.BearRecovery,,
2021-04-13,0.7236,,,0.725,,0.71091,0.7098,0.71017,0.72148,0.71107,0.71092,0.00015,-0.00293,0.00211,0.00308,,,2.41,-3.64,5.18,-8.52,1.02,-2.74,0.3,-0.44,7.0,14.0,16.0,28.0,8.0,19.0,5.0,11.0,-0.0,-0.005,0.005,-0.00286,1.75,63.63636,50.20528,50.205,,4.93236,72.72727,90.90909,72.727,,88.88889,81.85185,46.59442,46.38548,,,0.01681,0.01956,,0.02,-0.1168,0.0111,-0.1168,0.0,0.1279,-0.1279,1,1,1,,,,,,,-0.15,,0.755,0.681,0.735,0.697,0.677,0.677,2021-03-10,2021-01-20,2020-12-14,2021-03-30,2021-01-29,2021-01-12,3.82,-7.68,11.52,-0.59,0.59,-7.89,10.0,14.0,26.0,6.0,6.0,19.0,0.0,-1.0,0.0,-0.0,0.0,-0.0,0.73,0.705,0.71,0.725,0.695,0.69,2021-04-12,2021-04-05,2021-03-30,2021-04-13,2021-04-07,2021-04-01,0.02,0.021,0.035,0.019,0.02,0.025,2021-04-13,2021-01-11,2020-07-29,2021-03-01,2020-12-10,2020-05-27,2552100.0,3425500.0,2631300.0,52.28,49.47,-2.22,0.005,0.001,0.039,-0.004,-0.018,-0.04,0.0115,0.00889,0.05598,-0.00729,-0.02455,-0.05756,48.051,49.289,55.78,45.03,39.838,33.698,100.0,36.364,18.182,72.727,22.222,0.0,58.704,52.217,65.711,50.205,44.655,37.616,2021-03-22,2020-12-21,2020-07-10,2021-01-27,2020-10-06,2020-03-20,91,164,259,113,200,219,2021-02-22,2020-11-27,2020-06-22,2021-03-24,2021-01-12,2020-09-21,2021-04-12,2021-04-05,2021-03-30,2021-04-13,2021-04-06,2021-03-31,2021-02-25,2020-12-02,2020-06-29,2021-04-13,2021-01-11,2020-09-08,0,1,0,1,0,1,0,1,0,0,0,1,1,0,0,1,0,1,0,1,0,0,0,1,1,0,1,0,1,0,,,-2631300,,,n2p,,,p2n,Life.BearRecovery,Life.Bear,Life.BearRecovery,Life.Bear,Life.BearRecovery,,
2021-04-14,0.72757,,,,,0.71238,0.71059,0.71057,0.72157,0.71398,0.71233,0.00165,-0.00201,0.00203,0.00366,,,1.85,-3.64,5.18,-8.52,1.02,-2.74,0.3,-0.44,6.0,14.0,16.0,28.0,8.0,19.0,5.0,11.0,0.005,0.0,0.00536,-0.0025,2.14286,68.18182,50.2236,,,17.97682,81.81818,84.84848,,,80.55556,85.37037,46.83195,46.60149,,,0.01668,0.01947,,,-0.11,0.0181,-0.11,0.0,0.1281,-0.1281,1,1,1,,,,,,,-0.15,,0.755,0.681,0.735,0.697,0.677,0.677,2021-03-10,2021-01-20,2020-12-14,2021-03-30,2021-01-29,2021-01-12,4.39,-7.68,11.52,-0.59,0.59,-7.89,11.0,14.0,26.0,6.0,6.0,19.0,0.0,-1.0,0.0,-0.0,0.0,-0.0,0.73,0.705,0.71,0.725,0.695,0.69,2021-04-12,2021-04-05,2021-03-30,2021-04-13,2021-04-07,2021-04-01,0.02,0.021,0.035,0.019,0.02,0.025,2021-04-13,2021-01-11,2020-07-29,2021-03-01,2020-12-10,2020-05-27,3425500.0,2631300.0,2543700.0,49.47,-2.22,-0.1,0.005,0.001,0.039,-0.004,-0.018,-0.04,0.0115,0.00889,0.05598,-0.00729,-0.02455,-0.05756,48.051,49.289,55.78,45.03,39.838,33.698,100.0,36.364,18.182,72.727,22.222,0.0,58.704,52.217,65.711,50.205,44.655,37.616,2021-03-22,2020-12-21,2020-07-10,2021-01-27,2020-10-06,2020-03-20,91,164,259,113,200,219,2021-02-22,2020-11-27,2020-06-22,2021-03-24,2021-01-12,2020-09-21,2021-04-12,2021-04-05,2021-03-30,2021-04-13,2021-04-06,2021-03-31,2021-02-25,2020-12-02,2020-06-29,2021-04-13,2021-01-11,2020-09-08,0,1,0,1,0,1,0,1,0,0,0,1,1,0,0,1,0,1,0,1,0,0,0,1,1,0,1,0,1,0,,,,,n2p,,,p2n,,Life.BearRecovery,Life.Bear,Life.BearRecovery,Life.Bear,Life.BearRecovery,,
2021-04-15,0.73129,,,,0.73,0.71374,0.71135,0.71095,0.72165,0.71644,0.71364,0.0028,-0.00105,0.00195,0.00385,,,1.33,-3.64,5.18,-8.52,1.02,-2.74,0.3,-0.44,5.0,14.0,16.0,28.0,8.0,19.0,5.0,11.0,0.0,0.0,0.005,-0.0025,2.0,66.66667,50.26488,,,16.46167,81.81818,78.78788,,81.818,71.03175,80.15873,47.09075,46.83904,,,0.01656,0.01938,,,-0.107,0.0279,-0.107,0.0,0.1349,-0.1349,1,1,1,,,,,,,-0.15,,0.755,0.681,0.735,0.697,0.677,0.677,2021-03-10,2021-01-20,2020-12-14,2021-03-30,2021-01-29,2021-01-12,4.92,-7.68,11.52,-0.59,0.59,-7.89,12.0,14.0,26.0,6.0,6.0,19.0,0.0,-1.0,0.0,-0.0,0.0,-0.0,0.73,0.73,0.705,0.725,0.695,0.69,2021-04-15,2021-04-12,2021-04-05,2021-04-13,2021-04-07,2021-04-01,0.02,0.021,0.035,0.019,0.02,0.025,2021-04-13,2021-01-11,2020-07-29,2021-03-01,2020-12-10,2020-05-27,2631300.0,2543700.0,2631600.0,-2.22,-0.1,-9.23,0.005,0.001,0.039,-0.004,-0.018,-0.04,0.0115,0.00889,0.05598,-0.00729,-0.02455,-0.05756,48.051,49.289,55.78,45.03,39.838,33.698,81.818,100.0,36.364,72.727,22.222,0.0,58.704,52.217,65.711,50.205,44.655,37.616,2021-03-22,2020-12-21,2020-07-10,2021-01-27,2020-10-06,2020-03-20,91,164,259,113,200,219,2021-02-22,2020-11-27,2020-06-22,2021-03-24,2021-01-12,2020-09-21,2021-04-15,2021-04-12,2021-04-05,2021-04-13,2021-04-06,2021-03-31,2021-02-25,2020-12-02,2020-06-29,2021-04-13,2021-01-11,2020-09-08,0,1,0,1,0,1,0,1,0,0,0,1,1,0,0,1,0,0,0,1,0,0,0,1,1,0,1,0,1,0,,,,,,,p2n,,,Life.BearRecovery,Life.Bear,Life.BearRecovery,Life.Bear,Life.BearRecovery,,
2021-04-16,0.73462,,,0.725,,0.7146,0.71189,0.71123,0.72168,0.71776,0.71448,0.00328,-0.00019,0.0019,0.00346,,,0.87,-3.64,5.18,-8.52,1.02,-2.74,0.3,-0.44,4.0,14.0,16.0,28.0,8.0,19.0,5.0,11.0,-0.0,-0.005,0.00464,-0.00286,1.625,61.90476,50.32892,,,11.69976,72.72727,78.78788,72.727,,57.14286,69.57672,47.37097,47.09789,,,0.01609,0.0193,,,-0.1045,0.0337,-0.1045,0.0,0.1382,-0.1382,1,1,1,,,,,,,-0.15,,0.755,0.681,0.735,0.697,0.677,0.677,2021-03-10,2021-01-20,2020-12-14,2021-03-30,2021-01-29,2021-01-12,5.4,-7.68,11.52,-0.59,0.59,-7.89,13.0,14.0,26.0,6.0,6.0,19.0,0.0,-1.0,0.0,-0.0,0.0,-0.0,0.73,0.73,0.705,0.725,0.725,0.695,2021-04-15,2021-04-12,2021-04-05,2021-04-16,2021-04-13,2021-04-07,0.02,0.021,0.035,0.019,0.02,0.025,2021-04-13,2021-01-11,2020-07-29,2021-03-01,2020-12-10,2020-05-27,2543700.0,2631600.0,1712400.0,-0.1,-9.23,-11.77,0.005,0.001,0.039,-0.004,-0.018,-0.04,0.0115,0.00889,0.05598,-0.00729,-0.02455,-0.05756,48.051,49.289,55.78,45.03,39.838,33.698,81.818,100.0,36.364,72.727,72.727,22.222,58.704,52.217,65.711,50.205,44.655,37.616,2021-03-22,2020-12-21,2020-07-10,2021-01-27,2020-10-06,2020-03-20,91,164,259,113,200,219,2021-02-22,2020-11-27,2020-06-22,2021-03-24,2021-01-12,2020-09-21,2021-04-15,2021-04-12,2021-04-05,2021-04-16,2021-04-13,2021-04-06,2021-02-25,2020-12-02,2020-06-29,2021-04-13,2021-01-11,2020-09-08,0,1,0,1,0,1,0,1,0,0,0,1,1,0,0,1,0,0,0,1,0,0,0,1,1,0,1,0,1,0,,,,,,p2n,,,,Life.BearRecovery,Life.Bear,Life.BearRecovery,Life.Bear,Life.BearRecovery,,
2021-04-19,0.73742,,,,0.76,0.7181,0.71377,0.71219,0.72207,0.72426,0.71785,0.0064,0.00113,0.00186,0.00527,,,0.49,-3.64,5.18,-8.52,1.02,-2.74,0.3,-0.44,3.0,14.0,16.0,28.0,8.0,19.0,5.0,11.0,0.035,0.0,0.00643,-0.00286,2.25,69.23077,50.4149,,,19.02577,83.33333,79.29293,,83.333,56.38528,61.51996,47.6715,47.37774,,,0.01851,0.01923,,,-0.0988,0.0591,-0.0988,0.0,0.1579,-0.1579,1,1,1,,,,,,,-0.15,,0.755,0.681,0.735,0.697,0.677,0.677,2021-03-10,2021-01-20,2020-12-14,2021-03-30,2021-01-29,2021-01-12,5.8,-7.68,11.52,-0.59,0.59,-7.89,14.0,14.0,26.0,6.0,6.0,19.0,0.0,-1.0,0.0,-0.0,0.0,-0.0,0.76,0.73,0.73,0.725,0.725,0.695,2021-04-19,2021-04-15,2021-04-12,2021-04-16,2021-04-13,2021-04-07,0.02,0.021,0.035,0.019,0.02,0.025,2021-04-13,2021-01-11,2020-07-29,2021-03-01,2020-12-10,2020-05-27,2631600.0,1712400.0,11476400.0,-9.23,-11.77,129.69,0.005,0.001,0.039,-0.004,-0.018,-0.04,0.0115,0.00889,0.05598,-0.00729,-0.02455,-0.05756,48.051,49.289,55.78,45.03,39.838,33.698,83.333,81.818,100.0,72.727,72.727,22.222,58.704,52.217,65.711,50.205,44.655,37.616,2021-03-22,2020-12-21,2020-07-10,2021-01-27,2020-10-06,2020-03-20,91,164,259,113,200,219,2021-02-22,2020-11-27,2020-06-22,2021-03-24,2021-01-12,2020-09-21,2021-04-19,2021-04-15,2021-04-12,2021-04-16,2021-04-13,2021-04-06,2021-02-25,2020-12-02,2020-06-29,2021-04-13,2021-01-11,2020-09-08,0,1,0,1,0,1,0,1,0,0,0,1,1,0,0,1,0,0,0,1,0,0,0,1,1,0,1,0,1,0,11476400,,,,p2n,,,,n2p,Life.BearRecovery,Life.Bear,Life.BearRecovery,Life.Bear,Life.BearRecovery,,
2021-04-20,0.7395,,,,,0.71901,0.71441,0.71255,0.72214,0.72514,0.71875,0.00639,0.00218,0.00184,0.0042,,,0.2,-3.64,5.18,-8.52,1.02,-2.74,0.3,-0.44,2.0,14.0,16.0,28.0,8.0,19.0,5.0,11.0,-0.0,-0.03,0.00643,-0.00357,1.8,64.28571,50.52163,,,14.08071,50.0,68.68687,,,38.63636,50.7215,47.98781,47.67676,,,0.02041,0.01916,,,-0.0959,0.0646,-0.0959,0.0,0.1605,-0.1605,1,1,1,,,,,,,-0.15,,0.755,0.681,0.735,0.697,0.677,0.677,2021-03-10,2021-01-20,2020-12-14,2021-03-30,2021-01-29,2021-01-12,6.1,-7.68,11.52,-0.59,0.59,-7.89,15.0,14.0,26.0,6.0,6.0,19.0,0.0,-1.0,0.0,-0.0,0.0,-0.0,0.76,0.73,0.73,0.725,0.725,0.695,2021-04-19,2021-04-15,2021-04-12,2021-04-16,2021-04-13,2021-04-07,0.02,0.021,0.035,0.019,0.02,0.025,2021-04-13,2021-01-11,2020-07-29,2021-03-01,2020-12-10,2020-05-27,1712400.0,11476400.0,4272900.0,-11.77,129.69,10.37,0.005,0.001,0.039,-0.004,-0.018,-0.04,0.0115,0.00889,0.05598,-0.00729,-0.02455,-0.05756,48.051,49.289,55.78,45.03,39.838,33.698,83.333,81.818,100.0,72.727,72.727,22.222,58.704,52.217,65.711,50.205,44.655,37.616,2021-03-22,2020-12-21,2020-07-10,2021-01-27,2020-10-06,2020-03-20,91,164,259,113,200,219,2021-02-22,2020-11-27,2020-06-22,2021-03-24,2021-01-12,2020-09-21,2021-04-19,2021-04-15,2021-04-12,2021-04-16,2021-04-13,2021-04-06,2021-02-25,2020-12-02,2020-06-29,2021-04-13,2021-01-11,2020-09-08,0,1,0,1,0,1,0,1,0,0,0,1,1,0,0,1,0,0,0,1,0,0,0,1,1,0,1,0,1,0,,,,,,,,n2p,,Life.BearRecovery,Life.Bear,Life.BearRecovery,Life.Bear,Life.BearRecovery,,
2021-04-21,0.74069,,,0.73,,0.71986,0.71502,0.71289,0.72222,0.72589,0.71959,0.0063,0.00301,0.00184,0.00329,,,0.04,-3.64,5.18,-8.52,1.02,-2.74,0.3,-0.44,1.0,14.0,16.0,28.0,8.0,19.0,5.0,11.0,0.0,0.0,0.00643,-0.00357,1.8,64.28571,50.64721,,,14.08071,47.05882,60.13072,47.059,,38.63636,44.55267,48.31103,47.99012,,,0.02002,0.0191,,,-0.0933,0.0697,-0.0933,0.0,0.163,-0.163,1,1,1,,,,,,,-0.15,,0.755,0.681,0.735,0.697,0.677,0.677,2021-03-10,2021-01-20,2020-12-14,2021-03-30,2021-01-29,2021-01-12,6.27,-7.68,11.52,-0.59,0.59,-7.89,16.0,14.0,26.0,6.0,6.0,19.0,0.0,-1.0,0.0,-0.0,0.0,-0.0,0.76,0.73,0.73,0.73,0.725,0.725,2021-04-19,2021-04-15,2021-04-12,2021-04-21,2021-04-16,2021-04-13,0.02,0.021,0.035,0.019,0.02,0.025,2021-04-13,2021-01-11,2020-07-29,2021-03-01,2020-12-10,2020-05-27,11476400.0,4272900.0,691100.0,129.69,10.37,-5.85,0.005,0.001,0.039,-0.004,-0.018,-0.04,0.0115,0.00889,0.05598,-0.00729,-0.02455,-0.05756,48.051,49.289,55.78,45.03,39.838,33.698,83.333,81.818,100.0,47.059,72.727,72.727,58.704,52.217,65.711,50.205,44.655,37.616,2021-03-22,2020-12-21,2020-07-10,2021-01-27,2020-10-06,2020-03-20,91,164,259,113,200,219,2021-02-22,2020-11-27,2020-06-22,2021-03-24,2021-01-12,2020-09-21,2021-04-19,2021-04-15,2021-04-12,2021-04-21,2021-04-16,2021-04-13,2021-02-25,2020-12-02,2020-06-29,2021-04-13,2021-01-11,2020-09-08,0,1,0,1,0,1,0,1,0,0,0,1,1,0,0,1,0,0,1,0,0,0,0,1,1,0,1,0,1,0,,,,,,,n2p,,,Life.BearRecovery,Life.Bear,Life.BearRecovery,Life.Bear,Life.BearRecovery,,
2021-04-22,0.74098,,0.741,,0.76,0.72294,0.71678,0.71383,0.7226,0.73114,0.72258,0.00856,0.00412,0.00186,0.00444,,,-3.64,5.18,-8.52,1.02,-2.74,0.3,-0.44,0.15,14.0,16.0,28.0,8.0,19.0,5.0,11.0,1.0,0.03,0.0,0.00786,-0.00357,2.2,68.75,50.7888,,,18.545,81.25,59.43627,,81.25,39.39394,38.88889,48.62964,48.30949,,,0.02073,0.01905,,,-0.0877,0.0911,0.0911,0.1788,0.1788,0.0,1,1,1,,,,,,,,-0.15,0.741,0.755,0.681,0.697,0.677,0.677,2021-04-22,2021-03-10,2021-01-20,2021-03-30,2021-01-29,2021-01-12,0.0,6.31,-7.68,11.52,-0.59,0.59,0.0,17.0,14.0,26.0,6.0,6.0,0.0,0.0,-1.0,0.0,-0.0,0.0,0.76,0.76,0.73,0.73,0.725,0.725,2021-04-22,2021-04-19,2021-04-15,2021-04-21,2021-04-16,2021-04-13,0.02,0.021,0.035,0.019,0.02,0.025,2021-04-13,2021-01-11,2020-07-29,2021-03-01,2020-12-10,2020-05-27,4272900.0,691100.0,4895100.0,10.37,-5.85,-40.03,0.005,0.001,0.039,-0.004,-0.018,-0.04,0.0115,0.00889,0.05598,-0.00729,-0.02455,-0.05756,48.051,49.289,55.78,45.03,39.838,33.698,81.25,83.333,81.818,47.059,72.727,72.727,58.704,52.217,65.711,50.205,44.655,37.616,2021-03-22,2020-12-21,2020-07-10,2021-01-27,2020-10-06,2020-03-20,91,164,259,113,200,219,2021-02-22,2020-11-27,2020-06-22,2021-03-24,2021-01-12,2020-09-21,2021-04-22,2021-04-19,2021-04-15,2021-04-21,2021-04-16,2021-04-13,2021-02-25,2020-12-02,2020-06-29,2021-04-13,2021-01-11,2020-09-08,0,0,0,1,0,1,0,1,0,0,0,1,1,0,0,1,1,0,1,0,0,0,0,1,1,0,1,0,1,0,,,,,,n2p,,,,Life.Bear,Life.BearRecovery,Life.Bear,Life.BearRecovery,Life.BearEnd,,
2021-04-23,0.74033,,,,,0.72503,0.71809,0.71454,0.72287,0.73404,0.72461,0.00943,0.00518,0.0019,0.00425,,,-3.56,5.18,-8.52,1.02,-2.74,0.3,-0.44,0.15,13.0,16.0,28.0,8.0,19.0,5.0,11.0,1.0,-0.0,-0.01,0.0075,-0.00429,1.75,63.63636,50.94298,,,13.43136,68.75,65.68627,,,52.77778,43.60269,48.93209,48.62425,,,0.02032,0.01901,,,-0.0833,0.1049,0.1049,0.1882,0.1882,0.0,1,1,1,,,,,,,,-0.15,0.741,0.755,0.681,0.697,0.677,0.677,2021-04-22,2021-03-10,2021-01-20,2021-03-30,2021-01-29,2021-01-12,-0.09,6.31,-7.68,11.52,-0.59,0.59,1.0,17.0,14.0,26.0,6.0,6.0,-0.0,0.0,-1.0,0.0,-0.0,0.0,0.76,0.76,0.73,0.73,0.725,0.725,2021-04-22,2021-04-19,2021-04-15,2021-04-21,2021-04-16,2021-04-13,0.02,0.021,0.035,0.019,0.02,0.025,2021-04-13,2021-01-11,2020-07-29,2021-03-01,2020-12-10,2020-05-27,691100.0,4895100.0,3271200.0,-5.85,-40.03,-10.16,0.005,0.001,0.039,-0.004,-0.018,-0.04,0.0115,0.00889,0.05598,-0.00729,-0.02455,-0.05756,48.051,49.289,55.78,45.03,39.838,33.698,81.25,83.333,81.818,47.059,72.727,72.727,58.704,52.217,65.711,50.205,44.655,37.616,2021-03-22,2020-12-21,2020-07-10,2021-01-27,2020-10-06,2020-03-20,91,164,259,113,200,219,2021-02-22,2020-11-27,2020-06-22,2021-03-24,2021-01-12,2020-09-21,2021-04-22,2021-04-19,2021-04-15,2021-04-21,2021-04-16,2021-04-13,2021-02-25,2020-12-02,2020-06-29,2021-04-13,2021-01-11,2020-09-08,0,0,0,1,0,1,0,1,0,0,0,1,1,0,0,1,1,0,1,0,0,0,0,1,1,0,1,0,1,0,,,,,n2p,,,,,Life.Bear,Life.BearRecovery,Life.Bear,Life.BearRecovery,Life.BearEnd,,
2021-04-26,0.7388,,,,,0.72695,0.71934,0.71524,0.72314,0.73649,0.72649,0.01,0.00614,0.00196,0.00386,,,-3.36,5.18,-8.52,1.02,-2.74,0.3,-0.44,0.15,12.0,16.0,28.0,8.0,19.0,5.0,11.0,1.0,0.0,0.0,0.0075,-0.00357,2.1,67.74194,51.10529,,,17.53694,68.75,72.91667,,,67.77778,53.3165,49.20822,48.92332,,,0.01994,0.01898,,,-0.079,0.1171,0.1171,0.1961,0.1961,0.0,1,1,1,,,,,,,,-0.15,0.741,0.755,0.681,0.697,0.677,0.677,2021-04-22,2021-03-10,2021-01-20,2021-03-30,2021-01-29,2021-01-12,-0.3,6.31,-7.68,11.52,-0.59,0.59,2.0,17.0,14.0,26.0,6.0,6.0,-0.0,0.0,-1.0,0.0,-0.0,0.0,0.76,0.76,0.73,0.73,0.725,0.725,2021-04-22,2021-04-19,2021-04-15,2021-04-21,2021-04-16,2021-04-13,0.02,0.021,0.035,0.019,0.02,0.025,2021-04-13,2021-01-11,2020-07-29,2021-03-01,2020-12-10,2020-05-27,4895100.0,3271200.0,517100.0,-40.03,-10.16,-1.96,0.005,0.001,0.039,-0.004,-0.018,-0.04,0.0115,0.00889,0.05598,-0.00729,-0.02455,-0.05756,48.051,49.289,55.78,45.03,39.838,33.698,81.25,83.333,81.818,47.059,72.727,72.727,58.704,52.217,65.711,50.205,44.655,37.616,2021-03-22,2020-12-21,2020-07-10,2021-01-27,2020-10-06,2020-03-20,91,164,259,113,200,219,2021-02-22,2020-11-27,2020-06-22,2021-03-24,2021-01-12,2020-09-21,2021-04-22,2021-04-19,2021-04-15,2021-04-21,2021-04-16,2021-04-13,2021-02-25,2020-12-02,2020-06-29,2021-04-13,2021-01-11,2020-09-08,0,0,0,1,0,1,0,1,0,0,0,1,1,0,0,1,1,0,1,0,0,0,0,1,1,0,1,0,1,0,,,,,,,,,,Life.Bear,Life.BearRecovery,Life.Bear,Life.BearRecovery,Life.BearEnd,,
2021-04-27,0.73654,,,,,0.72834,0.72034,0.71583,0.72336,0.7378,0.72786,0.00994,0.0069,0.00203,0.00304,,,-3.06,5.18,-8.52,1.02,-2.74,0.3,-0.44,0.15,11.0,16.0,28.0,8.0,19.0,5.0,11.0,1.0,-0.0,-0.005,0.0075,-0.00393,1.90909,65.625,51.26914,,,15.42,60.0,65.83333,,,62.77778,61.11111,49.44791,49.19607,,,0.01959,0.01896,,,-0.0753,0.1251,0.1251,0.2004,0.2004,0.0,1,1,1,,,,,,,,-0.15,0.741,0.755,0.681,0.697,0.677,0.677,2021-04-22,2021-03-10,2021-01-20,2021-03-30,2021-01-29,2021-01-12,-0.6,6.31,-7.68,11.52,-0.59,0.59,3.0,17.0,14.0,26.0,6.0,6.0,-0.0,0.0,-1.0,0.0,-0.0,0.0,0.76,0.76,0.73,0.73,0.725,0.725,2021-04-22,2021-04-19,2021-04-15,2021-04-21,2021-04-16,2021-04-13,0.02,0.021,0.035,0.019,0.02,0.025,2021-04-13,2021-01-11,2020-07-29,2021-03-01,2020-12-10,2020-05-27,3271200.0,517100.0,1485400.0,-10.16,-1.96,-39.27,0.005,0.001,0.039,-0.004,-0.018,-0.04,0.0115,0.00889,0.05598,-0.00729,-0.02455,-0.05756,48.051,49.289,55.78,45.03,39.838,33.698,81.25,83.333,81.818,47.059,72.727,72.727,58.704,52.217,65.711,50.205,44.655,37.616,2021-03-22,2020-12-21,2020-07-10,2021-01-27,2020-10-06,2020-03-20,91,164,259,113,200,219,2021-02-22,2020-11-27,2020-06-22,2021-03-24,2021-01-12,2020-09-21,2021-04-22,2021-04-19,2021-04-15,2021-04-21,2021-04-16,2021-04-13,2021-02-25,2020-12-02,2020-06-29,2021-04-13,2021-01-11,2020-09-08,0,0,0,1,0,1,0,1,0,0,0,1,1,0,0,1,1,0,1,0,0,0,0,1,1,0,1,0,1,0,,,,,,,,,,Life.Bear,Life.BearRecovery,Life.Bear,Life.BearRecovery,Life.BearEnd,,
2021-04-28,0.73379,,,,,0.72846,0.72072,0.71611,0.72342,0.7366,0.72802,0.00858,0.00724,0.00211,0.00134,,,-2.7,5.18,-8.52,1.02,-2.74,0.3,-0.44,0.15,10.0,16.0,28.0,8.0,19.0,5.0,11.0,1.0,-0.0,-0.015,0.00679,-0.005,1.35714,57.57576,51.4272,,,7.37076,35.71429,54.82143,,,43.33333,57.96296,49.64034,49.43216,,,0.01926,0.01895,,,-0.0731,0.1235,0.1235,0.1966,0.1966,0.0,1,1,1,,,,,,,,-0.15,0.741,0.755,0.681,0.697,0.677,0.677,2021-04-22,2021-03-10,2021-01-20,2021-03-30,2021-01-29,2021-01-12,-0.97,6.31,-7.68,11.52,-0.59,0.59,4.0,17.0,14.0,26.0,6.0,6.0,-0.0,0.0,-1.0,0.0,-0.0,0.0,0.76,0.76,0.73,0.73,0.725,0.725,2021-04-22,2021-04-19,2021-04-15,2021-04-21,2021-04-16,2021-04-13,0.02,0.021,0.035,0.019,0.02,0.025,2021-04-13,2021-01-11,2020-07-29,2021-03-01,2020-12-10,2020-05-27,517100.0,1485400.0,559200.0,-1.96,-39.27,-51.42,0.005,0.001,0.039,-0.004,-0.018,-0.04,0.0115,0.00889,0.05598,-0.00729,-0.02455,-0.05756,48.051,49.289,55.78,45.03,39.838,33.698,81.25,83.333,81.818,47.059,72.727,72.727,58.704,52.217,65.711,50.205,44.655,37.616,2021-03-22,2020-12-21,2020-07-10,2021-01-27,2020-10-06,2020-03-20,91,164,259,113,200,219,2021-02-22,2020-11-27,2020-06-22,2021-03-24,2021-01-12,2020-09-21,2021-04-22,2021-04-19,2021-04-15,2021-04-21,2021-04-16,2021-04-13,2021-02-25,2020-12-02,2020-06-29,2021-04-13,2021-01-11,2020-09-08,0,0,0,1,0,1,0,1,0,0,0,1,1,0,0,1,1,0,1,0,0,0,0,1,1,0,1,0,1,0,,,,,,,,,,Life.Bear,Life.BearRecovery,Life.Bear,Life.BearRecovery,Life.BearEnd,,
2021-04-30,0.73082,,,0.71,,0.72704,0.7203,0.71599,0.72329,0.73251,0.72669,0.00582,0.00696,0.0022,-0.00113,,,-2.3,5.18,-8.52,1.02,-2.74,0.3,-0.44,0.15,8.0,16.0,28.0,8.0,19.0,5.0,11.0,1.0,-0.0,-0.02,0.00571,-0.00643,0.88889,47.05882,51.57289,,,-3.14618,0.0,31.90476,0.0,,20.0,42.03704,49.77429,49.62084,,,0.02003,0.01894,,,-0.073,0.1105,0.1105,0.1835,0.1835,0.0,0,1,0,,,,,,,-0.15,,0.741,0.755,0.681,0.697,0.677,0.677,2021-04-22,2021-03-10,2021-01-20,2021-03-30,2021-01-29,2021-01-12,-1.37,6.31,-7.68,11.52,-0.59,0.59,5.0,17.0,14.0,26.0,6.0,6.0,-0.0,0.0,-1.0,0.0,-0.0,0.0,0.76,0.76,0.73,0.71,0.73,0.725,2021-04-22,2021-04-19,2021-04-15,2021-04-30,2021-04-21,2021-04-16,0.02,0.021,0.035,0.019,0.02,0.025,2021-04-13,2021-01-11,2020-07-29,2021-03-01,2020-12-10,2020-05-27,1485400.0,559200.0,2045700.0,-39.27,-51.42,59.67,0.005,0.001,0.039,-0.004,-0.018,-0.04,0.0115,0.00889,0.05598,-0.00729,-0.02455,-0.05756,48.051,49.289,55.78,45.03,39.838,33.698,81.25,83.333,81.818,0.0,47.059,72.727,58.704,52.217,65.711,50.205,44.655,37.616,2021-03-22,2020-12-21,2020-07-10,2021-01-27,2020-10-06,2020-03-20,91,164,259,113,200,219,2021-02-22,2020-11-27,2020-06-22,2021-03-24,2021-01-12,2020-09-21,2021-04-22,2021-04-19,2021-04-15,2021-04-30,2021-04-21,2021-04-16,2021-02-25,2020-12-02,2020-06-29,2021-04-13,2021-01-11,2020-09-08,0,0,0,1,0,1,1,0,0,0,0,1,1,0,0,1,1,0,1,0,0,0,0,1,1,0,1,0,1,0,-2045700,,,,,,,,n2p,Life.BearRecovery,Life.Bear,Life.BearRecovery,Life.BearEnd,Life.BearRecovery,,
2021-05-03,0.72773,,,,,0.72689,0.72049,0.71617,0.72331,0.73135,0.72656,0.00479,0.00652,0.00229,-0.00173,,,-1.89,5.18,-8.52,1.02,-2.74,0.3,-0.44,0.15,7.0,16.0,28.0,8.0,19.0,5.0,11.0,1.0,0.015,0.0,0.00607,-0.00643,0.94444,48.57143,51.69978,,,-1.63357,23.07692,19.59707,,,11.11111,24.81481,49.8396,49.75141,,49.84,0.02003,0.01895,,,-0.0714,0.1072,0.1072,0.1786,0.1786,0.0,0,1,0,,,,,,,-0.15,,0.741,0.755,0.681,0.697,0.677,0.677,2021-04-22,2021-03-10,2021-01-20,2021-03-30,2021-01-29,2021-01-12,-1.79,6.31,-7.68,11.52,-0.59,0.59,6.0,17.0,14.0,26.0,6.0,6.0,-0.0,0.0,-1.0,0.0,-0.0,0.0,0.76,0.76,0.73,0.71,0.73,0.725,2021-04-22,2021-04-19,2021-04-15,2021-04-30,2021-04-21,2021-04-16,0.02,0.021,0.035,0.019,0.02,0.025,2021-04-13,2021-01-11,2020-07-29,2021-03-01,2020-12-10,2020-05-27,559200.0,2045700.0,551100.0,-51.42,59.67,-22.84,0.005,0.001,0.039,-0.004,-0.018,-0.04,0.0115,0.00889,0.05598,-0.00729,-0.02455,-0.05756,49.84,48.051,49.289,45.03,39.838,33.698,81.25,83.333,81.818,0.0,47.059,72.727,58.704,52.217,65.711,50.205,44.655,37.616,2021-03-22,2020-12-21,2020-07-10,2021-01-27,2020-10-06,2020-03-20,91,164,259,113,200,219,2021-05-03,2021-02-22,2020-11-27,2021-03-24,2021-01-12,2020-09-21,2021-04-22,2021-04-19,2021-04-15,2021-04-30,2021-04-21,2021-04-16,2021-02-25,2020-12-02,2020-06-29,2021-04-13,2021-01-11,2020-09-08,0,0,0,1,0,1,1,0,0,0,0,1,0,1,0,1,1,0,1,0,0,0,0,1,1,0,1,0,1,0,,,551100,,,,,n2p,p2n,Life.BearRecovery,Life.Bear,Life.BearRecovery,Life.BearEnd,Life.BearRecovery,,
2021-05-04,0.72462,,,,0.73,0.72713,0.72086,0.71644,0.72337,0.73115,0.72682,0.00433,0.00608,0.00238,-0.00175,,,-1.47,5.18,-8.52,1.02,-2.74,0.3,-0.44,0.15,6.0,16.0,28.0,8.0,19.0,5.0,11.0,1.0,0.005,0.0,0.00643,-0.00607,1.05882,51.42857,51.80111,,,1.22357,30.76923,17.94872,,30.769,27.77778,19.62963,49.82983,49.81457,,,0.01931,0.01896,,,-0.0693,0.1069,0.1069,0.1762,0.1762,0.0,0,1,0,,,,,,,-0.15,,0.741,0.755,0.681,0.697,0.677,0.677,2021-04-22,2021-03-10,2021-01-20,2021-03-30,2021-01-29,2021-01-12,-2.21,6.31,-7.68,11.52,-0.59,0.59,7.0,17.0,14.0,26.0,6.0,6.0,-0.0,0.0,-1.0,0.0,-0.0,0.0,0.73,0.76,0.76,0.71,0.73,0.725,2021-05-04,2021-04-22,2021-04-19,2021-04-30,2021-04-21,2021-04-16,0.02,0.021,0.035,0.019,0.02,0.025,2021-04-13,2021-01-11,2020-07-29,2021-03-01,2020-12-10,2020-05-27,2045700.0,551100.0,982400.0,59.67,-22.84,13.41,0.005,0.001,0.039,-0.004,-0.018,-0.04,0.0115,0.00889,0.05598,-0.00729,-0.02455,-0.05756,49.84,48.051,49.289,45.03,39.838,33.698,30.769,81.25,83.333,0.0,47.059,72.727,58.704,52.217,65.711,50.205,44.655,37.616,2021-03-22,2020-12-21,2020-07-10,2021-01-27,2020-10-06,2020-03-20,91,164,259,113,200,219,2021-05-03,2021-02-22,2020-11-27,2021-03-24,2021-01-12,2020-09-21,2021-05-04,2021-04-22,2021-04-19,2021-04-30,2021-04-21,2021-04-16,2021-02-25,2020-12-02,2020-06-29,2021-04-13,2021-01-11,2020-09-08,0,0,0,1,1,0,1,0,0,0,0,1,0,1,0,1,1,0,1,0,0,0,0,1,1,0,1,0,1,0,,,,,,,n2p,p2n,,Life.BearRecovery,Life.Bear,Life.BearRecovery,Life.BearEnd,Life.BearRecovery,,
2021-05-05,0.72183,,,,,0.72696,0.72102,0.71661,0.72339,0.7302,0.72668,0.00352,0.00557,0.00247,-0.00205,0.002,,-1.09,5.18,-8.52,1.02,-2.74,0.3,-0.44,0.15,5.0,16.0,28.0,8.0,19.0,5.0,11.0,1.0,-0.0,-0.005,0.00607,-0.00643,0.94444,48.57143,51.86985,,,-1.63357,23.07692,25.64103,,,42.06349,26.98413,49.74283,49.80409,,,0.01865,0.01898,,,-0.0678,0.1035,0.1035,0.1713,0.1713,0.0,0,1,0,,,,,,,-0.15,,0.741,0.755,0.681,0.697,0.677,0.677,2021-04-22,2021-03-10,2021-01-20,2021-03-30,2021-01-29,2021-01-12,-2.59,6.31,-7.68,11.52,-0.59,0.59,8.0,17.0,14.0,26.0,6.0,6.0,-0.0,0.0,-1.0,0.0,-0.0,0.0,0.73,0.76,0.76,0.71,0.73,0.725,2021-05-04,2021-04-22,2021-04-19,2021-04-30,2021-04-21,2021-04-16,0.02,0.021,0.035,0.019,0.02,0.025,2021-04-13,2021-01-11,2020-07-29,2021-03-01,2020-12-10,2020-05-27,551100.0,982400.0,262200.0,-22.84,13.41,-49.83,0.005,0.001,0.039,0.002,-0.004,-0.018,0.0115,0.00889,0.05598,0.00557,-0.00729,-0.02455,49.84,48.051,49.289,45.03,39.838,33.698,30.769,81.25,83.333,0.0,47.059,72.727,58.704,52.217,65.711,50.205,44.655,37.616,2021-03-22,2020-12-21,2020-07-10,2021-05-05,2021-01-27,2020-10-06,91,164,259,98,113,200,2021-05-03,2021-02-22,2020-11-27,2021-03-24,2021-01-12,2020-09-21,2021-05-04,2021-04-22,2021-04-19,2021-04-30,2021-04-21,2021-04-16,2021-02-25,2020-12-02,2020-06-29,2021-04-13,2021-01-11,2020-09-08,0,0,0,1,1,0,1,0,0,0,0,1,0,1,0,1,1,0,1,0,0,0,0,1,1,0,1,0,1,0,,,-262200,,,n2p,p2n,,p2n,Life.BearRecovery,Life.Bear,Life.BearRecovery,Life.BearEnd,Life.BearRecovery,,
2021-05-06,0.71946,,,,,0.72643,0.72098,0.71668,0.72336,0.72863,0.72619,0.00244,0.00495,0.00255,-0.0025,,,-0.76,5.18,-8.52,1.02,-2.74,0.3,-0.44,0.15,4.0,16.0,28.0,8.0,19.0,5.0,11.0,1.0,-0.0,-0.005,0.00607,-0.00679,0.89474,47.22222,51.8991,,51.899,-2.98278,15.38462,23.07692,,,42.06349,37.30159,49.57891,49.71719,,,0.01874,0.019,,,-0.0668,0.0975,0.0975,0.1643,0.1643,0.0,0,1,0,,,,,,,-0.15,,0.741,0.755,0.681,0.697,0.677,0.677,2021-04-22,2021-03-10,2021-01-20,2021-03-30,2021-01-29,2021-01-12,-2.91,6.31,-7.68,11.52,-0.59,0.59,9.0,17.0,14.0,26.0,6.0,6.0,-0.0,0.0,-1.0,0.0,-0.0,0.0,0.73,0.76,0.76,0.71,0.73,0.725,2021-05-04,2021-04-22,2021-04-19,2021-04-30,2021-04-21,2021-04-16,0.02,0.021,0.035,0.019,0.02,0.025,2021-04-13,2021-01-11,2020-07-29,2021-03-01,2020-12-10,2020-05-27,982400.0,262200.0,629300.0,13.41,-49.83,4.35,0.005,0.001,0.039,0.002,-0.004,-0.018,0.0115,0.00889,0.05598,0.00557,-0.00729,-0.02455,49.84,48.051,49.289,45.03,39.838,33.698,30.769,81.25,83.333,0.0,47.059,72.727,51.899,58.704,52.217,50.205,44.655,37.616,2021-03-22,2020-12-21,2020-07-10,2021-05-05,2021-01-27,2020-10-06,91,164,259,98,113,200,2021-05-03,2021-02-22,2020-11-27,2021-03-24,2021-01-12,2020-09-21,2021-05-04,2021-04-22,2021-04-19,2021-04-30,2021-04-21,2021-04-16,2021-05-06,2021-02-25,2020-12-02,2021-04-13,2021-01-11,2020-09-08,0,0,0,1,1,0,1,0,0,0,0,1,0,1,0,1,1,0,1,0,1,0,0,1,1,0,1,0,1,0,-629300,,,,n2p,p2n,,p2n,n2p,Life.BearRecovery,Life.Bear,Life.BearRecovery,Life.BearEnd,Life.BearRecovery,,
2021-05-07,0.71743,,,,,0.72593,0.72094,0.71675,0.72332,0.7273,0.72573,0.00157,0.00427,0.00262,-0.0027,,,-0.48,5.18,-8.52,1.02,-2.74,0.3,-0.44,0.15,3.0,16.0,28.0,8.0,19.0,5.0,11.0,1.0,0.0,0.0,0.00607,-0.00643,0.94444,48.57143,51.88232,,,-3.32757,15.38462,17.94872,,,42.06349,42.06349,49.3387,49.55348,,,0.01848,0.01903,,,-0.0657,0.0918,0.0918,0.1575,0.1575,0.0,0,1,0,,,,,,,-0.15,,0.741,0.755,0.681,0.697,0.677,0.677,2021-04-22,2021-03-10,2021-01-20,2021-03-30,2021-01-29,2021-01-12,-3.18,6.31,-7.68,11.52,-0.59,0.59,10.0,17.0,14.0,26.0,6.0,6.0,-0.0,0.0,-1.0,0.0,-0.0,0.0,0.73,0.76,0.76,0.71,0.73,0.725,2021-05-04,2021-04-22,2021-04-19,2021-04-30,2021-04-21,2021-04-16,0.02,0.021,0.035,0.019,0.02,0.025,2021-04-13,2021-01-11,2020-07-29,2021-03-01,2020-12-10,2020-05-27,262200.0,629300.0,710500.0,-49.83,4.35,-14.51,0.005,0.001,0.039,0.002,-0.004,-0.018,0.0115,0.00889,0.05598,0.00557,-0.00729,-0.02455,49.84,48.051,49.289,45.03,39.838,33.698,30.769,81.25,83.333,0.0,47.059,72.727,51.899,58.704,52.217,50.205,44.655,37.616,2021-03-22,2020-12-21,2020-07-10,2021-05-05,2021-01-27,2020-10-06,91,164,259,98,113,200,2021-05-03,2021-02-22,2020-11-27,2021-03-24,2021-01-12,2020-09-21,2021-05-04,2021-04-22,2021-04-19,2021-04-30,2021-04-21,2021-04-16,2021-05-06,2021-02-25,2020-12-02,2021-04-13,2021-01-11,2020-09-08,0,0,0,1,1,0,1,0,0,0,0,1,0,1,0,1,1,0,1,0,1,0,0,1,1,0,1,0,1,0,,,,,p2n,,p2n,n2p,,Life.BearRecovery,Life.Bear,Life.BearRecovery,Life.BearEnd,Life.BearRecovery,,
2021-05-10,0.71576,,,,,0.72509,0.72071,0.71671,0.72324,0.72541,0.72493,0.00048,0.00351,0.00267,-0.00304,,,-0.25,5.18,-8.52,1.02,-2.74,0.3,-0.44,0.15,2.0,16.0,28.0,8.0,19.0,5.0,11.0,1.0,-0.0,-0.005,0.00357,-0.00679,0.52632,34.48276,51.81391,,,-17.41624,9.09091,13.28671,9.091,,36.11111,40.07937,49.0228,49.31347,,,0.01823,0.01905,,,-0.0653,0.0838,0.0838,0.1491,0.1491,0.0,0,1,0,,,,,,,-0.15,,0.741,0.755,0.681,0.697,0.677,0.677,2021-04-22,2021-03-10,2021-01-20,2021-03-30,2021-01-29,2021-01-12,-3.41,6.31,-7.68,11.52,-0.59,0.59,11.0,17.0,14.0,26.0,6.0,6.0,-0.0,0.0,-1.0,0.0,-0.0,0.0,0.73,0.76,0.76,0.71,0.73,0.725,2021-05-04,2021-04-22,2021-04-19,2021-04-30,2021-04-21,2021-04-16,0.02,0.021,0.035,0.019,0.02,0.025,2021-04-13,2021-01-11,2020-07-29,2021-03-01,2020-12-10,2020-05-27,629300.0,710500.0,335400.0,4.35,-14.51,4.57,0.005,0.001,0.039,0.002,-0.004,-0.018,0.0115,0.00889,0.05598,0.00557,-0.00729,-0.02455,49.84,48.051,49.289,45.03,39.838,33.698,30.769,81.25,83.333,9.091,0.0,47.059,51.899,58.704,52.217,50.205,44.655,37.616,2021-03-22,2020-12-21,2020-07-10,2021-05-05,2021-01-27,2020-10-06,91,164,259,98,113,200,2021-05-03,2021-02-22,2020-11-27,2021-03-24,2021-01-12,2020-09-21,2021-05-04,2021-04-22,2021-04-19,2021-05-10,2021-04-30,2021-04-21,2021-05-06,2021-02-25,2020-12-02,2021-04-13,2021-01-11,2020-09-08,0,0,0,1,1,0,1,0,0,0,0,1,0,1,0,1,1,0,0,0,1,0,0,1,1,0,1,0,1,0,,,,,,p2n,n2p,,,Life.BearRecovery,Life.Bear,Life.BearRecovery,Life.BearEnd,Life.BearRecovery,,
2021-05-11,0.7146,,,,,0.72393,0.72029,0.71658,0.72311,0.72304,0.72383,-0.00079,0.00265,0.00271,-0.00344,,,-0.08,5.18,-8.52,1.02,-2.74,0.3,-0.44,0.15,1.0,16.0,28.0,8.0,19.0,5.0,11.0,1.0,-0.0,-0.005,0.00357,-0.005,0.71429,41.66667,51.68968,,,-10.23233,21.42857,15.30137,,21.429,39.28571,39.15344,48.63282,48.99811,,,0.01835,0.01908,,,-0.0653,0.0735,0.0735,0.1388,0.1388,0.0,0,1,0,,,,,,,-0.15,,0.741,0.755,0.681,0.697,0.677,0.677,2021-04-22,2021-03-10,2021-01-20,2021-03-30,2021-01-29,2021-01-12,-3.56,6.31,-7.68,11.52,-0.59,0.59,12.0,17.0,14.0,26.0,6.0,6.0,-0.0,0.0,-1.0,0.0,-0.0,0.0,0.73,0.76,0.76,0.71,0.73,0.725,2021-05-04,2021-04-22,2021-04-19,2021-04-30,2021-04-21,2021-04-16,0.02,0.021,0.035,0.019,0.02,0.025,2021-04-13,2021-01-11,2020-07-29,2021-03-01,2020-12-10,2020-05-27,710500.0,335400.0,830500.0,-14.51,4.57,12.01,0.005,0.001,0.039,0.002,-0.004,-0.018,0.0115,0.00889,0.05598,0.00557,-0.00729,-0.02455,49.84,48.051,49.289,45.03,39.838,33.698,21.429,30.769,81.25,9.091,0.0,47.059,51.899,58.704,52.217,50.205,44.655,37.616,2021-03-22,2020-12-21,2020-07-10,2021-05-05,2021-01-27,2020-10-06,91,164,259,98,113,200,2021-05-03,2021-02-22,2020-11-27,2021-03-24,2021-01-12,2020-09-21,2021-05-11,2021-05-04,2021-04-22,2021-05-10,2021-04-30,2021-04-21,2021-05-06,2021-02-25,2020-12-02,2021-04-13,2021-01-11,2020-09-08,0,0,0,1,1,0,1,0,0,0,0,1,0,1,0,1,1,0,0,0,1,0,0,1,1,0,1,0,1,0,,,,,p2n,n2p,,,,Life.BearRecovery,Life.Bear,Life.BearRecovery,Life.BearEnd,Life.BearRecovery,,
2021-05-12,0.71412,0.714,,0.7,,0.72209,0.71949,0.71625,0.72288,0.7195,0.72206,-0.00257,0.00161,0.00272,-0.00418,,,5.16,-8.52,1.02,-2.74,0.3,-0.44,0.15,-3.41,16.0,28.0,8.0,19.0,5.0,11.0,1.0,17.0,-0.0,-0.01,0.00357,-0.00571,0.625,38.46154,51.5066,,,-13.43746,7.14286,12.55411,7.143,,27.38095,34.25926,48.1709,48.60884,,,0.01811,0.0191,,,-0.0663,0.0584,-0.0663,0.0,0.1247,-0.1247,0,0,0,,,,,,-0.15,,,0.741,0.755,0.681,0.714,0.697,0.677,2021-04-22,2021-03-10,2021-01-20,2021-05-12,2021-03-30,2021-01-29,0.0,-3.64,6.31,-7.68,11.52,-0.59,0.0,13.0,17.0,14.0,26.0,6.0,0.0,-0.0,0.0,-1.0,0.0,-0.0,0.73,0.76,0.76,0.7,0.71,0.73,2021-05-04,2021-04-22,2021-04-19,2021-05-12,2021-04-30,2021-04-21,0.02,0.021,0.035,0.019,0.02,0.025,2021-04-13,2021-01-11,2020-07-29,2021-03-01,2020-12-10,2020-05-27,335400.0,830500.0,1094800.0,4.57,12.01,20.48,0.005,0.001,0.039,0.002,-0.004,-0.018,0.0115,0.00889,0.05598,0.00557,-0.00729,-0.02455,49.84,48.051,49.289,45.03,39.838,33.698,21.429,30.769,81.25,7.143,9.091,0.0,51.899,58.704,52.217,50.205,44.655,37.616,2021-03-22,2020-12-21,2020-07-10,2021-05-05,2021-01-27,2020-10-06,91,164,259,98,113,200,2021-05-03,2021-02-22,2020-11-27,2021-03-24,2021-01-12,2020-09-21,2021-05-11,2021-05-04,2021-04-22,2021-05-12,2021-05-10,2021-04-30,2021-05-06,2021-02-25,2020-12-02,2021-04-13,2021-01-11,2020-09-08,0,0,0,1,1,0,1,0,0,0,0,1,0,1,0,1,1,0,0,0,1,0,0,1,1,0,1,0,1,0,,,,,n2p,,,,,Life.Bear,Life.BearRecovery,Life.BearEnd,Life.BearRecovery,Life.Bear,,
2021-05-17,0.7146,,,,,0.72154,0.71932,0.71623,0.7228,0.7188,0.72154,-0.00274,0.00074,0.00272,-0.00348,,,5.09,-8.52,1.02,-2.74,0.3,-0.44,0.15,-3.41,13.0,28.0,8.0,19.0,5.0,11.0,1.0,17.0,0.015,0.0,0.0025,-0.00571,0.4375,30.43478,51.2625,,,-21.46422,28.57143,19.04762,,,41.26984,35.97884,47.63939,48.14771,,,0.01861,0.01912,,,-0.0657,0.0531,-0.0657,0.0,0.1188,-0.1188,0,1,0,,,,,,,-0.15,,0.741,0.755,0.681,0.714,0.697,0.677,2021-04-22,2021-03-10,2021-01-20,2021-05-12,2021-03-30,2021-01-29,0.08,-3.64,6.31,-7.68,11.52,-0.59,1.0,13.0,17.0,14.0,26.0,6.0,0.0,-0.0,0.0,-1.0,0.0,-0.0,0.73,0.76,0.76,0.7,0.71,0.73,2021-05-04,2021-04-22,2021-04-19,2021-05-12,2021-04-30,2021-04-21,0.02,0.021,0.035,0.019,0.02,0.025,2021-04-13,2021-01-11,2020-07-29,2021-03-01,2020-12-10,2020-05-27,830500.0,1094800.0,2096900.0,12.01,20.48,77.92,0.005,0.001,0.039,0.002,-0.004,-0.018,0.0115,0.00889,0.05598,0.00557,-0.00729,-0.02455,49.84,48.051,49.289,45.03,39.838,33.698,21.429,30.769,81.25,7.143,9.091,0.0,51.899,58.704,52.217,50.205,44.655,37.616,2021-03-22,2020-12-21,2020-07-10,2021-05-05,2021-01-27,2020-10-06,91,164,259,98,113,200,2021-05-03,2021-02-22,2020-11-27,2021-03-24,2021-01-12,2020-09-21,2021-05-11,2021-05-04,2021-04-22,2021-05-12,2021-05-10,2021-04-30,2021-05-06,2021-02-25,2020-12-02,2021-04-13,2021-01-11,2020-09-08,0,0,0,1,1,0,1,0,0,0,0,1,0,1,0,1,1,0,0,0,1,0,0,1,1,0,1,0,1,0,,2096900,,,,,,,p2p,Life.BearRecovery,Life.BearEnd,Life.BearRecovery,Life.Bear,Life.BearRecovery,,
2021-05-18,0.71627,,,,0.715,0.72104,0.71915,0.7162,0.72272,0.71822,0.72106,-0.00284,2e-05,0.00269,-0.00286,,,4.85,-8.52,1.02,-2.74,0.3,-0.44,0.15,-3.41,12.0,28.0,8.0,19.0,5.0,11.0,1.0,17.0,0.0,0.0,0.0025,-0.005,0.5,33.33333,50.95587,,,-18.56567,33.33333,23.01587,,33.333,49.20635,39.28571,47.04136,47.61722,,,0.01799,0.01914,,,-0.0652,0.0484,-0.0652,0.0,0.1136,-0.1136,1,1,0,,,,,,,-0.15,,0.741,0.755,0.681,0.714,0.697,0.677,2021-04-22,2021-03-10,2021-01-20,2021-05-12,2021-03-30,2021-01-29,0.32,-3.64,6.31,-7.68,11.52,-0.59,2.0,13.0,17.0,14.0,26.0,6.0,0.0,-0.0,0.0,-1.0,0.0,-0.0,0.715,0.73,0.76,0.7,0.71,0.73,2021-05-18,2021-05-04,2021-04-22,2021-05-12,2021-04-30,2021-04-21,0.02,0.021,0.035,0.019,0.02,0.025,2021-04-13,2021-01-11,2020-07-29,2021-03-01,2020-12-10,2020-05-27,1094800.0,2096900.0,1783100.0,20.48,77.92,23.68,0.005,0.001,0.039,0.002,-0.004,-0.018,0.0115,0.00889,0.05598,0.00557,-0.00729,-0.02455,49.84,48.051,49.289,45.03,39.838,33.698,33.333,21.429,30.769,7.143,9.091,0.0,51.899,58.704,52.217,50.205,44.655,37.616,2021-03-22,2020-12-21,2020-07-10,2021-05-05,2021-01-27,2020-10-06,91,164,259,98,113,200,2021-05-03,2021-02-22,2020-11-27,2021-03-24,2021-01-12,2020-09-21,2021-05-18,2021-05-11,2021-05-04,2021-05-12,2021-05-10,2021-04-30,2021-05-06,2021-02-25,2020-12-02,2021-04-13,2021-01-11,2020-09-08,0,0,0,1,1,0,1,0,0,0,0,1,0,1,0,1,0,1,0,0,1,0,0,1,1,0,1,0,1,0,,,,,,,,p2p,,Life.BearRecovery,Life.BearEnd,Life.BearRecovery,Life.Bear,Life.BearRecovery,,
2021-05-19,0.71895,,,0.705,,0.71981,0.71859,0.71598,0.72255,0.71618,0.71987,-0.00368,-0.00072,0.00264,-0.00296,,,4.46,-8.52,1.02,-2.74,0.3,-0.44,0.15,-3.41,11.0,28.0,8.0,19.0,5.0,11.0,1.0,17.0,-0.0,-0.01,0.0025,-0.00571,0.4375,30.43478,50.58703,,,-21.46422,18.18182,26.69553,18.182,,55.55556,48.67725,46.38125,47.02067,,,0.01813,0.01915,,,-0.0657,0.0383,-0.0657,0.0,0.104,-0.104,0,0,0,,,,,,-0.15,,,0.741,0.755,0.681,0.714,0.697,0.677,2021-04-22,2021-03-10,2021-01-20,2021-05-12,2021-03-30,2021-01-29,0.69,-3.64,6.31,-7.68,11.52,-0.59,3.0,13.0,17.0,14.0,26.0,6.0,0.0,-0.0,0.0,-1.0,0.0,-0.0,0.715,0.73,0.76,0.705,0.7,0.71,2021-05-18,2021-05-04,2021-04-22,2021-05-19,2021-05-12,2021-04-30,0.02,0.021,0.035,0.019,0.02,0.025,2021-04-13,2021-01-11,2020-07-29,2021-03-01,2020-12-10,2020-05-27,2096900.0,1783100.0,2599800.0,77.92,23.68,30.25,0.005,0.001,0.039,0.002,-0.004,-0.018,0.0115,0.00889,0.05598,0.00557,-0.00729,-0.02455,49.84,48.051,49.289,45.03,39.838,33.698,33.333,21.429,30.769,18.182,7.143,9.091,51.899,58.704,52.217,50.205,44.655,37.616,2021-03-22,2020-12-21,2020-07-10,2021-05-05,2021-01-27,2020-10-06,91,164,259,98,113,200,2021-05-03,2021-02-22,2020-11-27,2021-03-24,2021-01-12,2020-09-21,2021-05-18,2021-05-11,2021-05-04,2021-05-19,2021-05-12,2021-05-10,2021-05-06,2021-02-25,2020-12-02,2021-04-13,2021-01-11,2020-09-08,0,0,0,1,1,0,0,0,0,0,0,1,0,1,0,1,0,1,0,1,1,0,0,1,1,0,1,0,1,0,,,,,,,p2p,,,Life.BearEnd,Life.BearRecovery,Life.Bear,Life.BearRecovery,Life.Bear,,
2021-05-20,0.72236,,,,,0.71944,0.71845,0.71596,0.72247,0.716,0.71951,-0.0035,-0.00127,0.00257,-0.00223,,0.003,3.96,-8.52,1.02,-2.74,0.3,-0.44,0.15,-3.41,10.0,28.0,8.0,19.0,5.0,11.0,1.0,17.0,0.01,0.0,0.00321,-0.00536,0.6,37.5,50.1593,,,-14.399,40.0,30.50505,,,55.55556,53.43915,45.6644,46.36233,,,0.01791,0.01915,,,-0.0651,0.0348,-0.0651,0.0,0.0999,-0.0999,1,1,0,,,,,,,-0.15,,0.741,0.755,0.681,0.714,0.697,0.677,2021-04-22,2021-03-10,2021-01-20,2021-05-12,2021-03-30,2021-01-29,1.17,-3.64,6.31,-7.68,11.52,-0.59,4.0,13.0,17.0,14.0,26.0,6.0,0.0,-0.0,0.0,-1.0,0.0,-0.0,0.715,0.73,0.76,0.705,0.7,0.71,2021-05-18,2021-05-04,2021-04-22,2021-05-19,2021-05-12,2021-04-30,0.02,0.021,0.035,0.019,0.02,0.025,2021-04-13,2021-01-11,2020-07-29,2021-03-01,2020-12-10,2020-05-27,1783100.0,2599800.0,1099500.0,23.68,30.25,-15.39,0.003,0.005,0.001,0.002,-0.004,-0.018,-0.00127,0.0115,0.00889,0.00557,-0.00729,-0.02455,49.84,48.051,49.289,45.03,39.838,33.698,33.333,21.429,30.769,18.182,7.143,9.091,51.899,58.704,52.217,50.205,44.655,37.616,2021-05-20,2021-03-22,2020-12-21,2021-05-05,2021-01-27,2020-10-06,59,91,164,98,113,200,2021-05-03,2021-02-22,2020-11-27,2021-03-24,2021-01-12,2020-09-21,2021-05-18,2021-05-11,2021-05-04,2021-05-19,2021-05-12,2021-05-10,2021-05-06,2021-02-25,2020-12-02,2021-04-13,2021-01-11,2020-09-08,0,0,0,1,1,0,0,0,0,0,0,1,0,1,0,1,0,1,0,1,1,0,0,1,1,0,1,0,1,0,,,1099500,,,p2p,,,p2n,Life.BearRecovery,Life.Bear,Life.BearRecovery,Life.Bear,Life.BearRecovery,,
2021-05-21,0.72635,,,,,0.71987,0.71871,0.71614,0.7225,0.71739,0.71991,-0.00253,-0.00152,0.00248,-0.001,,,3.39,-8.52,1.02,-2.74,0.3,-0.44,0.15,-3.41,9.0,28.0,8.0,19.0,5.0,11.0,1.0,17.0,0.01,0.0,0.00393,-0.00429,0.91667,47.82609,49.67682,,,-4.07291,66.66667,41.61616,,,57.14286,56.08466,44.89476,45.6468,,,0.01877,0.01915,,,-0.0636,0.0373,-0.0636,0.0,0.1009,-0.1009,1,1,1,,,,,,,-0.15,,0.741,0.755,0.681,0.714,0.697,0.677,2021-04-22,2021-03-10,2021-01-20,2021-05-12,2021-03-30,2021-01-29,1.73,-3.64,6.31,-7.68,11.52,-0.59,5.0,13.0,17.0,14.0,26.0,6.0,0.0,-0.0,0.0,-1.0,0.0,-0.0,0.715,0.73,0.76,0.705,0.7,0.71,2021-05-18,2021-05-04,2021-04-22,2021-05-19,2021-05-12,2021-04-30,0.02,0.021,0.035,0.019,0.02,0.025,2021-04-13,2021-01-11,2020-07-29,2021-03-01,2020-12-10,2020-05-27,2599800.0,1099500.0,8271300.0,30.25,-15.39,118.35,0.003,0.005,0.001,0.002,-0.004,-0.018,-0.00127,0.0115,0.00889,0.00557,-0.00729,-0.02455,49.84,48.051,49.289,45.03,39.838,33.698,33.333,21.429,30.769,18.182,7.143,9.091,51.899,58.704,52.217,50.205,44.655,37.616,2021-05-20,2021-03-22,2020-12-21,2021-05-05,2021-01-27,2020-10-06,59,91,164,98,113,200,2021-05-03,2021-02-22,2020-11-27,2021-03-24,2021-01-12,2020-09-21,2021-05-18,2021-05-11,2021-05-04,2021-05-19,2021-05-12,2021-05-10,2021-05-06,2021-02-25,2020-12-02,2021-04-13,2021-01-11,2020-09-08,0,0,0,1,1,0,0,0,0,0,0,1,0,1,0,1,0,1,0,1,1,0,0,1,1,0,1,0,1,0,8271300,,,,p2p,,,p2n,n2p,Life.BearRecovery,Life.Bear,Life.BearRecovery,Life.Bear,Life.BearRecovery,,
2021-05-24,0.73074,,,,0.745,0.7218,0.71974,0.71671,0.72272,0.72163,0.72177,-0.00014,-0.00125,0.00236,0.00111,,,2.77,-8.52,1.02,-2.74,0.3,-0.44,0.15,-3.41,8.0,28.0,8.0,19.0,5.0,11.0,1.0,17.0,0.02,0.0,0.00536,-0.00286,1.875,65.21739,49.14476,,,13.31839,100.0,68.88889,,100.0,79.36508,64.02116,44.07598,44.87838,,,0.01886,0.01914,,,-0.0601,0.0509,-0.0601,0.0,0.111,-0.111,1,1,1,,,,,,,-0.15,,0.741,0.755,0.681,0.714,0.697,0.677,2021-04-22,2021-03-10,2021-01-20,2021-05-12,2021-03-30,2021-01-29,2.34,-3.64,6.31,-7.68,11.52,-0.59,6.0,13.0,17.0,14.0,26.0,6.0,0.0,-0.0,0.0,-1.0,0.0,-0.0,0.745,0.715,0.73,0.705,0.7,0.71,2021-05-24,2021-05-18,2021-05-04,2021-05-19,2021-05-12,2021-04-30,0.02,0.021,0.035,0.019,0.02,0.025,2021-04-13,2021-01-11,2020-07-29,2021-03-01,2020-12-10,2020-05-27,1099500.0,8271300.0,5834000.0,-15.39,118.35,27.02,0.003,0.005,0.001,0.002,-0.004,-0.018,-0.00127,0.0115,0.00889,0.00557,-0.00729,-0.02455,49.84,48.051,49.289,45.03,39.838,33.698,100.0,33.333,21.429,18.182,7.143,9.091,51.899,58.704,52.217,50.205,44.655,37.616,2021-05-20,2021-03-22,2020-12-21,2021-05-05,2021-01-27,2020-10-06,59,91,164,98,113,200,2021-05-03,2021-02-22,2020-11-27,2021-03-24,2021-01-12,2020-09-21,2021-05-24,2021-05-18,2021-05-11,2021-05-19,2021-05-12,2021-05-10,2021-05-06,2021-02-25,2020-12-02,2021-04-13,2021-01-11,2020-09-08,0,0,0,1,0,1,0,0,0,0,0,1,0,1,0,1,0,1,0,1,1,0,0,1,1,0,1,0,1,0,,,,,,,p2n,n2p,,Life.BearRecovery,Life.Bear,Life.BearRecovery,Life.Bear,Life.BearRecovery,,
2021-05-25,0.73531,,,0.73,,0.72243,0.72014,0.71697,0.72279,0.72292,0.72238,0.00054,-0.00089,0.00223,0.00143,,,2.13,-8.52,1.02,-2.74,0.3,-0.44,0.15,-3.41,7.0,28.0,8.0,19.0,5.0,11.0,1.0,17.0,-0.0,-0.015,0.00429,-0.00393,1.09091,52.17391,48.56973,,,0.27491,58.33333,75.0,58.333,,73.80952,70.10582,43.21381,44.06151,,,0.0193,0.01912,,,-0.0582,0.0546,-0.0582,0.0,0.1128,-0.1128,1,1,1,,,,,,,-0.15,,0.741,0.755,0.681,0.714,0.697,0.677,2021-04-22,2021-03-10,2021-01-20,2021-05-12,2021-03-30,2021-01-29,2.98,-3.64,6.31,-7.68,11.52,-0.59,7.0,13.0,17.0,14.0,26.0,6.0,0.0,-0.0,0.0,-1.0,0.0,-0.0,0.745,0.715,0.73,0.73,0.705,0.7,2021-05-24,2021-05-18,2021-05-04,2021-05-25,2021-05-19,2021-05-12,0.02,0.021,0.035,0.019,0.02,0.025,2021-04-13,2021-01-11,2020-07-29,2021-03-01,2020-12-10,2020-05-27,8271300.0,5834000.0,2606200.0,118.35,27.02,9.91,0.003,0.005,0.001,0.002,-0.004,-0.018,-0.00127,0.0115,0.00889,0.00557,-0.00729,-0.02455,49.84,48.051,49.289,45.03,39.838,33.698,100.0,33.333,21.429,58.333,18.182,7.143,51.899,58.704,52.217,50.205,44.655,37.616,2021-05-20,2021-03-22,2020-12-21,2021-05-05,2021-01-27,2020-10-06,59,91,164,98,113,200,2021-05-03,2021-02-22,2020-11-27,2021-03-24,2021-01-12,2020-09-21,2021-05-24,2021-05-18,2021-05-11,2021-05-25,2021-05-19,2021-05-12,2021-05-06,2021-02-25,2020-12-02,2021-04-13,2021-01-11,2020-09-08,0,0,0,1,0,1,0,1,0,0,0,1,0,1,0,1,0,1,0,1,1,0,0,1,1,0,1,0,1,0,,,,,,p2n,n2p,,,Life.BearRecovery,Life.Bear,Life.BearRecovery,Life.Bear,Life.BearRecovery,,
2021-05-27,0.73978,,,,0.755,0.72493,0.72151,0.71773,0.72311,0.72786,0.7248,0.00306,-0.0001,0.00207,0.00316,,,1.52,-8.52,1.02,-2.74,0.3,-0.44,0.15,-3.41,5.0,28.0,8.0,19.0,5.0,11.0,1.0,17.0,0.025,0.0,0.00571,-0.00393,1.45455,59.25926,47.95695,,,7.36026,100.0,86.11111,,100.0,83.33333,78.83598,42.31637,43.20205,,,0.01971,0.01909,,,-0.0538,0.072,0.072,0.1258,0.1258,0.0,1,1,1,,,,,,,,-0.15,0.741,0.755,0.681,0.714,0.697,0.677,2021-04-22,2021-03-10,2021-01-20,2021-05-12,2021-03-30,2021-01-29,3.61,-3.64,6.31,-7.68,11.52,-0.59,8.0,13.0,17.0,14.0,26.0,6.0,0.0,-0.0,0.0,-1.0,0.0,-0.0,0.755,0.745,0.715,0.73,0.705,0.7,2021-05-27,2021-05-24,2021-05-18,2021-05-25,2021-05-19,2021-05-12,0.02,0.021,0.035,0.019,0.02,0.025,2021-04-13,2021-01-11,2020-07-29,2021-03-01,2020-12-10,2020-05-27,5834000.0,2606200.0,5977300.0,27.02,9.91,-13.73,0.003,0.005,0.001,0.002,-0.004,-0.018,-0.00127,0.0115,0.00889,0.00557,-0.00729,-0.02455,49.84,48.051,49.289,45.03,39.838,33.698,100.0,100.0,33.333,58.333,18.182,7.143,51.899,58.704,52.217,50.205,44.655,37.616,2021-05-20,2021-03-22,2020-12-21,2021-05-05,2021-01-27,2020-10-06,59,91,164,98,113,200,2021-05-03,2021-02-22,2020-11-27,2021-03-24,2021-01-12,2020-09-21,2021-05-27,2021-05-24,2021-05-18,2021-05-25,2021-05-19,2021-05-12,2021-05-06,2021-02-25,2020-12-02,2021-04-13,2021-01-11,2020-09-08,0,0,0,1,0,1,0,1,0,0,0,1,0,1,0,1,0,1,0,1,1,0,0,1,1,0,1,0,1,0,,,,,p2n,n2p,,,,Life.Bear,Life.BearRecovery,Life.Bear,Life.BearRecovery,Life.BearEnd,,
2021-05-28,0.74386,,,,,0.72609,0.72224,0.71817,0.72328,0.72973,0.72592,0.0038,0.00068,0.00189,0.00312,,,0.96,-8.52,1.02,-2.74,0.3,-0.44,0.15,-3.41,4.0,28.0,8.0,19.0,5.0,11.0,1.0,17.0,-0.0,-0.015,0.00571,-0.00464,1.23077,55.17241,47.31084,,,3.27341,69.23077,75.8547,,,71.21212,76.11833,41.39126,42.30715,,,0.02009,0.01905,,,-0.0511,0.0792,0.0792,0.1303,0.1303,0.0,1,1,1,,,,,,,,-0.15,0.741,0.755,0.681,0.714,0.697,0.677,2021-04-22,2021-03-10,2021-01-20,2021-05-12,2021-03-30,2021-01-29,4.18,-3.64,6.31,-7.68,11.52,-0.59,9.0,13.0,17.0,14.0,26.0,6.0,0.0,-0.0,0.0,-1.0,0.0,-0.0,0.755,0.745,0.715,0.73,0.705,0.7,2021-05-27,2021-05-24,2021-05-18,2021-05-25,2021-05-19,2021-05-12,0.02,0.021,0.035,0.019,0.02,0.025,2021-04-13,2021-01-11,2020-07-29,2021-03-01,2020-12-10,2020-05-27,2606200.0,5977300.0,1902300.0,9.91,-13.73,-27.27,0.003,0.005,0.001,0.002,-0.004,-0.018,-0.00127,0.0115,0.00889,0.00557,-0.00729,-0.02455,49.84,48.051,49.289,45.03,39.838,33.698,100.0,100.0,33.333,58.333,18.182,7.143,51.899,58.704,52.217,50.205,44.655,37.616,2021-05-20,2021-03-22,2020-12-21,2021-05-05,2021-01-27,2020-10-06,59,91,164,98,113,200,2021-05-03,2021-02-22,2020-11-27,2021-03-24,2021-01-12,2020-09-21,2021-05-27,2021-05-24,2021-05-18,2021-05-25,2021-05-19,2021-05-12,2021-05-06,2021-02-25,2020-12-02,2021-04-13,2021-01-11,2020-09-08,0,0,0,1,0,1,0,1,0,0,0,1,0,1,0,1,0,1,0,1,1,0,0,1,1,0,1,0,1,0,,,,,n2p,,,,,Life.Bear,Life.BearRecovery,Life.Bear,Life.BearRecovery,Life.BearEnd,,
2021-05-31,0.74723,,,0.735,,0.72678,0.72274,0.7185,0.7234,0.73054,0.7266,0.00394,0.00133,0.00169,0.00261,,,0.5,-8.52,1.02,-2.74,0.3,-0.44,0.15,-3.41,3.0,28.0,8.0,19.0,5.0,11.0,1.0,17.0,-0.0,-0.005,0.00571,-0.00464,1.23077,55.17241,46.63733,,,3.27341,61.53846,76.92308,61.538,,67.04545,73.86364,40.44529,41.38431,,,0.02008,0.019,,,-0.049,0.0828,0.0828,0.1318,0.1318,0.0,1,1,1,,,,,,,,-0.15,0.741,0.755,0.681,0.714,0.697,0.677,2021-04-22,2021-03-10,2021-01-20,2021-05-12,2021-03-30,2021-01-29,4.65,-3.64,6.31,-7.68,11.52,-0.59,10.0,13.0,17.0,14.0,26.0,6.0,0.0,-0.0,0.0,-1.0,0.0,-0.0,0.755,0.745,0.715,0.735,0.73,0.705,2021-05-27,2021-05-24,2021-05-18,2021-05-31,2021-05-25,2021-05-19,0.02,0.021,0.035,0.019,0.02,0.025,2021-04-13,2021-01-11,2020-07-29,2021-03-01,2020-12-10,2020-05-27,5977300.0,1902300.0,1125700.0,-13.73,-27.27,-14.12,0.003,0.005,0.001,0.002,-0.004,-0.018,-0.00127,0.0115,0.00889,0.00557,-0.00729,-0.02455,49.84,48.051,49.289,45.03,39.838,33.698,100.0,100.0,33.333,61.538,58.333,18.182,51.899,58.704,52.217,50.205,44.655,37.616,2021-05-20,2021-03-22,2020-12-21,2021-05-05,2021-01-27,2020-10-06,59,91,164,98,113,200,2021-05-03,2021-02-22,2020-11-27,2021-03-24,2021-01-12,2020-09-21,2021-05-27,2021-05-24,2021-05-18,2021-05-31,2021-05-25,2021-05-19,2021-05-06,2021-02-25,2020-12-02,2021-04-13,2021-01-11,2020-09-08,0,0,0,1,0,1,0,1,0,0,0,1,0,1,0,1,0,1,0,1,1,0,0,1,1,0,1,0,1,0,,,,,,,,,,Life.Bear,Life.BearRecovery,Life.Bear,Life.BearRecovery,Life.BearEnd,,
2021-06-01,0.74962,,,,,0.72818,0.72361,0.71903,0.72361,0.73276,0.72796,0.0048,0.00203,0.00147,0.00278,,,0.18,-8.52,1.02,-2.74,0.3,-0.44,0.15,-3.41,2.0,28.0,8.0,19.0,5.0,11.0,1.0,17.0,0.01,0.0,0.00643,-0.00464,1.38462,58.06452,45.94333,,,6.16552,76.92308,69.23077,,,54.54545,64.26768,39.48811,40.44155,,,0.01972,0.01894,,,-0.0458,0.0915,0.0915,0.1373,0.1373,0.0,1,1,1,,,,,,,,-0.15,0.741,0.755,0.681,0.714,0.697,0.677,2021-04-22,2021-03-10,2021-01-20,2021-05-12,2021-03-30,2021-01-29,4.99,-3.64,6.31,-7.68,11.52,-0.59,11.0,13.0,17.0,14.0,26.0,6.0,0.0,-0.0,0.0,-1.0,0.0,-0.0,0.755,0.745,0.715,0.735,0.73,0.705,2021-05-27,2021-05-24,2021-05-18,2021-05-31,2021-05-25,2021-05-19,0.02,0.021,0.035,0.019,0.02,0.025,2021-04-13,2021-01-11,2020-07-29,2021-03-01,2020-12-10,2020-05-27,1902300.0,1125700.0,1097000.0,-27.27,-14.12,-54.19,0.003,0.005,0.001,0.002,-0.004,-0.018,-0.00127,0.0115,0.00889,0.00557,-0.00729,-0.02455,49.84,48.051,49.289,45.03,39.838,33.698,100.0,100.0,33.333,61.538,58.333,18.182,51.899,58.704,52.217,50.205,44.655,37.616,2021-05-20,2021-03-22,2020-12-21,2021-05-05,2021-01-27,2020-10-06,59,91,164,98,113,200,2021-05-03,2021-02-22,2020-11-27,2021-03-24,2021-01-12,2020-09-21,2021-05-27,2021-05-24,2021-05-18,2021-05-31,2021-05-25,2021-05-19,2021-05-06,2021-02-25,2020-12-02,2021-04-13,2021-01-11,2020-09-08,0,0,0,1,0,1,0,1,0,0,0,1,0,1,0,1,0,1,0,1,1,0,0,1,1,0,1,0,1,0,,,,1097000,,,,,n2n,Life.Bear,Life.BearRecovery,Life.Bear,Life.BearRecovery,Life.BearEnd,,
2021-06-02,0.75088,,,,0.775,0.73178,0.72562,0.72013,0.72412,0.73926,0.73144,0.00782,0.00319,0.00123,0.00463,,,0.02,-8.52,1.02,-2.74,0.3,-0.44,0.15,-3.41,1.0,28.0,8.0,19.0,5.0,11.0,1.0,17.0,0.03,0.0,0.00857,-0.00429,2.0,66.66667,45.23536,,,14.76767,94.11765,77.5264,,94.118,63.88889,61.8266,38.53276,39.48872,,,0.02117,0.01887,,,0.0549,0.1165,0.1165,0.0616,0.0616,0.0,1,1,1,,0.15,,,,,,,0.741,0.755,0.681,0.714,0.697,0.677,2021-04-22,2021-03-10,2021-01-20,2021-05-12,2021-03-30,2021-01-29,5.17,-3.64,6.31,-7.68,11.52,-0.59,12.0,13.0,17.0,14.0,26.0,6.0,0.0,-0.0,0.0,-1.0,0.0,-0.0,0.775,0.755,0.745,0.735,0.73,0.705,2021-06-02,2021-05-27,2021-05-24,2021-05-31,2021-05-25,2021-05-19,0.02,0.021,0.035,0.019,0.02,0.025,2021-04-13,2021-01-11,2020-07-29,2021-03-01,2020-12-10,2020-05-27,1125700.0,1097000.0,5806700.0,-14.12,-54.19,94.65,0.003,0.005,0.001,0.002,-0.004,-0.018,-0.00127,0.0115,0.00889,0.00557,-0.00729,-0.02455,49.84,48.051,49.289,45.03,39.838,33.698,94.118,100.0,100.0,61.538,58.333,18.182,51.899,58.704,52.217,50.205,44.655,37.616,2021-05-20,2021-03-22,2020-12-21,2021-05-05,2021-01-27,2020-10-06,59,91,164,98,113,200,2021-05-03,2021-02-22,2020-11-27,2021-03-24,2021-01-12,2020-09-21,2021-06-02,2021-05-27,2021-05-24,2021-05-31,2021-05-25,2021-05-19,2021-05-06,2021-02-25,2020-12-02,2021-04-13,2021-01-11,2020-09-08,0,0,0,1,0,1,0,1,0,0,0,1,0,1,0,1,1,0,0,1,1,0,0,1,1,0,1,0,1,0,5806700,,,,,,,n2n,n2p,Life.BearRecovery,Life.Bear,Life.BearRecovery,Life.BearEnd,Life.Bull,,
2021-06-03,0.75096,,0.751,0.76,,0.73395,0.72697,0.72092,0.72448,0.74245,0.73356,0.00889,0.00433,0.00098,0.00457,,,-8.52,1.02,-2.74,0.3,-0.44,0.15,-3.41,3.53,28.0,8.0,19.0,5.0,11.0,1.0,17.0,11.0,-0.0,-0.015,0.00857,-0.005,1.71429,63.15789,44.51897,,,11.25889,76.47059,82.50377,76.471,,73.61111,64.01515,37.59255,38.5378,,,0.02144,0.01879,,,0.0605,0.1303,0.1303,0.0698,0.0698,0.0,1,1,1,,0.15,,,,,,,0.751,0.741,0.755,0.714,0.697,0.677,2021-06-03,2021-04-22,2021-03-10,2021-05-12,2021-03-30,2021-01-29,0.0,5.18,-3.64,6.31,-7.68,11.52,0.0,13.0,13.0,17.0,14.0,26.0,0.0,0.0,-0.0,0.0,-1.0,0.0,0.775,0.755,0.745,0.76,0.735,0.73,2021-06-02,2021-05-27,2021-05-24,2021-06-03,2021-05-31,2021-05-25,0.02,0.021,0.035,0.019,0.02,0.025,2021-04-13,2021-01-11,2020-07-29,2021-03-01,2020-12-10,2020-05-27,1097000.0,5806700.0,2535800.0,-54.19,94.65,17.56,0.003,0.005,0.001,0.002,-0.004,-0.018,-0.00127,0.0115,0.00889,0.00557,-0.00729,-0.02455,49.84,48.051,49.289,45.03,39.838,33.698,94.118,100.0,100.0,76.471,61.538,58.333,51.899,58.704,52.217,50.205,44.655,37.616,2021-05-20,2021-03-22,2020-12-21,2021-05-05,2021-01-27,2020-10-06,59,91,164,98,113,200,2021-05-03,2021-02-22,2020-11-27,2021-03-24,2021-01-12,2020-09-21,2021-06-02,2021-05-27,2021-05-24,2021-06-03,2021-05-31,2021-05-25,2021-05-06,2021-02-25,2020-12-02,2021-04-13,2021-01-11,2020-09-08,0,0,0,1,0,1,0,1,0,0,0,1,0,1,0,1,1,0,0,1,1,0,0,1,1,0,1,0,1,0,,,,,,,n2n,n2p,,Life.BearRecovery,Life.Bear,Life.BearRecovery,Life.BearEnd,Life.Bull,,
2021-06-04,0.74986,,,,0.765,0.73634,0.72846,0.7218,0.72488,0.74592,0.73589,0.01003,0.00547,0.00072,0.00456,,,-8.38,1.02,-2.74,0.3,-0.44,0.15,-3.41,3.53,27.0,8.0,19.0,5.0,11.0,1.0,17.0,11.0,0.005,0.0,0.00893,-0.00429,2.08333,67.56757,43.79891,,,15.66857,81.25,83.94608,,81.25,77.77778,71.75926,36.67746,37.60092,,,0.02134,0.0187,,,0.0666,0.1454,0.1454,0.0788,0.0788,0.0,1,1,1,,0.15,,,,,,,0.751,0.741,0.755,0.714,0.697,0.677,2021-06-03,2021-04-22,2021-03-10,2021-05-12,2021-03-30,2021-01-29,-0.15,5.18,-3.64,6.31,-7.68,11.52,1.0,13.0,13.0,17.0,14.0,26.0,-0.0,0.0,-0.0,0.0,-1.0,0.0,0.765,0.775,0.755,0.76,0.735,0.73,2021-06-04,2021-06-02,2021-05-27,2021-06-03,2021-05-31,2021-05-25,0.02,0.021,0.035,0.019,0.02,0.025,2021-04-13,2021-01-11,2020-07-29,2021-03-01,2020-12-10,2020-05-27,5806700.0,2535800.0,1311600.0,94.65,17.56,2.27,0.003,0.005,0.001,0.002,-0.004,-0.018,-0.00127,0.0115,0.00889,0.00557,-0.00729,-0.02455,49.84,48.051,49.289,45.03,39.838,33.698,81.25,94.118,100.0,76.471,61.538,58.333,51.899,58.704,52.217,50.205,44.655,37.616,2021-05-20,2021-03-22,2020-12-21,2021-05-05,2021-01-27,2020-10-06,59,91,164,98,113,200,2021-05-03,2021-02-22,2020-11-27,2021-03-24,2021-01-12,2020-09-21,2021-06-04,2021-06-02,2021-05-27,2021-06-03,2021-05-31,2021-05-25,2021-05-06,2021-02-25,2020-12-02,2021-04-13,2021-01-11,2020-09-08,0,0,0,1,0,0,0,1,0,0,0,1,0,1,0,1,1,0,0,1,1,0,0,1,1,0,1,0,1,0,,,,,,n2n,n2p,,,Life.BearRecovery,Life.Bear,Life.BearRecovery,Life.BearEnd,Life.Bull,,
2021-06-08,0.7476,,,,,0.73739,0.72931,0.72236,0.72513,0.74655,0.73693,0.00961,0.0063,0.00044,0.00332,,,-8.11,1.02,-2.74,0.3,-0.44,0.15,-3.41,3.53,25.0,8.0,19.0,5.0,11.0,1.0,17.0,11.0,-0.0,-0.015,0.00786,-0.00536,1.46667,59.45946,43.07972,,,7.56046,60.0,72.57353,,,58.33333,69.90741,35.79527,36.68843,,,0.02124,0.0186,,,0.0695,0.1503,0.1503,0.0808,0.0808,0.0,1,1,1,,0.15,,,,,,,0.751,0.741,0.755,0.714,0.697,0.677,2021-06-03,2021-04-22,2021-03-10,2021-05-12,2021-03-30,2021-01-29,-0.45,5.18,-3.64,6.31,-7.68,11.52,2.0,13.0,13.0,17.0,14.0,26.0,-0.0,0.0,-0.0,0.0,-1.0,0.0,0.765,0.775,0.755,0.76,0.735,0.73,2021-06-04,2021-06-02,2021-05-27,2021-06-03,2021-05-31,2021-05-25,0.02,0.021,0.035,0.019,0.02,0.025,2021-04-13,2021-01-11,2020-07-29,2021-03-01,2020-12-10,2020-05-27,2535800.0,1311600.0,1120600.0,17.56,2.27,-48.54,0.003,0.005,0.001,0.002,-0.004,-0.018,-0.00127,0.0115,0.00889,0.00557,-0.00729,-0.02455,49.84,48.051,49.289,45.03,39.838,33.698,81.25,94.118,100.0,76.471,61.538,58.333,51.899,58.704,52.217,50.205,44.655,37.616,2021-05-20,2021-03-22,2020-12-21,2021-05-05,2021-01-27,2020-10-06,59,91,164,98,113,200,2021-05-03,2021-02-22,2020-11-27,2021-03-24,2021-01-12,2020-09-21,2021-06-04,2021-06-02,2021-05-27,2021-06-03,2021-05-31,2021-05-25,2021-05-06,2021-02-25,2020-12-02,2021-04-13,2021-01-11,2020-09-08,0,0,0,1,0,0,0,1,0,0,0,1,0,1,0,1,1,0,0,1,1,0,0,1,1,0,1,0,1,0,,,-1120600,,n2n,n2p,,,p2n,Life.BearRecovery,Life.Bear,Life.BearRecovery,Life.BearEnd,Life.Bull,,
2021-06-09,0.74428,,,,,0.73759,0.72973,0.7227,0.72528,0.74554,0.73716,0.00838,0.00671,0.00016,0.00167,,,-7.7,1.02,-2.74,0.3,-0.44,0.15,-3.41,3.53,24.0,8.0,19.0,5.0,11.0,1.0,17.0,11.0,-0.0,-0.01,0.00786,-0.00607,1.29412,56.41026,42.36563,,,4.51126,46.66667,62.63889,,,36.11111,57.40741,34.95229,35.80834,,,0.0208,0.0185,,,0.0703,0.1489,0.1489,0.0786,0.0786,0.0,1,1,1,,0.15,,,,,,,0.751,0.741,0.755,0.714,0.697,0.677,2021-06-03,2021-04-22,2021-03-10,2021-05-12,2021-03-30,2021-01-29,-0.89,5.18,-3.64,6.31,-7.68,11.52,3.0,13.0,13.0,17.0,14.0,26.0,-0.0,0.0,-0.0,0.0,-1.0,0.0,0.765,0.775,0.755,0.76,0.735,0.73,2021-06-04,2021-06-02,2021-05-27,2021-06-03,2021-05-31,2021-05-25,0.02,0.021,0.035,0.019,0.02,0.025,2021-04-13,2021-01-11,2020-07-29,2021-03-01,2020-12-10,2020-05-27,1311600.0,1120600.0,1210600.0,2.27,-48.54,-26.67,0.003,0.005,0.001,0.002,-0.004,-0.018,-0.00127,0.0115,0.00889,0.00557,-0.00729,-0.02455,49.84,48.051,49.289,45.03,39.838,33.698,81.25,94.118,100.0,76.471,61.538,58.333,51.899,58.704,52.217,50.205,44.655,37.616,2021-05-20,2021-03-22,2020-12-21,2021-05-05,2021-01-27,2020-10-06,59,91,164,98,113,200,2021-05-03,2021-02-22,2020-11-27,2021-03-24,2021-01-12,2020-09-21,2021-06-04,2021-06-02,2021-05-27,2021-06-03,2021-05-31,2021-05-25,2021-05-06,2021-02-25,2020-12-02,2021-04-13,2021-01-11,2020-09-08,0,0,0,1,0,0,0,1,0,0,0,1,0,1,0,1,1,0,0,1,1,0,0,1,1,0,1,0,1,0,,,,,n2p,,,p2n,,Life.BearRecovery,Life.Bear,Life.BearRecovery,Life.BearEnd,Life.Bull,,
2021-06-10,0.74007,,,,,0.73778,0.73013,0.72305,0.72543,0.74469,0.73737,0.00732,0.00683,-0.00014,0.00048,,,-7.17,1.02,-2.74,0.3,-0.44,0.15,-3.41,3.53,23.0,8.0,19.0,5.0,11.0,1.0,17.0,11.0,0.0,0.0,0.00786,-0.00536,1.46667,59.45946,41.66012,,,7.56046,46.66667,51.11111,,,11.11111,35.18519,34.15278,34.96678,,,0.02038,0.01838,,,0.0708,0.1473,0.1473,0.0765,0.0765,0.0,0,1,0,,,,0.15,,,,,0.751,0.741,0.755,0.714,0.697,0.677,2021-06-03,2021-04-22,2021-03-10,2021-05-12,2021-03-30,2021-01-29,-1.46,5.18,-3.64,6.31,-7.68,11.52,4.0,13.0,13.0,17.0,14.0,26.0,-0.0,0.0,-0.0,0.0,-1.0,0.0,0.765,0.775,0.755,0.76,0.735,0.73,2021-06-04,2021-06-02,2021-05-27,2021-06-03,2021-05-31,2021-05-25,0.02,0.021,0.035,0.019,0.02,0.025,2021-04-13,2021-01-11,2020-07-29,2021-03-01,2020-12-10,2020-05-27,1120600.0,1210600.0,994700.0,-48.54,-26.67,-8.7,0.003,0.005,0.001,0.002,-0.004,-0.018,-0.00127,0.0115,0.00889,0.00557,-0.00729,-0.02455,49.84,48.051,49.289,45.03,39.838,33.698,81.25,94.118,100.0,76.471,61.538,58.333,51.899,58.704,52.217,50.205,44.655,37.616,2021-05-20,2021-03-22,2020-12-21,2021-05-05,2021-01-27,2020-10-06,59,91,164,98,113,200,2021-05-03,2021-02-22,2020-11-27,2021-03-24,2021-01-12,2020-09-21,2021-06-04,2021-06-02,2021-05-27,2021-06-03,2021-05-31,2021-05-25,2021-05-06,2021-02-25,2020-12-02,2021-04-13,2021-01-11,2020-09-08,0,0,0,1,0,0,0,1,0,0,0,1,0,1,0,1,1,0,0,1,1,0,0,1,1,0,1,0,1,0,,,,,,,p2n,,,Life.Bear,Life.BearRecovery,Life.BearEnd,Life.Bull,Life.BullEnd,,
2021-06-11,0.7352,,,,,0.73795,0.73052,0.72338,0.72557,0.74397,0.73757,0.0064,0.00675,-0.00044,-0.00035,,,-6.56,1.02,-2.74,0.3,-0.44,0.15,-3.41,3.53,22.0,8.0,19.0,5.0,11.0,1.0,17.0,11.0,0.0,0.0,0.00714,-0.00536,1.33333,57.14286,40.96681,,,5.24386,46.66667,46.66667,,,0.0,15.74074,33.3991,34.16806,,,0.01964,0.01826,,,0.0714,0.1457,0.1457,0.0743,0.0743,0.0,0,1,0,,,,0.15,,,,,0.751,0.741,0.755,0.714,0.697,0.677,2021-06-03,2021-04-22,2021-03-10,2021-05-12,2021-03-30,2021-01-29,-2.1,5.18,-3.64,6.31,-7.68,11.52,5.0,13.0,13.0,17.0,14.0,26.0,-0.0,0.0,-0.0,0.0,-1.0,0.0,0.765,0.775,0.755,0.76,0.735,0.73,2021-06-04,2021-06-02,2021-05-27,2021-06-03,2021-05-31,2021-05-25,0.02,0.021,0.035,0.019,0.02,0.025,2021-04-13,2021-01-11,2020-07-29,2021-03-01,2020-12-10,2020-05-27,1210600.0,994700.0,467000.0,-26.67,-8.7,-19.65,0.003,0.005,0.001,0.002,-0.004,-0.018,-0.00127,0.0115,0.00889,0.00557,-0.00729,-0.02455,49.84,48.051,49.289,45.03,39.838,33.698,81.25,94.118,100.0,76.471,61.538,58.333,51.899,58.704,52.217,50.205,44.655,37.616,2021-05-20,2021-03-22,2020-12-21,2021-05-05,2021-01-27,2020-10-06,59,91,164,98,113,200,2021-05-03,2021-02-22,2020-11-27,2021-03-24,2021-01-12,2020-09-21,2021-06-04,2021-06-02,2021-05-27,2021-06-03,2021-05-31,2021-05-25,2021-05-06,2021-02-25,2020-12-02,2021-04-13,2021-01-11,2020-09-08,0,0,0,1,0,0,0,1,0,0,0,1,0,1,0,1,1,0,0,1,1,0,0,1,1,0,1,0,1,0,,,,,,p2n,,,,Life.Bear,Life.BearRecovery,Life.BearEnd,Life.Bull,Life.BullEnd,,
2021-06-14,0.73014,,,,,0.73695,0.7303,0.72342,0.72557,0.74105,0.73663,0.00441,0.00628,-0.00075,-0.00187,,,-5.91,1.02,-2.74,0.3,-0.44,0.15,-3.41,3.53,21.0,8.0,19.0,5.0,11.0,1.0,17.0,11.0,-0.0,-0.015,0.00643,-0.00643,1.0,50.0,40.2896,,,-1.899,8.33333,33.88889,,,0.0,3.7037,32.69225,33.41471,,,0.02002,0.01813,,,0.0688,0.1353,0.1353,0.0665,0.0665,0.0,0,0,0,,,,,0.15,,,,0.751,0.741,0.755,0.714,0.697,0.677,2021-06-03,2021-04-22,2021-03-10,2021-05-12,2021-03-30,2021-01-29,-2.78,5.18,-3.64,6.31,-7.68,11.52,6.0,13.0,13.0,17.0,14.0,26.0,-0.0,0.0,-0.0,0.0,-1.0,0.0,0.765,0.775,0.755,0.76,0.735,0.73,2021-06-04,2021-06-02,2021-05-27,2021-06-03,2021-05-31,2021-05-25,0.02,0.021,0.035,0.019,0.02,0.025,2021-04-13,2021-01-11,2020-07-29,2021-03-01,2020-12-10,2020-05-27,994700.0,467000.0,1724400.0,-8.7,-19.65,19.23,0.003,0.005,0.001,0.002,-0.004,-0.018,-0.00127,0.0115,0.00889,0.00557,-0.00729,-0.02455,49.84,48.051,49.289,45.03,39.838,33.698,81.25,94.118,100.0,76.471,61.538,58.333,51.899,58.704,52.217,50.205,44.655,37.616,2021-05-20,2021-03-22,2020-12-21,2021-05-05,2021-01-27,2020-10-06,59,91,164,98,113,200,2021-05-03,2021-02-22,2020-11-27,2021-03-24,2021-01-12,2020-09-21,2021-06-04,2021-06-02,2021-05-27,2021-06-03,2021-05-31,2021-05-25,2021-05-06,2021-02-25,2020-12-02,2021-04-13,2021-01-11,2020-09-08,0,0,0,1,0,0,0,1,0,0,0,1,0,1,0,1,1,0,0,1,1,0,0,1,1,0,1,0,1,0,,,,,p2n,,,,,Life.BearRecovery,Life.BearEnd,Life.Bull,Life.BullEnd,Life.BearStart,,
2021-06-15,0.72532,,,,,0.73603,0.73009,0.72345,0.72556,0.73858,0.73577,0.00281,0.00559,-0.00106,-0.00278,,,-5.28,1.02,-2.74,0.3,-0.44,0.15,-3.41,3.53,20.0,8.0,19.0,5.0,11.0,1.0,17.0,11.0,0.0,0.0,0.005,-0.00643,0.77778,43.75,39.63223,,,-8.149,8.33333,21.11111,,,4.7619,1.5873,32.03477,32.70871,,,0.01966,0.01799,,,0.0664,0.1258,0.1258,0.0594,0.0594,0.0,0,0,0,,,,,0.15,,,,0.751,0.741,0.755,0.714,0.697,0.677,2021-06-03,2021-04-22,2021-03-10,2021-05-12,2021-03-30,2021-01-29,-3.42,5.18,-3.64,6.31,-7.68,11.52,7.0,13.0,13.0,17.0,14.0,26.0,-0.0,0.0,-0.0,0.0,-1.0,0.0,0.765,0.775,0.755,0.76,0.735,0.73,2021-06-04,2021-06-02,2021-05-27,2021-06-03,2021-05-31,2021-05-25,0.02,0.021,0.035,0.019,0.02,0.025,2021-04-13,2021-01-11,2020-07-29,2021-03-01,2020-12-10,2020-05-27,467000.0,1724400.0,1722200.0,-19.65,19.23,22.83,0.003,0.005,0.001,0.002,-0.004,-0.018,-0.00127,0.0115,0.00889,0.00557,-0.00729,-0.02455,49.84,48.051,49.289,45.03,39.838,33.698,81.25,94.118,100.0,76.471,61.538,58.333,51.899,58.704,52.217,50.205,44.655,37.616,2021-05-20,2021-03-22,2020-12-21,2021-05-05,2021-01-27,2020-10-06,59,91,164,98,113,200,2021-05-03,2021-02-22,2020-11-27,2021-03-24,2021-01-12,2020-09-21,2021-06-04,2021-06-02,2021-05-27,2021-06-03,2021-05-31,2021-05-25,2021-05-06,2021-02-25,2020-12-02,2021-04-13,2021-01-11,2020-09-08,0,0,0,1,0,0,0,1,0,0,0,1,0,1,0,1,1,0,0,1,1,0,0,1,1,0,1,0,1,0,,,,,,,,,,Life.BearRecovery,Life.BearEnd,Life.Bull,Life.BullEnd,Life.BearStart,,
2021-06-16,0.7209,,,,,0.7348,0.7297,0.72338,0.72551,0.73572,0.7346,0.00112,0.00469,-0.00138,-0.00358,,,-4.7,1.02,-2.74,0.3,-0.44,0.15,-3.41,3.53,19.0,8.0,19.0,5.0,11.0,1.0,17.0,11.0,-0.0,-0.005,0.005,-0.00571,0.875,46.66667,38.9986,,,-5.23233,7.69231,8.11966,,,8.92857,4.56349,31.43156,32.05286,,,0.01933,0.01785,,,0.0632,0.1142,0.1142,0.051,0.051,0.0,0,0,0,,,,,0.15,,,,0.751,0.741,0.755,0.714,0.697,0.677,2021-06-03,2021-04-22,2021-03-10,2021-05-12,2021-03-30,2021-01-29,-4.01,5.18,-3.64,6.31,-7.68,11.52,8.0,13.0,13.0,17.0,14.0,26.0,-1.0,0.0,-0.0,0.0,-1.0,0.0,0.765,0.775,0.755,0.76,0.735,0.73,2021-06-04,2021-06-02,2021-05-27,2021-06-03,2021-05-31,2021-05-25,0.02,0.021,0.035,0.019,0.02,0.025,2021-04-13,2021-01-11,2020-07-29,2021-03-01,2020-12-10,2020-05-27,1724400.0,1722200.0,1207200.0,19.23,22.83,18.91,0.003,0.005,0.001,0.002,-0.004,-0.018,-0.00127,0.0115,0.00889,0.00557,-0.00729,-0.02455,49.84,48.051,49.289,45.03,39.838,33.698,81.25,94.118,100.0,76.471,61.538,58.333,51.899,58.704,52.217,50.205,44.655,37.616,2021-05-20,2021-03-22,2020-12-21,2021-05-05,2021-01-27,2020-10-06,59,91,164,98,113,200,2021-05-03,2021-02-22,2020-11-27,2021-03-24,2021-01-12,2020-09-21,2021-06-04,2021-06-02,2021-05-27,2021-06-03,2021-05-31,2021-05-25,2021-05-06,2021-02-25,2020-12-02,2021-04-13,2021-01-11,2020-09-08,0,0,0,1,0,0,0,1,0,0,0,1,0,1,0,1,1,0,0,1,1,0,0,1,1,0,1,0,1,0,,,,,,,,,,Life.BearRecovery,Life.BearEnd,Life.Bull,Life.BullEnd,Life.BearStart,,
2021-06-17,0.71691,,,,,0.73328,0.72912,0.72321,0.7254,0.73253,0.73315,-0.00062,0.00363,-0.0017,-0.00425,,,-4.17,1.02,-2.74,0.3,-0.44,0.15,-3.41,3.53,18.0,8.0,19.0,5.0,11.0,1.0,17.0,11.0,-0.0,-0.005,0.00321,-0.00607,0.52941,34.61538,38.39212,,,-17.28362,7.14286,7.72283,,,13.09524,8.92857,30.88789,31.45141,,,0.01902,0.0177,,,0.0591,0.1007,0.1007,0.0416,0.0416,0.0,0,0,0,,,,,0.15,,,,0.751,0.741,0.755,0.714,0.697,0.677,2021-06-03,2021-04-22,2021-03-10,2021-05-12,2021-03-30,2021-01-29,-4.54,5.18,-3.64,6.31,-7.68,11.52,9.0,13.0,13.0,17.0,14.0,26.0,-1.0,0.0,-0.0,0.0,-1.0,0.0,0.765,0.775,0.755,0.76,0.735,0.73,2021-06-04,2021-06-02,2021-05-27,2021-06-03,2021-05-31,2021-05-25,0.02,0.021,0.035,0.019,0.02,0.025,2021-04-13,2021-01-11,2020-07-29,2021-03-01,2020-12-10,2020-05-27,1722200.0,1207200.0,994600.0,22.83,18.91,-15.68,0.003,0.005,0.001,0.002,-0.004,-0.018,-0.00127,0.0115,0.00889,0.00557,-0.00729,-0.02455,49.84,48.051,49.289,45.03,39.838,33.698,81.25,94.118,100.0,76.471,61.538,58.333,51.899,58.704,52.217,50.205,44.655,37.616,2021-05-20,2021-03-22,2020-12-21,2021-05-05,2021-01-27,2020-10-06,59,91,164,98,113,200,2021-05-03,2021-02-22,2020-11-27,2021-03-24,2021-01-12,2020-09-21,2021-06-04,2021-06-02,2021-05-27,2021-06-03,2021-05-31,2021-05-25,2021-05-06,2021-02-25,2020-12-02,2021-04-13,2021-01-11,2020-09-08,0,0,0,1,0,0,0,1,0,0,0,1,0,1,0,1,1,0,0,1,1,0,0,1,1,0,1,0,1,0,,,,,,,,,,Life.BearRecovery,Life.BearEnd,Life.Bull,Life.BullEnd,Life.BearStart,,
2021-06-18,0.71338,,,,,0.73149,0.72837,0.72295,0.72525,0.72907,0.73144,-0.00237,0.00243,-0.00202,-0.0048,,,-3.7,1.02,-2.74,0.3,-0.44,0.15,-3.41,3.53,17.0,8.0,19.0,5.0,11.0,1.0,17.0,11.0,-0.0,-0.005,0.00321,-0.00536,0.6,37.5,37.81619,,,-14.399,0.0,4.94505,,,8.33333,10.11905,30.40775,30.90907,,,0.01838,0.01754,,,0.0542,0.0854,0.0854,0.0312,0.0312,0.0,0,0,0,,,,,0.15,,,,0.751,0.741,0.755,0.714,0.697,0.677,2021-06-03,2021-04-22,2021-03-10,2021-05-12,2021-03-30,2021-01-29,-5.01,5.18,-3.64,6.31,-7.68,11.52,10.0,13.0,13.0,17.0,14.0,26.0,-1.0,0.0,-0.0,0.0,-1.0,0.0,0.765,0.775,0.755,0.76,0.735,0.73,2021-06-04,2021-06-02,2021-05-27,2021-06-03,2021-05-31,2021-05-25,0.02,0.021,0.035,0.019,0.02,0.025,2021-04-13,2021-01-11,2020-07-29,2021-03-01,2020-12-10,2020-05-27,1207200.0,994600.0,400300.0,18.91,-15.68,-33.69,0.003,0.005,0.001,0.002,-0.004,-0.018,-0.00127,0.0115,0.00889,0.00557,-0.00729,-0.02455,49.84,48.051,49.289,45.03,39.838,33.698,81.25,94.118,100.0,76.471,61.538,58.333,51.899,58.704,52.217,50.205,44.655,37.616,2021-05-20,2021-03-22,2020-12-21,2021-05-05,2021-01-27,2020-10-06,59,91,164,98,113,200,2021-05-03,2021-02-22,2020-11-27,2021-03-24,2021-01-12,2020-09-21,2021-06-04,2021-06-02,2021-05-27,2021-06-03,2021-05-31,2021-05-25,2021-05-06,2021-02-25,2020-12-02,2021-04-13,2021-01-11,2020-09-08,0,0,0,1,0,0,0,1,0,0,0,1,0,1,0,1,1,0,0,1,1,0,0,1,1,0,1,0,1,0,,,,,,,,,,Life.BearRecovery,Life.BearEnd,Life.Bull,Life.BullEnd,Life.BearStart,,
2021-06-21,0.71027,,,,,0.72945,0.72745,0.7226,0.72505,0.72536,0.72948,-0.00411,0.00112,-0.00234,-0.00524,,,-3.28,1.02,-2.74,0.3,-0.44,0.15,-3.41,3.53,16.0,8.0,19.0,5.0,11.0,1.0,17.0,11.0,-0.0,-0.005,0.00321,-0.00536,0.6,37.5,37.27318,,,-14.399,0.0,2.38095,0.0,,4.16667,8.53175,29.99139,30.42901,,,0.01778,0.01738,,,0.0485,0.0685,0.0685,0.02,0.02,0.0,0,0,0,,,,,0.15,,,,0.751,0.741,0.755,0.714,0.697,0.677,2021-06-03,2021-04-22,2021-03-10,2021-05-12,2021-03-30,2021-01-29,-5.42,5.18,-3.64,6.31,-7.68,11.52,11.0,13.0,13.0,17.0,14.0,26.0,-0.0,0.0,-0.0,0.0,-1.0,0.0,0.765,0.775,0.755,0.76,0.735,0.73,2021-06-04,2021-06-02,2021-05-27,2021-06-03,2021-05-31,2021-05-25,0.02,0.021,0.035,0.019,0.02,0.025,2021-04-13,2021-01-11,2020-07-29,2021-03-01,2020-12-10,2020-05-27,994600.0,400300.0,698900.0,-15.68,-33.69,-19.53,0.003,0.005,0.001,0.002,-0.004,-0.018,-0.00127,0.0115,0.00889,0.00557,-0.00729,-0.02455,49.84,48.051,49.289,45.03,39.838,33.698,81.25,94.118,100.0,0.0,76.471,61.538,51.899,58.704,52.217,50.205,44.655,37.616,2021-05-20,2021-03-22,2020-12-21,2021-05-05,2021-01-27,2020-10-06,59,91,164,98,113,200,2021-05-03,2021-02-22,2020-11-27,2021-03-24,2021-01-12,2020-09-21,2021-06-04,2021-06-02,2021-05-27,2021-06-21,2021-06-03,2021-05-31,2021-05-06,2021-02-25,2020-12-02,2021-04-13,2021-01-11,2020-09-08,0,0,0,1,0,0,0,1,0,0,0,1,0,1,0,1,1,0,1,0,1,0,0,1,1,0,1,0,1,0,,,,,,,,,,Life.BearRecovery,Life.BearEnd,Life.Bull,Life.BullEnd,Life.BearStart,,
2021-06-22,0.70765,,,0.705,,0.72757,0.72657,0.72225,0.72485,0.72223,0.72767,-0.00543,-0.00019,-0.00266,-0.00524,,,-2.92,1.02,-2.74,0.3,-0.44,0.15,-3.41,3.53,15.0,8.0,19.0,5.0,11.0,1.0,17.0,11.0,0.0,0.0,0.0025,-0.00536,0.46667,31.81818,36.76449,,,-20.08082,6.25,2.08333,,,5.55556,6.01852,29.63748,30.01221,,,0.01758,0.01721,,,0.0432,0.0532,0.0532,0.01,0.01,0.0,0,0,0,,,,,0.15,,,,0.751,0.741,0.755,0.714,0.697,0.677,2021-06-03,2021-04-22,2021-03-10,2021-05-12,2021-03-30,2021-01-29,-5.77,5.18,-3.64,6.31,-7.68,11.52,12.0,13.0,13.0,17.0,14.0,26.0,-0.0,0.0,-0.0,0.0,-1.0,0.0,0.765,0.775,0.755,0.705,0.76,0.735,2021-06-04,2021-06-02,2021-05-27,2021-06-22,2021-06-03,2021-05-31,0.02,0.021,0.035,0.019,0.02,0.025,2021-04-13,2021-01-11,2020-07-29,2021-03-01,2020-12-10,2020-05-27,400300.0,698900.0,1880400.0,-33.69,-19.53,42.31,0.003,0.005,0.001,0.002,-0.004,-0.018,-0.00127,0.0115,0.00889,0.00557,-0.00729,-0.02455,49.84,48.051,49.289,45.03,39.838,33.698,81.25,94.118,100.0,0.0,76.471,61.538,51.899,58.704,52.217,50.205,44.655,37.616,2021-05-20,2021-03-22,2020-12-21,2021-05-05,2021-01-27,2020-10-06,59,91,164,98,113,200,2021-05-03,2021-02-22,2020-11-27,2021-03-24,2021-01-12,2020-09-21,2021-06-04,2021-06-02,2021-05-27,2021-06-21,2021-06-03,2021-05-31,2021-05-06,2021-02-25,2020-12-02,2021-04-13,2021-01-11,2020-09-08,0,0,0,1,0,0,1,0,0,0,0,1,0,1,0,1,1,0,1,0,1,0,0,1,1,0,1,0,1,0,1880400,,,,,,,,n2p,Life.BearRecovery,Life.BearEnd,Life.Bull,Life.BullEnd,Life.BearStart,,
2021-06-23,0.70553,,,,0.71,0.72622,0.72592,0.722,0.7247,0.72035,0.72636,-0.00601,-0.00135,-0.00299,-0.00465,,,-2.63,1.02,-2.74,0.3,-0.44,0.15,-3.41,3.53,14.0,8.0,19.0,5.0,11.0,1.0,17.0,11.0,0.005,0.0,0.00071,-0.00536,0.13333,11.76471,36.29162,,,-40.13429,13.33333,6.52778,,13.333,18.88889,9.53704,29.34631,29.65839,,,0.01704,0.01704,,,0.0392,0.0422,0.0422,0.003,0.003,0.0,0,0,0,,,,,0.15,,,,0.751,0.741,0.755,0.714,0.697,0.677,2021-06-03,2021-04-22,2021-03-10,2021-05-12,2021-03-30,2021-01-29,-6.05,5.18,-3.64,6.31,-7.68,11.52,13.0,13.0,13.0,17.0,14.0,26.0,-0.0,0.0,-0.0,0.0,-1.0,0.0,0.71,0.765,0.775,0.705,0.76,0.735,2021-06-23,2021-06-04,2021-06-02,2021-06-22,2021-06-03,2021-05-31,0.02,0.021,0.035,0.019,0.02,0.025,2021-04-13,2021-01-11,2020-07-29,2021-03-01,2020-12-10,2020-05-27,698900.0,1880400.0,425100.0,-19.53,42.31,0.83,0.003,0.005,0.001,0.002,-0.004,-0.018,-0.00127,0.0115,0.00889,0.00557,-0.00729,-0.02455,49.84,48.051,49.289,45.03,39.838,33.698,13.333,81.25,94.118,0.0,76.471,61.538,51.899,58.704,52.217,50.205,44.655,37.616,2021-05-20,2021-03-22,2020-12-21,2021-05-05,2021-01-27,2020-10-06,59,91,164,98,113,200,2021-05-03,2021-02-22,2020-11-27,2021-03-24,2021-01-12,2020-09-21,2021-06-23,2021-06-04,2021-06-02,2021-06-21,2021-06-03,2021-05-31,2021-05-06,2021-02-25,2020-12-02,2021-04-13,2021-01-11,2020-09-08,0,0,0,1,1,0,1,0,0,0,0,1,0,1,0,1,1,0,1,0,1,0,0,1,1,0,1,0,1,0,,,,,,,,n2p,,Life.BearRecovery,Life.BearEnd,Life.Bull,Life.BullEnd,Life.BearStart,,
2021-06-24,0.70383,,,,,0.7242,0.72491,0.72157,0.72445,0.71722,0.7244,-0.00719,-0.00252,-0.00331,-0.00467,,,-2.39,1.02,-2.74,0.3,-0.44,0.15,-3.41,3.53,13.0,8.0,19.0,5.0,11.0,1.0,17.0,11.0,-0.0,-0.01,0.00071,-0.005,0.14286,12.5,35.85638,,,-39.399,0.0,6.52778,,,18.88889,14.44444,29.12177,29.36852,,,0.01689,0.01686,,,0.0334,0.0334,0.0334,0.0,0.0,0.0,0,0,0,,,,,0.15,,,,0.751,0.741,0.755,0.714,0.697,0.677,2021-06-03,2021-04-22,2021-03-10,2021-05-12,2021-03-30,2021-01-29,-6.28,5.18,-3.64,6.31,-7.68,11.52,14.0,13.0,13.0,17.0,14.0,26.0,-0.0,0.0,-0.0,0.0,-1.0,0.0,0.71,0.765,0.775,0.705,0.76,0.735,2021-06-23,2021-06-04,2021-06-02,2021-06-22,2021-06-03,2021-05-31,0.02,0.021,0.035,0.019,0.02,0.025,2021-04-13,2021-01-11,2020-07-29,2021-03-01,2020-12-10,2020-05-27,1880400.0,425100.0,1203200.0,42.31,0.83,16.79,0.003,0.005,0.001,0.002,-0.004,-0.018,-0.00127,0.0115,0.00889,0.00557,-0.00729,-0.02455,49.84,48.051,49.289,45.03,39.838,33.698,13.333,81.25,94.118,0.0,76.471,61.538,51.899,58.704,52.217,50.205,44.655,37.616,2021-05-20,2021-03-22,2020-12-21,2021-05-05,2021-01-27,2020-10-06,59,91,164,98,113,200,2021-05-03,2021-02-22,2020-11-27,2021-03-24,2021-01-12,2020-09-21,2021-06-23,2021-06-04,2021-06-02,2021-06-21,2021-06-03,2021-05-31,2021-05-06,2021-02-25,2020-12-02,2021-04-13,2021-01-11,2020-09-08,0,0,0,1,1,0,1,0,0,0,0,1,0,1,0,1,1,0,1,0,1,0,0,1,1,0,1,0,1,0,,,,,,,n2p,,,Life.BearRecovery,Life.BearEnd,Life.Bull,Life.BullEnd,Life.BearStart,,
2021-06-25,0.70248,,,,,0.72234,0.72393,0.72114,0.72421,0.71457,0.7226,-0.00803,-0.00362,-0.00363,-0.00441,,,-2.2,1.02,-2.74,0.3,-0.44,0.15,-3.41,3.53,12.0,8.0,19.0,5.0,11.0,1.0,17.0,11.0,0.0,0.0,0.00036,-0.005,0.07143,6.66667,35.46101,,,-45.23233,0.0,4.44444,,,13.33333,17.03704,28.97033,29.14614,,,0.0164,0.01668,,,-0.0307,0.0279,-0.0307,0.0,0.0586,-0.0586,0,0,0,,,,,,-0.15,,,0.751,0.741,0.755,0.714,0.697,0.677,2021-06-03,2021-04-22,2021-03-10,2021-05-12,2021-03-30,2021-01-29,-6.46,5.18,-3.64,6.31,-7.68,11.52,15.0,13.0,13.0,17.0,14.0,26.0,-0.0,0.0,-0.0,0.0,-1.0,0.0,0.71,0.765,0.775,0.705,0.76,0.735,2021-06-23,2021-06-04,2021-06-02,2021-06-22,2021-06-03,2021-05-31,0.02,0.021,0.035,0.019,0.02,0.025,2021-04-13,2021-01-11,2020-07-29,2021-03-01,2020-12-10,2020-05-27,425100.0,1203200.0,1814800.0,0.83,16.79,-1.87,0.003,0.005,0.001,0.002,-0.004,-0.018,-0.00127,0.0115,0.00889,0.00557,-0.00729,-0.02455,49.84,48.051,49.289,45.03,39.838,33.698,13.333,81.25,94.118,0.0,76.471,61.538,51.899,58.704,52.217,50.205,44.655,37.616,2021-05-20,2021-03-22,2020-12-21,2021-05-05,2021-01-27,2020-10-06,59,91,164,98,113,200,2021-05-03,2021-02-22,2020-11-27,2021-03-24,2021-01-12,2020-09-21,2021-06-23,2021-06-04,2021-06-02,2021-06-21,2021-06-03,2021-05-31,2021-05-06,2021-02-25,2020-12-02,2021-04-13,2021-01-11,2020-09-08,0,0,0,1,1,0,1,0,0,0,0,1,0,1,0,1,1,0,1,0,1,0,0,1,1,0,1,0,1,0,,,,,,n2p,,,,Life.BearEnd,Life.Bull,Life.BullEnd,Life.BearStart,Life.Bear,,
2021-06-28,0.70141,,,,,0.72062,0.72299,0.72072,0.72397,0.71233,0.72092,-0.00859,-0.00462,-0.00394,-0.00398,,,-2.05,1.02,-2.74,0.3,-0.44,0.15,-3.41,3.53,11.0,8.0,19.0,5.0,11.0,1.0,17.0,11.0,0.0,0.0,0.00036,-0.00393,0.09091,8.33333,35.10696,,,-43.56567,0.0,0.0,,,0.0,10.74074,28.8968,28.9963,28.897,,0.01594,0.0165,,,-0.0325,0.0237,-0.0335,-0.001,0.0562,-0.0572,0,0,0,,,,,,-0.15,,,0.751,0.741,0.755,0.714,0.697,0.677,2021-06-03,2021-04-22,2021-03-10,2021-05-12,2021-03-30,2021-01-29,-6.6,5.18,-3.64,6.31,-7.68,11.52,16.0,13.0,13.0,17.0,14.0,26.0,-0.0,0.0,-0.0,0.0,-1.0,0.0,0.71,0.765,0.775,0.705,0.76,0.735,2021-06-23,2021-06-04,2021-06-02,2021-06-22,2021-06-03,2021-05-31,0.02,0.021,0.035,0.019,0.02,0.025,2021-04-13,2021-01-11,2020-07-29,2021-03-01,2020-12-10,2020-05-27,1203200.0,1814800.0,1954600.0,16.79,-1.87,44.42,0.003,0.005,0.001,0.002,-0.004,-0.018,-0.00127,0.0115,0.00889,0.00557,-0.00729,-0.02455,49.84,48.051,49.289,28.897,45.03,39.838,13.333,81.25,94.118,0.0,76.471,61.538,51.899,58.704,52.217,50.205,44.655,37.616,2021-05-20,2021-03-22,2020-12-21,2021-05-05,2021-01-27,2020-10-06,59,91,164,98,113,200,2021-05-03,2021-02-22,2020-11-27,2021-06-28,2021-03-24,2021-01-12,2021-06-23,2021-06-04,2021-06-02,2021-06-21,2021-06-03,2021-05-31,2021-05-06,2021-02-25,2020-12-02,2021-04-13,2021-01-11,2020-09-08,0,0,0,1,1,0,1,0,0,0,0,1,0,1,1,0,1,0,1,0,1,0,0,1,1,0,1,0,1,0,1954600,,,,n2p,,,,n2p,Life.BearEnd,Life.Bull,Life.BullEnd,Life.BearStart,Life.Bear,,
2021-06-29,0.70046,,,,,0.71903,0.72209,0.72031,0.72373,0.71043,0.71937,-0.00894,-0.00548,-0.00425,-0.00346,,,-1.92,1.02,-2.74,0.3,-0.44,0.15,-3.41,3.53,10.0,8.0,19.0,5.0,11.0,1.0,17.0,11.0,0.0,0.0,0.00036,-0.00321,0.11111,10.0,34.79502,,,-41.899,0.0,0.0,,,0.0,4.44444,28.90161,28.92291,,,0.01552,0.01631,,,-0.0342,0.0306,-0.047,-0.0128,0.0648,-0.0776,0,0,1,,,,,,-0.15,,,0.751,0.741,0.755,0.714,0.697,0.677,2021-06-03,2021-04-22,2021-03-10,2021-05-12,2021-03-30,2021-01-29,-6.73,5.18,-3.64,6.31,-7.68,11.52,17.0,13.0,13.0,17.0,14.0,26.0,-0.0,0.0,-0.0,0.0,-1.0,0.0,0.71,0.765,0.775,0.705,0.76,0.735,2021-06-23,2021-06-04,2021-06-02,2021-06-22,2021-06-03,2021-05-31,0.02,0.021,0.035,0.019,0.02,0.025,2021-04-13,2021-01-11,2020-07-29,2021-03-01,2020-12-10,2020-05-27,1814800.0,1954600.0,4256300.0,-1.87,44.42,61.4,0.003,0.005,0.001,0.002,-0.004,-0.018,-0.00127,0.0115,0.00889,0.00557,-0.00729,-0.02455,49.84,48.051,49.289,28.897,45.03,39.838,13.333,81.25,94.118,0.0,76.471,61.538,51.899,58.704,52.217,50.205,44.655,37.616,2021-05-20,2021-03-22,2020-12-21,2021-05-05,2021-01-27,2020-10-06,59,91,164,98,113,200,2021-05-03,2021-02-22,2020-11-27,2021-06-28,2021-03-24,2021-01-12,2021-06-23,2021-06-04,2021-06-02,2021-06-21,2021-06-03,2021-05-31,2021-05-06,2021-02-25,2020-12-02,2021-04-13,2021-01-11,2020-09-08,0,0,0,1,1,0,1,0,0,0,0,1,0,1,1,0,1,0,1,0,1,0,0,1,1,0,1,0,1,0,,,,,,,,n2p,,Life.BearEnd,Life.Bull,Life.BullEnd,Life.BearStart,Life.Bear,,
2021-06-30,0.69946,,,,,0.71757,0.72122,0.71991,0.7235,0.70883,0.71794,-0.00911,-0.00621,-0.00455,-0.0029,,,-1.78,1.02,-2.74,0.3,-0.44,0.15,-3.41,3.53,9.0,8.0,19.0,5.0,11.0,1.0,17.0,11.0,0.0,0.0,0.00036,-0.00321,0.11111,10.0,34.52656,,,-41.899,0.0,0.0,,,0.0,0.0,28.98226,28.92689,,,0.01477,0.01613,,,-0.0359,0.0365,-0.0593,-0.0234,0.0724,-0.0958,0,0,1,,,,,,-0.15,,,0.751,0.741,0.755,0.714,0.697,0.677,2021-06-03,2021-04-22,2021-03-10,2021-05-12,2021-03-30,2021-01-29,-6.86,5.18,-3.64,6.31,-7.68,11.52,18.0,13.0,13.0,17.0,14.0,26.0,-0.0,0.0,-0.0,0.0,-1.0,0.0,0.71,0.765,0.775,0.705,0.76,0.735,2021-06-23,2021-06-04,2021-06-02,2021-06-22,2021-06-03,2021-05-31,0.02,0.021,0.035,0.019,0.02,0.025,2021-04-13,2021-01-11,2020-07-29,2021-03-01,2020-12-10,2020-05-27,1954600.0,4256300.0,1520800.0,44.42,61.4,-3.66,0.003,0.005,0.001,0.002,-0.004,-0.018,-0.00127,0.0115,0.00889,0.00557,-0.00729,-0.02455,49.84,48.051,49.289,28.897,45.03,39.838,13.333,81.25,94.118,0.0,76.471,61.538,51.899,58.704,52.217,50.205,44.655,37.616,2021-05-20,2021-03-22,2020-12-21,2021-05-05,2021-01-27,2020-10-06,59,91,164,98,113,200,2021-05-03,2021-02-22,2020-11-27,2021-06-28,2021-03-24,2021-01-12,2021-06-23,2021-06-04,2021-06-02,2021-06-21,2021-06-03,2021-05-31,2021-05-06,2021-02-25,2020-12-02,2021-04-13,2021-01-11,2020-09-08,0,0,0,1,1,0,1,0,0,0,0,1,0,1,1,0,1,0,1,0,1,0,0,1,1,0,1,0,1,0,,,1520800,,,,n2p,,p2n,Life.BearEnd,Life.Bull,Life.BullEnd,Life.BearStart,Life.Bear,,
2021-07-01,0.69831,,,,,0.71622,0.72039,0.71952,0.72326,0.70747,0.71661,-0.00914,-0.00679,-0.00485,-0.00235,,,-1.62,1.02,-2.74,0.3,-0.44,0.15,-3.41,3.53,8.0,8.0,19.0,5.0,11.0,1.0,17.0,11.0,0.0,0.0,0.00036,-0.00321,0.11111,10.0,34.3034,,,-41.899,0.0,0.0,,,0.0,0.0,29.13614,29.00667,,,0.01407,0.01594,,,-0.0374,0.0417,-0.0704,-0.033,0.0791,-0.1121,0,0,1,,,,,,-0.15,,,0.751,0.741,0.755,0.714,0.697,0.677,2021-06-03,2021-04-22,2021-03-10,2021-05-12,2021-03-30,2021-01-29,-7.02,5.18,-3.64,6.31,-7.68,11.52,19.0,13.0,13.0,17.0,14.0,26.0,-0.0,0.0,-0.0,0.0,-1.0,0.0,0.71,0.765,0.775,0.705,0.76,0.735,2021-06-23,2021-06-04,2021-06-02,2021-06-22,2021-06-03,2021-05-31,0.02,0.021,0.035,0.019,0.02,0.025,2021-04-13,2021-01-11,2020-07-29,2021-03-01,2020-12-10,2020-05-27,4256300.0,1520800.0,679400.0,61.4,-3.66,-16.49,0.003,0.005,0.001,0.002,-0.004,-0.018,-0.00127,0.0115,0.00889,0.00557,-0.00729,-0.02455,49.84,48.051,49.289,28.897,45.03,39.838,13.333,81.25,94.118,0.0,76.471,61.538,51.899,58.704,52.217,50.205,44.655,37.616,2021-05-20,2021-03-22,2020-12-21,2021-05-05,2021-01-27,2020-10-06,59,91,164,98,113,200,2021-05-03,2021-02-22,2020-11-27,2021-06-28,2021-03-24,2021-01-12,2021-06-23,2021-06-04,2021-06-02,2021-06-21,2021-06-03,2021-05-31,2021-05-06,2021-02-25,2020-12-02,2021-04-13,2021-01-11,2020-09-08,0,0,0,1,1,0,1,0,0,0,0,1,0,1,1,0,1,0,1,0,1,0,0,1,1,0,1,0,1,0,,,,,,n2p,,p2n,,Life.BearEnd,Life.Bull,Life.BullEnd,Life.BearStart,Life.Bear,,
2021-07-02,0.69692,,,,,0.71497,0.71959,0.71913,0.72303,0.70632,0.71538,-0.00906,-0.00725,-0.00513,-0.00181,,,-1.42,1.02,-2.74,0.3,-0.44,0.15,-3.41,3.53,7.0,8.0,19.0,5.0,11.0,1.0,17.0,11.0,0.0,0.0,0.00036,-0.00214,0.16667,14.28571,34.1278,,,-37.61329,0.0,0.0,,,0.0,0.0,29.36156,29.15999,,,0.01342,0.01575,,,-0.039,0.0462,-0.0806,-0.0416,0.0852,-0.1268,0,0,1,,,,,,-0.15,,,0.751,0.741,0.755,0.714,0.697,0.677,2021-06-03,2021-04-22,2021-03-10,2021-05-12,2021-03-30,2021-01-29,-7.2,5.18,-3.64,6.31,-7.68,11.52,20.0,13.0,13.0,17.0,14.0,26.0,-0.0,0.0,-0.0,0.0,-1.0,0.0,0.71,0.765,0.775,0.705,0.76,0.735,2021-06-23,2021-06-04,2021-06-02,2021-06-22,2021-06-03,2021-05-31,0.02,0.021,0.035,0.019,0.02,0.025,2021-04-13,2021-01-11,2020-07-29,2021-03-01,2020-12-10,2020-05-27,1520800.0,679400.0,431800.0,-3.66,-16.49,-59.23,0.003,0.005,0.001,0.002,-0.004,-0.018,-0.00127,0.0115,0.00889,0.00557,-0.00729,-0.02455,49.84,48.051,49.289,28.897,45.03,39.838,13.333,81.25,94.118,0.0,76.471,61.538,51.899,58.704,52.217,50.205,44.655,37.616,2021-05-20,2021-03-22,2020-12-21,2021-05-05,2021-01-27,2020-10-06,59,91,164,98,113,200,2021-05-03,2021-02-22,2020-11-27,2021-06-28,2021-03-24,2021-01-12,2021-06-23,2021-06-04,2021-06-02,2021-06-21,2021-06-03,2021-05-31,2021-05-06,2021-02-25,2020-12-02,2021-04-13,2021-01-11,2020-09-08,0,0,0,1,1,0,1,0,0,0,0,1,0,1,1,0,1,0,1,0,1,0,0,1,1,0,1,0,1,0,,,,431800,n2p,,p2n,,n2n,Life.BearEnd,Life.Bull,Life.BullEnd,Life.BearStart,Life.Bear,,
2021-07-05,0.69523,,,0.695,,0.71343,0.71863,0.71865,0.72275,0.70458,0.71387,-0.00929,-0.00766,-0.00541,-0.00164,,,-1.18,1.02,-2.74,0.3,-0.44,0.15,-3.41,3.53,6.0,8.0,19.0,5.0,11.0,1.0,17.0,11.0,-0.0,-0.005,0.00036,-0.0025,0.14286,12.5,34.0015,,,-39.399,0.0,0.0,0.0,,0.0,0.0,29.65654,29.38475,,,0.01353,0.01556,,,-0.0412,-0.0522,-0.0932,-0.052,-0.011,-0.041,0,0,0,,,,,,-0.15,,,0.751,0.741,0.755,0.714,0.697,0.677,2021-06-03,2021-04-22,2021-03-10,2021-05-12,2021-03-30,2021-01-29,-7.43,5.18,-3.64,6.31,-7.68,11.52,21.0,13.0,13.0,17.0,14.0,26.0,-0.0,0.0,-0.0,0.0,-1.0,0.0,0.71,0.765,0.775,0.695,0.705,0.76,2021-06-23,2021-06-04,2021-06-02,2021-07-05,2021-06-22,2021-06-03,0.02,0.021,0.035,0.019,0.02,0.025,2021-04-13,2021-01-11,2020-07-29,2021-03-01,2020-12-10,2020-05-27,679400.0,431800.0,1554800.0,-16.49,-59.23,1.29,0.003,0.005,0.001,0.002,-0.004,-0.018,-0.00127,0.0115,0.00889,0.00557,-0.00729,-0.02455,49.84,48.051,49.289,28.897,45.03,39.838,13.333,81.25,94.118,0.0,0.0,76.471,51.899,58.704,52.217,50.205,44.655,37.616,2021-05-20,2021-03-22,2020-12-21,2021-05-05,2021-01-27,2020-10-06,59,91,164,98,113,200,2021-05-03,2021-02-22,2020-11-27,2021-06-28,2021-03-24,2021-01-12,2021-06-23,2021-06-04,2021-06-02,2021-07-05,2021-06-21,2021-06-03,2021-05-06,2021-02-25,2020-12-02,2021-04-13,2021-01-11,2020-09-08,0,0,0,1,1,0,1,0,0,0,0,1,0,1,1,0,1,0,1,0,1,0,0,1,1,0,1,0,1,0,-1554800,,,,,p2n,,n2n,n2p,Life.BearEnd,Life.Bull,Life.BullEnd,Life.BearStart,Life.Bear,,
2021-07-06,0.69327,,,,0.7,0.7124,0.7179,0.71828,0.72253,0.70387,0.71284,-0.00897,-0.00792,-0.00567,-0.00105,,,-0.9,1.02,-2.74,0.3,-0.44,0.15,-3.41,3.53,5.0,8.0,19.0,5.0,11.0,1.0,17.0,11.0,0.005,0.0,0.00071,-0.00214,0.33333,25.0,33.92599,,,-26.899,16.66667,5.55556,,,11.11111,3.7037,30.01883,29.67898,,,0.01328,0.01537,,,-0.0463,-0.0588,-0.1013,-0.055,-0.0125,-0.0425,0,0,0,,,,,,-0.15,,,0.751,0.741,0.755,0.714,0.697,0.677,2021-06-03,2021-04-22,2021-03-10,2021-05-12,2021-03-30,2021-01-29,-7.69,5.18,-3.64,6.31,-7.68,11.52,22.0,13.0,13.0,17.0,14.0,26.0,-0.0,0.0,-0.0,0.0,-1.0,0.0,0.7,0.71,0.765,0.695,0.705,0.76,2021-07-06,2021-06-23,2021-06-04,2021-07-05,2021-06-22,2021-06-03,0.02,0.021,0.035,0.019,0.02,0.025,2021-04-13,2021-01-11,2020-07-29,2021-03-01,2020-12-10,2020-05-27,431800.0,1554800.0,455100.0,-59.23,1.29,-8.41,0.003,0.005,0.001,0.002,-0.004,-0.018,-0.00127,0.0115,0.00889,0.00557,-0.00729,-0.02455,49.84,48.051,49.289,28.897,45.03,39.838,13.333,81.25,94.118,0.0,0.0,76.471,51.899,58.704,52.217,50.205,44.655,37.616,2021-05-20,2021-03-22,2020-12-21,2021-05-05,2021-01-27,2020-10-06,59,91,164,98,113,200,2021-05-03,2021-02-22,2020-11-27,2021-06-28,2021-03-24,2021-01-12,2021-06-23,2021-06-04,2021-06-02,2021-07-05,2021-06-21,2021-06-03,2021-05-06,2021-02-25,2020-12-02,2021-04-13,2021-01-11,2020-09-08,0,0,0,1,1,0,1,0,0,0,0,1,0,1,1,0,1,0,1,0,1,0,0,1,1,0,1,0,1,0,,,,,p2n,,n2n,n2p,,Life.BearEnd,Life.Bull,Life.BullEnd,Life.BearStart,Life.Bear,,
2021-07-07,0.6912,,,,,0.71106,0.717,0.71782,0.72225,0.70251,0.71152,-0.00901,-0.00814,-0.00591,-0.00087,,,-0.61,1.02,-2.74,0.3,-0.44,0.15,-3.41,3.53,4.0,8.0,19.0,5.0,11.0,1.0,17.0,11.0,-0.0,-0.005,0.00071,-0.00214,0.33333,25.0,33.90398,33.904,,-26.899,16.66667,11.11111,,,19.44444,10.18519,30.44666,30.04068,,,0.01305,0.01519,,,-0.0525,-0.0676,-0.1119,-0.0594,-0.0151,-0.0443,0,0,0,,,,,,-0.15,,,0.751,0.741,0.755,0.714,0.697,0.677,2021-06-03,2021-04-22,2021-03-10,2021-05-12,2021-03-30,2021-01-29,-7.96,5.18,-3.64,6.31,-7.68,11.52,23.0,13.0,13.0,17.0,14.0,26.0,-0.0,0.0,-0.0,0.0,-1.0,0.0,0.7,0.71,0.765,0.695,0.705,0.76,2021-07-06,2021-06-23,2021-06-04,2021-07-05,2021-06-22,2021-06-03,0.02,0.021,0.035,0.019,0.02,0.025,2021-04-13,2021-01-11,2020-07-29,2021-03-01,2020-12-10,2020-05-27,1554800.0,455100.0,1319400.0,1.29,-8.41,36.35,0.003,0.005,0.001,0.002,-0.004,-0.018,-0.00127,0.0115,0.00889,0.00557,-0.00729,-0.02455,49.84,48.051,49.289,28.897,45.03,39.838,13.333,81.25,94.118,0.0,0.0,76.471,51.899,58.704,52.217,33.904,50.205,44.655,2021-05-20,2021-03-22,2020-12-21,2021-05-05,2021-01-27,2020-10-06,59,91,164,98,113,200,2021-05-03,2021-02-22,2020-11-27,2021-06-28,2021-03-24,2021-01-12,2021-06-23,2021-06-04,2021-06-02,2021-07-05,2021-06-21,2021-06-03,2021-05-06,2021-02-25,2020-12-02,2021-07-07,2021-04-13,2021-01-11,0,0,0,1,1,0,1,0,0,0,0,1,0,1,1,0,1,0,1,0,1,0,1,0,1,0,1,0,1,0,-1319400,,,,,n2n,n2p,,n2p,Life.BearEnd,Life.Bull,Life.BullEnd,Life.BearStart,Life.Bear,,
2021-07-08,0.68929,,,0.68,,0.70867,0.71555,0.71707,0.72183,0.69905,0.70919,-0.01014,-0.00854,-0.00614,-0.0016,,,-0.33,1.02,-2.74,0.3,-0.44,0.15,-3.41,3.53,3.0,8.0,19.0,5.0,11.0,1.0,17.0,11.0,-0.0,-0.015,0.00071,-0.00286,0.25,20.0,33.93803,,,-13.904,22.22222,18.51852,,,27.77778,19.44444,30.93743,30.46764,,,0.0139,0.01501,,,-0.0628,-0.084,-0.1316,-0.0688,-0.0212,-0.0476,0,0,0,,,,,,-0.15,,,0.751,0.741,0.755,0.714,0.697,0.677,2021-06-03,2021-04-22,2021-03-10,2021-05-12,2021-03-30,2021-01-29,-8.22,5.18,-3.64,6.31,-7.68,11.52,24.0,13.0,13.0,17.0,14.0,26.0,-0.0,0.0,-0.0,0.0,-1.0,0.0,0.7,0.71,0.765,0.68,0.695,0.705,2021-07-06,2021-06-23,2021-06-04,2021-07-08,2021-07-05,2021-06-22,0.02,0.021,0.035,0.019,0.02,0.025,2021-04-13,2021-01-11,2020-07-29,2021-03-01,2020-12-10,2020-05-27,455100.0,1319400.0,2156900.0,-8.41,36.35,18.08,0.003,0.005,0.001,0.002,-0.004,-0.018,-0.00127,0.0115,0.00889,0.00557,-0.00729,-0.02455,49.84,48.051,49.289,28.897,45.03,39.838,13.333,81.25,94.118,0.0,0.0,76.471,51.899,58.704,52.217,33.904,50.205,44.655,2021-05-20,2021-03-22,2020-12-21,2021-05-05,2021-01-27,2020-10-06,59,91,164,98,113,200,2021-05-03,2021-02-22,2020-11-27,2021-06-28,2021-03-24,2021-01-12,2021-06-23,2021-06-04,2021-06-02,2021-07-05,2021-06-21,2021-06-03,2021-05-06,2021-02-25,2020-12-02,2021-07-07,2021-04-13,2021-01-11,0,0,0,1,1,0,1,0,0,0,0,1,0,1,1,0,1,0,1,0,1,0,1,0,1,0,1,0,1,0,,,,,n2n,n2p,,n2p,,Life.BearEnd,Life.Bull,Life.BullEnd,Life.BearStart,Life.Bear,,
2021-07-09,0.68788,,,,0.69,0.70724,0.71455,0.71654,0.72151,0.69765,0.70776,-0.01011,-0.00885,-0.00635,-0.00126,,,-0.13,1.02,-2.74,0.3,-0.44,0.15,-3.41,3.53,2.0,8.0,19.0,5.0,11.0,1.0,17.0,11.0,0.01,0.0,0.00143,-0.0025,0.57143,36.36364,34.03076,,,2.45964,44.44444,27.77778,,44.444,33.33333,26.85185,31.48653,30.95687,,,0.01434,0.01484,,,-0.0696,-0.093,-0.1427,-0.0731,-0.0234,-0.0497,0,0,0,,,,,,-0.15,,,0.751,0.741,0.755,0.714,0.697,0.677,2021-06-03,2021-04-22,2021-03-10,2021-05-12,2021-03-30,2021-01-29,-8.4,5.18,-3.64,6.31,-7.68,11.52,25.0,13.0,13.0,17.0,14.0,26.0,-0.0,0.0,-0.0,0.0,-1.0,0.0,0.69,0.7,0.71,0.68,0.695,0.705,2021-07-09,2021-07-06,2021-06-23,2021-07-08,2021-07-05,2021-06-22,0.02,0.021,0.035,0.019,0.02,0.025,2021-04-13,2021-01-11,2020-07-29,2021-03-01,2020-12-10,2020-05-27,1319400.0,2156900.0,976900.0,36.35,18.08,13.27,0.003,0.005,0.001,0.002,-0.004,-0.018,-0.00127,0.0115,0.00889,0.00557,-0.00729,-0.02455,49.84,48.051,49.289,28.897,45.03,39.838,44.444,13.333,81.25,0.0,0.0,76.471,51.899,58.704,52.217,33.904,50.205,44.655,2021-05-20,2021-03-22,2020-12-21,2021-05-05,2021-01-27,2020-10-06,59,91,164,98,113,200,2021-05-03,2021-02-22,2020-11-27,2021-06-28,2021-03-24,2021-01-12,2021-07-09,2021-06-23,2021-06-04,2021-07-05,2021-06-21,2021-06-03,2021-05-06,2021-02-25,2020-12-02,2021-07-07,2021-04-13,2021-01-11,0,0,0,1,1,0,1,0,0,0,0,1,0,1,1,0,0,0,1,0,1,0,1,0,1,0,1,0,1,0,,,,,n2p,,n2p,,,Life.BearEnd,Life.Bull,Life.BullEnd,Life.BearStart,Life.Bear,,
2021-07-12,0.68717,,,,,0.70514,0.71319,0.71581,0.7211,0.69494,0.70571,-0.01077,-0.00924,-0.00653,-0.00153,,,-0.02,1.02,-2.74,0.3,-0.44,0.15,-3.41,3.53,1.0,8.0,19.0,5.0,11.0,1.0,17.0,11.0,-0.0,-0.01,0.00143,-0.00321,0.44444,30.76923,34.18401,,,-3.13477,22.22222,29.62963,22.222,,34.52381,31.87831,32.08664,31.50353,,,0.01403,0.01467,,,-0.0791,-0.1067,-0.1596,-0.0805,-0.0276,-0.0529,0,0,0,,,,,,-0.15,,,0.751,0.741,0.755,0.714,0.697,0.677,2021-06-03,2021-04-22,2021-03-10,2021-05-12,2021-03-30,2021-01-29,-8.5,5.18,-3.64,6.31,-7.68,11.52,26.0,13.0,13.0,17.0,14.0,26.0,-0.0,0.0,-0.0,0.0,-1.0,0.0,0.69,0.7,0.71,0.68,0.695,0.705,2021-07-09,2021-07-06,2021-06-23,2021-07-08,2021-07-05,2021-06-22,0.02,0.021,0.035,0.019,0.02,0.025,2021-04-13,2021-01-11,2020-07-29,2021-03-01,2020-12-10,2020-05-27,2156900.0,976900.0,845400.0,18.08,13.27,-10.64,0.003,0.005,0.001,0.002,-0.004,-0.018,-0.00127,0.0115,0.00889,0.00557,-0.00729,-0.02455,49.84,48.051,49.289,28.897,45.03,39.838,44.444,13.333,81.25,22.222,0.0,0.0,51.899,58.704,52.217,33.904,50.205,44.655,2021-05-20,2021-03-22,2020-12-21,2021-05-05,2021-01-27,2020-10-06,59,91,164,98,113,200,2021-05-03,2021-02-22,2020-11-27,2021-06-28,2021-03-24,2021-01-12,2021-07-09,2021-06-23,2021-06-04,2021-07-12,2021-07-05,2021-06-21,2021-05-06,2021-02-25,2020-12-02,2021-07-07,2021-04-13,2021-01-11,0,0,0,1,1,0,1,0,0,0,0,1,0,1,1,0,0,0,0,1,1,0,1,0,1,0,1,0,1,0,,,,,,n2p,,,,Life.BearEnd,Life.Bull,Life.BullEnd,Life.BearStart,Life.Bear,,
2021-07-13,0.68727,0.687,,,,0.70321,0.71189,0.7151,0.72069,0.69264,0.7038,-0.01116,-0.00962,-0.0067,-0.00154,,,0.98,-2.74,0.3,-0.44,0.15,-3.41,3.53,,8.0,19.0,5.0,11.0,1.0,17.0,11.0,,0.0,0.0,0.00107,-0.00321,0.33333,25.0,34.3974,,,-8.904,30.0,32.22222,,30.0,40.47619,36.11111,32.7286,32.10059,,,0.01445,0.0145,,,-0.088,-0.1189,-0.1748,-0.0868,-0.0309,-0.0559,0,0,0,,,,,,-0.15,,,0.751,0.741,0.755,0.687,0.714,0.697,2021-06-03,2021-04-22,2021-03-10,2021-07-13,2021-05-12,2021-03-30,0.0,-8.52,5.18,-3.64,6.31,-7.68,0.0,27.0,13.0,13.0,17.0,14.0,0.0,-0.0,0.0,-0.0,0.0,-1.0,0.69,0.7,0.71,0.68,0.695,0.705,2021-07-09,2021-07-06,2021-06-23,2021-07-08,2021-07-05,2021-06-22,0.02,0.021,0.035,0.019,0.02,0.025,2021-04-13,2021-01-11,2020-07-29,2021-03-01,2020-12-10,2020-05-27,976900.0,845400.0,1197700.0,13.27,-10.64,-24.11,0.003,0.005,0.001,0.002,-0.004,-0.018,-0.00127,0.0115,0.00889,0.00557,-0.00729,-0.02455,49.84,48.051,49.289,28.897,45.03,39.838,30.0,44.444,13.333,22.222,0.0,0.0,51.899,58.704,52.217,33.904,50.205,44.655,2021-05-20,2021-03-22,2020-12-21,2021-05-05,2021-01-27,2020-10-06,59,91,164,98,113,200,2021-05-03,2021-02-22,2020-11-27,2021-06-28,2021-03-24,2021-01-12,2021-07-13,2021-07-09,2021-06-23,2021-07-12,2021-07-05,2021-06-21,2021-05-06,2021-02-25,2020-12-02,2021-07-07,2021-04-13,2021-01-11,0,0,1,0,1,0,1,0,0,0,0,1,0,1,1,0,0,0,0,1,1,0,1,0,1,0,1,0,1,0,,,,,n2p,,,,,Life.BearEnd,Life.Bull,Life.BullEnd,Life.BearStart,Life.Bear,,
2021-07-14,0.68814,,,0.675,,0.70104,0.71044,0.71431,0.72024,0.68993,0.70167,-0.01174,-0.01005,-0.00684,-0.0017,,,0.85,-2.74,0.3,-0.44,0.15,-3.41,3.53,,7.0,19.0,5.0,11.0,1.0,17.0,11.0,,-0.0,-0.005,0.00107,-0.00286,0.375,27.27273,34.66744,,,-6.63127,22.22222,24.81481,22.222,,34.92063,36.64021,33.4003,32.73851,,,0.01414,0.01434,,,-0.098,-0.1327,-0.192,-0.094,-0.0347,-0.0593,0,0,0,,,,,,-0.15,,,0.751,0.741,0.755,0.687,0.714,0.697,2021-06-03,2021-04-22,2021-03-10,2021-07-13,2021-05-12,2021-03-30,0.17,-8.52,5.18,-3.64,6.31,-7.68,1.0,27.0,13.0,13.0,17.0,14.0,0.0,-0.0,0.0,-0.0,0.0,-1.0,0.69,0.7,0.71,0.675,0.68,0.695,2021-07-09,2021-07-06,2021-06-23,2021-07-14,2021-07-08,2021-07-05,0.02,0.021,0.035,0.019,0.02,0.025,2021-04-13,2021-01-11,2020-07-29,2021-03-01,2020-12-10,2020-05-27,845400.0,1197700.0,466100.0,-10.64,-24.11,-16.91,0.003,0.005,0.001,0.002,-0.004,-0.018,-0.00127,0.0115,0.00889,0.00557,-0.00729,-0.02455,49.84,48.051,49.289,28.897,45.03,39.838,30.0,44.444,13.333,22.222,22.222,0.0,51.899,58.704,52.217,33.904,50.205,44.655,2021-05-20,2021-03-22,2020-12-21,2021-05-05,2021-01-27,2020-10-06,59,91,164,98,113,200,2021-05-03,2021-02-22,2020-11-27,2021-06-28,2021-03-24,2021-01-12,2021-07-13,2021-07-09,2021-06-23,2021-07-14,2021-07-12,2021-07-05,2021-05-06,2021-02-25,2020-12-02,2021-07-07,2021-04-13,2021-01-11,0,0,1,0,1,0,1,0,0,0,0,1,0,1,1,0,0,0,0,1,1,0,1,0,1,0,1,0,1,0,,,,,,,,,,Life.BearEnd,Life.Bull,Life.BullEnd,Life.BearStart,Life.Bear,,
2021-07-15,0.68956,,,,,0.70019,0.70964,0.71383,0.71994,0.68994,0.70081,-0.01087,-0.01021,-0.00695,-0.00066,,,0.64,-2.74,0.3,-0.44,0.15,-3.41,3.53,,6.0,19.0,5.0,11.0,1.0,17.0,11.0,,0.015,0.0,0.00214,-0.00286,0.75,42.85714,34.98963,,,8.95314,55.55556,35.92593,,,58.73016,44.70899,34.08797,33.40562,,,0.0142,0.01419,,,-0.103,-0.1364,-0.1975,-0.0945,-0.0334,-0.0611,0,0,0,,,,,,-0.15,,,0.751,0.741,0.755,0.687,0.714,0.697,2021-06-03,2021-04-22,2021-03-10,2021-07-13,2021-05-12,2021-03-30,0.37,-8.52,5.18,-3.64,6.31,-7.68,2.0,27.0,13.0,13.0,17.0,14.0,0.0,-0.0,0.0,-0.0,0.0,-1.0,0.69,0.7,0.71,0.675,0.68,0.695,2021-07-09,2021-07-06,2021-06-23,2021-07-14,2021-07-08,2021-07-05,0.02,0.021,0.035,0.019,0.02,0.025,2021-04-13,2021-01-11,2020-07-29,2021-03-01,2020-12-10,2020-05-27,1197700.0,466100.0,317500.0,-24.11,-16.91,-21.04,0.003,0.005,0.001,0.002,-0.004,-0.018,-0.00127,0.0115,0.00889,0.00557,-0.00729,-0.02455,49.84,48.051,49.289,28.897,45.03,39.838,30.0,44.444,13.333,22.222,22.222,0.0,51.899,58.704,52.217,33.904,50.205,44.655,2021-05-20,2021-03-22,2020-12-21,2021-05-05,2021-01-27,2020-10-06,59,91,164,98,113,200,2021-05-03,2021-02-22,2020-11-27,2021-06-28,2021-03-24,2021-01-12,2021-07-13,2021-07-09,2021-06-23,2021-07-14,2021-07-12,2021-07-05,2021-05-06,2021-02-25,2020-12-02,2021-07-07,2021-04-13,2021-01-11,0,0,1,0,1,0,1,0,0,0,0,1,0,1,1,0,0,0,0,1,1,0,1,0,1,0,1,0,1,0,,,,,,,,,,Life.BearEnd,Life.Bull,Life.BullEnd,Life.BearStart,Life.Bear,,
2021-07-16,0.69121,,,,,0.6994,0.70887,0.71336,0.71964,0.68995,0.70001,-0.01006,-0.01018,-0.00705,0.00012,,,0.4,-2.74,0.3,-0.44,0.15,-3.41,3.53,,5.0,19.0,5.0,11.0,1.0,17.0,11.0,,0.0,0.0,0.00214,-0.00286,0.75,42.85714,35.35978,,,8.95314,55.55556,44.44444,,,77.77778,57.14286,34.77745,34.08857,,,0.0139,0.01405,,,-0.1077,-0.1396,-0.2024,-0.0947,-0.0319,-0.0628,0,0,0,,,,,,-0.15,,,0.751,0.741,0.755,0.687,0.714,0.697,2021-06-03,2021-04-22,2021-03-10,2021-07-13,2021-05-12,2021-03-30,0.61,-8.52,5.18,-3.64,6.31,-7.68,3.0,27.0,13.0,13.0,17.0,14.0,0.0,-0.0,0.0,-0.0,0.0,-1.0,0.69,0.7,0.71,0.675,0.68,0.695,2021-07-09,2021-07-06,2021-06-23,2021-07-14,2021-07-08,2021-07-05,0.02,0.021,0.035,0.019,0.02,0.025,2021-04-13,2021-01-11,2020-07-29,2021-03-01,2020-12-10,2020-05-27,466100.0,317500.0,229300.0,-16.91,-21.04,-48.88,0.003,0.005,0.001,0.002,-0.004,-0.018,-0.00127,0.0115,0.00889,0.00557,-0.00729,-0.02455,49.84,48.051,49.289,28.897,45.03,39.838,30.0,44.444,13.333,22.222,22.222,0.0,51.899,58.704,52.217,33.904,50.205,44.655,2021-05-20,2021-03-22,2020-12-21,2021-05-05,2021-01-27,2020-10-06,59,91,164,98,113,200,2021-05-03,2021-02-22,2020-11-27,2021-06-28,2021-03-24,2021-01-12,2021-07-13,2021-07-09,2021-06-23,2021-07-14,2021-07-12,2021-07-05,2021-05-06,2021-02-25,2020-12-02,2021-07-07,2021-04-13,2021-01-11,0,0,1,0,1,0,1,0,0,0,0,1,0,1,1,0,0,0,0,1,1,0,1,0,1,0,1,0,1,0,,,,,,,,,,Life.BearEnd,Life.Bull,Life.BullEnd,Life.BearStart,Life.Bear,,
2021-07-19,0.69273,,,,0.705,0.69984,0.70872,0.71319,0.71949,0.69226,0.70038,-0.00811,-0.00977,-0.00711,0.00165,,,0.18,-2.74,0.3,-0.44,0.15,-3.41,3.53,,4.0,19.0,5.0,11.0,1.0,17.0,11.0,,0.015,0.0,0.00321,-0.00286,1.125,52.94118,35.77367,,,19.03718,88.88889,66.66667,,88.889,100.0,78.83598,35.45538,34.7736,,,0.01398,0.01392,,,-0.1077,-0.1335,-0.1965,-0.0888,-0.0258,-0.063,1,0,1,,,,,,-0.15,,,0.751,0.741,0.755,0.687,0.714,0.697,2021-06-03,2021-04-22,2021-03-10,2021-07-13,2021-05-12,2021-03-30,0.83,-8.52,5.18,-3.64,6.31,-7.68,4.0,27.0,13.0,13.0,17.0,14.0,0.0,-0.0,0.0,-0.0,0.0,-1.0,0.705,0.69,0.7,0.675,0.68,0.695,2021-07-19,2021-07-09,2021-07-06,2021-07-14,2021-07-08,2021-07-05,0.02,0.021,0.035,0.019,0.02,0.025,2021-04-13,2021-01-11,2020-07-29,2021-03-01,2020-12-10,2020-05-27,317500.0,229300.0,904100.0,-21.04,-48.88,43.24,0.003,0.005,0.001,0.002,-0.004,-0.018,-0.00127,0.0115,0.00889,0.00557,-0.00729,-0.02455,49.84,48.051,49.289,28.897,45.03,39.838,88.889,30.0,44.444,22.222,22.222,0.0,51.899,58.704,52.217,33.904,50.205,44.655,2021-05-20,2021-03-22,2020-12-21,2021-05-05,2021-01-27,2020-10-06,59,91,164,98,113,200,2021-05-03,2021-02-22,2020-11-27,2021-06-28,2021-03-24,2021-01-12,2021-07-19,2021-07-13,2021-07-09,2021-07-14,2021-07-12,2021-07-05,2021-05-06,2021-02-25,2020-12-02,2021-07-07,2021-04-13,2021-01-11,0,0,1,0,0,1,1,0,0,0,0,1,0,1,1,0,0,1,0,1,1,0,1,0,1,0,1,0,1,0,904100,,,,,,,,n2p,Life.BearEnd,Life.Bull,Life.BullEnd,Life.BearStart,Life.Bear,,
2021-07-21,0.69375,,,,,0.69985,0.70838,0.71293,0.7193,0.69345,0.70035,-0.00689,-0.00919,-0.00716,0.0023,,,0.04,-2.74,0.3,-0.44,0.15,-3.41,3.53,,2.0,19.0,5.0,11.0,1.0,17.0,11.0,,-0.0,-0.005,0.00321,-0.00321,1.0,50.0,36.22741,,,16.096,77.77778,74.07407,,,94.44444,90.74074,36.11126,35.44803,,,0.01369,0.01379,,,-0.1092,-0.1308,-0.1945,-0.0853,-0.0216,-0.0637,1,0,1,,,,,,-0.15,,,0.751,0.741,0.755,0.687,0.714,0.697,2021-06-03,2021-04-22,2021-03-10,2021-07-13,2021-05-12,2021-03-30,0.98,-8.52,5.18,-3.64,6.31,-7.68,5.0,27.0,13.0,13.0,17.0,14.0,0.0,-0.0,0.0,-0.0,0.0,-1.0,0.705,0.69,0.7,0.675,0.68,0.695,2021-07-19,2021-07-09,2021-07-06,2021-07-14,2021-07-08,2021-07-05,0.02,0.021,0.035,0.019,0.02,0.025,2021-04-13,2021-01-11,2020-07-29,2021-03-01,2020-12-10,2020-05-27,229300.0,904100.0,1189000.0,-48.88,43.24,60.07,0.003,0.005,0.001,0.002,-0.004,-0.018,-0.00127,0.0115,0.00889,0.00557,-0.00729,-0.02455,49.84,48.051,49.289,28.897,45.03,39.838,88.889,30.0,44.444,22.222,22.222,0.0,51.899,58.704,52.217,33.904,50.205,44.655,2021-05-20,2021-03-22,2020-12-21,2021-05-05,2021-01-27,2020-10-06,59,91,164,98,113,200,2021-05-03,2021-02-22,2020-11-27,2021-06-28,2021-03-24,2021-01-12,2021-07-19,2021-07-13,2021-07-09,2021-07-14,2021-07-12,2021-07-05,2021-05-06,2021-02-25,2020-12-02,2021-07-07,2021-04-13,2021-01-11,0,0,1,0,0,1,1,0,0,0,0,1,0,1,1,0,0,1,0,1,1,0,1,0,1,0,1,0,1,0,,,,,,,,n2p,,Life.BearEnd,Life.Bull,Life.BullEnd,Life.BearStart,Life.Bear,,
2021-07-22,0.69411,,,,,0.69986,0.70805,0.71267,0.71911,0.69446,0.70032,-0.00586,-0.00853,-0.00718,0.00266,,,-0.02,-2.74,0.3,-0.44,0.15,-3.41,3.53,,1.0,19.0,5.0,11.0,1.0,17.0,11.0,,0.0,0.0,0.00321,-0.00321,1.0,50.0,36.71589,,,16.096,77.77778,81.48148,,,88.88889,94.44444,36.73791,36.10152,,,0.01343,0.01368,,,-0.1106,-0.1281,-0.1925,-0.0819,-0.0175,-0.0644,1,0,1,,,,,,-0.15,,,0.751,0.741,0.755,0.687,0.714,0.697,2021-06-03,2021-04-22,2021-03-10,2021-07-13,2021-05-12,2021-03-30,1.03,-8.52,5.18,-3.64,6.31,-7.68,6.0,27.0,13.0,13.0,17.0,14.0,0.0,-0.0,0.0,-0.0,0.0,-1.0,0.705,0.69,0.7,0.675,0.68,0.695,2021-07-19,2021-07-09,2021-07-06,2021-07-14,2021-07-08,2021-07-05,0.02,0.021,0.035,0.019,0.02,0.025,2021-04-13,2021-01-11,2020-07-29,2021-03-01,2020-12-10,2020-05-27,904100.0,1189000.0,120800.0,43.24,60.07,-4.67,0.003,0.005,0.001,0.002,-0.004,-0.018,-0.00127,0.0115,0.00889,0.00557,-0.00729,-0.02455,49.84,48.051,49.289,28.897,45.03,39.838,88.889,30.0,44.444,22.222,22.222,0.0,51.899,58.704,52.217,33.904,50.205,44.655,2021-05-20,2021-03-22,2020-12-21,2021-05-05,2021-01-27,2020-10-06,59,91,164,98,113,200,2021-05-03,2021-02-22,2020-11-27,2021-06-28,2021-03-24,2021-01-12,2021-07-19,2021-07-13,2021-07-09,2021-07-14,2021-07-12,2021-07-05,2021-05-06,2021-02-25,2020-12-02,2021-07-07,2021-04-13,2021-01-11,0,0,1,0,0,1,1,0,0,0,0,1,0,1,1,0,0,1,0,1,1,0,1,0,1,0,1,0,1,0,,,120800,,,,n2p,,p2n,Life.BearEnd,Life.Bull,Life.BullEnd,Life.BearStart,Life.Bear,,
2021-07-23,0.69371,,0.694,,,0.69987,0.70773,0.71242,0.71892,0.69531,0.7003,-0.00499,-0.00782,-0.00717,0.00283,,,-2.7,0.3,-0.44,0.15,-3.41,3.53,,,19.0,5.0,11.0,1.0,17.0,11.0,,,0.0,0.0,0.00321,-0.00321,1.0,50.0,37.23323,,,16.096,77.77778,77.77778,,,82.22222,88.51852,37.33044,36.72654,,,0.01318,0.01357,,,-0.1119,-0.1255,-0.1905,-0.0786,-0.0136,-0.065,1,0,1,,,,,,-0.15,,,0.694,0.751,0.741,0.687,0.714,0.697,2021-07-23,2021-06-03,2021-04-22,2021-07-13,2021-05-12,2021-03-30,0.0,1.02,-8.52,5.18,-3.64,6.31,0.0,7.0,27.0,13.0,13.0,17.0,0.0,0.0,-0.0,0.0,-0.0,0.0,0.705,0.69,0.7,0.675,0.68,0.695,2021-07-19,2021-07-09,2021-07-06,2021-07-14,2021-07-08,2021-07-05,0.02,0.021,0.035,0.019,0.02,0.025,2021-04-13,2021-01-11,2020-07-29,2021-03-01,2020-12-10,2020-05-27,1189000.0,120800.0,457600.0,60.07,-4.67,-20.17,0.003,0.005,0.001,0.002,-0.004,-0.018,-0.00127,0.0115,0.00889,0.00557,-0.00729,-0.02455,49.84,48.051,49.289,28.897,45.03,39.838,88.889,30.0,44.444,22.222,22.222,0.0,51.899,58.704,52.217,33.904,50.205,44.655,2021-05-20,2021-03-22,2020-12-21,2021-05-05,2021-01-27,2020-10-06,59,91,164,98,113,200,2021-05-03,2021-02-22,2020-11-27,2021-06-28,2021-03-24,2021-01-12,2021-07-19,2021-07-13,2021-07-09,2021-07-14,2021-07-12,2021-07-05,2021-05-06,2021-02-25,2020-12-02,2021-07-07,2021-04-13,2021-01-11,1,0,1,0,0,1,1,0,0,0,0,1,0,1,1,0,0,1,0,1,1,0,1,0,1,0,1,0,1,0,,,,,,n2p,,p2n,,Life.BearEnd,Life.Bull,Life.BullEnd,Life.BearStart,Life.Bear,,
2021-07-26,0.69254,,,,,0.6995,0.70723,0.71208,0.71868,0.69526,0.69991,-0.00464,-0.00718,-0.00715,0.00254,,,-2.53,0.3,-0.44,0.15,-3.41,3.53,,,18.0,5.0,11.0,1.0,17.0,11.0,,,-0.0,-0.005,0.00321,-0.00321,1.0,50.0,37.77378,,,16.096,75.0,76.85185,,,65.55556,78.88889,37.88409,37.31748,,,0.0126,0.01347,,,-0.1145,-0.1258,-0.1918,-0.0773,-0.0113,-0.066,0,0,1,,,,,,-0.15,,,0.694,0.751,0.741,0.687,0.714,0.697,2021-07-23,2021-06-03,2021-04-22,2021-07-13,2021-05-12,2021-03-30,-0.21,1.02,-8.52,5.18,-3.64,6.31,1.0,7.0,27.0,13.0,13.0,17.0,-0.0,0.0,-0.0,0.0,-0.0,0.0,0.705,0.69,0.7,0.675,0.68,0.695,2021-07-19,2021-07-09,2021-07-06,2021-07-14,2021-07-08,2021-07-05,0.02,0.021,0.035,0.019,0.02,0.025,2021-04-13,2021-01-11,2020-07-29,2021-03-01,2020-12-10,2020-05-27,120800.0,457600.0,313600.0,-4.67,-20.17,-49.53,0.003,0.005,0.001,0.002,-0.004,-0.018,-0.00127,0.0115,0.00889,0.00557,-0.00729,-0.02455,49.84,48.051,49.289,28.897,45.03,39.838,88.889,30.0,44.444,22.222,22.222,0.0,51.899,58.704,52.217,33.904,50.205,44.655,2021-05-20,2021-03-22,2020-12-21,2021-05-05,2021-01-27,2020-10-06,59,91,164,98,113,200,2021-05-03,2021-02-22,2020-11-27,2021-06-28,2021-03-24,2021-01-12,2021-07-19,2021-07-13,2021-07-09,2021-07-14,2021-07-12,2021-07-05,2021-05-06,2021-02-25,2020-12-02,2021-07-07,2021-04-13,2021-01-11,1,0,1,0,0,1,1,0,0,0,0,1,0,1,1,0,0,1,0,1,1,0,1,0,1,0,1,0,1,0,,,,,n2p,,p2n,,,Life.BearEnd,Life.Bull,Life.BullEnd,Life.BearStart,Life.Bear,,
2021-07-27,0.69076,,,0.685,,0.69838,0.70636,0.71154,0.71834,0.69369,0.6988,-0.00512,-0.00677,-0.00711,0.00165,,,-2.28,0.3,-0.44,0.15,-3.41,3.53,,,17.0,5.0,11.0,1.0,17.0,11.0,,,-0.0,-0.01,0.00286,-0.00393,0.72727,42.10526,38.33102,,,8.20126,50.0,67.59259,50.0,,37.77778,61.85185,38.39427,37.8696,,,0.01241,0.01337,,,-0.1198,-0.1316,-0.1996,-0.0798,-0.0118,-0.068,0,0,0,,,,,,-0.15,,,0.694,0.751,0.741,0.687,0.714,0.697,2021-07-23,2021-06-03,2021-04-22,2021-07-13,2021-05-12,2021-03-30,-0.47,1.02,-8.52,5.18,-3.64,6.31,2.0,7.0,27.0,13.0,13.0,17.0,-0.0,0.0,-0.0,0.0,-0.0,0.0,0.705,0.69,0.7,0.685,0.675,0.68,2021-07-19,2021-07-09,2021-07-06,2021-07-27,2021-07-14,2021-07-08,0.02,0.021,0.035,0.019,0.02,0.025,2021-04-13,2021-01-11,2020-07-29,2021-03-01,2020-12-10,2020-05-27,457600.0,313600.0,3318600.0,-20.17,-49.53,358.5,0.003,0.005,0.001,0.002,-0.004,-0.018,-0.00127,0.0115,0.00889,0.00557,-0.00729,-0.02455,49.84,48.051,49.289,28.897,45.03,39.838,88.889,30.0,44.444,50.0,22.222,22.222,51.899,58.704,52.217,33.904,50.205,44.655,2021-05-20,2021-03-22,2020-12-21,2021-05-05,2021-01-27,2020-10-06,59,91,164,98,113,200,2021-05-03,2021-02-22,2020-11-27,2021-06-28,2021-03-24,2021-01-12,2021-07-19,2021-07-13,2021-07-09,2021-07-27,2021-07-14,2021-07-12,2021-05-06,2021-02-25,2020-12-02,2021-07-07,2021-04-13,2021-01-11,1,0,1,0,0,1,0,1,0,0,0,1,0,1,1,0,0,1,0,1,1,0,1,0,1,0,1,0,1,0,-3318600,,,,,p2n,,,n2p,Life.BearEnd,Life.Bull,Life.BullEnd,Life.BearStart,Life.Bear,,
2021-07-28,0.68859,,,,0.69,0.69774,0.70572,0.71111,0.71806,0.69312,0.69815,-0.00503,-0.00642,-0.00705,0.00139,,,-1.97,0.3,-0.44,0.15,-3.41,3.53,,,16.0,5.0,11.0,1.0,17.0,11.0,,,0.005,0.0,0.00321,-0.00357,0.9,47.36842,38.89745,,,13.46442,62.5,62.5,,62.5,19.44444,40.92593,38.85632,38.37822,,,0.0126,0.01329,,,-0.1234,-0.1337,-0.2032,-0.0798,-0.0103,-0.0695,0,0,0,,,,,,-0.15,,,0.694,0.751,0.741,0.687,0.714,0.697,2021-07-23,2021-06-03,2021-04-22,2021-07-13,2021-05-12,2021-03-30,-0.78,1.02,-8.52,5.18,-3.64,6.31,3.0,7.0,27.0,13.0,13.0,17.0,-0.0,0.0,-0.0,0.0,-0.0,0.0,0.69,0.705,0.69,0.685,0.675,0.68,2021-07-28,2021-07-19,2021-07-09,2021-07-27,2021-07-14,2021-07-08,0.02,0.021,0.035,0.019,0.02,0.025,2021-04-13,2021-01-11,2020-07-29,2021-03-01,2020-12-10,2020-05-27,313600.0,3318600.0,100600.0,-49.53,358.5,-8.73,0.003,0.005,0.001,0.002,-0.004,-0.018,-0.00127,0.0115,0.00889,0.00557,-0.00729,-0.02455,49.84,48.051,49.289,28.897,45.03,39.838,62.5,88.889,30.0,50.0,22.222,22.222,51.899,58.704,52.217,33.904,50.205,44.655,2021-05-20,2021-03-22,2020-12-21,2021-05-05,2021-01-27,2020-10-06,59,91,164,98,113,200,2021-05-03,2021-02-22,2020-11-27,2021-06-28,2021-03-24,2021-01-12,2021-07-28,2021-07-19,2021-07-13,2021-07-27,2021-07-14,2021-07-12,2021-05-06,2021-02-25,2020-12-02,2021-07-07,2021-04-13,2021-01-11,1,0,1,0,1,0,0,1,0,0,0,1,0,1,1,0,0,0,0,1,1,0,1,0,1,0,1,0,1,0,,,100600,,p2n,,,n2p,p2n,Life.BearEnd,Life.Bull,Life.BullEnd,Life.BearStart,Life.Bear,,
2021-07-29,0.68636,,,0.68,,0.69637,0.70471,0.7105,0.71768,0.6911,0.6968,-0.0057,-0.00628,-0.00697,0.00057,,,-1.65,0.3,-0.44,0.15,-3.41,3.53,,,15.0,5.0,11.0,1.0,17.0,11.0,,,-0.0,-0.01,0.00321,-0.00321,1.0,50.0,39.46594,,,16.096,37.5,50.0,37.5,,8.33333,21.85185,39.26507,38.83855,,,0.01277,0.01321,,,-0.1297,-0.1413,-0.2131,-0.0834,-0.0116,-0.0718,0,0,0,,,,,,-0.15,,,0.694,0.751,0.741,0.687,0.714,0.697,2021-07-23,2021-06-03,2021-04-22,2021-07-13,2021-05-12,2021-03-30,-1.1,1.02,-8.52,5.18,-3.64,6.31,4.0,7.0,27.0,13.0,13.0,17.0,-0.0,0.0,-0.0,0.0,-0.0,0.0,0.69,0.705,0.69,0.68,0.685,0.675,2021-07-28,2021-07-19,2021-07-09,2021-07-29,2021-07-27,2021-07-14,0.02,0.021,0.035,0.019,0.02,0.025,2021-04-13,2021-01-11,2020-07-29,2021-03-01,2020-12-10,2020-05-27,3318600.0,100600.0,2929800.0,358.5,-8.73,70.09,0.003,0.005,0.001,0.002,-0.004,-0.018,-0.00127,0.0115,0.00889,0.00557,-0.00729,-0.02455,49.84,48.051,49.289,28.897,45.03,39.838,62.5,88.889,30.0,37.5,50.0,22.222,51.899,58.704,52.217,33.904,50.205,44.655,2021-05-20,2021-03-22,2020-12-21,2021-05-05,2021-01-27,2020-10-06,59,91,164,98,113,200,2021-05-03,2021-02-22,2020-11-27,2021-06-28,2021-03-24,2021-01-12,2021-07-28,2021-07-19,2021-07-13,2021-07-29,2021-07-27,2021-07-14,2021-05-06,2021-02-25,2020-12-02,2021-07-07,2021-04-13,2021-01-11,1,0,1,0,1,0,0,0,0,0,0,1,0,1,1,0,0,0,0,0,1,0,1,0,1,0,1,0,1,0,-2929800,,,,,,n2p,p2n,n2p,Life.BearEnd,Life.Bull,Life.BullEnd,Life.BearStart,Life.Bear,,
2021-07-30,0.68429,,,,0.69,0.69588,0.70414,0.71009,0.71741,0.69093,0.6963,-0.00537,-0.0061,-0.00688,0.00073,,,-1.36,0.3,-0.44,0.15,-3.41,3.53,,,14.0,5.0,11.0,1.0,17.0,11.0,,,0.01,0.0,0.00321,-0.00321,1.0,50.0,40.02991,,,16.096,62.5,54.16667,,62.5,30.55556,19.44444,39.6175,39.2463,,,0.01329,0.01313,,,-0.1327,-0.1421,-0.2153,-0.0826,-0.0094,-0.0732,0,0,0,,,,,,-0.15,,,0.694,0.751,0.741,0.687,0.714,0.697,2021-07-23,2021-06-03,2021-04-22,2021-07-13,2021-05-12,2021-03-30,-1.4,1.02,-8.52,5.18,-3.64,6.31,5.0,7.0,27.0,13.0,13.0,17.0,-0.0,0.0,-0.0,0.0,-0.0,0.0,0.69,0.69,0.705,0.68,0.685,0.675,2021-07-30,2021-07-28,2021-07-19,2021-07-29,2021-07-27,2021-07-14,0.02,0.021,0.035,0.019,0.02,0.025,2021-04-13,2021-01-11,2020-07-29,2021-03-01,2020-12-10,2020-05-27,100600.0,2929800.0,603100.0,-8.73,70.09,-42.77,0.003,0.005,0.001,0.002,-0.004,-0.018,-0.00127,0.0115,0.00889,0.00557,-0.00729,-0.02455,49.84,48.051,49.289,28.897,45.03,39.838,62.5,62.5,88.889,37.5,50.0,22.222,51.899,58.704,52.217,33.904,50.205,44.655,2021-05-20,2021-03-22,2020-12-21,2021-05-05,2021-01-27,2020-10-06,59,91,164,98,113,200,2021-05-03,2021-02-22,2020-11-27,2021-06-28,2021-03-24,2021-01-12,2021-07-30,2021-07-28,2021-07-19,2021-07-29,2021-07-27,2021-07-14,2021-05-06,2021-02-25,2020-12-02,2021-07-07,2021-04-13,2021-01-11,1,0,1,0,1,0,0,0,0,0,0,1,0,1,1,0,1,0,0,0,1,0,1,0,1,0,1,0,1,0,,,603100,,,n2p,p2n,n2p,p2n,Life.BearEnd,Life.Bull,Life.BullEnd,Life.BearStart,Life.Bear,,
2021-08-02,0.68255,,,,,0.69466,0.70319,0.7095,0.71704,0.68925,0.69509,-0.00584,-0.00605,-0.00679,0.0002,,,-1.11,0.3,-0.44,0.15,-3.41,3.53,,,13.0,5.0,11.0,1.0,17.0,11.0,,,-0.0,-0.01,0.00321,-0.00321,1.0,50.0,40.5831,,,16.096,37.5,45.83333,,,33.33333,24.07407,39.91559,39.59939,,,0.01305,0.01307,,,-0.1385,-0.1484,-0.2238,-0.0853,-0.0099,-0.0754,0,0,0,,,,,,-0.15,,,0.694,0.751,0.741,0.687,0.714,0.697,2021-07-23,2021-06-03,2021-04-22,2021-07-13,2021-05-12,2021-03-30,-1.65,1.02,-8.52,5.18,-3.64,6.31,6.0,7.0,27.0,13.0,13.0,17.0,-0.0,0.0,-0.0,0.0,-0.0,0.0,0.69,0.69,0.705,0.68,0.685,0.675,2021-07-30,2021-07-28,2021-07-19,2021-07-29,2021-07-27,2021-07-14,0.02,0.021,0.035,0.019,0.02,0.025,2021-04-13,2021-01-11,2020-07-29,2021-03-01,2020-12-10,2020-05-27,2929800.0,603100.0,177700.0,70.09,-42.77,2.12,0.003,0.005,0.001,0.002,-0.004,-0.018,-0.00127,0.0115,0.00889,0.00557,-0.00729,-0.02455,49.84,48.051,49.289,28.897,45.03,39.838,62.5,62.5,88.889,37.5,50.0,22.222,51.899,58.704,52.217,33.904,50.205,44.655,2021-05-20,2021-03-22,2020-12-21,2021-05-05,2021-01-27,2020-10-06,59,91,164,98,113,200,2021-05-03,2021-02-22,2020-11-27,2021-06-28,2021-03-24,2021-01-12,2021-07-30,2021-07-28,2021-07-19,2021-07-29,2021-07-27,2021-07-14,2021-05-06,2021-02-25,2020-12-02,2021-07-07,2021-04-13,2021-01-11,1,0,1,0,1,0,0,0,0,0,0,1,0,1,1,0,1,0,0,0,1,0,1,0,1,0,1,0,1,0,-177700,,,,n2p,p2n,n2p,p2n,n2p,Life.BearEnd,Life.Bull,Life.BullEnd,Life.BearStart,Life.Bear,,
2021-08-03,0.68116,,,,,0.69353,0.70228,0.70891,0.71667,0.68783,0.69398,-0.00615,-0.00607,-0.00668,-8e-05,,,-0.9,0.3,-0.44,0.15,-3.41,3.53,,,12.0,5.0,11.0,1.0,17.0,11.0,,,0.0,0.0,0.00321,-0.00321,1.0,50.0,41.11956,,,16.096,28.57143,42.85714,,,44.44444,36.11111,40.16475,39.89928,,,0.01283,0.01301,,,-0.1439,-0.1538,-0.2314,-0.0875,-0.0099,-0.0776,0,0,0,,,,,,-0.15,,,0.694,0.751,0.741,0.687,0.714,0.697,2021-07-23,2021-06-03,2021-04-22,2021-07-13,2021-05-12,2021-03-30,-1.85,1.02,-8.52,5.18,-3.64,6.31,7.0,7.0,27.0,13.0,13.0,17.0,-0.0,0.0,-0.0,0.0,-0.0,0.0,0.69,0.69,0.705,0.68,0.685,0.675,2021-07-30,2021-07-28,2021-07-19,2021-07-29,2021-07-27,2021-07-14,0.02,0.021,0.035,0.019,0.02,0.025,2021-04-13,2021-01-11,2020-07-29,2021-03-01,2020-12-10,2020-05-27,603100.0,177700.0,812900.0,-42.77,2.12,-57.05,0.003,0.005,0.001,0.002,-0.004,-0.018,-0.00127,0.0115,0.00889,0.00557,-0.00729,-0.02455,49.84,48.051,49.289,28.897,45.03,39.838,62.5,62.5,88.889,37.5,50.0,22.222,51.899,58.704,52.217,33.904,50.205,44.655,2021-05-20,2021-03-22,2020-12-21,2021-05-05,2021-01-27,2020-10-06,59,91,164,98,113,200,2021-05-03,2021-02-22,2020-11-27,2021-06-28,2021-03-24,2021-01-12,2021-07-30,2021-07-28,2021-07-19,2021-07-29,2021-07-27,2021-07-14,2021-05-06,2021-02-25,2020-12-02,2021-07-07,2021-04-13,2021-01-11,1,0,1,0,1,0,0,0,0,0,0,1,0,1,1,0,1,0,0,0,1,0,1,0,1,0,1,0,1,0,,,812900,,p2n,n2p,p2n,n2p,p2n,Life.BearEnd,Life.Bull,Life.BullEnd,Life.BearStart,Life.Bear,,
2021-08-04,0.68005,,,,,0.69249,0.70141,0.70834,0.7163,0.68662,0.69294,-0.00632,-0.00612,-0.00656,-0.0002,-0.007,,-0.74,0.3,-0.44,0.15,-3.41,3.53,,,11.0,5.0,11.0,1.0,17.0,11.0,,,0.0,0.0,0.00321,-0.00286,1.125,52.94118,41.63503,,,19.03718,28.57143,31.54762,,,35.55556,37.77778,40.37049,40.15028,,,0.01263,0.01295,,,-0.1489,-0.1585,-0.2381,-0.0892,-0.0096,-0.0796,0,0,0,,,,,,-0.15,,,0.694,0.751,0.741,0.687,0.714,0.697,2021-07-23,2021-06-03,2021-04-22,2021-07-13,2021-05-12,2021-03-30,-2.01,1.02,-8.52,5.18,-3.64,6.31,8.0,7.0,27.0,13.0,13.0,17.0,-0.0,0.0,-0.0,0.0,-0.0,0.0,0.69,0.69,0.705,0.68,0.685,0.675,2021-07-30,2021-07-28,2021-07-19,2021-07-29,2021-07-27,2021-07-14,0.02,0.021,0.035,0.019,0.02,0.025,2021-04-13,2021-01-11,2020-07-29,2021-03-01,2020-12-10,2020-05-27,177700.0,812900.0,1015900.0,2.12,-57.05,25.9,0.003,0.005,0.001,-0.007,0.002,-0.004,-0.00127,0.0115,0.00889,-0.00612,0.00557,-0.00729,49.84,48.051,49.289,28.897,45.03,39.838,62.5,62.5,88.889,37.5,50.0,22.222,51.899,58.704,52.217,33.904,50.205,44.655,2021-05-20,2021-03-22,2020-12-21,2021-08-04,2021-05-05,2021-01-27,59,91,164,91,98,113,2021-05-03,2021-02-22,2020-11-27,2021-06-28,2021-03-24,2021-01-12,2021-07-30,2021-07-28,2021-07-19,2021-07-29,2021-07-27,2021-07-14,2021-05-06,2021-02-25,2020-12-02,2021-07-07,2021-04-13,2021-01-11,1,0,1,0,1,0,0,0,0,0,1,0,0,1,1,0,1,0,0,0,1,0,1,0,1,0,1,0,1,0,1015900,,,,n2p,p2n,n2p,p2n,n2p,Life.BearEnd,Life.Bull,Life.BullEnd,Life.BearStart,Life.Bear,,
2021-08-05,0.67909,,,0.67,,0.69076,0.70017,0.70758,0.71584,0.68406,0.69124,-0.00718,-0.00633,-0.00644,-0.00085,,,-0.6,0.3,-0.44,0.15,-3.41,3.53,,,10.0,5.0,11.0,1.0,17.0,11.0,,,-0.0,-0.01,0.00214,-0.00357,0.6,37.5,42.12608,,,3.596,0.0,19.04762,0.0,,24.44444,34.81481,40.53739,40.35754,,,0.01244,0.01289,,,-0.1567,-0.1682,-0.2508,-0.0941,-0.0115,-0.0826,0,0,0,,,,,,-0.15,,,0.694,0.751,0.741,0.687,0.714,0.697,2021-07-23,2021-06-03,2021-04-22,2021-07-13,2021-05-12,2021-03-30,-2.15,1.02,-8.52,5.18,-3.64,6.31,9.0,7.0,27.0,13.0,13.0,17.0,-0.0,0.0,-0.0,0.0,-0.0,0.0,0.69,0.69,0.705,0.67,0.68,0.685,2021-07-30,2021-07-28,2021-07-19,2021-08-05,2021-07-29,2021-07-27,0.02,0.021,0.035,0.019,0.02,0.025,2021-04-13,2021-01-11,2020-07-29,2021-03-01,2020-12-10,2020-05-27,812900.0,1015900.0,899200.0,-57.05,25.9,35.96,0.003,0.005,0.001,-0.007,0.002,-0.004,-0.00127,0.0115,0.00889,-0.00612,0.00557,-0.00729,49.84,48.051,49.289,28.897,45.03,39.838,62.5,62.5,88.889,0.0,37.5,50.0,51.899,58.704,52.217,33.904,50.205,44.655,2021-05-20,2021-03-22,2020-12-21,2021-08-04,2021-05-05,2021-01-27,59,91,164,91,98,113,2021-05-03,2021-02-22,2020-11-27,2021-06-28,2021-03-24,2021-01-12,2021-07-30,2021-07-28,2021-07-19,2021-08-05,2021-07-29,2021-07-27,2021-05-06,2021-02-25,2020-12-02,2021-07-07,2021-04-13,2021-01-11,1,0,1,0,1,0,1,0,0,0,1,0,0,1,1,0,1,0,1,0,1,0,1,0,1,0,1,0,1,0,,,,,p2n,n2p,p2n,n2p,,Life.BearEnd,Life.Bull,Life.BullEnd,Life.BearStart,Life.Bear,,
2021-08-06,0.67825,,,,,0.68993,0.69938,0.70703,0.71548,0.68344,0.69041,-0.00697,-0.00646,-0.00631,-0.00051,,,-0.48,0.3,-0.44,0.15,-3.41,3.53,,,9.0,5.0,11.0,1.0,17.0,11.0,,,0.01,0.0,0.00286,-0.00357,0.8,44.44444,42.58993,,,10.54044,28.57143,19.04762,,,30.0,30.0,40.66982,40.5259,,,0.01227,0.01285,,,-0.161,-0.171,-0.2555,-0.0945,-0.01,-0.0845,0,0,0,,,,,,-0.15,,,0.694,0.751,0.741,0.687,0.714,0.697,2021-07-23,2021-06-03,2021-04-22,2021-07-13,2021-05-12,2021-03-30,-2.27,1.02,-8.52,5.18,-3.64,6.31,10.0,7.0,27.0,13.0,13.0,17.0,-0.0,0.0,-0.0,0.0,-0.0,0.0,0.69,0.69,0.705,0.67,0.68,0.685,2021-07-30,2021-07-28,2021-07-19,2021-08-05,2021-07-29,2021-07-27,0.02,0.021,0.035,0.019,0.02,0.025,2021-04-13,2021-01-11,2020-07-29,2021-03-01,2020-12-10,2020-05-27,1015900.0,899200.0,275600.0,25.9,35.96,-19.7,0.003,0.005,0.001,-0.007,0.002,-0.004,-0.00127,0.0115,0.00889,-0.00612,0.00557,-0.00729,49.84,48.051,49.289,28.897,45.03,39.838,62.5,62.5,88.889,0.0,37.5,50.0,51.899,58.704,52.217,33.904,50.205,44.655,2021-05-20,2021-03-22,2020-12-21,2021-08-04,2021-05-05,2021-01-27,59,91,164,91,98,113,2021-05-03,2021-02-22,2020-11-27,2021-06-28,2021-03-24,2021-01-12,2021-07-30,2021-07-28,2021-07-19,2021-08-05,2021-07-29,2021-07-27,2021-05-06,2021-02-25,2020-12-02,2021-07-07,2021-04-13,2021-01-11,1,0,1,0,1,0,1,0,0,0,1,0,0,1,1,0,1,0,1,0,1,0,1,0,1,0,1,0,1,0,,,275600,,n2p,p2n,n2p,,p2n,Life.BearEnd,Life.Bull,Life.BullEnd,Life.BearStart,Life.Bear,,
2021-08-09,0.67751,,,,,0.68917,0.69862,0.7065,0.71513,0.68291,0.68964,-0.00673,-0.00651,-0.00618,-0.00022,,,-0.37,0.3,-0.44,0.15,-3.41,3.53,,,8.0,5.0,11.0,1.0,17.0,11.0,,,0.0,0.0,0.00179,-0.00357,0.5,33.33333,43.02462,,,-0.57067,28.57143,19.04762,,,33.33333,29.25926,40.77251,40.65991,,,0.01211,0.0128,,,-0.1651,-0.1733,-0.2596,-0.0945,-0.0082,-0.0863,0,0,0,,,,,,-0.15,,,0.694,0.751,0.741,0.687,0.714,0.697,2021-07-23,2021-06-03,2021-04-22,2021-07-13,2021-05-12,2021-03-30,-2.38,1.02,-8.52,5.18,-3.64,6.31,11.0,7.0,27.0,13.0,13.0,17.0,-0.0,0.0,-0.0,0.0,-0.0,0.0,0.69,0.69,0.705,0.67,0.68,0.685,2021-07-30,2021-07-28,2021-07-19,2021-08-05,2021-07-29,2021-07-27,0.02,0.021,0.035,0.019,0.02,0.025,2021-04-13,2021-01-11,2020-07-29,2021-03-01,2020-12-10,2020-05-27,899200.0,275600.0,132800.0,35.96,-19.7,-40.31,0.003,0.005,0.001,-0.007,0.002,-0.004,-0.00127,0.0115,0.00889,-0.00612,0.00557,-0.00729,49.84,48.051,49.289,28.897,45.03,39.838,62.5,62.5,88.889,0.0,37.5,50.0,51.899,58.704,52.217,33.904,50.205,44.655,2021-05-20,2021-03-22,2020-12-21,2021-08-04,2021-05-05,2021-01-27,59,91,164,91,98,113,2021-05-03,2021-02-22,2020-11-27,2021-06-28,2021-03-24,2021-01-12,2021-07-30,2021-07-28,2021-07-19,2021-08-05,2021-07-29,2021-07-27,2021-05-06,2021-02-25,2020-12-02,2021-07-07,2021-04-13,2021-01-11,1,0,1,0,1,0,1,0,0,0,1,0,0,1,1,0,1,0,1,0,1,0,1,0,1,0,1,0,1,0,,,,,p2n,n2p,,p2n,,Life.BearEnd,Life.Bull,Life.BullEnd,Life.BearStart,Life.Bear,,
2021-08-11,0.67681,,,,,0.68846,0.69789,0.70597,0.71478,0.68246,0.68892,-0.00646,-0.0065,-0.00605,4e-05,,,-0.27,0.3,-0.44,0.15,-3.41,3.53,,,6.0,5.0,11.0,1.0,17.0,11.0,,,0.0,0.0,0.00179,-0.00321,0.55556,35.71429,43.42721,,,1.81029,28.57143,28.57143,,,50.0,37.77778,40.84956,40.76397,,,0.01196,0.01275,,,-0.1689,-0.1751,-0.2632,-0.0943,-0.0062,-0.0881,0,0,0,,,,,,-0.15,,,0.694,0.751,0.741,0.687,0.714,0.697,2021-07-23,2021-06-03,2021-04-22,2021-07-13,2021-05-12,2021-03-30,-2.48,1.02,-8.52,5.18,-3.64,6.31,12.0,7.0,27.0,13.0,13.0,17.0,-0.0,0.0,-0.0,0.0,-0.0,0.0,0.69,0.69,0.705,0.67,0.68,0.685,2021-07-30,2021-07-28,2021-07-19,2021-08-05,2021-07-29,2021-07-27,0.02,0.021,0.035,0.019,0.02,0.025,2021-04-13,2021-01-11,2020-07-29,2021-03-01,2020-12-10,2020-05-27,275600.0,132800.0,339800.0,-19.7,-40.31,-42.78,0.003,0.005,0.001,-0.007,0.002,-0.004,-0.00127,0.0115,0.00889,-0.00612,0.00557,-0.00729,49.84,48.051,49.289,28.897,45.03,39.838,62.5,62.5,88.889,0.0,37.5,50.0,51.899,58.704,52.217,33.904,50.205,44.655,2021-05-20,2021-03-22,2020-12-21,2021-08-04,2021-05-05,2021-01-27,59,91,164,91,98,113,2021-05-03,2021-02-22,2020-11-27,2021-06-28,2021-03-24,2021-01-12,2021-07-30,2021-07-28,2021-07-19,2021-08-05,2021-07-29,2021-07-27,2021-05-06,2021-02-25,2020-12-02,2021-07-07,2021-04-13,2021-01-11,1,0,1,0,1,0,1,0,0,0,1,0,0,1,1,0,1,0,1,0,1,0,1,0,1,0,1,0,1,0,,,,,n2p,,p2n,,,Life.BearEnd,Life.Bull,Life.BullEnd,Life.BearStart,Life.Bear,,
2021-08-12,0.67617,,,,0.68,0.68781,0.69719,0.70546,0.71444,0.68208,0.68826,-0.00618,-0.00644,-0.00591,0.00026,,,-0.17,0.3,-0.44,0.15,-3.41,3.53,,,5.0,5.0,11.0,1.0,17.0,11.0,,,0.0,0.0,0.00179,-0.00321,0.55556,35.71429,43.79467,,,1.81029,28.57143,28.57143,,28.571,50.0,44.44444,40.90374,40.84194,,,0.01146,0.01271,,,-0.1725,-0.1765,-0.2663,-0.0938,-0.004,-0.0898,0,0,0,,,,,,-0.15,,,0.694,0.751,0.741,0.687,0.714,0.697,2021-07-23,2021-06-03,2021-04-22,2021-07-13,2021-05-12,2021-03-30,-2.57,1.02,-8.52,5.18,-3.64,6.31,13.0,7.0,27.0,13.0,13.0,17.0,-0.0,0.0,-0.0,0.0,-0.0,0.0,0.68,0.69,0.69,0.67,0.68,0.685,2021-08-12,2021-07-30,2021-07-28,2021-08-05,2021-07-29,2021-07-27,0.02,0.021,0.035,0.019,0.02,0.025,2021-04-13,2021-01-11,2020-07-29,2021-03-01,2020-12-10,2020-05-27,132800.0,339800.0,104500.0,-40.31,-42.78,-22.87,0.003,0.005,0.001,-0.007,0.002,-0.004,-0.00127,0.0115,0.00889,-0.00612,0.00557,-0.00729,49.84,48.051,49.289,28.897,45.03,39.838,28.571,62.5,62.5,0.0,37.5,50.0,51.899,58.704,52.217,33.904,50.205,44.655,2021-05-20,2021-03-22,2020-12-21,2021-08-04,2021-05-05,2021-01-27,59,91,164,91,98,113,2021-05-03,2021-02-22,2020-11-27,2021-06-28,2021-03-24,2021-01-12,2021-08-12,2021-07-30,2021-07-28,2021-08-05,2021-07-29,2021-07-27,2021-05-06,2021-02-25,2020-12-02,2021-07-07,2021-04-13,2021-01-11,1,0,1,0,1,0,1,0,0,0,1,0,0,1,1,0,1,0,1,0,1,0,1,0,1,0,1,0,1,0,,,,,,p2n,,,,Life.BearEnd,Life.Bull,Life.BullEnd,Life.BearStart,Life.Bear,,
2021-08-13,0.67564,,,,,0.68683,0.69632,0.70486,0.71404,0.68099,0.68728,-0.00629,-0.00641,-0.00578,0.00012,,,-0.09,0.3,-0.44,0.15,-3.41,3.53,,,4.0,5.0,11.0,1.0,17.0,11.0,,,-0.0,-0.005,0.00179,-0.00357,0.5,33.33333,44.12562,,,-0.57067,16.66667,24.60317,,,41.66667,47.22222,40.9353,40.8962,,,0.01207,0.01267,,,-0.1772,-0.1803,-0.2721,-0.0949,-0.0031,-0.0918,0,0,0,,,,,,-0.15,,,0.694,0.751,0.741,0.687,0.714,0.697,2021-07-23,2021-06-03,2021-04-22,2021-07-13,2021-05-12,2021-03-30,-2.65,1.02,-8.52,5.18,-3.64,6.31,14.0,7.0,27.0,13.0,13.0,17.0,-0.0,0.0,-0.0,0.0,-0.0,0.0,0.68,0.69,0.69,0.67,0.68,0.685,2021-08-12,2021-07-30,2021-07-28,2021-08-05,2021-07-29,2021-07-27,0.02,0.021,0.035,0.019,0.02,0.025,2021-04-13,2021-01-11,2020-07-29,2021-03-01,2020-12-10,2020-05-27,339800.0,104500.0,264900.0,-42.78,-22.87,22.89,0.003,0.005,0.001,-0.007,0.002,-0.004,-0.00127,0.0115,0.00889,-0.00612,0.00557,-0.00729,49.84,48.051,49.289,28.897,45.03,39.838,28.571,62.5,62.5,0.0,37.5,50.0,51.899,58.704,52.217,33.904,50.205,44.655,2021-05-20,2021-03-22,2020-12-21,2021-08-04,2021-05-05,2021-01-27,59,91,164,91,98,113,2021-05-03,2021-02-22,2020-11-27,2021-06-28,2021-03-24,2021-01-12,2021-08-12,2021-07-30,2021-07-28,2021-08-05,2021-07-29,2021-07-27,2021-05-06,2021-02-25,2020-12-02,2021-07-07,2021-04-13,2021-01-11,1,0,1,0,1,0,1,0,0,0,1,0,0,1,1,0,1,0,1,0,1,0,1,0,1,0,1,0,1,0,-264900,,,,p2n,,,,n2p,Life.BearEnd,Life.Bull,Life.BullEnd,Life.BearStart,Life.Bear,,
2021-08-16,0.67525,,,0.665,,0.68515,0.69509,0.70407,0.71356,0.67853,0.68563,-0.0071,-0.00654,-0.00564,-0.00055,,,-0.04,0.3,-0.44,0.15,-3.41,3.53,,,3.0,5.0,11.0,1.0,17.0,11.0,,,-0.0,-0.01,0.00179,-0.00393,0.45455,31.25,44.41962,,,-2.654,0.0,15.07937,0.0,,25.0,38.88889,40.94236,40.92713,,40.942,0.01228,0.01263,,,-0.1847,-0.1892,-0.2841,-0.0994,-0.0045,-0.0949,0,0,0,,,,,,-0.15,,,0.694,0.751,0.741,0.687,0.714,0.697,2021-07-23,2021-06-03,2021-04-22,2021-07-13,2021-05-12,2021-03-30,-2.7,1.02,-8.52,5.18,-3.64,6.31,15.0,7.0,27.0,13.0,13.0,17.0,-0.0,0.0,-0.0,0.0,-0.0,0.0,0.68,0.69,0.69,0.665,0.67,0.68,2021-08-12,2021-07-30,2021-07-28,2021-08-16,2021-08-05,2021-07-29,0.02,0.021,0.035,0.019,0.02,0.025,2021-04-13,2021-01-11,2020-07-29,2021-03-01,2020-12-10,2020-05-27,104500.0,264900.0,397300.0,-22.87,22.89,8.11,0.003,0.005,0.001,-0.007,0.002,-0.004,-0.00127,0.0115,0.00889,-0.00612,0.00557,-0.00729,40.942,49.84,48.051,28.897,45.03,39.838,28.571,62.5,62.5,0.0,0.0,37.5,51.899,58.704,52.217,33.904,50.205,44.655,2021-05-20,2021-03-22,2020-12-21,2021-08-04,2021-05-05,2021-01-27,59,91,164,91,98,113,2021-08-16,2021-05-03,2021-02-22,2021-06-28,2021-03-24,2021-01-12,2021-08-12,2021-07-30,2021-07-28,2021-08-16,2021-08-05,2021-07-29,2021-05-06,2021-02-25,2020-12-02,2021-07-07,2021-04-13,2021-01-11,1,0,1,0,1,0,1,0,0,0,1,0,1,0,1,0,1,0,1,0,1,0,1,0,1,0,1,0,1,0,,,,,,,,n2p,,Life.BearEnd,Life.Bull,Life.BullEnd,Life.BearStart,Life.Bear,,
2021-08-17,0.67506,,,,,0.68437,0.6943,0.70349,0.71317,0.67799,0.68484,-0.00685,-0.00661,-0.00551,-0.00025,,,-0.01,0.3,-0.44,0.15,-3.41,3.53,,,2.0,5.0,11.0,1.0,17.0,11.0,,,0.01,0.0,0.0025,-0.00321,0.77778,43.75,44.67704,,,9.846,28.57143,15.07937,,,21.66667,29.44444,40.92361,40.93376,,,0.01247,0.01259,,,-0.1887,-0.1912,-0.288,-0.0993,-0.0025,-0.0968,0,0,0,,,,,,-0.15,,,0.694,0.751,0.741,0.687,0.714,0.697,2021-07-23,2021-06-03,2021-04-22,2021-07-13,2021-05-12,2021-03-30,-2.73,1.02,-8.52,5.18,-3.64,6.31,16.0,7.0,27.0,13.0,13.0,17.0,-0.0,0.0,-0.0,0.0,-0.0,0.0,0.68,0.69,0.69,0.665,0.67,0.68,2021-08-12,2021-07-30,2021-07-28,2021-08-16,2021-08-05,2021-07-29,0.02,0.021,0.035,0.019,0.02,0.025,2021-04-13,2021-01-11,2020-07-29,2021-03-01,2020-12-10,2020-05-27,264900.0,397300.0,93700.0,22.89,8.11,-1.41,0.003,0.005,0.001,-0.007,0.002,-0.004,-0.00127,0.0115,0.00889,-0.00612,0.00557,-0.00729,40.942,49.84,48.051,28.897,45.03,39.838,28.571,62.5,62.5,0.0,0.0,37.5,51.899,58.704,52.217,33.904,50.205,44.655,2021-05-20,2021-03-22,2020-12-21,2021-08-04,2021-05-05,2021-01-27,59,91,164,91,98,113,2021-08-16,2021-05-03,2021-02-22,2021-06-28,2021-03-24,2021-01-12,2021-08-12,2021-07-30,2021-07-28,2021-08-16,2021-08-05,2021-07-29,2021-05-06,2021-02-25,2020-12-02,2021-07-07,2021-04-13,2021-01-11,1,0,1,0,1,0,1,0,0,0,1,0,1,0,1,0,1,0,1,0,1,0,1,0,1,0,1,0,1,0,,,,,,,n2p,,,Life.BearEnd,Life.Bull,Life.BullEnd,Life.BearStart,Life.Bear,,
2021-08-18,0.6751,,,,0.68,0.68403,0.69374,0.70303,0.71284,0.6783,0.68448,-0.00618,-0.00652,-0.00537,0.00034,,,-0.01,0.3,-0.44,0.15,-3.41,3.53,,,1.0,5.0,11.0,1.0,17.0,11.0,,,0.005,0.0,0.0025,-0.00321,0.77778,43.75,44.89917,,,9.846,50.0,26.19048,,50.0,33.33333,26.66667,40.87923,40.91507,,,0.0123,0.01255,,,-0.191,-0.19,-0.2881,-0.0971,0.001,-0.0981,0,0,1,,,,,,-0.15,,,0.694,0.751,0.741,0.687,0.714,0.697,2021-07-23,2021-06-03,2021-04-22,2021-07-13,2021-05-12,2021-03-30,-2.72,1.02,-8.52,5.18,-3.64,6.31,17.0,7.0,27.0,13.0,13.0,17.0,-0.0,0.0,-0.0,0.0,-0.0,0.0,0.68,0.68,0.69,0.665,0.67,0.68,2021-08-18,2021-08-12,2021-07-30,2021-08-16,2021-08-05,2021-07-29,0.02,0.021,0.035,0.019,0.02,0.025,2021-04-13,2021-01-11,2020-07-29,2021-03-01,2020-12-10,2020-05-27,397300.0,93700.0,163100.0,8.11,-1.41,-13.47,0.003,0.005,0.001,-0.007,0.002,-0.004,-0.00127,0.0115,0.00889,-0.00612,0.00557,-0.00729,40.942,49.84,48.051,28.897,45.03,39.838,50.0,28.571,62.5,0.0,0.0,37.5,51.899,58.704,52.217,33.904,50.205,44.655,2021-05-20,2021-03-22,2020-12-21,2021-08-04,2021-05-05,2021-01-27,59,91,164,91,98,113,2021-08-16,2021-05-03,2021-02-22,2021-06-28,2021-03-24,2021-01-12,2021-08-18,2021-08-12,2021-07-30,2021-08-16,2021-08-05,2021-07-29,2021-05-06,2021-02-25,2020-12-02,2021-07-07,2021-04-13,2021-01-11,1,0,1,0,1,0,1,0,0,0,1,0,1,0,1,0,0,0,1,0,1,0,1,0,1,0,1,0,1,0,,,,,,n2p,,,,Life.BearEnd,Life.Bull,Life.BullEnd,Life.BearStart,Life.Bear,,
2021-08-19,0.67541,0.675,,,,0.68295,0.69281,0.70237,0.71242,0.67702,0.68341,-0.00639,-0.00649,-0.00525,0.00011,,,0.24,-0.44,0.15,-3.41,3.53,,,,5.0,11.0,1.0,17.0,11.0,,,,-0.0,-0.01,0.0025,-0.00321,0.77778,43.75,45.0875,,,9.846,20.0,32.85714,,,40.0,31.66667,40.81092,40.87125,,,0.01249,0.01252,,,-0.1961,-0.1942,-0.2947,-0.0986,0.0019,-0.1005,0,0,0,,,,,,-0.15,,,0.694,0.751,0.741,0.675,0.687,0.714,2021-07-23,2021-06-03,2021-04-22,2021-08-19,2021-07-13,2021-05-12,0.0,-2.74,1.02,-8.52,5.18,-3.64,0.0,18.0,7.0,27.0,13.0,13.0,0.0,-0.0,0.0,-0.0,0.0,-0.0,0.68,0.68,0.69,0.665,0.67,0.68,2021-08-18,2021-08-12,2021-07-30,2021-08-16,2021-08-05,2021-07-29,0.02,0.021,0.035,0.019,0.02,0.025,2021-04-13,2021-01-11,2020-07-29,2021-03-01,2020-12-10,2020-05-27,93700.0,163100.0,122100.0,-1.41,-13.47,-42.07,0.003,0.005,0.001,-0.007,0.002,-0.004,-0.00127,0.0115,0.00889,-0.00612,0.00557,-0.00729,40.942,49.84,48.051,28.897,45.03,39.838,50.0,28.571,62.5,0.0,0.0,37.5,51.899,58.704,52.217,33.904,50.205,44.655,2021-05-20,2021-03-22,2020-12-21,2021-08-04,2021-05-05,2021-01-27,59,91,164,91,98,113,2021-08-16,2021-05-03,2021-02-22,2021-06-28,2021-03-24,2021-01-12,2021-08-18,2021-08-12,2021-07-30,2021-08-16,2021-08-05,2021-07-29,2021-05-06,2021-02-25,2020-12-02,2021-07-07,2021-04-13,2021-01-11,1,0,1,0,1,0,1,0,0,0,1,0,1,0,1,0,0,0,1,0,1,0,1,0,1,0,1,0,1,0,,,,,n2p,,,,,Life.BearEnd,Life.Bull,Life.BullEnd,Life.BearStart,Life.Bear,,
2021-08-20,0.67591,,,0.67,,0.68196,0.69192,0.70173,0.71199,0.67594,0.68242,-0.00648,-0.00649,-0.00512,2e-05,,,0.16,-0.44,0.15,-3.41,3.53,,,,4.0,11.0,1.0,17.0,11.0,,,,0.0,0.0,0.00179,-0.00321,0.55556,35.71429,45.24326,,,1.81029,20.0,30.0,20.0,,35.0,36.11111,40.72058,40.80358,,,0.01267,0.01248,,,-0.2007,-0.1977,-0.3003,-0.0996,0.003,-0.1026,0,0,0,,,,,,-0.15,,,0.694,0.751,0.741,0.675,0.687,0.714,2021-07-23,2021-06-03,2021-04-22,2021-08-19,2021-07-13,2021-05-12,0.13,-2.74,1.02,-8.52,5.18,-3.64,1.0,18.0,7.0,27.0,13.0,13.0,0.0,-0.0,0.0,-0.0,0.0,-0.0,0.68,0.68,0.69,0.67,0.665,0.67,2021-08-18,2021-08-12,2021-07-30,2021-08-20,2021-08-16,2021-08-05,0.02,0.021,0.035,0.019,0.02,0.025,2021-04-13,2021-01-11,2020-07-29,2021-03-01,2020-12-10,2020-05-27,163100.0,122100.0,107400.0,-13.47,-42.07,3.62,0.003,0.005,0.001,-0.007,0.002,-0.004,-0.00127,0.0115,0.00889,-0.00612,0.00557,-0.00729,40.942,49.84,48.051,28.897,45.03,39.838,50.0,28.571,62.5,20.0,0.0,0.0,51.899,58.704,52.217,33.904,50.205,44.655,2021-05-20,2021-03-22,2020-12-21,2021-08-04,2021-05-05,2021-01-27,59,91,164,91,98,113,2021-08-16,2021-05-03,2021-02-22,2021-06-28,2021-03-24,2021-01-12,2021-08-18,2021-08-12,2021-07-30,2021-08-20,2021-08-16,2021-08-05,2021-05-06,2021-02-25,2020-12-02,2021-07-07,2021-04-13,2021-01-11,1,0,1,0,1,0,0,1,0,0,1,0,1,0,1,0,0,0,0,1,1,0,1,0,1,0,1,0,1,0,107400,,,,,,,,n2p,Life.BearEnd,Life.Bull,Life.BullEnd,Life.BearStart,Life.Bear,,
2021-08-23,0.67645,,,,,0.68181,0.69145,0.7013,0.71168,0.67657,0.68224,-0.00567,-0.00633,-0.005,0.00066,,,0.08,-0.44,0.15,-3.41,3.53,,,,3.0,11.0,1.0,17.0,11.0,,,,0.01,0.0,0.0025,-0.0025,1.0,50.0,45.36771,,,16.096,60.0,33.33333,,,37.22222,37.40741,40.61062,40.71404,,,0.01284,0.01244,,,-0.2023,-0.1949,-0.2987,-0.0964,0.0074,-0.1038,0,0,1,,,,,,-0.15,,,0.694,0.751,0.741,0.675,0.687,0.714,2021-07-23,2021-06-03,2021-04-22,2021-08-19,2021-07-13,2021-05-12,0.21,-2.74,1.02,-8.52,5.18,-3.64,2.0,18.0,7.0,27.0,13.0,13.0,0.0,-0.0,0.0,-0.0,0.0,-0.0,0.68,0.68,0.69,0.67,0.665,0.67,2021-08-18,2021-08-12,2021-07-30,2021-08-20,2021-08-16,2021-08-05,0.02,0.021,0.035,0.019,0.02,0.025,2021-04-13,2021-01-11,2020-07-29,2021-03-01,2020-12-10,2020-05-27,122100.0,107400.0,258600.0,-42.07,3.62,24.32,0.003,0.005,0.001,-0.007,0.002,-0.004,-0.00127,0.0115,0.00889,-0.00612,0.00557,-0.00729,40.942,49.84,48.051,28.897,45.03,39.838,50.0,28.571,62.5,20.0,0.0,0.0,51.899,58.704,52.217,33.904,50.205,44.655,2021-05-20,2021-03-22,2020-12-21,2021-08-04,2021-05-05,2021-01-27,59,91,164,91,98,113,2021-08-16,2021-05-03,2021-02-22,2021-06-28,2021-03-24,2021-01-12,2021-08-18,2021-08-12,2021-07-30,2021-08-20,2021-08-16,2021-08-05,2021-05-06,2021-02-25,2020-12-02,2021-07-07,2021-04-13,2021-01-11,1,0,1,0,1,0,0,1,0,0,1,0,1,0,1,0,0,0,0,1,1,0,1,0,1,0,1,0,1,0,,,,,,,,n2p,,Life.BearEnd,Life.Bull,Life.BullEnd,Life.BearStart,Life.Bear,,
2021-08-24,0.67684,,,,,0.68167,0.691,0.70088,0.71136,0.67709,0.68207,-0.00498,-0.00606,-0.00489,0.00108,,,0.02,-0.44,0.15,-3.41,3.53,,,,2.0,11.0,1.0,17.0,11.0,,,,0.0,0.0,0.0025,-0.0025,1.0,50.0,45.4627,,,16.096,60.0,46.66667,,60.0,52.77778,41.66667,40.48443,40.60521,,,0.01263,0.0124,,,-0.2036,-0.1921,-0.2969,-0.0933,0.0115,-0.1048,1,0,1,,,,,,-0.15,,,0.694,0.751,0.741,0.675,0.687,0.714,2021-07-23,2021-06-03,2021-04-22,2021-08-19,2021-07-13,2021-05-12,0.27,-2.74,1.02,-8.52,5.18,-3.64,3.0,18.0,7.0,27.0,13.0,13.0,0.0,-0.0,0.0,-0.0,0.0,-0.0,0.68,0.68,0.69,0.67,0.665,0.67,2021-08-18,2021-08-12,2021-07-30,2021-08-20,2021-08-16,2021-08-05,0.02,0.021,0.035,0.019,0.02,0.025,2021-04-13,2021-01-11,2020-07-29,2021-03-01,2020-12-10,2020-05-27,107400.0,258600.0,864800.0,3.62,24.32,152.16,0.003,0.005,0.001,-0.007,0.002,-0.004,-0.00127,0.0115,0.00889,-0.00612,0.00557,-0.00729,40.942,49.84,48.051,28.897,45.03,39.838,60.0,50.0,28.571,20.0,0.0,0.0,51.899,58.704,52.217,33.904,50.205,44.655,2021-05-20,2021-03-22,2020-12-21,2021-08-04,2021-05-05,2021-01-27,59,91,164,91,98,113,2021-08-16,2021-05-03,2021-02-22,2021-06-28,2021-03-24,2021-01-12,2021-08-24,2021-08-18,2021-08-12,2021-08-20,2021-08-16,2021-08-05,2021-05-06,2021-02-25,2020-12-02,2021-07-07,2021-04-13,2021-01-11,1,0,1,0,1,0,0,1,0,0,1,0,1,0,1,0,0,1,0,1,1,0,1,0,1,0,1,0,1,0,,864800,,,,,n2p,,p2p,Life.BearEnd,Life.Bull,Life.BullEnd,Life.BearStart,Life.Bear,,
2021-08-25,0.67692,,,,,0.68154,0.69057,0.70047,0.71105,0.67754,0.68192,-0.00438,-0.00572,-0.00478,0.00134,,,0.01,-0.44,0.15,-3.41,3.53,,,,1.0,11.0,1.0,17.0,11.0,,,,0.0,0.0,0.0025,-0.0025,1.0,50.0,45.53085,,,16.096,42.85714,54.28571,,,55.55556,48.51852,40.34744,40.48083,,,0.01316,0.01237,,,-0.2048,-0.1893,-0.2951,-0.0903,0.0155,-0.1058,1,0,1,,,,,,-0.15,,,0.694,0.751,0.741,0.675,0.687,0.714,2021-07-23,2021-06-03,2021-04-22,2021-08-19,2021-07-13,2021-05-12,0.28,-2.74,1.02,-8.52,5.18,-3.64,4.0,18.0,7.0,27.0,13.0,13.0,0.0,-0.0,0.0,-0.0,0.0,-0.0,0.68,0.68,0.69,0.67,0.665,0.67,2021-08-18,2021-08-12,2021-07-30,2021-08-20,2021-08-16,2021-08-05,0.02,0.021,0.035,0.019,0.02,0.025,2021-04-13,2021-01-11,2020-07-29,2021-03-01,2020-12-10,2020-05-27,258600.0,864800.0,2250200.0,24.32,152.16,174.1,0.003,0.005,0.001,-0.007,0.002,-0.004,-0.00127,0.0115,0.00889,-0.00612,0.00557,-0.00729,40.942,49.84,48.051,28.897,45.03,39.838,60.0,50.0,28.571,20.0,0.0,0.0,51.899,58.704,52.217,33.904,50.205,44.655,2021-05-20,2021-03-22,2020-12-21,2021-08-04,2021-05-05,2021-01-27,59,91,164,91,98,113,2021-08-16,2021-05-03,2021-02-22,2021-06-28,2021-03-24,2021-01-12,2021-08-24,2021-08-18,2021-08-12,2021-08-20,2021-08-16,2021-08-05,2021-05-06,2021-02-25,2020-12-02,2021-07-07,2021-04-13,2021-01-11,1,0,1,0,1,0,0,1,0,0,1,0,1,0,1,0,0,1,0,1,1,0,1,0,1,0,1,0,1,0,,,,,,n2p,,p2p,,Life.BearEnd,Life.Bull,Life.BullEnd,Life.BearStart,Life.Bear,,
2021-08-26,0.67666,,0.677,,,0.68142,0.69016,0.70006,0.71074,0.67792,0.68178,-0.00386,-0.00535,-0.00468,0.00149,,,-0.39,0.15,-3.41,3.53,,,,,11.0,1.0,17.0,11.0,,,,,0.0,0.0,0.0025,-0.00179,1.4,58.33333,45.57466,,,24.42933,42.85714,48.57143,,,44.44444,50.92593,40.20674,40.34621,,,0.01293,0.01233,,,-0.2058,-0.1864,-0.2932,-0.0874,0.0194,-0.1068,1,0,1,,,,,,-0.15,,,0.677,0.694,0.751,0.675,0.687,0.714,2021-08-26,2021-07-23,2021-06-03,2021-08-19,2021-07-13,2021-05-12,0.0,0.3,-2.74,1.02,-8.52,5.18,0.0,5.0,18.0,7.0,27.0,13.0,0.0,0.0,-0.0,0.0,-0.0,0.0,0.68,0.68,0.69,0.67,0.665,0.67,2021-08-18,2021-08-12,2021-07-30,2021-08-20,2021-08-16,2021-08-05,0.02,0.021,0.035,0.019,0.02,0.025,2021-04-13,2021-01-11,2020-07-29,2021-03-01,2020-12-10,2020-05-27,864800.0,2250200.0,1856400.0,152.16,174.1,47.36,0.003,0.005,0.001,-0.007,0.002,-0.004,-0.00127,0.0115,0.00889,-0.00612,0.00557,-0.00729,40.942,49.84,48.051,28.897,45.03,39.838,60.0,50.0,28.571,20.0,0.0,0.0,51.899,58.704,52.217,33.904,50.205,44.655,2021-05-20,2021-03-22,2020-12-21,2021-08-04,2021-05-05,2021-01-27,59,91,164,91,98,113,2021-08-16,2021-05-03,2021-02-22,2021-06-28,2021-03-24,2021-01-12,2021-08-24,2021-08-18,2021-08-12,2021-08-20,2021-08-16,2021-08-05,2021-05-06,2021-02-25,2020-12-02,2021-07-07,2021-04-13,2021-01-11,1,0,1,0,1,0,0,1,0,0,1,0,1,0,1,0,0,1,0,1,1,0,1,0,1,0,1,0,1,0,,,,,n2p,,p2p,,,Life.BearEnd,Life.Bull,Life.BullEnd,Life.BearStart,Life.Bear,,
2021-08-27,0.67615,,,,,0.68131,0.68976,0.69966,0.71043,0.67824,0.68165,-0.00341,-0.00496,-0.00459,0.00155,,,-0.32,0.15,-3.41,3.53,,,,,10.0,1.0,17.0,11.0,,,,,0.0,0.0,0.00179,-0.00179,1.0,50.0,45.59662,,,16.096,42.85714,42.85714,,,28.88889,42.96296,40.07043,40.2082,,,0.01272,0.01229,,,-0.2067,-0.1835,-0.2912,-0.0845,0.0232,-0.1077,1,0,1,,,,,,-0.15,,,0.677,0.694,0.751,0.675,0.687,0.714,2021-08-26,2021-07-23,2021-06-03,2021-08-19,2021-07-13,2021-05-12,-0.13,0.3,-2.74,1.02,-8.52,5.18,1.0,5.0,18.0,7.0,27.0,13.0,-0.0,0.0,-0.0,0.0,-0.0,0.0,0.68,0.68,0.69,0.67,0.665,0.67,2021-08-18,2021-08-12,2021-07-30,2021-08-20,2021-08-16,2021-08-05,0.02,0.021,0.035,0.019,0.02,0.025,2021-04-13,2021-01-11,2020-07-29,2021-03-01,2020-12-10,2020-05-27,2250200.0,1856400.0,1105700.0,174.1,47.36,4.85,0.003,0.005,0.001,-0.007,0.002,-0.004,-0.00127,0.0115,0.00889,-0.00612,0.00557,-0.00729,40.942,49.84,48.051,28.897,45.03,39.838,60.0,50.0,28.571,20.0,0.0,0.0,51.899,58.704,52.217,33.904,50.205,44.655,2021-05-20,2021-03-22,2020-12-21,2021-08-04,2021-05-05,2021-01-27,59,91,164,91,98,113,2021-08-16,2021-05-03,2021-02-22,2021-06-28,2021-03-24,2021-01-12,2021-08-24,2021-08-18,2021-08-12,2021-08-20,2021-08-16,2021-08-05,2021-05-06,2021-02-25,2020-12-02,2021-07-07,2021-04-13,2021-01-11,1,0,1,0,1,0,0,1,0,0,1,0,1,0,1,0,0,1,0,1,1,0,1,0,1,0,1,0,1,0,,,,,,p2p,,,,Life.BearEnd,Life.Bull,Life.BullEnd,Life.BearStart,Life.Bear,,
2021-08-30,0.67552,,,,0.68,0.68121,0.68937,0.69927,0.71013,0.67851,0.68152,-0.00301,-0.00457,-0.0045,0.00156,,,-0.22,0.15,-3.41,3.53,,,,,9.0,1.0,17.0,11.0,,,,,0.0,0.0,0.00179,-0.00179,1.0,50.0,45.60033,,45.6,16.096,42.85714,42.85714,,,24.44444,32.59259,39.94671,40.07463,,,0.01253,0.01226,,,-0.2076,-0.1806,-0.2892,-0.0816,0.027,-0.1086,1,0,1,,,,,,-0.15,,,0.677,0.694,0.751,0.675,0.687,0.714,2021-08-26,2021-07-23,2021-06-03,2021-08-19,2021-07-13,2021-05-12,-0.22,0.3,-2.74,1.02,-8.52,5.18,2.0,5.0,18.0,7.0,27.0,13.0,-0.0,0.0,-0.0,0.0,-0.0,0.0,0.68,0.68,0.68,0.67,0.665,0.67,2021-08-30,2021-08-18,2021-08-12,2021-08-20,2021-08-16,2021-08-05,0.02,0.021,0.035,0.019,0.02,0.025,2021-04-13,2021-01-11,2020-07-29,2021-03-01,2020-12-10,2020-05-27,1856400.0,1105700.0,1462500.0,47.36,4.85,-15.11,0.003,0.005,0.001,-0.007,0.002,-0.004,-0.00127,0.0115,0.00889,-0.00612,0.00557,-0.00729,40.942,49.84,48.051,28.897,45.03,39.838,60.0,50.0,28.571,20.0,0.0,0.0,45.6,51.899,58.704,33.904,50.205,44.655,2021-05-20,2021-03-22,2020-12-21,2021-08-04,2021-05-05,2021-01-27,59,91,164,91,98,113,2021-08-16,2021-05-03,2021-02-22,2021-06-28,2021-03-24,2021-01-12,2021-08-24,2021-08-18,2021-08-12,2021-08-20,2021-08-16,2021-08-05,2021-08-30,2021-05-06,2021-02-25,2021-07-07,2021-04-13,2021-01-11,1,0,1,0,0,0,0,1,0,0,1,0,1,0,1,0,0,1,0,1,1,0,1,0,1,0,1,0,1,0,,,,,p2p,,,,,Life.BearEnd,Life.Bull,Life.BullEnd,Life.BearStart,Life.Bear,,
2021-09-01,0.67485,,,0.665,,0.67996,0.68842,0.6986,0.70968,0.67643,0.6803,-0.00387,-0.00443,-0.00443,0.00056,,,-0.13,0.15,-3.41,3.53,,,,,7.0,1.0,17.0,11.0,,,,,-0.0,-0.015,0.00179,-0.00286,0.625,38.46154,45.58942,,,-7.13846,0.0,28.57143,0.0,,13.33333,22.22222,39.84272,39.95329,,,0.01271,0.01222,,,-0.2126,-0.1864,-0.2972,-0.0846,0.0262,-0.1108,0,0,0,,,,,,-0.15,,,0.677,0.694,0.751,0.675,0.687,0.714,2021-08-26,2021-07-23,2021-06-03,2021-08-19,2021-07-13,2021-05-12,-0.32,0.3,-2.74,1.02,-8.52,5.18,3.0,5.0,18.0,7.0,27.0,13.0,-0.0,0.0,-0.0,0.0,-0.0,0.0,0.68,0.68,0.68,0.665,0.67,0.665,2021-08-30,2021-08-18,2021-08-12,2021-09-01,2021-08-20,2021-08-16,0.02,0.021,0.035,0.019,0.02,0.025,2021-04-13,2021-01-11,2020-07-29,2021-03-01,2020-12-10,2020-05-27,1105700.0,1462500.0,2737500.0,4.85,-15.11,19.91,0.003,0.005,0.001,-0.007,0.002,-0.004,-0.00127,0.0115,0.00889,-0.00612,0.00557,-0.00729,40.942,49.84,48.051,28.897,45.03,39.838,60.0,50.0,28.571,0.0,20.0,0.0,45.6,51.899,58.704,33.904,50.205,44.655,2021-05-20,2021-03-22,2020-12-21,2021-08-04,2021-05-05,2021-01-27,59,91,164,91,98,113,2021-08-16,2021-05-03,2021-02-22,2021-06-28,2021-03-24,2021-01-12,2021-08-24,2021-08-18,2021-08-12,2021-09-01,2021-08-20,2021-08-16,2021-08-30,2021-05-06,2021-02-25,2021-07-07,2021-04-13,2021-01-11,1,0,1,0,0,0,1,0,0,0,1,0,1,0,1,0,0,1,1,0,1,0,1,0,1,0,1,0,1,0,,,,,,,,,,Life.BearEnd,Life.Bull,Life.BullEnd,Life.BearStart,Life.Bear,,
2021-09-02,0.67427,,,,0.675,0.67958,0.68789,0.69813,0.70934,0.67621,0.67991,-0.0037,-0.00428,-0.00435,0.00059,,,-0.04,0.15,-3.41,3.53,,,,,6.0,1.0,17.0,11.0,,,,,0.01,0.0,0.0025,-0.00286,0.875,46.66667,45.5678,,,1.06667,28.57143,23.80952,,28.571,20.0,19.25926,39.76457,39.85133,,,0.01251,0.01218,,,-0.2145,-0.1855,-0.2976,-0.0831,0.029,-0.1121,0,0,0,,,,,,-0.15,,,0.677,0.694,0.751,0.675,0.687,0.714,2021-08-26,2021-07-23,2021-06-03,2021-08-19,2021-07-13,2021-05-12,-0.4,0.3,-2.74,1.02,-8.52,5.18,4.0,5.0,18.0,7.0,27.0,13.0,-0.0,0.0,-0.0,0.0,-0.0,0.0,0.675,0.68,0.68,0.665,0.67,0.665,2021-09-02,2021-08-30,2021-08-18,2021-09-01,2021-08-20,2021-08-16,0.02,0.021,0.035,0.019,0.02,0.025,2021-04-13,2021-01-11,2020-07-29,2021-03-01,2020-12-10,2020-05-27,1462500.0,2737500.0,1066800.0,-15.11,19.91,-0.73,0.003,0.005,0.001,-0.007,0.002,-0.004,-0.00127,0.0115,0.00889,-0.00612,0.00557,-0.00729,40.942,49.84,48.051,28.897,45.03,39.838,28.571,60.0,50.0,0.0,20.0,0.0,45.6,51.899,58.704,33.904,50.205,44.655,2021-05-20,2021-03-22,2020-12-21,2021-08-04,2021-05-05,2021-01-27,59,91,164,91,98,113,2021-08-16,2021-05-03,2021-02-22,2021-06-28,2021-03-24,2021-01-12,2021-09-02,2021-08-24,2021-08-18,2021-09-01,2021-08-20,2021-08-16,2021-08-30,2021-05-06,2021-02-25,2021-07-07,2021-04-13,2021-01-11,1,0,1,0,1,0,1,0,0,0,1,0,1,0,1,0,1,0,1,0,1,0,1,0,1,0,1,0,1,0,,,,,,,,,,Life.BearEnd,Life.Bull,Life.BullEnd,Life.BearStart,Life.Bear,,
2021-09-03,0.6739,,,0.665,,0.67846,0.68699,0.69747,0.7089,0.67449,0.6788,-0.00432,-0.00429,-0.00429,-3e-05,,,0.01,0.15,-3.41,3.53,,,,,5.0,1.0,17.0,11.0,,,,,-0.0,-0.01,0.0025,-0.00321,0.77778,43.75,45.54077,,,-1.85,0.0,9.52381,0.0,,13.33333,15.55556,39.71692,39.77474,,,0.01269,0.01215,,,-0.2191,-0.1901,-0.3044,-0.0853,0.029,-0.1143,0,0,0,,,,,,-0.15,,,0.677,0.694,0.751,0.675,0.687,0.714,2021-08-26,2021-07-23,2021-06-03,2021-08-19,2021-07-13,2021-05-12,-0.46,0.3,-2.74,1.02,-8.52,5.18,5.0,5.0,18.0,7.0,27.0,13.0,-0.0,0.0,-0.0,0.0,-0.0,0.0,0.675,0.68,0.68,0.665,0.665,0.67,2021-09-02,2021-08-30,2021-08-18,2021-09-03,2021-09-01,2021-08-20,0.02,0.021,0.035,0.019,0.02,0.025,2021-04-13,2021-01-11,2020-07-29,2021-03-01,2020-12-10,2020-05-27,2737500.0,1066800.0,2142200.0,19.91,-0.73,12.91,0.003,0.005,0.001,-0.007,0.002,-0.004,-0.00127,0.0115,0.00889,-0.00612,0.00557,-0.00729,40.942,49.84,48.051,28.897,45.03,39.838,28.571,60.0,50.0,0.0,0.0,20.0,45.6,51.899,58.704,33.904,50.205,44.655,2021-05-20,2021-03-22,2020-12-21,2021-08-04,2021-05-05,2021-01-27,59,91,164,91,98,113,2021-08-16,2021-05-03,2021-02-22,2021-06-28,2021-03-24,2021-01-12,2021-09-02,2021-08-24,2021-08-18,2021-09-03,2021-09-01,2021-08-20,2021-08-30,2021-05-06,2021-02-25,2021-07-07,2021-04-13,2021-01-11,1,0,1,0,1,0,1,0,0,0,1,0,1,0,1,0,1,0,1,0,1,0,1,0,1,0,1,0,1,0,,,,,,,,,,Life.BearEnd,Life.Bull,Life.BullEnd,Life.BearStart,Life.Bear,,
2021-09-06,0.67375,,,,,0.67819,0.68652,0.69703,0.70856,0.67457,0.67852,-0.00396,-0.00422,-0.00422,0.00027,,,0.04,0.15,-3.41,3.53,,,,,4.0,1.0,17.0,11.0,,,,,0.01,0.0,0.00321,-0.0025,1.28571,56.25,45.51421,,,10.65,28.57143,19.04762,,,30.0,21.11111,39.7024,39.72797,39.702,,0.01286,0.01212,,,-0.2204,-0.1884,-0.3037,-0.0833,0.032,-0.1153,0,0,0,,,,,,-0.15,,,0.677,0.694,0.751,0.675,0.687,0.714,2021-08-26,2021-07-23,2021-06-03,2021-08-19,2021-07-13,2021-05-12,-0.48,0.3,-2.74,1.02,-8.52,5.18,6.0,5.0,18.0,7.0,27.0,13.0,-0.0,0.0,-0.0,0.0,-0.0,0.0,0.675,0.68,0.68,0.665,0.665,0.67,2021-09-02,2021-08-30,2021-08-18,2021-09-03,2021-09-01,2021-08-20,0.02,0.021,0.035,0.019,0.02,0.025,2021-04-13,2021-01-11,2020-07-29,2021-03-01,2020-12-10,2020-05-27,1066800.0,2142200.0,403500.0,-0.73,12.91,-39.25,0.003,0.005,0.001,-0.007,0.002,-0.004,-0.00127,0.0115,0.00889,-0.00612,0.00557,-0.00729,40.942,49.84,48.051,39.702,28.897,45.03,28.571,60.0,50.0,0.0,0.0,20.0,45.6,51.899,58.704,33.904,50.205,44.655,2021-05-20,2021-03-22,2020-12-21,2021-08-04,2021-05-05,2021-01-27,59,91,164,91,98,113,2021-08-16,2021-05-03,2021-02-22,2021-09-06,2021-06-28,2021-03-24,2021-09-02,2021-08-24,2021-08-18,2021-09-03,2021-09-01,2021-08-20,2021-08-30,2021-05-06,2021-02-25,2021-07-07,2021-04-13,2021-01-11,1,0,1,0,1,0,1,0,0,0,1,0,1,0,0,0,1,0,1,0,1,0,1,0,1,0,1,0,1,0,,,403500,,,,,,p2n,Life.BearEnd,Life.Bull,Life.BullEnd,Life.BearStart,Life.Bear,,
2021-09-07,0.67379,,,,,0.67795,0.68607,0.69659,0.70822,0.67463,0.67826,-0.00363,-0.0041,-0.00417,0.00048,,,0.03,0.15,-3.41,3.53,,,,,3.0,1.0,17.0,11.0,,,,,0.0,0.0,0.0025,-0.0025,1.0,50.0,45.49232,,,4.4,28.57143,19.04762,,,38.88889,27.40741,39.71909,39.71281,,,0.01301,0.01208,,,-0.2215,-0.1864,-0.3027,-0.0812,0.0351,-0.1163,1,0,1,,,,,,-0.15,,,0.677,0.694,0.751,0.675,0.687,0.714,2021-08-26,2021-07-23,2021-06-03,2021-08-19,2021-07-13,2021-05-12,-0.47,0.3,-2.74,1.02,-8.52,5.18,7.0,5.0,18.0,7.0,27.0,13.0,-0.0,0.0,-0.0,0.0,-0.0,0.0,0.675,0.68,0.68,0.665,0.665,0.67,2021-09-02,2021-08-30,2021-08-18,2021-09-03,2021-09-01,2021-08-20,0.02,0.021,0.035,0.019,0.02,0.025,2021-04-13,2021-01-11,2020-07-29,2021-03-01,2020-12-10,2020-05-27,2142200.0,403500.0,536600.0,12.91,-39.25,-14.68,0.003,0.005,0.001,-0.007,0.002,-0.004,-0.00127,0.0115,0.00889,-0.00612,0.00557,-0.00729,40.942,49.84,48.051,39.702,28.897,45.03,28.571,60.0,50.0,0.0,0.0,20.0,45.6,51.899,58.704,33.904,50.205,44.655,2021-05-20,2021-03-22,2020-12-21,2021-08-04,2021-05-05,2021-01-27,59,91,164,91,98,113,2021-08-16,2021-05-03,2021-02-22,2021-09-06,2021-06-28,2021-03-24,2021-09-02,2021-08-24,2021-08-18,2021-09-03,2021-09-01,2021-08-20,2021-08-30,2021-05-06,2021-02-25,2021-07-07,2021-04-13,2021-01-11,1,0,1,0,1,0,1,0,0,0,1,0,1,0,0,0,1,0,1,0,1,0,1,0,1,0,1,0,1,0,,,,,,,,p2n,,Life.BearEnd,Life.Bull,Life.BullEnd,Life.BearStart,Life.Bear,,
2021-09-08,0.67398,,,,,0.67772,0.68564,0.69616,0.70789,0.67469,0.67802,-0.00333,-0.00395,-0.00411,0.00062,,,0.0,0.15,-3.41,3.53,,,,,2.0,1.0,17.0,11.0,,,,,0.0,0.0,0.00214,-0.0025,0.85714,46.15385,45.47883,,,0.55385,28.57143,28.57143,,,61.11111,43.33333,39.7592,39.7269,,,0.01244,0.01205,,,-0.2225,-0.1844,-0.3017,-0.0792,0.0381,-0.1173,1,0,1,,,,,,-0.15,,,0.677,0.694,0.751,0.675,0.687,0.714,2021-08-26,2021-07-23,2021-06-03,2021-08-19,2021-07-13,2021-05-12,-0.45,0.3,-2.74,1.02,-8.52,5.18,8.0,5.0,18.0,7.0,27.0,13.0,-0.0,0.0,-0.0,0.0,-0.0,0.0,0.675,0.68,0.68,0.665,0.665,0.67,2021-09-02,2021-08-30,2021-08-18,2021-09-03,2021-09-01,2021-08-20,0.02,0.021,0.035,0.019,0.02,0.025,2021-04-13,2021-01-11,2020-07-29,2021-03-01,2020-12-10,2020-05-27,403500.0,536600.0,279500.0,-39.25,-14.68,-60.43,0.003,0.005,0.001,-0.007,0.002,-0.004,-0.00127,0.0115,0.00889,-0.00612,0.00557,-0.00729,40.942,49.84,48.051,39.702,28.897,45.03,28.571,60.0,50.0,0.0,0.0,20.0,45.6,51.899,58.704,33.904,50.205,44.655,2021-05-20,2021-03-22,2020-12-21,2021-08-04,2021-05-05,2021-01-27,59,91,164,91,98,113,2021-08-16,2021-05-03,2021-02-22,2021-09-06,2021-06-28,2021-03-24,2021-09-02,2021-08-24,2021-08-18,2021-09-03,2021-09-01,2021-08-20,2021-08-30,2021-05-06,2021-02-25,2021-07-07,2021-04-13,2021-01-11,1,0,1,0,1,0,1,0,0,0,1,0,1,0,0,0,1,0,1,0,1,0,1,0,1,0,1,0,1,0,,,,279500,,,p2n,,n2n,Life.BearEnd,Life.Bull,Life.BullEnd,Life.BearStart,Life.Bear,,
2021-09-09,0.67424,,,,,0.67751,0.68522,0.69574,0.70757,0.67474,0.6778,-0.00306,-0.00377,-0.00405,0.00071,,,-0.04,0.15,-3.41,3.53,,,,,1.0,1.0,17.0,11.0,,,,,0.0,0.0,0.00214,-0.00179,1.2,54.54545,45.47686,45.477,,8.94545,28.57143,28.57143,,,66.66667,55.55556,39.81072,39.763,,,0.01226,0.01202,,,-0.2235,-0.1823,-0.3006,-0.0771,0.0412,-0.1183,1,0,1,,,,,,-0.15,,,0.677,0.694,0.751,0.675,0.687,0.714,2021-08-26,2021-07-23,2021-06-03,2021-08-19,2021-07-13,2021-05-12,-0.41,0.3,-2.74,1.02,-8.52,5.18,9.0,5.0,18.0,7.0,27.0,13.0,-0.0,0.0,-0.0,0.0,-0.0,0.0,0.675,0.68,0.68,0.665,0.665,0.67,2021-09-02,2021-08-30,2021-08-18,2021-09-03,2021-09-01,2021-08-20,0.02,0.021,0.035,0.019,0.02,0.025,2021-04-13,2021-01-11,2020-07-29,2021-03-01,2020-12-10,2020-05-27,536600.0,279500.0,389800.0,-14.68,-60.43,-1.12,0.003,0.005,0.001,-0.007,0.002,-0.004,-0.00127,0.0115,0.00889,-0.00612,0.00557,-0.00729,40.942,49.84,48.051,39.702,28.897,45.03,28.571,60.0,50.0,0.0,0.0,20.0,45.6,51.899,58.704,45.477,33.904,50.205,2021-05-20,2021-03-22,2020-12-21,2021-08-04,2021-05-05,2021-01-27,59,91,164,91,98,113,2021-08-16,2021-05-03,2021-02-22,2021-09-06,2021-06-28,2021-03-24,2021-09-02,2021-08-24,2021-08-18,2021-09-03,2021-09-01,2021-08-20,2021-08-30,2021-05-06,2021-02-25,2021-09-09,2021-07-07,2021-04-13,1,0,1,0,1,0,1,0,0,0,1,0,1,0,0,0,1,0,1,0,1,0,0,0,1,0,1,0,1,0,,,,,,p2n,,n2n,,Life.BearEnd,Life.Bull,Life.BullEnd,Life.BearStart,Life.Bear,,
2021-09-10,0.67445,0.674,,,0.68,0.6777,0.68502,0.69543,0.70729,0.67555,0.67796,-0.00241,-0.0035,-0.00399,0.00109,,,0.08,-3.41,3.53,,,,,,1.0,17.0,11.0,,,,,,0.005,0.0,0.0025,-0.00179,1.4,58.33333,45.48842,,,12.85633,42.85714,33.33333,,42.857,77.77778,68.51852,39.86087,39.81026,,,0.01174,0.01198,,,-0.2227,-0.1773,-0.2959,-0.0732,0.0454,-0.1186,1,1,1,,,,,,,-0.15,,0.677,0.694,0.751,0.674,0.675,0.687,2021-08-26,2021-07-23,2021-06-03,2021-09-10,2021-08-19,2021-07-13,0.0,-0.44,0.3,-2.74,1.02,-8.52,0.0,10.0,5.0,18.0,7.0,27.0,0.0,-0.0,0.0,-0.0,0.0,-0.0,0.68,0.675,0.68,0.665,0.665,0.67,2021-09-10,2021-09-02,2021-08-30,2021-09-03,2021-09-01,2021-08-20,0.02,0.021,0.035,0.019,0.02,0.025,2021-04-13,2021-01-11,2020-07-29,2021-03-01,2020-12-10,2020-05-27,279500.0,389800.0,229300.0,-60.43,-1.12,-25.48,0.003,0.005,0.001,-0.007,0.002,-0.004,-0.00127,0.0115,0.00889,-0.00612,0.00557,-0.00729,40.942,49.84,48.051,39.702,28.897,45.03,42.857,28.571,60.0,0.0,0.0,20.0,45.6,51.899,58.704,45.477,33.904,50.205,2021-05-20,2021-03-22,2020-12-21,2021-08-04,2021-05-05,2021-01-27,59,91,164,91,98,113,2021-08-16,2021-05-03,2021-02-22,2021-09-06,2021-06-28,2021-03-24,2021-09-10,2021-09-02,2021-08-24,2021-09-03,2021-09-01,2021-08-20,2021-08-30,2021-05-06,2021-02-25,2021-09-09,2021-07-07,2021-04-13,1,0,1,0,0,1,1,0,0,0,1,0,1,0,0,0,0,0,1,0,1,0,0,0,1,0,1,0,1,0,,,,,p2n,,n2n,,,Life.Bull,Life.BullEnd,Life.BearStart,Life.Bear,Life.BearRecovery,,
2021-09-13,0.67452,,0.675,,,0.6775,0.68462,0.69503,0.70697,0.67546,0.67774,-0.00228,-0.00325,-0.00394,0.00098,,,-3.34,3.53,,,,,,,17.0,11.0,,,,,,,-0.0,-0.005,0.00179,-0.00214,0.83333,45.45455,45.51474,,,-0.02245,28.57143,33.33333,,,77.77778,74.07407,39.89808,39.85656,,,0.01162,0.01195,,,-0.2235,-0.1753,-0.2947,-0.0712,0.0482,-0.1194,1,0,1,,,,,,-0.15,,,0.675,0.677,0.694,0.674,0.675,0.687,2021-09-13,2021-08-26,2021-07-23,2021-09-10,2021-08-19,2021-07-13,0.0,0.15,-0.44,0.3,-2.74,1.02,0.0,1.0,10.0,5.0,18.0,7.0,0.0,0.0,-0.0,0.0,-0.0,0.0,0.68,0.675,0.68,0.665,0.665,0.67,2021-09-10,2021-09-02,2021-08-30,2021-09-03,2021-09-01,2021-08-20,0.02,0.021,0.035,0.019,0.02,0.025,2021-04-13,2021-01-11,2020-07-29,2021-03-01,2020-12-10,2020-05-27,389800.0,229300.0,867300.0,-1.12,-25.48,65.41,0.003,0.005,0.001,-0.007,0.002,-0.004,-0.00127,0.0115,0.00889,-0.00612,0.00557,-0.00729,40.942,49.84,48.051,39.702,28.897,45.03,42.857,28.571,60.0,0.0,0.0,20.0,45.6,51.899,58.704,45.477,33.904,50.205,2021-05-20,2021-03-22,2020-12-21,2021-08-04,2021-05-05,2021-01-27,59,91,164,91,98,113,2021-08-16,2021-05-03,2021-02-22,2021-09-06,2021-06-28,2021-03-24,2021-09-10,2021-09-02,2021-08-24,2021-09-03,2021-09-01,2021-08-20,2021-08-30,2021-05-06,2021-02-25,2021-09-09,2021-07-07,2021-04-13,1,0,1,0,0,1,1,0,0,0,1,0,1,0,0,0,0,0,1,0,1,0,0,0,1,0,1,0,1,0,-867300,,,,,n2n,,,n2p,Life.BullEnd,Life.BearStart,Life.Bear,Life.BearRecovery,Life.Bear,,
2021-09-14,0.67446,,,,,0.67692,0.68405,0.69453,0.7066,0.67462,0.67717,-0.00254,-0.00311,-0.00388,0.00057,,,-3.33,3.53,,,,,,,16.0,11.0,,,,,,,-0.0,-0.005,0.00179,-0.0025,0.71429,41.66667,45.55564,,,-3.81033,14.28571,28.57143,14.286,,55.55556,70.37037,39.91166,39.8902,,39.912,0.0115,0.01192,,,-0.2255,-0.1761,-0.2968,-0.0713,0.0494,-0.1207,0,0,1,,,,,,-0.15,,,0.675,0.677,0.694,0.674,0.675,0.687,2021-09-13,2021-08-26,2021-07-23,2021-09-10,2021-08-19,2021-07-13,-0.08,0.15,-0.44,0.3,-2.74,1.02,1.0,1.0,10.0,5.0,18.0,7.0,-0.0,0.0,-0.0,0.0,-0.0,0.0,0.68,0.675,0.68,0.665,0.665,0.67,2021-09-10,2021-09-02,2021-08-30,2021-09-03,2021-09-01,2021-08-20,0.02,0.021,0.035,0.019,0.02,0.025,2021-04-13,2021-01-11,2020-07-29,2021-03-01,2020-12-10,2020-05-27,229300.0,867300.0,515400.0,-25.48,65.41,8.45,0.003,0.005,0.001,-0.007,0.002,-0.004,-0.00127,0.0115,0.00889,-0.00612,0.00557,-0.00729,39.912,40.942,49.84,39.702,28.897,45.03,42.857,28.571,60.0,14.286,0.0,0.0,45.6,51.899,58.704,45.477,33.904,50.205,2021-05-20,2021-03-22,2020-12-21,2021-08-04,2021-05-05,2021-01-27,59,91,164,91,98,113,2021-09-14,2021-08-16,2021-05-03,2021-09-06,2021-06-28,2021-03-24,2021-09-10,2021-09-02,2021-08-24,2021-09-14,2021-09-03,2021-09-01,2021-08-30,2021-05-06,2021-02-25,2021-09-09,2021-07-07,2021-04-13,1,0,1,0,0,1,1,0,0,0,1,0,1,0,0,0,0,0,0,1,1,0,0,0,1,0,1,0,1,0,,,,,n2n,,,n2p,,Life.BullEnd,Life.BearStart,Life.Bear,Life.BearRecovery,Life.Bear,,
2021-09-15,0.67428,,,0.67,,0.67639,0.6835,0.69405,0.70624,0.67391,0.67664,-0.00272,-0.00303,-0.00382,0.00031,,,-3.3,3.53,,,,,,,15.0,11.0,,,,,,,0.0,0.0,0.00179,-0.0025,0.71429,41.66667,45.60978,,,-3.81033,20.0,20.95238,,,22.22222,51.85185,39.89255,39.90076,,,0.01104,0.01189,,,-0.2274,-0.1766,-0.2985,-0.0711,0.0508,-0.1219,0,0,0,,,,,,-0.15,,,0.675,0.677,0.694,0.674,0.675,0.687,2021-09-13,2021-08-26,2021-07-23,2021-09-10,2021-08-19,2021-07-13,-0.11,0.15,-0.44,0.3,-2.74,1.02,2.0,1.0,10.0,5.0,18.0,7.0,-0.0,0.0,-0.0,0.0,-0.0,0.0,0.68,0.675,0.68,0.67,0.665,0.665,2021-09-10,2021-09-02,2021-08-30,2021-09-15,2021-09-03,2021-09-01,0.02,0.021,0.035,0.019,0.02,0.025,2021-04-13,2021-01-11,2020-07-29,2021-03-01,2020-12-10,2020-05-27,867300.0,515400.0,573500.0,65.41,8.45,21.35,0.003,0.005,0.001,-0.007,0.002,-0.004,-0.00127,0.0115,0.00889,-0.00612,0.00557,-0.00729,39.912,40.942,49.84,39.702,28.897,45.03,42.857,28.571,60.0,14.286,0.0,0.0,45.6,51.899,58.704,45.477,33.904,50.205,2021-05-20,2021-03-22,2020-12-21,2021-08-04,2021-05-05,2021-01-27,59,91,164,91,98,113,2021-09-14,2021-08-16,2021-05-03,2021-09-06,2021-06-28,2021-03-24,2021-09-10,2021-09-02,2021-08-24,2021-09-14,2021-09-03,2021-09-01,2021-08-30,2021-05-06,2021-02-25,2021-09-09,2021-07-07,2021-04-13,1,0,1,0,0,1,0,1,0,0,1,0,1,0,0,0,0,0,0,1,1,0,0,0,1,0,1,0,1,0,,,,,,,n2p,,,Life.BullEnd,Life.BearStart,Life.Bear,Life.BearRecovery,Life.Bear,,
2021-09-17,0.67401,,,,0.68,0.67666,0.68336,0.69377,0.70598,0.67485,0.67688,-0.00204,-0.00284,-0.00376,0.0008,,,-3.26,3.53,,,,,,,13.0,11.0,,,,,,,0.01,0.0,0.0025,-0.0025,1.0,50.0,45.67521,,,4.523,75.0,36.42857,,75.0,33.33333,37.03704,39.83478,39.87966,,,0.01132,0.01186,,,-0.2262,-0.1711,-0.2932,-0.067,0.0551,-0.1221,1,1,1,,,,,,,-0.15,,0.675,0.677,0.694,0.674,0.675,0.687,2021-09-13,2021-08-26,2021-07-23,2021-09-10,2021-08-19,2021-07-13,-0.15,0.15,-0.44,0.3,-2.74,1.02,3.0,1.0,10.0,5.0,18.0,7.0,-0.0,0.0,-0.0,0.0,-0.0,0.0,0.68,0.68,0.675,0.67,0.665,0.665,2021-09-17,2021-09-10,2021-09-02,2021-09-15,2021-09-03,2021-09-01,0.02,0.021,0.035,0.019,0.02,0.025,2021-04-13,2021-01-11,2020-07-29,2021-03-01,2020-12-10,2020-05-27,515400.0,573500.0,792300.0,8.45,21.35,-3.83,0.003,0.005,0.001,-0.007,0.002,-0.004,-0.00127,0.0115,0.00889,-0.00612,0.00557,-0.00729,39.912,40.942,49.84,39.702,28.897,45.03,75.0,42.857,28.571,14.286,0.0,0.0,45.6,51.899,58.704,45.477,33.904,50.205,2021-05-20,2021-03-22,2020-12-21,2021-08-04,2021-05-05,2021-01-27,59,91,164,91,98,113,2021-09-14,2021-08-16,2021-05-03,2021-09-06,2021-06-28,2021-03-24,2021-09-17,2021-09-10,2021-09-02,2021-09-14,2021-09-03,2021-09-01,2021-08-30,2021-05-06,2021-02-25,2021-09-09,2021-07-07,2021-04-13,1,0,1,0,0,1,0,1,0,0,1,0,1,0,0,0,0,1,0,1,1,0,0,0,1,0,1,0,1,0,,,,,,n2p,,,,Life.BearStart,Life.Bear,Life.BearRecovery,Life.Bear,Life.BearRecovery,,
2021-09-20,0.67357,,,,,0.67654,0.68303,0.6934,0.70567,0.67487,0.67674,-0.00187,-0.00264,-0.0037,0.00077,,,-3.2,3.53,,,,,,,12.0,11.0,,,,,,,-0.0,-0.005,0.0025,-0.00286,0.875,46.66667,45.74848,,,1.18967,50.0,48.33333,,,55.55556,37.03704,39.73595,39.82109,,,0.01158,0.01183,,,-0.2264,-0.1686,-0.2913,-0.0649,0.0578,-0.1227,1,1,1,,,,,,,-0.15,,0.675,0.677,0.694,0.674,0.675,0.687,2021-09-13,2021-08-26,2021-07-23,2021-09-10,2021-08-19,2021-07-13,-0.21,0.15,-0.44,0.3,-2.74,1.02,4.0,1.0,10.0,5.0,18.0,7.0,-0.0,0.0,-0.0,0.0,-0.0,0.0,0.68,0.68,0.675,0.67,0.665,0.665,2021-09-17,2021-09-10,2021-09-02,2021-09-15,2021-09-03,2021-09-01,0.02,0.021,0.035,0.019,0.02,0.025,2021-04-13,2021-01-11,2020-07-29,2021-03-01,2020-12-10,2020-05-27,573500.0,792300.0,391600.0,21.35,-3.83,-6.58,0.003,0.005,0.001,-0.007,0.002,-0.004,-0.00127,0.0115,0.00889,-0.00612,0.00557,-0.00729,39.912,40.942,49.84,39.702,28.897,45.03,75.0,42.857,28.571,14.286,0.0,0.0,45.6,51.899,58.704,45.477,33.904,50.205,2021-05-20,2021-03-22,2020-12-21,2021-08-04,2021-05-05,2021-01-27,59,91,164,91,98,113,2021-09-14,2021-08-16,2021-05-03,2021-09-06,2021-06-28,2021-03-24,2021-09-17,2021-09-10,2021-09-02,2021-09-14,2021-09-03,2021-09-01,2021-08-30,2021-05-06,2021-02-25,2021-09-09,2021-07-07,2021-04-13,1,0,1,0,0,1,0,1,0,0,1,0,1,0,0,0,0,1,0,1,1,0,0,0,1,0,1,0,1,0,,,,,n2p,,,,,Life.BearStart,Life.Bear,Life.BearRecovery,Life.Bear,Life.BearRecovery,,
2021-09-21,0.67285,,,0.67,,0.67603,0.68252,0.69293,0.70531,0.67412,0.67625,-0.00212,-0.00254,-0.00365,0.00042,,,-3.1,3.53,,,,,,,11.0,11.0,,,,,,,-0.0,-0.005,0.0025,-0.00321,0.77778,43.75,45.82444,,,-1.727,33.33333,52.77778,33.333,,66.66667,51.85185,39.59623,39.72224,,,0.01147,0.0118,,,-0.2279,-0.169,-0.2928,-0.0649,0.0589,-0.1238,0,0,1,,,,,,-0.15,,,0.675,0.677,0.694,0.674,0.675,0.687,2021-09-13,2021-08-26,2021-07-23,2021-09-10,2021-08-19,2021-07-13,-0.32,0.15,-0.44,0.3,-2.74,1.02,5.0,1.0,10.0,5.0,18.0,7.0,-0.0,0.0,-0.0,0.0,-0.0,0.0,0.68,0.68,0.675,0.67,0.67,0.665,2021-09-17,2021-09-10,2021-09-02,2021-09-21,2021-09-15,2021-09-03,0.02,0.021,0.035,0.019,0.02,0.025,2021-04-13,2021-01-11,2020-07-29,2021-03-01,2020-12-10,2020-05-27,792300.0,391600.0,415500.0,-3.83,-6.58,-8.99,0.003,0.005,0.001,-0.007,0.002,-0.004,-0.00127,0.0115,0.00889,-0.00612,0.00557,-0.00729,39.912,40.942,49.84,39.702,28.897,45.03,75.0,42.857,28.571,33.333,14.286,0.0,45.6,51.899,58.704,45.477,33.904,50.205,2021-05-20,2021-03-22,2020-12-21,2021-08-04,2021-05-05,2021-01-27,59,91,164,91,98,113,2021-09-14,2021-08-16,2021-05-03,2021-09-06,2021-06-28,2021-03-24,2021-09-17,2021-09-10,2021-09-02,2021-09-21,2021-09-14,2021-09-03,2021-08-30,2021-05-06,2021-02-25,2021-09-09,2021-07-07,2021-04-13,1,0,1,0,0,1,0,1,0,0,1,0,1,0,0,0,0,1,0,1,1,0,0,0,1,0,1,0,1,0,,,,,,,,,,Life.Bear,Life.BearRecovery,Life.Bear,Life.BearRecovery,Life.Bear,,
2021-09-22,0.67172,,,,,0.67595,0.68223,0.69258,0.70501,0.67426,0.67615,-0.0019,-0.00241,-0.00359,0.00051,,,-2.94,3.53,,,,,,,10.0,11.0,,,,,,,0.005,0.0,0.00286,-0.00214,1.33333,57.14286,45.89661,,,11.66586,66.66667,50.0,,,55.55556,59.25926,39.41566,39.58209,,,0.01137,0.01176,,,-0.2278,-0.1663,-0.2906,-0.0628,0.0615,-0.1243,1,0,1,,,,,,-0.15,,,0.675,0.677,0.694,0.674,0.675,0.687,2021-09-13,2021-08-26,2021-07-23,2021-09-10,2021-08-19,2021-07-13,-0.49,0.15,-0.44,0.3,-2.74,1.02,6.0,1.0,10.0,5.0,18.0,7.0,-0.0,0.0,-0.0,0.0,-0.0,0.0,0.68,0.68,0.675,0.67,0.67,0.665,2021-09-17,2021-09-10,2021-09-02,2021-09-21,2021-09-15,2021-09-03,0.02,0.021,0.035,0.019,0.02,0.025,2021-04-13,2021-01-11,2020-07-29,2021-03-01,2020-12-10,2020-05-27,391600.0,415500.0,783300.0,-6.58,-8.99,-0.56,0.003,0.005,0.001,-0.007,0.002,-0.004,-0.00127,0.0115,0.00889,-0.00612,0.00557,-0.00729,39.912,40.942,49.84,39.702,28.897,45.03,75.0,42.857,28.571,33.333,14.286,0.0,45.6,51.899,58.704,45.477,33.904,50.205,2021-05-20,2021-03-22,2020-12-21,2021-08-04,2021-05-05,2021-01-27,59,91,164,91,98,113,2021-09-14,2021-08-16,2021-05-03,2021-09-06,2021-06-28,2021-03-24,2021-09-17,2021-09-10,2021-09-02,2021-09-21,2021-09-14,2021-09-03,2021-08-30,2021-05-06,2021-02-25,2021-09-09,2021-07-07,2021-04-13,1,0,1,0,0,1,0,1,0,0,1,0,1,0,0,0,0,1,0,1,1,0,0,0,1,0,1,0,1,0,,,,,,,,,,Life.Bear,Life.BearRecovery,Life.Bear,Life.BearRecovery,Life.Bear,,
2021-09-23,0.67014,,,,0.675,0.67588,0.68194,0.69223,0.70471,0.67437,0.67607,-0.0017,-0.00227,-0.00354,0.00057,,,-2.71,3.53,,,,,,,9.0,11.0,,,,,,,0.0,0.0,0.00214,-0.00214,1.0,50.0,45.95698,,,4.523,66.66667,55.55556,,66.667,55.55556,59.25926,39.19321,39.39984,,,0.01127,0.01174,,,-0.2277,-0.1635,-0.2883,-0.0606,0.0642,-0.1248,1,1,1,,,,,,,-0.15,,0.675,0.677,0.694,0.674,0.675,0.687,2021-09-13,2021-08-26,2021-07-23,2021-09-10,2021-08-19,2021-07-13,-0.72,0.15,-0.44,0.3,-2.74,1.02,7.0,1.0,10.0,5.0,18.0,7.0,-0.0,0.0,-0.0,0.0,-0.0,0.0,0.675,0.68,0.68,0.67,0.67,0.665,2021-09-23,2021-09-17,2021-09-10,2021-09-21,2021-09-15,2021-09-03,0.02,0.021,0.035,0.019,0.02,0.025,2021-04-13,2021-01-11,2020-07-29,2021-03-01,2020-12-10,2020-05-27,415500.0,783300.0,312500.0,-8.99,-0.56,-4.97,0.003,0.005,0.001,-0.007,0.002,-0.004,-0.00127,0.0115,0.00889,-0.00612,0.00557,-0.00729,39.912,40.942,49.84,39.702,28.897,45.03,66.667,75.0,42.857,33.333,14.286,0.0,45.6,51.899,58.704,45.477,33.904,50.205,2021-05-20,2021-03-22,2020-12-21,2021-08-04,2021-05-05,2021-01-27,59,91,164,91,98,113,2021-09-14,2021-08-16,2021-05-03,2021-09-06,2021-06-28,2021-03-24,2021-09-23,2021-09-17,2021-09-10,2021-09-21,2021-09-14,2021-09-03,2021-08-30,2021-05-06,2021-02-25,2021-09-09,2021-07-07,2021-04-13,1,0,1,0,1,0,0,1,0,0,1,0,1,0,0,0,0,0,0,1,1,0,0,0,1,0,1,0,1,0,,,,,,,,,,Life.BearRecovery,Life.Bear,Life.BearRecovery,Life.Bear,Life.BearRecovery,,
2021-09-24,0.66809,,,0.67,,0.67543,0.68148,0.69179,0.70437,0.6737,0.67562,-0.00192,-0.0022,-0.0035,0.00028,,,-2.41,3.53,,,,,,,8.0,11.0,,,,,,,-0.0,-0.005,0.00214,-0.00179,1.2,54.54545,45.99663,,,9.06845,33.33333,55.55556,33.333,,55.55556,55.55556,38.92723,39.17389,,,0.01118,0.01171,,,-0.2289,-0.1636,-0.2894,-0.0605,0.0653,-0.1258,1,0,1,,,,,,-0.15,,,0.675,0.677,0.694,0.674,0.675,0.687,2021-09-13,2021-08-26,2021-07-23,2021-09-10,2021-08-19,2021-07-13,-1.02,0.15,-0.44,0.3,-2.74,1.02,8.0,1.0,10.0,5.0,18.0,7.0,-0.0,0.0,-0.0,0.0,-0.0,0.0,0.675,0.68,0.68,0.67,0.67,0.67,2021-09-23,2021-09-17,2021-09-10,2021-09-24,2021-09-21,2021-09-15,0.02,0.021,0.035,0.019,0.02,0.025,2021-04-13,2021-01-11,2020-07-29,2021-03-01,2020-12-10,2020-05-27,783300.0,312500.0,1101600.0,-0.56,-4.97,45.4,0.003,0.005,0.001,-0.007,0.002,-0.004,-0.00127,0.0115,0.00889,-0.00612,0.00557,-0.00729,39.912,40.942,49.84,39.702,28.897,45.03,66.667,75.0,42.857,33.333,33.333,14.286,45.6,51.899,58.704,45.477,33.904,50.205,2021-05-20,2021-03-22,2020-12-21,2021-08-04,2021-05-05,2021-01-27,59,91,164,91,98,113,2021-09-14,2021-08-16,2021-05-03,2021-09-06,2021-06-28,2021-03-24,2021-09-23,2021-09-17,2021-09-10,2021-09-24,2021-09-21,2021-09-14,2021-08-30,2021-05-06,2021-02-25,2021-09-09,2021-07-07,2021-04-13,1,0,1,0,1,0,0,0,0,0,1,0,1,0,0,0,0,0,0,1,1,0,0,0,1,0,1,0,1,0,-1101600,,,,,,,,n2p,Life.Bear,Life.BearRecovery,Life.Bear,Life.BearRecovery,Life.Bear,,
2021-09-27,0.66559,,,,0.675,0.6754,0.68122,0.69146,0.70408,0.6739,0.67557,-0.00167,-0.00209,-0.00346,0.00042,,,-2.04,3.53,,,,,,,7.0,11.0,,,,,,,0.005,0.0,0.00179,-0.00179,1.0,50.0,46.00561,,46.006,4.523,66.66667,55.55556,,66.667,55.55556,55.55556,38.61614,38.90222,,,0.01074,0.01168,,,-0.2286,-0.1606,-0.2868,-0.0582,0.068,-0.1262,1,0,1,,,,,,-0.15,,,0.675,0.677,0.694,0.674,0.675,0.687,2021-09-13,2021-08-26,2021-07-23,2021-09-10,2021-08-19,2021-07-13,-1.39,0.15,-0.44,0.3,-2.74,1.02,9.0,1.0,10.0,5.0,18.0,7.0,-0.0,0.0,-0.0,0.0,-0.0,0.0,0.675,0.675,0.68,0.67,0.67,0.67,2021-09-27,2021-09-23,2021-09-17,2021-09-24,2021-09-21,2021-09-15,0.02,0.021,0.035,0.019,0.02,0.025,2021-04-13,2021-01-11,2020-07-29,2021-03-01,2020-12-10,2020-05-27,312500.0,1101600.0,250000.0,-4.97,45.4,-24.27,0.003,0.005,0.001,-0.007,0.002,-0.004,-0.00127,0.0115,0.00889,-0.00612,0.00557,-0.00729,39.912,40.942,49.84,39.702,28.897,45.03,66.667,66.667,75.0,33.333,33.333,14.286,46.006,45.6,51.899,45.477,33.904,50.205,2021-05-20,2021-03-22,2020-12-21,2021-08-04,2021-05-05,2021-01-27,59,91,164,91,98,113,2021-09-14,2021-08-16,2021-05-03,2021-09-06,2021-06-28,2021-03-24,2021-09-27,2021-09-23,2021-09-17,2021-09-24,2021-09-21,2021-09-14,2021-09-27,2021-08-30,2021-05-06,2021-09-09,2021-07-07,2021-04-13,1,0,1,0,1,0,0,0,0,0,1,0,1,0,0,0,1,0,0,1,0,0,0,0,1,0,1,0,1,0,,,250000,,,,,n2p,p2n,Life.Bear,Life.BearRecovery,Life.Bear,Life.BearRecovery,Life.Bear,,
2021-09-28,0.66278,,,,,0.67421,0.68039,0.69084,0.70364,0.67176,0.67442,-0.00266,-0.00221,-0.00343,-0.00045,,,-1.63,3.53,,,,,,,6.0,11.0,,,,,,,-0.0,-0.015,0.00179,-0.00286,0.625,38.46154,45.97376,,,-7.54446,0.0,33.33333,0.0,,33.33333,48.14815,38.26009,38.5836,,,0.01104,0.01165,,,-0.2325,-0.1663,-0.2943,-0.0618,0.0662,-0.128,0,0,0,,,,,,-0.15,,,0.675,0.677,0.694,0.674,0.675,0.687,2021-09-13,2021-08-26,2021-07-23,2021-09-10,2021-08-19,2021-07-13,-1.81,0.15,-0.44,0.3,-2.74,1.02,10.0,1.0,10.0,5.0,18.0,7.0,-0.0,0.0,-0.0,0.0,-0.0,0.0,0.675,0.675,0.68,0.67,0.67,0.67,2021-09-27,2021-09-23,2021-09-17,2021-09-24,2021-09-21,2021-09-15,0.02,0.021,0.035,0.019,0.02,0.025,2021-04-13,2021-01-11,2020-07-29,2021-03-01,2020-12-10,2020-05-27,1101600.0,250000.0,1164000.0,45.4,-24.27,51.17,0.003,0.005,0.001,-0.007,0.002,-0.004,-0.00127,0.0115,0.00889,-0.00612,0.00557,-0.00729,39.912,40.942,49.84,39.702,28.897,45.03,66.667,66.667,75.0,0.0,33.333,33.333,46.006,45.6,51.899,45.477,33.904,50.205,2021-05-20,2021-03-22,2020-12-21,2021-08-04,2021-05-05,2021-01-27,59,91,164,91,98,113,2021-09-14,2021-08-16,2021-05-03,2021-09-06,2021-06-28,2021-03-24,2021-09-27,2021-09-23,2021-09-17,2021-09-28,2021-09-24,2021-09-21,2021-09-27,2021-08-30,2021-05-06,2021-09-09,2021-07-07,2021-04-13,1,0,1,0,1,0,0,0,0,0,1,0,1,0,0,0,1,0,1,0,0,0,0,0,1,0,1,0,1,0,-1164000,,,,,,n2p,p2n,n2p,Life.Bear,Life.BearRecovery,Life.Bear,Life.BearRecovery,Life.Bear,,
2021-09-29,0.65989,,,,,0.67312,0.67959,0.69022,0.7032,0.66995,0.67335,-0.0034,-0.00244,-0.0034,-0.00095,,,-1.2,3.53,,,,,,,5.0,11.0,,,,,,,0.0,0.0,0.00179,-0.00286,0.625,38.46154,45.89098,,,-7.54446,20.0,28.88889,,20.0,28.88889,39.25926,37.86042,38.21756,,,0.01097,0.01163,,,-0.2361,-0.171,-0.3008,-0.0647,0.0651,-0.1298,0,0,0,,,,,,-0.15,,,0.675,0.677,0.694,0.674,0.675,0.687,2021-09-13,2021-08-26,2021-07-23,2021-09-10,2021-08-19,2021-07-13,-2.24,0.15,-0.44,0.3,-2.74,1.02,11.0,1.0,10.0,5.0,18.0,7.0,-0.0,0.0,-0.0,0.0,-0.0,0.0,0.675,0.675,0.68,0.67,0.67,0.67,2021-09-27,2021-09-23,2021-09-17,2021-09-24,2021-09-21,2021-09-15,0.02,0.021,0.035,0.019,0.02,0.025,2021-04-13,2021-01-11,2020-07-29,2021-03-01,2020-12-10,2020-05-27,250000.0,1164000.0,160400.0,-24.27,51.17,-37.41,0.003,0.005,0.001,-0.007,0.002,-0.004,-0.00127,0.0115,0.00889,-0.00612,0.00557,-0.00729,39.912,40.942,49.84,39.702,28.897,45.03,20.0,66.667,66.667,0.0,33.333,33.333,46.006,45.6,51.899,45.477,33.904,50.205,2021-05-20,2021-03-22,2020-12-21,2021-08-04,2021-05-05,2021-01-27,59,91,164,91,98,113,2021-09-14,2021-08-16,2021-05-03,2021-09-06,2021-06-28,2021-03-24,2021-09-29,2021-09-27,2021-09-23,2021-09-28,2021-09-24,2021-09-21,2021-09-27,2021-08-30,2021-05-06,2021-09-09,2021-07-07,2021-04-13,1,0,1,0,1,0,0,0,0,0,1,0,1,0,0,0,1,0,1,0,0,0,0,0,1,0,1,0,1,0,,,160400,,,n2p,p2n,n2p,p2n,Life.Bear,Life.BearRecovery,Life.Bear,Life.BearRecovery,Life.Bear,,
2021-09-30,0.65711,,,,,0.67134,0.67843,0.68943,0.70267,0.66688,0.67162,-0.00474,-0.0029,-0.00339,-0.00184,,,-0.78,3.53,,,,,,,4.0,11.0,,,,,,,-0.0,-0.01,0.00179,-0.00357,0.5,33.33333,45.74736,,,-12.67267,0.0,6.66667,,,6.66667,22.96296,37.41872,37.80321,,,0.01161,0.0116,,,-0.2424,-0.1809,-0.3133,-0.0709,0.0615,-0.1324,0,0,0,,,,,,-0.15,,,0.675,0.677,0.694,0.674,0.675,0.687,2021-09-13,2021-08-26,2021-07-23,2021-09-10,2021-08-19,2021-07-13,-2.65,0.15,-0.44,0.3,-2.74,1.02,12.0,1.0,10.0,5.0,18.0,7.0,-0.0,0.0,-0.0,0.0,-0.0,0.0,0.675,0.675,0.68,0.67,0.67,0.67,2021-09-27,2021-09-23,2021-09-17,2021-09-24,2021-09-21,2021-09-15,0.02,0.021,0.035,0.019,0.02,0.025,2021-04-13,2021-01-11,2020-07-29,2021-03-01,2020-12-10,2020-05-27,1164000.0,160400.0,1551000.0,51.17,-37.41,82.63,0.003,0.005,0.001,-0.007,0.002,-0.004,-0.00127,0.0115,0.00889,-0.00612,0.00557,-0.00729,39.912,40.942,49.84,39.702,28.897,45.03,20.0,66.667,66.667,0.0,33.333,33.333,46.006,45.6,51.899,45.477,33.904,50.205,2021-05-20,2021-03-22,2020-12-21,2021-08-04,2021-05-05,2021-01-27,59,91,164,91,98,113,2021-09-14,2021-08-16,2021-05-03,2021-09-06,2021-06-28,2021-03-24,2021-09-29,2021-09-27,2021-09-23,2021-09-28,2021-09-24,2021-09-21,2021-09-27,2021-08-30,2021-05-06,2021-09-09,2021-07-07,2021-04-13,1,0,1,0,1,0,0,0,0,0,1,0,1,0,0,0,1,0,1,0,0,0,0,0,1,0,1,0,1,0,-1551000,,,,n2p,p2n,n2p,p2n,n2p,Life.Bear,Life.BearRecovery,Life.Bear,Life.BearRecovery,Life.Bear,,
2021-10-01,0.65467,,,0.65,,0.6697,0.67731,0.68865,0.70215,0.66428,0.67002,-0.00573,-0.00347,-0.00339,-0.00226,,,-0.41,3.53,,,,,,,3.0,11.0,,,,,,,0.0,0.0,0.00143,-0.00357,0.4,28.57143,45.53425,,,-17.43457,0.0,6.66667,0.0,,6.66667,14.07407,36.9343,37.33718,,,0.0115,0.01158,,,-0.2484,-0.1895,-0.3245,-0.0761,0.0589,-0.135,0,0,0,,,,,,-0.15,,,0.675,0.677,0.694,0.674,0.675,0.687,2021-09-13,2021-08-26,2021-07-23,2021-09-10,2021-08-19,2021-07-13,-3.01,0.15,-0.44,0.3,-2.74,1.02,13.0,1.0,10.0,5.0,18.0,7.0,-0.0,0.0,-0.0,0.0,-0.0,0.0,0.675,0.675,0.68,0.65,0.67,0.67,2021-09-27,2021-09-23,2021-09-17,2021-10-01,2021-09-24,2021-09-21,0.02,0.021,0.035,0.019,0.02,0.025,2021-04-13,2021-01-11,2020-07-29,2021-03-01,2020-12-10,2020-05-27,160400.0,1551000.0,1501900.0,-37.41,82.63,11.75,0.003,0.005,0.001,-0.007,0.002,-0.004,-0.00127,0.0115,0.00889,-0.00612,0.00557,-0.00729,39.912,40.942,49.84,39.702,28.897,45.03,20.0,66.667,66.667,0.0,0.0,33.333,46.006,45.6,51.899,45.477,33.904,50.205,2021-05-20,2021-03-22,2020-12-21,2021-08-04,2021-05-05,2021-01-27,59,91,164,91,98,113,2021-09-14,2021-08-16,2021-05-03,2021-09-06,2021-06-28,2021-03-24,2021-09-29,2021-09-27,2021-09-23,2021-10-01,2021-09-28,2021-09-24,2021-09-27,2021-08-30,2021-05-06,2021-09-09,2021-07-07,2021-04-13,1,0,1,0,1,0,1,0,0,0,1,0,1,0,0,0,1,0,1,0,0,0,0,0,1,0,1,0,1,0,,,,,p2n,n2p,p2n,n2p,,Life.Bear,Life.BearRecovery,Life.Bear,Life.BearRecovery,Life.Bear,,
2021-10-04,0.65285,,,,0.655,0.66857,0.67644,0.68798,0.70168,0.66286,0.66891,-0.00605,-0.00399,-0.0034,-0.00206,,,-0.13,3.53,,,,,,,2.0,11.0,,,,,,,0.005,0.0,0.00179,-0.00321,0.55556,35.71429,45.24399,,,-10.29171,16.66667,5.55556,,16.667,6.66667,6.66667,36.40301,36.81303,,,0.01139,0.01156,,,-0.2524,-0.1941,-0.3311,-0.0787,0.0583,-0.137,0,0,0,,,,,,-0.15,,,0.675,0.677,0.694,0.674,0.675,0.687,2021-09-13,2021-08-26,2021-07-23,2021-09-10,2021-08-19,2021-07-13,-3.28,0.15,-0.44,0.3,-2.74,1.02,14.0,1.0,10.0,5.0,18.0,7.0,-0.0,0.0,-0.0,0.0,-0.0,0.0,0.655,0.675,0.675,0.65,0.67,0.67,2021-10-04,2021-09-27,2021-09-23,2021-10-01,2021-09-24,2021-09-21,0.02,0.021,0.035,0.019,0.02,0.025,2021-04-13,2021-01-11,2020-07-29,2021-03-01,2020-12-10,2020-05-27,1551000.0,1501900.0,350800.0,82.63,11.75,5.93,0.003,0.005,0.001,-0.007,0.002,-0.004,-0.00127,0.0115,0.00889,-0.00612,0.00557,-0.00729,39.912,40.942,49.84,39.702,28.897,45.03,16.667,20.0,66.667,0.0,0.0,33.333,46.006,45.6,51.899,45.477,33.904,50.205,2021-05-20,2021-03-22,2020-12-21,2021-08-04,2021-05-05,2021-01-27,59,91,164,91,98,113,2021-09-14,2021-08-16,2021-05-03,2021-09-06,2021-06-28,2021-03-24,2021-10-04,2021-09-29,2021-09-27,2021-10-01,2021-09-28,2021-09-24,2021-09-27,2021-08-30,2021-05-06,2021-09-09,2021-07-07,2021-04-13,1,0,1,0,1,0,1,0,0,0,1,0,1,0,0,0,1,0,1,0,0,0,0,0,1,0,1,0,1,0,,,,,n2p,p2n,n2p,,,Life.Bear,Life.BearRecovery,Life.Bear,Life.BearRecovery,Life.Bear,,
2021-10-05,0.65189,,,0.645,,0.66675,0.67521,0.68713,0.70112,0.66011,0.66714,-0.00703,-0.00459,-0.00343,-0.00243,,,0.02,3.53,,,,,,,1.0,11.0,,,,,,,-0.0,-0.01,0.00179,-0.00357,0.5,33.33333,44.8693,,,-12.67267,0.0,5.55556,0.0,,6.66667,6.66667,35.81855,36.22237,,,0.01165,0.01154,,,-0.2591,-0.2038,-0.3437,-0.0846,0.0553,-0.1399,0,0,0,,,,,,-0.15,,,0.675,0.677,0.694,0.674,0.675,0.687,2021-09-13,2021-08-26,2021-07-23,2021-09-10,2021-08-19,2021-07-13,-3.42,0.15,-0.44,0.3,-2.74,1.02,15.0,1.0,10.0,5.0,18.0,7.0,-0.0,0.0,-0.0,0.0,-0.0,0.0,0.655,0.675,0.675,0.645,0.65,0.67,2021-10-04,2021-09-27,2021-09-23,2021-10-05,2021-10-01,2021-09-24,0.02,0.021,0.035,0.019,0.02,0.025,2021-04-13,2021-01-11,2020-07-29,2021-03-01,2020-12-10,2020-05-27,1501900.0,350800.0,1021400.0,11.75,5.93,-15.56,0.003,0.005,0.001,-0.007,0.002,-0.004,-0.00127,0.0115,0.00889,-0.00612,0.00557,-0.00729,39.912,40.942,49.84,39.702,28.897,45.03,16.667,20.0,66.667,0.0,0.0,0.0,46.006,45.6,51.899,45.477,33.904,50.205,2021-05-20,2021-03-22,2020-12-21,2021-08-04,2021-05-05,2021-01-27,59,91,164,91,98,113,2021-09-14,2021-08-16,2021-05-03,2021-09-06,2021-06-28,2021-03-24,2021-10-04,2021-09-29,2021-09-27,2021-10-05,2021-10-01,2021-09-28,2021-09-27,2021-08-30,2021-05-06,2021-09-09,2021-07-07,2021-04-13,1,0,1,0,1,0,1,0,0,0,1,0,1,0,0,0,1,0,0,0,0,0,0,0,1,0,1,0,1,0,,,,,p2n,n2p,,,,Life.Bear,Life.BearRecovery,Life.Bear,Life.BearRecovery,Life.Bear,,
2021-10-06,0.65192,0.652,,,0.65,0.66547,0.67422,0.68639,0.70061,0.65855,0.66587,-0.00731,-0.00514,-0.00347,-0.00217,,-0.003,3.54,,,,,,,,11.0,,,,,,,,0.005,0.0,0.00214,-0.00357,0.6,37.5,44.4042,,,-8.506,14.28571,10.31746,,14.286,13.33333,8.88889,35.17502,35.55678,,,0.01117,0.01152,,,-0.2639,-0.2092,-0.3514,-0.0875,0.0547,-0.1422,0,0,0,,,,,,-0.15,,,0.675,0.677,0.694,0.652,0.674,0.675,2021-09-13,2021-08-26,2021-07-23,2021-10-06,2021-09-10,2021-08-19,0.0,-3.41,0.15,-0.44,0.3,-2.74,0.0,16.0,1.0,10.0,5.0,18.0,0.0,-0.0,0.0,-0.0,0.0,-0.0,0.65,0.655,0.675,0.645,0.65,0.67,2021-10-06,2021-10-04,2021-09-27,2021-10-05,2021-10-01,2021-09-24,0.02,0.021,0.035,0.019,0.02,0.025,2021-04-13,2021-01-11,2020-07-29,2021-03-01,2020-12-10,2020-05-27,350800.0,1021400.0,1424900.0,5.93,-15.56,-2.68,-0.003,0.003,0.005,-0.007,0.002,-0.004,-0.00514,-0.00127,0.0115,-0.00612,0.00557,-0.00729,39.912,40.942,49.84,39.702,28.897,45.03,14.286,16.667,20.0,0.0,0.0,0.0,46.006,45.6,51.899,45.477,33.904,50.205,2021-10-06,2021-05-20,2021-03-22,2021-08-04,2021-05-05,2021-01-27,139,59,91,91,98,113,2021-09-14,2021-08-16,2021-05-03,2021-09-06,2021-06-28,2021-03-24,2021-10-06,2021-10-04,2021-09-29,2021-10-05,2021-10-01,2021-09-28,2021-09-27,2021-08-30,2021-05-06,2021-09-09,2021-07-07,2021-04-13,1,0,1,0,1,0,1,0,1,0,1,0,1,0,0,0,1,0,0,0,0,0,0,0,1,0,1,0,0,0,,,,,n2p,,,,,Life.Bear,Life.BearRecovery,Life.Bear,Life.BearRecovery,Life.Bear,,
2021-10-07,0.65299,,,0.645,,0.66389,0.67307,0.68557,0.70005,0.65647,0.66432,-0.00785,-0.00568,-0.00353,-0.00217,,,3.37,,,,,,,,10.0,,,,,,,,-0.0,-0.005,0.00143,-0.00393,0.36364,26.66667,43.8434,,,-19.33933,0.0,4.7619,0.0,,6.66667,8.88889,34.4676,34.80926,,,0.01109,0.0115,,,-0.2698,-0.2168,-0.3616,-0.0918,0.053,-0.1448,0,0,0,,,,,,-0.15,,,0.675,0.677,0.694,0.652,0.674,0.675,2021-09-13,2021-08-26,2021-07-23,2021-10-06,2021-09-10,2021-08-19,0.15,-3.41,0.15,-0.44,0.3,-2.74,1.0,16.0,1.0,10.0,5.0,18.0,0.0,-0.0,0.0,-0.0,0.0,-0.0,0.65,0.655,0.675,0.645,0.645,0.65,2021-10-06,2021-10-04,2021-09-27,2021-10-07,2021-10-05,2021-10-01,0.02,0.021,0.035,0.019,0.02,0.025,2021-04-13,2021-01-11,2020-07-29,2021-03-01,2020-12-10,2020-05-27,1021400.0,1424900.0,866900.0,-15.56,-2.68,18.45,-0.003,0.003,0.005,-0.007,0.002,-0.004,-0.00514,-0.00127,0.0115,-0.00612,0.00557,-0.00729,39.912,40.942,49.84,39.702,28.897,45.03,14.286,16.667,20.0,0.0,0.0,0.0,46.006,45.6,51.899,45.477,33.904,50.205,2021-10-06,2021-05-20,2021-03-22,2021-08-04,2021-05-05,2021-01-27,139,59,91,91,98,113,2021-09-14,2021-08-16,2021-05-03,2021-09-06,2021-06-28,2021-03-24,2021-10-06,2021-10-04,2021-09-29,2021-10-07,2021-10-05,2021-10-01,2021-09-27,2021-08-30,2021-05-06,2021-09-09,2021-07-07,2021-04-13,1,0,1,0,1,0,1,0,1,0,1,0,1,0,0,0,1,0,0,0,0,0,0,0,1,0,1,0,0,0,,,,,,,,,,Life.Bear,Life.BearRecovery,Life.Bear,Life.BearRecovery,Life.Bear,,
2021-10-08,0.65501,,,,,0.66282,0.67217,0.68487,0.69956,0.65547,0.66326,-0.00779,-0.0061,-0.00361,-0.00168,,,3.05,,,,,,,,9.0,,,,,,,,0.005,0.0,0.00179,-0.00357,0.5,33.33333,43.18248,,,-12.67267,14.28571,9.52381,,,17.77778,12.59259,33.69105,33.9746,,,0.01101,0.01149,,,-0.2739,-0.2205,-0.3674,-0.0935,0.0534,-0.1469,0,0,0,,,,,,-0.15,,,0.675,0.677,0.694,0.652,0.674,0.675,2021-09-13,2021-08-26,2021-07-23,2021-10-06,2021-09-10,2021-08-19,0.46,-3.41,0.15,-0.44,0.3,-2.74,2.0,16.0,1.0,10.0,5.0,18.0,0.0,-0.0,0.0,-0.0,0.0,-0.0,0.65,0.655,0.675,0.645,0.645,0.65,2021-10-06,2021-10-04,2021-09-27,2021-10-07,2021-10-05,2021-10-01,0.02,0.021,0.035,0.019,0.02,0.025,2021-04-13,2021-01-11,2020-07-29,2021-03-01,2020-12-10,2020-05-27,1424900.0,866900.0,340000.0,-2.68,18.45,-20.57,-0.003,0.003,0.005,-0.007,0.002,-0.004,-0.00514,-0.00127,0.0115,-0.00612,0.00557,-0.00729,39.912,40.942,49.84,39.702,28.897,45.03,14.286,16.667,20.0,0.0,0.0,0.0,46.006,45.6,51.899,45.477,33.904,50.205,2021-10-06,2021-05-20,2021-03-22,2021-08-04,2021-05-05,2021-01-27,139,59,91,91,98,113,2021-09-14,2021-08-16,2021-05-03,2021-09-06,2021-06-28,2021-03-24,2021-10-06,2021-10-04,2021-09-29,2021-10-07,2021-10-05,2021-10-01,2021-09-27,2021-08-30,2021-05-06,2021-09-09,2021-07-07,2021-04-13,1,0,1,0,1,0,1,0,1,0,1,0,1,0,0,0,1,0,0,0,0,0,0,0,1,0,1,0,0,0,,,,,,,,,,Life.Bear,Life.BearRecovery,Life.Bear,Life.BearRecovery,Life.Bear,,
2021-10-11,0.65779,,,,,0.66184,0.6713,0.68418,0.69906,0.65463,0.66228,-0.00765,-0.00641,-0.0037,-0.00124,,,2.62,,,,,,,,8.0,,,,,,,,0.0,0.0,0.00179,-0.00321,0.55556,35.71429,42.4185,,,-10.29171,14.28571,9.52381,,,19.44444,14.62963,32.8395,33.04936,,,0.0113,0.01147,,,-0.2776,-0.2234,-0.3722,-0.0946,0.0542,-0.1488,0,0,0,,,,,,-0.15,,,0.675,0.677,0.694,0.652,0.674,0.675,2021-09-13,2021-08-26,2021-07-23,2021-10-06,2021-09-10,2021-08-19,0.89,-3.41,0.15,-0.44,0.3,-2.74,3.0,16.0,1.0,10.0,5.0,18.0,0.0,-0.0,0.0,-0.0,0.0,-0.0,0.65,0.655,0.675,0.645,0.645,0.65,2021-10-06,2021-10-04,2021-09-27,2021-10-07,2021-10-05,2021-10-01,0.02,0.021,0.035,0.019,0.02,0.025,2021-04-13,2021-01-11,2020-07-29,2021-03-01,2020-12-10,2020-05-27,866900.0,340000.0,868500.0,18.45,-20.57,-21.14,-0.003,0.003,0.005,-0.007,0.002,-0.004,-0.00514,-0.00127,0.0115,-0.00612,0.00557,-0.00729,39.912,40.942,49.84,39.702,28.897,45.03,14.286,16.667,20.0,0.0,0.0,0.0,46.006,45.6,51.899,45.477,33.904,50.205,2021-10-06,2021-05-20,2021-03-22,2021-08-04,2021-05-05,2021-01-27,139,59,91,91,98,113,2021-09-14,2021-08-16,2021-05-03,2021-09-06,2021-06-28,2021-03-24,2021-10-06,2021-10-04,2021-09-29,2021-10-07,2021-10-05,2021-10-01,2021-09-27,2021-08-30,2021-05-06,2021-09-09,2021-07-07,2021-04-13,1,0,1,0,1,0,1,0,1,0,1,0,1,0,0,0,1,0,0,0,0,0,0,0,1,0,1,0,0,0,,,,,,,,,,Life.Bear,Life.BearRecovery,Life.Bear,Life.BearRecovery,Life.Bear,,
2021-10-12,0.66107,,,,0.665,0.66208,0.67105,0.6838,0.69872,0.65623,0.66248,-0.00625,-0.00638,-0.00381,0.00013,,,2.11,,,,,,,,7.0,,,,,,,,0.015,0.0,0.0025,-0.00321,0.77778,43.75,41.55057,,,-2.256,57.14286,28.57143,,57.143,46.11111,27.77778,31.90889,32.03219,,,0.01192,0.01146,,,-0.2767,-0.2172,-0.3664,-0.0897,0.0595,-0.1492,1,0,1,,,,,,-0.15,,,0.675,0.677,0.694,0.652,0.674,0.675,2021-09-13,2021-08-26,2021-07-23,2021-10-06,2021-09-10,2021-08-19,1.39,-3.41,0.15,-0.44,0.3,-2.74,4.0,16.0,1.0,10.0,5.0,18.0,0.0,-0.0,0.0,-0.0,0.0,-0.0,0.665,0.65,0.655,0.645,0.645,0.65,2021-10-12,2021-10-06,2021-10-04,2021-10-07,2021-10-05,2021-10-01,0.02,0.021,0.035,0.019,0.02,0.025,2021-04-13,2021-01-11,2020-07-29,2021-03-01,2020-12-10,2020-05-27,340000.0,868500.0,616400.0,-20.57,-21.14,-12.07,-0.003,0.003,0.005,-0.007,0.002,-0.004,-0.00514,-0.00127,0.0115,-0.00612,0.00557,-0.00729,39.912,40.942,49.84,39.702,28.897,45.03,57.143,14.286,16.667,0.0,0.0,0.0,46.006,45.6,51.899,45.477,33.904,50.205,2021-10-06,2021-05-20,2021-03-22,2021-08-04,2021-05-05,2021-01-27,139,59,91,91,98,113,2021-09-14,2021-08-16,2021-05-03,2021-09-06,2021-06-28,2021-03-24,2021-10-12,2021-10-06,2021-10-04,2021-10-07,2021-10-05,2021-10-01,2021-09-27,2021-08-30,2021-05-06,2021-09-09,2021-07-07,2021-04-13,1,0,1,0,0,1,1,0,1,0,1,0,1,0,0,0,0,1,0,0,0,0,0,0,1,0,1,0,0,0,,,,,,,,,,Life.Bear,Life.BearRecovery,Life.Bear,Life.BearRecovery,Life.Bear,,
2021-10-13,0.66455,,,0.66,,0.66192,0.67062,0.68333,0.69834,0.65681,0.6623,-0.00549,-0.0062,-0.00393,0.00071,,,1.57,,,,,,,,6.0,,,,,,,,-0.0,-0.005,0.0025,-0.00357,0.7,41.17647,40.57888,,,-4.82953,42.85714,38.09524,42.857,,55.0,40.18519,30.89824,30.92433,,,0.01178,0.01145,,,-0.2772,-0.2141,-0.3642,-0.087,0.0631,-0.1501,1,0,1,,,,,,-0.15,,,0.675,0.677,0.694,0.652,0.674,0.675,2021-09-13,2021-08-26,2021-07-23,2021-10-06,2021-09-10,2021-08-19,1.92,-3.41,0.15,-0.44,0.3,-2.74,5.0,16.0,1.0,10.0,5.0,18.0,0.0,-0.0,0.0,-0.0,0.0,-0.0,0.665,0.65,0.655,0.66,0.645,0.645,2021-10-12,2021-10-06,2021-10-04,2021-10-13,2021-10-07,2021-10-05,0.02,0.021,0.035,0.019,0.02,0.025,2021-04-13,2021-01-11,2020-07-29,2021-03-01,2020-12-10,2020-05-27,868500.0,616400.0,592900.0,-21.14,-12.07,13.86,-0.003,0.003,0.005,-0.007,0.002,-0.004,-0.00514,-0.00127,0.0115,-0.00612,0.00557,-0.00729,39.912,40.942,49.84,39.702,28.897,45.03,57.143,14.286,16.667,42.857,0.0,0.0,46.006,45.6,51.899,45.477,33.904,50.205,2021-10-06,2021-05-20,2021-03-22,2021-08-04,2021-05-05,2021-01-27,139,59,91,91,98,113,2021-09-14,2021-08-16,2021-05-03,2021-09-06,2021-06-28,2021-03-24,2021-10-12,2021-10-06,2021-10-04,2021-10-13,2021-10-07,2021-10-05,2021-09-27,2021-08-30,2021-05-06,2021-09-09,2021-07-07,2021-04-13,1,0,1,0,0,1,0,1,1,0,1,0,1,0,0,0,0,1,0,1,0,0,0,0,1,0,1,0,0,0,,,,,,,,,,Life.Bear,Life.BearRecovery,Life.Bear,Life.BearRecovery,Life.Bear,,
2021-10-14,0.66793,,,,,0.66293,0.67079,0.68316,0.69811,0.65961,0.66324,-0.00363,-0.00569,-0.00407,0.00206,,,1.06,,,,,,,,5.0,,,,,,,,0.015,0.0,0.00357,-0.00321,1.11111,52.63158,39.50394,,,6.62558,100.0,66.66667,,100.0,80.0,60.37037,29.80845,29.72912,,,0.01201,0.01144,,,-0.2732,-0.2023,-0.3518,-0.0786,0.0709,-0.1495,1,1,1,,,,,,,-0.15,,0.675,0.677,0.694,0.652,0.674,0.675,2021-09-13,2021-08-26,2021-07-23,2021-10-06,2021-09-10,2021-08-19,2.44,-3.41,0.15,-0.44,0.3,-2.74,6.0,16.0,1.0,10.0,5.0,18.0,0.0,-0.0,0.0,-0.0,0.0,-0.0,0.665,0.65,0.655,0.66,0.645,0.645,2021-10-12,2021-10-06,2021-10-04,2021-10-13,2021-10-07,2021-10-05,0.02,0.021,0.035,0.019,0.02,0.025,2021-04-13,2021-01-11,2020-07-29,2021-03-01,2020-12-10,2020-05-27,616400.0,592900.0,837200.0,-12.07,13.86,-1.51,-0.003,0.003,0.005,-0.007,0.002,-0.004,-0.00514,-0.00127,0.0115,-0.00612,0.00557,-0.00729,39.912,40.942,49.84,39.702,28.897,45.03,100.0,57.143,14.286,42.857,0.0,0.0,46.006,45.6,51.899,45.477,33.904,50.205,2021-10-06,2021-05-20,2021-03-22,2021-08-04,2021-05-05,2021-01-27,139,59,91,91,98,113,2021-09-14,2021-08-16,2021-05-03,2021-09-06,2021-06-28,2021-03-24,2021-10-14,2021-10-12,2021-10-06,2021-10-13,2021-10-07,2021-10-05,2021-09-27,2021-08-30,2021-05-06,2021-09-09,2021-07-07,2021-04-13,1,0,1,0,0,1,0,1,1,0,1,0,1,0,0,0,0,1,0,1,0,0,0,0,1,0,1,0,0,0,,,,,,,,,,Life.BearRecovery,Life.Bear,Life.BearRecovery,Life.Bear,Life.BearRecovery,,
2021-10-15,0.67088,,,,,0.66385,0.67095,0.683,0.69788,0.66197,0.66411,-0.00213,-0.00498,-0.00423,0.00284,,,0.61,,,,,,,,4.0,,,,,,,,0.0,0.0,0.00321,-0.00321,1.0,50.0,38.32786,,,3.994,66.66667,69.84127,66.667,,74.16667,69.72222,28.64178,28.45095,,,0.01222,0.01143,,,-0.2693,-0.1915,-0.3403,-0.071,0.0778,-0.1488,1,1,1,,,,,,,-0.15,,0.675,0.677,0.694,0.652,0.674,0.675,2021-09-13,2021-08-26,2021-07-23,2021-10-06,2021-09-10,2021-08-19,2.9,-3.41,0.15,-0.44,0.3,-2.74,7.0,16.0,1.0,10.0,5.0,18.0,0.0,-0.0,0.0,-0.0,0.0,-0.0,0.665,0.65,0.655,0.66,0.645,0.645,2021-10-12,2021-10-06,2021-10-04,2021-10-13,2021-10-07,2021-10-05,0.02,0.021,0.035,0.019,0.02,0.025,2021-04-13,2021-01-11,2020-07-29,2021-03-01,2020-12-10,2020-05-27,592900.0,837200.0,1752600.0,13.86,-1.51,55.52,-0.003,0.003,0.005,-0.007,0.002,-0.004,-0.00514,-0.00127,0.0115,-0.00612,0.00557,-0.00729,39.912,40.942,49.84,39.702,28.897,45.03,100.0,57.143,14.286,66.667,42.857,0.0,46.006,45.6,51.899,45.477,33.904,50.205,2021-10-06,2021-05-20,2021-03-22,2021-08-04,2021-05-05,2021-01-27,139,59,91,91,98,113,2021-09-14,2021-08-16,2021-05-03,2021-09-06,2021-06-28,2021-03-24,2021-10-14,2021-10-12,2021-10-06,2021-10-15,2021-10-13,2021-10-07,2021-09-27,2021-08-30,2021-05-06,2021-09-09,2021-07-07,2021-04-13,1,0,1,0,0,1,0,1,1,0,1,0,1,0,0,0,0,1,0,1,0,0,0,0,1,0,1,0,0,0,1752600,,,,,,,,n2p,Life.BearRecovery,Life.Bear,Life.BearRecovery,Life.Bear,Life.BearRecovery,,
2021-10-18,0.67313,,,,,0.6651,0.67131,0.68294,0.6977,0.66475,0.66529,-0.00054,-0.00409,-0.00439,0.00355,,,0.28,,,,,,,,3.0,,,,,,,,0.005,0.0,0.00357,-0.00214,1.66667,62.5,37.05368,,,16.494,77.77778,81.48148,,,79.16667,77.77778,27.40254,27.09467,,,0.01207,0.01142,,,-0.2639,-0.1784,-0.326,-0.0621,0.0855,-0.1476,1,1,1,,,,,,,-0.15,,0.675,0.677,0.694,0.652,0.674,0.675,2021-09-13,2021-08-26,2021-07-23,2021-10-06,2021-09-10,2021-08-19,3.24,-3.41,0.15,-0.44,0.3,-2.74,8.0,16.0,1.0,10.0,5.0,18.0,0.0,-0.0,0.0,-0.0,0.0,-0.0,0.665,0.65,0.655,0.66,0.645,0.645,2021-10-12,2021-10-06,2021-10-04,2021-10-13,2021-10-07,2021-10-05,0.02,0.021,0.035,0.019,0.02,0.025,2021-04-13,2021-01-11,2020-07-29,2021-03-01,2020-12-10,2020-05-27,837200.0,1752600.0,574400.0,-1.51,55.52,-0.58,-0.003,0.003,0.005,-0.007,0.002,-0.004,-0.00514,-0.00127,0.0115,-0.00612,0.00557,-0.00729,39.912,40.942,49.84,39.702,28.897,45.03,100.0,57.143,14.286,66.667,42.857,0.0,46.006,45.6,51.899,45.477,33.904,50.205,2021-10-06,2021-05-20,2021-03-22,2021-08-04,2021-05-05,2021-01-27,139,59,91,91,98,113,2021-09-14,2021-08-16,2021-05-03,2021-09-06,2021-06-28,2021-03-24,2021-10-14,2021-10-12,2021-10-06,2021-10-15,2021-10-13,2021-10-07,2021-09-27,2021-08-30,2021-05-06,2021-09-09,2021-07-07,2021-04-13,1,0,1,0,0,1,0,1,1,0,1,0,1,0,0,0,0,1,0,1,0,0,0,0,1,0,1,0,0,0,,,574400,,,,,n2p,p2n,Life.BearRecovery,Life.Bear,Life.BearRecovery,Life.Bear,Life.BearRecovery,,
2021-10-20,0.67446,,,,,0.66624,0.67165,0.68288,0.69752,0.66709,0.66638,0.00072,-0.00313,-0.00457,0.00385,,,0.08,,,,,,,,1.0,,,,,,,,0.0,0.0,0.00357,-0.00214,1.66667,62.5,35.68504,,,16.494,77.77778,74.07407,,,68.05556,73.7963,26.09771,25.66647,,,0.01192,0.01142,,,-0.2587,-0.1664,-0.3128,-0.0541,0.0923,-0.1464,1,1,1,,,,,,,-0.15,,0.675,0.677,0.694,0.652,0.674,0.675,2021-09-13,2021-08-26,2021-07-23,2021-10-06,2021-09-10,2021-08-19,3.44,-3.41,0.15,-0.44,0.3,-2.74,9.0,16.0,1.0,10.0,5.0,18.0,0.0,-0.0,0.0,-0.0,0.0,-0.0,0.665,0.65,0.655,0.66,0.645,0.645,2021-10-12,2021-10-06,2021-10-04,2021-10-13,2021-10-07,2021-10-05,0.02,0.021,0.035,0.019,0.02,0.025,2021-04-13,2021-01-11,2020-07-29,2021-03-01,2020-12-10,2020-05-27,1752600.0,574400.0,594700.0,55.52,-0.58,-7.66,-0.003,0.003,0.005,-0.007,0.002,-0.004,-0.00514,-0.00127,0.0115,-0.00612,0.00557,-0.00729,39.912,40.942,49.84,39.702,28.897,45.03,100.0,57.143,14.286,66.667,42.857,0.0,46.006,45.6,51.899,45.477,33.904,50.205,2021-10-06,2021-05-20,2021-03-22,2021-08-04,2021-05-05,2021-01-27,139,59,91,91,98,113,2021-09-14,2021-08-16,2021-05-03,2021-09-06,2021-06-28,2021-03-24,2021-10-14,2021-10-12,2021-10-06,2021-10-15,2021-10-13,2021-10-07,2021-09-27,2021-08-30,2021-05-06,2021-09-09,2021-07-07,2021-04-13,1,0,1,0,0,1,0,1,1,0,1,0,1,0,0,0,0,1,0,1,0,0,0,0,1,0,1,0,0,0,,,,,,,n2p,p2n,,Life.BearRecovery,Life.Bear,Life.BearRecovery,Life.Bear,Life.BearRecovery,,
2021-10-21,0.67467,,0.675,,0.68,0.6673,0.67198,0.68283,0.69735,0.66908,0.66738,0.00169,-0.00216,-0.00476,0.00386,,,,,,,,,,,,,,,,,,,0.0,0.0,0.00357,-0.00143,2.5,71.42857,34.22651,,,25.42257,77.77778,77.77778,,77.778,67.22222,71.48148,24.73619,24.17449,,,0.01178,0.01141,,,-0.2537,-0.1553,-0.3005,-0.0468,0.0984,-0.1452,1,1,1,,,,,,,-0.15,,0.675,0.675,0.677,0.652,0.674,0.675,2021-10-21,2021-09-13,2021-08-26,2021-10-06,2021-09-10,2021-08-19,0.0,3.53,-3.41,0.15,-0.44,0.3,0.0,10.0,16.0,1.0,10.0,5.0,0.0,0.0,-0.0,0.0,-0.0,0.0,0.68,0.665,0.65,0.66,0.645,0.645,2021-10-21,2021-10-12,2021-10-06,2021-10-13,2021-10-07,2021-10-05,0.02,0.021,0.035,0.019,0.02,0.025,2021-04-13,2021-01-11,2020-07-29,2021-03-01,2020-12-10,2020-05-27,574400.0,594700.0,443700.0,-0.58,-7.66,-44.8,-0.003,0.003,0.005,-0.007,0.002,-0.004,-0.00514,-0.00127,0.0115,-0.00612,0.00557,-0.00729,39.912,40.942,49.84,39.702,28.897,45.03,77.778,100.0,57.143,66.667,42.857,0.0,46.006,45.6,51.899,45.477,33.904,50.205,2021-10-06,2021-05-20,2021-03-22,2021-08-04,2021-05-05,2021-01-27,139,59,91,91,98,113,2021-09-14,2021-08-16,2021-05-03,2021-09-06,2021-06-28,2021-03-24,2021-10-21,2021-10-14,2021-10-12,2021-10-15,2021-10-13,2021-10-07,2021-09-27,2021-08-30,2021-05-06,2021-09-09,2021-07-07,2021-04-13,1,0,1,0,0,1,0,1,1,0,1,0,1,0,0,0,0,0,0,1,0,0,0,0,1,0,1,0,0,0,,,,,,n2p,p2n,,,Life.BearRecovery,Life.Bear,Life.BearRecovery,Life.Bear,Life.BearRecovery,,
2021-10-22,0.67375,,,,,0.66789,0.6721,0.68267,0.69713,0.66999,0.66795,0.00204,-0.00132,-0.00495,0.00336,,,,,,,,,,,,,,,,,,,-0.0,-0.005,0.00357,-0.00179,2.0,66.66667,32.68431,,,20.66067,66.66667,74.07407,,,42.22222,59.16667,23.32879,22.62895,,,0.01165,0.0114,,,-0.2503,-0.1478,-0.2924,-0.0421,0.1025,-0.1446,1,1,1,,,,,,,-0.15,,0.675,0.675,0.677,0.652,0.674,0.675,2021-10-21,2021-09-13,2021-08-26,2021-10-06,2021-09-10,2021-08-19,-0.19,3.53,-3.41,0.15,-0.44,0.3,1.0,10.0,16.0,1.0,10.0,5.0,-0.0,0.0,-0.0,0.0,-0.0,0.0,0.68,0.665,0.65,0.66,0.645,0.645,2021-10-21,2021-10-12,2021-10-06,2021-10-13,2021-10-07,2021-10-05,0.02,0.021,0.035,0.019,0.02,0.025,2021-04-13,2021-01-11,2020-07-29,2021-03-01,2020-12-10,2020-05-27,594700.0,443700.0,685800.0,-7.66,-44.8,6.91,-0.003,0.003,0.005,-0.007,0.002,-0.004,-0.00514,-0.00127,0.0115,-0.00612,0.00557,-0.00729,39.912,40.942,49.84,39.702,28.897,45.03,77.778,100.0,57.143,66.667,42.857,0.0,46.006,45.6,51.899,45.477,33.904,50.205,2021-10-06,2021-05-20,2021-03-22,2021-08-04,2021-05-05,2021-01-27,139,59,91,91,98,113,2021-09-14,2021-08-16,2021-05-03,2021-09-06,2021-06-28,2021-03-24,2021-10-21,2021-10-14,2021-10-12,2021-10-15,2021-10-13,2021-10-07,2021-09-27,2021-08-30,2021-05-06,2021-09-09,2021-07-07,2021-04-13,1,0,1,0,0,1,0,1,1,0,1,0,1,0,0,0,0,0,0,1,0,0,0,0,1,0,1,0,0,0,-685800,,,,n2p,p2n,,,n2p,Life.BearRecovery,Life.Bear,Life.BearRecovery,Life.Bear,Life.BearRecovery,,
2021-10-25,0.67173,,,,,0.66844,0.67221,0.68252,0.69691,0.67076,0.66847,0.00229,-0.0006,-0.00516,0.00289,,,,,,,,,,,,,,,,,,,0.0,0.0,0.00321,-0.00179,1.8,64.28571,31.06596,,,18.27971,66.66667,70.37037,,,20.0,43.14815,21.88706,21.04092,,,0.01154,0.0114,,,-0.247,-0.1408,-0.2847,-0.0377,0.1062,-0.1439,1,1,1,,,,,,,-0.15,,0.675,0.675,0.677,0.652,0.674,0.675,2021-10-21,2021-09-13,2021-08-26,2021-10-06,2021-09-10,2021-08-19,-0.48,3.53,-3.41,0.15,-0.44,0.3,2.0,10.0,16.0,1.0,10.0,5.0,-0.0,0.0,-0.0,0.0,-0.0,0.0,0.68,0.665,0.65,0.66,0.645,0.645,2021-10-21,2021-10-12,2021-10-06,2021-10-13,2021-10-07,2021-10-05,0.02,0.021,0.035,0.019,0.02,0.025,2021-04-13,2021-01-11,2020-07-29,2021-03-01,2020-12-10,2020-05-27,443700.0,685800.0,463300.0,-44.8,6.91,-7.62,-0.003,0.003,0.005,-0.007,0.002,-0.004,-0.00514,-0.00127,0.0115,-0.00612,0.00557,-0.00729,39.912,40.942,49.84,39.702,28.897,45.03,77.778,100.0,57.143,66.667,42.857,0.0,46.006,45.6,51.899,45.477,33.904,50.205,2021-10-06,2021-05-20,2021-03-22,2021-08-04,2021-05-05,2021-01-27,139,59,91,91,98,113,2021-09-14,2021-08-16,2021-05-03,2021-09-06,2021-06-28,2021-03-24,2021-10-21,2021-10-14,2021-10-12,2021-10-15,2021-10-13,2021-10-07,2021-09-27,2021-08-30,2021-05-06,2021-09-09,2021-07-07,2021-04-13,1,0,1,0,0,1,0,1,1,0,1,0,1,0,0,0,0,0,0,1,0,0,0,0,1,0,1,0,0,0,,,,,p2n,,,n2p,,Life.BearRecovery,Life.Bear,Life.BearRecovery,Life.Bear,Life.BearRecovery,,
2021-10-26,0.66864,,,,,0.66894,0.67232,0.68237,0.69669,0.67141,0.66895,0.00246,1e-05,-0.00537,0.00245,,,,,,,,,,,,,,,,,,,0.0,0.0,0.00321,-0.00107,3.0,75.0,29.37943,,,28.994,66.66667,66.66667,,,0.0,20.74074,20.42281,19.42121,,,0.01107,0.01139,,,-0.2437,-0.1343,-0.2775,-0.0338,0.1094,-0.1432,1,1,1,,,,,,,-0.15,,0.675,0.675,0.677,0.652,0.674,0.675,2021-10-21,2021-09-13,2021-08-26,2021-10-06,2021-09-10,2021-08-19,-0.94,3.53,-3.41,0.15,-0.44,0.3,3.0,10.0,16.0,1.0,10.0,5.0,-0.0,0.0,-0.0,0.0,-0.0,0.0,0.68,0.665,0.65,0.66,0.645,0.645,2021-10-21,2021-10-12,2021-10-06,2021-10-13,2021-10-07,2021-10-05,0.02,0.021,0.035,0.019,0.02,0.025,2021-04-13,2021-01-11,2020-07-29,2021-03-01,2020-12-10,2020-05-27,685800.0,463300.0,268500.0,6.91,-7.62,-11.0,-0.003,0.003,0.005,-0.007,0.002,-0.004,-0.00514,-0.00127,0.0115,-0.00612,0.00557,-0.00729,39.912,40.942,49.84,39.702,28.897,45.03,77.778,100.0,57.143,66.667,42.857,0.0,46.006,45.6,51.899,45.477,33.904,50.205,2021-10-06,2021-05-20,2021-03-22,2021-08-04,2021-05-05,2021-01-27,139,59,91,91,98,113,2021-09-14,2021-08-16,2021-05-03,2021-09-06,2021-06-28,2021-03-24,2021-10-21,2021-10-14,2021-10-12,2021-10-15,2021-10-13,2021-10-07,2021-09-27,2021-08-30,2021-05-06,2021-09-09,2021-07-07,2021-04-13,1,0,1,0,0,1,0,1,1,0,1,0,1,0,0,0,0,0,0,1,0,0,0,0,1,0,1,0,0,0,,,,,,,n2p,,,Life.BearRecovery,Life.Bear,Life.BearRecovery,Life.Bear,Life.BearRecovery,,
2021-10-27,0.66459,,,,,0.66903,0.67223,0.68213,0.69642,0.6712,0.66903,0.00216,0.00044,-0.00559,0.00172,,,,,,,,,,,,,,,,,,,-0.0,-0.005,0.00286,-0.00143,2.0,66.66667,27.63203,,,20.66067,55.55556,62.96296,,,0.0,6.66667,18.94597,17.77915,,,0.01099,0.01139,,,-0.2419,-0.131,-0.2739,-0.032,0.1109,-0.1429,1,1,1,,,,,,,-0.15,,0.675,0.675,0.677,0.652,0.674,0.675,2021-10-21,2021-09-13,2021-08-26,2021-10-06,2021-09-10,2021-08-19,-1.54,3.53,-3.41,0.15,-0.44,0.3,4.0,10.0,16.0,1.0,10.0,5.0,-0.0,0.0,-0.0,0.0,-0.0,0.0,0.68,0.665,0.65,0.66,0.645,0.645,2021-10-21,2021-10-12,2021-10-06,2021-10-13,2021-10-07,2021-10-05,0.02,0.021,0.035,0.019,0.02,0.025,2021-04-13,2021-01-11,2020-07-29,2021-03-01,2020-12-10,2020-05-27,463300.0,268500.0,371200.0,-7.62,-11.0,-22.19,-0.003,0.003,0.005,-0.007,0.002,-0.004,-0.00514,-0.00127,0.0115,-0.00612,0.00557,-0.00729,39.912,40.942,49.84,39.702,28.897,45.03,77.778,100.0,57.143,66.667,42.857,0.0,46.006,45.6,51.899,45.477,33.904,50.205,2021-10-06,2021-05-20,2021-03-22,2021-08-04,2021-05-05,2021-01-27,139,59,91,91,98,113,2021-09-14,2021-08-16,2021-05-03,2021-09-06,2021-06-28,2021-03-24,2021-10-21,2021-10-14,2021-10-12,2021-10-15,2021-10-13,2021-10-07,2021-09-27,2021-08-30,2021-05-06,2021-09-09,2021-07-07,2021-04-13,1,0,1,0,0,1,0,1,1,0,1,0,1,0,0,0,0,0,0,1,0,0,0,0,1,0,1,0,0,0,,,,,,n2p,,,,Life.BearRecovery,Life.Bear,Life.BearRecovery,Life.Bear,Life.BearRecovery,,
2021-10-28,0.65977,,,,,0.66872,0.67195,0.68179,0.69611,0.67024,0.66873,0.00151,0.00066,-0.00582,0.00085,,,,,,,,,,,,,,,,,,,-0.0,-0.005,0.00286,-0.00143,2.0,66.66667,25.83084,,,20.66067,37.5,53.24074,,,6.66667,2.22222,17.46313,16.12184,,,0.01092,0.01138,,,-0.2416,-0.1307,-0.2739,-0.0323,0.1109,-0.1432,1,1,1,,,,,,,-0.15,,0.675,0.675,0.677,0.652,0.674,0.675,2021-10-21,2021-09-13,2021-08-26,2021-10-06,2021-09-10,2021-08-19,-2.26,3.53,-3.41,0.15,-0.44,0.3,5.0,10.0,16.0,1.0,10.0,5.0,-0.0,0.0,-0.0,0.0,-0.0,0.0,0.68,0.665,0.65,0.66,0.645,0.645,2021-10-21,2021-10-12,2021-10-06,2021-10-13,2021-10-07,2021-10-05,0.02,0.021,0.035,0.019,0.02,0.025,2021-04-13,2021-01-11,2020-07-29,2021-03-01,2020-12-10,2020-05-27,268500.0,371200.0,904700.0,-11.0,-22.19,40.02,-0.003,0.003,0.005,-0.007,0.002,-0.004,-0.00514,-0.00127,0.0115,-0.00612,0.00557,-0.00729,39.912,40.942,49.84,39.702,28.897,45.03,77.778,100.0,57.143,66.667,42.857,0.0,46.006,45.6,51.899,45.477,33.904,50.205,2021-10-06,2021-05-20,2021-03-22,2021-08-04,2021-05-05,2021-01-27,139,59,91,91,98,113,2021-09-14,2021-08-16,2021-05-03,2021-09-06,2021-06-28,2021-03-24,2021-10-21,2021-10-14,2021-10-12,2021-10-15,2021-10-13,2021-10-07,2021-09-27,2021-08-30,2021-05-06,2021-09-09,2021-07-07,2021-04-13,1,0,1,0,0,1,0,1,1,0,1,0,1,0,0,0,0,0,0,1,0,0,0,0,1,0,1,0,0,0,-904700,,,,n2p,,,,n2p,Life.BearRecovery,Life.Bear,Life.BearRecovery,Life.Bear,Life.BearRecovery,,
2021-10-29,0.6543,,,,,0.66766,0.67128,0.68126,0.6957,0.6679,0.66772,0.00018,0.00056,-0.00605,-0.00038,,,,,,,,,,,,,,,,,,,-0.0,-0.01,0.0025,-0.00214,1.16667,53.84615,23.98334,,,7.84015,12.5,35.18519,,,6.66667,4.44444,15.97717,14.45396,,,0.01086,0.01138,,,-0.2442,-0.136,-0.2804,-0.0362,0.1082,-0.1444,0,0,0,,,,,,-0.15,,,0.675,0.675,0.677,0.652,0.674,0.675,2021-10-21,2021-09-13,2021-08-26,2021-10-06,2021-09-10,2021-08-19,-3.07,3.53,-3.41,0.15,-0.44,0.3,6.0,10.0,16.0,1.0,10.0,5.0,-1.0,0.0,-0.0,0.0,-0.0,0.0,0.68,0.665,0.65,0.66,0.645,0.645,2021-10-21,2021-10-12,2021-10-06,2021-10-13,2021-10-07,2021-10-05,0.02,0.021,0.035,0.019,0.02,0.025,2021-04-13,2021-01-11,2020-07-29,2021-03-01,2020-12-10,2020-05-27,371200.0,904700.0,1406800.0,-22.19,40.02,73.7,-0.003,0.003,0.005,-0.007,0.002,-0.004,-0.00514,-0.00127,0.0115,-0.00612,0.00557,-0.00729,39.912,40.942,49.84,39.702,28.897,45.03,77.778,100.0,57.143,66.667,42.857,0.0,46.006,45.6,51.899,45.477,33.904,50.205,2021-10-06,2021-05-20,2021-03-22,2021-08-04,2021-05-05,2021-01-27,139,59,91,91,98,113,2021-09-14,2021-08-16,2021-05-03,2021-09-06,2021-06-28,2021-03-24,2021-10-21,2021-10-14,2021-10-12,2021-10-15,2021-10-13,2021-10-07,2021-09-27,2021-08-30,2021-05-06,2021-09-09,2021-07-07,2021-04-13,1,0,1,0,0,1,0,1,1,0,1,0,1,0,0,0,0,0,0,1,0,0,0,0,1,0,1,0,0,0,,,,,,,,n2p,,Life.Bear,Life.BearRecovery,Life.Bear,Life.BearRecovery,Life.Bear,,
2021-11-01,0.64829,,,0.645,,0.66592,0.67025,0.68054,0.6952,0.66437,0.66603,-0.00166,0.00012,-0.00628,-0.00178,,,,,,,,,,,,,,,,,,,-0.0,-0.01,0.0025,-0.00286,0.875,46.66667,22.09605,,,0.66067,0.0,16.66667,0.0,,6.66667,6.66667,14.48768,12.77797,,,0.01079,0.01137,,,-0.2495,-0.1462,-0.2928,-0.0433,0.1033,-0.1466,0,0,0,,,,,,-0.15,,,0.675,0.675,0.677,0.652,0.674,0.675,2021-10-21,2021-09-13,2021-08-26,2021-10-06,2021-09-10,2021-08-19,-3.96,3.53,-3.41,0.15,-0.44,0.3,7.0,10.0,16.0,1.0,10.0,5.0,-1.0,0.0,-0.0,0.0,-0.0,0.0,0.68,0.665,0.65,0.645,0.66,0.645,2021-10-21,2021-10-12,2021-10-06,2021-11-01,2021-10-13,2021-10-07,0.02,0.021,0.035,0.019,0.02,0.025,2021-04-13,2021-01-11,2020-07-29,2021-03-01,2020-12-10,2020-05-27,904700.0,1406800.0,598000.0,40.02,73.7,8.45,-0.003,0.003,0.005,-0.007,0.002,-0.004,-0.00514,-0.00127,0.0115,-0.00612,0.00557,-0.00729,39.912,40.942,49.84,39.702,28.897,45.03,77.778,100.0,57.143,0.0,66.667,42.857,46.006,45.6,51.899,45.477,33.904,50.205,2021-10-06,2021-05-20,2021-03-22,2021-08-04,2021-05-05,2021-01-27,139,59,91,91,98,113,2021-09-14,2021-08-16,2021-05-03,2021-09-06,2021-06-28,2021-03-24,2021-10-21,2021-10-14,2021-10-12,2021-11-01,2021-10-15,2021-10-13,2021-09-27,2021-08-30,2021-05-06,2021-09-09,2021-07-07,2021-04-13,1,0,1,0,0,1,1,0,1,0,1,0,1,0,0,0,0,0,1,0,0,0,0,0,1,0,1,0,0,0,,,,,,,n2p,,,Life.Bear,Life.BearRecovery,Life.Bear,Life.BearRecovery,Life.Bear,,
2021-11-02,0.6419,,,,0.65,0.66469,0.66946,0.67993,0.69475,0.66216,0.66485,-0.00268,-0.00044,-0.00652,-0.00224,,,,,,,,,,,,,,,,,,,0.005,0.0,0.00179,-0.00286,0.625,38.46154,20.17504,,,-7.54446,11.11111,7.87037,,11.111,4.7619,6.03175,12.99323,11.09451,,,0.01038,0.01137,,,-0.2529,-0.1524,-0.3006,-0.0477,0.1005,-0.1482,0,0,0,,,,,,-0.15,,,0.675,0.675,0.677,0.652,0.674,0.675,2021-10-21,2021-09-13,2021-08-26,2021-10-06,2021-09-10,2021-08-19,-4.9,3.53,-3.41,0.15,-0.44,0.3,8.0,10.0,16.0,1.0,10.0,5.0,-1.0,0.0,-0.0,0.0,-0.0,0.0,0.65,0.68,0.665,0.645,0.66,0.645,2021-11-02,2021-10-21,2021-10-12,2021-11-01,2021-10-13,2021-10-07,0.02,0.021,0.035,0.019,0.02,0.025,2021-04-13,2021-01-11,2020-07-29,2021-03-01,2020-12-10,2020-05-27,1406800.0,598000.0,376700.0,73.7,8.45,-18.15,-0.003,0.003,0.005,-0.007,0.002,-0.004,-0.00514,-0.00127,0.0115,-0.00612,0.00557,-0.00729,39.912,40.942,49.84,39.702,28.897,45.03,11.111,77.778,100.0,0.0,66.667,42.857,46.006,45.6,51.899,45.477,33.904,50.205,2021-10-06,2021-05-20,2021-03-22,2021-08-04,2021-05-05,2021-01-27,139,59,91,91,98,113,2021-09-14,2021-08-16,2021-05-03,2021-09-06,2021-06-28,2021-03-24,2021-11-02,2021-10-21,2021-10-14,2021-11-01,2021-10-15,2021-10-13,2021-09-27,2021-08-30,2021-05-06,2021-09-09,2021-07-07,2021-04-13,1,0,1,0,1,0,1,0,1,0,1,0,1,0,0,0,1,0,1,0,0,0,0,0,1,0,1,0,0,0,,,,,,n2p,,,,Life.Bear,Life.BearRecovery,Life.Bear,Life.BearRecovery,Life.Bear,,
2021-11-03,0.63524,,,,,0.66202,0.66791,0.67895,0.6941,0.65722,0.66226,-0.00505,-0.00136,-0.00676,-0.00369,,,,,,,,,,,,,,,,,,,-0.0,-0.02,0.00179,-0.00393,0.45455,31.25,18.2271,,,-14.756,0.0,3.7037,0.0,,4.7619,5.39683,11.49168,9.40282,,,0.01107,0.01136,,,-0.2619,-0.1693,-0.3208,-0.0589,0.0926,-0.1515,0,0,0,,,,,,-0.15,,,0.675,0.675,0.677,0.652,0.674,0.675,2021-10-21,2021-09-13,2021-08-26,2021-10-06,2021-09-10,2021-08-19,-5.89,3.53,-3.41,0.15,-0.44,0.3,9.0,10.0,16.0,1.0,10.0,5.0,-1.0,0.0,-0.0,0.0,-0.0,0.0,0.65,0.68,0.665,0.645,0.66,0.645,2021-11-02,2021-10-21,2021-10-12,2021-11-01,2021-10-13,2021-10-07,0.02,0.021,0.035,0.019,0.02,0.025,2021-04-13,2021-01-11,2020-07-29,2021-03-01,2020-12-10,2020-05-27,598000.0,376700.0,2098700.0,8.45,-18.15,29.05,-0.003,0.003,0.005,-0.007,0.002,-0.004,-0.00514,-0.00127,0.0115,-0.00612,0.00557,-0.00729,39.912,40.942,49.84,39.702,28.897,45.03,11.111,77.778,100.0,0.0,0.0,66.667,46.006,45.6,51.899,45.477,33.904,50.205,2021-10-06,2021-05-20,2021-03-22,2021-08-04,2021-05-05,2021-01-27,139,59,91,91,98,113,2021-09-14,2021-08-16,2021-05-03,2021-09-06,2021-06-28,2021-03-24,2021-11-02,2021-10-21,2021-10-14,2021-11-03,2021-11-01,2021-10-15,2021-09-27,2021-08-30,2021-05-06,2021-09-09,2021-07-07,2021-04-13,1,0,1,0,1,0,1,0,1,0,1,0,1,0,0,0,1,0,1,0,0,0,0,0,1,0,1,0,0,0,-2098700,,,,n2p,,,,n2p,Life.Bear,Life.BearRecovery,Life.Bear,Life.BearRecovery,Life.Bear,,
2021-11-05,0.62843,,,,,0.65918,0.66623,0.67788,0.69342,0.65226,0.6595,-0.00725,-0.00254,-0.007,-0.0047,,,,,,,,,,,,,,,,,,,-0.0,-0.005,0.00071,-0.00429,0.16667,14.28571,16.26079,,,-31.72029,7.14286,6.08466,,,8.46561,5.99647,9.98168,7.70259,,,0.01135,0.01135,,,-0.2719,-0.187,-0.3424,-0.0705,0.0849,-0.1554,0,0,0,,,,,,-0.15,,,0.675,0.675,0.677,0.652,0.674,0.675,2021-10-21,2021-09-13,2021-08-26,2021-10-06,2021-09-10,2021-08-19,-6.9,3.53,-3.41,0.15,-0.44,0.3,10.0,10.0,16.0,1.0,10.0,5.0,-1.0,0.0,-0.0,0.0,-0.0,0.0,0.65,0.68,0.665,0.645,0.66,0.645,2021-11-02,2021-10-21,2021-10-12,2021-11-01,2021-10-13,2021-10-07,0.02,0.021,0.035,0.019,0.02,0.025,2021-04-13,2021-01-11,2020-07-29,2021-03-01,2020-12-10,2020-05-27,376700.0,2098700.0,1658500.0,-18.15,29.05,34.51,-0.003,0.003,0.005,-0.007,0.002,-0.004,-0.00514,-0.00127,0.0115,-0.00612,0.00557,-0.00729,39.912,40.942,49.84,39.702,28.897,45.03,11.111,77.778,100.0,0.0,0.0,66.667,46.006,45.6,51.899,45.477,33.904,50.205,2021-10-06,2021-05-20,2021-03-22,2021-08-04,2021-05-05,2021-01-27,139,59,91,91,98,113,2021-09-14,2021-08-16,2021-05-03,2021-09-06,2021-06-28,2021-03-24,2021-11-02,2021-10-21,2021-10-14,2021-11-03,2021-11-01,2021-10-15,2021-09-27,2021-08-30,2021-05-06,2021-09-09,2021-07-07,2021-04-13,1,0,1,0,1,0,1,0,1,0,1,0,1,0,0,0,1,0,1,0,0,0,0,0,1,0,1,0,0,0,,,,,,,,n2p,,Life.Bear,Life.BearRecovery,Life.Bear,Life.BearRecovery,Life.Bear,,
