Date,smooth_close,smooth_troughs,smooth_peaks,close_troughs,close_peaks,ma25,ma50,ma100,ma200,macd_short,macd_long,MACD,MACD_signal,macd_distance,macd_troughs,macd_peaks,PnL1,PnL2,PnL3,PnL4,PnL5,PnL6,PnL7,PnL8,PnL1_days,PnL2_days,PnL3_days,PnL4_days,PnL5_days,PnL6_days,PnL7_days,PnL8_days,rsi_up_chg,rsi_down_chg,rsi_up_chg_avg,rsi_down_chg_avg,rsi_rs,RSI,rsi_troughs,rsi_peaks,rsi_distance,fastK,fastD,fast_troughs,fast_peaks,slowK,slowD,slow_troughs,slow_peaks,dist_no25,dist_no200,dist_all4,all_no25,no200_no25,all_no200,all4_up,no25_up,no200_up,bull_start,bull,bull_retrace,bull_end,bear_start,bear,bear_recovery,bear_end,smooth_p1,smooth_p2,smooth_p3,smooth_t1,smooth_t2,smooth_t3,smooth_p1_date,smooth_p2_date,smooth_p3_date,smooth_t1_date,smooth_t2_date,smooth_t3_date,close_p1,close_p2,close_p3,close_t1,close_t2,close_t3,close_p1_date,close_p2_date,close_p3_date,close_t1_date,close_t2_date,close_t3_date,v3,v2,v1,v3p,v2p,v1p,macd_p1,macd_p2,macd_p3,macd_t1,macd_t2,macd_t3,macd_p1_signal,macd_p2_signal,macd_p3_signal,macd_t1_signal,macd_t2_signal,macd_t3_signal,slow_p1,slow_p2,slow_p3,slow_t1,slow_t2,slow_t3,fast_p1,fast_p2,fast_p3,fast_t1,fast_t2,fast_t3,rsi_p1,rsi_p2,rsi_p3,rsi_t1,rsi_t2,rsi_t3,macd_p1_date,macd_p2_date,macd_p3_date,macd_t1_date,macd_t2_date,macd_t3_date,slow_p1_date,slow_p2_date,slow_p3_date,slow_t1_date,slow_t2_date,slow_t3_date,fast_p1_date,fast_p2_date,fast_p3_date,fast_t1_date,fast_t2_date,fast_t3_date,rsi_p1_date,rsi_p2_date,rsi_p3_date,rsi_t1_date,rsi_t2_date,rsi_t3_date,minsmcp,maxsmcp,minsmct,maxsmct,mincp,maxcp,minct,maxct,minmp,maxmp,minmt,maxmt,minsp,maxsp,minst,maxst,minfp,maxfp,minft,maxft,minrp,maxrp,minrt,maxrt,mp_positives,mt_positives,vol_n2p,vol_p2p,vol_p2n,vol_n2n,vol_hist5,vol_hist4,vol_hist3,vol_hist2,vol_hist1,life5,life4,life3,life2,life1,buy_call,sell_call
2018-07-18,0.38406,,,,,0.375,0.375,0.375,0.375,0.375,0.375,0.0,0.0,0.0,,,80.7,-5.91,6.13,-12.27,39.97,-0.59,0.35,-6.36,30.0,12.0,11.0,20.0,19.0,4.0,4.0,9.0,,,,,,,,,,,,,,,,,,-0.0,-0.0,-0.0,0.0,0.0,0.0,0,0,0,,,,,0.15,,,,0.0,0.0,0.0,0.0,0.0,0.0,1999-01-01,1999-01-01,1999-01-01,1999-01-01,1999-01-01,1999-01-01,0.0,0.0,0.0,0.0,0.0,0.0,1999-01-01,1999-01-01,1999-01-01,1999-01-01,1999-01-01,1999-01-01,0,0,313861562,0.0,0.0,31386156200.0,0.0,0.0,0.0,100.0,100.0,100.0,0.0,0.0,0.0,100.0,100.0,100.0,0.0,0.0,0.0,100.0,100.0,100.0,0.0,0.0,0.0,100.0,100.0,100.0,0.0,0.0,0.0,100.0,100.0,100.0,1999-01-01,1999-01-01,1999-01-01,1999-01-01,1999-01-01,1999-01-01,1999-01-01,1999-01-01,1999-01-01,1999-01-01,1999-01-01,1999-01-01,1999-01-01,1999-01-01,1999-01-01,1999-01-01,1999-01-01,1999-01-01,1999-01-01,1999-01-01,1999-01-01,1999-01-01,1999-01-01,1999-01-01,0,0,0,0,0,0,0,0,0,0,0,0,0,0,0,0,0,0,0,0,0,0,0,0,0,1,,,,,,,,,,Life.Empty,Life.Empty,Life.Empty,Life.Empty,Life.BearStart,,
2018-07-19,0.40154,,,,,0.37823,0.37665,0.37583,0.37542,0.38146,0.37811,0.00335,0.00067,0.00268,,,72.83,-5.91,6.13,-12.27,39.97,-0.59,0.35,-6.36,29.0,12.0,11.0,20.0,19.0,4.0,4.0,9.0,0.042,0.0,,,,,,,,,,,,,,,,0.0123,0.024,0.0281,0.0158,0.0117,0.0041,1,1,1,,0.15,,,,,,,0.0,0.0,0.0,0.0,0.0,0.0,1999-01-01,1999-01-01,1999-01-01,1999-01-01,1999-01-01,1999-01-01,0.0,0.0,0.0,0.0,0.0,0.0,1999-01-01,1999-01-01,1999-01-01,1999-01-01,1999-01-01,1999-01-01,0,313861562,147125862,0.0,31386156200.0,46.88,0.0,0.0,0.0,100.0,100.0,100.0,0.0,0.0,0.0,100.0,100.0,100.0,0.0,0.0,0.0,100.0,100.0,100.0,0.0,0.0,0.0,100.0,100.0,100.0,0.0,0.0,0.0,100.0,100.0,100.0,1999-01-01,1999-01-01,1999-01-01,1999-01-01,1999-01-01,1999-01-01,1999-01-01,1999-01-01,1999-01-01,1999-01-01,1999-01-01,1999-01-01,1999-01-01,1999-01-01,1999-01-01,1999-01-01,1999-01-01,1999-01-01,1999-01-01,1999-01-01,1999-01-01,1999-01-01,1999-01-01,1999-01-01,0,0,0,0,0,0,0,0,0,0,0,0,0,0,0,0,0,0,0,0,0,0,0,0,0,1,,,,,,,,,,Life.Empty,Life.Empty,Life.Empty,Life.BearStart,Life.Bull,,
2018-07-20,0.41727,,,,,0.38121,0.37823,0.37665,0.37583,0.38693,0.38099,0.00594,0.00172,0.00421,,,66.32,-5.91,6.13,-12.27,39.97,-0.59,0.35,-6.36,28.0,12.0,11.0,20.0,19.0,4.0,4.0,9.0,0.0,0.0,,,,,,,,,,,,,,,,0.024,0.0456,0.0538,0.0298,0.0216,0.0082,1,1,1,,0.15,,,,,,,0.0,0.0,0.0,0.0,0.0,0.0,1999-01-01,1999-01-01,1999-01-01,1999-01-01,1999-01-01,1999-01-01,0.0,0.0,0.0,0.0,0.0,0.0,1999-01-01,1999-01-01,1999-01-01,1999-01-01,1999-01-01,1999-01-01,313861562,147125862,54146844,31386156200.0,46.88,11.75,0.0,0.0,0.0,100.0,100.0,100.0,0.0,0.0,0.0,100.0,100.0,100.0,0.0,0.0,0.0,100.0,100.0,100.0,0.0,0.0,0.0,100.0,100.0,100.0,0.0,0.0,0.0,100.0,100.0,100.0,1999-01-01,1999-01-01,1999-01-01,1999-01-01,1999-01-01,1999-01-01,1999-01-01,1999-01-01,1999-01-01,1999-01-01,1999-01-01,1999-01-01,1999-01-01,1999-01-01,1999-01-01,1999-01-01,1999-01-01,1999-01-01,1999-01-01,1999-01-01,1999-01-01,1999-01-01,1999-01-01,1999-01-01,0,0,0,0,0,0,0,0,0,0,0,0,0,0,0,0,0,0,0,0,0,0,0,0,0,1,,,,,,,,,,Life.Empty,Life.Empty,Life.Empty,Life.BearStart,Life.Bull,,
2018-07-23,0.43041,,,,0.483,0.38904,0.38234,0.37875,0.3769,0.40171,0.38855,0.01316,0.00401,0.00915,,,61.24,-5.91,6.13,-12.27,39.97,-0.59,0.35,-6.36,27.0,12.0,11.0,20.0,19.0,4.0,4.0,9.0,0.066,0.0,,,,,,,,,,,,,,,,0.0544,0.1029,0.1214,0.067,0.0485,0.0185,1,1,1,,0.15,,,,,,,0.0,0.0,0.0,0.0,0.0,0.0,1999-01-01,1999-01-01,1999-01-01,1999-01-01,1999-01-01,1999-01-01,0.483,0.0,0.0,0.0,0.0,0.0,2018-07-23,1999-01-01,1999-01-01,1999-01-01,1999-01-01,1999-01-01,147125862,54146844,94626685,46.88,11.75,-42.56,0.0,0.0,0.0,100.0,100.0,100.0,0.0,0.0,0.0,100.0,100.0,100.0,0.0,0.0,0.0,100.0,100.0,100.0,0.0,0.0,0.0,100.0,100.0,100.0,0.0,0.0,0.0,100.0,100.0,100.0,1999-01-01,1999-01-01,1999-01-01,1999-01-01,1999-01-01,1999-01-01,1999-01-01,1999-01-01,1999-01-01,1999-01-01,1999-01-01,1999-01-01,1999-01-01,1999-01-01,1999-01-01,1999-01-01,1999-01-01,1999-01-01,1999-01-01,1999-01-01,1999-01-01,1999-01-01,1999-01-01,1999-01-01,0,0,0,0,0,1,0,0,0,0,0,0,0,0,0,0,0,0,0,0,0,0,0,0,0,1,,,94626685.0,,,,,,p2n,Life.Empty,Life.Empty,Life.Empty,Life.BearStart,Life.Bull,,
2018-07-24,0.44049,,,0.453,,0.39396,0.38511,0.38022,0.37766,0.4096,0.39332,0.01628,0.00646,0.00981,,,57.55,-5.91,6.13,-12.27,39.97,-0.59,0.35,-6.36,26.0,12.0,11.0,20.0,19.0,4.0,4.0,9.0,-0.0,-0.03,,,,,,,,,,,,,,,,0.0745,0.1374,0.163,0.0885,0.0629,0.0256,1,1,1,,0.15,,,,,,,0.0,0.0,0.0,0.0,0.0,0.0,1999-01-01,1999-01-01,1999-01-01,1999-01-01,1999-01-01,1999-01-01,0.483,0.0,0.0,0.453,0.0,0.0,2018-07-23,1999-01-01,1999-01-01,2018-07-24,1999-01-01,1999-01-01,54146844,94626685,80981682,11.75,-42.56,-22.35,0.0,0.0,0.0,100.0,100.0,100.0,0.0,0.0,0.0,100.0,100.0,100.0,0.0,0.0,0.0,100.0,100.0,100.0,0.0,0.0,0.0,100.0,100.0,100.0,0.0,0.0,0.0,100.0,100.0,100.0,1999-01-01,1999-01-01,1999-01-01,1999-01-01,1999-01-01,1999-01-01,1999-01-01,1999-01-01,1999-01-01,1999-01-01,1999-01-01,1999-01-01,1999-01-01,1999-01-01,1999-01-01,1999-01-01,1999-01-01,1999-01-01,1999-01-01,1999-01-01,1999-01-01,1999-01-01,1999-01-01,1999-01-01,0,0,0,0,0,1,0,1,0,0,0,0,0,0,0,0,0,0,0,0,0,0,0,0,0,1,,,,,,,,,p2n,Life.Empty,Life.Empty,Life.Empty,Life.BearStart,Life.Bull,,
2018-07-25,0.44763,,,,0.459,0.39897,0.38801,0.38178,0.37846,0.4172,0.39819,0.01901,0.00897,0.01004,,,55.04,-5.91,6.13,-12.27,39.97,-0.59,0.35,-6.36,25.0,12.0,11.0,20.0,19.0,4.0,4.0,9.0,0.006,0.0,,,,,,,,,,,,,,,,0.0955,0.1719,0.2051,0.1096,0.0764,0.0332,1,1,1,,0.15,,,,,,,0.0,0.0,0.0,0.0,0.0,0.0,1999-01-01,1999-01-01,1999-01-01,1999-01-01,1999-01-01,1999-01-01,0.459,0.483,0.0,0.453,0.0,0.0,2018-07-25,2018-07-23,1999-01-01,2018-07-24,1999-01-01,1999-01-01,94626685,80981682,13451002,-42.56,-22.35,-17.71,0.0,0.0,0.0,100.0,100.0,100.0,0.0,0.0,0.0,100.0,100.0,100.0,0.0,0.0,0.0,100.0,100.0,100.0,0.0,0.0,0.0,100.0,100.0,100.0,0.0,0.0,0.0,100.0,100.0,100.0,1999-01-01,1999-01-01,1999-01-01,1999-01-01,1999-01-01,1999-01-01,1999-01-01,1999-01-01,1999-01-01,1999-01-01,1999-01-01,1999-01-01,1999-01-01,1999-01-01,1999-01-01,1999-01-01,1999-01-01,1999-01-01,1999-01-01,1999-01-01,1999-01-01,1999-01-01,1999-01-01,1999-01-01,0,0,0,0,0,0,0,1,0,0,0,0,0,0,0,0,0,0,0,0,0,0,0,0,0,1,,,,,,,,,p2n,Life.Empty,Life.Empty,Life.Empty,Life.BearStart,Life.Bull,,
2018-07-26,0.45251,,,,,0.40335,0.39067,0.38325,0.37924,0.42317,0.40247,0.0207,0.01132,0.00938,,,53.37,-5.91,6.13,-12.27,39.97,-0.59,0.35,-6.36,24.0,12.0,11.0,20.0,19.0,4.0,4.0,9.0,-0.0,-0.003,,,,,,,,,,,,68.98717,,,,0.1143,0.201,0.2411,0.1268,0.0867,0.0401,1,1,1,,0.15,,,,,,,0.0,0.0,0.0,0.0,0.0,0.0,1999-01-01,1999-01-01,1999-01-01,1999-01-01,1999-01-01,1999-01-01,0.459,0.483,0.0,0.453,0.0,0.0,2018-07-25,2018-07-23,1999-01-01,2018-07-24,1999-01-01,1999-01-01,80981682,13451002,6062001,-22.35,-17.71,-46.84,0.0,0.0,0.0,100.0,100.0,100.0,0.0,0.0,0.0,100.0,100.0,100.0,0.0,0.0,0.0,100.0,100.0,100.0,0.0,0.0,0.0,100.0,100.0,100.0,0.0,0.0,0.0,100.0,100.0,100.0,1999-01-01,1999-01-01,1999-01-01,1999-01-01,1999-01-01,1999-01-01,1999-01-01,1999-01-01,1999-01-01,1999-01-01,1999-01-01,1999-01-01,1999-01-01,1999-01-01,1999-01-01,1999-01-01,1999-01-01,1999-01-01,1999-01-01,1999-01-01,1999-01-01,1999-01-01,1999-01-01,1999-01-01,0,0,0,0,0,0,0,1,0,0,0,0,0,0,0,0,0,0,0,0,0,0,0,0,0,1,,,,,,,,,p2n,Life.Empty,Life.Empty,Life.Empty,Life.BearStart,Life.Bull,,
2018-07-27,0.45617,,,,,0.4074,0.39324,0.38469,0.38,0.42822,0.40643,0.02179,0.01341,0.00837,,,52.14,-5.91,6.13,-12.27,39.97,-0.59,0.35,-6.36,23.0,12.0,11.0,20.0,19.0,4.0,4.0,9.0,0.0,0.0,,,,,,,,,,,,60.58169,,,,0.1324,0.2271,0.274,0.1416,0.0947,0.0469,1,1,1,,0.15,,,,,,,0.0,0.0,0.0,0.0,0.0,0.0,1999-01-01,1999-01-01,1999-01-01,1999-01-01,1999-01-01,1999-01-01,0.459,0.483,0.0,0.453,0.0,0.0,2018-07-25,2018-07-23,1999-01-01,2018-07-24,1999-01-01,1999-01-01,13451002,6062001,7719501,-17.71,-46.84,-72.9,0.0,0.0,0.0,100.0,100.0,100.0,0.0,0.0,0.0,100.0,100.0,100.0,0.0,0.0,0.0,100.0,100.0,100.0,0.0,0.0,0.0,100.0,100.0,100.0,0.0,0.0,0.0,100.0,100.0,100.0,1999-01-01,1999-01-01,1999-01-01,1999-01-01,1999-01-01,1999-01-01,1999-01-01,1999-01-01,1999-01-01,1999-01-01,1999-01-01,1999-01-01,1999-01-01,1999-01-01,1999-01-01,1999-01-01,1999-01-01,1999-01-01,1999-01-01,1999-01-01,1999-01-01,1999-01-01,1999-01-01,1999-01-01,0,0,0,0,0,0,0,1,0,0,0,0,0,0,0,0,0,0,0,0,0,0,0,0,0,1,,,,,,,,,p2n,Life.Empty,Life.Empty,Life.Empty,Life.BearStart,Life.Bull,,
2018-07-30,0.4598,,,0.453,,0.41091,0.39558,0.38605,0.38073,0.43203,0.40988,0.02215,0.01516,0.00699,,,50.94,-5.91,6.13,-12.27,39.97,-0.59,0.35,-6.36,22.0,12.0,11.0,20.0,19.0,4.0,4.0,9.0,-0.0,-0.003,,,,,,,,,,,,43.94152,57.83679,,,0.1485,0.2486,0.3018,0.1533,0.1001,0.0532,1,1,1,,0.15,,,,,,,0.0,0.0,0.0,0.0,0.0,0.0,1999-01-01,1999-01-01,1999-01-01,1999-01-01,1999-01-01,1999-01-01,0.459,0.483,0.0,0.453,0.453,0.0,2018-07-25,2018-07-23,1999-01-01,2018-07-30,2018-07-24,1999-01-01,6062001,7719501,44379175,-46.84,-72.9,113.57,0.0,0.0,0.0,100.0,100.0,100.0,0.0,0.0,0.0,100.0,100.0,100.0,0.0,0.0,0.0,100.0,100.0,100.0,0.0,0.0,0.0,100.0,100.0,100.0,0.0,0.0,0.0,100.0,100.0,100.0,1999-01-01,1999-01-01,1999-01-01,1999-01-01,1999-01-01,1999-01-01,1999-01-01,1999-01-01,1999-01-01,1999-01-01,1999-01-01,1999-01-01,1999-01-01,1999-01-01,1999-01-01,1999-01-01,1999-01-01,1999-01-01,1999-01-01,1999-01-01,1999-01-01,1999-01-01,1999-01-01,1999-01-01,0,0,0,0,0,0,0,1,0,0,0,0,0,0,0,0,0,0,0,0,0,0,0,0,0,1,-44379175.0,,,,,,,p2n,n2p,Life.Empty,Life.Empty,Life.Empty,Life.BearStart,Life.Bull,,
2018-07-31,0.46462,,,,,0.41438,0.39795,0.38743,0.38148,0.43572,0.4133,0.02242,0.01661,0.00581,,,49.37,-5.91,6.13,-12.27,39.97,-0.59,0.35,-6.36,21.0,12.0,11.0,20.0,19.0,4.0,4.0,9.0,0.003,0.0,,,,,,,,,,,,34.85061,46.45794,,,0.1647,0.2695,0.329,0.1643,0.1048,0.0595,1,1,1,,0.15,,,,,,,0.0,0.0,0.0,0.0,0.0,0.0,1999-01-01,1999-01-01,1999-01-01,1999-01-01,1999-01-01,1999-01-01,0.459,0.483,0.0,0.453,0.453,0.0,2018-07-25,2018-07-23,1999-01-01,2018-07-30,2018-07-24,1999-01-01,7719501,44379175,6100334,-72.9,113.57,0.07,0.0,0.0,0.0,100.0,100.0,100.0,0.0,0.0,0.0,100.0,100.0,100.0,0.0,0.0,0.0,100.0,100.0,100.0,0.0,0.0,0.0,100.0,100.0,100.0,0.0,0.0,0.0,100.0,100.0,100.0,1999-01-01,1999-01-01,1999-01-01,1999-01-01,1999-01-01,1999-01-01,1999-01-01,1999-01-01,1999-01-01,1999-01-01,1999-01-01,1999-01-01,1999-01-01,1999-01-01,1999-01-01,1999-01-01,1999-01-01,1999-01-01,1999-01-01,1999-01-01,1999-01-01,1999-01-01,1999-01-01,1999-01-01,0,0,0,0,0,0,0,1,0,0,0,0,0,0,0,0,0,0,0,0,0,0,0,0,0,1,,,,,,,,p2n,n2p,Life.Empty,Life.Empty,Life.Empty,Life.BearStart,Life.Bull,,
2018-08-01,0.47164,,,,,0.41758,0.40022,0.38879,0.38222,0.43884,0.41646,0.02238,0.01776,0.00461,,,47.15,-5.91,6.13,-12.27,39.97,-0.59,0.35,-6.36,20.0,12.0,11.0,20.0,19.0,4.0,4.0,9.0,0.0,0.0,,,,,,,,,,,,28.10458,35.63223,28.105,,0.18,0.2879,0.3536,0.1736,0.1079,0.0657,1,1,1,,0.15,,,,,,,0.0,0.0,0.0,0.0,0.0,0.0,1999-01-01,1999-01-01,1999-01-01,1999-01-01,1999-01-01,1999-01-01,0.459,0.483,0.0,0.453,0.453,0.0,2018-07-25,2018-07-23,1999-01-01,2018-07-30,2018-07-24,1999-01-01,44379175,6100334,4419667,113.57,0.07,-5.67,0.0,0.0,0.0,100.0,100.0,100.0,0.0,0.0,0.0,100.0,100.0,100.0,0.0,0.0,0.0,28.105,100.0,100.0,0.0,0.0,0.0,100.0,100.0,100.0,0.0,0.0,0.0,100.0,100.0,100.0,1999-01-01,1999-01-01,1999-01-01,1999-01-01,1999-01-01,1999-01-01,1999-01-01,1999-01-01,1999-01-01,2018-08-01,1999-01-01,1999-01-01,1999-01-01,1999-01-01,1999-01-01,1999-01-01,1999-01-01,1999-01-01,1999-01-01,1999-01-01,1999-01-01,1999-01-01,1999-01-01,1999-01-01,0,0,0,0,0,0,0,1,0,0,0,0,0,0,1,0,0,0,0,0,0,0,0,0,0,1,,,,,,,,p2n,n2p,Life.Empty,Life.Empty,Life.Empty,Life.BearStart,Life.Bull,,
2018-08-02,0.48157,,,,,0.42054,0.40241,0.39012,0.38295,0.44148,0.41939,0.02209,0.01863,0.00346,,,44.11,-5.91,6.13,-12.27,39.97,-0.59,0.35,-6.36,19.0,12.0,11.0,20.0,19.0,4.0,4.0,9.0,0.0,0.0,,,,,,,,,,,,28.88889,30.61469,,28.889,0.1946,0.3042,0.3759,0.1813,0.1096,0.0717,1,1,1,,0.15,,,,,,,0.0,0.0,0.0,0.0,0.0,0.0,1999-01-01,1999-01-01,1999-01-01,1999-01-01,1999-01-01,1999-01-01,0.459,0.483,0.0,0.453,0.453,0.0,2018-07-25,2018-07-23,1999-01-01,2018-07-30,2018-07-24,1999-01-01,6100334,4419667,4946334,0.07,-5.67,-71.83,0.0,0.0,0.0,100.0,100.0,100.0,0.0,0.0,0.0,100.0,100.0,100.0,28.889,0.0,0.0,28.105,100.0,100.0,0.0,0.0,0.0,100.0,100.0,100.0,0.0,0.0,0.0,100.0,100.0,100.0,1999-01-01,1999-01-01,1999-01-01,1999-01-01,1999-01-01,1999-01-01,2018-08-02,1999-01-01,1999-01-01,2018-08-01,1999-01-01,1999-01-01,1999-01-01,1999-01-01,1999-01-01,1999-01-01,1999-01-01,1999-01-01,1999-01-01,1999-01-01,1999-01-01,1999-01-01,1999-01-01,1999-01-01,0,0,0,0,0,0,0,1,0,0,0,0,0,1,1,0,0,0,0,0,0,0,0,0,0,1,,,,4946334.0,,,p2n,n2p,n2n,Life.Empty,Life.Empty,Life.Empty,Life.BearStart,Life.Bull,,
2018-08-03,0.49465,,,,,0.42326,0.40451,0.39142,0.38368,0.44371,0.4221,0.02161,0.01923,0.00238,,,40.3,-5.91,6.13,-12.27,39.97,-0.59,0.35,-6.36,18.0,12.0,11.0,20.0,19.0,4.0,4.0,9.0,0.0,0.0,,,,,,,,,,,,24.44444,27.14597,24.444,,0.2083,0.3184,0.3958,0.1875,0.1101,0.0774,1,1,1,,0.15,,,,,,,0.0,0.0,0.0,0.0,0.0,0.0,1999-01-01,1999-01-01,1999-01-01,1999-01-01,1999-01-01,1999-01-01,0.459,0.483,0.0,0.453,0.453,0.0,2018-07-25,2018-07-23,1999-01-01,2018-07-30,2018-07-24,1999-01-01,4419667,4946334,5387001,-5.67,-71.83,-4.61,0.0,0.0,0.0,100.0,100.0,100.0,0.0,0.0,0.0,100.0,100.0,100.0,28.889,0.0,0.0,24.444,28.105,100.0,0.0,0.0,0.0,100.0,100.0,100.0,0.0,0.0,0.0,100.0,100.0,100.0,1999-01-01,1999-01-01,1999-01-01,1999-01-01,1999-01-01,1999-01-01,2018-08-02,1999-01-01,1999-01-01,2018-08-03,2018-08-01,1999-01-01,1999-01-01,1999-01-01,1999-01-01,1999-01-01,1999-01-01,1999-01-01,1999-01-01,1999-01-01,1999-01-01,1999-01-01,1999-01-01,1999-01-01,0,0,0,0,0,0,0,1,0,0,0,0,0,1,1,0,0,0,0,0,0,0,0,0,0,1,,,,,,,p2n,n2p,n2n,Life.Empty,Life.Empty,Life.Empty,Life.BearStart,Life.Bull,,
2018-08-06,0.51039,,,,,0.43017,0.40877,0.39383,0.38496,0.45437,0.42884,0.02554,0.02049,0.00505,,,35.97,-5.91,6.13,-12.27,39.97,-0.59,0.35,-6.36,17.0,12.0,11.0,20.0,19.0,4.0,4.0,9.0,0.057,0.0,,,,,,,,100.0,,,,46.66667,33.33333,,,0.2381,0.3634,0.4521,0.214,0.1253,0.0887,1,1,1,,0.15,,,,,,,0.0,0.0,0.0,0.0,0.0,0.0,1999-01-01,1999-01-01,1999-01-01,1999-01-01,1999-01-01,1999-01-01,0.459,0.483,0.0,0.453,0.453,0.0,2018-07-25,2018-07-23,1999-01-01,2018-07-30,2018-07-24,1999-01-01,4946334,5387001,32243173,-71.83,-4.61,188.6,0.0,0.0,0.0,100.0,100.0,100.0,0.0,0.0,0.0,100.0,100.0,100.0,28.889,0.0,0.0,24.444,28.105,100.0,0.0,0.0,0.0,100.0,100.0,100.0,0.0,0.0,0.0,100.0,100.0,100.0,1999-01-01,1999-01-01,1999-01-01,1999-01-01,1999-01-01,1999-01-01,2018-08-02,1999-01-01,1999-01-01,2018-08-03,2018-08-01,1999-01-01,1999-01-01,1999-01-01,1999-01-01,1999-01-01,1999-01-01,1999-01-01,1999-01-01,1999-01-01,1999-01-01,1999-01-01,1999-01-01,1999-01-01,0,0,0,0,0,0,0,1,0,0,0,0,0,1,1,0,0,0,0,0,0,0,0,0,0,1,32243173.0,,,,,p2n,n2p,n2n,n2p,Life.Empty,Life.Empty,Life.Empty,Life.BearStart,Life.Bull,,
2018-08-07,0.52786,,,,,0.43769,0.41344,0.39649,0.38639,0.4657,0.43618,0.02952,0.02229,0.00722,,,31.47,-5.91,6.13,-12.27,39.97,-0.59,0.35,-6.36,16.0,12.0,11.0,20.0,19.0,4.0,4.0,9.0,0.015,0.0,0.0135,-0.00257,5.25,84.0,,,,88.88889,,88.889,,67.08333,46.06481,,,0.2705,0.412,0.513,0.2425,0.1415,0.101,1,1,1,,0.15,,,,,,,0.0,0.0,0.0,0.0,0.0,0.0,1999-01-01,1999-01-01,1999-01-01,1999-01-01,1999-01-01,1999-01-01,0.459,0.483,0.0,0.453,0.453,0.0,2018-07-25,2018-07-23,1999-01-01,2018-07-30,2018-07-24,1999-01-01,5387001,32243173,32711839,-4.61,188.6,65.21,0.0,0.0,0.0,100.0,100.0,100.0,0.0,0.0,0.0,100.0,100.0,100.0,28.889,0.0,0.0,24.444,28.105,100.0,0.0,0.0,0.0,88.889,100.0,100.0,0.0,0.0,0.0,100.0,100.0,100.0,1999-01-01,1999-01-01,1999-01-01,1999-01-01,1999-01-01,1999-01-01,2018-08-02,1999-01-01,1999-01-01,2018-08-03,2018-08-01,1999-01-01,1999-01-01,1999-01-01,1999-01-01,2018-08-07,1999-01-01,1999-01-01,1999-01-01,1999-01-01,1999-01-01,1999-01-01,1999-01-01,1999-01-01,0,0,0,0,0,0,0,1,0,0,0,0,0,1,1,0,0,0,1,0,0,0,0,0,0,1,,,,,,p2n,n2p,n2n,n2p,Life.Empty,Life.Empty,Life.Empty,Life.BearStart,Life.Bull,,
2018-08-08,0.54586,,,,,0.44625,0.41876,0.39951,0.38801,0.47852,0.44454,0.03398,0.02463,0.00935,,,27.14,-5.91,6.13,-12.27,39.97,-0.59,0.35,-6.36,15.0,12.0,11.0,20.0,19.0,4.0,4.0,9.0,0.021,0.0,0.012,-0.00257,4.66667,82.35294,82.353,,,92.72727,93.87205,,92.727,90.1464,67.96547,,90.146,0.3075,0.4674,0.5824,0.2749,0.1599,0.115,1,1,1,,0.15,,,,,,,0.0,0.0,0.0,0.0,0.0,0.0,1999-01-01,1999-01-01,1999-01-01,1999-01-01,1999-01-01,1999-01-01,0.459,0.483,0.0,0.453,0.453,0.0,2018-07-25,2018-07-23,1999-01-01,2018-07-30,2018-07-24,1999-01-01,32243173,32711839,18262836,188.6,65.21,18.3,0.0,0.0,0.0,100.0,100.0,100.0,0.0,0.0,0.0,100.0,100.0,100.0,90.146,28.889,0.0,24.444,28.105,100.0,92.727,0.0,0.0,88.889,100.0,100.0,0.0,0.0,0.0,82.353,100.0,100.0,1999-01-01,1999-01-01,1999-01-01,1999-01-01,1999-01-01,1999-01-01,2018-08-08,2018-08-02,1999-01-01,2018-08-03,2018-08-01,1999-01-01,2018-08-08,1999-01-01,1999-01-01,2018-08-07,1999-01-01,1999-01-01,1999-01-01,1999-01-01,1999-01-01,2018-08-08,1999-01-01,1999-01-01,0,0,0,0,0,0,0,1,0,0,0,0,0,1,1,0,0,1,1,0,0,0,1,0,0,1,,,,,,p2n,n2p,n2n,n2p,Life.Empty,Life.Empty,Life.Empty,Life.BearStart,Life.Bull,,
2018-08-09,0.56317,,,,,0.456,0.42481,0.40294,0.38985,0.49305,0.45405,0.039,0.0275,0.01149,,,23.23,-5.91,6.13,-12.27,39.97,-0.59,0.35,-6.36,14.0,12.0,11.0,20.0,19.0,4.0,4.0,9.0,0.024,0.0,0.01371,-0.00257,5.33333,84.21053,,84.211,1.85753,85.71429,89.11015,85.714,,84.02395,80.41789,84.024,,0.3496,0.5306,0.6615,0.3119,0.181,0.1309,1,1,1,,0.15,,,,,,,0.0,0.0,0.0,0.0,0.0,0.0,1999-01-01,1999-01-01,1999-01-01,1999-01-01,1999-01-01,1999-01-01,0.459,0.483,0.0,0.453,0.453,0.0,2018-07-25,2018-07-23,1999-01-01,2018-07-30,2018-07-24,1999-01-01,32711839,18262836,41292341,65.21,18.3,10.87,0.0,0.0,0.0,100.0,100.0,100.0,0.0,0.0,0.0,100.0,100.0,100.0,90.146,28.889,0.0,84.024,24.444,28.105,92.727,0.0,0.0,85.714,88.889,100.0,84.211,0.0,0.0,82.353,100.0,100.0,1999-01-01,1999-01-01,1999-01-01,1999-01-01,1999-01-01,1999-01-01,2018-08-08,2018-08-02,1999-01-01,2018-08-09,2018-08-03,2018-08-01,2018-08-08,1999-01-01,1999-01-01,2018-08-09,2018-08-07,1999-01-01,2018-08-09,1999-01-01,1999-01-01,2018-08-08,1999-01-01,1999-01-01,0,0,0,0,0,0,0,1,0,0,0,0,0,1,0,1,0,1,1,0,0,1,1,0,0,1,,,,,,p2n,n2p,n2n,n2p,Life.Empty,Life.Empty,Life.Empty,Life.BearStart,Life.Bull,,
2018-08-10,0.57865,,,,,0.46593,0.43109,0.40655,0.39179,0.5072,0.46375,0.04344,0.03069,0.01275,,,19.93,-5.91,6.13,-12.27,39.97,-0.59,0.35,-6.36,13.0,12.0,11.0,20.0,19.0,4.0,4.0,9.0,0.012,0.0,0.00986,-0.00257,3.83333,79.31034,79.31,,-4.90066,90.38462,89.60872,,90.385,86.87259,87.01431,,86.873,0.393,0.5938,0.7414,0.3484,0.2008,0.1476,1,1,1,,0.15,,,,,,,0.0,0.0,0.0,0.0,0.0,0.0,1999-01-01,1999-01-01,1999-01-01,1999-01-01,1999-01-01,1999-01-01,0.459,0.483,0.0,0.453,0.453,0.0,2018-07-25,2018-07-23,1999-01-01,2018-07-30,2018-07-24,1999-01-01,18262836,41292341,14004669,18.3,10.87,-20.28,0.0,0.0,0.0,100.0,100.0,100.0,0.0,0.0,0.0,100.0,100.0,100.0,86.873,90.146,28.889,84.024,24.444,28.105,90.385,92.727,0.0,85.714,88.889,100.0,84.211,0.0,0.0,79.31,82.353,100.0,1999-01-01,1999-01-01,1999-01-01,1999-01-01,1999-01-01,1999-01-01,2018-08-10,2018-08-08,2018-08-02,2018-08-09,2018-08-03,2018-08-01,2018-08-10,2018-08-08,1999-01-01,2018-08-09,2018-08-07,1999-01-01,2018-08-09,1999-01-01,1999-01-01,2018-08-10,2018-08-08,1999-01-01,0,0,0,0,0,0,0,1,0,0,0,0,0,0,0,1,0,0,1,0,0,1,1,0,0,1,,,,,,p2n,n2p,n2n,n2p,Life.Empty,Life.Empty,Life.Empty,Life.BearStart,Life.Bull,,
2018-08-13,0.59182,,,,,0.47809,0.43866,0.41086,0.3941,0.52517,0.47562,0.04954,0.03446,0.01508,,,17.27,-5.91,6.13,-12.27,39.97,-0.59,0.35,-6.36,12.0,12.0,11.0,20.0,19.0,4.0,4.0,9.0,0.039,0.0,0.01264,-0.00043,29.5,96.72131,,,17.41131,81.08108,85.72666,81.081,,81.99134,84.29596,81.991,,0.4456,0.6723,0.8399,0.3943,0.2267,0.1676,1,1,1,,0.15,,,,,,,0.0,0.0,0.0,0.0,0.0,0.0,1999-01-01,1999-01-01,1999-01-01,1999-01-01,1999-01-01,1999-01-01,0.459,0.483,0.0,0.453,0.453,0.0,2018-07-25,2018-07-23,1999-01-01,2018-07-30,2018-07-24,1999-01-01,41292341,14004669,38824841,10.87,-20.28,27.95,0.0,0.0,0.0,100.0,100.0,100.0,0.0,0.0,0.0,100.0,100.0,100.0,86.873,90.146,28.889,81.991,84.024,24.444,90.385,92.727,0.0,81.081,85.714,88.889,84.211,0.0,0.0,79.31,82.353,100.0,1999-01-01,1999-01-01,1999-01-01,1999-01-01,1999-01-01,1999-01-01,2018-08-10,2018-08-08,2018-08-02,2018-08-13,2018-08-09,2018-08-03,2018-08-10,2018-08-08,1999-01-01,2018-08-13,2018-08-09,2018-08-07,2018-08-09,1999-01-01,1999-01-01,2018-08-10,2018-08-08,1999-01-01,0,0,0,0,0,0,0,1,0,0,0,0,0,0,0,0,0,0,1,0,0,1,1,0,0,1,38824841.0,,,,p2n,n2p,n2n,n2p,n2p,Life.Empty,Life.Empty,Life.Empty,Life.BearStart,Life.Bull,,
2018-08-14,0.60297,,,,0.642,0.49069,0.44663,0.41543,0.39657,0.54314,0.48795,0.05519,0.03861,0.01658,,,15.1,-5.91,6.13,-12.27,39.97,-0.59,0.35,-6.36,11.0,12.0,11.0,20.0,19.0,4.0,4.0,9.0,0.018,0.0,0.0135,-0.00043,31.5,96.92308,,96.923,17.61308,89.18919,86.88496,,89.189,82.44003,83.76799,,82.44,0.5006,0.7526,0.9412,0.4406,0.252,0.1886,1,1,1,,0.15,,,,,,,0.0,0.0,0.0,0.0,0.0,0.0,1999-01-01,1999-01-01,1999-01-01,1999-01-01,1999-01-01,1999-01-01,0.642,0.459,0.483,0.453,0.453,0.0,2018-08-14,2018-07-25,2018-07-23,2018-07-30,2018-07-24,1999-01-01,14004669,38824841,16728336,-20.28,27.95,-26.1,0.0,0.0,0.0,100.0,100.0,100.0,0.0,0.0,0.0,100.0,100.0,100.0,82.44,86.873,90.146,81.991,84.024,24.444,89.189,90.385,92.727,81.081,85.714,88.889,96.923,84.211,0.0,79.31,82.353,100.0,1999-01-01,1999-01-01,1999-01-01,1999-01-01,1999-01-01,1999-01-01,2018-08-14,2018-08-10,2018-08-08,2018-08-13,2018-08-09,2018-08-03,2018-08-14,2018-08-10,2018-08-08,2018-08-13,2018-08-09,2018-08-07,2018-08-14,2018-08-09,1999-01-01,2018-08-10,2018-08-08,1999-01-01,0,0,0,0,0,1,0,1,0,0,0,0,1,0,0,0,1,0,1,0,0,1,1,0,0,1,,,16728336.0,,n2p,n2n,n2p,n2p,p2n,Life.Empty,Life.Empty,Life.Empty,Life.BearStart,Life.Bull,,
2018-08-15,0.61302,,,,,0.50003,0.45311,0.41932,0.39871,0.55374,0.49714,0.0566,0.04221,0.01439,,,13.21,-5.91,6.13,-12.27,39.97,-0.59,0.35,-6.36,10.0,12.0,11.0,20.0,19.0,4.0,4.0,9.0,-0.0,-0.03,0.0135,-0.00236,5.72727,85.13514,,,-11.78786,75.0,81.75676,,,70.05192,78.1611,,,0.544,0.8071,1.0132,0.4692,0.2631,0.2061,1,1,1,,0.15,,,,,,,0.0,0.0,0.0,0.0,0.0,0.0,1999-01-01,1999-01-01,1999-01-01,1999-01-01,1999-01-01,1999-01-01,0.642,0.459,0.483,0.453,0.453,0.0,2018-08-14,2018-07-25,2018-07-23,2018-07-30,2018-07-24,1999-01-01,38824841,16728336,7726001,27.95,-26.1,-9.03,0.0,0.0,0.0,100.0,100.0,100.0,0.0,0.0,0.0,100.0,100.0,100.0,82.44,86.873,90.146,81.991,84.024,24.444,89.189,90.385,92.727,81.081,85.714,88.889,96.923,84.211,0.0,79.31,82.353,100.0,1999-01-01,1999-01-01,1999-01-01,1999-01-01,1999-01-01,1999-01-01,2018-08-14,2018-08-10,2018-08-08,2018-08-13,2018-08-09,2018-08-03,2018-08-14,2018-08-10,2018-08-08,2018-08-13,2018-08-09,2018-08-07,2018-08-14,2018-08-09,1999-01-01,2018-08-10,2018-08-08,1999-01-01,0,0,0,0,0,1,0,1,0,0,0,0,1,0,0,0,1,0,1,0,0,1,1,0,0,1,,,,,n2p,n2n,n2p,n2p,p2n,Life.Empty,Life.Empty,Life.Empty,Life.BearStart,Life.Bull,,
2018-08-16,0.62314,,,0.606,,0.50818,0.45911,0.42302,0.40077,0.56178,0.5052,0.05657,0.04508,0.01149,,,11.37,-5.91,6.13,-12.27,39.97,-0.59,0.35,-6.36,9.0,12.0,11.0,20.0,19.0,4.0,4.0,9.0,-0.0,-0.006,0.0135,-0.00279,4.84615,82.89474,82.895,,-14.02826,72.22222,78.8038,72.222,,56.31455,69.60217,,,0.5834,0.8516,1.0741,0.4907,0.2682,0.2225,1,1,1,,0.15,,,,,,,0.0,0.0,0.0,0.0,0.0,0.0,1999-01-01,1999-01-01,1999-01-01,1999-01-01,1999-01-01,1999-01-01,0.642,0.459,0.483,0.606,0.453,0.453,2018-08-14,2018-07-25,2018-07-23,2018-08-16,2018-07-30,2018-07-24,16728336,7726001,14633502,-26.1,-9.03,-38.23,0.0,0.0,0.0,100.0,100.0,100.0,0.0,0.0,0.0,100.0,100.0,100.0,82.44,86.873,90.146,81.991,84.024,24.444,89.189,90.385,92.727,72.222,81.081,85.714,96.923,84.211,0.0,82.895,79.31,82.353,1999-01-01,1999-01-01,1999-01-01,1999-01-01,1999-01-01,1999-01-01,2018-08-14,2018-08-10,2018-08-08,2018-08-13,2018-08-09,2018-08-03,2018-08-14,2018-08-10,2018-08-08,2018-08-16,2018-08-13,2018-08-09,2018-08-14,2018-08-09,1999-01-01,2018-08-16,2018-08-10,2018-08-08,0,0,0,0,0,1,0,1,0,0,0,0,1,0,0,0,1,0,1,0,0,1,0,1,0,1,,,,,n2p,n2n,n2p,n2p,p2n,Life.Empty,Life.Empty,Life.Empty,Life.BearStart,Life.Bull,,
2018-08-17,0.63426,,,,0.618,0.51663,0.46534,0.42688,0.40293,0.57043,0.51356,0.05687,0.04744,0.00943,,0.057,9.42,-5.91,6.13,-12.27,39.97,-0.59,0.35,-6.36,8.0,12.0,11.0,20.0,19.0,4.0,4.0,9.0,0.012,0.0,0.01436,-0.00257,5.58333,84.81013,,84.81,1.91513,77.77778,75.0,,77.778,43.5975,56.65465,,,0.6241,0.8975,1.137,0.5129,0.2734,0.2395,1,1,1,,0.15,,,,,,,0.0,0.0,0.0,0.0,0.0,0.0,1999-01-01,1999-01-01,1999-01-01,1999-01-01,1999-01-01,1999-01-01,0.618,0.642,0.459,0.606,0.453,0.453,2018-08-17,2018-08-14,2018-07-25,2018-08-16,2018-07-30,2018-07-24,7726001,14633502,9074668,-9.03,-38.23,-19.58,0.057,0.0,0.0,100.0,100.0,100.0,0.04744,0.0,0.0,100.0,100.0,100.0,82.44,86.873,90.146,81.991,84.024,24.444,77.778,89.189,90.385,72.222,81.081,85.714,84.81,96.923,84.211,82.895,79.31,82.353,2018-08-17,1999-01-01,1999-01-01,1999-01-01,1999-01-01,1999-01-01,2018-08-14,2018-08-10,2018-08-08,2018-08-13,2018-08-09,2018-08-03,2018-08-17,2018-08-14,2018-08-10,2018-08-16,2018-08-13,2018-08-09,2018-08-17,2018-08-14,2018-08-09,2018-08-16,2018-08-10,2018-08-08,0,0,0,0,0,0,0,1,0,1,0,0,1,0,0,0,1,0,1,0,0,0,0,1,0,1,,,,,n2p,n2n,n2p,n2p,p2n,Life.Empty,Life.Empty,Life.Empty,Life.BearStart,Life.Bull,,
2018-08-20,0.64659,,,,,0.52396,0.47109,0.43055,0.40501,0.57682,0.52085,0.05597,0.04914,0.00683,,,7.33,-5.91,6.13,-12.27,39.97,-0.59,0.35,-6.36,7.0,12.0,11.0,20.0,19.0,4.0,4.0,9.0,-0.0,-0.006,0.01414,-0.003,4.71429,82.5,,,-2.31,75.0,75.0,,,36.19857,45.3702,,,0.6608,0.9341,1.1895,0.5287,0.2733,0.2554,1,1,1,,0.15,,,,,,,0.0,0.0,0.0,0.0,0.0,0.0,1999-01-01,1999-01-01,1999-01-01,1999-01-01,1999-01-01,1999-01-01,0.618,0.642,0.459,0.606,0.453,0.453,2018-08-17,2018-08-14,2018-07-25,2018-08-16,2018-07-30,2018-07-24,14633502,9074668,6272001,-38.23,-19.58,-4.63,0.057,0.0,0.0,100.0,100.0,100.0,0.04744,0.0,0.0,100.0,100.0,100.0,82.44,86.873,90.146,81.991,84.024,24.444,77.778,89.189,90.385,72.222,81.081,85.714,84.81,96.923,84.211,82.895,79.31,82.353,2018-08-17,1999-01-01,1999-01-01,1999-01-01,1999-01-01,1999-01-01,2018-08-14,2018-08-10,2018-08-08,2018-08-13,2018-08-09,2018-08-03,2018-08-17,2018-08-14,2018-08-10,2018-08-16,2018-08-13,2018-08-09,2018-08-17,2018-08-14,2018-08-09,2018-08-16,2018-08-10,2018-08-08,0,0,0,0,0,0,0,1,0,1,0,0,1,0,0,0,1,0,1,0,0,0,0,1,0,1,,,,,n2p,n2n,n2p,n2p,p2n,Life.Empty,Life.Empty,Life.Empty,Life.BearStart,Life.Bull,,
2018-08-21,0.65941,,,0.612,,0.53073,0.47662,0.43414,0.40707,0.58223,0.5276,0.05463,0.05024,0.00439,0.055,,5.25,-5.91,6.13,-12.27,39.97,-0.59,0.35,-6.36,6.0,12.0,11.0,20.0,19.0,4.0,4.0,9.0,0.0,0.0,0.01414,-0.003,4.71429,82.5,82.5,,-2.31,75.0,75.92593,75.0,,36.19857,38.66488,36.199,,0.6955,0.9659,1.2366,0.5411,0.2704,0.2707,1,1,1,,0.15,,,,,,,0.0,0.0,0.0,0.0,0.0,0.0,1999-01-01,1999-01-01,1999-01-01,1999-01-01,1999-01-01,1999-01-01,0.618,0.642,0.459,0.612,0.606,0.453,2018-08-17,2018-08-14,2018-07-25,2018-08-21,2018-08-16,2018-07-30,9074668,6272001,4866500,-19.58,-4.63,-32.58,0.057,0.0,0.0,0.055,100.0,100.0,0.04744,0.0,0.0,0.05024,100.0,100.0,82.44,86.873,90.146,36.199,81.991,84.024,77.778,89.189,90.385,75.0,72.222,81.081,84.81,96.923,84.211,82.5,82.895,79.31,2018-08-17,1999-01-01,1999-01-01,2018-08-21,1999-01-01,1999-01-01,2018-08-14,2018-08-10,2018-08-08,2018-08-21,2018-08-13,2018-08-09,2018-08-17,2018-08-14,2018-08-10,2018-08-21,2018-08-16,2018-08-13,2018-08-17,2018-08-14,2018-08-09,2018-08-21,2018-08-16,2018-08-10,0,0,0,0,0,0,0,1,0,1,1,0,1,0,1,0,1,0,0,0,0,0,0,0,0,1,,,,,n2p,n2n,n2p,n2p,p2n,Life.Empty,Life.Empty,Life.Empty,Life.BearStart,Life.Bull,,
2018-08-23,0.67158,,,,,0.54299,0.48499,0.43921,0.40989,0.59881,0.53963,0.05918,0.05203,0.00715,,,3.34,-5.91,6.13,-12.27,39.97,-0.59,0.35,-6.36,4.0,12.0,11.0,20.0,19.0,4.0,4.0,9.0,0.078,0.0,0.01971,-0.003,6.57143,86.79245,,,4.29245,100.0,83.33333,,100.0,54.58937,42.32884,,,0.751,1.0378,1.331,0.58,0.2868,0.2932,1,1,1,,0.15,,,,,,,0.0,0.0,0.0,0.0,0.0,0.0,1999-01-01,1999-01-01,1999-01-01,1999-01-01,1999-01-01,1999-01-01,0.618,0.642,0.459,0.612,0.606,0.453,2018-08-17,2018-08-14,2018-07-25,2018-08-21,2018-08-16,2018-07-30,6272001,4866500,25936005,-4.63,-32.58,83.42,0.057,0.0,0.0,0.055,100.0,100.0,0.04744,0.0,0.0,0.05024,100.0,100.0,82.44,86.873,90.146,36.199,81.991,84.024,100.0,77.778,89.189,75.0,72.222,81.081,84.81,96.923,84.211,82.5,82.895,79.31,2018-08-17,1999-01-01,1999-01-01,2018-08-21,1999-01-01,1999-01-01,2018-08-14,2018-08-10,2018-08-08,2018-08-21,2018-08-13,2018-08-09,2018-08-23,2018-08-17,2018-08-14,2018-08-21,2018-08-16,2018-08-13,2018-08-17,2018-08-14,2018-08-09,2018-08-21,2018-08-16,2018-08-10,0,0,0,0,0,0,0,1,0,1,1,0,1,0,1,0,0,1,0,0,0,0,0,0,0,1,25936005.0,,,,n2n,n2p,n2p,p2n,n2p,Life.Empty,Life.Empty,Life.Empty,Life.BearStart,Life.Bull,,
2018-08-24,0.68207,,,,,0.55568,0.49373,0.44453,0.41285,0.61561,0.5521,0.06351,0.05433,0.00918,,,1.75,-5.91,6.13,-12.27,39.97,-0.59,0.35,-6.36,3.0,12.0,11.0,20.0,19.0,4.0,4.0,9.0,0.018,0.0,0.021,-0.003,7.0,87.5,,87.5,5.0,93.40659,89.46886,93.407,,73.01587,54.60127,,,0.8088,1.1115,1.4283,0.6195,0.3027,0.3168,1,1,1,,0.15,,,,,,,0.0,0.0,0.0,0.0,0.0,0.0,1999-01-01,1999-01-01,1999-01-01,1999-01-01,1999-01-01,1999-01-01,0.618,0.642,0.459,0.612,0.606,0.453,2018-08-17,2018-08-14,2018-07-25,2018-08-21,2018-08-16,2018-07-30,4866500,25936005,18708170,-32.58,83.42,33.54,0.057,0.0,0.0,0.055,100.0,100.0,0.04744,0.0,0.0,0.05024,100.0,100.0,82.44,86.873,90.146,36.199,81.991,84.024,100.0,77.778,89.189,93.407,75.0,72.222,87.5,84.81,96.923,82.5,82.895,79.31,2018-08-17,1999-01-01,1999-01-01,2018-08-21,1999-01-01,1999-01-01,2018-08-14,2018-08-10,2018-08-08,2018-08-21,2018-08-13,2018-08-09,2018-08-23,2018-08-17,2018-08-14,2018-08-24,2018-08-21,2018-08-16,2018-08-24,2018-08-17,2018-08-14,2018-08-21,2018-08-16,2018-08-10,0,0,0,0,0,0,0,1,0,1,1,0,1,0,1,0,0,1,0,1,0,0,0,0,0,1,,,,,n2n,n2p,n2p,p2n,n2p,Life.Empty,Life.Empty,Life.Empty,Life.BearStart,Life.Bull,,
2018-08-27,0.68982,,,,0.75,0.57063,0.50378,0.45058,0.41621,0.63629,0.56676,0.06953,0.05737,0.01216,,,0.61,-5.91,6.13,-12.27,39.97,-0.59,0.35,-6.36,2.0,12.0,11.0,20.0,19.0,4.0,4.0,9.0,0.042,0.0,0.01993,-0.003,6.64286,86.91589,,,-0.58411,95.4023,96.26963,,95.402,92.76896,73.45807,,92.769,0.8757,1.2005,1.5442,0.6685,0.3248,0.3437,1,1,1,,0.15,,,,,,,0.0,0.0,0.0,0.0,0.0,0.0,1999-01-01,1999-01-01,1999-01-01,1999-01-01,1999-01-01,1999-01-01,0.75,0.618,0.642,0.612,0.606,0.453,2018-08-27,2018-08-17,2018-08-14,2018-08-21,2018-08-16,2018-07-30,25936005,18708170,20474004,83.42,33.54,31.52,0.057,0.0,0.0,0.055,100.0,100.0,0.04744,0.0,0.0,0.05024,100.0,100.0,92.769,82.44,86.873,36.199,81.991,84.024,95.402,100.0,77.778,93.407,75.0,72.222,87.5,84.81,96.923,82.5,82.895,79.31,2018-08-17,1999-01-01,1999-01-01,2018-08-21,1999-01-01,1999-01-01,2018-08-27,2018-08-14,2018-08-10,2018-08-21,2018-08-13,2018-08-09,2018-08-27,2018-08-23,2018-08-17,2018-08-24,2018-08-21,2018-08-16,2018-08-24,2018-08-17,2018-08-14,2018-08-21,2018-08-16,2018-08-10,0,0,0,0,0,1,0,1,0,1,1,0,0,1,1,0,0,0,0,1,0,0,0,0,0,1,,,,,n2n,n2p,n2p,p2n,n2p,Life.Empty,Life.Empty,Life.Empty,Life.BearStart,Life.Bull,,
2018-08-28,0.69401,,,0.732,,0.58304,0.51273,0.45615,0.41935,0.65101,0.579,0.07201,0.06029,0.01172,,,-0.0,-5.91,6.13,-12.27,39.97,-0.59,0.35,-6.36,1.0,12.0,11.0,20.0,19.0,4.0,4.0,9.0,-0.0,-0.018,0.01886,-0.00429,4.4,81.48148,81.481,,-6.01852,81.17647,89.99512,81.176,,83.88007,83.22163,83.88,,0.9338,1.2689,1.6369,0.7031,0.3351,0.368,1,1,1,,0.15,,,,,,,0.0,0.0,0.0,0.0,0.0,0.0,1999-01-01,1999-01-01,1999-01-01,1999-01-01,1999-01-01,1999-01-01,0.75,0.618,0.642,0.732,0.612,0.606,2018-08-27,2018-08-17,2018-08-14,2018-08-28,2018-08-21,2018-08-16,18708170,20474004,15059169,33.54,31.52,-16.7,0.057,0.0,0.0,0.055,100.0,100.0,0.04744,0.0,0.0,0.05024,100.0,100.0,92.769,82.44,86.873,83.88,36.199,81.991,95.402,100.0,77.778,81.176,93.407,75.0,87.5,84.81,96.923,81.481,82.5,82.895,2018-08-17,1999-01-01,1999-01-01,2018-08-21,1999-01-01,1999-01-01,2018-08-27,2018-08-14,2018-08-10,2018-08-28,2018-08-21,2018-08-13,2018-08-27,2018-08-23,2018-08-17,2018-08-28,2018-08-24,2018-08-21,2018-08-24,2018-08-17,2018-08-14,2018-08-28,2018-08-21,2018-08-16,0,0,0,0,0,1,0,1,0,1,1,0,0,1,0,1,0,0,0,0,0,0,1,0,0,1,,,-15059169.0,,n2p,n2p,p2n,n2p,p2n,Life.Empty,Life.Empty,Life.Empty,Life.BearStart,Life.Bull,,
2018-08-29,0.69438,,0.694,,0.756,0.59634,0.52227,0.46209,0.4227,0.66716,0.59211,0.07505,0.06325,0.01181,,0.075,-5.96,6.13,-12.27,39.97,-0.59,0.35,-6.36,2.64,12.0,11.0,20.0,19.0,4.0,4.0,9.0,7.0,0.024,0.0,0.01907,-0.00429,4.45,81.65138,,81.651,0.17038,89.47368,88.68415,,89.474,84.04427,86.89777,,84.044,0.9957,1.3425,1.7364,0.7407,0.3468,0.3939,1,1,1,,0.15,,,,,,,0.694,0.0,0.0,0.0,0.0,0.0,2018-08-29,1999-01-01,1999-01-01,1999-01-01,1999-01-01,1999-01-01,0.756,0.75,0.618,0.732,0.612,0.606,2018-08-29,2018-08-27,2018-08-17,2018-08-28,2018-08-21,2018-08-16,20474004,15059169,5447667,31.52,-16.7,-24.45,0.075,0.057,0.0,0.055,100.0,100.0,0.06325,0.04744,0.0,0.05024,100.0,100.0,84.044,92.769,82.44,83.88,36.199,81.991,89.474,95.402,100.0,81.176,93.407,75.0,81.651,87.5,84.81,81.481,82.5,82.895,2018-08-29,2018-08-17,1999-01-01,2018-08-21,1999-01-01,1999-01-01,2018-08-29,2018-08-27,2018-08-14,2018-08-28,2018-08-21,2018-08-13,2018-08-29,2018-08-27,2018-08-23,2018-08-28,2018-08-24,2018-08-21,2018-08-29,2018-08-24,2018-08-17,2018-08-28,2018-08-21,2018-08-16,0,1,0,0,0,1,0,1,0,1,1,0,0,0,0,1,1,0,0,0,1,0,1,0,0,1,,,,,n2p,n2p,p2n,n2p,p2n,Life.Empty,Life.Empty,Life.Empty,Life.BearStart,Life.Bull,,
2018-08-30,0.69127,,,,,0.60309,0.52861,0.46648,0.4253,0.66975,0.59892,0.07084,0.06476,0.00607,,,-5.54,6.13,-12.27,39.97,-0.59,0.35,-6.36,2.64,11.0,11.0,20.0,19.0,4.0,4.0,9.0,7.0,-0.0,-0.072,0.01736,-0.00943,1.84091,64.8,,,-16.851,52.94118,74.53044,,,56.88378,74.93604,,,1.0331,1.3661,1.7779,0.7448,0.333,0.4118,1,1,1,,0.15,,,,,,,0.694,0.0,0.0,0.0,0.0,0.0,2018-08-29,1999-01-01,1999-01-01,1999-01-01,1999-01-01,1999-01-01,0.756,0.75,0.618,0.732,0.612,0.606,2018-08-29,2018-08-27,2018-08-17,2018-08-28,2018-08-21,2018-08-16,15059169,5447667,33300506,-16.7,-24.45,31.3,0.075,0.057,0.0,0.055,100.0,100.0,0.06325,0.04744,0.0,0.05024,100.0,100.0,84.044,92.769,82.44,83.88,36.199,81.991,89.474,95.402,100.0,81.176,93.407,75.0,81.651,87.5,84.81,81.481,82.5,82.895,2018-08-29,2018-08-17,1999-01-01,2018-08-21,1999-01-01,1999-01-01,2018-08-29,2018-08-27,2018-08-14,2018-08-28,2018-08-21,2018-08-13,2018-08-29,2018-08-27,2018-08-23,2018-08-28,2018-08-24,2018-08-21,2018-08-29,2018-08-24,2018-08-17,2018-08-28,2018-08-21,2018-08-16,0,1,0,0,0,1,0,1,0,1,1,0,0,0,0,1,1,0,0,0,1,0,1,0,0,1,-33300506.0,,,,n2p,p2n,n2p,p2n,n2p,Life.Empty,Life.Empty,Life.Empty,Life.BearStart,Life.Bull,,
2018-09-03,0.68545,,,0.636,,0.60562,0.53282,0.46984,0.4274,0.66456,0.60167,0.0629,0.06439,-0.00149,,,-4.73,6.13,-12.27,39.97,-0.59,0.35,-6.36,2.64,9.0,11.0,20.0,19.0,4.0,4.0,9.0,7.0,-0.0,-0.048,0.0165,-0.01286,1.28333,56.20438,,,-25.44662,28.35821,56.92436,28.358,,37.20124,59.37643,,,1.0542,1.3578,1.7822,0.728,0.3036,0.4244,1,1,1,,0.15,,,,,,,0.694,0.0,0.0,0.0,0.0,0.0,2018-08-29,1999-01-01,1999-01-01,1999-01-01,1999-01-01,1999-01-01,0.756,0.75,0.618,0.636,0.732,0.612,2018-08-29,2018-08-27,2018-08-17,2018-09-03,2018-08-28,2018-08-21,5447667,33300506,19927003,-24.45,31.3,9.05,0.075,0.057,0.0,0.055,100.0,100.0,0.06325,0.04744,0.0,0.05024,100.0,100.0,84.044,92.769,82.44,83.88,36.199,81.991,89.474,95.402,100.0,28.358,81.176,93.407,81.651,87.5,84.81,81.481,82.5,82.895,2018-08-29,2018-08-17,1999-01-01,2018-08-21,1999-01-01,1999-01-01,2018-08-29,2018-08-27,2018-08-14,2018-08-28,2018-08-21,2018-08-13,2018-08-29,2018-08-27,2018-08-23,2018-09-03,2018-08-28,2018-08-24,2018-08-29,2018-08-24,2018-08-17,2018-08-28,2018-08-21,2018-08-16,0,1,0,0,0,1,0,0,0,1,1,0,0,0,0,1,1,0,1,0,1,0,1,0,0,1,,,,,n2p,p2n,n2p,p2n,n2p,Life.Empty,Life.Empty,Life.Empty,Life.BearStart,Life.Bull,,
2018-09-04,0.67815,,,,,0.6098,0.53781,0.47361,0.42971,0.66386,0.60599,0.05787,0.06309,-0.00521,,,-3.71,6.13,-12.27,39.97,-0.59,0.35,-6.36,2.64,8.0,11.0,20.0,19.0,4.0,4.0,9.0,7.0,0.024,0.0,0.01543,-0.01286,1.2,54.54545,,,-27.10555,36.50794,39.26911,,,17.98942,37.35815,17.989,,1.081,1.3619,1.8009,0.7199,0.2809,0.439,1,1,0,,,0.15,,,,,,0.694,0.0,0.0,0.0,0.0,0.0,2018-08-29,1999-01-01,1999-01-01,1999-01-01,1999-01-01,1999-01-01,0.756,0.75,0.618,0.636,0.732,0.612,2018-08-29,2018-08-27,2018-08-17,2018-09-03,2018-08-28,2018-08-21,33300506,19927003,10725835,31.3,9.05,9.0,0.075,0.057,0.0,0.055,100.0,100.0,0.06325,0.04744,0.0,0.05024,100.0,100.0,84.044,92.769,82.44,17.989,83.88,36.199,89.474,95.402,100.0,28.358,81.176,93.407,81.651,87.5,84.81,81.481,82.5,82.895,2018-08-29,2018-08-17,1999-01-01,2018-08-21,1999-01-01,1999-01-01,2018-08-29,2018-08-27,2018-08-14,2018-09-04,2018-08-28,2018-08-21,2018-08-29,2018-08-27,2018-08-23,2018-09-03,2018-08-28,2018-08-24,2018-08-29,2018-08-24,2018-08-17,2018-08-28,2018-08-21,2018-08-16,0,1,0,0,0,1,0,0,0,1,1,0,0,0,1,0,1,0,1,0,1,0,1,0,0,1,,,,,n2p,p2n,n2p,p2n,n2p,Life.Empty,Life.Empty,Life.BearStart,Life.Bull,Life.BullRetrace,,
2018-09-05,0.67089,,,,0.666,0.61413,0.54284,0.47742,0.43206,0.66419,0.61043,0.05376,0.06122,-0.00746,,,-2.67,6.13,-12.27,39.97,-0.59,0.35,-6.36,2.64,7.0,11.0,20.0,19.0,4.0,4.0,9.0,7.0,0.006,0.0,0.01457,-0.01286,1.13333,53.125,53.125,,-28.526,39.68254,34.84956,,39.683,25.39683,26.86249,,,1.1078,1.3671,1.8207,0.7129,0.2593,0.4536,1,1,1,,0.15,,,,,,,0.694,0.0,0.0,0.0,0.0,0.0,2018-08-29,1999-01-01,1999-01-01,1999-01-01,1999-01-01,1999-01-01,0.666,0.756,0.75,0.636,0.732,0.612,2018-09-05,2018-08-29,2018-08-27,2018-09-03,2018-08-28,2018-08-21,19927003,10725835,17292503,9.05,9.0,-25.03,0.075,0.057,0.0,0.055,100.0,100.0,0.06325,0.04744,0.0,0.05024,100.0,100.0,84.044,92.769,82.44,17.989,83.88,36.199,39.683,89.474,95.402,28.358,81.176,93.407,81.651,87.5,84.81,53.125,81.481,82.5,2018-08-29,2018-08-17,1999-01-01,2018-08-21,1999-01-01,1999-01-01,2018-08-29,2018-08-27,2018-08-14,2018-09-04,2018-08-28,2018-08-21,2018-09-05,2018-08-29,2018-08-27,2018-09-03,2018-08-28,2018-08-24,2018-08-29,2018-08-24,2018-08-17,2018-09-05,2018-08-28,2018-08-21,0,1,0,0,1,0,0,0,0,1,1,0,0,0,1,0,1,0,1,0,1,0,1,0,0,1,,,,,n2p,p2n,n2p,p2n,n2p,Life.Empty,Life.BearStart,Life.Bull,Life.BullRetrace,Life.Bull,,
2018-09-06,0.66474,,,0.66,,0.61765,0.54743,0.48103,0.43433,0.66354,0.6141,0.04944,0.05886,-0.00942,,,-1.77,6.13,-12.27,39.97,-0.59,0.35,-6.36,2.64,6.0,11.0,20.0,19.0,4.0,4.0,9.0,7.0,-0.0,-0.006,0.01457,-0.01114,1.30769,56.66667,,,3.54167,36.50794,37.56614,36.508,,30.51146,24.63257,,,1.131,1.3662,1.8332,0.7022,0.2352,0.467,1,1,1,,0.15,,,,,,,0.694,0.0,0.0,0.0,0.0,0.0,2018-08-29,1999-01-01,1999-01-01,1999-01-01,1999-01-01,1999-01-01,0.666,0.756,0.75,0.66,0.636,0.732,2018-09-05,2018-08-29,2018-08-27,2018-09-06,2018-09-03,2018-08-28,10725835,17292503,12035002,9.0,-25.03,-16.46,0.075,0.057,0.0,0.055,100.0,100.0,0.06325,0.04744,0.0,0.05024,100.0,100.0,84.044,92.769,82.44,17.989,83.88,36.199,39.683,89.474,95.402,36.508,28.358,81.176,81.651,87.5,84.81,53.125,81.481,82.5,2018-08-29,2018-08-17,1999-01-01,2018-08-21,1999-01-01,1999-01-01,2018-08-29,2018-08-27,2018-08-14,2018-09-04,2018-08-28,2018-08-21,2018-09-05,2018-08-29,2018-08-27,2018-09-06,2018-09-03,2018-08-28,2018-08-29,2018-08-24,2018-08-17,2018-09-05,2018-08-28,2018-08-21,0,1,0,0,1,0,0,0,0,1,1,0,0,0,1,0,1,0,0,0,1,0,1,0,0,1,,,,,n2p,p2n,n2p,p2n,n2p,Life.Empty,Life.BearStart,Life.Bull,Life.BullRetrace,Life.Bull,,
2018-09-07,0.66006,,,,0.678,0.6223,0.55255,0.48493,0.43676,0.66577,0.61884,0.04693,0.05648,-0.00955,,,-1.07,6.13,-12.27,39.97,-0.59,0.35,-6.36,2.64,5.0,11.0,20.0,19.0,4.0,4.0,9.0,7.0,0.018,0.0,0.01586,-0.01071,1.48,59.67742,,59.677,6.55242,43.33333,39.84127,,43.333,47.17813,34.36214,,,1.1579,1.3737,1.8554,0.6975,0.2158,0.4817,1,1,1,,0.15,,,,,,,0.694,0.0,0.0,0.0,0.0,0.0,2018-08-29,1999-01-01,1999-01-01,1999-01-01,1999-01-01,1999-01-01,0.678,0.666,0.756,0.66,0.636,0.732,2018-09-07,2018-09-05,2018-08-29,2018-09-06,2018-09-03,2018-08-28,17292503,12035002,5909667,-25.03,-16.46,-12.02,0.075,0.057,0.0,0.055,100.0,100.0,0.06325,0.04744,0.0,0.05024,100.0,100.0,84.044,92.769,82.44,17.989,83.88,36.199,43.333,39.683,89.474,36.508,28.358,81.176,59.677,81.651,87.5,53.125,81.481,82.5,2018-08-29,2018-08-17,1999-01-01,2018-08-21,1999-01-01,1999-01-01,2018-08-29,2018-08-27,2018-08-14,2018-09-04,2018-08-28,2018-08-21,2018-09-07,2018-09-05,2018-08-29,2018-09-06,2018-09-03,2018-08-28,2018-09-07,2018-08-29,2018-08-24,2018-09-05,2018-08-28,2018-08-21,0,1,0,0,0,0,0,0,0,1,1,0,0,0,1,0,0,0,0,0,1,0,1,0,0,1,,,,,n2p,p2n,n2p,p2n,n2p,Life.Empty,Life.BearStart,Life.Bull,Life.BullRetrace,Life.Bull,,
2018-09-12,0.65672,,,,,0.6252,0.55677,0.4884,0.43898,0.66488,0.62189,0.04299,0.05378,-0.01079,,,-0.57,6.13,-12.27,39.97,-0.59,0.35,-6.36,2.64,2.0,11.0,20.0,19.0,4.0,4.0,9.0,7.0,-0.0,-0.018,0.015,-0.012,1.25,55.55556,,,-4.12144,33.33333,37.72487,,,54.01574,43.90178,,54.016,1.1779,1.368,1.8622,0.6843,0.1901,0.4942,1,1,0,,,0.15,,,,,,0.694,0.0,0.0,0.0,0.0,0.0,2018-08-29,1999-01-01,1999-01-01,1999-01-01,1999-01-01,1999-01-01,0.678,0.666,0.756,0.66,0.636,0.732,2018-09-07,2018-09-05,2018-08-29,2018-09-06,2018-09-03,2018-08-28,12035002,5909667,4437000,-16.46,-12.02,-36.48,0.075,0.057,0.0,0.055,100.0,100.0,0.06325,0.04744,0.0,0.05024,100.0,100.0,54.016,84.044,92.769,17.989,83.88,36.199,43.333,39.683,89.474,36.508,28.358,81.176,59.677,81.651,87.5,53.125,81.481,82.5,2018-08-29,2018-08-17,1999-01-01,2018-08-21,1999-01-01,1999-01-01,2018-09-12,2018-08-29,2018-08-27,2018-09-04,2018-08-28,2018-08-21,2018-09-07,2018-09-05,2018-08-29,2018-09-06,2018-09-03,2018-08-28,2018-09-07,2018-08-29,2018-08-24,2018-09-05,2018-08-28,2018-08-21,0,1,0,0,0,0,0,0,0,1,1,0,1,0,1,0,0,0,0,0,1,0,1,0,0,1,,,,,n2p,p2n,n2p,p2n,n2p,Life.BearStart,Life.Bull,Life.BullRetrace,Life.Bull,Life.BullRetrace,,
2018-09-13,0.65453,,,0.636,,0.62603,0.55987,0.49132,0.44094,0.66044,0.62293,0.03751,0.05053,-0.01302,,,-0.23,6.13,-12.27,39.97,-0.59,0.35,-6.36,2.64,1.0,11.0,20.0,19.0,4.0,4.0,9.0,7.0,-0.0,-0.024,0.015,-0.01329,1.12903,53.0303,53.03,,-6.6467,20.0,32.22222,20.0,,47.1695,49.45446,,,1.1893,1.3471,1.8509,0.6616,0.1578,0.5038,0,1,0,,,,0.15,,,,,0.694,0.0,0.0,0.0,0.0,0.0,2018-08-29,1999-01-01,1999-01-01,1999-01-01,1999-01-01,1999-01-01,0.678,0.666,0.756,0.636,0.66,0.636,2018-09-07,2018-09-05,2018-08-29,2018-09-13,2018-09-06,2018-09-03,5909667,4437000,5779334,-12.02,-36.48,-27.95,0.075,0.057,0.0,0.055,100.0,100.0,0.06325,0.04744,0.0,0.05024,100.0,100.0,54.016,84.044,92.769,17.989,83.88,36.199,43.333,39.683,89.474,20.0,36.508,28.358,59.677,81.651,87.5,53.03,53.125,81.481,2018-08-29,2018-08-17,1999-01-01,2018-08-21,1999-01-01,1999-01-01,2018-09-12,2018-08-29,2018-08-27,2018-09-04,2018-08-28,2018-08-21,2018-09-07,2018-09-05,2018-08-29,2018-09-13,2018-09-06,2018-09-03,2018-09-07,2018-08-29,2018-08-24,2018-09-13,2018-09-05,2018-08-28,0,1,0,0,0,0,1,0,0,1,1,0,1,0,1,0,0,0,1,0,1,0,1,0,0,1,,,,,n2p,p2n,n2p,p2n,n2p,Life.Bull,Life.BullRetrace,Life.Bull,Life.BullRetrace,Life.BullEnd,,
2018-09-14,0.65347,0.653,,,0.654,0.62818,0.56357,0.49454,0.44306,0.65945,0.62523,0.03421,0.04726,-0.01305,,,6.05,-12.27,39.97,-0.59,0.35,-6.36,2.64,-12.87,11.0,20.0,19.0,4.0,4.0,9.0,7.0,23.0,0.018,0.0,0.01629,-0.01329,1.22581,55.07246,,55.072,2.04246,27.58621,26.97318,,27.586,33.10023,44.76182,,,1.2051,1.3364,1.8512,0.6461,0.1313,0.5148,0,1,0,,,,0.15,,,,,0.694,0.0,0.0,0.653,0.0,0.0,2018-08-29,1999-01-01,1999-01-01,2018-09-14,1999-01-01,1999-01-01,0.654,0.678,0.666,0.636,0.66,0.636,2018-09-14,2018-09-07,2018-09-05,2018-09-13,2018-09-06,2018-09-03,4437000,5779334,9257335,-36.48,-27.95,20.76,0.075,0.057,0.0,0.055,100.0,100.0,0.06325,0.04744,0.0,0.05024,100.0,100.0,54.016,84.044,92.769,17.989,83.88,36.199,27.586,43.333,39.683,20.0,36.508,28.358,55.072,59.677,81.651,53.03,53.125,81.481,2018-08-29,2018-08-17,1999-01-01,2018-08-21,1999-01-01,1999-01-01,2018-09-12,2018-08-29,2018-08-27,2018-09-04,2018-08-28,2018-08-21,2018-09-14,2018-09-07,2018-09-05,2018-09-13,2018-09-06,2018-09-03,2018-09-14,2018-09-07,2018-08-29,2018-09-13,2018-09-05,2018-08-28,0,1,0,1,1,0,1,0,0,1,1,0,1,0,1,0,1,0,1,0,1,0,1,0,0,1,9257335.0,,,,p2n,n2p,p2n,n2p,n2p,Life.Bull,Life.BullRetrace,Life.Bull,Life.BullRetrace,Life.BullEnd,,
2018-09-18,0.65356,,,0.648,,0.6297,0.56688,0.49758,0.4451,0.65769,0.62692,0.03077,0.04396,-0.0132,,,6.03,-12.27,39.97,-0.59,0.35,-6.36,2.64,-12.87,9.0,20.0,19.0,4.0,4.0,9.0,7.0,23.0,-0.0,-0.006,0.01071,-0.01371,0.78125,43.85965,,,-11.21235,21.42857,23.00493,21.429,,26.26263,35.51079,26.263,,1.2178,1.3212,1.846,0.6282,0.1034,0.5248,0,1,0,,,,0.15,,,,,0.694,0.0,0.0,0.653,0.0,0.0,2018-08-29,1999-01-01,1999-01-01,2018-09-14,1999-01-01,1999-01-01,0.654,0.678,0.666,0.648,0.636,0.66,2018-09-14,2018-09-07,2018-09-05,2018-09-18,2018-09-13,2018-09-06,5779334,9257335,4314334,-27.95,20.76,-0.63,0.075,0.057,0.0,0.055,100.0,100.0,0.06325,0.04744,0.0,0.05024,100.0,100.0,54.016,84.044,92.769,26.263,17.989,83.88,27.586,43.333,39.683,21.429,20.0,36.508,55.072,59.677,81.651,53.03,53.125,81.481,2018-08-29,2018-08-17,1999-01-01,2018-08-21,1999-01-01,1999-01-01,2018-09-12,2018-08-29,2018-08-27,2018-09-18,2018-09-04,2018-08-28,2018-09-14,2018-09-07,2018-09-05,2018-09-18,2018-09-13,2018-09-06,2018-09-14,2018-09-07,2018-08-29,2018-09-13,2018-09-05,2018-08-28,0,1,0,1,1,0,0,0,0,1,1,0,1,0,0,0,1,0,0,0,1,0,1,0,0,1,,,,,p2n,n2p,p2n,n2p,n2p,Life.Bull,Life.BullRetrace,Life.Bull,Life.BullRetrace,Life.BullEnd,,
2018-09-19,0.65527,,,,0.66,0.63203,0.57053,0.5008,0.44724,0.65804,0.62937,0.02867,0.04091,-0.01223,,,5.76,-12.27,39.97,-0.59,0.35,-6.36,2.64,-12.87,8.0,20.0,19.0,4.0,4.0,9.0,7.0,23.0,0.012,0.0,0.01029,-0.01371,0.75,42.85714,,,-12.21486,28.57143,25.86207,,28.571,41.75084,33.70457,,41.751,1.2329,1.3123,1.8479,0.615,0.0794,0.5356,0,1,0,,,,0.15,,,,,0.694,0.0,0.0,0.653,0.0,0.0,2018-08-29,1999-01-01,1999-01-01,2018-09-14,1999-01-01,1999-01-01,0.66,0.654,0.678,0.648,0.636,0.66,2018-09-19,2018-09-14,2018-09-07,2018-09-18,2018-09-13,2018-09-06,9257335,4314334,6683168,20.76,-0.63,4.67,0.075,0.057,0.0,0.055,100.0,100.0,0.06325,0.04744,0.0,0.05024,100.0,100.0,41.751,54.016,84.044,26.263,17.989,83.88,28.571,27.586,43.333,21.429,20.0,36.508,55.072,59.677,81.651,53.03,53.125,81.481,2018-08-29,2018-08-17,1999-01-01,2018-08-21,1999-01-01,1999-01-01,2018-09-19,2018-09-12,2018-08-29,2018-09-18,2018-09-04,2018-08-28,2018-09-19,2018-09-14,2018-09-07,2018-09-18,2018-09-13,2018-09-06,2018-09-14,2018-09-07,2018-08-29,2018-09-13,2018-09-05,2018-08-28,0,1,0,1,0,0,0,0,0,1,1,0,1,0,0,0,0,0,0,0,1,0,1,0,0,1,,,,,p2n,n2p,p2n,n2p,n2p,Life.Bull,Life.BullRetrace,Life.Bull,Life.BullRetrace,Life.BullEnd,,
2018-09-20,0.65892,,,0.636,,0.63234,0.5731,0.50347,0.44911,0.65465,0.62986,0.02479,0.03768,-0.01289,,,5.17,-12.27,39.97,-0.59,0.35,-6.36,2.64,-12.87,7.0,20.0,19.0,4.0,4.0,9.0,7.0,23.0,-0.0,-0.024,0.00729,-0.01543,0.47222,32.07547,32.075,,-22.99653,14.28571,21.42857,14.286,,34.39153,34.135,,,1.2399,1.2887,1.8323,0.5924,0.0488,0.5436,0,1,0,,,,0.15,,,,,0.694,0.0,0.0,0.653,0.0,0.0,2018-08-29,1999-01-01,1999-01-01,2018-09-14,1999-01-01,1999-01-01,0.66,0.654,0.678,0.636,0.648,0.636,2018-09-19,2018-09-14,2018-09-07,2018-09-20,2018-09-18,2018-09-13,4314334,6683168,5523334,-0.63,4.67,-18.44,0.075,0.057,0.0,0.055,100.0,100.0,0.06325,0.04744,0.0,0.05024,100.0,100.0,41.751,54.016,84.044,26.263,17.989,83.88,28.571,27.586,43.333,14.286,21.429,20.0,55.072,59.677,81.651,32.075,53.03,53.125,2018-08-29,2018-08-17,1999-01-01,2018-08-21,1999-01-01,1999-01-01,2018-09-19,2018-09-12,2018-08-29,2018-09-18,2018-09-04,2018-08-28,2018-09-19,2018-09-14,2018-09-07,2018-09-20,2018-09-18,2018-09-13,2018-09-14,2018-09-07,2018-08-29,2018-09-20,2018-09-13,2018-09-05,0,1,0,1,0,0,1,0,0,1,1,0,1,0,0,0,0,0,1,0,1,0,1,0,0,1,,,,,p2n,n2p,p2n,n2p,n2p,Life.Bull,Life.BullRetrace,Life.Bull,Life.BullRetrace,Life.BullEnd,,
2018-09-21,0.66437,,,,0.642,0.63308,0.5758,0.50622,0.45103,0.6527,0.63076,0.02194,0.03454,-0.01259,,,4.31,-12.27,39.97,-0.59,0.35,-6.36,2.64,-12.87,6.0,20.0,19.0,4.0,4.0,9.0,7.0,23.0,0.006,0.0,0.00771,-0.01414,0.54545,35.29412,,35.294,3.21912,18.51852,20.45855,,18.519,28.83598,34.99278,,,1.2477,1.2686,1.8205,0.5728,0.0209,0.5519,0,1,0,,,,0.15,,,,,0.694,0.0,0.0,0.653,0.0,0.0,2018-08-29,1999-01-01,1999-01-01,2018-09-14,1999-01-01,1999-01-01,0.642,0.66,0.654,0.636,0.648,0.636,2018-09-21,2018-09-19,2018-09-14,2018-09-20,2018-09-18,2018-09-13,6683168,5523334,3078167,4.67,-18.44,-7.48,0.075,0.057,0.0,0.055,100.0,100.0,0.06325,0.04744,0.0,0.05024,100.0,100.0,41.751,54.016,84.044,26.263,17.989,83.88,18.519,28.571,27.586,14.286,21.429,20.0,35.294,55.072,59.677,32.075,53.03,53.125,2018-08-29,2018-08-17,1999-01-01,2018-08-21,1999-01-01,1999-01-01,2018-09-19,2018-09-12,2018-08-29,2018-09-18,2018-09-04,2018-08-28,2018-09-21,2018-09-19,2018-09-14,2018-09-20,2018-09-18,2018-09-13,2018-09-21,2018-09-14,2018-09-07,2018-09-20,2018-09-13,2018-09-05,0,1,0,1,1,0,1,0,0,1,1,0,1,0,0,0,1,0,1,0,1,0,1,0,0,1,,,,,p2n,n2p,p2n,n2p,n2p,Life.Bull,Life.BullRetrace,Life.Bull,Life.BullRetrace,Life.BullEnd,,
2018-09-24,0.67103,,,0.636,,0.63331,0.57816,0.50879,0.45287,0.65013,0.63115,0.01899,0.03143,-0.01244,0.019,,3.27,-12.27,39.97,-0.59,0.35,-6.36,2.64,-12.87,5.0,20.0,19.0,4.0,4.0,9.0,7.0,23.0,-0.0,-0.006,0.006,-0.01457,0.41176,29.16667,29.167,,-6.12733,14.81481,15.87302,14.815,,10.31746,24.51499,10.317,,1.2529,1.2452,1.8044,0.5515,-0.0077,0.5592,0,1,0,,,,0.15,,,,,0.694,0.0,0.0,0.653,0.0,0.0,2018-08-29,1999-01-01,1999-01-01,2018-09-14,1999-01-01,1999-01-01,0.642,0.66,0.654,0.636,0.636,0.648,2018-09-21,2018-09-19,2018-09-14,2018-09-24,2018-09-20,2018-09-18,5523334,3078167,3922667,-18.44,-7.48,-18.06,0.075,0.057,0.0,0.019,0.055,100.0,0.06325,0.04744,0.0,0.03143,0.05024,100.0,41.751,54.016,84.044,10.317,26.263,17.989,18.519,28.571,27.586,14.815,14.286,21.429,35.294,55.072,59.677,29.167,32.075,53.03,2018-08-29,2018-08-17,1999-01-01,2018-09-24,2018-08-21,1999-01-01,2018-09-19,2018-09-12,2018-08-29,2018-09-24,2018-09-18,2018-09-04,2018-09-21,2018-09-19,2018-09-14,2018-09-24,2018-09-20,2018-09-18,2018-09-21,2018-09-14,2018-09-07,2018-09-24,2018-09-20,2018-09-13,0,1,0,1,1,0,1,0,0,1,1,0,1,0,1,0,1,0,0,0,1,0,1,0,0,1,,,,,p2n,n2p,p2n,n2p,n2p,Life.Bull,Life.BullRetrace,Life.Bull,Life.BullRetrace,Life.BullEnd,,
2018-09-25,0.67804,,,,,0.63859,0.58302,0.51261,0.45535,0.65811,0.6364,0.02172,0.02948,-0.00777,,,2.21,-12.27,39.97,-0.59,0.35,-6.36,2.64,-12.87,4.0,20.0,19.0,4.0,4.0,9.0,7.0,23.0,0.066,0.0,0.01071,-0.00943,1.13636,53.19149,,,24.02449,93.75,42.36111,,93.75,36.32479,25.15941,,,1.2767,1.2598,1.8324,0.5557,-0.0169,0.5726,1,1,1,,0.15,,,,,,,0.694,0.0,0.0,0.653,0.0,0.0,2018-08-29,1999-01-01,1999-01-01,2018-09-14,1999-01-01,1999-01-01,0.642,0.66,0.654,0.636,0.636,0.648,2018-09-21,2018-09-19,2018-09-14,2018-09-24,2018-09-20,2018-09-18,3078167,3922667,24802671,-7.48,-18.06,153.94,0.075,0.057,0.0,0.019,0.055,100.0,0.06325,0.04744,0.0,0.03143,0.05024,100.0,41.751,54.016,84.044,10.317,26.263,17.989,93.75,18.519,28.571,14.815,14.286,21.429,35.294,55.072,59.677,29.167,32.075,53.03,2018-08-29,2018-08-17,1999-01-01,2018-09-24,2018-08-21,1999-01-01,2018-09-19,2018-09-12,2018-08-29,2018-09-24,2018-09-18,2018-09-04,2018-09-25,2018-09-21,2018-09-19,2018-09-24,2018-09-20,2018-09-18,2018-09-21,2018-09-14,2018-09-07,2018-09-24,2018-09-20,2018-09-13,0,1,0,1,1,0,1,0,0,1,1,0,1,0,1,0,0,1,0,0,1,0,1,0,0,1,24802671.0,,,,n2p,p2n,n2p,n2p,n2p,Life.BullRetrace,Life.Bull,Life.BullRetrace,Life.BullEnd,Life.Bull,,
2018-09-26,0.68442,,,,,0.64393,0.58792,0.51648,0.45787,0.66579,0.6417,0.02409,0.0284,-0.00432,,,1.25,-12.27,39.97,-0.59,0.35,-6.36,2.64,-12.87,3.0,20.0,19.0,4.0,4.0,9.0,7.0,23.0,0.006,0.0,0.01114,-0.006,1.85714,65.0,,65.0,35.833,75.0,61.18827,,,54.8433,33.82852,,,1.3005,1.2745,1.8606,0.5601,-0.026,0.5861,1,1,1,,0.15,,,,,,,0.694,0.0,0.0,0.653,0.0,0.0,2018-08-29,1999-01-01,1999-01-01,2018-09-14,1999-01-01,1999-01-01,0.642,0.66,0.654,0.636,0.636,0.648,2018-09-21,2018-09-19,2018-09-14,2018-09-24,2018-09-20,2018-09-18,3922667,24802671,22015837,-18.06,153.94,59.55,0.075,0.057,0.0,0.019,0.055,100.0,0.06325,0.04744,0.0,0.03143,0.05024,100.0,41.751,54.016,84.044,10.317,26.263,17.989,93.75,18.519,28.571,14.815,14.286,21.429,65.0,35.294,55.072,29.167,32.075,53.03,2018-08-29,2018-08-17,1999-01-01,2018-09-24,2018-08-21,1999-01-01,2018-09-19,2018-09-12,2018-08-29,2018-09-24,2018-09-18,2018-09-04,2018-09-25,2018-09-21,2018-09-19,2018-09-24,2018-09-20,2018-09-18,2018-09-26,2018-09-21,2018-09-14,2018-09-24,2018-09-20,2018-09-13,0,1,0,1,1,0,1,0,0,1,1,0,1,0,1,0,0,1,0,0,0,1,1,0,0,1,,,,,n2p,p2n,n2p,n2p,n2p,Life.BullRetrace,Life.Bull,Life.BullRetrace,Life.BullEnd,Life.Bull,,
2018-09-27,0.68939,,,,,0.64886,0.59263,0.52028,0.46036,0.67228,0.64661,0.02567,0.02786,-0.00219,,,0.52,-12.27,39.97,-0.59,0.35,-6.36,2.64,-12.87,2.0,20.0,19.0,4.0,4.0,9.0,7.0,23.0,0.0,0.0,0.00943,-0.006,1.57143,61.11111,,,-3.88889,72.22222,80.32407,,,78.91738,56.69516,,78.917,1.3227,1.2858,1.885,0.5623,-0.0369,0.5992,1,1,1,,0.15,,,,,,,0.694,0.0,0.0,0.653,0.0,0.0,2018-08-29,1999-01-01,1999-01-01,2018-09-14,1999-01-01,1999-01-01,0.642,0.66,0.654,0.636,0.636,0.648,2018-09-21,2018-09-19,2018-09-14,2018-09-24,2018-09-20,2018-09-18,24802671,22015837,6086334,153.94,59.55,4.26,0.075,0.057,0.0,0.019,0.055,100.0,0.06325,0.04744,0.0,0.03143,0.05024,100.0,78.917,41.751,54.016,10.317,26.263,17.989,93.75,18.519,28.571,14.815,14.286,21.429,65.0,35.294,55.072,29.167,32.075,53.03,2018-08-29,2018-08-17,1999-01-01,2018-09-24,2018-08-21,1999-01-01,2018-09-27,2018-09-19,2018-09-12,2018-09-24,2018-09-18,2018-09-04,2018-09-25,2018-09-21,2018-09-19,2018-09-24,2018-09-20,2018-09-18,2018-09-26,2018-09-21,2018-09-14,2018-09-24,2018-09-20,2018-09-13,0,1,0,1,1,0,1,0,0,1,1,0,0,1,1,0,0,1,0,0,0,1,1,0,0,1,,,,,n2p,p2n,n2p,n2p,n2p,Life.BullRetrace,Life.Bull,Life.BullRetrace,Life.BullEnd,Life.Bull,,
2018-09-28,0.69248,,,,,0.65341,0.59715,0.52399,0.46282,0.67778,0.65116,0.02662,0.02761,-0.00099,,,0.07,-12.27,39.97,-0.59,0.35,-6.36,2.64,-12.87,1.0,20.0,19.0,4.0,4.0,9.0,7.0,23.0,0.0,0.0,0.009,-0.006,1.5,60.0,60.0,,-5.0,72.22222,73.14815,72.222,,72.22222,68.66097,72.222,,1.3433,1.2942,1.9059,0.5626,-0.0491,0.6117,1,1,1,,0.15,,,,,,,0.694,0.0,0.0,0.653,0.0,0.0,2018-08-29,1999-01-01,1999-01-01,2018-09-14,1999-01-01,1999-01-01,0.642,0.66,0.654,0.636,0.636,0.648,2018-09-21,2018-09-19,2018-09-14,2018-09-24,2018-09-20,2018-09-18,22015837,6086334,6932001,59.55,4.26,-33.78,0.075,0.057,0.0,0.019,0.055,100.0,0.06325,0.04744,0.0,0.03143,0.05024,100.0,78.917,41.751,54.016,72.222,10.317,26.263,93.75,18.519,28.571,72.222,14.815,14.286,65.0,35.294,55.072,60.0,29.167,32.075,2018-08-29,2018-08-17,1999-01-01,2018-09-24,2018-08-21,1999-01-01,2018-09-27,2018-09-19,2018-09-12,2018-09-28,2018-09-24,2018-09-18,2018-09-25,2018-09-21,2018-09-19,2018-09-28,2018-09-24,2018-09-20,2018-09-26,2018-09-21,2018-09-14,2018-09-28,2018-09-24,2018-09-20,0,1,0,1,1,0,1,0,0,1,1,0,0,1,0,1,0,1,0,1,0,1,0,1,0,1,,,,,n2p,p2n,n2p,n2p,n2p,Life.BullRetrace,Life.Bull,Life.BullRetrace,Life.BullEnd,Life.Bull,,
2018-10-01,0.6934,,0.693,,0.714,0.65807,0.60173,0.52776,0.46532,0.68335,0.65581,0.02754,0.0276,-6e-05,,0.028,-12.32,39.97,-0.59,0.35,-6.36,2.64,-12.87,6.47,20.0,19.0,4.0,4.0,9.0,7.0,23.0,16.0,0.006,0.0,0.00943,-0.00557,1.69231,62.85714,,62.857,2.85714,77.77778,74.07407,,77.778,74.07407,75.07123,,74.074,1.3641,1.3031,1.9275,0.5634,-0.061,0.6244,1,1,1,,0.15,,,,,,,0.693,0.694,0.0,0.653,0.0,0.0,2018-10-01,2018-08-29,1999-01-01,2018-09-14,1999-01-01,1999-01-01,0.714,0.642,0.66,0.636,0.636,0.648,2018-10-01,2018-09-21,2018-09-19,2018-09-24,2018-09-20,2018-09-18,6086334,6932001,8653168,4.26,-33.78,-38.14,0.028,0.075,0.057,0.019,0.055,100.0,0.0276,0.06325,0.04744,0.03143,0.05024,100.0,74.074,78.917,41.751,72.222,10.317,26.263,77.778,93.75,18.519,72.222,14.815,14.286,62.857,65.0,35.294,60.0,29.167,32.075,2018-10-01,2018-08-29,2018-08-17,2018-09-24,2018-08-21,1999-01-01,2018-10-01,2018-09-27,2018-09-19,2018-09-28,2018-09-24,2018-09-18,2018-10-01,2018-09-25,2018-09-21,2018-09-28,2018-09-24,2018-09-20,2018-10-01,2018-09-26,2018-09-21,2018-09-28,2018-09-24,2018-09-20,0,0,0,1,0,1,1,0,1,0,1,0,0,0,0,1,0,0,0,1,0,0,0,1,1,1,,,,,n2p,p2n,n2p,n2p,n2p,Life.BullRetrace,Life.Bull,Life.BullRetrace,Life.BullEnd,Life.Bull,,
2018-10-02,0.69192,,,,,0.66099,0.60543,0.53109,0.46761,0.6853,0.65879,0.02651,0.02738,-0.00087,,,-12.13,39.97,-0.59,0.35,-6.36,2.64,-12.87,6.47,19.0,19.0,4.0,4.0,9.0,7.0,23.0,16.0,-0.0,-0.018,0.00814,-0.00686,1.1875,54.28571,54.286,,-8.57129,61.11111,70.37037,,,57.40741,67.90123,,,1.3782,1.299,1.9338,0.5556,-0.0792,0.6348,1,1,1,,0.15,,,,,,,0.693,0.694,0.0,0.653,0.0,0.0,2018-10-01,2018-08-29,1999-01-01,2018-09-14,1999-01-01,1999-01-01,0.714,0.642,0.66,0.636,0.636,0.648,2018-10-01,2018-09-21,2018-09-19,2018-09-24,2018-09-20,2018-09-18,6932001,8653168,8521335,-33.78,-38.14,11.24,0.028,0.075,0.057,0.019,0.055,100.0,0.0276,0.06325,0.04744,0.03143,0.05024,100.0,74.074,78.917,41.751,72.222,10.317,26.263,77.778,93.75,18.519,72.222,14.815,14.286,62.857,65.0,35.294,54.286,60.0,29.167,2018-10-01,2018-08-29,2018-08-17,2018-09-24,2018-08-21,1999-01-01,2018-10-01,2018-09-27,2018-09-19,2018-09-28,2018-09-24,2018-09-18,2018-10-01,2018-09-25,2018-09-21,2018-09-28,2018-09-24,2018-09-20,2018-10-01,2018-09-26,2018-09-21,2018-10-02,2018-09-28,2018-09-24,0,0,0,1,0,1,1,0,1,0,1,0,0,0,0,1,0,0,0,1,0,0,0,0,1,1,-8521335.0,,,,p2n,n2p,n2p,n2p,n2p,Life.BullRetrace,Life.Bull,Life.BullRetrace,Life.BullEnd,Life.Bull,,
2018-10-03,0.68837,,,,,0.66276,0.60851,0.53411,0.46977,0.6851,0.66066,0.02444,0.02679,-0.00235,,,-11.68,39.97,-0.59,0.35,-6.36,2.64,-12.87,6.47,18.0,19.0,4.0,4.0,9.0,7.0,23.0,16.0,-0.0,-0.012,0.00814,-0.00643,1.26667,55.88235,,,1.59635,50.0,62.96296,,,40.0,57.16049,,,1.3874,1.2865,1.9299,0.5425,-0.1009,0.6434,0,1,0,,,,0.15,,,,,0.693,0.694,0.0,0.653,0.0,0.0,2018-10-01,2018-08-29,1999-01-01,2018-09-14,1999-01-01,1999-01-01,0.714,0.642,0.66,0.636,0.636,0.648,2018-10-01,2018-09-21,2018-09-19,2018-09-24,2018-09-20,2018-09-18,8653168,8521335,5232334,-38.14,11.24,-7.05,0.028,0.075,0.057,0.019,0.055,100.0,0.0276,0.06325,0.04744,0.03143,0.05024,100.0,74.074,78.917,41.751,72.222,10.317,26.263,77.778,93.75,18.519,72.222,14.815,14.286,62.857,65.0,35.294,54.286,60.0,29.167,2018-10-01,2018-08-29,2018-08-17,2018-09-24,2018-08-21,1999-01-01,2018-10-01,2018-09-27,2018-09-19,2018-09-28,2018-09-24,2018-09-18,2018-10-01,2018-09-25,2018-09-21,2018-09-28,2018-09-24,2018-09-20,2018-10-01,2018-09-26,2018-09-21,2018-10-02,2018-09-28,2018-09-24,0,0,0,1,0,1,1,0,1,0,1,0,0,0,0,1,0,0,0,1,0,0,0,0,1,1,,,,,p2n,n2p,n2p,n2p,n2p,Life.Bull,Life.BullRetrace,Life.BullEnd,Life.Bull,Life.BullEnd,,
2018-10-04,0.68368,,,,,0.66439,0.61147,0.53708,0.4719,0.68493,0.66239,0.02254,0.02594,-0.0034,,,-11.07,39.97,-0.59,0.35,-6.36,2.64,-12.87,6.47,17.0,19.0,4.0,4.0,9.0,7.0,23.0,16.0,0.0,0.0,0.00814,-0.00471,1.72727,63.33333,,63.333,9.04733,50.0,53.7037,,,20.74074,39.38272,,,1.3957,1.2731,1.9249,0.5292,-0.1226,0.6518,0,1,0,,,,0.15,,,,,0.693,0.694,0.0,0.653,0.0,0.0,2018-10-01,2018-08-29,1999-01-01,2018-09-14,1999-01-01,1999-01-01,0.714,0.642,0.66,0.636,0.636,0.648,2018-10-01,2018-09-21,2018-09-19,2018-09-24,2018-09-20,2018-09-18,8521335,5232334,3698834,11.24,-7.05,-22.11,0.028,0.075,0.057,0.019,0.055,100.0,0.0276,0.06325,0.04744,0.03143,0.05024,100.0,74.074,78.917,41.751,72.222,10.317,26.263,77.778,93.75,18.519,72.222,14.815,14.286,63.333,62.857,65.0,54.286,60.0,29.167,2018-10-01,2018-08-29,2018-08-17,2018-09-24,2018-08-21,1999-01-01,2018-10-01,2018-09-27,2018-09-19,2018-09-28,2018-09-24,2018-09-18,2018-10-01,2018-09-25,2018-09-21,2018-09-28,2018-09-24,2018-09-20,2018-10-04,2018-10-01,2018-09-26,2018-10-02,2018-09-28,2018-09-24,0,0,0,1,0,1,1,0,1,0,1,0,0,0,0,1,0,0,0,1,0,0,0,0,1,1,,,,,p2n,n2p,n2p,n2p,n2p,Life.Bull,Life.BullRetrace,Life.BullEnd,Life.Bull,Life.BullEnd,,
2018-10-05,0.67883,,,,,0.66498,0.61385,0.53975,0.47389,0.68294,0.6631,0.01984,0.02472,-0.00488,,,-10.43,39.97,-0.59,0.35,-6.36,2.64,-12.87,6.47,16.0,19.0,4.0,4.0,9.0,7.0,23.0,16.0,-0.0,-0.012,0.00686,-0.00557,1.23077,55.17241,,,-8.16059,38.88889,46.2963,,,16.36364,25.70146,,,1.3996,1.2523,1.9109,0.5113,-0.1473,0.6586,0,1,0,,,,0.15,,,,,0.693,0.694,0.0,0.653,0.0,0.0,2018-10-01,2018-08-29,1999-01-01,2018-09-14,1999-01-01,1999-01-01,0.714,0.642,0.66,0.636,0.636,0.648,2018-10-01,2018-09-21,2018-09-19,2018-09-24,2018-09-20,2018-09-18,5232334,3698834,3450334,-7.05,-22.11,-29.06,0.028,0.075,0.057,0.019,0.055,100.0,0.0276,0.06325,0.04744,0.03143,0.05024,100.0,74.074,78.917,41.751,72.222,10.317,26.263,77.778,93.75,18.519,72.222,14.815,14.286,63.333,62.857,65.0,54.286,60.0,29.167,2018-10-01,2018-08-29,2018-08-17,2018-09-24,2018-08-21,1999-01-01,2018-10-01,2018-09-27,2018-09-19,2018-09-28,2018-09-24,2018-09-18,2018-10-01,2018-09-25,2018-09-21,2018-09-28,2018-09-24,2018-09-20,2018-10-04,2018-10-01,2018-09-26,2018-10-02,2018-09-28,2018-09-24,0,0,0,1,0,1,1,0,1,0,1,0,0,0,0,1,0,0,0,1,0,0,0,0,1,1,,,,,p2n,n2p,n2p,n2p,n2p,Life.Bull,Life.BullRetrace,Life.BullEnd,Life.Bull,Life.BullEnd,,
2018-10-08,0.6746,,,0.666,,0.66506,0.61589,0.54225,0.4758,0.68033,0.66331,0.01702,0.02318,-0.00616,,,-9.87,39.97,-0.59,0.35,-6.36,2.64,-12.87,6.47,15.0,19.0,4.0,4.0,9.0,7.0,23.0,16.0,-0.0,-0.006,0.00686,-0.00557,1.23077,55.17241,55.172,,-8.16059,33.33333,40.74074,33.333,,15.25253,17.4523,15.253,,1.4009,1.2281,1.8926,0.4917,-0.1728,0.6645,0,1,0,,,,0.15,,,,,0.693,0.694,0.0,0.653,0.0,0.0,2018-10-01,2018-08-29,1999-01-01,2018-09-14,1999-01-01,1999-01-01,0.714,0.642,0.66,0.666,0.636,0.636,2018-10-01,2018-09-21,2018-09-19,2018-10-08,2018-09-24,2018-09-20,3698834,3450334,3277333,-22.11,-29.06,-15.79,0.028,0.075,0.057,0.019,0.055,100.0,0.0276,0.06325,0.04744,0.03143,0.05024,100.0,74.074,78.917,41.751,15.253,72.222,10.317,77.778,93.75,18.519,33.333,72.222,14.815,63.333,62.857,65.0,55.172,54.286,60.0,2018-10-01,2018-08-29,2018-08-17,2018-09-24,2018-08-21,1999-01-01,2018-10-01,2018-09-27,2018-09-19,2018-10-08,2018-09-28,2018-09-24,2018-10-01,2018-09-25,2018-09-21,2018-10-08,2018-09-28,2018-09-24,2018-10-04,2018-10-01,2018-09-26,2018-10-08,2018-10-02,2018-09-28,0,0,0,1,0,1,0,1,1,0,1,0,0,0,0,0,0,0,0,0,0,0,0,0,1,1,,,,,p2n,n2p,n2p,n2p,n2p,Life.Bull,Life.BullRetrace,Life.BullEnd,Life.Bull,Life.BullEnd,,
2018-10-09,0.67137,,,,0.684,0.66651,0.61856,0.54506,0.47787,0.6809,0.66485,0.01605,0.02175,-0.0057,,,-9.44,39.97,-0.59,0.35,-6.36,2.64,-12.87,6.47,14.0,19.0,4.0,4.0,9.0,7.0,23.0,16.0,0.018,0.0,0.00729,-0.00557,1.30769,56.66667,,56.667,1.49467,50.0,40.74074,,50.0,27.10438,19.57351,,,1.4069,1.2145,1.8864,0.4795,-0.1924,0.6719,0,1,0,,,,0.15,,,,,0.693,0.694,0.0,0.653,0.0,0.0,2018-10-01,2018-08-29,1999-01-01,2018-09-14,1999-01-01,1999-01-01,0.684,0.714,0.642,0.666,0.636,0.636,2018-10-09,2018-10-01,2018-09-21,2018-10-08,2018-09-24,2018-09-20,3450334,3277333,5149834,-29.06,-15.79,13.92,0.028,0.075,0.057,0.019,0.055,100.0,0.0276,0.06325,0.04744,0.03143,0.05024,100.0,74.074,78.917,41.751,15.253,72.222,10.317,50.0,77.778,93.75,33.333,72.222,14.815,56.667,63.333,62.857,55.172,54.286,60.0,2018-10-01,2018-08-29,2018-08-17,2018-09-24,2018-08-21,1999-01-01,2018-10-01,2018-09-27,2018-09-19,2018-10-08,2018-09-28,2018-09-24,2018-10-09,2018-10-01,2018-09-25,2018-10-08,2018-09-28,2018-09-24,2018-10-09,2018-10-04,2018-10-01,2018-10-08,2018-10-02,2018-09-28,0,0,0,1,0,0,0,1,1,0,1,0,0,0,0,0,1,0,0,0,1,0,0,0,1,1,,,,,p2n,n2p,n2p,n2p,n2p,Life.Bull,Life.BullRetrace,Life.BullEnd,Life.Bull,Life.BullEnd,,
2018-10-10,0.66932,,,,,0.66555,0.61995,0.54722,0.47963,0.67676,0.66404,0.01272,0.01995,-0.00723,,,-9.16,39.97,-0.59,0.35,-6.36,2.64,-12.87,6.47,13.0,19.0,4.0,4.0,9.0,7.0,23.0,16.0,-0.0,-0.03,0.00729,-0.006,1.21429,54.83871,,,-1.82829,22.22222,35.18519,22.222,,30.13468,24.16386,,,1.4032,1.1833,1.8592,0.456,-0.2199,0.6759,0,0,0,,,,,0.15,,,,0.693,0.694,0.0,0.653,0.0,0.0,2018-10-01,2018-08-29,1999-01-01,2018-09-14,1999-01-01,1999-01-01,0.684,0.714,0.642,0.666,0.636,0.636,2018-10-09,2018-10-01,2018-09-21,2018-10-08,2018-09-24,2018-09-20,3277333,5149834,7378334,-15.79,13.92,33.07,0.028,0.075,0.057,0.019,0.055,100.0,0.0276,0.06325,0.04744,0.03143,0.05024,100.0,74.074,78.917,41.751,15.253,72.222,10.317,50.0,77.778,93.75,22.222,33.333,72.222,56.667,63.333,62.857,55.172,54.286,60.0,2018-10-01,2018-08-29,2018-08-17,2018-09-24,2018-08-21,1999-01-01,2018-10-01,2018-09-27,2018-09-19,2018-10-08,2018-09-28,2018-09-24,2018-10-09,2018-10-01,2018-09-25,2018-10-10,2018-10-08,2018-09-28,2018-10-09,2018-10-04,2018-10-01,2018-10-08,2018-10-02,2018-09-28,0,0,0,1,0,0,0,1,1,0,1,0,0,0,0,0,1,0,1,0,1,0,0,0,1,1,,,,,p2n,n2p,n2p,n2p,n2p,Life.BullRetrace,Life.BullEnd,Life.Bull,Life.BullEnd,Life.BearStart,,
2018-10-11,0.66834,,,0.636,,0.66328,0.62058,0.54898,0.48118,0.67049,0.66197,0.00852,0.01766,-0.00914,,,-9.03,39.97,-0.59,0.35,-6.36,2.64,-12.87,6.47,12.0,19.0,4.0,4.0,9.0,7.0,23.0,16.0,-0.0,-0.018,0.00686,-0.00729,0.94118,48.48485,48.485,,-8.18215,26.08696,32.76973,,,35.69024,30.97643,,,1.394,1.143,1.821,0.427,-0.251,0.678,0,0,0,,,,,0.15,,,,0.693,0.694,0.0,0.653,0.0,0.0,2018-10-01,2018-08-29,1999-01-01,2018-09-14,1999-01-01,1999-01-01,0.684,0.714,0.642,0.636,0.666,0.636,2018-10-09,2018-10-01,2018-09-21,2018-10-11,2018-10-08,2018-09-24,5149834,7378334,6092667,13.92,33.07,17.81,0.028,0.075,0.057,0.019,0.055,100.0,0.0276,0.06325,0.04744,0.03143,0.05024,100.0,74.074,78.917,41.751,15.253,72.222,10.317,50.0,77.778,93.75,22.222,33.333,72.222,56.667,63.333,62.857,48.485,55.172,54.286,2018-10-01,2018-08-29,2018-08-17,2018-09-24,2018-08-21,1999-01-01,2018-10-01,2018-09-27,2018-09-19,2018-10-08,2018-09-28,2018-09-24,2018-10-09,2018-10-01,2018-09-25,2018-10-10,2018-10-08,2018-09-28,2018-10-09,2018-10-04,2018-10-01,2018-10-11,2018-10-08,2018-10-02,0,0,0,1,0,0,1,0,1,0,1,0,0,0,0,0,1,0,1,0,1,0,1,0,1,1,,,,,p2n,n2p,n2p,n2p,n2p,Life.BullRetrace,Life.BullEnd,Life.Bull,Life.BullEnd,Life.BearStart,,
2018-10-12,0.66791,,,,0.684,0.66487,0.62307,0.55165,0.4832,0.67257,0.6636,0.00897,0.01592,-0.00695,,,-8.97,39.97,-0.59,0.35,-6.36,2.64,-12.87,6.47,11.0,19.0,4.0,4.0,9.0,7.0,23.0,16.0,0.048,0.0,0.01029,-0.00686,1.5,60.0,,60.0,11.515,60.86957,36.39291,,60.87,43.09764,36.30752,,,1.3987,1.1322,1.8167,0.418,-0.2665,0.6845,0,1,0,,,,0.15,,,,,0.693,0.694,0.0,0.653,0.0,0.0,2018-10-01,2018-08-29,1999-01-01,2018-09-14,1999-01-01,1999-01-01,0.684,0.684,0.714,0.636,0.666,0.636,2018-10-12,2018-10-09,2018-10-01,2018-10-11,2018-10-08,2018-09-24,7378334,6092667,8009834,33.07,17.81,15.36,0.028,0.075,0.057,0.019,0.055,100.0,0.0276,0.06325,0.04744,0.03143,0.05024,100.0,74.074,78.917,41.751,15.253,72.222,10.317,60.87,50.0,77.778,22.222,33.333,72.222,60.0,56.667,63.333,48.485,55.172,54.286,2018-10-01,2018-08-29,2018-08-17,2018-09-24,2018-08-21,1999-01-01,2018-10-01,2018-09-27,2018-09-19,2018-10-08,2018-09-28,2018-09-24,2018-10-12,2018-10-09,2018-10-01,2018-10-10,2018-10-08,2018-09-28,2018-10-12,2018-10-09,2018-10-04,2018-10-11,2018-10-08,2018-10-02,0,0,0,1,1,0,1,0,1,0,1,0,0,0,0,0,0,0,1,0,0,0,1,0,1,1,,,,,p2n,n2p,n2p,n2p,n2p,Life.BullEnd,Life.Bull,Life.BullEnd,Life.BearStart,Life.BullEnd,,
2018-10-15,0.66742,,,,,0.66542,0.62499,0.55403,0.48508,0.67248,0.66422,0.00826,0.01439,-0.00613,,,-8.9,39.97,-0.59,0.35,-6.36,2.64,-12.87,6.47,10.0,19.0,4.0,4.0,9.0,7.0,23.0,16.0,-0.0,-0.012,0.00557,-0.00771,0.72222,41.93548,,,-18.06452,52.17391,46.37681,,,59.25926,46.01571,,,1.3991,1.1139,1.8034,0.4043,-0.2852,0.6895,0,1,0,,,,0.15,,,,,0.693,0.694,0.0,0.653,0.0,0.0,2018-10-01,2018-08-29,1999-01-01,2018-09-14,1999-01-01,1999-01-01,0.684,0.684,0.714,0.636,0.666,0.636,2018-10-12,2018-10-09,2018-10-01,2018-10-11,2018-10-08,2018-09-24,6092667,8009834,7396501,17.81,15.36,0.08,0.028,0.075,0.057,0.019,0.055,100.0,0.0276,0.06325,0.04744,0.03143,0.05024,100.0,74.074,78.917,41.751,15.253,72.222,10.317,60.87,50.0,77.778,22.222,33.333,72.222,60.0,56.667,63.333,48.485,55.172,54.286,2018-10-01,2018-08-29,2018-08-17,2018-09-24,2018-08-21,1999-01-01,2018-10-01,2018-09-27,2018-09-19,2018-10-08,2018-09-28,2018-09-24,2018-10-12,2018-10-09,2018-10-01,2018-10-10,2018-10-08,2018-09-28,2018-10-12,2018-10-09,2018-10-04,2018-10-11,2018-10-08,2018-10-02,0,0,0,1,1,0,1,0,1,0,1,0,0,0,0,0,0,0,1,0,0,0,1,0,1,1,,,,,p2n,n2p,n2p,n2p,n2p,Life.BullEnd,Life.Bull,Life.BullEnd,Life.BearStart,Life.BullEnd,,
2018-10-16,0.66638,,,0.666,,0.66546,0.62659,0.55625,0.48688,0.67148,0.66435,0.00713,0.01294,-0.00581,,,-8.76,39.97,-0.59,0.35,-6.36,2.64,-12.87,6.47,9.0,19.0,4.0,4.0,9.0,7.0,23.0,16.0,-0.0,-0.006,0.00514,-0.00814,0.63158,38.70968,38.71,,-21.29032,50.0,54.34783,50.0,,68.51852,56.95847,,68.519,1.3971,1.0921,1.7858,0.3887,-0.305,0.6937,0,0,0,,,,,0.15,,,,0.693,0.694,0.0,0.653,0.0,0.0,2018-10-01,2018-08-29,1999-01-01,2018-09-14,1999-01-01,1999-01-01,0.684,0.684,0.714,0.666,0.636,0.666,2018-10-12,2018-10-09,2018-10-01,2018-10-16,2018-10-11,2018-10-08,8009834,7396501,3189833,15.36,0.08,-13.5,0.028,0.075,0.057,0.019,0.055,100.0,0.0276,0.06325,0.04744,0.03143,0.05024,100.0,68.519,74.074,78.917,15.253,72.222,10.317,60.87,50.0,77.778,50.0,22.222,33.333,60.0,56.667,63.333,38.71,48.485,55.172,2018-10-01,2018-08-29,2018-08-17,2018-09-24,2018-08-21,1999-01-01,2018-10-16,2018-10-01,2018-09-27,2018-10-08,2018-09-28,2018-09-24,2018-10-12,2018-10-09,2018-10-01,2018-10-16,2018-10-10,2018-10-08,2018-10-12,2018-10-09,2018-10-04,2018-10-16,2018-10-11,2018-10-08,0,0,0,1,1,0,0,1,1,0,1,0,1,0,0,0,0,0,0,1,0,0,1,0,1,1,,,,,p2n,n2p,n2p,n2p,n2p,Life.Bull,Life.BullEnd,Life.BearStart,Life.BullEnd,Life.BearStart,,
2018-10-17,0.6643,,,,,0.66643,0.62861,0.55866,0.48878,0.67249,0.66536,0.00712,0.01178,-0.00465,,,-8.48,39.97,-0.59,0.35,-6.36,2.64,-12.87,6.47,8.0,19.0,4.0,4.0,9.0,7.0,23.0,16.0,0.012,0.0,0.006,-0.00814,0.73684,42.42424,,,3.71424,59.09091,53.75494,,,66.66667,64.81481,,,1.3983,1.0777,1.7765,0.3782,-0.3206,0.6988,0,1,0,,,,0.15,,,,,0.693,0.694,0.0,0.653,0.0,0.0,2018-10-01,2018-08-29,1999-01-01,2018-09-14,1999-01-01,1999-01-01,0.684,0.684,0.714,0.666,0.636,0.666,2018-10-12,2018-10-09,2018-10-01,2018-10-16,2018-10-11,2018-10-08,7396501,3189833,2386667,0.08,-13.5,-30.24,0.028,0.075,0.057,0.019,0.055,100.0,0.0276,0.06325,0.04744,0.03143,0.05024,100.0,68.519,74.074,78.917,15.253,72.222,10.317,60.87,50.0,77.778,50.0,22.222,33.333,60.0,56.667,63.333,38.71,48.485,55.172,2018-10-01,2018-08-29,2018-08-17,2018-09-24,2018-08-21,1999-01-01,2018-10-16,2018-10-01,2018-09-27,2018-10-08,2018-09-28,2018-09-24,2018-10-12,2018-10-09,2018-10-01,2018-10-16,2018-10-10,2018-10-08,2018-10-12,2018-10-09,2018-10-04,2018-10-16,2018-10-11,2018-10-08,0,0,0,1,1,0,0,1,1,0,1,0,1,0,0,0,0,0,0,1,0,0,1,0,1,1,,,,,p2n,n2p,n2p,n2p,n2p,Life.BullEnd,Life.BearStart,Life.BullEnd,Life.BearStart,Life.BullEnd,,
2018-10-18,0.66066,,,,0.678,0.66732,0.63055,0.56102,0.49066,0.67333,0.6663,0.00704,0.01083,-0.00379,,,-7.97,39.97,-0.59,0.35,-6.36,2.64,-12.87,6.47,7.0,19.0,4.0,4.0,9.0,7.0,23.0,16.0,0.0,0.0,0.006,-0.00814,0.73684,42.42424,,42.424,3.71424,59.09091,56.06061,,59.091,56.94444,64.04321,,,1.3989,1.063,1.7666,0.3677,-0.3359,0.7036,0,1,0,,,,0.15,,,,,0.693,0.694,0.0,0.653,0.0,0.0,2018-10-01,2018-08-29,1999-01-01,2018-09-14,1999-01-01,1999-01-01,0.678,0.684,0.684,0.666,0.636,0.666,2018-10-18,2018-10-12,2018-10-09,2018-10-16,2018-10-11,2018-10-08,3189833,2386667,3129500,-13.5,-30.24,-32.89,0.028,0.075,0.057,0.019,0.055,100.0,0.0276,0.06325,0.04744,0.03143,0.05024,100.0,68.519,74.074,78.917,15.253,72.222,10.317,59.091,60.87,50.0,50.0,22.222,33.333,42.424,60.0,56.667,38.71,48.485,55.172,2018-10-01,2018-08-29,2018-08-17,2018-09-24,2018-08-21,1999-01-01,2018-10-16,2018-10-01,2018-09-27,2018-10-08,2018-09-28,2018-09-24,2018-10-18,2018-10-12,2018-10-09,2018-10-16,2018-10-10,2018-10-08,2018-10-18,2018-10-12,2018-10-09,2018-10-16,2018-10-11,2018-10-08,0,0,0,1,1,0,0,1,1,0,1,0,1,0,0,0,0,0,0,1,1,0,1,0,1,1,,,,,p2n,n2p,n2p,n2p,n2p,Life.BullEnd,Life.BearStart,Life.BullEnd,Life.BearStart,Life.BullEnd,,
2018-10-19,0.65501,,,,,0.66768,0.63217,0.56322,0.49247,0.67313,0.66672,0.00641,0.00994,-0.00354,,,-7.18,39.97,-0.59,0.35,-6.36,2.64,-12.87,6.47,6.0,19.0,4.0,4.0,9.0,7.0,23.0,16.0,-0.0,-0.006,0.00557,-0.00857,0.65,39.39394,,,-3.03006,57.14286,58.44156,,,44.90741,56.17284,,,1.397,1.0446,1.7521,0.3551,-0.3524,0.7075,0,0,0,,,,,0.15,,,,0.693,0.694,0.0,0.653,0.0,0.0,2018-10-01,2018-08-29,1999-01-01,2018-09-14,1999-01-01,1999-01-01,0.678,0.684,0.684,0.666,0.636,0.666,2018-10-18,2018-10-12,2018-10-09,2018-10-16,2018-10-11,2018-10-08,2386667,3129500,2109333,-30.24,-32.89,-12.41,0.028,0.075,0.057,0.019,0.055,100.0,0.0276,0.06325,0.04744,0.03143,0.05024,100.0,68.519,74.074,78.917,15.253,72.222,10.317,59.091,60.87,50.0,50.0,22.222,33.333,42.424,60.0,56.667,38.71,48.485,55.172,2018-10-01,2018-08-29,2018-08-17,2018-09-24,2018-08-21,1999-01-01,2018-10-16,2018-10-01,2018-09-27,2018-10-08,2018-09-28,2018-09-24,2018-10-18,2018-10-12,2018-10-09,2018-10-16,2018-10-10,2018-10-08,2018-10-18,2018-10-12,2018-10-09,2018-10-16,2018-10-11,2018-10-08,0,0,0,1,1,0,0,1,1,0,1,0,1,0,0,0,0,0,0,1,1,0,1,0,1,1,,,,,p2n,n2p,n2p,n2p,n2p,Life.BearStart,Life.BullEnd,Life.BearStart,Life.BullEnd,Life.BearStart,,
2018-10-22,0.64739,,,,,0.66663,0.63303,0.56502,0.49407,0.67019,0.66578,0.00441,0.00884,-0.00443,,,-6.08,39.97,-0.59,0.35,-6.36,2.64,-12.87,6.47,5.0,19.0,4.0,4.0,9.0,7.0,23.0,16.0,-0.0,-0.018,0.00557,-0.00857,0.65,39.39394,,,-3.03006,50.0,55.41126,,,20.83333,40.89506,,,1.3896,1.0161,1.7256,0.336,-0.3735,0.7095,0,0,0,,,,,0.15,,,,0.693,0.694,0.0,0.653,0.0,0.0,2018-10-01,2018-08-29,1999-01-01,2018-09-14,1999-01-01,1999-01-01,0.678,0.684,0.684,0.666,0.636,0.666,2018-10-18,2018-10-12,2018-10-09,2018-10-16,2018-10-11,2018-10-08,3129500,2109333,958166,-32.89,-12.41,-18.73,0.028,0.075,0.057,0.019,0.055,100.0,0.0276,0.06325,0.04744,0.03143,0.05024,100.0,68.519,74.074,78.917,15.253,72.222,10.317,59.091,60.87,50.0,50.0,22.222,33.333,42.424,60.0,56.667,38.71,48.485,55.172,2018-10-01,2018-08-29,2018-08-17,2018-09-24,2018-08-21,1999-01-01,2018-10-16,2018-10-01,2018-09-27,2018-10-08,2018-09-28,2018-09-24,2018-10-18,2018-10-12,2018-10-09,2018-10-16,2018-10-10,2018-10-08,2018-10-18,2018-10-12,2018-10-09,2018-10-16,2018-10-11,2018-10-08,0,0,0,1,1,0,0,1,1,0,1,0,1,0,0,0,0,0,0,1,1,0,1,0,1,1,,,,,p2n,n2p,n2p,n2p,n2p,Life.BearStart,Life.BullEnd,Life.BearStart,Life.BullEnd,Life.BearStart,,
2018-10-23,0.63829,,,0.63,,0.66381,0.63291,0.56631,0.49543,0.664,0.66313,0.00087,0.00724,-0.00637,,,-4.75,39.97,-0.59,0.35,-6.36,2.64,-12.87,6.47,4.0,19.0,4.0,4.0,9.0,7.0,23.0,16.0,-0.0,-0.024,0.00557,-0.00943,0.59091,37.14286,37.143,,-5.28114,27.77778,44.97354,27.778,,11.36364,25.70146,11.364,,1.3748,0.975,1.6838,0.309,-0.3998,0.7088,0,0,0,,,,,0.15,,,,0.693,0.694,0.0,0.653,0.0,0.0,2018-10-01,2018-08-29,1999-01-01,2018-09-14,1999-01-01,1999-01-01,0.678,0.684,0.684,0.63,0.666,0.636,2018-10-18,2018-10-12,2018-10-09,2018-10-23,2018-10-16,2018-10-11,2109333,958166,4232167,-12.41,-18.73,17.79,0.028,0.075,0.057,0.019,0.055,100.0,0.0276,0.06325,0.04744,0.03143,0.05024,100.0,68.519,74.074,78.917,11.364,15.253,72.222,59.091,60.87,50.0,27.778,50.0,22.222,42.424,60.0,56.667,37.143,38.71,48.485,2018-10-01,2018-08-29,2018-08-17,2018-09-24,2018-08-21,1999-01-01,2018-10-16,2018-10-01,2018-09-27,2018-10-23,2018-10-08,2018-09-28,2018-10-18,2018-10-12,2018-10-09,2018-10-23,2018-10-16,2018-10-10,2018-10-18,2018-10-12,2018-10-09,2018-10-23,2018-10-16,2018-10-11,0,0,0,1,1,0,1,0,1,0,1,0,1,0,1,0,0,0,0,0,1,0,1,0,1,1,,,,,p2n,n2p,n2p,n2p,n2p,Life.BearStart,Life.BullEnd,Life.BearStart,Life.BullEnd,Life.BearStart,,
2018-10-24,0.62875,,,,0.636,0.66167,0.63303,0.56769,0.49683,0.6597,0.66112,-0.00142,0.00551,-0.00693,,,-3.3,39.97,-0.59,0.35,-6.36,2.64,-12.87,6.47,3.0,19.0,4.0,4.0,9.0,7.0,23.0,16.0,0.006,0.0,0.006,-0.00943,0.63636,38.88889,,,1.74589,33.33333,37.03704,,33.333,12.12121,14.77273,,,1.362,0.9398,1.6484,0.2864,-0.4222,0.7086,0,0,0,,,,,0.15,,,,0.693,0.694,0.0,0.653,0.0,0.0,2018-10-01,2018-08-29,1999-01-01,2018-09-14,1999-01-01,1999-01-01,0.636,0.678,0.684,0.63,0.666,0.636,2018-10-24,2018-10-18,2018-10-12,2018-10-23,2018-10-16,2018-10-11,958166,4232167,4757667,-18.73,17.79,36.28,0.028,0.075,0.057,0.019,0.055,100.0,0.0276,0.06325,0.04744,0.03143,0.05024,100.0,68.519,74.074,78.917,11.364,15.253,72.222,33.333,59.091,60.87,27.778,50.0,22.222,42.424,60.0,56.667,37.143,38.71,48.485,2018-10-01,2018-08-29,2018-08-17,2018-09-24,2018-08-21,1999-01-01,2018-10-16,2018-10-01,2018-09-27,2018-10-23,2018-10-08,2018-09-28,2018-10-24,2018-10-18,2018-10-12,2018-10-23,2018-10-16,2018-10-10,2018-10-18,2018-10-12,2018-10-09,2018-10-23,2018-10-16,2018-10-11,0,0,0,1,1,0,1,0,1,0,1,0,1,0,1,0,1,0,0,0,1,0,1,0,1,1,,,,,p2n,n2p,n2p,n2p,n2p,Life.BearStart,Life.BullEnd,Life.BearStart,Life.BullEnd,Life.BearStart,,
2018-10-25,0.61989,,,,,0.65877,0.63268,0.5688,0.49809,0.6542,0.65837,-0.00417,0.00358,-0.00774,,,-1.92,39.97,-0.59,0.35,-6.36,2.64,-12.87,6.47,2.0,19.0,4.0,4.0,9.0,7.0,23.0,16.0,-0.0,-0.012,0.006,-0.00943,0.63636,38.88889,,38.889,1.74589,22.22222,27.77778,,,18.78788,14.09091,,,1.3459,0.8997,1.6068,0.2609,-0.4462,0.7071,0,0,0,,,,,0.15,,,,0.693,0.694,0.0,0.653,0.0,0.0,2018-10-01,2018-08-29,1999-01-01,2018-09-14,1999-01-01,1999-01-01,0.636,0.678,0.684,0.63,0.666,0.636,2018-10-24,2018-10-18,2018-10-12,2018-10-23,2018-10-16,2018-10-11,4232167,4757667,2581833,17.79,36.28,16.32,0.028,0.075,0.057,0.019,0.055,100.0,0.0276,0.06325,0.04744,0.03143,0.05024,100.0,68.519,74.074,78.917,11.364,15.253,72.222,33.333,59.091,60.87,27.778,50.0,22.222,38.889,42.424,60.0,37.143,38.71,48.485,2018-10-01,2018-08-29,2018-08-17,2018-09-24,2018-08-21,1999-01-01,2018-10-16,2018-10-01,2018-09-27,2018-10-23,2018-10-08,2018-09-28,2018-10-24,2018-10-18,2018-10-12,2018-10-23,2018-10-16,2018-10-10,2018-10-25,2018-10-18,2018-10-12,2018-10-23,2018-10-16,2018-10-11,0,0,0,1,1,0,1,0,1,0,1,0,1,0,1,0,1,0,0,0,1,0,1,0,1,1,,,,,p2n,n2p,n2p,n2p,n2p,Life.BearStart,Life.BullEnd,Life.BearStart,Life.BullEnd,Life.BearStart,,
2018-10-26,0.61266,,,,,0.65517,0.63187,0.56966,0.49922,0.64771,0.65493,-0.00722,0.00142,-0.00864,,,-0.76,39.97,-0.59,0.35,-6.36,2.64,-12.87,6.47,1.0,19.0,4.0,4.0,9.0,7.0,23.0,16.0,-0.0,-0.012,0.006,-0.00986,0.6087,37.83784,,,-1.05116,11.11111,22.22222,11.111,,19.09091,16.66667,,19.091,1.3265,0.8551,1.5595,0.233,-0.4714,0.7044,0,0,0,,,,,0.15,,,,0.693,0.694,0.0,0.653,0.0,0.0,2018-10-01,2018-08-29,1999-01-01,2018-09-14,1999-01-01,1999-01-01,0.636,0.678,0.684,0.63,0.666,0.636,2018-10-24,2018-10-18,2018-10-12,2018-10-23,2018-10-16,2018-10-11,4757667,2581833,2238667,36.28,16.32,-17.23,0.028,0.075,0.057,0.019,0.055,100.0,0.0276,0.06325,0.04744,0.03143,0.05024,100.0,19.091,68.519,74.074,11.364,15.253,72.222,33.333,59.091,60.87,11.111,27.778,50.0,38.889,42.424,60.0,37.143,38.71,48.485,2018-10-01,2018-08-29,2018-08-17,2018-09-24,2018-08-21,1999-01-01,2018-10-26,2018-10-16,2018-10-01,2018-10-23,2018-10-08,2018-09-28,2018-10-24,2018-10-18,2018-10-12,2018-10-26,2018-10-23,2018-10-16,2018-10-25,2018-10-18,2018-10-12,2018-10-23,2018-10-16,2018-10-11,0,0,0,1,1,0,1,0,1,0,1,0,1,0,1,0,1,0,1,0,1,0,1,0,1,1,,,,,p2n,n2p,n2p,n2p,n2p,Life.BearStart,Life.BullEnd,Life.BearStart,Life.BullEnd,Life.BearStart,,
2018-10-29,0.60843,0.608,,0.564,,0.64816,0.6292,0.56954,0.49987,0.63483,0.6482,-0.01337,-0.00154,-0.01183,,,39.87,-0.59,0.35,-6.36,2.64,-12.87,6.47,-4.76,19.0,4.0,4.0,9.0,7.0,23.0,16.0,12.0,-0.0,-0.048,0.00471,-0.01329,0.35484,26.19048,26.19,,-12.69852,12.72727,15.35354,,,16.30631,18.0617,16.306,,1.2933,0.7862,1.4829,0.1896,-0.5071,0.6967,0,0,0,,,,,0.15,,,,0.693,0.694,0.0,0.608,0.653,0.0,2018-10-01,2018-08-29,1999-01-01,2018-10-29,2018-09-14,1999-01-01,0.636,0.678,0.684,0.564,0.63,0.666,2018-10-24,2018-10-18,2018-10-12,2018-10-29,2018-10-23,2018-10-16,2581833,2238667,6562167,16.32,-17.23,18.84,0.028,0.075,0.057,0.019,0.055,100.0,0.0276,0.06325,0.04744,0.03143,0.05024,100.0,19.091,68.519,74.074,16.306,11.364,15.253,33.333,59.091,60.87,11.111,27.778,50.0,38.889,42.424,60.0,26.19,37.143,38.71,2018-10-01,2018-08-29,2018-08-17,2018-09-24,2018-08-21,1999-01-01,2018-10-26,2018-10-16,2018-10-01,2018-10-29,2018-10-23,2018-10-08,2018-10-24,2018-10-18,2018-10-12,2018-10-26,2018-10-23,2018-10-16,2018-10-25,2018-10-18,2018-10-12,2018-10-29,2018-10-23,2018-10-16,0,0,0,0,1,0,1,0,1,0,1,0,1,0,0,1,1,0,1,0,1,0,1,0,1,1,,,,,p2n,n2p,n2p,n2p,n2p,Life.BearStart,Life.BullEnd,Life.BearStart,Life.BullEnd,Life.BearStart,,
2018-10-30,0.60869,,,,,0.64192,0.62677,0.56949,0.50054,0.6244,0.64218,-0.01779,-0.00479,-0.013,,,39.81,-0.59,0.35,-6.36,2.64,-12.87,6.47,-4.76,18.0,4.0,4.0,9.0,7.0,23.0,16.0,12.0,0.003,0.0,0.00493,-0.01114,0.44231,30.66667,,,4.47667,14.54545,12.79461,,,16.84685,17.41469,,,1.2623,0.7243,1.4138,0.1515,-0.538,0.6895,0,0,0,,,,,0.15,,,,0.693,0.694,0.0,0.608,0.653,0.0,2018-10-01,2018-08-29,1999-01-01,2018-10-29,2018-09-14,1999-01-01,0.636,0.678,0.684,0.564,0.63,0.666,2018-10-24,2018-10-18,2018-10-12,2018-10-29,2018-10-23,2018-10-16,2238667,6562167,3098833,-17.23,18.84,4.54,0.028,0.075,0.057,0.019,0.055,100.0,0.0276,0.06325,0.04744,0.03143,0.05024,100.0,19.091,68.519,74.074,16.306,11.364,15.253,33.333,59.091,60.87,11.111,27.778,50.0,38.889,42.424,60.0,26.19,37.143,38.71,2018-10-01,2018-08-29,2018-08-17,2018-09-24,2018-08-21,1999-01-01,2018-10-26,2018-10-16,2018-10-01,2018-10-29,2018-10-23,2018-10-08,2018-10-24,2018-10-18,2018-10-12,2018-10-26,2018-10-23,2018-10-16,2018-10-25,2018-10-18,2018-10-12,2018-10-29,2018-10-23,2018-10-16,0,0,0,0,1,0,1,0,1,0,1,0,1,0,0,1,1,0,1,0,1,0,1,0,1,1,,,,,p2n,n2p,n2p,n2p,n2p,Life.BearStart,Life.BullEnd,Life.BearStart,Life.BullEnd,Life.BearStart,,
2018-10-31,0.61422,,,,0.606,0.63915,0.62595,0.57022,0.50159,0.62157,0.6395,-0.01794,-0.00742,-0.01052,,,38.55,-0.59,0.35,-6.36,2.64,-12.87,6.47,-4.76,17.0,4.0,4.0,9.0,7.0,23.0,16.0,12.0,0.039,0.0,0.00771,-0.00986,0.78261,43.90244,,43.902,17.71244,38.18182,21.81818,,38.182,36.09416,23.08244,,,1.2436,0.6893,1.3756,0.132,-0.5543,0.6863,0,0,0,,,,,0.15,,,,0.693,0.694,0.0,0.608,0.653,0.0,2018-10-01,2018-08-29,1999-01-01,2018-10-29,2018-09-14,1999-01-01,0.606,0.636,0.678,0.564,0.63,0.666,2018-10-31,2018-10-24,2018-10-18,2018-10-29,2018-10-23,2018-10-16,6562167,3098833,4914000,18.84,4.54,22.48,0.028,0.075,0.057,0.019,0.055,100.0,0.0276,0.06325,0.04744,0.03143,0.05024,100.0,19.091,68.519,74.074,16.306,11.364,15.253,38.182,33.333,59.091,11.111,27.778,50.0,43.902,38.889,42.424,26.19,37.143,38.71,2018-10-01,2018-08-29,2018-08-17,2018-09-24,2018-08-21,1999-01-01,2018-10-26,2018-10-16,2018-10-01,2018-10-29,2018-10-23,2018-10-08,2018-10-31,2018-10-24,2018-10-18,2018-10-26,2018-10-23,2018-10-16,2018-10-31,2018-10-25,2018-10-18,2018-10-29,2018-10-23,2018-10-16,0,0,0,0,1,0,1,0,1,0,1,0,1,0,0,1,0,0,1,0,0,1,1,0,1,1,,,,,p2n,n2p,n2p,n2p,n2p,Life.BearStart,Life.BullEnd,Life.BearStart,Life.BullEnd,Life.BearStart,,
2018-11-01,0.62498,,,0.594,,0.63568,0.6247,0.57069,0.50251,0.61733,0.63613,-0.01881,-0.0097,-0.00911,-0.019,,36.17,-0.59,0.35,-6.36,2.64,-12.87,6.47,-4.76,16.0,4.0,4.0,9.0,7.0,23.0,16.0,12.0,-0.0,-0.012,0.00429,-0.01071,0.4,28.57143,28.571,,-15.33057,30.90909,27.87879,30.909,,48.06742,33.66948,,,1.2219,0.6499,1.3317,0.1098,-0.572,0.6818,0,0,0,,,,,0.15,,,,0.693,0.694,0.0,0.608,0.653,0.0,2018-10-01,2018-08-29,1999-01-01,2018-10-29,2018-09-14,1999-01-01,0.606,0.636,0.678,0.594,0.564,0.63,2018-10-31,2018-10-24,2018-10-18,2018-11-01,2018-10-29,2018-10-23,3098833,4914000,7180501,4.54,22.48,4.24,0.028,0.075,0.057,-0.019,0.019,0.055,0.0276,0.06325,0.04744,-0.0097,0.03143,0.05024,19.091,68.519,74.074,16.306,11.364,15.253,38.182,33.333,59.091,30.909,11.111,27.778,43.902,38.889,42.424,28.571,26.19,37.143,2018-10-01,2018-08-29,2018-08-17,2018-11-01,2018-09-24,2018-08-21,2018-10-26,2018-10-16,2018-10-01,2018-10-29,2018-10-23,2018-10-08,2018-10-31,2018-10-24,2018-10-18,2018-11-01,2018-10-26,2018-10-23,2018-10-31,2018-10-25,2018-10-18,2018-11-01,2018-10-29,2018-10-23,0,0,0,0,1,0,0,0,1,0,1,0,1,0,0,1,0,0,0,1,0,1,0,0,1,0,,,,,p2n,n2p,n2p,n2p,n2p,Life.BearStart,Life.BullEnd,Life.BearStart,Life.BullEnd,Life.BearStart,,
2018-11-02,0.64009,,,,,0.63478,0.62467,0.57174,0.50371,0.61835,0.63523,-0.01688,-0.01113,-0.00575,,,32.95,-0.59,0.35,-6.36,2.64,-12.87,6.47,-4.76,15.0,4.0,4.0,9.0,7.0,23.0,16.0,12.0,0.03,0.0,0.00643,-0.00986,0.65217,39.47368,,,10.90268,55.10204,41.39765,,,71.8947,52.01876,,,1.2096,0.6304,1.3107,0.1011,-0.5792,0.6803,0,0,0,,,,,0.15,,,,0.693,0.694,0.0,0.608,0.653,0.0,2018-10-01,2018-08-29,1999-01-01,2018-10-29,2018-09-14,1999-01-01,0.606,0.636,0.678,0.594,0.564,0.63,2018-10-31,2018-10-24,2018-10-18,2018-11-01,2018-10-29,2018-10-23,4914000,7180501,6792001,22.48,4.24,24.31,0.028,0.075,0.057,-0.019,0.019,0.055,0.0276,0.06325,0.04744,-0.0097,0.03143,0.05024,19.091,68.519,74.074,16.306,11.364,15.253,38.182,33.333,59.091,30.909,11.111,27.778,43.902,38.889,42.424,28.571,26.19,37.143,2018-10-01,2018-08-29,2018-08-17,2018-11-01,2018-09-24,2018-08-21,2018-10-26,2018-10-16,2018-10-01,2018-10-29,2018-10-23,2018-10-08,2018-10-31,2018-10-24,2018-10-18,2018-11-01,2018-10-26,2018-10-23,2018-10-31,2018-10-25,2018-10-18,2018-11-01,2018-10-29,2018-10-23,0,0,0,0,1,0,0,0,1,0,1,0,1,0,0,1,0,0,0,1,0,1,0,0,1,0,,,,,p2n,n2p,n2p,n2p,n2p,Life.BearStart,Life.BullEnd,Life.BearStart,Life.BullEnd,Life.BearStart,,
2018-11-05,0.65836,,,,,0.63395,0.62464,0.57278,0.50491,0.61922,0.6344,-0.01518,-0.01194,-0.00324,,,29.26,-0.59,0.35,-6.36,2.64,-12.87,6.47,-4.76,14.0,4.0,4.0,9.0,7.0,23.0,16.0,12.0,0.0,0.0,0.00643,-0.00943,0.68182,40.54054,,,11.96954,55.10204,47.03772,,,77.88548,65.9492,,,1.1973,0.6117,1.2904,0.0931,-0.5856,0.6787,0,0,0,,,,,0.15,,,,0.693,0.694,0.0,0.608,0.653,0.0,2018-10-01,2018-08-29,1999-01-01,2018-10-29,2018-09-14,1999-01-01,0.606,0.636,0.678,0.594,0.564,0.63,2018-10-31,2018-10-24,2018-10-18,2018-11-01,2018-10-29,2018-10-23,7180501,6792001,2671000,4.24,24.31,-11.88,0.028,0.075,0.057,-0.019,0.019,0.055,0.0276,0.06325,0.04744,-0.0097,0.03143,0.05024,19.091,68.519,74.074,16.306,11.364,15.253,38.182,33.333,59.091,30.909,11.111,27.778,43.902,38.889,42.424,28.571,26.19,37.143,2018-10-01,2018-08-29,2018-08-17,2018-11-01,2018-09-24,2018-08-21,2018-10-26,2018-10-16,2018-10-01,2018-10-29,2018-10-23,2018-10-08,2018-10-31,2018-10-24,2018-10-18,2018-11-01,2018-10-26,2018-10-23,2018-10-31,2018-10-25,2018-10-18,2018-11-01,2018-10-29,2018-10-23,0,0,0,0,1,0,0,0,1,0,1,0,1,0,0,1,0,0,0,1,0,1,0,0,1,0,,,,,p2n,n2p,n2p,n2p,n2p,Life.BearStart,Life.BullEnd,Life.BearStart,Life.BullEnd,Life.BearStart,,
2018-11-07,0.67864,,,,,0.63503,0.62556,0.57427,0.50634,0.62365,0.63541,-0.01176,-0.01191,0.00015,,,25.4,-0.59,0.35,-6.36,2.64,-12.87,6.47,-4.76,12.0,4.0,4.0,9.0,7.0,23.0,16.0,12.0,0.024,0.0,0.00729,-0.00943,0.77273,43.58974,,,15.01874,74.46809,61.55739,,,92.93924,80.90647,,,1.1922,0.6076,1.2869,0.0947,-0.5846,0.6793,0,0,0,,,,,0.15,,,,0.693,0.694,0.0,0.608,0.653,0.0,2018-10-01,2018-08-29,1999-01-01,2018-10-29,2018-09-14,1999-01-01,0.606,0.636,0.678,0.594,0.564,0.63,2018-10-31,2018-10-24,2018-10-18,2018-11-01,2018-10-29,2018-10-23,6792001,2671000,4120000,24.31,-11.88,-18.39,0.028,0.075,0.057,-0.019,0.019,0.055,0.0276,0.06325,0.04744,-0.0097,0.03143,0.05024,19.091,68.519,74.074,16.306,11.364,15.253,38.182,33.333,59.091,30.909,11.111,27.778,43.902,38.889,42.424,28.571,26.19,37.143,2018-10-01,2018-08-29,2018-08-17,2018-11-01,2018-09-24,2018-08-21,2018-10-26,2018-10-16,2018-10-01,2018-10-29,2018-10-23,2018-10-08,2018-10-31,2018-10-24,2018-10-18,2018-11-01,2018-10-26,2018-10-23,2018-10-31,2018-10-25,2018-10-18,2018-11-01,2018-10-29,2018-10-23,0,0,0,0,1,0,0,0,1,0,1,0,1,0,0,1,0,0,0,1,0,1,0,0,1,0,,,,,p2n,n2p,n2p,n2p,n2p,Life.BearStart,Life.BullEnd,Life.BearStart,Life.BullEnd,Life.BearStart,,
2018-11-08,0.70008,,,,,0.64388,0.63044,0.57775,0.50876,0.64309,0.6439,-0.00081,-0.00969,0.00888,,,21.56,-0.59,0.35,-6.36,2.64,-12.87,6.47,-4.76,11.0,4.0,4.0,9.0,7.0,23.0,16.0,12.0,0.102,0.0,0.01457,-0.00943,1.54545,60.71429,,,32.14329,100.0,76.52338,,100.0,95.2381,88.68761,,95.238,1.2168,0.6613,1.3512,0.1344,-0.5555,0.6899,1,1,1,,0.15,,,,,,,0.693,0.694,0.0,0.608,0.653,0.0,2018-10-01,2018-08-29,1999-01-01,2018-10-29,2018-09-14,1999-01-01,0.606,0.636,0.678,0.594,0.564,0.63,2018-10-31,2018-10-24,2018-10-18,2018-11-01,2018-10-29,2018-10-23,2671000,4120000,28550005,-11.88,-18.39,160.19,0.028,0.075,0.057,-0.019,0.019,0.055,0.0276,0.06325,0.04744,-0.0097,0.03143,0.05024,95.238,19.091,68.519,16.306,11.364,15.253,100.0,38.182,33.333,30.909,11.111,27.778,43.902,38.889,42.424,28.571,26.19,37.143,2018-10-01,2018-08-29,2018-08-17,2018-11-01,2018-09-24,2018-08-21,2018-11-08,2018-10-26,2018-10-16,2018-10-29,2018-10-23,2018-10-08,2018-11-08,2018-10-31,2018-10-24,2018-11-01,2018-10-26,2018-10-23,2018-10-31,2018-10-25,2018-10-18,2018-11-01,2018-10-29,2018-10-23,0,0,0,0,1,0,0,0,1,0,1,0,0,1,0,1,0,1,0,1,0,1,0,0,1,0,28550005.0,,,,n2p,n2p,n2p,n2p,n2p,Life.BullEnd,Life.BearStart,Life.BullEnd,Life.BearStart,Life.Bull,,
2018-11-09,0.72221,,,,0.768,0.65343,0.63583,0.58152,0.51134,0.6623,0.65309,0.00921,-0.00591,0.01512,,,17.83,-0.59,0.35,-6.36,2.64,-12.87,6.47,-4.76,10.0,4.0,4.0,9.0,7.0,23.0,16.0,12.0,0.018,0.0,0.01586,-0.009,1.7619,63.7931,,,35.2221,88.23529,87.56779,,,94.94949,94.37561,,,1.2449,0.7191,1.4209,0.176,-0.5258,0.7018,1,1,1,,0.15,,,,,,,0.693,0.694,0.0,0.608,0.653,0.0,2018-10-01,2018-08-29,1999-01-01,2018-10-29,2018-09-14,1999-01-01,0.768,0.606,0.636,0.594,0.564,0.63,2018-11-09,2018-10-31,2018-10-24,2018-11-01,2018-10-29,2018-10-23,4120000,28550005,29432339,-18.39,160.19,75.72,0.028,0.075,0.057,-0.019,0.019,0.055,0.0276,0.06325,0.04744,-0.0097,0.03143,0.05024,95.238,19.091,68.519,16.306,11.364,15.253,100.0,38.182,33.333,30.909,11.111,27.778,43.902,38.889,42.424,28.571,26.19,37.143,2018-10-01,2018-08-29,2018-08-17,2018-11-01,2018-09-24,2018-08-21,2018-11-08,2018-10-26,2018-10-16,2018-10-29,2018-10-23,2018-10-08,2018-11-08,2018-10-31,2018-10-24,2018-11-01,2018-10-26,2018-10-23,2018-10-31,2018-10-25,2018-10-18,2018-11-01,2018-10-29,2018-10-23,0,0,0,0,0,1,0,0,1,0,1,0,0,1,0,1,0,1,0,1,0,1,0,0,1,0,,,,,n2p,n2p,n2p,n2p,n2p,Life.BullEnd,Life.BearStart,Life.BullEnd,Life.BearStart,Life.Bull,,
2018-11-12,0.74484,,,,,0.66178,0.64078,0.58509,0.51383,0.67764,0.66116,0.01648,-0.00143,0.01791,,,14.25,-0.59,0.35,-6.36,2.64,-12.87,6.47,-4.76,9.0,4.0,4.0,9.0,7.0,23.0,16.0,12.0,-0.0,-0.006,0.01586,-0.00814,1.94737,66.07143,,,37.50043,85.88235,91.37255,,,88.49788,92.89516,,,1.2695,0.7669,1.4795,0.21,-0.5026,0.7126,1,1,1,,0.15,,,,,,,0.693,0.694,0.0,0.608,0.653,0.0,2018-10-01,2018-08-29,1999-01-01,2018-10-29,2018-09-14,1999-01-01,0.768,0.606,0.636,0.594,0.564,0.63,2018-11-09,2018-10-31,2018-10-24,2018-11-01,2018-10-29,2018-10-23,28550005,29432339,11405502,160.19,75.72,11.73,0.028,0.075,0.057,-0.019,0.019,0.055,0.0276,0.06325,0.04744,-0.0097,0.03143,0.05024,95.238,19.091,68.519,16.306,11.364,15.253,100.0,38.182,33.333,30.909,11.111,27.778,43.902,38.889,42.424,28.571,26.19,37.143,2018-10-01,2018-08-29,2018-08-17,2018-11-01,2018-09-24,2018-08-21,2018-11-08,2018-10-26,2018-10-16,2018-10-29,2018-10-23,2018-10-08,2018-11-08,2018-10-31,2018-10-24,2018-11-01,2018-10-26,2018-10-23,2018-10-31,2018-10-25,2018-10-18,2018-11-01,2018-10-29,2018-10-23,0,0,0,0,0,1,0,0,1,0,1,0,0,1,0,1,0,1,0,1,0,1,0,0,1,0,,,,,n2p,n2p,n2p,n2p,n2p,Life.BullEnd,Life.BearStart,Life.BullEnd,Life.BearStart,Life.Bull,,
2018-11-13,0.76755,,,,,0.66903,0.6453,0.58847,0.51624,0.6897,0.66818,0.02151,0.00316,0.01835,,,10.87,-0.59,0.35,-6.36,2.64,-12.87,6.47,-4.76,8.0,4.0,4.0,9.0,7.0,23.0,16.0,12.0,-0.0,-0.006,0.01586,-0.00686,2.3125,69.81132,,69.811,41.24032,83.52941,85.88235,,,80.45191,87.96643,,,1.2906,0.8056,1.5279,0.2373,-0.485,0.7223,1,1,1,,0.15,,,,,,,0.693,0.694,0.0,0.608,0.653,0.0,2018-10-01,2018-08-29,1999-01-01,2018-10-29,2018-09-14,1999-01-01,0.768,0.606,0.636,0.594,0.564,0.63,2018-11-09,2018-10-31,2018-10-24,2018-11-01,2018-10-29,2018-10-23,29432339,11405502,7918501,75.72,11.73,-29.73,0.028,0.075,0.057,-0.019,0.019,0.055,0.0276,0.06325,0.04744,-0.0097,0.03143,0.05024,95.238,19.091,68.519,16.306,11.364,15.253,100.0,38.182,33.333,30.909,11.111,27.778,69.811,43.902,38.889,28.571,26.19,37.143,2018-10-01,2018-08-29,2018-08-17,2018-11-01,2018-09-24,2018-08-21,2018-11-08,2018-10-26,2018-10-16,2018-10-29,2018-10-23,2018-10-08,2018-11-08,2018-10-31,2018-10-24,2018-11-01,2018-10-26,2018-10-23,2018-11-13,2018-10-31,2018-10-25,2018-11-01,2018-10-29,2018-10-23,0,0,0,0,0,1,0,0,1,0,1,0,0,1,0,1,0,1,0,1,0,1,0,0,1,0,,,-7918501.0,,n2p,n2p,n2p,n2p,p2n,Life.BullEnd,Life.BearStart,Life.BullEnd,Life.BearStart,Life.Bull,,
2018-11-14,0.78933,,,0.732,,0.67387,0.6487,0.59132,0.51839,0.69621,0.67291,0.0233,0.00719,0.01611,,,7.81,-0.59,0.35,-6.36,2.64,-12.87,6.47,-4.76,7.0,4.0,4.0,9.0,7.0,23.0,16.0,12.0,-0.0,-0.024,0.01543,-0.00857,1.8,64.28571,64.286,,-5.52529,74.11765,81.17647,74.118,,68.83574,79.26184,,,1.3031,0.8255,1.5548,0.2517,-0.4776,0.7293,1,1,1,,0.15,,,,,,,0.693,0.694,0.0,0.608,0.653,0.0,2018-10-01,2018-08-29,1999-01-01,2018-10-29,2018-09-14,1999-01-01,0.768,0.606,0.636,0.732,0.594,0.564,2018-11-09,2018-10-31,2018-10-24,2018-11-14,2018-11-01,2018-10-29,11405502,7918501,2645000,11.73,-29.73,-54.94,0.028,0.075,0.057,-0.019,0.019,0.055,0.0276,0.06325,0.04744,-0.0097,0.03143,0.05024,95.238,19.091,68.519,16.306,11.364,15.253,100.0,38.182,33.333,74.118,30.909,11.111,69.811,43.902,38.889,64.286,28.571,26.19,2018-10-01,2018-08-29,2018-08-17,2018-11-01,2018-09-24,2018-08-21,2018-11-08,2018-10-26,2018-10-16,2018-10-29,2018-10-23,2018-10-08,2018-11-08,2018-10-31,2018-10-24,2018-11-14,2018-11-01,2018-10-26,2018-11-13,2018-10-31,2018-10-25,2018-11-14,2018-11-01,2018-10-29,0,0,0,0,0,1,0,1,1,0,1,0,0,1,0,1,0,1,0,1,0,1,0,1,1,0,,,,,n2p,n2p,n2p,n2p,p2n,Life.BullEnd,Life.BearStart,Life.BullEnd,Life.BearStart,Life.Bull,,
2018-11-15,0.80883,,,,,0.68203,0.65385,0.59505,0.52099,0.7091,0.68084,0.02825,0.0114,0.01685,,,5.21,-0.59,0.35,-6.36,2.64,-12.87,6.47,-4.76,6.0,4.0,4.0,9.0,7.0,23.0,16.0,12.0,0.048,0.0,0.01886,-0.00771,2.44444,70.96774,,,6.68174,90.8046,82.81722,,,65.03095,71.43953,65.031,,1.3286,0.8698,1.6104,0.2818,-0.4588,0.7406,1,1,1,,0.15,,,,,,,0.693,0.694,0.0,0.608,0.653,0.0,2018-10-01,2018-08-29,1999-01-01,2018-10-29,2018-09-14,1999-01-01,0.768,0.606,0.636,0.732,0.594,0.564,2018-11-09,2018-10-31,2018-10-24,2018-11-14,2018-11-01,2018-10-29,7918501,2645000,22334004,-29.73,-54.94,49.75,0.028,0.075,0.057,-0.019,0.019,0.055,0.0276,0.06325,0.04744,-0.0097,0.03143,0.05024,95.238,19.091,68.519,65.031,16.306,11.364,100.0,38.182,33.333,74.118,30.909,11.111,69.811,43.902,38.889,64.286,28.571,26.19,2018-10-01,2018-08-29,2018-08-17,2018-11-01,2018-09-24,2018-08-21,2018-11-08,2018-10-26,2018-10-16,2018-11-15,2018-10-29,2018-10-23,2018-11-08,2018-10-31,2018-10-24,2018-11-14,2018-11-01,2018-10-26,2018-11-13,2018-10-31,2018-10-25,2018-11-14,2018-11-01,2018-10-29,0,0,0,0,0,1,0,1,1,0,1,0,0,1,0,1,0,1,0,1,0,1,0,1,1,0,22334004.0,,,,n2p,n2p,n2p,p2n,n2p,Life.BullEnd,Life.BearStart,Life.BullEnd,Life.BearStart,Life.Bull,,
2018-11-16,0.82497,,,,,0.69372,0.66091,0.59978,0.52411,0.72831,0.69219,0.03612,0.01635,0.01978,,,3.15,-0.59,0.35,-6.36,2.64,-12.87,6.47,-4.76,5.0,4.0,4.0,9.0,7.0,23.0,16.0,12.0,0.054,0.0,0.02271,-0.00686,3.3125,76.81159,,,12.52559,94.17476,86.36567,,,68.31502,67.3939,,,1.368,0.9394,1.6961,0.3281,-0.4286,0.7567,1,1,1,,0.15,,,,,,,0.693,0.694,0.0,0.608,0.653,0.0,2018-10-01,2018-08-29,1999-01-01,2018-10-29,2018-09-14,1999-01-01,0.768,0.606,0.636,0.732,0.594,0.564,2018-11-09,2018-10-31,2018-10-24,2018-11-14,2018-11-01,2018-10-29,2645000,22334004,22099504,-54.94,49.75,43.11,0.028,0.075,0.057,-0.019,0.019,0.055,0.0276,0.06325,0.04744,-0.0097,0.03143,0.05024,95.238,19.091,68.519,65.031,16.306,11.364,100.0,38.182,33.333,74.118,30.909,11.111,69.811,43.902,38.889,64.286,28.571,26.19,2018-10-01,2018-08-29,2018-08-17,2018-11-01,2018-09-24,2018-08-21,2018-11-08,2018-10-26,2018-10-16,2018-11-15,2018-10-29,2018-10-23,2018-11-08,2018-10-31,2018-10-24,2018-11-14,2018-11-01,2018-10-26,2018-11-13,2018-10-31,2018-10-25,2018-11-14,2018-11-01,2018-10-29,0,0,0,0,0,1,0,1,1,0,1,0,0,1,0,1,0,1,0,1,0,1,0,1,1,0,,,,,n2p,n2p,n2p,p2n,n2p,Life.BullEnd,Life.BearStart,Life.BullEnd,Life.BearStart,Life.Bull,,
2018-11-19,0.83715,,,,,0.70913,0.67006,0.60561,0.52779,0.7538,0.70714,0.04667,0.02241,0.02426,,,1.65,-0.59,0.35,-6.36,2.64,-12.87,6.47,-4.76,4.0,4.0,4.0,9.0,7.0,23.0,16.0,12.0,0.06,0.0,0.027,-0.00343,7.875,88.73239,,,24.44639,98.27586,94.41841,,98.276,83.83226,72.39274,,,1.4227,1.0352,1.8134,0.3907,-0.3875,0.7782,1,1,1,,0.15,,,,,,,0.693,0.694,0.0,0.608,0.653,0.0,2018-10-01,2018-08-29,1999-01-01,2018-10-29,2018-09-14,1999-01-01,0.768,0.606,0.636,0.732,0.594,0.564,2018-11-09,2018-10-31,2018-10-24,2018-11-14,2018-11-01,2018-10-29,22334004,22099504,21944171,49.75,43.11,40.99,0.028,0.075,0.057,-0.019,0.019,0.055,0.0276,0.06325,0.04744,-0.0097,0.03143,0.05024,95.238,19.091,68.519,65.031,16.306,11.364,98.276,100.0,38.182,74.118,30.909,11.111,69.811,43.902,38.889,64.286,28.571,26.19,2018-10-01,2018-08-29,2018-08-17,2018-11-01,2018-09-24,2018-08-21,2018-11-08,2018-10-26,2018-10-16,2018-11-15,2018-10-29,2018-10-23,2018-11-19,2018-11-08,2018-10-31,2018-11-14,2018-11-01,2018-10-26,2018-11-13,2018-10-31,2018-10-25,2018-11-14,2018-11-01,2018-10-29,0,0,0,0,0,1,0,1,1,0,1,0,0,1,0,1,0,0,0,1,0,1,0,1,1,0,,,,,n2p,n2p,n2p,p2n,n2p,Life.BullEnd,Life.BearStart,Life.BullEnd,Life.BearStart,Life.Bull,,
2018-11-21,0.84522,,,,0.93,0.72612,0.68025,0.61203,0.53179,0.78091,0.72365,0.05727,0.02938,0.02788,,,0.68,-0.59,0.35,-6.36,2.64,-12.87,6.47,-4.76,2.0,4.0,4.0,9.0,7.0,23.0,16.0,12.0,0.036,0.0,0.02936,-0.00343,8.5625,89.54248,,89.542,25.25648,96.72131,96.39064,,,92.18391,81.44373,,,1.4846,1.1409,1.9433,0.4587,-0.3437,0.8024,1,1,1,,0.15,,,,,,,0.693,0.694,0.0,0.608,0.653,0.0,2018-10-01,2018-08-29,1999-01-01,2018-10-29,2018-09-14,1999-01-01,0.93,0.768,0.606,0.732,0.594,0.564,2018-11-21,2018-11-09,2018-10-31,2018-11-14,2018-11-01,2018-10-29,22099504,21944171,21283837,43.11,40.99,-1.58,0.028,0.075,0.057,-0.019,0.019,0.055,0.0276,0.06325,0.04744,-0.0097,0.03143,0.05024,95.238,19.091,68.519,65.031,16.306,11.364,98.276,100.0,38.182,74.118,30.909,11.111,89.542,69.811,43.902,64.286,28.571,26.19,2018-10-01,2018-08-29,2018-08-17,2018-11-01,2018-09-24,2018-08-21,2018-11-08,2018-10-26,2018-10-16,2018-11-15,2018-10-29,2018-10-23,2018-11-19,2018-11-08,2018-10-31,2018-11-14,2018-11-01,2018-10-26,2018-11-21,2018-11-13,2018-10-31,2018-11-14,2018-11-01,2018-10-29,0,0,0,0,0,1,0,1,1,0,1,0,0,1,0,1,0,0,0,1,0,1,0,1,1,0,,,21283837.0,,n2p,n2p,p2n,n2p,p2n,Life.BullEnd,Life.BearStart,Life.BullEnd,Life.BearStart,Life.Bull,,
2018-11-22,0.84953,,,,,0.74042,0.68934,0.61797,0.53557,0.80108,0.7376,0.06348,0.0362,0.02728,,,0.17,-0.59,0.35,-6.36,2.64,-12.87,6.47,-4.76,1.0,4.0,4.0,9.0,7.0,23.0,16.0,12.0,-0.0,-0.018,0.02657,-0.00471,5.63636,84.93151,,,-4.61049,91.52542,95.50753,,,92.18391,89.40003,,92.184,1.5377,1.2245,2.0485,0.5108,-0.3132,0.824,1,1,1,,0.15,,,,,,,0.693,0.694,0.0,0.608,0.653,0.0,2018-10-01,2018-08-29,1999-01-01,2018-10-29,2018-09-14,1999-01-01,0.93,0.768,0.606,0.732,0.594,0.564,2018-11-21,2018-11-09,2018-10-31,2018-11-14,2018-11-01,2018-10-29,21944171,21283837,7871334,40.99,-1.58,-21.78,0.028,0.075,0.057,-0.019,0.019,0.055,0.0276,0.06325,0.04744,-0.0097,0.03143,0.05024,92.184,95.238,19.091,65.031,16.306,11.364,98.276,100.0,38.182,74.118,30.909,11.111,89.542,69.811,43.902,64.286,28.571,26.19,2018-10-01,2018-08-29,2018-08-17,2018-11-01,2018-09-24,2018-08-21,2018-11-22,2018-11-08,2018-10-26,2018-11-15,2018-10-29,2018-10-23,2018-11-19,2018-11-08,2018-10-31,2018-11-14,2018-11-01,2018-10-26,2018-11-21,2018-11-13,2018-10-31,2018-11-14,2018-11-01,2018-10-29,0,0,0,0,0,1,0,1,1,0,1,0,0,0,0,1,0,0,0,1,0,1,0,1,1,0,,,,,n2p,n2p,p2n,n2p,p2n,Life.BullEnd,Life.BearStart,Life.BullEnd,Life.BearStart,Life.Bull,,
2018-11-23,0.85071,,0.851,,,0.74946,0.69595,0.62273,0.53878,0.80984,0.74652,0.06332,0.04162,0.02169,,0.063,-0.55,0.35,-6.36,2.64,-12.87,6.47,-4.76,3.33,4.0,4.0,9.0,7.0,23.0,16.0,12.0,8.0,-0.0,-0.054,0.02657,-0.00771,3.44444,77.5,,,-12.042,75.4386,87.89511,,,77.24138,87.20307,,,1.5717,1.2673,2.1068,0.5351,-0.3044,0.8395,1,1,1,,0.15,,,,,,,0.851,0.693,0.694,0.608,0.653,0.0,2018-11-23,2018-10-01,2018-08-29,2018-10-29,2018-09-14,1999-01-01,0.93,0.768,0.606,0.732,0.594,0.564,2018-11-21,2018-11-09,2018-10-31,2018-11-14,2018-11-01,2018-10-29,21283837,7871334,15984503,-1.58,-21.78,-11.66,0.063,0.028,0.075,-0.019,0.019,0.055,0.04162,0.0276,0.06325,-0.0097,0.03143,0.05024,92.184,95.238,19.091,65.031,16.306,11.364,98.276,100.0,38.182,74.118,30.909,11.111,89.542,69.811,43.902,64.286,28.571,26.19,2018-11-23,2018-10-01,2018-08-29,2018-11-01,2018-09-24,2018-08-21,2018-11-22,2018-11-08,2018-10-26,2018-11-15,2018-10-29,2018-10-23,2018-11-19,2018-11-08,2018-10-31,2018-11-14,2018-11-01,2018-10-26,2018-11-21,2018-11-13,2018-10-31,2018-11-14,2018-11-01,2018-10-29,0,1,0,0,0,1,0,1,0,0,1,0,0,0,0,1,0,0,0,1,0,1,0,1,1,0,,,,,n2p,n2p,p2n,n2p,p2n,Life.BullEnd,Life.BearStart,Life.BullEnd,Life.BearStart,Life.Bull,,
2018-11-26,0.84971,,,,,0.7555,0.70113,0.62679,0.54166,0.81263,0.75255,0.06008,0.04531,0.01476,,,-0.44,0.35,-6.36,2.64,-12.87,6.47,-4.76,3.33,3.0,4.0,9.0,7.0,23.0,16.0,12.0,8.0,-0.0,-0.03,0.02443,-0.00986,2.47826,71.25,,,-18.292,65.45455,77.47286,,,48.98741,72.80423,,,1.5947,1.2871,2.1384,0.5437,-0.3076,0.8513,1,1,1,,0.15,,,,,,,0.851,0.693,0.694,0.608,0.653,0.0,2018-11-23,2018-10-01,2018-08-29,2018-10-29,2018-09-14,1999-01-01,0.93,0.768,0.606,0.732,0.594,0.564,2018-11-21,2018-11-09,2018-10-31,2018-11-14,2018-11-01,2018-10-29,7871334,15984503,6682168,-21.78,-11.66,-32.35,0.063,0.028,0.075,-0.019,0.019,0.055,0.04162,0.0276,0.06325,-0.0097,0.03143,0.05024,92.184,95.238,19.091,65.031,16.306,11.364,98.276,100.0,38.182,74.118,30.909,11.111,89.542,69.811,43.902,64.286,28.571,26.19,2018-11-23,2018-10-01,2018-08-29,2018-11-01,2018-09-24,2018-08-21,2018-11-22,2018-11-08,2018-10-26,2018-11-15,2018-10-29,2018-10-23,2018-11-19,2018-11-08,2018-10-31,2018-11-14,2018-11-01,2018-10-26,2018-11-21,2018-11-13,2018-10-31,2018-11-14,2018-11-01,2018-10-29,0,1,0,0,0,1,0,1,0,0,1,0,0,0,0,1,0,0,0,1,0,1,0,1,1,0,,,,,n2p,n2p,p2n,n2p,p2n,Life.BullEnd,Life.BearStart,Life.BullEnd,Life.BearStart,Life.Bull,,
2018-11-27,0.8478,,,0.786,,0.75785,0.70446,0.62994,0.54409,0.80853,0.75503,0.0535,0.04695,0.00655,,,-0.21,0.35,-6.36,2.64,-12.87,6.47,-4.76,3.33,2.0,4.0,9.0,7.0,23.0,16.0,12.0,8.0,-0.0,-0.042,0.02443,-0.01286,1.9,65.51724,65.517,,-24.02476,50.9434,63.94551,50.943,,21.65055,49.29311,,,1.6037,1.2791,2.1376,0.5339,-0.3246,0.8585,1,1,1,,0.15,,,,,,,0.851,0.693,0.694,0.608,0.653,0.0,2018-11-23,2018-10-01,2018-08-29,2018-10-29,2018-09-14,1999-01-01,0.93,0.768,0.606,0.786,0.732,0.594,2018-11-21,2018-11-09,2018-10-31,2018-11-27,2018-11-14,2018-11-01,15984503,6682168,8357668,-11.66,-32.35,1.59,0.063,0.028,0.075,-0.019,0.019,0.055,0.04162,0.0276,0.06325,-0.0097,0.03143,0.05024,92.184,95.238,19.091,65.031,16.306,11.364,98.276,100.0,38.182,50.943,74.118,30.909,89.542,69.811,43.902,65.517,64.286,28.571,2018-11-23,2018-10-01,2018-08-29,2018-11-01,2018-09-24,2018-08-21,2018-11-22,2018-11-08,2018-10-26,2018-11-15,2018-10-29,2018-10-23,2018-11-19,2018-11-08,2018-10-31,2018-11-27,2018-11-14,2018-11-01,2018-11-21,2018-11-13,2018-10-31,2018-11-27,2018-11-14,2018-11-01,0,1,0,0,0,1,0,1,0,0,1,0,0,0,0,1,0,0,0,0,0,1,0,1,1,0,,,,,n2p,n2p,p2n,n2p,p2n,Life.BullEnd,Life.BearStart,Life.BullEnd,Life.BearStart,Life.Bull,,
2018-11-28,0.84625,,,,0.828,0.76325,0.7093,0.63387,0.54692,0.81153,0.76043,0.05109,0.04778,0.00331,,,-0.03,0.35,-6.36,2.64,-12.87,6.47,-4.76,3.33,1.0,4.0,9.0,7.0,23.0,16.0,12.0,8.0,0.042,0.0,0.02571,-0.01286,2.0,66.66667,,66.667,1.14967,58.69565,58.36453,,58.696,14.28571,28.30789,14.286,,1.6238,1.2938,2.1633,0.5395,-0.33,0.8695,1,1,1,,0.15,,,,,,,0.851,0.693,0.694,0.608,0.653,0.0,2018-11-23,2018-10-01,2018-08-29,2018-10-29,2018-09-14,1999-01-01,0.828,0.93,0.768,0.786,0.732,0.594,2018-11-28,2018-11-21,2018-11-09,2018-11-27,2018-11-14,2018-11-01,6682168,8357668,9852335,-32.35,1.59,-19.77,0.063,0.028,0.075,-0.019,0.019,0.055,0.04162,0.0276,0.06325,-0.0097,0.03143,0.05024,92.184,95.238,19.091,14.286,65.031,16.306,58.696,98.276,100.0,50.943,74.118,30.909,66.667,89.542,69.811,65.517,64.286,28.571,2018-11-23,2018-10-01,2018-08-29,2018-11-01,2018-09-24,2018-08-21,2018-11-22,2018-11-08,2018-10-26,2018-11-28,2018-11-15,2018-10-29,2018-11-28,2018-11-19,2018-11-08,2018-11-27,2018-11-14,2018-11-01,2018-11-28,2018-11-21,2018-11-13,2018-11-27,2018-11-14,2018-11-01,0,1,0,0,0,0,0,1,0,0,1,0,0,0,1,0,1,0,0,0,1,0,0,1,1,0,,,,,n2p,n2p,p2n,n2p,p2n,Life.BullEnd,Life.BearStart,Life.BullEnd,Life.BearStart,Life.Bull,,
2018-11-29,0.84589,0.846,,0.81,,0.76684,0.71325,0.63735,0.54953,0.81129,0.76411,0.04719,0.04766,-0.00048,,,0.37,-6.36,2.64,-12.87,6.47,-4.76,3.33,-1.88,4.0,9.0,7.0,23.0,16.0,12.0,8.0,8.0,-0.0,-0.018,0.01843,-0.01414,1.30303,56.57895,,,-10.08805,38.88889,49.50931,38.889,,19.88304,18.60644,,,1.6372,1.2949,2.1731,0.5359,-0.3423,0.8782,1,1,1,,0.15,,,,,,,0.851,0.693,0.694,0.846,0.608,0.653,2018-11-23,2018-10-01,2018-08-29,2018-11-29,2018-10-29,2018-09-14,0.828,0.93,0.768,0.81,0.786,0.732,2018-11-28,2018-11-21,2018-11-09,2018-11-29,2018-11-27,2018-11-14,8357668,9852335,10184168,1.59,-19.77,14.07,0.063,0.028,0.075,-0.019,0.019,0.055,0.04162,0.0276,0.06325,-0.0097,0.03143,0.05024,92.184,95.238,19.091,14.286,65.031,16.306,58.696,98.276,100.0,38.889,50.943,74.118,66.667,89.542,69.811,65.517,64.286,28.571,2018-11-23,2018-10-01,2018-08-29,2018-11-01,2018-09-24,2018-08-21,2018-11-22,2018-11-08,2018-10-26,2018-11-28,2018-11-15,2018-10-29,2018-11-28,2018-11-19,2018-11-08,2018-11-29,2018-11-27,2018-11-14,2018-11-28,2018-11-21,2018-11-13,2018-11-27,2018-11-14,2018-11-01,0,1,0,1,0,0,0,1,0,0,1,0,0,0,1,0,1,0,1,0,1,0,0,1,1,0,,,,,n2p,n2p,p2n,n2p,p2n,Life.BullEnd,Life.BearStart,Life.BullEnd,Life.BearStart,Life.Bull,,
2018-11-30,0.84683,,,,,0.77109,0.71752,0.64101,0.55224,0.81294,0.76839,0.04455,0.04704,-0.00249,0.045,,0.26,-6.36,2.64,-12.87,6.47,-4.76,3.33,-1.88,3.0,9.0,7.0,23.0,16.0,12.0,8.0,8.0,0.012,0.0,0.018,-0.01414,1.27273,56.0,56.0,,-10.667,44.44444,47.343,,,35.31514,23.1613,,,1.6528,1.3008,2.1885,0.5357,-0.352,0.8877,1,1,1,,0.15,,,,,,,0.851,0.693,0.694,0.846,0.608,0.653,2018-11-23,2018-10-01,2018-08-29,2018-11-29,2018-10-29,2018-09-14,0.828,0.93,0.768,0.81,0.786,0.732,2018-11-28,2018-11-21,2018-11-09,2018-11-29,2018-11-27,2018-11-14,9852335,10184168,3396500,-19.77,14.07,-17.47,0.063,0.028,0.075,0.045,-0.019,0.019,0.04162,0.0276,0.06325,0.04704,-0.0097,0.03143,92.184,95.238,19.091,14.286,65.031,16.306,58.696,98.276,100.0,38.889,50.943,74.118,66.667,89.542,69.811,56.0,65.517,64.286,2018-11-23,2018-10-01,2018-08-29,2018-11-30,2018-11-01,2018-09-24,2018-11-22,2018-11-08,2018-10-26,2018-11-28,2018-11-15,2018-10-29,2018-11-28,2018-11-19,2018-11-08,2018-11-29,2018-11-27,2018-11-14,2018-11-28,2018-11-21,2018-11-13,2018-11-30,2018-11-27,2018-11-14,0,1,0,1,0,0,0,1,0,0,0,1,0,0,1,0,1,0,1,0,1,0,1,0,1,0,,,,,n2p,n2p,p2n,n2p,p2n,Life.BullEnd,Life.BearStart,Life.BullEnd,Life.BearStart,Life.Bull,,
2018-12-03,0.84844,,,,0.906,0.78146,0.72491,0.64626,0.55576,0.82726,0.77859,0.04867,0.04736,0.0013,,,0.07,-6.36,2.64,-12.87,6.47,-4.76,3.33,-1.88,2.0,9.0,7.0,23.0,16.0,12.0,8.0,8.0,0.084,0.0,0.024,-0.01371,1.75,63.63636,,63.636,7.63636,83.33333,55.55556,,83.333,57.25678,37.48499,,,1.6915,1.352,2.257,0.5655,-0.3395,0.905,1,1,1,,0.15,,,,,,,0.851,0.693,0.694,0.846,0.608,0.653,2018-11-23,2018-10-01,2018-08-29,2018-11-29,2018-10-29,2018-09-14,0.906,0.828,0.93,0.81,0.786,0.732,2018-12-03,2018-11-28,2018-11-21,2018-11-29,2018-11-27,2018-11-14,10184168,3396500,20044670,14.07,-17.47,43.5,0.063,0.028,0.075,0.045,-0.019,0.019,0.04162,0.0276,0.06325,0.04704,-0.0097,0.03143,92.184,95.238,19.091,14.286,65.031,16.306,83.333,58.696,98.276,38.889,50.943,74.118,63.636,66.667,89.542,56.0,65.517,64.286,2018-11-23,2018-10-01,2018-08-29,2018-11-30,2018-11-01,2018-09-24,2018-11-22,2018-11-08,2018-10-26,2018-11-28,2018-11-15,2018-10-29,2018-12-03,2018-11-28,2018-11-19,2018-11-29,2018-11-27,2018-11-14,2018-12-03,2018-11-28,2018-11-21,2018-11-30,2018-11-27,2018-11-14,0,1,0,1,0,0,0,1,0,0,0,1,0,0,1,0,0,0,1,0,1,0,1,0,1,0,20044670.0,,,,n2p,p2n,n2p,p2n,n2p,Life.BullEnd,Life.BearStart,Life.BullEnd,Life.BearStart,Life.Bull,,
2018-12-04,0.84948,,,0.882,,0.7892,0.73107,0.65093,0.55901,0.83568,0.78625,0.04943,0.04778,0.00165,,,-0.06,-6.36,2.64,-12.87,6.47,-4.76,3.33,-1.88,1.0,9.0,7.0,23.0,16.0,12.0,8.0,8.0,-0.0,-0.024,0.024,-0.015,1.6,61.53846,61.538,,-2.09754,71.42857,66.40212,71.429,,71.67325,54.74839,,,1.7206,1.3827,2.3019,0.5813,-0.3379,0.9192,1,1,1,,0.15,,,,,,,0.851,0.693,0.694,0.846,0.608,0.653,2018-11-23,2018-10-01,2018-08-29,2018-11-29,2018-10-29,2018-09-14,0.906,0.828,0.93,0.882,0.81,0.786,2018-12-03,2018-11-28,2018-11-21,2018-12-04,2018-11-29,2018-11-27,3396500,20044670,10462168,-17.47,43.5,0.83,0.063,0.028,0.075,0.045,-0.019,0.019,0.04162,0.0276,0.06325,0.04704,-0.0097,0.03143,92.184,95.238,19.091,14.286,65.031,16.306,83.333,58.696,98.276,71.429,38.889,50.943,63.636,66.667,89.542,61.538,56.0,65.517,2018-11-23,2018-10-01,2018-08-29,2018-11-30,2018-11-01,2018-09-24,2018-11-22,2018-11-08,2018-10-26,2018-11-28,2018-11-15,2018-10-29,2018-12-03,2018-11-28,2018-11-19,2018-12-04,2018-11-29,2018-11-27,2018-12-03,2018-11-28,2018-11-21,2018-12-04,2018-11-30,2018-11-27,0,1,0,1,0,0,0,1,0,0,0,1,0,0,1,0,0,0,0,1,1,0,0,0,1,0,,,,,n2p,p2n,n2p,p2n,n2p,Life.BullEnd,Life.BearStart,Life.BullEnd,Life.BearStart,Life.Bull,,
2018-12-05,0.84871,,0.849,,0.888,0.7968,0.73722,0.65562,0.56228,0.84373,0.79379,0.04994,0.04821,0.00173,,0.05,-6.33,2.64,-12.87,6.47,-4.76,3.33,-1.88,9.17,9.0,7.0,23.0,16.0,12.0,8.0,8.0,18.0,0.006,0.0,0.02443,-0.01329,1.83871,64.77273,,64.773,3.23473,74.28571,76.34921,,74.286,79.24901,69.39301,,79.249,1.7494,1.4118,2.3452,0.5958,-0.3376,0.9334,1,1,1,,0.15,,,,,,,0.849,0.851,0.693,0.846,0.608,0.653,2018-12-05,2018-11-23,2018-10-01,2018-11-29,2018-10-29,2018-09-14,0.888,0.906,0.828,0.882,0.81,0.786,2018-12-05,2018-12-03,2018-11-28,2018-12-04,2018-11-29,2018-11-27,20044670,10462168,9193168,43.5,0.83,17.1,0.05,0.063,0.028,0.045,-0.019,0.019,0.04821,0.04162,0.0276,0.04704,-0.0097,0.03143,79.249,92.184,95.238,14.286,65.031,16.306,74.286,83.333,58.696,71.429,38.889,50.943,64.773,63.636,66.667,61.538,56.0,65.517,2018-12-05,2018-11-23,2018-10-01,2018-11-30,2018-11-01,2018-09-24,2018-12-05,2018-11-22,2018-11-08,2018-11-28,2018-11-15,2018-10-29,2018-12-05,2018-12-03,2018-11-28,2018-12-04,2018-11-29,2018-11-27,2018-12-05,2018-12-03,2018-11-28,2018-12-04,2018-11-30,2018-11-27,0,0,0,1,0,0,0,1,0,0,0,1,1,0,1,0,0,0,0,1,0,0,0,0,1,0,,,,,n2p,p2n,n2p,p2n,n2p,Life.BullEnd,Life.BearStart,Life.BullEnd,Life.BearStart,Life.Bull,,
2018-12-06,0.84538,,,,,0.80197,0.74219,0.65975,0.56529,0.84685,0.79899,0.04786,0.04814,-0.00028,,,-5.96,2.64,-12.87,6.47,-4.76,3.33,-1.88,9.17,8.0,7.0,23.0,16.0,12.0,8.0,8.0,18.0,-0.0,-0.024,0.021,-0.015,1.4,58.33333,,,-6.43967,55.17241,66.96223,,,65.61265,72.1783,,,1.769,1.4222,2.3668,0.5978,-0.3468,0.9446,1,1,1,,0.15,,,,,,,0.849,0.851,0.693,0.846,0.608,0.653,2018-12-05,2018-11-23,2018-10-01,2018-11-29,2018-10-29,2018-09-14,0.888,0.906,0.828,0.882,0.81,0.786,2018-12-05,2018-12-03,2018-11-28,2018-12-04,2018-11-29,2018-11-27,10462168,9193168,7017834,0.83,17.1,-32.81,0.05,0.063,0.028,0.045,-0.019,0.019,0.04821,0.04162,0.0276,0.04704,-0.0097,0.03143,79.249,92.184,95.238,14.286,65.031,16.306,74.286,83.333,58.696,71.429,38.889,50.943,64.773,63.636,66.667,61.538,56.0,65.517,2018-12-05,2018-11-23,2018-10-01,2018-11-30,2018-11-01,2018-09-24,2018-12-05,2018-11-22,2018-11-08,2018-11-28,2018-11-15,2018-10-29,2018-12-05,2018-12-03,2018-11-28,2018-12-04,2018-11-29,2018-11-27,2018-12-05,2018-12-03,2018-11-28,2018-12-04,2018-11-30,2018-11-27,0,0,0,1,0,0,0,1,0,0,0,1,1,0,1,0,0,0,0,1,0,0,0,0,1,0,,,-7017834.0,,p2n,n2p,p2n,n2p,p2n,Life.BullEnd,Life.BearStart,Life.BullEnd,Life.BearStart,Life.Bull,,
2018-12-07,0.83927,,,,,0.80397,0.74556,0.66308,0.5679,0.84395,0.80114,0.04281,0.04708,-0.00426,,,-5.27,2.64,-12.87,6.47,-4.76,3.33,-1.88,9.17,7.0,7.0,23.0,16.0,12.0,8.0,8.0,18.0,-0.0,-0.036,0.01714,-0.01757,0.97561,49.38272,,,-15.39028,29.62963,53.02925,,,44.38503,63.08223,,,1.7766,1.4089,2.3607,0.5841,-0.3677,0.9518,1,1,0,,,0.15,,,,,,0.849,0.851,0.693,0.846,0.608,0.653,2018-12-05,2018-11-23,2018-10-01,2018-11-29,2018-10-29,2018-09-14,0.888,0.906,0.828,0.882,0.81,0.786,2018-12-05,2018-12-03,2018-11-28,2018-12-04,2018-11-29,2018-11-27,9193168,7017834,7784001,17.1,-32.81,-10.04,0.05,0.063,0.028,0.045,-0.019,0.019,0.04821,0.04162,0.0276,0.04704,-0.0097,0.03143,79.249,92.184,95.238,14.286,65.031,16.306,74.286,83.333,58.696,71.429,38.889,50.943,64.773,63.636,66.667,61.538,56.0,65.517,2018-12-05,2018-11-23,2018-10-01,2018-11-30,2018-11-01,2018-09-24,2018-12-05,2018-11-22,2018-11-08,2018-11-28,2018-11-15,2018-10-29,2018-12-05,2018-12-03,2018-11-28,2018-12-04,2018-11-29,2018-11-27,2018-12-05,2018-12-03,2018-11-28,2018-12-04,2018-11-30,2018-11-27,0,0,0,1,0,0,0,1,0,0,0,1,1,0,1,0,0,0,0,1,0,0,0,0,1,0,,,,,p2n,n2p,p2n,n2p,p2n,Life.BearStart,Life.BullEnd,Life.BearStart,Life.Bull,Life.BullRetrace,,
2018-12-10,0.83087,,,0.81,,0.80443,0.74809,0.66599,0.57031,0.83872,0.80179,0.03693,0.04505,-0.00811,,,-4.32,2.64,-12.87,6.47,-4.76,3.33,-1.88,9.17,6.0,7.0,23.0,16.0,12.0,8.0,8.0,18.0,-0.0,-0.018,0.01286,-0.01886,0.68182,40.54054,,,-24.23246,18.51852,34.44019,18.519,,23.31721,44.43829,,,1.7778,1.3844,2.3412,0.5634,-0.3934,0.9568,0,1,0,,,,0.15,,,,,0.849,0.851,0.693,0.846,0.608,0.653,2018-12-05,2018-11-23,2018-10-01,2018-11-29,2018-10-29,2018-09-14,0.888,0.906,0.828,0.81,0.882,0.81,2018-12-05,2018-12-03,2018-11-28,2018-12-10,2018-12-04,2018-11-29,7017834,7784001,4267667,-32.81,-10.04,-20.53,0.05,0.063,0.028,0.045,-0.019,0.019,0.04821,0.04162,0.0276,0.04704,-0.0097,0.03143,79.249,92.184,95.238,14.286,65.031,16.306,74.286,83.333,58.696,18.519,71.429,38.889,64.773,63.636,66.667,61.538,56.0,65.517,2018-12-05,2018-11-23,2018-10-01,2018-11-30,2018-11-01,2018-09-24,2018-12-05,2018-11-22,2018-11-08,2018-11-28,2018-11-15,2018-10-29,2018-12-05,2018-12-03,2018-11-28,2018-12-10,2018-12-04,2018-11-29,2018-12-05,2018-12-03,2018-11-28,2018-12-04,2018-11-30,2018-11-27,0,0,0,1,0,0,1,0,0,0,0,1,1,0,1,0,0,0,1,0,0,0,0,0,1,0,,,,,p2n,n2p,p2n,n2p,p2n,Life.BullEnd,Life.BearStart,Life.Bull,Life.BullRetrace,Life.BullEnd,,
2018-12-11,0.82123,,,,0.816,0.80532,0.75075,0.66896,0.57275,0.83523,0.80284,0.03238,0.04251,-0.01013,,,-3.19,2.64,-12.87,6.47,-4.76,3.33,-1.88,9.17,5.0,7.0,23.0,16.0,12.0,8.0,8.0,18.0,0.006,0.0,0.01071,-0.01886,0.56818,36.23188,36.232,,-28.54112,22.22222,23.45679,,22.222,10.13539,25.94587,10.135,,1.78,1.3636,2.3257,0.5457,-0.4164,0.9621,0,1,0,,,,0.15,,,,,0.849,0.851,0.693,0.846,0.608,0.653,2018-12-05,2018-11-23,2018-10-01,2018-11-29,2018-10-29,2018-09-14,0.816,0.888,0.906,0.81,0.882,0.81,2018-12-11,2018-12-05,2018-12-03,2018-12-10,2018-12-04,2018-11-29,7784001,4267667,6493667,-10.04,-20.53,-2.75,0.05,0.063,0.028,0.045,-0.019,0.019,0.04821,0.04162,0.0276,0.04704,-0.0097,0.03143,79.249,92.184,95.238,10.135,14.286,65.031,22.222,74.286,83.333,18.519,71.429,38.889,64.773,63.636,66.667,36.232,61.538,56.0,2018-12-05,2018-11-23,2018-10-01,2018-11-30,2018-11-01,2018-09-24,2018-12-05,2018-11-22,2018-11-08,2018-12-11,2018-11-28,2018-11-15,2018-12-11,2018-12-05,2018-12-03,2018-12-10,2018-12-04,2018-11-29,2018-12-05,2018-12-03,2018-11-28,2018-12-11,2018-12-04,2018-11-30,0,0,0,1,1,0,1,0,0,0,0,1,1,0,1,0,1,0,1,0,0,0,1,0,1,0,,,,,p2n,n2p,p2n,n2p,p2n,Life.BullEnd,Life.BearStart,Life.Bull,Life.BullRetrace,Life.BullEnd,,
2018-12-12,0.81171,,,,,0.80568,0.75307,0.67175,0.57511,0.83135,0.80337,0.02797,0.03961,-0.01163,,,-2.06,2.64,-12.87,6.47,-4.76,3.33,-1.88,9.17,4.0,7.0,23.0,16.0,12.0,8.0,8.0,18.0,-0.0,-0.006,0.01071,-0.018,0.59524,37.31343,,,1.08143,20.83333,20.52469,,,11.87831,15.1103,,11.878,1.7796,1.3393,2.3057,0.5261,-0.4403,0.9664,0,1,0,,,,0.15,,,,,0.849,0.851,0.693,0.846,0.608,0.653,2018-12-05,2018-11-23,2018-10-01,2018-11-29,2018-10-29,2018-09-14,0.816,0.888,0.906,0.81,0.882,0.81,2018-12-11,2018-12-05,2018-12-03,2018-12-10,2018-12-04,2018-11-29,4267667,6493667,3996667,-20.53,-2.75,-20.42,0.05,0.063,0.028,0.045,-0.019,0.019,0.04821,0.04162,0.0276,0.04704,-0.0097,0.03143,11.878,79.249,92.184,10.135,14.286,65.031,22.222,74.286,83.333,18.519,71.429,38.889,64.773,63.636,66.667,36.232,61.538,56.0,2018-12-05,2018-11-23,2018-10-01,2018-11-30,2018-11-01,2018-09-24,2018-12-12,2018-12-05,2018-11-22,2018-12-11,2018-11-28,2018-11-15,2018-12-11,2018-12-05,2018-12-03,2018-12-10,2018-12-04,2018-11-29,2018-12-05,2018-12-03,2018-11-28,2018-12-11,2018-12-04,2018-11-30,0,0,0,1,1,0,1,0,0,0,0,1,1,0,1,0,1,0,1,0,0,0,1,0,1,0,,,,,p2n,n2p,p2n,n2p,p2n,Life.BullEnd,Life.BearStart,Life.Bull,Life.BullRetrace,Life.BullEnd,,
2018-12-13,0.80384,,,0.804,,0.80555,0.75507,0.67437,0.57739,0.82714,0.80342,0.02372,0.03643,-0.01271,,,-1.1,2.64,-12.87,6.47,-4.76,3.33,-1.88,9.17,3.0,7.0,23.0,16.0,12.0,8.0,8.0,18.0,-0.0,-0.006,0.01071,-0.01457,0.73529,42.37288,,,6.14088,16.66667,19.90741,16.667,,11.08466,11.03278,11.085,,1.7768,1.3118,2.2816,0.5048,-0.465,0.9698,0,0,0,,,,,0.15,,,,0.849,0.851,0.693,0.846,0.608,0.653,2018-12-05,2018-11-23,2018-10-01,2018-11-29,2018-10-29,2018-09-14,0.816,0.888,0.906,0.804,0.81,0.882,2018-12-11,2018-12-05,2018-12-03,2018-12-13,2018-12-10,2018-12-04,6493667,3996667,3267833,-2.75,-20.42,-6.77,0.05,0.063,0.028,0.045,-0.019,0.019,0.04821,0.04162,0.0276,0.04704,-0.0097,0.03143,11.878,79.249,92.184,11.085,10.135,14.286,22.222,74.286,83.333,16.667,18.519,71.429,64.773,63.636,66.667,36.232,61.538,56.0,2018-12-05,2018-11-23,2018-10-01,2018-11-30,2018-11-01,2018-09-24,2018-12-12,2018-12-05,2018-11-22,2018-12-13,2018-12-11,2018-11-28,2018-12-11,2018-12-05,2018-12-03,2018-12-13,2018-12-10,2018-12-04,2018-12-05,2018-12-03,2018-11-28,2018-12-11,2018-12-04,2018-11-30,0,0,0,1,1,0,1,0,0,0,0,1,1,0,0,0,1,0,1,0,0,0,1,0,1,0,,,,,p2n,n2p,p2n,n2p,p2n,Life.BearStart,Life.Bull,Life.BullRetrace,Life.BullEnd,Life.BearStart,,
2018-12-14,0.79843,,,,0.81,0.8059,0.75722,0.67706,0.57971,0.8245,0.80391,0.02059,0.03326,-0.01267,,,-0.43,2.64,-12.87,6.47,-4.76,3.33,-1.88,9.17,2.0,7.0,23.0,16.0,12.0,8.0,8.0,18.0,0.006,0.0,0.01114,-0.01243,0.89655,47.27273,,,11.04073,20.83333,19.44444,,20.833,14.41799,12.46032,,14.418,1.7751,1.2884,2.2619,0.4868,-0.4867,0.9735,0,0,0,,,,,0.15,,,,0.849,0.851,0.693,0.846,0.608,0.653,2018-12-05,2018-11-23,2018-10-01,2018-11-29,2018-10-29,2018-09-14,0.81,0.816,0.888,0.804,0.81,0.882,2018-12-14,2018-12-11,2018-12-05,2018-12-13,2018-12-10,2018-12-04,3996667,3267833,3459000,-20.42,-6.77,-22.06,0.05,0.063,0.028,0.045,-0.019,0.019,0.04821,0.04162,0.0276,0.04704,-0.0097,0.03143,14.418,11.878,79.249,11.085,10.135,14.286,20.833,22.222,74.286,16.667,18.519,71.429,64.773,63.636,66.667,36.232,61.538,56.0,2018-12-05,2018-11-23,2018-10-01,2018-11-30,2018-11-01,2018-09-24,2018-12-14,2018-12-12,2018-12-05,2018-12-13,2018-12-11,2018-11-28,2018-12-14,2018-12-11,2018-12-05,2018-12-13,2018-12-10,2018-12-04,2018-12-05,2018-12-03,2018-11-28,2018-12-11,2018-12-04,2018-11-30,0,0,0,1,1,0,1,0,0,0,0,1,0,0,0,0,1,0,1,0,0,0,1,0,1,0,,,,,p2n,n2p,p2n,n2p,p2n,Life.BearStart,Life.Bull,Life.BullRetrace,Life.BullEnd,Life.BearStart,,
2018-12-17,0.79557,,,,,0.8039,0.75812,0.67909,0.5817,0.81766,0.80214,0.01552,0.02971,-0.01419,,,-0.07,2.64,-12.87,6.47,-4.76,3.33,-1.88,9.17,1.0,7.0,23.0,16.0,12.0,8.0,8.0,18.0,-0.0,-0.03,0.01114,-0.01157,0.96296,49.0566,,49.057,12.8246,0.0,12.5,0.0,,10.71429,12.07231,10.714,,1.7642,1.2481,2.222,0.4578,-0.5161,0.9739,0,0,0,,,,,0.15,,,,0.849,0.851,0.693,0.846,0.608,0.653,2018-12-05,2018-11-23,2018-10-01,2018-11-29,2018-10-29,2018-09-14,0.81,0.816,0.888,0.804,0.81,0.882,2018-12-14,2018-12-11,2018-12-05,2018-12-13,2018-12-10,2018-12-04,3267833,3459000,3887000,-6.77,-22.06,-1.02,0.05,0.063,0.028,0.045,-0.019,0.019,0.04821,0.04162,0.0276,0.04704,-0.0097,0.03143,14.418,11.878,79.249,10.714,11.085,10.135,20.833,22.222,74.286,0.0,16.667,18.519,49.057,64.773,63.636,36.232,61.538,56.0,2018-12-05,2018-11-23,2018-10-01,2018-11-30,2018-11-01,2018-09-24,2018-12-14,2018-12-12,2018-12-05,2018-12-17,2018-12-13,2018-12-11,2018-12-14,2018-12-11,2018-12-05,2018-12-17,2018-12-13,2018-12-10,2018-12-17,2018-12-05,2018-12-03,2018-12-11,2018-12-04,2018-11-30,0,0,0,1,1,0,1,0,0,0,0,1,0,0,0,0,1,0,1,0,1,0,1,0,1,0,,,,,p2n,n2p,p2n,n2p,p2n,Life.BearStart,Life.Bull,Life.BullRetrace,Life.BullEnd,Life.BearStart,,
2018-12-18,0.79511,0.795,,0.75,,0.79976,0.7578,0.6805,0.58337,0.80725,0.79828,0.00897,0.02557,-0.01659,,,2.63,-12.87,6.47,-4.76,3.33,-1.88,9.17,-6.77,7.0,23.0,16.0,12.0,8.0,8.0,18.0,24.0,-0.0,-0.03,0.00814,-0.01371,0.59375,37.2549,37.255,,-11.8021,12.12121,10.98485,,,15.35088,13.49438,,,1.7443,1.1926,2.1639,0.4196,-0.5517,0.9713,0,0,0,,,,,0.15,,,,0.849,0.851,0.693,0.795,0.846,0.608,2018-12-05,2018-11-23,2018-10-01,2018-12-18,2018-11-29,2018-10-29,0.81,0.816,0.888,0.75,0.804,0.81,2018-12-14,2018-12-11,2018-12-05,2018-12-18,2018-12-13,2018-12-10,3459000,3887000,7229501,-22.06,-1.02,37.33,0.05,0.063,0.028,0.045,-0.019,0.019,0.04821,0.04162,0.0276,0.04704,-0.0097,0.03143,14.418,11.878,79.249,10.714,11.085,10.135,20.833,22.222,74.286,0.0,16.667,18.519,49.057,64.773,63.636,37.255,36.232,61.538,2018-12-05,2018-11-23,2018-10-01,2018-11-30,2018-11-01,2018-09-24,2018-12-14,2018-12-12,2018-12-05,2018-12-17,2018-12-13,2018-12-11,2018-12-14,2018-12-11,2018-12-05,2018-12-17,2018-12-13,2018-12-10,2018-12-17,2018-12-05,2018-12-03,2018-12-18,2018-12-11,2018-12-04,0,0,0,0,1,0,1,0,0,0,0,1,0,0,0,0,1,0,1,0,1,0,0,0,1,0,,,,,p2n,n2p,p2n,n2p,p2n,Life.BearStart,Life.Bull,Life.BullRetrace,Life.BullEnd,Life.BearStart,,
2018-12-19,0.79661,,,,,0.79778,0.75843,0.68235,0.58527,0.80213,0.79648,0.00566,0.02158,-0.01593,,,2.43,-12.87,6.47,-4.76,3.33,-1.88,9.17,-6.77,6.0,23.0,16.0,12.0,8.0,8.0,18.0,24.0,0.024,0.0,0.00986,-0.01243,0.7931,44.23077,,,6.97577,24.24242,12.12121,,,22.70382,16.25633,,,1.7316,1.1543,2.1251,0.3935,-0.5773,0.9708,0,0,0,,,,,0.15,,,,0.849,0.851,0.693,0.795,0.846,0.608,2018-12-05,2018-11-23,2018-10-01,2018-12-18,2018-11-29,2018-10-29,0.81,0.816,0.888,0.75,0.804,0.81,2018-12-14,2018-12-11,2018-12-05,2018-12-18,2018-12-13,2018-12-10,3887000,7229501,3823500,-1.02,37.33,2.5,0.05,0.063,0.028,0.045,-0.019,0.019,0.04821,0.04162,0.0276,0.04704,-0.0097,0.03143,14.418,11.878,79.249,10.714,11.085,10.135,20.833,22.222,74.286,0.0,16.667,18.519,49.057,64.773,63.636,37.255,36.232,61.538,2018-12-05,2018-11-23,2018-10-01,2018-11-30,2018-11-01,2018-09-24,2018-12-14,2018-12-12,2018-12-05,2018-12-17,2018-12-13,2018-12-11,2018-12-14,2018-12-11,2018-12-05,2018-12-17,2018-12-13,2018-12-10,2018-12-17,2018-12-05,2018-12-03,2018-12-18,2018-12-11,2018-12-04,0,0,0,0,1,0,1,0,0,0,0,1,0,0,0,0,1,0,1,0,1,0,0,0,1,0,,,,,p2n,n2p,p2n,n2p,p2n,Life.BearStart,Life.Bull,Life.BullRetrace,Life.BullEnd,Life.BearStart,,
2018-12-20,0.79971,,,,,0.79733,0.75975,0.68452,0.58733,0.80057,0.79615,0.00443,0.01815,-0.01372,0.004,,2.04,-12.87,6.47,-4.76,3.33,-1.88,9.17,-6.77,5.0,23.0,16.0,12.0,8.0,8.0,18.0,24.0,0.018,0.0,0.01029,-0.01243,0.82759,45.28302,,45.283,8.02802,33.33333,23.23232,,,47.14826,28.40099,,,1.7242,1.1281,2.1,0.3758,-0.5961,0.9719,0,0,0,,,,,0.15,,,,0.849,0.851,0.693,0.795,0.846,0.608,2018-12-05,2018-11-23,2018-10-01,2018-12-18,2018-11-29,2018-10-29,0.81,0.816,0.888,0.75,0.804,0.81,2018-12-14,2018-12-11,2018-12-05,2018-12-18,2018-12-13,2018-12-10,7229501,3823500,4333500,37.33,2.5,2.99,0.05,0.063,0.028,0.004,0.045,-0.019,0.04821,0.04162,0.0276,0.01815,0.04704,-0.0097,14.418,11.878,79.249,10.714,11.085,10.135,20.833,22.222,74.286,0.0,16.667,18.519,45.283,49.057,64.773,37.255,36.232,61.538,2018-12-05,2018-11-23,2018-10-01,2018-12-20,2018-11-30,2018-11-01,2018-12-14,2018-12-12,2018-12-05,2018-12-17,2018-12-13,2018-12-11,2018-12-14,2018-12-11,2018-12-05,2018-12-17,2018-12-13,2018-12-10,2018-12-20,2018-12-17,2018-12-05,2018-12-18,2018-12-11,2018-12-04,0,0,0,0,1,0,1,0,0,0,0,0,0,0,0,0,1,0,1,0,1,0,0,0,1,0,,,,,p2n,n2p,p2n,n2p,p2n,Life.BearStart,Life.Bull,Life.BullRetrace,Life.BullEnd,Life.BearStart,,
2018-12-21,0.80427,,,,,0.79923,0.76219,0.68724,0.58966,0.80387,0.79806,0.00581,0.01568,-0.00987,,,1.46,-12.87,6.47,-4.76,3.33,-1.88,9.17,-6.77,4.0,23.0,16.0,12.0,8.0,8.0,18.0,24.0,0.03,0.0,0.00643,-0.01243,0.51724,34.09091,34.091,,-11.19209,48.48485,35.35354,,,69.76035,46.53748,,,1.7253,1.1199,2.0957,0.3704,-0.6054,0.9758,0,0,0,,,,,0.15,,,,0.849,0.851,0.693,0.795,0.846,0.608,2018-12-05,2018-11-23,2018-10-01,2018-12-18,2018-11-29,2018-10-29,0.81,0.816,0.888,0.75,0.804,0.81,2018-12-14,2018-12-11,2018-12-05,2018-12-18,2018-12-13,2018-12-10,3823500,4333500,7768001,2.5,2.99,3.5,0.05,0.063,0.028,0.004,0.045,-0.019,0.04821,0.04162,0.0276,0.01815,0.04704,-0.0097,14.418,11.878,79.249,10.714,11.085,10.135,20.833,22.222,74.286,0.0,16.667,18.519,45.283,49.057,64.773,34.091,37.255,36.232,2018-12-05,2018-11-23,2018-10-01,2018-12-20,2018-11-30,2018-11-01,2018-12-14,2018-12-12,2018-12-05,2018-12-17,2018-12-13,2018-12-11,2018-12-14,2018-12-11,2018-12-05,2018-12-17,2018-12-13,2018-12-10,2018-12-20,2018-12-17,2018-12-05,2018-12-21,2018-12-18,2018-12-11,0,0,0,0,1,0,1,0,0,0,0,0,0,0,0,0,1,0,1,0,1,0,1,0,1,0,,,,,p2n,n2p,p2n,n2p,p2n,Life.BearStart,Life.Bull,Life.BullRetrace,Life.BullEnd,Life.BearStart,,
2018-12-24,0.80941,,,,0.828,0.80144,0.76477,0.69003,0.59203,0.80758,0.80028,0.0073,0.01401,-0.0067,,,0.81,-12.87,6.47,-4.76,3.33,-1.88,9.17,-6.77,3.0,23.0,16.0,12.0,8.0,8.0,18.0,24.0,0.006,0.0,0.00686,-0.01071,0.64,39.02439,,39.024,4.93339,53.125,44.98106,,53.125,82.40741,66.43867,,82.407,1.7274,1.1141,2.0941,0.3667,-0.6133,0.98,0,1,0,,,,0.15,,,,,0.849,0.851,0.693,0.795,0.846,0.608,2018-12-05,2018-11-23,2018-10-01,2018-12-18,2018-11-29,2018-10-29,0.828,0.81,0.816,0.75,0.804,0.81,2018-12-24,2018-12-14,2018-12-11,2018-12-18,2018-12-13,2018-12-10,4333500,7768001,3709834,2.99,3.5,-0.71,0.05,0.063,0.028,0.004,0.045,-0.019,0.04821,0.04162,0.0276,0.01815,0.04704,-0.0097,82.407,14.418,11.878,10.714,11.085,10.135,53.125,20.833,22.222,0.0,16.667,18.519,39.024,45.283,49.057,34.091,37.255,36.232,2018-12-05,2018-11-23,2018-10-01,2018-12-20,2018-11-30,2018-11-01,2018-12-24,2018-12-14,2018-12-12,2018-12-17,2018-12-13,2018-12-11,2018-12-24,2018-12-14,2018-12-11,2018-12-17,2018-12-13,2018-12-10,2018-12-24,2018-12-20,2018-12-17,2018-12-21,2018-12-18,2018-12-11,0,0,0,0,0,1,1,0,0,0,0,0,0,1,0,0,0,1,1,0,1,0,1,0,1,0,,,,,p2n,n2p,p2n,n2p,p2n,Life.Bull,Life.BullRetrace,Life.BullEnd,Life.BearStart,Life.BullEnd,,
2018-12-26,0.81367,,,0.816,,0.80256,0.76678,0.69252,0.59426,0.80888,0.80144,0.00743,0.01269,-0.00526,,,0.29,-12.87,6.47,-4.76,3.33,-1.88,9.17,-6.77,1.0,23.0,16.0,12.0,8.0,8.0,18.0,24.0,-0.0,-0.012,0.00643,-0.01157,0.55556,35.71429,35.714,,-3.30971,50.0,50.53662,50.0,,80.18519,77.45098,,,1.7252,1.1004,2.083,0.3578,-0.6248,0.9826,0,0,0,,,,,0.15,,,,0.849,0.851,0.693,0.795,0.846,0.608,2018-12-05,2018-11-23,2018-10-01,2018-12-18,2018-11-29,2018-10-29,0.828,0.81,0.816,0.816,0.75,0.804,2018-12-24,2018-12-14,2018-12-11,2018-12-26,2018-12-18,2018-12-13,7768001,3709834,3900000,3.5,-0.71,-2.74,0.05,0.063,0.028,0.004,0.045,-0.019,0.04821,0.04162,0.0276,0.01815,0.04704,-0.0097,82.407,14.418,11.878,10.714,11.085,10.135,53.125,20.833,22.222,50.0,0.0,16.667,39.024,45.283,49.057,35.714,34.091,37.255,2018-12-05,2018-11-23,2018-10-01,2018-12-20,2018-11-30,2018-11-01,2018-12-24,2018-12-14,2018-12-12,2018-12-17,2018-12-13,2018-12-11,2018-12-24,2018-12-14,2018-12-11,2018-12-26,2018-12-17,2018-12-13,2018-12-24,2018-12-20,2018-12-17,2018-12-26,2018-12-21,2018-12-18,0,0,0,0,0,1,0,1,0,0,0,0,0,1,0,0,0,1,0,1,1,0,0,0,1,0,,,,,p2n,n2p,p2n,n2p,p2n,Life.BullRetrace,Life.BullEnd,Life.BearStart,Life.BullEnd,Life.BearStart,,
2018-12-27,0.81581,,0.816,,,0.80406,0.76895,0.69509,0.59653,0.8109,0.80297,0.00793,0.01174,-0.00381,,,-12.85,6.47,-4.76,3.33,-1.88,9.17,-6.77,32.8,23.0,16.0,12.0,8.0,8.0,18.0,24.0,39.0,0.006,0.0,0.00686,-0.00986,0.69565,41.02564,,,5.31164,61.53846,54.88782,,,73.47222,78.68827,,,1.7242,1.0897,2.0753,0.3511,-0.6345,0.9856,0,0,0,,,,,0.15,,,,0.816,0.849,0.851,0.795,0.846,0.608,2018-12-27,2018-12-05,2018-11-23,2018-12-18,2018-11-29,2018-10-29,0.828,0.81,0.816,0.816,0.75,0.804,2018-12-24,2018-12-14,2018-12-11,2018-12-26,2018-12-18,2018-12-13,3709834,3900000,7279001,-0.71,-2.74,-3.18,0.05,0.063,0.028,0.004,0.045,-0.019,0.04821,0.04162,0.0276,0.01815,0.04704,-0.0097,82.407,14.418,11.878,10.714,11.085,10.135,53.125,20.833,22.222,50.0,0.0,16.667,39.024,45.283,49.057,35.714,34.091,37.255,2018-12-05,2018-11-23,2018-10-01,2018-12-20,2018-11-30,2018-11-01,2018-12-24,2018-12-14,2018-12-12,2018-12-17,2018-12-13,2018-12-11,2018-12-24,2018-12-14,2018-12-11,2018-12-26,2018-12-17,2018-12-13,2018-12-24,2018-12-20,2018-12-17,2018-12-26,2018-12-21,2018-12-18,1,0,0,0,0,1,0,1,0,0,0,0,0,1,0,0,0,1,0,1,1,0,0,0,1,0,,,,,p2n,n2p,p2n,n2p,p2n,Life.BullRetrace,Life.BullEnd,Life.BearStart,Life.BullEnd,Life.BearStart,,
2018-12-28,0.81497,,,,,0.80544,0.77103,0.6976,0.59877,0.8126,0.80438,0.00823,0.01104,-0.00281,,,-12.76,6.47,-4.76,3.33,-1.88,9.17,-6.77,32.8,22.0,16.0,12.0,8.0,8.0,18.0,24.0,39.0,0.0,0.0,0.00686,-0.00729,0.94118,48.48485,,,12.77085,76.19048,62.57631,,,65.65171,73.10304,,,1.7226,1.0784,2.0667,0.3441,-0.6442,0.9883,0,0,0,,,,,0.15,,,,0.816,0.849,0.851,0.795,0.846,0.608,2018-12-27,2018-12-05,2018-11-23,2018-12-18,2018-11-29,2018-10-29,0.828,0.81,0.816,0.816,0.75,0.804,2018-12-24,2018-12-14,2018-12-11,2018-12-26,2018-12-18,2018-12-13,3900000,7279001,1815333,-2.74,-3.18,-12.72,0.05,0.063,0.028,0.004,0.045,-0.019,0.04821,0.04162,0.0276,0.01815,0.04704,-0.0097,82.407,14.418,11.878,10.714,11.085,10.135,53.125,20.833,22.222,50.0,0.0,16.667,39.024,45.283,49.057,35.714,34.091,37.255,2018-12-05,2018-11-23,2018-10-01,2018-12-20,2018-11-30,2018-11-01,2018-12-24,2018-12-14,2018-12-12,2018-12-17,2018-12-13,2018-12-11,2018-12-24,2018-12-14,2018-12-11,2018-12-26,2018-12-17,2018-12-13,2018-12-24,2018-12-20,2018-12-17,2018-12-26,2018-12-21,2018-12-18,1,0,0,0,0,1,0,1,0,0,0,0,0,1,0,0,0,1,0,1,1,0,0,0,1,0,,,,,p2n,n2p,p2n,n2p,p2n,Life.BullRetrace,Life.BullEnd,Life.BearStart,Life.BullEnd,Life.BearStart,,
2018-12-31,0.81113,,,,,0.80671,0.77303,0.70007,0.60099,0.81405,0.80568,0.00837,0.0105,-0.00214,,,-12.34,6.47,-4.76,3.33,-1.88,9.17,-6.77,32.8,21.0,16.0,12.0,8.0,8.0,18.0,24.0,39.0,0.0,0.0,0.00686,-0.006,1.14286,53.33333,,,17.61933,76.19048,71.30647,,,61.61131,66.91175,61.611,,1.7204,1.0664,2.0572,0.3368,-0.654,0.9908,0,0,0,,,,,0.15,,,,0.816,0.849,0.851,0.795,0.846,0.608,2018-12-27,2018-12-05,2018-11-23,2018-12-18,2018-11-29,2018-10-29,0.828,0.81,0.816,0.816,0.75,0.804,2018-12-24,2018-12-14,2018-12-11,2018-12-26,2018-12-18,2018-12-13,7279001,1815333,2636500,-3.18,-12.72,-9.72,0.05,0.063,0.028,0.004,0.045,-0.019,0.04821,0.04162,0.0276,0.01815,0.04704,-0.0097,82.407,14.418,11.878,61.611,10.714,11.085,53.125,20.833,22.222,50.0,0.0,16.667,39.024,45.283,49.057,35.714,34.091,37.255,2018-12-05,2018-11-23,2018-10-01,2018-12-20,2018-11-30,2018-11-01,2018-12-24,2018-12-14,2018-12-12,2018-12-31,2018-12-17,2018-12-13,2018-12-24,2018-12-14,2018-12-11,2018-12-26,2018-12-17,2018-12-13,2018-12-24,2018-12-20,2018-12-17,2018-12-26,2018-12-21,2018-12-18,1,0,0,0,0,1,0,1,0,0,0,0,0,1,0,1,0,1,0,1,1,0,0,0,1,0,,,,,p2n,n2p,p2n,n2p,p2n,Life.BullRetrace,Life.BullEnd,Life.BearStart,Life.BullEnd,Life.BearStart,,
2019-01-02,0.80511,,,,,0.80973,0.77589,0.70295,0.60343,0.81897,0.80867,0.0103,0.01046,-0.00017,,,-11.69,6.47,-4.76,3.33,-1.88,9.17,-6.77,32.8,19.0,16.0,12.0,8.0,8.0,18.0,24.0,39.0,0.024,0.0,0.00814,-0.006,1.35714,57.57576,,,21.86176,83.33333,78.57143,,,62.50416,63.25573,,,1.7246,1.0678,2.063,0.3384,-0.6568,0.9952,1,1,0,,,0.15,,,,,,0.816,0.849,0.851,0.795,0.846,0.608,2018-12-27,2018-12-05,2018-11-23,2018-12-18,2018-11-29,2018-10-29,0.828,0.81,0.816,0.816,0.75,0.804,2018-12-24,2018-12-14,2018-12-11,2018-12-26,2018-12-18,2018-12-13,1815333,2636500,13423336,-12.72,-9.72,52.38,0.05,0.063,0.028,0.004,0.045,-0.019,0.04821,0.04162,0.0276,0.01815,0.04704,-0.0097,82.407,14.418,11.878,61.611,10.714,11.085,53.125,20.833,22.222,50.0,0.0,16.667,39.024,45.283,49.057,35.714,34.091,37.255,2018-12-05,2018-11-23,2018-10-01,2018-12-20,2018-11-30,2018-11-01,2018-12-24,2018-12-14,2018-12-12,2018-12-31,2018-12-17,2018-12-13,2018-12-24,2018-12-14,2018-12-11,2018-12-26,2018-12-17,2018-12-13,2018-12-24,2018-12-20,2018-12-17,2018-12-26,2018-12-21,2018-12-18,1,0,0,0,0,1,0,1,0,0,0,0,0,1,0,1,0,1,0,1,1,0,0,0,1,0,13423336.0,,,,n2p,p2n,n2p,p2n,n2p,Life.BullEnd,Life.BearStart,Life.BullEnd,Life.BearStart,Life.BullRetrace,,
2019-01-03,0.79813,,,,0.858,0.81345,0.77911,0.70603,0.60596,0.82497,0.81232,0.01265,0.0109,0.00175,,0.013,-10.92,6.47,-4.76,3.33,-1.88,9.17,-6.77,32.8,18.0,16.0,12.0,8.0,8.0,18.0,24.0,39.0,0.012,0.0,0.009,-0.00557,1.61538,61.76471,,61.765,26.05071,91.66667,83.73016,,91.667,68.65801,64.25783,,68.658,1.7315,1.0742,2.0749,0.3434,-0.6573,1.0007,1,1,1,,0.15,,,,,,,0.816,0.849,0.851,0.795,0.846,0.608,2018-12-27,2018-12-05,2018-11-23,2018-12-18,2018-11-29,2018-10-29,0.858,0.828,0.81,0.816,0.75,0.804,2019-01-03,2018-12-24,2018-12-14,2018-12-26,2018-12-18,2018-12-13,2636500,13423336,11858002,-9.72,52.38,56.18,0.013,0.05,0.063,0.004,0.045,-0.019,0.0109,0.04821,0.04162,0.01815,0.04704,-0.0097,68.658,82.407,14.418,61.611,10.714,11.085,91.667,53.125,20.833,50.0,0.0,16.667,61.765,39.024,45.283,35.714,34.091,37.255,2019-01-03,2018-12-05,2018-11-23,2018-12-20,2018-11-30,2018-11-01,2019-01-03,2018-12-24,2018-12-14,2018-12-31,2018-12-17,2018-12-13,2019-01-03,2018-12-24,2018-12-14,2018-12-26,2018-12-17,2018-12-13,2019-01-03,2018-12-24,2018-12-20,2018-12-26,2018-12-21,2018-12-18,1,0,0,0,0,1,0,1,1,0,0,0,0,0,0,1,0,1,0,1,0,1,0,0,1,0,,,,,n2p,p2n,n2p,p2n,n2p,Life.BearStart,Life.BullEnd,Life.BearStart,Life.BullRetrace,Life.Bull,,
2019-01-04,0.79127,,,0.732,,0.80718,0.77726,0.70654,0.60722,0.81067,0.80637,0.0043,0.00958,-0.00528,,,-10.14,6.47,-4.76,3.33,-1.88,9.17,-6.77,32.8,17.0,16.0,12.0,8.0,8.0,18.0,24.0,39.0,-0.0,-0.126,0.009,-0.01414,0.63636,38.88889,38.889,,-22.87611,4.16667,59.72222,4.167,,51.86508,61.00908,,,1.7004,1.0064,1.9996,0.2992,-0.694,0.9932,0,0,0,,,,,0.15,,,,0.816,0.849,0.851,0.795,0.846,0.608,2018-12-27,2018-12-05,2018-11-23,2018-12-18,2018-11-29,2018-10-29,0.858,0.828,0.81,0.732,0.816,0.75,2019-01-03,2018-12-24,2018-12-14,2019-01-04,2018-12-26,2018-12-18,13423336,11858002,16319336,52.38,56.18,49.01,0.013,0.05,0.063,0.004,0.045,-0.019,0.0109,0.04821,0.04162,0.01815,0.04704,-0.0097,68.658,82.407,14.418,61.611,10.714,11.085,91.667,53.125,20.833,4.167,50.0,0.0,61.765,39.024,45.283,38.889,35.714,34.091,2019-01-03,2018-12-05,2018-11-23,2018-12-20,2018-11-30,2018-11-01,2019-01-03,2018-12-24,2018-12-14,2018-12-31,2018-12-17,2018-12-13,2019-01-03,2018-12-24,2018-12-14,2019-01-04,2018-12-26,2018-12-17,2019-01-03,2018-12-24,2018-12-20,2019-01-04,2018-12-26,2018-12-21,1,0,0,0,0,1,1,0,1,0,0,0,0,0,0,1,0,1,0,0,0,1,0,1,1,0,,,,,n2p,p2n,n2p,p2n,n2p,Life.BullEnd,Life.BearStart,Life.BullRetrace,Life.Bull,Life.BearStart,,
2019-01-07,0.78529,,,,0.75,0.80278,0.77619,0.7074,0.60864,0.80133,0.8022,-0.00086,0.00749,-0.00835,,,-9.46,6.47,-4.76,3.33,-1.88,9.17,-6.77,32.8,16.0,16.0,12.0,8.0,8.0,18.0,24.0,39.0,0.018,0.0,0.00986,-0.01414,0.69697,41.07143,,,2.18243,16.66667,37.5,,16.667,33.61111,51.37807,,,1.6755,0.9538,1.9414,0.2659,-0.7217,0.9876,0,0,0,,,,,0.15,,,,0.816,0.849,0.851,0.795,0.846,0.608,2018-12-27,2018-12-05,2018-11-23,2018-12-18,2018-11-29,2018-10-29,0.75,0.858,0.828,0.732,0.816,0.75,2019-01-07,2019-01-03,2018-12-24,2019-01-04,2018-12-26,2018-12-18,11858002,16319336,3695000,56.18,49.01,-23.39,0.013,0.05,0.063,0.004,0.045,-0.019,0.0109,0.04821,0.04162,0.01815,0.04704,-0.0097,68.658,82.407,14.418,61.611,10.714,11.085,16.667,91.667,53.125,4.167,50.0,0.0,61.765,39.024,45.283,38.889,35.714,34.091,2019-01-03,2018-12-05,2018-11-23,2018-12-20,2018-11-30,2018-11-01,2019-01-03,2018-12-24,2018-12-14,2018-12-31,2018-12-17,2018-12-13,2019-01-07,2019-01-03,2018-12-24,2019-01-04,2018-12-26,2018-12-17,2019-01-03,2018-12-24,2018-12-20,2019-01-04,2018-12-26,2018-12-21,1,0,0,0,1,0,1,0,1,0,0,0,0,0,0,1,1,0,0,0,0,1,0,1,1,0,,,3695000.0,,p2n,n2p,p2n,n2p,p2n,Life.BullEnd,Life.BearStart,Life.BullRetrace,Life.Bull,Life.BearStart,,
2019-01-08,0.78053,,,0.738,,0.7978,0.77469,0.70801,0.60993,0.79159,0.79744,-0.00585,0.00482,-0.01067,,,-8.91,6.47,-4.76,3.33,-1.88,9.17,-6.77,32.8,15.0,16.0,12.0,8.0,8.0,18.0,24.0,39.0,-0.0,-0.012,0.00986,-0.01286,0.76667,43.39623,,,4.50723,8.33333,9.72222,8.333,,9.72222,31.7328,9.722,,1.6476,0.8979,1.8787,0.2311,-0.7497,0.9808,0,0,0,,,,,0.15,,,,0.816,0.849,0.851,0.795,0.846,0.608,2018-12-27,2018-12-05,2018-11-23,2018-12-18,2018-11-29,2018-10-29,0.75,0.858,0.828,0.738,0.732,0.816,2019-01-07,2019-01-03,2018-12-24,2019-01-08,2019-01-04,2018-12-26,16319336,3695000,2414333,49.01,-23.39,-29.63,0.013,0.05,0.063,0.004,0.045,-0.019,0.0109,0.04821,0.04162,0.01815,0.04704,-0.0097,68.658,82.407,14.418,9.722,61.611,10.714,16.667,91.667,53.125,8.333,4.167,50.0,61.765,39.024,45.283,38.889,35.714,34.091,2019-01-03,2018-12-05,2018-11-23,2018-12-20,2018-11-30,2018-11-01,2019-01-03,2018-12-24,2018-12-14,2019-01-08,2018-12-31,2018-12-17,2019-01-07,2019-01-03,2018-12-24,2019-01-08,2019-01-04,2018-12-26,2019-01-03,2018-12-24,2018-12-20,2019-01-04,2018-12-26,2018-12-21,1,0,0,0,1,0,0,0,1,0,0,0,0,0,1,0,1,0,0,0,0,1,0,1,1,0,,,,,p2n,n2p,p2n,n2p,p2n,Life.BullEnd,Life.BearStart,Life.BullRetrace,Life.Bull,Life.BearStart,,
2019-01-09,0.77726,,,,,0.79551,0.77443,0.70919,0.6115,0.78796,0.79526,-0.0073,0.0024,-0.0097,,,-8.53,6.47,-4.76,3.33,-1.88,9.17,-6.77,32.8,14.0,16.0,12.0,8.0,8.0,18.0,24.0,39.0,0.03,0.0,0.012,-0.01071,1.12,52.83019,,52.83,13.94119,29.16667,18.05556,,,18.05556,20.46296,,,1.6293,0.8632,1.8401,0.2108,-0.7661,0.9769,0,0,0,,,,,0.15,,,,0.816,0.849,0.851,0.795,0.846,0.608,2018-12-27,2018-12-05,2018-11-23,2018-12-18,2018-11-29,2018-10-29,0.75,0.858,0.828,0.738,0.732,0.816,2019-01-07,2019-01-03,2018-12-24,2019-01-08,2019-01-04,2018-12-26,3695000,2414333,8001501,-23.39,-29.63,-37.09,0.013,0.05,0.063,0.004,0.045,-0.019,0.0109,0.04821,0.04162,0.01815,0.04704,-0.0097,68.658,82.407,14.418,9.722,61.611,10.714,16.667,91.667,53.125,8.333,4.167,50.0,52.83,61.765,39.024,38.889,35.714,34.091,2019-01-03,2018-12-05,2018-11-23,2018-12-20,2018-11-30,2018-11-01,2019-01-03,2018-12-24,2018-12-14,2019-01-08,2018-12-31,2018-12-17,2019-01-07,2019-01-03,2018-12-24,2019-01-08,2019-01-04,2018-12-26,2019-01-09,2019-01-03,2018-12-24,2019-01-04,2018-12-26,2018-12-21,1,0,0,0,1,0,0,0,1,0,0,0,0,0,1,0,1,0,0,0,0,0,0,1,1,0,,,,,p2n,n2p,p2n,n2p,p2n,Life.BullEnd,Life.BearStart,Life.BullRetrace,Life.Bull,Life.BearStart,,
2019-01-10,0.77553,,,,,0.79478,0.77489,0.71071,0.61324,0.78766,0.79457,-0.00691,0.00054,-0.00745,-0.007,,-8.32,6.47,-4.76,3.33,-1.88,9.17,-6.77,32.8,13.0,16.0,12.0,8.0,8.0,18.0,24.0,39.0,0.018,0.0,0.01157,-0.01071,1.08,51.92308,,,-0.90692,41.66667,26.38889,,,40.27778,22.68519,,,1.6165,0.8407,1.8154,0.1989,-0.7758,0.9747,0,0,0,,,,,0.15,,,,0.816,0.849,0.851,0.795,0.846,0.608,2018-12-27,2018-12-05,2018-11-23,2018-12-18,2018-11-29,2018-10-29,0.75,0.858,0.828,0.738,0.732,0.816,2019-01-07,2019-01-03,2018-12-24,2019-01-08,2019-01-04,2018-12-26,2414333,8001501,4967000,-29.63,-37.09,9.01,0.013,0.05,0.063,-0.007,0.004,0.045,0.0109,0.04821,0.04162,0.00054,0.01815,0.04704,68.658,82.407,14.418,9.722,61.611,10.714,16.667,91.667,53.125,8.333,4.167,50.0,52.83,61.765,39.024,38.889,35.714,34.091,2019-01-03,2018-12-05,2018-11-23,2019-01-10,2018-12-20,2018-11-30,2019-01-03,2018-12-24,2018-12-14,2019-01-08,2018-12-31,2018-12-17,2019-01-07,2019-01-03,2018-12-24,2019-01-08,2019-01-04,2018-12-26,2019-01-09,2019-01-03,2018-12-24,2019-01-04,2018-12-26,2018-12-21,1,0,0,0,1,0,0,0,1,0,1,0,0,0,1,0,1,0,0,0,0,0,0,1,1,0,4967000.0,,,,n2p,p2n,n2p,p2n,n2p,Life.BullEnd,Life.BearStart,Life.BullRetrace,Life.Bull,Life.BearStart,,
2019-01-11,0.77478,,,,0.798,0.79502,0.77579,0.71244,0.61507,0.78925,0.79483,-0.00558,-0.00069,-0.00489,,,-8.23,6.47,-4.76,3.33,-1.88,9.17,-6.77,32.8,12.0,16.0,12.0,8.0,8.0,18.0,24.0,39.0,0.012,0.0,0.01114,-0.01071,1.04,50.98039,,,-1.84961,50.0,40.27778,,50.0,65.70513,41.34615,,,1.6072,0.8258,1.7995,0.1923,-0.7814,0.9737,0,0,0,,,,,0.15,,,,0.816,0.849,0.851,0.795,0.846,0.608,2018-12-27,2018-12-05,2018-11-23,2018-12-18,2018-11-29,2018-10-29,0.798,0.75,0.858,0.738,0.732,0.816,2019-01-11,2019-01-07,2019-01-03,2019-01-08,2019-01-04,2018-12-26,8001501,4967000,2871333,-37.09,9.01,2.97,0.013,0.05,0.063,-0.007,0.004,0.045,0.0109,0.04821,0.04162,0.00054,0.01815,0.04704,68.658,82.407,14.418,9.722,61.611,10.714,50.0,16.667,91.667,8.333,4.167,50.0,52.83,61.765,39.024,38.889,35.714,34.091,2019-01-03,2018-12-05,2018-11-23,2019-01-10,2018-12-20,2018-11-30,2019-01-03,2018-12-24,2018-12-14,2019-01-08,2018-12-31,2018-12-17,2019-01-11,2019-01-07,2019-01-03,2019-01-08,2019-01-04,2018-12-26,2019-01-09,2019-01-03,2018-12-24,2019-01-04,2018-12-26,2018-12-21,1,0,0,0,0,0,0,0,1,0,1,0,0,0,1,0,0,0,0,0,0,0,0,1,1,0,,,,,n2p,p2n,n2p,p2n,n2p,Life.BullEnd,Life.BearStart,Life.BullRetrace,Life.Bull,Life.BearStart,,
2019-01-14,0.77415,,,,,0.79433,0.77619,0.7139,0.61677,0.78875,0.79417,-0.00542,-0.00163,-0.00379,,,-8.16,6.47,-4.76,3.33,-1.88,9.17,-6.77,32.8,11.0,16.0,12.0,8.0,8.0,18.0,24.0,39.0,-0.0,-0.012,0.009,-0.01157,0.77778,43.75,,,-9.08,41.66667,44.44444,,,79.05983,61.68091,,79.06,1.5942,0.8043,1.7756,0.1814,-0.7899,0.9713,0,0,0,,,,,0.15,,,,0.816,0.849,0.851,0.795,0.846,0.608,2018-12-27,2018-12-05,2018-11-23,2018-12-18,2018-11-29,2018-10-29,0.798,0.75,0.858,0.738,0.732,0.816,2019-01-11,2019-01-07,2019-01-03,2019-01-08,2019-01-04,2018-12-26,4967000,2871333,1985667,9.01,2.97,-37.98,0.013,0.05,0.063,-0.007,0.004,0.045,0.0109,0.04821,0.04162,0.00054,0.01815,0.04704,79.06,68.658,82.407,9.722,61.611,10.714,50.0,16.667,91.667,8.333,4.167,50.0,52.83,61.765,39.024,38.889,35.714,34.091,2019-01-03,2018-12-05,2018-11-23,2019-01-10,2018-12-20,2018-11-30,2019-01-14,2019-01-03,2018-12-24,2019-01-08,2018-12-31,2018-12-17,2019-01-11,2019-01-07,2019-01-03,2019-01-08,2019-01-04,2018-12-26,2019-01-09,2019-01-03,2018-12-24,2019-01-04,2018-12-26,2018-12-21,1,0,0,0,0,0,0,0,1,0,1,0,0,0,1,0,0,0,0,0,0,0,0,1,1,0,,,-1985667.0,,p2n,n2p,p2n,n2p,p2n,Life.BullEnd,Life.BearStart,Life.BullRetrace,Life.Bull,Life.BearStart,,
2019-01-15,0.77252,,,,,0.79369,0.77658,0.71533,0.61846,0.78833,0.79357,-0.00524,-0.00236,-0.00289,,-0.005,-7.96,6.47,-4.76,3.33,-1.88,9.17,-6.77,32.8,10.0,16.0,12.0,8.0,8.0,18.0,24.0,39.0,0.0,0.0,0.00857,-0.01157,0.74074,42.55319,,,-10.27681,41.66667,44.44444,,,74.35897,73.04131,,,1.5812,0.7836,1.7523,0.1711,-0.7976,0.9687,0,0,0,,,,,0.15,,,,0.816,0.849,0.851,0.795,0.846,0.608,2018-12-27,2018-12-05,2018-11-23,2018-12-18,2018-11-29,2018-10-29,0.798,0.75,0.858,0.738,0.732,0.816,2019-01-11,2019-01-07,2019-01-03,2019-01-08,2019-01-04,2018-12-26,2871333,1985667,2557833,2.97,-37.98,-24.52,-0.005,0.013,0.05,-0.007,0.004,0.045,-0.00236,0.0109,0.04821,0.00054,0.01815,0.04704,79.06,68.658,82.407,9.722,61.611,10.714,50.0,16.667,91.667,8.333,4.167,50.0,52.83,61.765,39.024,38.889,35.714,34.091,2019-01-15,2019-01-03,2018-12-05,2019-01-10,2018-12-20,2018-11-30,2019-01-14,2019-01-03,2018-12-24,2019-01-08,2018-12-31,2018-12-17,2019-01-11,2019-01-07,2019-01-03,2019-01-08,2019-01-04,2018-12-26,2019-01-09,2019-01-03,2018-12-24,2019-01-04,2018-12-26,2018-12-21,1,0,0,0,0,0,0,0,1,0,1,0,0,0,1,0,0,0,0,0,0,0,0,1,0,0,,,,,p2n,n2p,p2n,n2p,p2n,Life.BullEnd,Life.BearStart,Life.BullRetrace,Life.Bull,Life.BearStart,,
2019-01-16,0.76864,,,,,0.79171,0.77624,0.71637,0.61995,0.7852,0.79167,-0.00647,-0.00318,-0.0033,,,-7.5,6.47,-4.76,3.33,-1.88,9.17,-6.77,32.8,9.0,16.0,12.0,8.0,8.0,18.0,24.0,39.0,-0.0,-0.018,0.00857,-0.012,0.71429,41.66667,,,-11.16333,29.16667,37.5,,,50.32051,67.91311,,,1.5629,0.7534,1.7176,0.1547,-0.8095,0.9642,0,0,0,,,,,0.15,,,,0.816,0.849,0.851,0.795,0.846,0.608,2018-12-27,2018-12-05,2018-11-23,2018-12-18,2018-11-29,2018-10-29,0.798,0.75,0.858,0.738,0.732,0.816,2019-01-11,2019-01-07,2019-01-03,2019-01-08,2019-01-04,2018-12-26,1985667,2557833,2188000,-37.98,-24.52,-9.22,-0.005,0.013,0.05,-0.007,0.004,0.045,-0.00236,0.0109,0.04821,0.00054,0.01815,0.04704,79.06,68.658,82.407,9.722,61.611,10.714,50.0,16.667,91.667,8.333,4.167,50.0,52.83,61.765,39.024,38.889,35.714,34.091,2019-01-15,2019-01-03,2018-12-05,2019-01-10,2018-12-20,2018-11-30,2019-01-14,2019-01-03,2018-12-24,2019-01-08,2018-12-31,2018-12-17,2019-01-11,2019-01-07,2019-01-03,2019-01-08,2019-01-04,2018-12-26,2019-01-09,2019-01-03,2018-12-24,2019-01-04,2018-12-26,2018-12-21,1,0,0,0,0,0,0,0,1,0,1,0,0,0,1,0,0,0,0,0,0,0,0,1,0,0,,,,,p2n,n2p,p2n,n2p,p2n,Life.BullEnd,Life.BearStart,Life.BullRetrace,Life.Bull,Life.BearStart,,
2019-01-17,0.76197,,,0.762,,0.78943,0.77568,0.71727,0.62136,0.78163,0.78948,-0.00785,-0.00411,-0.00373,-0.008,,-6.69,6.47,-4.76,3.33,-1.88,9.17,-6.77,32.8,8.0,16.0,12.0,8.0,8.0,18.0,24.0,39.0,-0.0,-0.006,0.00814,-0.01243,0.65517,39.58333,39.583,,-13.24667,25.0,31.94444,25.0,,30.94729,51.87559,,,1.5432,0.7216,1.6807,0.1375,-0.8216,0.9591,0,0,0,,,,,0.15,,,,0.816,0.849,0.851,0.795,0.846,0.608,2018-12-27,2018-12-05,2018-11-23,2018-12-18,2018-11-29,2018-10-29,0.798,0.75,0.858,0.762,0.738,0.732,2019-01-11,2019-01-07,2019-01-03,2019-01-17,2019-01-08,2019-01-04,2557833,2188000,2489500,-24.52,-9.22,7.48,-0.005,0.013,0.05,-0.008,-0.007,0.004,-0.00236,0.0109,0.04821,-0.00411,0.00054,0.01815,79.06,68.658,82.407,9.722,61.611,10.714,50.0,16.667,91.667,25.0,8.333,4.167,52.83,61.765,39.024,39.583,38.889,35.714,2019-01-15,2019-01-03,2018-12-05,2019-01-17,2019-01-10,2018-12-20,2019-01-14,2019-01-03,2018-12-24,2019-01-08,2018-12-31,2018-12-17,2019-01-11,2019-01-07,2019-01-03,2019-01-17,2019-01-08,2019-01-04,2019-01-09,2019-01-03,2018-12-24,2019-01-17,2019-01-04,2018-12-26,1,0,0,0,0,0,0,1,1,0,1,0,0,0,1,0,0,0,0,1,0,0,0,1,0,0,,,,,p2n,n2p,p2n,n2p,p2n,Life.BullEnd,Life.BearStart,Life.BullRetrace,Life.Bull,Life.BearStart,,
2019-01-18,0.75303,,,,0.786,0.78916,0.77609,0.71864,0.623,0.7823,0.78922,-0.00692,-0.00467,-0.00224,,-0.007,-5.58,6.47,-4.76,3.33,-1.88,9.17,-6.77,32.8,7.0,16.0,12.0,8.0,8.0,18.0,24.0,39.0,0.024,0.0,0.00986,-0.01243,0.7931,44.23077,,44.231,4.64777,41.66667,31.94444,,41.667,26.38889,35.88557,,,1.5309,0.7052,1.6616,0.1307,-0.8257,0.9564,0,0,0,,,,,0.15,,,,0.816,0.849,0.851,0.795,0.846,0.608,2018-12-27,2018-12-05,2018-11-23,2018-12-18,2018-11-29,2018-10-29,0.786,0.798,0.75,0.762,0.738,0.732,2019-01-18,2019-01-11,2019-01-07,2019-01-17,2019-01-08,2019-01-04,2188000,2489500,3803334,-9.22,7.48,17.21,-0.007,-0.005,0.013,-0.008,-0.007,0.004,-0.00467,-0.00236,0.0109,-0.00411,0.00054,0.01815,79.06,68.658,82.407,9.722,61.611,10.714,41.667,50.0,16.667,25.0,8.333,4.167,44.231,52.83,61.765,39.583,38.889,35.714,2019-01-18,2019-01-15,2019-01-03,2019-01-17,2019-01-10,2018-12-20,2019-01-14,2019-01-03,2018-12-24,2019-01-08,2018-12-31,2018-12-17,2019-01-18,2019-01-11,2019-01-07,2019-01-17,2019-01-08,2019-01-04,2019-01-18,2019-01-09,2019-01-03,2019-01-17,2019-01-04,2018-12-26,1,0,0,0,0,0,0,1,1,0,1,0,0,0,1,0,0,0,0,1,1,0,0,1,0,0,,,,,p2n,n2p,p2n,n2p,p2n,Life.BullEnd,Life.BearStart,Life.BullRetrace,Life.Bull,Life.BearStart,,
2019-01-22,0.74294,,,,,0.78661,0.7753,0.71938,0.62432,0.77826,0.78676,-0.0085,-0.00544,-0.00306,,,-4.3,6.47,-4.76,3.33,-1.88,9.17,-6.77,32.8,5.0,16.0,12.0,8.0,8.0,18.0,24.0,39.0,-0.0,-0.03,0.00986,-0.01457,0.67647,40.35088,,,-3.88012,20.83333,29.16667,,,22.22222,26.51947,22.222,,1.5098,0.6723,1.6229,0.1131,-0.8375,0.9506,0,0,0,,,,,0.15,,,,0.816,0.849,0.851,0.795,0.846,0.608,2018-12-27,2018-12-05,2018-11-23,2018-12-18,2018-11-29,2018-10-29,0.786,0.798,0.75,0.762,0.738,0.732,2019-01-18,2019-01-11,2019-01-07,2019-01-17,2019-01-08,2019-01-04,2489500,3803334,1936500,7.48,17.21,-2.97,-0.007,-0.005,0.013,-0.008,-0.007,0.004,-0.00467,-0.00236,0.0109,-0.00411,0.00054,0.01815,79.06,68.658,82.407,22.222,9.722,61.611,41.667,50.0,16.667,25.0,8.333,4.167,44.231,52.83,61.765,39.583,38.889,35.714,2019-01-18,2019-01-15,2019-01-03,2019-01-17,2019-01-10,2018-12-20,2019-01-14,2019-01-03,2018-12-24,2019-01-22,2019-01-08,2018-12-31,2019-01-18,2019-01-11,2019-01-07,2019-01-17,2019-01-08,2019-01-04,2019-01-18,2019-01-09,2019-01-03,2019-01-17,2019-01-04,2018-12-26,1,0,0,0,0,0,0,1,1,0,1,0,0,0,0,0,0,0,0,1,1,0,0,1,0,0,,,,,p2n,n2p,p2n,n2p,p2n,Life.BullEnd,Life.BearStart,Life.BullRetrace,Life.Bull,Life.BearStart,,
2019-01-23,0.73298,,,,,0.78149,0.77313,0.71939,0.62527,0.76929,0.78181,-0.01252,-0.00686,-0.00566,,,-3.0,6.47,-4.76,3.33,-1.88,9.17,-6.77,32.8,4.0,16.0,12.0,8.0,8.0,18.0,24.0,39.0,-0.0,-0.036,0.00814,-0.01714,0.475,32.20339,,,-12.02761,7.40741,23.30247,7.407,,23.28042,23.96384,,23.28,1.4786,0.621,1.5622,0.0836,-0.8576,0.9412,0,0,0,,,,,0.15,,,,0.816,0.849,0.851,0.795,0.846,0.608,2018-12-27,2018-12-05,2018-11-23,2018-12-18,2018-11-29,2018-10-29,0.786,0.798,0.75,0.762,0.738,0.732,2019-01-18,2019-01-11,2019-01-07,2019-01-17,2019-01-08,2019-01-04,3803334,1936500,10034668,17.21,-2.97,91.69,-0.007,-0.005,0.013,-0.008,-0.007,0.004,-0.00467,-0.00236,0.0109,-0.00411,0.00054,0.01815,23.28,79.06,68.658,22.222,9.722,61.611,41.667,50.0,16.667,7.407,25.0,8.333,44.231,52.83,61.765,39.583,38.889,35.714,2019-01-18,2019-01-15,2019-01-03,2019-01-17,2019-01-10,2018-12-20,2019-01-23,2019-01-14,2019-01-03,2019-01-22,2019-01-08,2018-12-31,2019-01-18,2019-01-11,2019-01-07,2019-01-23,2019-01-17,2019-01-08,2019-01-18,2019-01-09,2019-01-03,2019-01-17,2019-01-04,2018-12-26,1,0,0,0,0,0,0,1,1,0,1,0,1,0,0,0,0,0,1,0,1,0,0,1,0,0,-10034668.0,,,,n2p,p2n,n2p,p2n,n2p,Life.BullEnd,Life.BearStart,Life.BullRetrace,Life.Bull,Life.BearStart,,
2019-01-24,0.72416,,,,,0.7763,0.77081,0.71928,0.62616,0.76079,0.77679,-0.016,-0.00868,-0.00732,,,-1.82,6.47,-4.76,3.33,-1.88,9.17,-6.77,32.8,3.0,16.0,12.0,8.0,8.0,18.0,24.0,39.0,-0.0,-0.006,0.00729,-0.01757,0.41463,29.31034,29.31,,-14.92066,15.78947,14.67674,,15.789,11.0119,18.83818,11.012,,1.4465,0.5702,1.5014,0.0549,-0.8763,0.9312,0,0,0,,,,,0.15,,,,0.816,0.849,0.851,0.795,0.846,0.608,2018-12-27,2018-12-05,2018-11-23,2018-12-18,2018-11-29,2018-10-29,0.786,0.798,0.75,0.762,0.738,0.732,2019-01-18,2019-01-11,2019-01-07,2019-01-17,2019-01-08,2019-01-04,1936500,10034668,5110001,-2.97,91.69,8.28,-0.007,-0.005,0.013,-0.008,-0.007,0.004,-0.00467,-0.00236,0.0109,-0.00411,0.00054,0.01815,23.28,79.06,68.658,11.012,22.222,9.722,15.789,41.667,50.0,7.407,25.0,8.333,44.231,52.83,61.765,29.31,39.583,38.889,2019-01-18,2019-01-15,2019-01-03,2019-01-17,2019-01-10,2018-12-20,2019-01-23,2019-01-14,2019-01-03,2019-01-24,2019-01-22,2019-01-08,2019-01-24,2019-01-18,2019-01-11,2019-01-23,2019-01-17,2019-01-08,2019-01-18,2019-01-09,2019-01-03,2019-01-24,2019-01-17,2019-01-04,1,0,0,0,0,0,0,1,1,0,1,0,1,0,0,0,1,0,1,0,1,0,1,0,0,0,,,,,n2p,p2n,n2p,p2n,n2p,Life.BullEnd,Life.BearStart,Life.BullRetrace,Life.Bull,Life.BearStart,,
2019-01-25,0.71724,,,,,0.77058,0.76811,0.71894,0.62691,0.75174,0.77125,-0.01951,-0.01085,-0.00866,,,-0.87,6.47,-4.76,3.33,-1.88,9.17,-6.77,32.8,2.0,16.0,12.0,8.0,8.0,18.0,24.0,39.0,-0.0,-0.012,0.00729,-0.00943,0.77273,43.58974,,43.59,14.27974,14.28571,12.4942,,,16.56746,16.95326,,16.567,1.412,0.5164,1.4367,0.0247,-0.8956,0.9203,0,0,0,,,,,0.15,,,,0.816,0.849,0.851,0.795,0.846,0.608,2018-12-27,2018-12-05,2018-11-23,2018-12-18,2018-11-29,2018-10-29,0.786,0.798,0.75,0.762,0.738,0.732,2019-01-18,2019-01-11,2019-01-07,2019-01-17,2019-01-08,2019-01-04,10034668,5110001,8272501,91.69,8.28,37.09,-0.007,-0.005,0.013,-0.008,-0.007,0.004,-0.00467,-0.00236,0.0109,-0.00411,0.00054,0.01815,16.567,23.28,79.06,11.012,22.222,9.722,15.789,41.667,50.0,7.407,25.0,8.333,43.59,44.231,52.83,29.31,39.583,38.889,2019-01-18,2019-01-15,2019-01-03,2019-01-17,2019-01-10,2018-12-20,2019-01-25,2019-01-23,2019-01-14,2019-01-24,2019-01-22,2019-01-08,2019-01-24,2019-01-18,2019-01-11,2019-01-23,2019-01-17,2019-01-08,2019-01-25,2019-01-18,2019-01-09,2019-01-24,2019-01-17,2019-01-04,1,0,0,0,0,0,0,1,1,0,1,0,1,0,0,0,1,0,1,0,1,0,1,0,0,0,,,,,n2p,p2n,n2p,p2n,n2p,Life.BullEnd,Life.BearStart,Life.BullRetrace,Life.Bull,Life.BearStart,,
2019-01-28,0.71286,,,,,0.76392,0.76481,0.71825,0.62748,0.74132,0.76479,-0.02347,-0.01337,-0.01009,,,-0.26,6.47,-4.76,3.33,-1.88,9.17,-6.77,32.8,1.0,16.0,12.0,8.0,8.0,18.0,24.0,39.0,-0.0,-0.018,0.006,-0.01071,0.56,35.89744,,,-7.69256,0.0,10.02506,0.0,,11.80556,13.12831,11.806,,1.3733,0.4656,1.3733,0.0,-0.9077,0.9077,0,0,0,,,,,0.15,,,,0.816,0.849,0.851,0.795,0.846,0.608,2018-12-27,2018-12-05,2018-11-23,2018-12-18,2018-11-29,2018-10-29,0.786,0.798,0.75,0.762,0.738,0.732,2019-01-18,2019-01-11,2019-01-07,2019-01-17,2019-01-08,2019-01-04,5110001,8272501,2240833,8.28,37.09,-33.28,-0.007,-0.005,0.013,-0.008,-0.007,0.004,-0.00467,-0.00236,0.0109,-0.00411,0.00054,0.01815,16.567,23.28,79.06,11.806,11.012,22.222,15.789,41.667,50.0,0.0,7.407,25.0,43.59,44.231,52.83,29.31,39.583,38.889,2019-01-18,2019-01-15,2019-01-03,2019-01-17,2019-01-10,2018-12-20,2019-01-25,2019-01-23,2019-01-14,2019-01-28,2019-01-24,2019-01-22,2019-01-24,2019-01-18,2019-01-11,2019-01-28,2019-01-23,2019-01-17,2019-01-25,2019-01-18,2019-01-09,2019-01-24,2019-01-17,2019-01-04,1,0,0,0,0,0,0,1,1,0,1,0,1,0,0,0,1,0,1,0,1,0,1,0,0,0,,,-2240833.0,,p2n,n2p,p2n,n2p,p2n,Life.BullEnd,Life.BearStart,Life.BullRetrace,Life.Bull,Life.BearStart,,
2019-01-29,0.71142,0.711,,0.672,,0.75685,0.76117,0.71733,0.62792,0.73066,0.75791,-0.02726,-0.01615,-0.01111,,,6.41,-4.76,3.33,-1.88,9.17,-6.77,32.8,-8.4,16.0,12.0,8.0,8.0,18.0,24.0,39.0,16.0,-0.0,-0.012,0.006,-0.01071,0.56,35.89744,,,-7.69256,17.85714,10.71429,,,13.13131,13.83478,,,1.3325,0.4384,1.3325,0.0,-0.8941,0.8941,0,0,0,,,,,0.15,,,,0.816,0.849,0.851,0.711,0.795,0.846,2018-12-27,2018-12-05,2018-11-23,2019-01-29,2018-12-18,2018-11-29,0.786,0.798,0.75,0.672,0.762,0.738,2019-01-18,2019-01-11,2019-01-07,2019-01-29,2019-01-17,2019-01-08,8272501,2240833,4528667,37.09,-33.28,-3.72,-0.007,-0.005,0.013,-0.008,-0.007,0.004,-0.00467,-0.00236,0.0109,-0.00411,0.00054,0.01815,16.567,23.28,79.06,11.806,11.012,22.222,15.789,41.667,50.0,0.0,7.407,25.0,43.59,44.231,52.83,29.31,39.583,38.889,2019-01-18,2019-01-15,2019-01-03,2019-01-17,2019-01-10,2018-12-20,2019-01-25,2019-01-23,2019-01-14,2019-01-28,2019-01-24,2019-01-22,2019-01-24,2019-01-18,2019-01-11,2019-01-28,2019-01-23,2019-01-17,2019-01-25,2019-01-18,2019-01-09,2019-01-24,2019-01-17,2019-01-04,1,0,1,0,0,0,1,0,1,0,1,0,1,0,0,0,1,0,1,0,1,0,1,0,0,0,,,,,p2n,n2p,p2n,n2p,p2n,Life.BullEnd,Life.BearStart,Life.BullRetrace,Life.Bull,Life.BearStart,,
2019-01-30,0.713,,,,,0.75263,0.75885,0.71703,0.62866,0.72625,0.75377,-0.02752,-0.01842,-0.0091,-0.028,,6.17,-4.76,3.33,-1.88,9.17,-6.77,32.8,-8.4,15.0,12.0,8.0,8.0,18.0,24.0,39.0,16.0,0.03,0.0,0.006,-0.01071,0.56,35.89744,35.897,,-7.69256,35.71429,17.85714,,,29.79798,18.24495,,,1.3019,0.4182,1.3019,0.0,-0.8837,0.8837,0,0,0,,,,,0.15,,,,0.816,0.849,0.851,0.711,0.795,0.846,2018-12-27,2018-12-05,2018-11-23,2019-01-29,2018-12-18,2018-11-29,0.786,0.798,0.75,0.672,0.762,0.738,2019-01-18,2019-01-11,2019-01-07,2019-01-29,2019-01-17,2019-01-08,2240833,4528667,8318834,-33.28,-3.72,0.31,-0.007,-0.005,0.013,-0.028,-0.008,-0.007,-0.00467,-0.00236,0.0109,-0.01842,-0.00411,0.00054,16.567,23.28,79.06,11.806,11.012,22.222,15.789,41.667,50.0,0.0,7.407,25.0,43.59,44.231,52.83,35.897,29.31,39.583,2019-01-18,2019-01-15,2019-01-03,2019-01-30,2019-01-17,2019-01-10,2019-01-25,2019-01-23,2019-01-14,2019-01-28,2019-01-24,2019-01-22,2019-01-24,2019-01-18,2019-01-11,2019-01-28,2019-01-23,2019-01-17,2019-01-25,2019-01-18,2019-01-09,2019-01-30,2019-01-24,2019-01-17,1,0,1,0,0,0,1,0,1,0,1,0,1,0,0,0,1,0,1,0,1,0,0,0,0,0,,,,,p2n,n2p,p2n,n2p,p2n,Life.BullEnd,Life.BearStart,Life.BullRetrace,Life.Bull,Life.BearStart,,
2019-01-31,0.71733,,,,0.738,0.75151,0.75804,0.71744,0.62975,0.72806,0.7526,-0.02455,-0.01965,-0.0049,,,5.53,-4.76,3.33,-1.88,9.17,-6.77,32.8,-8.4,14.0,12.0,8.0,8.0,18.0,24.0,39.0,16.0,0.036,0.0,0.00729,-0.01071,0.68,40.47619,,40.476,4.57919,57.14286,36.90476,,57.143,59.42761,34.11897,,,1.2829,0.406,1.2829,0.0,-0.8769,0.8769,0,0,0,,,,,0.15,,,,0.816,0.849,0.851,0.711,0.795,0.846,2018-12-27,2018-12-05,2018-11-23,2019-01-29,2018-12-18,2018-11-29,0.738,0.786,0.798,0.672,0.762,0.738,2019-01-31,2019-01-18,2019-01-11,2019-01-29,2019-01-17,2019-01-08,4528667,8318834,8316334,-3.72,0.31,40.27,-0.007,-0.005,0.013,-0.028,-0.008,-0.007,-0.00467,-0.00236,0.0109,-0.01842,-0.00411,0.00054,16.567,23.28,79.06,11.806,11.012,22.222,57.143,15.789,41.667,0.0,7.407,25.0,40.476,43.59,44.231,35.897,29.31,39.583,2019-01-18,2019-01-15,2019-01-03,2019-01-30,2019-01-17,2019-01-10,2019-01-25,2019-01-23,2019-01-14,2019-01-28,2019-01-24,2019-01-22,2019-01-31,2019-01-24,2019-01-18,2019-01-28,2019-01-23,2019-01-17,2019-01-31,2019-01-25,2019-01-18,2019-01-30,2019-01-24,2019-01-17,1,0,1,0,1,0,1,0,1,0,1,0,1,0,0,0,0,1,1,0,1,0,0,0,0,0,,,,,p2n,n2p,p2n,n2p,p2n,Life.BullEnd,Life.BearStart,Life.BullRetrace,Life.Bull,Life.BearStart,,
2019-02-07,0.72358,,,0.714,,0.74862,0.75631,0.71737,0.63059,0.72589,0.74974,-0.02385,-0.02049,-0.00336,,,4.62,-4.76,3.33,-1.88,9.17,-6.77,32.8,-8.4,9.0,12.0,8.0,8.0,18.0,24.0,39.0,16.0,-0.0,-0.024,0.00643,-0.01243,0.51724,34.09091,34.091,,-6.38509,42.85714,45.2381,42.857,,74.07407,54.43322,,,1.2572,0.3894,1.2572,0.0,-0.8678,0.8678,0,0,0,,,,,0.15,,,,0.816,0.849,0.851,0.711,0.795,0.846,2018-12-27,2018-12-05,2018-11-23,2019-01-29,2018-12-18,2018-11-29,0.738,0.786,0.798,0.714,0.672,0.762,2019-01-31,2019-01-18,2019-01-11,2019-02-07,2019-01-29,2019-01-17,8318834,8316334,1031333,0.31,40.27,-16.53,-0.007,-0.005,0.013,-0.028,-0.008,-0.007,-0.00467,-0.00236,0.0109,-0.01842,-0.00411,0.00054,16.567,23.28,79.06,11.806,11.012,22.222,57.143,15.789,41.667,42.857,0.0,7.407,40.476,43.59,44.231,34.091,35.897,29.31,2019-01-18,2019-01-15,2019-01-03,2019-01-30,2019-01-17,2019-01-10,2019-01-25,2019-01-23,2019-01-14,2019-01-28,2019-01-24,2019-01-22,2019-01-31,2019-01-24,2019-01-18,2019-02-07,2019-01-28,2019-01-23,2019-01-31,2019-01-25,2019-01-18,2019-02-07,2019-01-30,2019-01-24,1,0,1,0,1,0,0,0,1,0,1,0,1,0,0,0,0,1,0,1,1,0,0,0,0,0,,,-1031333.0,,n2p,p2n,n2p,p2n,p2n,Life.BullEnd,Life.BearStart,Life.BullRetrace,Life.Bull,Life.BearStart,,
2019-02-08,0.73057,,,,,0.74734,0.75536,0.71766,0.63159,0.72683,0.74843,-0.0216,-0.02071,-0.00089,,,3.62,-4.76,3.33,-1.88,9.17,-6.77,32.8,-8.4,8.0,12.0,8.0,8.0,18.0,24.0,39.0,16.0,0.018,0.0,0.00771,-0.01157,0.66667,40.0,,,5.909,57.69231,52.5641,,,79.62963,71.04377,,79.63,1.2377,0.377,1.2377,0.0,-0.8607,0.8607,0,0,0,,,,,0.15,,,,0.816,0.849,0.851,0.711,0.795,0.846,2018-12-27,2018-12-05,2018-11-23,2019-01-29,2018-12-18,2018-11-29,0.738,0.786,0.798,0.714,0.672,0.762,2019-01-31,2019-01-18,2019-01-11,2019-02-07,2019-01-29,2019-01-17,8316334,1031333,1425166,40.27,-16.53,-39.02,-0.007,-0.005,0.013,-0.028,-0.008,-0.007,-0.00467,-0.00236,0.0109,-0.01842,-0.00411,0.00054,79.63,16.567,23.28,11.806,11.012,22.222,57.143,15.789,41.667,42.857,0.0,7.407,40.476,43.59,44.231,34.091,35.897,29.31,2019-01-18,2019-01-15,2019-01-03,2019-01-30,2019-01-17,2019-01-10,2019-02-08,2019-01-25,2019-01-23,2019-01-28,2019-01-24,2019-01-22,2019-01-31,2019-01-24,2019-01-18,2019-02-07,2019-01-28,2019-01-23,2019-01-31,2019-01-25,2019-01-18,2019-02-07,2019-01-30,2019-01-24,1,0,1,0,1,0,0,0,1,0,1,0,0,1,0,0,0,1,0,1,1,0,0,0,0,0,,,,,n2p,p2n,n2p,p2n,p2n,Life.BullEnd,Life.BearStart,Life.BullRetrace,Life.Bull,Life.BearStart,,
2019-02-11,0.73729,,,,,0.74616,0.75444,0.71795,0.63259,0.72763,0.74721,-0.01959,-0.02049,0.0009,,,2.67,-4.76,3.33,-1.88,9.17,-6.77,32.8,-8.4,7.0,12.0,8.0,8.0,18.0,24.0,39.0,16.0,0.0,0.0,0.00771,-0.01157,0.66667,40.0,,,5.909,60.0,53.51648,,,75.64103,76.44824,75.641,,1.2185,0.3649,1.2185,0.0,-0.8536,0.8536,0,0,0,,,,,0.15,,,,0.816,0.849,0.851,0.711,0.795,0.846,2018-12-27,2018-12-05,2018-11-23,2019-01-29,2018-12-18,2018-11-29,0.738,0.786,0.798,0.714,0.672,0.762,2019-01-31,2019-01-18,2019-01-11,2019-02-07,2019-01-29,2019-01-17,1031333,1425166,3526667,-16.53,-39.02,-44.46,-0.007,-0.005,0.013,-0.028,-0.008,-0.007,-0.00467,-0.00236,0.0109,-0.01842,-0.00411,0.00054,79.63,16.567,23.28,75.641,11.806,11.012,57.143,15.789,41.667,42.857,0.0,7.407,40.476,43.59,44.231,34.091,35.897,29.31,2019-01-18,2019-01-15,2019-01-03,2019-01-30,2019-01-17,2019-01-10,2019-02-08,2019-01-25,2019-01-23,2019-02-11,2019-01-28,2019-01-24,2019-01-31,2019-01-24,2019-01-18,2019-02-07,2019-01-28,2019-01-23,2019-01-31,2019-01-25,2019-01-18,2019-02-07,2019-01-30,2019-01-24,1,0,1,0,1,0,0,0,1,0,1,0,0,1,0,1,0,1,0,1,1,0,0,0,0,0,,,,,n2p,p2n,n2p,p2n,p2n,Life.BullEnd,Life.BearStart,Life.BullRetrace,Life.Bull,Life.BearStart,,
2019-02-12,0.74306,,,,0.762,0.74738,0.75474,0.71882,0.63388,0.73292,0.74831,-0.01539,-0.01947,0.00407,,,1.88,-4.76,3.33,-1.88,9.17,-6.77,32.8,-8.4,6.0,12.0,8.0,8.0,18.0,24.0,39.0,16.0,0.03,0.0,0.00986,-0.01029,0.95833,48.93617,,,14.84517,80.0,65.89744,,80.0,83.4188,79.56315,,83.419,1.2086,0.3592,1.2086,0.0,-0.8494,0.8494,0,0,0,,,,,0.15,,,,0.816,0.849,0.851,0.711,0.795,0.846,2018-12-27,2018-12-05,2018-11-23,2019-01-29,2018-12-18,2018-11-29,0.762,0.738,0.786,0.714,0.672,0.762,2019-02-12,2019-01-31,2019-01-18,2019-02-07,2019-01-29,2019-01-17,1425166,3526667,9828835,-39.02,-44.46,147.04,-0.007,-0.005,0.013,-0.028,-0.008,-0.007,-0.00467,-0.00236,0.0109,-0.01842,-0.00411,0.00054,83.419,79.63,16.567,75.641,11.806,11.012,80.0,57.143,15.789,42.857,0.0,7.407,40.476,43.59,44.231,34.091,35.897,29.31,2019-01-18,2019-01-15,2019-01-03,2019-01-30,2019-01-17,2019-01-10,2019-02-12,2019-02-08,2019-01-25,2019-02-11,2019-01-28,2019-01-24,2019-02-12,2019-01-31,2019-01-24,2019-02-07,2019-01-28,2019-01-23,2019-01-31,2019-01-25,2019-01-18,2019-02-07,2019-01-30,2019-01-24,1,0,1,0,0,0,0,0,1,0,1,0,0,1,0,1,0,1,0,1,1,0,0,0,0,0,9828835.0,,,,p2n,n2p,p2n,p2n,n2p,Life.BullEnd,Life.BearStart,Life.BullRetrace,Life.Bull,Life.BearStart,,
2019-02-13,0.74758,,,0.756,,0.74804,0.75479,0.71956,0.6351,0.73647,0.74888,-0.01241,-0.01806,0.00565,,,1.26,-4.76,3.33,-1.88,9.17,-6.77,32.8,-8.4,5.0,12.0,8.0,8.0,18.0,24.0,39.0,16.0,-0.0,-0.006,0.00986,-0.01029,0.95833,48.93617,,48.936,14.84517,76.0,72.0,76.0,,79.88345,79.64776,79.883,,1.1969,0.3523,1.1969,0.0,-0.8446,0.8446,0,0,0,,,,,0.15,,,,0.816,0.849,0.851,0.711,0.795,0.846,2018-12-27,2018-12-05,2018-11-23,2019-01-29,2018-12-18,2018-11-29,0.762,0.738,0.786,0.756,0.714,0.672,2019-02-12,2019-01-31,2019-01-18,2019-02-13,2019-02-07,2019-01-29,3526667,9828835,2864167,-44.46,147.04,9.74,-0.007,-0.005,0.013,-0.028,-0.008,-0.007,-0.00467,-0.00236,0.0109,-0.01842,-0.00411,0.00054,83.419,79.63,16.567,79.883,75.641,11.806,80.0,57.143,15.789,76.0,42.857,0.0,48.936,40.476,43.59,34.091,35.897,29.31,2019-01-18,2019-01-15,2019-01-03,2019-01-30,2019-01-17,2019-01-10,2019-02-12,2019-02-08,2019-01-25,2019-02-13,2019-02-11,2019-01-28,2019-02-12,2019-01-31,2019-01-24,2019-02-13,2019-02-07,2019-01-28,2019-02-13,2019-01-31,2019-01-25,2019-02-07,2019-01-30,2019-01-24,1,0,1,0,0,0,0,1,1,0,1,0,0,1,0,1,0,1,0,1,0,1,0,0,0,0,,,,,p2n,n2p,p2n,p2n,n2p,Life.BullEnd,Life.BearStart,Life.BullRetrace,Life.Bull,Life.BearStart,,
2019-02-14,0.75104,,,,0.768,0.74958,0.7553,0.72052,0.63642,0.74132,0.75029,-0.00898,-0.01624,0.00726,,,0.79,-4.76,3.33,-1.88,9.17,-6.77,32.8,-8.4,4.0,12.0,8.0,8.0,18.0,24.0,39.0,16.0,0.012,0.0,0.009,-0.01029,0.875,46.66667,46.667,,-2.26933,91.30435,82.43478,,91.304,84.54545,82.6159,,84.545,1.1888,0.3478,1.1888,0.0,-0.841,0.841,0,0,0,,,,,0.15,,,,0.816,0.849,0.851,0.711,0.795,0.846,2018-12-27,2018-12-05,2018-11-23,2019-01-29,2018-12-18,2018-11-29,0.768,0.762,0.738,0.756,0.714,0.672,2019-02-14,2019-02-12,2019-01-31,2019-02-13,2019-02-07,2019-01-29,9828835,2864167,1846333,147.04,9.74,-10.36,-0.007,-0.005,0.013,-0.028,-0.008,-0.007,-0.00467,-0.00236,0.0109,-0.01842,-0.00411,0.00054,84.545,83.419,79.63,79.883,75.641,11.806,91.304,80.0,57.143,76.0,42.857,0.0,48.936,40.476,43.59,46.667,34.091,35.897,2019-01-18,2019-01-15,2019-01-03,2019-01-30,2019-01-17,2019-01-10,2019-02-14,2019-02-12,2019-02-08,2019-02-13,2019-02-11,2019-01-28,2019-02-14,2019-02-12,2019-01-31,2019-02-13,2019-02-07,2019-01-28,2019-02-13,2019-01-31,2019-01-25,2019-02-14,2019-02-07,2019-01-30,1,0,1,0,0,1,0,1,1,0,1,0,0,1,0,1,0,1,0,1,0,1,0,1,0,0,,,,,p2n,n2p,p2n,p2n,n2p,Life.BullEnd,Life.BearStart,Life.BullRetrace,Life.Bull,Life.BearStart,,
2019-02-15,0.75377,,,,,0.75007,0.75533,0.72122,0.63761,0.74358,0.75072,-0.00714,-0.01442,0.00728,,,0.43,-4.76,3.33,-1.88,9.17,-6.77,32.8,-8.4,3.0,12.0,8.0,8.0,18.0,24.0,39.0,16.0,-0.0,-0.012,0.009,-0.009,1.0,50.0,,,3.333,86.36364,84.55599,,,76.76768,80.39886,,,1.1772,0.3411,1.1772,0.0,-0.8361,0.8361,0,0,0,,,,,0.15,,,,0.816,0.849,0.851,0.711,0.795,0.846,2018-12-27,2018-12-05,2018-11-23,2019-01-29,2018-12-18,2018-11-29,0.768,0.762,0.738,0.756,0.714,0.672,2019-02-14,2019-02-12,2019-01-31,2019-02-13,2019-02-07,2019-01-29,2864167,1846333,1339166,9.74,-10.36,-58.39,-0.007,-0.005,0.013,-0.028,-0.008,-0.007,-0.00467,-0.00236,0.0109,-0.01842,-0.00411,0.00054,84.545,83.419,79.63,79.883,75.641,11.806,91.304,80.0,57.143,76.0,42.857,0.0,48.936,40.476,43.59,46.667,34.091,35.897,2019-01-18,2019-01-15,2019-01-03,2019-01-30,2019-01-17,2019-01-10,2019-02-14,2019-02-12,2019-02-08,2019-02-13,2019-02-11,2019-01-28,2019-02-14,2019-02-12,2019-01-31,2019-02-13,2019-02-07,2019-01-28,2019-02-13,2019-01-31,2019-01-25,2019-02-14,2019-02-07,2019-01-30,1,0,1,0,0,1,0,1,1,0,1,0,0,1,0,1,0,1,0,1,0,1,0,1,0,0,,,,-1339166.0,n2p,p2n,p2n,n2p,n2n,Life.BullEnd,Life.BearStart,Life.BullRetrace,Life.Bull,Life.BearStart,,
2019-02-18,0.75584,,,,,0.75053,0.75536,0.72191,0.63879,0.74549,0.75111,-0.00562,-0.01266,0.00704,,,0.15,-4.76,3.33,-1.88,9.17,-6.77,32.8,-8.4,2.0,12.0,8.0,8.0,18.0,24.0,39.0,16.0,0.0,0.0,0.009,-0.00643,1.4,58.33333,,58.333,11.66633,82.6087,86.75889,,,71.04377,77.4523,,,1.1657,0.3345,1.1657,0.0,-0.8312,0.8312,0,0,0,,,,,0.15,,,,0.816,0.849,0.851,0.711,0.795,0.846,2018-12-27,2018-12-05,2018-11-23,2019-01-29,2018-12-18,2018-11-29,0.768,0.762,0.738,0.756,0.714,0.672,2019-02-14,2019-02-12,2019-01-31,2019-02-13,2019-02-07,2019-01-29,1846333,1339166,6451167,-10.36,-58.39,59.29,-0.007,-0.005,0.013,-0.028,-0.008,-0.007,-0.00467,-0.00236,0.0109,-0.01842,-0.00411,0.00054,84.545,83.419,79.63,79.883,75.641,11.806,91.304,80.0,57.143,76.0,42.857,0.0,58.333,48.936,40.476,46.667,34.091,35.897,2019-01-18,2019-01-15,2019-01-03,2019-01-30,2019-01-17,2019-01-10,2019-02-14,2019-02-12,2019-02-08,2019-02-13,2019-02-11,2019-01-28,2019-02-14,2019-02-12,2019-01-31,2019-02-13,2019-02-07,2019-01-28,2019-02-18,2019-02-13,2019-01-31,2019-02-14,2019-02-07,2019-01-30,1,0,1,0,0,1,0,1,1,0,1,0,0,1,0,1,0,1,0,1,0,1,0,1,0,0,6451167.0,,,,p2n,p2n,n2p,n2n,n2p,Life.BullEnd,Life.BearStart,Life.BullRetrace,Life.Bull,Life.BearStart,,
2019-02-19,0.75694,,,0.738,,0.74956,0.75468,0.72223,0.63977,0.74434,0.75014,-0.0058,-0.01129,0.00549,,,0.01,-4.76,3.33,-1.88,9.17,-6.77,32.8,-8.4,1.0,12.0,8.0,8.0,18.0,24.0,39.0,16.0,-0.0,-0.018,0.009,-0.00729,1.23529,55.26316,55.263,,-3.06984,69.56522,79.51252,69.565,,44.90741,64.23962,,,1.1491,0.3245,1.1491,0.0,-0.8246,0.8246,0,0,0,,,,,0.15,,,,0.816,0.849,0.851,0.711,0.795,0.846,2018-12-27,2018-12-05,2018-11-23,2019-01-29,2018-12-18,2018-11-29,0.768,0.762,0.738,0.738,0.756,0.714,2019-02-14,2019-02-12,2019-01-31,2019-02-19,2019-02-13,2019-02-07,1339166,6451167,2882167,-58.39,59.29,10.75,-0.007,-0.005,0.013,-0.028,-0.008,-0.007,-0.00467,-0.00236,0.0109,-0.01842,-0.00411,0.00054,84.545,83.419,79.63,79.883,75.641,11.806,91.304,80.0,57.143,69.565,76.0,42.857,58.333,48.936,40.476,55.263,46.667,34.091,2019-01-18,2019-01-15,2019-01-03,2019-01-30,2019-01-17,2019-01-10,2019-02-14,2019-02-12,2019-02-08,2019-02-13,2019-02-11,2019-01-28,2019-02-14,2019-02-12,2019-01-31,2019-02-19,2019-02-13,2019-02-07,2019-02-18,2019-02-13,2019-01-31,2019-02-19,2019-02-14,2019-02-07,1,0,1,0,0,1,0,0,1,0,1,0,0,1,0,1,0,1,0,0,0,1,0,1,0,0,,,,,p2n,p2n,n2p,n2n,n2p,Life.BullEnd,Life.BearStart,Life.BullRetrace,Life.Bull,Life.BearStart,,
2019-02-20,0.75689,,0.757,,,0.7496,0.75449,0.72278,0.64087,0.74521,0.75013,-0.00492,-0.01001,0.00509,,,-4.74,3.33,-1.88,9.17,-6.77,32.8,-8.4,1.66,12.0,8.0,8.0,18.0,24.0,39.0,16.0,7.0,0.012,0.0,0.00986,-0.00643,1.53333,60.52632,,,5.26332,78.26087,76.81159,,,35.18519,50.37879,,,1.1362,0.3171,1.1362,0.0,-0.8191,0.8191,0,0,0,,,,,0.15,,,,0.757,0.816,0.849,0.711,0.795,0.846,2019-02-20,2018-12-27,2018-12-05,2019-01-29,2018-12-18,2018-11-29,0.768,0.762,0.738,0.738,0.756,0.714,2019-02-14,2019-02-12,2019-01-31,2019-02-19,2019-02-13,2019-02-07,6451167,2882167,3172833,59.29,10.75,17.18,-0.007,-0.005,0.013,-0.028,-0.008,-0.007,-0.00467,-0.00236,0.0109,-0.01842,-0.00411,0.00054,84.545,83.419,79.63,79.883,75.641,11.806,91.304,80.0,57.143,69.565,76.0,42.857,58.333,48.936,40.476,55.263,46.667,34.091,2019-01-18,2019-01-15,2019-01-03,2019-01-30,2019-01-17,2019-01-10,2019-02-14,2019-02-12,2019-02-08,2019-02-13,2019-02-11,2019-01-28,2019-02-14,2019-02-12,2019-01-31,2019-02-19,2019-02-13,2019-02-07,2019-02-18,2019-02-13,2019-01-31,2019-02-19,2019-02-14,2019-02-07,1,0,1,0,0,1,0,0,1,0,1,0,0,1,0,1,0,1,0,0,0,1,0,1,0,0,,,,,p2n,p2n,n2p,n2n,n2p,Life.BullEnd,Life.BearStart,Life.BullRetrace,Life.Bull,Life.BearStart,,
2019-02-21,0.7558,,,,,0.75009,0.75455,0.72343,0.64202,0.74687,0.75056,-0.00369,-0.00875,0.00506,,,-4.6,3.33,-1.88,9.17,-6.77,32.8,-8.4,1.66,11.0,8.0,8.0,18.0,24.0,39.0,16.0,7.0,0.006,0.0,0.01029,-0.00514,2.0,66.66667,,,11.40367,82.6087,76.81159,,,33.33333,37.80864,33.333,,1.1253,0.3112,1.1253,0.0,-0.8141,0.8141,0,0,0,,,,,0.15,,,,0.757,0.816,0.849,0.711,0.795,0.846,2019-02-20,2018-12-27,2018-12-05,2019-01-29,2018-12-18,2018-11-29,0.768,0.762,0.738,0.738,0.756,0.714,2019-02-14,2019-02-12,2019-01-31,2019-02-19,2019-02-13,2019-02-07,2882167,3172833,2233000,10.75,17.18,-33.73,-0.007,-0.005,0.013,-0.028,-0.008,-0.007,-0.00467,-0.00236,0.0109,-0.01842,-0.00411,0.00054,84.545,83.419,79.63,33.333,79.883,75.641,91.304,80.0,57.143,69.565,76.0,42.857,58.333,48.936,40.476,55.263,46.667,34.091,2019-01-18,2019-01-15,2019-01-03,2019-01-30,2019-01-17,2019-01-10,2019-02-14,2019-02-12,2019-02-08,2019-02-21,2019-02-13,2019-02-11,2019-02-14,2019-02-12,2019-01-31,2019-02-19,2019-02-13,2019-02-07,2019-02-18,2019-02-13,2019-01-31,2019-02-19,2019-02-14,2019-02-07,1,0,1,0,0,1,0,0,1,0,1,0,0,1,1,0,0,1,0,0,0,1,0,1,0,0,,,2233000.0,,p2n,n2p,n2n,n2p,p2n,Life.BullEnd,Life.BearStart,Life.BullRetrace,Life.Bull,Life.BearStart,,
2019-02-22,0.75376,,,,,0.75239,0.75555,0.72455,0.64339,0.75197,0.75274,-0.00078,-0.00716,0.00638,,,-4.35,3.33,-1.88,9.17,-6.77,32.8,-8.4,1.66,10.0,8.0,8.0,18.0,24.0,39.0,16.0,7.0,0.024,0.0,0.012,-0.00429,2.8,73.68421,,73.684,18.42121,90.0,83.62319,,90.0,55.83333,41.45062,,,1.1216,0.31,1.1216,0.0,-0.8116,0.8116,0,0,0,,,,,0.15,,,,0.757,0.816,0.849,0.711,0.795,0.846,2019-02-20,2018-12-27,2018-12-05,2019-01-29,2018-12-18,2018-11-29,0.768,0.762,0.738,0.738,0.756,0.714,2019-02-14,2019-02-12,2019-01-31,2019-02-19,2019-02-13,2019-02-07,3172833,2233000,9034668,17.18,-33.73,74.23,-0.007,-0.005,0.013,-0.028,-0.008,-0.007,-0.00467,-0.00236,0.0109,-0.01842,-0.00411,0.00054,84.545,83.419,79.63,33.333,79.883,75.641,90.0,91.304,80.0,69.565,76.0,42.857,73.684,58.333,48.936,55.263,46.667,34.091,2019-01-18,2019-01-15,2019-01-03,2019-01-30,2019-01-17,2019-01-10,2019-02-14,2019-02-12,2019-02-08,2019-02-21,2019-02-13,2019-02-11,2019-02-22,2019-02-14,2019-02-12,2019-02-19,2019-02-13,2019-02-07,2019-02-22,2019-02-18,2019-02-13,2019-02-19,2019-02-14,2019-02-07,1,0,1,0,0,1,0,0,1,0,1,0,0,1,1,0,0,0,0,0,0,1,0,1,0,0,9034668.0,,,,n2p,n2n,n2p,p2n,n2p,Life.BullEnd,Life.BearStart,Life.BullRetrace,Life.Bull,Life.BearStart,,
2019-02-25,0.75093,,,,0.792,0.75544,0.75698,0.72589,0.64487,0.75812,0.75565,0.00247,-0.00523,0.0077,,0.002,-3.99,3.33,-1.88,9.17,-6.77,32.8,-8.4,1.66,9.0,8.0,8.0,18.0,24.0,39.0,16.0,7.0,0.012,0.0,0.01071,-0.00429,2.5,71.42857,,,-2.25543,87.5,86.7029,,,71.11111,53.42593,,71.111,1.1211,0.3109,1.1211,0.0,-0.8102,0.8102,0,0,1,,,,,0.15,,,,0.757,0.816,0.849,0.711,0.795,0.846,2019-02-20,2018-12-27,2018-12-05,2019-01-29,2018-12-18,2018-11-29,0.792,0.768,0.762,0.738,0.756,0.714,2019-02-25,2019-02-14,2019-02-12,2019-02-19,2019-02-13,2019-02-07,2233000,9034668,3870000,-33.73,74.23,4.83,0.002,-0.007,-0.005,-0.028,-0.008,-0.007,-0.00523,-0.00467,-0.00236,-0.01842,-0.00411,0.00054,71.111,84.545,83.419,33.333,79.883,75.641,90.0,91.304,80.0,69.565,76.0,42.857,73.684,58.333,48.936,55.263,46.667,34.091,2019-02-25,2019-01-18,2019-01-15,2019-01-30,2019-01-17,2019-01-10,2019-02-25,2019-02-14,2019-02-12,2019-02-21,2019-02-13,2019-02-11,2019-02-22,2019-02-14,2019-02-12,2019-02-19,2019-02-13,2019-02-07,2019-02-22,2019-02-18,2019-02-13,2019-02-19,2019-02-14,2019-02-07,1,0,1,0,0,1,0,0,0,1,1,0,1,0,1,0,0,0,0,0,0,1,0,1,0,0,,,,,n2p,n2n,n2p,p2n,n2p,Life.BullEnd,Life.BearStart,Life.BullRetrace,Life.Bull,Life.BearStart,,
2019-02-26,0.74738,,,,,0.75456,0.75647,0.72625,0.64585,0.75595,0.75479,0.00116,-0.00395,0.00511,,,-3.53,3.33,-1.88,9.17,-6.77,32.8,-8.4,1.66,8.0,8.0,8.0,18.0,24.0,39.0,16.0,7.0,-0.0,-0.048,0.00814,-0.00771,1.05556,51.35135,51.351,,-22.33265,37.5,71.66667,,,60.0,62.31481,,,1.1062,0.3022,1.1062,0.0,-0.804,0.804,0,0,0,,,,,0.15,,,,0.757,0.816,0.849,0.711,0.795,0.846,2019-02-20,2018-12-27,2018-12-05,2019-01-29,2018-12-18,2018-11-29,0.792,0.768,0.762,0.738,0.756,0.714,2019-02-25,2019-02-14,2019-02-12,2019-02-19,2019-02-13,2019-02-07,9034668,3870000,4199667,74.23,4.83,12.99,0.002,-0.007,-0.005,-0.028,-0.008,-0.007,-0.00523,-0.00467,-0.00236,-0.01842,-0.00411,0.00054,71.111,84.545,83.419,33.333,79.883,75.641,90.0,91.304,80.0,69.565,76.0,42.857,73.684,58.333,48.936,51.351,55.263,46.667,2019-02-25,2019-01-18,2019-01-15,2019-01-30,2019-01-17,2019-01-10,2019-02-25,2019-02-14,2019-02-12,2019-02-21,2019-02-13,2019-02-11,2019-02-22,2019-02-14,2019-02-12,2019-02-19,2019-02-13,2019-02-07,2019-02-22,2019-02-18,2019-02-13,2019-02-26,2019-02-19,2019-02-14,1,0,1,0,0,1,0,0,0,1,1,0,1,0,1,0,0,0,0,0,0,1,0,0,0,0,,,,,n2p,n2n,n2p,p2n,n2p,Life.BullEnd,Life.BearStart,Life.BullRetrace,Life.Bull,Life.BearStart,,
2019-02-27,0.74323,,,,,0.75282,0.75551,0.72636,0.64671,0.75227,0.7531,-0.00083,-0.00333,0.00249,,,-2.99,3.33,-1.88,9.17,-6.77,32.8,-8.4,1.66,7.0,8.0,8.0,18.0,24.0,39.0,16.0,7.0,-0.0,-0.012,0.00814,-0.00686,1.1875,54.28571,,54.286,2.93471,25.0,50.0,,,35.89744,55.66952,,,1.088,0.2915,1.088,0.0,-0.7965,0.7965,0,0,0,,,,,0.15,,,,0.757,0.816,0.849,0.711,0.795,0.846,2019-02-20,2018-12-27,2018-12-05,2019-01-29,2018-12-18,2018-11-29,0.792,0.768,0.762,0.738,0.756,0.714,2019-02-25,2019-02-14,2019-02-12,2019-02-19,2019-02-13,2019-02-07,3870000,4199667,2043500,4.83,12.99,-40.87,0.002,-0.007,-0.005,-0.028,-0.008,-0.007,-0.00523,-0.00467,-0.00236,-0.01842,-0.00411,0.00054,71.111,84.545,83.419,33.333,79.883,75.641,90.0,91.304,80.0,69.565,76.0,42.857,54.286,73.684,58.333,51.351,55.263,46.667,2019-02-25,2019-01-18,2019-01-15,2019-01-30,2019-01-17,2019-01-10,2019-02-25,2019-02-14,2019-02-12,2019-02-21,2019-02-13,2019-02-11,2019-02-22,2019-02-14,2019-02-12,2019-02-19,2019-02-13,2019-02-07,2019-02-27,2019-02-22,2019-02-18,2019-02-26,2019-02-19,2019-02-14,1,0,1,0,0,1,0,0,0,1,1,0,1,0,1,0,0,0,0,0,1,0,0,0,0,0,,,-2043500.0,,n2n,n2p,p2n,n2p,p2n,Life.BullEnd,Life.BearStart,Life.BullRetrace,Life.Bull,Life.BearStart,,
2019-02-28,0.73863,,,0.708,,0.74938,0.75365,0.726,0.64732,0.74546,0.74976,-0.0043,-0.00352,-0.00078,,,-2.39,3.33,-1.88,9.17,-6.77,32.8,-8.4,1.66,6.0,8.0,8.0,18.0,24.0,39.0,16.0,7.0,-0.0,-0.024,0.00686,-0.00857,0.8,44.44444,44.444,,-9.84156,0.0,20.83333,0.0,,8.11966,34.67236,8.12,,1.0633,0.2765,1.0633,0.0,-0.7868,0.7868,0,0,0,,,,,0.15,,,,0.757,0.816,0.849,0.711,0.795,0.846,2019-02-20,2018-12-27,2018-12-05,2019-01-29,2018-12-18,2018-11-29,0.792,0.768,0.762,0.708,0.738,0.756,2019-02-25,2019-02-14,2019-02-12,2019-02-28,2019-02-19,2019-02-13,4199667,2043500,2761833,12.99,-40.87,-10.96,0.002,-0.007,-0.005,-0.028,-0.008,-0.007,-0.00523,-0.00467,-0.00236,-0.01842,-0.00411,0.00054,71.111,84.545,83.419,8.12,33.333,79.883,90.0,91.304,80.0,0.0,69.565,76.0,54.286,73.684,58.333,44.444,51.351,55.263,2019-02-25,2019-01-18,2019-01-15,2019-01-30,2019-01-17,2019-01-10,2019-02-25,2019-02-14,2019-02-12,2019-02-28,2019-02-21,2019-02-13,2019-02-22,2019-02-14,2019-02-12,2019-02-28,2019-02-19,2019-02-13,2019-02-27,2019-02-22,2019-02-18,2019-02-28,2019-02-26,2019-02-19,1,0,1,0,0,1,1,0,0,1,1,0,1,0,1,0,0,0,1,0,1,0,1,0,0,0,,,,,n2n,n2p,p2n,n2p,p2n,Life.BullEnd,Life.BearStart,Life.BullRetrace,Life.Bull,Life.BearStart,,
2019-03-01,0.73382,,,,0.744,0.74896,0.75327,0.72635,0.64828,0.74523,0.74933,-0.0041,-0.00364,-0.00046,,,-1.75,3.33,-1.88,9.17,-6.77,32.8,-8.4,1.66,5.0,8.0,8.0,18.0,24.0,39.0,16.0,7.0,0.036,0.0,0.00943,-0.00857,1.1,52.38095,,52.381,7.93695,37.5,20.83333,,37.5,15.0641,19.69373,,,1.0499,0.2692,1.0499,0.0,-0.7807,0.7807,0,0,0,,,,,0.15,,,,0.757,0.816,0.849,0.711,0.795,0.846,2019-02-20,2018-12-27,2018-12-05,2019-01-29,2018-12-18,2018-11-29,0.744,0.792,0.768,0.708,0.738,0.756,2019-03-01,2019-02-25,2019-02-14,2019-02-28,2019-02-19,2019-02-13,2043500,2761833,2316333,-40.87,-10.96,-20.91,0.002,-0.007,-0.005,-0.028,-0.008,-0.007,-0.00523,-0.00467,-0.00236,-0.01842,-0.00411,0.00054,71.111,84.545,83.419,8.12,33.333,79.883,37.5,90.0,91.304,0.0,69.565,76.0,52.381,54.286,73.684,44.444,51.351,55.263,2019-02-25,2019-01-18,2019-01-15,2019-01-30,2019-01-17,2019-01-10,2019-02-25,2019-02-14,2019-02-12,2019-02-28,2019-02-21,2019-02-13,2019-03-01,2019-02-22,2019-02-14,2019-02-28,2019-02-19,2019-02-13,2019-03-01,2019-02-27,2019-02-22,2019-02-28,2019-02-26,2019-02-19,1,0,1,0,1,0,1,0,0,1,1,0,1,0,1,0,1,0,1,0,1,0,1,0,0,0,,,,,n2n,n2p,p2n,n2p,p2n,Life.BullEnd,Life.BearStart,Life.BullRetrace,Life.Bull,Life.BearStart,,
2019-03-04,0.72919,,,0.72,,0.74673,0.75197,0.72623,0.649,0.74135,0.74716,-0.00581,-0.00407,-0.00174,,,-1.12,3.33,-1.88,9.17,-6.77,32.8,-8.4,1.66,4.0,8.0,8.0,18.0,24.0,39.0,16.0,7.0,-0.0,-0.024,0.00729,-0.01029,0.70833,41.46341,41.463,,-10.91759,12.5,16.66667,12.5,,18.05556,13.74644,,,1.0297,0.2574,1.0297,0.0,-0.7723,0.7723,0,0,0,,,,,0.15,,,,0.757,0.816,0.849,0.711,0.795,0.846,2019-02-20,2018-12-27,2018-12-05,2019-01-29,2018-12-18,2018-11-29,0.744,0.792,0.768,0.72,0.708,0.738,2019-03-01,2019-02-25,2019-02-14,2019-03-04,2019-02-28,2019-02-19,2761833,2316333,1483500,-10.96,-20.91,-7.86,0.002,-0.007,-0.005,-0.028,-0.008,-0.007,-0.00523,-0.00467,-0.00236,-0.01842,-0.00411,0.00054,71.111,84.545,83.419,8.12,33.333,79.883,37.5,90.0,91.304,12.5,0.0,69.565,52.381,54.286,73.684,41.463,44.444,51.351,2019-02-25,2019-01-18,2019-01-15,2019-01-30,2019-01-17,2019-01-10,2019-02-25,2019-02-14,2019-02-12,2019-02-28,2019-02-21,2019-02-13,2019-03-01,2019-02-22,2019-02-14,2019-03-04,2019-02-28,2019-02-19,2019-03-01,2019-02-27,2019-02-22,2019-03-04,2019-02-28,2019-02-26,1,0,1,0,1,0,0,0,0,1,1,0,1,0,1,0,1,0,0,0,1,0,1,0,0,0,,,,,n2n,n2p,p2n,n2p,p2n,Life.BullEnd,Life.BearStart,Life.BullRetrace,Life.Bull,Life.BearStart,,
2019-03-05,0.72518,,,,0.732,0.7456,0.75118,0.72634,0.64982,0.73991,0.74604,-0.00612,-0.00448,-0.00164,,,-0.58,3.33,-1.88,9.17,-6.77,32.8,-8.4,1.66,3.0,8.0,8.0,18.0,24.0,39.0,16.0,7.0,0.012,0.0,0.00814,-0.00986,0.82609,45.2381,,45.238,3.7751,25.0,25.0,,25.0,34.72222,22.61396,,,1.0136,0.2484,1.0136,0.0,-0.7652,0.7652,0,0,0,,,,,0.15,,,,0.757,0.816,0.849,0.711,0.795,0.846,2019-02-20,2018-12-27,2018-12-05,2019-01-29,2018-12-18,2018-11-29,0.732,0.744,0.792,0.72,0.708,0.738,2019-03-05,2019-03-01,2019-02-25,2019-03-04,2019-02-28,2019-02-19,2316333,1483500,2345333,-20.91,-7.86,-6.35,0.002,-0.007,-0.005,-0.028,-0.008,-0.007,-0.00523,-0.00467,-0.00236,-0.01842,-0.00411,0.00054,71.111,84.545,83.419,8.12,33.333,79.883,25.0,37.5,90.0,12.5,0.0,69.565,45.238,52.381,54.286,41.463,44.444,51.351,2019-02-25,2019-01-18,2019-01-15,2019-01-30,2019-01-17,2019-01-10,2019-02-25,2019-02-14,2019-02-12,2019-02-28,2019-02-21,2019-02-13,2019-03-05,2019-03-01,2019-02-22,2019-03-04,2019-02-28,2019-02-19,2019-03-05,2019-03-01,2019-02-27,2019-03-04,2019-02-28,2019-02-26,1,0,1,0,1,0,0,0,0,1,1,0,1,0,1,0,1,0,0,0,1,0,1,0,0,0,,,,,n2n,n2p,p2n,n2p,p2n,Life.BullEnd,Life.BearStart,Life.BullRetrace,Life.Bull,Life.BearStart,,
2019-03-06,0.7223,,,,,0.74409,0.75019,0.72634,0.65058,0.73777,0.74455,-0.00678,-0.00494,-0.00184,,,-0.18,3.33,-1.88,9.17,-6.77,32.8,-8.4,1.66,2.0,8.0,8.0,18.0,24.0,39.0,16.0,7.0,-0.0,-0.006,0.00729,-0.01029,0.70833,41.46341,41.463,,-3.77459,18.75,18.75,,,36.50794,29.7619,,,0.9961,0.2385,0.9961,0.0,-0.7576,0.7576,0,0,0,,,,,0.15,,,,0.757,0.816,0.849,0.711,0.795,0.846,2019-02-20,2018-12-27,2018-12-05,2019-01-29,2018-12-18,2018-11-29,0.732,0.744,0.792,0.72,0.708,0.738,2019-03-05,2019-03-01,2019-02-25,2019-03-04,2019-02-28,2019-02-19,1483500,2345333,1510833,-7.86,-6.35,-13.11,0.002,-0.007,-0.005,-0.028,-0.008,-0.007,-0.00523,-0.00467,-0.00236,-0.01842,-0.00411,0.00054,71.111,84.545,83.419,8.12,33.333,79.883,25.0,37.5,90.0,12.5,0.0,69.565,45.238,52.381,54.286,41.463,41.463,44.444,2019-02-25,2019-01-18,2019-01-15,2019-01-30,2019-01-17,2019-01-10,2019-02-25,2019-02-14,2019-02-12,2019-02-28,2019-02-21,2019-02-13,2019-03-05,2019-03-01,2019-02-22,2019-03-04,2019-02-28,2019-02-19,2019-03-05,2019-03-01,2019-02-27,2019-03-06,2019-03-04,2019-02-28,1,0,1,0,1,0,0,0,0,1,1,0,1,0,1,0,1,0,0,0,1,0,1,0,0,0,,,,,n2n,n2p,p2n,n2p,p2n,Life.BullEnd,Life.BearStart,Life.BullRetrace,Life.Bull,Life.BearStart,,
2019-03-07,0.72093,,,,,0.74224,0.74901,0.72621,0.65127,0.73504,0.74273,-0.0077,-0.00549,-0.0022,,,0.01,3.33,-1.88,9.17,-6.77,32.8,-8.4,1.66,1.0,8.0,8.0,18.0,24.0,39.0,16.0,7.0,-0.0,-0.006,0.00729,-0.00986,0.73913,42.5,,42.5,1.037,12.5,18.75,,,40.47619,37.23545,,40.476,0.9774,0.228,0.9774,0.0,-0.7494,0.7494,0,0,0,,,,,0.15,,,,0.757,0.816,0.849,0.711,0.795,0.846,2019-02-20,2018-12-27,2018-12-05,2019-01-29,2018-12-18,2018-11-29,0.732,0.744,0.792,0.72,0.708,0.738,2019-03-05,2019-03-01,2019-02-25,2019-03-04,2019-02-28,2019-02-19,2345333,1510833,1176333,-6.35,-13.11,-5.75,0.002,-0.007,-0.005,-0.028,-0.008,-0.007,-0.00523,-0.00467,-0.00236,-0.01842,-0.00411,0.00054,40.476,71.111,84.545,8.12,33.333,79.883,25.0,37.5,90.0,12.5,0.0,69.565,42.5,45.238,52.381,41.463,41.463,44.444,2019-02-25,2019-01-18,2019-01-15,2019-01-30,2019-01-17,2019-01-10,2019-03-07,2019-02-25,2019-02-14,2019-02-28,2019-02-21,2019-02-13,2019-03-05,2019-03-01,2019-02-22,2019-03-04,2019-02-28,2019-02-19,2019-03-07,2019-03-05,2019-03-01,2019-03-06,2019-03-04,2019-02-28,1,0,1,0,1,0,0,0,0,1,1,0,1,0,1,0,1,0,0,0,1,0,1,0,0,0,,,,,n2n,n2p,p2n,n2p,p2n,Life.BullEnd,Life.BearStart,Life.BullRetrace,Life.Bull,Life.BearStart,,
2019-03-08,0.72101,0.721,,,,0.74007,0.74764,0.72597,0.6519,0.7318,0.74061,-0.0088,-0.00616,-0.00265,,,3.33,-1.88,9.17,-6.77,32.8,-8.4,1.66,-1.96,8.0,8.0,18.0,24.0,39.0,16.0,7.0,10.0,-0.0,-0.006,0.00729,-0.01029,0.70833,41.46341,41.463,,-1.03659,6.25,12.5,,,23.80952,33.59788,,,0.9574,0.2167,0.9574,0.0,-0.7407,0.7407,0,0,0,,,,,0.15,,,,0.757,0.816,0.849,0.721,0.711,0.795,2019-02-20,2018-12-27,2018-12-05,2019-03-08,2019-01-29,2018-12-18,0.732,0.744,0.792,0.72,0.708,0.738,2019-03-05,2019-03-01,2019-02-25,2019-03-04,2019-02-28,2019-02-19,1510833,1176333,1414166,-13.11,-5.75,-18.5,0.002,-0.007,-0.005,-0.028,-0.008,-0.007,-0.00523,-0.00467,-0.00236,-0.01842,-0.00411,0.00054,40.476,71.111,84.545,8.12,33.333,79.883,25.0,37.5,90.0,12.5,0.0,69.565,42.5,45.238,52.381,41.463,41.463,41.463,2019-02-25,2019-01-18,2019-01-15,2019-01-30,2019-01-17,2019-01-10,2019-03-07,2019-02-25,2019-02-14,2019-02-28,2019-02-21,2019-02-13,2019-03-05,2019-03-01,2019-02-22,2019-03-04,2019-02-28,2019-02-19,2019-03-07,2019-03-05,2019-03-01,2019-03-08,2019-03-06,2019-03-04,1,0,0,0,1,0,0,0,0,1,1,0,1,0,1,0,1,0,0,0,1,0,0,0,0,0,,,,,n2n,n2p,p2n,n2p,p2n,Life.BullEnd,Life.BearStart,Life.BullRetrace,Life.Bull,Life.BearStart,,
2019-03-11,0.72242,,,,,0.7376,0.74608,0.72561,0.65245,0.72814,0.73819,-0.01005,-0.00693,-0.00312,,,3.13,-1.88,9.17,-6.77,32.8,-8.4,1.66,-1.96,7.0,8.0,18.0,24.0,39.0,16.0,7.0,10.0,-0.0,-0.006,0.00729,-0.00943,0.77273,43.58974,,43.59,2.12674,0.0,6.25,,,9.52381,24.60317,,,0.9363,0.2047,0.9363,0.0,-0.7316,0.7316,0,0,0,,,,,0.15,,,,0.757,0.816,0.849,0.721,0.711,0.795,2019-02-20,2018-12-27,2018-12-05,2019-03-08,2019-01-29,2018-12-18,0.732,0.744,0.792,0.72,0.708,0.738,2019-03-05,2019-03-01,2019-02-25,2019-03-04,2019-02-28,2019-02-19,1176333,1414166,1393833,-5.75,-18.5,-2.85,0.002,-0.007,-0.005,-0.028,-0.008,-0.007,-0.00523,-0.00467,-0.00236,-0.01842,-0.00411,0.00054,40.476,71.111,84.545,8.12,33.333,79.883,25.0,37.5,90.0,12.5,0.0,69.565,43.59,42.5,45.238,41.463,41.463,41.463,2019-02-25,2019-01-18,2019-01-15,2019-01-30,2019-01-17,2019-01-10,2019-03-07,2019-02-25,2019-02-14,2019-02-28,2019-02-21,2019-02-13,2019-03-05,2019-03-01,2019-02-22,2019-03-04,2019-02-28,2019-02-19,2019-03-11,2019-03-07,2019-03-05,2019-03-08,2019-03-06,2019-03-04,1,0,0,0,1,0,0,0,0,1,1,0,1,0,1,0,1,0,0,0,0,0,0,0,0,0,,,,,n2n,n2p,p2n,n2p,p2n,Life.BullEnd,Life.BearStart,Life.BullRetrace,Life.Bull,Life.BearStart,,
2019-03-12,0.72509,,,0.708,,0.73532,0.74459,0.72526,0.65301,0.72504,0.73595,-0.01091,-0.00773,-0.00318,,,2.75,-1.88,9.17,-6.77,32.8,-8.4,1.66,-1.96,6.0,8.0,18.0,24.0,39.0,16.0,7.0,10.0,0.0,0.0,0.00643,-0.00943,0.68182,40.54054,,,-3.04946,0.0,2.08333,0.0,,0.0,11.11111,0.0,,0.9158,0.1933,0.9158,0.0,-0.7225,0.7225,0,0,0,,,,,0.15,,,,0.757,0.816,0.849,0.721,0.711,0.795,2019-02-20,2018-12-27,2018-12-05,2019-03-08,2019-01-29,2018-12-18,0.732,0.744,0.792,0.708,0.72,0.708,2019-03-05,2019-03-01,2019-02-25,2019-03-12,2019-03-04,2019-02-28,1414166,1393833,856333,-18.5,-2.85,-8.03,0.002,-0.007,-0.005,-0.028,-0.008,-0.007,-0.00523,-0.00467,-0.00236,-0.01842,-0.00411,0.00054,40.476,71.111,84.545,0.0,8.12,33.333,25.0,37.5,90.0,0.0,12.5,0.0,43.59,42.5,45.238,41.463,41.463,41.463,2019-02-25,2019-01-18,2019-01-15,2019-01-30,2019-01-17,2019-01-10,2019-03-07,2019-02-25,2019-02-14,2019-03-12,2019-02-28,2019-02-21,2019-03-05,2019-03-01,2019-02-22,2019-03-12,2019-03-04,2019-02-28,2019-03-11,2019-03-07,2019-03-05,2019-03-08,2019-03-06,2019-03-04,1,0,0,0,1,0,1,0,0,1,1,0,1,0,1,0,1,0,1,0,0,0,0,0,0,0,,,,,n2n,n2p,p2n,n2p,p2n,Life.BullEnd,Life.BearStart,Life.BullRetrace,Life.Bull,Life.BearStart,,
2019-03-13,0.72887,,,,,0.73368,0.74339,0.72504,0.65361,0.72334,0.73433,-0.01099,-0.00838,-0.0026,-0.011,,2.21,-1.88,9.17,-6.77,32.8,-8.4,1.66,-1.96,5.0,8.0,18.0,24.0,39.0,16.0,7.0,10.0,0.006,0.0,0.00643,-0.00943,0.68182,40.54054,,,-3.04946,6.25,2.08333,,,6.66667,5.39683,,,0.8978,0.1835,0.8978,0.0,-0.7143,0.7143,0,0,0,,,,,0.15,,,,0.757,0.816,0.849,0.721,0.711,0.795,2019-02-20,2018-12-27,2018-12-05,2019-03-08,2019-01-29,2018-12-18,0.732,0.744,0.792,0.708,0.72,0.708,2019-03-05,2019-03-01,2019-02-25,2019-03-12,2019-03-04,2019-02-28,1393833,856333,971666,-2.85,-8.03,-12.08,0.002,-0.007,-0.005,-0.011,-0.028,-0.008,-0.00523,-0.00467,-0.00236,-0.00838,-0.01842,-0.00411,40.476,71.111,84.545,0.0,8.12,33.333,25.0,37.5,90.0,0.0,12.5,0.0,43.59,42.5,45.238,41.463,41.463,41.463,2019-02-25,2019-01-18,2019-01-15,2019-03-13,2019-01-30,2019-01-17,2019-03-07,2019-02-25,2019-02-14,2019-03-12,2019-02-28,2019-02-21,2019-03-05,2019-03-01,2019-02-22,2019-03-12,2019-03-04,2019-02-28,2019-03-11,2019-03-07,2019-03-05,2019-03-08,2019-03-06,2019-03-04,1,0,0,0,1,0,1,0,0,1,0,0,1,0,1,0,1,0,1,0,0,0,0,0,0,0,,,,,n2n,n2p,p2n,n2p,p2n,Life.BullEnd,Life.BearStart,Life.BullRetrace,Life.Bull,Life.BearStart,,
2019-03-14,0.73333,,,,,0.73263,0.74247,0.72494,0.65427,0.72283,0.73327,-0.01044,-0.00879,-0.00165,,,1.59,-1.88,9.17,-6.77,32.8,-8.4,1.66,-1.96,4.0,8.0,18.0,24.0,39.0,16.0,7.0,10.0,0.006,0.0,0.00514,-0.00943,0.54545,35.29412,35.294,,-8.29588,12.5,6.25,,,28.88889,11.85185,,,0.882,0.1753,0.882,0.0,-0.7067,0.7067,0,0,0,,,,,0.15,,,,0.757,0.816,0.849,0.721,0.711,0.795,2019-02-20,2018-12-27,2018-12-05,2019-03-08,2019-01-29,2018-12-18,0.732,0.744,0.792,0.708,0.72,0.708,2019-03-05,2019-03-01,2019-02-25,2019-03-12,2019-03-04,2019-02-28,856333,971666,2347500,-8.03,-12.08,29.6,0.002,-0.007,-0.005,-0.011,-0.028,-0.008,-0.00523,-0.00467,-0.00236,-0.00838,-0.01842,-0.00411,40.476,71.111,84.545,0.0,8.12,33.333,25.0,37.5,90.0,0.0,12.5,0.0,43.59,42.5,45.238,35.294,41.463,41.463,2019-02-25,2019-01-18,2019-01-15,2019-03-13,2019-01-30,2019-01-17,2019-03-07,2019-02-25,2019-02-14,2019-03-12,2019-02-28,2019-02-21,2019-03-05,2019-03-01,2019-02-22,2019-03-12,2019-03-04,2019-02-28,2019-03-11,2019-03-07,2019-03-05,2019-03-14,2019-03-08,2019-03-06,1,0,0,0,1,0,1,0,0,1,0,0,1,0,1,0,1,0,1,0,0,0,1,0,0,0,2347500.0,,,,n2p,p2n,n2p,p2n,n2p,Life.BullEnd,Life.BearStart,Life.BullRetrace,Life.Bull,Life.BearStart,,
2019-03-15,0.73781,,,,,0.73489,0.74324,0.72568,0.65535,0.72885,0.73539,-0.00654,-0.00834,0.0018,,,0.97,-1.88,9.17,-6.77,32.8,-8.4,1.66,-1.96,3.0,8.0,18.0,24.0,39.0,16.0,7.0,10.0,0.042,0.0,0.00729,-0.00943,0.77273,43.58974,,,8.29574,75.0,31.25,,,58.88889,31.48148,,,0.8789,0.1756,0.8789,0.0,-0.7033,0.7033,0,0,0,,,,,0.15,,,,0.757,0.816,0.849,0.721,0.711,0.795,2019-02-20,2018-12-27,2018-12-05,2019-03-08,2019-01-29,2018-12-18,0.732,0.744,0.792,0.708,0.72,0.708,2019-03-05,2019-03-01,2019-02-25,2019-03-12,2019-03-04,2019-02-28,971666,2347500,13072669,-12.08,29.6,292.57,0.002,-0.007,-0.005,-0.011,-0.028,-0.008,-0.00523,-0.00467,-0.00236,-0.00838,-0.01842,-0.00411,40.476,71.111,84.545,0.0,8.12,33.333,25.0,37.5,90.0,0.0,12.5,0.0,43.59,42.5,45.238,35.294,41.463,41.463,2019-02-25,2019-01-18,2019-01-15,2019-03-13,2019-01-30,2019-01-17,2019-03-07,2019-02-25,2019-02-14,2019-03-12,2019-02-28,2019-02-21,2019-03-05,2019-03-01,2019-02-22,2019-03-12,2019-03-04,2019-02-28,2019-03-11,2019-03-07,2019-03-05,2019-03-14,2019-03-08,2019-03-06,1,0,0,0,1,0,1,0,0,1,0,0,1,0,1,0,1,0,1,0,0,0,1,0,0,0,,13072669.0,,,p2n,n2p,p2n,n2p,p2p,Life.BullEnd,Life.BearStart,Life.BullRetrace,Life.Bull,Life.BearStart,,
2019-03-18,0.74166,,,,0.762,0.73698,0.74397,0.72639,0.65641,0.73395,0.73737,-0.00341,-0.00736,0.00394,,,0.45,-1.88,9.17,-6.77,32.8,-8.4,1.66,-1.96,2.0,8.0,18.0,24.0,39.0,16.0,7.0,10.0,0.0,0.0,0.00729,-0.006,1.21429,54.83871,,,19.54471,90.0,59.16667,,90.0,82.22222,56.66667,,,0.8756,0.1758,0.8756,0.0,-0.6998,0.6998,0,0,1,,,,,0.15,,,,0.757,0.816,0.849,0.721,0.711,0.795,2019-02-20,2018-12-27,2018-12-05,2019-03-08,2019-01-29,2018-12-18,0.762,0.732,0.744,0.708,0.72,0.708,2019-03-18,2019-03-05,2019-03-01,2019-03-12,2019-03-04,2019-02-28,2347500,13072669,2461500,29.6,292.57,9.09,0.002,-0.007,-0.005,-0.011,-0.028,-0.008,-0.00523,-0.00467,-0.00236,-0.00838,-0.01842,-0.00411,40.476,71.111,84.545,0.0,8.12,33.333,90.0,25.0,37.5,0.0,12.5,0.0,43.59,42.5,45.238,35.294,41.463,41.463,2019-02-25,2019-01-18,2019-01-15,2019-03-13,2019-01-30,2019-01-17,2019-03-07,2019-02-25,2019-02-14,2019-03-12,2019-02-28,2019-02-21,2019-03-18,2019-03-05,2019-03-01,2019-03-12,2019-03-04,2019-02-28,2019-03-11,2019-03-07,2019-03-05,2019-03-14,2019-03-08,2019-03-06,1,0,0,0,0,1,1,0,0,1,0,0,1,0,1,0,0,1,1,0,0,0,1,0,0,0,,,,,p2n,n2p,p2n,n2p,p2p,Life.BullEnd,Life.BearStart,Life.BullRetrace,Life.Bull,Life.BearStart,,
2019-03-19,0.74428,,,,,0.73844,0.74445,0.72698,0.6574,0.73735,0.73875,-0.0014,-0.00616,0.00476,,,0.1,-1.88,9.17,-6.77,32.8,-8.4,1.66,-1.96,1.0,8.0,18.0,24.0,39.0,16.0,7.0,10.0,-0.0,-0.006,0.00729,-0.00557,1.30769,56.66667,,,21.37267,80.0,81.66667,,,86.66667,75.92593,,86.667,0.8705,0.1747,0.8705,0.0,-0.6958,0.6958,0,0,0,,,,,0.15,,,,0.757,0.816,0.849,0.721,0.711,0.795,2019-02-20,2018-12-27,2018-12-05,2019-03-08,2019-01-29,2018-12-18,0.762,0.732,0.744,0.708,0.72,0.708,2019-03-18,2019-03-05,2019-03-01,2019-03-12,2019-03-04,2019-02-28,13072669,2461500,1126333,292.57,9.09,-6.83,0.002,-0.007,-0.005,-0.011,-0.028,-0.008,-0.00523,-0.00467,-0.00236,-0.00838,-0.01842,-0.00411,86.667,40.476,71.111,0.0,8.12,33.333,90.0,25.0,37.5,0.0,12.5,0.0,43.59,42.5,45.238,35.294,41.463,41.463,2019-02-25,2019-01-18,2019-01-15,2019-03-13,2019-01-30,2019-01-17,2019-03-19,2019-03-07,2019-02-25,2019-03-12,2019-02-28,2019-02-21,2019-03-18,2019-03-05,2019-03-01,2019-03-12,2019-03-04,2019-02-28,2019-03-11,2019-03-07,2019-03-05,2019-03-14,2019-03-08,2019-03-06,1,0,0,0,0,1,1,0,0,1,0,0,0,1,1,0,0,1,1,0,0,0,1,0,0,0,,,,,p2n,n2p,p2n,n2p,p2p,Life.BullEnd,Life.BearStart,Life.BullRetrace,Life.Bull,Life.BearStart,,
2019-03-20,0.74525,,0.745,,,0.73979,0.7449,0.72756,0.65838,0.74022,0.74002,0.00019,-0.00489,0.00509,,,-1.91,9.17,-6.77,32.8,-8.4,1.66,-1.96,0.11,8.0,18.0,24.0,39.0,16.0,7.0,10.0,4.0,0.0,0.0,0.00729,-0.00386,1.88889,65.38462,,65.385,30.09062,80.0,83.33333,,,83.33333,84.07407,,,0.8652,0.1734,0.8652,0.0,-0.6918,0.6918,0,0,0,,,,,0.15,,,,0.745,0.757,0.816,0.721,0.711,0.795,2019-03-20,2019-02-20,2018-12-27,2019-03-08,2019-01-29,2018-12-18,0.762,0.732,0.744,0.708,0.72,0.708,2019-03-18,2019-03-05,2019-03-01,2019-03-12,2019-03-04,2019-02-28,2461500,1126333,1813167,9.09,-6.83,-67.58,0.002,-0.007,-0.005,-0.011,-0.028,-0.008,-0.00523,-0.00467,-0.00236,-0.00838,-0.01842,-0.00411,86.667,40.476,71.111,0.0,8.12,33.333,90.0,25.0,37.5,0.0,12.5,0.0,65.385,43.59,42.5,35.294,41.463,41.463,2019-02-25,2019-01-18,2019-01-15,2019-03-13,2019-01-30,2019-01-17,2019-03-19,2019-03-07,2019-02-25,2019-03-12,2019-02-28,2019-02-21,2019-03-18,2019-03-05,2019-03-01,2019-03-12,2019-03-04,2019-02-28,2019-03-20,2019-03-11,2019-03-07,2019-03-14,2019-03-08,2019-03-06,1,0,0,0,0,1,1,0,0,1,0,0,0,1,1,0,0,1,1,0,0,1,1,0,0,0,,,,1813167.0,n2p,p2n,n2p,p2p,n2n,Life.BullEnd,Life.BearStart,Life.BullRetrace,Life.Bull,Life.BearStart,,
2019-03-21,0.74449,,,,,0.74058,0.7451,0.728,0.65929,0.74172,0.74076,0.00096,-0.00372,0.00468,,,-1.81,9.17,-6.77,32.8,-8.4,1.66,-1.96,0.11,7.0,18.0,24.0,39.0,16.0,7.0,10.0,4.0,-0.0,-0.006,0.00471,-0.00429,1.1,52.38095,52.381,,-13.00405,70.0,76.66667,,,66.66667,78.88889,,,0.8581,0.171,0.8581,0.0,-0.6871,0.6871,0,0,0,,,,,0.15,,,,0.745,0.757,0.816,0.721,0.711,0.795,2019-03-20,2019-02-20,2018-12-27,2019-03-08,2019-01-29,2018-12-18,0.762,0.732,0.744,0.708,0.72,0.708,2019-03-18,2019-03-05,2019-03-01,2019-03-12,2019-03-04,2019-02-28,1126333,1813167,1191333,-6.83,-67.58,-23.52,0.002,-0.007,-0.005,-0.011,-0.028,-0.008,-0.00523,-0.00467,-0.00236,-0.00838,-0.01842,-0.00411,86.667,40.476,71.111,0.0,8.12,33.333,90.0,25.0,37.5,0.0,12.5,0.0,65.385,43.59,42.5,52.381,35.294,41.463,2019-02-25,2019-01-18,2019-01-15,2019-03-13,2019-01-30,2019-01-17,2019-03-19,2019-03-07,2019-02-25,2019-03-12,2019-02-28,2019-02-21,2019-03-18,2019-03-05,2019-03-01,2019-03-12,2019-03-04,2019-02-28,2019-03-20,2019-03-11,2019-03-07,2019-03-21,2019-03-14,2019-03-08,1,0,0,0,0,1,1,0,0,1,0,0,0,1,1,0,0,1,1,0,0,1,0,1,0,0,,,,,n2p,p2n,n2p,p2p,n2n,Life.BullEnd,Life.BearStart,Life.BullRetrace,Life.Bull,Life.BearStart,,
2019-03-22,0.74222,,,,,0.74084,0.74506,0.72832,0.66013,0.74207,0.741,0.00107,-0.00276,0.00383,,,-1.51,9.17,-6.77,32.8,-8.4,1.66,-1.96,0.11,6.0,18.0,24.0,39.0,16.0,7.0,10.0,4.0,-0.0,-0.006,0.00471,-0.003,1.57143,61.11111,,61.111,8.73011,60.0,70.0,,,46.66667,65.55556,,,0.8493,0.1674,0.8493,0.0,-0.6819,0.6819,0,0,0,,,,,0.15,,,,0.745,0.757,0.816,0.721,0.711,0.795,2019-03-20,2019-02-20,2018-12-27,2019-03-08,2019-01-29,2018-12-18,0.762,0.732,0.744,0.708,0.72,0.708,2019-03-18,2019-03-05,2019-03-01,2019-03-12,2019-03-04,2019-02-28,1813167,1191333,663166,-67.58,-23.52,-11.21,0.002,-0.007,-0.005,-0.011,-0.028,-0.008,-0.00523,-0.00467,-0.00236,-0.00838,-0.01842,-0.00411,86.667,40.476,71.111,0.0,8.12,33.333,90.0,25.0,37.5,0.0,12.5,0.0,61.111,65.385,43.59,52.381,35.294,41.463,2019-02-25,2019-01-18,2019-01-15,2019-03-13,2019-01-30,2019-01-17,2019-03-19,2019-03-07,2019-02-25,2019-03-12,2019-02-28,2019-02-21,2019-03-18,2019-03-05,2019-03-01,2019-03-12,2019-03-04,2019-02-28,2019-03-22,2019-03-20,2019-03-11,2019-03-21,2019-03-14,2019-03-08,1,0,0,0,0,1,1,0,0,1,0,0,0,1,1,0,0,1,1,0,0,0,0,1,0,0,,,,,n2p,p2n,n2p,p2p,n2n,Life.BullEnd,Life.BearStart,Life.BullRetrace,Life.Bull,Life.BearStart,,
2019-03-25,0.73906,,,,,0.74062,0.74478,0.72851,0.66091,0.74145,0.74078,0.00066,-0.00208,0.00274,,0.001,-1.09,9.17,-6.77,32.8,-8.4,1.66,-1.96,0.11,5.0,18.0,24.0,39.0,16.0,7.0,10.0,4.0,-0.0,-0.006,0.00386,-0.00343,1.125,52.94118,,,-8.16982,50.0,60.0,,,29.52381,47.61905,,,0.8387,0.1627,0.8387,0.0,-0.676,0.676,0,0,0,,,,,0.15,,,,0.745,0.757,0.816,0.721,0.711,0.795,2019-03-20,2019-02-20,2018-12-27,2019-03-08,2019-01-29,2018-12-18,0.762,0.732,0.744,0.708,0.72,0.708,2019-03-18,2019-03-05,2019-03-01,2019-03-12,2019-03-04,2019-02-28,1191333,663166,562500,-23.52,-11.21,-34.1,0.001,0.002,-0.007,-0.011,-0.028,-0.008,-0.00208,-0.00523,-0.00467,-0.00838,-0.01842,-0.00411,86.667,40.476,71.111,0.0,8.12,33.333,90.0,25.0,37.5,0.0,12.5,0.0,61.111,65.385,43.59,52.381,35.294,41.463,2019-03-25,2019-02-25,2019-01-18,2019-03-13,2019-01-30,2019-01-17,2019-03-19,2019-03-07,2019-02-25,2019-03-12,2019-02-28,2019-02-21,2019-03-18,2019-03-05,2019-03-01,2019-03-12,2019-03-04,2019-02-28,2019-03-22,2019-03-20,2019-03-11,2019-03-21,2019-03-14,2019-03-08,1,0,0,0,0,1,1,0,0,0,0,0,0,1,1,0,0,1,1,0,0,0,0,1,0,0,,,,,n2p,p2n,n2p,p2p,n2n,Life.BullEnd,Life.BearStart,Life.BullRetrace,Life.Bull,Life.BearStart,,
2019-03-26,0.7358,,,,,0.73996,0.74428,0.72858,0.66162,0.73999,0.74013,-0.00014,-0.00169,0.00155,,,-0.65,9.17,-6.77,32.8,-8.4,1.66,-1.96,0.11,4.0,18.0,24.0,39.0,16.0,7.0,10.0,4.0,-0.0,-0.006,0.00386,-0.00343,1.125,52.94118,,,-8.16982,40.0,50.0,,,24.52381,33.57143,,,0.8266,0.157,0.8266,0.0,-0.6696,0.6696,0,0,0,,,,,0.15,,,,0.745,0.757,0.816,0.721,0.711,0.795,2019-03-20,2019-02-20,2018-12-27,2019-03-08,2019-01-29,2018-12-18,0.762,0.732,0.744,0.708,0.72,0.708,2019-03-18,2019-03-05,2019-03-01,2019-03-12,2019-03-04,2019-02-28,663166,562500,356833,-11.21,-34.1,-34.53,0.001,0.002,-0.007,-0.011,-0.028,-0.008,-0.00208,-0.00523,-0.00467,-0.00838,-0.01842,-0.00411,86.667,40.476,71.111,0.0,8.12,33.333,90.0,25.0,37.5,0.0,12.5,0.0,61.111,65.385,43.59,52.381,35.294,41.463,2019-03-25,2019-02-25,2019-01-18,2019-03-13,2019-01-30,2019-01-17,2019-03-19,2019-03-07,2019-02-25,2019-03-12,2019-02-28,2019-02-21,2019-03-18,2019-03-05,2019-03-01,2019-03-12,2019-03-04,2019-02-28,2019-03-22,2019-03-20,2019-03-11,2019-03-21,2019-03-14,2019-03-08,1,0,0,0,0,1,1,0,0,0,0,0,0,1,1,0,0,1,1,0,0,0,0,1,0,0,,,,,n2p,p2n,n2p,p2p,n2n,Life.BullEnd,Life.BearStart,Life.BullRetrace,Life.Bull,Life.BearStart,,
2019-03-27,0.73307,,,,,0.73888,0.74356,0.72853,0.66226,0.73784,0.73908,-0.00124,-0.0016,0.00036,,,-0.28,9.17,-6.77,32.8,-8.4,1.66,-1.96,0.11,3.0,18.0,24.0,39.0,16.0,7.0,10.0,4.0,-0.0,-0.006,0.00386,-0.00343,1.125,52.94118,52.941,,-8.16982,30.0,40.0,,,23.4127,25.82011,,,0.813,0.1503,0.813,0.0,-0.6627,0.6627,0,0,0,,,,,0.15,,,,0.745,0.757,0.816,0.721,0.711,0.795,2019-03-20,2019-02-20,2018-12-27,2019-03-08,2019-01-29,2018-12-18,0.762,0.732,0.744,0.708,0.72,0.708,2019-03-18,2019-03-05,2019-03-01,2019-03-12,2019-03-04,2019-02-28,562500,356833,477500,-34.1,-34.53,-11.73,0.001,0.002,-0.007,-0.011,-0.028,-0.008,-0.00208,-0.00523,-0.00467,-0.00838,-0.01842,-0.00411,86.667,40.476,71.111,0.0,8.12,33.333,90.0,25.0,37.5,0.0,12.5,0.0,61.111,65.385,43.59,52.941,52.381,35.294,2019-03-25,2019-02-25,2019-01-18,2019-03-13,2019-01-30,2019-01-17,2019-03-19,2019-03-07,2019-02-25,2019-03-12,2019-02-28,2019-02-21,2019-03-18,2019-03-05,2019-03-01,2019-03-12,2019-03-04,2019-02-28,2019-03-22,2019-03-20,2019-03-11,2019-03-27,2019-03-21,2019-03-14,1,0,0,0,0,1,1,0,0,0,0,0,0,1,1,0,0,1,1,0,0,0,0,1,0,0,,,,,n2p,p2n,n2p,p2p,n2n,Life.BullEnd,Life.BearStart,Life.BullRetrace,Life.Bull,Life.BearStart,,
2019-03-28,0.73131,,,,,0.73789,0.74287,0.72848,0.66289,0.73602,0.73811,-0.0021,-0.0017,-0.0004,,,-0.04,9.17,-6.77,32.8,-8.4,1.66,-1.96,0.11,2.0,18.0,24.0,39.0,16.0,7.0,10.0,4.0,0.0,0.0,0.00386,-0.003,1.28571,56.25,,,3.309,30.0,33.33333,,,20.55556,22.83069,,,0.7998,0.1439,0.7998,0.0,-0.6559,0.6559,0,0,0,,,,,0.15,,,,0.745,0.757,0.816,0.721,0.711,0.795,2019-03-20,2019-02-20,2018-12-27,2019-03-08,2019-01-29,2018-12-18,0.762,0.732,0.744,0.708,0.72,0.708,2019-03-18,2019-03-05,2019-03-01,2019-03-12,2019-03-04,2019-02-28,356833,477500,577000,-34.53,-11.73,1.04,0.001,0.002,-0.007,-0.011,-0.028,-0.008,-0.00208,-0.00523,-0.00467,-0.00838,-0.01842,-0.00411,86.667,40.476,71.111,0.0,8.12,33.333,90.0,25.0,37.5,0.0,12.5,0.0,61.111,65.385,43.59,52.941,52.381,35.294,2019-03-25,2019-02-25,2019-01-18,2019-03-13,2019-01-30,2019-01-17,2019-03-19,2019-03-07,2019-02-25,2019-03-12,2019-02-28,2019-02-21,2019-03-18,2019-03-05,2019-03-01,2019-03-12,2019-03-04,2019-02-28,2019-03-22,2019-03-20,2019-03-11,2019-03-27,2019-03-21,2019-03-14,1,0,0,0,0,1,1,0,0,0,0,0,0,1,1,0,0,1,1,0,0,0,0,1,0,0,,,,,n2p,p2n,n2p,p2p,n2n,Life.BullEnd,Life.BearStart,Life.BullRetrace,Life.Bull,Life.BearStart,,
2019-03-29,0.73075,,,0.72,,0.73652,0.74198,0.72831,0.66346,0.73355,0.73677,-0.00322,-0.002,-0.00121,,,0.03,9.17,-6.77,32.8,-8.4,1.66,-1.96,0.11,1.0,18.0,24.0,39.0,16.0,7.0,10.0,4.0,-0.0,-0.006,0.00386,-0.003,1.28571,56.25,,,3.309,20.0,26.66667,20.0,,12.22222,18.73016,12.222,,0.7852,0.1367,0.7852,0.0,-0.6485,0.6485,0,0,0,,,,,0.15,,,,0.745,0.757,0.816,0.721,0.711,0.795,2019-03-20,2019-02-20,2018-12-27,2019-03-08,2019-01-29,2018-12-18,0.762,0.732,0.744,0.72,0.708,0.72,2019-03-18,2019-03-05,2019-03-01,2019-03-29,2019-03-12,2019-03-04,477500,577000,315333,-11.73,1.04,-2.94,0.001,0.002,-0.007,-0.011,-0.028,-0.008,-0.00208,-0.00523,-0.00467,-0.00838,-0.01842,-0.00411,86.667,40.476,71.111,12.222,0.0,8.12,90.0,25.0,37.5,20.0,0.0,12.5,61.111,65.385,43.59,52.941,52.381,35.294,2019-03-25,2019-02-25,2019-01-18,2019-03-13,2019-01-30,2019-01-17,2019-03-19,2019-03-07,2019-02-25,2019-03-29,2019-03-12,2019-02-28,2019-03-18,2019-03-05,2019-03-01,2019-03-29,2019-03-12,2019-03-04,2019-03-22,2019-03-20,2019-03-11,2019-03-27,2019-03-21,2019-03-14,1,0,0,0,0,1,0,1,0,0,0,0,0,1,0,1,0,1,0,1,0,0,0,1,0,0,,,,,n2p,p2n,n2p,p2p,n2n,Life.BullEnd,Life.BearStart,Life.BullRetrace,Life.Bull,Life.BearStart,,
2019-04-01,0.73135,0.731,,,0.726,0.73571,0.74135,0.72826,0.66408,0.73239,0.73597,-0.00358,-0.00232,-0.00126,,,9.11,-6.77,32.8,-8.4,1.66,-1.96,0.11,-0.66,18.0,24.0,39.0,16.0,7.0,10.0,4.0,8.0,0.006,0.0,0.00429,-0.003,1.42857,58.82353,,58.824,5.88253,30.0,26.66667,,30.0,23.33333,18.7037,,,0.7727,0.1309,0.7727,0.0,-0.6418,0.6418,0,0,0,,,,,0.15,,,,0.745,0.757,0.816,0.731,0.721,0.711,2019-03-20,2019-02-20,2018-12-27,2019-04-01,2019-03-08,2019-01-29,0.726,0.762,0.732,0.72,0.708,0.72,2019-04-01,2019-03-18,2019-03-05,2019-03-29,2019-03-12,2019-03-04,577000,315333,926833,1.04,-2.94,32.8,0.001,0.002,-0.007,-0.011,-0.028,-0.008,-0.00208,-0.00523,-0.00467,-0.00838,-0.01842,-0.00411,86.667,40.476,71.111,12.222,0.0,8.12,30.0,90.0,25.0,20.0,0.0,12.5,58.824,61.111,65.385,52.941,52.381,35.294,2019-03-25,2019-02-25,2019-01-18,2019-03-13,2019-01-30,2019-01-17,2019-03-19,2019-03-07,2019-02-25,2019-03-29,2019-03-12,2019-02-28,2019-04-01,2019-03-18,2019-03-05,2019-03-29,2019-03-12,2019-03-04,2019-04-01,2019-03-22,2019-03-20,2019-03-27,2019-03-21,2019-03-14,1,0,0,1,1,0,0,1,0,0,0,0,0,1,0,1,0,0,0,1,1,0,0,1,0,0,,,,,n2p,p2n,n2p,p2p,n2n,Life.BullEnd,Life.BearStart,Life.BullRetrace,Life.Bull,Life.BearStart,,
2019-04-02,0.73293,,,0.72,,0.7345,0.74051,0.7281,0.66464,0.73049,0.73479,-0.00431,-0.00272,-0.00159,-0.004,,8.88,-6.77,32.8,-8.4,1.66,-1.96,0.11,-0.66,17.0,24.0,39.0,16.0,7.0,10.0,4.0,8.0,-0.0,-0.006,0.00386,-0.00343,1.125,52.94118,52.941,,-5.88282,20.0,23.33333,20.0,,27.77778,21.11111,,,0.7587,0.1241,0.7587,0.0,-0.6346,0.6346,0,0,0,,,,,0.15,,,,0.745,0.757,0.816,0.731,0.721,0.711,2019-03-20,2019-02-20,2018-12-27,2019-04-01,2019-03-08,2019-01-29,0.726,0.762,0.732,0.72,0.72,0.708,2019-04-01,2019-03-18,2019-03-05,2019-04-02,2019-03-29,2019-03-12,315333,926833,1280166,-2.94,32.8,38.65,0.001,0.002,-0.007,-0.004,-0.011,-0.028,-0.00208,-0.00523,-0.00467,-0.00272,-0.00838,-0.01842,86.667,40.476,71.111,12.222,0.0,8.12,30.0,90.0,25.0,20.0,20.0,0.0,58.824,61.111,65.385,52.941,52.941,52.381,2019-03-25,2019-02-25,2019-01-18,2019-04-02,2019-03-13,2019-01-30,2019-03-19,2019-03-07,2019-02-25,2019-03-29,2019-03-12,2019-02-28,2019-04-01,2019-03-18,2019-03-05,2019-04-02,2019-03-29,2019-03-12,2019-04-01,2019-03-22,2019-03-20,2019-04-02,2019-03-27,2019-03-21,1,0,0,1,1,0,0,1,0,0,0,1,0,1,0,1,0,0,0,1,1,0,0,1,0,0,,,,,n2p,p2n,n2p,p2p,n2n,Life.BullEnd,Life.BearStart,Life.BullRetrace,Life.Bull,Life.BearStart,,
2019-04-03,0.73523,,,,0.75,0.73569,0.74088,0.72853,0.66549,0.73349,0.73592,-0.00243,-0.00266,0.00023,,,8.54,-6.77,32.8,-8.4,1.66,-1.96,0.11,-0.66,16.0,24.0,39.0,16.0,7.0,10.0,4.0,8.0,0.03,0.0,0.00557,-0.00343,1.625,61.90476,,61.905,8.96376,66.66667,38.88889,,66.667,52.77778,34.62963,,,0.7539,0.1235,0.7539,0.0,-0.6304,0.6304,0,0,0,,,,,0.15,,,,0.745,0.757,0.816,0.731,0.721,0.711,2019-03-20,2019-02-20,2018-12-27,2019-04-01,2019-03-08,2019-01-29,0.75,0.726,0.762,0.72,0.72,0.708,2019-04-03,2019-04-01,2019-03-18,2019-04-02,2019-03-29,2019-03-12,926833,1280166,2178333,32.8,38.65,73.86,0.001,0.002,-0.007,-0.004,-0.011,-0.028,-0.00208,-0.00523,-0.00467,-0.00272,-0.00838,-0.01842,86.667,40.476,71.111,12.222,0.0,8.12,66.667,30.0,90.0,20.0,20.0,0.0,61.905,58.824,61.111,52.941,52.941,52.381,2019-03-25,2019-02-25,2019-01-18,2019-04-02,2019-03-13,2019-01-30,2019-03-19,2019-03-07,2019-02-25,2019-03-29,2019-03-12,2019-02-28,2019-04-03,2019-04-01,2019-03-18,2019-04-02,2019-03-29,2019-03-12,2019-04-03,2019-04-01,2019-03-22,2019-04-02,2019-03-27,2019-03-21,1,0,0,1,0,0,0,1,0,0,0,1,0,1,0,1,0,0,0,1,0,1,0,1,0,0,,,,,n2p,p2n,n2p,p2p,n2n,Life.BullEnd,Life.BearStart,Life.BullRetrace,Life.Bull,Life.BearStart,,
2019-04-04,0.73806,,,,,0.73587,0.74077,0.72872,0.66621,0.73418,0.73607,-0.00189,-0.00251,0.00062,,,8.12,-6.77,32.8,-8.4,1.66,-1.96,0.11,-0.66,15.0,24.0,39.0,16.0,7.0,10.0,4.0,8.0,-0.0,-0.012,0.00257,-0.00429,0.6,37.5,,,-24.405,44.44444,43.7037,,,52.77778,44.44444,,52.778,0.7456,0.1205,0.7456,0.0,-0.6251,0.6251,0,0,0,,,,,0.15,,,,0.745,0.757,0.816,0.731,0.721,0.711,2019-03-20,2019-02-20,2018-12-27,2019-04-01,2019-03-08,2019-01-29,0.75,0.726,0.762,0.72,0.72,0.708,2019-04-03,2019-04-01,2019-03-18,2019-04-02,2019-03-29,2019-03-12,1280166,2178333,514166,38.65,73.86,-9.41,0.001,0.002,-0.007,-0.004,-0.011,-0.028,-0.00208,-0.00523,-0.00467,-0.00272,-0.00838,-0.01842,52.778,86.667,40.476,12.222,0.0,8.12,66.667,30.0,90.0,20.0,20.0,0.0,61.905,58.824,61.111,52.941,52.941,52.381,2019-03-25,2019-02-25,2019-01-18,2019-04-02,2019-03-13,2019-01-30,2019-04-04,2019-03-19,2019-03-07,2019-03-29,2019-03-12,2019-02-28,2019-04-03,2019-04-01,2019-03-18,2019-04-02,2019-03-29,2019-03-12,2019-04-03,2019-04-01,2019-03-22,2019-04-02,2019-03-27,2019-03-21,1,0,0,1,0,0,0,1,0,0,0,1,0,0,0,1,0,0,0,1,0,1,0,1,0,0,,,-514166.0,,p2n,n2p,p2p,n2n,p2n,Life.BullEnd,Life.BearStart,Life.BullRetrace,Life.Bull,Life.BearStart,,
2019-04-05,0.74148,,,0.726,,0.73511,0.74019,0.72867,0.6668,0.73292,0.73533,-0.0024,-0.00249,8e-05,,,7.62,-6.77,32.8,-8.4,1.66,-1.96,0.11,-0.66,14.0,24.0,39.0,16.0,7.0,10.0,4.0,8.0,-0.0,-0.012,0.00257,-0.00514,0.5,33.33333,33.333,,-28.57167,22.22222,44.44444,22.222,,50.0,51.85185,50.0,,0.7339,0.1152,0.7339,0.0,-0.6187,0.6187,0,0,0,,,,,0.15,,,,0.745,0.757,0.816,0.731,0.721,0.711,2019-03-20,2019-02-20,2018-12-27,2019-04-01,2019-03-08,2019-01-29,0.75,0.726,0.762,0.726,0.72,0.72,2019-04-03,2019-04-01,2019-03-18,2019-04-05,2019-04-02,2019-03-29,2178333,514166,463666,73.86,-9.41,-20.55,0.001,0.002,-0.007,-0.004,-0.011,-0.028,-0.00208,-0.00523,-0.00467,-0.00272,-0.00838,-0.01842,52.778,86.667,40.476,50.0,12.222,0.0,66.667,30.0,90.0,22.222,20.0,20.0,61.905,58.824,61.111,33.333,52.941,52.941,2019-03-25,2019-02-25,2019-01-18,2019-04-02,2019-03-13,2019-01-30,2019-04-04,2019-03-19,2019-03-07,2019-04-05,2019-03-29,2019-03-12,2019-04-03,2019-04-01,2019-03-18,2019-04-05,2019-04-02,2019-03-29,2019-04-03,2019-04-01,2019-03-22,2019-04-05,2019-04-02,2019-03-27,1,0,0,1,0,0,0,1,0,0,0,1,0,0,0,1,0,0,0,1,0,1,1,0,0,0,,,,,p2n,n2p,p2p,n2n,p2n,Life.BullEnd,Life.BearStart,Life.BullRetrace,Life.Bull,Life.BearStart,,
2019-04-08,0.74552,,,,0.762,0.73718,0.74105,0.72933,0.66775,0.7374,0.7373,9e-05,-0.00197,0.00206,,,7.04,-6.77,32.8,-8.4,1.66,-1.96,0.11,-0.66,13.0,24.0,39.0,16.0,7.0,10.0,4.0,8.0,0.036,0.0,0.00514,-0.00471,1.09091,52.17391,,52.174,18.84091,88.88889,51.85185,,88.889,58.33333,53.7037,,,0.733,0.1172,0.733,0.0,-0.6158,0.6158,0,0,0,,,,,0.15,,,,0.745,0.757,0.816,0.731,0.721,0.711,2019-03-20,2019-02-20,2018-12-27,2019-04-01,2019-03-08,2019-01-29,0.762,0.75,0.726,0.726,0.72,0.72,2019-04-08,2019-04-03,2019-04-01,2019-04-05,2019-04-02,2019-03-29,514166,463666,3210833,-9.41,-20.55,32.71,0.001,0.002,-0.007,-0.004,-0.011,-0.028,-0.00208,-0.00523,-0.00467,-0.00272,-0.00838,-0.01842,52.778,86.667,40.476,50.0,12.222,0.0,88.889,66.667,30.0,22.222,20.0,20.0,52.174,61.905,58.824,33.333,52.941,52.941,2019-03-25,2019-02-25,2019-01-18,2019-04-02,2019-03-13,2019-01-30,2019-04-04,2019-03-19,2019-03-07,2019-04-05,2019-03-29,2019-03-12,2019-04-08,2019-04-03,2019-04-01,2019-04-05,2019-04-02,2019-03-29,2019-04-08,2019-04-03,2019-04-01,2019-04-05,2019-04-02,2019-03-27,1,0,0,1,0,1,0,1,0,0,0,1,0,0,0,1,0,1,0,1,1,0,1,0,0,0,3210833.0,,,,n2p,p2p,n2n,p2n,n2p,Life.BullEnd,Life.BearStart,Life.BullRetrace,Life.Bull,Life.BearStart,,
2019-04-09,0.75003,,,,,0.73816,0.7414,0.72974,0.66857,0.73934,0.73824,0.00109,-0.00136,0.00245,,,6.4,-6.77,32.8,-8.4,1.66,-1.96,0.11,-0.66,12.0,24.0,39.0,16.0,7.0,10.0,4.0,8.0,-0.0,-0.012,0.00514,-0.00557,0.92308,48.0,,,-4.174,75.0,62.03704,,,65.47619,57.93651,,,0.7283,0.1166,0.7283,0.0,-0.6117,0.6117,0,0,1,,,,,0.15,,,,0.745,0.757,0.816,0.731,0.721,0.711,2019-03-20,2019-02-20,2018-12-27,2019-04-01,2019-03-08,2019-01-29,0.762,0.75,0.726,0.726,0.72,0.72,2019-04-08,2019-04-03,2019-04-01,2019-04-05,2019-04-02,2019-03-29,463666,3210833,1334500,-20.55,32.71,19.58,0.001,0.002,-0.007,-0.004,-0.011,-0.028,-0.00208,-0.00523,-0.00467,-0.00272,-0.00838,-0.01842,52.778,86.667,40.476,50.0,12.222,0.0,88.889,66.667,30.0,22.222,20.0,20.0,52.174,61.905,58.824,33.333,52.941,52.941,2019-03-25,2019-02-25,2019-01-18,2019-04-02,2019-03-13,2019-01-30,2019-04-04,2019-03-19,2019-03-07,2019-04-05,2019-03-29,2019-03-12,2019-04-08,2019-04-03,2019-04-01,2019-04-05,2019-04-02,2019-03-29,2019-04-08,2019-04-03,2019-04-01,2019-04-05,2019-04-02,2019-03-27,1,0,0,1,0,1,0,1,0,0,0,1,0,0,0,1,0,1,0,1,1,0,1,0,0,0,,,,,n2p,p2p,n2n,p2n,n2p,Life.BullEnd,Life.BearStart,Life.BullRetrace,Life.Bull,Life.BearStart,,
2019-04-10,0.75489,,,0.744,,0.73861,0.7415,0.73002,0.66932,0.74005,0.73867,0.00138,-0.00081,0.00219,,,5.71,-6.77,32.8,-8.4,1.66,-1.96,0.11,-0.66,11.0,24.0,39.0,16.0,7.0,10.0,4.0,8.0,-0.0,-0.006,0.00514,-0.00557,0.92308,48.0,48.0,,-4.174,62.5,75.46296,62.5,,76.19048,66.66667,,76.19,0.7218,0.1148,0.7218,0.0,-0.607,0.607,0,0,0,,,,,0.15,,,,0.745,0.757,0.816,0.731,0.721,0.711,2019-03-20,2019-02-20,2018-12-27,2019-04-01,2019-03-08,2019-01-29,0.762,0.75,0.726,0.744,0.726,0.72,2019-04-08,2019-04-03,2019-04-01,2019-04-10,2019-04-05,2019-04-02,3210833,1334500,625666,32.71,19.58,3.23,0.001,0.002,-0.007,-0.004,-0.011,-0.028,-0.00208,-0.00523,-0.00467,-0.00272,-0.00838,-0.01842,76.19,52.778,86.667,50.0,12.222,0.0,88.889,66.667,30.0,62.5,22.222,20.0,52.174,61.905,58.824,48.0,33.333,52.941,2019-03-25,2019-02-25,2019-01-18,2019-04-02,2019-03-13,2019-01-30,2019-04-10,2019-04-04,2019-03-19,2019-04-05,2019-03-29,2019-03-12,2019-04-08,2019-04-03,2019-04-01,2019-04-10,2019-04-05,2019-04-02,2019-04-08,2019-04-03,2019-04-01,2019-04-10,2019-04-05,2019-04-02,1,0,0,1,0,1,0,1,0,0,0,1,0,0,0,1,0,1,0,1,1,0,0,0,0,0,,,,,n2p,p2p,n2n,p2n,n2p,Life.BullEnd,Life.BearStart,Life.BullRetrace,Life.Bull,Life.BearStart,,
2019-04-11,0.76005,,,,,0.73949,0.74183,0.73041,0.67012,0.74158,0.73951,0.00208,-0.00023,0.00231,,,4.99,-6.77,32.8,-8.4,1.66,-1.96,0.11,-0.66,10.0,24.0,39.0,16.0,7.0,10.0,4.0,8.0,0.006,0.0,0.00557,-0.00514,1.08333,52.0,,,4.0,75.0,70.83333,,,66.66667,69.44444,,,0.7171,0.1142,0.7171,0.0,-0.6029,0.6029,0,0,0,,,,,0.15,,,,0.745,0.757,0.816,0.731,0.721,0.711,2019-03-20,2019-02-20,2018-12-27,2019-04-01,2019-03-08,2019-01-29,0.762,0.75,0.726,0.744,0.726,0.72,2019-04-08,2019-04-03,2019-04-01,2019-04-10,2019-04-05,2019-04-02,1334500,625666,1034166,19.58,3.23,-42.09,0.001,0.002,-0.007,-0.004,-0.011,-0.028,-0.00208,-0.00523,-0.00467,-0.00272,-0.00838,-0.01842,76.19,52.778,86.667,50.0,12.222,0.0,88.889,66.667,30.0,62.5,22.222,20.0,52.174,61.905,58.824,48.0,33.333,52.941,2019-03-25,2019-02-25,2019-01-18,2019-04-02,2019-03-13,2019-01-30,2019-04-10,2019-04-04,2019-03-19,2019-04-05,2019-03-29,2019-03-12,2019-04-08,2019-04-03,2019-04-01,2019-04-10,2019-04-05,2019-04-02,2019-04-08,2019-04-03,2019-04-01,2019-04-10,2019-04-05,2019-04-02,1,0,0,1,0,1,0,1,0,0,0,1,0,0,0,1,0,1,0,1,1,0,0,0,0,0,,,1034166.0,,p2p,n2n,p2n,n2p,p2n,Life.BullEnd,Life.BearStart,Life.BullRetrace,Life.Bull,Life.BearStart,,
2019-04-12,0.76552,,,,,0.7403,0.74215,0.7308,0.67092,0.74288,0.74029,0.00259,0.00033,0.00226,,,4.24,-6.77,32.8,-8.4,1.66,-1.96,0.11,-0.66,9.0,24.0,39.0,16.0,7.0,10.0,4.0,8.0,0.0,0.0,0.00557,-0.00471,1.18182,54.16667,,,6.16667,75.0,70.83333,,,66.66667,69.84127,66.667,,0.7123,0.1135,0.7123,0.0,-0.5988,0.5988,0,0,0,,,,,0.15,,,,0.745,0.757,0.816,0.731,0.721,0.711,2019-03-20,2019-02-20,2018-12-27,2019-04-01,2019-03-08,2019-01-29,0.762,0.75,0.726,0.744,0.726,0.72,2019-04-08,2019-04-03,2019-04-01,2019-04-10,2019-04-05,2019-04-02,625666,1034166,754500,3.23,-42.09,-19.37,0.001,0.002,-0.007,-0.004,-0.011,-0.028,-0.00208,-0.00523,-0.00467,-0.00272,-0.00838,-0.01842,76.19,52.778,86.667,66.667,50.0,12.222,88.889,66.667,30.0,62.5,22.222,20.0,52.174,61.905,58.824,48.0,33.333,52.941,2019-03-25,2019-02-25,2019-01-18,2019-04-02,2019-03-13,2019-01-30,2019-04-10,2019-04-04,2019-03-19,2019-04-12,2019-04-05,2019-03-29,2019-04-08,2019-04-03,2019-04-01,2019-04-10,2019-04-05,2019-04-02,2019-04-08,2019-04-03,2019-04-01,2019-04-10,2019-04-05,2019-04-02,1,0,0,1,0,1,0,1,0,0,0,1,0,0,0,1,0,1,0,1,1,0,0,0,0,0,,,,,p2p,n2n,p2n,n2p,p2n,Life.BullEnd,Life.BearStart,Life.BullRetrace,Life.Bull,Life.BearStart,,
2019-04-15,0.77113,,,,,0.74335,0.74364,0.73178,0.672,0.74859,0.74323,0.00536,0.00134,0.00402,,,3.48,-6.77,32.8,-8.4,1.66,-1.96,0.11,-0.66,8.0,24.0,39.0,16.0,7.0,10.0,4.0,8.0,0.03,0.0,0.00771,-0.00429,1.8,64.28571,,,16.28571,100.0,83.33333,,,80.95238,71.42857,,,0.7164,0.1186,0.7164,0.0,-0.5978,0.5978,1,1,1,,0.15,,,,,,,0.745,0.757,0.816,0.731,0.721,0.711,2019-03-20,2019-02-20,2018-12-27,2019-04-01,2019-03-08,2019-01-29,0.762,0.75,0.726,0.744,0.726,0.72,2019-04-08,2019-04-03,2019-04-01,2019-04-10,2019-04-05,2019-04-02,1034166,754500,5007334,-42.09,-19.37,181.49,0.001,0.002,-0.007,-0.004,-0.011,-0.028,-0.00208,-0.00523,-0.00467,-0.00272,-0.00838,-0.01842,76.19,52.778,86.667,66.667,50.0,12.222,88.889,66.667,30.0,62.5,22.222,20.0,52.174,61.905,58.824,48.0,33.333,52.941,2019-03-25,2019-02-25,2019-01-18,2019-04-02,2019-03-13,2019-01-30,2019-04-10,2019-04-04,2019-03-19,2019-04-12,2019-04-05,2019-03-29,2019-04-08,2019-04-03,2019-04-01,2019-04-10,2019-04-05,2019-04-02,2019-04-08,2019-04-03,2019-04-01,2019-04-10,2019-04-05,2019-04-02,1,0,0,1,0,1,0,1,0,0,0,1,0,0,0,1,0,1,0,1,1,0,0,0,0,0,5007334.0,,,,n2n,p2n,n2p,p2n,n2p,Life.BearStart,Life.BullRetrace,Life.Bull,Life.BearStart,Life.Bull,,
2019-04-16,0.77666,,,,0.804,0.74802,0.746,0.73321,0.67332,0.75711,0.74773,0.00939,0.00295,0.00644,,,2.75,-6.77,32.8,-8.4,1.66,-1.96,0.11,-0.66,7.0,24.0,39.0,16.0,7.0,10.0,4.0,8.0,0.024,0.0,0.00943,-0.00386,2.44444,70.96774,,70.968,22.96774,100.0,91.66667,,100.0,90.47619,79.36508,,90.476,0.7268,0.1481,0.747,0.0202,-0.5787,0.5989,1,1,1,,0.15,,,,,,,0.745,0.757,0.816,0.731,0.721,0.711,2019-03-20,2019-02-20,2018-12-27,2019-04-01,2019-03-08,2019-01-29,0.804,0.762,0.75,0.744,0.726,0.72,2019-04-16,2019-04-08,2019-04-03,2019-04-10,2019-04-05,2019-04-02,754500,5007334,6312167,-19.37,181.49,77.66,0.001,0.002,-0.007,-0.004,-0.011,-0.028,-0.00208,-0.00523,-0.00467,-0.00272,-0.00838,-0.01842,90.476,76.19,52.778,66.667,50.0,12.222,100.0,88.889,66.667,62.5,22.222,20.0,70.968,52.174,61.905,48.0,33.333,52.941,2019-03-25,2019-02-25,2019-01-18,2019-04-02,2019-03-13,2019-01-30,2019-04-16,2019-04-10,2019-04-04,2019-04-12,2019-04-05,2019-03-29,2019-04-16,2019-04-08,2019-04-03,2019-04-10,2019-04-05,2019-04-02,2019-04-16,2019-04-08,2019-04-03,2019-04-10,2019-04-05,2019-04-02,1,0,0,1,0,1,0,1,0,0,0,1,0,1,0,1,0,1,0,1,0,1,0,0,0,0,,,,,n2n,p2n,n2p,p2n,n2p,Life.BearStart,Life.BullRetrace,Life.Bull,Life.BearStart,Life.Bull,,
2019-04-17,0.78191,,,,,0.75048,0.74734,0.73413,0.67438,0.76063,0.75012,0.01052,0.00446,0.00605,,,2.06,-6.77,32.8,-8.4,1.66,-1.96,0.11,-0.66,6.0,24.0,39.0,16.0,7.0,10.0,4.0,8.0,-0.0,-0.024,0.00943,-0.00557,1.69231,62.85714,62.857,,-8.11086,73.33333,91.11111,,,86.66667,86.03175,,,0.7296,0.1635,0.761,0.0314,-0.5661,0.5975,1,1,1,,0.15,,,,,,,0.745,0.757,0.816,0.731,0.721,0.711,2019-03-20,2019-02-20,2018-12-27,2019-04-01,2019-03-08,2019-01-29,0.804,0.762,0.75,0.744,0.726,0.72,2019-04-16,2019-04-08,2019-04-03,2019-04-10,2019-04-05,2019-04-02,5007334,6312167,2380833,181.49,77.66,13.47,0.001,0.002,-0.007,-0.004,-0.011,-0.028,-0.00208,-0.00523,-0.00467,-0.00272,-0.00838,-0.01842,90.476,76.19,52.778,66.667,50.0,12.222,100.0,88.889,66.667,62.5,22.222,20.0,70.968,52.174,61.905,62.857,48.0,33.333,2019-03-25,2019-02-25,2019-01-18,2019-04-02,2019-03-13,2019-01-30,2019-04-16,2019-04-10,2019-04-04,2019-04-12,2019-04-05,2019-03-29,2019-04-16,2019-04-08,2019-04-03,2019-04-10,2019-04-05,2019-04-02,2019-04-16,2019-04-08,2019-04-03,2019-04-17,2019-04-10,2019-04-05,1,0,0,1,0,1,0,1,0,0,0,1,0,1,0,1,0,1,0,1,0,1,0,1,0,0,,,,,n2n,p2n,n2p,p2n,n2p,Life.BearStart,Life.BullRetrace,Life.Bull,Life.BearStart,Life.Bull,,
2019-04-18,0.78675,,,0.78,,0.75275,0.74862,0.73504,0.67543,0.76361,0.75233,0.01128,0.00583,0.00546,,,1.43,-6.77,32.8,-8.4,1.66,-1.96,0.11,-0.66,5.0,24.0,39.0,16.0,7.0,10.0,4.0,8.0,0.0,0.0,0.00943,-0.00514,1.83333,64.70588,,,1.84888,73.33333,82.22222,73.333,,71.85185,82.99824,,,0.7319,0.1771,0.7732,0.0413,-0.5548,0.5961,1,1,1,,0.15,,,,,,,0.745,0.757,0.816,0.731,0.721,0.711,2019-03-20,2019-02-20,2018-12-27,2019-04-01,2019-03-08,2019-01-29,0.804,0.762,0.75,0.78,0.744,0.726,2019-04-16,2019-04-08,2019-04-03,2019-04-18,2019-04-10,2019-04-05,6312167,2380833,707333,77.66,13.47,-31.39,0.001,0.002,-0.007,-0.004,-0.011,-0.028,-0.00208,-0.00523,-0.00467,-0.00272,-0.00838,-0.01842,90.476,76.19,52.778,66.667,50.0,12.222,100.0,88.889,66.667,73.333,62.5,22.222,70.968,52.174,61.905,62.857,48.0,33.333,2019-03-25,2019-02-25,2019-01-18,2019-04-02,2019-03-13,2019-01-30,2019-04-16,2019-04-10,2019-04-04,2019-04-12,2019-04-05,2019-03-29,2019-04-16,2019-04-08,2019-04-03,2019-04-18,2019-04-10,2019-04-05,2019-04-16,2019-04-08,2019-04-03,2019-04-17,2019-04-10,2019-04-05,1,0,0,1,0,1,0,1,0,0,0,1,0,1,0,1,0,1,0,1,0,1,0,1,0,0,,,707333.0,,p2n,n2p,p2n,n2p,p2n,Life.BearStart,Life.BullRetrace,Life.Bull,Life.BearStart,Life.Bull,,
2019-04-19,0.79099,,,,,0.75531,0.75008,0.73605,0.67653,0.76706,0.75483,0.01223,0.00711,0.00512,,,0.89,-6.77,32.8,-8.4,1.66,-1.96,0.11,-0.66,4.0,24.0,39.0,16.0,7.0,10.0,4.0,8.0,0.006,0.0,0.00943,-0.00514,1.83333,64.70588,,,1.84888,80.0,75.55556,,,59.35185,72.62346,59.352,,0.7355,0.1926,0.7878,0.0523,-0.5429,0.5952,1,1,1,,0.15,,,,,,,0.745,0.757,0.816,0.731,0.721,0.711,2019-03-20,2019-02-20,2018-12-27,2019-04-01,2019-03-08,2019-01-29,0.804,0.762,0.75,0.78,0.744,0.726,2019-04-16,2019-04-08,2019-04-03,2019-04-18,2019-04-10,2019-04-05,2380833,707333,4036667,13.47,-31.39,-24.21,0.001,0.002,-0.007,-0.004,-0.011,-0.028,-0.00208,-0.00523,-0.00467,-0.00272,-0.00838,-0.01842,90.476,76.19,52.778,59.352,66.667,50.0,100.0,88.889,66.667,73.333,62.5,22.222,70.968,52.174,61.905,62.857,48.0,33.333,2019-03-25,2019-02-25,2019-01-18,2019-04-02,2019-03-13,2019-01-30,2019-04-16,2019-04-10,2019-04-04,2019-04-19,2019-04-12,2019-04-05,2019-04-16,2019-04-08,2019-04-03,2019-04-18,2019-04-10,2019-04-05,2019-04-16,2019-04-08,2019-04-03,2019-04-17,2019-04-10,2019-04-05,1,0,0,1,0,1,0,1,0,0,0,1,0,1,0,0,0,1,0,1,0,1,0,1,0,0,,,,,p2n,n2p,p2n,n2p,p2n,Life.BearStart,Life.BullRetrace,Life.Bull,Life.BearStart,Life.Bull,,
2019-04-22,0.7943,,,,0.81,0.75951,0.75243,0.73751,0.67786,0.77366,0.75891,0.01475,0.00864,0.00612,,,0.47,-6.77,32.8,-8.4,1.66,-1.96,0.11,-0.66,3.0,24.0,39.0,16.0,7.0,10.0,4.0,8.0,0.024,0.0,0.01114,-0.00471,2.36364,70.27027,,70.27,7.41327,93.75,82.36111,,93.75,68.51852,66.57407,,,0.7457,0.22,0.8165,0.0708,-0.5257,0.5965,1,1,1,,0.15,,,,,,,0.745,0.757,0.816,0.731,0.721,0.711,2019-03-20,2019-02-20,2018-12-27,2019-04-01,2019-03-08,2019-01-29,0.81,0.804,0.762,0.78,0.744,0.726,2019-04-22,2019-04-16,2019-04-08,2019-04-18,2019-04-10,2019-04-05,707333,4036667,4510000,-31.39,-24.21,29.88,0.001,0.002,-0.007,-0.004,-0.011,-0.028,-0.00208,-0.00523,-0.00467,-0.00272,-0.00838,-0.01842,90.476,76.19,52.778,59.352,66.667,50.0,93.75,100.0,88.889,73.333,62.5,22.222,70.27,70.968,52.174,62.857,48.0,33.333,2019-03-25,2019-02-25,2019-01-18,2019-04-02,2019-03-13,2019-01-30,2019-04-16,2019-04-10,2019-04-04,2019-04-19,2019-04-12,2019-04-05,2019-04-22,2019-04-16,2019-04-08,2019-04-18,2019-04-10,2019-04-05,2019-04-22,2019-04-16,2019-04-08,2019-04-17,2019-04-10,2019-04-05,1,0,0,1,0,1,0,1,0,0,0,1,0,1,0,0,0,0,0,1,0,0,0,1,0,0,4510000.0,,,,n2p,p2n,n2p,p2n,n2p,Life.BearStart,Life.BullRetrace,Life.Bull,Life.BearStart,Life.Bull,,
2019-04-23,0.79652,,,,,0.76247,0.75422,0.73871,0.67905,0.77741,0.76181,0.0156,0.01003,0.00557,,,0.19,-6.77,32.8,-8.4,1.66,-1.96,0.11,-0.66,2.0,24.0,39.0,16.0,7.0,10.0,4.0,8.0,-0.0,-0.012,0.009,-0.00557,1.61538,61.76471,61.765,,-8.50529,81.25,85.0,,,70.83333,66.23457,,70.833,0.7517,0.2376,0.8342,0.0825,-0.5141,0.5966,1,1,1,,0.15,,,,,,,0.745,0.757,0.816,0.731,0.721,0.711,2019-03-20,2019-02-20,2018-12-27,2019-04-01,2019-03-08,2019-01-29,0.81,0.804,0.762,0.78,0.744,0.726,2019-04-22,2019-04-16,2019-04-08,2019-04-18,2019-04-10,2019-04-05,4036667,4510000,796000,-24.21,29.88,0.96,0.001,0.002,-0.007,-0.004,-0.011,-0.028,-0.00208,-0.00523,-0.00467,-0.00272,-0.00838,-0.01842,70.833,90.476,76.19,59.352,66.667,50.0,93.75,100.0,88.889,73.333,62.5,22.222,70.27,70.968,52.174,61.765,62.857,48.0,2019-03-25,2019-02-25,2019-01-18,2019-04-02,2019-03-13,2019-01-30,2019-04-23,2019-04-16,2019-04-10,2019-04-19,2019-04-12,2019-04-05,2019-04-22,2019-04-16,2019-04-08,2019-04-18,2019-04-10,2019-04-05,2019-04-22,2019-04-16,2019-04-08,2019-04-23,2019-04-17,2019-04-10,1,0,0,1,0,1,0,1,0,0,0,1,1,0,0,0,0,0,0,1,0,0,0,0,0,0,,,,,n2p,p2n,n2p,p2n,n2p,Life.BearStart,Life.BullRetrace,Life.Bull,Life.BearStart,Life.Bull,,
2019-04-24,0.79762,,,0.792,,0.76475,0.7557,0.73977,0.68018,0.77965,0.76405,0.01561,0.01114,0.00446,,,0.05,-6.77,32.8,-8.4,1.66,-1.96,0.11,-0.66,1.0,24.0,39.0,16.0,7.0,10.0,4.0,8.0,-0.0,-0.006,0.009,-0.00514,1.75,63.63636,,,1.87136,75.0,83.33333,75.0,,66.66667,68.67284,,,0.7552,0.2498,0.8457,0.0905,-0.5054,0.5959,1,1,1,,0.15,,,,,,,0.745,0.757,0.816,0.731,0.721,0.711,2019-03-20,2019-02-20,2018-12-27,2019-04-01,2019-03-08,2019-01-29,0.81,0.804,0.762,0.792,0.78,0.744,2019-04-22,2019-04-16,2019-04-08,2019-04-24,2019-04-18,2019-04-10,4510000,796000,897666,29.88,0.96,-33.6,0.001,0.002,-0.007,-0.004,-0.011,-0.028,-0.00208,-0.00523,-0.00467,-0.00272,-0.00838,-0.01842,70.833,90.476,76.19,59.352,66.667,50.0,93.75,100.0,88.889,75.0,73.333,62.5,70.27,70.968,52.174,61.765,62.857,48.0,2019-03-25,2019-02-25,2019-01-18,2019-04-02,2019-03-13,2019-01-30,2019-04-23,2019-04-16,2019-04-10,2019-04-19,2019-04-12,2019-04-05,2019-04-22,2019-04-16,2019-04-08,2019-04-24,2019-04-18,2019-04-10,2019-04-22,2019-04-16,2019-04-08,2019-04-23,2019-04-17,2019-04-10,1,0,0,1,0,1,0,1,0,0,0,1,1,0,0,0,0,0,0,1,0,0,0,0,0,0,,,,,n2p,p2n,n2p,p2n,n2p,Life.BearStart,Life.BullRetrace,Life.Bull,Life.BearStart,Life.Bull,,
2019-04-25,0.79761,,0.798,,,0.76823,0.75783,0.74116,0.68147,0.78432,0.76745,0.01687,0.01229,0.00458,,,-6.72,32.8,-8.4,1.66,-1.96,0.11,-0.66,57.19,24.0,39.0,16.0,7.0,10.0,4.0,8.0,74.0,0.018,0.0,0.01029,-0.00429,2.4,70.58824,,70.588,8.82324,88.23529,81.4951,,88.235,62.5,66.66667,62.5,,0.7636,0.2707,0.8676,0.104,-0.4929,0.5969,1,1,1,,0.15,,,,,,,0.798,0.745,0.757,0.731,0.721,0.711,2019-04-25,2019-03-20,2019-02-20,2019-04-01,2019-03-08,2019-01-29,0.81,0.804,0.762,0.792,0.78,0.744,2019-04-22,2019-04-16,2019-04-08,2019-04-24,2019-04-18,2019-04-10,796000,897666,2618167,0.96,-33.6,-30.5,0.001,0.002,-0.007,-0.004,-0.011,-0.028,-0.00208,-0.00523,-0.00467,-0.00272,-0.00838,-0.01842,70.833,90.476,76.19,62.5,59.352,66.667,88.235,93.75,100.0,75.0,73.333,62.5,70.588,70.27,70.968,61.765,62.857,48.0,2019-03-25,2019-02-25,2019-01-18,2019-04-02,2019-03-13,2019-01-30,2019-04-23,2019-04-16,2019-04-10,2019-04-25,2019-04-19,2019-04-12,2019-04-25,2019-04-22,2019-04-16,2019-04-24,2019-04-18,2019-04-10,2019-04-25,2019-04-22,2019-04-16,2019-04-23,2019-04-17,2019-04-10,0,1,0,1,0,1,0,1,0,0,0,1,1,0,0,0,1,0,0,1,0,0,0,0,0,0,,,,,n2p,p2n,n2p,p2n,n2p,Life.BearStart,Life.BullRetrace,Life.Bull,Life.BearStart,Life.Bull,,
2019-04-26,0.79649,,,,0.81,0.77144,0.75988,0.74252,0.68275,0.78827,0.7706,0.01767,0.01337,0.00431,,0.018,-6.59,32.8,-8.4,1.66,-1.96,0.11,-0.66,57.19,23.0,39.0,16.0,7.0,10.0,4.0,8.0,74.0,0.0,0.0,0.00771,-0.00429,1.8,64.28571,,,-6.30229,85.71429,82.98319,,,63.88889,64.35185,,63.889,0.7713,0.2892,0.8869,0.1156,-0.4821,0.5977,1,1,1,,0.15,,,,,,,0.798,0.745,0.757,0.731,0.721,0.711,2019-04-25,2019-03-20,2019-02-20,2019-04-01,2019-03-08,2019-01-29,0.81,0.81,0.804,0.792,0.78,0.744,2019-04-26,2019-04-22,2019-04-16,2019-04-24,2019-04-18,2019-04-10,897666,2618167,1055333,-33.6,-30.5,6.01,0.018,0.001,0.002,-0.004,-0.011,-0.028,0.01337,-0.00208,-0.00523,-0.00272,-0.00838,-0.01842,63.889,70.833,90.476,62.5,59.352,66.667,88.235,93.75,100.0,75.0,73.333,62.5,70.588,70.27,70.968,61.765,62.857,48.0,2019-04-26,2019-03-25,2019-02-25,2019-04-02,2019-03-13,2019-01-30,2019-04-26,2019-04-23,2019-04-16,2019-04-25,2019-04-19,2019-04-12,2019-04-25,2019-04-22,2019-04-16,2019-04-24,2019-04-18,2019-04-10,2019-04-25,2019-04-22,2019-04-16,2019-04-23,2019-04-17,2019-04-10,0,1,0,1,0,1,0,1,0,1,0,1,1,0,0,0,1,0,0,1,0,0,0,0,1,0,,,,,n2p,p2n,n2p,p2n,n2p,Life.BearStart,Life.BullRetrace,Life.Bull,Life.BearStart,Life.Bull,,
2019-04-29,0.79408,,,0.798,,0.77348,0.76137,0.74362,0.68389,0.78977,0.77263,0.01714,0.01412,0.00302,,,-6.31,32.8,-8.4,1.66,-1.96,0.11,-0.66,57.19,22.0,39.0,16.0,7.0,10.0,4.0,8.0,74.0,-0.0,-0.012,0.00771,-0.00429,1.8,64.28571,64.286,,-6.30229,69.23077,81.06012,69.231,,61.50794,62.63228,,,0.7748,0.2986,0.8959,0.1211,-0.4762,0.5973,1,1,1,,0.15,,,,,,,0.798,0.745,0.757,0.731,0.721,0.711,2019-04-25,2019-03-20,2019-02-20,2019-04-01,2019-03-08,2019-01-29,0.81,0.81,0.804,0.798,0.792,0.78,2019-04-26,2019-04-22,2019-04-16,2019-04-29,2019-04-24,2019-04-18,2618167,1055333,1153000,-30.5,6.01,5.59,0.018,0.001,0.002,-0.004,-0.011,-0.028,0.01337,-0.00208,-0.00523,-0.00272,-0.00838,-0.01842,63.889,70.833,90.476,62.5,59.352,66.667,88.235,93.75,100.0,69.231,75.0,73.333,70.588,70.27,70.968,64.286,61.765,62.857,2019-04-26,2019-03-25,2019-02-25,2019-04-02,2019-03-13,2019-01-30,2019-04-26,2019-04-23,2019-04-16,2019-04-25,2019-04-19,2019-04-12,2019-04-25,2019-04-22,2019-04-16,2019-04-29,2019-04-24,2019-04-18,2019-04-25,2019-04-22,2019-04-16,2019-04-29,2019-04-23,2019-04-17,0,1,0,1,0,1,0,1,0,1,0,1,1,0,0,0,1,0,1,0,0,0,0,1,1,0,,,,,n2p,p2n,n2p,p2n,n2p,Life.BearStart,Life.BullRetrace,Life.Bull,Life.BearStart,Life.Bull,,
2019-04-30,0.79037,,,,0.804,0.77583,0.76304,0.74482,0.68509,0.79196,0.77495,0.017,0.0147,0.00231,,,-5.87,32.8,-8.4,1.66,-1.96,0.11,-0.66,57.19,21.0,39.0,16.0,7.0,10.0,4.0,8.0,74.0,0.006,0.0,0.00814,-0.00386,2.11111,67.85714,,67.857,3.57114,76.92308,77.28938,,76.923,55.55556,60.31746,,,0.7795,0.3101,0.9074,0.1279,-0.4694,0.5973,1,1,1,,0.15,,,,,,,0.798,0.745,0.757,0.731,0.721,0.711,2019-04-25,2019-03-20,2019-02-20,2019-04-01,2019-03-08,2019-01-29,0.804,0.81,0.81,0.798,0.792,0.78,2019-04-30,2019-04-26,2019-04-22,2019-04-29,2019-04-24,2019-04-18,1055333,1153000,1157000,6.01,5.59,-30.27,0.018,0.001,0.002,-0.004,-0.011,-0.028,0.01337,-0.00208,-0.00523,-0.00272,-0.00838,-0.01842,63.889,70.833,90.476,62.5,59.352,66.667,76.923,88.235,93.75,69.231,75.0,73.333,67.857,70.588,70.27,64.286,61.765,62.857,2019-04-26,2019-03-25,2019-02-25,2019-04-02,2019-03-13,2019-01-30,2019-04-26,2019-04-23,2019-04-16,2019-04-25,2019-04-19,2019-04-12,2019-04-30,2019-04-25,2019-04-22,2019-04-29,2019-04-24,2019-04-18,2019-04-30,2019-04-25,2019-04-22,2019-04-29,2019-04-23,2019-04-17,0,1,0,1,1,0,0,1,0,1,0,1,1,0,0,0,1,0,1,0,1,0,0,1,1,0,,,,,n2p,p2n,n2p,p2n,n2p,Life.BearStart,Life.BullRetrace,Life.Bull,Life.BearStart,Life.Bull,,
2019-05-02,0.78558,,,0.774,,0.77569,0.76347,0.74539,0.68597,0.7892,0.77488,0.01431,0.01462,-0.00031,,,-5.29,32.8,-8.4,1.66,-1.96,0.11,-0.66,57.19,19.0,39.0,16.0,7.0,10.0,4.0,8.0,74.0,-0.0,-0.03,0.00771,-0.006,1.28571,56.25,56.25,,-11.607,33.33333,59.82906,33.333,,33.33333,50.13228,,,0.775,0.303,0.8972,0.1222,-0.472,0.5942,0,0,0,,,,,0.15,,,,0.798,0.745,0.757,0.731,0.721,0.711,2019-04-25,2019-03-20,2019-02-20,2019-04-01,2019-03-08,2019-01-29,0.804,0.81,0.81,0.774,0.798,0.792,2019-04-30,2019-04-26,2019-04-22,2019-05-02,2019-04-29,2019-04-24,1153000,1157000,533500,5.59,-30.27,-15.51,0.018,0.001,0.002,-0.004,-0.011,-0.028,0.01337,-0.00208,-0.00523,-0.00272,-0.00838,-0.01842,63.889,70.833,90.476,62.5,59.352,66.667,76.923,88.235,93.75,33.333,69.231,75.0,67.857,70.588,70.27,56.25,64.286,61.765,2019-04-26,2019-03-25,2019-02-25,2019-04-02,2019-03-13,2019-01-30,2019-04-26,2019-04-23,2019-04-16,2019-04-25,2019-04-19,2019-04-12,2019-04-30,2019-04-25,2019-04-22,2019-05-02,2019-04-29,2019-04-24,2019-04-30,2019-04-25,2019-04-22,2019-05-02,2019-04-29,2019-04-23,0,1,0,1,1,0,1,0,0,1,0,1,1,0,0,0,1,0,1,0,1,0,1,0,1,0,,,,,n2p,p2n,n2p,p2n,n2p,Life.BullRetrace,Life.Bull,Life.BearStart,Life.Bull,Life.BearStart,,
2019-05-03,0.78015,,,,0.792,0.77694,0.76459,0.74632,0.68703,0.78963,0.77615,0.01348,0.01439,-0.00092,,,-4.63,32.8,-8.4,1.66,-1.96,0.11,-0.66,57.19,18.0,39.0,16.0,7.0,10.0,4.0,8.0,74.0,0.018,0.0,0.009,-0.006,1.5,60.0,,60.0,3.75,54.54545,54.93395,,54.545,33.33333,40.74074,,,0.7756,0.3062,0.8991,0.1235,-0.4694,0.5929,0,0,0,,,,,0.15,,,,0.798,0.745,0.757,0.731,0.721,0.711,2019-04-25,2019-03-20,2019-02-20,2019-04-01,2019-03-08,2019-01-29,0.792,0.804,0.81,0.774,0.798,0.792,2019-05-03,2019-04-30,2019-04-26,2019-05-02,2019-04-29,2019-04-24,1157000,533500,683000,-30.27,-15.51,-16.53,0.018,0.001,0.002,-0.004,-0.011,-0.028,0.01337,-0.00208,-0.00523,-0.00272,-0.00838,-0.01842,63.889,70.833,90.476,62.5,59.352,66.667,54.545,76.923,88.235,33.333,69.231,75.0,60.0,67.857,70.588,56.25,64.286,61.765,2019-04-26,2019-03-25,2019-02-25,2019-04-02,2019-03-13,2019-01-30,2019-04-26,2019-04-23,2019-04-16,2019-04-25,2019-04-19,2019-04-12,2019-05-03,2019-04-30,2019-04-25,2019-05-02,2019-04-29,2019-04-24,2019-05-03,2019-04-30,2019-04-25,2019-05-02,2019-04-29,2019-04-23,0,1,0,1,1,0,1,0,0,1,0,1,1,0,0,0,1,0,1,0,1,0,1,0,1,0,,,,,n2p,p2n,n2p,p2n,n2p,Life.BullRetrace,Life.Bull,Life.BearStart,Life.Bull,Life.BearStart,,
2019-05-06,0.77446,,,,,0.77626,0.76473,0.74675,0.68783,0.7863,0.77555,0.01075,0.01366,-0.00291,,,-3.93,32.8,-8.4,1.66,-1.96,0.11,-0.66,57.19,17.0,39.0,16.0,7.0,10.0,4.0,8.0,74.0,-0.0,-0.024,0.00686,-0.00771,0.88889,47.05882,,,-12.94118,10.0,32.62626,,,17.98942,28.21869,17.989,,0.769,0.2951,0.8843,0.1153,-0.4739,0.5892,0,0,0,,,,,0.15,,,,0.798,0.745,0.757,0.731,0.721,0.711,2019-04-25,2019-03-20,2019-02-20,2019-04-01,2019-03-08,2019-01-29,0.792,0.804,0.81,0.774,0.798,0.792,2019-05-03,2019-04-30,2019-04-26,2019-05-02,2019-04-29,2019-04-24,533500,683000,608666,-15.51,-16.53,-23.1,0.018,0.001,0.002,-0.004,-0.011,-0.028,0.01337,-0.00208,-0.00523,-0.00272,-0.00838,-0.01842,63.889,70.833,90.476,17.989,62.5,59.352,54.545,76.923,88.235,33.333,69.231,75.0,60.0,67.857,70.588,56.25,64.286,61.765,2019-04-26,2019-03-25,2019-02-25,2019-04-02,2019-03-13,2019-01-30,2019-04-26,2019-04-23,2019-04-16,2019-05-06,2019-04-25,2019-04-19,2019-05-03,2019-04-30,2019-04-25,2019-05-02,2019-04-29,2019-04-24,2019-05-03,2019-04-30,2019-04-25,2019-05-02,2019-04-29,2019-04-23,0,1,0,1,1,0,1,0,0,1,0,1,1,0,1,0,1,0,1,0,1,0,1,0,1,0,,,,,n2p,p2n,n2p,p2n,n2p,Life.BullRetrace,Life.Bull,Life.BearStart,Life.Bull,Life.BearStart,,
2019-05-07,0.76894,,,,,0.77562,0.76485,0.74717,0.68863,0.78348,0.77499,0.0085,0.01263,-0.00413,,,-3.24,32.8,-8.4,1.66,-1.96,0.11,-0.66,57.19,16.0,39.0,16.0,7.0,10.0,4.0,8.0,74.0,0.0,0.0,0.00514,-0.00771,0.66667,40.0,40.0,,-20.0,10.0,24.84848,,,22.15608,24.49295,,22.156,0.7622,0.2845,0.8699,0.1077,-0.4777,0.5854,0,0,0,,,,,0.15,,,,0.798,0.745,0.757,0.731,0.721,0.711,2019-04-25,2019-03-20,2019-02-20,2019-04-01,2019-03-08,2019-01-29,0.792,0.804,0.81,0.774,0.798,0.792,2019-05-03,2019-04-30,2019-04-26,2019-05-02,2019-04-29,2019-04-24,683000,608666,451333,-16.53,-23.1,-4.5,0.018,0.001,0.002,-0.004,-0.011,-0.028,0.01337,-0.00208,-0.00523,-0.00272,-0.00838,-0.01842,22.156,63.889,70.833,17.989,62.5,59.352,54.545,76.923,88.235,33.333,69.231,75.0,60.0,67.857,70.588,40.0,56.25,64.286,2019-04-26,2019-03-25,2019-02-25,2019-04-02,2019-03-13,2019-01-30,2019-05-07,2019-04-26,2019-04-23,2019-05-06,2019-04-25,2019-04-19,2019-05-03,2019-04-30,2019-04-25,2019-05-02,2019-04-29,2019-04-24,2019-05-03,2019-04-30,2019-04-25,2019-05-07,2019-05-02,2019-04-29,0,1,0,1,1,0,1,0,0,1,0,1,1,0,1,0,1,0,1,0,1,0,1,0,1,0,,,,,n2p,p2n,n2p,p2n,n2p,Life.BullRetrace,Life.Bull,Life.BearStart,Life.Bull,Life.BearStart,,
2019-05-08,0.76407,,,,,0.77457,0.76474,0.74746,0.68936,0.78018,0.77403,0.00615,0.01133,-0.00518,,,-2.63,32.8,-8.4,1.66,-1.96,0.11,-0.66,57.19,15.0,39.0,16.0,7.0,10.0,4.0,8.0,74.0,-0.0,-0.006,0.00514,-0.00643,0.8,44.44444,,44.444,4.44444,0.0,6.66667,,,7.87037,16.00529,,,0.7538,0.2711,0.8521,0.0983,-0.4827,0.581,0,0,0,,,,,0.15,,,,0.798,0.745,0.757,0.731,0.721,0.711,2019-04-25,2019-03-20,2019-02-20,2019-04-01,2019-03-08,2019-01-29,0.792,0.804,0.81,0.774,0.798,0.792,2019-05-03,2019-04-30,2019-04-26,2019-05-02,2019-04-29,2019-04-24,608666,451333,378666,-23.1,-4.5,-17.46,0.018,0.001,0.002,-0.004,-0.011,-0.028,0.01337,-0.00208,-0.00523,-0.00272,-0.00838,-0.01842,22.156,63.889,70.833,17.989,62.5,59.352,54.545,76.923,88.235,33.333,69.231,75.0,44.444,60.0,67.857,40.0,56.25,64.286,2019-04-26,2019-03-25,2019-02-25,2019-04-02,2019-03-13,2019-01-30,2019-05-07,2019-04-26,2019-04-23,2019-05-06,2019-04-25,2019-04-19,2019-05-03,2019-04-30,2019-04-25,2019-05-02,2019-04-29,2019-04-24,2019-05-08,2019-05-03,2019-04-30,2019-05-07,2019-05-02,2019-04-29,0,1,0,1,1,0,1,0,0,1,0,1,1,0,1,0,1,0,1,0,1,0,1,0,1,0,,,,,n2p,p2n,n2p,p2n,n2p,Life.BullRetrace,Life.Bull,Life.BearStart,Life.Bull,Life.BearStart,,
2019-05-09,0.76008,,,,,0.77268,0.76416,0.74751,0.68997,0.77554,0.77225,0.00329,0.00973,-0.00644,,,-2.12,32.8,-8.4,1.66,-1.96,0.11,-0.66,57.19,14.0,39.0,16.0,7.0,10.0,4.0,8.0,74.0,-0.0,-0.012,0.00514,-0.00729,0.70588,41.37931,,,-3.06469,0.0,3.33333,,,4.16667,11.39771,,,0.7419,0.2517,0.8271,0.0852,-0.4902,0.5754,0,0,0,,,,,0.15,,,,0.798,0.745,0.757,0.731,0.721,0.711,2019-04-25,2019-03-20,2019-02-20,2019-04-01,2019-03-08,2019-01-29,0.792,0.804,0.81,0.774,0.798,0.792,2019-05-03,2019-04-30,2019-04-26,2019-05-02,2019-04-29,2019-04-24,451333,378666,261333,-4.5,-17.46,-24.14,0.018,0.001,0.002,-0.004,-0.011,-0.028,0.01337,-0.00208,-0.00523,-0.00272,-0.00838,-0.01842,22.156,63.889,70.833,17.989,62.5,59.352,54.545,76.923,88.235,33.333,69.231,75.0,44.444,60.0,67.857,40.0,56.25,64.286,2019-04-26,2019-03-25,2019-02-25,2019-04-02,2019-03-13,2019-01-30,2019-05-07,2019-04-26,2019-04-23,2019-05-06,2019-04-25,2019-04-19,2019-05-03,2019-04-30,2019-04-25,2019-05-02,2019-04-29,2019-04-24,2019-05-08,2019-05-03,2019-04-30,2019-05-07,2019-05-02,2019-04-29,0,1,0,1,1,0,1,0,0,1,0,1,1,0,1,0,1,0,1,0,1,0,1,0,1,0,,,,,n2p,p2n,n2p,p2n,n2p,Life.BullRetrace,Life.Bull,Life.BearStart,Life.Bull,Life.BearStart,,
2019-05-10,0.75687,,,,,0.77094,0.76361,0.74756,0.69056,0.77161,0.7706,0.00101,0.00798,-0.00697,,,-1.7,32.8,-8.4,1.66,-1.96,0.11,-0.66,57.19,13.0,39.0,16.0,7.0,10.0,4.0,8.0,74.0,0.0,0.0,0.00471,-0.00729,0.64706,39.28571,,,-5.15829,0.0,0.0,0.0,,0.0,4.01235,0.0,,0.7305,0.2338,0.8038,0.0733,-0.4967,0.57,0,0,0,,,,,0.15,,,,0.798,0.745,0.757,0.731,0.721,0.711,2019-04-25,2019-03-20,2019-02-20,2019-04-01,2019-03-08,2019-01-29,0.792,0.804,0.81,0.774,0.798,0.792,2019-05-03,2019-04-30,2019-04-26,2019-05-02,2019-04-29,2019-04-24,378666,261333,487166,-17.46,-24.14,3.28,0.018,0.001,0.002,-0.004,-0.011,-0.028,0.01337,-0.00208,-0.00523,-0.00272,-0.00838,-0.01842,22.156,63.889,70.833,0.0,17.989,62.5,54.545,76.923,88.235,0.0,33.333,69.231,44.444,60.0,67.857,40.0,56.25,64.286,2019-04-26,2019-03-25,2019-02-25,2019-04-02,2019-03-13,2019-01-30,2019-05-07,2019-04-26,2019-04-23,2019-05-10,2019-05-06,2019-04-25,2019-05-03,2019-04-30,2019-04-25,2019-05-10,2019-05-02,2019-04-29,2019-05-08,2019-05-03,2019-04-30,2019-05-07,2019-05-02,2019-04-29,0,1,0,1,1,0,1,0,0,1,0,1,1,0,1,0,1,0,1,0,1,0,1,0,1,0,,,,,n2p,p2n,n2p,p2n,n2p,Life.BullRetrace,Life.Bull,Life.BearStart,Life.Bull,Life.BearStart,,
2019-05-13,0.75433,,,0.744,,0.76887,0.76284,0.74749,0.69109,0.76736,0.76863,-0.00127,0.00613,-0.0074,,,-1.37,32.8,-8.4,1.66,-1.96,0.11,-0.66,57.19,12.0,39.0,16.0,7.0,10.0,4.0,8.0,74.0,-0.0,-0.006,0.003,-0.00771,0.38889,28.0,28.0,,-16.444,13.33333,4.44444,,,7.40741,3.85802,,,0.7175,0.2138,0.7778,0.0603,-0.5037,0.564,0,0,0,,,,,0.15,,,,0.798,0.745,0.757,0.731,0.721,0.711,2019-04-25,2019-03-20,2019-02-20,2019-04-01,2019-03-08,2019-01-29,0.792,0.804,0.81,0.744,0.774,0.798,2019-05-03,2019-04-30,2019-04-26,2019-05-13,2019-05-02,2019-04-29,261333,487166,741666,-24.14,3.28,32.2,0.018,0.001,0.002,-0.004,-0.011,-0.028,0.01337,-0.00208,-0.00523,-0.00272,-0.00838,-0.01842,22.156,63.889,70.833,0.0,17.989,62.5,54.545,76.923,88.235,0.0,33.333,69.231,44.444,60.0,67.857,28.0,40.0,56.25,2019-04-26,2019-03-25,2019-02-25,2019-04-02,2019-03-13,2019-01-30,2019-05-07,2019-04-26,2019-04-23,2019-05-10,2019-05-06,2019-04-25,2019-05-03,2019-04-30,2019-04-25,2019-05-10,2019-05-02,2019-04-29,2019-05-08,2019-05-03,2019-04-30,2019-05-13,2019-05-07,2019-05-02,0,1,0,1,1,0,1,0,0,1,0,1,1,0,1,0,1,0,1,0,1,0,1,0,1,0,,,,,n2p,p2n,n2p,p2n,n2p,Life.BullRetrace,Life.Bull,Life.BearStart,Life.Bull,Life.BearStart,,
2019-05-14,0.75236,,,,0.756,0.76788,0.76257,0.74766,0.69174,0.76561,0.76769,-0.00208,0.00449,-0.00657,,,-1.11,32.8,-8.4,1.66,-1.96,0.11,-0.66,57.19,11.0,39.0,16.0,7.0,10.0,4.0,8.0,74.0,0.012,0.0,0.00386,-0.00686,0.5625,36.0,,,8.0,35.29412,16.20915,,35.294,27.40741,11.60494,,,0.7083,0.2022,0.7614,0.0531,-0.5061,0.5592,0,0,0,,,,,0.15,,,,0.798,0.745,0.757,0.731,0.721,0.711,2019-04-25,2019-03-20,2019-02-20,2019-04-01,2019-03-08,2019-01-29,0.756,0.792,0.804,0.744,0.774,0.798,2019-05-14,2019-05-03,2019-04-30,2019-05-13,2019-05-02,2019-04-29,487166,741666,1173666,3.28,32.2,61.22,0.018,0.001,0.002,-0.004,-0.011,-0.028,0.01337,-0.00208,-0.00523,-0.00272,-0.00838,-0.01842,22.156,63.889,70.833,0.0,17.989,62.5,35.294,54.545,76.923,0.0,33.333,69.231,44.444,60.0,67.857,28.0,40.0,56.25,2019-04-26,2019-03-25,2019-02-25,2019-04-02,2019-03-13,2019-01-30,2019-05-07,2019-04-26,2019-04-23,2019-05-10,2019-05-06,2019-04-25,2019-05-14,2019-05-03,2019-04-30,2019-05-10,2019-05-02,2019-04-29,2019-05-08,2019-05-03,2019-04-30,2019-05-13,2019-05-07,2019-05-02,0,1,0,1,1,0,1,0,0,1,0,1,1,0,1,0,1,0,1,0,1,0,1,0,1,0,,,,,n2p,p2n,n2p,p2n,n2p,Life.BullRetrace,Life.Bull,Life.BearStart,Life.Bull,Life.BearStart,,
2019-05-15,0.75088,,,0.75,,0.7665,0.76208,0.7477,0.69232,0.76321,0.76638,-0.00317,0.00296,-0.00613,,,-0.92,32.8,-8.4,1.66,-1.96,0.11,-0.66,57.19,10.0,39.0,16.0,7.0,10.0,4.0,8.0,74.0,-0.0,-0.006,0.00386,-0.00686,0.5625,36.0,,36.0,8.0,29.41176,26.01307,29.412,,48.24074,27.68519,,,0.6976,0.188,0.7418,0.0442,-0.5096,0.5538,0,0,0,,,,,0.15,,,,0.798,0.745,0.757,0.731,0.721,0.711,2019-04-25,2019-03-20,2019-02-20,2019-04-01,2019-03-08,2019-01-29,0.756,0.792,0.804,0.75,0.744,0.774,2019-05-14,2019-05-03,2019-04-30,2019-05-15,2019-05-13,2019-05-02,741666,1173666,1183833,32.2,61.22,29.0,0.018,0.001,0.002,-0.004,-0.011,-0.028,0.01337,-0.00208,-0.00523,-0.00272,-0.00838,-0.01842,22.156,63.889,70.833,0.0,17.989,62.5,35.294,54.545,76.923,29.412,0.0,33.333,36.0,44.444,60.0,28.0,40.0,56.25,2019-04-26,2019-03-25,2019-02-25,2019-04-02,2019-03-13,2019-01-30,2019-05-07,2019-04-26,2019-04-23,2019-05-10,2019-05-06,2019-04-25,2019-05-14,2019-05-03,2019-04-30,2019-05-15,2019-05-10,2019-05-02,2019-05-15,2019-05-08,2019-05-03,2019-05-13,2019-05-07,2019-05-02,0,1,0,1,1,0,0,0,0,1,0,1,1,0,1,0,1,0,0,0,1,0,1,0,1,0,,,,,n2p,p2n,n2p,p2n,n2p,Life.BullRetrace,Life.Bull,Life.BearStart,Life.Bull,Life.BearStart,,
2019-05-16,0.74981,,,,0.762,0.76615,0.76208,0.74799,0.69301,0.76302,0.76606,-0.00303,0.00176,-0.00479,,,-0.78,32.8,-8.4,1.66,-1.96,0.11,-0.66,57.19,9.0,39.0,16.0,7.0,10.0,4.0,8.0,74.0,0.012,0.0,0.00343,-0.00686,0.5,33.33333,,,-2.66667,43.75,36.15196,,43.75,70.0,48.54938,,,0.6907,0.1816,0.7314,0.0407,-0.5091,0.5498,0,0,0,,,,,0.15,,,,0.798,0.745,0.757,0.731,0.721,0.711,2019-04-25,2019-03-20,2019-02-20,2019-04-01,2019-03-08,2019-01-29,0.762,0.756,0.792,0.75,0.744,0.774,2019-05-16,2019-05-14,2019-05-03,2019-05-15,2019-05-13,2019-05-02,1173666,1183833,974833,61.22,29.0,7.52,0.018,0.001,0.002,-0.004,-0.011,-0.028,0.01337,-0.00208,-0.00523,-0.00272,-0.00838,-0.01842,22.156,63.889,70.833,0.0,17.989,62.5,43.75,35.294,54.545,29.412,0.0,33.333,36.0,44.444,60.0,28.0,40.0,56.25,2019-04-26,2019-03-25,2019-02-25,2019-04-02,2019-03-13,2019-01-30,2019-05-07,2019-04-26,2019-04-23,2019-05-10,2019-05-06,2019-04-25,2019-05-16,2019-05-14,2019-05-03,2019-05-15,2019-05-10,2019-05-02,2019-05-15,2019-05-08,2019-05-03,2019-05-13,2019-05-07,2019-05-02,0,1,0,1,0,0,0,0,0,1,0,1,1,0,1,0,0,0,0,0,1,0,1,0,1,0,,,,,n2p,p2n,n2p,p2n,n2p,Life.BullRetrace,Life.Bull,Life.BearStart,Life.Bull,Life.BearStart,,
2019-05-17,0.749,,,,,0.76537,0.76184,0.74815,0.69364,0.76194,0.76531,-0.00337,0.00073,-0.0041,,,-0.67,32.8,-8.4,1.66,-1.96,0.11,-0.66,57.19,8.0,39.0,16.0,7.0,10.0,4.0,8.0,74.0,-0.0,-0.006,0.00343,-0.00729,0.47059,32.0,,,-4.0,37.5,36.88725,,,75.0,64.41358,,75.0,0.682,0.1722,0.7173,0.0353,-0.5098,0.5451,0,0,0,,,,,0.15,,,,0.798,0.745,0.757,0.731,0.721,0.711,2019-04-25,2019-03-20,2019-02-20,2019-04-01,2019-03-08,2019-01-29,0.762,0.756,0.792,0.75,0.744,0.774,2019-05-16,2019-05-14,2019-05-03,2019-05-15,2019-05-13,2019-05-02,1183833,974833,127333,29.0,7.52,-31.4,0.018,0.001,0.002,-0.004,-0.011,-0.028,0.01337,-0.00208,-0.00523,-0.00272,-0.00838,-0.01842,75.0,22.156,63.889,0.0,17.989,62.5,43.75,35.294,54.545,29.412,0.0,33.333,36.0,44.444,60.0,28.0,40.0,56.25,2019-04-26,2019-03-25,2019-02-25,2019-04-02,2019-03-13,2019-01-30,2019-05-17,2019-05-07,2019-04-26,2019-05-10,2019-05-06,2019-04-25,2019-05-16,2019-05-14,2019-05-03,2019-05-15,2019-05-10,2019-05-02,2019-05-15,2019-05-08,2019-05-03,2019-05-13,2019-05-07,2019-05-02,0,1,0,1,0,0,0,0,0,1,0,1,0,1,1,0,0,0,0,0,1,0,1,0,1,0,,,,,n2p,p2n,n2p,p2n,n2p,Life.BullRetrace,Life.Bull,Life.BearStart,Life.Bull,Life.BearStart,,
2019-05-21,0.74831,,,,,0.76327,0.7609,0.74795,0.69408,0.75826,0.76329,-0.00503,-0.00042,-0.00461,,,-0.58,32.8,-8.4,1.66,-1.96,0.11,-0.66,57.19,6.0,39.0,16.0,7.0,10.0,4.0,8.0,74.0,-0.0,-0.018,0.00343,-0.00771,0.44444,30.76923,,,-5.23077,20.0,33.75,,,66.66667,70.55556,,,0.6682,0.1532,0.6919,0.0237,-0.515,0.5387,0,0,0,,,,,0.15,,,,0.798,0.745,0.757,0.731,0.721,0.711,2019-04-25,2019-03-20,2019-02-20,2019-04-01,2019-03-08,2019-01-29,0.762,0.756,0.792,0.75,0.744,0.774,2019-05-16,2019-05-14,2019-05-03,2019-05-15,2019-05-13,2019-05-02,974833,127333,647500,7.52,-31.4,-23.46,0.018,0.001,0.002,-0.004,-0.011,-0.028,0.01337,-0.00208,-0.00523,-0.00272,-0.00838,-0.01842,75.0,22.156,63.889,0.0,17.989,62.5,43.75,35.294,54.545,29.412,0.0,33.333,36.0,44.444,60.0,28.0,40.0,56.25,2019-04-26,2019-03-25,2019-02-25,2019-04-02,2019-03-13,2019-01-30,2019-05-17,2019-05-07,2019-04-26,2019-05-10,2019-05-06,2019-04-25,2019-05-16,2019-05-14,2019-05-03,2019-05-15,2019-05-10,2019-05-02,2019-05-15,2019-05-08,2019-05-03,2019-05-13,2019-05-07,2019-05-02,0,1,0,1,0,0,0,0,0,1,0,1,0,1,1,0,0,0,0,0,1,0,1,0,1,0,,,,,n2p,p2n,n2p,p2n,n2p,Life.BullRetrace,Life.Bull,Life.BearStart,Life.Bull,Life.BearStart,,
2019-05-23,0.74757,,,0.732,,0.76086,0.75977,0.74763,0.69446,0.75422,0.76097,-0.00675,-0.00169,-0.00507,,,-0.48,32.8,-8.4,1.66,-1.96,0.11,-0.66,57.19,4.0,39.0,16.0,7.0,10.0,4.0,8.0,74.0,-0.0,-0.006,0.003,-0.00814,0.36842,26.92308,26.923,,-9.07692,14.28571,23.92857,14.286,,42.2619,61.30952,,,0.6531,0.1323,0.664,0.0109,-0.5208,0.5317,0,0,0,,,,,0.15,,,,0.798,0.745,0.757,0.731,0.721,0.711,2019-04-25,2019-03-20,2019-02-20,2019-04-01,2019-03-08,2019-01-29,0.762,0.756,0.792,0.732,0.75,0.744,2019-05-16,2019-05-14,2019-05-03,2019-05-23,2019-05-15,2019-05-13,127333,647500,847166,-31.4,-23.46,-7.3,0.018,0.001,0.002,-0.004,-0.011,-0.028,0.01337,-0.00208,-0.00523,-0.00272,-0.00838,-0.01842,75.0,22.156,63.889,0.0,17.989,62.5,43.75,35.294,54.545,14.286,29.412,0.0,36.0,44.444,60.0,26.923,28.0,40.0,2019-04-26,2019-03-25,2019-02-25,2019-04-02,2019-03-13,2019-01-30,2019-05-17,2019-05-07,2019-04-26,2019-05-10,2019-05-06,2019-04-25,2019-05-16,2019-05-14,2019-05-03,2019-05-23,2019-05-15,2019-05-10,2019-05-15,2019-05-08,2019-05-03,2019-05-23,2019-05-13,2019-05-07,0,1,0,1,0,0,1,0,0,1,0,1,0,1,1,0,0,0,0,0,1,0,1,0,1,0,,,,,n2p,p2n,n2p,p2n,n2p,Life.BullRetrace,Life.Bull,Life.BearStart,Life.Bull,Life.BearStart,,
2019-05-24,0.74668,,,,,0.76003,0.75939,0.74768,0.69501,0.75357,0.76016,-0.00659,-0.00267,-0.00392,-0.007,,-0.36,32.8,-8.4,1.66,-1.96,0.11,-0.66,57.19,3.0,39.0,16.0,7.0,10.0,4.0,8.0,74.0,0.018,0.0,0.00429,-0.006,0.71429,41.66667,,41.667,14.74367,41.66667,25.31746,,,39.48413,49.4709,39.484,,0.6438,0.1235,0.6502,0.0064,-0.5203,0.5267,0,0,0,,,,,0.15,,,,0.798,0.745,0.757,0.731,0.721,0.711,2019-04-25,2019-03-20,2019-02-20,2019-04-01,2019-03-08,2019-01-29,0.762,0.756,0.792,0.732,0.75,0.744,2019-05-16,2019-05-14,2019-05-03,2019-05-23,2019-05-15,2019-05-13,647500,847166,361500,-23.46,-7.3,14.44,0.018,0.001,0.002,-0.007,-0.004,-0.011,0.01337,-0.00208,-0.00523,-0.00267,-0.00272,-0.00838,75.0,22.156,63.889,39.484,0.0,17.989,43.75,35.294,54.545,14.286,29.412,0.0,41.667,36.0,44.444,26.923,28.0,40.0,2019-04-26,2019-03-25,2019-02-25,2019-05-24,2019-04-02,2019-03-13,2019-05-17,2019-05-07,2019-04-26,2019-05-24,2019-05-10,2019-05-06,2019-05-16,2019-05-14,2019-05-03,2019-05-23,2019-05-15,2019-05-10,2019-05-24,2019-05-15,2019-05-08,2019-05-23,2019-05-13,2019-05-07,0,1,0,1,0,0,1,0,0,1,0,0,0,1,0,1,0,0,0,0,0,0,1,0,1,0,,,,,n2p,p2n,n2p,p2n,n2p,Life.BullRetrace,Life.Bull,Life.BearStart,Life.Bull,Life.BearStart,,
2019-05-27,0.74573,,,,,0.75926,0.75902,0.74772,0.69556,0.75302,0.75941,-0.00639,-0.00341,-0.00298,,,-0.23,32.8,-8.4,1.66,-1.96,0.11,-0.66,57.19,2.0,39.0,16.0,7.0,10.0,4.0,8.0,74.0,0.0,0.0,0.003,-0.006,0.5,33.33333,33.333,,-8.33367,45.45455,33.80231,,,49.20635,43.65079,,,0.6346,0.1154,0.637,0.0024,-0.5192,0.5216,0,0,0,,,,,0.15,,,,0.798,0.745,0.757,0.731,0.721,0.711,2019-04-25,2019-03-20,2019-02-20,2019-04-01,2019-03-08,2019-01-29,0.762,0.756,0.792,0.732,0.75,0.744,2019-05-16,2019-05-14,2019-05-03,2019-05-23,2019-05-15,2019-05-13,847166,361500,462833,-7.3,14.44,-9.95,0.018,0.001,0.002,-0.007,-0.004,-0.011,0.01337,-0.00208,-0.00523,-0.00267,-0.00272,-0.00838,75.0,22.156,63.889,39.484,0.0,17.989,43.75,35.294,54.545,14.286,29.412,0.0,41.667,36.0,44.444,33.333,26.923,28.0,2019-04-26,2019-03-25,2019-02-25,2019-05-24,2019-04-02,2019-03-13,2019-05-17,2019-05-07,2019-04-26,2019-05-24,2019-05-10,2019-05-06,2019-05-16,2019-05-14,2019-05-03,2019-05-23,2019-05-15,2019-05-10,2019-05-24,2019-05-15,2019-05-08,2019-05-27,2019-05-23,2019-05-13,0,1,0,1,0,0,1,0,0,1,0,0,0,1,0,1,0,0,0,0,0,0,0,1,1,0,,,,,n2p,p2n,n2p,p2n,n2p,Life.BullRetrace,Life.Bull,Life.BearStart,Life.Bull,Life.BearStart,,
2019-05-28,0.74491,,,,,0.75854,0.75866,0.74777,0.6961,0.75256,0.75871,-0.00615,-0.00396,-0.00219,,,-0.12,32.8,-8.4,1.66,-1.96,0.11,-0.66,57.19,1.0,39.0,16.0,7.0,10.0,4.0,8.0,74.0,0.0,0.0,0.003,-0.00429,0.7,41.17647,,,7.84347,45.45455,44.19192,,,61.11111,49.93386,,61.111,0.6256,0.1089,0.6256,0.0,-0.5167,0.5167,0,0,0,,,,,0.15,,,,0.798,0.745,0.757,0.731,0.721,0.711,2019-04-25,2019-03-20,2019-02-20,2019-04-01,2019-03-08,2019-01-29,0.762,0.756,0.792,0.732,0.75,0.744,2019-05-16,2019-05-14,2019-05-03,2019-05-23,2019-05-15,2019-05-13,361500,462833,1330333,14.44,-9.95,28.91,0.018,0.001,0.002,-0.007,-0.004,-0.011,0.01337,-0.00208,-0.00523,-0.00267,-0.00272,-0.00838,61.111,75.0,22.156,39.484,0.0,17.989,43.75,35.294,54.545,14.286,29.412,0.0,41.667,36.0,44.444,33.333,26.923,28.0,2019-04-26,2019-03-25,2019-02-25,2019-05-24,2019-04-02,2019-03-13,2019-05-28,2019-05-17,2019-05-07,2019-05-24,2019-05-10,2019-05-06,2019-05-16,2019-05-14,2019-05-03,2019-05-23,2019-05-15,2019-05-10,2019-05-24,2019-05-15,2019-05-08,2019-05-27,2019-05-23,2019-05-13,0,1,0,1,0,0,1,0,0,1,0,0,0,0,0,1,0,0,0,0,0,0,0,1,1,0,,,,,n2p,p2n,n2p,p2n,n2p,Life.BullRetrace,Life.Bull,Life.BearStart,Life.Bull,Life.BearStart,,
2019-05-29,0.7445,0.744,,,0.75,0.75789,0.75832,0.74781,0.69664,0.75216,0.75806,-0.0059,-0.00435,-0.00155,,,32.71,-8.4,1.66,-1.96,0.11,-0.66,57.19,-2.98,39.0,16.0,7.0,10.0,4.0,8.0,74.0,7.0,0.0,0.0,0.003,-0.00429,0.7,41.17647,,,7.84347,50.0,46.9697,,50.0,55.55556,55.29101,,,0.6168,0.1051,0.6168,0.0,-0.5117,0.5117,0,0,0,,,,,0.15,,,,0.798,0.745,0.757,0.744,0.731,0.721,2019-04-25,2019-03-20,2019-02-20,2019-05-29,2019-04-01,2019-03-08,0.75,0.762,0.756,0.732,0.75,0.744,2019-05-29,2019-05-16,2019-05-14,2019-05-23,2019-05-15,2019-05-13,462833,1330333,718666,-9.95,28.91,16.58,0.018,0.001,0.002,-0.007,-0.004,-0.011,0.01337,-0.00208,-0.00523,-0.00267,-0.00272,-0.00838,61.111,75.0,22.156,39.484,0.0,17.989,50.0,43.75,35.294,14.286,29.412,0.0,41.667,36.0,44.444,33.333,26.923,28.0,2019-04-26,2019-03-25,2019-02-25,2019-05-24,2019-04-02,2019-03-13,2019-05-28,2019-05-17,2019-05-07,2019-05-24,2019-05-10,2019-05-06,2019-05-29,2019-05-16,2019-05-14,2019-05-23,2019-05-15,2019-05-10,2019-05-24,2019-05-15,2019-05-08,2019-05-27,2019-05-23,2019-05-13,0,1,0,1,1,0,1,0,0,1,0,0,0,0,0,1,0,1,0,0,0,0,0,1,1,0,,,,,n2p,p2n,n2p,p2n,n2p,Life.BullRetrace,Life.Bull,Life.BearStart,Life.Bull,Life.BearStart,,
2019-05-30,0.74472,,,,,0.75682,0.75776,0.74774,0.69711,0.75091,0.75702,-0.00612,-0.0047,-0.00141,,-0.006,32.67,-8.4,1.66,-1.96,0.11,-0.66,57.19,-2.98,38.0,16.0,7.0,10.0,4.0,8.0,74.0,7.0,-0.0,-0.006,0.003,-0.00429,0.7,41.17647,,,7.84347,44.44444,46.633,,,45.83333,54.16667,,,0.6065,0.1002,0.6065,0.0,-0.5063,0.5063,0,0,0,,,,,0.15,,,,0.798,0.745,0.757,0.744,0.731,0.721,2019-04-25,2019-03-20,2019-02-20,2019-05-29,2019-04-01,2019-03-08,0.75,0.762,0.756,0.732,0.75,0.744,2019-05-29,2019-05-16,2019-05-14,2019-05-23,2019-05-15,2019-05-13,1330333,718666,1214166,28.91,16.58,29.91,-0.006,0.018,0.001,-0.007,-0.004,-0.011,-0.0047,0.01337,-0.00208,-0.00267,-0.00272,-0.00838,61.111,75.0,22.156,39.484,0.0,17.989,50.0,43.75,35.294,14.286,29.412,0.0,41.667,36.0,44.444,33.333,26.923,28.0,2019-05-30,2019-04-26,2019-03-25,2019-05-24,2019-04-02,2019-03-13,2019-05-28,2019-05-17,2019-05-07,2019-05-24,2019-05-10,2019-05-06,2019-05-29,2019-05-16,2019-05-14,2019-05-23,2019-05-15,2019-05-10,2019-05-24,2019-05-15,2019-05-08,2019-05-27,2019-05-23,2019-05-13,0,1,0,1,1,0,1,0,1,0,0,0,0,0,0,1,0,1,0,0,0,0,0,1,0,0,,,,,n2p,p2n,n2p,p2n,n2p,Life.BullRetrace,Life.Bull,Life.BearStart,Life.Bull,Life.BearStart,,
2019-05-31,0.74566,,,,,0.75537,0.75699,0.74754,0.69751,0.74892,0.75561,-0.00669,-0.0051,-0.00159,,,32.5,-8.4,1.66,-1.96,0.11,-0.66,57.19,-2.98,37.0,16.0,7.0,10.0,4.0,8.0,74.0,7.0,-0.0,-0.006,0.003,-0.00386,0.77778,43.75,,43.75,10.417,33.33333,42.59259,,,37.5,46.2963,,,0.5948,0.0945,0.5948,0.0,-0.5003,0.5003,0,0,0,,,,,0.15,,,,0.798,0.745,0.757,0.744,0.731,0.721,2019-04-25,2019-03-20,2019-02-20,2019-05-29,2019-04-01,2019-03-08,0.75,0.762,0.756,0.732,0.75,0.744,2019-05-29,2019-05-16,2019-05-14,2019-05-23,2019-05-15,2019-05-13,718666,1214166,827333,16.58,29.91,-15.41,-0.006,0.018,0.001,-0.007,-0.004,-0.011,-0.0047,0.01337,-0.00208,-0.00267,-0.00272,-0.00838,61.111,75.0,22.156,39.484,0.0,17.989,50.0,43.75,35.294,14.286,29.412,0.0,43.75,41.667,36.0,33.333,26.923,28.0,2019-05-30,2019-04-26,2019-03-25,2019-05-24,2019-04-02,2019-03-13,2019-05-28,2019-05-17,2019-05-07,2019-05-24,2019-05-10,2019-05-06,2019-05-29,2019-05-16,2019-05-14,2019-05-23,2019-05-15,2019-05-10,2019-05-31,2019-05-24,2019-05-15,2019-05-27,2019-05-23,2019-05-13,0,1,0,1,1,0,1,0,1,0,0,0,0,0,0,1,0,1,0,0,0,1,0,1,0,0,,,-827333.0,,p2n,n2p,p2n,n2p,p2n,Life.BullRetrace,Life.Bull,Life.BearStart,Life.Bull,Life.BearStart,,
2019-06-03,0.74732,,,0.732,,0.75357,0.75601,0.74724,0.69786,0.74632,0.75386,-0.00755,-0.00559,-0.00196,,,32.21,-8.4,1.66,-1.96,0.11,-0.66,57.19,-2.98,36.0,16.0,7.0,10.0,4.0,8.0,74.0,7.0,-0.0,-0.006,0.003,-0.00429,0.7,41.17647,41.176,,-2.57353,22.22222,33.33333,22.222,,28.24074,37.19136,28.241,,0.5815,0.0877,0.5815,0.0,-0.4938,0.4938,0,0,0,,,,,0.15,,,,0.798,0.745,0.757,0.744,0.731,0.721,2019-04-25,2019-03-20,2019-02-20,2019-05-29,2019-04-01,2019-03-08,0.75,0.762,0.756,0.732,0.732,0.75,2019-05-29,2019-05-16,2019-05-14,2019-06-03,2019-05-23,2019-05-15,1214166,827333,592666,29.91,-15.41,-4.56,-0.006,0.018,0.001,-0.007,-0.004,-0.011,-0.0047,0.01337,-0.00208,-0.00267,-0.00272,-0.00838,61.111,75.0,22.156,28.241,39.484,0.0,50.0,43.75,35.294,22.222,14.286,29.412,43.75,41.667,36.0,41.176,33.333,26.923,2019-05-30,2019-04-26,2019-03-25,2019-05-24,2019-04-02,2019-03-13,2019-05-28,2019-05-17,2019-05-07,2019-06-03,2019-05-24,2019-05-10,2019-05-29,2019-05-16,2019-05-14,2019-06-03,2019-05-23,2019-05-15,2019-05-31,2019-05-24,2019-05-15,2019-06-03,2019-05-27,2019-05-23,0,1,0,1,1,0,1,0,1,0,0,0,0,0,0,0,0,1,0,0,0,1,0,1,0,0,,,,,p2n,n2p,p2n,n2p,p2n,Life.BullRetrace,Life.Bull,Life.BearStart,Life.Bull,Life.BearStart,fpi210721.start,
2019-06-04,0.74979,,,,,0.75238,0.7553,0.74705,0.69826,0.74504,0.75269,-0.00765,-0.006,-0.00165,-0.008,,31.77,-8.4,1.66,-1.96,0.11,-0.66,57.19,-2.98,35.0,16.0,7.0,10.0,4.0,8.0,74.0,7.0,0.006,0.0,0.00343,-0.00386,0.88889,47.05882,,,5.88282,33.33333,29.62963,,,32.40741,32.71605,,,0.5704,0.0825,0.5704,0.0,-0.4879,0.4879,0,0,0,,,,,0.15,,,,0.798,0.745,0.757,0.744,0.731,0.721,2019-04-25,2019-03-20,2019-02-20,2019-05-29,2019-04-01,2019-03-08,0.75,0.762,0.756,0.732,0.732,0.75,2019-05-29,2019-05-16,2019-05-14,2019-06-03,2019-05-23,2019-05-15,827333,592666,341666,-15.41,-4.56,-33.12,-0.006,0.018,0.001,-0.008,-0.007,-0.004,-0.0047,0.01337,-0.00208,-0.006,-0.00267,-0.00272,61.111,75.0,22.156,28.241,39.484,0.0,50.0,43.75,35.294,22.222,14.286,29.412,43.75,41.667,36.0,41.176,33.333,26.923,2019-05-30,2019-04-26,2019-03-25,2019-06-04,2019-05-24,2019-04-02,2019-05-28,2019-05-17,2019-05-07,2019-06-03,2019-05-24,2019-05-10,2019-05-29,2019-05-16,2019-05-14,2019-06-03,2019-05-23,2019-05-15,2019-05-31,2019-05-24,2019-05-15,2019-06-03,2019-05-27,2019-05-23,0,1,0,1,1,0,1,0,1,0,1,0,0,0,0,0,0,1,0,0,0,1,0,1,0,0,,,,,p2n,n2p,p2n,n2p,p2n,Life.BullRetrace,Life.Bull,Life.BearStart,Life.Bull,Life.BearStart,fpi210721.start,
2019-06-07,0.75312,,,,,0.75219,0.75509,0.74711,0.69877,0.7458,0.75249,-0.00669,-0.00614,-0.00055,,,31.19,-8.4,1.66,-1.96,0.11,-0.66,57.19,-2.98,32.0,16.0,7.0,10.0,4.0,8.0,74.0,7.0,0.012,0.0,0.00343,-0.00386,0.88889,47.05882,,,5.88282,55.55556,37.03704,,,51.85185,37.5,,,0.5632,0.0798,0.5632,0.0,-0.4834,0.4834,0,0,0,,,,,0.15,,,,0.798,0.745,0.757,0.744,0.731,0.721,2019-04-25,2019-03-20,2019-02-20,2019-05-29,2019-04-01,2019-03-08,0.75,0.762,0.756,0.732,0.732,0.75,2019-05-29,2019-05-16,2019-05-14,2019-06-03,2019-05-23,2019-05-15,592666,341666,569000,-4.56,-33.12,-14.66,-0.006,0.018,0.001,-0.008,-0.007,-0.004,-0.0047,0.01337,-0.00208,-0.006,-0.00267,-0.00272,61.111,75.0,22.156,28.241,39.484,0.0,50.0,43.75,35.294,22.222,14.286,29.412,43.75,41.667,36.0,41.176,33.333,26.923,2019-05-30,2019-04-26,2019-03-25,2019-06-04,2019-05-24,2019-04-02,2019-05-28,2019-05-17,2019-05-07,2019-06-03,2019-05-24,2019-05-10,2019-05-29,2019-05-16,2019-05-14,2019-06-03,2019-05-23,2019-05-15,2019-05-31,2019-05-24,2019-05-15,2019-06-03,2019-05-27,2019-05-23,0,1,0,1,1,0,1,0,1,0,1,0,0,0,0,0,0,1,0,0,0,1,0,1,0,0,,,,,p2n,n2p,p2n,n2p,p2n,Life.BullRetrace,Life.Bull,Life.BearStart,Life.Bull,Life.BearStart,,
2019-06-10,0.75711,,,,,0.75249,0.75513,0.74729,0.69934,0.74737,0.75275,-0.00538,-0.00599,0.00061,,,30.5,-8.4,1.66,-1.96,0.11,-0.66,57.19,-2.98,31.0,16.0,7.0,10.0,4.0,8.0,74.0,7.0,0.006,0.0,0.00386,-0.00343,1.125,52.94118,,,11.76518,66.66667,51.85185,,,73.01587,52.42504,,,0.5579,0.0784,0.5579,0.0,-0.4795,0.4795,0,0,0,,,,,0.15,,,,0.798,0.745,0.757,0.744,0.731,0.721,2019-04-25,2019-03-20,2019-02-20,2019-05-29,2019-04-01,2019-03-08,0.75,0.762,0.756,0.732,0.732,0.75,2019-05-29,2019-05-16,2019-05-14,2019-06-03,2019-05-23,2019-05-15,341666,569000,1273500,-33.12,-14.66,45.29,-0.006,0.018,0.001,-0.008,-0.007,-0.004,-0.0047,0.01337,-0.00208,-0.006,-0.00267,-0.00272,61.111,75.0,22.156,28.241,39.484,0.0,50.0,43.75,35.294,22.222,14.286,29.412,43.75,41.667,36.0,41.176,33.333,26.923,2019-05-30,2019-04-26,2019-03-25,2019-06-04,2019-05-24,2019-04-02,2019-05-28,2019-05-17,2019-05-07,2019-06-03,2019-05-24,2019-05-10,2019-05-29,2019-05-16,2019-05-14,2019-06-03,2019-05-23,2019-05-15,2019-05-31,2019-05-24,2019-05-15,2019-06-03,2019-05-27,2019-05-23,0,1,0,1,1,0,1,0,1,0,1,0,0,0,0,0,0,1,0,0,0,1,0,1,0,0,1273500.0,,,,n2p,p2n,n2p,p2n,n2p,Life.BullRetrace,Life.Bull,Life.BearStart,Life.Bull,Life.BearStart,,
2019-06-11,0.76142,,,,0.774,0.75414,0.75587,0.74782,0.70008,0.75147,0.75432,-0.00286,-0.00536,0.0025,,,29.76,-8.4,1.66,-1.96,0.11,-0.66,57.19,-2.98,30.0,16.0,7.0,10.0,4.0,8.0,74.0,7.0,0.018,0.0,0.00429,-0.00343,1.25,55.55556,,,14.37956,75.0,65.74074,,75.0,81.34921,68.73898,,81.349,0.5579,0.0805,0.5579,0.0,-0.4774,0.4774,0,0,1,,,,,0.15,,,,0.798,0.745,0.757,0.744,0.731,0.721,2019-04-25,2019-03-20,2019-02-20,2019-05-29,2019-04-01,2019-03-08,0.774,0.75,0.762,0.732,0.732,0.75,2019-06-11,2019-05-29,2019-05-16,2019-06-03,2019-05-23,2019-05-15,569000,1273500,2334667,-14.66,45.29,91.25,-0.006,0.018,0.001,-0.008,-0.007,-0.004,-0.0047,0.01337,-0.00208,-0.006,-0.00267,-0.00272,81.349,61.111,75.0,28.241,39.484,0.0,75.0,50.0,43.75,22.222,14.286,29.412,43.75,41.667,36.0,41.176,33.333,26.923,2019-05-30,2019-04-26,2019-03-25,2019-06-04,2019-05-24,2019-04-02,2019-06-11,2019-05-28,2019-05-17,2019-06-03,2019-05-24,2019-05-10,2019-06-11,2019-05-29,2019-05-16,2019-06-03,2019-05-23,2019-05-15,2019-05-31,2019-05-24,2019-05-15,2019-06-03,2019-05-27,2019-05-23,0,1,0,1,0,1,1,0,1,0,1,0,0,1,0,0,0,1,0,0,0,1,0,1,0,0,,2334667.0,,,p2n,n2p,p2n,n2p,p2p,Life.BullRetrace,Life.Bull,Life.BearStart,Life.Bull,Life.BearStart,,
2019-06-12,0.76588,,,,,0.75521,0.75635,0.74822,0.70076,0.75401,0.75534,-0.00133,-0.00455,0.00323,,,29.0,-8.4,1.66,-1.96,0.11,-0.66,57.19,-2.98,29.0,16.0,7.0,10.0,4.0,8.0,74.0,7.0,-0.0,-0.006,0.00429,-0.00343,1.25,55.55556,,,14.37956,66.66667,69.44444,,,74.78355,76.38288,,,0.5559,0.0813,0.5559,0.0,-0.4746,0.4746,0,0,1,,,,,0.15,,,,0.798,0.745,0.757,0.744,0.731,0.721,2019-04-25,2019-03-20,2019-02-20,2019-05-29,2019-04-01,2019-03-08,0.774,0.75,0.762,0.732,0.732,0.75,2019-06-11,2019-05-29,2019-05-16,2019-06-03,2019-05-23,2019-05-15,1273500,2334667,366333,45.29,91.25,-4.85,-0.006,0.018,0.001,-0.008,-0.007,-0.004,-0.0047,0.01337,-0.00208,-0.006,-0.00267,-0.00272,81.349,61.111,75.0,28.241,39.484,0.0,75.0,50.0,43.75,22.222,14.286,29.412,43.75,41.667,36.0,41.176,33.333,26.923,2019-05-30,2019-04-26,2019-03-25,2019-06-04,2019-05-24,2019-04-02,2019-06-11,2019-05-28,2019-05-17,2019-06-03,2019-05-24,2019-05-10,2019-06-11,2019-05-29,2019-05-16,2019-06-03,2019-05-23,2019-05-15,2019-05-31,2019-05-24,2019-05-15,2019-06-03,2019-05-27,2019-05-23,0,1,0,1,0,1,1,0,1,0,1,0,0,1,0,0,0,1,0,0,0,1,0,1,0,0,,,-366333.0,,n2p,p2n,n2p,p2p,p2n,Life.BullRetrace,Life.Bull,Life.BearStart,Life.Bull,Life.BearStart,,
2019-06-13,0.77054,,,0.768,,0.75619,0.7568,0.74861,0.70143,0.75616,0.75628,-0.00011,-0.00367,0.00355,,,28.22,-8.4,1.66,-1.96,0.11,-0.66,57.19,-2.98,28.0,16.0,7.0,10.0,4.0,8.0,74.0,7.0,0.0,0.0,0.00429,-0.00214,2.0,66.66667,,,25.49067,66.66667,69.44444,66.667,,66.21212,74.11496,,,0.5537,0.0819,0.5537,0.0,-0.4718,0.4718,0,0,1,,,,,0.15,,,,0.798,0.745,0.757,0.744,0.731,0.721,2019-04-25,2019-03-20,2019-02-20,2019-05-29,2019-04-01,2019-03-08,0.774,0.75,0.762,0.768,0.732,0.732,2019-06-11,2019-05-29,2019-05-16,2019-06-13,2019-06-03,2019-05-23,2334667,366333,747833,91.25,-4.85,-13.23,-0.006,0.018,0.001,-0.008,-0.007,-0.004,-0.0047,0.01337,-0.00208,-0.006,-0.00267,-0.00272,81.349,61.111,75.0,28.241,39.484,0.0,75.0,50.0,43.75,66.667,22.222,14.286,43.75,41.667,36.0,41.176,33.333,26.923,2019-05-30,2019-04-26,2019-03-25,2019-06-04,2019-05-24,2019-04-02,2019-06-11,2019-05-28,2019-05-17,2019-06-03,2019-05-24,2019-05-10,2019-06-11,2019-05-29,2019-05-16,2019-06-13,2019-06-03,2019-05-23,2019-05-31,2019-05-24,2019-05-15,2019-06-03,2019-05-27,2019-05-23,0,1,0,1,0,1,0,1,1,0,1,0,0,1,0,0,0,1,0,1,0,1,0,1,0,0,,,,,n2p,p2n,n2p,p2p,p2n,Life.BullRetrace,Life.Bull,Life.BearStart,Life.Bull,Life.BearStart,,
2019-06-14,0.7755,,,,,0.75802,0.75771,0.74923,0.70221,0.75983,0.75803,0.0018,-0.00257,0.00437,,,27.4,-8.4,1.66,-1.96,0.11,-0.66,57.19,-2.98,27.0,16.0,7.0,10.0,4.0,8.0,74.0,7.0,0.012,0.0,0.00514,-0.00171,3.0,75.0,,75.0,33.824,76.92308,70.08547,,,62.04545,67.68038,62.045,,0.555,0.0879,0.5581,0.0031,-0.4671,0.4702,1,1,1,,0.15,,,,,,,0.798,0.745,0.757,0.744,0.731,0.721,2019-04-25,2019-03-20,2019-02-20,2019-05-29,2019-04-01,2019-03-08,0.774,0.75,0.762,0.768,0.732,0.732,2019-06-11,2019-05-29,2019-05-16,2019-06-13,2019-06-03,2019-05-23,366333,747833,2206500,-4.85,-13.23,-3.72,-0.006,0.018,0.001,-0.008,-0.007,-0.004,-0.0047,0.01337,-0.00208,-0.006,-0.00267,-0.00272,81.349,61.111,75.0,62.045,28.241,39.484,75.0,50.0,43.75,66.667,22.222,14.286,75.0,43.75,41.667,41.176,33.333,26.923,2019-05-30,2019-04-26,2019-03-25,2019-06-04,2019-05-24,2019-04-02,2019-06-11,2019-05-28,2019-05-17,2019-06-14,2019-06-03,2019-05-24,2019-06-11,2019-05-29,2019-05-16,2019-06-13,2019-06-03,2019-05-23,2019-06-14,2019-05-31,2019-05-24,2019-06-03,2019-05-27,2019-05-23,0,1,0,1,0,1,0,1,1,0,1,0,0,1,0,1,0,1,0,1,0,1,0,1,0,0,,,,,n2p,p2n,n2p,p2p,p2n,Life.Bull,Life.BearStart,Life.Bull,Life.BearStart,Life.Bull,,
2019-06-17,0.78092,,,,0.786,0.76017,0.75882,0.74996,0.70304,0.76386,0.7601,0.00375,-0.00131,0.00506,,,26.52,-8.4,1.66,-1.96,0.11,-0.66,57.19,-2.98,26.0,16.0,7.0,10.0,4.0,8.0,74.0,7.0,0.006,0.0,0.00429,-0.00171,2.5,71.42857,,,-3.57143,84.61538,76.06838,,84.615,63.05556,63.77104,,63.056,0.5578,0.1021,0.5713,0.0135,-0.4557,0.4692,1,1,1,,0.15,,,,,,,0.798,0.745,0.757,0.744,0.731,0.721,2019-04-25,2019-03-20,2019-02-20,2019-05-29,2019-04-01,2019-03-08,0.786,0.774,0.75,0.768,0.732,0.732,2019-06-17,2019-06-11,2019-05-29,2019-06-13,2019-06-03,2019-05-23,747833,2206500,569166,-13.23,-3.72,6.11,-0.006,0.018,0.001,-0.008,-0.007,-0.004,-0.0047,0.01337,-0.00208,-0.006,-0.00267,-0.00272,63.056,81.349,61.111,62.045,28.241,39.484,84.615,75.0,50.0,66.667,22.222,14.286,75.0,43.75,41.667,41.176,33.333,26.923,2019-05-30,2019-04-26,2019-03-25,2019-06-04,2019-05-24,2019-04-02,2019-06-17,2019-06-11,2019-05-28,2019-06-14,2019-06-03,2019-05-24,2019-06-17,2019-06-11,2019-05-29,2019-06-13,2019-06-03,2019-05-23,2019-06-14,2019-05-31,2019-05-24,2019-06-03,2019-05-27,2019-05-23,0,1,0,1,0,1,0,1,1,0,1,0,0,0,0,1,0,1,0,1,0,1,0,1,0,0,,,,,n2p,p2n,n2p,p2p,p2n,Life.Bull,Life.BearStart,Life.Bull,Life.BearStart,Life.Bull,,
2019-06-18,0.78709,,,,,0.76124,0.75942,0.75043,0.70375,0.76542,0.76113,0.00428,-0.00019,0.00447,,,25.53,-8.4,1.66,-1.96,0.11,-0.66,57.19,-2.98,25.0,16.0,7.0,10.0,4.0,8.0,74.0,7.0,-0.0,-0.012,0.00429,-0.00257,1.66667,62.5,,,-12.5,69.23077,76.92308,,,54.16667,59.75589,,,0.5567,0.1081,0.5749,0.0182,-0.4486,0.4668,1,1,1,,0.15,,,,,,,0.798,0.745,0.757,0.744,0.731,0.721,2019-04-25,2019-03-20,2019-02-20,2019-05-29,2019-04-01,2019-03-08,0.786,0.774,0.75,0.768,0.732,0.732,2019-06-17,2019-06-11,2019-05-29,2019-06-13,2019-06-03,2019-05-23,2206500,569166,583000,-3.72,6.11,-4.68,-0.006,0.018,0.001,-0.008,-0.007,-0.004,-0.0047,0.01337,-0.00208,-0.006,-0.00267,-0.00272,63.056,81.349,61.111,62.045,28.241,39.484,84.615,75.0,50.0,66.667,22.222,14.286,75.0,43.75,41.667,41.176,33.333,26.923,2019-05-30,2019-04-26,2019-03-25,2019-06-04,2019-05-24,2019-04-02,2019-06-17,2019-06-11,2019-05-28,2019-06-14,2019-06-03,2019-05-24,2019-06-17,2019-06-11,2019-05-29,2019-06-13,2019-06-03,2019-05-23,2019-06-14,2019-05-31,2019-05-24,2019-06-03,2019-05-27,2019-05-23,0,1,0,1,0,1,0,1,1,0,1,0,0,0,0,1,0,1,0,1,0,1,0,1,0,0,,,,,n2p,p2n,n2p,p2p,p2n,Life.Bull,Life.BearStart,Life.Bull,Life.BearStart,Life.Bull,,
2019-06-19,0.7942,,,0.774,,0.76222,0.75999,0.7509,0.70445,0.76674,0.76209,0.00465,0.00078,0.00387,,,24.4,-8.4,1.66,-1.96,0.11,-0.66,57.19,-2.98,24.0,16.0,7.0,10.0,4.0,8.0,74.0,7.0,0.0,0.0,0.00429,-0.00257,1.66667,62.5,62.5,,-12.5,69.23077,74.35897,69.231,,44.44444,53.88889,,,0.5554,0.1132,0.5777,0.0223,-0.4422,0.4645,1,0,1,0.15,,,,,,,,0.798,0.745,0.757,0.744,0.731,0.721,2019-04-25,2019-03-20,2019-02-20,2019-05-29,2019-04-01,2019-03-08,0.786,0.774,0.75,0.774,0.768,0.732,2019-06-17,2019-06-11,2019-05-29,2019-06-19,2019-06-13,2019-06-03,569166,583000,693000,6.11,-4.68,-45.06,-0.006,0.018,0.001,-0.008,-0.007,-0.004,-0.0047,0.01337,-0.00208,-0.006,-0.00267,-0.00272,63.056,81.349,61.111,62.045,28.241,39.484,84.615,75.0,50.0,69.231,66.667,22.222,75.0,43.75,41.667,62.5,41.176,33.333,2019-05-30,2019-04-26,2019-03-25,2019-06-04,2019-05-24,2019-04-02,2019-06-17,2019-06-11,2019-05-28,2019-06-14,2019-06-03,2019-05-24,2019-06-17,2019-06-11,2019-05-29,2019-06-19,2019-06-13,2019-06-03,2019-06-14,2019-05-31,2019-05-24,2019-06-19,2019-06-03,2019-05-27,0,1,0,1,0,1,0,1,1,0,1,0,0,0,0,1,0,1,0,1,0,1,0,1,0,0,,,,693000.0,p2n,n2p,p2p,p2n,n2n,Life.BearStart,Life.Bull,Life.BearStart,Life.Bull,Life.BullStart,,
2019-06-20,0.80223,,,,,0.76359,0.76077,0.75148,0.7052,0.76878,0.76341,0.00536,0.0017,0.00367,,,23.16,-8.4,1.66,-1.96,0.11,-0.66,57.19,-2.98,23.0,16.0,7.0,10.0,4.0,8.0,74.0,7.0,0.006,0.0,0.00471,-0.00257,1.83333,64.70588,,,2.20588,76.92308,71.79487,,,38.88889,45.83333,38.889,,0.5557,0.1211,0.5839,0.0282,-0.4346,0.4628,1,0,1,0.15,,,,,,,,0.798,0.745,0.757,0.744,0.731,0.721,2019-04-25,2019-03-20,2019-02-20,2019-05-29,2019-04-01,2019-03-08,0.786,0.774,0.75,0.774,0.768,0.732,2019-06-17,2019-06-11,2019-05-29,2019-06-19,2019-06-13,2019-06-03,583000,693000,2245667,-4.68,-45.06,90.86,-0.006,0.018,0.001,-0.008,-0.007,-0.004,-0.0047,0.01337,-0.00208,-0.006,-0.00267,-0.00272,63.056,81.349,61.111,38.889,62.045,28.241,84.615,75.0,50.0,69.231,66.667,22.222,75.0,43.75,41.667,62.5,41.176,33.333,2019-05-30,2019-04-26,2019-03-25,2019-06-04,2019-05-24,2019-04-02,2019-06-17,2019-06-11,2019-05-28,2019-06-20,2019-06-14,2019-06-03,2019-06-17,2019-06-11,2019-05-29,2019-06-19,2019-06-13,2019-06-03,2019-06-14,2019-05-31,2019-05-24,2019-06-19,2019-06-03,2019-05-27,0,1,0,1,0,1,0,1,1,0,1,0,0,0,0,0,0,1,0,1,0,1,0,1,0,0,2245667.0,,,,n2p,p2p,p2n,n2n,n2p,Life.BearStart,Life.Bull,Life.BearStart,Life.Bull,Life.BullStart,,
2019-06-21,0.81093,,,,,0.76808,0.76317,0.75287,0.70636,0.77697,0.76775,0.00921,0.0032,0.00601,,,21.84,-8.4,1.66,-1.96,0.11,-0.66,57.19,-2.98,22.0,16.0,7.0,10.0,4.0,8.0,74.0,7.0,0.042,0.0,0.00771,-0.00214,3.6,78.26087,,,15.76087,94.44444,80.19943,,,58.08081,47.13805,,,0.5681,0.1521,0.6172,0.0491,-0.416,0.4651,1,1,1,,0.15,,,,,,,0.798,0.745,0.757,0.744,0.731,0.721,2019-04-25,2019-03-20,2019-02-20,2019-05-29,2019-04-01,2019-03-08,0.786,0.774,0.75,0.774,0.768,0.732,2019-06-17,2019-06-11,2019-05-29,2019-06-19,2019-06-13,2019-06-03,693000,2245667,8166668,-45.06,90.86,215.34,-0.006,0.018,0.001,-0.008,-0.007,-0.004,-0.0047,0.01337,-0.00208,-0.006,-0.00267,-0.00272,63.056,81.349,61.111,38.889,62.045,28.241,84.615,75.0,50.0,69.231,66.667,22.222,75.0,43.75,41.667,62.5,41.176,33.333,2019-05-30,2019-04-26,2019-03-25,2019-06-04,2019-05-24,2019-04-02,2019-06-17,2019-06-11,2019-05-28,2019-06-20,2019-06-14,2019-06-03,2019-06-17,2019-06-11,2019-05-29,2019-06-19,2019-06-13,2019-06-03,2019-06-14,2019-05-31,2019-05-24,2019-06-19,2019-06-03,2019-05-27,0,1,0,1,0,1,0,1,1,0,1,0,0,0,0,0,0,1,0,1,0,1,0,1,0,0,,8166668.0,,,p2p,p2n,n2n,n2p,p2p,Life.Bull,Life.BearStart,Life.Bull,Life.BullStart,Life.Bull,,
2019-06-24,0.81981,,,,0.834,0.77315,0.76595,0.75448,0.70763,0.78574,0.77266,0.01308,0.00518,0.0079,,,20.52,-8.4,1.66,-1.96,0.11,-0.66,57.19,-2.98,21.0,16.0,7.0,10.0,4.0,8.0,74.0,7.0,0.012,0.0,0.00857,-0.00171,5.0,83.33333,,,20.83333,95.0,88.78917,,95.0,77.73893,58.23621,,,0.5832,0.1867,0.6552,0.072,-0.3965,0.4685,1,1,1,,0.15,,,,,,,0.798,0.745,0.757,0.744,0.731,0.721,2019-04-25,2019-03-20,2019-02-20,2019-05-29,2019-04-01,2019-03-08,0.834,0.786,0.774,0.774,0.768,0.732,2019-06-24,2019-06-17,2019-06-11,2019-06-19,2019-06-13,2019-06-03,2245667,8166668,5212334,90.86,215.34,40.7,-0.006,0.018,0.001,-0.008,-0.007,-0.004,-0.0047,0.01337,-0.00208,-0.006,-0.00267,-0.00272,63.056,81.349,61.111,38.889,62.045,28.241,95.0,84.615,75.0,69.231,66.667,22.222,75.0,43.75,41.667,62.5,41.176,33.333,2019-05-30,2019-04-26,2019-03-25,2019-06-04,2019-05-24,2019-04-02,2019-06-17,2019-06-11,2019-05-28,2019-06-20,2019-06-14,2019-06-03,2019-06-24,2019-06-17,2019-06-11,2019-06-19,2019-06-13,2019-06-03,2019-06-14,2019-05-31,2019-05-24,2019-06-19,2019-06-03,2019-05-27,0,1,0,1,0,1,0,1,1,0,1,0,0,0,0,0,0,1,0,1,0,1,0,1,0,0,,,,,p2p,p2n,n2n,n2p,p2p,Life.Bull,Life.BearStart,Life.Bull,Life.BullStart,Life.Bull,,
2019-06-25,0.82884,,,0.828,,0.77737,0.76839,0.75594,0.70883,0.79224,0.77676,0.01548,0.00724,0.00825,,,19.2,-8.4,1.66,-1.96,0.11,-0.66,57.19,-2.98,20.0,16.0,7.0,10.0,4.0,8.0,74.0,7.0,-0.0,-0.006,0.00857,-0.00171,5.0,83.33333,,,20.83333,73.91304,87.78583,73.913,,82.64089,72.82021,,82.641,0.5956,0.2143,0.6854,0.0898,-0.3813,0.4711,1,1,1,,0.15,,,,,,,0.798,0.745,0.757,0.744,0.731,0.721,2019-04-25,2019-03-20,2019-02-20,2019-05-29,2019-04-01,2019-03-08,0.834,0.786,0.774,0.828,0.774,0.768,2019-06-24,2019-06-17,2019-06-11,2019-06-25,2019-06-19,2019-06-13,8166668,5212334,8776501,215.34,40.7,41.8,-0.006,0.018,0.001,-0.008,-0.007,-0.004,-0.0047,0.01337,-0.00208,-0.006,-0.00267,-0.00272,82.641,63.056,81.349,38.889,62.045,28.241,95.0,84.615,75.0,73.913,69.231,66.667,75.0,43.75,41.667,62.5,41.176,33.333,2019-05-30,2019-04-26,2019-03-25,2019-06-04,2019-05-24,2019-04-02,2019-06-25,2019-06-17,2019-06-11,2019-06-20,2019-06-14,2019-06-03,2019-06-24,2019-06-17,2019-06-11,2019-06-25,2019-06-19,2019-06-13,2019-06-14,2019-05-31,2019-05-24,2019-06-19,2019-06-03,2019-05-27,0,1,0,1,0,1,0,1,1,0,1,0,0,1,0,0,0,1,0,1,0,1,0,1,0,0,,,,,p2p,p2n,n2n,n2p,p2p,Life.Bull,Life.BearStart,Life.Bull,Life.BullStart,Life.Bull,,
2019-06-26,0.83866,,,,,0.78265,0.77143,0.75772,0.7102,0.80051,0.78189,0.01862,0.00951,0.00911,,,17.81,-8.4,1.66,-1.96,0.11,-0.66,57.19,-2.98,19.0,16.0,7.0,10.0,4.0,8.0,74.0,7.0,0.018,0.0,0.00943,-0.00171,5.5,84.61538,,,22.11538,86.36364,85.09223,,,79.78884,80.05622,79.789,,0.6123,0.2493,0.7245,0.1122,-0.363,0.4752,1,1,1,,0.15,,,,,,,0.798,0.745,0.757,0.744,0.731,0.721,2019-04-25,2019-03-20,2019-02-20,2019-05-29,2019-04-01,2019-03-08,0.834,0.786,0.774,0.828,0.774,0.768,2019-06-24,2019-06-17,2019-06-11,2019-06-25,2019-06-19,2019-06-13,5212334,8776501,4178834,40.7,41.8,-18.0,-0.006,0.018,0.001,-0.008,-0.007,-0.004,-0.0047,0.01337,-0.00208,-0.006,-0.00267,-0.00272,82.641,63.056,81.349,79.789,38.889,62.045,95.0,84.615,75.0,73.913,69.231,66.667,75.0,43.75,41.667,62.5,41.176,33.333,2019-05-30,2019-04-26,2019-03-25,2019-06-04,2019-05-24,2019-04-02,2019-06-25,2019-06-17,2019-06-11,2019-06-26,2019-06-20,2019-06-14,2019-06-24,2019-06-17,2019-06-11,2019-06-25,2019-06-19,2019-06-13,2019-06-14,2019-05-31,2019-05-24,2019-06-19,2019-06-03,2019-05-27,0,1,0,1,0,1,0,1,1,0,1,0,0,1,0,1,0,1,0,1,0,1,0,1,0,0,,,4178834.0,,p2n,n2n,n2p,p2p,p2n,Life.Bull,Life.BearStart,Life.Bull,Life.BullStart,Life.Bull,,
2019-06-27,0.84963,,,,0.858,0.78845,0.77482,0.7597,0.71167,0.80936,0.78753,0.02183,0.01198,0.00985,,,16.29,-8.4,1.66,-1.96,0.11,-0.66,57.19,-2.98,18.0,16.0,7.0,10.0,4.0,8.0,74.0,7.0,0.012,0.0,0.00943,-0.00171,5.5,84.61538,,84.615,22.11538,94.73684,85.00451,,94.737,80.13072,80.85348,,,0.6315,0.2875,0.7678,0.1363,-0.344,0.4803,1,1,1,,0.15,,,,,,,0.798,0.745,0.757,0.744,0.731,0.721,2019-04-25,2019-03-20,2019-02-20,2019-05-29,2019-04-01,2019-03-08,0.858,0.834,0.786,0.828,0.774,0.768,2019-06-27,2019-06-24,2019-06-17,2019-06-25,2019-06-19,2019-06-13,8776501,4178834,2529000,41.8,-18.0,-14.77,-0.006,0.018,0.001,-0.008,-0.007,-0.004,-0.0047,0.01337,-0.00208,-0.006,-0.00267,-0.00272,82.641,63.056,81.349,79.789,38.889,62.045,94.737,95.0,84.615,73.913,69.231,66.667,84.615,75.0,43.75,62.5,41.176,33.333,2019-05-30,2019-04-26,2019-03-25,2019-06-04,2019-05-24,2019-04-02,2019-06-25,2019-06-17,2019-06-11,2019-06-26,2019-06-20,2019-06-14,2019-06-27,2019-06-24,2019-06-17,2019-06-25,2019-06-19,2019-06-13,2019-06-27,2019-06-14,2019-05-31,2019-06-19,2019-06-03,2019-05-27,0,1,0,1,0,1,0,1,1,0,1,0,0,1,0,1,0,0,0,1,0,1,0,1,0,0,,,,,p2n,n2n,n2p,p2p,p2n,Life.Bull,Life.BearStart,Life.Bull,Life.BullStart,Life.Bull,,
2019-06-28,0.86173,,,0.852,,0.79333,0.77785,0.76153,0.71306,0.81592,0.7923,0.02361,0.0143,0.00931,,,14.65,-8.4,1.66,-1.96,0.11,-0.66,57.19,-2.98,17.0,16.0,7.0,10.0,4.0,8.0,74.0,7.0,-0.0,-0.006,0.009,-0.00214,4.2,80.76923,,,-3.84577,88.23529,89.77859,88.235,,84.48802,81.46919,,,0.6479,0.318,0.8027,0.1548,-0.3299,0.4847,1,1,1,,0.15,,,,,,,0.798,0.745,0.757,0.744,0.731,0.721,2019-04-25,2019-03-20,2019-02-20,2019-05-29,2019-04-01,2019-03-08,0.858,0.834,0.786,0.852,0.828,0.774,2019-06-27,2019-06-24,2019-06-17,2019-06-28,2019-06-25,2019-06-19,4178834,2529000,1917667,-18.0,-14.77,-44.3,-0.006,0.018,0.001,-0.008,-0.007,-0.004,-0.0047,0.01337,-0.00208,-0.006,-0.00267,-0.00272,82.641,63.056,81.349,79.789,38.889,62.045,94.737,95.0,84.615,88.235,73.913,69.231,84.615,75.0,43.75,62.5,41.176,33.333,2019-05-30,2019-04-26,2019-03-25,2019-06-04,2019-05-24,2019-04-02,2019-06-25,2019-06-17,2019-06-11,2019-06-26,2019-06-20,2019-06-14,2019-06-27,2019-06-24,2019-06-17,2019-06-28,2019-06-25,2019-06-19,2019-06-27,2019-06-14,2019-05-31,2019-06-19,2019-06-03,2019-05-27,0,1,0,1,0,1,0,1,1,0,1,0,0,1,0,1,0,0,0,1,0,1,0,1,0,0,,,,,p2n,n2n,n2p,p2p,p2n,Life.Bull,Life.BearStart,Life.Bull,Life.BullStart,Life.Bull,,
2019-07-01,0.875,,,,0.858,0.79831,0.78099,0.76344,0.71451,0.82239,0.79717,0.02522,0.01649,0.00873,,,12.91,-8.4,1.66,-1.96,0.11,-0.66,57.19,-2.98,16.0,16.0,7.0,10.0,4.0,8.0,74.0,7.0,0.006,0.0,0.00814,-0.00214,3.8,79.16667,,,-5.44833,94.11765,92.36326,,94.118,85.60847,83.40907,,85.608,0.6648,0.3487,0.838,0.1732,-0.3161,0.4893,1,1,1,,0.15,,,,,,,0.798,0.745,0.757,0.744,0.731,0.721,2019-04-25,2019-03-20,2019-02-20,2019-05-29,2019-04-01,2019-03-08,0.858,0.858,0.834,0.852,0.828,0.774,2019-07-01,2019-06-27,2019-06-24,2019-06-28,2019-06-25,2019-06-19,2529000,1917667,1462000,-14.77,-44.3,-31.5,-0.006,0.018,0.001,-0.008,-0.007,-0.004,-0.0047,0.01337,-0.00208,-0.006,-0.00267,-0.00272,85.608,82.641,63.056,79.789,38.889,62.045,94.118,94.737,95.0,88.235,73.913,69.231,84.615,75.0,43.75,62.5,41.176,33.333,2019-05-30,2019-04-26,2019-03-25,2019-06-04,2019-05-24,2019-04-02,2019-07-01,2019-06-25,2019-06-17,2019-06-26,2019-06-20,2019-06-14,2019-07-01,2019-06-27,2019-06-24,2019-06-28,2019-06-25,2019-06-19,2019-06-27,2019-06-14,2019-05-31,2019-06-19,2019-06-03,2019-05-27,0,1,0,1,0,1,0,1,1,0,1,0,0,1,0,1,1,0,0,1,0,1,0,1,0,0,,,,,p2n,n2n,n2p,p2p,p2n,Life.Bull,Life.BearStart,Life.Bull,Life.BullStart,Life.Bull,,
2019-07-02,0.88963,,,,,0.80244,0.78378,0.7652,0.71587,0.82695,0.80123,0.02572,0.01833,0.00738,,,11.06,-8.4,1.66,-1.96,0.11,-0.66,57.19,-2.98,15.0,16.0,7.0,10.0,4.0,8.0,74.0,7.0,-0.0,-0.006,0.00814,-0.00214,3.8,79.16667,,,-5.44833,88.23529,90.19608,,,78.30688,82.80112,,,0.6791,0.3724,0.8657,0.1866,-0.3067,0.4933,1,1,1,,0.15,,,,,,,0.798,0.745,0.757,0.744,0.731,0.721,2019-04-25,2019-03-20,2019-02-20,2019-05-29,2019-04-01,2019-03-08,0.858,0.858,0.834,0.852,0.828,0.774,2019-07-01,2019-06-27,2019-06-24,2019-06-28,2019-06-25,2019-06-19,1917667,1462000,995666,-44.3,-31.5,-25.95,-0.006,0.018,0.001,-0.008,-0.007,-0.004,-0.0047,0.01337,-0.00208,-0.006,-0.00267,-0.00272,85.608,82.641,63.056,79.789,38.889,62.045,94.118,94.737,95.0,88.235,73.913,69.231,84.615,75.0,43.75,62.5,41.176,33.333,2019-05-30,2019-04-26,2019-03-25,2019-06-04,2019-05-24,2019-04-02,2019-07-01,2019-06-25,2019-06-17,2019-06-26,2019-06-20,2019-06-14,2019-07-01,2019-06-27,2019-06-24,2019-06-28,2019-06-25,2019-06-19,2019-06-27,2019-06-14,2019-05-31,2019-06-19,2019-06-03,2019-05-27,0,1,0,1,0,1,0,1,1,0,1,0,0,1,0,1,1,0,0,1,0,1,0,1,0,0,,,,,p2n,n2n,n2p,p2p,p2n,Life.Bull,Life.BearStart,Life.Bull,Life.BullStart,Life.Bull,,
2019-07-03,0.90551,,,0.852,,0.80625,0.78645,0.76691,0.71723,0.8308,0.80499,0.02581,0.01983,0.00598,,,9.11,-8.4,1.66,-1.96,0.11,-0.66,57.19,-2.98,14.0,16.0,7.0,10.0,4.0,8.0,74.0,7.0,0.0,0.0,0.00814,-0.00214,3.8,79.16667,79.167,,-5.44833,88.23529,90.19608,88.235,,69.04762,77.65432,69.048,,0.6922,0.3934,0.8902,0.198,-0.2988,0.4968,1,1,1,,0.15,,,,,,,0.798,0.745,0.757,0.744,0.731,0.721,2019-04-25,2019-03-20,2019-02-20,2019-05-29,2019-04-01,2019-03-08,0.858,0.858,0.834,0.852,0.852,0.828,2019-07-01,2019-06-27,2019-06-24,2019-07-03,2019-06-28,2019-06-25,1462000,995666,1031500,-31.5,-25.95,-20.25,-0.006,0.018,0.001,-0.008,-0.007,-0.004,-0.0047,0.01337,-0.00208,-0.006,-0.00267,-0.00272,85.608,82.641,63.056,69.048,79.789,38.889,94.118,94.737,95.0,88.235,88.235,73.913,84.615,75.0,43.75,79.167,62.5,41.176,2019-05-30,2019-04-26,2019-03-25,2019-06-04,2019-05-24,2019-04-02,2019-07-01,2019-06-25,2019-06-17,2019-07-03,2019-06-26,2019-06-20,2019-07-01,2019-06-27,2019-06-24,2019-07-03,2019-06-28,2019-06-25,2019-06-27,2019-06-14,2019-05-31,2019-07-03,2019-06-19,2019-06-03,0,1,0,1,0,1,0,1,1,0,1,0,0,1,0,0,1,0,0,1,0,1,0,1,0,0,,,,,p2n,n2n,n2p,p2p,p2n,Life.Bull,Life.BearStart,Life.Bull,Life.BullStart,Life.Bull,,
2019-07-04,0.92208,,,,,0.819,0.79373,0.77098,0.71976,0.85252,0.81736,0.03516,0.0229,0.01227,,,7.15,-8.4,1.66,-1.96,0.11,-0.66,57.19,-2.98,13.0,16.0,7.0,10.0,4.0,8.0,74.0,7.0,0.12,0.0,0.01586,-0.00214,7.4,88.09524,,,8.92824,100.0,92.15686,,100.0,73.80952,73.72134,,,0.7397,0.4802,0.9924,0.2527,-0.2595,0.5122,1,1,1,,0.15,,,,,,,0.798,0.745,0.757,0.744,0.731,0.721,2019-04-25,2019-03-20,2019-02-20,2019-05-29,2019-04-01,2019-03-08,0.858,0.858,0.834,0.852,0.852,0.828,2019-07-01,2019-06-27,2019-06-24,2019-07-03,2019-06-28,2019-06-25,995666,1031500,17225836,-25.95,-20.25,451.79,-0.006,0.018,0.001,-0.008,-0.007,-0.004,-0.0047,0.01337,-0.00208,-0.006,-0.00267,-0.00272,85.608,82.641,63.056,69.048,79.789,38.889,100.0,94.118,94.737,88.235,88.235,73.913,84.615,75.0,43.75,79.167,62.5,41.176,2019-05-30,2019-04-26,2019-03-25,2019-06-04,2019-05-24,2019-04-02,2019-07-01,2019-06-25,2019-06-17,2019-07-03,2019-06-26,2019-06-20,2019-07-04,2019-07-01,2019-06-27,2019-07-03,2019-06-28,2019-06-25,2019-06-27,2019-06-14,2019-05-31,2019-07-03,2019-06-19,2019-06-03,0,1,0,1,0,1,0,1,1,0,1,0,0,1,0,0,0,1,0,1,0,1,0,1,0,0,17225836.0,,,,n2n,n2p,p2p,p2n,n2p,Life.Bull,Life.BearStart,Life.Bull,Life.BullStart,Life.Bull,,
2019-07-05,0.93833,,,,0.984,0.83169,0.80119,0.77519,0.72239,0.87275,0.82971,0.04305,0.02693,0.01612,,,5.29,-8.4,1.66,-1.96,0.11,-0.66,57.19,-2.98,12.0,16.0,7.0,10.0,4.0,8.0,74.0,7.0,0.012,0.0,0.01629,-0.00214,7.6,88.37209,,88.372,9.20509,94.87179,94.36903,,,80.76923,74.54212,,,0.788,0.565,1.093,0.305,-0.223,0.528,1,1,1,,0.15,,,,,,,0.798,0.745,0.757,0.744,0.731,0.721,2019-04-25,2019-03-20,2019-02-20,2019-05-29,2019-04-01,2019-03-08,0.984,0.858,0.858,0.852,0.852,0.828,2019-07-05,2019-07-01,2019-06-27,2019-07-03,2019-06-28,2019-06-25,1031500,17225836,5474834,-20.25,451.79,23.26,-0.006,0.018,0.001,-0.008,-0.007,-0.004,-0.0047,0.01337,-0.00208,-0.006,-0.00267,-0.00272,85.608,82.641,63.056,69.048,79.789,38.889,100.0,94.118,94.737,88.235,88.235,73.913,88.372,84.615,75.0,79.167,62.5,41.176,2019-05-30,2019-04-26,2019-03-25,2019-06-04,2019-05-24,2019-04-02,2019-07-01,2019-06-25,2019-06-17,2019-07-03,2019-06-26,2019-06-20,2019-07-04,2019-07-01,2019-06-27,2019-07-03,2019-06-28,2019-06-25,2019-07-05,2019-06-27,2019-06-14,2019-07-03,2019-06-19,2019-06-03,0,1,0,1,0,1,0,1,1,0,1,0,0,1,0,0,0,1,0,1,0,1,0,1,0,0,,,,,n2n,n2p,p2p,p2n,n2p,Life.Bull,Life.BearStart,Life.Bull,Life.BullStart,Life.Bull,,
2019-07-08,0.95317,,,0.954,,0.8411,0.80718,0.77874,0.7247,0.88525,0.83891,0.04634,0.03081,0.01553,,,3.65,-8.4,1.66,-1.96,0.11,-0.66,57.19,-2.98,11.0,16.0,7.0,10.0,4.0,8.0,74.0,7.0,-0.0,-0.03,0.01629,-0.00343,4.75,82.6087,82.609,,-5.7633,82.05128,92.30769,82.051,,88.10256,80.89377,,88.103,0.8248,0.6236,1.164,0.3392,-0.2012,0.5404,1,1,1,,0.15,,,,,,,0.798,0.745,0.757,0.744,0.731,0.721,2019-04-25,2019-03-20,2019-02-20,2019-05-29,2019-04-01,2019-03-08,0.984,0.858,0.858,0.954,0.852,0.852,2019-07-05,2019-07-01,2019-06-27,2019-07-08,2019-07-03,2019-06-28,17225836,5474834,3912000,451.79,23.26,12.14,-0.006,0.018,0.001,-0.008,-0.007,-0.004,-0.0047,0.01337,-0.00208,-0.006,-0.00267,-0.00272,88.103,85.608,82.641,69.048,79.789,38.889,100.0,94.118,94.737,82.051,88.235,88.235,88.372,84.615,75.0,82.609,79.167,62.5,2019-05-30,2019-04-26,2019-03-25,2019-06-04,2019-05-24,2019-04-02,2019-07-08,2019-07-01,2019-06-25,2019-07-03,2019-06-26,2019-06-20,2019-07-04,2019-07-01,2019-06-27,2019-07-08,2019-07-03,2019-06-28,2019-07-05,2019-06-27,2019-06-14,2019-07-08,2019-07-03,2019-06-19,0,1,0,1,0,1,0,1,1,0,1,0,0,1,0,0,0,1,1,0,0,1,0,1,0,0,,,,,n2n,n2p,p2p,p2n,n2p,Life.Bull,Life.BearStart,Life.Bull,Life.BullStart,Life.Bull,,
2019-07-09,0.9656,,,,,0.85025,0.81318,0.78232,0.72704,0.89675,0.84788,0.04887,0.03442,0.01445,,,2.32,-8.4,1.66,-1.96,0.11,-0.66,57.19,-2.98,10.0,16.0,7.0,10.0,4.0,8.0,74.0,7.0,0.006,0.0,0.01671,-0.00343,4.875,82.97872,,,0.36972,84.61538,87.17949,,,80.10256,82.99145,,,0.8614,0.6793,1.2321,0.3707,-0.1821,0.5528,1,1,1,,0.15,,,,,,,0.798,0.745,0.757,0.744,0.731,0.721,2019-04-25,2019-03-20,2019-02-20,2019-05-29,2019-04-01,2019-03-08,0.984,0.858,0.858,0.954,0.852,0.852,2019-07-05,2019-07-01,2019-06-27,2019-07-08,2019-07-03,2019-06-28,5474834,3912000,4283667,23.26,12.14,-48.63,-0.006,0.018,0.001,-0.008,-0.007,-0.004,-0.0047,0.01337,-0.00208,-0.006,-0.00267,-0.00272,88.103,85.608,82.641,69.048,79.789,38.889,100.0,94.118,94.737,82.051,88.235,88.235,88.372,84.615,75.0,82.609,79.167,62.5,2019-05-30,2019-04-26,2019-03-25,2019-06-04,2019-05-24,2019-04-02,2019-07-08,2019-07-01,2019-06-25,2019-07-03,2019-06-26,2019-06-20,2019-07-04,2019-07-01,2019-06-27,2019-07-08,2019-07-03,2019-06-28,2019-07-05,2019-06-27,2019-06-14,2019-07-08,2019-07-03,2019-06-19,0,1,0,1,0,1,0,1,1,0,1,0,0,1,0,0,0,1,1,0,0,1,0,1,0,0,,,4283667.0,,n2p,p2p,p2n,n2p,p2n,Life.Bull,Life.BearStart,Life.Bull,Life.BullStart,Life.Bull,,
2019-07-10,0.97487,,,,,0.86146,0.82035,0.78656,0.72971,0.91202,0.85885,0.05317,0.03817,0.015,,,1.35,-8.4,1.66,-1.96,0.11,-0.66,57.19,-2.98,9.0,16.0,7.0,10.0,4.0,8.0,74.0,7.0,0.036,0.0,0.01886,-0.00343,5.5,84.61538,,84.615,2.00638,92.5,86.38889,,92.5,79.09524,82.43346,79.095,,0.9064,0.749,1.3175,0.4111,-0.1574,0.5685,1,1,1,,0.15,,,,,,,0.798,0.745,0.757,0.744,0.731,0.721,2019-04-25,2019-03-20,2019-02-20,2019-05-29,2019-04-01,2019-03-08,0.984,0.858,0.858,0.954,0.852,0.852,2019-07-05,2019-07-01,2019-06-27,2019-07-08,2019-07-03,2019-06-28,3912000,4283667,8468501,12.14,-48.63,21.9,-0.006,0.018,0.001,-0.008,-0.007,-0.004,-0.0047,0.01337,-0.00208,-0.006,-0.00267,-0.00272,88.103,85.608,82.641,79.095,69.048,79.789,92.5,100.0,94.118,82.051,88.235,88.235,84.615,88.372,84.615,82.609,79.167,62.5,2019-05-30,2019-04-26,2019-03-25,2019-06-04,2019-05-24,2019-04-02,2019-07-08,2019-07-01,2019-06-25,2019-07-10,2019-07-03,2019-06-26,2019-07-10,2019-07-04,2019-07-01,2019-07-08,2019-07-03,2019-06-28,2019-07-10,2019-07-05,2019-06-27,2019-07-08,2019-07-03,2019-06-19,0,1,0,1,0,1,0,1,1,0,1,0,0,1,0,0,1,0,1,0,1,0,0,1,0,0,8468501.0,,,,p2p,p2n,n2p,p2n,n2p,Life.Bull,Life.BearStart,Life.Bull,Life.BullStart,Life.Bull,,
2019-07-11,0.98087,,,,1.014,0.87319,0.82794,0.79106,0.73254,0.92771,0.87035,0.05736,0.04201,0.01535,,,0.73,-8.4,1.66,-1.96,0.11,-0.66,57.19,-2.98,8.0,16.0,7.0,10.0,4.0,8.0,74.0,7.0,0.018,0.0,0.01714,-0.00343,5.0,83.33333,,,-1.28167,89.47368,88.86302,,,81.02116,80.07299,,81.021,0.954,0.8213,1.4065,0.4525,-0.1327,0.5852,1,1,1,,0.15,,,,,,,0.798,0.745,0.757,0.744,0.731,0.721,2019-04-25,2019-03-20,2019-02-20,2019-05-29,2019-04-01,2019-03-08,1.014,0.984,0.858,0.954,0.852,0.852,2019-07-11,2019-07-05,2019-07-01,2019-07-08,2019-07-03,2019-06-28,4283667,8468501,5918834,-48.63,21.9,12.04,-0.006,0.018,0.001,-0.008,-0.007,-0.004,-0.0047,0.01337,-0.00208,-0.006,-0.00267,-0.00272,81.021,88.103,85.608,79.095,69.048,79.789,92.5,100.0,94.118,82.051,88.235,88.235,84.615,88.372,84.615,82.609,79.167,62.5,2019-05-30,2019-04-26,2019-03-25,2019-06-04,2019-05-24,2019-04-02,2019-07-11,2019-07-08,2019-07-01,2019-07-10,2019-07-03,2019-06-26,2019-07-10,2019-07-04,2019-07-01,2019-07-08,2019-07-03,2019-06-28,2019-07-10,2019-07-05,2019-06-27,2019-07-08,2019-07-03,2019-06-19,0,1,0,1,0,1,0,1,1,0,1,0,1,0,0,0,1,0,1,0,1,0,0,1,0,0,,,,,p2p,p2n,n2p,p2n,n2p,Life.Bull,Life.BearStart,Life.Bull,Life.BullStart,Life.Bull,,
2019-07-12,0.98418,,,0.99,,0.88218,0.8343,0.795,0.7351,0.93729,0.87921,0.05808,0.04522,0.01286,,,0.39,-8.4,1.66,-1.96,0.11,-0.66,57.19,-2.98,7.0,16.0,7.0,10.0,4.0,8.0,74.0,7.0,-0.0,-0.024,0.01629,-0.00514,3.16667,76.0,76.0,,-8.615,77.77778,86.58382,77.778,,74.20635,78.10758,,,0.992,0.8718,1.4708,0.4788,-0.1202,0.599,1,1,1,,0.15,,,,,,,0.798,0.745,0.757,0.744,0.731,0.721,2019-04-25,2019-03-20,2019-02-20,2019-05-29,2019-04-01,2019-03-08,1.014,0.984,0.858,0.99,0.954,0.852,2019-07-11,2019-07-05,2019-07-01,2019-07-12,2019-07-08,2019-07-03,8468501,5918834,3269333,21.9,12.04,-5.43,-0.006,0.018,0.001,-0.008,-0.007,-0.004,-0.0047,0.01337,-0.00208,-0.006,-0.00267,-0.00272,81.021,88.103,85.608,79.095,69.048,79.789,92.5,100.0,94.118,77.778,82.051,88.235,84.615,88.372,84.615,76.0,82.609,79.167,2019-05-30,2019-04-26,2019-03-25,2019-06-04,2019-05-24,2019-04-02,2019-07-11,2019-07-08,2019-07-01,2019-07-10,2019-07-03,2019-06-26,2019-07-10,2019-07-04,2019-07-01,2019-07-12,2019-07-08,2019-07-03,2019-07-10,2019-07-05,2019-06-27,2019-07-12,2019-07-08,2019-07-03,0,1,0,1,0,1,0,1,1,0,1,0,1,0,0,0,1,0,1,0,1,0,1,0,0,0,,,,,p2p,p2n,n2p,p2n,n2p,Life.Bull,Life.BearStart,Life.Bull,Life.BullStart,Life.Bull,,
2019-07-15,0.98572,,,,0.996,0.89093,0.84064,0.79898,0.7377,0.94632,0.88786,0.05846,0.04787,0.01059,,0.058,0.23,-8.4,1.66,-1.96,0.11,-0.66,57.19,-2.98,6.0,16.0,7.0,10.0,4.0,8.0,74.0,7.0,0.006,0.0,0.01671,-0.00471,3.54545,78.0,,78.0,2.0,80.55556,82.60234,,80.556,64.81481,73.34744,,,1.0294,0.9195,1.5323,0.5029,-0.1099,0.6128,1,1,1,,0.15,,,,,,,0.798,0.745,0.757,0.744,0.731,0.721,2019-04-25,2019-03-20,2019-02-20,2019-05-29,2019-04-01,2019-03-08,0.996,1.014,0.984,0.99,0.954,0.852,2019-07-15,2019-07-11,2019-07-05,2019-07-12,2019-07-08,2019-07-03,5918834,3269333,8464501,12.04,-5.43,-0.02,0.058,-0.006,0.018,-0.008,-0.007,-0.004,0.04787,-0.0047,0.01337,-0.006,-0.00267,-0.00272,81.021,88.103,85.608,79.095,69.048,79.789,80.556,92.5,100.0,77.778,82.051,88.235,78.0,84.615,88.372,76.0,82.609,79.167,2019-07-15,2019-05-30,2019-04-26,2019-06-04,2019-05-24,2019-04-02,2019-07-11,2019-07-08,2019-07-01,2019-07-10,2019-07-03,2019-06-26,2019-07-15,2019-07-10,2019-07-04,2019-07-12,2019-07-08,2019-07-03,2019-07-15,2019-07-10,2019-07-05,2019-07-12,2019-07-08,2019-07-03,0,1,0,1,0,0,0,1,0,1,1,0,1,0,0,0,1,0,1,0,1,0,1,0,0,0,,,,,p2p,p2n,n2p,p2n,n2p,Life.Bull,Life.BearStart,Life.Bull,Life.BullStart,Life.Bull,,
2019-07-16,0.98663,,,,,0.89809,0.84626,0.80264,0.74015,0.95212,0.89498,0.05714,0.04972,0.00741,,,0.14,-8.4,1.66,-1.96,0.11,-0.66,57.19,-2.98,5.0,16.0,7.0,10.0,4.0,8.0,74.0,7.0,-0.0,-0.012,0.01543,-0.00557,2.76923,73.46939,,,-4.53061,72.72727,77.0202,,,53.47222,64.16446,,,1.0611,0.9545,1.5794,0.5183,-0.1066,0.6249,1,1,1,,0.15,,,,,,,0.798,0.745,0.757,0.744,0.731,0.721,2019-04-25,2019-03-20,2019-02-20,2019-05-29,2019-04-01,2019-03-08,0.996,1.014,0.984,0.99,0.954,0.852,2019-07-15,2019-07-11,2019-07-05,2019-07-12,2019-07-08,2019-07-03,3269333,8464501,2565167,-5.43,-0.02,-19.0,0.058,-0.006,0.018,-0.008,-0.007,-0.004,0.04787,-0.0047,0.01337,-0.006,-0.00267,-0.00272,81.021,88.103,85.608,79.095,69.048,79.789,80.556,92.5,100.0,77.778,82.051,88.235,78.0,84.615,88.372,76.0,82.609,79.167,2019-07-15,2019-05-30,2019-04-26,2019-06-04,2019-05-24,2019-04-02,2019-07-11,2019-07-08,2019-07-01,2019-07-10,2019-07-03,2019-06-26,2019-07-15,2019-07-10,2019-07-04,2019-07-12,2019-07-08,2019-07-03,2019-07-15,2019-07-10,2019-07-05,2019-07-12,2019-07-08,2019-07-03,0,1,0,1,0,0,0,1,0,1,1,0,1,0,0,0,1,0,1,0,1,0,1,0,0,0,,,,,p2p,p2n,n2p,p2n,n2p,Life.Bull,Life.BearStart,Life.Bull,Life.BullStart,Life.Bull,,
2019-07-17,0.98748,,,0.966,,0.90332,0.85095,0.80588,0.7424,0.95426,0.90024,0.05401,0.05058,0.00343,,,0.05,-8.4,1.66,-1.96,0.11,-0.66,57.19,-2.98,4.0,16.0,7.0,10.0,4.0,8.0,74.0,7.0,-0.0,-0.018,0.01457,-0.00686,2.125,68.0,68.0,,-10.0,63.63636,72.3064,63.636,,37.51781,51.93495,,,1.0855,0.9744,1.6092,0.5237,-0.1111,0.6348,1,1,1,,0.15,,,,,,,0.798,0.745,0.757,0.744,0.731,0.721,2019-04-25,2019-03-20,2019-02-20,2019-05-29,2019-04-01,2019-03-08,0.996,1.014,0.984,0.966,0.99,0.954,2019-07-15,2019-07-11,2019-07-05,2019-07-17,2019-07-12,2019-07-08,8464501,2565167,2287000,-0.02,-19.0,-6.87,0.058,-0.006,0.018,-0.008,-0.007,-0.004,0.04787,-0.0047,0.01337,-0.006,-0.00267,-0.00272,81.021,88.103,85.608,79.095,69.048,79.789,80.556,92.5,100.0,63.636,77.778,82.051,78.0,84.615,88.372,68.0,76.0,82.609,2019-07-15,2019-05-30,2019-04-26,2019-06-04,2019-05-24,2019-04-02,2019-07-11,2019-07-08,2019-07-01,2019-07-10,2019-07-03,2019-06-26,2019-07-15,2019-07-10,2019-07-04,2019-07-17,2019-07-12,2019-07-08,2019-07-15,2019-07-10,2019-07-05,2019-07-17,2019-07-12,2019-07-08,0,1,0,1,0,0,0,0,0,1,1,0,1,0,0,0,1,0,1,0,1,0,1,0,0,0,,,,,p2p,p2n,n2p,p2n,n2p,Life.Bull,Life.BearStart,Life.Bull,Life.BullStart,Life.Bull,,
2019-07-18,0.98811,,,,,0.9086,0.8557,0.80917,0.74468,0.95699,0.90556,0.05143,0.05075,0.00068,,,-0.01,-8.4,1.66,-1.96,0.11,-0.66,57.19,-2.98,3.0,16.0,7.0,10.0,4.0,8.0,74.0,7.0,0.006,0.0,0.015,-0.00643,2.33333,70.0,,70.0,2.0,66.66667,67.67677,,66.667,27.40385,39.46462,,,1.1102,0.9943,1.6392,0.529,-0.1159,0.6449,1,1,1,,0.15,,,,,,,0.798,0.745,0.757,0.744,0.731,0.721,2019-04-25,2019-03-20,2019-02-20,2019-05-29,2019-04-01,2019-03-08,0.996,1.014,0.984,0.966,0.99,0.954,2019-07-15,2019-07-11,2019-07-05,2019-07-17,2019-07-12,2019-07-08,2565167,2287000,2732667,-19.0,-6.87,-43.04,0.058,-0.006,0.018,-0.008,-0.007,-0.004,0.04787,-0.0047,0.01337,-0.006,-0.00267,-0.00272,81.021,88.103,85.608,79.095,69.048,79.789,66.667,80.556,92.5,63.636,77.778,82.051,70.0,78.0,84.615,68.0,76.0,82.609,2019-07-15,2019-05-30,2019-04-26,2019-06-04,2019-05-24,2019-04-02,2019-07-11,2019-07-08,2019-07-01,2019-07-10,2019-07-03,2019-06-26,2019-07-18,2019-07-15,2019-07-10,2019-07-17,2019-07-12,2019-07-08,2019-07-18,2019-07-15,2019-07-10,2019-07-17,2019-07-12,2019-07-08,0,1,0,1,0,0,0,0,0,1,1,0,1,0,0,0,1,0,1,0,1,0,1,0,0,0,,,,,p2p,p2n,n2p,p2n,n2p,Life.Bull,Life.BearStart,Life.Bull,Life.BullStart,Life.Bull,,
2019-07-19,0.98844,,,,,0.91348,0.86026,0.81239,0.74695,0.9593,0.91048,0.04882,0.05036,-0.00155,0.049,,-0.04,-8.4,1.66,-1.96,0.11,-0.66,57.19,-2.98,2.0,16.0,7.0,10.0,4.0,8.0,74.0,7.0,0.0,0.0,0.01457,-0.00643,2.26667,69.38776,69.388,,-0.61224,65.625,65.30934,65.625,,23.07692,29.33286,23.077,,1.1331,1.0109,1.6653,0.5322,-0.1222,0.6544,1,1,1,,0.15,,,,,,,0.798,0.745,0.757,0.744,0.731,0.721,2019-04-25,2019-03-20,2019-02-20,2019-05-29,2019-04-01,2019-03-08,0.996,1.014,0.984,0.966,0.99,0.954,2019-07-15,2019-07-11,2019-07-05,2019-07-17,2019-07-12,2019-07-08,2287000,2732667,2814333,-6.87,-43.04,3.29,0.058,-0.006,0.018,0.049,-0.008,-0.007,0.04787,-0.0047,0.01337,0.05036,-0.006,-0.00267,81.021,88.103,85.608,23.077,79.095,69.048,66.667,80.556,92.5,65.625,63.636,77.778,70.0,78.0,84.615,69.388,68.0,76.0,2019-07-15,2019-05-30,2019-04-26,2019-07-19,2019-06-04,2019-05-24,2019-07-11,2019-07-08,2019-07-01,2019-07-19,2019-07-10,2019-07-03,2019-07-18,2019-07-15,2019-07-10,2019-07-19,2019-07-17,2019-07-12,2019-07-18,2019-07-15,2019-07-10,2019-07-19,2019-07-17,2019-07-12,0,1,0,1,0,0,0,0,0,1,0,1,1,0,1,0,1,0,0,0,1,0,0,0,0,0,2814333.0,,,,p2n,n2p,p2n,n2p,n2p,Life.Bull,Life.BearStart,Life.Bull,Life.BullStart,Life.Bull,,
2019-07-22,0.98848,,,,1.014,0.92121,0.86629,0.81638,0.7496,0.96771,0.91815,0.04956,0.0502,-0.00064,,0.05,-0.05,-8.4,1.66,-1.96,0.11,-0.66,57.19,-2.98,1.0,16.0,7.0,10.0,4.0,8.0,74.0,7.0,0.042,0.0,0.01757,-0.006,2.92857,74.54545,,74.545,5.15745,87.5,73.26389,,87.5,51.06838,33.84972,,,1.1669,1.0483,1.7161,0.5492,-0.1186,0.6678,1,1,1,,0.15,,,,,,,0.798,0.745,0.757,0.744,0.731,0.721,2019-04-25,2019-03-20,2019-02-20,2019-05-29,2019-04-01,2019-03-08,1.014,0.996,1.014,0.966,0.99,0.954,2019-07-22,2019-07-15,2019-07-11,2019-07-17,2019-07-12,2019-07-08,2732667,2814333,7239334,-43.04,3.29,63.22,0.05,0.058,-0.006,0.049,-0.008,-0.007,0.0502,0.04787,-0.0047,0.05036,-0.006,-0.00267,81.021,88.103,85.608,23.077,79.095,69.048,87.5,66.667,80.556,65.625,63.636,77.778,74.545,70.0,78.0,69.388,68.0,76.0,2019-07-22,2019-07-15,2019-05-30,2019-07-19,2019-06-04,2019-05-24,2019-07-11,2019-07-08,2019-07-01,2019-07-19,2019-07-10,2019-07-03,2019-07-22,2019-07-18,2019-07-15,2019-07-19,2019-07-17,2019-07-12,2019-07-22,2019-07-18,2019-07-15,2019-07-19,2019-07-17,2019-07-12,0,1,0,1,0,1,0,0,0,0,0,1,1,0,1,0,0,1,0,0,0,0,0,0,0,0,,7239334.0,,,n2p,p2n,n2p,n2p,p2p,Life.Bull,Life.BearStart,Life.Bull,Life.BullStart,Life.Bull,,
2019-07-23,0.98805,,0.988,,,0.92789,0.87185,0.82018,0.75217,0.97391,0.9248,0.04911,0.04998,-0.00088,,,-8.41,1.66,-1.96,0.11,-0.66,57.19,-2.98,1.17,16.0,7.0,10.0,4.0,8.0,74.0,7.0,6.0,-0.0,-0.006,0.01757,-0.00643,2.73333,73.21429,,,-1.33071,84.375,79.16667,,,66.45299,46.8661,,,1.1968,1.0771,1.7572,0.5604,-0.1197,0.6801,1,1,1,,0.15,,,,,,,0.988,0.798,0.745,0.744,0.731,0.721,2019-07-23,2019-04-25,2019-03-20,2019-05-29,2019-04-01,2019-03-08,1.014,0.996,1.014,0.966,0.99,0.954,2019-07-22,2019-07-15,2019-07-11,2019-07-17,2019-07-12,2019-07-08,2814333,7239334,2131333,3.29,63.22,-4.7,0.05,0.058,-0.006,0.049,-0.008,-0.007,0.0502,0.04787,-0.0047,0.05036,-0.006,-0.00267,81.021,88.103,85.608,23.077,79.095,69.048,87.5,66.667,80.556,65.625,63.636,77.778,74.545,70.0,78.0,69.388,68.0,76.0,2019-07-22,2019-07-15,2019-05-30,2019-07-19,2019-06-04,2019-05-24,2019-07-11,2019-07-08,2019-07-01,2019-07-19,2019-07-10,2019-07-03,2019-07-22,2019-07-18,2019-07-15,2019-07-19,2019-07-17,2019-07-12,2019-07-22,2019-07-18,2019-07-15,2019-07-19,2019-07-17,2019-07-12,0,1,0,1,0,1,0,0,0,0,0,1,1,0,1,0,0,1,0,0,0,0,0,0,0,0,,,-2131333.0,,p2n,n2p,n2p,p2p,p2n,Life.Bull,Life.BearStart,Life.Bull,Life.BullStart,Life.Bull,,
2019-07-24,0.98651,,,,,0.93359,0.87695,0.82378,0.75466,0.97823,0.93052,0.04771,0.04953,-0.00182,,,-8.26,1.66,-1.96,0.11,-0.66,57.19,-2.98,1.17,15.0,7.0,10.0,4.0,8.0,74.0,7.0,6.0,-0.0,-0.006,0.009,-0.00686,1.3125,56.75676,,,-17.78824,66.66667,79.51389,,,79.2735,65.59829,,79.274,1.2229,1.0981,1.7893,0.5664,-0.1248,0.6912,1,1,1,,0.15,,,,,,,0.988,0.798,0.745,0.744,0.731,0.721,2019-07-23,2019-04-25,2019-03-20,2019-05-29,2019-04-01,2019-03-08,1.014,0.996,1.014,0.966,0.99,0.954,2019-07-22,2019-07-15,2019-07-11,2019-07-17,2019-07-12,2019-07-08,7239334,2131333,1715833,63.22,-4.7,-9.02,0.05,0.058,-0.006,0.049,-0.008,-0.007,0.0502,0.04787,-0.0047,0.05036,-0.006,-0.00267,79.274,81.021,88.103,23.077,79.095,69.048,87.5,66.667,80.556,65.625,63.636,77.778,74.545,70.0,78.0,69.388,68.0,76.0,2019-07-22,2019-07-15,2019-05-30,2019-07-19,2019-06-04,2019-05-24,2019-07-24,2019-07-11,2019-07-08,2019-07-19,2019-07-10,2019-07-03,2019-07-22,2019-07-18,2019-07-15,2019-07-19,2019-07-17,2019-07-12,2019-07-22,2019-07-18,2019-07-15,2019-07-19,2019-07-17,2019-07-12,0,1,0,1,0,1,0,0,0,0,0,1,1,0,1,0,0,1,0,0,0,0,0,0,0,0,,,,,p2n,n2p,n2p,p2p,p2n,Life.Bull,Life.BearStart,Life.Bull,Life.BullStart,Life.Bull,,
2019-07-25,0.98331,,,,,0.93793,0.88139,0.82707,0.757,0.98004,0.93493,0.04511,0.04865,-0.00353,,,-7.96,1.66,-1.96,0.11,-0.66,57.19,-2.98,1.17,14.0,7.0,10.0,4.0,8.0,74.0,7.0,6.0,-0.0,-0.012,0.00814,-0.00771,1.05556,51.35135,51.351,,-23.19365,55.55556,68.86574,,,63.86946,69.86532,,,1.2439,1.1086,1.8093,0.5654,-0.1353,0.7007,1,1,1,,0.15,,,,,,,0.988,0.798,0.745,0.744,0.731,0.721,2019-07-23,2019-04-25,2019-03-20,2019-05-29,2019-04-01,2019-03-08,1.014,0.996,1.014,0.966,0.99,0.954,2019-07-22,2019-07-15,2019-07-11,2019-07-17,2019-07-12,2019-07-08,2131333,1715833,630000,-4.7,-9.02,-59.62,0.05,0.058,-0.006,0.049,-0.008,-0.007,0.0502,0.04787,-0.0047,0.05036,-0.006,-0.00267,79.274,81.021,88.103,23.077,79.095,69.048,87.5,66.667,80.556,65.625,63.636,77.778,74.545,70.0,78.0,51.351,69.388,68.0,2019-07-22,2019-07-15,2019-05-30,2019-07-19,2019-06-04,2019-05-24,2019-07-24,2019-07-11,2019-07-08,2019-07-19,2019-07-10,2019-07-03,2019-07-22,2019-07-18,2019-07-15,2019-07-19,2019-07-17,2019-07-12,2019-07-22,2019-07-18,2019-07-15,2019-07-25,2019-07-19,2019-07-17,0,1,0,1,0,1,0,0,0,0,0,1,1,0,1,0,0,1,0,0,0,0,1,0,0,0,,,,-630000.0,n2p,n2p,p2p,p2n,n2n,Life.Bull,Life.BearStart,Life.Bull,Life.BullStart,Life.Bull,,
2019-07-26,0.97818,,,,,0.94147,0.88541,0.83018,0.75926,0.98065,0.93856,0.04209,0.04734,-0.00525,,,-7.48,1.66,-1.96,0.11,-0.66,57.19,-2.98,1.17,13.0,7.0,10.0,4.0,8.0,74.0,7.0,6.0,-0.0,-0.006,0.00814,-0.006,1.35714,57.57576,,57.576,6.22476,50.0,57.40741,,,45.63585,62.92627,,,1.2615,1.1129,1.8221,0.5606,-0.1486,0.7092,1,1,1,,0.15,,,,,,,0.988,0.798,0.745,0.744,0.731,0.721,2019-07-23,2019-04-25,2019-03-20,2019-05-29,2019-04-01,2019-03-08,1.014,0.996,1.014,0.966,0.99,0.954,2019-07-22,2019-07-15,2019-07-11,2019-07-17,2019-07-12,2019-07-08,1715833,630000,1688000,-9.02,-59.62,-9.9,0.05,0.058,-0.006,0.049,-0.008,-0.007,0.0502,0.04787,-0.0047,0.05036,-0.006,-0.00267,79.274,81.021,88.103,23.077,79.095,69.048,87.5,66.667,80.556,65.625,63.636,77.778,57.576,74.545,70.0,51.351,69.388,68.0,2019-07-22,2019-07-15,2019-05-30,2019-07-19,2019-06-04,2019-05-24,2019-07-24,2019-07-11,2019-07-08,2019-07-19,2019-07-10,2019-07-03,2019-07-22,2019-07-18,2019-07-15,2019-07-19,2019-07-17,2019-07-12,2019-07-26,2019-07-22,2019-07-18,2019-07-25,2019-07-19,2019-07-17,0,1,0,1,0,1,0,0,0,0,0,1,1,0,1,0,0,1,0,0,1,0,1,0,0,0,,,,,n2p,n2p,p2p,p2n,n2n,Life.Bull,Life.BearStart,Life.Bull,Life.BullStart,Life.Bull,,
2019-07-29,0.9712,,,0.966,,0.94336,0.88857,0.83287,0.76132,0.9784,0.94059,0.0378,0.04543,-0.00763,,,-6.82,1.66,-1.96,0.11,-0.66,57.19,-2.98,1.17,12.0,7.0,10.0,4.0,8.0,74.0,7.0,6.0,-0.0,-0.018,0.00771,-0.00729,1.05882,51.42857,,,-6.14743,25.0,43.51852,25.0,,22.55892,44.02141,,,1.2725,1.1049,1.8204,0.5479,-0.1676,0.7155,1,1,0,,,0.15,,,,,,0.988,0.798,0.745,0.744,0.731,0.721,2019-07-23,2019-04-25,2019-03-20,2019-05-29,2019-04-01,2019-03-08,1.014,0.996,1.014,0.966,0.966,0.99,2019-07-22,2019-07-15,2019-07-11,2019-07-29,2019-07-17,2019-07-12,630000,1688000,1070166,-59.62,-9.9,-16.01,0.05,0.058,-0.006,0.049,-0.008,-0.007,0.0502,0.04787,-0.0047,0.05036,-0.006,-0.00267,79.274,81.021,88.103,23.077,79.095,69.048,87.5,66.667,80.556,25.0,65.625,63.636,57.576,74.545,70.0,51.351,69.388,68.0,2019-07-22,2019-07-15,2019-05-30,2019-07-19,2019-06-04,2019-05-24,2019-07-24,2019-07-11,2019-07-08,2019-07-19,2019-07-10,2019-07-03,2019-07-22,2019-07-18,2019-07-15,2019-07-29,2019-07-19,2019-07-17,2019-07-26,2019-07-22,2019-07-18,2019-07-25,2019-07-19,2019-07-17,0,1,0,1,0,1,1,0,0,0,0,1,1,0,1,0,0,1,1,0,1,0,1,0,0,0,,,,,n2p,n2p,p2p,p2n,n2n,Life.BearStart,Life.Bull,Life.BullStart,Life.Bull,Life.BullRetrace,,
2019-07-31,0.96297,,,,0.972,0.94556,0.89184,0.83562,0.76341,0.97741,0.94292,0.03449,0.04324,-0.00875,,,-6.02,1.66,-1.96,0.11,-0.66,57.19,-2.98,1.17,10.0,7.0,10.0,4.0,8.0,74.0,7.0,6.0,0.006,0.0,0.00557,-0.00729,0.76471,43.33333,,,-14.24267,26.66667,33.88889,,26.667,17.40741,28.53406,,,1.2843,1.0994,1.8215,0.5372,-0.1849,0.7221,1,1,0,,,0.15,,,,,,0.988,0.798,0.745,0.744,0.731,0.721,2019-07-23,2019-04-25,2019-03-20,2019-05-29,2019-04-01,2019-03-08,0.972,1.014,0.996,0.966,0.966,0.99,2019-07-31,2019-07-22,2019-07-15,2019-07-29,2019-07-17,2019-07-12,1688000,1070166,697833,-9.9,-16.01,2.0,0.05,0.058,-0.006,0.049,-0.008,-0.007,0.0502,0.04787,-0.0047,0.05036,-0.006,-0.00267,79.274,81.021,88.103,23.077,79.095,69.048,26.667,87.5,66.667,25.0,65.625,63.636,57.576,74.545,70.0,51.351,69.388,68.0,2019-07-22,2019-07-15,2019-05-30,2019-07-19,2019-06-04,2019-05-24,2019-07-24,2019-07-11,2019-07-08,2019-07-19,2019-07-10,2019-07-03,2019-07-31,2019-07-22,2019-07-18,2019-07-29,2019-07-19,2019-07-17,2019-07-26,2019-07-22,2019-07-18,2019-07-25,2019-07-19,2019-07-17,0,1,0,1,1,0,1,0,0,0,0,1,1,0,1,0,1,0,1,0,1,0,1,0,0,0,,,,,n2p,n2p,p2p,p2n,n2n,Life.BearStart,Life.Bull,Life.BullStart,Life.Bull,Life.BullRetrace,,
2019-08-01,0.95424,,,,,0.94667,0.89451,0.83809,0.76537,0.97473,0.94419,0.03055,0.0407,-0.01015,,,-5.16,1.66,-1.96,0.11,-0.66,57.19,-2.98,1.17,9.0,7.0,10.0,4.0,8.0,74.0,7.0,6.0,-0.0,-0.012,0.00429,-0.00814,0.52632,34.48276,34.483,,-23.09324,15.38462,22.35043,,,13.33333,17.76655,13.333,,1.2914,1.0858,1.813,0.5216,-0.2056,0.7272,0,1,0,,,,0.15,,,,,0.988,0.798,0.745,0.744,0.731,0.721,2019-07-23,2019-04-25,2019-03-20,2019-05-29,2019-04-01,2019-03-08,0.972,1.014,0.996,0.966,0.966,0.99,2019-07-31,2019-07-22,2019-07-15,2019-07-29,2019-07-17,2019-07-12,1070166,697833,764000,-16.01,2.0,-26.74,0.05,0.058,-0.006,0.049,-0.008,-0.007,0.0502,0.04787,-0.0047,0.05036,-0.006,-0.00267,79.274,81.021,88.103,13.333,23.077,79.095,26.667,87.5,66.667,25.0,65.625,63.636,57.576,74.545,70.0,34.483,51.351,69.388,2019-07-22,2019-07-15,2019-05-30,2019-07-19,2019-06-04,2019-05-24,2019-07-24,2019-07-11,2019-07-08,2019-08-01,2019-07-19,2019-07-10,2019-07-31,2019-07-22,2019-07-18,2019-07-29,2019-07-19,2019-07-17,2019-07-26,2019-07-22,2019-07-18,2019-08-01,2019-07-25,2019-07-19,0,1,0,1,1,0,1,0,0,0,0,1,1,0,1,0,1,0,1,0,1,0,1,0,0,0,,,,,n2p,n2p,p2p,p2n,n2n,Life.Bull,Life.BullStart,Life.Bull,Life.BullRetrace,Life.BullEnd,,
2019-08-02,0.94558,,,,,0.94723,0.89685,0.84038,0.76725,0.97154,0.94491,0.02663,0.03789,-0.01126,,,-4.29,1.66,-1.96,0.11,-0.66,57.19,-2.98,1.17,8.0,7.0,10.0,4.0,8.0,74.0,7.0,6.0,-0.0,-0.006,0.00429,-0.00686,0.625,38.46154,,38.462,3.97854,7.69231,16.5812,7.692,,16.36364,15.70146,,16.364,1.296,1.0685,1.7998,0.5038,-0.2275,0.7313,0,1,0,,,,0.15,,,,,0.988,0.798,0.745,0.744,0.731,0.721,2019-07-23,2019-04-25,2019-03-20,2019-05-29,2019-04-01,2019-03-08,0.972,1.014,0.996,0.966,0.966,0.99,2019-07-31,2019-07-22,2019-07-15,2019-07-29,2019-07-17,2019-07-12,697833,764000,719166,2.0,-26.74,-13.86,0.05,0.058,-0.006,0.049,-0.008,-0.007,0.0502,0.04787,-0.0047,0.05036,-0.006,-0.00267,16.364,79.274,81.021,13.333,23.077,79.095,26.667,87.5,66.667,7.692,25.0,65.625,38.462,57.576,74.545,34.483,51.351,69.388,2019-07-22,2019-07-15,2019-05-30,2019-07-19,2019-06-04,2019-05-24,2019-08-02,2019-07-24,2019-07-11,2019-08-01,2019-07-19,2019-07-10,2019-07-31,2019-07-22,2019-07-18,2019-08-02,2019-07-29,2019-07-19,2019-08-02,2019-07-26,2019-07-22,2019-08-01,2019-07-25,2019-07-19,0,1,0,1,1,0,1,0,0,0,0,1,1,0,1,0,1,0,1,0,1,0,1,0,0,0,,,,,n2p,n2p,p2p,p2n,n2n,Life.Bull,Life.BullStart,Life.Bull,Life.BullRetrace,Life.BullEnd,,
2019-08-05,0.93723,,,0.912,,0.94452,0.89744,0.8418,0.76869,0.96238,0.94248,0.01991,0.03429,-0.01438,,,-3.44,1.66,-1.96,0.11,-0.66,57.19,-2.98,1.17,7.0,7.0,10.0,4.0,8.0,74.0,7.0,6.0,-0.0,-0.042,0.00386,-0.00986,0.3913,28.125,28.125,,-10.337,17.3913,13.48941,,,13.38118,14.35938,13.381,,1.2875,1.0272,1.7583,0.4708,-0.2603,0.7311,0,0,0,,,,,0.15,,,,0.988,0.798,0.745,0.744,0.731,0.721,2019-07-23,2019-04-25,2019-03-20,2019-05-29,2019-04-01,2019-03-08,0.972,1.014,0.996,0.912,0.966,0.966,2019-07-31,2019-07-22,2019-07-15,2019-08-05,2019-07-29,2019-07-17,764000,719166,3710000,-26.74,-13.86,138.11,0.05,0.058,-0.006,0.049,-0.008,-0.007,0.0502,0.04787,-0.0047,0.05036,-0.006,-0.00267,16.364,79.274,81.021,13.381,13.333,23.077,26.667,87.5,66.667,7.692,25.0,65.625,38.462,57.576,74.545,28.125,34.483,51.351,2019-07-22,2019-07-15,2019-05-30,2019-07-19,2019-06-04,2019-05-24,2019-08-02,2019-07-24,2019-07-11,2019-08-05,2019-08-01,2019-07-19,2019-07-31,2019-07-22,2019-07-18,2019-08-02,2019-07-29,2019-07-19,2019-08-02,2019-07-26,2019-07-22,2019-08-05,2019-08-01,2019-07-25,0,1,0,1,1,0,1,0,0,0,0,1,1,0,0,0,1,0,1,0,1,0,1,0,0,0,-3710000.0,,,,n2p,p2p,p2n,n2n,n2p,Life.BullStart,Life.Bull,Life.BullRetrace,Life.BullEnd,Life.BearStart,,
2019-08-06,0.92912,,,,0.924,0.94295,0.89848,0.84343,0.77023,0.95648,0.94111,0.01537,0.03051,-0.01514,,,-2.6,1.66,-1.96,0.11,-0.66,57.19,-2.98,1.17,6.0,7.0,10.0,4.0,8.0,74.0,7.0,6.0,0.012,0.0,0.00471,-0.009,0.52381,34.375,,,6.25,32.0,19.02787,,32.0,25.73412,18.49298,,,1.2825,0.9952,1.7272,0.4447,-0.2873,0.732,0,0,0,,,,,0.15,,,,0.988,0.798,0.745,0.744,0.731,0.721,2019-07-23,2019-04-25,2019-03-20,2019-05-29,2019-04-01,2019-03-08,0.924,0.972,1.014,0.912,0.966,0.966,2019-08-06,2019-07-31,2019-07-22,2019-08-05,2019-07-29,2019-07-17,719166,3710000,6109834,-13.86,138.11,102.94,0.05,0.058,-0.006,0.049,-0.008,-0.007,0.0502,0.04787,-0.0047,0.05036,-0.006,-0.00267,16.364,79.274,81.021,13.381,13.333,23.077,32.0,26.667,87.5,7.692,25.0,65.625,38.462,57.576,74.545,28.125,34.483,51.351,2019-07-22,2019-07-15,2019-05-30,2019-07-19,2019-06-04,2019-05-24,2019-08-02,2019-07-24,2019-07-11,2019-08-05,2019-08-01,2019-07-19,2019-08-06,2019-07-31,2019-07-22,2019-08-02,2019-07-29,2019-07-19,2019-08-02,2019-07-26,2019-07-22,2019-08-05,2019-08-01,2019-07-25,0,1,0,1,1,0,1,0,0,0,0,1,1,0,0,0,0,0,1,0,1,0,1,0,0,0,,,,,n2p,p2p,p2n,n2n,n2p,Life.BullStart,Life.Bull,Life.BullRetrace,Life.BullEnd,Life.BearStart,,
2019-08-07,0.92149,,,0.906,,0.9401,0.89878,0.84467,0.77158,0.94871,0.93851,0.01021,0.02645,-0.01624,,,-1.79,1.66,-1.96,0.11,-0.66,57.19,-2.98,1.17,5.0,7.0,10.0,4.0,8.0,74.0,7.0,6.0,-0.0,-0.018,0.00471,-0.009,0.52381,34.375,,,6.25,20.0,23.13043,20.0,,32.50774,23.87435,,,1.272,0.9543,1.6852,0.4132,-0.3177,0.7309,0,0,0,,,,,0.15,,,,0.988,0.798,0.745,0.744,0.731,0.721,2019-07-23,2019-04-25,2019-03-20,2019-05-29,2019-04-01,2019-03-08,0.924,0.972,1.014,0.906,0.912,0.966,2019-08-06,2019-07-31,2019-07-22,2019-08-07,2019-08-05,2019-07-29,3710000,6109834,2178000,138.11,102.94,13.84,0.05,0.058,-0.006,0.049,-0.008,-0.007,0.0502,0.04787,-0.0047,0.05036,-0.006,-0.00267,16.364,79.274,81.021,13.381,13.333,23.077,32.0,26.667,87.5,20.0,7.692,25.0,38.462,57.576,74.545,28.125,34.483,51.351,2019-07-22,2019-07-15,2019-05-30,2019-07-19,2019-06-04,2019-05-24,2019-08-02,2019-07-24,2019-07-11,2019-08-05,2019-08-01,2019-07-19,2019-08-06,2019-07-31,2019-07-22,2019-08-07,2019-08-02,2019-07-29,2019-08-02,2019-07-26,2019-07-22,2019-08-05,2019-08-01,2019-07-25,0,1,0,1,1,0,1,0,0,0,0,1,1,0,0,0,0,0,0,0,1,0,1,0,0,0,,,,,n2p,p2p,p2n,n2n,n2p,Life.BullStart,Life.Bull,Life.BullRetrace,Life.BullEnd,Life.BearStart,,
2019-08-08,0.91487,,,,,0.93887,0.89977,0.84624,0.7731,0.94491,0.93743,0.00748,0.02265,-0.01518,,,-1.08,1.66,-1.96,0.11,-0.66,57.19,-2.98,1.17,4.0,7.0,10.0,4.0,8.0,74.0,7.0,6.0,0.018,0.0,0.00557,-0.009,0.61905,38.23529,,,10.11029,32.0,28.0,,,41.17647,33.13944,,,1.2667,0.9263,1.6577,0.391,-0.3404,0.7314,0,0,0,,,,,0.15,,,,0.988,0.798,0.745,0.744,0.731,0.721,2019-07-23,2019-04-25,2019-03-20,2019-05-29,2019-04-01,2019-03-08,0.924,0.972,1.014,0.906,0.912,0.966,2019-08-06,2019-07-31,2019-07-22,2019-08-07,2019-08-05,2019-07-29,6109834,2178000,1451500,102.94,13.84,-18.82,0.05,0.058,-0.006,0.049,-0.008,-0.007,0.0502,0.04787,-0.0047,0.05036,-0.006,-0.00267,16.364,79.274,81.021,13.381,13.333,23.077,32.0,26.667,87.5,20.0,7.692,25.0,38.462,57.576,74.545,28.125,34.483,51.351,2019-07-22,2019-07-15,2019-05-30,2019-07-19,2019-06-04,2019-05-24,2019-08-02,2019-07-24,2019-07-11,2019-08-05,2019-08-01,2019-07-19,2019-08-06,2019-07-31,2019-07-22,2019-08-07,2019-08-02,2019-07-29,2019-08-02,2019-07-26,2019-07-22,2019-08-05,2019-08-01,2019-07-25,0,1,0,1,1,0,1,0,0,0,0,1,1,0,0,0,0,0,0,0,1,0,1,0,0,0,,,,,n2p,p2p,p2n,n2n,n2p,Life.BullStart,Life.Bull,Life.BullRetrace,Life.BullEnd,Life.BearStart,,
2019-08-09,0.90975,,,,0.93,0.93818,0.90095,0.8479,0.77466,0.94262,0.93688,0.00574,0.01927,-0.01353,,,-0.52,1.66,-1.96,0.11,-0.66,57.19,-2.98,1.17,3.0,7.0,10.0,4.0,8.0,74.0,7.0,6.0,0.006,0.0,0.006,-0.009,0.66667,40.0,,40.0,11.875,36.0,29.33333,,36.0,48.56712,40.75044,,,1.2629,0.9028,1.6352,0.3723,-0.3601,0.7324,0,0,0,,,,,0.15,,,,0.988,0.798,0.745,0.744,0.731,0.721,2019-07-23,2019-04-25,2019-03-20,2019-05-29,2019-04-01,2019-03-08,0.93,0.924,0.972,0.906,0.912,0.966,2019-08-09,2019-08-06,2019-07-31,2019-08-07,2019-08-05,2019-07-29,2178000,1451500,1678167,13.84,-18.82,-45.5,0.05,0.058,-0.006,0.049,-0.008,-0.007,0.0502,0.04787,-0.0047,0.05036,-0.006,-0.00267,16.364,79.274,81.021,13.381,13.333,23.077,36.0,32.0,26.667,20.0,7.692,25.0,40.0,38.462,57.576,28.125,34.483,51.351,2019-07-22,2019-07-15,2019-05-30,2019-07-19,2019-06-04,2019-05-24,2019-08-02,2019-07-24,2019-07-11,2019-08-05,2019-08-01,2019-07-19,2019-08-09,2019-08-06,2019-07-31,2019-08-07,2019-08-02,2019-07-29,2019-08-09,2019-08-02,2019-07-26,2019-08-05,2019-08-01,2019-07-25,0,1,0,1,0,0,1,0,0,0,0,1,1,0,0,0,0,1,0,0,0,0,1,0,0,0,,,,,n2p,p2p,p2n,n2n,n2p,Life.BullStart,Life.Bull,Life.BullRetrace,Life.BullEnd,Life.BearStart,,
2019-08-13,0.90655,,,,,0.93525,0.90092,0.84893,0.77591,0.93606,0.93415,0.00191,0.0158,-0.01389,,,-0.17,1.66,-1.96,0.11,-0.66,57.19,-2.98,1.17,1.0,7.0,10.0,4.0,8.0,74.0,7.0,6.0,-0.0,-0.03,0.003,-0.01114,0.26923,21.21212,,,-18.78788,16.0,28.0,,,49.87431,46.5393,,49.874,1.2501,0.8632,1.5934,0.3433,-0.3869,0.7302,0,0,0,,,,,0.15,,,,0.988,0.798,0.745,0.744,0.731,0.721,2019-07-23,2019-04-25,2019-03-20,2019-05-29,2019-04-01,2019-03-08,0.93,0.924,0.972,0.906,0.912,0.966,2019-08-09,2019-08-06,2019-07-31,2019-08-07,2019-08-05,2019-07-29,1451500,1678167,2537667,-18.82,-45.5,6.78,0.05,0.058,-0.006,0.049,-0.008,-0.007,0.0502,0.04787,-0.0047,0.05036,-0.006,-0.00267,49.874,16.364,79.274,13.381,13.333,23.077,36.0,32.0,26.667,20.0,7.692,25.0,40.0,38.462,57.576,28.125,34.483,51.351,2019-07-22,2019-07-15,2019-05-30,2019-07-19,2019-06-04,2019-05-24,2019-08-13,2019-08-02,2019-07-24,2019-08-05,2019-08-01,2019-07-19,2019-08-09,2019-08-06,2019-07-31,2019-08-07,2019-08-02,2019-07-29,2019-08-09,2019-08-02,2019-07-26,2019-08-05,2019-08-01,2019-07-25,0,1,0,1,0,0,1,0,0,0,0,1,0,0,0,0,0,1,0,0,0,0,1,0,0,0,-2537667.0,,,,p2p,p2n,n2n,n2p,n2p,Life.BullStart,Life.Bull,Life.BullRetrace,Life.BullEnd,Life.BearStart,,
2019-08-14,0.90546,0.905,,,,0.93161,0.90041,0.8497,0.77702,0.92867,0.93073,-0.00206,0.01223,-0.01429,,,1.61,-1.96,0.11,-0.66,57.19,-2.98,1.17,-2.67,7.0,10.0,4.0,8.0,74.0,7.0,6.0,8.0,-0.0,-0.012,0.003,-0.01157,0.25926,20.58824,,,-19.41176,8.69565,20.23188,8.696,,37.21834,45.21992,,,1.2339,0.8191,1.5459,0.312,-0.4148,0.7268,0,0,0,,,,,0.15,,,,0.988,0.798,0.745,0.905,0.744,0.731,2019-07-23,2019-04-25,2019-03-20,2019-08-14,2019-05-29,2019-04-01,0.93,0.924,0.972,0.906,0.912,0.966,2019-08-09,2019-08-06,2019-07-31,2019-08-07,2019-08-05,2019-07-29,1678167,2537667,1833333,-45.5,6.78,6.74,0.05,0.058,-0.006,0.049,-0.008,-0.007,0.0502,0.04787,-0.0047,0.05036,-0.006,-0.00267,49.874,16.364,79.274,13.381,13.333,23.077,36.0,32.0,26.667,8.696,20.0,7.692,40.0,38.462,57.576,28.125,34.483,51.351,2019-07-22,2019-07-15,2019-05-30,2019-07-19,2019-06-04,2019-05-24,2019-08-13,2019-08-02,2019-07-24,2019-08-05,2019-08-01,2019-07-19,2019-08-09,2019-08-06,2019-07-31,2019-08-14,2019-08-07,2019-08-02,2019-08-09,2019-08-02,2019-07-26,2019-08-05,2019-08-01,2019-07-25,0,1,0,1,0,0,1,0,0,0,0,1,0,0,0,0,0,1,0,0,0,0,1,0,0,0,,,,,p2p,p2n,n2n,n2p,n2p,Life.BullStart,Life.Bull,Life.BullRetrace,Life.BullEnd,Life.BearStart,,
2019-08-15,0.90634,,,,,0.92687,0.89922,0.8501,0.77795,0.91964,0.92623,-0.00659,0.00846,-0.01505,,,1.51,-1.96,0.11,-0.66,57.19,-2.98,1.17,-2.67,6.0,10.0,4.0,8.0,74.0,7.0,6.0,8.0,-0.0,-0.018,0.003,-0.01243,0.24138,19.44444,19.444,,-20.55556,11.11111,11.93559,,,20.39141,35.82802,,,1.2127,0.7677,1.4892,0.2765,-0.445,0.7215,0,0,0,,,,,0.15,,,,0.988,0.798,0.745,0.905,0.744,0.731,2019-07-23,2019-04-25,2019-03-20,2019-08-14,2019-05-29,2019-04-01,0.93,0.924,0.972,0.906,0.912,0.966,2019-08-09,2019-08-06,2019-07-31,2019-08-07,2019-08-05,2019-07-29,2537667,1833333,6316334,6.78,6.74,76.67,0.05,0.058,-0.006,0.049,-0.008,-0.007,0.0502,0.04787,-0.0047,0.05036,-0.006,-0.00267,49.874,16.364,79.274,13.381,13.333,23.077,36.0,32.0,26.667,8.696,20.0,7.692,40.0,38.462,57.576,19.444,28.125,34.483,2019-07-22,2019-07-15,2019-05-30,2019-07-19,2019-06-04,2019-05-24,2019-08-13,2019-08-02,2019-07-24,2019-08-05,2019-08-01,2019-07-19,2019-08-09,2019-08-06,2019-07-31,2019-08-14,2019-08-07,2019-08-02,2019-08-09,2019-08-02,2019-07-26,2019-08-15,2019-08-05,2019-08-01,0,1,0,1,0,0,1,0,0,0,0,1,0,0,0,0,0,1,0,0,0,0,1,0,0,0,,-6316334.0,,,p2n,n2n,n2p,n2p,p2p,Life.BullStart,Life.Bull,Life.BullRetrace,Life.BullEnd,Life.BearStart,,
2019-08-16,0.90864,,,0.87,,0.9225,0.89807,0.8505,0.77886,0.912,0.92207,-0.01006,0.00476,-0.01482,-0.01,,1.25,-1.96,0.11,-0.66,57.19,-2.98,1.17,-2.67,5.0,10.0,4.0,8.0,74.0,7.0,6.0,8.0,0.0,0.0,0.003,-0.01157,0.25926,20.58824,,,1.14424,14.28571,11.36416,,,17.12344,24.91106,17.123,,1.1921,0.72,1.4364,0.2443,-0.4721,0.7164,0,0,0,,,,,0.15,,,,0.988,0.798,0.745,0.905,0.744,0.731,2019-07-23,2019-04-25,2019-03-20,2019-08-14,2019-05-29,2019-04-01,0.93,0.924,0.972,0.87,0.906,0.912,2019-08-09,2019-08-06,2019-07-31,2019-08-16,2019-08-07,2019-08-05,1833333,6316334,3194333,6.74,76.67,6.14,0.05,0.058,-0.006,-0.01,0.049,-0.008,0.0502,0.04787,-0.0047,0.00476,0.05036,-0.006,49.874,16.364,79.274,17.123,13.381,13.333,36.0,32.0,26.667,8.696,20.0,7.692,40.0,38.462,57.576,19.444,28.125,34.483,2019-07-22,2019-07-15,2019-05-30,2019-08-16,2019-07-19,2019-06-04,2019-08-13,2019-08-02,2019-07-24,2019-08-16,2019-08-05,2019-08-01,2019-08-09,2019-08-06,2019-07-31,2019-08-14,2019-08-07,2019-08-02,2019-08-09,2019-08-02,2019-07-26,2019-08-15,2019-08-05,2019-08-01,0,1,0,1,0,0,1,0,0,0,1,0,0,0,0,1,0,1,0,0,0,0,1,0,0,0,,,,,p2n,n2n,n2p,n2p,p2p,Life.BullStart,Life.Bull,Life.BullRetrace,Life.BullEnd,Life.BearStart,,
2019-08-19,0.91175,,,,,0.92307,0.89932,0.85207,0.78037,0.91477,0.92265,-0.00788,0.00223,-0.01011,,,0.9,-1.96,0.11,-0.66,57.19,-2.98,1.17,-2.67,4.0,10.0,4.0,8.0,74.0,7.0,6.0,8.0,0.06,0.0,0.00729,-0.01114,0.65385,39.53488,,,20.09088,53.84615,26.41433,,,47.42647,28.31378,,,1.1895,0.71,1.427,0.2375,-0.4795,0.717,0,0,0,,,,,0.15,,,,0.988,0.798,0.745,0.905,0.744,0.731,2019-07-23,2019-04-25,2019-03-20,2019-08-14,2019-05-29,2019-04-01,0.93,0.924,0.972,0.87,0.906,0.912,2019-08-09,2019-08-06,2019-07-31,2019-08-16,2019-08-07,2019-08-05,6316334,3194333,5570501,76.67,6.14,32.94,0.05,0.058,-0.006,-0.01,0.049,-0.008,0.0502,0.04787,-0.0047,0.00476,0.05036,-0.006,49.874,16.364,79.274,17.123,13.381,13.333,36.0,32.0,26.667,8.696,20.0,7.692,40.0,38.462,57.576,19.444,28.125,34.483,2019-07-22,2019-07-15,2019-05-30,2019-08-16,2019-07-19,2019-06-04,2019-08-13,2019-08-02,2019-07-24,2019-08-16,2019-08-05,2019-08-01,2019-08-09,2019-08-06,2019-07-31,2019-08-14,2019-08-07,2019-08-02,2019-08-09,2019-08-02,2019-07-26,2019-08-15,2019-08-05,2019-08-01,0,1,0,1,0,0,1,0,0,0,1,0,0,0,0,1,0,1,0,0,0,0,1,0,0,0,,,,,p2n,n2n,n2p,n2p,p2p,Life.BullStart,Life.Bull,Life.BullRetrace,Life.BullEnd,Life.BearStart,,
2019-08-20,0.91504,,,,,0.92361,0.90053,0.85361,0.78186,0.91712,0.9232,-0.00608,0.00057,-0.00665,,,0.54,-1.96,0.11,-0.66,57.19,-2.98,1.17,-2.67,3.0,10.0,4.0,8.0,74.0,7.0,6.0,8.0,0.0,0.0,0.00729,-0.00986,0.73913,42.5,,,23.056,63.63636,43.92274,,,63.39869,42.64953,,,1.1867,0.7,1.4175,0.2308,-0.4867,0.7175,0,0,0,,,,,0.15,,,,0.988,0.798,0.745,0.905,0.744,0.731,2019-07-23,2019-04-25,2019-03-20,2019-08-14,2019-05-29,2019-04-01,0.93,0.924,0.972,0.87,0.906,0.912,2019-08-09,2019-08-06,2019-07-31,2019-08-16,2019-08-07,2019-08-05,3194333,5570501,3673834,6.14,32.94,-17.52,0.05,0.058,-0.006,-0.01,0.049,-0.008,0.0502,0.04787,-0.0047,0.00476,0.05036,-0.006,49.874,16.364,79.274,17.123,13.381,13.333,36.0,32.0,26.667,8.696,20.0,7.692,40.0,38.462,57.576,19.444,28.125,34.483,2019-07-22,2019-07-15,2019-05-30,2019-08-16,2019-07-19,2019-06-04,2019-08-13,2019-08-02,2019-07-24,2019-08-16,2019-08-05,2019-08-01,2019-08-09,2019-08-06,2019-07-31,2019-08-14,2019-08-07,2019-08-02,2019-08-09,2019-08-02,2019-07-26,2019-08-15,2019-08-05,2019-08-01,0,1,0,1,0,0,1,0,0,0,1,0,0,0,0,1,0,1,0,0,0,0,1,0,0,0,,,3673834.0,,n2n,n2p,n2p,p2p,p2n,Life.BullStart,Life.Bull,Life.BullRetrace,Life.BullEnd,Life.BearStart,,
2019-08-21,0.91795,,,,,0.92456,0.90192,0.85525,0.78339,0.92002,0.92415,-0.00413,-0.00037,-0.00375,,,0.22,-1.96,0.11,-0.66,57.19,-2.98,1.17,-2.67,2.0,10.0,4.0,8.0,74.0,7.0,6.0,8.0,0.006,0.0,0.00729,-0.00986,0.73913,42.5,,,23.056,68.18182,61.88811,,,79.36508,63.39675,,79.365,1.1853,0.6931,1.4117,0.2264,-0.4922,0.7186,0,0,0,,,,,0.15,,,,0.988,0.798,0.745,0.905,0.744,0.731,2019-07-23,2019-04-25,2019-03-20,2019-08-14,2019-05-29,2019-04-01,0.93,0.924,0.972,0.87,0.906,0.912,2019-08-09,2019-08-06,2019-07-31,2019-08-16,2019-08-07,2019-08-05,5570501,3673834,589000,32.94,-17.52,-20.95,0.05,0.058,-0.006,-0.01,0.049,-0.008,0.0502,0.04787,-0.0047,0.00476,0.05036,-0.006,79.365,49.874,16.364,17.123,13.381,13.333,36.0,32.0,26.667,8.696,20.0,7.692,40.0,38.462,57.576,19.444,28.125,34.483,2019-07-22,2019-07-15,2019-05-30,2019-08-16,2019-07-19,2019-06-04,2019-08-21,2019-08-13,2019-08-02,2019-08-16,2019-08-05,2019-08-01,2019-08-09,2019-08-06,2019-07-31,2019-08-14,2019-08-07,2019-08-02,2019-08-09,2019-08-02,2019-07-26,2019-08-15,2019-08-05,2019-08-01,0,1,0,1,0,0,1,0,0,0,1,0,0,1,0,1,0,1,0,0,0,0,1,0,0,0,,,,,n2n,n2p,n2p,p2p,p2n,Life.BullStart,Life.Bull,Life.BullRetrace,Life.BullEnd,Life.BearStart,,
2019-08-22,0.91989,,,,,0.92544,0.90325,0.85684,0.78491,0.92248,0.92502,-0.00255,-0.00081,-0.00174,,,0.01,-1.96,0.11,-0.66,57.19,-2.98,1.17,-2.67,1.0,10.0,4.0,8.0,74.0,7.0,6.0,8.0,0.0,0.0,0.00729,-0.009,0.80952,44.73684,,,25.29284,68.18182,66.66667,,,69.84127,70.86835,69.841,,1.1834,0.686,1.4053,0.2219,-0.4974,0.7193,0,0,0,,,,,0.15,,,,0.988,0.798,0.745,0.905,0.744,0.731,2019-07-23,2019-04-25,2019-03-20,2019-08-14,2019-05-29,2019-04-01,0.93,0.924,0.972,0.87,0.906,0.912,2019-08-09,2019-08-06,2019-07-31,2019-08-16,2019-08-07,2019-08-05,3673834,589000,1352500,-17.52,-20.95,-42.89,0.05,0.058,-0.006,-0.01,0.049,-0.008,0.0502,0.04787,-0.0047,0.00476,0.05036,-0.006,79.365,49.874,16.364,69.841,17.123,13.381,36.0,32.0,26.667,8.696,20.0,7.692,40.0,38.462,57.576,19.444,28.125,34.483,2019-07-22,2019-07-15,2019-05-30,2019-08-16,2019-07-19,2019-06-04,2019-08-21,2019-08-13,2019-08-02,2019-08-22,2019-08-16,2019-08-05,2019-08-09,2019-08-06,2019-07-31,2019-08-14,2019-08-07,2019-08-02,2019-08-09,2019-08-02,2019-07-26,2019-08-15,2019-08-05,2019-08-01,0,1,0,1,0,0,1,0,0,0,1,0,0,1,0,1,0,1,0,0,0,0,1,0,0,0,,,,,n2n,n2p,n2p,p2p,p2n,Life.BullStart,Life.Bull,Life.BullRetrace,Life.BullEnd,Life.BearStart,,
2019-08-23,0.9203,,0.92,,0.942,0.92671,0.90477,0.85853,0.78647,0.92548,0.92628,-0.0008,-0.00081,1e-05,,,-1.99,0.11,-0.66,57.19,-2.98,1.17,-2.67,2.6,10.0,4.0,8.0,74.0,7.0,6.0,8.0,9.0,0.006,0.0,0.00771,-0.00857,0.9,47.36842,,,27.92442,76.19048,70.85137,,76.19,71.69312,73.63316,,71.693,1.183,0.6818,1.4024,0.2194,-0.5012,0.7206,0,0,0,,,,,0.15,,,,0.92,0.988,0.798,0.905,0.744,0.731,2019-08-23,2019-07-23,2019-04-25,2019-08-14,2019-05-29,2019-04-01,0.942,0.93,0.924,0.87,0.906,0.912,2019-08-23,2019-08-09,2019-08-06,2019-08-16,2019-08-07,2019-08-05,589000,1352500,1952167,-20.95,-42.89,-30.66,0.05,0.058,-0.006,-0.01,0.049,-0.008,0.0502,0.04787,-0.0047,0.00476,0.05036,-0.006,71.693,79.365,49.874,69.841,17.123,13.381,76.19,36.0,32.0,8.696,20.0,7.692,40.0,38.462,57.576,19.444,28.125,34.483,2019-07-22,2019-07-15,2019-05-30,2019-08-16,2019-07-19,2019-06-04,2019-08-23,2019-08-21,2019-08-13,2019-08-22,2019-08-16,2019-08-05,2019-08-23,2019-08-09,2019-08-06,2019-08-14,2019-08-07,2019-08-02,2019-08-09,2019-08-02,2019-07-26,2019-08-15,2019-08-05,2019-08-01,0,0,0,1,0,1,1,0,0,0,1,0,0,0,0,1,0,1,0,0,0,0,1,0,0,0,,,,,n2n,n2p,n2p,p2p,p2n,Life.BullStart,Life.Bull,Life.BullRetrace,Life.BullEnd,Life.BearStart,,
2019-08-26,0.91895,,,,,0.92651,0.90553,0.85983,0.78784,0.92525,0.92611,-0.00086,-0.00082,-4e-05,,-0.001,-1.84,0.11,-0.66,57.19,-2.98,1.17,-2.67,2.6,9.0,4.0,8.0,74.0,7.0,6.0,8.0,9.0,-0.0,-0.018,0.00771,-0.00686,1.125,52.94118,,52.941,33.49718,61.90476,68.75902,,,54.55026,65.36155,,,1.1769,0.6668,1.3867,0.2098,-0.5101,0.7199,0,0,0,,,,,0.15,,,,0.92,0.988,0.798,0.905,0.744,0.731,2019-08-23,2019-07-23,2019-04-25,2019-08-14,2019-05-29,2019-04-01,0.942,0.93,0.924,0.87,0.906,0.912,2019-08-23,2019-08-09,2019-08-06,2019-08-16,2019-08-07,2019-08-05,1352500,1952167,1610166,-42.89,-30.66,26.23,-0.001,0.05,0.058,-0.01,0.049,-0.008,-0.00082,0.0502,0.04787,0.00476,0.05036,-0.006,71.693,79.365,49.874,69.841,17.123,13.381,76.19,36.0,32.0,8.696,20.0,7.692,52.941,40.0,38.462,19.444,28.125,34.483,2019-08-26,2019-07-22,2019-07-15,2019-08-16,2019-07-19,2019-06-04,2019-08-23,2019-08-21,2019-08-13,2019-08-22,2019-08-16,2019-08-05,2019-08-23,2019-08-09,2019-08-06,2019-08-14,2019-08-07,2019-08-02,2019-08-26,2019-08-09,2019-08-02,2019-08-15,2019-08-05,2019-08-01,0,0,0,1,0,1,1,0,1,0,1,0,0,0,0,1,0,1,0,0,0,1,1,0,0,0,-1610166.0,,,,n2p,n2p,p2p,p2n,n2p,Life.BullStart,Life.Bull,Life.BullRetrace,Life.BullEnd,Life.BearStart,,
2019-08-27,0.91612,,,,,0.92493,0.90555,0.86074,0.78902,0.92229,0.92462,-0.00233,-0.00112,-0.00121,,,-1.54,0.11,-0.66,57.19,-2.98,1.17,-2.67,2.6,8.0,4.0,8.0,74.0,7.0,6.0,8.0,9.0,-0.0,-0.018,0.00686,-0.00814,0.84211,45.71429,45.714,,-7.22671,47.61905,61.90476,,,30.74074,52.32804,,,1.1653,0.6419,1.3591,0.1938,-0.5234,0.7172,0,0,0,,,,,0.15,,,,0.92,0.988,0.798,0.905,0.744,0.731,2019-08-23,2019-07-23,2019-04-25,2019-08-14,2019-05-29,2019-04-01,0.942,0.93,0.924,0.87,0.906,0.912,2019-08-23,2019-08-09,2019-08-06,2019-08-16,2019-08-07,2019-08-05,1952167,1610166,921666,-30.66,26.23,-8.77,-0.001,0.05,0.058,-0.01,0.049,-0.008,-0.00082,0.0502,0.04787,0.00476,0.05036,-0.006,71.693,79.365,49.874,69.841,17.123,13.381,76.19,36.0,32.0,8.696,20.0,7.692,52.941,40.0,38.462,45.714,19.444,28.125,2019-08-26,2019-07-22,2019-07-15,2019-08-16,2019-07-19,2019-06-04,2019-08-23,2019-08-21,2019-08-13,2019-08-22,2019-08-16,2019-08-05,2019-08-23,2019-08-09,2019-08-06,2019-08-14,2019-08-07,2019-08-02,2019-08-26,2019-08-09,2019-08-02,2019-08-27,2019-08-15,2019-08-05,0,0,0,1,0,1,1,0,1,0,1,0,0,0,0,1,0,1,0,0,0,1,0,1,0,0,,,,,n2p,n2p,p2p,p2n,n2p,Life.BullStart,Life.Bull,Life.BullRetrace,Life.BullEnd,Life.BearStart,,
2019-08-28,0.91243,,,0.9,,0.92301,0.90533,0.86152,0.79012,0.91886,0.9228,-0.00394,-0.00168,-0.00225,,,-1.14,0.11,-0.66,57.19,-2.98,1.17,-2.67,2.6,7.0,4.0,8.0,74.0,7.0,6.0,8.0,9.0,-0.0,-0.006,0.00686,-0.00729,0.94118,48.48485,,48.485,2.77085,42.85714,50.79365,42.857,,12.22222,32.50441,12.222,,1.1521,0.6149,1.3289,0.1768,-0.5372,0.714,0,0,0,,,,,0.15,,,,0.92,0.988,0.798,0.905,0.744,0.731,2019-08-23,2019-07-23,2019-04-25,2019-08-14,2019-05-29,2019-04-01,0.942,0.93,0.924,0.9,0.87,0.906,2019-08-23,2019-08-09,2019-08-06,2019-08-28,2019-08-16,2019-08-07,1610166,921666,1087166,26.23,-8.77,-19.29,-0.001,0.05,0.058,-0.01,0.049,-0.008,-0.00082,0.0502,0.04787,0.00476,0.05036,-0.006,71.693,79.365,49.874,12.222,69.841,17.123,76.19,36.0,32.0,42.857,8.696,20.0,48.485,52.941,40.0,45.714,19.444,28.125,2019-08-26,2019-07-22,2019-07-15,2019-08-16,2019-07-19,2019-06-04,2019-08-23,2019-08-21,2019-08-13,2019-08-28,2019-08-22,2019-08-16,2019-08-23,2019-08-09,2019-08-06,2019-08-28,2019-08-14,2019-08-07,2019-08-28,2019-08-26,2019-08-09,2019-08-27,2019-08-15,2019-08-05,0,0,0,1,0,1,0,0,1,0,1,0,0,0,1,0,0,1,0,1,0,0,0,1,0,0,,,,,n2p,n2p,p2p,p2n,n2p,Life.BullStart,Life.Bull,Life.BullRetrace,Life.BullEnd,Life.BearStart,,
2019-08-29,0.90871,,,,,0.9217,0.90535,0.8624,0.79127,0.91688,0.92156,-0.00467,-0.00228,-0.00239,,,-0.74,0.11,-0.66,57.19,-2.98,1.17,-2.67,2.6,6.0,4.0,8.0,74.0,7.0,6.0,8.0,9.0,0.006,0.0,0.006,-0.00729,0.82353,45.16129,,,-3.32371,47.61905,46.03175,,,13.88889,18.95062,,,1.1408,0.593,1.3043,0.1635,-0.5478,0.7113,0,0,0,,,,,0.15,,,,0.92,0.988,0.798,0.905,0.744,0.731,2019-08-23,2019-07-23,2019-04-25,2019-08-14,2019-05-29,2019-04-01,0.942,0.93,0.924,0.9,0.87,0.906,2019-08-23,2019-08-09,2019-08-06,2019-08-28,2019-08-16,2019-08-07,921666,1087166,925000,-8.77,-19.29,-18.93,-0.001,0.05,0.058,-0.01,0.049,-0.008,-0.00082,0.0502,0.04787,0.00476,0.05036,-0.006,71.693,79.365,49.874,12.222,69.841,17.123,76.19,36.0,32.0,42.857,8.696,20.0,48.485,52.941,40.0,45.714,19.444,28.125,2019-08-26,2019-07-22,2019-07-15,2019-08-16,2019-07-19,2019-06-04,2019-08-23,2019-08-21,2019-08-13,2019-08-28,2019-08-22,2019-08-16,2019-08-23,2019-08-09,2019-08-06,2019-08-28,2019-08-14,2019-08-07,2019-08-28,2019-08-26,2019-08-09,2019-08-27,2019-08-15,2019-08-05,0,0,0,1,0,1,0,0,1,0,1,0,0,0,1,0,0,1,0,1,0,0,0,1,0,0,,,,,n2p,n2p,p2p,p2n,n2p,Life.BullStart,Life.Bull,Life.BullRetrace,Life.BullEnd,Life.BearStart,,
2019-08-30,0.90557,,,,0.912,0.92096,0.90562,0.86338,0.79248,0.91613,0.92085,-0.00471,-0.00277,-0.00195,,,-0.39,0.11,-0.66,57.19,-2.98,1.17,-2.67,2.6,5.0,4.0,8.0,74.0,7.0,6.0,8.0,9.0,0.006,0.0,0.006,-0.00729,0.82353,45.16129,45.161,,-3.32371,52.38095,47.61905,,52.381,34.72222,20.27778,,34.722,1.1314,0.5758,1.2848,0.1534,-0.5556,0.709,0,0,0,,,,,0.15,,,,0.92,0.988,0.798,0.905,0.744,0.731,2019-08-23,2019-07-23,2019-04-25,2019-08-14,2019-05-29,2019-04-01,0.912,0.942,0.93,0.9,0.87,0.906,2019-08-30,2019-08-23,2019-08-09,2019-08-28,2019-08-16,2019-08-07,1087166,925000,2421333,-19.29,-18.93,51.12,-0.001,0.05,0.058,-0.01,0.049,-0.008,-0.00082,0.0502,0.04787,0.00476,0.05036,-0.006,34.722,71.693,79.365,12.222,69.841,17.123,52.381,76.19,36.0,42.857,8.696,20.0,48.485,52.941,40.0,45.161,45.714,19.444,2019-08-26,2019-07-22,2019-07-15,2019-08-16,2019-07-19,2019-06-04,2019-08-30,2019-08-23,2019-08-21,2019-08-28,2019-08-22,2019-08-16,2019-08-30,2019-08-23,2019-08-09,2019-08-28,2019-08-14,2019-08-07,2019-08-28,2019-08-26,2019-08-09,2019-08-30,2019-08-27,2019-08-15,0,0,0,1,1,0,0,0,1,0,1,0,1,0,1,0,0,0,0,1,0,0,0,0,0,0,2421333.0,,,,n2p,p2p,p2n,n2p,n2p,Life.BullStart,Life.Bull,Life.BullRetrace,Life.BullEnd,Life.BearStart,,
2019-09-03,0.90335,,,0.888,,0.91842,0.90492,0.86387,0.79343,0.9118,0.91841,-0.00661,-0.00354,-0.00307,,,-0.15,0.11,-0.66,57.19,-2.98,1.17,-2.67,2.6,3.0,4.0,8.0,74.0,7.0,6.0,8.0,9.0,-0.0,-0.024,0.006,-0.00686,0.875,46.66667,,,1.50567,33.33333,44.44444,33.333,,33.33333,27.31481,33.333,,1.1149,0.5455,1.2499,0.135,-0.5694,0.7044,0,0,0,,,,,0.15,,,,0.92,0.988,0.798,0.905,0.744,0.731,2019-08-23,2019-07-23,2019-04-25,2019-08-14,2019-05-29,2019-04-01,0.912,0.942,0.93,0.888,0.9,0.87,2019-08-30,2019-08-23,2019-08-09,2019-09-03,2019-08-28,2019-08-16,925000,2421333,971500,-18.93,51.12,-2.61,-0.001,0.05,0.058,-0.01,0.049,-0.008,-0.00082,0.0502,0.04787,0.00476,0.05036,-0.006,34.722,71.693,79.365,33.333,12.222,69.841,52.381,76.19,36.0,33.333,42.857,8.696,48.485,52.941,40.0,45.161,45.714,19.444,2019-08-26,2019-07-22,2019-07-15,2019-08-16,2019-07-19,2019-06-04,2019-08-30,2019-08-23,2019-08-21,2019-09-03,2019-08-28,2019-08-22,2019-08-30,2019-08-23,2019-08-09,2019-09-03,2019-08-28,2019-08-14,2019-08-28,2019-08-26,2019-08-09,2019-08-30,2019-08-27,2019-08-15,0,0,0,1,1,0,0,0,1,0,1,0,1,0,0,0,0,0,0,0,0,0,0,0,0,0,,,-971500.0,,p2p,p2n,n2p,n2p,p2n,Life.BullStart,Life.Bull,Life.BullRetrace,Life.BullEnd,Life.BearStart,,
2019-09-04,0.9022,,,,0.906,0.91747,0.90497,0.8647,0.79455,0.91091,0.91749,-0.00658,-0.00415,-0.00244,,,-0.02,0.11,-0.66,57.19,-2.98,1.17,-2.67,2.6,2.0,4.0,8.0,74.0,7.0,6.0,8.0,9.0,0.018,0.0,0.00729,-0.006,1.21429,54.83871,,,9.67771,47.61905,44.44444,,47.619,44.04762,37.36772,,44.048,1.1042,0.5277,1.2292,0.125,-0.5765,0.7015,0,0,0,,,,,0.15,,,,0.92,0.988,0.798,0.905,0.744,0.731,2019-08-23,2019-07-23,2019-04-25,2019-08-14,2019-05-29,2019-04-01,0.906,0.912,0.942,0.888,0.9,0.87,2019-09-04,2019-08-30,2019-08-23,2019-09-03,2019-08-28,2019-08-16,2421333,971500,1395333,51.12,-2.61,10.89,-0.001,0.05,0.058,-0.01,0.049,-0.008,-0.00082,0.0502,0.04787,0.00476,0.05036,-0.006,44.048,34.722,71.693,33.333,12.222,69.841,47.619,52.381,76.19,33.333,42.857,8.696,48.485,52.941,40.0,45.161,45.714,19.444,2019-08-26,2019-07-22,2019-07-15,2019-08-16,2019-07-19,2019-06-04,2019-09-04,2019-08-30,2019-08-23,2019-09-03,2019-08-28,2019-08-22,2019-09-04,2019-08-30,2019-08-23,2019-09-03,2019-08-28,2019-08-14,2019-08-28,2019-08-26,2019-08-09,2019-08-30,2019-08-27,2019-08-15,0,0,0,1,1,0,0,0,1,0,1,0,0,0,0,0,1,0,0,0,0,0,0,0,0,0,,,,,p2p,p2n,n2p,n2p,p2n,Life.BullStart,Life.Bull,Life.BullRetrace,Life.BullEnd,Life.BearStart,,
2019-09-05,0.90193,,,0.894,,0.91566,0.90454,0.86528,0.79554,0.90831,0.91575,-0.00744,-0.00481,-0.00264,,,0.01,0.11,-0.66,57.19,-2.98,1.17,-2.67,2.6,1.0,4.0,8.0,74.0,7.0,6.0,8.0,9.0,-0.0,-0.012,0.00729,-0.00557,1.30769,56.66667,,,11.50567,38.09524,39.68254,38.095,,32.7381,36.70635,32.738,,1.09,0.5038,1.2012,0.1112,-0.5862,0.6974,0,0,0,,,,,0.15,,,,0.92,0.988,0.798,0.905,0.744,0.731,2019-08-23,2019-07-23,2019-04-25,2019-08-14,2019-05-29,2019-04-01,0.906,0.912,0.942,0.894,0.888,0.9,2019-09-04,2019-08-30,2019-08-23,2019-09-05,2019-09-03,2019-08-28,971500,1395333,899833,-2.61,10.89,-31.78,-0.001,0.05,0.058,-0.01,0.049,-0.008,-0.00082,0.0502,0.04787,0.00476,0.05036,-0.006,44.048,34.722,71.693,32.738,33.333,12.222,47.619,52.381,76.19,38.095,33.333,42.857,48.485,52.941,40.0,45.161,45.714,19.444,2019-08-26,2019-07-22,2019-07-15,2019-08-16,2019-07-19,2019-06-04,2019-09-04,2019-08-30,2019-08-23,2019-09-05,2019-09-03,2019-08-28,2019-09-04,2019-08-30,2019-08-23,2019-09-05,2019-09-03,2019-08-28,2019-08-28,2019-08-26,2019-08-09,2019-08-30,2019-08-27,2019-08-15,0,0,0,1,1,0,0,0,1,0,1,0,0,0,0,0,1,0,0,0,0,0,0,0,0,0,,,-899833.0,,p2n,n2p,n2p,p2n,p2n,Life.BullStart,Life.Bull,Life.BullRetrace,Life.BullEnd,Life.BearStart,,
2019-09-06,0.90218,0.902,,,0.906,0.91492,0.90459,0.86609,0.79663,0.90795,0.91503,-0.00708,-0.00526,-0.00182,,,0.09,-0.66,57.19,-2.98,1.17,-2.67,2.6,-38.06,4.0,8.0,74.0,7.0,6.0,8.0,9.0,24.0,0.012,0.0,0.00814,-0.00557,1.46154,59.375,,59.375,14.214,38.88889,41.53439,,38.889,47.61905,41.46825,,47.619,1.0796,0.4883,1.1829,0.1033,-0.5913,0.6946,0,0,0,,,,,0.15,,,,0.92,0.988,0.798,0.902,0.905,0.744,2019-08-23,2019-07-23,2019-04-25,2019-09-06,2019-08-14,2019-05-29,0.906,0.906,0.912,0.894,0.888,0.9,2019-09-06,2019-09-04,2019-08-30,2019-09-05,2019-09-03,2019-08-28,1395333,899833,1577500,10.89,-31.78,18.55,-0.001,0.05,0.058,-0.01,0.049,-0.008,-0.00082,0.0502,0.04787,0.00476,0.05036,-0.006,47.619,44.048,34.722,32.738,33.333,12.222,38.889,47.619,52.381,38.095,33.333,42.857,59.375,48.485,52.941,45.161,45.714,19.444,2019-08-26,2019-07-22,2019-07-15,2019-08-16,2019-07-19,2019-06-04,2019-09-06,2019-09-04,2019-08-30,2019-09-05,2019-09-03,2019-08-28,2019-09-06,2019-09-04,2019-08-30,2019-09-05,2019-09-03,2019-08-28,2019-09-06,2019-08-28,2019-08-26,2019-08-30,2019-08-27,2019-08-15,0,0,0,0,1,0,0,0,1,0,1,0,0,1,0,0,1,0,0,0,0,1,0,0,0,0,1577500.0,,,,n2p,n2p,p2n,p2n,n2p,Life.BullStart,Life.Bull,Life.BullRetrace,Life.BullEnd,Life.BearStart,,
2019-09-10,0.90251,,,0.894,,0.91331,0.90418,0.86664,0.7976,0.90581,0.91347,-0.00767,-0.00574,-0.00193,,,0.05,-0.66,57.19,-2.98,1.17,-2.67,2.6,-38.06,2.0,8.0,74.0,7.0,6.0,8.0,9.0,24.0,-0.0,-0.012,0.00386,-0.00643,0.6,37.5,37.5,,-21.875,13.33333,30.10582,13.333,,38.09524,39.48413,38.095,,1.0658,0.4667,1.1571,0.0913,-0.5991,0.6904,0,0,0,,,,,0.15,,,,0.92,0.988,0.798,0.902,0.905,0.744,2019-08-23,2019-07-23,2019-04-25,2019-09-06,2019-08-14,2019-05-29,0.906,0.906,0.912,0.894,0.894,0.888,2019-09-06,2019-09-04,2019-08-30,2019-09-10,2019-09-05,2019-09-03,899833,1577500,673500,-31.78,18.55,-18.64,-0.001,0.05,0.058,-0.01,0.049,-0.008,-0.00082,0.0502,0.04787,0.00476,0.05036,-0.006,47.619,44.048,34.722,38.095,32.738,33.333,38.889,47.619,52.381,13.333,38.095,33.333,59.375,48.485,52.941,37.5,45.161,45.714,2019-08-26,2019-07-22,2019-07-15,2019-08-16,2019-07-19,2019-06-04,2019-09-06,2019-09-04,2019-08-30,2019-09-10,2019-09-05,2019-09-03,2019-09-06,2019-09-04,2019-08-30,2019-09-10,2019-09-05,2019-09-03,2019-09-06,2019-08-28,2019-08-26,2019-09-10,2019-08-30,2019-08-27,0,0,0,0,1,0,0,1,1,0,1,0,0,1,0,1,1,0,1,0,0,1,1,0,0,0,,,,,n2p,n2p,p2n,p2n,n2p,Life.BullStart,Life.Bull,Life.BullRetrace,Life.BullEnd,Life.BearStart,,
2019-09-11,0.9027,,,,,0.91228,0.90401,0.8673,0.79862,0.90491,0.91248,-0.00756,-0.00611,-0.00146,-0.008,,0.03,-0.66,57.19,-2.98,1.17,-2.67,2.6,-38.06,1.0,8.0,74.0,7.0,6.0,8.0,9.0,24.0,0.006,0.0,0.00429,-0.00643,0.66667,40.0,,,2.5,23.07692,25.09972,,,39.68254,41.79894,,,1.0539,0.4498,1.1366,0.0827,-0.6041,0.6868,0,0,0,,,,,0.15,,,,0.92,0.988,0.798,0.902,0.905,0.744,2019-08-23,2019-07-23,2019-04-25,2019-09-06,2019-08-14,2019-05-29,0.906,0.906,0.912,0.894,0.894,0.888,2019-09-06,2019-09-04,2019-08-30,2019-09-10,2019-09-05,2019-09-03,1577500,673500,507000,18.55,-18.64,-12.47,-0.001,0.05,0.058,-0.008,-0.01,0.049,-0.00082,0.0502,0.04787,-0.00611,0.00476,0.05036,47.619,44.048,34.722,38.095,32.738,33.333,38.889,47.619,52.381,13.333,38.095,33.333,59.375,48.485,52.941,37.5,45.161,45.714,2019-08-26,2019-07-22,2019-07-15,2019-09-11,2019-08-16,2019-07-19,2019-09-06,2019-09-04,2019-08-30,2019-09-10,2019-09-05,2019-09-03,2019-09-06,2019-09-04,2019-08-30,2019-09-10,2019-09-05,2019-09-03,2019-09-06,2019-08-28,2019-08-26,2019-09-10,2019-08-30,2019-08-27,0,0,0,0,1,0,0,1,1,0,0,0,0,1,0,1,1,0,1,0,0,1,1,0,0,0,,,,,n2p,n2p,p2n,p2n,n2p,Life.BullStart,Life.Bull,Life.BullRetrace,Life.BullEnd,Life.BearStart,,
2019-09-12,0.9027,,0.903,,,0.91226,0.90433,0.86819,0.79975,0.906,0.91244,-0.00644,-0.00617,-0.00026,,,-0.63,57.19,-2.98,1.17,-2.67,2.6,-38.06,42.29,8.0,74.0,7.0,6.0,8.0,9.0,24.0,35.0,0.012,0.0,0.00471,-0.00643,0.73333,42.30769,,,4.80769,38.46154,24.95726,,,42.85714,40.21164,,,1.0458,0.4407,1.1251,0.0793,-0.6051,0.6844,0,0,0,,,,,0.15,,,,0.903,0.92,0.988,0.902,0.905,0.744,2019-09-12,2019-08-23,2019-07-23,2019-09-06,2019-08-14,2019-05-29,0.906,0.906,0.912,0.894,0.894,0.888,2019-09-06,2019-09-04,2019-08-30,2019-09-10,2019-09-05,2019-09-03,673500,507000,447333,-18.64,-12.47,-40.98,-0.001,0.05,0.058,-0.008,-0.01,0.049,-0.00082,0.0502,0.04787,-0.00611,0.00476,0.05036,47.619,44.048,34.722,38.095,32.738,33.333,38.889,47.619,52.381,13.333,38.095,33.333,59.375,48.485,52.941,37.5,45.161,45.714,2019-08-26,2019-07-22,2019-07-15,2019-09-11,2019-08-16,2019-07-19,2019-09-06,2019-09-04,2019-08-30,2019-09-10,2019-09-05,2019-09-03,2019-09-06,2019-09-04,2019-08-30,2019-09-10,2019-09-05,2019-09-03,2019-09-06,2019-08-28,2019-08-26,2019-09-10,2019-08-30,2019-08-27,1,0,0,0,1,0,0,1,1,0,0,0,0,1,0,1,1,0,1,0,0,1,1,0,0,0,,,,,n2p,n2p,p2n,p2n,n2p,Life.BullStart,Life.Bull,Life.BullRetrace,Life.BullEnd,Life.BearStart,,
2019-09-13,0.90249,,,,0.918,0.9127,0.90486,0.86917,0.80093,0.90785,0.91285,-0.005,-0.00594,0.00094,,,-0.61,57.19,-2.98,1.17,-2.67,2.6,-38.06,42.29,7.0,74.0,7.0,6.0,8.0,9.0,24.0,35.0,0.006,0.0,0.00514,-0.00643,0.8,44.44444,,44.444,6.94444,46.15385,35.89744,,46.154,54.16667,45.56878,,,1.0393,0.4353,1.1177,0.0784,-0.604,0.6824,0,0,0,,,,,0.15,,,,0.903,0.92,0.988,0.902,0.905,0.744,2019-09-12,2019-08-23,2019-07-23,2019-09-06,2019-08-14,2019-05-29,0.918,0.906,0.906,0.894,0.894,0.888,2019-09-13,2019-09-06,2019-09-04,2019-09-10,2019-09-05,2019-09-03,507000,447333,1813833,-12.47,-40.98,70.05,-0.001,0.05,0.058,-0.008,-0.01,0.049,-0.00082,0.0502,0.04787,-0.00611,0.00476,0.05036,47.619,44.048,34.722,38.095,32.738,33.333,46.154,38.889,47.619,13.333,38.095,33.333,44.444,59.375,48.485,37.5,45.161,45.714,2019-08-26,2019-07-22,2019-07-15,2019-09-11,2019-08-16,2019-07-19,2019-09-06,2019-09-04,2019-08-30,2019-09-10,2019-09-05,2019-09-03,2019-09-13,2019-09-06,2019-09-04,2019-09-10,2019-09-05,2019-09-03,2019-09-13,2019-09-06,2019-08-28,2019-09-10,2019-08-30,2019-08-27,1,0,0,0,0,1,0,1,1,0,0,0,0,1,0,1,0,0,1,0,1,0,1,0,0,0,1813833.0,,,,n2p,p2n,p2n,n2p,n2p,Life.BullStart,Life.Bull,Life.BullRetrace,Life.BullEnd,Life.BearStart,,
2019-09-17,0.9019,,,,,0.91219,0.90491,0.8699,0.80197,0.90757,0.91234,-0.00478,-0.00571,0.00093,,-0.005,-0.54,57.19,-2.98,1.17,-2.67,2.6,-38.06,42.29,5.0,74.0,7.0,6.0,8.0,9.0,24.0,35.0,-0.0,-0.012,0.00471,-0.00729,0.64706,39.28571,39.286,,-5.15829,44.44444,43.01994,,,55.55556,50.85979,,55.556,1.0294,0.4229,1.1022,0.0728,-0.6065,0.6793,0,0,0,,,,,0.15,,,,0.903,0.92,0.988,0.902,0.905,0.744,2019-09-12,2019-08-23,2019-07-23,2019-09-06,2019-08-14,2019-05-29,0.918,0.906,0.906,0.894,0.894,0.888,2019-09-13,2019-09-06,2019-09-04,2019-09-10,2019-09-05,2019-09-03,447333,1813833,695000,-40.98,70.05,6.79,-0.005,-0.001,0.05,-0.008,-0.01,0.049,-0.00571,-0.00082,0.0502,-0.00611,0.00476,0.05036,55.556,47.619,44.048,38.095,32.738,33.333,46.154,38.889,47.619,13.333,38.095,33.333,44.444,59.375,48.485,39.286,37.5,45.161,2019-09-17,2019-08-26,2019-07-22,2019-09-11,2019-08-16,2019-07-19,2019-09-17,2019-09-06,2019-09-04,2019-09-10,2019-09-05,2019-09-03,2019-09-13,2019-09-06,2019-09-04,2019-09-10,2019-09-05,2019-09-03,2019-09-13,2019-09-06,2019-08-28,2019-09-17,2019-09-10,2019-08-30,1,0,0,0,0,1,0,1,1,0,0,0,0,1,0,1,0,0,1,0,1,0,0,0,0,0,,,,,n2p,p2n,p2n,n2p,n2p,Life.BullStart,Life.Bull,Life.BullRetrace,Life.BullEnd,Life.BearStart,,
2019-09-18,0.90091,,,,,0.91079,0.90448,0.87038,0.80289,0.90548,0.91099,-0.00551,-0.00567,0.00016,,,-0.43,57.19,-2.98,1.17,-2.67,2.6,-38.06,42.29,4.0,74.0,7.0,6.0,8.0,9.0,24.0,35.0,-0.0,-0.012,0.00471,-0.00686,0.6875,40.74074,,,1.45474,22.22222,37.60684,,,37.5,49.07407,,,1.0159,0.4041,1.079,0.0631,-0.6118,0.6749,0,0,0,,,,,0.15,,,,0.903,0.92,0.988,0.902,0.905,0.744,2019-09-12,2019-08-23,2019-07-23,2019-09-06,2019-08-14,2019-05-29,0.918,0.906,0.906,0.894,0.894,0.888,2019-09-13,2019-09-06,2019-09-04,2019-09-10,2019-09-05,2019-09-03,1813833,695000,1974000,70.05,6.79,51.64,-0.005,-0.001,0.05,-0.008,-0.01,0.049,-0.00571,-0.00082,0.0502,-0.00611,0.00476,0.05036,55.556,47.619,44.048,38.095,32.738,33.333,46.154,38.889,47.619,13.333,38.095,33.333,44.444,59.375,48.485,39.286,37.5,45.161,2019-09-17,2019-08-26,2019-07-22,2019-09-11,2019-08-16,2019-07-19,2019-09-17,2019-09-06,2019-09-04,2019-09-10,2019-09-05,2019-09-03,2019-09-13,2019-09-06,2019-09-04,2019-09-10,2019-09-05,2019-09-03,2019-09-13,2019-09-06,2019-08-28,2019-09-17,2019-09-10,2019-08-30,1,0,0,0,0,1,0,1,1,0,0,0,0,1,0,1,0,0,1,0,1,0,0,0,0,0,,-1974000.0,,,p2n,p2n,n2p,n2p,p2p,Life.BullStart,Life.Bull,Life.BullRetrace,Life.BullEnd,Life.BearStart,,
2019-09-19,0.89958,,,,,0.9095,0.90407,0.87085,0.80379,0.90371,0.90973,-0.00602,-0.00574,-0.00028,,,-0.29,57.19,-2.98,1.17,-2.67,2.6,-38.06,42.29,3.0,74.0,7.0,6.0,8.0,9.0,24.0,35.0,0.0,0.0,0.00471,-0.00557,0.84615,45.83333,,,6.54733,22.22222,29.62963,,,20.83333,37.96296,,,1.0028,0.3865,1.0571,0.0543,-0.6163,0.6706,0,0,0,,,,,0.15,,,,0.903,0.92,0.988,0.902,0.905,0.744,2019-09-12,2019-08-23,2019-07-23,2019-09-06,2019-08-14,2019-05-29,0.918,0.906,0.906,0.894,0.894,0.888,2019-09-13,2019-09-06,2019-09-04,2019-09-10,2019-09-05,2019-09-03,695000,1974000,1243666,6.79,51.64,-12.72,-0.005,-0.001,0.05,-0.008,-0.01,0.049,-0.00571,-0.00082,0.0502,-0.00611,0.00476,0.05036,55.556,47.619,44.048,38.095,32.738,33.333,46.154,38.889,47.619,13.333,38.095,33.333,44.444,59.375,48.485,39.286,37.5,45.161,2019-09-17,2019-08-26,2019-07-22,2019-09-11,2019-08-16,2019-07-19,2019-09-17,2019-09-06,2019-09-04,2019-09-10,2019-09-05,2019-09-03,2019-09-13,2019-09-06,2019-09-04,2019-09-10,2019-09-05,2019-09-03,2019-09-13,2019-09-06,2019-08-28,2019-09-17,2019-09-10,2019-08-30,1,0,0,0,0,1,0,1,1,0,0,0,0,1,0,1,0,0,1,0,1,0,0,0,0,0,,,1243666.0,,p2n,n2p,n2p,p2p,p2n,Life.BullStart,Life.Bull,Life.BullRetrace,Life.BullEnd,Life.BearStart,,
2019-09-20,0.8982,,,,,0.90831,0.90367,0.87131,0.80469,0.90222,0.90856,-0.00634,-0.00586,-0.00049,,,-0.13,57.19,-2.98,1.17,-2.67,2.6,-38.06,42.29,2.0,74.0,7.0,6.0,8.0,9.0,24.0,35.0,0.0,0.0,0.00471,-0.00514,0.91667,47.82609,,47.826,8.54009,22.22222,22.22222,,,12.5,23.61111,12.5,,0.9898,0.37,1.0362,0.0464,-0.6198,0.6662,0,0,0,,,,,0.15,,,,0.903,0.92,0.988,0.902,0.905,0.744,2019-09-12,2019-08-23,2019-07-23,2019-09-06,2019-08-14,2019-05-29,0.918,0.906,0.906,0.894,0.894,0.888,2019-09-13,2019-09-06,2019-09-04,2019-09-10,2019-09-05,2019-09-03,1974000,1243666,883500,51.64,-12.72,4.82,-0.005,-0.001,0.05,-0.008,-0.01,0.049,-0.00571,-0.00082,0.0502,-0.00611,0.00476,0.05036,55.556,47.619,44.048,12.5,38.095,32.738,46.154,38.889,47.619,13.333,38.095,33.333,47.826,44.444,59.375,39.286,37.5,45.161,2019-09-17,2019-08-26,2019-07-22,2019-09-11,2019-08-16,2019-07-19,2019-09-17,2019-09-06,2019-09-04,2019-09-20,2019-09-10,2019-09-05,2019-09-13,2019-09-06,2019-09-04,2019-09-10,2019-09-05,2019-09-03,2019-09-20,2019-09-13,2019-09-06,2019-09-17,2019-09-10,2019-08-30,1,0,0,0,0,1,0,1,1,0,0,0,0,1,1,0,0,0,1,0,0,0,0,0,0,0,,,,,p2n,n2p,n2p,p2p,p2n,Life.BullStart,Life.Bull,Life.BullRetrace,Life.BullEnd,Life.BearStart,,
2019-09-23,0.89726,,,0.894,,0.90721,0.9033,0.87176,0.80558,0.90095,0.90748,-0.00653,-0.00599,-0.00054,-0.007,,-0.03,57.19,-2.98,1.17,-2.67,2.6,-38.06,42.29,1.0,74.0,7.0,6.0,8.0,9.0,24.0,35.0,0.0,0.0,0.00429,-0.00514,0.83333,45.45455,45.455,,-2.37145,22.22222,22.22222,22.222,,15.0,16.11111,,,0.9772,0.3545,1.0163,0.0391,-0.6227,0.6618,0,0,0,,,,,0.15,,,,0.903,0.92,0.988,0.902,0.905,0.744,2019-09-12,2019-08-23,2019-07-23,2019-09-06,2019-08-14,2019-05-29,0.918,0.906,0.906,0.894,0.894,0.894,2019-09-13,2019-09-06,2019-09-04,2019-09-23,2019-09-10,2019-09-05,1243666,883500,531166,-12.72,4.82,-35.18,-0.005,-0.001,0.05,-0.007,-0.008,-0.01,-0.00571,-0.00082,0.0502,-0.00599,-0.00611,0.00476,55.556,47.619,44.048,12.5,38.095,32.738,46.154,38.889,47.619,22.222,13.333,38.095,47.826,44.444,59.375,45.455,39.286,37.5,2019-09-17,2019-08-26,2019-07-22,2019-09-23,2019-09-11,2019-08-16,2019-09-17,2019-09-06,2019-09-04,2019-09-20,2019-09-10,2019-09-05,2019-09-13,2019-09-06,2019-09-04,2019-09-23,2019-09-10,2019-09-05,2019-09-20,2019-09-13,2019-09-06,2019-09-23,2019-09-17,2019-09-10,1,0,0,0,0,1,0,0,1,0,0,1,0,1,1,0,0,0,0,0,0,0,0,1,0,0,,,,,p2n,n2p,n2p,p2p,p2n,Life.BullStart,Life.Bull,Life.BullRetrace,Life.BullEnd,Life.BearStart,,
2019-09-24,0.89714,0.897,,,0.912,0.90757,0.90364,0.87255,0.80664,0.90265,0.90782,-0.00517,-0.00583,0.00066,,-0.005,57.17,-2.98,1.17,-2.67,2.6,-38.06,42.29,-2.96,74.0,7.0,6.0,8.0,9.0,24.0,35.0,14.0,0.018,0.0,0.00514,-0.00514,1.0,50.0,,,4.545,55.55556,33.33333,,55.556,33.05556,20.18519,,33.056,0.97,0.3502,1.0093,0.0393,-0.6198,0.6591,0,0,0,,,,,0.15,,,,0.903,0.92,0.988,0.897,0.902,0.905,2019-09-12,2019-08-23,2019-07-23,2019-09-24,2019-09-06,2019-08-14,0.912,0.918,0.906,0.894,0.894,0.894,2019-09-24,2019-09-13,2019-09-06,2019-09-23,2019-09-10,2019-09-05,883500,531166,2619167,4.82,-35.18,51.74,-0.005,-0.005,-0.001,-0.007,-0.008,-0.01,-0.00583,-0.00571,-0.00082,-0.00599,-0.00611,0.00476,33.056,55.556,47.619,12.5,38.095,32.738,55.556,46.154,38.889,22.222,13.333,38.095,47.826,44.444,59.375,45.455,39.286,37.5,2019-09-24,2019-09-17,2019-08-26,2019-09-23,2019-09-11,2019-08-16,2019-09-24,2019-09-17,2019-09-06,2019-09-20,2019-09-10,2019-09-05,2019-09-24,2019-09-13,2019-09-06,2019-09-23,2019-09-10,2019-09-05,2019-09-20,2019-09-13,2019-09-06,2019-09-23,2019-09-17,2019-09-10,1,0,1,0,0,0,0,0,1,0,0,1,1,0,1,0,0,1,0,0,0,0,0,1,0,0,2619167.0,,,,n2p,n2p,p2p,p2n,n2p,Life.BullStart,Life.Bull,Life.BullRetrace,Life.BullEnd,Life.BearStart,,
2019-09-25,0.898,,,,,0.90607,0.90302,0.87286,0.80745,0.9004,0.90635,-0.00595,-0.00585,-0.0001,,,57.01,-2.98,1.17,-2.67,2.6,-38.06,42.29,-2.96,73.0,7.0,6.0,8.0,9.0,24.0,35.0,14.0,-0.0,-0.024,0.00514,-0.00514,1.0,50.0,,50.0,4.545,0.0,25.92593,,,28.88889,25.64815,,,0.9557,0.3321,0.9862,0.0305,-0.6236,0.6541,0,0,0,,,,,0.15,,,,0.903,0.92,0.988,0.897,0.902,0.905,2019-09-12,2019-08-23,2019-07-23,2019-09-24,2019-09-06,2019-08-14,0.912,0.918,0.906,0.894,0.894,0.894,2019-09-24,2019-09-13,2019-09-06,2019-09-23,2019-09-10,2019-09-05,531166,2619167,1646666,-35.18,51.74,18.92,-0.005,-0.005,-0.001,-0.007,-0.008,-0.01,-0.00583,-0.00571,-0.00082,-0.00599,-0.00611,0.00476,33.056,55.556,47.619,12.5,38.095,32.738,55.556,46.154,38.889,22.222,13.333,38.095,50.0,47.826,44.444,45.455,39.286,37.5,2019-09-24,2019-09-17,2019-08-26,2019-09-23,2019-09-11,2019-08-16,2019-09-24,2019-09-17,2019-09-06,2019-09-20,2019-09-10,2019-09-05,2019-09-24,2019-09-13,2019-09-06,2019-09-23,2019-09-10,2019-09-05,2019-09-25,2019-09-20,2019-09-13,2019-09-23,2019-09-17,2019-09-10,1,0,1,0,0,0,0,0,1,0,0,1,1,0,1,0,0,1,0,0,0,1,0,1,0,0,,,,,n2p,n2p,p2p,p2n,n2p,Life.BullStart,Life.Bull,Life.BullRetrace,Life.BullEnd,Life.BearStart,,
2019-09-26,0.89971,,,,,0.90468,0.90243,0.87316,0.80825,0.89849,0.90499,-0.0065,-0.00598,-0.00052,,,56.72,-2.98,1.17,-2.67,2.6,-38.06,42.29,-2.96,72.0,7.0,6.0,8.0,9.0,24.0,35.0,14.0,0.0,0.0,0.00386,-0.00514,0.75,42.85714,42.857,,-7.14286,0.0,18.51852,0.0,,22.22222,28.05556,,,0.9418,0.3152,0.9643,0.0225,-0.6266,0.6491,0,0,0,,,,,0.15,,,,0.903,0.92,0.988,0.897,0.902,0.905,2019-09-12,2019-08-23,2019-07-23,2019-09-24,2019-09-06,2019-08-14,0.912,0.918,0.906,0.894,0.894,0.894,2019-09-24,2019-09-13,2019-09-06,2019-09-23,2019-09-10,2019-09-05,2619167,1646666,669333,51.74,18.92,2.88,-0.005,-0.005,-0.001,-0.007,-0.008,-0.01,-0.00583,-0.00571,-0.00082,-0.00599,-0.00611,0.00476,33.056,55.556,47.619,12.5,38.095,32.738,55.556,46.154,38.889,0.0,22.222,13.333,50.0,47.826,44.444,42.857,45.455,39.286,2019-09-24,2019-09-17,2019-08-26,2019-09-23,2019-09-11,2019-08-16,2019-09-24,2019-09-17,2019-09-06,2019-09-20,2019-09-10,2019-09-05,2019-09-24,2019-09-13,2019-09-06,2019-09-26,2019-09-23,2019-09-10,2019-09-25,2019-09-20,2019-09-13,2019-09-26,2019-09-23,2019-09-17,1,0,1,0,0,0,0,0,1,0,0,1,1,0,1,0,0,1,1,0,0,1,0,0,0,0,,,,,n2p,n2p,p2p,p2n,n2p,Life.BullStart,Life.Bull,Life.BullRetrace,Life.BullEnd,Life.BearStart,,
2019-09-27,0.90191,,,,,0.9034,0.90187,0.87345,0.80904,0.89688,0.90373,-0.00686,-0.00616,-0.0007,,,56.33,-2.98,1.17,-2.67,2.6,-38.06,42.29,-2.96,71.0,7.0,6.0,8.0,9.0,24.0,35.0,14.0,0.0,0.0,0.00386,-0.00429,0.9,47.36842,,47.368,4.51142,11.11111,3.7037,,,4.7619,18.62434,4.762,,0.9283,0.2995,0.9436,0.0153,-0.6288,0.6441,0,0,0,,,,,0.15,,,,0.903,0.92,0.988,0.897,0.902,0.905,2019-09-12,2019-08-23,2019-07-23,2019-09-24,2019-09-06,2019-08-14,0.912,0.918,0.906,0.894,0.894,0.894,2019-09-24,2019-09-13,2019-09-06,2019-09-23,2019-09-10,2019-09-05,1646666,669333,542000,18.92,2.88,-42.09,-0.005,-0.005,-0.001,-0.007,-0.008,-0.01,-0.00583,-0.00571,-0.00082,-0.00599,-0.00611,0.00476,33.056,55.556,47.619,4.762,12.5,38.095,55.556,46.154,38.889,0.0,22.222,13.333,47.368,50.0,47.826,42.857,45.455,39.286,2019-09-24,2019-09-17,2019-08-26,2019-09-23,2019-09-11,2019-08-16,2019-09-24,2019-09-17,2019-09-06,2019-09-27,2019-09-20,2019-09-10,2019-09-24,2019-09-13,2019-09-06,2019-09-26,2019-09-23,2019-09-10,2019-09-27,2019-09-25,2019-09-20,2019-09-26,2019-09-23,2019-09-17,1,0,1,0,0,0,0,0,1,0,0,1,1,0,1,0,0,1,1,0,1,0,0,0,0,0,,,542000.0,,n2p,p2p,p2n,n2p,p2n,Life.BullStart,Life.Bull,Life.BullRetrace,Life.BullEnd,Life.BearStart,,
2019-09-30,0.90423,,,0.888,,0.90221,0.90132,0.87374,0.80983,0.89551,0.90257,-0.00706,-0.00634,-0.00072,-0.007,,55.93,-2.98,1.17,-2.67,2.6,-38.06,42.29,-2.96,70.0,7.0,6.0,8.0,9.0,24.0,35.0,14.0,0.0,0.0,0.003,-0.00429,0.7,41.17647,41.176,,-6.19153,11.11111,7.40741,,,9.52381,12.16931,,,0.9149,0.2847,0.9238,0.0089,-0.6302,0.6391,0,0,0,,,,,0.15,,,,0.903,0.92,0.988,0.897,0.902,0.905,2019-09-12,2019-08-23,2019-07-23,2019-09-24,2019-09-06,2019-08-14,0.912,0.918,0.906,0.888,0.894,0.894,2019-09-24,2019-09-13,2019-09-06,2019-09-30,2019-09-23,2019-09-10,669333,542000,853166,2.88,-42.09,-27.76,-0.005,-0.005,-0.001,-0.007,-0.007,-0.008,-0.00583,-0.00571,-0.00082,-0.00634,-0.00599,-0.00611,33.056,55.556,47.619,4.762,12.5,38.095,55.556,46.154,38.889,0.0,22.222,13.333,47.368,50.0,47.826,41.176,42.857,45.455,2019-09-24,2019-09-17,2019-08-26,2019-09-30,2019-09-23,2019-09-11,2019-09-24,2019-09-17,2019-09-06,2019-09-27,2019-09-20,2019-09-10,2019-09-24,2019-09-13,2019-09-06,2019-09-26,2019-09-23,2019-09-10,2019-09-27,2019-09-25,2019-09-20,2019-09-30,2019-09-26,2019-09-23,1,0,1,0,0,0,1,0,1,0,0,1,1,0,1,0,0,1,1,0,1,0,1,0,0,0,,,,,n2p,p2p,p2n,n2p,p2n,Life.BullStart,Life.Bull,Life.BullRetrace,Life.BullEnd,Life.BearStart,,
2019-10-01,0.90636,,,,,0.90435,0.90245,0.87486,0.81103,0.90082,0.9046,-0.00378,-0.00583,0.00204,,,55.57,-2.98,1.17,-2.67,2.6,-38.06,42.29,-2.96,69.0,7.0,6.0,8.0,9.0,24.0,35.0,14.0,0.042,0.0,0.006,-0.00343,1.75,63.63636,,63.636,22.46036,88.88889,37.03704,,88.889,39.15344,17.81305,,,0.9142,0.2949,0.9332,0.019,-0.6193,0.6383,0,0,1,,,,,0.15,,,,0.903,0.92,0.988,0.897,0.902,0.905,2019-09-12,2019-08-23,2019-07-23,2019-09-24,2019-09-06,2019-08-14,0.912,0.918,0.906,0.888,0.894,0.894,2019-09-24,2019-09-13,2019-09-06,2019-09-30,2019-09-23,2019-09-10,542000,853166,6788168,-42.09,-27.76,296.38,-0.005,-0.005,-0.001,-0.007,-0.007,-0.008,-0.00583,-0.00571,-0.00082,-0.00634,-0.00599,-0.00611,33.056,55.556,47.619,4.762,12.5,38.095,88.889,55.556,46.154,0.0,22.222,13.333,63.636,47.368,50.0,41.176,42.857,45.455,2019-09-24,2019-09-17,2019-08-26,2019-09-30,2019-09-23,2019-09-11,2019-09-24,2019-09-17,2019-09-06,2019-09-27,2019-09-20,2019-09-10,2019-10-01,2019-09-24,2019-09-13,2019-09-26,2019-09-23,2019-09-10,2019-10-01,2019-09-27,2019-09-25,2019-09-30,2019-09-26,2019-09-23,1,0,1,0,0,0,1,0,1,0,0,1,1,0,1,0,0,1,1,0,0,1,1,0,0,0,6788168.0,,,,p2p,p2n,n2p,p2n,n2p,Life.BullStart,Life.Bull,Life.BullRetrace,Life.BullEnd,Life.BearStart,,
2019-10-02,0.90814,,,,0.93,0.90632,0.90353,0.87595,0.81221,0.90531,0.90648,-0.00117,-0.00489,0.00372,,,55.26,-2.98,1.17,-2.67,2.6,-38.06,42.29,-2.96,68.0,7.0,6.0,8.0,9.0,24.0,35.0,14.0,0.0,0.0,0.00557,-0.00343,1.625,61.90476,,,-1.73124,72.72727,57.57576,,,58.63396,35.7704,,,0.9132,0.3037,0.9411,0.0279,-0.6095,0.6374,1,0,1,0.15,,,,,,,,0.903,0.92,0.988,0.897,0.902,0.905,2019-09-12,2019-08-23,2019-07-23,2019-09-24,2019-09-06,2019-08-14,0.93,0.912,0.918,0.888,0.894,0.894,2019-10-02,2019-09-24,2019-09-13,2019-09-30,2019-09-23,2019-09-10,853166,6788168,6965168,-27.76,296.38,78.49,-0.005,-0.005,-0.001,-0.007,-0.007,-0.008,-0.00583,-0.00571,-0.00082,-0.00634,-0.00599,-0.00611,33.056,55.556,47.619,4.762,12.5,38.095,88.889,55.556,46.154,0.0,22.222,13.333,63.636,47.368,50.0,41.176,42.857,45.455,2019-09-24,2019-09-17,2019-08-26,2019-09-30,2019-09-23,2019-09-11,2019-09-24,2019-09-17,2019-09-06,2019-09-27,2019-09-20,2019-09-10,2019-10-01,2019-09-24,2019-09-13,2019-09-26,2019-09-23,2019-09-10,2019-10-01,2019-09-27,2019-09-25,2019-09-30,2019-09-26,2019-09-23,1,0,1,0,0,1,1,0,1,0,0,1,1,0,1,0,0,1,1,0,0,1,1,0,0,0,,,,,p2p,p2n,n2p,p2n,n2p,Life.Bull,Life.BullRetrace,Life.BullEnd,Life.BearStart,Life.BullStart,,
2019-10-03,0.9098,,,,,0.90722,0.9041,0.87678,0.81326,0.90726,0.90733,-7e-05,-0.00393,0.00386,,,54.98,-2.98,1.17,-2.67,2.6,-38.06,42.29,-2.96,67.0,7.0,6.0,8.0,9.0,24.0,35.0,14.0,-0.0,-0.012,0.00471,-0.00429,1.1,52.38095,,,-11.25505,54.54545,72.05387,,,72.05387,56.61376,,72.054,0.9084,0.3044,0.9396,0.0312,-0.604,0.6352,1,0,1,0.15,,,,,,,,0.903,0.92,0.988,0.897,0.902,0.905,2019-09-12,2019-08-23,2019-07-23,2019-09-24,2019-09-06,2019-08-14,0.93,0.912,0.918,0.888,0.894,0.894,2019-10-02,2019-09-24,2019-09-13,2019-09-30,2019-09-23,2019-09-10,6788168,6965168,3942667,296.38,78.49,21.15,-0.005,-0.005,-0.001,-0.007,-0.007,-0.008,-0.00583,-0.00571,-0.00082,-0.00634,-0.00599,-0.00611,72.054,33.056,55.556,4.762,12.5,38.095,88.889,55.556,46.154,0.0,22.222,13.333,63.636,47.368,50.0,41.176,42.857,45.455,2019-09-24,2019-09-17,2019-08-26,2019-09-30,2019-09-23,2019-09-11,2019-10-03,2019-09-24,2019-09-17,2019-09-27,2019-09-20,2019-09-10,2019-10-01,2019-09-24,2019-09-13,2019-09-26,2019-09-23,2019-09-10,2019-10-01,2019-09-27,2019-09-25,2019-09-30,2019-09-26,2019-09-23,1,0,1,0,0,1,1,0,1,0,0,1,0,1,1,0,0,1,1,0,0,1,1,0,0,0,,,,,p2p,p2n,n2p,p2n,n2p,Life.Bull,Life.BullRetrace,Life.BullEnd,Life.BearStart,Life.BullStart,,
2019-10-04,0.91183,,,,,0.90713,0.90417,0.87736,0.81419,0.90707,0.90724,-0.00017,-0.00318,0.00301,,,54.63,-2.98,1.17,-2.67,2.6,-38.06,42.29,-2.96,66.0,7.0,6.0,8.0,9.0,24.0,35.0,14.0,-0.0,-0.012,0.00429,-0.00514,0.83333,45.45455,45.455,,-18.18145,36.36364,54.54545,,,54.54545,61.74443,,,0.8998,0.2977,0.9294,0.0296,-0.6021,0.6317,0,0,0,,,,,0.15,,,,0.903,0.92,0.988,0.897,0.902,0.905,2019-09-12,2019-08-23,2019-07-23,2019-09-24,2019-09-06,2019-08-14,0.93,0.912,0.918,0.888,0.894,0.894,2019-10-02,2019-09-24,2019-09-13,2019-09-30,2019-09-23,2019-09-10,6965168,3942667,2600667,78.49,21.15,-23.66,-0.005,-0.005,-0.001,-0.007,-0.007,-0.008,-0.00583,-0.00571,-0.00082,-0.00634,-0.00599,-0.00611,72.054,33.056,55.556,4.762,12.5,38.095,88.889,55.556,46.154,0.0,22.222,13.333,63.636,47.368,50.0,45.455,41.176,42.857,2019-09-24,2019-09-17,2019-08-26,2019-09-30,2019-09-23,2019-09-11,2019-10-03,2019-09-24,2019-09-17,2019-09-27,2019-09-20,2019-09-10,2019-10-01,2019-09-24,2019-09-13,2019-09-26,2019-09-23,2019-09-10,2019-10-01,2019-09-27,2019-09-25,2019-10-04,2019-09-30,2019-09-26,1,0,1,0,0,1,1,0,1,0,0,1,0,1,1,0,0,1,1,0,0,1,0,1,0,0,,,-2600667.0,,p2n,n2p,p2n,n2p,p2n,Life.BullRetrace,Life.BullEnd,Life.BearStart,Life.BullStart,Life.BearStart,,
2019-10-07,0.91453,,,,,0.90704,0.90424,0.87793,0.8151,0.9069,0.90714,-0.00024,-0.00259,0.00235,,,54.18,-2.98,1.17,-2.67,2.6,-38.06,42.29,-2.96,65.0,7.0,6.0,8.0,9.0,24.0,35.0,14.0,0.0,0.0,0.00429,-0.00429,1.0,50.0,,,4.545,36.36364,42.42424,,,37.71044,54.76992,,,0.8914,0.2911,0.9194,0.028,-0.6003,0.6283,0,0,0,,,,,0.15,,,,0.903,0.92,0.988,0.897,0.902,0.905,2019-09-12,2019-08-23,2019-07-23,2019-09-24,2019-09-06,2019-08-14,0.93,0.912,0.918,0.888,0.894,0.894,2019-10-02,2019-09-24,2019-09-13,2019-09-30,2019-09-23,2019-09-10,3942667,2600667,3736834,21.15,-23.66,-23.9,-0.005,-0.005,-0.001,-0.007,-0.007,-0.008,-0.00583,-0.00571,-0.00082,-0.00634,-0.00599,-0.00611,72.054,33.056,55.556,4.762,12.5,38.095,88.889,55.556,46.154,0.0,22.222,13.333,63.636,47.368,50.0,45.455,41.176,42.857,2019-09-24,2019-09-17,2019-08-26,2019-09-30,2019-09-23,2019-09-11,2019-10-03,2019-09-24,2019-09-17,2019-09-27,2019-09-20,2019-09-10,2019-10-01,2019-09-24,2019-09-13,2019-09-26,2019-09-23,2019-09-10,2019-10-01,2019-09-27,2019-09-25,2019-10-04,2019-09-30,2019-09-26,1,0,1,0,0,1,1,0,1,0,0,1,0,1,1,0,0,1,1,0,0,1,0,1,0,0,,,,,p2n,n2p,p2n,n2p,p2n,Life.BullRetrace,Life.BullEnd,Life.BearStart,Life.BullStart,Life.BearStart,,
2019-10-08,0.91823,,,,,0.90696,0.90431,0.87848,0.816,0.90676,0.90706,-0.0003,-0.00213,0.00184,,,53.56,-2.98,1.17,-2.67,2.6,-38.06,42.29,-2.96,64.0,7.0,6.0,8.0,9.0,24.0,35.0,14.0,0.0,0.0,0.00429,-0.00343,1.25,55.55556,,,10.10056,36.36364,36.36364,,,23.69529,38.65039,,,0.8831,0.2848,0.9096,0.0265,-0.5983,0.6248,0,0,0,,,,,0.15,,,,0.903,0.92,0.988,0.897,0.902,0.905,2019-09-12,2019-08-23,2019-07-23,2019-09-24,2019-09-06,2019-08-14,0.93,0.912,0.918,0.888,0.894,0.894,2019-10-02,2019-09-24,2019-09-13,2019-09-30,2019-09-23,2019-09-10,2600667,3736834,775333,-23.66,-23.9,-30.81,-0.005,-0.005,-0.001,-0.007,-0.007,-0.008,-0.00583,-0.00571,-0.00082,-0.00634,-0.00599,-0.00611,72.054,33.056,55.556,4.762,12.5,38.095,88.889,55.556,46.154,0.0,22.222,13.333,63.636,47.368,50.0,45.455,41.176,42.857,2019-09-24,2019-09-17,2019-08-26,2019-09-30,2019-09-23,2019-09-11,2019-10-03,2019-09-24,2019-09-17,2019-09-27,2019-09-20,2019-09-10,2019-10-01,2019-09-24,2019-09-13,2019-09-26,2019-09-23,2019-09-10,2019-10-01,2019-09-27,2019-09-25,2019-10-04,2019-09-30,2019-09-26,1,0,1,0,0,1,1,0,1,0,0,1,0,1,1,0,0,1,1,0,0,1,0,1,0,0,,,,,p2n,n2p,p2n,n2p,p2n,Life.BullRetrace,Life.BullEnd,Life.BearStart,Life.BullStart,Life.BearStart,,
2019-10-09,0.92337,,,,,0.90689,0.90438,0.87903,0.8169,0.90665,0.90698,-0.00033,-0.00177,0.00144,,,52.7,-2.98,1.17,-2.67,2.6,-38.06,42.29,-2.96,63.0,7.0,6.0,8.0,9.0,24.0,35.0,14.0,0.0,0.0,0.00429,-0.00343,1.25,55.55556,,,10.10056,36.36364,36.36364,,,16.33598,25.9139,,,0.8748,0.2786,0.8999,0.0251,-0.5962,0.6213,0,0,0,,,,,0.15,,,,0.903,0.92,0.988,0.897,0.902,0.905,2019-09-12,2019-08-23,2019-07-23,2019-09-24,2019-09-06,2019-08-14,0.93,0.912,0.918,0.888,0.894,0.894,2019-10-02,2019-09-24,2019-09-13,2019-09-30,2019-09-23,2019-09-10,3736834,775333,1420000,-23.9,-30.81,-16.6,-0.005,-0.005,-0.001,-0.007,-0.007,-0.008,-0.00583,-0.00571,-0.00082,-0.00634,-0.00599,-0.00611,72.054,33.056,55.556,4.762,12.5,38.095,88.889,55.556,46.154,0.0,22.222,13.333,63.636,47.368,50.0,45.455,41.176,42.857,2019-09-24,2019-09-17,2019-08-26,2019-09-30,2019-09-23,2019-09-11,2019-10-03,2019-09-24,2019-09-17,2019-09-27,2019-09-20,2019-09-10,2019-10-01,2019-09-24,2019-09-13,2019-09-26,2019-09-23,2019-09-10,2019-10-01,2019-09-27,2019-09-25,2019-10-04,2019-09-30,2019-09-26,1,0,1,0,0,1,1,0,1,0,0,1,0,1,1,0,0,1,1,0,0,1,0,1,0,0,,,,,p2n,n2p,p2n,n2p,p2n,Life.BullRetrace,Life.BullEnd,Life.BearStart,Life.BullStart,Life.BearStart,,
2019-10-10,0.93035,,,0.906,,0.90682,0.90444,0.87956,0.81779,0.90655,0.90691,-0.00036,-0.00149,0.00113,,,51.56,-2.98,1.17,-2.67,2.6,-38.06,42.29,-2.96,62.0,7.0,6.0,8.0,9.0,24.0,35.0,14.0,0.0,0.0,0.00429,-0.00343,1.25,55.55556,,,10.10056,36.36364,36.36364,36.364,,14.48413,18.1718,14.484,,0.8665,0.2726,0.8903,0.0238,-0.5939,0.6177,0,0,0,,,,,0.15,,,,0.903,0.92,0.988,0.897,0.902,0.905,2019-09-12,2019-08-23,2019-07-23,2019-09-24,2019-09-06,2019-08-14,0.93,0.912,0.918,0.906,0.888,0.894,2019-10-02,2019-09-24,2019-09-13,2019-10-10,2019-09-30,2019-09-23,775333,1420000,1964500,-30.81,-16.6,-29.88,-0.005,-0.005,-0.001,-0.007,-0.007,-0.008,-0.00583,-0.00571,-0.00082,-0.00634,-0.00599,-0.00611,72.054,33.056,55.556,14.484,4.762,12.5,88.889,55.556,46.154,36.364,0.0,22.222,63.636,47.368,50.0,45.455,41.176,42.857,2019-09-24,2019-09-17,2019-08-26,2019-09-30,2019-09-23,2019-09-11,2019-10-03,2019-09-24,2019-09-17,2019-10-10,2019-09-27,2019-09-20,2019-10-01,2019-09-24,2019-09-13,2019-10-10,2019-09-26,2019-09-23,2019-10-01,2019-09-27,2019-09-25,2019-10-04,2019-09-30,2019-09-26,1,0,1,0,0,1,0,1,1,0,0,1,0,1,0,1,0,1,0,1,0,1,0,1,0,0,,,,,p2n,n2p,p2n,n2p,p2n,Life.BullRetrace,Life.BullEnd,Life.BearStart,Life.BullStart,Life.BearStart,,
2019-10-11,0.93936,,,,,0.90768,0.90497,0.88032,0.81878,0.90831,0.90773,0.00058,-0.00108,0.00166,,,50.1,-2.98,1.17,-2.67,2.6,-38.06,42.29,-2.96,61.0,7.0,6.0,8.0,9.0,24.0,35.0,14.0,0.012,0.0,0.00514,-0.00343,1.5,60.0,,,14.545,54.54545,42.42424,,,26.98413,19.26808,,,0.8619,0.2736,0.889,0.0271,-0.5883,0.6154,0,0,0,,,,,0.15,,,,0.903,0.92,0.988,0.897,0.902,0.905,2019-09-12,2019-08-23,2019-07-23,2019-09-24,2019-09-06,2019-08-14,0.93,0.912,0.918,0.906,0.888,0.894,2019-10-02,2019-09-24,2019-09-13,2019-10-10,2019-09-30,2019-09-23,1420000,1964500,5136001,-16.6,-29.88,104.83,-0.005,-0.005,-0.001,-0.007,-0.007,-0.008,-0.00583,-0.00571,-0.00082,-0.00634,-0.00599,-0.00611,72.054,33.056,55.556,14.484,4.762,12.5,88.889,55.556,46.154,36.364,0.0,22.222,63.636,47.368,50.0,45.455,41.176,42.857,2019-09-24,2019-09-17,2019-08-26,2019-09-30,2019-09-23,2019-09-11,2019-10-03,2019-09-24,2019-09-17,2019-10-10,2019-09-27,2019-09-20,2019-10-01,2019-09-24,2019-09-13,2019-10-10,2019-09-26,2019-09-23,2019-10-01,2019-09-27,2019-09-25,2019-10-04,2019-09-30,2019-09-26,1,0,1,0,0,1,0,1,1,0,0,1,0,1,0,1,0,1,0,1,0,1,0,1,0,0,5136001.0,,,,n2p,p2n,n2p,p2n,n2p,Life.BullRetrace,Life.BullEnd,Life.BearStart,Life.BullStart,Life.BearStart,,
2019-10-14,0.95025,,,,,0.91263,0.9076,0.88214,0.82031,0.91811,0.91249,0.00562,0.00026,0.00535,,,48.38,-2.98,1.17,-2.67,2.6,-38.06,42.29,-2.96,60.0,7.0,6.0,8.0,9.0,24.0,35.0,14.0,0.054,0.0,0.00771,-0.00343,2.25,69.23077,,,23.77577,88.23529,59.7148,,88.235,50.79365,30.75397,,,0.8729,0.3049,0.9232,0.0503,-0.568,0.6183,1,1,1,,0.15,,,,,,,0.903,0.92,0.988,0.897,0.902,0.905,2019-09-12,2019-08-23,2019-07-23,2019-09-24,2019-09-06,2019-08-14,0.93,0.912,0.918,0.906,0.888,0.894,2019-10-02,2019-09-24,2019-09-13,2019-10-10,2019-09-30,2019-09-23,1964500,5136001,13225002,-29.88,104.83,138.55,-0.005,-0.005,-0.001,-0.007,-0.007,-0.008,-0.00583,-0.00571,-0.00082,-0.00634,-0.00599,-0.00611,72.054,33.056,55.556,14.484,4.762,12.5,88.235,88.889,55.556,36.364,0.0,22.222,63.636,47.368,50.0,45.455,41.176,42.857,2019-09-24,2019-09-17,2019-08-26,2019-09-30,2019-09-23,2019-09-11,2019-10-03,2019-09-24,2019-09-17,2019-10-10,2019-09-27,2019-09-20,2019-10-14,2019-10-01,2019-09-24,2019-10-10,2019-09-26,2019-09-23,2019-10-01,2019-09-27,2019-09-25,2019-10-04,2019-09-30,2019-09-26,1,0,1,0,0,1,0,1,1,0,0,1,0,1,0,1,0,0,0,1,0,1,0,1,0,0,,,,,n2p,p2n,n2p,p2n,n2p,Life.BullEnd,Life.BearStart,Life.BullStart,Life.BearStart,Life.Bull,,
2019-10-15,0.96243,,,,0.972,0.91719,0.91013,0.88392,0.82182,0.9264,0.9169,0.0095,0.00211,0.00739,,,46.5,-2.98,1.17,-2.67,2.6,-38.06,42.29,-2.96,59.0,7.0,6.0,8.0,9.0,24.0,35.0,14.0,0.0,0.0,0.00771,-0.00171,4.5,81.81818,,81.818,36.36318,75.0,72.59358,,,68.76751,48.84843,,,0.8831,0.3327,0.9537,0.0706,-0.5504,0.621,1,1,1,,0.15,,,,,,,0.903,0.92,0.988,0.897,0.902,0.905,2019-09-12,2019-08-23,2019-07-23,2019-09-24,2019-09-06,2019-08-14,0.972,0.93,0.912,0.906,0.888,0.894,2019-10-15,2019-10-02,2019-09-24,2019-10-10,2019-09-30,2019-09-23,5136001,13225002,8551001,104.83,138.55,32.41,-0.005,-0.005,-0.001,-0.007,-0.007,-0.008,-0.00583,-0.00571,-0.00082,-0.00634,-0.00599,-0.00611,72.054,33.056,55.556,14.484,4.762,12.5,88.235,88.889,55.556,36.364,0.0,22.222,81.818,63.636,47.368,45.455,41.176,42.857,2019-09-24,2019-09-17,2019-08-26,2019-09-30,2019-09-23,2019-09-11,2019-10-03,2019-09-24,2019-09-17,2019-10-10,2019-09-27,2019-09-20,2019-10-14,2019-10-01,2019-09-24,2019-10-10,2019-09-26,2019-09-23,2019-10-15,2019-10-01,2019-09-27,2019-10-04,2019-09-30,2019-09-26,1,0,1,0,0,1,0,1,1,0,0,1,0,1,0,1,0,0,0,1,0,1,0,1,0,0,,,,,n2p,p2n,n2p,p2n,n2p,Life.BullEnd,Life.BearStart,Life.BullStart,Life.BearStart,Life.Bull,,
2019-10-16,0.97499,,,0.966,,0.92095,0.91232,0.88554,0.82325,0.93249,0.92054,0.01196,0.00408,0.00788,,,44.62,-2.98,1.17,-2.67,2.6,-38.06,42.29,-2.96,58.0,7.0,6.0,8.0,9.0,24.0,35.0,14.0,-0.0,-0.006,0.00771,-0.00214,3.6,78.26087,78.261,,-3.55713,70.0,77.7451,70.0,,72.93417,64.16511,,72.934,0.8907,0.3541,0.977,0.0863,-0.5366,0.6229,1,1,1,,0.15,,,,,,,0.903,0.92,0.988,0.897,0.902,0.905,2019-09-12,2019-08-23,2019-07-23,2019-09-24,2019-09-06,2019-08-14,0.972,0.93,0.912,0.966,0.906,0.888,2019-10-15,2019-10-02,2019-09-24,2019-10-16,2019-10-10,2019-09-30,13225002,8551001,4078667,138.55,32.41,-3.93,-0.005,-0.005,-0.001,-0.007,-0.007,-0.008,-0.00583,-0.00571,-0.00082,-0.00634,-0.00599,-0.00611,72.934,72.054,33.056,14.484,4.762,12.5,88.235,88.889,55.556,70.0,36.364,0.0,81.818,63.636,47.368,78.261,45.455,41.176,2019-09-24,2019-09-17,2019-08-26,2019-09-30,2019-09-23,2019-09-11,2019-10-16,2019-10-03,2019-09-24,2019-10-10,2019-09-27,2019-09-20,2019-10-14,2019-10-01,2019-09-24,2019-10-16,2019-10-10,2019-09-26,2019-10-15,2019-10-01,2019-09-27,2019-10-16,2019-10-04,2019-09-30,1,0,1,0,0,1,0,1,1,0,0,1,0,1,0,1,0,0,0,1,0,1,0,1,0,0,,,,,n2p,p2n,n2p,p2n,n2p,Life.BullEnd,Life.BearStart,Life.BullStart,Life.BearStart,Life.Bull,,
2019-10-17,0.98694,,,,,0.9258,0.91513,0.88749,0.82485,0.94042,0.92524,0.01518,0.0063,0.00888,,,42.87,-2.98,1.17,-2.67,2.6,-38.06,42.29,-2.96,57.0,7.0,6.0,8.0,9.0,24.0,35.0,14.0,0.018,0.0,0.009,-0.00214,4.2,80.76923,,,2.50823,85.0,76.66667,,,71.02941,70.91036,71.029,,0.9028,0.3831,1.0095,0.1067,-0.5197,0.6264,1,1,1,,0.15,,,,,,,0.903,0.92,0.988,0.897,0.902,0.905,2019-09-12,2019-08-23,2019-07-23,2019-09-24,2019-09-06,2019-08-14,0.972,0.93,0.912,0.966,0.906,0.888,2019-10-15,2019-10-02,2019-09-24,2019-10-16,2019-10-10,2019-09-30,8551001,4078667,5219834,32.41,-3.93,-30.96,-0.005,-0.005,-0.001,-0.007,-0.007,-0.008,-0.00583,-0.00571,-0.00082,-0.00634,-0.00599,-0.00611,72.934,72.054,33.056,71.029,14.484,4.762,88.235,88.889,55.556,70.0,36.364,0.0,81.818,63.636,47.368,78.261,45.455,41.176,2019-09-24,2019-09-17,2019-08-26,2019-09-30,2019-09-23,2019-09-11,2019-10-16,2019-10-03,2019-09-24,2019-10-17,2019-10-10,2019-09-27,2019-10-14,2019-10-01,2019-09-24,2019-10-16,2019-10-10,2019-09-26,2019-10-15,2019-10-01,2019-09-27,2019-10-16,2019-10-04,2019-09-30,1,0,1,0,0,1,0,1,1,0,0,1,0,1,0,1,0,0,0,1,0,1,0,1,0,0,,,,,n2p,p2n,n2p,p2n,n2p,Life.BullEnd,Life.BearStart,Life.BullStart,Life.BearStart,Life.Bull,,
2019-10-18,0.99745,,,,,0.93212,0.91877,0.88988,0.82667,0.95081,0.93137,0.01945,0.00893,0.01052,,,41.36,-2.98,1.17,-2.67,2.6,-38.06,42.29,-2.96,56.0,7.0,6.0,8.0,9.0,24.0,35.0,14.0,0.024,0.0,0.01071,-0.00214,5.0,83.33333,,83.333,5.07233,86.36364,80.45455,,,74.16667,72.71008,,,0.921,0.4224,1.0545,0.1335,-0.4986,0.6321,1,1,1,,0.15,,,,,,,0.903,0.92,0.988,0.897,0.902,0.905,2019-09-12,2019-08-23,2019-07-23,2019-09-24,2019-09-06,2019-08-14,0.972,0.93,0.912,0.966,0.906,0.888,2019-10-15,2019-10-02,2019-09-24,2019-10-16,2019-10-10,2019-09-30,4078667,5219834,11426168,-3.93,-30.96,16.11,-0.005,-0.005,-0.001,-0.007,-0.007,-0.008,-0.00583,-0.00571,-0.00082,-0.00634,-0.00599,-0.00611,72.934,72.054,33.056,71.029,14.484,4.762,88.235,88.889,55.556,70.0,36.364,0.0,83.333,81.818,63.636,78.261,45.455,41.176,2019-09-24,2019-09-17,2019-08-26,2019-09-30,2019-09-23,2019-09-11,2019-10-16,2019-10-03,2019-09-24,2019-10-17,2019-10-10,2019-09-27,2019-10-14,2019-10-01,2019-09-24,2019-10-16,2019-10-10,2019-09-26,2019-10-18,2019-10-15,2019-10-01,2019-10-16,2019-10-04,2019-09-30,1,0,1,0,0,1,0,1,1,0,0,1,0,1,0,1,0,0,0,1,0,1,0,1,0,0,11426168.0,,,,p2n,n2p,p2n,n2p,n2p,Life.BullEnd,Life.BearStart,Life.BullStart,Life.BearStart,Life.Bull,,
2019-10-21,1.00588,,,,,0.93842,0.92251,0.89234,0.82854,0.96053,0.93749,0.02305,0.01175,0.01129,,,40.18,-2.98,1.17,-2.67,2.6,-38.06,42.29,-2.96,55.0,7.0,6.0,8.0,9.0,24.0,35.0,14.0,0.006,0.0,0.00814,-0.00214,3.8,79.16667,79.167,,-4.16633,86.36364,85.90909,,86.364,80.0,75.06536,,80.0,0.9397,0.4608,1.0988,0.1591,-0.4789,0.638,1,1,1,,0.15,,,,,,,0.903,0.92,0.988,0.897,0.902,0.905,2019-09-12,2019-08-23,2019-07-23,2019-09-24,2019-09-06,2019-08-14,0.972,0.93,0.912,0.966,0.906,0.888,2019-10-15,2019-10-02,2019-09-24,2019-10-16,2019-10-10,2019-09-30,5219834,11426168,6903501,-30.96,16.11,13.63,-0.005,-0.005,-0.001,-0.007,-0.007,-0.008,-0.00583,-0.00571,-0.00082,-0.00634,-0.00599,-0.00611,80.0,72.934,72.054,71.029,14.484,4.762,86.364,88.235,88.889,70.0,36.364,0.0,83.333,81.818,63.636,79.167,78.261,45.455,2019-09-24,2019-09-17,2019-08-26,2019-09-30,2019-09-23,2019-09-11,2019-10-21,2019-10-16,2019-10-03,2019-10-17,2019-10-10,2019-09-27,2019-10-21,2019-10-14,2019-10-01,2019-10-16,2019-10-10,2019-09-26,2019-10-18,2019-10-15,2019-10-01,2019-10-21,2019-10-16,2019-10-04,1,0,1,0,0,1,0,1,1,0,0,1,0,1,0,1,1,0,0,1,0,1,0,1,0,0,,,,,p2n,n2p,p2n,n2p,n2p,Life.BullEnd,Life.BearStart,Life.BullStart,Life.BearStart,Life.Bull,,
2019-10-22,1.0119,,,,,0.94516,0.92656,0.89498,0.8305,0.97061,0.94404,0.02656,0.01471,0.01185,,,39.34,-2.98,1.17,-2.67,2.6,-38.06,42.29,-2.96,54.0,7.0,6.0,8.0,9.0,24.0,35.0,14.0,0.012,0.0,0.009,-0.00214,4.2,80.76923,,,1.60223,84.0,85.57576,,,79.25926,77.80864,,,0.9606,0.5018,1.1466,0.186,-0.4588,0.6448,1,1,1,,0.15,,,,,,,0.903,0.92,0.988,0.897,0.902,0.905,2019-09-12,2019-08-23,2019-07-23,2019-09-24,2019-09-06,2019-08-14,0.972,0.93,0.912,0.966,0.906,0.888,2019-10-15,2019-10-02,2019-09-24,2019-10-16,2019-10-10,2019-09-30,11426168,6903501,4223667,16.11,13.63,-4.23,-0.005,-0.005,-0.001,-0.007,-0.007,-0.008,-0.00583,-0.00571,-0.00082,-0.00634,-0.00599,-0.00611,80.0,72.934,72.054,71.029,14.484,4.762,86.364,88.235,88.889,70.0,36.364,0.0,83.333,81.818,63.636,79.167,78.261,45.455,2019-09-24,2019-09-17,2019-08-26,2019-09-30,2019-09-23,2019-09-11,2019-10-21,2019-10-16,2019-10-03,2019-10-17,2019-10-10,2019-09-27,2019-10-21,2019-10-14,2019-10-01,2019-10-16,2019-10-10,2019-09-26,2019-10-18,2019-10-15,2019-10-01,2019-10-21,2019-10-16,2019-10-04,1,0,1,0,0,1,0,1,1,0,0,1,0,1,0,1,1,0,0,1,0,1,0,1,0,0,,,,,p2n,n2p,p2n,n2p,n2p,Life.BullEnd,Life.BearStart,Life.BullStart,Life.BearStart,Life.Bull,,
2019-10-23,1.01561,,,,1.05,0.95322,0.93141,0.89805,0.83269,0.98282,0.95189,0.03093,0.01796,0.01297,,,38.83,-2.98,1.17,-2.67,2.6,-38.06,42.29,-2.96,53.0,7.0,6.0,8.0,9.0,24.0,35.0,14.0,0.024,0.0,0.01071,-0.00129,8.33333,89.28571,,89.286,10.11871,80.64516,83.6696,,,75.92593,78.39506,,,0.9872,0.5517,1.2053,0.2181,-0.4355,0.6536,1,1,1,,0.15,,,,,,,0.903,0.92,0.988,0.897,0.902,0.905,2019-09-12,2019-08-23,2019-07-23,2019-09-24,2019-09-06,2019-08-14,1.05,0.972,0.93,0.966,0.906,0.888,2019-10-23,2019-10-15,2019-10-02,2019-10-16,2019-10-10,2019-09-30,6903501,4223667,13098835,13.63,-4.23,7.42,-0.005,-0.005,-0.001,-0.007,-0.007,-0.008,-0.00583,-0.00571,-0.00082,-0.00634,-0.00599,-0.00611,80.0,72.934,72.054,71.029,14.484,4.762,86.364,88.235,88.889,70.0,36.364,0.0,89.286,83.333,81.818,79.167,78.261,45.455,2019-09-24,2019-09-17,2019-08-26,2019-09-30,2019-09-23,2019-09-11,2019-10-21,2019-10-16,2019-10-03,2019-10-17,2019-10-10,2019-09-27,2019-10-21,2019-10-14,2019-10-01,2019-10-16,2019-10-10,2019-09-26,2019-10-23,2019-10-18,2019-10-15,2019-10-21,2019-10-16,2019-10-04,1,0,1,0,0,1,0,1,1,0,0,1,0,1,0,1,1,0,0,1,0,1,0,1,0,0,,,,,p2n,n2p,p2n,n2p,n2p,Life.BullEnd,Life.BearStart,Life.BullStart,Life.BearStart,Life.Bull,,
2019-10-24,1.01764,,,,,0.95928,0.93535,0.9007,0.83467,0.99039,0.95783,0.03256,0.02088,0.01168,,0.033,38.56,-2.98,1.17,-2.67,2.6,-38.06,42.29,-2.96,52.0,7.0,6.0,8.0,9.0,24.0,35.0,14.0,-0.0,-0.018,0.01071,-0.00171,6.25,86.2069,,,-3.0791,70.96774,78.53763,,,64.94553,73.37691,,,1.0068,0.5858,1.2461,0.2393,-0.421,0.6603,1,1,1,,0.15,,,,,,,0.903,0.92,0.988,0.897,0.902,0.905,2019-09-12,2019-08-23,2019-07-23,2019-09-24,2019-09-06,2019-08-14,1.05,0.972,0.93,0.966,0.906,0.888,2019-10-23,2019-10-15,2019-10-02,2019-10-16,2019-10-10,2019-09-30,4223667,13098835,5146501,-4.23,7.42,-7.25,0.033,-0.005,-0.005,-0.007,-0.007,-0.008,0.02088,-0.00583,-0.00571,-0.00634,-0.00599,-0.00611,80.0,72.934,72.054,71.029,14.484,4.762,86.364,88.235,88.889,70.0,36.364,0.0,89.286,83.333,81.818,79.167,78.261,45.455,2019-10-24,2019-09-24,2019-09-17,2019-09-30,2019-09-23,2019-09-11,2019-10-21,2019-10-16,2019-10-03,2019-10-17,2019-10-10,2019-09-27,2019-10-21,2019-10-14,2019-10-01,2019-10-16,2019-10-10,2019-09-26,2019-10-23,2019-10-18,2019-10-15,2019-10-21,2019-10-16,2019-10-04,1,0,1,0,0,1,0,1,0,1,0,1,0,1,0,1,1,0,0,1,0,1,0,1,0,0,,,,,p2n,n2p,p2n,n2p,n2p,Life.BullEnd,Life.BearStart,Life.BullStart,Life.BearStart,Life.Bull,,
2019-10-25,1.01873,,,,,0.96349,0.93843,0.90295,0.83645,0.99402,0.96199,0.03203,0.02311,0.00892,,,38.41,-2.98,1.17,-2.67,2.6,-38.06,42.29,-2.96,51.0,7.0,6.0,8.0,9.0,24.0,35.0,14.0,-0.0,-0.018,0.01071,-0.003,3.57143,78.125,,,-11.161,61.29032,70.96774,,,43.78151,61.55099,,,1.0198,0.6054,1.2704,0.2506,-0.4144,0.665,1,1,1,,0.15,,,,,,,0.903,0.92,0.988,0.897,0.902,0.905,2019-09-12,2019-08-23,2019-07-23,2019-09-24,2019-09-06,2019-08-14,1.05,0.972,0.93,0.966,0.906,0.888,2019-10-23,2019-10-15,2019-10-02,2019-10-16,2019-10-10,2019-09-30,13098835,5146501,3034667,7.42,-7.25,-5.29,0.033,-0.005,-0.005,-0.007,-0.007,-0.008,0.02088,-0.00583,-0.00571,-0.00634,-0.00599,-0.00611,80.0,72.934,72.054,71.029,14.484,4.762,86.364,88.235,88.889,70.0,36.364,0.0,89.286,83.333,81.818,79.167,78.261,45.455,2019-10-24,2019-09-24,2019-09-17,2019-09-30,2019-09-23,2019-09-11,2019-10-21,2019-10-16,2019-10-03,2019-10-17,2019-10-10,2019-09-27,2019-10-21,2019-10-14,2019-10-01,2019-10-16,2019-10-10,2019-09-26,2019-10-23,2019-10-18,2019-10-15,2019-10-21,2019-10-16,2019-10-04,1,0,1,0,0,1,0,1,0,1,0,1,0,1,0,1,1,0,0,1,0,1,0,1,0,0,,,,,p2n,n2p,p2n,n2p,n2p,Life.BullEnd,Life.BearStart,Life.BullStart,Life.BearStart,Life.Bull,,
2019-10-29,1.01957,,,,,0.96691,0.94116,0.90503,0.83816,0.99617,0.9654,0.03077,0.02464,0.00613,,,38.29,-2.98,1.17,-2.67,2.6,-38.06,42.29,-2.96,49.0,7.0,6.0,8.0,9.0,24.0,35.0,14.0,-0.0,-0.006,0.01071,-0.00343,3.125,75.75758,,,-13.52842,58.06452,63.44086,,,24.89262,44.53989,,,1.03,0.6188,1.2875,0.2575,-0.4112,0.6687,1,1,1,,0.15,,,,,,,0.903,0.92,0.988,0.897,0.902,0.905,2019-09-12,2019-08-23,2019-07-23,2019-09-24,2019-09-06,2019-08-14,1.05,0.972,0.93,0.966,0.906,0.888,2019-10-23,2019-10-15,2019-10-02,2019-10-16,2019-10-10,2019-09-30,5146501,3034667,1723667,-7.25,-5.29,-53.45,0.033,-0.005,-0.005,-0.007,-0.007,-0.008,0.02088,-0.00583,-0.00571,-0.00634,-0.00599,-0.00611,80.0,72.934,72.054,71.029,14.484,4.762,86.364,88.235,88.889,70.0,36.364,0.0,89.286,83.333,81.818,79.167,78.261,45.455,2019-10-24,2019-09-24,2019-09-17,2019-09-30,2019-09-23,2019-09-11,2019-10-21,2019-10-16,2019-10-03,2019-10-17,2019-10-10,2019-09-27,2019-10-21,2019-10-14,2019-10-01,2019-10-16,2019-10-10,2019-09-26,2019-10-23,2019-10-18,2019-10-15,2019-10-21,2019-10-16,2019-10-04,1,0,1,0,0,1,0,1,0,1,0,1,0,1,0,1,1,0,0,1,0,1,0,1,0,0,,,,-1723667.0,n2p,p2n,n2p,n2p,n2n,Life.BullEnd,Life.BearStart,Life.BullStart,Life.BearStart,Life.Bull,,
2019-10-30,1.02092,,,,,0.97007,0.94378,0.90707,0.83985,0.99799,0.96855,0.02944,0.0256,0.00384,,,38.11,-2.98,1.17,-2.67,2.6,-38.06,42.29,-2.96,48.0,7.0,6.0,8.0,9.0,24.0,35.0,14.0,0.0,0.0,0.01071,-0.00343,3.125,75.75758,,,-13.52842,56.66667,58.67384,,,13.65079,27.44164,13.651,,1.0393,0.63,1.3022,0.2629,-0.4093,0.6722,1,1,1,,0.15,,,,,,,0.903,0.92,0.988,0.897,0.902,0.905,2019-09-12,2019-08-23,2019-07-23,2019-09-24,2019-09-06,2019-08-14,1.05,0.972,0.93,0.966,0.906,0.888,2019-10-23,2019-10-15,2019-10-02,2019-10-16,2019-10-10,2019-09-30,3034667,1723667,3293833,-5.29,-53.45,-18.7,0.033,-0.005,-0.005,-0.007,-0.007,-0.008,0.02088,-0.00583,-0.00571,-0.00634,-0.00599,-0.00611,80.0,72.934,72.054,13.651,71.029,14.484,86.364,88.235,88.889,70.0,36.364,0.0,89.286,83.333,81.818,79.167,78.261,45.455,2019-10-24,2019-09-24,2019-09-17,2019-09-30,2019-09-23,2019-09-11,2019-10-21,2019-10-16,2019-10-03,2019-10-30,2019-10-17,2019-10-10,2019-10-21,2019-10-14,2019-10-01,2019-10-16,2019-10-10,2019-09-26,2019-10-23,2019-10-18,2019-10-15,2019-10-21,2019-10-16,2019-10-04,1,0,1,0,0,1,0,1,0,1,0,1,0,1,1,0,1,0,0,1,0,1,0,1,0,0,,,,,n2p,p2n,n2p,n2p,n2n,Life.BullEnd,Life.BearStart,Life.BullStart,Life.BearStart,Life.Bull,,
2019-10-31,1.02309,,,,,0.97299,0.9463,0.90907,0.84152,0.99953,0.97147,0.02806,0.02609,0.00196,,,37.82,-2.98,1.17,-2.67,2.6,-38.06,42.29,-2.96,47.0,7.0,6.0,8.0,9.0,24.0,35.0,14.0,0.0,0.0,0.01071,-0.00343,3.125,75.75758,,,-13.52842,55.17241,56.63453,,,14.94949,17.83097,,14.949,1.0478,0.6392,1.3147,0.2669,-0.4086,0.6755,1,1,1,,0.15,,,,,,,0.903,0.92,0.988,0.897,0.902,0.905,2019-09-12,2019-08-23,2019-07-23,2019-09-24,2019-09-06,2019-08-14,1.05,0.972,0.93,0.966,0.906,0.888,2019-10-23,2019-10-15,2019-10-02,2019-10-16,2019-10-10,2019-09-30,1723667,3293833,4561500,-53.45,-18.7,18.96,0.033,-0.005,-0.005,-0.007,-0.007,-0.008,0.02088,-0.00583,-0.00571,-0.00634,-0.00599,-0.00611,14.949,80.0,72.934,13.651,71.029,14.484,86.364,88.235,88.889,70.0,36.364,0.0,89.286,83.333,81.818,79.167,78.261,45.455,2019-10-24,2019-09-24,2019-09-17,2019-09-30,2019-09-23,2019-09-11,2019-10-31,2019-10-21,2019-10-16,2019-10-30,2019-10-17,2019-10-10,2019-10-21,2019-10-14,2019-10-01,2019-10-16,2019-10-10,2019-09-26,2019-10-23,2019-10-18,2019-10-15,2019-10-21,2019-10-16,2019-10-04,1,0,1,0,0,1,0,1,0,1,0,1,1,0,1,0,1,0,0,1,0,1,0,1,0,0,,,,,n2p,p2n,n2p,n2p,n2n,Life.BullEnd,Life.BearStart,Life.BullStart,Life.BearStart,Life.Bull,,
2019-11-01,1.02605,,,1.002,,0.97522,0.94849,0.91091,0.84312,0.99991,0.97374,0.02617,0.02611,7e-05,,,37.42,-2.98,1.17,-2.67,2.6,-38.06,42.29,-2.96,46.0,7.0,6.0,8.0,9.0,24.0,35.0,14.0,-0.0,-0.006,0.00986,-0.00386,2.55556,71.875,,,-17.411,44.0,51.94636,44.0,,14.67172,14.424,14.672,,1.0537,0.6431,1.321,0.2673,-0.4106,0.6779,1,1,1,,0.15,,,,,,,0.903,0.92,0.988,0.897,0.902,0.905,2019-09-12,2019-08-23,2019-07-23,2019-09-24,2019-09-06,2019-08-14,1.05,0.972,0.93,1.002,0.966,0.906,2019-10-23,2019-10-15,2019-10-02,2019-11-01,2019-10-16,2019-10-10,3293833,4561500,2491167,-18.7,18.96,8.01,0.033,-0.005,-0.005,-0.007,-0.007,-0.008,0.02088,-0.00583,-0.00571,-0.00634,-0.00599,-0.00611,14.949,80.0,72.934,14.672,13.651,71.029,86.364,88.235,88.889,44.0,70.0,36.364,89.286,83.333,81.818,79.167,78.261,45.455,2019-10-24,2019-09-24,2019-09-17,2019-09-30,2019-09-23,2019-09-11,2019-10-31,2019-10-21,2019-10-16,2019-11-01,2019-10-30,2019-10-17,2019-10-21,2019-10-14,2019-10-01,2019-11-01,2019-10-16,2019-10-10,2019-10-23,2019-10-18,2019-10-15,2019-10-21,2019-10-16,2019-10-04,1,0,1,0,0,1,0,1,0,1,0,1,1,0,0,0,1,0,0,0,0,1,0,1,0,0,,,,,n2p,p2n,n2p,n2p,n2n,Life.BullEnd,Life.BearStart,Life.BullStart,Life.BearStart,Life.Bull,,
2019-11-04,1.02957,,,,,0.97913,0.95153,0.91319,0.84494,1.00392,0.97761,0.02632,0.02615,0.00017,0.026,,36.95,-2.98,1.17,-2.67,2.6,-38.06,42.29,-2.96,45.0,7.0,6.0,8.0,9.0,24.0,35.0,14.0,0.024,0.0,0.00771,-0.00386,2.0,66.66667,66.667,,-22.61933,58.33333,52.50192,,,34.0368,21.21934,,,1.0659,0.6594,1.3419,0.276,-0.4065,0.6825,1,1,1,,0.15,,,,,,,0.903,0.92,0.988,0.897,0.902,0.905,2019-09-12,2019-08-23,2019-07-23,2019-09-24,2019-09-06,2019-08-14,1.05,0.972,0.93,1.002,0.966,0.906,2019-10-23,2019-10-15,2019-10-02,2019-11-01,2019-10-16,2019-10-10,4561500,2491167,6650667,18.96,8.01,32.44,0.033,-0.005,-0.005,0.026,-0.007,-0.007,0.02088,-0.00583,-0.00571,0.02615,-0.00634,-0.00599,14.949,80.0,72.934,14.672,13.651,71.029,86.364,88.235,88.889,44.0,70.0,36.364,89.286,83.333,81.818,66.667,79.167,78.261,2019-10-24,2019-09-24,2019-09-17,2019-11-04,2019-09-30,2019-09-23,2019-10-31,2019-10-21,2019-10-16,2019-11-01,2019-10-30,2019-10-17,2019-10-21,2019-10-14,2019-10-01,2019-11-01,2019-10-16,2019-10-10,2019-10-23,2019-10-18,2019-10-15,2019-11-04,2019-10-21,2019-10-16,1,0,1,0,0,1,0,1,0,1,0,1,1,0,0,0,1,0,0,0,0,1,1,0,0,0,,,,,n2p,p2n,n2p,n2p,n2n,Life.BullEnd,Life.BearStart,Life.BullStart,Life.BearStart,Life.Bull,,
2019-11-05,1.03335,,,,,0.98458,0.95539,0.91589,0.84698,1.01101,0.98297,0.02804,0.02653,0.00151,,,36.45,-2.98,1.17,-2.67,2.6,-38.06,42.29,-2.96,44.0,7.0,6.0,8.0,9.0,24.0,35.0,14.0,0.024,0.0,0.00943,-0.00386,2.44444,70.96774,,,4.30074,75.0,59.11111,,,55.24892,34.65248,,,1.0841,0.6869,1.376,0.2919,-0.3972,0.6891,1,1,1,,0.15,,,,,,,0.903,0.92,0.988,0.897,0.902,0.905,2019-09-12,2019-08-23,2019-07-23,2019-09-24,2019-09-06,2019-08-14,1.05,0.972,0.93,1.002,0.966,0.906,2019-10-23,2019-10-15,2019-10-02,2019-11-01,2019-10-16,2019-10-10,2491167,6650667,7263334,8.01,32.44,19.72,0.033,-0.005,-0.005,0.026,-0.007,-0.007,0.02088,-0.00583,-0.00571,0.02615,-0.00634,-0.00599,14.949,80.0,72.934,14.672,13.651,71.029,86.364,88.235,88.889,44.0,70.0,36.364,89.286,83.333,81.818,66.667,79.167,78.261,2019-10-24,2019-09-24,2019-09-17,2019-11-04,2019-09-30,2019-09-23,2019-10-31,2019-10-21,2019-10-16,2019-11-01,2019-10-30,2019-10-17,2019-10-21,2019-10-14,2019-10-01,2019-11-01,2019-10-16,2019-10-10,2019-10-23,2019-10-18,2019-10-15,2019-11-04,2019-10-21,2019-10-16,1,0,1,0,0,1,0,1,0,1,0,1,1,0,0,0,1,0,0,0,0,1,1,0,0,0,,,,,n2p,p2n,n2p,n2p,n2n,Life.BullEnd,Life.BearStart,Life.BullStart,Life.BearStart,Life.Bull,,
2019-11-06,1.03684,,,,,0.99007,0.95933,0.91867,0.84906,1.01793,0.98838,0.02955,0.02713,0.00242,,,35.99,-2.98,1.17,-2.67,2.6,-38.06,42.29,-2.96,43.0,7.0,6.0,8.0,9.0,24.0,35.0,14.0,0.006,0.0,0.00986,-0.00343,2.875,74.19355,,,7.52655,75.0,69.44444,,,81.38528,56.89033,,,1.1027,0.714,1.4101,0.3074,-0.3887,0.6961,1,1,1,,0.15,,,,,,,0.903,0.92,0.988,0.897,0.902,0.905,2019-09-12,2019-08-23,2019-07-23,2019-09-24,2019-09-06,2019-08-14,1.05,0.972,0.93,1.002,0.966,0.906,2019-10-23,2019-10-15,2019-10-02,2019-11-01,2019-10-16,2019-10-10,6650667,7263334,3467000,32.44,19.72,5.95,0.033,-0.005,-0.005,0.026,-0.007,-0.007,0.02088,-0.00583,-0.00571,0.02615,-0.00634,-0.00599,14.949,80.0,72.934,14.672,13.651,71.029,86.364,88.235,88.889,44.0,70.0,36.364,89.286,83.333,81.818,66.667,79.167,78.261,2019-10-24,2019-09-24,2019-09-17,2019-11-04,2019-09-30,2019-09-23,2019-10-31,2019-10-21,2019-10-16,2019-11-01,2019-10-30,2019-10-17,2019-10-21,2019-10-14,2019-10-01,2019-11-01,2019-10-16,2019-10-10,2019-10-23,2019-10-18,2019-10-15,2019-11-04,2019-10-21,2019-10-16,1,0,1,0,0,1,0,1,0,1,0,1,1,0,0,0,1,0,0,0,0,1,1,0,0,0,,,,,n2p,p2n,n2p,n2p,n2n,Life.BullEnd,Life.BearStart,Life.BullStart,Life.BearStart,Life.Bull,,
2019-11-07,1.03942,,,,1.074,0.99653,0.96383,0.92175,0.8513,1.02656,0.99472,0.03184,0.02807,0.00376,,0.032,35.65,-2.98,1.17,-2.67,2.6,-38.06,42.29,-2.96,42.0,7.0,6.0,8.0,9.0,24.0,35.0,14.0,0.018,0.0,0.00986,-0.00343,2.875,74.19355,,74.194,7.52655,88.23529,79.41176,,88.235,86.46465,74.36628,,86.465,1.1253,0.7478,1.4523,0.327,-0.3775,0.7045,1,1,1,,0.15,,,,,,,0.903,0.92,0.988,0.897,0.902,0.905,2019-09-12,2019-08-23,2019-07-23,2019-09-24,2019-09-06,2019-08-14,1.074,1.05,0.972,1.002,0.966,0.906,2019-11-07,2019-10-23,2019-10-15,2019-11-01,2019-10-16,2019-10-10,7263334,3467000,4224000,19.72,5.95,-13.96,0.032,0.033,-0.005,0.026,-0.007,-0.007,0.02807,0.02088,-0.00583,0.02615,-0.00634,-0.00599,86.465,14.949,80.0,14.672,13.651,71.029,88.235,86.364,88.235,44.0,70.0,36.364,74.194,89.286,83.333,66.667,79.167,78.261,2019-11-07,2019-10-24,2019-09-24,2019-11-04,2019-09-30,2019-09-23,2019-11-07,2019-10-31,2019-10-21,2019-11-01,2019-10-30,2019-10-17,2019-11-07,2019-10-21,2019-10-14,2019-11-01,2019-10-16,2019-10-10,2019-11-07,2019-10-23,2019-10-18,2019-11-04,2019-10-21,2019-10-16,1,0,1,0,0,1,0,1,0,0,0,1,0,1,0,0,0,1,0,0,1,0,1,0,0,0,,,,,n2p,p2n,n2p,n2p,n2n,Life.BullEnd,Life.BearStart,Life.BullStart,Life.BearStart,Life.Bull,,
2019-11-08,1.04084,,,,,1.00018,0.96697,0.92417,0.85322,1.02924,0.99837,0.03087,0.02863,0.00224,,,35.47,-2.98,1.17,-2.67,2.6,-38.06,42.29,-2.96,41.0,7.0,6.0,8.0,9.0,24.0,35.0,14.0,-0.0,-0.03,0.00814,-0.00557,1.46154,59.375,,,-14.819,53.33333,72.18954,,,74.57653,80.80882,,,1.1375,0.7601,1.4696,0.3321,-0.3774,0.7095,1,1,1,,0.15,,,,,,,0.903,0.92,0.988,0.897,0.902,0.905,2019-09-12,2019-08-23,2019-07-23,2019-09-24,2019-09-06,2019-08-14,1.074,1.05,0.972,1.002,0.966,0.906,2019-11-07,2019-10-23,2019-10-15,2019-11-01,2019-10-16,2019-10-10,3467000,4224000,4315500,5.95,-13.96,-19.71,0.032,0.033,-0.005,0.026,-0.007,-0.007,0.02807,0.02088,-0.00583,0.02615,-0.00634,-0.00599,86.465,14.949,80.0,14.672,13.651,71.029,88.235,86.364,88.235,44.0,70.0,36.364,74.194,89.286,83.333,66.667,79.167,78.261,2019-11-07,2019-10-24,2019-09-24,2019-11-04,2019-09-30,2019-09-23,2019-11-07,2019-10-31,2019-10-21,2019-11-01,2019-10-30,2019-10-17,2019-11-07,2019-10-21,2019-10-14,2019-11-01,2019-10-16,2019-10-10,2019-11-07,2019-10-23,2019-10-18,2019-11-04,2019-10-21,2019-10-16,1,0,1,0,0,1,0,1,0,0,0,1,0,1,0,0,0,1,0,0,1,0,1,0,0,0,,,,,n2p,p2n,n2p,n2p,n2n,Life.BullEnd,Life.BearStart,Life.BullStart,Life.BearStart,Life.Bull,,
2019-11-11,1.04126,,,1.02,,1.00171,0.96905,0.92606,0.85488,1.02782,0.99997,0.02785,0.02848,-0.00063,,,35.41,-2.98,1.17,-2.67,2.6,-38.06,42.29,-2.96,40.0,7.0,6.0,8.0,9.0,24.0,35.0,14.0,-0.0,-0.024,0.00771,-0.00729,1.05882,51.42857,,,-22.76543,26.66667,56.07843,26.667,,44.2735,68.43823,,,1.1417,0.7565,1.4683,0.3266,-0.3852,0.7118,1,1,1,,0.15,,,,,,,0.903,0.92,0.988,0.897,0.902,0.905,2019-09-12,2019-08-23,2019-07-23,2019-09-24,2019-09-06,2019-08-14,1.074,1.05,0.972,1.02,1.002,0.966,2019-11-07,2019-10-23,2019-10-15,2019-11-11,2019-11-01,2019-10-16,4224000,4315500,4134334,-13.96,-19.71,5.56,0.032,0.033,-0.005,0.026,-0.007,-0.007,0.02807,0.02088,-0.00583,0.02615,-0.00634,-0.00599,86.465,14.949,80.0,14.672,13.651,71.029,88.235,86.364,88.235,26.667,44.0,70.0,74.194,89.286,83.333,66.667,79.167,78.261,2019-11-07,2019-10-24,2019-09-24,2019-11-04,2019-09-30,2019-09-23,2019-11-07,2019-10-31,2019-10-21,2019-11-01,2019-10-30,2019-10-17,2019-11-07,2019-10-21,2019-10-14,2019-11-11,2019-11-01,2019-10-16,2019-11-07,2019-10-23,2019-10-18,2019-11-04,2019-10-21,2019-10-16,1,0,1,0,0,1,0,1,0,0,0,1,0,1,0,0,0,1,1,0,1,0,1,0,0,0,,,,,n2p,p2n,n2p,n2p,n2n,Life.BullEnd,Life.BearStart,Life.BullStart,Life.BearStart,Life.Bull,,
2019-11-12,1.04107,,,,,1.00404,0.97152,0.92816,0.85664,1.02846,1.00235,0.02612,0.028,-0.00189,,,35.44,-2.98,1.17,-2.67,2.6,-38.06,42.29,-2.96,39.0,7.0,6.0,8.0,9.0,24.0,35.0,14.0,0.012,0.0,0.00771,-0.00729,1.05882,51.42857,,,-22.76543,40.0,40.0,,,21.44522,46.76509,,,1.1488,0.7588,1.474,0.3252,-0.39,0.7152,1,1,1,,0.15,,,,,,,0.903,0.92,0.988,0.897,0.902,0.905,2019-09-12,2019-08-23,2019-07-23,2019-09-24,2019-09-06,2019-08-14,1.074,1.05,0.972,1.02,1.002,0.966,2019-11-07,2019-10-23,2019-10-15,2019-11-11,2019-11-01,2019-10-16,4315500,4134334,1456666,-19.71,5.56,-21.84,0.032,0.033,-0.005,0.026,-0.007,-0.007,0.02807,0.02088,-0.00583,0.02615,-0.00634,-0.00599,86.465,14.949,80.0,14.672,13.651,71.029,88.235,86.364,88.235,26.667,44.0,70.0,74.194,89.286,83.333,66.667,79.167,78.261,2019-11-07,2019-10-24,2019-09-24,2019-11-04,2019-09-30,2019-09-23,2019-11-07,2019-10-31,2019-10-21,2019-11-01,2019-10-30,2019-10-17,2019-11-07,2019-10-21,2019-10-14,2019-11-11,2019-11-01,2019-10-16,2019-11-07,2019-10-23,2019-10-18,2019-11-04,2019-10-21,2019-10-16,1,0,1,0,0,1,0,1,0,0,0,1,0,1,0,0,0,1,1,0,1,0,1,0,0,0,,,,,n2p,p2n,n2p,n2p,n2n,Life.BullEnd,Life.BearStart,Life.BullStart,Life.BearStart,Life.Bull,,
2019-11-13,1.0409,,,,,1.00665,0.97413,0.93034,0.85844,1.02993,1.00499,0.02494,0.02739,-0.00245,,,35.46,-2.98,1.17,-2.67,2.6,-38.06,42.29,-2.96,38.0,7.0,6.0,8.0,9.0,24.0,35.0,14.0,0.006,0.0,0.00643,-0.00729,0.88235,46.875,46.875,,-27.319,46.66667,37.77778,,,15.15152,26.95675,15.152,,1.1569,0.7631,1.4821,0.3252,-0.3938,0.719,1,1,1,,0.15,,,,,,,0.903,0.92,0.988,0.897,0.902,0.905,2019-09-12,2019-08-23,2019-07-23,2019-09-24,2019-09-06,2019-08-14,1.074,1.05,0.972,1.02,1.002,0.966,2019-11-07,2019-10-23,2019-10-15,2019-11-11,2019-11-01,2019-10-16,4134334,1456666,3488334,5.56,-21.84,-8.35,0.032,0.033,-0.005,0.026,-0.007,-0.007,0.02807,0.02088,-0.00583,0.02615,-0.00634,-0.00599,86.465,14.949,80.0,15.152,14.672,13.651,88.235,86.364,88.235,26.667,44.0,70.0,74.194,89.286,83.333,46.875,66.667,79.167,2019-11-07,2019-10-24,2019-09-24,2019-11-04,2019-09-30,2019-09-23,2019-11-07,2019-10-31,2019-10-21,2019-11-13,2019-11-01,2019-10-30,2019-11-07,2019-10-21,2019-10-14,2019-11-11,2019-11-01,2019-10-16,2019-11-07,2019-10-23,2019-10-18,2019-11-13,2019-11-04,2019-10-21,1,0,1,0,0,1,0,1,0,0,0,1,0,1,0,1,0,1,1,0,1,0,1,0,0,0,,,,,n2p,p2n,n2p,n2p,n2n,Life.BullEnd,Life.BearStart,Life.BullStart,Life.BearStart,Life.Bull,,
2019-11-14,1.0414,,,,1.05,1.00998,0.9771,0.93271,0.86035,1.03302,1.00832,0.0247,0.02685,-0.00216,,,35.4,-2.98,1.17,-2.67,2.6,-38.06,42.29,-2.96,37.0,7.0,6.0,8.0,9.0,24.0,35.0,14.0,0.012,0.0,0.00729,-0.006,1.21429,54.83871,,,7.96371,60.0,48.88889,,60.0,31.81818,22.80497,,,1.1675,0.7727,1.4963,0.3288,-0.3948,0.7236,1,1,1,,0.15,,,,,,,0.903,0.92,0.988,0.897,0.902,0.905,2019-09-12,2019-08-23,2019-07-23,2019-09-24,2019-09-06,2019-08-14,1.05,1.074,1.05,1.02,1.002,0.966,2019-11-14,2019-11-07,2019-10-23,2019-11-11,2019-11-01,2019-10-16,1456666,3488334,1250500,-21.84,-8.35,-31.76,0.032,0.033,-0.005,0.026,-0.007,-0.007,0.02807,0.02088,-0.00583,0.02615,-0.00634,-0.00599,86.465,14.949,80.0,15.152,14.672,13.651,60.0,88.235,86.364,26.667,44.0,70.0,74.194,89.286,83.333,46.875,66.667,79.167,2019-11-07,2019-10-24,2019-09-24,2019-11-04,2019-09-30,2019-09-23,2019-11-07,2019-10-31,2019-10-21,2019-11-13,2019-11-01,2019-10-30,2019-11-14,2019-11-07,2019-10-21,2019-11-11,2019-11-01,2019-10-16,2019-11-07,2019-10-23,2019-10-18,2019-11-13,2019-11-04,2019-10-21,1,0,1,0,1,0,0,1,0,0,0,1,0,1,0,1,1,0,1,0,1,0,1,0,0,0,,,,,n2p,p2n,n2p,n2p,n2n,Life.BullEnd,Life.BearStart,Life.BullStart,Life.BearStart,Life.Bull,,
2019-11-15,1.04289,,,,,1.01168,0.97926,0.93467,0.86206,1.03286,1.01008,0.02279,0.02604,-0.00325,,,35.2,-2.98,1.17,-2.67,2.6,-38.06,42.29,-2.96,36.0,7.0,6.0,8.0,9.0,24.0,35.0,14.0,-0.0,-0.018,0.00729,-0.006,1.21429,54.83871,,,7.96371,40.0,48.88889,,,35.28139,27.41703,,,1.172,0.7701,1.4962,0.3242,-0.4019,0.7261,1,1,1,,0.15,,,,,,,0.903,0.92,0.988,0.897,0.902,0.905,2019-09-12,2019-08-23,2019-07-23,2019-09-24,2019-09-06,2019-08-14,1.05,1.074,1.05,1.02,1.002,0.966,2019-11-14,2019-11-07,2019-10-23,2019-11-11,2019-11-01,2019-10-16,3488334,1250500,1332333,-8.35,-31.76,-2.01,0.032,0.033,-0.005,0.026,-0.007,-0.007,0.02807,0.02088,-0.00583,0.02615,-0.00634,-0.00599,86.465,14.949,80.0,15.152,14.672,13.651,60.0,88.235,86.364,26.667,44.0,70.0,74.194,89.286,83.333,46.875,66.667,79.167,2019-11-07,2019-10-24,2019-09-24,2019-11-04,2019-09-30,2019-09-23,2019-11-07,2019-10-31,2019-10-21,2019-11-13,2019-11-01,2019-10-30,2019-11-14,2019-11-07,2019-10-21,2019-11-11,2019-11-01,2019-10-16,2019-11-07,2019-10-23,2019-10-18,2019-11-13,2019-11-04,2019-10-21,1,0,1,0,1,0,0,1,0,0,0,1,0,1,0,1,1,0,1,0,1,0,1,0,0,0,,,,,n2p,p2n,n2p,n2p,n2n,Life.BullEnd,Life.BearStart,Life.BullStart,Life.BearStart,Life.Bull,,
2019-11-18,1.04533,,,1.032,,1.01324,0.98133,0.9366,0.86375,1.03273,1.0117,0.02103,0.02504,-0.00401,,,34.89,-2.98,1.17,-2.67,2.6,-38.06,42.29,-2.96,35.0,7.0,6.0,8.0,9.0,24.0,35.0,14.0,0.0,0.0,0.00729,-0.00557,1.30769,56.66667,,,9.79167,40.0,46.66667,40.0,,35.71429,34.27128,,,1.1758,0.7664,1.4949,0.3191,-0.4094,0.7285,0,1,0,,,,0.15,,,,,0.903,0.92,0.988,0.897,0.902,0.905,2019-09-12,2019-08-23,2019-07-23,2019-09-24,2019-09-06,2019-08-14,1.05,1.074,1.05,1.032,1.02,1.002,2019-11-14,2019-11-07,2019-10-23,2019-11-18,2019-11-11,2019-11-01,1250500,1332333,1449500,-31.76,-2.01,-33.58,0.032,0.033,-0.005,0.026,-0.007,-0.007,0.02807,0.02088,-0.00583,0.02615,-0.00634,-0.00599,86.465,14.949,80.0,15.152,14.672,13.651,60.0,88.235,86.364,40.0,26.667,44.0,74.194,89.286,83.333,46.875,66.667,79.167,2019-11-07,2019-10-24,2019-09-24,2019-11-04,2019-09-30,2019-09-23,2019-11-07,2019-10-31,2019-10-21,2019-11-13,2019-11-01,2019-10-30,2019-11-14,2019-11-07,2019-10-21,2019-11-18,2019-11-11,2019-11-01,2019-11-07,2019-10-23,2019-10-18,2019-11-13,2019-11-04,2019-10-21,1,0,1,0,1,0,0,1,0,0,0,1,0,1,0,1,1,0,0,0,1,0,1,0,0,0,,,,,n2p,p2n,n2p,n2p,n2n,Life.BearStart,Life.BullStart,Life.BearStart,Life.Bull,Life.BullEnd,,
2019-11-19,1.04839,,,,,1.01561,0.98378,0.93873,0.86554,1.03446,1.01409,0.02037,0.0241,-0.00373,0.02,,34.49,-2.98,1.17,-2.67,2.6,-38.06,42.29,-2.96,34.0,7.0,6.0,8.0,9.0,24.0,35.0,14.0,0.012,0.0,0.00814,-0.00557,1.46154,59.375,,,12.5,53.33333,44.44444,,,38.09524,36.36364,,,1.1824,0.7688,1.5007,0.3183,-0.4136,0.7319,1,1,1,,0.15,,,,,,,0.903,0.92,0.988,0.897,0.902,0.905,2019-09-12,2019-08-23,2019-07-23,2019-09-24,2019-09-06,2019-08-14,1.05,1.074,1.05,1.032,1.02,1.002,2019-11-14,2019-11-07,2019-10-23,2019-11-18,2019-11-11,2019-11-01,1332333,1449500,1192000,-2.01,-33.58,-1.45,0.032,0.033,-0.005,0.02,0.026,-0.007,0.02807,0.02088,-0.00583,0.0241,0.02615,-0.00634,86.465,14.949,80.0,15.152,14.672,13.651,60.0,88.235,86.364,40.0,26.667,44.0,74.194,89.286,83.333,46.875,66.667,79.167,2019-11-07,2019-10-24,2019-09-24,2019-11-19,2019-11-04,2019-09-30,2019-11-07,2019-10-31,2019-10-21,2019-11-13,2019-11-01,2019-10-30,2019-11-14,2019-11-07,2019-10-21,2019-11-18,2019-11-11,2019-11-01,2019-11-07,2019-10-23,2019-10-18,2019-11-13,2019-11-04,2019-10-21,1,0,1,0,1,0,0,1,0,0,0,0,0,1,0,1,1,0,0,0,1,0,1,0,0,0,,,,,n2p,p2n,n2p,n2p,n2n,Life.BullStart,Life.BearStart,Life.Bull,Life.BullEnd,Life.Bull,,
2019-11-20,1.05152,,,,,1.01871,0.98662,0.94105,0.86744,1.03778,1.0172,0.02058,0.0234,-0.00282,,,34.09,-2.98,1.17,-2.67,2.6,-38.06,42.29,-2.96,33.0,7.0,6.0,8.0,9.0,24.0,35.0,14.0,0.012,0.0,0.009,-0.00557,1.61538,61.76471,,,14.88971,66.66667,53.33333,,66.667,61.90476,45.2381,,,1.1918,0.7766,1.5127,0.3209,-0.4152,0.7361,1,1,1,,0.15,,,,,,,0.903,0.92,0.988,0.897,0.902,0.905,2019-09-12,2019-08-23,2019-07-23,2019-09-24,2019-09-06,2019-08-14,1.05,1.074,1.05,1.032,1.02,1.002,2019-11-14,2019-11-07,2019-10-23,2019-11-18,2019-11-11,2019-11-01,1449500,1192000,1540500,-33.58,-1.45,5.24,0.032,0.033,-0.005,0.02,0.026,-0.007,0.02807,0.02088,-0.00583,0.0241,0.02615,-0.00634,86.465,14.949,80.0,15.152,14.672,13.651,66.667,60.0,88.235,40.0,26.667,44.0,74.194,89.286,83.333,46.875,66.667,79.167,2019-11-07,2019-10-24,2019-09-24,2019-11-19,2019-11-04,2019-09-30,2019-11-07,2019-10-31,2019-10-21,2019-11-13,2019-11-01,2019-10-30,2019-11-20,2019-11-14,2019-11-07,2019-11-18,2019-11-11,2019-11-01,2019-11-07,2019-10-23,2019-10-18,2019-11-13,2019-11-04,2019-10-21,1,0,1,0,1,0,0,1,0,0,0,0,0,1,0,1,0,0,0,0,1,0,1,0,0,0,,,,,n2p,p2n,n2p,n2p,n2n,Life.BullStart,Life.BearStart,Life.Bull,Life.BullEnd,Life.Bull,,
2019-11-21,1.05437,,,,,1.02158,0.98934,0.94332,0.86931,1.04058,1.02007,0.02051,0.02282,-0.00231,,,33.73,-2.98,1.17,-2.67,2.6,-38.06,42.29,-2.96,32.0,7.0,6.0,8.0,9.0,24.0,35.0,14.0,0.0,0.0,0.009,-0.00514,1.75,63.63636,,,16.76136,61.53846,60.51282,61.538,,67.19577,55.73192,,,1.2003,0.7826,1.5227,0.3224,-0.4177,0.7401,1,1,1,,0.15,,,,,,,0.903,0.92,0.988,0.897,0.902,0.905,2019-09-12,2019-08-23,2019-07-23,2019-09-24,2019-09-06,2019-08-14,1.05,1.074,1.05,1.032,1.02,1.002,2019-11-14,2019-11-07,2019-10-23,2019-11-18,2019-11-11,2019-11-01,1192000,1540500,4641167,-1.45,5.24,76.32,0.032,0.033,-0.005,0.02,0.026,-0.007,0.02807,0.02088,-0.00583,0.0241,0.02615,-0.00634,86.465,14.949,80.0,15.152,14.672,13.651,66.667,60.0,88.235,61.538,40.0,26.667,74.194,89.286,83.333,46.875,66.667,79.167,2019-11-07,2019-10-24,2019-09-24,2019-11-19,2019-11-04,2019-09-30,2019-11-07,2019-10-31,2019-10-21,2019-11-13,2019-11-01,2019-10-30,2019-11-20,2019-11-14,2019-11-07,2019-11-21,2019-11-18,2019-11-11,2019-11-07,2019-10-23,2019-10-18,2019-11-13,2019-11-04,2019-10-21,1,0,1,0,1,0,0,1,0,0,0,0,0,1,0,1,0,0,0,1,1,0,1,0,0,0,,4641167.0,,,p2n,n2p,n2p,n2n,p2p,Life.BullStart,Life.BearStart,Life.Bull,Life.BullEnd,Life.Bull,,
2019-11-22,1.05715,,,,1.086,1.02654,0.99313,0.94615,0.87147,1.04757,1.02495,0.02261,0.02278,-0.00017,,0.023,33.38,-2.98,1.17,-2.67,2.6,-38.06,42.29,-2.96,31.0,7.0,6.0,8.0,9.0,24.0,35.0,14.0,0.03,0.0,0.00943,-0.00514,1.83333,64.70588,,64.706,17.83088,78.57143,68.92552,,78.571,73.14815,67.41623,,73.148,1.2166,0.8039,1.5507,0.3341,-0.4127,0.7468,1,1,1,,0.15,,,,,,,0.903,0.92,0.988,0.897,0.902,0.905,2019-09-12,2019-08-23,2019-07-23,2019-09-24,2019-09-06,2019-08-14,1.086,1.05,1.074,1.032,1.02,1.002,2019-11-22,2019-11-14,2019-11-07,2019-11-18,2019-11-11,2019-11-01,1540500,4641167,8446835,5.24,76.32,98.39,0.023,0.032,0.033,0.02,0.026,-0.007,0.02278,0.02807,0.02088,0.0241,0.02615,-0.00634,73.148,86.465,14.949,15.152,14.672,13.651,78.571,66.667,60.0,61.538,40.0,26.667,64.706,74.194,89.286,46.875,66.667,79.167,2019-11-22,2019-11-07,2019-10-24,2019-11-19,2019-11-04,2019-09-30,2019-11-22,2019-11-07,2019-10-31,2019-11-13,2019-11-01,2019-10-30,2019-11-22,2019-11-20,2019-11-14,2019-11-21,2019-11-18,2019-11-11,2019-11-22,2019-11-07,2019-10-23,2019-11-13,2019-11-04,2019-10-21,1,0,1,0,0,1,0,1,1,0,0,0,0,0,0,1,0,1,0,1,1,0,1,0,1,0,,,,,p2n,n2p,n2p,n2n,p2p,Life.BullStart,Life.BearStart,Life.Bull,Life.BullEnd,Life.Bull,,
2019-11-25,1.06018,,,,,1.0288,0.99559,0.94833,0.8733,1.04887,1.02725,0.02161,0.02255,-0.00094,,,33.0,-2.98,1.17,-2.67,2.6,-38.06,42.29,-2.96,30.0,7.0,6.0,8.0,9.0,24.0,35.0,14.0,-0.0,-0.03,0.00771,-0.00729,1.05882,51.42857,,,-13.27743,42.85714,60.98901,,,48.90572,63.08321,,,1.2229,0.8047,1.555,0.3321,-0.4182,0.7503,1,1,1,,0.15,,,,,,,0.903,0.92,0.988,0.897,0.902,0.905,2019-09-12,2019-08-23,2019-07-23,2019-09-24,2019-09-06,2019-08-14,1.086,1.05,1.074,1.032,1.02,1.002,2019-11-22,2019-11-14,2019-11-07,2019-11-18,2019-11-11,2019-11-01,4641167,8446835,3982834,76.32,98.39,16.7,0.023,0.032,0.033,0.02,0.026,-0.007,0.02278,0.02807,0.02088,0.0241,0.02615,-0.00634,73.148,86.465,14.949,15.152,14.672,13.651,78.571,66.667,60.0,61.538,40.0,26.667,64.706,74.194,89.286,46.875,66.667,79.167,2019-11-22,2019-11-07,2019-10-24,2019-11-19,2019-11-04,2019-09-30,2019-11-22,2019-11-07,2019-10-31,2019-11-13,2019-11-01,2019-10-30,2019-11-22,2019-11-20,2019-11-14,2019-11-21,2019-11-18,2019-11-11,2019-11-22,2019-11-07,2019-10-23,2019-11-13,2019-11-04,2019-10-21,1,0,1,0,0,1,0,1,1,0,0,0,0,0,0,1,0,1,0,1,1,0,1,0,1,0,,,,,p2n,n2p,n2p,n2n,p2p,Life.BullStart,Life.BearStart,Life.Bull,Life.BullEnd,Life.Bull,,
2019-11-26,1.06392,,,,,1.0309,0.99796,0.95046,0.87512,1.04996,1.02938,0.02058,0.02215,-0.00157,,,32.53,-2.98,1.17,-2.67,2.6,-38.06,42.29,-2.96,29.0,7.0,6.0,8.0,9.0,24.0,35.0,14.0,0.0,0.0,0.00729,-0.00729,1.0,50.0,,,-14.706,42.85714,54.7619,,,43.18182,55.07856,,,1.2284,0.8044,1.5578,0.3294,-0.424,0.7534,1,1,1,,0.15,,,,,,,0.903,0.92,0.988,0.897,0.902,0.905,2019-09-12,2019-08-23,2019-07-23,2019-09-24,2019-09-06,2019-08-14,1.086,1.05,1.074,1.032,1.02,1.002,2019-11-22,2019-11-14,2019-11-07,2019-11-18,2019-11-11,2019-11-01,8446835,3982834,2623167,98.39,16.7,-11.82,0.023,0.032,0.033,0.02,0.026,-0.007,0.02278,0.02807,0.02088,0.0241,0.02615,-0.00634,73.148,86.465,14.949,15.152,14.672,13.651,78.571,66.667,60.0,61.538,40.0,26.667,64.706,74.194,89.286,46.875,66.667,79.167,2019-11-22,2019-11-07,2019-10-24,2019-11-19,2019-11-04,2019-09-30,2019-11-22,2019-11-07,2019-10-31,2019-11-13,2019-11-01,2019-10-30,2019-11-22,2019-11-20,2019-11-14,2019-11-21,2019-11-18,2019-11-11,2019-11-22,2019-11-07,2019-10-23,2019-11-13,2019-11-04,2019-10-21,1,0,1,0,0,1,0,1,1,0,0,0,0,0,0,1,0,1,0,1,1,0,1,0,1,0,,,,,p2n,n2p,n2p,n2n,p2p,Life.BullStart,Life.BearStart,Life.Bull,Life.BullEnd,Life.Bull,,
2019-11-27,1.06934,,,1.056,,1.03283,1.00024,0.95255,0.87692,1.05089,1.03135,0.01954,0.02163,-0.00209,,,31.86,-2.98,1.17,-2.67,2.6,-38.06,42.29,-2.96,28.0,7.0,6.0,8.0,9.0,24.0,35.0,14.0,0.0,0.0,0.006,-0.00729,0.82353,45.16129,45.161,,-19.54471,42.85714,42.85714,42.857,,27.27273,39.78676,27.273,,1.2332,0.8028,1.5591,0.3259,-0.4304,0.7563,1,1,0,,,0.15,,,,,,0.903,0.92,0.988,0.897,0.902,0.905,2019-09-12,2019-08-23,2019-07-23,2019-09-24,2019-09-06,2019-08-14,1.086,1.05,1.074,1.056,1.032,1.02,2019-11-22,2019-11-14,2019-11-07,2019-11-27,2019-11-18,2019-11-11,3982834,2623167,1642166,16.7,-11.82,-45.21,0.023,0.032,0.033,0.02,0.026,-0.007,0.02278,0.02807,0.02088,0.0241,0.02615,-0.00634,73.148,86.465,14.949,27.273,15.152,14.672,78.571,66.667,60.0,42.857,61.538,40.0,64.706,74.194,89.286,45.161,46.875,66.667,2019-11-22,2019-11-07,2019-10-24,2019-11-19,2019-11-04,2019-09-30,2019-11-22,2019-11-07,2019-10-31,2019-11-27,2019-11-13,2019-11-01,2019-11-22,2019-11-20,2019-11-14,2019-11-27,2019-11-21,2019-11-18,2019-11-22,2019-11-07,2019-10-23,2019-11-27,2019-11-13,2019-11-04,1,0,1,0,0,1,0,1,1,0,0,0,0,0,0,1,0,1,0,0,1,0,1,0,1,0,,,,,p2n,n2p,n2p,n2n,p2p,Life.BearStart,Life.Bull,Life.BullEnd,Life.Bull,Life.BullRetrace,,
2019-11-28,1.07763,,,,1.062,1.03507,1.00266,0.95471,0.87876,1.0526,1.03362,0.01898,0.0211,-0.00212,,,30.84,-2.98,1.17,-2.67,2.6,-38.06,42.29,-2.96,27.0,7.0,6.0,8.0,9.0,24.0,35.0,14.0,0.006,0.0,0.00643,-0.00514,1.25,55.55556,,,10.39456,50.0,45.2381,,50.0,30.30303,33.58586,,30.303,1.239,0.8036,1.5631,0.3241,-0.4354,0.7595,1,1,0,,,0.15,,,,,,0.903,0.92,0.988,0.897,0.902,0.905,2019-09-12,2019-08-23,2019-07-23,2019-09-24,2019-09-06,2019-08-14,1.062,1.086,1.05,1.056,1.032,1.02,2019-11-28,2019-11-22,2019-11-14,2019-11-27,2019-11-18,2019-11-11,2623167,1642166,1327166,-11.82,-45.21,-32.2,0.023,0.032,0.033,0.02,0.026,-0.007,0.02278,0.02807,0.02088,0.0241,0.02615,-0.00634,30.303,73.148,86.465,27.273,15.152,14.672,50.0,78.571,66.667,42.857,61.538,40.0,64.706,74.194,89.286,45.161,46.875,66.667,2019-11-22,2019-11-07,2019-10-24,2019-11-19,2019-11-04,2019-09-30,2019-11-28,2019-11-22,2019-11-07,2019-11-27,2019-11-13,2019-11-01,2019-11-28,2019-11-22,2019-11-20,2019-11-27,2019-11-21,2019-11-18,2019-11-22,2019-11-07,2019-10-23,2019-11-27,2019-11-13,2019-11-04,1,0,1,0,0,0,0,1,1,0,0,0,1,0,0,1,1,0,0,0,1,0,1,0,1,0,,,,,p2n,n2p,n2p,n2n,p2p,Life.BearStart,Life.Bull,Life.BullEnd,Life.Bull,Life.BullRetrace,,
2019-11-29,1.08957,,,1.05,,1.03622,1.00452,0.9566,0.88047,1.0522,1.03484,0.01736,0.02035,-0.00299,0.017,,29.41,-2.98,1.17,-2.67,2.6,-38.06,42.29,-2.96,26.0,7.0,6.0,8.0,9.0,24.0,35.0,14.0,-0.0,-0.012,0.00643,-0.00429,1.5,60.0,,,14.839,35.71429,42.85714,35.714,,27.27273,28.28283,27.273,,1.2405,0.7962,1.5575,0.317,-0.4443,0.7613,0,1,0,,,,0.15,,,,,0.903,0.92,0.988,0.897,0.902,0.905,2019-09-12,2019-08-23,2019-07-23,2019-09-24,2019-09-06,2019-08-14,1.062,1.086,1.05,1.05,1.056,1.032,2019-11-28,2019-11-22,2019-11-14,2019-11-29,2019-11-27,2019-11-18,1642166,1327166,1797500,-45.21,-32.2,-14.76,0.023,0.032,0.033,0.017,0.02,0.026,0.02278,0.02807,0.02088,0.02035,0.0241,0.02615,30.303,73.148,86.465,27.273,27.273,15.152,50.0,78.571,66.667,35.714,42.857,61.538,64.706,74.194,89.286,45.161,46.875,66.667,2019-11-22,2019-11-07,2019-10-24,2019-11-29,2019-11-19,2019-11-04,2019-11-28,2019-11-22,2019-11-07,2019-11-29,2019-11-27,2019-11-13,2019-11-28,2019-11-22,2019-11-20,2019-11-29,2019-11-27,2019-11-21,2019-11-22,2019-11-07,2019-10-23,2019-11-27,2019-11-13,2019-11-04,1,0,1,0,0,0,0,0,1,0,1,0,1,0,0,1,1,0,1,0,1,0,1,0,1,1,,,,,p2n,n2p,n2p,n2n,p2p,Life.Bull,Life.BullEnd,Life.Bull,Life.BullRetrace,Life.BullEnd,,
2019-12-02,1.10516,,,,,1.04051,1.00795,0.95928,0.88257,1.05832,1.03907,0.01925,0.02013,-0.00088,,,27.58,-2.98,1.17,-2.67,2.6,-38.06,42.29,-2.96,25.0,7.0,6.0,8.0,9.0,24.0,35.0,14.0,0.042,0.0,0.00857,-0.00429,2.0,66.66667,,,21.50567,85.71429,57.14286,,85.714,48.18182,35.25253,,,1.2538,0.8123,1.5794,0.3256,-0.4415,0.7671,1,1,1,,0.15,,,,,,,0.903,0.92,0.988,0.897,0.902,0.905,2019-09-12,2019-08-23,2019-07-23,2019-09-24,2019-09-06,2019-08-14,1.062,1.086,1.05,1.05,1.056,1.032,2019-11-28,2019-11-22,2019-11-14,2019-11-29,2019-11-27,2019-11-18,1327166,1797500,3050000,-32.2,-14.76,29.53,0.023,0.032,0.033,0.017,0.02,0.026,0.02278,0.02807,0.02088,0.02035,0.0241,0.02615,30.303,73.148,86.465,27.273,27.273,15.152,85.714,50.0,78.571,35.714,42.857,61.538,64.706,74.194,89.286,45.161,46.875,66.667,2019-11-22,2019-11-07,2019-10-24,2019-11-29,2019-11-19,2019-11-04,2019-11-28,2019-11-22,2019-11-07,2019-11-29,2019-11-27,2019-11-13,2019-12-02,2019-11-28,2019-11-22,2019-11-29,2019-11-27,2019-11-21,2019-11-22,2019-11-07,2019-10-23,2019-11-27,2019-11-13,2019-11-04,1,0,1,0,0,0,0,0,1,0,1,0,1,0,0,1,0,1,1,0,1,0,1,0,1,1,3050000.0,,,,n2p,n2p,n2n,p2p,n2p,Life.BullEnd,Life.Bull,Life.BullRetrace,Life.BullEnd,Life.Bull,,
2019-12-03,1.12363,,,,1.11,1.04586,1.01195,0.96227,0.88484,1.06627,1.04433,0.02195,0.02049,0.00145,,,25.49,-2.98,1.17,-2.67,2.6,-38.06,42.29,-2.96,24.0,7.0,6.0,8.0,9.0,24.0,35.0,14.0,0.018,0.0,0.00943,-0.00429,2.2,68.75,,68.75,23.589,76.47059,65.96639,,,60.50505,45.31987,,,1.2711,0.8359,1.6102,0.3391,-0.4352,0.7743,1,1,1,,0.15,,,,,,,0.903,0.92,0.988,0.897,0.902,0.905,2019-09-12,2019-08-23,2019-07-23,2019-09-24,2019-09-06,2019-08-14,1.11,1.062,1.086,1.05,1.056,1.032,2019-12-03,2019-11-28,2019-11-22,2019-11-29,2019-11-27,2019-11-18,1797500,3050000,4410334,-14.76,29.53,49.93,0.023,0.032,0.033,0.017,0.02,0.026,0.02278,0.02807,0.02088,0.02035,0.0241,0.02615,30.303,73.148,86.465,27.273,27.273,15.152,85.714,50.0,78.571,35.714,42.857,61.538,68.75,64.706,74.194,45.161,46.875,66.667,2019-11-22,2019-11-07,2019-10-24,2019-11-29,2019-11-19,2019-11-04,2019-11-28,2019-11-22,2019-11-07,2019-11-29,2019-11-27,2019-11-13,2019-12-02,2019-11-28,2019-11-22,2019-11-29,2019-11-27,2019-11-21,2019-12-03,2019-11-22,2019-11-07,2019-11-27,2019-11-13,2019-11-04,1,0,1,0,0,1,0,0,1,0,1,0,1,0,0,1,0,1,1,0,0,0,1,0,1,1,,,,,n2p,n2p,n2n,p2p,n2p,Life.BullEnd,Life.Bull,Life.BullRetrace,Life.BullEnd,Life.Bull,,
2019-12-04,1.1437,,,1.098,,1.04987,1.01532,0.96496,0.88696,1.07115,1.0483,0.02285,0.02097,0.00189,,,23.28,-2.98,1.17,-2.67,2.6,-38.06,42.29,-2.96,23.0,7.0,6.0,8.0,9.0,24.0,35.0,14.0,-0.0,-0.012,0.00857,-0.00514,1.66667,62.5,62.5,,-6.25,64.70588,75.63025,64.706,,74.44444,61.04377,,,1.2836,0.8491,1.6291,0.3455,-0.4345,0.78,1,1,1,,0.15,,,,,,,0.903,0.92,0.988,0.897,0.902,0.905,2019-09-12,2019-08-23,2019-07-23,2019-09-24,2019-09-06,2019-08-14,1.11,1.062,1.086,1.098,1.05,1.056,2019-12-03,2019-11-28,2019-11-22,2019-12-04,2019-11-29,2019-11-27,3050000,4410334,3131833,29.53,49.93,14.41,0.023,0.032,0.033,0.017,0.02,0.026,0.02278,0.02807,0.02088,0.02035,0.0241,0.02615,30.303,73.148,86.465,27.273,27.273,15.152,85.714,50.0,78.571,64.706,35.714,42.857,68.75,64.706,74.194,62.5,45.161,46.875,2019-11-22,2019-11-07,2019-10-24,2019-11-29,2019-11-19,2019-11-04,2019-11-28,2019-11-22,2019-11-07,2019-11-29,2019-11-27,2019-11-13,2019-12-02,2019-11-28,2019-11-22,2019-12-04,2019-11-29,2019-11-27,2019-12-03,2019-11-22,2019-11-07,2019-12-04,2019-11-27,2019-11-13,1,0,1,0,0,1,0,1,1,0,1,0,1,0,0,1,0,1,0,1,0,0,0,1,1,1,,,,,n2p,n2p,n2n,p2p,n2p,Life.BullEnd,Life.Bull,Life.BullRetrace,Life.BullEnd,Life.Bull,,
2019-12-05,1.16387,,,,,1.05865,1.02115,0.9689,0.88971,1.08544,1.05687,0.02857,0.02249,0.00608,,,21.15,-2.98,1.17,-2.67,2.6,-38.06,42.29,-2.96,22.0,7.0,6.0,8.0,9.0,24.0,35.0,14.0,0.066,0.0,0.01329,-0.00386,3.44444,77.5,,,15.0,100.0,80.39216,,100.0,77.77778,70.90909,,,1.3144,0.8975,1.6894,0.375,-0.4169,0.7919,1,1,1,,0.15,,,,,,,0.903,0.92,0.988,0.897,0.902,0.905,2019-09-12,2019-08-23,2019-07-23,2019-09-24,2019-09-06,2019-08-14,1.11,1.062,1.086,1.098,1.05,1.056,2019-12-03,2019-11-28,2019-11-22,2019-12-04,2019-11-29,2019-11-27,4410334,3131833,5534667,49.93,14.41,23.46,0.023,0.032,0.033,0.017,0.02,0.026,0.02278,0.02807,0.02088,0.02035,0.0241,0.02615,30.303,73.148,86.465,27.273,27.273,15.152,100.0,85.714,50.0,64.706,35.714,42.857,68.75,64.706,74.194,62.5,45.161,46.875,2019-11-22,2019-11-07,2019-10-24,2019-11-29,2019-11-19,2019-11-04,2019-11-28,2019-11-22,2019-11-07,2019-11-29,2019-11-27,2019-11-13,2019-12-05,2019-12-02,2019-11-28,2019-12-04,2019-11-29,2019-11-27,2019-12-03,2019-11-22,2019-11-07,2019-12-04,2019-11-27,2019-11-13,1,0,1,0,0,1,0,1,1,0,1,0,1,0,0,1,0,1,0,1,0,0,0,1,1,1,,,,,n2p,n2p,n2n,p2p,n2p,Life.BullEnd,Life.Bull,Life.BullRetrace,Life.BullEnd,Life.Bull,,
2019-12-06,1.18286,,,,,1.07321,1.03005,0.97442,0.89328,1.11045,1.07103,0.03942,0.02587,0.01355,,,19.2,-2.98,1.17,-2.67,2.6,-38.06,42.29,-2.96,21.0,7.0,6.0,8.0,9.0,24.0,35.0,14.0,0.084,0.0,0.01929,-0.00386,5.0,83.33333,,,20.83333,97.22222,87.30937,,,85.625,79.28241,,85.625,1.3677,0.9879,1.7993,0.4316,-0.3798,0.8114,1,1,1,,0.15,,,,,,,0.903,0.92,0.988,0.897,0.902,0.905,2019-09-12,2019-08-23,2019-07-23,2019-09-24,2019-09-06,2019-08-14,1.11,1.062,1.086,1.098,1.05,1.056,2019-12-03,2019-11-28,2019-11-22,2019-12-04,2019-11-29,2019-11-27,3131833,5534667,12682502,14.41,23.46,63.26,0.023,0.032,0.033,0.017,0.02,0.026,0.02278,0.02807,0.02088,0.02035,0.0241,0.02615,85.625,30.303,73.148,27.273,27.273,15.152,100.0,85.714,50.0,64.706,35.714,42.857,68.75,64.706,74.194,62.5,45.161,46.875,2019-11-22,2019-11-07,2019-10-24,2019-11-29,2019-11-19,2019-11-04,2019-12-06,2019-11-28,2019-11-22,2019-11-29,2019-11-27,2019-11-13,2019-12-05,2019-12-02,2019-11-28,2019-12-04,2019-11-29,2019-11-27,2019-12-03,2019-11-22,2019-11-07,2019-12-04,2019-11-27,2019-11-13,1,0,1,0,0,1,0,1,1,0,1,0,0,1,0,1,0,1,0,1,0,0,0,1,1,1,,,,,n2p,n2p,n2n,p2p,n2p,Life.BullEnd,Life.Bull,Life.BullRetrace,Life.BullEnd,Life.Bull,,
2019-12-09,1.19995,,,,1.26,1.08758,1.03907,0.98008,0.89693,1.13346,1.08503,0.04843,0.03038,0.01804,,,17.5,-2.98,1.17,-2.67,2.6,-38.06,42.29,-2.96,20.0,7.0,6.0,8.0,9.0,24.0,35.0,14.0,0.012,0.0,0.01929,-0.00386,5.0,83.33333,,83.333,20.83333,64.91228,87.37817,,,85.06944,82.82407,,,1.4214,1.075,1.9065,0.4851,-0.3464,0.8315,1,1,1,,0.15,,,,,,,0.903,0.92,0.988,0.897,0.902,0.905,2019-09-12,2019-08-23,2019-07-23,2019-09-24,2019-09-06,2019-08-14,1.26,1.11,1.062,1.098,1.05,1.056,2019-12-09,2019-12-03,2019-11-28,2019-12-04,2019-11-29,2019-11-27,5534667,12682502,18780337,23.46,63.26,73.3,0.023,0.032,0.033,0.017,0.02,0.026,0.02278,0.02807,0.02088,0.02035,0.0241,0.02615,85.625,30.303,73.148,27.273,27.273,15.152,100.0,85.714,50.0,64.706,35.714,42.857,83.333,68.75,64.706,62.5,45.161,46.875,2019-11-22,2019-11-07,2019-10-24,2019-11-29,2019-11-19,2019-11-04,2019-12-06,2019-11-28,2019-11-22,2019-11-29,2019-11-27,2019-11-13,2019-12-05,2019-12-02,2019-11-28,2019-12-04,2019-11-29,2019-11-27,2019-12-09,2019-12-03,2019-11-22,2019-12-04,2019-11-27,2019-11-13,1,0,1,0,0,1,0,1,1,0,1,0,0,1,0,1,0,1,0,1,0,1,0,1,1,1,,,,,n2p,n2p,n2n,p2p,n2p,Life.BullEnd,Life.Bull,Life.BullRetrace,Life.BullEnd,Life.Bull,,
2019-12-10,1.21462,,,,,1.09854,1.04655,0.98503,0.90024,1.14831,1.09577,0.05254,0.03482,0.01773,,,16.09,-2.98,1.17,-2.67,2.6,-38.06,42.29,-2.96,19.0,7.0,6.0,8.0,9.0,24.0,35.0,14.0,-0.0,-0.03,0.01843,-0.006,3.07143,75.4386,,,-7.8944,56.14035,72.75828,,,67.70833,79.46759,,,1.4631,1.1351,1.983,0.5199,-0.328,0.8479,1,1,1,,0.15,,,,,,,0.903,0.92,0.988,0.897,0.902,0.905,2019-09-12,2019-08-23,2019-07-23,2019-09-24,2019-09-06,2019-08-14,1.26,1.11,1.062,1.098,1.05,1.056,2019-12-09,2019-12-03,2019-11-28,2019-12-04,2019-11-29,2019-11-27,12682502,18780337,7745001,63.26,73.3,5.97,0.023,0.032,0.033,0.017,0.02,0.026,0.02278,0.02807,0.02088,0.02035,0.0241,0.02615,85.625,30.303,73.148,27.273,27.273,15.152,100.0,85.714,50.0,64.706,35.714,42.857,83.333,68.75,64.706,62.5,45.161,46.875,2019-11-22,2019-11-07,2019-10-24,2019-11-29,2019-11-19,2019-11-04,2019-12-06,2019-11-28,2019-11-22,2019-11-29,2019-11-27,2019-11-13,2019-12-05,2019-12-02,2019-11-28,2019-12-04,2019-11-29,2019-11-27,2019-12-09,2019-12-03,2019-11-22,2019-12-04,2019-11-27,2019-11-13,1,0,1,0,0,1,0,1,1,0,1,0,0,1,0,1,0,1,0,1,0,1,0,1,1,1,,,,,n2p,n2p,n2n,p2p,n2p,Life.BullEnd,Life.Bull,Life.BullRetrace,Life.BullEnd,Life.Bull,,
2019-12-11,1.22672,,,,,1.10865,1.05375,0.98988,0.90352,1.16088,1.10571,0.05517,0.03889,0.01628,,,14.94,-2.98,1.17,-2.67,2.6,-38.06,42.29,-2.96,18.0,7.0,6.0,8.0,9.0,24.0,35.0,14.0,0.0,0.0,0.01843,-0.006,3.07143,75.4386,,,-7.8944,56.14035,59.06433,,,51.0195,67.93243,,,1.5023,1.1877,2.0513,0.549,-0.3146,0.8636,1,1,1,,0.15,,,,,,,0.903,0.92,0.988,0.897,0.902,0.905,2019-09-12,2019-08-23,2019-07-23,2019-09-24,2019-09-06,2019-08-14,1.26,1.11,1.062,1.098,1.05,1.056,2019-12-09,2019-12-03,2019-11-28,2019-12-04,2019-11-29,2019-11-27,18780337,7745001,2446500,73.3,5.97,-26.11,0.023,0.032,0.033,0.017,0.02,0.026,0.02278,0.02807,0.02088,0.02035,0.0241,0.02615,85.625,30.303,73.148,27.273,27.273,15.152,100.0,85.714,50.0,64.706,35.714,42.857,83.333,68.75,64.706,62.5,45.161,46.875,2019-11-22,2019-11-07,2019-10-24,2019-11-29,2019-11-19,2019-11-04,2019-12-06,2019-11-28,2019-11-22,2019-11-29,2019-11-27,2019-11-13,2019-12-05,2019-12-02,2019-11-28,2019-12-04,2019-11-29,2019-11-27,2019-12-09,2019-12-03,2019-11-22,2019-12-04,2019-11-27,2019-11-13,1,0,1,0,0,1,0,1,1,0,1,0,0,1,0,1,0,1,0,1,0,1,0,1,1,1,,,,,n2p,n2p,n2n,p2p,n2p,Life.BullEnd,Life.Bull,Life.BullRetrace,Life.BullEnd,Life.Bull,,
2019-12-12,1.23669,,,1.206,,1.11614,1.05972,0.99416,0.90653,1.16782,1.11314,0.05468,0.04204,0.01264,,,14.01,-2.98,1.17,-2.67,2.6,-38.06,42.29,-2.96,17.0,7.0,6.0,8.0,9.0,24.0,35.0,14.0,-0.0,-0.024,0.01629,-0.00771,2.11111,67.85714,67.857,,-15.47586,49.12281,53.80117,49.123,,38.05654,52.26146,,,1.5319,1.2198,2.0961,0.5642,-0.3121,0.8763,1,1,1,,0.15,,,,,,,0.903,0.92,0.988,0.897,0.902,0.905,2019-09-12,2019-08-23,2019-07-23,2019-09-24,2019-09-06,2019-08-14,1.26,1.11,1.062,1.206,1.098,1.05,2019-12-09,2019-12-03,2019-11-28,2019-12-12,2019-12-04,2019-11-29,7745001,2446500,4077334,5.97,-26.11,-50.75,0.023,0.032,0.033,0.017,0.02,0.026,0.02278,0.02807,0.02088,0.02035,0.0241,0.02615,85.625,30.303,73.148,27.273,27.273,15.152,100.0,85.714,50.0,49.123,64.706,35.714,83.333,68.75,64.706,67.857,62.5,45.161,2019-11-22,2019-11-07,2019-10-24,2019-11-29,2019-11-19,2019-11-04,2019-12-06,2019-11-28,2019-11-22,2019-11-29,2019-11-27,2019-11-13,2019-12-05,2019-12-02,2019-11-28,2019-12-12,2019-12-04,2019-11-29,2019-12-09,2019-12-03,2019-11-22,2019-12-12,2019-12-04,2019-11-27,1,0,1,0,0,1,0,1,1,0,1,0,0,1,0,1,0,1,0,0,0,1,0,1,1,1,,,,,n2p,n2p,n2n,p2p,n2p,Life.BullEnd,Life.Bull,Life.BullRetrace,Life.BullEnd,Life.Bull,,
2019-12-13,1.24508,,,,,1.1249,1.0664,0.99883,0.90975,1.17739,1.12179,0.05559,0.04475,0.01084,,,13.25,-2.98,1.17,-2.67,2.6,-38.06,42.29,-2.96,16.0,7.0,6.0,8.0,9.0,24.0,35.0,14.0,0.024,0.0,0.018,-0.00557,3.23077,76.36364,,,8.50664,56.14035,53.80117,,,26.68202,38.58602,,,1.5665,1.2607,2.1515,0.585,-0.3058,0.8908,1,1,1,,0.15,,,,,,,0.903,0.92,0.988,0.897,0.902,0.905,2019-09-12,2019-08-23,2019-07-23,2019-09-24,2019-09-06,2019-08-14,1.26,1.11,1.062,1.206,1.098,1.05,2019-12-09,2019-12-03,2019-11-28,2019-12-12,2019-12-04,2019-11-29,2446500,4077334,4690334,-26.11,-50.75,-21.41,0.023,0.032,0.033,0.017,0.02,0.026,0.02278,0.02807,0.02088,0.02035,0.0241,0.02615,85.625,30.303,73.148,27.273,27.273,15.152,100.0,85.714,50.0,49.123,64.706,35.714,83.333,68.75,64.706,67.857,62.5,45.161,2019-11-22,2019-11-07,2019-10-24,2019-11-29,2019-11-19,2019-11-04,2019-12-06,2019-11-28,2019-11-22,2019-11-29,2019-11-27,2019-11-13,2019-12-05,2019-12-02,2019-11-28,2019-12-12,2019-12-04,2019-11-29,2019-12-09,2019-12-03,2019-11-22,2019-12-12,2019-12-04,2019-11-27,1,0,1,0,0,1,0,1,1,0,1,0,0,1,0,1,0,1,0,0,0,1,0,1,1,1,,,,,n2p,n2p,n2n,p2p,n2p,Life.BullEnd,Life.Bull,Life.BullRetrace,Life.BullEnd,Life.Bull,,
2019-12-16,1.25228,,,,,1.13344,1.07305,1.00352,0.913,1.1864,1.13025,0.05615,0.04703,0.00912,,,12.59,-2.98,1.17,-2.67,2.6,-38.06,42.29,-2.96,15.0,7.0,6.0,8.0,9.0,24.0,35.0,14.0,0.006,0.0,0.01843,-0.00557,3.30769,76.78571,,,8.92871,57.14286,54.13534,,,21.49585,28.7448,21.496,,1.6005,1.2992,2.2044,0.6039,-0.3013,0.9052,1,1,1,,0.15,,,,,,,0.903,0.92,0.988,0.897,0.902,0.905,2019-09-12,2019-08-23,2019-07-23,2019-09-24,2019-09-06,2019-08-14,1.26,1.11,1.062,1.206,1.098,1.05,2019-12-09,2019-12-03,2019-11-28,2019-12-12,2019-12-04,2019-11-29,4077334,4690334,5029001,-50.75,-21.41,23.03,0.023,0.032,0.033,0.017,0.02,0.026,0.02278,0.02807,0.02088,0.02035,0.0241,0.02615,85.625,30.303,73.148,21.496,27.273,27.273,100.0,85.714,50.0,49.123,64.706,35.714,83.333,68.75,64.706,67.857,62.5,45.161,2019-11-22,2019-11-07,2019-10-24,2019-11-29,2019-11-19,2019-11-04,2019-12-06,2019-11-28,2019-11-22,2019-12-16,2019-11-29,2019-11-27,2019-12-05,2019-12-02,2019-11-28,2019-12-12,2019-12-04,2019-11-29,2019-12-09,2019-12-03,2019-11-22,2019-12-12,2019-12-04,2019-11-27,1,0,1,0,0,1,0,1,1,0,1,0,0,1,1,0,0,1,0,0,0,1,0,1,1,1,5029001.0,,,,n2p,n2n,p2p,n2p,n2p,Life.BullEnd,Life.Bull,Life.BullRetrace,Life.BullEnd,Life.Bull,,
2019-12-17,1.25902,,,,,1.14502,1.08132,1.00908,0.91669,1.20142,1.14164,0.05977,0.04958,0.01019,,,11.99,-2.98,1.17,-2.67,2.6,-38.06,42.29,-2.96,14.0,7.0,6.0,8.0,9.0,24.0,35.0,14.0,0.048,0.0,0.02186,-0.00557,3.92308,79.6875,,79.687,11.8305,71.42857,61.57059,,,48.3477,32.17519,,,1.6463,1.3594,2.2833,0.637,-0.2869,0.9239,1,1,1,,0.15,,,,,,,0.903,0.92,0.988,0.897,0.902,0.905,2019-09-12,2019-08-23,2019-07-23,2019-09-24,2019-09-06,2019-08-14,1.26,1.11,1.062,1.206,1.098,1.05,2019-12-09,2019-12-03,2019-11-28,2019-12-12,2019-12-04,2019-11-29,4690334,5029001,8118668,-21.41,23.03,29.29,0.023,0.032,0.033,0.017,0.02,0.026,0.02278,0.02807,0.02088,0.02035,0.0241,0.02615,85.625,30.303,73.148,21.496,27.273,27.273,100.0,85.714,50.0,49.123,64.706,35.714,79.687,83.333,68.75,67.857,62.5,45.161,2019-11-22,2019-11-07,2019-10-24,2019-11-29,2019-11-19,2019-11-04,2019-12-06,2019-11-28,2019-11-22,2019-12-16,2019-11-29,2019-11-27,2019-12-05,2019-12-02,2019-11-28,2019-12-12,2019-12-04,2019-11-29,2019-12-17,2019-12-09,2019-12-03,2019-12-12,2019-12-04,2019-11-27,1,0,1,0,0,1,0,1,1,0,1,0,0,1,1,0,0,1,0,0,0,0,0,1,1,1,,,,,n2p,n2n,p2p,n2p,n2p,Life.BullEnd,Life.Bull,Life.BullRetrace,Life.BullEnd,Life.Bull,,
2019-12-18,1.26648,,,,1.284,1.15571,1.08927,1.01452,0.92034,1.21412,1.15219,0.06193,0.05205,0.00988,,0.062,11.33,-2.98,1.17,-2.67,2.6,-38.06,42.29,-2.96,13.0,7.0,6.0,8.0,9.0,24.0,35.0,14.0,0.0,0.0,0.02143,-0.00557,3.84615,79.36508,,,-0.32192,71.42857,66.66667,,71.429,66.55702,45.46686,,,1.6893,1.4119,2.3537,0.6644,-0.2774,0.9418,1,1,1,,0.15,,,,,,,0.903,0.92,0.988,0.897,0.902,0.905,2019-09-12,2019-08-23,2019-07-23,2019-09-24,2019-09-06,2019-08-14,1.284,1.26,1.11,1.206,1.098,1.05,2019-12-18,2019-12-09,2019-12-03,2019-12-12,2019-12-04,2019-11-29,5029001,8118668,5297667,23.03,29.29,3.4,0.062,0.023,0.032,0.017,0.02,0.026,0.05205,0.02278,0.02807,0.02035,0.0241,0.02615,85.625,30.303,73.148,21.496,27.273,27.273,71.429,100.0,85.714,49.123,64.706,35.714,79.687,83.333,68.75,67.857,62.5,45.161,2019-12-18,2019-11-22,2019-11-07,2019-11-29,2019-11-19,2019-11-04,2019-12-06,2019-11-28,2019-11-22,2019-12-16,2019-11-29,2019-11-27,2019-12-18,2019-12-05,2019-12-02,2019-12-12,2019-12-04,2019-11-29,2019-12-17,2019-12-09,2019-12-03,2019-12-12,2019-12-04,2019-11-27,1,0,1,0,0,1,0,1,0,1,1,0,0,1,1,0,1,0,0,0,0,0,0,1,1,1,,,,,n2p,n2n,p2p,n2p,n2p,Life.BullEnd,Life.Bull,Life.BullRetrace,Life.BullEnd,Life.Bull,,
2019-12-19,1.27538,,,1.266,,1.1642,1.0962,1.0195,0.92378,1.2221,1.16062,0.06149,0.05394,0.00755,0.061,,10.56,-2.98,1.17,-2.67,2.6,-38.06,42.29,-2.96,12.0,7.0,6.0,8.0,9.0,24.0,35.0,14.0,-0.0,-0.018,0.02143,-0.006,3.57143,78.125,,,-1.562,64.15094,69.0027,64.151,,72.80702,62.57058,,72.807,1.7242,1.447,2.4042,0.68,-0.2772,0.9572,1,1,1,,0.15,,,,,,,0.903,0.92,0.988,0.897,0.902,0.905,2019-09-12,2019-08-23,2019-07-23,2019-09-24,2019-09-06,2019-08-14,1.284,1.26,1.11,1.266,1.206,1.098,2019-12-18,2019-12-09,2019-12-03,2019-12-19,2019-12-12,2019-12-04,8118668,5297667,15155279,29.29,3.4,54.9,0.062,0.023,0.032,0.061,0.017,0.02,0.05205,0.02278,0.02807,0.05394,0.02035,0.0241,72.807,85.625,30.303,21.496,27.273,27.273,71.429,100.0,85.714,64.151,49.123,64.706,79.687,83.333,68.75,67.857,62.5,45.161,2019-12-18,2019-11-22,2019-11-07,2019-12-19,2019-11-29,2019-11-19,2019-12-19,2019-12-06,2019-11-28,2019-12-16,2019-11-29,2019-11-27,2019-12-18,2019-12-05,2019-12-02,2019-12-19,2019-12-12,2019-12-04,2019-12-17,2019-12-09,2019-12-03,2019-12-12,2019-12-04,2019-11-27,1,0,1,0,0,1,0,1,0,1,0,1,0,0,1,0,1,0,0,0,0,0,0,1,1,1,,-15155279.0,,,n2n,p2p,n2p,n2p,p2p,Life.BullEnd,Life.Bull,Life.BullRetrace,Life.BullEnd,Life.Bull,,
2019-12-20,1.28628,,,,,1.17387,1.1038,1.02486,0.92743,1.23255,1.1702,0.06235,0.05562,0.00673,,,9.62,-2.98,1.17,-2.67,2.6,-38.06,42.29,-2.96,11.0,7.0,6.0,8.0,9.0,24.0,35.0,14.0,0.024,0.0,0.02014,-0.006,3.35714,77.04918,,,-2.63782,66.44295,67.34082,,,51.97368,63.77924,,,1.7637,1.4901,2.4644,0.7007,-0.2736,0.9743,1,1,1,,0.15,,,,,,,0.903,0.92,0.988,0.897,0.902,0.905,2019-09-12,2019-08-23,2019-07-23,2019-09-24,2019-09-06,2019-08-14,1.284,1.26,1.11,1.266,1.206,1.098,2019-12-18,2019-12-09,2019-12-03,2019-12-19,2019-12-12,2019-12-04,5297667,15155279,9859600,3.4,54.9,6.09,0.062,0.023,0.032,0.061,0.017,0.02,0.05205,0.02278,0.02807,0.05394,0.02035,0.0241,72.807,85.625,30.303,21.496,27.273,27.273,71.429,100.0,85.714,64.151,49.123,64.706,79.687,83.333,68.75,67.857,62.5,45.161,2019-12-18,2019-11-22,2019-11-07,2019-12-19,2019-11-29,2019-11-19,2019-12-19,2019-12-06,2019-11-28,2019-12-16,2019-11-29,2019-11-27,2019-12-18,2019-12-05,2019-12-02,2019-12-19,2019-12-12,2019-12-04,2019-12-17,2019-12-09,2019-12-03,2019-12-12,2019-12-04,2019-11-27,1,0,1,0,0,1,0,1,0,1,0,1,0,0,1,0,1,0,0,0,0,0,0,1,1,1,,,,,n2n,p2p,n2p,n2p,p2p,Life.BullEnd,Life.Bull,Life.BullRetrace,Life.BullEnd,Life.Bull,,
2019-12-23,1.29999,,,,1.3,1.18358,1.11149,1.03031,0.93113,1.24293,1.17982,0.06311,0.05712,0.00599,,0.063,8.46,-2.98,1.17,-2.67,2.6,-38.06,42.29,-2.96,10.0,7.0,6.0,8.0,9.0,24.0,35.0,14.0,0.01,0.0,0.01957,-0.006,3.2619,76.53631,,,-3.15069,69.79866,66.79752,,69.799,43.01948,55.93339,,,1.8036,1.5327,2.5245,0.7209,-0.2709,0.9918,1,1,1,,0.15,,,,,,,0.903,0.92,0.988,0.897,0.902,0.905,2019-09-12,2019-08-23,2019-07-23,2019-09-24,2019-09-06,2019-08-14,1.3,1.284,1.26,1.266,1.206,1.098,2019-12-23,2019-12-18,2019-12-09,2019-12-19,2019-12-12,2019-12-04,15155279,9859600,3020300,54.9,6.09,-7.51,0.063,0.062,0.023,0.061,0.017,0.02,0.05712,0.05205,0.02278,0.05394,0.02035,0.0241,72.807,85.625,30.303,21.496,27.273,27.273,69.799,71.429,100.0,64.151,49.123,64.706,79.687,83.333,68.75,67.857,62.5,45.161,2019-12-23,2019-12-18,2019-11-22,2019-12-19,2019-11-29,2019-11-19,2019-12-19,2019-12-06,2019-11-28,2019-12-16,2019-11-29,2019-11-27,2019-12-23,2019-12-18,2019-12-05,2019-12-19,2019-12-12,2019-12-04,2019-12-17,2019-12-09,2019-12-03,2019-12-12,2019-12-04,2019-11-27,1,0,1,0,0,1,0,1,0,1,0,1,0,0,1,0,1,0,0,0,0,0,0,1,1,1,,,,,n2n,p2p,n2p,n2p,p2p,Life.BullEnd,Life.Bull,Life.BullRetrace,Life.BullEnd,Life.Bull,,
2019-12-24,1.31657,,,,,1.19099,1.1181,1.03525,0.93461,1.24863,1.18724,0.06139,0.05797,0.00342,,,7.1,-2.98,1.17,-2.67,2.6,-38.06,42.29,-2.96,9.0,7.0,6.0,8.0,9.0,24.0,35.0,14.0,-0.0,-0.02,0.01957,-0.00657,2.97826,74.86339,,,-4.82361,62.32877,66.19013,,,31.48102,42.15806,,,1.8349,1.5574,2.5638,0.7289,-0.2775,1.0064,1,1,1,,0.15,,,,,,,0.903,0.92,0.988,0.897,0.902,0.905,2019-09-12,2019-08-23,2019-07-23,2019-09-24,2019-09-06,2019-08-14,1.3,1.284,1.26,1.266,1.206,1.098,2019-12-23,2019-12-18,2019-12-09,2019-12-19,2019-12-12,2019-12-04,9859600,3020300,2875100,6.09,-7.51,-43.8,0.063,0.062,0.023,0.061,0.017,0.02,0.05712,0.05205,0.02278,0.05394,0.02035,0.0241,72.807,85.625,30.303,21.496,27.273,27.273,69.799,71.429,100.0,64.151,49.123,64.706,79.687,83.333,68.75,67.857,62.5,45.161,2019-12-23,2019-12-18,2019-11-22,2019-12-19,2019-11-29,2019-11-19,2019-12-19,2019-12-06,2019-11-28,2019-12-16,2019-11-29,2019-11-27,2019-12-23,2019-12-18,2019-12-05,2019-12-19,2019-12-12,2019-12-04,2019-12-17,2019-12-09,2019-12-03,2019-12-12,2019-12-04,2019-11-27,1,0,1,0,0,1,0,1,0,1,0,1,0,0,1,0,1,0,0,0,0,0,0,1,1,1,,,,,n2n,p2p,n2p,n2p,p2p,Life.BullEnd,Life.Bull,Life.BullRetrace,Life.BullEnd,Life.Bull,,
2019-12-26,1.33536,,,1.27,,1.19707,1.12406,1.0399,0.93794,1.25192,1.19337,0.05855,0.05809,0.00046,0.059,,5.59,-2.98,1.17,-2.67,2.6,-38.06,42.29,-2.96,7.0,7.0,6.0,8.0,9.0,24.0,35.0,14.0,-0.0,-0.01,0.01486,-0.00729,2.03922,67.09677,,,-12.59023,46.90265,59.67669,46.903,,23.74292,32.74781,23.743,,1.8612,1.5717,2.5913,0.7301,-0.2895,1.0196,1,1,1,,0.15,,,,,,,0.903,0.92,0.988,0.897,0.902,0.905,2019-09-12,2019-08-23,2019-07-23,2019-09-24,2019-09-06,2019-08-14,1.3,1.284,1.26,1.27,1.266,1.206,2019-12-23,2019-12-18,2019-12-09,2019-12-26,2019-12-19,2019-12-12,3020300,2875100,2683000,-7.51,-43.8,-45.55,0.063,0.062,0.023,0.059,0.061,0.017,0.05712,0.05205,0.02278,0.05809,0.05394,0.02035,72.807,85.625,30.303,23.743,21.496,27.273,69.799,71.429,100.0,46.903,64.151,49.123,79.687,83.333,68.75,67.857,62.5,45.161,2019-12-23,2019-12-18,2019-11-22,2019-12-26,2019-12-19,2019-11-29,2019-12-19,2019-12-06,2019-11-28,2019-12-26,2019-12-16,2019-11-29,2019-12-23,2019-12-18,2019-12-05,2019-12-26,2019-12-19,2019-12-12,2019-12-17,2019-12-09,2019-12-03,2019-12-12,2019-12-04,2019-11-27,1,0,1,0,0,1,0,1,0,1,0,0,0,0,0,0,1,0,1,0,0,0,0,1,1,1,,,,,n2n,p2p,n2p,n2p,p2p,Life.BullEnd,Life.Bull,Life.BullRetrace,Life.BullEnd,Life.Bull,,
2019-12-27,1.3551,,,,,1.20653,1.13174,1.04545,0.94174,1.26239,1.20275,0.05964,0.0584,0.00124,,,4.05,-2.98,1.17,-2.67,2.6,-38.06,42.29,-2.96,6.0,7.0,6.0,8.0,9.0,24.0,35.0,14.0,0.05,0.0,0.01243,-0.00729,1.70588,63.04348,63.043,,-16.64352,61.95652,57.06265,,,26.55678,27.26024,,,1.9,1.6108,2.6479,0.7479,-0.2892,1.0371,1,1,1,,0.15,,,,,,,0.903,0.92,0.988,0.897,0.902,0.905,2019-09-12,2019-08-23,2019-07-23,2019-09-24,2019-09-06,2019-08-14,1.3,1.284,1.26,1.27,1.266,1.206,2019-12-23,2019-12-18,2019-12-09,2019-12-26,2019-12-19,2019-12-12,2875100,2683000,4150900,-43.8,-45.55,13.18,0.063,0.062,0.023,0.059,0.061,0.017,0.05712,0.05205,0.02278,0.05809,0.05394,0.02035,72.807,85.625,30.303,23.743,21.496,27.273,69.799,71.429,100.0,46.903,64.151,49.123,79.687,83.333,68.75,63.043,67.857,62.5,2019-12-23,2019-12-18,2019-11-22,2019-12-26,2019-12-19,2019-11-29,2019-12-19,2019-12-06,2019-11-28,2019-12-26,2019-12-16,2019-11-29,2019-12-23,2019-12-18,2019-12-05,2019-12-26,2019-12-19,2019-12-12,2019-12-17,2019-12-09,2019-12-03,2019-12-27,2019-12-12,2019-12-04,1,0,1,0,0,1,0,1,0,1,0,0,0,0,0,0,1,0,1,0,0,0,0,0,1,1,4150900.0,,,,p2p,n2p,n2p,p2p,n2p,Life.BullEnd,Life.Bull,Life.BullRetrace,Life.BullEnd,Life.Bull,,
2019-12-30,1.37403,,,,1.41,1.22218,1.14265,1.05267,0.9464,1.2851,1.2181,0.067,0.06012,0.00688,,,2.62,-2.98,1.17,-2.67,2.6,-38.06,42.29,-2.96,5.0,7.0,6.0,8.0,9.0,24.0,35.0,14.0,0.09,0.0,0.018,-0.00729,2.47059,71.18644,,,8.14344,95.3271,68.06209,,95.327,52.80112,34.36694,,,1.9625,1.6951,2.7578,0.7953,-0.2674,1.0627,1,1,1,,0.15,,,,,,,0.903,0.92,0.988,0.897,0.902,0.905,2019-09-12,2019-08-23,2019-07-23,2019-09-24,2019-09-06,2019-08-14,1.41,1.3,1.284,1.27,1.266,1.206,2019-12-30,2019-12-23,2019-12-18,2019-12-26,2019-12-19,2019-12-12,2683000,4150900,10233500,-45.55,13.18,75.79,0.063,0.062,0.023,0.059,0.061,0.017,0.05712,0.05205,0.02278,0.05809,0.05394,0.02035,72.807,85.625,30.303,23.743,21.496,27.273,95.327,69.799,71.429,46.903,64.151,49.123,79.687,83.333,68.75,63.043,67.857,62.5,2019-12-23,2019-12-18,2019-11-22,2019-12-26,2019-12-19,2019-11-29,2019-12-19,2019-12-06,2019-11-28,2019-12-26,2019-12-16,2019-11-29,2019-12-30,2019-12-23,2019-12-18,2019-12-26,2019-12-19,2019-12-12,2019-12-17,2019-12-09,2019-12-03,2019-12-27,2019-12-12,2019-12-04,1,0,1,0,0,1,0,1,0,1,0,0,0,0,0,0,0,1,1,0,0,0,0,0,1,1,,10233500.0,,,n2p,n2p,p2p,n2p,p2p,Life.BullEnd,Life.Bull,Life.BullRetrace,Life.BullEnd,Life.Bull,,
2019-12-31,1.39032,,,1.39,,1.23509,1.15235,1.05935,0.95082,1.30124,1.23083,0.07041,0.06218,0.00823,,,1.42,-2.98,1.17,-2.67,2.6,-38.06,42.29,-2.96,4.0,7.0,6.0,8.0,9.0,24.0,35.0,14.0,-0.0,-0.02,0.018,-0.00657,2.73913,73.25581,,,10.21281,85.98131,81.08831,85.981,,75.4902,51.61603,,,2.0153,1.7574,2.8427,0.8274,-0.2579,1.0853,1,1,1,,0.15,,,,,,,0.903,0.92,0.988,0.897,0.902,0.905,2019-09-12,2019-08-23,2019-07-23,2019-09-24,2019-09-06,2019-08-14,1.41,1.3,1.284,1.39,1.27,1.266,2019-12-30,2019-12-23,2019-12-18,2019-12-31,2019-12-26,2019-12-19,4150900,10233500,4946800,13.18,75.79,13.26,0.063,0.062,0.023,0.059,0.061,0.017,0.05712,0.05205,0.02278,0.05809,0.05394,0.02035,72.807,85.625,30.303,23.743,21.496,27.273,95.327,69.799,71.429,85.981,46.903,64.151,79.687,83.333,68.75,63.043,67.857,62.5,2019-12-23,2019-12-18,2019-11-22,2019-12-26,2019-12-19,2019-11-29,2019-12-19,2019-12-06,2019-11-28,2019-12-26,2019-12-16,2019-11-29,2019-12-30,2019-12-23,2019-12-18,2019-12-31,2019-12-26,2019-12-19,2019-12-17,2019-12-09,2019-12-03,2019-12-27,2019-12-12,2019-12-04,1,0,1,0,0,1,0,1,0,1,0,0,0,0,0,0,0,1,0,1,0,0,0,0,1,1,,,,,n2p,n2p,p2p,n2p,p2p,Life.BullEnd,Life.Bull,Life.BullRetrace,Life.BullEnd,Life.Bull,,
2020-01-02,1.40231,,,,1.52,1.257,1.16677,1.06847,0.95648,1.33489,1.25225,0.08264,0.06627,0.01637,,,0.55,-2.98,1.17,-2.67,2.6,-38.06,42.29,-2.96,2.0,7.0,6.0,8.0,9.0,24.0,35.0,14.0,0.13,0.0,0.02729,-0.00657,4.15217,80.59072,,80.591,17.54772,96.91358,92.74066,,96.914,90.96639,73.0859,,90.966,2.1029,1.8853,3.0052,0.9023,-0.2176,1.1199,1,1,1,,0.15,,,,,,,0.903,0.92,0.988,0.897,0.902,0.905,2019-09-12,2019-08-23,2019-07-23,2019-09-24,2019-09-06,2019-08-14,1.52,1.41,1.3,1.39,1.27,1.266,2020-01-02,2019-12-30,2019-12-23,2019-12-31,2019-12-26,2019-12-19,10233500,4946800,10014800,75.79,13.26,30.33,0.063,0.062,0.023,0.059,0.061,0.017,0.05712,0.05205,0.02278,0.05809,0.05394,0.02035,90.966,72.807,85.625,23.743,21.496,27.273,96.914,95.327,69.799,85.981,46.903,64.151,80.591,79.687,83.333,63.043,67.857,62.5,2019-12-23,2019-12-18,2019-11-22,2019-12-26,2019-12-19,2019-11-29,2020-01-02,2019-12-19,2019-12-06,2019-12-26,2019-12-16,2019-11-29,2020-01-02,2019-12-30,2019-12-23,2019-12-31,2019-12-26,2019-12-19,2020-01-02,2019-12-17,2019-12-09,2019-12-27,2019-12-12,2019-12-04,1,0,1,0,0,1,0,1,0,1,0,0,0,1,0,0,0,1,0,1,0,0,0,0,1,1,,,,,n2p,n2p,p2p,n2p,p2p,Life.BullEnd,Life.Bull,Life.BullRetrace,Life.BullEnd,Life.Bull,,
2020-01-03,1.40908,,,,,1.27493,1.17945,1.07681,0.96179,1.35876,1.26986,0.08889,0.07079,0.0181,,0.089,0.07,-2.98,1.17,-2.67,2.6,-38.06,42.29,-2.96,1.0,7.0,6.0,8.0,9.0,24.0,35.0,14.0,-0.0,-0.03,0.02729,-0.007,3.89796,79.58333,,,-1.00767,87.42138,90.10542,,,87.9889,84.81516,,,2.1766,1.9812,3.1314,0.9548,-0.1954,1.1502,1,1,1,,0.15,,,,,,,0.903,0.92,0.988,0.897,0.902,0.905,2019-09-12,2019-08-23,2019-07-23,2019-09-24,2019-09-06,2019-08-14,1.52,1.41,1.3,1.39,1.27,1.266,2020-01-02,2019-12-30,2019-12-23,2019-12-31,2019-12-26,2019-12-19,4946800,10014800,4761000,13.26,30.33,-21.72,0.089,0.063,0.062,0.059,0.061,0.017,0.07079,0.05712,0.05205,0.05809,0.05394,0.02035,90.966,72.807,85.625,23.743,21.496,27.273,96.914,95.327,69.799,85.981,46.903,64.151,80.591,79.687,83.333,63.043,67.857,62.5,2020-01-03,2019-12-23,2019-12-18,2019-12-26,2019-12-19,2019-11-29,2020-01-02,2019-12-19,2019-12-06,2019-12-26,2019-12-16,2019-11-29,2020-01-02,2019-12-30,2019-12-23,2019-12-31,2019-12-26,2019-12-19,2020-01-02,2019-12-17,2019-12-09,2019-12-27,2019-12-12,2019-12-04,1,0,1,0,0,1,0,1,0,1,0,0,0,1,0,0,0,1,0,1,0,0,0,0,1,1,,,-4761000.0,,n2p,p2p,n2p,p2p,p2n,Life.BullEnd,Life.Bull,Life.BullRetrace,Life.BullEnd,Life.Bull,,
2020-01-06,1.41042,,1.41,,,1.28609,1.18888,1.08361,0.96635,1.36818,1.28099,0.08719,0.07407,0.01312,,,-3.01,1.17,-2.67,2.6,-38.06,42.29,-2.96,1.69,7.0,6.0,8.0,9.0,24.0,35.0,14.0,10.0,-0.0,-0.07,0.02557,-0.012,2.13095,68.06084,,,-12.53016,63.33333,82.5561,,,76.41093,85.12207,,,2.2253,2.0248,3.1974,0.9721,-0.2005,1.1726,1,1,1,,0.15,,,,,,,1.41,0.903,0.92,0.897,0.902,0.905,2020-01-06,2019-09-12,2019-08-23,2019-09-24,2019-09-06,2019-08-14,1.52,1.41,1.3,1.39,1.27,1.266,2020-01-02,2019-12-30,2019-12-23,2019-12-31,2019-12-26,2019-12-19,10014800,4761000,6839000,30.33,-21.72,9.59,0.089,0.063,0.062,0.059,0.061,0.017,0.07079,0.05712,0.05205,0.05809,0.05394,0.02035,90.966,72.807,85.625,23.743,21.496,27.273,96.914,95.327,69.799,85.981,46.903,64.151,80.591,79.687,83.333,63.043,67.857,62.5,2020-01-03,2019-12-23,2019-12-18,2019-12-26,2019-12-19,2019-11-29,2020-01-02,2019-12-19,2019-12-06,2019-12-26,2019-12-16,2019-11-29,2020-01-02,2019-12-30,2019-12-23,2019-12-31,2019-12-26,2019-12-19,2020-01-02,2019-12-17,2019-12-09,2019-12-27,2019-12-12,2019-12-04,0,1,1,0,0,1,0,1,0,1,0,0,0,1,0,0,0,1,0,1,0,0,0,0,1,1,,,,,n2p,p2p,n2p,p2p,p2n,Life.BullEnd,Life.Bull,Life.BullRetrace,Life.BullEnd,Life.Bull,,
2020-01-07,1.40679,,,,,1.29562,1.19755,1.09007,0.97076,1.37461,1.29054,0.08407,0.07607,0.008,,,-2.76,1.17,-2.67,2.6,-38.06,42.29,-2.96,1.69,6.0,6.0,8.0,9.0,24.0,35.0,14.0,10.0,-0.0,-0.01,0.02514,-0.01271,1.97753,66.41509,,,-14.17591,59.18367,69.97946,,,54.072,72.82394,,,2.2679,2.0555,3.2486,0.9807,-0.2124,1.1931,1,1,1,,0.15,,,,,,,1.41,0.903,0.92,0.897,0.902,0.905,2020-01-06,2019-09-12,2019-08-23,2019-09-24,2019-09-06,2019-08-14,1.52,1.41,1.3,1.39,1.27,1.266,2020-01-02,2019-12-30,2019-12-23,2019-12-31,2019-12-26,2019-12-19,4761000,6839000,4745300,-21.72,9.59,-24.38,0.089,0.063,0.062,0.059,0.061,0.017,0.07079,0.05712,0.05205,0.05809,0.05394,0.02035,90.966,72.807,85.625,23.743,21.496,27.273,96.914,95.327,69.799,85.981,46.903,64.151,80.591,79.687,83.333,63.043,67.857,62.5,2020-01-03,2019-12-23,2019-12-18,2019-12-26,2019-12-19,2019-11-29,2020-01-02,2019-12-19,2019-12-06,2019-12-26,2019-12-16,2019-11-29,2020-01-02,2019-12-30,2019-12-23,2019-12-31,2019-12-26,2019-12-19,2020-01-02,2019-12-17,2019-12-09,2019-12-27,2019-12-12,2019-12-04,0,1,1,0,0,1,0,1,0,1,0,0,0,1,0,0,0,1,0,1,0,0,0,0,1,1,,,,,n2p,p2p,n2p,p2p,p2n,Life.BullEnd,Life.Bull,Life.BullRetrace,Life.BullEnd,Life.Bull,,
2020-01-08,1.39938,,,1.36,,1.30057,1.20392,1.09542,0.97464,1.37236,1.29569,0.07668,0.07619,0.00048,,,-2.24,1.17,-2.67,2.6,-38.06,42.29,-2.96,1.69,5.0,6.0,8.0,9.0,24.0,35.0,14.0,10.0,-0.0,-0.05,0.02171,-0.01629,1.33333,57.14286,57.143,,-23.44814,39.28571,53.93424,39.286,,33.2527,54.57854,,,2.2928,2.0515,3.2593,0.9665,-0.2413,1.2078,1,1,1,,0.15,,,,,,,1.41,0.903,0.92,0.897,0.902,0.905,2020-01-06,2019-09-12,2019-08-23,2019-09-24,2019-09-06,2019-08-14,1.52,1.41,1.3,1.36,1.39,1.27,2020-01-02,2019-12-30,2019-12-23,2020-01-08,2019-12-31,2019-12-26,6839000,4745300,10003800,9.59,-24.38,32.08,0.089,0.063,0.062,0.059,0.061,0.017,0.07079,0.05712,0.05205,0.05809,0.05394,0.02035,90.966,72.807,85.625,23.743,21.496,27.273,96.914,95.327,69.799,39.286,85.981,46.903,80.591,79.687,83.333,57.143,63.043,67.857,2020-01-03,2019-12-23,2019-12-18,2019-12-26,2019-12-19,2019-11-29,2020-01-02,2019-12-19,2019-12-06,2019-12-26,2019-12-16,2019-11-29,2020-01-02,2019-12-30,2019-12-23,2020-01-08,2019-12-31,2019-12-26,2020-01-02,2019-12-17,2019-12-09,2020-01-08,2019-12-27,2019-12-12,0,1,1,0,0,1,0,0,0,1,0,0,0,1,0,0,0,1,1,0,0,0,1,0,1,1,-10003800.0,,,,p2p,n2p,p2p,p2n,n2p,Life.BullEnd,Life.Bull,Life.BullRetrace,Life.BullEnd,Life.Bull,,
2020-01-09,1.39001,,,,,1.30591,1.21044,1.10086,0.97857,1.372,1.30119,0.07081,0.07512,-0.00431,,,-1.58,1.17,-2.67,2.6,-38.06,42.29,-2.96,1.69,4.0,6.0,8.0,9.0,24.0,35.0,14.0,10.0,0.01,0.0,0.02243,-0.01629,1.37719,57.93358,,,0.79058,42.85714,47.10884,,,26.47059,37.93176,26.471,,2.3187,2.0505,3.2734,0.9547,-0.2682,1.2229,1,1,0,,,0.15,,,,,,1.41,0.903,0.92,0.897,0.902,0.905,2020-01-06,2019-09-12,2019-08-23,2019-09-24,2019-09-06,2019-08-14,1.52,1.41,1.3,1.36,1.39,1.27,2020-01-02,2019-12-30,2019-12-23,2020-01-08,2019-12-31,2019-12-26,4745300,10003800,8540900,-24.38,32.08,7.88,0.089,0.063,0.062,0.059,0.061,0.017,0.07079,0.05712,0.05205,0.05809,0.05394,0.02035,90.966,72.807,85.625,26.471,23.743,21.496,96.914,95.327,69.799,39.286,85.981,46.903,80.591,79.687,83.333,57.143,63.043,67.857,2020-01-03,2019-12-23,2019-12-18,2019-12-26,2019-12-19,2019-11-29,2020-01-02,2019-12-19,2019-12-06,2020-01-09,2019-12-26,2019-12-16,2020-01-02,2019-12-30,2019-12-23,2020-01-08,2019-12-31,2019-12-26,2020-01-02,2019-12-17,2019-12-09,2020-01-08,2019-12-27,2019-12-12,0,1,1,0,0,1,0,0,0,1,0,0,0,1,0,1,0,1,1,0,0,0,1,0,1,1,,,,,p2p,n2p,p2p,p2n,n2p,Life.Bull,Life.BullRetrace,Life.BullEnd,Life.Bull,Life.BullRetrace,,
2020-01-10,1.38073,,,,,1.31084,1.21669,1.10619,0.98246,1.37169,1.30629,0.0654,0.07317,-0.00777,,,-0.92,1.17,-2.67,2.6,-38.06,42.29,-2.96,1.69,3.0,6.0,8.0,9.0,24.0,35.0,14.0,10.0,0.0,0.0,0.02243,-0.015,1.49524,59.92366,,59.924,2.78066,42.85714,41.66667,,,27.77778,29.16702,,,2.3423,2.0465,3.2838,0.9415,-0.2958,1.2373,1,1,0,,,0.15,,,,,,1.41,0.903,0.92,0.897,0.902,0.905,2020-01-06,2019-09-12,2019-08-23,2019-09-24,2019-09-06,2019-08-14,1.52,1.41,1.3,1.36,1.39,1.27,2020-01-02,2019-12-30,2019-12-23,2020-01-08,2019-12-31,2019-12-26,10003800,8540900,3398600,32.08,7.88,-5.78,0.089,0.063,0.062,0.059,0.061,0.017,0.07079,0.05712,0.05205,0.05809,0.05394,0.02035,90.966,72.807,85.625,26.471,23.743,21.496,96.914,95.327,69.799,39.286,85.981,46.903,59.924,80.591,79.687,57.143,63.043,67.857,2020-01-03,2019-12-23,2019-12-18,2019-12-26,2019-12-19,2019-11-29,2020-01-02,2019-12-19,2019-12-06,2020-01-09,2019-12-26,2019-12-16,2020-01-02,2019-12-30,2019-12-23,2020-01-08,2019-12-31,2019-12-26,2020-01-10,2020-01-02,2019-12-17,2020-01-08,2019-12-27,2019-12-12,0,1,1,0,0,1,0,0,0,1,0,0,0,1,0,1,0,1,1,0,1,0,1,0,1,1,,,,,p2p,n2p,p2p,p2n,n2p,Life.Bull,Life.BullRetrace,Life.BullEnd,Life.Bull,Life.BullRetrace,,
2020-01-13,1.3732,,,,,1.31539,1.22271,1.11141,0.98632,1.37143,1.31101,0.06042,0.07062,-0.0102,,,-0.38,1.17,-2.67,2.6,-38.06,42.29,-2.96,1.69,2.0,6.0,8.0,9.0,24.0,35.0,14.0,10.0,0.0,0.0,0.02071,-0.015,1.38095,58.0,,,-1.924,42.85714,42.85714,,,31.96673,28.73836,,,2.3639,2.0398,3.2907,0.9268,-0.3241,1.2509,1,1,0,,,0.15,,,,,,1.41,0.903,0.92,0.897,0.902,0.905,2020-01-06,2019-09-12,2019-08-23,2019-09-24,2019-09-06,2019-08-14,1.52,1.41,1.3,1.36,1.39,1.27,2020-01-02,2019-12-30,2019-12-23,2020-01-08,2019-12-31,2019-12-26,8540900,3398600,3262700,7.88,-5.78,-30.72,0.089,0.063,0.062,0.059,0.061,0.017,0.07079,0.05712,0.05205,0.05809,0.05394,0.02035,90.966,72.807,85.625,26.471,23.743,21.496,96.914,95.327,69.799,39.286,85.981,46.903,59.924,80.591,79.687,57.143,63.043,67.857,2020-01-03,2019-12-23,2019-12-18,2019-12-26,2019-12-19,2019-11-29,2020-01-02,2019-12-19,2019-12-06,2020-01-09,2019-12-26,2019-12-16,2020-01-02,2019-12-30,2019-12-23,2020-01-08,2019-12-31,2019-12-26,2020-01-10,2020-01-02,2019-12-17,2020-01-08,2019-12-27,2019-12-12,0,1,1,0,0,1,0,0,0,1,0,0,0,1,0,1,0,1,1,0,1,0,1,0,1,1,,,,,p2p,n2p,p2p,p2n,n2p,Life.Bull,Life.BullRetrace,Life.BullEnd,Life.Bull,Life.BullRetrace,,
2020-01-14,1.36875,,,,1.37,1.31959,1.22848,1.11653,0.99014,1.37121,1.31538,0.05583,0.06767,-0.01183,,,-0.05,1.17,-2.67,2.6,-38.06,42.29,-2.96,1.69,1.0,6.0,8.0,9.0,24.0,35.0,14.0,10.0,0.0,0.0,0.02,-0.015,1.33333,57.14286,57.143,,-2.78114,42.85714,42.85714,,42.857,39.54248,33.09566,,39.542,2.3834,2.0306,3.2945,0.9111,-0.3528,1.2639,1,1,0,,,0.15,,,,,,1.41,0.903,0.92,0.897,0.902,0.905,2020-01-06,2019-09-12,2019-08-23,2019-09-24,2019-09-06,2019-08-14,1.37,1.52,1.41,1.36,1.39,1.27,2020-01-14,2020-01-02,2019-12-30,2020-01-08,2019-12-31,2019-12-26,3398600,3262700,7462700,-5.78,-30.72,-7.09,0.089,0.063,0.062,0.059,0.061,0.017,0.07079,0.05712,0.05205,0.05809,0.05394,0.02035,39.542,90.966,72.807,26.471,23.743,21.496,42.857,96.914,95.327,39.286,85.981,46.903,59.924,80.591,79.687,57.143,57.143,63.043,2020-01-03,2019-12-23,2019-12-18,2019-12-26,2019-12-19,2019-11-29,2020-01-14,2020-01-02,2019-12-19,2020-01-09,2019-12-26,2019-12-16,2020-01-14,2020-01-02,2019-12-30,2020-01-08,2019-12-31,2019-12-26,2020-01-10,2020-01-02,2019-12-17,2020-01-14,2020-01-08,2019-12-27,0,1,1,0,1,0,0,0,0,1,0,0,1,0,0,1,1,0,1,0,1,0,1,0,1,1,,,,,p2p,n2p,p2p,p2n,n2p,Life.Bull,Life.BullRetrace,Life.BullEnd,Life.Bull,Life.BullRetrace,,
2020-01-15,1.36782,1.368,,1.36,,1.3227,1.23364,1.12135,0.99382,1.36949,1.31868,0.0508,0.06429,-0.01349,,,1.18,-2.67,2.6,-38.06,42.29,-2.96,1.69,-0.67,6.0,8.0,9.0,24.0,35.0,14.0,10.0,5.0,-0.0,-0.01,0.02,-0.01429,1.4,58.33333,,,1.19033,39.28571,41.66667,39.286,,32.59804,34.70242,,,2.3982,2.0135,3.2888,0.8906,-0.3847,1.2753,0,1,0,,,,0.15,,,,,1.41,0.903,0.92,1.368,0.897,0.902,2020-01-06,2019-09-12,2019-08-23,2020-01-15,2019-09-24,2019-09-06,1.37,1.52,1.41,1.36,1.36,1.39,2020-01-14,2020-01-02,2019-12-30,2020-01-15,2020-01-08,2019-12-31,3262700,7462700,4846600,-30.72,-7.09,10.25,0.089,0.063,0.062,0.059,0.061,0.017,0.07079,0.05712,0.05205,0.05809,0.05394,0.02035,39.542,90.966,72.807,26.471,23.743,21.496,42.857,96.914,95.327,39.286,39.286,85.981,59.924,80.591,79.687,57.143,57.143,63.043,2020-01-03,2019-12-23,2019-12-18,2019-12-26,2019-12-19,2019-11-29,2020-01-14,2020-01-02,2019-12-19,2020-01-09,2019-12-26,2019-12-16,2020-01-14,2020-01-02,2019-12-30,2020-01-15,2020-01-08,2019-12-31,2020-01-10,2020-01-02,2019-12-17,2020-01-14,2020-01-08,2019-12-27,0,1,0,1,1,0,1,0,0,1,0,0,1,0,0,1,1,0,1,0,1,0,1,0,1,1,,,,,p2p,n2p,p2p,p2n,n2p,Life.BullRetrace,Life.BullEnd,Life.Bull,Life.BullRetrace,Life.BullEnd,,
2020-01-16,1.3696,,,,1.37,1.32634,1.23899,1.12627,0.99756,1.36957,1.32248,0.04708,0.06085,-0.01377,,,1.05,-2.67,2.6,-38.06,42.29,-2.96,1.69,-0.67,5.0,8.0,9.0,24.0,35.0,14.0,10.0,5.0,0.01,0.0,0.02071,-0.01357,1.52632,60.41667,,60.417,3.27367,40.74074,40.9612,,40.741,30.35714,34.16589,,,2.4143,2.0007,3.2878,0.8735,-0.4136,1.2871,0,1,0,,,,0.15,,,,,1.41,0.903,0.92,1.368,0.897,0.902,2020-01-06,2019-09-12,2019-08-23,2020-01-15,2019-09-24,2019-09-06,1.37,1.37,1.52,1.36,1.36,1.39,2020-01-16,2020-01-14,2020-01-02,2020-01-15,2020-01-08,2019-12-31,7462700,4846600,3501300,-7.09,10.25,1.53,0.089,0.063,0.062,0.059,0.061,0.017,0.07079,0.05712,0.05205,0.05809,0.05394,0.02035,39.542,90.966,72.807,26.471,23.743,21.496,40.741,42.857,96.914,39.286,39.286,85.981,60.417,59.924,80.591,57.143,57.143,63.043,2020-01-03,2019-12-23,2019-12-18,2019-12-26,2019-12-19,2019-11-29,2020-01-14,2020-01-02,2019-12-19,2020-01-09,2019-12-26,2019-12-16,2020-01-16,2020-01-14,2020-01-02,2020-01-15,2020-01-08,2019-12-31,2020-01-16,2020-01-10,2020-01-02,2020-01-14,2020-01-08,2019-12-27,0,1,0,1,1,0,1,0,0,1,0,0,1,0,0,1,1,0,1,0,0,0,1,0,1,1,,,,,p2p,n2p,p2p,p2n,n2p,Life.BullRetrace,Life.BullEnd,Life.Bull,Life.BullRetrace,Life.BullEnd,,
2020-01-17,1.37316,,,1.34,,1.32739,1.24295,1.13051,1.00097,1.36502,1.32378,0.04124,0.05693,-0.01569,,,0.79,-2.67,2.6,-38.06,42.29,-2.96,1.69,-0.67,4.0,8.0,9.0,24.0,35.0,14.0,10.0,5.0,-0.0,-0.03,0.01714,-0.01571,1.09091,52.17391,,,-8.24309,13.63636,31.22094,13.636,,17.39418,26.78312,17.394,,2.4198,1.9688,3.2642,0.8444,-0.451,1.2954,0,1,0,,,,0.15,,,,,1.41,0.903,0.92,1.368,0.897,0.902,2020-01-06,2019-09-12,2019-08-23,2020-01-15,2019-09-24,2019-09-06,1.37,1.37,1.52,1.34,1.36,1.36,2020-01-16,2020-01-14,2020-01-02,2020-01-17,2020-01-15,2020-01-08,4846600,3501300,5410900,10.25,1.53,-12.98,0.089,0.063,0.062,0.059,0.061,0.017,0.07079,0.05712,0.05205,0.05809,0.05394,0.02035,39.542,90.966,72.807,17.394,26.471,23.743,40.741,42.857,96.914,13.636,39.286,39.286,60.417,59.924,80.591,57.143,57.143,63.043,2020-01-03,2019-12-23,2019-12-18,2019-12-26,2019-12-19,2019-11-29,2020-01-14,2020-01-02,2019-12-19,2020-01-17,2020-01-09,2019-12-26,2020-01-16,2020-01-14,2020-01-02,2020-01-17,2020-01-15,2020-01-08,2020-01-16,2020-01-10,2020-01-02,2020-01-14,2020-01-08,2019-12-27,0,1,0,1,1,0,1,0,0,1,0,0,1,0,1,0,1,0,1,0,0,0,1,0,1,1,,,,,p2p,n2p,p2p,p2n,n2p,Life.BullRetrace,Life.BullEnd,Life.Bull,Life.BullRetrace,Life.BullEnd,,
2020-01-20,1.37766,,,,,1.3299,1.24754,1.13505,1.00454,1.36425,1.32646,0.03778,0.0531,-0.01532,,,0.46,-2.67,2.6,-38.06,42.29,-2.96,1.69,-0.67,3.0,8.0,9.0,24.0,35.0,14.0,10.0,5.0,0.02,0.0,0.01214,-0.01571,0.77273,43.58974,43.59,,-16.82726,22.72727,25.70146,,,24.33862,24.02998,,,2.43,1.9485,3.2536,0.8236,-0.4815,1.3051,0,1,0,,,,0.15,,,,,1.41,0.903,0.92,1.368,0.897,0.902,2020-01-06,2019-09-12,2019-08-23,2020-01-15,2019-09-24,2019-09-06,1.37,1.37,1.52,1.34,1.36,1.36,2020-01-16,2020-01-14,2020-01-02,2020-01-17,2020-01-15,2020-01-08,3501300,5410900,4451800,1.53,-12.98,-2.87,0.089,0.063,0.062,0.059,0.061,0.017,0.07079,0.05712,0.05205,0.05809,0.05394,0.02035,39.542,90.966,72.807,17.394,26.471,23.743,40.741,42.857,96.914,13.636,39.286,39.286,60.417,59.924,80.591,43.59,57.143,57.143,2020-01-03,2019-12-23,2019-12-18,2019-12-26,2019-12-19,2019-11-29,2020-01-14,2020-01-02,2019-12-19,2020-01-17,2020-01-09,2019-12-26,2020-01-16,2020-01-14,2020-01-02,2020-01-17,2020-01-15,2020-01-08,2020-01-16,2020-01-10,2020-01-02,2020-01-20,2020-01-14,2020-01-08,0,1,0,1,1,0,1,0,0,1,0,0,1,0,1,0,1,0,1,0,0,0,1,0,1,1,,,,,p2p,n2p,p2p,p2n,n2p,Life.BullRetrace,Life.BullEnd,Life.Bull,Life.BullRetrace,Life.BullEnd,,
2020-01-21,1.38175,,,,,1.33221,1.25195,1.13951,1.00808,1.36359,1.32895,0.03464,0.04941,-0.01476,0.035,,0.16,-2.67,2.6,-38.06,42.29,-2.96,1.69,-0.67,2.0,8.0,9.0,24.0,35.0,14.0,10.0,5.0,0.0,0.0,0.01214,-0.01429,0.85,45.94595,,45.946,2.35595,22.72727,19.69697,,,29.10053,23.61111,,,2.4387,1.927,3.2413,0.8026,-0.5117,1.3143,0,1,0,,,,0.15,,,,,1.41,0.903,0.92,1.368,0.897,0.902,2020-01-06,2019-09-12,2019-08-23,2020-01-15,2019-09-24,2019-09-06,1.37,1.37,1.52,1.34,1.36,1.36,2020-01-16,2020-01-14,2020-01-02,2020-01-17,2020-01-15,2020-01-08,5410900,4451800,3453900,-12.98,-2.87,-0.35,0.089,0.063,0.062,0.035,0.059,0.061,0.07079,0.05712,0.05205,0.04941,0.05809,0.05394,39.542,90.966,72.807,17.394,26.471,23.743,40.741,42.857,96.914,13.636,39.286,39.286,45.946,60.417,59.924,43.59,57.143,57.143,2020-01-03,2019-12-23,2019-12-18,2020-01-21,2019-12-26,2019-12-19,2020-01-14,2020-01-02,2019-12-19,2020-01-17,2020-01-09,2019-12-26,2020-01-16,2020-01-14,2020-01-02,2020-01-17,2020-01-15,2020-01-08,2020-01-21,2020-01-16,2020-01-10,2020-01-20,2020-01-14,2020-01-08,0,1,0,1,1,0,1,0,0,1,1,0,1,0,1,0,1,0,1,0,1,0,1,0,1,1,,,,,p2p,n2p,p2p,p2n,n2p,Life.BullRetrace,Life.BullEnd,Life.Bull,Life.BullRetrace,Life.BullEnd,,
2020-01-22,1.38411,,,,,1.33897,1.25854,1.14506,1.01218,1.37227,1.33569,0.03658,0.04684,-0.01026,,,-0.01,-2.67,2.6,-38.06,42.29,-2.96,1.69,-0.67,1.0,8.0,9.0,24.0,35.0,14.0,10.0,5.0,0.06,0.0,0.00714,-0.01429,0.5,33.33333,33.333,,-12.61267,50.0,31.81818,,,52.66955,35.36957,,,2.4636,1.9391,3.2679,0.8043,-0.5245,1.3288,1,1,1,,0.15,,,,,,,1.41,0.903,0.92,1.368,0.897,0.902,2020-01-06,2019-09-12,2019-08-23,2020-01-15,2019-09-24,2019-09-06,1.37,1.37,1.52,1.34,1.36,1.36,2020-01-16,2020-01-14,2020-01-02,2020-01-17,2020-01-15,2020-01-08,4451800,3453900,10136100,-2.87,-0.35,35.48,0.089,0.063,0.062,0.035,0.059,0.061,0.07079,0.05712,0.05205,0.04941,0.05809,0.05394,39.542,90.966,72.807,17.394,26.471,23.743,40.741,42.857,96.914,13.636,39.286,39.286,45.946,60.417,59.924,33.333,43.59,57.143,2020-01-03,2019-12-23,2019-12-18,2020-01-21,2019-12-26,2019-12-19,2020-01-14,2020-01-02,2019-12-19,2020-01-17,2020-01-09,2019-12-26,2020-01-16,2020-01-14,2020-01-02,2020-01-17,2020-01-15,2020-01-08,2020-01-21,2020-01-16,2020-01-10,2020-01-22,2020-01-20,2020-01-14,0,1,0,1,1,0,1,0,0,1,1,0,1,0,1,0,1,0,1,0,1,0,1,0,1,1,,,,,p2p,n2p,p2p,p2n,n2p,Life.BullEnd,Life.Bull,Life.BullRetrace,Life.BullEnd,Life.Bull,,
2020-01-23,1.38384,,1.384,,,1.3452,1.26487,1.1505,1.01624,1.37961,1.34194,0.03768,0.04501,-0.00733,,,-2.66,2.6,-38.06,42.29,-2.96,1.69,-0.67,10.47,8.0,9.0,24.0,35.0,14.0,10.0,5.0,28.0,0.0,0.0,0.00714,-0.01214,0.58824,37.03704,,,3.70404,61.11111,44.61279,,,66.55844,49.44284,,,2.4863,1.947,3.2896,0.8033,-0.5393,1.3426,1,1,1,,0.15,,,,,,,1.384,1.41,0.903,1.368,0.897,0.902,2020-01-23,2020-01-06,2019-09-12,2020-01-15,2019-09-24,2019-09-06,1.37,1.37,1.52,1.34,1.36,1.36,2020-01-16,2020-01-14,2020-01-02,2020-01-17,2020-01-15,2020-01-08,3453900,10136100,4577400,-0.35,35.48,0.7,0.089,0.063,0.062,0.035,0.059,0.061,0.07079,0.05712,0.05205,0.04941,0.05809,0.05394,39.542,90.966,72.807,17.394,26.471,23.743,40.741,42.857,96.914,13.636,39.286,39.286,45.946,60.417,59.924,33.333,43.59,57.143,2020-01-03,2019-12-23,2019-12-18,2020-01-21,2019-12-26,2019-12-19,2020-01-14,2020-01-02,2019-12-19,2020-01-17,2020-01-09,2019-12-26,2020-01-16,2020-01-14,2020-01-02,2020-01-17,2020-01-15,2020-01-08,2020-01-21,2020-01-16,2020-01-10,2020-01-22,2020-01-20,2020-01-14,0,0,0,1,1,0,1,0,0,1,1,0,1,0,1,0,1,0,1,0,1,0,1,0,1,1,,,,,p2p,n2p,p2p,p2n,n2p,Life.BullEnd,Life.Bull,Life.BullRetrace,Life.BullEnd,Life.Bull,,
2020-01-24,1.38056,,,,1.44,1.35249,1.27174,1.15624,1.02045,1.3889,1.3492,0.0397,0.04395,-0.00425,,0.04,-2.43,2.6,-38.06,42.29,-2.96,1.69,-0.67,10.47,7.0,9.0,24.0,35.0,14.0,10.0,5.0,28.0,0.02,0.0,0.00857,-0.00714,1.2,54.54545,,54.545,21.21245,76.47059,62.52723,,76.471,82.82828,67.35209,,82.828,2.5129,1.9625,3.3204,0.8075,-0.5504,1.3579,1,1,1,,0.15,,,,,,,1.384,1.41,0.903,1.368,0.897,0.902,2020-01-23,2020-01-06,2019-09-12,2020-01-15,2019-09-24,2019-09-06,1.44,1.37,1.37,1.34,1.36,1.36,2020-01-24,2020-01-16,2020-01-14,2020-01-17,2020-01-15,2020-01-08,10136100,4577400,1988200,35.48,0.7,-8.07,0.04,0.089,0.063,0.035,0.059,0.061,0.04395,0.07079,0.05712,0.04941,0.05809,0.05394,82.828,39.542,90.966,17.394,26.471,23.743,76.471,40.741,42.857,13.636,39.286,39.286,54.545,45.946,60.417,33.333,43.59,57.143,2020-01-24,2020-01-03,2019-12-23,2020-01-21,2019-12-26,2019-12-19,2020-01-24,2020-01-14,2020-01-02,2020-01-17,2020-01-09,2019-12-26,2020-01-24,2020-01-16,2020-01-14,2020-01-17,2020-01-15,2020-01-08,2020-01-24,2020-01-21,2020-01-16,2020-01-22,2020-01-20,2020-01-14,0,0,0,1,0,1,1,0,1,0,1,0,0,0,1,0,0,1,1,0,0,0,1,0,1,1,,,,,p2p,n2p,p2p,p2n,n2p,Life.BullEnd,Life.Bull,Life.BullRetrace,Life.BullEnd,Life.Bull,,
2020-01-28,1.37472,,,1.37,,1.35384,1.27559,1.16047,1.02393,1.386,1.35074,0.03525,0.04221,-0.00696,,,-2.02,2.6,-38.06,42.29,-2.96,1.69,-0.67,10.47,5.0,9.0,24.0,35.0,14.0,10.0,5.0,28.0,-0.0,-0.07,0.00857,-0.01143,0.75,42.85714,42.857,,-11.68786,42.85714,60.14628,42.857,,62.22222,70.53632,,,2.5166,1.9337,3.2991,0.7825,-0.5829,1.3654,0,1,0,,,,0.15,,,,,1.384,1.41,0.903,1.368,0.897,0.902,2020-01-23,2020-01-06,2019-09-12,2020-01-15,2019-09-24,2019-09-06,1.44,1.37,1.37,1.37,1.34,1.36,2020-01-24,2020-01-16,2020-01-14,2020-01-28,2020-01-17,2020-01-15,4577400,1988200,5431200,0.7,-8.07,-28.17,0.04,0.089,0.063,0.035,0.059,0.061,0.04395,0.07079,0.05712,0.04941,0.05809,0.05394,82.828,39.542,90.966,17.394,26.471,23.743,76.471,40.741,42.857,42.857,13.636,39.286,54.545,45.946,60.417,42.857,33.333,43.59,2020-01-24,2020-01-03,2019-12-23,2020-01-21,2019-12-26,2019-12-19,2020-01-24,2020-01-14,2020-01-02,2020-01-17,2020-01-09,2019-12-26,2020-01-24,2020-01-16,2020-01-14,2020-01-28,2020-01-17,2020-01-15,2020-01-24,2020-01-21,2020-01-16,2020-01-28,2020-01-22,2020-01-20,0,0,0,1,0,1,0,1,1,0,1,0,0,0,1,0,0,1,0,1,0,0,0,0,1,1,,,,,p2p,n2p,p2p,p2n,n2p,Life.Bull,Life.BullRetrace,Life.BullEnd,Life.Bull,Life.BullEnd,,
2020-01-29,1.3674,,,,1.4,1.35739,1.28047,1.16521,1.02767,1.38815,1.35439,0.03376,0.04052,-0.00676,,,-1.49,2.6,-38.06,42.29,-2.96,1.69,-0.67,10.47,4.0,9.0,24.0,35.0,14.0,10.0,5.0,28.0,0.03,0.0,0.01071,-0.00786,1.36364,57.69231,,57.692,14.83531,58.33333,59.22035,,58.333,53.88889,66.31313,,,2.528,1.9218,3.2972,0.7692,-0.6062,1.3754,0,1,0,,,,0.15,,,,,1.384,1.41,0.903,1.368,0.897,0.902,2020-01-23,2020-01-06,2019-09-12,2020-01-15,2019-09-24,2019-09-06,1.4,1.44,1.37,1.37,1.34,1.36,2020-01-29,2020-01-24,2020-01-16,2020-01-28,2020-01-17,2020-01-15,1988200,5431200,3703100,-8.07,-28.17,-7.29,0.04,0.089,0.063,0.035,0.059,0.061,0.04395,0.07079,0.05712,0.04941,0.05809,0.05394,82.828,39.542,90.966,17.394,26.471,23.743,58.333,76.471,40.741,42.857,13.636,39.286,57.692,54.545,45.946,42.857,33.333,43.59,2020-01-24,2020-01-03,2019-12-23,2020-01-21,2019-12-26,2019-12-19,2020-01-24,2020-01-14,2020-01-02,2020-01-17,2020-01-09,2019-12-26,2020-01-29,2020-01-24,2020-01-16,2020-01-28,2020-01-17,2020-01-15,2020-01-29,2020-01-24,2020-01-21,2020-01-28,2020-01-22,2020-01-20,0,0,0,1,0,0,0,1,1,0,1,0,0,0,1,0,0,0,0,1,0,1,0,0,1,1,,,,,p2p,n2p,p2p,p2n,n2p,Life.Bull,Life.BullRetrace,Life.BullEnd,Life.Bull,Life.BullEnd,,
2020-01-30,1.35977,,,,,1.35836,1.28398,1.16927,1.03108,1.38536,1.35555,0.02981,0.03838,-0.00857,,,-0.94,2.6,-38.06,42.29,-2.96,1.69,-0.67,10.47,3.0,9.0,24.0,35.0,14.0,10.0,5.0,28.0,-0.0,-0.03,0.01,-0.01,1.0,50.0,,,-7.692,33.33333,44.84127,,,27.03704,47.71605,,,2.529,1.8909,3.2728,0.7438,-0.6381,1.3819,0,1,0,,,,0.15,,,,,1.384,1.41,0.903,1.368,0.897,0.902,2020-01-23,2020-01-06,2019-09-12,2020-01-15,2019-09-24,2019-09-06,1.4,1.44,1.37,1.37,1.34,1.36,2020-01-29,2020-01-24,2020-01-16,2020-01-28,2020-01-17,2020-01-15,5431200,3703100,2450600,-28.17,-7.29,4.16,0.04,0.089,0.063,0.035,0.059,0.061,0.04395,0.07079,0.05712,0.04941,0.05809,0.05394,82.828,39.542,90.966,17.394,26.471,23.743,58.333,76.471,40.741,42.857,13.636,39.286,57.692,54.545,45.946,42.857,33.333,43.59,2020-01-24,2020-01-03,2019-12-23,2020-01-21,2019-12-26,2019-12-19,2020-01-24,2020-01-14,2020-01-02,2020-01-17,2020-01-09,2019-12-26,2020-01-29,2020-01-24,2020-01-16,2020-01-28,2020-01-17,2020-01-15,2020-01-29,2020-01-24,2020-01-21,2020-01-28,2020-01-22,2020-01-20,0,0,0,1,0,0,0,1,1,0,1,0,0,0,1,0,0,0,0,1,0,1,0,0,1,1,,,,,p2p,n2p,p2p,p2n,n2p,Life.Bull,Life.BullRetrace,Life.BullEnd,Life.Bull,Life.BullEnd,,
2020-01-31,1.35302,,,1.26,,1.35079,1.28304,1.17106,1.03336,1.36607,1.34847,0.0176,0.03422,-0.01662,,,-0.45,2.6,-38.06,42.29,-2.96,1.69,-0.67,10.47,2.0,9.0,24.0,35.0,14.0,10.0,5.0,28.0,-0.0,-0.11,0.01,-0.01786,0.56,35.89744,35.897,,-21.79456,0.0,30.55556,0.0,,20.37037,33.76543,20.37,,2.4968,1.7973,3.1743,0.6775,-0.6995,1.377,0,0,0,,,,,0.15,,,,1.384,1.41,0.903,1.368,0.897,0.902,2020-01-23,2020-01-06,2019-09-12,2020-01-15,2019-09-24,2019-09-06,1.4,1.44,1.37,1.26,1.37,1.34,2020-01-29,2020-01-24,2020-01-16,2020-01-31,2020-01-28,2020-01-17,3703100,2450600,8748300,-7.29,4.16,28.63,0.04,0.089,0.063,0.035,0.059,0.061,0.04395,0.07079,0.05712,0.04941,0.05809,0.05394,82.828,39.542,90.966,20.37,17.394,26.471,58.333,76.471,40.741,0.0,42.857,13.636,57.692,54.545,45.946,35.897,42.857,33.333,2020-01-24,2020-01-03,2019-12-23,2020-01-21,2019-12-26,2019-12-19,2020-01-24,2020-01-14,2020-01-02,2020-01-31,2020-01-17,2020-01-09,2020-01-29,2020-01-24,2020-01-16,2020-01-31,2020-01-28,2020-01-17,2020-01-29,2020-01-24,2020-01-21,2020-01-31,2020-01-28,2020-01-22,0,0,0,1,0,0,1,0,1,0,1,0,0,0,0,0,0,0,1,0,0,1,0,0,1,1,,,,,p2p,n2p,p2p,p2n,n2p,Life.BullRetrace,Life.BullEnd,Life.Bull,Life.BullEnd,Life.BearStart,,
2020-02-03,1.34839,,,,1.32,1.34843,1.28449,1.17401,1.03621,1.35898,1.34636,0.01262,0.0299,-0.01728,,,-0.1,2.6,-38.06,42.29,-2.96,1.69,-0.67,10.47,1.0,9.0,24.0,35.0,14.0,10.0,5.0,28.0,0.06,0.0,0.01429,-0.01786,0.8,44.44444,,44.444,8.54744,56.66667,30.0,,56.667,23.9418,23.78307,,,2.4828,1.7442,3.1222,0.6394,-0.7386,1.378,0,0,0,,,,,0.15,,,,1.384,1.41,0.903,1.368,0.897,0.902,2020-01-23,2020-01-06,2019-09-12,2020-01-15,2019-09-24,2019-09-06,1.32,1.4,1.44,1.26,1.37,1.34,2020-02-03,2020-01-29,2020-01-24,2020-01-31,2020-01-28,2020-01-17,2450600,8748300,10411900,4.16,28.63,45.02,0.04,0.089,0.063,0.035,0.059,0.061,0.04395,0.07079,0.05712,0.04941,0.05809,0.05394,82.828,39.542,90.966,20.37,17.394,26.471,56.667,58.333,76.471,0.0,42.857,13.636,44.444,57.692,54.545,35.897,42.857,33.333,2020-01-24,2020-01-03,2019-12-23,2020-01-21,2019-12-26,2019-12-19,2020-01-24,2020-01-14,2020-01-02,2020-01-31,2020-01-17,2020-01-09,2020-02-03,2020-01-29,2020-01-24,2020-01-31,2020-01-28,2020-01-17,2020-02-03,2020-01-29,2020-01-24,2020-01-31,2020-01-28,2020-01-22,0,0,0,1,1,0,1,0,1,0,1,0,0,0,0,0,1,0,1,0,1,0,0,0,1,1,,,,,p2p,n2p,p2p,p2n,n2p,Life.BullRetrace,Life.BullEnd,Life.Bull,Life.BullEnd,Life.BearStart,,
2020-02-04,1.34671,1.347,,1.31,,1.34547,1.28549,1.17671,1.03893,1.35145,1.34367,0.00778,0.02548,-0.0177,,,2.62,-38.06,42.29,-2.96,1.69,-0.67,10.47,-3.03,9.0,24.0,35.0,14.0,10.0,5.0,28.0,12.0,-0.0,-0.01,0.01429,-0.01857,0.76923,43.47826,43.478,,-0.96574,53.33333,36.66667,53.333,,39.28571,27.86596,,,2.4656,1.6876,3.0654,0.5998,-0.778,1.3778,0,0,0,,,,,0.15,,,,1.384,1.41,0.903,1.347,1.368,0.897,2020-01-23,2020-01-06,2019-09-12,2020-02-04,2020-01-15,2019-09-24,1.32,1.4,1.44,1.31,1.26,1.37,2020-02-03,2020-01-29,2020-01-24,2020-02-04,2020-01-31,2020-01-28,8748300,10411900,3541700,28.63,45.02,5.05,0.04,0.089,0.063,0.035,0.059,0.061,0.04395,0.07079,0.05712,0.04941,0.05809,0.05394,82.828,39.542,90.966,20.37,17.394,26.471,56.667,58.333,76.471,53.333,0.0,42.857,44.444,57.692,54.545,43.478,35.897,42.857,2020-01-24,2020-01-03,2019-12-23,2020-01-21,2019-12-26,2019-12-19,2020-01-24,2020-01-14,2020-01-02,2020-01-31,2020-01-17,2020-01-09,2020-02-03,2020-01-29,2020-01-24,2020-02-04,2020-01-31,2020-01-28,2020-02-03,2020-01-29,2020-01-24,2020-02-04,2020-01-31,2020-01-28,0,0,0,0,1,0,0,0,1,0,1,0,0,0,0,0,1,0,0,1,1,0,0,1,1,1,,,,,p2p,n2p,p2p,p2n,n2p,Life.BullRetrace,Life.BullEnd,Life.Bull,Life.BullEnd,Life.BearStart,,
2020-02-05,1.3481,,,,,1.34505,1.28763,1.17994,1.04193,1.34969,1.3434,0.00629,0.02164,-0.01535,0.006,,2.51,-38.06,42.29,-2.96,1.69,-0.67,10.47,-3.03,8.0,24.0,35.0,14.0,10.0,5.0,28.0,12.0,0.03,0.0,0.01643,-0.01786,0.92,47.91667,,,4.43867,63.33333,57.77778,,,63.64469,42.29073,,,2.457,1.6511,3.0312,0.5742,-0.8059,1.3801,0,0,0,,,,,0.15,,,,1.384,1.41,0.903,1.347,1.368,0.897,2020-01-23,2020-01-06,2019-09-12,2020-02-04,2020-01-15,2019-09-24,1.32,1.4,1.44,1.31,1.26,1.37,2020-02-03,2020-01-29,2020-01-24,2020-02-04,2020-01-31,2020-01-28,10411900,3541700,2223900,45.02,5.05,-28.74,0.04,0.089,0.063,0.006,0.035,0.059,0.04395,0.07079,0.05712,0.02164,0.04941,0.05809,82.828,39.542,90.966,20.37,17.394,26.471,56.667,58.333,76.471,53.333,0.0,42.857,44.444,57.692,54.545,43.478,35.897,42.857,2020-01-24,2020-01-03,2019-12-23,2020-02-05,2020-01-21,2019-12-26,2020-01-24,2020-01-14,2020-01-02,2020-01-31,2020-01-17,2020-01-09,2020-02-03,2020-01-29,2020-01-24,2020-02-04,2020-01-31,2020-01-28,2020-02-03,2020-01-29,2020-01-24,2020-02-04,2020-01-31,2020-01-28,0,0,0,0,1,0,0,0,1,0,1,0,0,0,0,0,1,0,0,1,1,0,0,1,1,1,,,,,p2p,n2p,p2p,p2n,n2p,Life.BullRetrace,Life.BullEnd,Life.Bull,Life.BullEnd,Life.BearStart,,
2020-02-06,1.35216,,,,1.39,1.34851,1.29164,1.1841,1.04539,1.35589,1.34685,0.00904,0.01912,-0.01008,,,2.21,-38.06,42.29,-2.96,1.69,-0.67,10.47,-3.03,7.0,24.0,35.0,14.0,10.0,5.0,28.0,12.0,0.05,0.0,0.01929,-0.01786,1.08,51.92308,,,8.44508,80.0,65.55556,,80.0,75.40659,59.44567,,,2.4625,1.6441,3.0312,0.5687,-0.8184,1.3871,0,1,0,,,,0.15,,,,,1.384,1.41,0.903,1.347,1.368,0.897,2020-01-23,2020-01-06,2019-09-12,2020-02-04,2020-01-15,2019-09-24,1.39,1.32,1.4,1.31,1.26,1.37,2020-02-06,2020-02-03,2020-01-29,2020-02-04,2020-01-31,2020-01-28,3541700,2223900,5220300,5.05,-28.74,-32.09,0.04,0.089,0.063,0.006,0.035,0.059,0.04395,0.07079,0.05712,0.02164,0.04941,0.05809,82.828,39.542,90.966,20.37,17.394,26.471,80.0,56.667,58.333,53.333,0.0,42.857,44.444,57.692,54.545,43.478,35.897,42.857,2020-01-24,2020-01-03,2019-12-23,2020-02-05,2020-01-21,2019-12-26,2020-01-24,2020-01-14,2020-01-02,2020-01-31,2020-01-17,2020-01-09,2020-02-06,2020-02-03,2020-01-29,2020-02-04,2020-01-31,2020-01-28,2020-02-03,2020-01-29,2020-01-24,2020-02-04,2020-01-31,2020-01-28,0,0,0,0,0,0,0,0,1,0,1,0,0,0,0,0,0,1,0,1,1,0,0,1,1,1,,,,,p2p,n2p,p2p,p2n,n2p,Life.BullEnd,Life.Bull,Life.BullEnd,Life.BearStart,Life.BullEnd,,
2020-02-07,1.35803,,,,,1.35093,1.29511,1.18798,1.04872,1.3596,1.3493,0.01029,0.01736,-0.00706,,,1.76,-38.06,42.29,-2.96,1.69,-0.67,10.47,-3.03,6.0,24.0,35.0,14.0,10.0,5.0,28.0,12.0,-0.0,-0.01,0.01929,-0.01643,1.17391,54.0,,54.0,10.522,76.66667,73.33333,,,87.02564,75.35897,,87.026,2.4639,1.6295,3.0221,0.5582,-0.8344,1.3926,0,1,0,,,,0.15,,,,,1.384,1.41,0.903,1.347,1.368,0.897,2020-01-23,2020-01-06,2019-09-12,2020-02-04,2020-01-15,2019-09-24,1.39,1.32,1.4,1.31,1.26,1.37,2020-02-06,2020-02-03,2020-01-29,2020-02-04,2020-01-31,2020-01-28,2223900,5220300,2415900,-28.74,-32.09,-10.25,0.04,0.089,0.063,0.006,0.035,0.059,0.04395,0.07079,0.05712,0.02164,0.04941,0.05809,87.026,82.828,39.542,20.37,17.394,26.471,80.0,56.667,58.333,53.333,0.0,42.857,54.0,44.444,57.692,43.478,35.897,42.857,2020-01-24,2020-01-03,2019-12-23,2020-02-05,2020-01-21,2019-12-26,2020-02-07,2020-01-24,2020-01-14,2020-01-31,2020-01-17,2020-01-09,2020-02-06,2020-02-03,2020-01-29,2020-02-04,2020-01-31,2020-01-28,2020-02-07,2020-02-03,2020-01-29,2020-02-04,2020-01-31,2020-01-28,0,0,0,0,0,0,0,0,1,0,1,0,0,1,0,0,0,1,0,1,0,0,0,1,1,1,,,,,p2p,n2p,p2p,p2n,n2p,Life.BullEnd,Life.Bull,Life.BullEnd,Life.BearStart,Life.BullEnd,,
2020-02-10,1.36463,,,,,1.35163,1.29765,1.19139,1.05182,1.35966,1.3501,0.00956,0.0158,-0.00623,,0.01,1.27,-38.06,42.29,-2.96,1.69,-0.67,10.47,-3.03,5.0,24.0,35.0,14.0,10.0,5.0,28.0,12.0,-0.0,-0.02,0.01786,-0.01786,1.0,50.0,,,-4.0,70.0,75.55556,,,82.66667,81.69963,,,2.4583,1.6024,2.9981,0.5398,-0.8559,1.3957,0,0,0,,,,,0.15,,,,1.384,1.41,0.903,1.347,1.368,0.897,2020-01-23,2020-01-06,2019-09-12,2020-02-04,2020-01-15,2019-09-24,1.39,1.32,1.4,1.31,1.26,1.37,2020-02-06,2020-02-03,2020-01-29,2020-02-04,2020-01-31,2020-01-28,5220300,2415900,1905900,-32.09,-10.25,-3.23,0.01,0.04,0.089,0.006,0.035,0.059,0.0158,0.04395,0.07079,0.02164,0.04941,0.05809,87.026,82.828,39.542,20.37,17.394,26.471,80.0,56.667,58.333,53.333,0.0,42.857,54.0,44.444,57.692,43.478,35.897,42.857,2020-02-10,2020-01-24,2020-01-03,2020-02-05,2020-01-21,2019-12-26,2020-02-07,2020-01-24,2020-01-14,2020-01-31,2020-01-17,2020-01-09,2020-02-06,2020-02-03,2020-01-29,2020-02-04,2020-01-31,2020-01-28,2020-02-07,2020-02-03,2020-01-29,2020-02-04,2020-01-31,2020-01-28,0,0,0,0,0,0,0,0,1,0,1,0,0,1,0,0,0,1,0,1,0,0,0,1,1,1,,,,,p2p,n2p,p2p,p2n,n2p,Life.Bull,Life.BullEnd,Life.BearStart,Life.BullEnd,Life.BearStart,,
2020-02-11,1.37091,,,1.36,,1.35227,1.3001,1.19472,1.05488,1.35971,1.35083,0.00888,0.01441,-0.00553,0.009,,0.81,-38.06,42.29,-2.96,1.69,-0.67,10.47,-3.03,4.0,24.0,35.0,14.0,10.0,5.0,28.0,12.0,0.0,0.0,0.01786,-0.01786,1.0,50.0,,,-4.0,70.0,72.22222,70.0,,67.33333,79.00855,,,2.4522,1.5755,2.9739,0.5217,-0.8767,1.3984,0,0,0,,,,,0.15,,,,1.384,1.41,0.903,1.347,1.368,0.897,2020-01-23,2020-01-06,2019-09-12,2020-02-04,2020-01-15,2019-09-24,1.39,1.32,1.4,1.36,1.31,1.26,2020-02-06,2020-02-03,2020-01-29,2020-02-11,2020-02-04,2020-01-31,2415900,1905900,1894600,-10.25,-3.23,-34.85,0.01,0.04,0.089,0.009,0.006,0.035,0.0158,0.04395,0.07079,0.01441,0.02164,0.04941,87.026,82.828,39.542,20.37,17.394,26.471,80.0,56.667,58.333,70.0,53.333,0.0,54.0,44.444,57.692,43.478,35.897,42.857,2020-02-10,2020-01-24,2020-01-03,2020-02-11,2020-02-05,2020-01-21,2020-02-07,2020-01-24,2020-01-14,2020-01-31,2020-01-17,2020-01-09,2020-02-06,2020-02-03,2020-01-29,2020-02-11,2020-02-04,2020-01-31,2020-02-07,2020-02-03,2020-01-29,2020-02-04,2020-01-31,2020-01-28,0,0,0,0,0,0,0,1,1,0,0,0,0,1,0,0,0,1,0,1,0,0,0,1,1,1,,,,,p2p,n2p,p2p,p2n,n2p,Life.Bull,Life.BullEnd,Life.BearStart,Life.BullEnd,Life.BearStart,,
2020-02-12,1.3759,,,,1.38,1.3544,1.30323,1.19839,1.05812,1.36283,1.35299,0.00984,0.0135,-0.00366,,,0.44,-38.06,42.29,-2.96,1.69,-0.67,10.47,-3.03,3.0,24.0,35.0,14.0,10.0,5.0,28.0,12.0,0.02,0.0,0.015,-0.01786,0.84,45.65217,,,-8.34783,76.66667,72.22222,,76.667,55.71429,68.57143,,,2.4511,1.5601,2.9628,0.5117,-0.891,1.4027,0,0,0,,,,,0.15,,,,1.384,1.41,0.903,1.347,1.368,0.897,2020-01-23,2020-01-06,2019-09-12,2020-02-04,2020-01-15,2019-09-24,1.38,1.39,1.32,1.36,1.31,1.26,2020-02-12,2020-02-06,2020-02-03,2020-02-11,2020-02-04,2020-01-31,1905900,1894600,6141900,-3.23,-34.85,59.94,0.01,0.04,0.089,0.009,0.006,0.035,0.0158,0.04395,0.07079,0.01441,0.02164,0.04941,87.026,82.828,39.542,20.37,17.394,26.471,76.667,80.0,56.667,70.0,53.333,0.0,54.0,44.444,57.692,43.478,35.897,42.857,2020-02-10,2020-01-24,2020-01-03,2020-02-11,2020-02-05,2020-01-21,2020-02-07,2020-01-24,2020-01-14,2020-01-31,2020-01-17,2020-01-09,2020-02-12,2020-02-06,2020-02-03,2020-02-11,2020-02-04,2020-01-31,2020-02-07,2020-02-03,2020-01-29,2020-02-04,2020-01-31,2020-01-28,0,0,0,0,0,0,0,1,1,0,0,0,0,1,0,0,0,0,0,1,0,0,0,1,1,1,6141900.0,,,,n2p,p2p,p2n,n2p,n2p,Life.Bull,Life.BullEnd,Life.BearStart,Life.BullEnd,Life.BearStart,,
2020-02-13,1.37929,,,1.37,,1.3556,1.30585,1.20179,1.06122,1.36394,1.35425,0.00969,0.01274,-0.00305,,,0.2,-38.06,42.29,-2.96,1.69,-0.67,10.47,-3.03,2.0,24.0,35.0,14.0,10.0,5.0,28.0,12.0,-0.0,-0.01,0.015,-0.01857,0.80769,44.68085,,,-9.31915,75.86207,74.17625,75.862,,50.0,57.68254,50.0,,2.4463,1.5381,2.9438,0.4975,-0.9082,1.4057,0,0,0,,,,,0.15,,,,1.384,1.41,0.903,1.347,1.368,0.897,2020-01-23,2020-01-06,2019-09-12,2020-02-04,2020-01-15,2019-09-24,1.38,1.39,1.32,1.37,1.36,1.31,2020-02-12,2020-02-06,2020-02-03,2020-02-13,2020-02-11,2020-02-04,1894600,6141900,3020200,-34.85,59.94,11.21,0.01,0.04,0.089,0.009,0.006,0.035,0.0158,0.04395,0.07079,0.01441,0.02164,0.04941,87.026,82.828,39.542,50.0,20.37,17.394,76.667,80.0,56.667,75.862,70.0,53.333,54.0,44.444,57.692,43.478,35.897,42.857,2020-02-10,2020-01-24,2020-01-03,2020-02-11,2020-02-05,2020-01-21,2020-02-07,2020-01-24,2020-01-14,2020-02-13,2020-01-31,2020-01-17,2020-02-12,2020-02-06,2020-02-03,2020-02-13,2020-02-11,2020-02-04,2020-02-07,2020-02-03,2020-01-29,2020-02-04,2020-01-31,2020-01-28,0,0,0,0,0,0,0,1,1,0,0,0,0,1,0,1,0,0,0,1,0,0,0,1,1,1,,,,,n2p,p2p,p2n,n2p,n2p,Life.Bull,Life.BullEnd,Life.BearStart,Life.BullEnd,Life.BearStart,,
2020-02-14,1.38121,,,,,1.35748,1.30876,1.20532,1.06439,1.36641,1.35616,0.01025,0.01224,-0.00199,,,0.06,-38.06,42.29,-2.96,1.69,-0.67,10.47,-3.03,1.0,24.0,35.0,14.0,10.0,5.0,28.0,12.0,0.01,0.0,0.01429,-0.01857,0.76923,43.47826,43.478,,-10.52174,82.14286,78.22386,,,52.38095,52.69841,,,2.4437,1.5216,2.9309,0.4872,-0.9221,1.4093,0,0,0,,,,,0.15,,,,1.384,1.41,0.903,1.347,1.368,0.897,2020-01-23,2020-01-06,2019-09-12,2020-02-04,2020-01-15,2019-09-24,1.38,1.39,1.32,1.37,1.36,1.31,2020-02-12,2020-02-06,2020-02-03,2020-02-13,2020-02-11,2020-02-04,6141900,3020200,1824700,59.94,11.21,-0.63,0.01,0.04,0.089,0.009,0.006,0.035,0.0158,0.04395,0.07079,0.01441,0.02164,0.04941,87.026,82.828,39.542,50.0,20.37,17.394,76.667,80.0,56.667,75.862,70.0,53.333,54.0,44.444,57.692,43.478,43.478,35.897,2020-02-10,2020-01-24,2020-01-03,2020-02-11,2020-02-05,2020-01-21,2020-02-07,2020-01-24,2020-01-14,2020-02-13,2020-01-31,2020-01-17,2020-02-12,2020-02-06,2020-02-03,2020-02-13,2020-02-11,2020-02-04,2020-02-07,2020-02-03,2020-01-29,2020-02-14,2020-02-04,2020-01-31,0,0,0,0,0,0,0,1,1,0,0,0,0,1,0,1,0,0,0,1,0,0,0,1,1,1,,,,,n2p,p2p,p2n,n2p,n2p,Life.Bull,Life.BullEnd,Life.BearStart,Life.BullEnd,Life.BearStart,,
2020-02-17,1.38185,,1.382,,1.42,1.36229,1.31312,1.20957,1.06793,1.37465,1.36089,0.01377,0.01254,0.00122,,,-38.05,42.29,-2.96,1.69,-0.67,10.47,-3.03,3.83,24.0,35.0,14.0,10.0,5.0,28.0,12.0,9.0,0.04,0.0,0.01714,-0.01357,1.26316,55.81395,,55.814,12.33595,96.42857,84.81117,,96.429,62.5,54.96032,,62.5,2.4519,1.5272,2.9436,0.4917,-0.9247,1.4164,1,1,0,,,0.15,,,,,,1.382,1.384,1.41,1.347,1.368,0.897,2020-02-17,2020-01-23,2020-01-06,2020-02-04,2020-01-15,2019-09-24,1.42,1.38,1.39,1.37,1.36,1.31,2020-02-17,2020-02-12,2020-02-06,2020-02-13,2020-02-11,2020-02-04,3020200,1824700,5294900,11.21,-0.63,-7.71,0.01,0.04,0.089,0.009,0.006,0.035,0.0158,0.04395,0.07079,0.01441,0.02164,0.04941,62.5,87.026,82.828,50.0,20.37,17.394,96.429,76.667,80.0,75.862,70.0,53.333,55.814,54.0,44.444,43.478,43.478,35.897,2020-02-10,2020-01-24,2020-01-03,2020-02-11,2020-02-05,2020-01-21,2020-02-17,2020-02-07,2020-01-24,2020-02-13,2020-01-31,2020-01-17,2020-02-17,2020-02-12,2020-02-06,2020-02-13,2020-02-11,2020-02-04,2020-02-17,2020-02-07,2020-02-03,2020-02-14,2020-02-04,2020-01-31,1,0,0,0,0,1,0,1,1,0,0,0,1,0,0,1,0,1,0,1,0,1,0,1,1,1,,,,,n2p,p2p,p2n,n2p,n2p,Life.BullEnd,Life.BearStart,Life.BullEnd,Life.BearStart,Life.BullRetrace,,
2020-02-18,1.38107,,,,,1.36442,1.31613,1.21314,1.07114,1.37701,1.36304,0.01397,0.01283,0.00114,,0.014,-38.02,42.29,-2.96,1.69,-0.67,10.47,-3.03,3.83,23.0,35.0,14.0,10.0,5.0,28.0,12.0,9.0,-0.0,-0.03,0.015,-0.01571,0.95455,48.83721,48.837,,-6.97679,80.0,86.19048,,,61.54762,58.80952,,,2.4499,1.5128,2.9328,0.4829,-0.9371,1.42,0,1,0,,,,0.15,,,,,1.382,1.384,1.41,1.347,1.368,0.897,2020-02-17,2020-01-23,2020-01-06,2020-02-04,2020-01-15,2019-09-24,1.42,1.38,1.39,1.37,1.36,1.31,2020-02-17,2020-02-12,2020-02-06,2020-02-13,2020-02-11,2020-02-04,1824700,5294900,3558000,-0.63,-7.71,5.3,0.014,0.01,0.04,0.009,0.006,0.035,0.01283,0.0158,0.04395,0.01441,0.02164,0.04941,62.5,87.026,82.828,50.0,20.37,17.394,96.429,76.667,80.0,75.862,70.0,53.333,55.814,54.0,44.444,48.837,43.478,43.478,2020-02-18,2020-02-10,2020-01-24,2020-02-11,2020-02-05,2020-01-21,2020-02-17,2020-02-07,2020-01-24,2020-02-13,2020-01-31,2020-01-17,2020-02-17,2020-02-12,2020-02-06,2020-02-13,2020-02-11,2020-02-04,2020-02-17,2020-02-07,2020-02-03,2020-02-18,2020-02-14,2020-02-04,1,0,0,0,0,1,0,1,0,0,0,0,1,0,0,1,0,1,0,1,0,1,0,1,1,1,,,,,n2p,p2p,p2n,n2p,n2p,Life.BearStart,Life.BullEnd,Life.BearStart,Life.BullRetrace,Life.BullEnd,,
2020-02-19,1.37813,,,,,1.36562,1.31864,1.21645,1.07421,1.37747,1.3643,0.01317,0.0129,0.00028,,,-37.89,42.29,-2.96,1.69,-0.67,10.47,-3.03,3.83,22.0,35.0,14.0,10.0,5.0,28.0,12.0,9.0,-0.0,-0.01,0.015,-0.01429,1.05,51.21951,,,2.38251,76.66667,84.36508,,,46.66667,56.90476,,,2.4443,1.4917,2.9141,0.4698,-0.9526,1.4224,0,0,0,,,,,0.15,,,,1.382,1.384,1.41,1.347,1.368,0.897,2020-02-17,2020-01-23,2020-01-06,2020-02-04,2020-01-15,2019-09-24,1.42,1.38,1.39,1.37,1.36,1.31,2020-02-17,2020-02-12,2020-02-06,2020-02-13,2020-02-11,2020-02-04,5294900,3558000,1763400,-7.71,5.3,-0.57,0.014,0.01,0.04,0.009,0.006,0.035,0.01283,0.0158,0.04395,0.01441,0.02164,0.04941,62.5,87.026,82.828,50.0,20.37,17.394,96.429,76.667,80.0,75.862,70.0,53.333,55.814,54.0,44.444,48.837,43.478,43.478,2020-02-18,2020-02-10,2020-01-24,2020-02-11,2020-02-05,2020-01-21,2020-02-17,2020-02-07,2020-01-24,2020-02-13,2020-01-31,2020-01-17,2020-02-17,2020-02-12,2020-02-06,2020-02-13,2020-02-11,2020-02-04,2020-02-17,2020-02-07,2020-02-03,2020-02-18,2020-02-14,2020-02-04,1,0,0,0,0,1,0,1,0,0,0,0,1,0,0,1,0,1,0,1,0,1,0,1,1,1,,,,,n2p,p2p,p2n,n2p,n2p,Life.BullEnd,Life.BearStart,Life.BullRetrace,Life.BullEnd,Life.BearStart,,
2020-02-20,1.37214,,,1.38,,1.36673,1.32105,1.21969,1.07725,1.37786,1.36546,0.0124,0.0128,-0.0004,,,-37.62,42.29,-2.96,1.69,-0.67,10.47,-3.03,3.83,21.0,35.0,14.0,10.0,5.0,28.0,12.0,9.0,0.0,0.0,0.015,-0.00643,2.33333,70.0,,70.0,21.163,76.66667,77.77778,,,21.66667,43.29365,,,2.438,1.4704,2.8948,0.4568,-0.9676,1.4244,0,0,0,,,,,0.15,,,,1.382,1.384,1.41,1.347,1.368,0.897,2020-02-17,2020-01-23,2020-01-06,2020-02-04,2020-01-15,2019-09-24,1.42,1.38,1.39,1.38,1.37,1.36,2020-02-17,2020-02-12,2020-02-06,2020-02-20,2020-02-13,2020-02-11,3558000,1763400,1677100,5.3,-0.57,-34.08,0.014,0.01,0.04,0.009,0.006,0.035,0.01283,0.0158,0.04395,0.01441,0.02164,0.04941,62.5,87.026,82.828,50.0,20.37,17.394,96.429,76.667,80.0,75.862,70.0,53.333,70.0,55.814,54.0,48.837,43.478,43.478,2020-02-18,2020-02-10,2020-01-24,2020-02-11,2020-02-05,2020-01-21,2020-02-17,2020-02-07,2020-01-24,2020-02-13,2020-01-31,2020-01-17,2020-02-17,2020-02-12,2020-02-06,2020-02-13,2020-02-11,2020-02-04,2020-02-20,2020-02-17,2020-02-07,2020-02-18,2020-02-14,2020-02-04,1,0,0,0,0,1,0,1,0,0,0,0,1,0,0,1,0,1,0,1,0,1,0,1,1,1,,,,,n2p,p2p,p2n,n2p,n2p,Life.BullEnd,Life.BearStart,Life.BullRetrace,Life.BullEnd,Life.BearStart,,
2020-02-21,1.36274,,,,1.39,1.36852,1.32375,1.22306,1.08037,1.37973,1.36728,0.01245,0.01273,-0.00028,,,-37.19,42.29,-2.96,1.69,-0.67,10.47,-3.03,3.83,20.0,35.0,14.0,10.0,5.0,28.0,12.0,9.0,0.01,0.0,0.01143,-0.00643,1.77778,64.0,,,-6.0,60.0,71.11111,,,13.09524,27.14286,13.095,,2.4338,1.4546,2.8815,0.4477,-0.9792,1.4269,0,0,0,,,,,0.15,,,,1.382,1.384,1.41,1.347,1.368,0.897,2020-02-17,2020-01-23,2020-01-06,2020-02-04,2020-01-15,2019-09-24,1.39,1.42,1.38,1.38,1.37,1.36,2020-02-21,2020-02-17,2020-02-12,2020-02-20,2020-02-13,2020-02-11,1763400,1677100,4163400,-0.57,-34.08,8.65,0.014,0.01,0.04,0.009,0.006,0.035,0.01283,0.0158,0.04395,0.01441,0.02164,0.04941,62.5,87.026,82.828,13.095,50.0,20.37,96.429,76.667,80.0,75.862,70.0,53.333,70.0,55.814,54.0,48.837,43.478,43.478,2020-02-18,2020-02-10,2020-01-24,2020-02-11,2020-02-05,2020-01-21,2020-02-17,2020-02-07,2020-01-24,2020-02-21,2020-02-13,2020-01-31,2020-02-17,2020-02-12,2020-02-06,2020-02-13,2020-02-11,2020-02-04,2020-02-20,2020-02-17,2020-02-07,2020-02-18,2020-02-14,2020-02-04,1,0,0,0,0,0,0,1,0,0,0,0,1,0,1,0,0,1,0,1,0,1,0,1,1,1,4163400.0,,,,p2p,p2n,n2p,n2p,n2p,Life.BullEnd,Life.BearStart,Life.BullRetrace,Life.BullEnd,Life.BearStart,,
2020-02-24,1.35006,,,1.33,,1.36555,1.32399,1.22518,1.08285,1.37208,1.36452,0.00756,0.0117,-0.00414,,,-36.6,42.29,-2.96,1.69,-0.67,10.47,-3.03,3.83,19.0,35.0,14.0,10.0,5.0,28.0,12.0,9.0,-0.0,-0.06,0.01143,-0.01,1.14286,53.33333,53.333,,-16.66667,14.28571,50.31746,14.286,,13.69048,16.15079,,,2.4114,1.4037,2.827,0.4156,-1.0077,1.4233,0,0,0,,,,,0.15,,,,1.382,1.384,1.41,1.347,1.368,0.897,2020-02-17,2020-01-23,2020-01-06,2020-02-04,2020-01-15,2019-09-24,1.39,1.42,1.38,1.33,1.38,1.37,2020-02-21,2020-02-17,2020-02-12,2020-02-24,2020-02-20,2020-02-13,1677100,4163400,4713300,-34.08,8.65,38.79,0.014,0.01,0.04,0.009,0.006,0.035,0.01283,0.0158,0.04395,0.01441,0.02164,0.04941,62.5,87.026,82.828,13.095,50.0,20.37,96.429,76.667,80.0,14.286,75.862,70.0,70.0,55.814,54.0,53.333,48.837,43.478,2020-02-18,2020-02-10,2020-01-24,2020-02-11,2020-02-05,2020-01-21,2020-02-17,2020-02-07,2020-01-24,2020-02-21,2020-02-13,2020-01-31,2020-02-17,2020-02-12,2020-02-06,2020-02-24,2020-02-13,2020-02-11,2020-02-20,2020-02-17,2020-02-07,2020-02-24,2020-02-18,2020-02-14,1,0,0,0,0,0,1,0,0,0,0,0,1,0,1,0,0,1,1,0,0,1,0,1,1,1,,,,,p2p,p2n,n2p,n2p,n2p,Life.BullEnd,Life.BearStart,Life.BullRetrace,Life.BullEnd,Life.BearStart,,
2020-02-25,1.33462,,,,1.39,1.36743,1.32658,1.22844,1.08591,1.37484,1.36641,0.00843,0.01104,-0.00261,,,-35.86,42.29,-2.96,1.69,-0.67,10.47,-3.03,3.83,18.0,35.0,14.0,10.0,5.0,28.0,12.0,9.0,0.06,0.0,0.01357,-0.01,1.35714,57.57576,,57.576,4.24276,60.0,44.7619,,60.0,32.60073,19.79548,,,2.4067,1.3899,2.8152,0.4085,-1.0168,1.4253,0,0,0,,,,,0.15,,,,1.382,1.384,1.41,1.347,1.368,0.897,2020-02-17,2020-01-23,2020-01-06,2020-02-04,2020-01-15,2019-09-24,1.39,1.39,1.42,1.33,1.38,1.37,2020-02-25,2020-02-21,2020-02-17,2020-02-24,2020-02-20,2020-02-13,4163400,4713300,6611700,8.65,38.79,46.76,0.014,0.01,0.04,0.009,0.006,0.035,0.01283,0.0158,0.04395,0.01441,0.02164,0.04941,62.5,87.026,82.828,13.095,50.0,20.37,60.0,96.429,76.667,14.286,75.862,70.0,57.576,70.0,55.814,53.333,48.837,43.478,2020-02-18,2020-02-10,2020-01-24,2020-02-11,2020-02-05,2020-01-21,2020-02-17,2020-02-07,2020-01-24,2020-02-21,2020-02-13,2020-01-31,2020-02-25,2020-02-17,2020-02-12,2020-02-24,2020-02-13,2020-02-11,2020-02-25,2020-02-20,2020-02-17,2020-02-24,2020-02-18,2020-02-14,1,0,0,0,1,0,1,0,0,0,0,0,1,0,1,0,1,0,1,0,0,0,0,1,1,1,,,,,p2p,p2n,n2p,n2p,n2p,Life.BullEnd,Life.BearStart,Life.BullRetrace,Life.BullEnd,Life.BearStart,,
2020-02-26,1.31723,,,,,1.36532,1.32711,1.23065,1.08843,1.36948,1.36445,0.00503,0.00984,-0.00481,,,-35.02,42.29,-2.96,1.69,-0.67,10.47,-3.03,3.83,17.0,35.0,14.0,10.0,5.0,28.0,12.0,9.0,-0.0,-0.05,0.01,-0.01357,0.73684,42.42424,,,-15.15176,26.66667,33.65079,,,38.09524,28.12882,,38.095,2.3868,1.3467,2.7689,0.3821,-1.0401,1.4222,0,0,0,,,,,0.15,,,,1.382,1.384,1.41,1.347,1.368,0.897,2020-02-17,2020-01-23,2020-01-06,2020-02-04,2020-01-15,2019-09-24,1.39,1.39,1.42,1.33,1.38,1.37,2020-02-25,2020-02-21,2020-02-17,2020-02-24,2020-02-20,2020-02-13,4713300,6611700,8259700,38.79,46.76,26.45,0.014,0.01,0.04,0.009,0.006,0.035,0.01283,0.0158,0.04395,0.01441,0.02164,0.04941,38.095,62.5,87.026,13.095,50.0,20.37,60.0,96.429,76.667,14.286,75.862,70.0,57.576,70.0,55.814,53.333,48.837,43.478,2020-02-18,2020-02-10,2020-01-24,2020-02-11,2020-02-05,2020-01-21,2020-02-26,2020-02-17,2020-02-07,2020-02-21,2020-02-13,2020-01-31,2020-02-25,2020-02-17,2020-02-12,2020-02-24,2020-02-13,2020-02-11,2020-02-25,2020-02-20,2020-02-17,2020-02-24,2020-02-18,2020-02-14,1,0,0,0,1,0,1,0,0,0,0,0,1,0,1,0,1,0,1,0,0,0,0,1,1,1,,,,,p2p,p2n,n2p,n2p,n2p,Life.BullEnd,Life.BearStart,Life.BullRetrace,Life.BullEnd,Life.BearStart,,
2020-02-27,1.29837,,,,,1.3603,1.32605,1.23202,1.09054,1.35879,1.35968,-0.00089,0.00769,-0.00858,,,-34.07,42.29,-2.96,1.69,-0.67,10.47,-3.03,3.83,16.0,35.0,14.0,10.0,5.0,28.0,12.0,9.0,-0.0,-0.04,0.01,-0.01571,0.63636,38.88889,,,-18.68711,11.76471,32.81046,11.765,,37.77778,36.15792,,,2.3551,1.2828,2.6976,0.3425,-1.0723,1.4148,0,0,0,,,,,0.15,,,,1.382,1.384,1.41,1.347,1.368,0.897,2020-02-17,2020-01-23,2020-01-06,2020-02-04,2020-01-15,2019-09-24,1.39,1.39,1.42,1.33,1.38,1.37,2020-02-25,2020-02-21,2020-02-17,2020-02-24,2020-02-20,2020-02-13,6611700,8259700,3802900,46.76,26.45,-4.65,0.014,0.01,0.04,0.009,0.006,0.035,0.01283,0.0158,0.04395,0.01441,0.02164,0.04941,38.095,62.5,87.026,13.095,50.0,20.37,60.0,96.429,76.667,11.765,14.286,75.862,57.576,70.0,55.814,53.333,48.837,43.478,2020-02-18,2020-02-10,2020-01-24,2020-02-11,2020-02-05,2020-01-21,2020-02-26,2020-02-17,2020-02-07,2020-02-21,2020-02-13,2020-01-31,2020-02-25,2020-02-17,2020-02-12,2020-02-27,2020-02-24,2020-02-13,2020-02-25,2020-02-20,2020-02-17,2020-02-24,2020-02-18,2020-02-14,1,0,0,0,1,0,1,0,0,0,0,0,1,0,1,0,1,0,1,0,0,0,0,1,1,1,,,,,p2p,p2n,n2p,n2p,n2p,Life.BullEnd,Life.BearStart,Life.BullRetrace,Life.BullEnd,Life.BearStart,,
2020-02-28,1.27804,,,,,1.35181,1.32306,1.23238,1.09213,1.34205,1.35155,-0.0095,0.00425,-0.01376,,,-33.02,42.29,-2.96,1.69,-0.67,10.47,-3.03,3.83,15.0,35.0,14.0,10.0,5.0,28.0,12.0,9.0,-0.0,-0.05,0.01,-0.01786,0.56,35.89744,,,-21.67856,23.07692,20.50277,,23.077,23.39651,33.08984,,,2.3093,1.1943,2.5968,0.2875,-1.115,1.4025,0,0,0,,,,,0.15,,,,1.382,1.384,1.41,1.347,1.368,0.897,2020-02-17,2020-01-23,2020-01-06,2020-02-04,2020-01-15,2019-09-24,1.39,1.39,1.42,1.33,1.38,1.37,2020-02-25,2020-02-21,2020-02-17,2020-02-24,2020-02-20,2020-02-13,8259700,3802900,10071100,26.45,-4.65,18.52,0.014,0.01,0.04,0.009,0.006,0.035,0.01283,0.0158,0.04395,0.01441,0.02164,0.04941,38.095,62.5,87.026,13.095,50.0,20.37,23.077,60.0,96.429,11.765,14.286,75.862,57.576,70.0,55.814,53.333,48.837,43.478,2020-02-18,2020-02-10,2020-01-24,2020-02-11,2020-02-05,2020-01-21,2020-02-26,2020-02-17,2020-02-07,2020-02-21,2020-02-13,2020-01-31,2020-02-28,2020-02-25,2020-02-17,2020-02-27,2020-02-24,2020-02-13,2020-02-25,2020-02-20,2020-02-17,2020-02-24,2020-02-18,2020-02-14,1,0,0,0,1,0,1,0,0,0,0,0,1,0,1,0,1,0,1,0,0,0,0,1,1,1,,,,,p2p,p2n,n2p,n2p,n2p,Life.BullEnd,Life.BearStart,Life.BullRetrace,Life.BullEnd,Life.BearStart,,
2020-03-02,1.25667,,,,,1.34321,1.31981,1.23253,1.0936,1.32635,1.34329,-0.01694,2e-05,-0.01695,,,-31.88,42.29,-2.96,1.69,-0.67,10.47,-3.03,3.83,14.0,35.0,14.0,10.0,5.0,28.0,12.0,9.0,-0.0,-0.01,0.01,-0.01857,0.53846,35.0,,,-22.576,19.23077,18.02413,,,20.38647,27.18692,20.386,,2.2621,1.1068,2.4961,0.234,-1.1553,1.3893,0,0,0,,,,,0.15,,,,1.382,1.384,1.41,1.347,1.368,0.897,2020-02-17,2020-01-23,2020-01-06,2020-02-04,2020-01-15,2019-09-24,1.39,1.39,1.42,1.33,1.38,1.37,2020-02-25,2020-02-21,2020-02-17,2020-02-24,2020-02-20,2020-02-13,3802900,10071100,6234600,-4.65,18.52,-9.15,0.014,0.01,0.04,0.009,0.006,0.035,0.01283,0.0158,0.04395,0.01441,0.02164,0.04941,38.095,62.5,87.026,20.386,13.095,50.0,23.077,60.0,96.429,11.765,14.286,75.862,57.576,70.0,55.814,53.333,48.837,43.478,2020-02-18,2020-02-10,2020-01-24,2020-02-11,2020-02-05,2020-01-21,2020-02-26,2020-02-17,2020-02-07,2020-03-02,2020-02-21,2020-02-13,2020-02-28,2020-02-25,2020-02-17,2020-02-27,2020-02-24,2020-02-13,2020-02-25,2020-02-20,2020-02-17,2020-02-24,2020-02-18,2020-02-14,1,0,0,0,1,0,1,0,0,0,0,0,1,0,0,0,1,0,1,0,0,0,0,1,1,1,,,,,p2p,p2n,n2p,n2p,n2p,Life.BullEnd,Life.BearStart,Life.BullRetrace,Life.BullEnd,Life.BearStart,,
2020-03-03,1.23496,,,,,1.3345,1.31628,1.23248,1.09495,1.31153,1.3349,-0.02337,-0.00466,-0.01871,,,-30.69,42.29,-2.96,1.69,-0.67,10.47,-3.03,3.83,13.0,35.0,14.0,10.0,5.0,28.0,12.0,9.0,-0.0,-0.01,0.00857,-0.01929,0.44444,30.76923,,,-26.80677,15.38462,19.23077,,,21.73913,21.8407,,21.739,2.2133,1.0202,2.3955,0.1822,-1.1931,1.3753,0,0,0,,,,,0.15,,,,1.382,1.384,1.41,1.347,1.368,0.897,2020-02-17,2020-01-23,2020-01-06,2020-02-04,2020-01-15,2019-09-24,1.39,1.39,1.42,1.33,1.38,1.37,2020-02-25,2020-02-21,2020-02-17,2020-02-24,2020-02-20,2020-02-13,10071100,6234600,3854400,18.52,-9.15,0.26,0.014,0.01,0.04,0.009,0.006,0.035,0.01283,0.0158,0.04395,0.01441,0.02164,0.04941,21.739,38.095,62.5,20.386,13.095,50.0,23.077,60.0,96.429,11.765,14.286,75.862,57.576,70.0,55.814,53.333,48.837,43.478,2020-02-18,2020-02-10,2020-01-24,2020-02-11,2020-02-05,2020-01-21,2020-03-03,2020-02-26,2020-02-17,2020-03-02,2020-02-21,2020-02-13,2020-02-28,2020-02-25,2020-02-17,2020-02-27,2020-02-24,2020-02-13,2020-02-25,2020-02-20,2020-02-17,2020-02-24,2020-02-18,2020-02-14,1,0,0,0,1,0,1,0,0,0,0,0,1,0,0,0,1,0,1,0,0,0,0,1,1,1,,,,,p2p,p2n,n2p,n2p,n2p,Life.BullEnd,Life.BearStart,Life.BullRetrace,Life.BullEnd,Life.BearStart,,
2020-03-04,1.21325,,,,,1.3257,1.31251,1.23223,1.0962,1.29745,1.32639,-0.02894,-0.00952,-0.01942,,,-29.45,42.29,-2.96,1.69,-0.67,10.47,-3.03,3.83,12.0,35.0,14.0,10.0,5.0,28.0,12.0,9.0,-0.0,-0.01,0.00857,-0.01929,0.44444,30.76923,,,-26.80677,11.53846,15.38462,,,18.92583,20.35048,18.926,,2.1631,0.9347,2.295,0.1319,-1.2284,1.3603,0,0,0,,,,,0.15,,,,1.382,1.384,1.41,1.347,1.368,0.897,2020-02-17,2020-01-23,2020-01-06,2020-02-04,2020-01-15,2019-09-24,1.39,1.39,1.42,1.33,1.38,1.37,2020-02-25,2020-02-21,2020-02-17,2020-02-24,2020-02-20,2020-02-13,6234600,3854400,2702200,-9.15,0.26,-36.55,0.014,0.01,0.04,0.009,0.006,0.035,0.01283,0.0158,0.04395,0.01441,0.02164,0.04941,21.739,38.095,62.5,18.926,20.386,13.095,23.077,60.0,96.429,11.765,14.286,75.862,57.576,70.0,55.814,53.333,48.837,43.478,2020-02-18,2020-02-10,2020-01-24,2020-02-11,2020-02-05,2020-01-21,2020-03-03,2020-02-26,2020-02-17,2020-03-04,2020-03-02,2020-02-21,2020-02-28,2020-02-25,2020-02-17,2020-02-27,2020-02-24,2020-02-13,2020-02-25,2020-02-20,2020-02-17,2020-02-24,2020-02-18,2020-02-14,1,0,0,0,1,0,1,0,0,0,0,0,1,0,0,0,1,0,1,0,0,0,0,1,1,1,,,,,p2p,p2n,n2p,n2p,n2p,Life.BullEnd,Life.BearStart,Life.BullRetrace,Life.BullEnd,Life.BearStart,,
2020-03-05,1.19093,,,,,1.31757,1.30888,1.23199,1.09743,1.28553,1.31851,-0.03297,-0.01421,-0.01877,,,-28.12,42.29,-2.96,1.69,-0.67,10.47,-3.03,3.83,11.0,35.0,14.0,10.0,5.0,28.0,12.0,9.0,0.0,0.0,0.00786,-0.01929,0.40741,28.94737,,,-28.62863,11.53846,12.82051,,,22.79057,21.15184,,,2.1145,0.8558,2.2014,0.0869,-1.2587,1.3456,0,0,0,,,,,0.15,,,,1.382,1.384,1.41,1.347,1.368,0.897,2020-02-17,2020-01-23,2020-01-06,2020-02-04,2020-01-15,2019-09-24,1.39,1.39,1.42,1.33,1.38,1.37,2020-02-25,2020-02-21,2020-02-17,2020-02-24,2020-02-20,2020-02-13,3854400,2702200,2721200,0.26,-36.55,-27.47,0.014,0.01,0.04,0.009,0.006,0.035,0.01283,0.0158,0.04395,0.01441,0.02164,0.04941,21.739,38.095,62.5,18.926,20.386,13.095,23.077,60.0,96.429,11.765,14.286,75.862,57.576,70.0,55.814,53.333,48.837,43.478,2020-02-18,2020-02-10,2020-01-24,2020-02-11,2020-02-05,2020-01-21,2020-03-03,2020-02-26,2020-02-17,2020-03-04,2020-03-02,2020-02-21,2020-02-28,2020-02-25,2020-02-17,2020-02-27,2020-02-24,2020-02-13,2020-02-25,2020-02-20,2020-02-17,2020-02-24,2020-02-18,2020-02-14,1,0,0,0,1,0,1,0,0,0,0,0,1,0,0,0,1,0,1,0,0,0,0,1,1,1,,,,,p2p,p2n,n2p,n2p,n2p,Life.BullEnd,Life.BearStart,Life.BullRetrace,Life.BullEnd,Life.BearStart,,
2020-03-06,1.1669,,,,,1.30929,1.305,1.23156,1.09855,1.27391,1.31047,-0.03656,-0.01868,-0.01788,,,-26.64,42.29,-2.96,1.69,-0.67,10.47,-3.03,3.83,10.0,35.0,14.0,10.0,5.0,28.0,12.0,9.0,-0.0,-0.01,0.005,-0.02,0.25,20.0,,,-37.576,7.69231,10.25641,,,24.40087,22.03909,,24.401,2.0645,0.7773,2.1074,0.0429,-1.2872,1.3301,0,0,0,,,,,0.15,,,,1.382,1.384,1.41,1.347,1.368,0.897,2020-02-17,2020-01-23,2020-01-06,2020-02-04,2020-01-15,2019-09-24,1.39,1.39,1.42,1.33,1.38,1.37,2020-02-25,2020-02-21,2020-02-17,2020-02-24,2020-02-20,2020-02-13,2702200,2721200,3090700,-36.55,-27.47,-8.23,0.014,0.01,0.04,0.009,0.006,0.035,0.01283,0.0158,0.04395,0.01441,0.02164,0.04941,24.401,21.739,38.095,18.926,20.386,13.095,23.077,60.0,96.429,11.765,14.286,75.862,57.576,70.0,55.814,53.333,48.837,43.478,2020-02-18,2020-02-10,2020-01-24,2020-02-11,2020-02-05,2020-01-21,2020-03-06,2020-03-03,2020-02-26,2020-03-04,2020-03-02,2020-02-21,2020-02-28,2020-02-25,2020-02-17,2020-02-27,2020-02-24,2020-02-13,2020-02-25,2020-02-20,2020-02-17,2020-02-24,2020-02-18,2020-02-14,1,0,0,0,1,0,1,0,0,0,0,0,0,0,0,0,1,0,1,0,0,0,0,1,1,1,,,,,p2p,p2n,n2p,n2p,n2p,Life.BullEnd,Life.BearStart,Life.BullRetrace,Life.BullEnd,Life.BearStart,,
2020-03-09,1.13982,,,1.08,,1.29165,1.29618,1.22855,1.09837,1.24408,1.2934,-0.04932,-0.02481,-0.02451,,,-24.9,42.29,-2.96,1.69,-0.67,10.47,-3.03,3.83,9.0,35.0,14.0,10.0,5.0,28.0,12.0,9.0,-0.0,-0.13,0.005,-0.02714,0.18421,15.55556,15.556,,-42.02044,0.0,6.41026,0.0,,18.51852,21.90332,18.519,,1.9781,0.6763,1.9781,0.0,-1.3018,1.3018,0,0,0,,,,,0.15,,,,1.382,1.384,1.41,1.347,1.368,0.897,2020-02-17,2020-01-23,2020-01-06,2020-02-04,2020-01-15,2019-09-24,1.39,1.39,1.42,1.08,1.33,1.38,2020-02-25,2020-02-21,2020-02-17,2020-03-09,2020-02-24,2020-02-20,2721200,3090700,7497900,-27.47,-8.23,56.33,0.014,0.01,0.04,0.009,0.006,0.035,0.01283,0.0158,0.04395,0.01441,0.02164,0.04941,24.401,21.739,38.095,18.519,18.926,20.386,23.077,60.0,96.429,0.0,11.765,14.286,57.576,70.0,55.814,15.556,53.333,48.837,2020-02-18,2020-02-10,2020-01-24,2020-02-11,2020-02-05,2020-01-21,2020-03-06,2020-03-03,2020-02-26,2020-03-09,2020-03-04,2020-03-02,2020-02-28,2020-02-25,2020-02-17,2020-03-09,2020-02-27,2020-02-24,2020-02-25,2020-02-20,2020-02-17,2020-03-09,2020-02-24,2020-02-18,1,0,0,0,1,0,1,0,0,0,0,0,0,0,1,0,1,0,1,0,0,0,1,0,1,1,-7497900.0,,,,p2n,n2p,n2p,n2p,n2p,Life.BullEnd,Life.BearStart,Life.BullRetrace,Life.BullEnd,Life.BearStart,,
2020-03-10,1.10796,,,,,1.27845,1.28927,1.2264,1.09858,1.22499,1.28055,-0.05556,-0.03096,-0.02461,,,-22.74,42.29,-2.96,1.69,-0.67,10.47,-3.03,3.83,8.0,35.0,14.0,10.0,5.0,28.0,12.0,9.0,0.04,0.0,0.00786,-0.02643,0.2973,22.91667,,,7.36067,26.19048,11.29426,,,22.68519,21.86819,,,1.9069,0.6287,1.9069,0.0,-1.2782,1.2782,0,0,0,,,,,0.15,,,,1.382,1.384,1.41,1.347,1.368,0.897,2020-02-17,2020-01-23,2020-01-06,2020-02-04,2020-01-15,2019-09-24,1.39,1.39,1.42,1.08,1.33,1.38,2020-02-25,2020-02-21,2020-02-17,2020-03-09,2020-02-24,2020-02-20,3090700,7497900,5871900,-8.23,56.33,23.67,0.014,0.01,0.04,0.009,0.006,0.035,0.01283,0.0158,0.04395,0.01441,0.02164,0.04941,24.401,21.739,38.095,18.519,18.926,20.386,23.077,60.0,96.429,0.0,11.765,14.286,57.576,70.0,55.814,15.556,53.333,48.837,2020-02-18,2020-02-10,2020-01-24,2020-02-11,2020-02-05,2020-01-21,2020-03-06,2020-03-03,2020-02-26,2020-03-09,2020-03-04,2020-03-02,2020-02-28,2020-02-25,2020-02-17,2020-03-09,2020-02-27,2020-02-24,2020-02-25,2020-02-20,2020-02-17,2020-03-09,2020-02-24,2020-02-18,1,0,0,0,1,0,1,0,0,0,0,0,0,0,1,0,1,0,1,0,0,0,1,0,1,1,,,,,p2n,n2p,n2p,n2p,n2p,Life.BullEnd,Life.BearStart,Life.BullRetrace,Life.BullEnd,Life.BearStart,,
2020-03-11,1.0708,,,,1.13,1.26703,1.28302,1.2245,1.09889,1.21038,1.2694,-0.05902,-0.03657,-0.02245,,,-20.06,42.29,-2.96,1.69,-0.67,10.47,-3.03,3.83,7.0,35.0,14.0,10.0,5.0,28.0,12.0,9.0,0.01,0.0,0.00857,-0.02643,0.32432,24.4898,,24.49,8.9338,28.57143,18.25397,,28.571,31.94444,24.38272,,,1.8413,0.5852,1.8413,0.0,-1.2561,1.2561,0,0,0,,,,,0.15,,,,1.382,1.384,1.41,1.347,1.368,0.897,2020-02-17,2020-01-23,2020-01-06,2020-02-04,2020-01-15,2019-09-24,1.13,1.39,1.39,1.08,1.33,1.38,2020-03-11,2020-02-25,2020-02-21,2020-03-09,2020-02-24,2020-02-20,7497900,5871900,4679500,56.33,23.67,9.65,0.014,0.01,0.04,0.009,0.006,0.035,0.01283,0.0158,0.04395,0.01441,0.02164,0.04941,24.401,21.739,38.095,18.519,18.926,20.386,28.571,23.077,60.0,0.0,11.765,14.286,24.49,57.576,70.0,15.556,53.333,48.837,2020-02-18,2020-02-10,2020-01-24,2020-02-11,2020-02-05,2020-01-21,2020-03-06,2020-03-03,2020-02-26,2020-03-09,2020-03-04,2020-03-02,2020-03-11,2020-02-28,2020-02-25,2020-03-09,2020-02-27,2020-02-24,2020-03-11,2020-02-25,2020-02-20,2020-03-09,2020-02-24,2020-02-18,1,0,0,0,1,0,1,0,0,0,0,0,0,0,1,0,0,0,1,0,1,0,1,0,1,1,,,,,p2n,n2p,n2p,n2p,n2p,Life.BullEnd,Life.BearStart,Life.BullRetrace,Life.BullEnd,Life.BearStart,,
2020-03-12,1.02938,,,,,1.25418,1.27585,1.22203,1.09891,1.1934,1.25685,-0.06346,-0.04195,-0.02151,,,-16.84,42.29,-2.96,1.69,-0.67,10.47,-3.03,3.83,6.0,35.0,14.0,10.0,5.0,28.0,12.0,9.0,-0.0,-0.03,0.00786,-0.02857,0.275,21.56863,,,-2.92137,21.95122,25.57104,,,46.23016,33.61993,,46.23,1.7694,0.5382,1.7694,0.0,-1.2312,1.2312,0,0,0,,,,,0.15,,,,1.382,1.384,1.41,1.347,1.368,0.897,2020-02-17,2020-01-23,2020-01-06,2020-02-04,2020-01-15,2019-09-24,1.13,1.39,1.39,1.08,1.33,1.38,2020-03-11,2020-02-25,2020-02-21,2020-03-09,2020-02-24,2020-02-20,5871900,4679500,3498300,23.67,9.65,-22.16,0.014,0.01,0.04,0.009,0.006,0.035,0.01283,0.0158,0.04395,0.01441,0.02164,0.04941,46.23,24.401,21.739,18.519,18.926,20.386,28.571,23.077,60.0,0.0,11.765,14.286,24.49,57.576,70.0,15.556,53.333,48.837,2020-02-18,2020-02-10,2020-01-24,2020-02-11,2020-02-05,2020-01-21,2020-03-12,2020-03-06,2020-03-03,2020-03-09,2020-03-04,2020-03-02,2020-03-11,2020-02-28,2020-02-25,2020-03-09,2020-02-27,2020-02-24,2020-03-11,2020-02-25,2020-02-20,2020-03-09,2020-02-24,2020-02-18,1,0,0,0,1,0,1,0,0,0,0,0,0,1,1,0,0,0,1,0,1,0,1,0,1,1,,,,,p2n,n2p,n2p,n2p,n2p,Life.BullEnd,Life.BearStart,Life.BullRetrace,Life.BullEnd,Life.BearStart,,
2020-03-13,0.9861,,,,,1.23771,1.2666,1.21843,1.09832,1.1698,1.24079,-0.07099,-0.04776,-0.02324,,,-13.19,42.29,-2.96,1.69,-0.67,10.47,-3.03,3.83,5.0,35.0,14.0,10.0,5.0,28.0,12.0,9.0,-0.0,-0.06,0.00786,-0.02857,0.275,21.56863,,,-2.92137,13.63636,21.38634,,,40.47619,39.55026,,,1.6828,0.4817,1.6828,0.0,-1.2011,1.2011,0,0,0,,,,,0.15,,,,1.382,1.384,1.41,1.347,1.368,0.897,2020-02-17,2020-01-23,2020-01-06,2020-02-04,2020-01-15,2019-09-24,1.13,1.39,1.39,1.08,1.33,1.38,2020-03-11,2020-02-25,2020-02-21,2020-03-09,2020-02-24,2020-02-20,4679500,3498300,7400400,9.65,-22.16,10.88,0.014,0.01,0.04,0.009,0.006,0.035,0.01283,0.0158,0.04395,0.01441,0.02164,0.04941,46.23,24.401,21.739,18.519,18.926,20.386,28.571,23.077,60.0,0.0,11.765,14.286,24.49,57.576,70.0,15.556,53.333,48.837,2020-02-18,2020-02-10,2020-01-24,2020-02-11,2020-02-05,2020-01-21,2020-03-12,2020-03-06,2020-03-03,2020-03-09,2020-03-04,2020-03-02,2020-03-11,2020-02-28,2020-02-25,2020-03-09,2020-02-27,2020-02-24,2020-03-11,2020-02-25,2020-02-20,2020-03-09,2020-02-24,2020-02-18,1,0,0,0,1,0,1,0,0,0,0,0,0,1,1,0,0,0,1,0,1,0,1,0,1,1,,,,,p2n,n2p,n2p,n2p,n2p,Life.BullEnd,Life.BearStart,Life.BullRetrace,Life.BullEnd,Life.BearStart,,
2020-03-16,0.94458,,,,,1.21211,1.25242,1.21222,1.0964,1.12906,1.21592,-0.08686,-0.05558,-0.03128,,,-9.38,42.29,-2.96,1.69,-0.67,10.47,-3.03,3.83,4.0,35.0,14.0,10.0,5.0,28.0,12.0,9.0,-0.0,-0.135,0.00357,-0.03821,0.09346,8.54701,8.547,,-15.94299,0.96154,12.18304,0.962,,24.40476,37.03704,,,1.5602,0.4031,1.5602,0.0,-1.1571,1.1571,0,0,0,,,,,0.15,,,,1.382,1.384,1.41,1.347,1.368,0.897,2020-02-17,2020-01-23,2020-01-06,2020-02-04,2020-01-15,2019-09-24,1.13,1.39,1.39,1.08,1.33,1.38,2020-03-11,2020-02-25,2020-02-21,2020-03-09,2020-02-24,2020-02-20,3498300,7400400,9402200,-22.16,10.88,30.32,0.014,0.01,0.04,0.009,0.006,0.035,0.01283,0.0158,0.04395,0.01441,0.02164,0.04941,46.23,24.401,21.739,18.519,18.926,20.386,28.571,23.077,60.0,0.962,0.0,11.765,24.49,57.576,70.0,8.547,15.556,53.333,2020-02-18,2020-02-10,2020-01-24,2020-02-11,2020-02-05,2020-01-21,2020-03-12,2020-03-06,2020-03-03,2020-03-09,2020-03-04,2020-03-02,2020-03-11,2020-02-28,2020-02-25,2020-03-16,2020-03-09,2020-02-27,2020-03-11,2020-02-25,2020-02-20,2020-03-16,2020-03-09,2020-02-24,1,0,0,0,1,0,1,0,0,0,0,0,0,1,1,0,0,0,0,0,1,0,1,0,1,1,,,,,p2n,n2p,n2p,n2p,n2p,Life.BullEnd,Life.BearStart,Life.BullRetrace,Life.BullEnd,Life.BearStart,,bear_reversal_rsi_70.test
2020-03-17,0.90843,,,,,1.1858,1.23742,1.20544,1.09414,1.0892,1.19029,-0.10109,-0.06468,-0.03641,,,-5.77,42.29,-2.96,1.69,-0.67,10.47,-3.03,3.83,3.0,35.0,14.0,10.0,5.0,28.0,12.0,9.0,-0.0,-0.035,0.00357,-0.03714,0.09615,8.77193,,8.772,0.22493,16.23932,10.27907,,16.239,17.93798,27.60631,,,1.4328,0.5162,1.4328,0.0,-0.9166,0.9166,0,0,1,,,,,0.15,,,,1.382,1.384,1.41,1.347,1.368,0.897,2020-02-17,2020-01-23,2020-01-06,2020-02-04,2020-01-15,2019-09-24,1.13,1.39,1.39,1.08,1.33,1.38,2020-03-11,2020-02-25,2020-02-21,2020-03-09,2020-02-24,2020-02-20,7400400,9402200,7696200,10.88,30.32,20.68,0.014,0.01,0.04,0.009,0.006,0.035,0.01283,0.0158,0.04395,0.01441,0.02164,0.04941,46.23,24.401,21.739,18.519,18.926,20.386,16.239,28.571,23.077,0.962,0.0,11.765,8.772,24.49,57.576,8.547,15.556,53.333,2020-02-18,2020-02-10,2020-01-24,2020-02-11,2020-02-05,2020-01-21,2020-03-12,2020-03-06,2020-03-03,2020-03-09,2020-03-04,2020-03-02,2020-03-17,2020-03-11,2020-02-28,2020-03-16,2020-03-09,2020-02-27,2020-03-17,2020-03-11,2020-02-25,2020-03-16,2020-03-09,2020-02-24,1,0,0,0,1,0,1,0,0,0,0,0,0,1,1,0,1,0,0,0,1,0,1,0,1,1,,,,,p2n,n2p,n2p,n2p,n2p,Life.BullEnd,Life.BearStart,Life.BullRetrace,Life.BullEnd,Life.BearStart,,bear_reversal_rsi_70.test
2020-03-18,0.88056,,,,,1.15612,1.22027,1.19741,1.09122,1.04471,1.16138,-0.11667,-0.07508,-0.04159,,,-2.79,42.29,-2.96,1.69,-0.67,10.47,-3.03,3.83,2.0,35.0,14.0,10.0,5.0,28.0,12.0,9.0,-0.0,-0.07,0.00357,-0.03929,0.09091,8.33333,,,-0.43867,4.9505,7.38378,,,10.97827,17.77367,10.978,,1.2905,0.6415,1.2905,0.0,-0.649,0.649,0,0,1,,,,,0.15,,,,1.382,1.384,1.41,1.347,1.368,0.897,2020-02-17,2020-01-23,2020-01-06,2020-02-04,2020-01-15,2019-09-24,1.13,1.39,1.39,1.08,1.33,1.38,2020-03-11,2020-02-25,2020-02-21,2020-03-09,2020-02-24,2020-02-20,9402200,7696200,4324600,30.32,20.68,-12.55,0.014,0.01,0.04,0.009,0.006,0.035,0.01283,0.0158,0.04395,0.01441,0.02164,0.04941,46.23,24.401,21.739,10.978,18.519,18.926,16.239,28.571,23.077,0.962,0.0,11.765,8.772,24.49,57.576,8.547,15.556,53.333,2020-02-18,2020-02-10,2020-01-24,2020-02-11,2020-02-05,2020-01-21,2020-03-12,2020-03-06,2020-03-03,2020-03-18,2020-03-09,2020-03-04,2020-03-17,2020-03-11,2020-02-28,2020-03-16,2020-03-09,2020-02-27,2020-03-17,2020-03-11,2020-02-25,2020-03-16,2020-03-09,2020-02-24,1,0,0,0,1,0,1,0,0,0,0,0,0,1,1,0,1,0,0,0,1,0,1,0,1,1,,,,,p2n,n2p,n2p,n2p,n2p,Life.BullEnd,Life.BearStart,Life.BullRetrace,Life.BullEnd,Life.BearStart,,
2020-03-19,0.86279,,,0.7,,1.12103,1.19986,1.18756,1.08732,0.99168,1.12721,-0.13553,-0.08717,-0.04836,,,-0.79,42.29,-2.96,1.69,-0.67,10.47,-3.03,3.83,1.0,35.0,14.0,10.0,5.0,28.0,12.0,9.0,-0.0,-0.1,0.00357,-0.04286,0.08333,7.69231,7.692,,-1.07969,4.91803,8.70261,4.918,,12.82206,13.91277,,,1.1254,0.7883,1.1254,0.0,-0.3371,0.3371,0,0,1,,,,,0.15,,,,1.382,1.384,1.41,1.347,1.368,0.897,2020-02-17,2020-01-23,2020-01-06,2020-02-04,2020-01-15,2019-09-24,1.13,1.39,1.39,0.7,1.08,1.33,2020-03-11,2020-02-25,2020-02-21,2020-03-19,2020-03-09,2020-02-24,7696200,4324600,6142100,20.68,-12.55,-15.22,0.014,0.01,0.04,0.009,0.006,0.035,0.01283,0.0158,0.04395,0.01441,0.02164,0.04941,46.23,24.401,21.739,10.978,18.519,18.926,16.239,28.571,23.077,4.918,0.962,0.0,8.772,24.49,57.576,7.692,8.547,15.556,2020-02-18,2020-02-10,2020-01-24,2020-02-11,2020-02-05,2020-01-21,2020-03-12,2020-03-06,2020-03-03,2020-03-18,2020-03-09,2020-03-04,2020-03-17,2020-03-11,2020-02-28,2020-03-19,2020-03-16,2020-03-09,2020-03-17,2020-03-11,2020-02-25,2020-03-19,2020-03-16,2020-03-09,1,0,0,0,1,0,1,0,0,0,0,0,0,1,1,0,1,0,0,1,1,0,1,0,1,1,,,,,p2n,n2p,n2p,n2p,n2p,Life.BullEnd,Life.BearStart,Life.BullRetrace,Life.BullEnd,Life.BearStart,,prlexus210122
2020-03-20,0.85634,0.856,,,0.81,1.09711,1.18458,1.18009,1.08456,0.96373,1.10371,-0.13998,-0.09773,-0.04225,,,42.23,-2.96,1.69,-0.67,10.47,-3.03,3.83,-10.84,35.0,14.0,10.0,5.0,28.0,12.0,9.0,25.0,0.11,0.0,0.01143,-0.04214,0.27119,21.33333,,21.333,13.64133,22.95082,10.93978,,22.951,18.33646,14.0456,,,1.0002,0.8747,1.0002,0.0,-0.1255,0.1255,0,0,1,,,,,0.15,,,,1.382,1.384,1.41,0.856,1.347,1.368,2020-02-17,2020-01-23,2020-01-06,2020-03-20,2020-02-04,2020-01-15,0.81,1.13,1.39,0.7,1.08,1.33,2020-03-20,2020-03-11,2020-02-25,2020-03-19,2020-03-09,2020-02-24,4324600,6142100,10411700,-12.55,-15.22,14.95,0.014,0.01,0.04,0.009,0.006,0.035,0.01283,0.0158,0.04395,0.01441,0.02164,0.04941,46.23,24.401,21.739,10.978,18.519,18.926,22.951,16.239,28.571,4.918,0.962,0.0,21.333,8.772,24.49,7.692,8.547,15.556,2020-02-18,2020-02-10,2020-01-24,2020-02-11,2020-02-05,2020-01-21,2020-03-12,2020-03-06,2020-03-03,2020-03-18,2020-03-09,2020-03-04,2020-03-20,2020-03-17,2020-03-11,2020-03-19,2020-03-16,2020-03-09,2020-03-20,2020-03-17,2020-03-11,2020-03-19,2020-03-16,2020-03-09,1,0,1,0,1,0,1,0,0,0,0,0,0,1,1,0,0,0,0,1,0,0,1,0,1,1,,,,,p2n,n2p,n2p,n2p,n2p,Life.BullEnd,Life.BearStart,Life.BullRetrace,Life.BullEnd,Life.BearStart,,prlexus210122
2020-03-23,0.86132,,,0.77,,1.07195,1.16832,1.17197,1.08143,0.93392,1.07899,-0.14507,-0.1072,-0.03787,-0.145,,41.41,-2.96,1.69,-0.67,10.47,-3.03,3.83,-10.84,34.0,14.0,10.0,5.0,28.0,12.0,9.0,25.0,-0.0,-0.04,0.01143,-0.04429,0.25806,20.51282,20.513,,-0.82018,17.24138,15.03674,17.241,,28.59287,19.91713,,,0.9054,-1.0002,1.0002,0.0948,-1.9056,2.0004,0,0,0,,,,,-0.15,,,,1.382,1.384,1.41,0.856,1.347,1.368,2020-02-17,2020-01-23,2020-01-06,2020-03-20,2020-02-04,2020-01-15,0.81,1.13,1.39,0.77,0.7,1.08,2020-03-20,2020-03-11,2020-02-25,2020-03-23,2020-03-19,2020-03-09,6142100,10411700,5145400,-15.22,14.95,3.93,0.014,0.01,0.04,-0.145,0.009,0.006,0.01283,0.0158,0.04395,-0.1072,0.01441,0.02164,46.23,24.401,21.739,10.978,18.519,18.926,22.951,16.239,28.571,17.241,4.918,0.962,21.333,8.772,24.49,20.513,7.692,8.547,2020-02-18,2020-02-10,2020-01-24,2020-03-23,2020-02-11,2020-02-05,2020-03-12,2020-03-06,2020-03-03,2020-03-18,2020-03-09,2020-03-04,2020-03-20,2020-03-17,2020-03-11,2020-03-23,2020-03-19,2020-03-16,2020-03-20,2020-03-17,2020-03-11,2020-03-23,2020-03-19,2020-03-16,1,0,1,0,1,0,0,0,0,0,1,0,0,1,1,0,0,0,0,1,0,0,0,1,1,0,,,,,p2n,n2p,n2p,n2p,n2p,Life.BullEnd,Life.BearStart,Life.BullRetrace,Life.BullEnd,Life.BearStart,,
2020-03-24,0.876,,,,,1.05872,1.1578,1.16658,1.07963,0.9287,1.06573,-0.13703,-0.11316,-0.02386,,,39.04,-2.96,1.69,-0.67,10.47,-3.03,3.83,-10.84,33.0,14.0,10.0,5.0,28.0,12.0,9.0,25.0,0.13,0.0,0.02071,-0.04357,0.47541,32.22222,,,11.70922,39.65517,26.61579,,,55.64103,34.19012,,,0.8695,-1.0786,1.0786,0.2091,-1.9481,2.1572,1,0,0,,,,,-0.15,,,,1.382,1.384,1.41,0.856,1.347,1.368,2020-02-17,2020-01-23,2020-01-06,2020-03-20,2020-02-04,2020-01-15,0.81,1.13,1.39,0.77,0.7,1.08,2020-03-20,2020-03-11,2020-02-25,2020-03-23,2020-03-19,2020-03-09,10411700,5145400,5577400,14.95,3.93,-2.6,0.014,0.01,0.04,-0.145,0.009,0.006,0.01283,0.0158,0.04395,-0.1072,0.01441,0.02164,46.23,24.401,21.739,10.978,18.519,18.926,22.951,16.239,28.571,17.241,4.918,0.962,21.333,8.772,24.49,20.513,7.692,8.547,2020-02-18,2020-02-10,2020-01-24,2020-03-23,2020-02-11,2020-02-05,2020-03-12,2020-03-06,2020-03-03,2020-03-18,2020-03-09,2020-03-04,2020-03-20,2020-03-17,2020-03-11,2020-03-23,2020-03-19,2020-03-16,2020-03-20,2020-03-17,2020-03-11,2020-03-23,2020-03-19,2020-03-16,1,0,1,0,1,0,0,0,0,0,1,0,0,1,1,0,0,0,0,1,0,0,0,1,1,0,,,,,p2n,n2p,n2p,n2p,n2p,Life.BullEnd,Life.BearStart,Life.BullRetrace,Life.BullEnd,Life.BearStart,,
2020-03-25,0.89742,,,,0.945,1.04997,1.14945,1.16219,1.07829,0.93121,1.05679,-0.12558,-0.11565,-0.00993,,,35.72,-2.96,1.69,-0.67,10.47,-3.03,3.83,-10.84,32.0,14.0,10.0,5.0,28.0,12.0,9.0,25.0,0.045,0.0,0.02393,-0.04357,0.54918,35.44974,,,14.93674,50.0,35.63218,,,68.49817,50.91069,,,0.839,-1.1222,1.1222,0.2832,-1.9612,2.2444,1,0,0,,,,,-0.15,,,,1.382,1.384,1.41,0.856,1.347,1.368,2020-02-17,2020-01-23,2020-01-06,2020-03-20,2020-02-04,2020-01-15,0.945,0.81,1.13,0.77,0.7,1.08,2020-03-25,2020-03-20,2020-03-11,2020-03-23,2020-03-19,2020-03-09,5145400,5577400,14760300,3.93,-2.6,20.58,0.014,0.01,0.04,-0.145,0.009,0.006,0.01283,0.0158,0.04395,-0.1072,0.01441,0.02164,46.23,24.401,21.739,10.978,18.519,18.926,22.951,16.239,28.571,17.241,4.918,0.962,21.333,8.772,24.49,20.513,7.692,8.547,2020-02-18,2020-02-10,2020-01-24,2020-03-23,2020-02-11,2020-02-05,2020-03-12,2020-03-06,2020-03-03,2020-03-18,2020-03-09,2020-03-04,2020-03-20,2020-03-17,2020-03-11,2020-03-23,2020-03-19,2020-03-16,2020-03-20,2020-03-17,2020-03-11,2020-03-23,2020-03-19,2020-03-16,1,0,1,0,0,0,0,0,0,0,1,0,0,1,1,0,0,0,0,1,0,0,0,1,1,0,,,,,p2n,n2p,n2p,n2p,n2p,Life.BullEnd,Life.BearStart,Life.BullRetrace,Life.BullEnd,Life.BearStart,,
2020-03-26,0.92218,,,0.935,,1.04113,1.14104,1.1577,1.07686,0.93179,1.04777,-0.11597,-0.11571,-0.00026,,,32.08,-2.96,1.69,-0.67,10.47,-3.03,3.83,-10.84,31.0,14.0,10.0,5.0,28.0,12.0,9.0,25.0,-0.0,-0.01,0.02393,-0.04357,0.54918,35.44974,,,14.93674,50.96154,46.87224,,,80.15682,68.09867,,80.157,0.8084,-1.1657,1.1657,0.3573,-1.9741,2.3314,1,0,0,,,,,-0.15,,,,1.382,1.384,1.41,0.856,1.347,1.368,2020-02-17,2020-01-23,2020-01-06,2020-03-20,2020-02-04,2020-01-15,0.945,0.81,1.13,0.935,0.77,0.7,2020-03-25,2020-03-20,2020-03-11,2020-03-26,2020-03-23,2020-03-19,5577400,14760300,5398300,-2.6,20.58,0.99,0.014,0.01,0.04,-0.145,0.009,0.006,0.01283,0.0158,0.04395,-0.1072,0.01441,0.02164,80.157,46.23,24.401,10.978,18.519,18.926,22.951,16.239,28.571,17.241,4.918,0.962,21.333,8.772,24.49,20.513,7.692,8.547,2020-02-18,2020-02-10,2020-01-24,2020-03-23,2020-02-11,2020-02-05,2020-03-26,2020-03-12,2020-03-06,2020-03-18,2020-03-09,2020-03-04,2020-03-20,2020-03-17,2020-03-11,2020-03-23,2020-03-19,2020-03-16,2020-03-20,2020-03-17,2020-03-11,2020-03-23,2020-03-19,2020-03-16,1,0,1,0,0,0,0,1,0,0,1,0,0,1,1,0,0,0,0,1,0,0,0,1,1,0,,,,,p2n,n2p,n2p,n2p,n2p,Life.BullEnd,Life.BearStart,Life.BullRetrace,Life.BullEnd,Life.BearStart,,
2020-03-27,0.94788,,,,,1.03489,1.13394,1.15378,1.0757,0.93613,1.04127,-0.10513,-0.1136,0.00846,,,28.5,-2.96,1.69,-0.67,10.47,-3.03,3.83,-10.84,30.0,14.0,10.0,5.0,28.0,12.0,9.0,25.0,0.025,0.0,0.02571,-0.03429,0.75,42.85714,,42.857,22.34414,56.86275,52.60809,,,77.75298,75.46932,,,0.7808,-1.1889,1.1889,0.4081,-1.9697,2.3778,1,0,0,,,,,-0.15,,,,1.382,1.384,1.41,0.856,1.347,1.368,2020-02-17,2020-01-23,2020-01-06,2020-03-20,2020-02-04,2020-01-15,0.945,0.81,1.13,0.935,0.77,0.7,2020-03-25,2020-03-20,2020-03-11,2020-03-26,2020-03-23,2020-03-19,14760300,5398300,13928100,20.58,0.99,32.45,0.014,0.01,0.04,-0.145,0.009,0.006,0.01283,0.0158,0.04395,-0.1072,0.01441,0.02164,80.157,46.23,24.401,10.978,18.519,18.926,22.951,16.239,28.571,17.241,4.918,0.962,42.857,21.333,8.772,20.513,7.692,8.547,2020-02-18,2020-02-10,2020-01-24,2020-03-23,2020-02-11,2020-02-05,2020-03-26,2020-03-12,2020-03-06,2020-03-18,2020-03-09,2020-03-04,2020-03-20,2020-03-17,2020-03-11,2020-03-23,2020-03-19,2020-03-16,2020-03-27,2020-03-20,2020-03-17,2020-03-23,2020-03-19,2020-03-16,1,0,1,0,0,0,0,1,0,0,1,0,0,1,1,0,0,0,0,1,0,1,0,1,1,0,,,,,p2n,n2p,n2p,n2p,n2p,Life.BullEnd,Life.BearStart,Life.BullRetrace,Life.BullEnd,Life.BearStart,,
2020-03-30,0.9729,,,,,1.02913,1.12712,1.14994,1.07455,0.93981,1.03525,-0.09544,-0.10996,0.01452,,,25.19,-2.96,1.69,-0.67,10.47,-3.03,3.83,-10.84,29.0,14.0,10.0,5.0,28.0,12.0,9.0,25.0,0.0,0.0,0.02286,-0.03429,0.66667,40.0,40.0,,-2.857,56.86275,54.89568,,,75.80492,77.90491,75.805,,0.7539,-1.2081,1.2081,0.4542,-1.962,2.4162,1,0,0,,,,,-0.15,,,,1.382,1.384,1.41,0.856,1.347,1.368,2020-02-17,2020-01-23,2020-01-06,2020-03-20,2020-02-04,2020-01-15,0.945,0.81,1.13,0.935,0.77,0.7,2020-03-25,2020-03-20,2020-03-11,2020-03-26,2020-03-23,2020-03-19,5398300,13928100,4029400,0.99,32.45,-31.48,0.014,0.01,0.04,-0.145,0.009,0.006,0.01283,0.0158,0.04395,-0.1072,0.01441,0.02164,80.157,46.23,24.401,75.805,10.978,18.519,22.951,16.239,28.571,17.241,4.918,0.962,42.857,21.333,8.772,40.0,20.513,7.692,2020-02-18,2020-02-10,2020-01-24,2020-03-23,2020-02-11,2020-02-05,2020-03-26,2020-03-12,2020-03-06,2020-03-30,2020-03-18,2020-03-09,2020-03-20,2020-03-17,2020-03-11,2020-03-23,2020-03-19,2020-03-16,2020-03-27,2020-03-20,2020-03-17,2020-03-30,2020-03-23,2020-03-19,1,0,1,0,0,0,0,1,0,0,1,0,0,1,0,1,0,0,0,1,0,1,0,1,1,0,,,4029400.0,,n2p,n2p,n2p,n2p,p2n,Life.BullEnd,Life.BearStart,Life.BullRetrace,Life.BullEnd,Life.BearStart,,
2020-03-31,0.99605,,,,1.02,1.02842,1.12292,1.14737,1.07401,0.95214,1.03412,-0.08197,-0.10437,0.02239,,,22.28,-2.96,1.69,-0.67,10.47,-3.03,3.83,-10.84,28.0,14.0,10.0,5.0,28.0,12.0,9.0,25.0,0.06,0.0,0.02643,-0.03429,0.77083,43.52941,,,3.52941,81.39535,65.04028,,81.395,81.32576,78.29455,,81.326,0.7336,-1.1895,1.1895,0.4559,-1.9231,2.379,0,0,1,,,,,,,,-0.15,1.382,1.384,1.41,0.856,1.347,1.368,2020-02-17,2020-01-23,2020-01-06,2020-03-20,2020-02-04,2020-01-15,1.02,0.945,0.81,0.935,0.77,0.7,2020-03-31,2020-03-25,2020-03-20,2020-03-26,2020-03-23,2020-03-19,13928100,4029400,12013800,32.45,-31.48,28.32,0.014,0.01,0.04,-0.145,0.009,0.006,0.01283,0.0158,0.04395,-0.1072,0.01441,0.02164,81.326,80.157,46.23,75.805,10.978,18.519,81.395,22.951,16.239,17.241,4.918,0.962,42.857,21.333,8.772,40.0,20.513,7.692,2020-02-18,2020-02-10,2020-01-24,2020-03-23,2020-02-11,2020-02-05,2020-03-31,2020-03-26,2020-03-12,2020-03-30,2020-03-18,2020-03-09,2020-03-31,2020-03-20,2020-03-17,2020-03-23,2020-03-19,2020-03-16,2020-03-27,2020-03-20,2020-03-17,2020-03-30,2020-03-23,2020-03-19,1,0,1,0,0,1,0,1,0,0,1,0,0,1,0,1,0,1,0,1,0,1,0,1,1,0,12013800.0,,,,n2p,n2p,n2p,p2n,n2p,Life.BearStart,Life.BullRetrace,Life.BullEnd,Life.BearStart,Life.BearEnd,,
2020-04-01,1.01709,,,0.995,,1.02585,1.1179,1.14435,1.07322,0.95874,1.03122,-0.07248,-0.09799,0.02551,,,19.75,-2.96,1.69,-0.67,10.47,-3.03,3.83,-10.84,27.0,14.0,10.0,5.0,28.0,12.0,9.0,25.0,-0.0,-0.025,0.02643,-0.03393,0.77895,43.78698,,,3.78698,72.22222,70.16011,72.222,,68.63636,75.25568,,,0.7113,-1.185,1.185,0.4737,-1.8963,2.37,0,0,1,,,,,,,,-0.15,1.382,1.384,1.41,0.856,1.347,1.368,2020-02-17,2020-01-23,2020-01-06,2020-03-20,2020-02-04,2020-01-15,1.02,0.945,0.81,0.995,0.935,0.77,2020-03-31,2020-03-25,2020-03-20,2020-04-01,2020-03-26,2020-03-23,4029400,12013800,11928200,-31.48,28.32,-6.67,0.014,0.01,0.04,-0.145,0.009,0.006,0.01283,0.0158,0.04395,-0.1072,0.01441,0.02164,81.326,80.157,46.23,75.805,10.978,18.519,81.395,22.951,16.239,72.222,17.241,4.918,42.857,21.333,8.772,40.0,20.513,7.692,2020-02-18,2020-02-10,2020-01-24,2020-03-23,2020-02-11,2020-02-05,2020-03-31,2020-03-26,2020-03-12,2020-03-30,2020-03-18,2020-03-09,2020-03-31,2020-03-20,2020-03-17,2020-04-01,2020-03-23,2020-03-19,2020-03-27,2020-03-20,2020-03-17,2020-03-30,2020-03-23,2020-03-19,1,0,1,0,0,1,0,1,0,0,1,0,0,1,0,1,0,1,0,1,0,1,0,1,1,0,,,,,n2p,n2p,n2p,p2n,n2p,Life.BearStart,Life.BullRetrace,Life.BullEnd,Life.BearStart,Life.BearEnd,,
2020-04-02,1.03581,,,,1.05,1.02771,1.11524,1.14248,1.07299,0.97278,1.03261,-0.05983,-0.09036,0.03053,,,17.59,-2.96,1.69,-0.67,10.47,-3.03,3.83,-10.84,26.0,14.0,10.0,5.0,28.0,12.0,9.0,25.0,0.055,0.0,0.03036,-0.02964,1.0241,50.59524,,,10.59524,84.44444,79.35401,,84.444,67.12121,72.36111,,,0.6949,-1.1477,1.1477,0.4528,-1.8426,2.2954,0,0,1,,,,,,,,-0.15,1.382,1.384,1.41,0.856,1.347,1.368,2020-02-17,2020-01-23,2020-01-06,2020-03-20,2020-02-04,2020-01-15,1.05,1.02,0.945,0.995,0.935,0.77,2020-04-02,2020-03-31,2020-03-25,2020-04-01,2020-03-26,2020-03-23,12013800,11928200,4947600,28.32,-6.67,3.28,0.014,0.01,0.04,-0.145,0.009,0.006,0.01283,0.0158,0.04395,-0.1072,0.01441,0.02164,81.326,80.157,46.23,75.805,10.978,18.519,84.444,81.395,22.951,72.222,17.241,4.918,42.857,21.333,8.772,40.0,20.513,7.692,2020-02-18,2020-02-10,2020-01-24,2020-03-23,2020-02-11,2020-02-05,2020-03-31,2020-03-26,2020-03-12,2020-03-30,2020-03-18,2020-03-09,2020-04-02,2020-03-31,2020-03-20,2020-04-01,2020-03-23,2020-03-19,2020-03-27,2020-03-20,2020-03-17,2020-03-30,2020-03-23,2020-03-19,1,0,1,0,0,1,0,1,0,0,1,0,0,1,0,1,0,1,0,1,0,1,0,1,1,0,,,,,n2p,n2p,n2p,p2n,n2p,Life.BearStart,Life.BullRetrace,Life.BullEnd,Life.BearStart,Life.BearEnd,,
2020-04-03,1.05217,,,1.03,,1.02789,1.1119,1.14026,1.07256,0.98158,1.03242,-0.05084,-0.08245,0.03162,,,15.76,-2.96,1.69,-0.67,10.47,-3.03,3.83,-10.84,25.0,14.0,10.0,5.0,28.0,12.0,9.0,25.0,-0.0,-0.02,0.03036,-0.02143,1.41667,58.62069,,,18.62069,80.0,78.88889,80.0,,56.81818,64.19192,56.818,,0.677,-1.1237,1.1237,0.4467,-1.8007,2.2474,0,0,1,,,,,,,,-0.15,1.382,1.384,1.41,0.856,1.347,1.368,2020-02-17,2020-01-23,2020-01-06,2020-03-20,2020-02-04,2020-01-15,1.05,1.02,0.945,1.03,0.995,0.935,2020-04-02,2020-03-31,2020-03-25,2020-04-03,2020-04-01,2020-03-26,11928200,4947600,3107800,-6.67,3.28,-30.83,0.014,0.01,0.04,-0.145,0.009,0.006,0.01283,0.0158,0.04395,-0.1072,0.01441,0.02164,81.326,80.157,46.23,56.818,75.805,10.978,84.444,81.395,22.951,80.0,72.222,17.241,42.857,21.333,8.772,40.0,20.513,7.692,2020-02-18,2020-02-10,2020-01-24,2020-03-23,2020-02-11,2020-02-05,2020-03-31,2020-03-26,2020-03-12,2020-04-03,2020-03-30,2020-03-18,2020-04-02,2020-03-31,2020-03-20,2020-04-03,2020-04-01,2020-03-23,2020-03-27,2020-03-20,2020-03-17,2020-03-30,2020-03-23,2020-03-19,1,0,1,0,0,1,0,1,0,0,1,0,0,1,0,0,0,1,0,1,0,1,0,1,1,0,,,,,n2p,n2p,n2p,p2n,n2p,Life.BearStart,Life.BullRetrace,Life.BullEnd,Life.BearStart,Life.BearEnd,,
2020-04-06,1.06626,,,,,1.0319,1.11065,1.13906,1.07264,0.99672,1.03594,-0.03922,-0.07381,0.03459,,,14.23,-2.96,1.69,-0.67,10.47,-3.03,3.83,-10.84,24.0,14.0,10.0,5.0,28.0,12.0,9.0,25.0,0.05,0.0,0.03393,-0.01893,1.79245,64.18919,,,24.18919,91.11111,85.18519,,,65.88103,63.27348,,,0.6642,-1.0716,1.0716,0.4074,-1.7358,2.1432,0,0,1,,,,,,,,-0.15,1.382,1.384,1.41,0.856,1.347,1.368,2020-02-17,2020-01-23,2020-01-06,2020-03-20,2020-02-04,2020-01-15,1.05,1.02,0.945,1.03,0.995,0.935,2020-04-02,2020-03-31,2020-03-25,2020-04-03,2020-04-01,2020-03-26,4947600,3107800,6659400,3.28,-30.83,-26.37,0.014,0.01,0.04,-0.145,0.009,0.006,0.01283,0.0158,0.04395,-0.1072,0.01441,0.02164,81.326,80.157,46.23,56.818,75.805,10.978,84.444,81.395,22.951,80.0,72.222,17.241,42.857,21.333,8.772,40.0,20.513,7.692,2020-02-18,2020-02-10,2020-01-24,2020-03-23,2020-02-11,2020-02-05,2020-03-31,2020-03-26,2020-03-12,2020-04-03,2020-03-30,2020-03-18,2020-04-02,2020-03-31,2020-03-20,2020-04-03,2020-04-01,2020-03-23,2020-03-27,2020-03-20,2020-03-17,2020-03-30,2020-03-23,2020-03-19,1,0,1,0,0,1,0,1,0,0,1,0,0,1,0,0,0,1,0,1,0,1,0,1,1,0,,,,,n2p,n2p,n2p,p2n,n2p,Life.BearStart,Life.BullRetrace,Life.BullEnd,Life.BearStart,Life.BearEnd,,
2020-04-07,1.0777,,,,1.15,1.04098,1.11219,1.13928,1.07341,1.0203,1.04439,-0.02409,-0.06386,0.03978,,,13.02,-2.96,1.69,-0.67,10.47,-3.03,3.83,-10.84,23.0,14.0,10.0,5.0,28.0,12.0,9.0,25.0,0.07,0.0,0.03893,-0.01393,2.79487,73.64865,,,33.64865,97.95918,89.6901,,97.959,74.52631,65.74184,,,0.6587,-0.983,0.983,0.3243,-1.6417,1.966,0,0,1,,,,,,,,-0.15,1.382,1.384,1.41,0.856,1.347,1.368,2020-02-17,2020-01-23,2020-01-06,2020-03-20,2020-02-04,2020-01-15,1.15,1.05,1.02,1.03,0.995,0.935,2020-04-07,2020-04-02,2020-03-31,2020-04-03,2020-04-01,2020-03-26,3107800,6659400,8673700,-30.83,-26.37,25.32,0.014,0.01,0.04,-0.145,0.009,0.006,0.01283,0.0158,0.04395,-0.1072,0.01441,0.02164,81.326,80.157,46.23,56.818,75.805,10.978,97.959,84.444,81.395,80.0,72.222,17.241,42.857,21.333,8.772,40.0,20.513,7.692,2020-02-18,2020-02-10,2020-01-24,2020-03-23,2020-02-11,2020-02-05,2020-03-31,2020-03-26,2020-03-12,2020-04-03,2020-03-30,2020-03-18,2020-04-07,2020-04-02,2020-03-31,2020-04-03,2020-04-01,2020-03-23,2020-03-27,2020-03-20,2020-03-17,2020-03-30,2020-03-23,2020-03-19,1,0,1,0,0,1,0,1,0,0,1,0,0,1,0,0,0,1,0,1,0,1,0,1,1,0,8673700.0,,,,n2p,n2p,p2n,n2p,n2p,Life.BearStart,Life.BullRetrace,Life.BullEnd,Life.BearStart,Life.BearEnd,,
2020-04-08,1.0868,,,,,1.04629,1.1121,1.1387,1.07377,1.0341,1.04925,-0.01515,-0.05412,0.03897,,,12.07,-2.96,1.69,-0.67,10.47,-3.03,3.83,-10.84,22.0,14.0,10.0,5.0,28.0,12.0,9.0,25.0,-0.0,-0.04,0.03893,-0.00964,4.03704,80.14706,,80.147,40.14706,89.13043,92.73358,,,78.06166,72.823,,78.062,0.6493,-0.9241,0.9241,0.2748,-1.5734,1.8482,0,0,1,,,,,,,,-0.15,1.382,1.384,1.41,0.856,1.347,1.368,2020-02-17,2020-01-23,2020-01-06,2020-03-20,2020-02-04,2020-01-15,1.15,1.05,1.02,1.03,0.995,0.935,2020-04-07,2020-04-02,2020-03-31,2020-04-03,2020-04-01,2020-03-26,6659400,8673700,3706200,-26.37,25.32,3.24,0.014,0.01,0.04,-0.145,0.009,0.006,0.01283,0.0158,0.04395,-0.1072,0.01441,0.02164,78.062,81.326,80.157,56.818,75.805,10.978,97.959,84.444,81.395,80.0,72.222,17.241,80.147,42.857,21.333,40.0,20.513,7.692,2020-02-18,2020-02-10,2020-01-24,2020-03-23,2020-02-11,2020-02-05,2020-04-08,2020-03-31,2020-03-26,2020-04-03,2020-03-30,2020-03-18,2020-04-07,2020-04-02,2020-03-31,2020-04-03,2020-04-01,2020-03-23,2020-04-08,2020-03-27,2020-03-20,2020-03-30,2020-03-23,2020-03-19,1,0,1,0,0,1,0,1,0,0,1,0,1,0,0,0,0,1,0,1,0,1,0,1,1,0,,,,,n2p,n2p,p2n,n2p,n2p,Life.BearStart,Life.BullRetrace,Life.BullEnd,Life.BearStart,Life.BearEnd,,
2020-04-09,1.09449,,,,,1.05119,1.11202,1.13813,1.07413,1.04578,1.05375,-0.00797,-0.04489,0.03692,,,11.28,-2.96,1.69,-0.67,10.47,-3.03,3.83,-10.84,21.0,14.0,10.0,5.0,28.0,12.0,9.0,25.0,0.0,0.0,0.03107,-0.00964,3.22222,76.31579,76.316,,-3.83121,89.13043,92.07335,,,76.03344,76.20714,,,0.64,-0.8694,0.8694,0.2294,-1.5094,1.7388,0,0,1,,,,,,,,-0.15,1.382,1.384,1.41,0.856,1.347,1.368,2020-02-17,2020-01-23,2020-01-06,2020-03-20,2020-02-04,2020-01-15,1.15,1.05,1.02,1.03,0.995,0.935,2020-04-07,2020-04-02,2020-03-31,2020-04-03,2020-04-01,2020-03-26,8673700,3706200,1638900,25.32,3.24,-26.37,0.014,0.01,0.04,-0.145,0.009,0.006,0.01283,0.0158,0.04395,-0.1072,0.01441,0.02164,78.062,81.326,80.157,56.818,75.805,10.978,97.959,84.444,81.395,80.0,72.222,17.241,80.147,42.857,21.333,76.316,40.0,20.513,2020-02-18,2020-02-10,2020-01-24,2020-03-23,2020-02-11,2020-02-05,2020-04-08,2020-03-31,2020-03-26,2020-04-03,2020-03-30,2020-03-18,2020-04-07,2020-04-02,2020-03-31,2020-04-03,2020-04-01,2020-03-23,2020-04-08,2020-03-27,2020-03-20,2020-04-09,2020-03-30,2020-03-23,1,0,1,0,0,1,0,1,0,0,1,0,1,0,0,0,0,1,0,1,0,1,0,1,1,0,,,,,n2p,n2p,p2n,n2p,n2p,Life.BearStart,Life.BullRetrace,Life.BullEnd,Life.BearStart,Life.BearEnd,,
2020-04-10,1.10154,,,,,1.05341,1.11077,1.13698,1.07419,1.05104,1.05569,-0.00465,-0.03684,0.03219,,,10.57,-2.96,1.69,-0.67,10.47,-3.03,3.83,-10.84,20.0,14.0,10.0,5.0,28.0,12.0,9.0,25.0,-0.0,-0.03,0.03107,-0.00893,3.48,77.67857,,77.679,1.36257,77.77778,85.34622,,,55.77201,69.9557,,,0.6279,-0.8357,0.8357,0.2078,-1.4636,1.6714,0,0,1,,,,,,,,-0.15,1.382,1.384,1.41,0.856,1.347,1.368,2020-02-17,2020-01-23,2020-01-06,2020-03-20,2020-02-04,2020-01-15,1.15,1.05,1.02,1.03,0.995,0.935,2020-04-07,2020-04-02,2020-03-31,2020-04-03,2020-04-01,2020-03-26,3706200,1638900,2764400,3.24,-26.37,-42.15,0.014,0.01,0.04,-0.145,0.009,0.006,0.01283,0.0158,0.04395,-0.1072,0.01441,0.02164,78.062,81.326,80.157,56.818,75.805,10.978,97.959,84.444,81.395,80.0,72.222,17.241,77.679,80.147,42.857,76.316,40.0,20.513,2020-02-18,2020-02-10,2020-01-24,2020-03-23,2020-02-11,2020-02-05,2020-04-08,2020-03-31,2020-03-26,2020-04-03,2020-03-30,2020-03-18,2020-04-07,2020-04-02,2020-03-31,2020-04-03,2020-04-01,2020-03-23,2020-04-10,2020-04-08,2020-03-27,2020-04-09,2020-03-30,2020-03-23,1,0,1,0,0,1,0,1,0,0,1,0,1,0,0,0,0,1,0,1,0,0,0,1,1,0,,,,,n2p,n2p,p2n,n2p,n2p,Life.BearStart,Life.BullRetrace,Life.BullEnd,Life.BearStart,Life.BearEnd,,
2020-04-13,1.10845,,,1.06,,1.05391,1.10877,1.13546,1.07405,1.05242,1.05601,-0.00359,-0.03019,0.0266,,,9.88,-2.96,1.69,-0.67,10.47,-3.03,3.83,-10.84,19.0,14.0,10.0,5.0,28.0,12.0,9.0,25.0,-0.0,-0.02,0.02179,-0.01036,2.10345,67.77778,67.778,,-9.90122,68.75,78.55274,68.75,,35.56999,55.79181,35.57,,0.6141,-0.8155,0.8155,0.2014,-1.4296,1.631,0,0,1,,,,,,,,-0.15,1.382,1.384,1.41,0.856,1.347,1.368,2020-02-17,2020-01-23,2020-01-06,2020-03-20,2020-02-04,2020-01-15,1.15,1.05,1.02,1.06,1.03,0.995,2020-04-07,2020-04-02,2020-03-31,2020-04-13,2020-04-03,2020-04-01,1638900,2764400,1569500,-26.37,-42.15,-26.35,0.014,0.01,0.04,-0.145,0.009,0.006,0.01283,0.0158,0.04395,-0.1072,0.01441,0.02164,78.062,81.326,80.157,35.57,56.818,75.805,97.959,84.444,81.395,68.75,80.0,72.222,77.679,80.147,42.857,67.778,76.316,40.0,2020-02-18,2020-02-10,2020-01-24,2020-03-23,2020-02-11,2020-02-05,2020-04-08,2020-03-31,2020-03-26,2020-04-13,2020-04-03,2020-03-30,2020-04-07,2020-04-02,2020-03-31,2020-04-13,2020-04-03,2020-04-01,2020-04-10,2020-04-08,2020-03-27,2020-04-13,2020-04-09,2020-03-30,1,0,1,0,0,1,0,1,0,0,1,0,1,0,1,0,0,1,1,0,0,0,0,0,1,0,,,,,n2p,n2p,p2n,n2p,n2p,Life.BearStart,Life.BullRetrace,Life.BullEnd,Life.BearStart,Life.BearEnd,,
2020-04-14,1.11577,,,,1.11,1.05823,1.10882,1.13495,1.0744,1.06128,1.06001,0.00127,-0.0239,0.02517,,,9.16,-2.96,1.69,-0.67,10.47,-3.03,3.83,-10.84,18.0,14.0,10.0,5.0,28.0,12.0,9.0,25.0,0.05,0.0,0.02214,-0.01036,2.13793,68.13187,,,0.35387,80.76923,75.76567,,80.769,36.36364,42.56854,,,0.6055,-0.7672,0.7672,0.1617,-1.3727,1.5344,0,0,1,,,,,,,,-0.15,1.382,1.384,1.41,0.856,1.347,1.368,2020-02-17,2020-01-23,2020-01-06,2020-03-20,2020-02-04,2020-01-15,1.11,1.15,1.05,1.06,1.03,0.995,2020-04-14,2020-04-07,2020-04-02,2020-04-13,2020-04-03,2020-04-01,2764400,1569500,3627600,-42.15,-26.35,33.3,0.014,0.01,0.04,-0.145,0.009,0.006,0.01283,0.0158,0.04395,-0.1072,0.01441,0.02164,78.062,81.326,80.157,35.57,56.818,75.805,80.769,97.959,84.444,68.75,80.0,72.222,77.679,80.147,42.857,67.778,76.316,40.0,2020-02-18,2020-02-10,2020-01-24,2020-03-23,2020-02-11,2020-02-05,2020-04-08,2020-03-31,2020-03-26,2020-04-13,2020-04-03,2020-03-30,2020-04-14,2020-04-07,2020-04-02,2020-04-13,2020-04-03,2020-04-01,2020-04-10,2020-04-08,2020-03-27,2020-04-13,2020-04-09,2020-03-30,1,0,1,0,0,0,0,1,0,0,1,0,1,0,1,0,1,0,1,0,0,0,0,0,1,0,3627600.0,,,,n2p,p2n,n2p,n2p,n2p,Life.BearStart,Life.BullRetrace,Life.BullEnd,Life.BearStart,Life.BearEnd,,
2020-04-15,1.12377,,,1.1,,1.06144,1.10848,1.13426,1.07466,1.06724,1.06297,0.00426,-0.01827,0.02253,,,8.38,-2.96,1.69,-0.67,10.47,-3.03,3.83,-10.84,17.0,14.0,10.0,5.0,28.0,12.0,9.0,25.0,-0.0,-0.01,0.02214,-0.01036,2.13793,68.13187,,68.132,0.35387,76.92308,75.48077,76.923,,43.77104,38.56822,,,0.596,-0.7282,0.7282,0.1322,-1.3242,1.4564,0,0,1,,,,,,,,-0.15,1.382,1.384,1.41,0.856,1.347,1.368,2020-02-17,2020-01-23,2020-01-06,2020-03-20,2020-02-04,2020-01-15,1.11,1.15,1.05,1.1,1.06,1.03,2020-04-14,2020-04-07,2020-04-02,2020-04-15,2020-04-13,2020-04-03,1569500,3627600,2578500,-26.35,33.3,-2.33,0.014,0.01,0.04,-0.145,0.009,0.006,0.01283,0.0158,0.04395,-0.1072,0.01441,0.02164,78.062,81.326,80.157,35.57,56.818,75.805,80.769,97.959,84.444,76.923,68.75,80.0,68.132,77.679,80.147,67.778,76.316,40.0,2020-02-18,2020-02-10,2020-01-24,2020-03-23,2020-02-11,2020-02-05,2020-04-08,2020-03-31,2020-03-26,2020-04-13,2020-04-03,2020-03-30,2020-04-14,2020-04-07,2020-04-02,2020-04-15,2020-04-13,2020-04-03,2020-04-15,2020-04-10,2020-04-08,2020-04-13,2020-04-09,2020-03-30,1,0,1,0,0,0,0,1,0,0,1,0,1,0,1,0,1,0,0,0,1,0,0,0,1,0,,,,,n2p,p2n,n2p,n2p,n2p,Life.BearStart,Life.BullRetrace,Life.BullEnd,Life.BearStart,Life.BearEnd,,
2020-04-16,1.13244,,,,,1.06595,1.10893,1.13398,1.07511,1.07535,1.0672,0.00816,-0.01298,0.02114,,,7.56,-2.96,1.69,-0.67,10.47,-3.03,3.83,-10.84,16.0,14.0,10.0,5.0,28.0,12.0,9.0,25.0,0.02,0.0,0.02179,-0.01036,2.10345,67.77778,67.778,,-0.35422,84.61538,80.76923,,84.615,66.66667,48.93378,,,0.5887,-0.6803,0.6803,0.0916,-1.269,1.3606,0,0,1,,,,,,,,-0.15,1.382,1.384,1.41,0.856,1.347,1.368,2020-02-17,2020-01-23,2020-01-06,2020-03-20,2020-02-04,2020-01-15,1.11,1.15,1.05,1.1,1.06,1.03,2020-04-14,2020-04-07,2020-04-02,2020-04-15,2020-04-13,2020-04-03,3627600,2578500,1993800,33.3,-2.33,5.46,0.014,0.01,0.04,-0.145,0.009,0.006,0.01283,0.0158,0.04395,-0.1072,0.01441,0.02164,78.062,81.326,80.157,35.57,56.818,75.805,84.615,80.769,97.959,76.923,68.75,80.0,68.132,77.679,80.147,67.778,67.778,76.316,2020-02-18,2020-02-10,2020-01-24,2020-03-23,2020-02-11,2020-02-05,2020-04-08,2020-03-31,2020-03-26,2020-04-13,2020-04-03,2020-03-30,2020-04-16,2020-04-14,2020-04-07,2020-04-15,2020-04-13,2020-04-03,2020-04-15,2020-04-10,2020-04-08,2020-04-16,2020-04-13,2020-04-09,1,0,1,0,0,0,0,1,0,0,1,0,1,0,1,0,0,0,0,0,1,0,1,0,1,0,,,,,n2p,p2n,n2p,n2p,n2p,Life.BearStart,Life.BullRetrace,Life.BullEnd,Life.BearStart,Life.BearEnd,,
2020-04-17,1.14155,,,,,1.07549,1.11211,1.13509,1.07625,1.09299,1.0763,0.0167,-0.00705,0.02374,,,6.7,-2.96,1.69,-0.67,10.47,-3.03,3.83,-10.84,15.0,14.0,10.0,5.0,28.0,12.0,9.0,25.0,0.07,0.0,0.02679,-0.01036,2.58621,72.11538,,72.115,4.33738,83.67347,81.73731,,,69.93464,60.12412,,,0.5884,-0.596,0.596,0.0076,-1.1844,1.192,0,0,1,,,,,,,,-0.15,1.382,1.384,1.41,0.856,1.347,1.368,2020-02-17,2020-01-23,2020-01-06,2020-03-20,2020-02-04,2020-01-15,1.11,1.15,1.05,1.1,1.06,1.03,2020-04-14,2020-04-07,2020-04-02,2020-04-15,2020-04-13,2020-04-03,2578500,1993800,8500800,-2.33,5.46,59.43,0.014,0.01,0.04,-0.145,0.009,0.006,0.01283,0.0158,0.04395,-0.1072,0.01441,0.02164,78.062,81.326,80.157,35.57,56.818,75.805,84.615,80.769,97.959,76.923,68.75,80.0,72.115,68.132,77.679,67.778,67.778,76.316,2020-02-18,2020-02-10,2020-01-24,2020-03-23,2020-02-11,2020-02-05,2020-04-08,2020-03-31,2020-03-26,2020-04-13,2020-04-03,2020-03-30,2020-04-16,2020-04-14,2020-04-07,2020-04-15,2020-04-13,2020-04-03,2020-04-17,2020-04-15,2020-04-10,2020-04-16,2020-04-13,2020-04-09,1,0,1,0,0,0,0,1,0,0,1,0,1,0,1,0,0,0,0,0,0,0,1,0,1,0,,8500800.0,,,p2n,n2p,n2p,n2p,p2p,Life.BearStart,Life.BullRetrace,Life.BullEnd,Life.BearStart,Life.BearEnd,,
2020-04-20,1.15042,,,,1.19,1.0843,1.11516,1.13617,1.07739,1.10792,1.08472,0.0232,-0.001,0.0242,,,5.87,-2.96,1.69,-0.67,10.47,-3.03,3.83,-10.84,14.0,14.0,10.0,5.0,28.0,12.0,9.0,25.0,0.0,0.0,0.0225,-0.01036,2.17241,68.47826,,,-3.63674,83.33333,83.87406,,,76.90632,71.16921,,76.906,0.5878,-0.5187,0.5878,0.0,-1.1065,1.1065,0,0,1,,,,,,,,-0.15,1.382,1.384,1.41,0.856,1.347,1.368,2020-02-17,2020-01-23,2020-01-06,2020-03-20,2020-02-04,2020-01-15,1.19,1.11,1.15,1.1,1.06,1.03,2020-04-20,2020-04-14,2020-04-07,2020-04-15,2020-04-13,2020-04-03,1993800,8500800,4316200,5.46,59.43,13.29,0.014,0.01,0.04,-0.145,0.009,0.006,0.01283,0.0158,0.04395,-0.1072,0.01441,0.02164,76.906,78.062,81.326,35.57,56.818,75.805,84.615,80.769,97.959,76.923,68.75,80.0,72.115,68.132,77.679,67.778,67.778,76.316,2020-02-18,2020-02-10,2020-01-24,2020-03-23,2020-02-11,2020-02-05,2020-04-20,2020-04-08,2020-03-31,2020-04-13,2020-04-03,2020-03-30,2020-04-16,2020-04-14,2020-04-07,2020-04-15,2020-04-13,2020-04-03,2020-04-17,2020-04-15,2020-04-10,2020-04-16,2020-04-13,2020-04-09,1,0,1,0,0,1,0,1,0,0,1,0,1,0,1,0,0,0,0,0,0,0,1,0,1,0,,,,,p2n,n2p,n2p,n2p,p2p,Life.BearStart,Life.BullRetrace,Life.BullEnd,Life.BearStart,Life.BearEnd,,
2020-04-21,1.15851,,,1.14,,1.08858,1.11614,1.13625,1.07801,1.11285,1.08881,0.02404,0.00401,0.02003,,,5.14,-2.96,1.69,-0.67,10.47,-3.03,3.83,-10.84,13.0,14.0,10.0,5.0,28.0,12.0,9.0,25.0,-0.0,-0.05,0.0225,-0.01214,1.85294,64.94845,,,-7.16655,61.70213,76.23631,61.702,,62.88515,69.9087,,,0.5824,-0.4767,0.5824,0.0,-1.0591,1.0591,0,0,1,,,,,,,,-0.15,1.382,1.384,1.41,0.856,1.347,1.368,2020-02-17,2020-01-23,2020-01-06,2020-03-20,2020-02-04,2020-01-15,1.19,1.11,1.15,1.14,1.1,1.06,2020-04-20,2020-04-14,2020-04-07,2020-04-21,2020-04-15,2020-04-13,8500800,4316200,3086600,59.43,13.29,7.38,0.014,0.01,0.04,-0.145,0.009,0.006,0.01283,0.0158,0.04395,-0.1072,0.01441,0.02164,76.906,78.062,81.326,35.57,56.818,75.805,84.615,80.769,97.959,61.702,76.923,68.75,72.115,68.132,77.679,67.778,67.778,76.316,2020-02-18,2020-02-10,2020-01-24,2020-03-23,2020-02-11,2020-02-05,2020-04-20,2020-04-08,2020-03-31,2020-04-13,2020-04-03,2020-03-30,2020-04-16,2020-04-14,2020-04-07,2020-04-21,2020-04-15,2020-04-13,2020-04-17,2020-04-15,2020-04-10,2020-04-16,2020-04-13,2020-04-09,1,0,1,0,0,1,0,1,0,0,1,0,1,0,1,0,0,0,1,0,0,0,1,0,1,0,,,,,p2n,n2p,n2p,n2p,p2p,Life.BearStart,Life.BullRetrace,Life.BullEnd,Life.BearStart,Life.BearEnd,,
2020-04-22,1.16554,,,,,1.09484,1.11825,1.13692,1.07892,1.12164,1.09483,0.02682,0.00857,0.01825,,,4.5,-2.96,1.69,-0.67,10.47,-3.03,3.83,-10.84,12.0,14.0,10.0,5.0,28.0,12.0,9.0,25.0,0.03,0.0,0.02071,-0.01214,1.70588,63.04348,63.043,,-9.07152,71.42857,72.15468,,,56.44258,65.41135,,,0.58,-0.4208,0.58,0.0,-1.0008,1.0008,0,0,1,,,,,,,,-0.15,1.382,1.384,1.41,0.856,1.347,1.368,2020-02-17,2020-01-23,2020-01-06,2020-03-20,2020-02-04,2020-01-15,1.19,1.11,1.15,1.14,1.1,1.06,2020-04-20,2020-04-14,2020-04-07,2020-04-21,2020-04-15,2020-04-13,4316200,3086600,3237200,13.29,7.38,-33.1,0.014,0.01,0.04,-0.145,0.009,0.006,0.01283,0.0158,0.04395,-0.1072,0.01441,0.02164,76.906,78.062,81.326,35.57,56.818,75.805,84.615,80.769,97.959,61.702,76.923,68.75,72.115,68.132,77.679,63.043,67.778,67.778,2020-02-18,2020-02-10,2020-01-24,2020-03-23,2020-02-11,2020-02-05,2020-04-20,2020-04-08,2020-03-31,2020-04-13,2020-04-03,2020-03-30,2020-04-16,2020-04-14,2020-04-07,2020-04-21,2020-04-15,2020-04-13,2020-04-17,2020-04-15,2020-04-10,2020-04-22,2020-04-16,2020-04-13,1,0,1,0,0,1,0,1,0,0,1,0,1,0,1,0,0,0,1,0,0,0,1,0,1,0,,,3237200.0,,n2p,n2p,n2p,p2p,p2n,Life.BearStart,Life.BullRetrace,Life.BullEnd,Life.BearStart,Life.BearEnd,,
2020-04-23,1.17169,,,,1.18,1.1014,1.12067,1.13777,1.07993,1.13062,1.10114,0.02949,0.01275,0.01673,,,3.95,-2.96,1.69,-0.67,10.47,-3.03,3.83,-10.84,11.0,14.0,10.0,5.0,28.0,12.0,9.0,25.0,0.01,0.0,0.02143,-0.01071,2.0,66.66667,,66.667,3.62367,73.68421,68.9383,,73.684,51.4652,56.93098,51.465,,0.5784,-0.3637,0.5784,0.0,-0.9421,0.9421,0,0,1,,,,,,,,-0.15,1.382,1.384,1.41,0.856,1.347,1.368,2020-02-17,2020-01-23,2020-01-06,2020-03-20,2020-02-04,2020-01-15,1.18,1.19,1.11,1.14,1.1,1.06,2020-04-23,2020-04-20,2020-04-14,2020-04-21,2020-04-15,2020-04-13,3086600,3237200,3571600,7.38,-33.1,-7.0,0.014,0.01,0.04,-0.145,0.009,0.006,0.01283,0.0158,0.04395,-0.1072,0.01441,0.02164,76.906,78.062,81.326,51.465,35.57,56.818,73.684,84.615,80.769,61.702,76.923,68.75,66.667,72.115,68.132,63.043,67.778,67.778,2020-02-18,2020-02-10,2020-01-24,2020-03-23,2020-02-11,2020-02-05,2020-04-20,2020-04-08,2020-03-31,2020-04-23,2020-04-13,2020-04-03,2020-04-23,2020-04-16,2020-04-14,2020-04-21,2020-04-15,2020-04-13,2020-04-23,2020-04-17,2020-04-15,2020-04-22,2020-04-16,2020-04-13,1,0,1,0,0,0,0,1,0,0,1,0,1,0,0,0,1,0,1,0,1,0,1,0,1,0,,,,,n2p,n2p,n2p,p2p,p2n,Life.BearStart,Life.BullRetrace,Life.BullEnd,Life.BearStart,Life.BearEnd,,
2020-04-24,1.17762,,,1.16,,1.1059,1.12221,1.13821,1.08073,1.13514,1.1055,0.02965,0.01613,0.01351,,,3.43,-2.96,1.69,-0.67,10.47,-3.03,3.83,-10.84,10.0,14.0,10.0,5.0,28.0,12.0,9.0,25.0,-0.0,-0.02,0.01786,-0.01214,1.47059,59.52381,,,-7.14319,61.11111,68.7413,61.111,,54.94505,54.28428,,,0.5748,-0.3231,0.5748,0.0,-0.8979,0.8979,0,0,1,,,,,,,,-0.15,1.382,1.384,1.41,0.856,1.347,1.368,2020-02-17,2020-01-23,2020-01-06,2020-03-20,2020-02-04,2020-01-15,1.18,1.19,1.11,1.16,1.14,1.1,2020-04-23,2020-04-20,2020-04-14,2020-04-24,2020-04-21,2020-04-15,3237200,3571600,1545600,-33.1,-7.0,-15.57,0.014,0.01,0.04,-0.145,0.009,0.006,0.01283,0.0158,0.04395,-0.1072,0.01441,0.02164,76.906,78.062,81.326,51.465,35.57,56.818,73.684,84.615,80.769,61.111,61.702,76.923,66.667,72.115,68.132,63.043,67.778,67.778,2020-02-18,2020-02-10,2020-01-24,2020-03-23,2020-02-11,2020-02-05,2020-04-20,2020-04-08,2020-03-31,2020-04-23,2020-04-13,2020-04-03,2020-04-23,2020-04-16,2020-04-14,2020-04-24,2020-04-21,2020-04-15,2020-04-23,2020-04-17,2020-04-15,2020-04-22,2020-04-16,2020-04-13,1,0,1,0,0,0,0,1,0,0,1,0,1,0,0,0,1,0,1,0,1,0,1,0,1,0,,,,,n2p,n2p,n2p,p2p,p2n,Life.BearStart,Life.BullRetrace,Life.BullEnd,Life.BearStart,Life.BearEnd,,
2020-04-27,1.18382,,,,,1.11083,1.12409,1.13884,1.08161,1.1405,1.11027,0.03023,0.01895,0.01128,,,2.89,-2.96,1.69,-0.67,10.47,-3.03,3.83,-10.84,9.0,14.0,10.0,5.0,28.0,12.0,9.0,25.0,0.01,0.0,0.01357,-0.01214,1.11765,52.77778,52.778,,-13.88922,66.66667,67.154,,,57.10956,54.5066,,,0.5723,-0.2801,0.5723,0.0,-0.8524,0.8524,0,0,1,,,,,,,,-0.15,1.382,1.384,1.41,0.856,1.347,1.368,2020-02-17,2020-01-23,2020-01-06,2020-03-20,2020-02-04,2020-01-15,1.18,1.19,1.11,1.16,1.14,1.1,2020-04-23,2020-04-20,2020-04-14,2020-04-24,2020-04-21,2020-04-15,3571600,1545600,3223500,-7.0,-15.57,-0.16,0.014,0.01,0.04,-0.145,0.009,0.006,0.01283,0.0158,0.04395,-0.1072,0.01441,0.02164,76.906,78.062,81.326,51.465,35.57,56.818,73.684,84.615,80.769,61.111,61.702,76.923,66.667,72.115,68.132,52.778,63.043,67.778,2020-02-18,2020-02-10,2020-01-24,2020-03-23,2020-02-11,2020-02-05,2020-04-20,2020-04-08,2020-03-31,2020-04-23,2020-04-13,2020-04-03,2020-04-23,2020-04-16,2020-04-14,2020-04-24,2020-04-21,2020-04-15,2020-04-23,2020-04-17,2020-04-15,2020-04-27,2020-04-22,2020-04-16,1,0,1,0,0,0,0,1,0,0,1,0,1,0,0,0,1,0,1,0,1,0,1,0,1,0,,,,,n2p,n2p,n2p,p2p,p2n,Life.BearStart,Life.BullRetrace,Life.BullEnd,Life.BearStart,Life.BearEnd,,
2020-04-28,1.19054,,,,,1.11539,1.12589,1.13946,1.08249,1.14504,1.1147,0.03034,0.02123,0.00911,,,2.31,-2.96,1.69,-0.67,10.47,-3.03,3.83,-10.84,8.0,14.0,10.0,5.0,28.0,12.0,9.0,25.0,0.0,0.0,0.01357,-0.00929,1.46154,59.375,,,6.597,66.66667,64.81481,,,57.80886,56.62116,,,0.5697,-0.2407,0.5697,0.0,-0.8104,0.8104,0,0,1,,,,,,,,-0.15,1.382,1.384,1.41,0.856,1.347,1.368,2020-02-17,2020-01-23,2020-01-06,2020-03-20,2020-02-04,2020-01-15,1.18,1.19,1.11,1.16,1.14,1.1,2020-04-23,2020-04-20,2020-04-14,2020-04-24,2020-04-21,2020-04-15,1545600,3223500,2032400,-15.57,-0.16,-18.45,0.014,0.01,0.04,-0.145,0.009,0.006,0.01283,0.0158,0.04395,-0.1072,0.01441,0.02164,76.906,78.062,81.326,51.465,35.57,56.818,73.684,84.615,80.769,61.111,61.702,76.923,66.667,72.115,68.132,52.778,63.043,67.778,2020-02-18,2020-02-10,2020-01-24,2020-03-23,2020-02-11,2020-02-05,2020-04-20,2020-04-08,2020-03-31,2020-04-23,2020-04-13,2020-04-03,2020-04-23,2020-04-16,2020-04-14,2020-04-24,2020-04-21,2020-04-15,2020-04-23,2020-04-17,2020-04-15,2020-04-27,2020-04-22,2020-04-16,1,0,1,0,0,0,0,1,0,0,1,0,1,0,0,0,1,0,1,0,1,0,1,0,1,0,,,,,n2p,n2p,n2p,p2p,p2n,Life.BearStart,Life.BullRetrace,Life.BullEnd,Life.BearStart,Life.BearEnd,,
2020-04-29,1.19783,,,,,1.12266,1.12919,1.14086,1.08376,1.15504,1.12176,0.03328,0.02364,0.00964,,,1.68,-2.96,1.69,-0.67,10.47,-3.03,3.83,-10.84,7.0,14.0,10.0,5.0,28.0,12.0,9.0,25.0,0.04,0.0,0.01643,-0.00929,1.76923,63.88889,,,11.11089,88.88889,74.07407,,88.889,67.42424,60.78089,,,0.571,-0.182,0.571,0.0,-0.753,0.753,1,1,1,,,,,,,,-0.15,1.382,1.384,1.41,0.856,1.347,1.368,2020-02-17,2020-01-23,2020-01-06,2020-03-20,2020-02-04,2020-01-15,1.18,1.19,1.11,1.16,1.14,1.1,2020-04-23,2020-04-20,2020-04-14,2020-04-24,2020-04-21,2020-04-15,3223500,2032400,6462400,-0.16,-18.45,72.29,0.014,0.01,0.04,-0.145,0.009,0.006,0.01283,0.0158,0.04395,-0.1072,0.01441,0.02164,76.906,78.062,81.326,51.465,35.57,56.818,88.889,73.684,84.615,61.111,61.702,76.923,66.667,72.115,68.132,52.778,63.043,67.778,2020-02-18,2020-02-10,2020-01-24,2020-03-23,2020-02-11,2020-02-05,2020-04-20,2020-04-08,2020-03-31,2020-04-23,2020-04-13,2020-04-03,2020-04-29,2020-04-23,2020-04-16,2020-04-24,2020-04-21,2020-04-15,2020-04-23,2020-04-17,2020-04-15,2020-04-27,2020-04-22,2020-04-16,1,0,1,0,0,0,0,1,0,0,1,0,1,0,0,0,0,1,1,0,1,0,1,0,1,0,6462400.0,,,,n2p,n2p,p2p,p2n,n2p,Life.BearStart,Life.BullRetrace,Life.BullEnd,Life.BearStart,Life.BearEnd,,
2020-04-30,1.20508,,,,1.22,1.13015,1.13275,1.14242,1.08512,1.16503,1.12903,0.036,0.02611,0.00988,,,1.07,-2.96,1.69,-0.67,10.47,-3.03,3.83,-10.84,6.0,14.0,10.0,5.0,28.0,12.0,9.0,25.0,0.01,0.0,0.01714,-0.00714,2.4,70.58824,,,17.81024,80.0,78.51852,,,67.42424,64.21911,,67.424,0.573,-0.1227,0.573,0.0,-0.6957,0.6957,1,1,1,,,,,,,,-0.15,1.382,1.384,1.41,0.856,1.347,1.368,2020-02-17,2020-01-23,2020-01-06,2020-03-20,2020-02-04,2020-01-15,1.22,1.18,1.19,1.16,1.14,1.1,2020-04-30,2020-04-23,2020-04-20,2020-04-24,2020-04-21,2020-04-15,2032400,6462400,3470200,-18.45,72.29,2.11,0.014,0.01,0.04,-0.145,0.009,0.006,0.01283,0.0158,0.04395,-0.1072,0.01441,0.02164,67.424,76.906,78.062,51.465,35.57,56.818,88.889,73.684,84.615,61.111,61.702,76.923,66.667,72.115,68.132,52.778,63.043,67.778,2020-02-18,2020-02-10,2020-01-24,2020-03-23,2020-02-11,2020-02-05,2020-04-30,2020-04-20,2020-04-08,2020-04-23,2020-04-13,2020-04-03,2020-04-29,2020-04-23,2020-04-16,2020-04-24,2020-04-21,2020-04-15,2020-04-23,2020-04-17,2020-04-15,2020-04-27,2020-04-22,2020-04-16,1,0,1,0,0,1,0,1,0,0,1,0,1,0,0,0,0,1,1,0,1,0,1,0,1,0,,,,,n2p,n2p,p2p,p2n,n2p,Life.BearStart,Life.BullRetrace,Life.BullEnd,Life.BearStart,Life.BearEnd,,
2020-05-04,1.21117,,,1.2,,1.13552,1.13538,1.14356,1.08626,1.17041,1.13429,0.03612,0.02811,0.00801,,,0.56,-2.96,1.69,-0.67,10.47,-3.03,3.83,-10.84,4.0,14.0,10.0,5.0,28.0,12.0,9.0,25.0,-0.0,-0.02,0.01714,-0.00714,2.4,70.58824,,,17.81024,70.0,79.62963,70.0,,61.36364,65.40404,61.364,,0.573,-0.0818,0.573,0.0,-0.6548,0.6548,1,1,1,,,,,,,,-0.15,1.382,1.384,1.41,0.856,1.347,1.368,2020-02-17,2020-01-23,2020-01-06,2020-03-20,2020-02-04,2020-01-15,1.22,1.18,1.19,1.2,1.16,1.14,2020-04-30,2020-04-23,2020-04-20,2020-05-04,2020-04-24,2020-04-21,6462400,3470200,3234500,72.29,2.11,10.05,0.014,0.01,0.04,-0.145,0.009,0.006,0.01283,0.0158,0.04395,-0.1072,0.01441,0.02164,67.424,76.906,78.062,61.364,51.465,35.57,88.889,73.684,84.615,70.0,61.111,61.702,66.667,72.115,68.132,52.778,63.043,67.778,2020-02-18,2020-02-10,2020-01-24,2020-03-23,2020-02-11,2020-02-05,2020-04-30,2020-04-20,2020-04-08,2020-05-04,2020-04-23,2020-04-13,2020-04-29,2020-04-23,2020-04-16,2020-05-04,2020-04-24,2020-04-21,2020-04-23,2020-04-17,2020-04-15,2020-04-27,2020-04-22,2020-04-16,1,0,1,0,0,1,0,1,0,0,1,0,1,0,0,1,0,1,0,1,1,0,1,0,1,0,,,,,n2p,n2p,p2p,p2n,n2p,Life.BearStart,Life.BullRetrace,Life.BullEnd,Life.BearStart,Life.BearEnd,,
2020-05-05,1.21537,,,,1.25,1.14433,1.13988,1.14567,1.08789,1.18265,1.14286,0.03979,0.03045,0.00934,,,0.22,-2.96,1.69,-0.67,10.47,-3.03,3.83,-10.84,3.0,14.0,10.0,5.0,28.0,12.0,9.0,25.0,0.05,0.0,0.01714,-0.00714,2.4,70.58824,,70.588,17.81024,94.11765,81.37255,,94.118,66.66667,65.15152,,,0.5778,-0.0579,0.5778,0.0,-0.6357,0.6357,1,1,1,,,,,,,,-0.15,1.382,1.384,1.41,0.856,1.347,1.368,2020-02-17,2020-01-23,2020-01-06,2020-03-20,2020-02-04,2020-01-15,1.25,1.22,1.18,1.2,1.16,1.14,2020-05-05,2020-04-30,2020-04-23,2020-05-04,2020-04-24,2020-04-21,3470200,3234500,3268800,2.11,10.05,-24.25,0.014,0.01,0.04,-0.145,0.009,0.006,0.01283,0.0158,0.04395,-0.1072,0.01441,0.02164,67.424,76.906,78.062,61.364,51.465,35.57,94.118,88.889,73.684,70.0,61.111,61.702,70.588,66.667,72.115,52.778,63.043,67.778,2020-02-18,2020-02-10,2020-01-24,2020-03-23,2020-02-11,2020-02-05,2020-04-30,2020-04-20,2020-04-08,2020-05-04,2020-04-23,2020-04-13,2020-05-05,2020-04-29,2020-04-23,2020-05-04,2020-04-24,2020-04-21,2020-05-05,2020-04-23,2020-04-17,2020-04-27,2020-04-22,2020-04-16,1,0,1,0,0,1,0,1,0,0,1,0,1,0,0,1,0,1,0,1,0,0,1,0,1,0,,,,,n2p,n2p,p2p,p2n,n2p,Life.BearStart,Life.BullRetrace,Life.BullEnd,Life.BearStart,Life.BearEnd,,
2020-05-06,1.21757,,,,,1.15092,1.14341,1.14734,1.0893,1.18994,1.14932,0.04062,0.03248,0.00814,,,0.04,-2.96,1.69,-0.67,10.47,-3.03,3.83,-10.84,2.0,14.0,10.0,5.0,28.0,12.0,9.0,25.0,-0.0,-0.02,0.01714,-0.00786,2.18182,68.57143,,,-2.01657,82.35294,82.15686,,,67.67677,65.23569,,,0.5804,0.0751,0.6162,0.0358,-0.5053,0.5411,1,1,1,,0.15,,,,,,,1.382,1.384,1.41,0.856,1.347,1.368,2020-02-17,2020-01-23,2020-01-06,2020-03-20,2020-02-04,2020-01-15,1.25,1.22,1.18,1.2,1.16,1.14,2020-05-05,2020-04-30,2020-04-23,2020-05-04,2020-04-24,2020-04-21,3234500,3268800,2895800,10.05,-24.25,-5.76,0.014,0.01,0.04,-0.145,0.009,0.006,0.01283,0.0158,0.04395,-0.1072,0.01441,0.02164,67.424,76.906,78.062,61.364,51.465,35.57,94.118,88.889,73.684,70.0,61.111,61.702,70.588,66.667,72.115,52.778,63.043,67.778,2020-02-18,2020-02-10,2020-01-24,2020-03-23,2020-02-11,2020-02-05,2020-04-30,2020-04-20,2020-04-08,2020-05-04,2020-04-23,2020-04-13,2020-05-05,2020-04-29,2020-04-23,2020-05-04,2020-04-24,2020-04-21,2020-05-05,2020-04-23,2020-04-17,2020-04-27,2020-04-22,2020-04-16,1,0,1,0,0,1,0,1,0,0,1,0,1,0,0,1,0,1,0,1,0,0,1,0,1,0,,,,,n2p,n2p,p2p,p2n,n2p,Life.BullRetrace,Life.BullEnd,Life.BearStart,Life.BearEnd,Life.Bull,,
2020-05-08,1.21799,,1.218,,,1.157,1.14681,1.14898,1.0907,1.1961,1.15529,0.04081,0.03415,0.00666,,0.041,-2.95,1.69,-0.67,10.47,-3.03,3.83,-10.84,0.51,14.0,10.0,5.0,28.0,12.0,9.0,25.0,7.0,0.0,0.0,0.01571,-0.00786,2.0,66.66667,,,-3.92133,76.47059,84.31373,,,72.52525,68.95623,,72.525,0.5828,0.1019,0.663,0.0802,-0.4809,0.5611,1,1,1,,0.15,,,,,,,1.218,1.382,1.384,0.856,1.347,1.368,2020-05-08,2020-02-17,2020-01-23,2020-03-20,2020-02-04,2020-01-15,1.25,1.22,1.18,1.2,1.16,1.14,2020-05-05,2020-04-30,2020-04-23,2020-05-04,2020-04-24,2020-04-21,3268800,2895800,3150900,-24.25,-5.76,-0.89,0.041,0.014,0.01,-0.145,0.009,0.006,0.03415,0.01283,0.0158,-0.1072,0.01441,0.02164,72.525,67.424,76.906,61.364,51.465,35.57,94.118,88.889,73.684,70.0,61.111,61.702,70.588,66.667,72.115,52.778,63.043,67.778,2020-05-08,2020-02-18,2020-02-10,2020-03-23,2020-02-11,2020-02-05,2020-05-08,2020-04-30,2020-04-20,2020-05-04,2020-04-23,2020-04-13,2020-05-05,2020-04-29,2020-04-23,2020-05-04,2020-04-24,2020-04-21,2020-05-05,2020-04-23,2020-04-17,2020-04-27,2020-04-22,2020-04-16,1,0,1,0,0,1,0,1,0,1,1,0,0,0,0,1,0,1,0,1,0,0,1,0,1,0,,,,,n2p,n2p,p2p,p2n,n2p,Life.BullRetrace,Life.BullEnd,Life.BearStart,Life.BearEnd,Life.Bull,,
2020-05-12,1.2171,,,,,1.16262,1.15007,1.15058,1.09209,1.20132,1.16083,0.04049,0.03542,0.00507,,,-2.88,1.69,-0.67,10.47,-3.03,3.83,-10.84,0.51,12.0,10.0,5.0,28.0,12.0,9.0,25.0,7.0,0.0,0.0,0.01071,-0.00786,1.36364,57.69231,,,-12.89569,76.47059,78.43137,,,62.22222,67.47475,,,0.5849,0.1255,0.7053,0.1204,-0.4594,0.5798,1,1,1,,0.15,,,,,,,1.218,1.382,1.384,0.856,1.347,1.368,2020-05-08,2020-02-17,2020-01-23,2020-03-20,2020-02-04,2020-01-15,1.25,1.22,1.18,1.2,1.16,1.14,2020-05-05,2020-04-30,2020-04-23,2020-05-04,2020-04-24,2020-04-21,2895800,3150900,2723700,-5.76,-0.89,-5.85,0.041,0.014,0.01,-0.145,0.009,0.006,0.03415,0.01283,0.0158,-0.1072,0.01441,0.02164,72.525,67.424,76.906,61.364,51.465,35.57,94.118,88.889,73.684,70.0,61.111,61.702,70.588,66.667,72.115,52.778,63.043,67.778,2020-05-08,2020-02-18,2020-02-10,2020-03-23,2020-02-11,2020-02-05,2020-05-08,2020-04-30,2020-04-20,2020-05-04,2020-04-23,2020-04-13,2020-05-05,2020-04-29,2020-04-23,2020-05-04,2020-04-24,2020-04-21,2020-05-05,2020-04-23,2020-04-17,2020-04-27,2020-04-22,2020-04-16,1,0,1,0,0,1,0,1,0,1,1,0,0,0,0,1,0,1,0,1,0,0,1,0,1,0,,,,,n2p,n2p,p2p,p2n,n2p,Life.BullRetrace,Life.BullEnd,Life.BearStart,Life.BearEnd,Life.Bull,,
2020-05-13,1.21542,,,,,1.16703,1.15281,1.15196,1.09336,1.20419,1.16521,0.03898,0.03613,0.00285,,,-2.75,1.69,-0.67,10.47,-3.03,3.83,-10.84,0.51,11.0,10.0,5.0,28.0,12.0,9.0,25.0,7.0,-0.0,-0.01,0.01071,-0.00857,1.25,55.55556,55.556,,-15.03244,70.58824,74.5098,,,49.52381,61.42376,,,0.5945,0.1507,0.7367,0.1422,-0.4438,0.586,1,1,1,,0.15,,,,,,,1.218,1.382,1.384,0.856,1.347,1.368,2020-05-08,2020-02-17,2020-01-23,2020-03-20,2020-02-04,2020-01-15,1.25,1.22,1.18,1.2,1.16,1.14,2020-05-05,2020-04-30,2020-04-23,2020-05-04,2020-04-24,2020-04-21,3150900,2723700,2747800,-0.89,-5.85,-1.69,0.041,0.014,0.01,-0.145,0.009,0.006,0.03415,0.01283,0.0158,-0.1072,0.01441,0.02164,72.525,67.424,76.906,61.364,51.465,35.57,94.118,88.889,73.684,70.0,61.111,61.702,70.588,66.667,72.115,55.556,52.778,63.043,2020-05-08,2020-02-18,2020-02-10,2020-03-23,2020-02-11,2020-02-05,2020-05-08,2020-04-30,2020-04-20,2020-05-04,2020-04-23,2020-04-13,2020-05-05,2020-04-29,2020-04-23,2020-05-04,2020-04-24,2020-04-21,2020-05-05,2020-04-23,2020-04-17,2020-05-13,2020-04-27,2020-04-22,1,0,1,0,0,1,0,1,0,1,1,0,0,0,0,1,0,1,0,1,0,0,0,0,1,0,,,,,n2p,n2p,p2p,p2n,n2p,Life.BullRetrace,Life.BullEnd,Life.BearStart,Life.BearEnd,Life.Bull,,
2020-05-14,1.21334,,,,,1.1688,1.15427,1.15271,1.09433,1.20201,1.16705,0.03496,0.0359,-0.00093,,,-2.58,1.69,-0.67,10.47,-3.03,3.83,-10.84,0.51,10.0,10.0,5.0,28.0,12.0,9.0,25.0,7.0,-0.0,-0.03,0.01071,-0.00714,1.5,60.0,,60.0,4.444,52.94118,66.66667,,,33.22751,48.32451,,,0.5994,0.1609,0.7447,0.1453,-0.4385,0.5838,1,1,1,,0.15,,,,,,,1.218,1.382,1.384,0.856,1.347,1.368,2020-05-08,2020-02-17,2020-01-23,2020-03-20,2020-02-04,2020-01-15,1.25,1.22,1.18,1.2,1.16,1.14,2020-05-05,2020-04-30,2020-04-23,2020-05-04,2020-04-24,2020-04-21,2723700,2747800,2374800,-5.85,-1.69,-9.0,0.041,0.014,0.01,-0.145,0.009,0.006,0.03415,0.01283,0.0158,-0.1072,0.01441,0.02164,72.525,67.424,76.906,61.364,51.465,35.57,94.118,88.889,73.684,70.0,61.111,61.702,60.0,70.588,66.667,55.556,52.778,63.043,2020-05-08,2020-02-18,2020-02-10,2020-03-23,2020-02-11,2020-02-05,2020-05-08,2020-04-30,2020-04-20,2020-05-04,2020-04-23,2020-04-13,2020-05-05,2020-04-29,2020-04-23,2020-05-04,2020-04-24,2020-04-21,2020-05-14,2020-05-05,2020-04-23,2020-05-13,2020-04-27,2020-04-22,1,0,1,0,0,1,0,1,0,1,1,0,0,0,0,1,0,1,0,1,1,0,0,0,1,0,,,,,n2p,n2p,p2p,p2n,n2p,Life.BullRetrace,Life.BullEnd,Life.BearStart,Life.BearEnd,Life.Bull,,
2020-05-15,1.21089,,,,,1.17043,1.15567,1.15345,1.09528,1.20016,1.16875,0.03141,0.035,-0.00359,,,-2.39,1.69,-0.67,10.47,-3.03,3.83,-10.84,0.51,9.0,10.0,5.0,28.0,12.0,9.0,25.0,7.0,0.0,0.0,0.00857,-0.00714,1.2,54.54545,,,-5.45455,33.33333,52.28758,,,16.93122,33.22751,,,0.6039,0.1698,0.7515,0.1476,-0.4341,0.5817,1,1,1,,0.15,,,,,,,1.218,1.382,1.384,0.856,1.347,1.368,2020-05-08,2020-02-17,2020-01-23,2020-03-20,2020-02-04,2020-01-15,1.25,1.22,1.18,1.2,1.16,1.14,2020-05-05,2020-04-30,2020-04-23,2020-05-04,2020-04-24,2020-04-21,2747800,2374800,1398400,-1.69,-9.0,-16.89,0.041,0.014,0.01,-0.145,0.009,0.006,0.03415,0.01283,0.0158,-0.1072,0.01441,0.02164,72.525,67.424,76.906,61.364,51.465,35.57,94.118,88.889,73.684,70.0,61.111,61.702,60.0,70.588,66.667,55.556,52.778,63.043,2020-05-08,2020-02-18,2020-02-10,2020-03-23,2020-02-11,2020-02-05,2020-05-08,2020-04-30,2020-04-20,2020-05-04,2020-04-23,2020-04-13,2020-05-05,2020-04-29,2020-04-23,2020-05-04,2020-04-24,2020-04-21,2020-05-14,2020-05-05,2020-04-23,2020-05-13,2020-04-27,2020-04-22,1,0,1,0,0,1,0,1,0,1,1,0,0,0,0,1,0,1,0,1,1,0,0,0,1,0,,,,,n2p,n2p,p2p,p2n,n2p,Life.BullRetrace,Life.BullEnd,Life.BearStart,Life.BearEnd,Life.Bull,,
2020-05-18,1.20769,,,1.18,,1.17117,1.15663,1.15397,1.09612,1.19706,1.16958,0.02748,0.0335,-0.00602,0.027,,-2.13,1.69,-0.67,10.47,-3.03,3.83,-10.84,0.51,8.0,10.0,5.0,28.0,12.0,9.0,25.0,7.0,-0.0,-0.01,0.00786,-0.00786,1.0,50.0,50.0,,-10.0,25.0,37.0915,25.0,,14.81481,21.65785,14.815,,0.6051,0.172,0.7505,0.1454,-0.4331,0.5785,1,1,1,,0.15,,,,,,,1.218,1.382,1.384,0.856,1.347,1.368,2020-05-08,2020-02-17,2020-01-23,2020-03-20,2020-02-04,2020-01-15,1.25,1.22,1.18,1.18,1.2,1.16,2020-05-05,2020-04-30,2020-04-23,2020-05-18,2020-05-04,2020-04-24,2374800,1398400,3875600,-9.0,-16.89,17.29,0.041,0.014,0.01,0.027,-0.145,0.009,0.03415,0.01283,0.0158,0.0335,-0.1072,0.01441,72.525,67.424,76.906,14.815,61.364,51.465,94.118,88.889,73.684,25.0,70.0,61.111,60.0,70.588,66.667,50.0,55.556,52.778,2020-05-08,2020-02-18,2020-02-10,2020-05-18,2020-03-23,2020-02-11,2020-05-08,2020-04-30,2020-04-20,2020-05-18,2020-05-04,2020-04-23,2020-05-05,2020-04-29,2020-04-23,2020-05-18,2020-05-04,2020-04-24,2020-05-14,2020-05-05,2020-04-23,2020-05-18,2020-05-13,2020-04-27,1,0,1,0,0,1,0,0,0,1,0,1,0,0,1,0,0,1,1,0,1,0,1,0,1,0,,,,,n2p,n2p,p2p,p2n,n2p,Life.BullRetrace,Life.BullEnd,Life.BearStart,Life.BearEnd,Life.Bull,,
2020-05-19,1.20356,,,,1.24,1.17646,1.1599,1.15568,1.09755,1.20367,1.1748,0.02887,0.03257,-0.0037,,,-1.79,1.69,-0.67,10.47,-3.03,3.83,-10.84,0.51,7.0,10.0,5.0,28.0,12.0,9.0,25.0,7.0,0.06,0.0,0.01214,-0.00643,1.88889,65.38462,,65.385,15.38462,75.0,44.44444,,75.0,35.35354,22.36652,,,0.6235,0.2078,0.7891,0.1656,-0.4157,0.5813,1,1,1,,0.15,,,,,,,1.218,1.382,1.384,0.856,1.347,1.368,2020-05-08,2020-02-17,2020-01-23,2020-03-20,2020-02-04,2020-01-15,1.24,1.25,1.22,1.18,1.2,1.16,2020-05-19,2020-05-05,2020-04-30,2020-05-18,2020-05-04,2020-04-24,1398400,3875600,8019400,-16.89,17.29,73.8,0.041,0.014,0.01,0.027,-0.145,0.009,0.03415,0.01283,0.0158,0.0335,-0.1072,0.01441,72.525,67.424,76.906,14.815,61.364,51.465,75.0,94.118,88.889,25.0,70.0,61.111,65.385,60.0,70.588,50.0,55.556,52.778,2020-05-08,2020-02-18,2020-02-10,2020-05-18,2020-03-23,2020-02-11,2020-05-08,2020-04-30,2020-04-20,2020-05-18,2020-05-04,2020-04-23,2020-05-19,2020-05-05,2020-04-29,2020-05-18,2020-05-04,2020-04-24,2020-05-19,2020-05-14,2020-05-05,2020-05-18,2020-05-13,2020-04-27,1,0,1,0,0,0,0,0,0,1,0,1,0,0,1,0,1,0,1,0,0,0,1,0,1,0,,8019400.0,,,n2p,p2p,p2n,n2p,p2p,Life.BullRetrace,Life.BullEnd,Life.BearStart,Life.BearEnd,Life.Bull,,
2020-05-20,1.19845,,,,,1.18058,1.16265,1.15715,1.09887,1.20772,1.17889,0.02883,0.03182,-0.00299,,0.029,-1.37,1.69,-0.67,10.47,-3.03,3.83,-10.84,0.51,6.0,10.0,5.0,28.0,12.0,9.0,25.0,7.0,-0.0,-0.01,0.01143,-0.00714,1.6,61.53846,,,-3.84654,66.66667,55.55556,,,52.86195,34.34343,,,0.6378,0.2343,0.8171,0.1793,-0.4035,0.5828,1,1,1,,0.15,,,,,,,1.218,1.382,1.384,0.856,1.347,1.368,2020-05-08,2020-02-17,2020-01-23,2020-03-20,2020-02-04,2020-01-15,1.24,1.25,1.22,1.18,1.2,1.16,2020-05-19,2020-05-05,2020-04-30,2020-05-18,2020-05-04,2020-04-24,3875600,8019400,3018900,17.29,73.8,12.19,0.029,0.041,0.014,0.027,-0.145,0.009,0.03182,0.03415,0.01283,0.0335,-0.1072,0.01441,72.525,67.424,76.906,14.815,61.364,51.465,75.0,94.118,88.889,25.0,70.0,61.111,65.385,60.0,70.588,50.0,55.556,52.778,2020-05-20,2020-05-08,2020-02-18,2020-05-18,2020-03-23,2020-02-11,2020-05-08,2020-04-30,2020-04-20,2020-05-18,2020-05-04,2020-04-23,2020-05-19,2020-05-05,2020-04-29,2020-05-18,2020-05-04,2020-04-24,2020-05-19,2020-05-14,2020-05-05,2020-05-18,2020-05-13,2020-04-27,1,0,1,0,0,0,0,0,0,0,0,1,0,0,1,0,1,0,1,0,0,0,1,0,1,0,,,,,n2p,p2p,p2n,n2p,p2p,Life.BullRetrace,Life.BullEnd,Life.BearStart,Life.BearEnd,Life.Bull,,
2020-05-21,1.19268,,,,,1.18361,1.16489,1.15839,1.10007,1.20961,1.18193,0.02768,0.03099,-0.00332,,,-0.9,1.69,-0.67,10.47,-3.03,3.83,-10.84,0.51,5.0,10.0,5.0,28.0,12.0,9.0,25.0,7.0,-0.0,-0.01,0.01143,-0.00786,1.45455,59.25926,,,-6.12574,54.54545,65.40404,,,63.63636,50.61728,,63.636,0.6482,0.2522,0.8354,0.1872,-0.396,0.5832,1,1,1,,0.15,,,,,,,1.218,1.382,1.384,0.856,1.347,1.368,2020-05-08,2020-02-17,2020-01-23,2020-03-20,2020-02-04,2020-01-15,1.24,1.25,1.22,1.18,1.2,1.16,2020-05-19,2020-05-05,2020-04-30,2020-05-18,2020-05-04,2020-04-24,8019400,3018900,3368500,73.8,12.19,-3.4,0.029,0.041,0.014,0.027,-0.145,0.009,0.03182,0.03415,0.01283,0.0335,-0.1072,0.01441,63.636,72.525,67.424,14.815,61.364,51.465,75.0,94.118,88.889,25.0,70.0,61.111,65.385,60.0,70.588,50.0,55.556,52.778,2020-05-20,2020-05-08,2020-02-18,2020-05-18,2020-03-23,2020-02-11,2020-05-21,2020-05-08,2020-04-30,2020-05-18,2020-05-04,2020-04-23,2020-05-19,2020-05-05,2020-04-29,2020-05-18,2020-05-04,2020-04-24,2020-05-19,2020-05-14,2020-05-05,2020-05-18,2020-05-13,2020-04-27,1,0,1,0,0,0,0,0,0,0,0,1,1,0,1,0,1,0,1,0,0,0,1,0,1,0,,,,,n2p,p2p,p2n,n2p,p2p,Life.BullRetrace,Life.BullEnd,Life.BearStart,Life.BearEnd,Life.Bull,,
2020-05-22,1.18722,,,,,1.1841,1.16588,1.15902,1.10097,1.20659,1.18253,0.02406,0.02961,-0.00555,,,-0.44,1.69,-0.67,10.47,-3.03,3.83,-10.84,0.51,4.0,10.0,5.0,28.0,12.0,9.0,25.0,7.0,-0.0,-0.03,0.00857,-0.01,0.85714,46.15385,,,-19.23115,27.27273,49.49495,,,48.48485,54.99439,,,0.6491,0.2508,0.8313,0.1822,-0.3983,0.5805,1,1,1,,0.15,,,,,,,1.218,1.382,1.384,0.856,1.347,1.368,2020-05-08,2020-02-17,2020-01-23,2020-03-20,2020-02-04,2020-01-15,1.24,1.25,1.22,1.18,1.2,1.16,2020-05-19,2020-05-05,2020-04-30,2020-05-18,2020-05-04,2020-04-24,3018900,3368500,2453400,12.19,-3.4,-38.63,0.029,0.041,0.014,0.027,-0.145,0.009,0.03182,0.03415,0.01283,0.0335,-0.1072,0.01441,63.636,72.525,67.424,14.815,61.364,51.465,75.0,94.118,88.889,25.0,70.0,61.111,65.385,60.0,70.588,50.0,55.556,52.778,2020-05-20,2020-05-08,2020-02-18,2020-05-18,2020-03-23,2020-02-11,2020-05-21,2020-05-08,2020-04-30,2020-05-18,2020-05-04,2020-04-23,2020-05-19,2020-05-05,2020-04-29,2020-05-18,2020-05-04,2020-04-24,2020-05-19,2020-05-14,2020-05-05,2020-05-18,2020-05-13,2020-04-27,1,0,1,0,0,0,0,0,0,0,0,1,1,0,1,0,1,0,1,0,0,0,1,0,1,0,,,,,n2p,p2p,p2n,n2p,p2p,Life.BullRetrace,Life.BullEnd,Life.BearStart,Life.BearEnd,Life.Bull,,
2020-05-27,1.18327,,,,,1.18379,1.16643,1.15943,1.10176,1.2025,1.18234,0.02016,0.02772,-0.00756,,,-0.11,1.69,-0.67,10.47,-3.03,3.83,-10.84,0.51,1.0,10.0,5.0,28.0,12.0,9.0,25.0,7.0,-0.0,-0.01,0.00786,-0.01071,0.73333,42.30769,,,-23.07731,18.18182,33.33333,,,30.60606,47.57576,,,0.6467,0.2436,0.8203,0.1736,-0.4031,0.5767,0,0,0,,,,,0.15,,,,1.218,1.382,1.384,0.856,1.347,1.368,2020-05-08,2020-02-17,2020-01-23,2020-03-20,2020-02-04,2020-01-15,1.24,1.25,1.22,1.18,1.2,1.16,2020-05-19,2020-05-05,2020-04-30,2020-05-18,2020-05-04,2020-04-24,3368500,2453400,2339200,-3.4,-38.63,-7.69,0.029,0.041,0.014,0.027,-0.145,0.009,0.03182,0.03415,0.01283,0.0335,-0.1072,0.01441,63.636,72.525,67.424,14.815,61.364,51.465,75.0,94.118,88.889,25.0,70.0,61.111,65.385,60.0,70.588,50.0,55.556,52.778,2020-05-20,2020-05-08,2020-02-18,2020-05-18,2020-03-23,2020-02-11,2020-05-21,2020-05-08,2020-04-30,2020-05-18,2020-05-04,2020-04-23,2020-05-19,2020-05-05,2020-04-29,2020-05-18,2020-05-04,2020-04-24,2020-05-19,2020-05-14,2020-05-05,2020-05-18,2020-05-13,2020-04-27,1,0,1,0,0,0,0,0,0,0,0,1,1,0,1,0,1,0,1,0,0,0,1,0,1,0,,,,,n2p,p2p,p2n,n2p,p2p,Life.BullEnd,Life.BearStart,Life.BearEnd,Life.Bull,Life.BearStart,,
2020-05-28,1.18163,1.182,,,,1.18042,1.1654,1.15905,1.10214,1.19288,1.17921,0.01368,0.02491,-0.01123,,,1.72,-0.67,10.47,-3.03,3.83,-10.84,0.51,-6.89,10.0,5.0,28.0,12.0,9.0,25.0,7.0,15.0,-0.0,-0.04,0.00786,-0.01214,0.64706,39.28571,,,-26.09929,13.33333,19.59596,13.333,,17.18615,32.09235,17.186,,0.6326,0.2137,0.7828,0.1502,-0.4189,0.5691,0,0,0,,,,,0.15,,,,1.218,1.382,1.384,1.182,0.856,1.347,2020-05-08,2020-02-17,2020-01-23,2020-05-28,2020-03-20,2020-02-04,1.24,1.25,1.22,1.18,1.2,1.16,2020-05-19,2020-05-05,2020-04-30,2020-05-18,2020-05-04,2020-04-24,2453400,2339200,4680700,-38.63,-7.69,16.08,0.029,0.041,0.014,0.027,-0.145,0.009,0.03182,0.03415,0.01283,0.0335,-0.1072,0.01441,63.636,72.525,67.424,17.186,14.815,61.364,75.0,94.118,88.889,13.333,25.0,70.0,65.385,60.0,70.588,50.0,55.556,52.778,2020-05-20,2020-05-08,2020-02-18,2020-05-18,2020-03-23,2020-02-11,2020-05-21,2020-05-08,2020-04-30,2020-05-28,2020-05-18,2020-05-04,2020-05-19,2020-05-05,2020-04-29,2020-05-28,2020-05-18,2020-05-04,2020-05-19,2020-05-14,2020-05-05,2020-05-18,2020-05-13,2020-04-27,1,0,0,0,0,0,0,0,0,0,0,1,1,0,0,0,1,0,1,0,0,0,1,0,1,0,,,,,n2p,p2p,p2n,n2p,p2p,Life.BullEnd,Life.BearStart,Life.BearEnd,Life.Bull,Life.BearStart,,
2020-05-29,1.1825,,,1.13,,1.17654,1.16401,1.15847,1.10241,1.18321,1.17556,0.00765,0.02146,-0.01381,,,1.65,-0.67,10.47,-3.03,3.83,-10.84,0.51,-6.89,9.0,5.0,28.0,12.0,9.0,25.0,7.0,15.0,-0.0,-0.01,0.00429,-0.01286,0.33333,25.0,25.0,,-40.385,26.31579,19.27698,,,17.3545,21.71557,,,0.616,0.1807,0.7413,0.1253,-0.4353,0.5606,0,0,0,,,,,0.15,,,,1.218,1.382,1.384,1.182,0.856,1.347,2020-05-08,2020-02-17,2020-01-23,2020-05-28,2020-03-20,2020-02-04,1.24,1.25,1.22,1.13,1.18,1.2,2020-05-19,2020-05-05,2020-04-30,2020-05-29,2020-05-18,2020-05-04,2339200,4680700,8182500,-7.69,16.08,60.48,0.029,0.041,0.014,0.027,-0.145,0.009,0.03182,0.03415,0.01283,0.0335,-0.1072,0.01441,63.636,72.525,67.424,17.186,14.815,61.364,75.0,94.118,88.889,13.333,25.0,70.0,65.385,60.0,70.588,25.0,50.0,55.556,2020-05-20,2020-05-08,2020-02-18,2020-05-18,2020-03-23,2020-02-11,2020-05-21,2020-05-08,2020-04-30,2020-05-28,2020-05-18,2020-05-04,2020-05-19,2020-05-05,2020-04-29,2020-05-28,2020-05-18,2020-05-04,2020-05-19,2020-05-14,2020-05-05,2020-05-29,2020-05-18,2020-05-13,1,0,0,0,0,0,1,0,0,0,0,1,1,0,0,0,1,0,1,0,0,0,1,0,1,0,,-8182500.0,,,p2p,p2n,n2p,p2p,p2p,Life.BullEnd,Life.BearStart,Life.BearEnd,Life.Bull,Life.BearStart,,
2020-06-03,1.18552,,,,,1.1745,1.16346,1.15831,1.10289,1.1781,1.17367,0.00443,0.01805,-0.01362,,,1.39,-0.67,10.47,-3.03,3.83,-10.84,0.51,-6.89,6.0,5.0,28.0,12.0,9.0,25.0,7.0,15.0,0.02,0.0,0.00571,-0.01143,0.5,33.33333,,,8.33333,36.84211,25.49708,,,29.57672,21.37245,,,0.6057,0.1619,0.7161,0.1104,-0.4438,0.5542,0,0,0,,,,,0.15,,,,1.218,1.382,1.384,1.182,0.856,1.347,2020-05-08,2020-02-17,2020-01-23,2020-05-28,2020-03-20,2020-02-04,1.24,1.25,1.22,1.13,1.18,1.2,2020-05-19,2020-05-05,2020-04-30,2020-05-29,2020-05-18,2020-05-04,4680700,8182500,5755900,16.08,60.48,22.47,0.029,0.041,0.014,0.027,-0.145,0.009,0.03182,0.03415,0.01283,0.0335,-0.1072,0.01441,63.636,72.525,67.424,17.186,14.815,61.364,75.0,94.118,88.889,13.333,25.0,70.0,65.385,60.0,70.588,25.0,50.0,55.556,2020-05-20,2020-05-08,2020-02-18,2020-05-18,2020-03-23,2020-02-11,2020-05-21,2020-05-08,2020-04-30,2020-05-28,2020-05-18,2020-05-04,2020-05-19,2020-05-05,2020-04-29,2020-05-28,2020-05-18,2020-05-04,2020-05-19,2020-05-14,2020-05-05,2020-05-29,2020-05-18,2020-05-13,1,0,0,0,0,0,1,0,0,0,0,1,1,0,0,0,1,0,1,0,0,0,1,0,1,0,,,,,p2p,p2n,n2p,p2p,p2p,Life.BullEnd,Life.BearStart,Life.BearEnd,Life.Bull,Life.BearStart,,
2020-06-04,1.18997,,,,,1.17338,1.16332,1.15834,1.10346,1.17532,1.17265,0.00266,0.01497,-0.01231,0.003,,1.01,-0.67,10.47,-3.03,3.83,-10.84,0.51,-6.89,5.0,5.0,28.0,12.0,9.0,25.0,7.0,15.0,0.01,0.0,0.00643,-0.01143,0.5625,36.0,,,11.0,42.10526,35.08772,,,45.32764,30.75295,,,0.5986,0.1504,0.6992,0.1006,-0.4482,0.5488,0,0,0,,,,,0.15,,,,1.218,1.382,1.384,1.182,0.856,1.347,2020-05-08,2020-02-17,2020-01-23,2020-05-28,2020-03-20,2020-02-04,1.24,1.25,1.22,1.13,1.18,1.2,2020-05-19,2020-05-05,2020-04-30,2020-05-29,2020-05-18,2020-05-04,8182500,5755900,2052100,60.48,22.47,-14.12,0.029,0.041,0.014,0.003,0.027,-0.145,0.03182,0.03415,0.01283,0.01497,0.0335,-0.1072,63.636,72.525,67.424,17.186,14.815,61.364,75.0,94.118,88.889,13.333,25.0,70.0,65.385,60.0,70.588,25.0,50.0,55.556,2020-05-20,2020-05-08,2020-02-18,2020-06-04,2020-05-18,2020-03-23,2020-05-21,2020-05-08,2020-04-30,2020-05-28,2020-05-18,2020-05-04,2020-05-19,2020-05-05,2020-04-29,2020-05-28,2020-05-18,2020-05-04,2020-05-19,2020-05-14,2020-05-05,2020-05-29,2020-05-18,2020-05-13,1,0,0,0,0,0,1,0,0,0,0,0,1,0,0,0,1,0,1,0,0,0,1,0,1,0,,,,,p2p,p2n,n2p,p2p,p2p,Life.BullEnd,Life.BearStart,Life.BearEnd,Life.Bull,Life.BearStart,,
2020-06-05,1.19496,,,,,1.17697,1.16555,1.15956,1.10462,1.18219,1.17616,0.00603,0.01318,-0.00716,,,0.59,-0.67,10.47,-3.03,3.83,-10.84,0.51,-6.89,4.0,5.0,28.0,12.0,9.0,25.0,7.0,15.0,0.06,0.0,0.01071,-0.01143,0.9375,48.3871,,,23.3871,70.0,49.64912,,,59.40171,44.76869,,,0.6093,0.1741,0.7235,0.1142,-0.4352,0.5494,1,1,1,,0.15,,,,,,,1.218,1.382,1.384,1.182,0.856,1.347,2020-05-08,2020-02-17,2020-01-23,2020-05-28,2020-03-20,2020-02-04,1.24,1.25,1.22,1.13,1.18,1.2,2020-05-19,2020-05-05,2020-04-30,2020-05-29,2020-05-18,2020-05-04,5755900,2052100,11735500,22.47,-14.12,22.22,0.029,0.041,0.014,0.003,0.027,-0.145,0.03182,0.03415,0.01283,0.01497,0.0335,-0.1072,63.636,72.525,67.424,17.186,14.815,61.364,75.0,94.118,88.889,13.333,25.0,70.0,65.385,60.0,70.588,25.0,50.0,55.556,2020-05-20,2020-05-08,2020-02-18,2020-06-04,2020-05-18,2020-03-23,2020-05-21,2020-05-08,2020-04-30,2020-05-28,2020-05-18,2020-05-04,2020-05-19,2020-05-05,2020-04-29,2020-05-28,2020-05-18,2020-05-04,2020-05-19,2020-05-14,2020-05-05,2020-05-29,2020-05-18,2020-05-13,1,0,0,0,0,0,1,0,0,0,0,0,1,0,0,0,1,0,1,0,0,0,1,0,1,0,,,,,p2p,p2n,n2p,p2p,p2p,Life.BearStart,Life.BearEnd,Life.Bull,Life.BearStart,Life.Bull,,
2020-06-09,1.19919,,,,,1.18336,1.16925,1.16155,1.10616,1.19416,1.18237,0.01179,0.01291,-0.00112,,,0.23,-0.67,10.47,-3.03,3.83,-10.84,0.51,-6.89,2.0,5.0,28.0,12.0,9.0,25.0,7.0,15.0,0.04,0.0,0.01357,-0.01071,1.26667,55.88235,,,30.88235,78.26087,63.45538,,,69.93311,58.22082,,,0.6309,0.2181,0.772,0.1411,-0.4128,0.5539,1,1,1,,0.15,,,,,,,1.218,1.382,1.384,1.182,0.856,1.347,2020-05-08,2020-02-17,2020-01-23,2020-05-28,2020-03-20,2020-02-04,1.24,1.25,1.22,1.13,1.18,1.2,2020-05-19,2020-05-05,2020-04-30,2020-05-29,2020-05-18,2020-05-04,2052100,11735500,15923400,-14.12,22.22,52.02,0.029,0.041,0.014,0.003,0.027,-0.145,0.03182,0.03415,0.01283,0.01497,0.0335,-0.1072,63.636,72.525,67.424,17.186,14.815,61.364,75.0,94.118,88.889,13.333,25.0,70.0,65.385,60.0,70.588,25.0,50.0,55.556,2020-05-20,2020-05-08,2020-02-18,2020-06-04,2020-05-18,2020-03-23,2020-05-21,2020-05-08,2020-04-30,2020-05-28,2020-05-18,2020-05-04,2020-05-19,2020-05-05,2020-04-29,2020-05-28,2020-05-18,2020-05-04,2020-05-19,2020-05-14,2020-05-05,2020-05-29,2020-05-18,2020-05-13,1,0,0,0,0,0,1,0,0,0,0,0,1,0,0,0,1,0,1,0,0,0,1,0,1,0,,,,,p2p,p2n,n2p,p2p,p2p,Life.BearStart,Life.BearEnd,Life.Bull,Life.BearStart,Life.Bull,,
2020-06-10,1.20159,,,,1.28,1.19079,1.17359,1.1639,1.10789,1.20737,1.1896,0.01776,0.01388,0.00389,,0.018,0.03,-0.67,10.47,-3.03,3.83,-10.84,0.51,-6.89,1.0,5.0,28.0,12.0,9.0,25.0,7.0,15.0,0.02,0.0,0.015,-0.00857,1.75,63.63636,,63.636,38.63636,86.95652,78.4058,,86.957,77.49047,68.94176,,77.49,0.657,0.2689,0.829,0.172,-0.3881,0.5601,1,1,1,,0.15,,,,,,,1.218,1.382,1.384,1.182,0.856,1.347,2020-05-08,2020-02-17,2020-01-23,2020-05-28,2020-03-20,2020-02-04,1.28,1.24,1.25,1.13,1.18,1.2,2020-06-10,2020-05-19,2020-05-05,2020-05-29,2020-05-18,2020-05-04,11735500,15923400,2917100,22.22,52.02,2.91,0.018,0.029,0.041,0.003,0.027,-0.145,0.01388,0.03182,0.03415,0.01497,0.0335,-0.1072,77.49,63.636,72.525,17.186,14.815,61.364,86.957,75.0,94.118,13.333,25.0,70.0,63.636,65.385,60.0,25.0,50.0,55.556,2020-06-10,2020-05-20,2020-05-08,2020-06-04,2020-05-18,2020-03-23,2020-06-10,2020-05-21,2020-05-08,2020-05-28,2020-05-18,2020-05-04,2020-06-10,2020-05-19,2020-05-05,2020-05-28,2020-05-18,2020-05-04,2020-06-10,2020-05-19,2020-05-14,2020-05-29,2020-05-18,2020-05-13,1,0,0,0,0,1,1,0,1,0,0,0,0,1,0,0,0,0,1,0,0,0,1,0,1,0,,,,,p2p,p2n,n2p,p2p,p2p,Life.BearStart,Life.BearEnd,Life.Bull,Life.BearStart,Life.Bull,,
2020-06-11,1.20185,,1.202,,,1.19227,1.17502,1.16481,1.10891,1.20777,1.19111,0.01666,0.01443,0.00222,,,-0.65,10.47,-3.03,3.83,-10.84,0.51,-6.89,13.54,5.0,28.0,12.0,9.0,25.0,7.0,15.0,16.0,-0.0,-0.07,0.015,-0.01357,1.10526,52.5,,,-11.136,56.52174,73.91304,,,67.88262,71.76873,,,0.6611,0.2746,0.8336,0.1725,-0.3865,0.559,1,1,1,,0.15,,,,,,,1.202,1.218,1.382,1.182,0.856,1.347,2020-06-11,2020-05-08,2020-02-17,2020-05-28,2020-03-20,2020-02-04,1.28,1.24,1.25,1.13,1.18,1.2,2020-06-10,2020-05-19,2020-05-05,2020-05-29,2020-05-18,2020-05-04,15923400,2917100,3452800,52.02,2.91,-27.09,0.018,0.029,0.041,0.003,0.027,-0.145,0.01388,0.03182,0.03415,0.01497,0.0335,-0.1072,77.49,63.636,72.525,17.186,14.815,61.364,86.957,75.0,94.118,13.333,25.0,70.0,63.636,65.385,60.0,25.0,50.0,55.556,2020-06-10,2020-05-20,2020-05-08,2020-06-04,2020-05-18,2020-03-23,2020-06-10,2020-05-21,2020-05-08,2020-05-28,2020-05-18,2020-05-04,2020-06-10,2020-05-19,2020-05-05,2020-05-28,2020-05-18,2020-05-04,2020-06-10,2020-05-19,2020-05-14,2020-05-29,2020-05-18,2020-05-13,1,0,0,0,0,1,1,0,1,0,0,0,0,1,0,0,0,0,1,0,0,0,1,0,1,0,,,,,p2p,p2n,n2p,p2p,p2p,Life.BearStart,Life.BearEnd,Life.Bull,Life.BearStart,Life.Bull,,
2020-06-12,1.20035,,,,,1.19209,1.17561,1.16531,1.10971,1.20504,1.19103,0.01401,0.01435,-0.00034,,,-0.53,10.47,-3.03,3.83,-10.84,0.51,-6.89,13.54,4.0,28.0,12.0,9.0,25.0,7.0,15.0,16.0,-0.0,-0.02,0.015,-0.01429,1.05,51.21951,,,-12.41649,47.82609,63.76812,,,52.90678,66.09329,,,0.659,0.2678,0.8238,0.1648,-0.3912,0.556,0,0,0,,,,,0.15,,,,1.202,1.218,1.382,1.182,0.856,1.347,2020-06-11,2020-05-08,2020-02-17,2020-05-28,2020-03-20,2020-02-04,1.28,1.24,1.25,1.13,1.18,1.2,2020-06-10,2020-05-19,2020-05-05,2020-05-29,2020-05-18,2020-05-04,2917100,3452800,5483500,2.91,-27.09,-46.83,0.018,0.029,0.041,0.003,0.027,-0.145,0.01388,0.03182,0.03415,0.01497,0.0335,-0.1072,77.49,63.636,72.525,17.186,14.815,61.364,86.957,75.0,94.118,13.333,25.0,70.0,63.636,65.385,60.0,25.0,50.0,55.556,2020-06-10,2020-05-20,2020-05-08,2020-06-04,2020-05-18,2020-03-23,2020-06-10,2020-05-21,2020-05-08,2020-05-28,2020-05-18,2020-05-04,2020-06-10,2020-05-19,2020-05-05,2020-05-28,2020-05-18,2020-05-04,2020-06-10,2020-05-19,2020-05-14,2020-05-29,2020-05-18,2020-05-13,1,0,0,0,0,1,1,0,1,0,0,0,0,1,0,0,0,0,1,0,0,0,1,0,1,0,,,,,p2p,p2n,n2p,p2p,p2p,Life.BearEnd,Life.Bull,Life.BearStart,Life.Bull,Life.BearStart,,
2020-06-15,1.19789,,,1.14,,1.18809,1.17421,1.16481,1.11002,1.19503,1.18725,0.00778,0.01303,-0.00525,,,-0.33,10.47,-3.03,3.83,-10.84,0.51,-6.89,13.54,3.0,28.0,12.0,9.0,25.0,7.0,15.0,16.0,-0.0,-0.05,0.01071,-0.01786,0.6,37.5,37.5,,-26.136,26.08696,43.47826,26.087,,26.68845,49.15928,,,0.6419,0.2328,0.7807,0.1388,-0.4091,0.5479,0,0,0,,,,,0.15,,,,1.202,1.218,1.382,1.182,0.856,1.347,2020-06-11,2020-05-08,2020-02-17,2020-05-28,2020-03-20,2020-02-04,1.28,1.24,1.25,1.14,1.13,1.18,2020-06-10,2020-05-19,2020-05-05,2020-06-15,2020-05-29,2020-05-18,3452800,5483500,2662300,-27.09,-46.83,-2.15,0.018,0.029,0.041,0.003,0.027,-0.145,0.01388,0.03182,0.03415,0.01497,0.0335,-0.1072,77.49,63.636,72.525,17.186,14.815,61.364,86.957,75.0,94.118,26.087,13.333,25.0,63.636,65.385,60.0,37.5,25.0,50.0,2020-06-10,2020-05-20,2020-05-08,2020-06-04,2020-05-18,2020-03-23,2020-06-10,2020-05-21,2020-05-08,2020-05-28,2020-05-18,2020-05-04,2020-06-10,2020-05-19,2020-05-05,2020-06-15,2020-05-28,2020-05-18,2020-06-10,2020-05-19,2020-05-14,2020-06-15,2020-05-29,2020-05-18,1,0,0,0,0,1,0,0,1,0,0,0,0,1,0,0,0,0,0,1,0,0,0,0,1,0,,,,,p2p,p2n,n2p,p2p,p2p,Life.BearEnd,Life.Bull,Life.BearStart,Life.Bull,Life.BearStart,,
2020-06-16,1.19547,,,,,1.18746,1.17444,1.16511,1.11071,1.19272,1.18671,0.006,0.01163,-0.00562,,,-0.12,10.47,-3.03,3.83,-10.84,0.51,-6.89,13.54,2.0,28.0,12.0,9.0,25.0,7.0,15.0,16.0,0.04,0.0,0.01357,-0.01714,0.79167,44.18605,,,6.68605,43.47826,39.13043,,,23.37963,34.32495,23.38,,0.6373,0.2235,0.7675,0.1302,-0.4138,0.544,0,0,0,,,,,0.15,,,,1.202,1.218,1.382,1.182,0.856,1.347,2020-06-11,2020-05-08,2020-02-17,2020-05-28,2020-03-20,2020-02-04,1.28,1.24,1.25,1.14,1.13,1.18,2020-06-10,2020-05-19,2020-05-05,2020-06-15,2020-05-29,2020-05-18,5483500,2662300,1005100,-46.83,-2.15,-21.1,0.018,0.029,0.041,0.003,0.027,-0.145,0.01388,0.03182,0.03415,0.01497,0.0335,-0.1072,77.49,63.636,72.525,23.38,17.186,14.815,86.957,75.0,94.118,26.087,13.333,25.0,63.636,65.385,60.0,37.5,25.0,50.0,2020-06-10,2020-05-20,2020-05-08,2020-06-04,2020-05-18,2020-03-23,2020-06-10,2020-05-21,2020-05-08,2020-06-16,2020-05-28,2020-05-18,2020-06-10,2020-05-19,2020-05-05,2020-06-15,2020-05-28,2020-05-18,2020-06-10,2020-05-19,2020-05-14,2020-06-15,2020-05-29,2020-05-18,1,0,0,0,0,1,0,0,1,0,0,0,0,1,0,1,0,0,0,1,0,0,0,0,1,0,,,,,p2p,p2n,n2p,p2p,p2p,Life.BearEnd,Life.Bull,Life.BearStart,Life.Bull,Life.BearStart,,
2020-06-17,1.19408,,,,1.19,1.18766,1.17505,1.1656,1.1115,1.1923,1.18696,0.00534,0.01037,-0.00503,,,-0.01,10.47,-3.03,3.83,-10.84,0.51,-6.89,13.54,1.0,28.0,12.0,9.0,25.0,7.0,15.0,16.0,0.01,0.0,0.01429,-0.01643,0.86957,46.51163,,,9.01163,47.82609,39.13043,,47.826,24.76852,24.94553,,,0.6355,0.2206,0.7616,0.1261,-0.4149,0.541,0,0,0,,,,,0.15,,,,1.202,1.218,1.382,1.182,0.856,1.347,2020-06-11,2020-05-08,2020-02-17,2020-05-28,2020-03-20,2020-02-04,1.19,1.28,1.24,1.14,1.13,1.18,2020-06-17,2020-06-10,2020-05-19,2020-06-15,2020-05-29,2020-05-18,2662300,1005100,1247900,-2.15,-21.1,-46.29,0.018,0.029,0.041,0.003,0.027,-0.145,0.01388,0.03182,0.03415,0.01497,0.0335,-0.1072,77.49,63.636,72.525,23.38,17.186,14.815,47.826,86.957,75.0,26.087,13.333,25.0,63.636,65.385,60.0,37.5,25.0,50.0,2020-06-10,2020-05-20,2020-05-08,2020-06-04,2020-05-18,2020-03-23,2020-06-10,2020-05-21,2020-05-08,2020-06-16,2020-05-28,2020-05-18,2020-06-17,2020-06-10,2020-05-19,2020-06-15,2020-05-28,2020-05-18,2020-06-10,2020-05-19,2020-05-14,2020-06-15,2020-05-29,2020-05-18,1,0,0,0,1,0,0,0,1,0,0,0,0,1,0,1,1,0,0,1,0,0,0,0,1,0,,,,,p2p,p2n,n2p,p2p,p2p,Life.BearEnd,Life.Bull,Life.BearStart,Life.Bull,Life.BearStart,,
2020-06-18,1.19439,1.194,,1.17,,1.1863,1.17485,1.16569,1.11208,1.18887,1.1857,0.00317,0.00893,-0.00576,,,10.43,-3.03,3.83,-10.84,0.51,-6.89,13.54,-0.64,28.0,12.0,9.0,25.0,7.0,15.0,16.0,7.0,-0.0,-0.02,0.01429,-0.01571,0.90909,47.61905,,,10.11905,39.13043,43.47826,39.13,,39.58333,29.24383,,,0.6277,0.2061,0.7422,0.1145,-0.4216,0.5361,0,0,0,,,,,0.15,,,,1.202,1.218,1.382,1.194,1.182,0.856,2020-06-11,2020-05-08,2020-02-17,2020-06-18,2020-05-28,2020-03-20,1.19,1.28,1.24,1.17,1.14,1.13,2020-06-17,2020-06-10,2020-05-19,2020-06-18,2020-06-15,2020-05-29,1005100,1247900,892100,-21.1,-46.29,-36.01,0.018,0.029,0.041,0.003,0.027,-0.145,0.01388,0.03182,0.03415,0.01497,0.0335,-0.1072,77.49,63.636,72.525,23.38,17.186,14.815,47.826,86.957,75.0,39.13,26.087,13.333,63.636,65.385,60.0,37.5,25.0,50.0,2020-06-10,2020-05-20,2020-05-08,2020-06-04,2020-05-18,2020-03-23,2020-06-10,2020-05-21,2020-05-08,2020-06-16,2020-05-28,2020-05-18,2020-06-17,2020-06-10,2020-05-19,2020-06-18,2020-06-15,2020-05-28,2020-06-10,2020-05-19,2020-05-14,2020-06-15,2020-05-29,2020-05-18,1,0,0,1,1,0,0,1,1,0,0,0,0,1,0,1,1,0,0,1,0,0,0,0,1,0,,,,,p2p,p2n,n2p,p2p,p2p,Life.BearEnd,Life.Bull,Life.BearStart,Life.Bull,Life.BearStart,,
2020-06-19,1.19632,,,,,1.18659,1.17545,1.16617,1.11286,1.18904,1.18602,0.00302,0.00775,-0.00473,0.003,,10.26,-3.03,3.83,-10.84,0.51,-6.89,13.54,-0.64,27.0,12.0,9.0,25.0,7.0,15.0,16.0,7.0,0.02,0.0,0.01571,-0.015,1.04762,51.16279,,,13.66279,47.82609,44.92754,,,54.16667,39.50617,,,0.6259,0.2042,0.7373,0.1114,-0.4217,0.5331,0,0,0,,,,,0.15,,,,1.202,1.218,1.382,1.194,1.182,0.856,2020-06-11,2020-05-08,2020-02-17,2020-06-18,2020-05-28,2020-03-20,1.19,1.28,1.24,1.17,1.14,1.13,2020-06-17,2020-06-10,2020-05-19,2020-06-18,2020-06-15,2020-05-29,1247900,892100,1221100,-46.29,-36.01,6.87,0.018,0.029,0.041,0.003,0.003,0.027,0.01388,0.03182,0.03415,0.00775,0.01497,0.0335,77.49,63.636,72.525,23.38,17.186,14.815,47.826,86.957,75.0,39.13,26.087,13.333,63.636,65.385,60.0,37.5,25.0,50.0,2020-06-10,2020-05-20,2020-05-08,2020-06-19,2020-06-04,2020-05-18,2020-06-10,2020-05-21,2020-05-08,2020-06-16,2020-05-28,2020-05-18,2020-06-17,2020-06-10,2020-05-19,2020-06-18,2020-06-15,2020-05-28,2020-06-10,2020-05-19,2020-05-14,2020-06-15,2020-05-29,2020-05-18,1,0,0,1,1,0,0,1,1,0,1,0,0,1,0,1,1,0,0,1,0,0,0,0,1,1,1221100.0,,,,p2n,n2p,p2p,p2p,n2p,Life.BearEnd,Life.Bull,Life.BearStart,Life.Bull,Life.BearStart,,
2020-06-22,1.19909,,,,,1.18993,1.17758,1.16743,1.11402,1.19534,1.18928,0.00607,0.00741,-0.00135,,,10.0,-3.03,3.83,-10.84,0.51,-6.89,13.54,-0.64,26.0,12.0,9.0,25.0,7.0,15.0,16.0,7.0,0.04,0.0,0.01857,-0.01214,1.52941,60.46512,,,22.96512,65.21739,50.72464,,65.217,70.83333,54.86111,,,0.6356,0.225,0.7591,0.1235,-0.4106,0.5341,1,1,1,,0.15,,,,,,,1.202,1.218,1.382,1.194,1.182,0.856,2020-06-11,2020-05-08,2020-02-17,2020-06-18,2020-05-28,2020-03-20,1.19,1.28,1.24,1.17,1.14,1.13,2020-06-17,2020-06-10,2020-05-19,2020-06-18,2020-06-15,2020-05-29,892100,1221100,4976400,-36.01,6.87,110.93,0.018,0.029,0.041,0.003,0.003,0.027,0.01388,0.03182,0.03415,0.00775,0.01497,0.0335,77.49,63.636,72.525,23.38,17.186,14.815,65.217,47.826,86.957,39.13,26.087,13.333,63.636,65.385,60.0,37.5,25.0,50.0,2020-06-10,2020-05-20,2020-05-08,2020-06-19,2020-06-04,2020-05-18,2020-06-10,2020-05-21,2020-05-08,2020-06-16,2020-05-28,2020-05-18,2020-06-22,2020-06-17,2020-06-10,2020-06-18,2020-06-15,2020-05-28,2020-06-10,2020-05-19,2020-05-14,2020-06-15,2020-05-29,2020-05-18,1,0,0,1,1,0,0,1,1,0,1,0,0,1,0,1,0,0,0,1,0,0,0,0,1,1,,4976400.0,,,n2p,p2p,p2p,n2p,p2p,Life.Bull,Life.BearStart,Life.Bull,Life.BearStart,Life.Bull,,
2020-06-23,1.20167,,,,1.23,1.19301,1.17964,1.16867,1.11518,1.20068,1.19229,0.00838,0.00761,0.00078,,,9.76,-3.03,3.83,-10.84,0.51,-6.89,13.54,-0.64,25.0,12.0,9.0,25.0,7.0,15.0,16.0,7.0,0.0,0.0,0.01857,-0.01143,1.625,61.90476,,61.905,24.40476,57.89474,56.97941,,,77.5,67.5,,77.5,0.6446,0.2434,0.7783,0.1337,-0.4012,0.5349,1,1,1,,0.15,,,,,,,1.202,1.218,1.382,1.194,1.182,0.856,2020-06-11,2020-05-08,2020-02-17,2020-06-18,2020-05-28,2020-03-20,1.23,1.19,1.28,1.17,1.14,1.13,2020-06-23,2020-06-17,2020-06-10,2020-06-18,2020-06-15,2020-05-29,1221100,4976400,4100000,6.87,110.93,45.25,0.018,0.029,0.041,0.003,0.003,0.027,0.01388,0.03182,0.03415,0.00775,0.01497,0.0335,77.5,77.49,63.636,23.38,17.186,14.815,65.217,47.826,86.957,39.13,26.087,13.333,61.905,63.636,65.385,37.5,25.0,50.0,2020-06-10,2020-05-20,2020-05-08,2020-06-19,2020-06-04,2020-05-18,2020-06-23,2020-06-10,2020-05-21,2020-06-16,2020-05-28,2020-05-18,2020-06-22,2020-06-17,2020-06-10,2020-06-18,2020-06-15,2020-05-28,2020-06-23,2020-06-10,2020-05-19,2020-06-15,2020-05-29,2020-05-18,1,0,0,1,0,0,0,1,1,0,1,0,0,1,0,1,0,0,0,1,1,0,0,0,1,1,,,,,n2p,p2p,p2p,n2p,p2p,Life.Bull,Life.BearStart,Life.Bull,Life.BearStart,Life.Bull,,
2020-06-24,1.20338,,,,,1.19432,1.18083,1.16949,1.11612,1.20211,1.19361,0.0085,0.00779,0.00072,,0.009,9.61,-3.03,3.83,-10.84,0.51,-6.89,13.54,-0.64,24.0,12.0,9.0,25.0,7.0,15.0,16.0,7.0,-0.0,-0.02,0.01714,-0.01286,1.33333,57.14286,,,-4.76214,44.44444,55.85219,,,69.16667,72.5,,,0.6471,0.2483,0.782,0.1349,-0.3988,0.5337,1,1,1,,0.15,,,,,,,1.202,1.218,1.382,1.194,1.182,0.856,2020-06-11,2020-05-08,2020-02-17,2020-06-18,2020-05-28,2020-03-20,1.23,1.19,1.28,1.17,1.14,1.13,2020-06-23,2020-06-17,2020-06-10,2020-06-18,2020-06-15,2020-05-29,4976400,4100000,2069400,110.93,45.25,8.24,0.009,0.018,0.029,0.003,0.003,0.027,0.00779,0.01388,0.03182,0.00775,0.01497,0.0335,77.5,77.49,63.636,23.38,17.186,14.815,65.217,47.826,86.957,39.13,26.087,13.333,61.905,63.636,65.385,37.5,25.0,50.0,2020-06-24,2020-06-10,2020-05-20,2020-06-19,2020-06-04,2020-05-18,2020-06-23,2020-06-10,2020-05-21,2020-06-16,2020-05-28,2020-05-18,2020-06-22,2020-06-17,2020-06-10,2020-06-18,2020-06-15,2020-05-28,2020-06-23,2020-06-10,2020-05-19,2020-06-15,2020-05-29,2020-05-18,1,0,0,1,0,0,0,1,1,0,1,0,0,1,0,1,0,0,0,1,1,0,0,0,1,1,,,,,n2p,p2p,p2p,n2p,p2p,Life.Bull,Life.BearStart,Life.Bull,Life.BearStart,Life.Bull,,
2020-06-25,1.20419,,,1.19,,1.19398,1.18119,1.1699,1.11686,1.20025,1.19334,0.00691,0.00761,-0.0007,0.007,,9.53,-3.03,3.83,-10.84,0.51,-6.89,13.54,-0.64,23.0,12.0,9.0,25.0,7.0,15.0,16.0,7.0,-0.0,-0.02,0.01643,-0.01429,1.15,53.48837,,,-8.41663,33.33333,45.22417,33.333,,47.40741,64.69136,,,0.6433,0.2408,0.7712,0.1279,-0.4025,0.5304,0,0,0,,,,,0.15,,,,1.202,1.218,1.382,1.194,1.182,0.856,2020-06-11,2020-05-08,2020-02-17,2020-06-18,2020-05-28,2020-03-20,1.23,1.19,1.28,1.19,1.17,1.14,2020-06-23,2020-06-17,2020-06-10,2020-06-25,2020-06-18,2020-06-15,4100000,2069400,1120100,45.25,8.24,-34.6,0.009,0.018,0.029,0.007,0.003,0.003,0.00779,0.01388,0.03182,0.00761,0.00775,0.01497,77.5,77.49,63.636,23.38,17.186,14.815,65.217,47.826,86.957,33.333,39.13,26.087,61.905,63.636,65.385,37.5,25.0,50.0,2020-06-24,2020-06-10,2020-05-20,2020-06-25,2020-06-19,2020-06-04,2020-06-23,2020-06-10,2020-05-21,2020-06-16,2020-05-28,2020-05-18,2020-06-22,2020-06-17,2020-06-10,2020-06-25,2020-06-18,2020-06-15,2020-06-23,2020-06-10,2020-05-19,2020-06-15,2020-05-29,2020-05-18,1,0,0,1,0,0,0,1,1,0,0,1,0,1,0,1,0,0,0,0,1,0,0,0,1,1,,,-1120100.0,,p2p,p2p,n2p,p2p,p2n,Life.BearStart,Life.Bull,Life.BearStart,Life.Bull,Life.BearStart,,
2020-06-26,1.20446,,,,1.22,1.19598,1.18271,1.17089,1.11788,1.20329,1.19531,0.00797,0.00768,0.00029,,0.008,9.51,-3.03,3.83,-10.84,0.51,-6.89,13.54,-0.64,22.0,12.0,9.0,25.0,7.0,15.0,16.0,7.0,0.03,0.0,0.01429,-0.01429,1.0,50.0,,,-11.905,50.0,42.59259,,50.0,42.59259,53.05556,,,0.6483,0.2509,0.781,0.1327,-0.3974,0.5301,1,1,1,,0.15,,,,,,,1.202,1.218,1.382,1.194,1.182,0.856,2020-06-11,2020-05-08,2020-02-17,2020-06-18,2020-05-28,2020-03-20,1.22,1.23,1.19,1.19,1.17,1.14,2020-06-26,2020-06-23,2020-06-17,2020-06-25,2020-06-18,2020-06-15,2069400,1120100,2689500,8.24,-34.6,-19.35,0.008,0.009,0.018,0.007,0.003,0.003,0.00768,0.00779,0.01388,0.00761,0.00775,0.01497,77.5,77.49,63.636,23.38,17.186,14.815,50.0,65.217,47.826,33.333,39.13,26.087,61.905,63.636,65.385,37.5,25.0,50.0,2020-06-26,2020-06-24,2020-06-10,2020-06-25,2020-06-19,2020-06-04,2020-06-23,2020-06-10,2020-05-21,2020-06-16,2020-05-28,2020-05-18,2020-06-26,2020-06-22,2020-06-17,2020-06-25,2020-06-18,2020-06-15,2020-06-23,2020-06-10,2020-05-19,2020-06-15,2020-05-29,2020-05-18,1,0,0,1,0,0,0,1,1,0,0,1,0,1,0,1,0,0,0,0,1,0,0,0,1,1,,,,,p2p,p2p,n2p,p2p,p2n,Life.Bull,Life.BearStart,Life.Bull,Life.BearStart,Life.Bull,,
2020-06-29,1.20462,,,,,1.19552,1.183,1.17127,1.1186,1.20124,1.19492,0.00632,0.00741,-0.00109,,,9.5,-3.03,3.83,-10.84,0.51,-6.89,13.54,-0.64,21.0,12.0,9.0,25.0,7.0,15.0,16.0,7.0,-0.0,-0.03,0.01143,-0.01643,0.69565,41.02564,,,-20.87936,37.5,40.27778,,,33.33333,41.11111,,,0.644,0.2425,0.7692,0.1252,-0.4015,0.5267,0,0,0,,,,,0.15,,,,1.202,1.218,1.382,1.194,1.182,0.856,2020-06-11,2020-05-08,2020-02-17,2020-06-18,2020-05-28,2020-03-20,1.22,1.23,1.19,1.19,1.17,1.14,2020-06-26,2020-06-23,2020-06-17,2020-06-25,2020-06-18,2020-06-15,1120100,2689500,1336700,-34.6,-19.35,-12.46,0.008,0.009,0.018,0.007,0.003,0.003,0.00768,0.00779,0.01388,0.00761,0.00775,0.01497,77.5,77.49,63.636,23.38,17.186,14.815,50.0,65.217,47.826,33.333,39.13,26.087,61.905,63.636,65.385,37.5,25.0,50.0,2020-06-26,2020-06-24,2020-06-10,2020-06-25,2020-06-19,2020-06-04,2020-06-23,2020-06-10,2020-05-21,2020-06-16,2020-05-28,2020-05-18,2020-06-26,2020-06-22,2020-06-17,2020-06-25,2020-06-18,2020-06-15,2020-06-23,2020-06-10,2020-05-19,2020-06-15,2020-05-29,2020-05-18,1,0,0,1,0,0,0,1,1,0,0,1,0,1,0,1,0,0,0,0,1,0,0,0,1,1,,,,,p2p,p2p,n2p,p2p,p2n,Life.BearStart,Life.Bull,Life.BearStart,Life.Bull,Life.BearStart,,
2020-06-30,1.20517,,,1.18,,1.19433,1.18288,1.17144,1.11921,1.19797,1.19381,0.00416,0.00676,-0.0026,,,9.44,-3.03,3.83,-10.84,0.51,-6.89,13.54,-0.64,20.0,12.0,9.0,25.0,7.0,15.0,16.0,7.0,-0.0,-0.01,0.01,-0.01714,0.58333,36.84211,36.842,,-25.06289,31.25,39.58333,31.25,,30.09259,35.33951,,,0.6367,0.2289,0.7512,0.1145,-0.4078,0.5223,0,0,0,,,,,0.15,,,,1.202,1.218,1.382,1.194,1.182,0.856,2020-06-11,2020-05-08,2020-02-17,2020-06-18,2020-05-28,2020-03-20,1.22,1.23,1.19,1.18,1.19,1.17,2020-06-26,2020-06-23,2020-06-17,2020-06-30,2020-06-25,2020-06-18,2689500,1336700,903600,-19.35,-12.46,-4.21,0.008,0.009,0.018,0.007,0.003,0.003,0.00768,0.00779,0.01388,0.00761,0.00775,0.01497,77.5,77.49,63.636,23.38,17.186,14.815,50.0,65.217,47.826,31.25,33.333,39.13,61.905,63.636,65.385,36.842,37.5,25.0,2020-06-26,2020-06-24,2020-06-10,2020-06-25,2020-06-19,2020-06-04,2020-06-23,2020-06-10,2020-05-21,2020-06-16,2020-05-28,2020-05-18,2020-06-26,2020-06-22,2020-06-17,2020-06-30,2020-06-25,2020-06-18,2020-06-23,2020-06-10,2020-05-19,2020-06-30,2020-06-15,2020-05-29,1,0,0,1,0,0,0,0,1,0,0,1,0,1,0,1,0,0,1,0,1,0,0,0,1,1,,,,,p2p,p2p,n2p,p2p,p2n,Life.BearStart,Life.Bull,Life.BearStart,Life.Bull,Life.BearStart,,
2020-07-01,1.20698,,,,,1.19477,1.18355,1.17201,1.12001,1.19829,1.19427,0.00401,0.00621,-0.0022,0.004,,9.28,-3.03,3.83,-10.84,0.51,-6.89,13.54,-0.64,19.0,12.0,9.0,25.0,7.0,15.0,16.0,7.0,0.02,0.0,0.01143,-0.01214,0.94118,48.48485,,,11.64285,53.84615,40.86538,,,28.24074,30.55556,28.241,,0.6354,0.2276,0.7476,0.1122,-0.4078,0.52,0,0,0,,,,,0.15,,,,1.202,1.218,1.382,1.194,1.182,0.856,2020-06-11,2020-05-08,2020-02-17,2020-06-18,2020-05-28,2020-03-20,1.22,1.23,1.19,1.18,1.19,1.17,2020-06-26,2020-06-23,2020-06-17,2020-06-30,2020-06-25,2020-06-18,1336700,903600,984400,-12.46,-4.21,-34.59,0.008,0.009,0.018,0.004,0.007,0.003,0.00768,0.00779,0.01388,0.00621,0.00761,0.00775,77.5,77.49,63.636,28.241,23.38,17.186,50.0,65.217,47.826,31.25,33.333,39.13,61.905,63.636,65.385,36.842,37.5,25.0,2020-06-26,2020-06-24,2020-06-10,2020-07-01,2020-06-25,2020-06-19,2020-06-23,2020-06-10,2020-05-21,2020-07-01,2020-06-16,2020-05-28,2020-06-26,2020-06-22,2020-06-17,2020-06-30,2020-06-25,2020-06-18,2020-06-23,2020-06-10,2020-05-19,2020-06-30,2020-06-15,2020-05-29,1,0,0,1,0,0,0,0,1,0,0,0,0,1,0,1,0,0,1,0,1,0,0,0,1,1,,,,,p2p,p2p,n2p,p2p,p2n,Life.BearStart,Life.Bull,Life.BearStart,Life.Bull,Life.BearStart,,
2020-07-02,1.21097,,,,,1.19594,1.18459,1.17276,1.12091,1.20009,1.19544,0.00465,0.0059,-0.00125,,,8.92,-3.03,3.83,-10.84,0.51,-6.89,13.54,-0.64,18.0,12.0,9.0,25.0,7.0,15.0,16.0,7.0,0.01,0.0,0.01214,-0.01071,1.13333,53.125,,,16.283,61.53846,48.87821,,61.538,43.05556,33.7963,,,0.6368,0.2318,0.7503,0.1135,-0.405,0.5185,1,1,1,,0.15,,,,,,,1.202,1.218,1.382,1.194,1.182,0.856,2020-06-11,2020-05-08,2020-02-17,2020-06-18,2020-05-28,2020-03-20,1.22,1.23,1.19,1.18,1.19,1.17,2020-06-26,2020-06-23,2020-06-17,2020-06-30,2020-06-25,2020-06-18,903600,984400,841200,-4.21,-34.59,-15.37,0.008,0.009,0.018,0.004,0.007,0.003,0.00768,0.00779,0.01388,0.00621,0.00761,0.00775,77.5,77.49,63.636,28.241,23.38,17.186,61.538,50.0,65.217,31.25,33.333,39.13,61.905,63.636,65.385,36.842,37.5,25.0,2020-06-26,2020-06-24,2020-06-10,2020-07-01,2020-06-25,2020-06-19,2020-06-23,2020-06-10,2020-05-21,2020-07-01,2020-06-16,2020-05-28,2020-07-02,2020-06-26,2020-06-22,2020-06-30,2020-06-25,2020-06-18,2020-06-23,2020-06-10,2020-05-19,2020-06-30,2020-06-15,2020-05-29,1,0,0,1,0,0,0,0,1,0,0,0,0,1,0,1,0,0,1,0,1,0,0,0,1,1,,,,,p2p,p2p,n2p,p2p,p2n,Life.Bull,Life.BearStart,Life.Bull,Life.BearStart,Life.Bull,,
2020-07-03,1.21713,,,,,1.19779,1.18598,1.17369,1.1219,1.20315,1.19726,0.00589,0.0059,-0.0,,,8.37,-3.03,3.83,-10.84,0.51,-6.89,13.54,-0.64,17.0,12.0,9.0,25.0,7.0,15.0,16.0,7.0,0.01,0.0,0.01286,-0.00714,1.8,64.28571,,64.286,27.44371,60.0,58.46154,60.0,,57.40741,42.90123,,,0.6408,0.241,0.7589,0.1181,-0.3998,0.5179,1,1,1,,0.15,,,,,,,1.202,1.218,1.382,1.194,1.182,0.856,2020-06-11,2020-05-08,2020-02-17,2020-06-18,2020-05-28,2020-03-20,1.22,1.23,1.19,1.18,1.19,1.17,2020-06-26,2020-06-23,2020-06-17,2020-06-30,2020-06-25,2020-06-18,984400,841200,5432200,-34.59,-15.37,165.93,0.008,0.009,0.018,0.004,0.007,0.003,0.00768,0.00779,0.01388,0.00621,0.00761,0.00775,77.5,77.49,63.636,28.241,23.38,17.186,61.538,50.0,65.217,60.0,31.25,33.333,64.286,61.905,63.636,36.842,37.5,25.0,2020-06-26,2020-06-24,2020-06-10,2020-07-01,2020-06-25,2020-06-19,2020-06-23,2020-06-10,2020-05-21,2020-07-01,2020-06-16,2020-05-28,2020-07-02,2020-06-26,2020-06-22,2020-07-03,2020-06-30,2020-06-25,2020-07-03,2020-06-23,2020-06-10,2020-06-30,2020-06-15,2020-05-29,1,0,0,1,0,0,0,0,1,0,0,0,0,1,0,1,0,0,0,1,0,1,0,0,1,1,5432200.0,,,,p2p,n2p,p2p,p2n,n2p,Life.Bull,Life.BearStart,Life.Bull,Life.BearStart,Life.Bull,,
2020-07-06,1.22488,,,,1.23,1.20027,1.1877,1.17481,1.12297,1.20728,1.19968,0.0076,0.00624,0.00136,,0.008,7.68,-3.03,3.83,-10.84,0.51,-6.89,13.54,-0.64,16.0,12.0,9.0,25.0,7.0,15.0,16.0,7.0,0.01,0.0,0.01071,-0.00714,1.5,60.0,,,-4.286,70.0,63.84615,,70.0,61.57407,54.01235,,61.574,0.6473,0.2546,0.773,0.1257,-0.3927,0.5184,1,1,1,,0.15,,,,,,,1.202,1.218,1.382,1.194,1.182,0.856,2020-06-11,2020-05-08,2020-02-17,2020-06-18,2020-05-28,2020-03-20,1.23,1.22,1.23,1.18,1.19,1.17,2020-07-06,2020-06-26,2020-06-23,2020-06-30,2020-06-25,2020-06-18,841200,5432200,1791900,-15.37,165.93,11.13,0.008,0.008,0.009,0.004,0.007,0.003,0.00624,0.00768,0.00779,0.00621,0.00761,0.00775,61.574,77.5,77.49,28.241,23.38,17.186,70.0,61.538,50.0,60.0,31.25,33.333,64.286,61.905,63.636,36.842,37.5,25.0,2020-07-06,2020-06-26,2020-06-24,2020-07-01,2020-06-25,2020-06-19,2020-07-06,2020-06-23,2020-06-10,2020-07-01,2020-06-16,2020-05-28,2020-07-06,2020-07-02,2020-06-26,2020-07-03,2020-06-30,2020-06-25,2020-07-03,2020-06-23,2020-06-10,2020-06-30,2020-06-15,2020-05-29,1,0,0,1,0,1,0,0,1,0,0,0,1,0,0,1,0,1,0,1,0,1,0,0,1,1,,,,,p2p,n2p,p2p,p2n,n2p,Life.Bull,Life.BearStart,Life.Bull,Life.BearStart,Life.Bull,,
2020-07-07,1.2335,,,1.2,,1.20025,1.18819,1.17531,1.12374,1.20616,1.19971,0.00646,0.00628,0.00017,0.006,,6.93,-3.03,3.83,-10.84,0.51,-6.89,13.54,-0.64,15.0,12.0,9.0,25.0,7.0,15.0,16.0,7.0,-0.0,-0.03,0.01,-0.00929,1.07692,51.85185,51.852,,-12.43415,40.0,56.66667,40.0,,47.68519,55.55556,,,0.6445,0.2494,0.7651,0.1206,-0.3951,0.5157,0,1,1,,0.15,,,,,,,1.202,1.218,1.382,1.194,1.182,0.856,2020-06-11,2020-05-08,2020-02-17,2020-06-18,2020-05-28,2020-03-20,1.23,1.22,1.23,1.2,1.18,1.19,2020-07-06,2020-06-26,2020-06-23,2020-07-07,2020-06-30,2020-06-25,5432200,1791900,1793300,165.93,11.13,11.8,0.008,0.008,0.009,0.006,0.004,0.007,0.00624,0.00768,0.00779,0.00628,0.00621,0.00761,61.574,77.5,77.49,28.241,23.38,17.186,70.0,61.538,50.0,40.0,60.0,31.25,64.286,61.905,63.636,51.852,36.842,37.5,2020-07-06,2020-06-26,2020-06-24,2020-07-07,2020-07-01,2020-06-25,2020-07-06,2020-06-23,2020-06-10,2020-07-01,2020-06-16,2020-05-28,2020-07-06,2020-07-02,2020-06-26,2020-07-07,2020-07-03,2020-06-30,2020-07-03,2020-06-23,2020-06-10,2020-07-07,2020-06-30,2020-06-15,1,0,0,1,0,1,0,1,1,0,0,0,1,0,0,1,0,1,0,0,0,1,0,1,1,1,,,,,p2p,n2p,p2p,p2n,n2p,Life.Bull,Life.BearStart,Life.Bull,Life.BearStart,Life.Bull,,
2020-07-08,1.24225,,,,,1.20177,1.18943,1.17619,1.1247,1.20829,1.20121,0.00708,0.00644,0.00064,,,6.18,-3.03,3.83,-10.84,0.51,-6.89,13.54,-0.64,14.0,12.0,9.0,25.0,7.0,15.0,16.0,7.0,0.02,0.0,0.01143,-0.00786,1.45455,59.25926,,,7.40726,55.55556,55.18519,,,43.45238,50.90388,43.452,,0.6473,0.2558,0.7707,0.1234,-0.3915,0.5149,1,1,1,,0.15,,,,,,,1.202,1.218,1.382,1.194,1.182,0.856,2020-06-11,2020-05-08,2020-02-17,2020-06-18,2020-05-28,2020-03-20,1.23,1.22,1.23,1.2,1.18,1.19,2020-07-06,2020-06-26,2020-06-23,2020-07-07,2020-06-30,2020-06-25,1791900,1793300,1585400,11.13,11.8,-42.66,0.008,0.008,0.009,0.006,0.004,0.007,0.00624,0.00768,0.00779,0.00628,0.00621,0.00761,61.574,77.5,77.49,43.452,28.241,23.38,70.0,61.538,50.0,40.0,60.0,31.25,64.286,61.905,63.636,51.852,36.842,37.5,2020-07-06,2020-06-26,2020-06-24,2020-07-07,2020-07-01,2020-06-25,2020-07-06,2020-06-23,2020-06-10,2020-07-08,2020-07-01,2020-06-16,2020-07-06,2020-07-02,2020-06-26,2020-07-07,2020-07-03,2020-06-30,2020-07-03,2020-06-23,2020-06-10,2020-07-07,2020-06-30,2020-06-15,1,0,0,1,0,1,0,1,1,0,0,0,1,0,0,1,0,1,0,0,0,1,0,1,1,1,,,1585400.0,,n2p,p2p,p2n,n2p,p2n,Life.Bull,Life.BearStart,Life.Bull,Life.BearStart,Life.Bull,,
2020-07-09,1.25038,,,,,1.20625,1.1922,1.17785,1.12604,1.21625,1.20556,0.01068,0.00729,0.00339,,,5.49,-3.03,3.83,-10.84,0.51,-6.89,13.54,-0.64,13.0,12.0,9.0,25.0,7.0,15.0,16.0,7.0,0.04,0.0,0.01286,-0.00786,1.63636,62.06897,,,10.21697,90.0,61.85185,,90.0,51.19048,47.44268,,,0.6616,0.284,0.8021,0.1405,-0.3776,0.5181,1,1,1,,0.15,,,,,,,1.202,1.218,1.382,1.194,1.182,0.856,2020-06-11,2020-05-08,2020-02-17,2020-06-18,2020-05-28,2020-03-20,1.23,1.22,1.23,1.2,1.18,1.19,2020-07-06,2020-06-26,2020-06-23,2020-07-07,2020-06-30,2020-06-25,1793300,1585400,6829200,11.8,-42.66,97.42,0.008,0.008,0.009,0.006,0.004,0.007,0.00624,0.00768,0.00779,0.00628,0.00621,0.00761,61.574,77.5,77.49,43.452,28.241,23.38,90.0,70.0,61.538,40.0,60.0,31.25,64.286,61.905,63.636,51.852,36.842,37.5,2020-07-06,2020-06-26,2020-06-24,2020-07-07,2020-07-01,2020-06-25,2020-07-06,2020-06-23,2020-06-10,2020-07-08,2020-07-01,2020-06-16,2020-07-09,2020-07-06,2020-07-02,2020-07-07,2020-07-03,2020-06-30,2020-07-03,2020-06-23,2020-06-10,2020-07-07,2020-06-30,2020-06-15,1,0,0,1,0,1,0,1,1,0,0,0,1,0,0,1,0,1,0,0,0,1,0,1,1,1,6829200.0,,,,p2p,p2n,n2p,p2n,n2p,Life.Bull,Life.BearStart,Life.Bull,Life.BearStart,Life.Bull,,
2020-07-10,1.25773,,,,,1.21346,1.19643,1.18027,1.12777,1.22913,1.21256,0.01657,0.00915,0.00743,,,4.87,-3.03,3.83,-10.84,0.51,-6.89,13.54,-0.64,12.0,12.0,9.0,25.0,7.0,15.0,16.0,7.0,0.04,0.0,0.01286,-0.00786,1.63636,62.06897,,,10.21697,76.47059,74.00871,76.471,,66.66667,53.76984,,,0.6866,0.3319,0.8569,0.1703,-0.3547,0.525,1,1,1,,0.15,,,,,,,1.202,1.218,1.382,1.194,1.182,0.856,2020-06-11,2020-05-08,2020-02-17,2020-06-18,2020-05-28,2020-03-20,1.23,1.22,1.23,1.2,1.18,1.19,2020-07-06,2020-06-26,2020-06-23,2020-07-07,2020-06-30,2020-06-25,1585400,6829200,13910600,-42.66,97.42,118.71,0.008,0.008,0.009,0.006,0.004,0.007,0.00624,0.00768,0.00779,0.00628,0.00621,0.00761,61.574,77.5,77.49,43.452,28.241,23.38,90.0,70.0,61.538,76.471,40.0,60.0,64.286,61.905,63.636,51.852,36.842,37.5,2020-07-06,2020-06-26,2020-06-24,2020-07-07,2020-07-01,2020-06-25,2020-07-06,2020-06-23,2020-06-10,2020-07-08,2020-07-01,2020-06-16,2020-07-09,2020-07-06,2020-07-02,2020-07-10,2020-07-07,2020-07-03,2020-07-03,2020-06-23,2020-06-10,2020-07-07,2020-06-30,2020-06-15,1,0,0,1,0,1,0,1,1,0,0,0,1,0,0,1,0,1,0,1,0,1,0,1,1,1,,,,,p2p,p2n,n2p,p2n,n2p,Life.Bull,Life.BearStart,Life.Bull,Life.BearStart,Life.Bull,,
2020-07-13,1.26495,,,,1.31,1.22088,1.20088,1.18284,1.12959,1.24157,1.21978,0.0218,0.01168,0.01012,,0.022,4.27,-3.03,3.83,-10.84,0.51,-6.89,13.54,-0.64,11.0,12.0,9.0,25.0,7.0,15.0,16.0,7.0,0.01,0.0,0.01357,-0.00786,1.72727,63.33333,,63.333,11.48133,77.77778,81.41612,,77.778,76.8254,64.89418,,76.825,0.7129,0.3804,0.9129,0.2,-0.3325,0.5325,1,1,1,,0.15,,,,,,,1.202,1.218,1.382,1.194,1.182,0.856,2020-06-11,2020-05-08,2020-02-17,2020-06-18,2020-05-28,2020-03-20,1.31,1.23,1.22,1.2,1.18,1.19,2020-07-13,2020-07-06,2020-06-26,2020-07-07,2020-06-30,2020-06-25,6829200,13910600,4143600,97.42,118.71,11.46,0.022,0.008,0.008,0.006,0.004,0.007,0.01168,0.00624,0.00768,0.00628,0.00621,0.00761,76.825,61.574,77.5,43.452,28.241,23.38,77.778,90.0,70.0,76.471,40.0,60.0,63.333,64.286,61.905,51.852,36.842,37.5,2020-07-13,2020-07-06,2020-06-26,2020-07-07,2020-07-01,2020-06-25,2020-07-13,2020-07-06,2020-06-23,2020-07-08,2020-07-01,2020-06-16,2020-07-13,2020-07-09,2020-07-06,2020-07-10,2020-07-07,2020-07-03,2020-07-13,2020-07-03,2020-06-23,2020-07-07,2020-06-30,2020-06-15,1,0,0,1,0,1,0,1,0,1,0,0,0,0,0,1,0,0,0,1,0,0,0,1,1,1,,,,,p2p,p2n,n2p,p2n,n2p,Life.Bull,Life.BearStart,Life.Bull,Life.BearStart,Life.Bull,,
2020-07-14,1.27252,,,1.24,,1.22235,1.20242,1.18397,1.13069,1.24133,1.22128,0.02006,0.01335,0.0067,0.02,,3.65,-3.03,3.83,-10.84,0.51,-6.89,13.54,-0.64,10.0,12.0,9.0,25.0,7.0,15.0,16.0,7.0,-0.0,-0.07,0.01357,-0.01143,1.1875,54.28571,54.286,,-9.04729,38.88889,64.37908,38.889,,57.14286,66.87831,,,0.7173,0.3838,0.9166,0.1993,-0.3335,0.5328,1,1,1,,0.15,,,,,,,1.202,1.218,1.382,1.194,1.182,0.856,2020-06-11,2020-05-08,2020-02-17,2020-06-18,2020-05-28,2020-03-20,1.31,1.23,1.22,1.24,1.2,1.18,2020-07-13,2020-07-06,2020-06-26,2020-07-14,2020-07-07,2020-06-30,13910600,4143600,4345900,118.71,11.46,-9.98,0.022,0.008,0.008,0.02,0.006,0.004,0.01168,0.00624,0.00768,0.01335,0.00628,0.00621,76.825,61.574,77.5,43.452,28.241,23.38,77.778,90.0,70.0,38.889,76.471,40.0,63.333,64.286,61.905,54.286,51.852,36.842,2020-07-13,2020-07-06,2020-06-26,2020-07-14,2020-07-07,2020-07-01,2020-07-13,2020-07-06,2020-06-23,2020-07-08,2020-07-01,2020-06-16,2020-07-13,2020-07-09,2020-07-06,2020-07-14,2020-07-10,2020-07-07,2020-07-13,2020-07-03,2020-06-23,2020-07-14,2020-07-07,2020-06-30,1,0,0,1,0,1,0,1,0,1,0,1,0,0,0,1,0,0,1,0,0,0,0,1,1,1,,,,,p2p,p2n,n2p,p2n,n2p,Life.Bull,Life.BearStart,Life.Bull,Life.BearStart,Life.Bull,,
2020-07-15,1.28046,,,,1.29,1.22756,1.20585,1.18607,1.13227,1.24882,1.22637,0.02245,0.01517,0.00728,,0.022,3.01,-3.03,3.83,-10.84,0.51,-6.89,13.54,-0.64,9.0,12.0,9.0,25.0,7.0,15.0,16.0,7.0,0.05,0.0,0.01714,-0.01,1.71429,63.15789,,63.158,8.87189,66.66667,61.11111,,66.667,52.38095,62.1164,,,0.7358,0.4149,0.9529,0.2171,-0.3209,0.538,1,1,1,,0.15,,,,,,,1.202,1.218,1.382,1.194,1.182,0.856,2020-06-11,2020-05-08,2020-02-17,2020-06-18,2020-05-28,2020-03-20,1.29,1.31,1.23,1.24,1.2,1.18,2020-07-15,2020-07-13,2020-07-06,2020-07-14,2020-07-07,2020-06-30,4143600,4345900,4485000,11.46,-9.98,-42.08,0.022,0.022,0.008,0.02,0.006,0.004,0.01517,0.01168,0.00624,0.01335,0.00628,0.00621,76.825,61.574,77.5,43.452,28.241,23.38,66.667,77.778,90.0,38.889,76.471,40.0,63.158,63.333,64.286,54.286,51.852,36.842,2020-07-15,2020-07-13,2020-07-06,2020-07-14,2020-07-07,2020-07-01,2020-07-13,2020-07-06,2020-06-23,2020-07-08,2020-07-01,2020-06-16,2020-07-15,2020-07-13,2020-07-09,2020-07-14,2020-07-10,2020-07-07,2020-07-15,2020-07-13,2020-07-03,2020-07-14,2020-07-07,2020-06-30,1,0,0,1,0,0,0,1,0,1,0,1,0,0,0,1,1,0,1,0,1,0,0,1,1,1,,,,,p2p,p2n,n2p,p2n,n2p,Life.Bull,Life.BearStart,Life.Bull,Life.BearStart,Life.Bull,,
2020-07-16,1.28847,,,1.25,,1.22928,1.20758,1.18734,1.13344,1.249,1.22812,0.02088,0.01631,0.00457,,,2.37,-3.03,3.83,-10.84,0.51,-6.89,13.54,-0.64,8.0,12.0,9.0,25.0,7.0,15.0,16.0,7.0,-0.0,-0.04,0.015,-0.01286,1.16667,53.84615,53.846,,-9.31185,44.44444,50.0,44.444,,30.96681,46.83021,30.967,,0.7414,0.4194,0.9584,0.217,-0.322,0.539,1,1,1,,0.15,,,,,,,1.202,1.218,1.382,1.194,1.182,0.856,2020-06-11,2020-05-08,2020-02-17,2020-06-18,2020-05-28,2020-03-20,1.29,1.31,1.23,1.25,1.24,1.2,2020-07-15,2020-07-13,2020-07-06,2020-07-16,2020-07-14,2020-07-07,4345900,4485000,2099300,-9.98,-42.08,-15.76,0.022,0.022,0.008,0.02,0.006,0.004,0.01517,0.01168,0.00624,0.01335,0.00628,0.00621,76.825,61.574,77.5,30.967,43.452,28.241,66.667,77.778,90.0,44.444,38.889,76.471,63.158,63.333,64.286,53.846,54.286,51.852,2020-07-15,2020-07-13,2020-07-06,2020-07-14,2020-07-07,2020-07-01,2020-07-13,2020-07-06,2020-06-23,2020-07-16,2020-07-08,2020-07-01,2020-07-15,2020-07-13,2020-07-09,2020-07-16,2020-07-14,2020-07-10,2020-07-15,2020-07-13,2020-07-03,2020-07-16,2020-07-14,2020-07-07,1,0,0,1,0,0,0,1,0,1,0,1,0,0,0,0,1,0,0,0,1,0,0,0,1,1,,,,,p2p,p2n,n2p,p2n,n2p,Life.Bull,Life.BearStart,Life.Bull,Life.BearStart,Life.Bull,,
2020-07-17,1.29615,,,,1.27,1.23242,1.21003,1.18897,1.1348,1.25223,1.23122,0.02101,0.01725,0.00376,,,1.76,-3.03,3.83,-10.84,0.51,-6.89,13.54,-0.64,7.0,12.0,9.0,25.0,7.0,15.0,16.0,7.0,0.02,0.0,0.01643,-0.01071,1.53333,60.52632,,,6.68032,52.94118,54.6841,,52.941,31.16883,38.1722,,31.169,0.7523,0.4345,0.9762,0.2239,-0.3178,0.5417,1,1,1,,0.15,,,,,,,1.202,1.218,1.382,1.194,1.182,0.856,2020-06-11,2020-05-08,2020-02-17,2020-06-18,2020-05-28,2020-03-20,1.27,1.29,1.31,1.25,1.24,1.2,2020-07-17,2020-07-15,2020-07-13,2020-07-16,2020-07-14,2020-07-07,4485000,2099300,901900,-42.08,-15.76,-31.51,0.022,0.022,0.008,0.02,0.006,0.004,0.01517,0.01168,0.00624,0.01335,0.00628,0.00621,31.169,76.825,61.574,30.967,43.452,28.241,52.941,66.667,77.778,44.444,38.889,76.471,63.158,63.333,64.286,53.846,54.286,51.852,2020-07-15,2020-07-13,2020-07-06,2020-07-14,2020-07-07,2020-07-01,2020-07-17,2020-07-13,2020-07-06,2020-07-16,2020-07-08,2020-07-01,2020-07-17,2020-07-15,2020-07-13,2020-07-16,2020-07-14,2020-07-10,2020-07-15,2020-07-13,2020-07-03,2020-07-16,2020-07-14,2020-07-07,1,0,0,1,1,0,0,1,0,1,0,1,1,0,0,0,1,0,0,0,1,0,0,0,1,1,,,,,p2p,p2n,n2p,p2n,n2p,Life.Bull,Life.BearStart,Life.Bull,Life.BearStart,Life.Bull,,
2020-07-20,1.30308,,,1.26,,1.23454,1.21199,1.19038,1.13605,1.25343,1.23335,0.02007,0.01782,0.00226,0.02,,1.22,-3.03,3.83,-10.84,0.51,-6.89,13.54,-0.64,6.0,12.0,9.0,25.0,7.0,15.0,16.0,7.0,-0.0,-0.01,0.01643,-0.01071,1.53333,60.52632,,,6.68032,47.05882,48.14815,47.059,,20.45455,27.53006,20.455,,0.7594,0.4416,0.9849,0.2255,-0.3178,0.5433,1,1,1,,0.15,,,,,,,1.202,1.218,1.382,1.194,1.182,0.856,2020-06-11,2020-05-08,2020-02-17,2020-06-18,2020-05-28,2020-03-20,1.27,1.29,1.31,1.26,1.25,1.24,2020-07-17,2020-07-15,2020-07-13,2020-07-20,2020-07-16,2020-07-14,2099300,901900,1972000,-15.76,-31.51,-33.57,0.022,0.022,0.008,0.02,0.02,0.006,0.01517,0.01168,0.00624,0.01782,0.01335,0.00628,31.169,76.825,61.574,20.455,30.967,43.452,52.941,66.667,77.778,47.059,44.444,38.889,63.158,63.333,64.286,53.846,54.286,51.852,2020-07-15,2020-07-13,2020-07-06,2020-07-20,2020-07-14,2020-07-07,2020-07-17,2020-07-13,2020-07-06,2020-07-20,2020-07-16,2020-07-08,2020-07-17,2020-07-15,2020-07-13,2020-07-20,2020-07-16,2020-07-14,2020-07-15,2020-07-13,2020-07-03,2020-07-16,2020-07-14,2020-07-07,1,0,0,1,1,0,0,1,0,1,0,1,1,0,1,0,1,0,0,1,1,0,0,0,1,1,,,,,p2p,p2n,n2p,p2n,n2p,Life.Bull,Life.BearStart,Life.Bull,Life.BearStart,Life.Bull,,
2020-07-21,1.30892,,,,1.38,1.24573,1.21858,1.19413,1.13847,1.2729,1.24421,0.02868,0.01999,0.00869,,,0.77,-3.03,3.83,-10.84,0.51,-6.89,13.54,-0.64,5.0,12.0,9.0,25.0,7.0,15.0,16.0,7.0,0.12,0.0,0.02357,-0.01071,2.2,68.75,,68.75,14.904,100.0,66.66667,,100.0,50.75758,34.12698,,,0.8011,0.516,1.0726,0.2715,-0.2851,0.5566,1,1,1,,0.15,,,,,,,1.202,1.218,1.382,1.194,1.182,0.856,2020-06-11,2020-05-08,2020-02-17,2020-06-18,2020-05-28,2020-03-20,1.38,1.27,1.29,1.26,1.25,1.24,2020-07-21,2020-07-17,2020-07-15,2020-07-20,2020-07-16,2020-07-14,901900,1972000,12387500,-31.51,-33.57,206.87,0.022,0.022,0.008,0.02,0.02,0.006,0.01517,0.01168,0.00624,0.01782,0.01335,0.00628,31.169,76.825,61.574,20.455,30.967,43.452,100.0,52.941,66.667,47.059,44.444,38.889,68.75,63.158,63.333,53.846,54.286,51.852,2020-07-15,2020-07-13,2020-07-06,2020-07-20,2020-07-14,2020-07-07,2020-07-17,2020-07-13,2020-07-06,2020-07-20,2020-07-16,2020-07-08,2020-07-21,2020-07-17,2020-07-15,2020-07-20,2020-07-16,2020-07-14,2020-07-21,2020-07-15,2020-07-13,2020-07-16,2020-07-14,2020-07-07,1,0,0,1,0,1,0,1,0,1,0,1,1,0,1,0,0,1,0,1,0,1,0,0,1,1,12387500.0,,,,p2n,n2p,p2n,n2p,n2p,Life.Bull,Life.BearStart,Life.Bull,Life.BearStart,Life.Bull,,
2020-07-22,1.31355,,,,,1.25452,1.22412,1.19742,1.14068,1.2863,1.25279,0.03351,0.02269,0.01081,,,0.41,-3.03,3.83,-10.84,0.51,-6.89,13.54,-0.64,4.0,12.0,9.0,25.0,7.0,15.0,16.0,7.0,-0.0,-0.02,0.02286,-0.01214,1.88235,65.30612,,,-3.44388,76.19048,74.41643,,,64.58333,45.26515,,,0.8344,0.571,1.1384,0.304,-0.2634,0.5674,1,1,1,,0.15,,,,,,,1.202,1.218,1.382,1.194,1.182,0.856,2020-06-11,2020-05-08,2020-02-17,2020-06-18,2020-05-28,2020-03-20,1.38,1.27,1.29,1.26,1.25,1.24,2020-07-21,2020-07-17,2020-07-15,2020-07-20,2020-07-16,2020-07-14,1972000,12387500,8040200,-33.57,206.87,46.77,0.022,0.022,0.008,0.02,0.02,0.006,0.01517,0.01168,0.00624,0.01782,0.01335,0.00628,31.169,76.825,61.574,20.455,30.967,43.452,100.0,52.941,66.667,47.059,44.444,38.889,68.75,63.158,63.333,53.846,54.286,51.852,2020-07-15,2020-07-13,2020-07-06,2020-07-20,2020-07-14,2020-07-07,2020-07-17,2020-07-13,2020-07-06,2020-07-20,2020-07-16,2020-07-08,2020-07-21,2020-07-17,2020-07-15,2020-07-20,2020-07-16,2020-07-14,2020-07-21,2020-07-15,2020-07-13,2020-07-16,2020-07-14,2020-07-07,1,0,0,1,0,1,0,1,0,1,0,1,1,0,1,0,0,1,0,1,0,1,0,0,1,1,,,,,p2n,n2p,p2n,n2p,n2p,Life.Bull,Life.BearStart,Life.Bull,Life.BearStart,Life.Bull,,
2020-07-23,1.31687,,,,,1.26186,1.22906,1.20044,1.14276,1.2961,1.25999,0.03611,0.02538,0.01073,,0.036,0.16,-3.03,3.83,-10.84,0.51,-6.89,13.54,-0.64,3.0,12.0,9.0,25.0,7.0,15.0,16.0,7.0,-0.0,-0.01,0.02214,-0.01286,1.72222,63.26531,,,-5.48469,71.42857,82.53968,,,76.25,63.86364,,76.25,0.863,0.6142,1.191,0.328,-0.2488,0.5768,1,1,1,,0.15,,,,,,,1.202,1.218,1.382,1.194,1.182,0.856,2020-06-11,2020-05-08,2020-02-17,2020-06-18,2020-05-28,2020-03-20,1.38,1.27,1.29,1.26,1.25,1.24,2020-07-21,2020-07-17,2020-07-15,2020-07-20,2020-07-16,2020-07-14,12387500,8040200,4335300,206.87,46.77,10.55,0.036,0.022,0.022,0.02,0.02,0.006,0.02538,0.01517,0.01168,0.01782,0.01335,0.00628,76.25,31.169,76.825,20.455,30.967,43.452,100.0,52.941,66.667,47.059,44.444,38.889,68.75,63.158,63.333,53.846,54.286,51.852,2020-07-23,2020-07-15,2020-07-13,2020-07-20,2020-07-14,2020-07-07,2020-07-23,2020-07-17,2020-07-13,2020-07-20,2020-07-16,2020-07-08,2020-07-21,2020-07-17,2020-07-15,2020-07-20,2020-07-16,2020-07-14,2020-07-21,2020-07-15,2020-07-13,2020-07-16,2020-07-14,2020-07-07,1,0,0,1,0,1,0,1,0,1,0,1,0,0,1,0,0,1,0,1,0,1,0,0,1,1,,,,,p2n,n2p,p2n,n2p,n2p,Life.Bull,Life.BearStart,Life.Bull,Life.BearStart,Life.Bull,,
2020-07-24,1.31868,,,,,1.26557,1.23223,1.20261,1.14443,1.29824,1.2637,0.03454,0.02721,0.00733,,,0.02,-3.03,3.83,-10.84,0.51,-6.89,13.54,-0.64,2.0,12.0,9.0,25.0,7.0,15.0,16.0,7.0,-0.0,-0.04,0.02143,-0.01571,1.36364,57.69231,57.692,,-11.05769,52.38095,66.66667,,,54.02778,64.9537,,,0.878,0.6296,1.2114,0.3334,-0.2484,0.5818,1,1,1,,0.15,,,,,,,1.202,1.218,1.382,1.194,1.182,0.856,2020-06-11,2020-05-08,2020-02-17,2020-06-18,2020-05-28,2020-03-20,1.38,1.27,1.29,1.26,1.25,1.24,2020-07-21,2020-07-17,2020-07-15,2020-07-20,2020-07-16,2020-07-14,8040200,4335300,3224300,46.77,10.55,-37.0,0.036,0.022,0.022,0.02,0.02,0.006,0.02538,0.01517,0.01168,0.01782,0.01335,0.00628,76.25,31.169,76.825,20.455,30.967,43.452,100.0,52.941,66.667,47.059,44.444,38.889,68.75,63.158,63.333,57.692,53.846,54.286,2020-07-23,2020-07-15,2020-07-13,2020-07-20,2020-07-14,2020-07-07,2020-07-23,2020-07-17,2020-07-13,2020-07-20,2020-07-16,2020-07-08,2020-07-21,2020-07-17,2020-07-15,2020-07-20,2020-07-16,2020-07-14,2020-07-21,2020-07-15,2020-07-13,2020-07-24,2020-07-16,2020-07-14,1,0,0,1,0,1,0,1,0,1,0,1,0,0,1,0,0,1,0,1,0,1,0,1,1,1,,,-3224300.0,,n2p,p2n,n2p,n2p,p2n,Life.Bull,Life.BearStart,Life.Bull,Life.BearStart,Life.Bull,,
2020-07-27,1.31921,,,,,1.26898,1.23528,1.20474,1.14607,1.30005,1.26713,0.03292,0.02835,0.00457,,,-0.02,-3.03,3.83,-10.84,0.51,-6.89,13.54,-0.64,1.0,12.0,9.0,25.0,7.0,15.0,16.0,7.0,0.0,0.0,0.02143,-0.01357,1.57895,61.22449,,61.224,3.53249,52.38095,58.73016,,,40.63492,56.9709,,,0.8921,0.6424,1.2291,0.337,-0.2497,0.5867,1,1,1,,0.15,,,,,,,1.202,1.218,1.382,1.194,1.182,0.856,2020-06-11,2020-05-08,2020-02-17,2020-06-18,2020-05-28,2020-03-20,1.38,1.27,1.29,1.26,1.25,1.24,2020-07-21,2020-07-17,2020-07-15,2020-07-20,2020-07-16,2020-07-14,4335300,3224300,2769700,10.55,-37.0,-33.79,0.036,0.022,0.022,0.02,0.02,0.006,0.02538,0.01517,0.01168,0.01782,0.01335,0.00628,76.25,31.169,76.825,20.455,30.967,43.452,100.0,52.941,66.667,47.059,44.444,38.889,61.224,68.75,63.158,57.692,53.846,54.286,2020-07-23,2020-07-15,2020-07-13,2020-07-20,2020-07-14,2020-07-07,2020-07-23,2020-07-17,2020-07-13,2020-07-20,2020-07-16,2020-07-08,2020-07-21,2020-07-17,2020-07-15,2020-07-20,2020-07-16,2020-07-14,2020-07-27,2020-07-21,2020-07-15,2020-07-24,2020-07-16,2020-07-14,1,0,0,1,0,1,0,1,0,1,0,1,0,0,1,0,0,1,0,1,1,0,0,1,1,1,,,,,n2p,p2n,n2p,n2p,p2n,Life.Bull,Life.BearStart,Life.Bull,Life.BearStart,Life.Bull,,
2020-07-28,1.31891,,1.319,,,1.27214,1.23821,1.20682,1.1477,1.30158,1.2703,0.03128,0.02894,0.00234,,,-3.03,3.83,-10.84,0.51,-6.89,13.54,-0.64,0.64,12.0,9.0,25.0,7.0,15.0,16.0,7.0,8.0,0.0,0.0,0.02,-0.01357,1.47368,59.57447,,,-1.64953,50.0,51.5873,,,23.66522,39.44264,,,0.9051,0.6532,1.2444,0.3393,-0.2519,0.5912,1,1,1,,0.15,,,,,,,1.319,1.202,1.218,1.194,1.182,0.856,2020-07-28,2020-06-11,2020-05-08,2020-06-18,2020-05-28,2020-03-20,1.38,1.27,1.29,1.26,1.25,1.24,2020-07-21,2020-07-17,2020-07-15,2020-07-20,2020-07-16,2020-07-14,3224300,2769700,3226500,-37.0,-33.79,-10.73,0.036,0.022,0.022,0.02,0.02,0.006,0.02538,0.01517,0.01168,0.01782,0.01335,0.00628,76.25,31.169,76.825,20.455,30.967,43.452,100.0,52.941,66.667,47.059,44.444,38.889,61.224,68.75,63.158,57.692,53.846,54.286,2020-07-23,2020-07-15,2020-07-13,2020-07-20,2020-07-14,2020-07-07,2020-07-23,2020-07-17,2020-07-13,2020-07-20,2020-07-16,2020-07-08,2020-07-21,2020-07-17,2020-07-15,2020-07-20,2020-07-16,2020-07-14,2020-07-27,2020-07-21,2020-07-15,2020-07-24,2020-07-16,2020-07-14,0,1,0,1,0,1,0,1,0,1,0,1,0,0,1,0,0,1,0,1,1,0,0,1,1,1,,,,,n2p,p2n,n2p,n2p,p2n,Life.Bull,Life.BearStart,Life.Bull,Life.BearStart,Life.Bull,,
2020-07-29,1.3181,,,1.28,,1.27274,1.23985,1.20827,1.14902,1.29826,1.27102,0.02724,0.0286,-0.00136,,,-2.97,3.83,-10.84,0.51,-6.89,13.54,-0.64,0.64,11.0,9.0,25.0,7.0,15.0,16.0,7.0,8.0,-0.0,-0.03,0.01714,-0.01571,1.09091,52.17391,,,-9.05009,23.52941,41.97012,23.529,,17.31602,27.20539,17.316,,0.9083,0.6447,1.2372,0.3289,-0.2636,0.5925,1,1,0,,,0.15,,,,,,1.319,1.202,1.218,1.194,1.182,0.856,2020-07-28,2020-06-11,2020-05-08,2020-06-18,2020-05-28,2020-03-20,1.38,1.27,1.29,1.28,1.26,1.25,2020-07-21,2020-07-17,2020-07-15,2020-07-29,2020-07-20,2020-07-16,2769700,3226500,4429700,-33.79,-10.73,13.07,0.036,0.022,0.022,0.02,0.02,0.006,0.02538,0.01517,0.01168,0.01782,0.01335,0.00628,76.25,31.169,76.825,17.316,20.455,30.967,100.0,52.941,66.667,23.529,47.059,44.444,61.224,68.75,63.158,57.692,53.846,54.286,2020-07-23,2020-07-15,2020-07-13,2020-07-20,2020-07-14,2020-07-07,2020-07-23,2020-07-17,2020-07-13,2020-07-29,2020-07-20,2020-07-16,2020-07-21,2020-07-17,2020-07-15,2020-07-29,2020-07-20,2020-07-16,2020-07-27,2020-07-21,2020-07-15,2020-07-24,2020-07-16,2020-07-14,0,1,0,1,0,1,0,1,0,1,0,1,0,0,1,0,0,1,1,0,1,0,0,1,1,1,,,,,n2p,p2n,n2p,n2p,p2n,Life.BearStart,Life.Bull,Life.BearStart,Life.Bull,Life.BullRetrace,,
2020-07-30,1.31716,,,,,1.27407,1.24182,1.20989,1.15042,1.29699,1.27243,0.02456,0.02779,-0.00323,0.025,,-2.9,3.83,-10.84,0.51,-6.89,13.54,-0.64,0.64,10.0,9.0,25.0,7.0,15.0,16.0,7.0,8.0,0.01,0.0,0.015,-0.01571,0.95455,48.83721,48.837,,-12.38679,29.41176,34.31373,,,18.90332,19.96152,,,0.914,0.6418,1.2365,0.3225,-0.2722,0.5947,0,1,0,,,,0.15,,,,,1.319,1.202,1.218,1.194,1.182,0.856,2020-07-28,2020-06-11,2020-05-08,2020-06-18,2020-05-28,2020-03-20,1.38,1.27,1.29,1.28,1.26,1.25,2020-07-21,2020-07-17,2020-07-15,2020-07-29,2020-07-20,2020-07-16,3226500,4429700,2684200,-10.73,13.07,-0.82,0.036,0.022,0.022,0.025,0.02,0.02,0.02538,0.01517,0.01168,0.02779,0.01782,0.01335,76.25,31.169,76.825,17.316,20.455,30.967,100.0,52.941,66.667,23.529,47.059,44.444,61.224,68.75,63.158,48.837,57.692,53.846,2020-07-23,2020-07-15,2020-07-13,2020-07-30,2020-07-20,2020-07-14,2020-07-23,2020-07-17,2020-07-13,2020-07-29,2020-07-20,2020-07-16,2020-07-21,2020-07-17,2020-07-15,2020-07-29,2020-07-20,2020-07-16,2020-07-27,2020-07-21,2020-07-15,2020-07-30,2020-07-24,2020-07-16,0,1,0,1,0,1,0,1,0,1,0,1,0,0,1,0,0,1,1,0,1,0,1,0,1,1,,,,,n2p,p2n,n2p,n2p,p2n,Life.Bull,Life.BearStart,Life.Bull,Life.BullRetrace,Life.BullEnd,,
2020-08-03,1.31628,,,,1.35,1.27991,1.24606,1.21266,1.15241,1.30514,1.27817,0.02697,0.02763,-0.00066,,,-2.83,3.83,-10.84,0.51,-6.89,13.54,-0.64,0.64,8.0,9.0,25.0,7.0,15.0,16.0,7.0,8.0,0.06,0.0,0.01857,-0.01571,1.18182,54.16667,,,5.32967,64.70588,39.21569,,64.706,45.87302,27.36412,,,0.9365,0.6725,1.275,0.3385,-0.264,0.6025,1,1,1,,0.15,,,,,,,1.319,1.202,1.218,1.194,1.182,0.856,2020-07-28,2020-06-11,2020-05-08,2020-06-18,2020-05-28,2020-03-20,1.35,1.38,1.27,1.28,1.26,1.25,2020-08-03,2020-07-21,2020-07-17,2020-07-29,2020-07-20,2020-07-16,4429700,2684200,4921000,13.07,-0.82,16.39,0.036,0.022,0.022,0.025,0.02,0.02,0.02538,0.01517,0.01168,0.02779,0.01782,0.01335,76.25,31.169,76.825,17.316,20.455,30.967,64.706,100.0,52.941,23.529,47.059,44.444,61.224,68.75,63.158,48.837,57.692,53.846,2020-07-23,2020-07-15,2020-07-13,2020-07-30,2020-07-20,2020-07-14,2020-07-23,2020-07-17,2020-07-13,2020-07-29,2020-07-20,2020-07-16,2020-08-03,2020-07-21,2020-07-17,2020-07-29,2020-07-20,2020-07-16,2020-07-27,2020-07-21,2020-07-15,2020-07-30,2020-07-24,2020-07-16,0,1,0,1,0,0,0,1,0,1,0,1,0,0,1,0,0,0,1,0,1,0,1,0,1,1,,,,,n2p,p2n,n2p,n2p,p2n,Life.BearStart,Life.Bull,Life.BullRetrace,Life.BullEnd,Life.Bull,,
2020-08-04,1.31505,,,,,1.28453,1.24975,1.21518,1.15428,1.31051,1.28275,0.02775,0.02765,0.0001,,0.028,-2.74,3.83,-10.84,0.51,-6.89,13.54,-0.64,0.64,7.0,9.0,25.0,7.0,15.0,16.0,7.0,8.0,-0.0,-0.01,0.01857,-0.01143,1.625,61.90476,,61.905,13.06776,56.25,50.12255,,,60.15873,41.64502,,,0.9547,0.6935,1.3025,0.3478,-0.2612,0.609,1,1,1,,0.15,,,,,,,1.319,1.202,1.218,1.194,1.182,0.856,2020-07-28,2020-06-11,2020-05-08,2020-06-18,2020-05-28,2020-03-20,1.35,1.38,1.27,1.28,1.26,1.25,2020-08-03,2020-07-21,2020-07-17,2020-07-29,2020-07-20,2020-07-16,2684200,4921000,4948100,-0.82,16.39,4.31,0.028,0.036,0.022,0.025,0.02,0.02,0.02765,0.02538,0.01517,0.02779,0.01782,0.01335,76.25,31.169,76.825,17.316,20.455,30.967,64.706,100.0,52.941,23.529,47.059,44.444,61.905,61.224,68.75,48.837,57.692,53.846,2020-08-04,2020-07-23,2020-07-15,2020-07-30,2020-07-20,2020-07-14,2020-07-23,2020-07-17,2020-07-13,2020-07-29,2020-07-20,2020-07-16,2020-08-03,2020-07-21,2020-07-17,2020-07-29,2020-07-20,2020-07-16,2020-08-04,2020-07-27,2020-07-21,2020-07-30,2020-07-24,2020-07-16,0,1,0,1,0,0,0,1,0,0,0,1,0,0,1,0,0,0,1,0,0,0,1,0,1,1,,,,,n2p,p2n,n2p,n2p,p2n,Life.BearStart,Life.Bull,Life.BullRetrace,Life.BullEnd,Life.Bull,,
2020-08-05,1.31248,,,,,1.28803,1.25289,1.21746,1.15602,1.31351,1.28625,0.02725,0.02757,-0.00032,,,-2.55,3.83,-10.84,0.51,-6.89,13.54,-0.64,0.64,6.0,9.0,25.0,7.0,15.0,16.0,7.0,8.0,-0.0,-0.01,0.015,-0.01214,1.23529,55.26316,55.263,,-6.64184,50.0,56.98529,,,65.71429,57.24868,,65.714,0.9687,0.7057,1.3201,0.3514,-0.263,0.6144,1,1,1,,0.15,,,,,,,1.319,1.202,1.218,1.194,1.182,0.856,2020-07-28,2020-06-11,2020-05-08,2020-06-18,2020-05-28,2020-03-20,1.35,1.38,1.27,1.28,1.26,1.25,2020-08-03,2020-07-21,2020-07-17,2020-07-29,2020-07-20,2020-07-16,4921000,4948100,2071400,16.39,4.31,-4.88,0.028,0.036,0.022,0.025,0.02,0.02,0.02765,0.02538,0.01517,0.02779,0.01782,0.01335,65.714,76.25,31.169,17.316,20.455,30.967,64.706,100.0,52.941,23.529,47.059,44.444,61.905,61.224,68.75,55.263,48.837,57.692,2020-08-04,2020-07-23,2020-07-15,2020-07-30,2020-07-20,2020-07-14,2020-08-05,2020-07-23,2020-07-17,2020-07-29,2020-07-20,2020-07-16,2020-08-03,2020-07-21,2020-07-17,2020-07-29,2020-07-20,2020-07-16,2020-08-04,2020-07-27,2020-07-21,2020-08-05,2020-07-30,2020-07-24,0,1,0,1,0,0,0,1,0,0,0,1,0,0,1,0,0,0,1,0,0,0,0,0,1,1,,,,,n2p,p2n,n2p,n2p,p2n,Life.BearStart,Life.Bull,Life.BullRetrace,Life.BullEnd,Life.Bull,,
2020-08-06,1.30773,,,,,1.29126,1.25592,1.21969,1.15775,1.31604,1.28949,0.02655,0.02737,-0.00082,,,-2.2,3.83,-10.84,0.51,-6.89,13.54,-0.64,0.64,5.0,9.0,25.0,7.0,15.0,16.0,7.0,8.0,0.0,0.0,0.015,-0.00929,1.61538,61.76471,,61.765,6.50171,46.66667,50.97222,,,52.38095,59.41799,,,0.9817,0.7157,1.3351,0.3534,-0.266,0.6194,1,1,1,,0.15,,,,,,,1.319,1.202,1.218,1.194,1.182,0.856,2020-07-28,2020-06-11,2020-05-08,2020-06-18,2020-05-28,2020-03-20,1.35,1.38,1.27,1.28,1.26,1.25,2020-08-03,2020-07-21,2020-07-17,2020-07-29,2020-07-20,2020-07-16,4948100,2071400,2499500,4.31,-4.88,-20.28,0.028,0.036,0.022,0.025,0.02,0.02,0.02765,0.02538,0.01517,0.02779,0.01782,0.01335,65.714,76.25,31.169,17.316,20.455,30.967,64.706,100.0,52.941,23.529,47.059,44.444,61.765,61.905,61.224,55.263,48.837,57.692,2020-08-04,2020-07-23,2020-07-15,2020-07-30,2020-07-20,2020-07-14,2020-08-05,2020-07-23,2020-07-17,2020-07-29,2020-07-20,2020-07-16,2020-08-03,2020-07-21,2020-07-17,2020-07-29,2020-07-20,2020-07-16,2020-08-06,2020-08-04,2020-07-27,2020-08-05,2020-07-30,2020-07-24,0,1,0,1,0,0,0,1,0,0,0,1,0,0,1,0,0,0,1,0,0,0,0,0,1,1,,,,,n2p,p2n,n2p,n2p,p2n,Life.BearStart,Life.Bull,Life.BullRetrace,Life.BullEnd,Life.Bull,,
2020-08-07,1.3009,,,,,1.2927,1.25804,1.22148,1.15927,1.31511,1.29101,0.0241,0.02671,-0.00261,,,-1.68,3.83,-10.84,0.51,-6.89,13.54,-0.64,0.64,4.0,9.0,25.0,7.0,15.0,16.0,7.0,8.0,-0.0,-0.02,0.01357,-0.01071,1.26667,55.88235,,,-5.88265,33.33333,43.33333,,,39.39394,52.49639,,,0.9877,0.7122,1.3343,0.3466,-0.2755,0.6221,1,1,1,,0.15,,,,,,,1.319,1.202,1.218,1.194,1.182,0.856,2020-07-28,2020-06-11,2020-05-08,2020-06-18,2020-05-28,2020-03-20,1.35,1.38,1.27,1.28,1.26,1.25,2020-08-03,2020-07-21,2020-07-17,2020-07-29,2020-07-20,2020-07-16,2071400,2499500,2811300,-4.88,-20.28,-22.45,0.028,0.036,0.022,0.025,0.02,0.02,0.02765,0.02538,0.01517,0.02779,0.01782,0.01335,65.714,76.25,31.169,17.316,20.455,30.967,64.706,100.0,52.941,23.529,47.059,44.444,61.765,61.905,61.224,55.263,48.837,57.692,2020-08-04,2020-07-23,2020-07-15,2020-07-30,2020-07-20,2020-07-14,2020-08-05,2020-07-23,2020-07-17,2020-07-29,2020-07-20,2020-07-16,2020-08-03,2020-07-21,2020-07-17,2020-07-29,2020-07-20,2020-07-16,2020-08-06,2020-08-04,2020-07-27,2020-08-05,2020-07-30,2020-07-24,0,1,0,1,0,0,0,1,0,0,0,1,0,0,1,0,0,0,1,0,0,0,0,0,1,1,,,,,n2p,p2n,n2p,n2p,p2n,Life.BearStart,Life.Bull,Life.BullRetrace,Life.BullEnd,Life.Bull,,
2020-08-10,1.29312,,,,,1.29249,1.25929,1.22283,1.16057,1.31125,1.29094,0.02031,0.02543,-0.00512,,,-1.09,3.83,-10.84,0.51,-6.89,13.54,-0.64,0.64,3.0,9.0,25.0,7.0,15.0,16.0,7.0,8.0,-0.0,-0.02,0.01357,-0.01143,1.1875,54.28571,,,-7.47929,20.0,33.33333,,,25.50505,39.09331,,,0.9872,0.6966,1.3192,0.332,-0.2906,0.6226,0,1,0,,,,0.15,,,,,1.319,1.202,1.218,1.194,1.182,0.856,2020-07-28,2020-06-11,2020-05-08,2020-06-18,2020-05-28,2020-03-20,1.35,1.38,1.27,1.28,1.26,1.25,2020-08-03,2020-07-21,2020-07-17,2020-07-29,2020-07-20,2020-07-16,2499500,2811300,2432400,-20.28,-22.45,4.89,0.028,0.036,0.022,0.025,0.02,0.02,0.02765,0.02538,0.01517,0.02779,0.01782,0.01335,65.714,76.25,31.169,17.316,20.455,30.967,64.706,100.0,52.941,23.529,47.059,44.444,61.765,61.905,61.224,55.263,48.837,57.692,2020-08-04,2020-07-23,2020-07-15,2020-07-30,2020-07-20,2020-07-14,2020-08-05,2020-07-23,2020-07-17,2020-07-29,2020-07-20,2020-07-16,2020-08-03,2020-07-21,2020-07-17,2020-07-29,2020-07-20,2020-07-16,2020-08-06,2020-08-04,2020-07-27,2020-08-05,2020-07-30,2020-07-24,0,1,0,1,0,0,0,1,0,0,0,1,0,0,1,0,0,0,1,0,0,0,0,0,1,1,,,,,n2p,p2n,n2p,n2p,p2n,Life.Bull,Life.BullRetrace,Life.BullEnd,Life.Bull,Life.BullEnd,,
2020-08-11,1.28587,,,,,1.29153,1.2601,1.22396,1.16176,1.30644,1.29013,0.01632,0.02361,-0.0073,,,-0.53,3.83,-10.84,0.51,-6.89,13.54,-0.64,0.64,2.0,9.0,25.0,7.0,15.0,16.0,7.0,8.0,-0.0,-0.01,0.005,-0.01214,0.41176,29.16667,,,-32.59833,13.33333,22.22222,13.333,,12.17172,25.69024,12.172,,0.9834,0.6757,1.2977,0.3143,-0.3077,0.622,0,0,0,,,,,0.15,,,,1.319,1.202,1.218,1.194,1.182,0.856,2020-07-28,2020-06-11,2020-05-08,2020-06-18,2020-05-28,2020-03-20,1.35,1.38,1.27,1.28,1.26,1.25,2020-08-03,2020-07-21,2020-07-17,2020-07-29,2020-07-20,2020-07-16,2811300,2432400,4566300,-22.45,4.89,26.69,0.028,0.036,0.022,0.025,0.02,0.02,0.02765,0.02538,0.01517,0.02779,0.01782,0.01335,65.714,76.25,31.169,12.172,17.316,20.455,64.706,100.0,52.941,13.333,23.529,47.059,61.765,61.905,61.224,55.263,48.837,57.692,2020-08-04,2020-07-23,2020-07-15,2020-07-30,2020-07-20,2020-07-14,2020-08-05,2020-07-23,2020-07-17,2020-08-11,2020-07-29,2020-07-20,2020-08-03,2020-07-21,2020-07-17,2020-08-11,2020-07-29,2020-07-20,2020-08-06,2020-08-04,2020-07-27,2020-08-05,2020-07-30,2020-07-24,0,1,0,1,0,0,0,1,0,0,0,1,0,0,1,0,0,0,1,0,0,0,0,0,1,1,,,,,n2p,p2n,n2p,n2p,p2n,Life.BullRetrace,Life.BullEnd,Life.Bull,Life.BullEnd,Life.BearStart,,
2020-08-12,1.28076,,,1.26,,1.28911,1.2601,1.22468,1.16274,1.2993,1.28789,0.0114,0.02117,-0.00977,,,-0.14,3.83,-10.84,0.51,-6.89,13.54,-0.64,0.64,1.0,9.0,25.0,7.0,15.0,16.0,7.0,8.0,-0.0,-0.02,0.005,-0.01214,0.41176,29.16667,29.167,,-32.59833,22.22222,18.51852,,,15.0,17.55892,,,0.9736,0.6443,1.2637,0.2901,-0.3293,0.6194,0,0,0,,,,,0.15,,,,1.319,1.202,1.218,1.194,1.182,0.856,2020-07-28,2020-06-11,2020-05-08,2020-06-18,2020-05-28,2020-03-20,1.35,1.38,1.27,1.26,1.28,1.26,2020-08-03,2020-07-21,2020-07-17,2020-08-12,2020-07-29,2020-07-20,2432400,4566300,4701500,4.89,26.69,19.27,0.028,0.036,0.022,0.025,0.02,0.02,0.02765,0.02538,0.01517,0.02779,0.01782,0.01335,65.714,76.25,31.169,12.172,17.316,20.455,64.706,100.0,52.941,13.333,23.529,47.059,61.765,61.905,61.224,29.167,55.263,48.837,2020-08-04,2020-07-23,2020-07-15,2020-07-30,2020-07-20,2020-07-14,2020-08-05,2020-07-23,2020-07-17,2020-08-11,2020-07-29,2020-07-20,2020-08-03,2020-07-21,2020-07-17,2020-08-11,2020-07-29,2020-07-20,2020-08-06,2020-08-04,2020-07-27,2020-08-12,2020-08-05,2020-07-30,0,1,0,1,0,0,1,0,0,0,0,1,0,0,1,0,0,0,1,0,0,0,1,0,1,1,,,,,n2p,p2n,n2p,n2p,p2n,Life.BullRetrace,Life.BullEnd,Life.Bull,Life.BullEnd,Life.BearStart,,
2020-08-13,1.27921,1.279,,,1.27,1.28764,1.26049,1.22558,1.1638,1.29479,1.28657,0.00822,0.01858,-0.01036,,,3.81,-10.84,0.51,-6.89,13.54,-0.64,0.64,-0.48,9.0,25.0,7.0,15.0,16.0,7.0,8.0,6.0,0.01,0.0,0.00571,-0.01143,0.5,33.33333,,33.333,4.16633,27.77778,21.11111,,27.778,23.33333,16.83502,,23.333,0.9669,0.6206,1.2384,0.2715,-0.3463,0.6178,0,0,0,,,,,0.15,,,,1.319,1.202,1.218,1.279,1.194,1.182,2020-07-28,2020-06-11,2020-05-08,2020-08-13,2020-06-18,2020-05-28,1.27,1.35,1.38,1.26,1.28,1.26,2020-08-13,2020-08-03,2020-07-21,2020-08-12,2020-07-29,2020-07-20,4566300,4701500,1440000,26.69,19.27,-8.48,0.028,0.036,0.022,0.025,0.02,0.02,0.02765,0.02538,0.01517,0.02779,0.01782,0.01335,23.333,65.714,76.25,12.172,17.316,20.455,27.778,64.706,100.0,13.333,23.529,47.059,33.333,61.765,61.905,29.167,55.263,48.837,2020-08-04,2020-07-23,2020-07-15,2020-07-30,2020-07-20,2020-07-14,2020-08-13,2020-08-05,2020-07-23,2020-08-11,2020-07-29,2020-07-20,2020-08-13,2020-08-03,2020-07-21,2020-08-11,2020-07-29,2020-07-20,2020-08-13,2020-08-06,2020-08-04,2020-08-12,2020-08-05,2020-07-30,0,1,0,1,1,0,1,0,0,0,0,1,1,0,1,0,1,0,1,0,1,0,1,0,1,1,,,,,n2p,p2n,n2p,n2p,p2n,Life.BullRetrace,Life.BullEnd,Life.Bull,Life.BullEnd,Life.BearStart,,
2020-08-14,1.28158,,,1.22,,1.28243,1.2589,1.22546,1.16436,1.28328,1.28164,0.00165,0.01519,-0.01355,,,3.62,-10.84,0.51,-6.89,13.54,-0.64,0.64,-0.48,8.0,25.0,7.0,15.0,16.0,7.0,8.0,6.0,-0.0,-0.05,0.00571,-0.01214,0.47059,32.0,32.0,,-1.333,5.26316,18.42105,5.263,,23.0303,20.45455,,,0.9454,0.5697,1.1807,0.2353,-0.3757,0.611,0,0,0,,,,,0.15,,,,1.319,1.202,1.218,1.279,1.194,1.182,2020-07-28,2020-06-11,2020-05-08,2020-08-13,2020-06-18,2020-05-28,1.27,1.35,1.38,1.22,1.26,1.28,2020-08-13,2020-08-03,2020-07-21,2020-08-14,2020-08-12,2020-07-29,4701500,1440000,2322300,19.27,-8.48,-20.96,0.028,0.036,0.022,0.025,0.02,0.02,0.02765,0.02538,0.01517,0.02779,0.01782,0.01335,23.333,65.714,76.25,12.172,17.316,20.455,27.778,64.706,100.0,5.263,13.333,23.529,33.333,61.765,61.905,32.0,29.167,55.263,2020-08-04,2020-07-23,2020-07-15,2020-07-30,2020-07-20,2020-07-14,2020-08-13,2020-08-05,2020-07-23,2020-08-11,2020-07-29,2020-07-20,2020-08-13,2020-08-03,2020-07-21,2020-08-14,2020-08-11,2020-07-29,2020-08-13,2020-08-06,2020-08-04,2020-08-14,2020-08-12,2020-08-05,0,1,0,1,1,0,1,0,0,0,0,1,1,0,1,0,1,0,1,0,1,0,0,0,1,1,,,,,n2p,p2n,n2p,n2p,p2n,Life.BullRetrace,Life.BullEnd,Life.Bull,Life.BullEnd,Life.BearStart,,
2020-08-17,1.28747,,,,,1.2784,1.25777,1.22555,1.16502,1.27509,1.27781,-0.00273,0.01161,-0.01434,-0.003,,3.15,-10.84,0.51,-6.89,13.54,-0.64,0.64,-0.48,7.0,25.0,7.0,15.0,16.0,7.0,8.0,6.0,0.01,0.0,0.00643,-0.01214,0.52941,34.61538,,,2.61538,15.0,16.01365,,,22.47475,22.94613,22.475,,0.9275,0.5285,1.1338,0.2063,-0.399,0.6053,0,0,0,,,,,0.15,,,,1.319,1.202,1.218,1.279,1.194,1.182,2020-07-28,2020-06-11,2020-05-08,2020-08-13,2020-06-18,2020-05-28,1.27,1.35,1.38,1.22,1.26,1.28,2020-08-13,2020-08-03,2020-07-21,2020-08-14,2020-08-12,2020-07-29,1440000,2322300,1636400,-8.48,-20.96,-36.21,0.028,0.036,0.022,-0.003,0.025,0.02,0.02765,0.02538,0.01517,0.01161,0.02779,0.01782,23.333,65.714,76.25,22.475,12.172,17.316,27.778,64.706,100.0,5.263,13.333,23.529,33.333,61.765,61.905,32.0,29.167,55.263,2020-08-04,2020-07-23,2020-07-15,2020-08-17,2020-07-30,2020-07-20,2020-08-13,2020-08-05,2020-07-23,2020-08-17,2020-08-11,2020-07-29,2020-08-13,2020-08-03,2020-07-21,2020-08-14,2020-08-11,2020-07-29,2020-08-13,2020-08-06,2020-08-04,2020-08-14,2020-08-12,2020-08-05,0,1,0,1,1,0,1,0,0,0,1,0,1,0,0,1,1,0,1,0,1,0,0,0,1,0,,,,,n2p,p2n,n2p,n2p,p2n,Life.BullRetrace,Life.BullEnd,Life.Bull,Life.BullEnd,Life.BearStart,,
2020-08-18,1.29612,,,,,1.28006,1.25942,1.22703,1.16636,1.27892,1.27946,-0.00054,0.00918,-0.00972,,,2.46,-10.84,0.51,-6.89,13.54,-0.64,0.64,-0.48,6.0,25.0,7.0,15.0,16.0,7.0,8.0,6.0,0.07,0.0,0.01143,-0.01214,0.94118,48.48485,,,16.48485,50.0,23.42105,,,39.14141,28.21549,,,0.9306,0.5303,1.137,0.2064,-0.4003,0.6067,0,0,0,,,,,0.15,,,,1.319,1.202,1.218,1.279,1.194,1.182,2020-07-28,2020-06-11,2020-05-08,2020-08-13,2020-06-18,2020-05-28,1.27,1.35,1.38,1.22,1.26,1.28,2020-08-13,2020-08-03,2020-07-21,2020-08-14,2020-08-12,2020-07-29,2322300,1636400,4296500,-20.96,-36.21,52.91,0.028,0.036,0.022,-0.003,0.025,0.02,0.02765,0.02538,0.01517,0.01161,0.02779,0.01782,23.333,65.714,76.25,22.475,12.172,17.316,27.778,64.706,100.0,5.263,13.333,23.529,33.333,61.765,61.905,32.0,29.167,55.263,2020-08-04,2020-07-23,2020-07-15,2020-08-17,2020-07-30,2020-07-20,2020-08-13,2020-08-05,2020-07-23,2020-08-17,2020-08-11,2020-07-29,2020-08-13,2020-08-03,2020-07-21,2020-08-14,2020-08-11,2020-07-29,2020-08-13,2020-08-06,2020-08-04,2020-08-14,2020-08-12,2020-08-05,0,1,0,1,1,0,1,0,0,0,1,0,1,0,0,1,1,0,1,0,1,0,0,0,1,0,4296500.0,,,,p2n,n2p,n2p,p2n,n2p,Life.BullRetrace,Life.BullEnd,Life.Bull,Life.BullEnd,Life.BearStart,,
2020-08-19,1.30617,,,,,1.28467,1.26258,1.22927,1.16809,1.28832,1.28394,0.00437,0.00822,-0.00384,,,1.67,-10.84,0.51,-6.89,13.54,-0.64,0.64,-0.48,5.0,25.0,7.0,15.0,16.0,7.0,8.0,6.0,0.04,0.0,0.01429,-0.01,1.42857,58.82353,,58.824,26.82353,70.0,45.0,,,63.56209,41.72608,,,0.9449,0.554,1.1658,0.2209,-0.3909,0.6118,1,1,1,,0.15,,,,,,,1.319,1.202,1.218,1.279,1.194,1.182,2020-07-28,2020-06-11,2020-05-08,2020-08-13,2020-06-18,2020-05-28,1.27,1.35,1.38,1.22,1.26,1.28,2020-08-13,2020-08-03,2020-07-21,2020-08-14,2020-08-12,2020-07-29,1636400,4296500,9430600,-36.21,52.91,86.11,0.028,0.036,0.022,-0.003,0.025,0.02,0.02765,0.02538,0.01517,0.01161,0.02779,0.01782,23.333,65.714,76.25,22.475,12.172,17.316,27.778,64.706,100.0,5.263,13.333,23.529,58.824,33.333,61.765,32.0,29.167,55.263,2020-08-04,2020-07-23,2020-07-15,2020-08-17,2020-07-30,2020-07-20,2020-08-13,2020-08-05,2020-07-23,2020-08-17,2020-08-11,2020-07-29,2020-08-13,2020-08-03,2020-07-21,2020-08-14,2020-08-11,2020-07-29,2020-08-19,2020-08-13,2020-08-06,2020-08-14,2020-08-12,2020-08-05,0,1,0,1,1,0,1,0,0,0,1,0,1,0,0,1,1,0,1,0,0,0,0,0,1,0,,,,,p2n,n2p,n2p,p2n,n2p,Life.BullEnd,Life.Bull,Life.BullEnd,Life.BearStart,Life.Bull,,
2020-08-21,1.31586,,,,,1.28893,1.26562,1.23146,1.1698,1.29627,1.28809,0.00817,0.00821,-4e-05,,,0.92,-10.84,0.51,-6.89,13.54,-0.64,0.64,-0.48,3.0,25.0,7.0,15.0,16.0,7.0,8.0,6.0,0.0,0.0,0.01357,-0.01,1.35714,57.57576,,,-1.24824,70.0,63.33333,,,79.79016,60.83122,,79.79,0.9582,0.5747,1.1913,0.2331,-0.3835,0.6166,1,1,1,,0.15,,,,,,,1.319,1.202,1.218,1.279,1.194,1.182,2020-07-28,2020-06-11,2020-05-08,2020-08-13,2020-06-18,2020-05-28,1.27,1.35,1.38,1.22,1.26,1.28,2020-08-13,2020-08-03,2020-07-21,2020-08-14,2020-08-12,2020-07-29,4296500,9430600,8439600,52.91,86.11,44.28,0.028,0.036,0.022,-0.003,0.025,0.02,0.02765,0.02538,0.01517,0.01161,0.02779,0.01782,79.79,23.333,65.714,22.475,12.172,17.316,27.778,64.706,100.0,5.263,13.333,23.529,58.824,33.333,61.765,32.0,29.167,55.263,2020-08-04,2020-07-23,2020-07-15,2020-08-17,2020-07-30,2020-07-20,2020-08-21,2020-08-13,2020-08-05,2020-08-17,2020-08-11,2020-07-29,2020-08-13,2020-08-03,2020-07-21,2020-08-14,2020-08-11,2020-07-29,2020-08-19,2020-08-13,2020-08-06,2020-08-14,2020-08-12,2020-08-05,0,1,0,1,1,0,1,0,0,0,1,0,0,1,0,1,1,0,1,0,0,0,0,0,1,0,,,,,p2n,n2p,n2p,p2n,n2p,Life.BullEnd,Life.Bull,Life.BullEnd,Life.BearStart,Life.Bull,,
2020-08-24,1.32346,,,,1.36,1.2944,1.26932,1.234,1.17169,1.30607,1.29342,0.01265,0.0091,0.00355,,,0.34,-10.84,0.51,-6.89,13.54,-0.64,0.64,-0.48,2.0,25.0,7.0,15.0,16.0,7.0,8.0,6.0,0.02,0.0,0.01071,-0.01,1.07143,51.72414,,,-7.09986,80.0,73.33333,,80.0,78.67905,74.01043,,,0.9763,0.604,1.2271,0.2508,-0.3723,0.6231,1,1,1,,0.15,,,,,,,1.319,1.202,1.218,1.279,1.194,1.182,2020-07-28,2020-06-11,2020-05-08,2020-08-13,2020-06-18,2020-05-28,1.36,1.27,1.35,1.22,1.26,1.28,2020-08-24,2020-08-13,2020-08-03,2020-08-14,2020-08-12,2020-07-29,9430600,8439600,8414000,86.11,44.28,18.58,0.028,0.036,0.022,-0.003,0.025,0.02,0.02765,0.02538,0.01517,0.01161,0.02779,0.01782,79.79,23.333,65.714,22.475,12.172,17.316,80.0,27.778,64.706,5.263,13.333,23.529,58.824,33.333,61.765,32.0,29.167,55.263,2020-08-04,2020-07-23,2020-07-15,2020-08-17,2020-07-30,2020-07-20,2020-08-21,2020-08-13,2020-08-05,2020-08-17,2020-08-11,2020-07-29,2020-08-24,2020-08-13,2020-08-03,2020-08-14,2020-08-11,2020-07-29,2020-08-19,2020-08-13,2020-08-06,2020-08-14,2020-08-12,2020-08-05,0,1,0,1,0,1,1,0,0,0,1,0,0,1,0,1,0,1,1,0,0,0,0,0,1,0,,,,,p2n,n2p,n2p,p2n,n2p,Life.BullEnd,Life.Bull,Life.BullEnd,Life.BearStart,Life.Bull,,
2020-08-25,1.32768,,,,,1.2979,1.27209,1.2361,1.17336,1.31129,1.29687,0.01442,0.01016,0.00426,,,0.02,-10.84,0.51,-6.89,13.54,-0.64,0.64,-0.48,1.0,25.0,7.0,15.0,16.0,7.0,8.0,6.0,-0.0,-0.02,0.01071,-0.01071,1.0,50.0,,,-8.824,70.0,73.33333,,,73.45029,77.3065,,,0.9873,0.618,1.2454,0.2581,-0.3693,0.6274,1,1,1,,0.15,,,,,,,1.319,1.202,1.218,1.279,1.194,1.182,2020-07-28,2020-06-11,2020-05-08,2020-08-13,2020-06-18,2020-05-28,1.36,1.27,1.35,1.22,1.26,1.28,2020-08-24,2020-08-13,2020-08-03,2020-08-14,2020-08-12,2020-07-29,8439600,8414000,2337000,44.28,18.58,-26.99,0.028,0.036,0.022,-0.003,0.025,0.02,0.02765,0.02538,0.01517,0.01161,0.02779,0.01782,79.79,23.333,65.714,22.475,12.172,17.316,80.0,27.778,64.706,5.263,13.333,23.529,58.824,33.333,61.765,32.0,29.167,55.263,2020-08-04,2020-07-23,2020-07-15,2020-08-17,2020-07-30,2020-07-20,2020-08-21,2020-08-13,2020-08-05,2020-08-17,2020-08-11,2020-07-29,2020-08-24,2020-08-13,2020-08-03,2020-08-14,2020-08-11,2020-07-29,2020-08-19,2020-08-13,2020-08-06,2020-08-14,2020-08-12,2020-08-05,0,1,0,1,0,1,1,0,0,0,1,0,0,1,0,1,0,1,1,0,0,0,0,0,1,0,,,-2337000.0,,n2p,n2p,p2n,n2p,p2n,Life.BullEnd,Life.Bull,Life.BullEnd,Life.BearStart,Life.Bull,,
2020-08-26,1.32788,,1.328,1.33,,1.30037,1.27436,1.23796,1.17492,1.31417,1.29932,0.01485,0.0111,0.00375,,,-10.84,0.51,-6.89,13.54,-0.64,0.64,-0.48,6.07,25.0,7.0,15.0,16.0,7.0,8.0,6.0,21.0,-0.0,-0.01,0.01071,-0.01071,1.0,50.0,50.0,,-8.824,65.0,71.66667,65.0,,56.2963,69.47521,,,0.9944,0.6241,1.2545,0.2601,-0.3703,0.6304,1,1,1,,0.15,,,,,,,1.328,1.319,1.202,1.279,1.194,1.182,2020-08-26,2020-07-28,2020-06-11,2020-08-13,2020-06-18,2020-05-28,1.36,1.27,1.35,1.33,1.22,1.26,2020-08-24,2020-08-13,2020-08-03,2020-08-26,2020-08-14,2020-08-12,8414000,2337000,1622600,18.58,-26.99,-35.52,0.028,0.036,0.022,-0.003,0.025,0.02,0.02765,0.02538,0.01517,0.01161,0.02779,0.01782,79.79,23.333,65.714,22.475,12.172,17.316,80.0,27.778,64.706,65.0,5.263,13.333,58.824,33.333,61.765,50.0,32.0,29.167,2020-08-04,2020-07-23,2020-07-15,2020-08-17,2020-07-30,2020-07-20,2020-08-21,2020-08-13,2020-08-05,2020-08-17,2020-08-11,2020-07-29,2020-08-24,2020-08-13,2020-08-03,2020-08-26,2020-08-14,2020-08-11,2020-08-19,2020-08-13,2020-08-06,2020-08-26,2020-08-14,2020-08-12,0,1,0,1,0,1,0,1,0,0,1,0,0,1,0,1,0,1,0,1,0,0,0,1,1,0,,,,,n2p,n2p,p2n,n2p,p2n,Life.BullEnd,Life.Bull,Life.BullEnd,Life.BearStart,Life.Bull,,
2020-08-27,1.32393,,,,,1.30419,1.27733,1.24018,1.17667,1.31968,1.30308,0.0166,0.0122,0.0044,,,-10.57,0.51,-6.89,13.54,-0.64,0.64,-0.48,6.07,24.0,7.0,15.0,16.0,7.0,8.0,6.0,21.0,0.02,0.0,0.01214,-0.01071,1.13333,53.125,,,3.125,75.0,70.0,,,39.15344,56.30001,,,1.0066,0.6401,1.2752,0.2686,-0.3665,0.6351,1,1,1,,0.15,,,,,,,1.328,1.319,1.202,1.279,1.194,1.182,2020-08-26,2020-07-28,2020-06-11,2020-08-13,2020-06-18,2020-05-28,1.36,1.27,1.35,1.33,1.22,1.26,2020-08-24,2020-08-13,2020-08-03,2020-08-26,2020-08-14,2020-08-12,2337000,1622600,1285000,-26.99,-35.52,-57.61,0.028,0.036,0.022,-0.003,0.025,0.02,0.02765,0.02538,0.01517,0.01161,0.02779,0.01782,79.79,23.333,65.714,22.475,12.172,17.316,80.0,27.778,64.706,65.0,5.263,13.333,58.824,33.333,61.765,50.0,32.0,29.167,2020-08-04,2020-07-23,2020-07-15,2020-08-17,2020-07-30,2020-07-20,2020-08-21,2020-08-13,2020-08-05,2020-08-17,2020-08-11,2020-07-29,2020-08-24,2020-08-13,2020-08-03,2020-08-26,2020-08-14,2020-08-11,2020-08-19,2020-08-13,2020-08-06,2020-08-26,2020-08-14,2020-08-12,0,1,0,1,0,1,0,1,0,0,1,0,0,1,0,1,0,1,0,1,0,0,0,1,1,0,,,,,n2p,n2p,p2n,n2p,p2n,Life.BullEnd,Life.Bull,Life.BullEnd,Life.BearStart,Life.Bull,,
2020-08-28,1.31652,,,,1.35,1.30771,1.28018,1.24236,1.17839,1.32435,1.30655,0.01779,0.01332,0.00447,,0.018,-10.07,0.51,-6.89,13.54,-0.64,0.64,-0.48,6.07,23.0,7.0,15.0,16.0,7.0,8.0,6.0,21.0,0.0,0.0,0.01214,-0.00929,1.30769,56.66667,,56.667,6.66667,75.0,71.66667,,75.0,26.45503,40.63492,,,1.0179,0.6535,1.2932,0.2753,-0.3644,0.6397,1,1,1,,0.15,,,,,,,1.328,1.319,1.202,1.279,1.194,1.182,2020-08-26,2020-07-28,2020-06-11,2020-08-13,2020-06-18,2020-05-28,1.35,1.36,1.27,1.33,1.22,1.26,2020-08-28,2020-08-24,2020-08-13,2020-08-26,2020-08-14,2020-08-12,1622600,1285000,1547700,-35.52,-57.61,-15.05,0.018,0.028,0.036,-0.003,0.025,0.02,0.01332,0.02765,0.02538,0.01161,0.02779,0.01782,79.79,23.333,65.714,22.475,12.172,17.316,75.0,80.0,27.778,65.0,5.263,13.333,56.667,58.824,33.333,50.0,32.0,29.167,2020-08-28,2020-08-04,2020-07-23,2020-08-17,2020-07-30,2020-07-20,2020-08-21,2020-08-13,2020-08-05,2020-08-17,2020-08-11,2020-07-29,2020-08-28,2020-08-24,2020-08-13,2020-08-26,2020-08-14,2020-08-11,2020-08-28,2020-08-19,2020-08-13,2020-08-26,2020-08-14,2020-08-12,0,1,0,1,0,0,0,1,1,0,1,0,0,1,0,1,0,0,0,1,0,0,0,1,1,0,,,,,n2p,n2p,p2n,n2p,p2n,Life.BullEnd,Life.Bull,Life.BullEnd,Life.BearStart,Life.Bull,,
2020-09-01,1.30684,,,,,1.30712,1.28096,1.2435,1.1796,1.3206,1.30607,0.01453,0.01356,0.00097,,,-9.4,0.51,-6.89,13.54,-0.64,0.64,-0.48,6.07,21.0,7.0,15.0,16.0,7.0,8.0,6.0,21.0,-0.0,-0.05,0.01214,-0.01143,1.0625,51.51515,,,-5.15185,50.0,66.66667,,,22.38095,29.32981,,,1.0136,0.6362,1.2752,0.2616,-0.3774,0.639,0,1,0,,,,0.15,,,,,1.328,1.319,1.202,1.279,1.194,1.182,2020-08-26,2020-07-28,2020-06-11,2020-08-13,2020-06-18,2020-05-28,1.35,1.36,1.27,1.33,1.22,1.26,2020-08-28,2020-08-24,2020-08-13,2020-08-26,2020-08-14,2020-08-12,1285000,1547700,3344900,-57.61,-15.05,38.66,0.018,0.028,0.036,-0.003,0.025,0.02,0.01332,0.02765,0.02538,0.01161,0.02779,0.01782,79.79,23.333,65.714,22.475,12.172,17.316,75.0,80.0,27.778,65.0,5.263,13.333,56.667,58.824,33.333,50.0,32.0,29.167,2020-08-28,2020-08-04,2020-07-23,2020-08-17,2020-07-30,2020-07-20,2020-08-21,2020-08-13,2020-08-05,2020-08-17,2020-08-11,2020-07-29,2020-08-28,2020-08-24,2020-08-13,2020-08-26,2020-08-14,2020-08-11,2020-08-28,2020-08-19,2020-08-13,2020-08-26,2020-08-14,2020-08-12,0,1,0,1,0,0,0,1,1,0,1,0,0,1,0,1,0,0,0,1,0,0,0,1,1,0,-3344900.0,,,,n2p,p2n,n2p,p2n,n2p,Life.Bull,Life.BullEnd,Life.BearStart,Life.Bull,Life.BullEnd,,
2020-09-02,1.29583,,,,,1.3058,1.28131,1.24442,1.1807,1.31589,1.30488,0.01101,0.01305,-0.00204,,,-8.63,0.51,-6.89,13.54,-0.64,0.64,-0.48,6.07,20.0,7.0,15.0,16.0,7.0,8.0,6.0,21.0,-0.0,-0.01,0.01214,-0.01143,1.0625,51.51515,,,-5.15185,45.0,56.66667,,,17.02381,21.95326,,,1.0061,0.6138,1.251,0.2449,-0.3923,0.6372,0,0,0,,,,,0.15,,,,1.328,1.319,1.202,1.279,1.194,1.182,2020-08-26,2020-07-28,2020-06-11,2020-08-13,2020-06-18,2020-05-28,1.35,1.36,1.27,1.33,1.22,1.26,2020-08-28,2020-08-24,2020-08-13,2020-08-26,2020-08-14,2020-08-12,1547700,3344900,1604400,-15.05,38.66,5.17,0.018,0.028,0.036,-0.003,0.025,0.02,0.01332,0.02765,0.02538,0.01161,0.02779,0.01782,79.79,23.333,65.714,22.475,12.172,17.316,75.0,80.0,27.778,65.0,5.263,13.333,56.667,58.824,33.333,50.0,32.0,29.167,2020-08-28,2020-08-04,2020-07-23,2020-08-17,2020-07-30,2020-07-20,2020-08-21,2020-08-13,2020-08-05,2020-08-17,2020-08-11,2020-07-29,2020-08-28,2020-08-24,2020-08-13,2020-08-26,2020-08-14,2020-08-11,2020-08-28,2020-08-19,2020-08-13,2020-08-26,2020-08-14,2020-08-12,0,1,0,1,0,0,0,1,1,0,1,0,0,1,0,1,0,0,0,1,0,0,0,1,1,0,,,,,n2p,p2n,n2p,p2n,n2p,Life.BullEnd,Life.BearStart,Life.Bull,Life.BullEnd,Life.BearStart,,
2020-09-03,1.28432,,,1.26,,1.30228,1.28047,1.24473,1.18149,1.30729,1.30155,0.00574,0.01159,-0.00585,,,-7.81,0.51,-6.89,13.54,-0.64,0.64,-0.48,6.07,19.0,7.0,15.0,16.0,7.0,8.0,6.0,21.0,-0.0,-0.03,0.01214,-0.01214,1.0,50.0,50.0,,-6.667,30.0,41.66667,30.0,,7.5,15.63492,7.5,,0.9898,0.5755,1.2079,0.2181,-0.4143,0.6324,0,0,0,,,,,0.15,,,,1.328,1.319,1.202,1.279,1.194,1.182,2020-08-26,2020-07-28,2020-06-11,2020-08-13,2020-06-18,2020-05-28,1.35,1.36,1.27,1.26,1.33,1.22,2020-08-28,2020-08-24,2020-08-13,2020-09-03,2020-08-26,2020-08-14,3344900,1604400,1834900,38.66,5.17,4.42,0.018,0.028,0.036,-0.003,0.025,0.02,0.01332,0.02765,0.02538,0.01161,0.02779,0.01782,79.79,23.333,65.714,7.5,22.475,12.172,75.0,80.0,27.778,30.0,65.0,5.263,56.667,58.824,33.333,50.0,50.0,32.0,2020-08-28,2020-08-04,2020-07-23,2020-08-17,2020-07-30,2020-07-20,2020-08-21,2020-08-13,2020-08-05,2020-09-03,2020-08-17,2020-08-11,2020-08-28,2020-08-24,2020-08-13,2020-09-03,2020-08-26,2020-08-14,2020-08-28,2020-08-19,2020-08-13,2020-09-03,2020-08-26,2020-08-14,0,1,0,1,0,0,0,0,1,0,1,0,0,1,1,0,0,0,0,0,0,0,0,1,1,0,,,,,n2p,p2n,n2p,p2n,n2p,Life.BullEnd,Life.BearStart,Life.Bull,Life.BullEnd,Life.BearStart,,
2020-09-04,1.27319,,,,1.28,1.30057,1.28046,1.24542,1.18247,1.3031,1.29996,0.00314,0.0099,-0.00676,,,-7.01,0.51,-6.89,13.54,-0.64,0.64,-0.48,6.07,18.0,7.0,15.0,16.0,7.0,8.0,6.0,21.0,0.02,0.0,0.01286,-0.01214,1.05882,51.42857,,,1.42857,40.0,38.33333,,40.0,18.05556,14.19312,,,0.9799,0.5515,1.181,0.2011,-0.4284,0.6295,0,0,0,,,,,0.15,,,,1.328,1.319,1.202,1.279,1.194,1.182,2020-08-26,2020-07-28,2020-06-11,2020-08-13,2020-06-18,2020-05-28,1.28,1.35,1.36,1.26,1.33,1.22,2020-09-04,2020-08-28,2020-08-24,2020-09-03,2020-08-26,2020-08-14,1604400,1834900,2225100,5.17,4.42,-16.51,0.018,0.028,0.036,-0.003,0.025,0.02,0.01332,0.02765,0.02538,0.01161,0.02779,0.01782,79.79,23.333,65.714,7.5,22.475,12.172,40.0,75.0,80.0,30.0,65.0,5.263,56.667,58.824,33.333,50.0,50.0,32.0,2020-08-28,2020-08-04,2020-07-23,2020-08-17,2020-07-30,2020-07-20,2020-08-21,2020-08-13,2020-08-05,2020-09-03,2020-08-17,2020-08-11,2020-09-04,2020-08-28,2020-08-24,2020-09-03,2020-08-26,2020-08-14,2020-08-28,2020-08-19,2020-08-13,2020-09-03,2020-08-26,2020-08-14,0,1,0,1,1,0,0,0,1,0,1,0,0,1,1,0,1,0,0,0,0,0,0,1,1,0,,,,,n2p,p2n,n2p,p2n,n2p,Life.BullEnd,Life.BearStart,Life.Bull,Life.BullEnd,Life.BearStart,,
2020-09-07,1.26315,,,,,1.29745,1.27965,1.24571,1.18324,1.29647,1.297,-0.00053,0.00781,-0.00835,,,-6.27,0.51,-6.89,13.54,-0.64,0.64,-0.48,6.07,17.0,7.0,15.0,16.0,7.0,8.0,6.0,21.0,-0.0,-0.02,0.01286,-0.01,1.28571,56.25,,56.25,6.25,30.0,33.33333,,,22.9798,16.17845,,,0.9641,0.5174,1.1421,0.178,-0.4467,0.6247,0,0,0,,,,,0.15,,,,1.328,1.319,1.202,1.279,1.194,1.182,2020-08-26,2020-07-28,2020-06-11,2020-08-13,2020-06-18,2020-05-28,1.28,1.35,1.36,1.26,1.33,1.22,2020-09-04,2020-08-28,2020-08-24,2020-09-03,2020-08-26,2020-08-14,1834900,2225100,990600,4.42,-16.51,-10.84,0.018,0.028,0.036,-0.003,0.025,0.02,0.01332,0.02765,0.02538,0.01161,0.02779,0.01782,79.79,23.333,65.714,7.5,22.475,12.172,40.0,75.0,80.0,30.0,65.0,5.263,56.25,56.667,58.824,50.0,50.0,32.0,2020-08-28,2020-08-04,2020-07-23,2020-08-17,2020-07-30,2020-07-20,2020-08-21,2020-08-13,2020-08-05,2020-09-03,2020-08-17,2020-08-11,2020-09-04,2020-08-28,2020-08-24,2020-09-03,2020-08-26,2020-08-14,2020-09-07,2020-08-28,2020-08-19,2020-09-03,2020-08-26,2020-08-14,0,1,0,1,1,0,0,0,1,0,1,0,0,1,1,0,1,0,0,0,1,0,0,1,1,0,,,,,n2p,p2n,n2p,p2n,n2p,Life.BullEnd,Life.BearStart,Life.Bull,Life.BullEnd,Life.BearStart,,
2020-09-08,1.25453,,,1.25,,1.2938,1.27849,1.2458,1.1839,1.28932,1.29352,-0.0042,0.00541,-0.00961,,,-5.62,0.51,-6.89,13.54,-0.64,0.64,-0.48,6.07,16.0,7.0,15.0,16.0,7.0,8.0,6.0,21.0,-0.0,-0.01,0.01214,-0.01071,1.13333,53.125,,,-3.125,16.66667,28.88889,16.667,,35.4798,25.50505,,,0.9459,0.48,1.099,0.1531,-0.4659,0.619,0,0,0,,,,,0.15,,,,1.328,1.319,1.202,1.279,1.194,1.182,2020-08-26,2020-07-28,2020-06-11,2020-08-13,2020-06-18,2020-05-28,1.28,1.35,1.36,1.25,1.26,1.33,2020-09-04,2020-08-28,2020-08-24,2020-09-08,2020-09-03,2020-08-26,2225100,990600,2704400,-16.51,-10.84,17.22,0.018,0.028,0.036,-0.003,0.025,0.02,0.01332,0.02765,0.02538,0.01161,0.02779,0.01782,79.79,23.333,65.714,7.5,22.475,12.172,40.0,75.0,80.0,16.667,30.0,65.0,56.25,56.667,58.824,50.0,50.0,32.0,2020-08-28,2020-08-04,2020-07-23,2020-08-17,2020-07-30,2020-07-20,2020-08-21,2020-08-13,2020-08-05,2020-09-03,2020-08-17,2020-08-11,2020-09-04,2020-08-28,2020-08-24,2020-09-08,2020-09-03,2020-08-26,2020-09-07,2020-08-28,2020-08-19,2020-09-03,2020-08-26,2020-08-14,0,1,0,1,1,0,1,0,1,0,1,0,0,1,1,0,1,0,1,0,1,0,0,1,1,0,,,,,n2p,p2n,n2p,p2n,n2p,Life.BullEnd,Life.BearStart,Life.Bull,Life.BullEnd,Life.BearStart,,
2020-09-09,1.24751,,,,1.26,1.2912,1.27777,1.24608,1.18466,1.28481,1.29103,-0.00623,0.00308,-0.00931,,,-5.09,0.51,-6.89,13.54,-0.64,0.64,-0.48,6.07,15.0,7.0,15.0,16.0,7.0,8.0,6.0,21.0,0.01,0.0,0.00786,-0.01071,0.73333,42.30769,,,-13.94231,22.22222,22.96296,,22.222,40.63853,33.03271,,40.639,0.9311,0.4512,1.0654,0.1343,-0.4799,0.6142,0,0,0,,,,,0.15,,,,1.328,1.319,1.202,1.279,1.194,1.182,2020-08-26,2020-07-28,2020-06-11,2020-08-13,2020-06-18,2020-05-28,1.26,1.28,1.35,1.25,1.26,1.33,2020-09-09,2020-09-04,2020-08-28,2020-09-08,2020-09-03,2020-08-26,990600,2704400,1389200,-10.84,17.22,-14.12,0.018,0.028,0.036,-0.003,0.025,0.02,0.01332,0.02765,0.02538,0.01161,0.02779,0.01782,40.639,79.79,23.333,7.5,22.475,12.172,22.222,40.0,75.0,16.667,30.0,65.0,56.25,56.667,58.824,50.0,50.0,32.0,2020-08-28,2020-08-04,2020-07-23,2020-08-17,2020-07-30,2020-07-20,2020-09-09,2020-08-21,2020-08-13,2020-09-03,2020-08-17,2020-08-11,2020-09-09,2020-09-04,2020-08-28,2020-09-08,2020-09-03,2020-08-26,2020-09-07,2020-08-28,2020-08-19,2020-09-03,2020-08-26,2020-08-14,0,1,0,1,1,0,1,0,1,0,1,0,0,0,1,0,1,0,1,0,1,0,0,1,1,0,,,,,n2p,p2n,n2p,p2n,n2p,Life.BullEnd,Life.BearStart,Life.Bull,Life.BullEnd,Life.BearStart,,
2020-09-10,1.24186,,,1.2,,1.28418,1.27472,1.24517,1.18481,1.27176,1.28429,-0.01253,-4e-05,-0.01249,,,-4.66,0.51,-6.89,13.54,-0.64,0.64,-0.48,6.07,14.0,7.0,15.0,16.0,7.0,8.0,6.0,21.0,-0.0,-0.06,0.005,-0.015,0.33333,25.0,25.0,,-31.25,0.0,12.96296,0.0,,31.54762,35.88865,,,0.8991,0.3901,0.9937,0.0946,-0.509,0.6036,0,0,0,,,,,0.15,,,,1.328,1.319,1.202,1.279,1.194,1.182,2020-08-26,2020-07-28,2020-06-11,2020-08-13,2020-06-18,2020-05-28,1.26,1.28,1.35,1.2,1.25,1.26,2020-09-09,2020-09-04,2020-08-28,2020-09-10,2020-09-08,2020-09-03,2704400,1389200,3604800,17.22,-14.12,51.42,0.018,0.028,0.036,-0.003,0.025,0.02,0.01332,0.02765,0.02538,0.01161,0.02779,0.01782,40.639,79.79,23.333,7.5,22.475,12.172,22.222,40.0,75.0,0.0,16.667,30.0,56.25,56.667,58.824,25.0,50.0,50.0,2020-08-28,2020-08-04,2020-07-23,2020-08-17,2020-07-30,2020-07-20,2020-09-09,2020-08-21,2020-08-13,2020-09-03,2020-08-17,2020-08-11,2020-09-09,2020-09-04,2020-08-28,2020-09-10,2020-09-08,2020-09-03,2020-09-07,2020-08-28,2020-08-19,2020-09-10,2020-09-03,2020-08-26,0,1,0,1,1,0,1,0,1,0,1,0,0,0,1,0,1,0,1,0,1,0,1,0,1,0,-3604800.0,,,,p2n,n2p,p2n,n2p,n2p,Life.BullEnd,Life.BearStart,Life.Bull,Life.BullEnd,Life.BearStart,,
2020-09-11,1.23698,,,,,1.27924,1.27257,1.24467,1.18516,1.2638,1.27953,-0.01573,-0.00318,-0.01255,,,-4.28,0.51,-6.89,13.54,-0.64,0.64,-0.48,6.07,13.0,7.0,15.0,16.0,7.0,8.0,6.0,21.0,0.02,0.0,0.00643,-0.015,0.42857,30.0,,,5.0,14.28571,12.16931,,,29.04762,33.74459,,,0.8741,0.3457,0.9408,0.0667,-0.5284,0.5951,0,0,0,,,,,0.15,,,,1.328,1.319,1.202,1.279,1.194,1.182,2020-08-26,2020-07-28,2020-06-11,2020-08-13,2020-06-18,2020-05-28,1.26,1.28,1.35,1.2,1.25,1.26,2020-09-09,2020-09-04,2020-08-28,2020-09-10,2020-09-08,2020-09-03,1389200,3604800,2424200,-14.12,51.42,-3.64,0.018,0.028,0.036,-0.003,0.025,0.02,0.01332,0.02765,0.02538,0.01161,0.02779,0.01782,40.639,79.79,23.333,7.5,22.475,12.172,22.222,40.0,75.0,0.0,16.667,30.0,56.25,56.667,58.824,25.0,50.0,50.0,2020-08-28,2020-08-04,2020-07-23,2020-08-17,2020-07-30,2020-07-20,2020-09-09,2020-08-21,2020-08-13,2020-09-03,2020-08-17,2020-08-11,2020-09-09,2020-09-04,2020-08-28,2020-09-10,2020-09-08,2020-09-03,2020-09-07,2020-08-28,2020-08-19,2020-09-10,2020-09-03,2020-08-26,0,1,0,1,1,0,1,0,1,0,1,0,0,0,1,0,1,0,1,0,1,0,1,0,1,0,,,2424200.0,,n2p,p2n,n2p,n2p,p2n,Life.BullEnd,Life.BearStart,Life.Bull,Life.BullEnd,Life.BearStart,,
2020-09-14,1.23232,,,,,1.27623,1.27129,1.24458,1.18571,1.26014,1.2766,-0.01646,-0.00584,-0.01063,-0.016,,-3.92,0.51,-6.89,13.54,-0.64,0.64,-0.48,6.07,12.0,7.0,15.0,16.0,7.0,8.0,6.0,21.0,0.02,0.0,0.00643,-0.015,0.42857,30.0,,,5.0,25.0,13.09524,,,28.51852,29.70459,28.519,,0.8558,0.3165,0.9052,0.0494,-0.5393,0.5887,0,0,0,,,,,0.15,,,,1.328,1.319,1.202,1.279,1.194,1.182,2020-08-26,2020-07-28,2020-06-11,2020-08-13,2020-06-18,2020-05-28,1.26,1.28,1.35,1.2,1.25,1.26,2020-09-09,2020-09-04,2020-08-28,2020-09-10,2020-09-08,2020-09-03,3604800,2424200,1663900,51.42,-3.64,3.7,0.018,0.028,0.036,-0.016,-0.003,0.025,0.01332,0.02765,0.02538,-0.00584,0.01161,0.02779,40.639,79.79,23.333,28.519,7.5,22.475,22.222,40.0,75.0,0.0,16.667,30.0,56.25,56.667,58.824,25.0,50.0,50.0,2020-08-28,2020-08-04,2020-07-23,2020-09-14,2020-08-17,2020-07-30,2020-09-09,2020-08-21,2020-08-13,2020-09-14,2020-09-03,2020-08-17,2020-09-09,2020-09-04,2020-08-28,2020-09-10,2020-09-08,2020-09-03,2020-09-07,2020-08-28,2020-08-19,2020-09-10,2020-09-03,2020-08-26,0,1,0,1,1,0,1,0,1,0,1,0,0,0,0,1,1,0,1,0,1,0,1,0,1,0,,,,,n2p,p2n,n2p,n2p,p2n,Life.BullEnd,Life.BearStart,Life.Bull,Life.BullEnd,Life.BearStart,,
2020-09-15,1.22759,,,,1.26,1.27498,1.27085,1.24488,1.18645,1.26011,1.27537,-0.01526,-0.00772,-0.00754,,-0.015,-3.55,0.51,-6.89,13.54,-0.64,0.64,-0.48,6.07,11.0,7.0,15.0,16.0,7.0,8.0,6.0,21.0,0.02,0.0,0.00786,-0.01357,0.57895,36.66667,,36.667,11.66667,41.17647,26.82073,,41.176,57.68519,38.41711,,,0.844,0.301,0.8853,0.0413,-0.543,0.5843,0,0,0,,,,,0.15,,,,1.328,1.319,1.202,1.279,1.194,1.182,2020-08-26,2020-07-28,2020-06-11,2020-08-13,2020-06-18,2020-05-28,1.26,1.26,1.28,1.2,1.25,1.26,2020-09-15,2020-09-09,2020-09-04,2020-09-10,2020-09-08,2020-09-03,2424200,1663900,736500,-3.64,3.7,-37.29,-0.015,0.018,0.028,-0.016,-0.003,0.025,-0.00772,0.01332,0.02765,-0.00584,0.01161,0.02779,40.639,79.79,23.333,28.519,7.5,22.475,41.176,22.222,40.0,0.0,16.667,30.0,36.667,56.25,56.667,25.0,50.0,50.0,2020-09-15,2020-08-28,2020-08-04,2020-09-14,2020-08-17,2020-07-30,2020-09-09,2020-08-21,2020-08-13,2020-09-14,2020-09-03,2020-08-17,2020-09-15,2020-09-09,2020-09-04,2020-09-10,2020-09-08,2020-09-03,2020-09-15,2020-09-07,2020-08-28,2020-09-10,2020-09-03,2020-08-26,0,1,0,1,1,0,1,0,1,0,1,0,0,0,0,1,0,1,1,0,1,0,1,0,0,0,,,736500.0,,p2n,n2p,n2p,p2n,p2n,Life.BullEnd,Life.BearStart,Life.Bull,Life.BullEnd,Life.BearStart,,
2020-09-17,1.22266,,,,,1.27152,1.26925,1.24459,1.18688,1.25548,1.27201,-0.01653,-0.00948,-0.00705,,,-3.16,0.51,-6.89,13.54,-0.64,0.64,-0.48,6.07,9.0,7.0,15.0,16.0,7.0,8.0,6.0,21.0,-0.0,-0.03,0.00786,-0.015,0.52381,34.375,,,-2.292,25.0,30.39216,,,64.35185,50.18519,,64.352,0.8237,0.2693,0.8464,0.0227,-0.5544,0.5771,0,0,0,,,,,0.15,,,,1.328,1.319,1.202,1.279,1.194,1.182,2020-08-26,2020-07-28,2020-06-11,2020-08-13,2020-06-18,2020-05-28,1.26,1.26,1.28,1.2,1.25,1.26,2020-09-15,2020-09-09,2020-09-04,2020-09-10,2020-09-08,2020-09-03,1663900,736500,1253800,3.7,-37.29,-24.26,-0.015,0.018,0.028,-0.016,-0.003,0.025,-0.00772,0.01332,0.02765,-0.00584,0.01161,0.02779,64.352,40.639,79.79,28.519,7.5,22.475,41.176,22.222,40.0,0.0,16.667,30.0,36.667,56.25,56.667,25.0,50.0,50.0,2020-09-15,2020-08-28,2020-08-04,2020-09-14,2020-08-17,2020-07-30,2020-09-17,2020-09-09,2020-08-21,2020-09-14,2020-09-03,2020-08-17,2020-09-15,2020-09-09,2020-09-04,2020-09-10,2020-09-08,2020-09-03,2020-09-15,2020-09-07,2020-08-28,2020-09-10,2020-09-03,2020-08-26,0,1,0,1,1,0,1,0,1,0,1,0,0,0,0,1,0,1,1,0,1,0,1,0,0,0,,,,,p2n,n2p,n2p,p2n,p2n,Life.BullEnd,Life.BearStart,Life.Bull,Life.BullEnd,Life.BearStart,,
2020-09-18,1.21742,,,,,1.26755,1.26732,1.2441,1.18721,1.25002,1.26816,-0.01813,-0.01121,-0.00692,,,-2.74,0.51,-6.89,13.54,-0.64,0.64,-0.48,6.07,8.0,7.0,15.0,16.0,7.0,8.0,6.0,21.0,-0.0,-0.01,0.00643,-0.01571,0.40909,29.03226,,,-7.63474,18.75,28.30882,,,58.33333,60.12346,,,0.8011,0.2345,0.8034,0.0023,-0.5666,0.5689,0,0,0,,,,,0.15,,,,1.328,1.319,1.202,1.279,1.194,1.182,2020-08-26,2020-07-28,2020-06-11,2020-08-13,2020-06-18,2020-05-28,1.26,1.26,1.28,1.2,1.25,1.26,2020-09-15,2020-09-09,2020-09-04,2020-09-10,2020-09-08,2020-09-03,736500,1253800,381900,-37.29,-24.26,-35.08,-0.015,0.018,0.028,-0.016,-0.003,0.025,-0.00772,0.01332,0.02765,-0.00584,0.01161,0.02779,64.352,40.639,79.79,28.519,7.5,22.475,41.176,22.222,40.0,0.0,16.667,30.0,36.667,56.25,56.667,25.0,50.0,50.0,2020-09-15,2020-08-28,2020-08-04,2020-09-14,2020-08-17,2020-07-30,2020-09-17,2020-09-09,2020-08-21,2020-09-14,2020-09-03,2020-08-17,2020-09-15,2020-09-09,2020-09-04,2020-09-10,2020-09-08,2020-09-03,2020-09-15,2020-09-07,2020-08-28,2020-09-10,2020-09-03,2020-08-26,0,1,0,1,1,0,1,0,1,0,1,0,0,0,0,1,0,1,1,0,1,0,1,0,0,0,,,,,p2n,n2p,n2p,p2n,p2n,Life.BullEnd,Life.BearStart,Life.Bull,Life.BullEnd,Life.BearStart,,
2020-09-21,1.21181,,,,,1.26313,1.26507,1.24342,1.18744,1.24387,1.26385,-0.01998,-0.01297,-0.00702,,,-2.29,0.51,-6.89,13.54,-0.64,0.64,-0.48,6.07,7.0,7.0,15.0,16.0,7.0,8.0,6.0,21.0,-0.0,-0.01,0.00643,-0.01643,0.3913,28.125,28.125,,-8.542,13.33333,19.02778,,,29.16667,50.61728,,,0.7763,0.2165,0.7763,0.0,-0.5598,0.5598,0,0,0,,,,,0.15,,,,1.328,1.319,1.202,1.279,1.194,1.182,2020-08-26,2020-07-28,2020-06-11,2020-08-13,2020-06-18,2020-05-28,1.26,1.26,1.28,1.2,1.25,1.26,2020-09-15,2020-09-09,2020-09-04,2020-09-10,2020-09-08,2020-09-03,1253800,381900,521900,-24.26,-35.08,-9.05,-0.015,0.018,0.028,-0.016,-0.003,0.025,-0.00772,0.01332,0.02765,-0.00584,0.01161,0.02779,64.352,40.639,79.79,28.519,7.5,22.475,41.176,22.222,40.0,0.0,16.667,30.0,36.667,56.25,56.667,28.125,25.0,50.0,2020-09-15,2020-08-28,2020-08-04,2020-09-14,2020-08-17,2020-07-30,2020-09-17,2020-09-09,2020-08-21,2020-09-14,2020-09-03,2020-08-17,2020-09-15,2020-09-09,2020-09-04,2020-09-10,2020-09-08,2020-09-03,2020-09-15,2020-09-07,2020-08-28,2020-09-21,2020-09-10,2020-09-03,0,1,0,1,1,0,1,0,1,0,1,0,0,0,0,1,0,1,1,0,1,0,0,0,0,0,,,,,p2n,n2p,n2p,p2n,p2n,Life.BullEnd,Life.BearStart,Life.Bull,Life.BullEnd,Life.BearStart,,
2020-09-22,1.20602,,,,,1.25827,1.26252,1.24257,1.18756,1.23712,1.25912,-0.022,-0.01477,-0.00723,,,-1.83,0.51,-6.89,13.54,-0.64,0.64,-0.48,6.07,6.0,7.0,15.0,16.0,7.0,8.0,6.0,21.0,-0.0,-0.01,0.00643,-0.01357,0.47368,32.14286,,,4.01786,9.09091,13.72475,,,16.66667,34.72222,,,0.7496,0.1995,0.7496,0.0,-0.5501,0.5501,0,0,0,,,,,0.15,,,,1.328,1.319,1.202,1.279,1.194,1.182,2020-08-26,2020-07-28,2020-06-11,2020-08-13,2020-06-18,2020-05-28,1.26,1.26,1.28,1.2,1.25,1.26,2020-09-15,2020-09-09,2020-09-04,2020-09-10,2020-09-08,2020-09-03,381900,521900,1050300,-35.08,-9.05,-9.43,-0.015,0.018,0.028,-0.016,-0.003,0.025,-0.00772,0.01332,0.02765,-0.00584,0.01161,0.02779,64.352,40.639,79.79,28.519,7.5,22.475,41.176,22.222,40.0,0.0,16.667,30.0,36.667,56.25,56.667,28.125,25.0,50.0,2020-09-15,2020-08-28,2020-08-04,2020-09-14,2020-08-17,2020-07-30,2020-09-17,2020-09-09,2020-08-21,2020-09-14,2020-09-03,2020-08-17,2020-09-15,2020-09-09,2020-09-04,2020-09-10,2020-09-08,2020-09-03,2020-09-15,2020-09-07,2020-08-28,2020-09-21,2020-09-10,2020-09-03,0,1,0,1,1,0,1,0,1,0,1,0,0,0,0,1,0,1,1,0,1,0,0,0,0,0,,,,,p2n,n2p,n2p,p2n,p2n,Life.BullEnd,Life.BearStart,Life.Bull,Life.BullEnd,Life.BearStart,,
2020-09-23,1.20022,,,,,1.25302,1.25967,1.24152,1.18759,1.22987,1.254,-0.02413,-0.01665,-0.00749,,,-1.35,0.51,-6.89,13.54,-0.64,0.64,-0.48,6.07,5.0,7.0,15.0,16.0,7.0,8.0,6.0,21.0,-0.0,-0.01,0.00643,-0.01357,0.47368,32.14286,,,4.01786,0.0,7.47475,0.0,,4.16667,16.66667,4.167,,0.7208,0.1815,0.7208,0.0,-0.5393,0.5393,0,0,0,,,,,0.15,,,,1.328,1.319,1.202,1.279,1.194,1.182,2020-08-26,2020-07-28,2020-06-11,2020-08-13,2020-06-18,2020-05-28,1.26,1.26,1.28,1.2,1.25,1.26,2020-09-15,2020-09-09,2020-09-04,2020-09-10,2020-09-08,2020-09-03,521900,1050300,1208300,-9.05,-9.43,42.29,-0.015,0.018,0.028,-0.016,-0.003,0.025,-0.00772,0.01332,0.02765,-0.00584,0.01161,0.02779,64.352,40.639,79.79,4.167,28.519,7.5,41.176,22.222,40.0,0.0,0.0,16.667,36.667,56.25,56.667,28.125,25.0,50.0,2020-09-15,2020-08-28,2020-08-04,2020-09-14,2020-08-17,2020-07-30,2020-09-17,2020-09-09,2020-08-21,2020-09-23,2020-09-14,2020-09-03,2020-09-15,2020-09-09,2020-09-04,2020-09-23,2020-09-10,2020-09-08,2020-09-15,2020-09-07,2020-08-28,2020-09-21,2020-09-10,2020-09-03,0,1,0,1,1,0,1,0,1,0,1,0,0,0,1,0,0,1,1,0,1,0,0,0,0,0,-1208300.0,,,,n2p,n2p,p2n,p2n,n2p,Life.BullEnd,Life.BearStart,Life.Bull,Life.BullEnd,Life.BearStart,,
2020-09-24,1.19472,,,,,1.24817,1.25694,1.2405,1.18761,1.22373,1.24926,-0.02552,-0.01842,-0.0071,,,-0.9,0.51,-6.89,13.54,-0.64,0.64,-0.48,6.07,4.0,7.0,15.0,16.0,7.0,8.0,6.0,21.0,0.0,0.0,0.00643,-0.01143,0.5625,36.0,,36.0,7.875,16.66667,8.58586,,,13.69048,11.50794,,,0.6933,0.1644,0.6933,0.0,-0.5289,0.5289,0,0,0,,,,,0.15,,,,1.328,1.319,1.202,1.279,1.194,1.182,2020-08-26,2020-07-28,2020-06-11,2020-08-13,2020-06-18,2020-05-28,1.26,1.26,1.28,1.2,1.25,1.26,2020-09-15,2020-09-09,2020-09-04,2020-09-10,2020-09-08,2020-09-03,1050300,1208300,1421900,-9.43,42.29,32.37,-0.015,0.018,0.028,-0.016,-0.003,0.025,-0.00772,0.01332,0.02765,-0.00584,0.01161,0.02779,64.352,40.639,79.79,4.167,28.519,7.5,41.176,22.222,40.0,0.0,0.0,16.667,36.0,36.667,56.25,28.125,25.0,50.0,2020-09-15,2020-08-28,2020-08-04,2020-09-14,2020-08-17,2020-07-30,2020-09-17,2020-09-09,2020-08-21,2020-09-23,2020-09-14,2020-09-03,2020-09-15,2020-09-09,2020-09-04,2020-09-23,2020-09-10,2020-09-08,2020-09-24,2020-09-15,2020-09-07,2020-09-21,2020-09-10,2020-09-03,0,1,0,1,1,0,1,0,1,0,1,0,0,0,1,0,0,1,1,0,1,0,0,0,0,0,,,,,n2p,n2p,p2n,p2n,n2p,Life.BullEnd,Life.BearStart,Life.Bull,Life.BullEnd,Life.BearStart,,
2020-09-25,1.18997,,,,,1.2437,1.25432,1.2395,1.18764,1.21854,1.24487,-0.02632,-0.02,-0.00632,,,-0.5,0.51,-6.89,13.54,-0.64,0.64,-0.48,6.07,3.0,7.0,15.0,16.0,7.0,8.0,6.0,21.0,0.0,0.0,0.005,-0.01143,0.4375,30.43478,30.435,,-5.56522,16.66667,11.11111,,,19.04762,12.30159,,,0.6668,0.1482,0.6668,0.0,-0.5186,0.5186,0,0,0,,,,,0.15,,,,1.328,1.319,1.202,1.279,1.194,1.182,2020-08-26,2020-07-28,2020-06-11,2020-08-13,2020-06-18,2020-05-28,1.26,1.26,1.28,1.2,1.25,1.26,2020-09-15,2020-09-09,2020-09-04,2020-09-10,2020-09-08,2020-09-03,1208300,1421900,725400,42.29,32.37,-8.83,-0.015,0.018,0.028,-0.016,-0.003,0.025,-0.00772,0.01332,0.02765,-0.00584,0.01161,0.02779,64.352,40.639,79.79,4.167,28.519,7.5,41.176,22.222,40.0,0.0,0.0,16.667,36.0,36.667,56.25,30.435,28.125,25.0,2020-09-15,2020-08-28,2020-08-04,2020-09-14,2020-08-17,2020-07-30,2020-09-17,2020-09-09,2020-08-21,2020-09-23,2020-09-14,2020-09-03,2020-09-15,2020-09-09,2020-09-04,2020-09-23,2020-09-10,2020-09-08,2020-09-24,2020-09-15,2020-09-07,2020-09-25,2020-09-21,2020-09-10,0,1,0,1,1,0,1,0,1,0,1,0,0,0,1,0,0,1,1,0,1,0,0,1,0,0,,,725400.0,,n2p,p2n,p2n,n2p,p2n,Life.BullEnd,Life.BearStart,Life.Bull,Life.BullEnd,Life.BearStart,,
2020-09-28,1.18647,,,,,1.2388,1.2514,1.23833,1.18756,1.21261,1.24006,-0.02745,-0.02149,-0.00596,,,-0.21,0.51,-6.89,13.54,-0.64,0.64,-0.48,6.07,2.0,7.0,15.0,16.0,7.0,8.0,6.0,21.0,-0.0,-0.01,0.005,-0.01071,0.46667,31.81818,,,1.38318,16.66667,16.66667,,,30.15873,20.96561,,,0.6384,0.1307,0.6384,0.0,-0.5077,0.5077,0,0,0,,,,,0.15,,,,1.328,1.319,1.202,1.279,1.194,1.182,2020-08-26,2020-07-28,2020-06-11,2020-08-13,2020-06-18,2020-05-28,1.26,1.26,1.28,1.2,1.25,1.26,2020-09-15,2020-09-09,2020-09-04,2020-09-10,2020-09-08,2020-09-03,1421900,725400,1908100,32.37,-8.83,20.85,-0.015,0.018,0.028,-0.016,-0.003,0.025,-0.00772,0.01332,0.02765,-0.00584,0.01161,0.02779,64.352,40.639,79.79,4.167,28.519,7.5,41.176,22.222,40.0,0.0,0.0,16.667,36.0,36.667,56.25,30.435,28.125,25.0,2020-09-15,2020-08-28,2020-08-04,2020-09-14,2020-08-17,2020-07-30,2020-09-17,2020-09-09,2020-08-21,2020-09-23,2020-09-14,2020-09-03,2020-09-15,2020-09-09,2020-09-04,2020-09-23,2020-09-10,2020-09-08,2020-09-24,2020-09-15,2020-09-07,2020-09-25,2020-09-21,2020-09-10,0,1,0,1,1,0,1,0,1,0,1,0,0,0,1,0,0,1,1,0,1,0,0,1,0,0,,,,,n2p,p2n,p2n,n2p,p2n,Life.BullEnd,Life.BearStart,Life.Bull,Life.BullEnd,Life.BearStart,,
2020-09-29,1.1845,,,,,1.23427,1.2486,1.23717,1.18748,1.2076,1.23562,-0.02802,-0.0228,-0.00522,,,-0.04,0.51,-6.89,13.54,-0.64,0.64,-0.48,6.07,1.0,7.0,15.0,16.0,7.0,8.0,6.0,21.0,0.0,0.0,0.005,-0.01,0.5,33.33333,,33.333,2.89833,18.18182,17.17172,,,31.74603,26.98413,,,0.6112,0.1433,0.6112,0.0,-0.4679,0.4679,0,0,1,,,,,0.15,,,,1.328,1.319,1.202,1.279,1.194,1.182,2020-08-26,2020-07-28,2020-06-11,2020-08-13,2020-06-18,2020-05-28,1.26,1.26,1.28,1.2,1.25,1.26,2020-09-15,2020-09-09,2020-09-04,2020-09-10,2020-09-08,2020-09-03,725400,1908100,394100,-8.83,20.85,-25.34,-0.015,0.018,0.028,-0.016,-0.003,0.025,-0.00772,0.01332,0.02765,-0.00584,0.01161,0.02779,64.352,40.639,79.79,4.167,28.519,7.5,41.176,22.222,40.0,0.0,0.0,16.667,33.333,36.0,36.667,30.435,28.125,25.0,2020-09-15,2020-08-28,2020-08-04,2020-09-14,2020-08-17,2020-07-30,2020-09-17,2020-09-09,2020-08-21,2020-09-23,2020-09-14,2020-09-03,2020-09-15,2020-09-09,2020-09-04,2020-09-23,2020-09-10,2020-09-08,2020-09-29,2020-09-24,2020-09-15,2020-09-25,2020-09-21,2020-09-10,0,1,0,1,1,0,1,0,1,0,1,0,0,0,1,0,0,1,1,0,1,0,0,1,0,0,,,394100.0,,p2n,p2n,n2p,p2n,p2n,Life.BullEnd,Life.BearStart,Life.Bull,Life.BullEnd,Life.BearStart,,
2020-09-30,1.18399,1.184,,1.18,,1.2301,1.24591,1.23604,1.18741,1.20335,1.2315,-0.02814,-0.02387,-0.00428,-0.028,,0.51,-6.89,13.54,-0.64,0.64,-0.48,6.07,-0.15,7.0,15.0,16.0,7.0,8.0,6.0,21.0,3.0,0.0,0.0,0.00429,-0.01,0.42857,30.0,30.0,,-3.333,18.18182,17.67677,,,35.55556,32.48677,,,0.585,0.1581,0.585,0.0,-0.4269,0.4269,0,0,1,,,,,0.15,,,,1.328,1.319,1.202,1.184,1.279,1.194,2020-08-26,2020-07-28,2020-06-11,2020-09-30,2020-08-13,2020-06-18,1.26,1.26,1.28,1.18,1.2,1.25,2020-09-15,2020-09-09,2020-09-04,2020-09-30,2020-09-10,2020-09-08,1908100,394100,640900,20.85,-25.34,-2.79,-0.015,0.018,0.028,-0.028,-0.016,-0.003,-0.00772,0.01332,0.02765,-0.02387,-0.00584,0.01161,64.352,40.639,79.79,4.167,28.519,7.5,41.176,22.222,40.0,0.0,0.0,16.667,33.333,36.0,36.667,30.0,30.435,28.125,2020-09-15,2020-08-28,2020-08-04,2020-09-30,2020-09-14,2020-08-17,2020-09-17,2020-09-09,2020-08-21,2020-09-23,2020-09-14,2020-09-03,2020-09-15,2020-09-09,2020-09-04,2020-09-23,2020-09-10,2020-09-08,2020-09-29,2020-09-24,2020-09-15,2020-09-30,2020-09-25,2020-09-21,0,1,1,0,1,0,1,0,1,0,1,0,0,0,1,0,0,1,1,0,1,0,0,0,0,0,,,,,p2n,p2n,n2p,p2n,p2n,Life.BullEnd,Life.BearStart,Life.Bull,Life.BullEnd,Life.BearStart,,
2020-10-01,1.18468,,,,1.19,1.22702,1.24372,1.23513,1.18744,1.2013,1.22842,-0.02712,-0.02452,-0.00261,,-0.027,0.45,-6.89,13.54,-0.64,0.64,-0.48,6.07,-0.15,6.0,15.0,16.0,7.0,8.0,6.0,21.0,3.0,0.01,0.0,0.005,-0.00571,0.875,46.66667,,46.667,16.66667,27.27273,21.21212,,27.273,44.44444,37.24868,,44.444,0.5628,0.167,0.5628,0.0,-0.3958,0.3958,0,0,1,,,,,0.15,,,,1.328,1.319,1.202,1.184,1.279,1.194,2020-08-26,2020-07-28,2020-06-11,2020-09-30,2020-08-13,2020-06-18,1.19,1.26,1.26,1.18,1.2,1.25,2020-10-01,2020-09-15,2020-09-09,2020-09-30,2020-09-10,2020-09-08,394100,640900,516600,-25.34,-2.79,-47.28,-0.027,-0.015,0.018,-0.028,-0.016,-0.003,-0.02452,-0.00772,0.01332,-0.02387,-0.00584,0.01161,44.444,64.352,40.639,4.167,28.519,7.5,27.273,41.176,22.222,0.0,0.0,16.667,46.667,33.333,36.0,30.0,30.435,28.125,2020-10-01,2020-09-15,2020-08-28,2020-09-30,2020-09-14,2020-08-17,2020-10-01,2020-09-17,2020-09-09,2020-09-23,2020-09-14,2020-09-03,2020-10-01,2020-09-15,2020-09-09,2020-09-23,2020-09-10,2020-09-08,2020-10-01,2020-09-29,2020-09-24,2020-09-30,2020-09-25,2020-09-21,0,1,1,0,1,0,1,0,1,0,1,0,0,0,1,0,0,0,1,0,0,1,0,0,0,0,,,,516600.0,p2n,n2p,p2n,p2n,n2n,Life.BullEnd,Life.BearStart,Life.Bull,Life.BullEnd,Life.BearStart,,
2020-10-02,1.18608,,,,,1.22263,1.24083,1.23384,1.18726,1.19648,1.22409,-0.02761,-0.02514,-0.00248,,,0.33,-6.89,13.54,-0.64,0.64,-0.48,6.07,-0.15,5.0,15.0,16.0,7.0,8.0,6.0,21.0,3.0,-0.0,-0.02,0.00357,-0.00714,0.5,33.33333,,,-13.33367,9.09091,18.18182,,,40.0,40.0,,,0.5357,0.182,0.5357,0.0,-0.3537,0.3537,0,0,1,,,,,0.15,,,,1.328,1.319,1.202,1.184,1.279,1.194,2020-08-26,2020-07-28,2020-06-11,2020-09-30,2020-08-13,2020-06-18,1.19,1.26,1.26,1.18,1.2,1.25,2020-10-01,2020-09-15,2020-09-09,2020-09-30,2020-09-10,2020-09-08,640900,516600,1172200,-2.79,-47.28,50.15,-0.027,-0.015,0.018,-0.028,-0.016,-0.003,-0.02452,-0.00772,0.01332,-0.02387,-0.00584,0.01161,44.444,64.352,40.639,4.167,28.519,7.5,27.273,41.176,22.222,0.0,0.0,16.667,46.667,33.333,36.0,30.0,30.435,28.125,2020-10-01,2020-09-15,2020-08-28,2020-09-30,2020-09-14,2020-08-17,2020-10-01,2020-09-17,2020-09-09,2020-09-23,2020-09-14,2020-09-03,2020-10-01,2020-09-15,2020-09-09,2020-09-23,2020-09-10,2020-09-08,2020-10-01,2020-09-29,2020-09-24,2020-09-30,2020-09-25,2020-09-21,0,1,1,0,1,0,1,0,1,0,1,0,0,0,1,0,0,0,1,0,0,1,0,0,0,0,-1172200.0,,,,n2p,p2n,p2n,n2n,n2p,Life.BullEnd,Life.BearStart,Life.Bull,Life.BullEnd,Life.BearStart,,
2020-10-05,1.1877,,,,,1.21858,1.23805,1.23257,1.18709,1.19241,1.22009,-0.02768,-0.02565,-0.00203,-0.028,,0.19,-6.89,13.54,-0.64,0.64,-0.48,6.07,-0.15,4.0,15.0,16.0,7.0,8.0,6.0,21.0,3.0,0.0,0.0,0.00214,-0.00714,0.3,23.07692,,,-23.59008,9.09091,15.15152,,,35.0,39.81481,,,0.5096,0.1947,0.5096,0.0,-0.3149,0.3149,0,0,1,,,,,0.15,,,,1.328,1.319,1.202,1.184,1.279,1.194,2020-08-26,2020-07-28,2020-06-11,2020-09-30,2020-08-13,2020-06-18,1.19,1.26,1.26,1.18,1.2,1.25,2020-10-01,2020-09-15,2020-09-09,2020-09-30,2020-09-10,2020-09-08,516600,1172200,329200,-47.28,50.15,-13.38,-0.027,-0.015,0.018,-0.028,-0.028,-0.016,-0.02452,-0.00772,0.01332,-0.02565,-0.02387,-0.00584,44.444,64.352,40.639,4.167,28.519,7.5,27.273,41.176,22.222,0.0,0.0,16.667,46.667,33.333,36.0,30.0,30.435,28.125,2020-10-01,2020-09-15,2020-08-28,2020-10-05,2020-09-30,2020-09-14,2020-10-01,2020-09-17,2020-09-09,2020-09-23,2020-09-14,2020-09-03,2020-10-01,2020-09-15,2020-09-09,2020-09-23,2020-09-10,2020-09-08,2020-10-01,2020-09-29,2020-09-24,2020-09-30,2020-09-25,2020-09-21,0,1,1,0,1,0,1,0,1,0,1,0,0,0,1,0,0,0,1,0,0,1,0,0,0,0,,,329200.0,,p2n,p2n,n2n,n2p,p2n,Life.BullEnd,Life.BearStart,Life.Bull,Life.BullEnd,Life.BearStart,,
2020-10-06,1.18915,,,1.17,,1.21484,1.23538,1.23133,1.18692,1.18896,1.21638,-0.02742,-0.026,-0.00142,,,0.07,-6.89,13.54,-0.64,0.64,-0.48,6.07,-0.15,3.0,15.0,16.0,7.0,8.0,6.0,21.0,3.0,0.0,0.0,0.00071,-0.00714,0.1,9.09091,9.091,,-37.57609,9.09091,9.09091,9.091,,23.33333,32.77778,23.333,,0.4846,0.2054,0.4846,0.0,-0.2792,0.2792,0,0,1,,,,,0.15,,,,1.328,1.319,1.202,1.184,1.279,1.194,2020-08-26,2020-07-28,2020-06-11,2020-09-30,2020-08-13,2020-06-18,1.19,1.26,1.26,1.17,1.18,1.2,2020-10-01,2020-09-15,2020-09-09,2020-10-06,2020-09-30,2020-09-10,1172200,329200,782300,50.15,-13.38,13.17,-0.027,-0.015,0.018,-0.028,-0.028,-0.016,-0.02452,-0.00772,0.01332,-0.02565,-0.02387,-0.00584,44.444,64.352,40.639,23.333,4.167,28.519,27.273,41.176,22.222,9.091,0.0,0.0,46.667,33.333,36.0,9.091,30.0,30.435,2020-10-01,2020-09-15,2020-08-28,2020-10-05,2020-09-30,2020-09-14,2020-10-01,2020-09-17,2020-09-09,2020-10-06,2020-09-23,2020-09-14,2020-10-01,2020-09-15,2020-09-09,2020-10-06,2020-09-23,2020-09-10,2020-10-01,2020-09-29,2020-09-24,2020-10-06,2020-09-30,2020-09-25,0,1,1,0,1,0,1,0,1,0,1,0,0,0,0,0,0,0,0,1,0,1,1,0,0,0,,,,,p2n,p2n,n2n,n2p,p2n,Life.BullEnd,Life.BearStart,Life.Bull,Life.BullEnd,Life.BearStart,,
2020-10-07,1.19011,,,,1.24,1.21678,1.23556,1.23151,1.18745,1.19681,1.21813,-0.02131,-0.02506,0.00375,,,-0.01,-6.89,13.54,-0.64,0.64,-0.48,6.07,-0.15,2.0,15.0,16.0,7.0,8.0,6.0,21.0,3.0,0.07,0.0,0.00571,-0.005,1.14286,53.33333,,53.333,44.24233,100.0,39.39394,,100.0,50.0,36.11111,,,0.4811,0.1878,0.4811,0.0,-0.2933,0.2933,0,0,0,,,,,0.15,,,,1.328,1.319,1.202,1.184,1.279,1.194,2020-08-26,2020-07-28,2020-06-11,2020-09-30,2020-08-13,2020-06-18,1.24,1.19,1.26,1.17,1.18,1.2,2020-10-07,2020-10-01,2020-09-15,2020-10-06,2020-09-30,2020-09-10,329200,782300,2005200,-13.38,13.17,36.48,-0.027,-0.015,0.018,-0.028,-0.028,-0.016,-0.02452,-0.00772,0.01332,-0.02565,-0.02387,-0.00584,44.444,64.352,40.639,23.333,4.167,28.519,100.0,27.273,41.176,9.091,0.0,0.0,53.333,46.667,33.333,9.091,30.0,30.435,2020-10-01,2020-09-15,2020-08-28,2020-10-05,2020-09-30,2020-09-14,2020-10-01,2020-09-17,2020-09-09,2020-10-06,2020-09-23,2020-09-14,2020-10-07,2020-10-01,2020-09-15,2020-10-06,2020-09-23,2020-09-10,2020-10-07,2020-10-01,2020-09-29,2020-10-06,2020-09-30,2020-09-25,0,1,1,0,0,0,1,0,1,0,1,0,0,0,0,0,0,1,0,1,0,1,1,0,0,0,,,,,p2n,p2n,n2n,n2p,p2n,Life.BullEnd,Life.BearStart,Life.Bull,Life.BullEnd,Life.BearStart,,
2020-10-08,1.19029,,,,,1.21626,1.23456,1.23108,1.18767,1.19884,1.21752,-0.01868,-0.02379,0.0051,,,-0.02,-6.89,13.54,-0.64,0.64,-0.48,6.07,-0.15,1.0,15.0,16.0,7.0,8.0,6.0,21.0,3.0,-0.0,-0.03,0.00571,-0.00643,0.88889,47.05882,,,-6.27418,50.0,53.0303,,,58.33333,43.88889,,,0.4689,0.183,0.4689,0.0,-0.2859,0.2859,0,0,0,,,,,0.15,,,,1.328,1.319,1.202,1.184,1.279,1.194,2020-08-26,2020-07-28,2020-06-11,2020-09-30,2020-08-13,2020-06-18,1.24,1.19,1.26,1.17,1.18,1.2,2020-10-07,2020-10-01,2020-09-15,2020-10-06,2020-09-30,2020-09-10,782300,2005200,850500,13.17,36.48,16.73,-0.027,-0.015,0.018,-0.028,-0.028,-0.016,-0.02452,-0.00772,0.01332,-0.02565,-0.02387,-0.00584,44.444,64.352,40.639,23.333,4.167,28.519,100.0,27.273,41.176,9.091,0.0,0.0,53.333,46.667,33.333,9.091,30.0,30.435,2020-10-01,2020-09-15,2020-08-28,2020-10-05,2020-09-30,2020-09-14,2020-10-01,2020-09-17,2020-09-09,2020-10-06,2020-09-23,2020-09-14,2020-10-07,2020-10-01,2020-09-15,2020-10-06,2020-09-23,2020-09-10,2020-10-07,2020-10-01,2020-09-29,2020-10-06,2020-09-30,2020-09-25,0,1,1,0,0,0,1,0,1,0,1,0,0,0,0,0,0,1,0,1,0,1,1,0,0,0,,,,,p2n,p2n,n2n,n2p,p2n,Life.BullEnd,Life.BearStart,Life.Bull,Life.BullEnd,Life.BearStart,,
2020-10-09,1.18952,,1.19,,,1.21501,1.23321,1.23046,1.1878,1.19902,1.21623,-0.01721,-0.02247,0.00526,,,-6.85,13.54,-0.64,0.64,-0.48,6.07,-0.15,43.97,15.0,16.0,7.0,8.0,6.0,21.0,3.0,20.0,-0.0,-0.01,0.00571,-0.00643,0.88889,47.05882,,,-6.27418,40.0,63.33333,,,63.33333,57.22222,,63.333,0.4541,0.182,0.4541,0.0,-0.2721,0.2721,0,0,0,,,,,0.15,,,,1.19,1.328,1.319,1.184,1.279,1.194,2020-10-09,2020-08-26,2020-07-28,2020-09-30,2020-08-13,2020-06-18,1.24,1.19,1.26,1.17,1.18,1.2,2020-10-07,2020-10-01,2020-09-15,2020-10-06,2020-09-30,2020-09-10,2005200,850500,231800,36.48,16.73,-15.13,-0.027,-0.015,0.018,-0.028,-0.028,-0.016,-0.02452,-0.00772,0.01332,-0.02565,-0.02387,-0.00584,63.333,44.444,64.352,23.333,4.167,28.519,100.0,27.273,41.176,9.091,0.0,0.0,53.333,46.667,33.333,9.091,30.0,30.435,2020-10-01,2020-09-15,2020-08-28,2020-10-05,2020-09-30,2020-09-14,2020-10-09,2020-10-01,2020-09-17,2020-10-06,2020-09-23,2020-09-14,2020-10-07,2020-10-01,2020-09-15,2020-10-06,2020-09-23,2020-09-10,2020-10-07,2020-10-01,2020-09-29,2020-10-06,2020-09-30,2020-09-25,1,0,1,0,0,0,1,0,1,0,1,0,0,0,0,0,0,1,0,1,0,1,1,0,0,0,,,,,p2n,p2n,n2n,n2p,p2n,Life.BullEnd,Life.BearStart,Life.Bull,Life.BullEnd,Life.BearStart,,
2020-10-12,1.18778,,,,,1.21231,1.23112,1.22946,1.18772,1.19609,1.21354,-0.01745,-0.02147,0.00402,,-0.017,-6.72,13.54,-0.64,0.64,-0.48,6.07,-0.15,43.97,14.0,16.0,7.0,8.0,6.0,21.0,3.0,20.0,-0.0,-0.02,0.00571,-0.00714,0.8,44.44444,,,-8.88856,20.0,36.66667,,,36.66667,52.77778,,,0.434,0.1881,0.434,0.0,-0.2459,0.2459,0,0,1,,,,,0.15,,,,1.19,1.328,1.319,1.184,1.279,1.194,2020-10-09,2020-08-26,2020-07-28,2020-09-30,2020-08-13,2020-06-18,1.24,1.19,1.26,1.17,1.18,1.2,2020-10-07,2020-10-01,2020-09-15,2020-10-06,2020-09-30,2020-09-10,850500,231800,674000,16.73,-15.13,-43.12,-0.017,-0.027,-0.015,-0.028,-0.028,-0.016,-0.02147,-0.02452,-0.00772,-0.02565,-0.02387,-0.00584,63.333,44.444,64.352,23.333,4.167,28.519,100.0,27.273,41.176,9.091,0.0,0.0,53.333,46.667,33.333,9.091,30.0,30.435,2020-10-12,2020-10-01,2020-09-15,2020-10-05,2020-09-30,2020-09-14,2020-10-09,2020-10-01,2020-09-17,2020-10-06,2020-09-23,2020-09-14,2020-10-07,2020-10-01,2020-09-15,2020-10-06,2020-09-23,2020-09-10,2020-10-07,2020-10-01,2020-09-29,2020-10-06,2020-09-30,2020-09-25,1,0,1,0,0,0,1,0,0,0,1,0,0,0,0,0,0,1,0,1,0,1,1,0,0,0,,,,,p2n,p2n,n2n,n2p,p2n,Life.BullEnd,Life.BearStart,Life.Bull,Life.BullEnd,Life.BearStart,,
2020-10-13,1.18504,,,1.17,,1.20906,1.22872,1.22829,1.18754,1.19208,1.21032,-0.01824,-0.02082,0.00258,,,-6.5,13.54,-0.64,0.64,-0.48,6.07,-0.15,43.97,13.0,16.0,7.0,8.0,6.0,21.0,3.0,20.0,-0.0,-0.01,0.00571,-0.00714,0.8,44.44444,44.444,,-8.88856,10.0,23.33333,10.0,,20.0,40.0,,,0.4118,0.1966,0.4118,0.0,-0.2152,0.2152,0,0,1,,,,,0.15,,,,1.19,1.328,1.319,1.184,1.279,1.194,2020-10-09,2020-08-26,2020-07-28,2020-09-30,2020-08-13,2020-06-18,1.24,1.19,1.26,1.17,1.17,1.18,2020-10-07,2020-10-01,2020-09-15,2020-10-13,2020-10-06,2020-09-30,231800,674000,995400,-15.13,-43.12,8.25,-0.017,-0.027,-0.015,-0.028,-0.028,-0.016,-0.02147,-0.02452,-0.00772,-0.02565,-0.02387,-0.00584,63.333,44.444,64.352,23.333,4.167,28.519,100.0,27.273,41.176,10.0,9.091,0.0,53.333,46.667,33.333,44.444,9.091,30.0,2020-10-12,2020-10-01,2020-09-15,2020-10-05,2020-09-30,2020-09-14,2020-10-09,2020-10-01,2020-09-17,2020-10-06,2020-09-23,2020-09-14,2020-10-07,2020-10-01,2020-09-15,2020-10-13,2020-10-06,2020-09-23,2020-10-07,2020-10-01,2020-09-29,2020-10-13,2020-10-06,2020-09-30,1,0,1,0,0,0,1,0,0,0,1,0,0,0,0,0,0,1,0,1,0,1,0,1,0,0,-995400.0,,,,p2n,n2n,n2p,p2n,n2p,Life.BullEnd,Life.BearStart,Life.Bull,Life.BullEnd,Life.BearStart,,
2020-10-14,1.1813,,,,,1.20682,1.22681,1.22733,1.18747,1.19022,1.20807,-0.01785,-0.02023,0.00238,-0.018,,-6.21,13.54,-0.64,0.64,-0.48,6.07,-0.15,43.97,12.0,16.0,7.0,8.0,6.0,21.0,3.0,20.0,0.01,0.0,0.00643,-0.00714,0.9,47.36842,,,2.92442,20.0,16.66667,,,10.37037,22.34568,,,0.3986,-0.2051,0.3986,0.0,-0.6037,0.6037,0,0,0,,,,,-0.15,,,,1.19,1.328,1.319,1.184,1.279,1.194,2020-10-09,2020-08-26,2020-07-28,2020-09-30,2020-08-13,2020-06-18,1.24,1.19,1.26,1.17,1.17,1.18,2020-10-07,2020-10-01,2020-09-15,2020-10-13,2020-10-06,2020-09-30,674000,995400,654500,-43.12,8.25,22.23,-0.017,-0.027,-0.015,-0.018,-0.028,-0.028,-0.02147,-0.02452,-0.00772,-0.02023,-0.02565,-0.02387,63.333,44.444,64.352,23.333,4.167,28.519,100.0,27.273,41.176,10.0,9.091,0.0,53.333,46.667,33.333,44.444,9.091,30.0,2020-10-12,2020-10-01,2020-09-15,2020-10-14,2020-10-05,2020-09-30,2020-10-09,2020-10-01,2020-09-17,2020-10-06,2020-09-23,2020-09-14,2020-10-07,2020-10-01,2020-09-15,2020-10-13,2020-10-06,2020-09-23,2020-10-07,2020-10-01,2020-09-29,2020-10-13,2020-10-06,2020-09-30,1,0,1,0,0,0,1,0,0,0,0,1,0,0,0,0,0,1,0,1,0,1,0,1,0,0,,,,,p2n,n2n,n2p,p2n,n2p,Life.BullEnd,Life.BearStart,Life.Bull,Life.BullEnd,Life.BearStart,,
2020-10-15,1.17665,,,,,1.20476,1.22498,1.22639,1.18739,1.18865,1.20599,-0.01734,-0.01965,0.00231,,,-5.83,13.54,-0.64,0.64,-0.48,6.07,-0.15,43.97,11.0,16.0,7.0,8.0,6.0,21.0,3.0,20.0,0.0,0.0,0.00643,-0.00714,0.9,47.36842,,,2.92442,20.0,16.66667,,,10.37037,13.58025,10.37,,0.39,-0.2163,0.39,0.0,-0.6063,0.6063,0,0,0,,,,,-0.15,,,,1.19,1.328,1.319,1.184,1.279,1.194,2020-10-09,2020-08-26,2020-07-28,2020-09-30,2020-08-13,2020-06-18,1.24,1.19,1.26,1.17,1.17,1.18,2020-10-07,2020-10-01,2020-09-15,2020-10-13,2020-10-06,2020-09-30,995400,654500,656200,8.25,22.23,-0.77,-0.017,-0.027,-0.015,-0.018,-0.028,-0.028,-0.02147,-0.02452,-0.00772,-0.02023,-0.02565,-0.02387,63.333,44.444,64.352,10.37,23.333,4.167,100.0,27.273,41.176,10.0,9.091,0.0,53.333,46.667,33.333,44.444,9.091,30.0,2020-10-12,2020-10-01,2020-09-15,2020-10-14,2020-10-05,2020-09-30,2020-10-09,2020-10-01,2020-09-17,2020-10-15,2020-10-06,2020-09-23,2020-10-07,2020-10-01,2020-09-15,2020-10-13,2020-10-06,2020-09-23,2020-10-07,2020-10-01,2020-09-29,2020-10-13,2020-10-06,2020-09-30,1,0,1,0,0,0,1,0,0,0,0,1,0,0,0,0,0,1,0,1,0,1,0,1,0,0,,,,,p2n,n2n,n2p,p2n,n2p,Life.BullEnd,Life.BearStart,Life.Bull,Life.BullEnd,Life.BearStart,,
2020-10-16,1.17141,,,,1.18,1.20286,1.22321,1.22548,1.18732,1.18732,1.20407,-0.01675,-0.01907,0.00232,,,-5.41,13.54,-0.64,0.64,-0.48,6.07,-0.15,43.97,10.0,16.0,7.0,8.0,6.0,21.0,3.0,20.0,0.0,0.0,0.00643,-0.00643,1.0,50.0,,50.0,5.556,20.0,20.0,,20.0,18.7037,13.14815,,18.704,0.3816,-0.2262,0.3816,0.0,-0.6078,0.6078,0,0,0,,,,,-0.15,,,,1.19,1.328,1.319,1.184,1.279,1.194,2020-10-09,2020-08-26,2020-07-28,2020-09-30,2020-08-13,2020-06-18,1.18,1.24,1.19,1.17,1.17,1.18,2020-10-16,2020-10-07,2020-10-01,2020-10-13,2020-10-06,2020-09-30,654500,656200,663700,22.23,-0.77,-14.38,-0.017,-0.027,-0.015,-0.018,-0.028,-0.028,-0.02147,-0.02452,-0.00772,-0.02023,-0.02565,-0.02387,18.704,63.333,44.444,10.37,23.333,4.167,20.0,100.0,27.273,10.0,9.091,0.0,50.0,53.333,46.667,44.444,9.091,30.0,2020-10-12,2020-10-01,2020-09-15,2020-10-14,2020-10-05,2020-09-30,2020-10-16,2020-10-09,2020-10-01,2020-10-15,2020-10-06,2020-09-23,2020-10-16,2020-10-07,2020-10-01,2020-10-13,2020-10-06,2020-09-23,2020-10-16,2020-10-07,2020-10-01,2020-10-13,2020-10-06,2020-09-30,1,0,1,0,1,0,1,0,0,0,0,1,1,0,0,0,1,0,0,1,0,0,0,1,0,0,,,,,p2n,n2n,n2p,p2n,n2p,Life.BullEnd,Life.BearStart,Life.Bull,Life.BullEnd,Life.BearStart,,
2020-10-19,1.16601,,,,,1.20033,1.22113,1.22438,1.18715,1.18465,1.20154,-0.01689,-0.01863,0.00174,,,-4.97,13.54,-0.64,0.64,-0.48,6.07,-0.15,43.97,9.0,16.0,7.0,8.0,6.0,21.0,3.0,20.0,-0.0,-0.01,0.00643,-0.00714,0.9,47.36842,,,-2.63158,10.0,16.66667,,,15.0,14.69136,15.0,,0.3723,-0.2405,0.3723,0.0,-0.6128,0.6128,0,0,0,,,,,-0.15,,,,1.19,1.328,1.319,1.184,1.279,1.194,2020-10-09,2020-08-26,2020-07-28,2020-09-30,2020-08-13,2020-06-18,1.18,1.24,1.19,1.17,1.17,1.18,2020-10-16,2020-10-07,2020-10-01,2020-10-13,2020-10-06,2020-09-30,656200,663700,873800,-0.77,-14.38,11.11,-0.017,-0.027,-0.015,-0.018,-0.028,-0.028,-0.02147,-0.02452,-0.00772,-0.02023,-0.02565,-0.02387,18.704,63.333,44.444,15.0,10.37,23.333,20.0,100.0,27.273,10.0,9.091,0.0,50.0,53.333,46.667,44.444,9.091,30.0,2020-10-12,2020-10-01,2020-09-15,2020-10-14,2020-10-05,2020-09-30,2020-10-16,2020-10-09,2020-10-01,2020-10-19,2020-10-15,2020-10-06,2020-10-16,2020-10-07,2020-10-01,2020-10-13,2020-10-06,2020-09-23,2020-10-16,2020-10-07,2020-10-01,2020-10-13,2020-10-06,2020-09-30,1,0,1,0,1,0,1,0,0,0,0,1,1,0,0,0,1,0,0,1,0,0,0,1,0,0,,,,,p2n,n2n,n2p,p2n,n2p,Life.BullEnd,Life.BearStart,Life.Bull,Life.BullEnd,Life.BearStart,,
2020-10-20,1.16021,,,,,1.198,1.21912,1.2233,1.18698,1.1824,1.19921,-0.01681,-0.01827,0.00146,,,-4.5,13.54,-0.64,0.64,-0.48,6.07,-0.15,43.97,8.0,16.0,7.0,8.0,6.0,21.0,3.0,20.0,0.0,0.0,0.00643,-0.00714,0.9,47.36842,,,-2.63158,10.0,13.33333,,,16.66667,16.79012,,16.667,0.3632,-0.253,0.3632,0.0,-0.6162,0.6162,0,0,0,,,,,-0.15,,,,1.19,1.328,1.319,1.184,1.279,1.194,2020-10-09,2020-08-26,2020-07-28,2020-09-30,2020-08-13,2020-06-18,1.18,1.24,1.19,1.17,1.17,1.18,2020-10-16,2020-10-07,2020-10-01,2020-10-13,2020-10-06,2020-09-30,663700,873800,1333200,-14.38,11.11,30.86,-0.017,-0.027,-0.015,-0.018,-0.028,-0.028,-0.02147,-0.02452,-0.00772,-0.02023,-0.02565,-0.02387,16.667,18.704,63.333,15.0,10.37,23.333,20.0,100.0,27.273,10.0,9.091,0.0,50.0,53.333,46.667,44.444,9.091,30.0,2020-10-12,2020-10-01,2020-09-15,2020-10-14,2020-10-05,2020-09-30,2020-10-20,2020-10-16,2020-10-09,2020-10-19,2020-10-15,2020-10-06,2020-10-16,2020-10-07,2020-10-01,2020-10-13,2020-10-06,2020-09-23,2020-10-16,2020-10-07,2020-10-01,2020-10-13,2020-10-06,2020-09-30,1,0,1,0,1,0,1,0,0,0,0,1,1,0,0,0,1,0,0,1,0,0,0,1,0,0,,,,,p2n,n2n,n2p,p2n,n2p,Life.BullEnd,Life.BearStart,Life.Bull,Life.BullEnd,Life.BearStart,,
2020-10-21,1.15329,,,,,1.19507,1.2168,1.22205,1.18671,1.17895,1.1963,-0.01735,-0.01809,0.00074,,-0.017,-3.93,13.54,-0.64,0.64,-0.48,6.07,-0.15,43.97,7.0,16.0,7.0,8.0,6.0,21.0,3.0,20.0,-0.0,-0.01,0.00571,-0.00786,0.72727,42.10526,,,-7.89474,9.09091,9.69697,,,15.0,15.55556,,,0.3534,-0.2698,0.3534,0.0,-0.6232,0.6232,0,0,0,,,,,-0.15,,,,1.19,1.328,1.319,1.184,1.279,1.194,2020-10-09,2020-08-26,2020-07-28,2020-09-30,2020-08-13,2020-06-18,1.18,1.24,1.19,1.17,1.17,1.18,2020-10-16,2020-10-07,2020-10-01,2020-10-13,2020-10-06,2020-09-30,873800,1333200,2996100,11.11,30.86,81.25,-0.017,-0.017,-0.027,-0.018,-0.028,-0.028,-0.01809,-0.02147,-0.02452,-0.02023,-0.02565,-0.02387,16.667,18.704,63.333,15.0,10.37,23.333,20.0,100.0,27.273,10.0,9.091,0.0,50.0,53.333,46.667,44.444,9.091,30.0,2020-10-21,2020-10-12,2020-10-01,2020-10-14,2020-10-05,2020-09-30,2020-10-20,2020-10-16,2020-10-09,2020-10-19,2020-10-15,2020-10-06,2020-10-16,2020-10-07,2020-10-01,2020-10-13,2020-10-06,2020-09-23,2020-10-16,2020-10-07,2020-10-01,2020-10-13,2020-10-06,2020-09-30,1,0,1,0,1,0,1,0,0,1,0,1,1,0,0,0,1,0,0,1,0,0,0,1,0,0,,-2996100.0,,,n2n,n2p,p2n,n2p,p2p,Life.BullEnd,Life.BearStart,Life.Bull,Life.BullEnd,Life.BearStart,,
2020-10-22,1.14477,,,,,1.19084,1.21379,1.22042,1.18624,1.17296,1.19213,-0.01917,-0.0183,-0.00087,,,-3.21,13.54,-0.64,0.64,-0.48,6.07,-0.15,43.97,6.0,16.0,7.0,8.0,6.0,21.0,3.0,20.0,-0.0,-0.02,0.00571,-0.00786,0.72727,42.10526,,,-7.89474,0.0,6.36364,,,15.0,15.55556,,,0.3418,-0.2958,0.3418,0.0,-0.6376,0.6376,0,0,0,,,,,-0.15,,,,1.19,1.328,1.319,1.184,1.279,1.194,2020-10-09,2020-08-26,2020-07-28,2020-09-30,2020-08-13,2020-06-18,1.18,1.24,1.19,1.17,1.17,1.18,2020-10-16,2020-10-07,2020-10-01,2020-10-13,2020-10-06,2020-09-30,1333200,2996100,1255000,30.86,81.25,7.33,-0.017,-0.017,-0.027,-0.018,-0.028,-0.028,-0.01809,-0.02147,-0.02452,-0.02023,-0.02565,-0.02387,16.667,18.704,63.333,15.0,10.37,23.333,20.0,100.0,27.273,10.0,9.091,0.0,50.0,53.333,46.667,44.444,9.091,30.0,2020-10-21,2020-10-12,2020-10-01,2020-10-14,2020-10-05,2020-09-30,2020-10-20,2020-10-16,2020-10-09,2020-10-19,2020-10-15,2020-10-06,2020-10-16,2020-10-07,2020-10-01,2020-10-13,2020-10-06,2020-09-23,2020-10-16,2020-10-07,2020-10-01,2020-10-13,2020-10-06,2020-09-30,1,0,1,0,1,0,1,0,0,1,0,1,1,0,0,0,1,0,0,1,0,0,0,1,0,0,,,,,n2n,n2p,p2n,n2p,p2p,Life.BullEnd,Life.BearStart,Life.Bull,Life.BullEnd,Life.BearStart,,
2020-10-23,1.13482,,,,,1.18693,1.2109,1.21883,1.18578,1.16789,1.18827,-0.02038,-0.01872,-0.00166,,,-2.36,13.54,-0.64,0.64,-0.48,6.07,-0.15,43.97,5.0,16.0,7.0,8.0,6.0,21.0,3.0,20.0,0.0,0.0,0.00571,-0.00786,0.72727,42.10526,,,-7.89474,0.0,3.0303,0.0,,6.66667,12.22222,6.667,,0.3305,-0.319,0.3305,0.0,-0.6495,0.6495,0,0,0,,,,,-0.15,,,,1.19,1.328,1.319,1.184,1.279,1.194,2020-10-09,2020-08-26,2020-07-28,2020-09-30,2020-08-13,2020-06-18,1.18,1.24,1.19,1.17,1.17,1.18,2020-10-16,2020-10-07,2020-10-01,2020-10-13,2020-10-06,2020-09-30,2996100,1255000,3442000,81.25,7.33,37.76,-0.017,-0.017,-0.027,-0.018,-0.028,-0.028,-0.01809,-0.02147,-0.02452,-0.02023,-0.02565,-0.02387,16.667,18.704,63.333,6.667,15.0,10.37,20.0,100.0,27.273,0.0,10.0,9.091,50.0,53.333,46.667,44.444,9.091,30.0,2020-10-21,2020-10-12,2020-10-01,2020-10-14,2020-10-05,2020-09-30,2020-10-20,2020-10-16,2020-10-09,2020-10-23,2020-10-19,2020-10-15,2020-10-16,2020-10-07,2020-10-01,2020-10-23,2020-10-13,2020-10-06,2020-10-16,2020-10-07,2020-10-01,2020-10-13,2020-10-06,2020-09-30,1,0,1,0,1,0,1,0,0,1,0,1,1,0,1,0,1,0,1,0,0,0,0,1,0,0,,,,,n2n,n2p,p2n,n2p,p2p,Life.BullEnd,Life.BearStart,Life.Bull,Life.BullEnd,Life.BearStart,,
2020-10-26,1.12451,,,1.12,,1.18178,1.20733,1.21687,1.18513,1.16052,1.18321,-0.02269,-0.01951,-0.00318,,,-1.47,13.54,-0.64,0.64,-0.48,6.07,-0.15,43.97,4.0,16.0,7.0,8.0,6.0,21.0,3.0,20.0,-0.0,-0.02,0.00571,-0.00929,0.61538,38.09524,,,-11.90476,12.5,4.16667,,,8.33333,10.0,,,0.3174,-0.3509,0.3509,0.0335,-0.6683,0.7018,1,0,0,,,,,-0.15,,,,1.19,1.328,1.319,1.184,1.279,1.194,2020-10-09,2020-08-26,2020-07-28,2020-09-30,2020-08-13,2020-06-18,1.18,1.24,1.19,1.12,1.17,1.17,2020-10-16,2020-10-07,2020-10-01,2020-10-26,2020-10-13,2020-10-06,1255000,3442000,2661500,7.33,37.76,-4.35,-0.017,-0.017,-0.027,-0.018,-0.028,-0.028,-0.01809,-0.02147,-0.02452,-0.02023,-0.02565,-0.02387,16.667,18.704,63.333,6.667,15.0,10.37,20.0,100.0,27.273,0.0,10.0,9.091,50.0,53.333,46.667,44.444,9.091,30.0,2020-10-21,2020-10-12,2020-10-01,2020-10-14,2020-10-05,2020-09-30,2020-10-20,2020-10-16,2020-10-09,2020-10-23,2020-10-19,2020-10-15,2020-10-16,2020-10-07,2020-10-01,2020-10-23,2020-10-13,2020-10-06,2020-10-16,2020-10-07,2020-10-01,2020-10-13,2020-10-06,2020-09-30,1,0,1,0,1,0,1,0,0,1,0,1,1,0,1,0,1,0,1,0,0,0,0,1,0,0,,,-2661500.0,,n2p,p2n,n2p,p2p,p2n,Life.BullEnd,Life.BearStart,Life.Bull,Life.BullEnd,Life.BearStart,,
2020-10-27,1.11551,,,,1.14,1.17856,1.20469,1.21535,1.18468,1.15736,1.18001,-0.02265,-0.02014,-0.00251,,,-0.67,13.54,-0.64,0.64,-0.48,6.07,-0.15,43.97,3.0,16.0,7.0,8.0,6.0,21.0,3.0,20.0,0.02,0.0,0.00214,-0.00929,0.23077,18.75,18.75,,-31.25,25.0,12.5,,25.0,25.0,13.33333,,,0.3067,-0.3679,0.3679,0.0612,-0.6746,0.7358,1,0,0,,,,,-0.15,,,,1.19,1.328,1.319,1.184,1.279,1.194,2020-10-09,2020-08-26,2020-07-28,2020-09-30,2020-08-13,2020-06-18,1.14,1.18,1.24,1.12,1.17,1.17,2020-10-27,2020-10-16,2020-10-07,2020-10-26,2020-10-13,2020-10-06,3442000,2661500,1021400,37.76,-4.35,-3.17,-0.017,-0.017,-0.027,-0.018,-0.028,-0.028,-0.01809,-0.02147,-0.02452,-0.02023,-0.02565,-0.02387,16.667,18.704,63.333,6.667,15.0,10.37,25.0,20.0,100.0,0.0,10.0,9.091,50.0,53.333,46.667,18.75,44.444,9.091,2020-10-21,2020-10-12,2020-10-01,2020-10-14,2020-10-05,2020-09-30,2020-10-20,2020-10-16,2020-10-09,2020-10-23,2020-10-19,2020-10-15,2020-10-27,2020-10-16,2020-10-07,2020-10-23,2020-10-13,2020-10-06,2020-10-16,2020-10-07,2020-10-01,2020-10-27,2020-10-13,2020-10-06,1,0,1,0,1,0,1,0,0,1,0,1,1,0,1,0,0,0,1,0,0,0,0,0,0,0,,,,,n2p,p2n,n2p,p2p,p2n,Life.BullEnd,Life.BearStart,Life.Bull,Life.BullEnd,Life.BearStart,,
2020-10-28,1.10952,,,,,1.17406,1.20137,1.21346,1.18404,1.15162,1.17557,-0.02395,-0.0209,-0.00305,,,-0.14,13.54,-0.64,0.64,-0.48,6.07,-0.15,43.97,2.0,16.0,7.0,8.0,6.0,21.0,3.0,20.0,-0.0,-0.02,0.00214,-0.00857,0.25,20.0,,20.0,1.25,16.66667,18.05556,,,34.52381,22.61905,,34.524,0.2942,-0.394,0.394,0.0998,-0.6882,0.788,1,0,0,,,,,-0.15,,,,1.19,1.328,1.319,1.184,1.279,1.194,2020-10-09,2020-08-26,2020-07-28,2020-09-30,2020-08-13,2020-06-18,1.14,1.18,1.24,1.12,1.17,1.17,2020-10-27,2020-10-16,2020-10-07,2020-10-26,2020-10-13,2020-10-06,2661500,1021400,505500,-4.35,-3.17,-41.21,-0.017,-0.017,-0.027,-0.018,-0.028,-0.028,-0.01809,-0.02147,-0.02452,-0.02023,-0.02565,-0.02387,34.524,16.667,18.704,6.667,15.0,10.37,25.0,20.0,100.0,0.0,10.0,9.091,20.0,50.0,53.333,18.75,44.444,9.091,2020-10-21,2020-10-12,2020-10-01,2020-10-14,2020-10-05,2020-09-30,2020-10-28,2020-10-20,2020-10-16,2020-10-23,2020-10-19,2020-10-15,2020-10-27,2020-10-16,2020-10-07,2020-10-23,2020-10-13,2020-10-06,2020-10-28,2020-10-16,2020-10-07,2020-10-27,2020-10-13,2020-10-06,1,0,1,0,1,0,1,0,0,1,0,1,0,1,1,0,0,0,1,0,1,0,0,0,0,0,,,,,n2p,p2n,n2p,p2p,p2n,Life.BullEnd,Life.BearStart,Life.Bull,Life.BullEnd,Life.BearStart,,
2020-10-30,1.1078,1.108,,,,1.16605,1.19622,1.21062,1.1829,1.13906,1.16775,-0.02869,-0.02246,-0.00623,,,13.56,-0.64,0.64,-0.48,6.07,-0.15,43.97,-7.12,16.0,7.0,8.0,6.0,21.0,3.0,20.0,10.0,-0.0,-0.05,0.00214,-0.01143,0.1875,15.78947,,,-4.21053,6.66667,16.11111,6.667,,29.22078,29.58153,,,0.2772,-0.4457,0.4457,0.1685,-0.7229,0.8914,1,0,0,,,,,-0.15,,,,1.19,1.328,1.319,1.108,1.184,1.279,2020-10-09,2020-08-26,2020-07-28,2020-10-30,2020-09-30,2020-08-13,1.14,1.18,1.24,1.12,1.17,1.17,2020-10-27,2020-10-16,2020-10-07,2020-10-26,2020-10-13,2020-10-06,1021400,505500,2255200,-3.17,-41.21,-9.7,-0.017,-0.017,-0.027,-0.018,-0.028,-0.028,-0.01809,-0.02147,-0.02452,-0.02023,-0.02565,-0.02387,34.524,16.667,18.704,6.667,15.0,10.37,25.0,20.0,100.0,6.667,0.0,10.0,20.0,50.0,53.333,18.75,44.444,9.091,2020-10-21,2020-10-12,2020-10-01,2020-10-14,2020-10-05,2020-09-30,2020-10-28,2020-10-20,2020-10-16,2020-10-23,2020-10-19,2020-10-15,2020-10-27,2020-10-16,2020-10-07,2020-10-30,2020-10-23,2020-10-13,2020-10-28,2020-10-16,2020-10-07,2020-10-27,2020-10-13,2020-10-06,1,0,1,0,1,0,1,0,0,1,0,1,0,1,1,0,0,0,0,0,1,0,0,0,0,0,,,,,n2p,p2n,n2p,p2p,p2n,Life.BullEnd,Life.BearStart,Life.Bull,Life.BullEnd,Life.BearStart,,
2020-11-02,1.11084,,,1.04,,1.15636,1.19009,1.20724,1.18148,1.12382,1.15828,-0.03446,-0.02486,-0.0096,,,13.25,-0.64,0.64,-0.48,6.07,-0.15,43.97,-7.12,15.0,7.0,8.0,6.0,21.0,3.0,20.0,10.0,-0.0,-0.03,0.00214,-0.01214,0.17647,15.0,15.0,,-5.0,15.78947,13.04094,,,19.69697,27.81385,19.697,,0.2576,-0.5088,0.5088,0.2512,-0.7664,1.0176,1,0,0,,,,,-0.15,,,,1.19,1.328,1.319,1.108,1.184,1.279,2020-10-09,2020-08-26,2020-07-28,2020-10-30,2020-09-30,2020-08-13,1.14,1.18,1.24,1.04,1.12,1.17,2020-10-27,2020-10-16,2020-10-07,2020-11-02,2020-10-26,2020-10-13,505500,2255200,2067400,-41.21,-9.7,27.66,-0.017,-0.017,-0.027,-0.018,-0.028,-0.028,-0.01809,-0.02147,-0.02452,-0.02023,-0.02565,-0.02387,34.524,16.667,18.704,19.697,6.667,15.0,25.0,20.0,100.0,6.667,0.0,10.0,20.0,50.0,53.333,15.0,18.75,44.444,2020-10-21,2020-10-12,2020-10-01,2020-10-14,2020-10-05,2020-09-30,2020-10-28,2020-10-20,2020-10-16,2020-11-02,2020-10-23,2020-10-19,2020-10-27,2020-10-16,2020-10-07,2020-10-30,2020-10-23,2020-10-13,2020-10-28,2020-10-16,2020-10-07,2020-11-02,2020-10-27,2020-10-13,1,0,1,0,1,0,1,0,0,1,0,1,0,1,0,1,0,0,0,0,1,0,1,0,0,0,,,,,n2p,p2n,n2p,p2p,p2n,Life.BullEnd,Life.BearStart,Life.Bull,Life.BullEnd,Life.BearStart,,
2020-11-03,1.11836,,,,,1.14818,1.1846,1.20413,1.18017,1.11246,1.15026,-0.0378,-0.02745,-0.01035,-0.038,,12.49,-0.64,0.64,-0.48,6.07,-0.15,43.97,-7.12,14.0,7.0,8.0,6.0,21.0,3.0,20.0,10.0,0.01,0.0,0.00286,-0.01143,0.25,20.0,,,5.0,21.05263,14.50292,,,20.42957,23.11577,,,0.2396,-0.5595,0.5595,0.3199,-0.7991,1.119,1,0,0,,,,,-0.15,,,,1.19,1.328,1.319,1.108,1.184,1.279,2020-10-09,2020-08-26,2020-07-28,2020-10-30,2020-09-30,2020-08-13,1.14,1.18,1.24,1.04,1.12,1.17,2020-10-27,2020-10-16,2020-10-07,2020-11-02,2020-10-26,2020-10-13,2255200,2067400,1407800,-9.7,27.66,18.69,-0.017,-0.017,-0.027,-0.038,-0.018,-0.028,-0.01809,-0.02147,-0.02452,-0.02745,-0.02023,-0.02565,34.524,16.667,18.704,19.697,6.667,15.0,25.0,20.0,100.0,6.667,0.0,10.0,20.0,50.0,53.333,15.0,18.75,44.444,2020-10-21,2020-10-12,2020-10-01,2020-11-03,2020-10-14,2020-10-05,2020-10-28,2020-10-20,2020-10-16,2020-11-02,2020-10-23,2020-10-19,2020-10-27,2020-10-16,2020-10-07,2020-10-30,2020-10-23,2020-10-13,2020-10-28,2020-10-16,2020-10-07,2020-11-02,2020-10-27,2020-10-13,1,0,1,0,1,0,1,0,0,1,1,0,0,1,0,1,0,0,0,0,1,0,1,0,0,0,,,,,n2p,p2n,n2p,p2p,p2n,Life.BullEnd,Life.BearStart,Life.Bull,Life.BullEnd,Life.BearStart,,
2020-11-04,1.12941,,,,,1.1437,1.18089,1.20187,1.17927,1.10901,1.1458,-0.03679,-0.02932,-0.00748,,,11.39,-0.64,0.64,-0.48,6.07,-0.15,43.97,-7.12,13.0,7.0,8.0,6.0,21.0,3.0,20.0,10.0,0.04,0.0,0.005,-0.01143,0.4375,30.43478,,,15.43478,42.10526,26.31579,,,39.62149,26.58268,,,0.226,-0.5817,0.5817,0.3557,-0.8077,1.1634,1,0,0,,,,,-0.15,,,,1.19,1.328,1.319,1.108,1.184,1.279,2020-10-09,2020-08-26,2020-07-28,2020-10-30,2020-09-30,2020-08-13,1.14,1.18,1.24,1.04,1.12,1.17,2020-10-27,2020-10-16,2020-10-07,2020-11-02,2020-10-26,2020-10-13,2067400,1407800,1972500,27.66,18.69,-4.93,-0.017,-0.017,-0.027,-0.038,-0.018,-0.028,-0.01809,-0.02147,-0.02452,-0.02745,-0.02023,-0.02565,34.524,16.667,18.704,19.697,6.667,15.0,25.0,20.0,100.0,6.667,0.0,10.0,20.0,50.0,53.333,15.0,18.75,44.444,2020-10-21,2020-10-12,2020-10-01,2020-11-03,2020-10-14,2020-10-05,2020-10-28,2020-10-20,2020-10-16,2020-11-02,2020-10-23,2020-10-19,2020-10-27,2020-10-16,2020-10-07,2020-10-30,2020-10-23,2020-10-13,2020-10-28,2020-10-16,2020-10-07,2020-11-02,2020-10-27,2020-10-13,1,0,1,0,1,0,1,0,0,1,1,0,0,1,0,1,0,0,0,0,1,0,1,0,0,0,,,,,n2p,p2n,n2p,p2p,p2n,Life.BullEnd,Life.BearStart,Life.Bull,Life.BullEnd,Life.BearStart,,
2020-11-05,1.14284,,,,,1.14572,1.18046,1.20124,1.17918,1.11839,1.14759,-0.0292,-0.02929,9e-05,,,10.08,-0.64,0.64,-0.48,6.07,-0.15,43.97,-7.12,12.0,7.0,8.0,6.0,21.0,3.0,20.0,10.0,0.08,0.0,0.01071,-0.01143,0.9375,48.3871,,,33.3871,84.21053,49.12281,,,65.81197,41.95434,,,0.2206,-0.5552,0.5552,0.3346,-0.7758,1.1104,0,0,1,,,,,,,,-0.15,1.19,1.328,1.319,1.108,1.184,1.279,2020-10-09,2020-08-26,2020-07-28,2020-10-30,2020-09-30,2020-08-13,1.14,1.18,1.24,1.04,1.12,1.17,2020-10-27,2020-10-16,2020-10-07,2020-11-02,2020-10-26,2020-10-13,1407800,1972500,3368900,18.69,-4.93,23.89,-0.017,-0.017,-0.027,-0.038,-0.018,-0.028,-0.01809,-0.02147,-0.02452,-0.02745,-0.02023,-0.02565,34.524,16.667,18.704,19.697,6.667,15.0,25.0,20.0,100.0,6.667,0.0,10.0,20.0,50.0,53.333,15.0,18.75,44.444,2020-10-21,2020-10-12,2020-10-01,2020-11-03,2020-10-14,2020-10-05,2020-10-28,2020-10-20,2020-10-16,2020-11-02,2020-10-23,2020-10-19,2020-10-27,2020-10-16,2020-10-07,2020-10-30,2020-10-23,2020-10-13,2020-10-28,2020-10-16,2020-10-07,2020-11-02,2020-10-27,2020-10-13,1,0,1,0,1,0,1,0,0,1,1,0,0,1,0,1,0,0,0,0,1,0,1,0,0,0,,,,,n2p,p2n,n2p,p2p,p2n,Life.BearStart,Life.Bull,Life.BullEnd,Life.BearStart,Life.BearEnd,,
2020-11-06,1.15774,,,,,1.1499,1.18123,1.20121,1.17939,1.13095,1.15147,-0.02053,-0.02754,0.00701,,,8.66,-0.64,0.64,-0.48,6.07,-0.15,43.97,-7.12,11.0,7.0,8.0,6.0,21.0,3.0,20.0,10.0,0.03,0.0,0.01286,-0.01143,1.125,52.94118,,,37.94118,95.0,73.77193,,95.0,87.22222,64.21856,,,0.2182,-0.5131,0.5131,0.2949,-0.7313,1.0262,0,0,1,,,,,,,,-0.15,1.19,1.328,1.319,1.108,1.184,1.279,2020-10-09,2020-08-26,2020-07-28,2020-10-30,2020-09-30,2020-08-13,1.14,1.18,1.24,1.04,1.12,1.17,2020-10-27,2020-10-16,2020-10-07,2020-11-02,2020-10-26,2020-10-13,1972500,3368900,4985100,-4.93,23.89,53.0,-0.017,-0.017,-0.027,-0.038,-0.018,-0.028,-0.01809,-0.02147,-0.02452,-0.02745,-0.02023,-0.02565,34.524,16.667,18.704,19.697,6.667,15.0,95.0,25.0,20.0,6.667,0.0,10.0,20.0,50.0,53.333,15.0,18.75,44.444,2020-10-21,2020-10-12,2020-10-01,2020-11-03,2020-10-14,2020-10-05,2020-10-28,2020-10-20,2020-10-16,2020-11-02,2020-10-23,2020-10-19,2020-11-06,2020-10-27,2020-10-16,2020-10-30,2020-10-23,2020-10-13,2020-10-28,2020-10-16,2020-10-07,2020-11-02,2020-10-27,2020-10-13,1,0,1,0,1,0,1,0,0,1,1,0,0,1,0,1,0,1,0,0,1,0,1,0,0,0,,,,,n2p,p2n,n2p,p2p,p2n,Life.BearStart,Life.Bull,Life.BullEnd,Life.BearStart,Life.BearEnd,,
2020-11-09,1.17327,,,,1.23,1.15606,1.18314,1.20178,1.17989,1.14619,1.15729,-0.01111,-0.02425,0.01315,,,7.22,-0.64,0.64,-0.48,6.07,-0.15,43.97,-7.12,10.0,7.0,8.0,6.0,21.0,3.0,20.0,10.0,0.03,0.0,0.015,-0.01071,1.4,58.33333,,58.333,43.33333,88.0,89.07018,,,93.98551,82.3399,,93.986,0.2189,-0.4572,0.4572,0.2383,-0.6761,0.9144,0,0,1,,,,,,,,-0.15,1.19,1.328,1.319,1.108,1.184,1.279,2020-10-09,2020-08-26,2020-07-28,2020-10-30,2020-09-30,2020-08-13,1.23,1.14,1.18,1.04,1.12,1.17,2020-11-09,2020-10-27,2020-10-16,2020-11-02,2020-10-26,2020-10-13,3368900,4985100,8194600,23.89,53.0,60.25,-0.017,-0.017,-0.027,-0.038,-0.018,-0.028,-0.01809,-0.02147,-0.02452,-0.02745,-0.02023,-0.02565,93.986,34.524,16.667,19.697,6.667,15.0,95.0,25.0,20.0,6.667,0.0,10.0,58.333,20.0,50.0,15.0,18.75,44.444,2020-10-21,2020-10-12,2020-10-01,2020-11-03,2020-10-14,2020-10-05,2020-11-09,2020-10-28,2020-10-20,2020-11-02,2020-10-23,2020-10-19,2020-11-06,2020-10-27,2020-10-16,2020-10-30,2020-10-23,2020-10-13,2020-11-09,2020-10-28,2020-10-16,2020-11-02,2020-10-27,2020-10-13,1,0,1,0,0,1,1,0,0,1,1,0,0,1,0,1,0,1,0,0,0,1,1,0,0,0,,,,,n2p,p2n,n2p,p2p,p2n,Life.BearStart,Life.Bull,Life.BullEnd,Life.BearStart,Life.BearEnd,,
2020-11-10,1.1883,,,,,1.15944,1.1838,1.20175,1.18009,1.15446,1.16045,-0.00599,-0.0206,0.01461,,,5.87,-0.64,0.64,-0.48,6.07,-0.15,43.97,-7.12,9.0,7.0,8.0,6.0,21.0,3.0,20.0,10.0,-0.0,-0.03,0.015,-0.01286,1.16667,53.84615,53.846,,-4.48685,76.0,86.33333,,,83.98551,88.39775,,,0.2166,-0.4231,0.4231,0.2065,-0.6397,0.8462,0,0,1,,,,,,,,-0.15,1.19,1.328,1.319,1.108,1.184,1.279,2020-10-09,2020-08-26,2020-07-28,2020-10-30,2020-09-30,2020-08-13,1.23,1.14,1.18,1.04,1.12,1.17,2020-11-09,2020-10-27,2020-10-16,2020-11-02,2020-10-26,2020-10-13,4985100,8194600,3543900,53.0,60.25,1.06,-0.017,-0.017,-0.027,-0.038,-0.018,-0.028,-0.01809,-0.02147,-0.02452,-0.02745,-0.02023,-0.02565,93.986,34.524,16.667,19.697,6.667,15.0,95.0,25.0,20.0,6.667,0.0,10.0,58.333,20.0,50.0,53.846,15.0,18.75,2020-10-21,2020-10-12,2020-10-01,2020-11-03,2020-10-14,2020-10-05,2020-11-09,2020-10-28,2020-10-20,2020-11-02,2020-10-23,2020-10-19,2020-11-06,2020-10-27,2020-10-16,2020-10-30,2020-10-23,2020-10-13,2020-11-09,2020-10-28,2020-10-16,2020-11-10,2020-11-02,2020-10-27,1,0,1,0,0,1,1,0,0,1,1,0,0,1,0,1,0,1,0,0,0,1,0,1,0,0,,,,,n2p,p2n,n2p,p2p,p2n,Life.BearStart,Life.Bull,Life.BullEnd,Life.BearStart,Life.BearEnd,,
2020-11-11,1.20188,,,,,1.16256,1.18444,1.20171,1.18029,1.16147,1.16338,-0.00191,-0.01686,0.01495,,,4.67,-0.64,0.64,-0.48,6.07,-0.15,43.97,-7.12,8.0,7.0,8.0,6.0,21.0,3.0,20.0,10.0,0.0,0.0,0.015,-0.01214,1.23529,55.26316,,,1.41716,76.0,80.0,,,72.31884,83.42995,,,0.2142,-0.3915,0.3915,0.1773,-0.6057,0.783,0,0,1,,,,,,,,-0.15,1.19,1.328,1.319,1.108,1.184,1.279,2020-10-09,2020-08-26,2020-07-28,2020-10-30,2020-09-30,2020-08-13,1.23,1.14,1.18,1.04,1.12,1.17,2020-11-09,2020-10-27,2020-10-16,2020-11-02,2020-10-26,2020-10-13,8194600,3543900,1672000,60.25,1.06,-19.81,-0.017,-0.017,-0.027,-0.038,-0.018,-0.028,-0.01809,-0.02147,-0.02452,-0.02745,-0.02023,-0.02565,93.986,34.524,16.667,19.697,6.667,15.0,95.0,25.0,20.0,6.667,0.0,10.0,58.333,20.0,50.0,53.846,15.0,18.75,2020-10-21,2020-10-12,2020-10-01,2020-11-03,2020-10-14,2020-10-05,2020-11-09,2020-10-28,2020-10-20,2020-11-02,2020-10-23,2020-10-19,2020-11-06,2020-10-27,2020-10-16,2020-10-30,2020-10-23,2020-10-13,2020-11-09,2020-10-28,2020-10-16,2020-11-10,2020-11-02,2020-10-27,1,0,1,0,0,1,1,0,0,1,1,0,0,1,0,1,0,1,0,0,0,1,0,1,0,0,,,,,n2p,p2n,n2p,p2p,p2n,Life.BearStart,Life.Bull,Life.BullEnd,Life.BearStart,Life.BearEnd,,
2020-11-12,1.21369,,,1.18,,1.1639,1.18426,1.20128,1.18029,1.16432,1.16461,-0.00029,-0.01355,0.01326,,,3.65,-0.64,0.64,-0.48,6.07,-0.15,43.97,-7.12,7.0,7.0,8.0,6.0,21.0,3.0,20.0,10.0,-0.0,-0.02,0.015,-0.01214,1.23529,55.26316,,,1.41716,68.0,73.33333,68.0,,50.0,68.76812,,,0.2099,-0.3738,0.3738,0.1639,-0.5837,0.7476,0,0,1,,,,,,,,-0.15,1.19,1.328,1.319,1.108,1.184,1.279,2020-10-09,2020-08-26,2020-07-28,2020-10-30,2020-09-30,2020-08-13,1.23,1.14,1.18,1.18,1.04,1.12,2020-11-09,2020-10-27,2020-10-16,2020-11-12,2020-11-02,2020-10-26,3543900,1672000,1680300,1.06,-19.81,-48.58,-0.017,-0.017,-0.027,-0.038,-0.018,-0.028,-0.01809,-0.02147,-0.02452,-0.02745,-0.02023,-0.02565,93.986,34.524,16.667,19.697,6.667,15.0,95.0,25.0,20.0,68.0,6.667,0.0,58.333,20.0,50.0,53.846,15.0,18.75,2020-10-21,2020-10-12,2020-10-01,2020-11-03,2020-10-14,2020-10-05,2020-11-09,2020-10-28,2020-10-20,2020-11-02,2020-10-23,2020-10-19,2020-11-06,2020-10-27,2020-10-16,2020-11-12,2020-10-30,2020-10-23,2020-11-09,2020-10-28,2020-10-16,2020-11-10,2020-11-02,2020-10-27,1,0,1,0,0,1,0,1,0,1,1,0,0,1,0,1,0,1,0,1,0,1,0,1,0,0,,,,,n2p,p2n,n2p,p2p,p2n,Life.BearStart,Life.Bull,Life.BullEnd,Life.BearStart,Life.BearEnd,,
2020-11-13,1.22395,,,,,1.16591,1.18449,1.20106,1.18038,1.16827,1.1665,0.00178,-0.01048,0.01226,,,2.78,-0.64,0.64,-0.48,6.07,-0.15,43.97,-7.12,6.0,7.0,8.0,6.0,21.0,3.0,20.0,10.0,0.01,0.0,0.01571,-0.01214,1.29412,56.41026,,,2.56426,72.0,72.0,,,36.66667,52.99517,,,0.2068,-0.3515,0.3515,0.1447,-0.5583,0.703,0,0,1,,,,,,,,-0.15,1.19,1.328,1.319,1.108,1.184,1.279,2020-10-09,2020-08-26,2020-07-28,2020-10-30,2020-09-30,2020-08-13,1.23,1.14,1.18,1.18,1.04,1.12,2020-11-09,2020-10-27,2020-10-16,2020-11-12,2020-11-02,2020-10-26,1672000,1680300,668500,-19.81,-48.58,-41.7,-0.017,-0.017,-0.027,-0.038,-0.018,-0.028,-0.01809,-0.02147,-0.02452,-0.02745,-0.02023,-0.02565,93.986,34.524,16.667,19.697,6.667,15.0,95.0,25.0,20.0,68.0,6.667,0.0,58.333,20.0,50.0,53.846,15.0,18.75,2020-10-21,2020-10-12,2020-10-01,2020-11-03,2020-10-14,2020-10-05,2020-11-09,2020-10-28,2020-10-20,2020-11-02,2020-10-23,2020-10-19,2020-11-06,2020-10-27,2020-10-16,2020-11-12,2020-10-30,2020-10-23,2020-11-09,2020-10-28,2020-10-16,2020-11-10,2020-11-02,2020-10-27,1,0,1,0,0,1,0,1,0,1,1,0,0,1,0,1,0,1,0,1,0,1,0,1,0,0,,,,,n2p,p2n,n2p,p2p,p2n,Life.BearStart,Life.Bull,Life.BullEnd,Life.BearStart,Life.BearEnd,,
2020-11-16,1.23298,,,,,1.17007,1.18588,1.20144,1.18078,1.17623,1.17046,0.00577,-0.00723,0.013,,,2.03,-0.64,0.64,-0.48,6.07,-0.15,43.97,-7.12,5.0,7.0,8.0,6.0,21.0,3.0,20.0,10.0,0.03,0.0,0.01786,-0.01071,1.66667,62.5,,,8.654,84.0,74.66667,,,36.66667,41.11111,36.667,,0.2066,-0.3137,0.3137,0.1071,-0.5203,0.6274,0,0,1,,,,,,,,-0.15,1.19,1.328,1.319,1.108,1.184,1.279,2020-10-09,2020-08-26,2020-07-28,2020-10-30,2020-09-30,2020-08-13,1.23,1.14,1.18,1.18,1.04,1.12,2020-11-09,2020-10-27,2020-10-16,2020-11-12,2020-11-02,2020-10-26,1680300,668500,6094600,-48.58,-41.7,109.99,-0.017,-0.017,-0.027,-0.038,-0.018,-0.028,-0.01809,-0.02147,-0.02452,-0.02745,-0.02023,-0.02565,93.986,34.524,16.667,36.667,19.697,6.667,95.0,25.0,20.0,68.0,6.667,0.0,58.333,20.0,50.0,53.846,15.0,18.75,2020-10-21,2020-10-12,2020-10-01,2020-11-03,2020-10-14,2020-10-05,2020-11-09,2020-10-28,2020-10-20,2020-11-16,2020-11-02,2020-10-23,2020-11-06,2020-10-27,2020-10-16,2020-11-12,2020-10-30,2020-10-23,2020-11-09,2020-10-28,2020-10-16,2020-11-10,2020-11-02,2020-10-27,1,0,1,0,0,1,0,1,0,1,1,0,0,1,0,1,0,1,0,1,0,1,0,1,0,0,6094600.0,,,,p2n,n2p,p2p,p2n,n2p,Life.BearStart,Life.Bull,Life.BullEnd,Life.BearStart,Life.BearEnd,,
2020-11-17,1.24114,,,,1.3,1.18007,1.19036,1.20339,1.18196,1.19527,1.18005,0.01522,-0.00274,0.01796,,,1.36,-0.64,0.64,-0.48,6.07,-0.15,43.97,-7.12,4.0,7.0,8.0,6.0,21.0,3.0,20.0,10.0,0.08,0.0,0.02214,-0.01071,2.06667,67.3913,,67.391,13.5453,96.66667,84.22222,,96.667,61.11111,44.81481,,,0.2143,-0.2332,0.2332,0.0189,-0.4475,0.4664,0,1,1,,,,,,,,-0.15,1.19,1.328,1.319,1.108,1.184,1.279,2020-10-09,2020-08-26,2020-07-28,2020-10-30,2020-09-30,2020-08-13,1.3,1.23,1.14,1.18,1.04,1.12,2020-11-17,2020-11-09,2020-10-27,2020-11-12,2020-11-02,2020-10-26,668500,6094600,9398400,-41.7,109.99,91.41,-0.017,-0.017,-0.027,-0.038,-0.018,-0.028,-0.01809,-0.02147,-0.02452,-0.02745,-0.02023,-0.02565,93.986,34.524,16.667,36.667,19.697,6.667,96.667,95.0,25.0,68.0,6.667,0.0,67.391,58.333,20.0,53.846,15.0,18.75,2020-10-21,2020-10-12,2020-10-01,2020-11-03,2020-10-14,2020-10-05,2020-11-09,2020-10-28,2020-10-20,2020-11-16,2020-11-02,2020-10-23,2020-11-17,2020-11-06,2020-10-27,2020-11-12,2020-10-30,2020-10-23,2020-11-17,2020-11-09,2020-10-28,2020-11-10,2020-11-02,2020-10-27,1,0,1,0,0,1,0,1,0,1,1,0,0,1,0,1,0,1,0,1,0,1,0,1,0,0,,,,,p2n,n2p,p2p,p2n,n2p,Life.BearStart,Life.Bull,Life.BullEnd,Life.BearStart,Life.BearEnd,,
2020-11-18,1.24826,,,,,1.18621,1.19309,1.20451,1.18274,1.20523,1.18598,0.01925,0.00166,0.0176,,,0.78,-0.64,0.64,-0.48,6.07,-0.15,43.97,-7.12,3.0,7.0,8.0,6.0,21.0,3.0,20.0,10.0,-0.0,-0.04,0.02214,-0.01214,1.82353,64.58333,64.583,,-2.80767,83.33333,88.0,,,73.33333,57.03704,,,0.2177,-0.183,0.2177,0.0,-0.4007,0.4007,0,1,1,,,,,,,,-0.15,1.19,1.328,1.319,1.108,1.184,1.279,2020-10-09,2020-08-26,2020-07-28,2020-10-30,2020-09-30,2020-08-13,1.3,1.23,1.14,1.18,1.04,1.12,2020-11-17,2020-11-09,2020-10-27,2020-11-12,2020-11-02,2020-10-26,6094600,9398400,4449500,109.99,91.41,23.4,-0.017,-0.017,-0.027,-0.038,-0.018,-0.028,-0.01809,-0.02147,-0.02452,-0.02745,-0.02023,-0.02565,93.986,34.524,16.667,36.667,19.697,6.667,96.667,95.0,25.0,68.0,6.667,0.0,67.391,58.333,20.0,64.583,53.846,15.0,2020-10-21,2020-10-12,2020-10-01,2020-11-03,2020-10-14,2020-10-05,2020-11-09,2020-10-28,2020-10-20,2020-11-16,2020-11-02,2020-10-23,2020-11-17,2020-11-06,2020-10-27,2020-11-12,2020-10-30,2020-10-23,2020-11-17,2020-11-09,2020-10-28,2020-11-18,2020-11-10,2020-11-02,1,0,1,0,0,1,0,1,0,1,1,0,0,1,0,1,0,1,0,1,0,1,0,1,0,0,,,,,p2n,n2p,p2p,p2n,n2p,Life.BearStart,Life.Bull,Life.BullEnd,Life.BearStart,Life.BearEnd,,
2020-11-19,1.25375,,,1.26,,1.19189,1.19571,1.20561,1.18351,1.21366,1.19146,0.0222,0.00576,0.01643,,,0.34,-0.64,0.64,-0.48,6.07,-0.15,43.97,-7.12,2.0,7.0,8.0,6.0,21.0,3.0,20.0,10.0,0.0,0.0,0.02214,-0.00857,2.58333,72.09302,,,7.51002,83.33333,87.77778,83.333,,75.55556,70.0,,75.556,0.221,-0.1372,0.221,0.0,-0.3582,0.3582,0,1,1,,,,,,,,-0.15,1.19,1.328,1.319,1.108,1.184,1.279,2020-10-09,2020-08-26,2020-07-28,2020-10-30,2020-09-30,2020-08-13,1.3,1.23,1.14,1.26,1.18,1.04,2020-11-17,2020-11-09,2020-10-27,2020-11-19,2020-11-12,2020-11-02,9398400,4449500,1464500,91.41,23.4,-23.22,-0.017,-0.017,-0.027,-0.038,-0.018,-0.028,-0.01809,-0.02147,-0.02452,-0.02745,-0.02023,-0.02565,75.556,93.986,34.524,36.667,19.697,6.667,96.667,95.0,25.0,83.333,68.0,6.667,67.391,58.333,20.0,64.583,53.846,15.0,2020-10-21,2020-10-12,2020-10-01,2020-11-03,2020-10-14,2020-10-05,2020-11-19,2020-11-09,2020-10-28,2020-11-16,2020-11-02,2020-10-23,2020-11-17,2020-11-06,2020-10-27,2020-11-19,2020-11-12,2020-10-30,2020-11-17,2020-11-09,2020-10-28,2020-11-18,2020-11-10,2020-11-02,1,0,1,0,0,1,0,1,0,1,1,0,0,0,0,1,0,1,0,1,0,1,0,1,0,0,,,1464500.0,,n2p,p2p,p2n,n2p,p2n,Life.BearStart,Life.Bull,Life.BullEnd,Life.BearStart,Life.BearEnd,,
2020-11-20,1.257,,,,,1.19867,1.19902,1.20708,1.18447,1.22386,1.19802,0.02584,0.00978,0.01606,,,0.08,-0.64,0.64,-0.48,6.07,-0.15,43.97,-7.12,1.0,7.0,8.0,6.0,21.0,3.0,20.0,10.0,0.02,0.0,0.02357,-0.00643,3.66667,78.57143,,78.571,13.98843,89.28571,85.31746,,89.286,69.44444,72.77778,,,0.2261,-0.0841,0.2261,0.0,-0.3102,0.3102,1,1,1,,,,,,,,-0.15,1.19,1.328,1.319,1.108,1.184,1.279,2020-10-09,2020-08-26,2020-07-28,2020-10-30,2020-09-30,2020-08-13,1.3,1.23,1.14,1.26,1.18,1.04,2020-11-17,2020-11-09,2020-10-27,2020-11-19,2020-11-12,2020-11-02,4449500,1464500,4400900,23.4,-23.22,-32.64,-0.017,-0.017,-0.027,-0.038,-0.018,-0.028,-0.01809,-0.02147,-0.02452,-0.02745,-0.02023,-0.02565,75.556,93.986,34.524,36.667,19.697,6.667,89.286,96.667,95.0,83.333,68.0,6.667,78.571,67.391,58.333,64.583,53.846,15.0,2020-10-21,2020-10-12,2020-10-01,2020-11-03,2020-10-14,2020-10-05,2020-11-19,2020-11-09,2020-10-28,2020-11-16,2020-11-02,2020-10-23,2020-11-20,2020-11-17,2020-11-06,2020-11-19,2020-11-12,2020-10-30,2020-11-20,2020-11-17,2020-11-09,2020-11-18,2020-11-10,2020-11-02,1,0,1,0,0,1,0,1,0,1,1,0,0,0,0,1,1,0,0,1,0,1,0,1,0,0,,,,,n2p,p2p,p2n,n2p,p2n,Life.BearStart,Life.Bull,Life.BullEnd,Life.BearStart,Life.BearEnd,,
2020-11-23,1.2579,,1.258,,1.28,1.20492,1.20219,1.20852,1.18542,1.2325,1.20409,0.02841,0.01351,0.0149,,,-0.63,0.64,-0.48,6.07,-0.15,43.97,-7.12,7.56,7.0,8.0,6.0,21.0,3.0,20.0,10.0,10.0,0.0,0.0,0.02286,-0.00643,3.55556,78.04878,,,-0.52222,88.0,86.87302,,,68.05556,71.01852,,,0.231,-0.0633,0.231,0.0,-0.2943,0.2943,1,1,1,,,,,,,,-0.15,1.258,1.19,1.328,1.108,1.184,1.279,2020-11-23,2020-10-09,2020-08-26,2020-10-30,2020-09-30,2020-08-13,1.28,1.3,1.23,1.26,1.18,1.04,2020-11-23,2020-11-17,2020-11-09,2020-11-19,2020-11-12,2020-11-02,1464500,4400900,1249500,-23.22,-32.64,-31.02,-0.017,-0.017,-0.027,-0.038,-0.018,-0.028,-0.01809,-0.02147,-0.02452,-0.02745,-0.02023,-0.02565,75.556,93.986,34.524,36.667,19.697,6.667,89.286,96.667,95.0,83.333,68.0,6.667,78.571,67.391,58.333,64.583,53.846,15.0,2020-10-21,2020-10-12,2020-10-01,2020-11-03,2020-10-14,2020-10-05,2020-11-19,2020-11-09,2020-10-28,2020-11-16,2020-11-02,2020-10-23,2020-11-20,2020-11-17,2020-11-06,2020-11-19,2020-11-12,2020-10-30,2020-11-20,2020-11-17,2020-11-09,2020-11-18,2020-11-10,2020-11-02,0,0,1,0,0,0,0,1,0,1,1,0,0,0,0,1,1,0,0,1,0,1,0,1,0,0,,,,,n2p,p2p,p2n,n2p,p2n,Life.BearStart,Life.Bull,Life.BullEnd,Life.BearStart,Life.BearEnd,,
2020-11-24,1.25688,,,,,1.20839,1.20407,1.20935,1.18606,1.23519,1.20749,0.0277,0.01634,0.01136,,0.028,-0.55,0.64,-0.48,6.07,-0.15,43.97,-7.12,7.56,6.0,8.0,6.0,21.0,3.0,20.0,10.0,10.0,-0.0,-0.03,0.02,-0.00857,2.33333,70.0,,,-8.571,70.0,82.42857,,,54.16667,63.88889,,,0.2329,-0.0528,0.2329,0.0,-0.2857,0.2857,1,1,1,,,,,,,,-0.15,1.258,1.19,1.328,1.108,1.184,1.279,2020-11-23,2020-10-09,2020-08-26,2020-10-30,2020-09-30,2020-08-13,1.28,1.3,1.23,1.26,1.18,1.04,2020-11-23,2020-11-17,2020-11-09,2020-11-19,2020-11-12,2020-11-02,4400900,1249500,2430000,-32.64,-31.02,13.57,0.028,-0.017,-0.017,-0.038,-0.018,-0.028,0.01634,-0.01809,-0.02147,-0.02745,-0.02023,-0.02565,75.556,93.986,34.524,36.667,19.697,6.667,89.286,96.667,95.0,83.333,68.0,6.667,78.571,67.391,58.333,64.583,53.846,15.0,2020-11-24,2020-10-21,2020-10-12,2020-11-03,2020-10-14,2020-10-05,2020-11-19,2020-11-09,2020-10-28,2020-11-16,2020-11-02,2020-10-23,2020-11-20,2020-11-17,2020-11-06,2020-11-19,2020-11-12,2020-10-30,2020-11-20,2020-11-17,2020-11-09,2020-11-18,2020-11-10,2020-11-02,0,0,1,0,0,0,0,1,0,1,1,0,0,0,0,1,1,0,0,1,0,1,0,1,0,0,-2430000.0,,,,p2p,p2n,n2p,p2n,n2p,Life.BearStart,Life.Bull,Life.BullEnd,Life.BearStart,Life.BearEnd,,
2020-11-25,1.25468,,,1.24,,1.21082,1.20548,1.20995,1.1866,1.23593,1.2099,0.02603,0.01828,0.00775,,,-0.37,0.64,-0.48,6.07,-0.15,43.97,-7.12,7.56,5.0,8.0,6.0,21.0,3.0,20.0,10.0,10.0,-0.0,-0.01,0.01429,-0.00929,1.53846,60.60606,,,-17.96494,53.33333,70.44444,53.333,,33.33333,51.85185,,,0.2335,0.0534,0.2422,0.0087,-0.1801,0.1888,1,1,1,,0.15,,,,,,,1.258,1.19,1.328,1.108,1.184,1.279,2020-11-23,2020-10-09,2020-08-26,2020-10-30,2020-09-30,2020-08-13,1.28,1.3,1.23,1.24,1.26,1.18,2020-11-23,2020-11-17,2020-11-09,2020-11-25,2020-11-19,2020-11-12,1249500,2430000,1162400,-31.02,13.57,-40.08,0.028,-0.017,-0.017,-0.038,-0.018,-0.028,0.01634,-0.01809,-0.02147,-0.02745,-0.02023,-0.02565,75.556,93.986,34.524,36.667,19.697,6.667,89.286,96.667,95.0,53.333,83.333,68.0,78.571,67.391,58.333,64.583,53.846,15.0,2020-11-24,2020-10-21,2020-10-12,2020-11-03,2020-10-14,2020-10-05,2020-11-19,2020-11-09,2020-10-28,2020-11-16,2020-11-02,2020-10-23,2020-11-20,2020-11-17,2020-11-06,2020-11-25,2020-11-19,2020-11-12,2020-11-20,2020-11-17,2020-11-09,2020-11-18,2020-11-10,2020-11-02,0,0,1,0,0,0,0,0,0,1,1,0,0,0,0,1,1,0,1,0,0,1,0,1,0,0,,,-1162400.0,,p2n,n2p,p2n,n2p,p2n,Life.Bull,Life.BullEnd,Life.BearStart,Life.BearEnd,Life.Bull,,
2020-11-26,1.25228,,,,1.26,1.21461,1.20761,1.21094,1.18733,1.23963,1.21361,0.02602,0.01983,0.00619,,,-0.18,0.64,-0.48,6.07,-0.15,43.97,-7.12,7.56,4.0,8.0,6.0,21.0,3.0,20.0,10.0,10.0,0.02,0.0,0.01357,-0.00929,1.46154,59.375,,,-19.196,66.66667,63.33333,,66.667,25.0,37.5,,,0.2361,0.07,0.2728,0.0367,-0.1661,0.2028,1,1,1,,0.15,,,,,,,1.258,1.19,1.328,1.108,1.184,1.279,2020-11-23,2020-10-09,2020-08-26,2020-10-30,2020-09-30,2020-08-13,1.26,1.28,1.3,1.24,1.26,1.18,2020-11-26,2020-11-23,2020-11-17,2020-11-25,2020-11-19,2020-11-12,2430000,1162400,1581500,13.57,-40.08,6.86,0.028,-0.017,-0.017,-0.038,-0.018,-0.028,0.01634,-0.01809,-0.02147,-0.02745,-0.02023,-0.02565,75.556,93.986,34.524,36.667,19.697,6.667,66.667,89.286,96.667,53.333,83.333,68.0,78.571,67.391,58.333,64.583,53.846,15.0,2020-11-24,2020-10-21,2020-10-12,2020-11-03,2020-10-14,2020-10-05,2020-11-19,2020-11-09,2020-10-28,2020-11-16,2020-11-02,2020-10-23,2020-11-26,2020-11-20,2020-11-17,2020-11-25,2020-11-19,2020-11-12,2020-11-20,2020-11-17,2020-11-09,2020-11-18,2020-11-10,2020-11-02,0,0,1,0,1,0,0,0,0,1,1,0,0,0,0,1,1,0,1,0,0,1,0,1,0,0,1581500.0,,,,n2p,p2n,n2p,p2n,n2p,Life.Bull,Life.BullEnd,Life.BearStart,Life.BearEnd,Life.Bull,,
2020-11-27,1.25059,,,1.23,,1.21579,1.20849,1.21132,1.18775,1.23815,1.21482,0.02333,0.02053,0.0028,,,-0.05,0.64,-0.48,6.07,-0.15,43.97,-7.12,7.56,3.0,8.0,6.0,21.0,3.0,20.0,10.0,10.0,-0.0,-0.03,0.01143,-0.01143,1.0,50.0,50.0,,-28.571,46.66667,55.55556,46.667,,16.66667,25.0,16.667,,0.2357,0.073,0.2804,0.0447,-0.1627,0.2074,1,1,1,,0.15,,,,,,,1.258,1.19,1.328,1.108,1.184,1.279,2020-11-23,2020-10-09,2020-08-26,2020-10-30,2020-09-30,2020-08-13,1.26,1.28,1.3,1.23,1.24,1.26,2020-11-26,2020-11-23,2020-11-17,2020-11-27,2020-11-25,2020-11-19,1162400,1581500,1605100,-40.08,6.86,-15.94,0.028,-0.017,-0.017,-0.038,-0.018,-0.028,0.01634,-0.01809,-0.02147,-0.02745,-0.02023,-0.02565,75.556,93.986,34.524,16.667,36.667,19.697,66.667,89.286,96.667,46.667,53.333,83.333,78.571,67.391,58.333,50.0,64.583,53.846,2020-11-24,2020-10-21,2020-10-12,2020-11-03,2020-10-14,2020-10-05,2020-11-19,2020-11-09,2020-10-28,2020-11-27,2020-11-16,2020-11-02,2020-11-26,2020-11-20,2020-11-17,2020-11-27,2020-11-25,2020-11-19,2020-11-20,2020-11-17,2020-11-09,2020-11-27,2020-11-18,2020-11-10,0,0,1,0,1,0,1,0,0,1,1,0,0,0,1,0,1,0,1,0,0,1,1,0,0,0,,,,,n2p,p2n,n2p,p2n,n2p,Life.Bull,Life.BullEnd,Life.BearStart,Life.BearEnd,Life.Bull,,
2020-11-30,1.2498,,,,,1.21765,1.20973,1.21189,1.18827,1.23844,1.21669,0.02175,0.02077,0.00097,,,0.02,0.64,-0.48,6.07,-0.15,43.97,-7.12,7.56,2.0,8.0,6.0,21.0,3.0,20.0,10.0,10.0,0.01,0.0,0.01214,-0.00929,1.30769,56.66667,,,6.66667,53.33333,55.55556,,,19.16667,20.27778,,19.167,0.2362,0.0792,0.2938,0.0576,-0.157,0.2146,1,1,1,,0.15,,,,,,,1.258,1.19,1.328,1.108,1.184,1.279,2020-11-23,2020-10-09,2020-08-26,2020-10-30,2020-09-30,2020-08-13,1.26,1.28,1.3,1.23,1.24,1.26,2020-11-26,2020-11-23,2020-11-17,2020-11-27,2020-11-25,2020-11-19,1581500,1605100,1158500,6.86,-15.94,-0.09,0.028,-0.017,-0.017,-0.038,-0.018,-0.028,0.01634,-0.01809,-0.02147,-0.02745,-0.02023,-0.02565,19.167,75.556,93.986,16.667,36.667,19.697,66.667,89.286,96.667,46.667,53.333,83.333,78.571,67.391,58.333,50.0,64.583,53.846,2020-11-24,2020-10-21,2020-10-12,2020-11-03,2020-10-14,2020-10-05,2020-11-30,2020-11-19,2020-11-09,2020-11-27,2020-11-16,2020-11-02,2020-11-26,2020-11-20,2020-11-17,2020-11-27,2020-11-25,2020-11-19,2020-11-20,2020-11-17,2020-11-09,2020-11-27,2020-11-18,2020-11-10,0,0,1,0,1,0,1,0,0,1,1,0,1,0,1,0,1,0,1,0,0,1,1,0,0,0,,,,,n2p,p2n,n2p,p2n,n2p,Life.Bull,Life.BullEnd,Life.BearStart,Life.BearEnd,Life.Bull,,
2020-12-01,1.24971,,,,,1.21937,1.21091,1.21245,1.18879,1.23868,1.21842,0.02026,0.02067,-0.00041,0.02,,0.02,0.64,-0.48,6.07,-0.15,43.97,-7.12,7.56,1.0,8.0,6.0,21.0,3.0,20.0,10.0,10.0,0.0,0.0,0.01214,-0.00929,1.30769,56.66667,,,6.66667,53.33333,51.11111,,,15.0,16.94444,15.0,,0.2366,0.0846,0.3058,0.0692,-0.152,0.2212,1,1,1,,0.15,,,,,,,1.258,1.19,1.328,1.108,1.184,1.279,2020-11-23,2020-10-09,2020-08-26,2020-10-30,2020-09-30,2020-08-13,1.26,1.28,1.3,1.23,1.24,1.26,2020-11-26,2020-11-23,2020-11-17,2020-11-27,2020-11-25,2020-11-19,1605100,1158500,735700,-15.94,-0.09,-19.47,0.028,-0.017,-0.017,0.02,-0.038,-0.018,0.01634,-0.01809,-0.02147,0.02067,-0.02745,-0.02023,19.167,75.556,93.986,15.0,16.667,36.667,66.667,89.286,96.667,46.667,53.333,83.333,78.571,67.391,58.333,50.0,64.583,53.846,2020-11-24,2020-10-21,2020-10-12,2020-12-01,2020-11-03,2020-10-14,2020-11-30,2020-11-19,2020-11-09,2020-12-01,2020-11-27,2020-11-16,2020-11-26,2020-11-20,2020-11-17,2020-11-27,2020-11-25,2020-11-19,2020-11-20,2020-11-17,2020-11-09,2020-11-27,2020-11-18,2020-11-10,0,0,1,0,1,0,1,0,0,1,0,1,1,0,1,0,1,0,1,0,0,1,1,0,0,0,,,,,n2p,p2n,n2p,p2n,n2p,Life.Bull,Life.BullEnd,Life.BearStart,Life.BearEnd,Life.Bull,,
2020-12-02,1.25033,1.25,,,1.27,1.22327,1.21323,1.21358,1.1896,1.2435,1.22224,0.02126,0.02079,0.00047,,0.021,0.61,-0.48,6.07,-0.15,43.97,-7.12,7.56,-1.63,8.0,6.0,21.0,3.0,20.0,10.0,10.0,5.0,0.03,0.0,0.01429,-0.00786,1.81818,64.51613,,64.516,14.51613,73.33333,60.0,,73.333,48.33333,27.5,,,0.2398,0.1004,0.3367,0.0969,-0.1394,0.2363,1,1,1,,0.15,,,,,,,1.258,1.19,1.328,1.25,1.108,1.184,2020-11-23,2020-10-09,2020-08-26,2020-12-02,2020-10-30,2020-09-30,1.27,1.26,1.28,1.23,1.24,1.26,2020-12-02,2020-11-26,2020-11-23,2020-11-27,2020-11-25,2020-11-19,1158500,735700,3548000,-0.09,-19.47,55.52,0.021,0.028,-0.017,0.02,-0.038,-0.018,0.02079,0.01634,-0.01809,0.02067,-0.02745,-0.02023,19.167,75.556,93.986,15.0,16.667,36.667,73.333,66.667,89.286,46.667,53.333,83.333,64.516,78.571,67.391,50.0,64.583,53.846,2020-12-02,2020-11-24,2020-10-21,2020-12-01,2020-11-03,2020-10-14,2020-11-30,2020-11-19,2020-11-09,2020-12-01,2020-11-27,2020-11-16,2020-12-02,2020-11-26,2020-11-20,2020-11-27,2020-11-25,2020-11-19,2020-12-02,2020-11-20,2020-11-17,2020-11-27,2020-11-18,2020-11-10,0,0,0,1,0,0,1,0,0,0,0,1,1,0,1,0,0,0,1,0,1,0,1,0,0,0,3548000.0,,,,p2n,n2p,p2n,n2p,n2p,Life.Bull,Life.BullEnd,Life.BearStart,Life.BearEnd,Life.Bull,,
2020-12-03,1.25157,,,,,1.22532,1.21467,1.21431,1.1902,1.2445,1.22429,0.0202,0.02067,-0.00047,,,0.51,-0.48,6.07,-0.15,43.97,-7.12,7.56,-1.63,7.0,6.0,21.0,3.0,20.0,10.0,10.0,5.0,-0.0,-0.02,0.01357,-0.00929,1.46154,59.375,,,-5.141,50.0,58.88889,,,58.33333,40.55556,,,0.2447,0.1101,0.3512,0.1065,-0.1346,0.2411,1,1,1,,0.15,,,,,,,1.258,1.19,1.328,1.25,1.108,1.184,2020-11-23,2020-10-09,2020-08-26,2020-12-02,2020-10-30,2020-09-30,1.27,1.26,1.28,1.23,1.24,1.26,2020-12-02,2020-11-26,2020-11-23,2020-11-27,2020-11-25,2020-11-19,735700,3548000,1711100,-19.47,55.52,10.15,0.021,0.028,-0.017,0.02,-0.038,-0.018,0.02079,0.01634,-0.01809,0.02067,-0.02745,-0.02023,19.167,75.556,93.986,15.0,16.667,36.667,73.333,66.667,89.286,46.667,53.333,83.333,64.516,78.571,67.391,50.0,64.583,53.846,2020-12-02,2020-11-24,2020-10-21,2020-12-01,2020-11-03,2020-10-14,2020-11-30,2020-11-19,2020-11-09,2020-12-01,2020-11-27,2020-11-16,2020-12-02,2020-11-26,2020-11-20,2020-11-27,2020-11-25,2020-11-19,2020-12-02,2020-11-20,2020-11-17,2020-11-27,2020-11-18,2020-11-10,0,0,0,1,0,0,1,0,0,0,0,1,1,0,1,0,0,0,1,0,1,0,1,0,0,0,,,,,p2n,n2p,p2n,n2p,n2p,Life.Bull,Life.BullEnd,Life.BearStart,Life.BearEnd,Life.Bull,,
2020-12-04,1.25299,,,1.25,,1.22722,1.21606,1.21501,1.19079,1.24534,1.2262,0.01915,0.02037,-0.00122,,,0.4,-0.48,6.07,-0.15,43.97,-7.12,7.56,-1.63,6.0,6.0,21.0,3.0,20.0,10.0,10.0,5.0,0.0,0.0,0.01143,-0.00929,1.23077,55.17241,,,-9.34359,25.0,49.44444,25.0,,66.66667,57.77778,,66.667,0.2527,0.1221,0.3643,0.1116,-0.1306,0.2422,1,1,1,,0.15,,,,,,,1.258,1.19,1.328,1.25,1.108,1.184,2020-11-23,2020-10-09,2020-08-26,2020-12-02,2020-10-30,2020-09-30,1.27,1.26,1.28,1.25,1.23,1.24,2020-12-02,2020-11-26,2020-11-23,2020-12-04,2020-11-27,2020-11-25,3548000,1711100,1131300,55.52,10.15,6.6,0.021,0.028,-0.017,0.02,-0.038,-0.018,0.02079,0.01634,-0.01809,0.02067,-0.02745,-0.02023,66.667,19.167,75.556,15.0,16.667,36.667,73.333,66.667,89.286,25.0,46.667,53.333,64.516,78.571,67.391,50.0,64.583,53.846,2020-12-02,2020-11-24,2020-10-21,2020-12-01,2020-11-03,2020-10-14,2020-12-04,2020-11-30,2020-11-19,2020-12-01,2020-11-27,2020-11-16,2020-12-02,2020-11-26,2020-11-20,2020-12-04,2020-11-27,2020-11-25,2020-12-02,2020-11-20,2020-11-17,2020-11-27,2020-11-18,2020-11-10,0,0,0,1,0,0,0,1,0,0,0,1,0,0,1,0,0,0,1,0,1,0,1,0,0,0,,,,,p2n,n2p,p2n,n2p,n2p,Life.Bull,Life.BullEnd,Life.BearStart,Life.BearEnd,Life.Bull,,
2020-12-07,1.2543,,,,,1.22974,1.21778,1.2159,1.19148,1.2476,1.2287,0.0189,0.02007,-0.00118,,,0.3,-0.48,6.07,-0.15,43.97,-7.12,7.56,-1.63,5.0,6.0,21.0,3.0,20.0,10.0,10.0,5.0,0.01,0.0,0.00643,-0.00929,0.69231,40.90909,40.909,,-23.60691,37.5,37.5,,,47.61905,57.53968,,,0.263,0.1384,0.3826,0.1196,-0.1246,0.2442,1,1,1,,0.15,,,,,,,1.258,1.19,1.328,1.25,1.108,1.184,2020-11-23,2020-10-09,2020-08-26,2020-12-02,2020-10-30,2020-09-30,1.27,1.26,1.28,1.25,1.23,1.24,2020-12-02,2020-11-26,2020-11-23,2020-12-04,2020-11-27,2020-11-25,1711100,1131300,2796300,10.15,6.6,-11.76,0.021,0.028,-0.017,0.02,-0.038,-0.018,0.02079,0.01634,-0.01809,0.02067,-0.02745,-0.02023,66.667,19.167,75.556,15.0,16.667,36.667,73.333,66.667,89.286,25.0,46.667,53.333,64.516,78.571,67.391,40.909,50.0,64.583,2020-12-02,2020-11-24,2020-10-21,2020-12-01,2020-11-03,2020-10-14,2020-12-04,2020-11-30,2020-11-19,2020-12-01,2020-11-27,2020-11-16,2020-12-02,2020-11-26,2020-11-20,2020-12-04,2020-11-27,2020-11-25,2020-12-02,2020-11-20,2020-11-17,2020-12-07,2020-11-27,2020-11-18,0,0,0,1,0,0,0,1,0,0,0,1,0,0,1,0,0,0,1,0,1,0,1,0,0,0,,,,,p2n,n2p,p2n,n2p,n2p,Life.Bull,Life.BullEnd,Life.BearStart,Life.BearEnd,Life.Bull,,
2020-12-08,1.25542,,,,1.26,1.23207,1.21944,1.21678,1.19216,1.24951,1.23102,0.01849,0.01975,-0.00127,,,0.21,-0.48,6.07,-0.15,43.97,-7.12,7.56,-1.63,4.0,6.0,21.0,3.0,20.0,10.0,10.0,5.0,0.0,0.0,0.00643,-0.00643,1.0,50.0,,50.0,9.091,37.5,33.33333,,37.5,45.2381,53.1746,,,0.2728,0.1529,0.3991,0.1263,-0.1199,0.2462,1,1,1,,0.15,,,,,,,1.258,1.19,1.328,1.25,1.108,1.184,2020-11-23,2020-10-09,2020-08-26,2020-12-02,2020-10-30,2020-09-30,1.26,1.27,1.26,1.25,1.23,1.24,2020-12-08,2020-12-02,2020-11-26,2020-12-04,2020-11-27,2020-11-25,1131300,2796300,1621100,6.6,-11.76,-1.6,0.021,0.028,-0.017,0.02,-0.038,-0.018,0.02079,0.01634,-0.01809,0.02067,-0.02745,-0.02023,66.667,19.167,75.556,15.0,16.667,36.667,37.5,73.333,66.667,25.0,46.667,53.333,50.0,64.516,78.571,40.909,50.0,64.583,2020-12-02,2020-11-24,2020-10-21,2020-12-01,2020-11-03,2020-10-14,2020-12-04,2020-11-30,2020-11-19,2020-12-01,2020-11-27,2020-11-16,2020-12-08,2020-12-02,2020-11-26,2020-12-04,2020-11-27,2020-11-25,2020-12-08,2020-12-02,2020-11-20,2020-12-07,2020-11-27,2020-11-18,0,0,0,1,1,0,0,1,0,0,0,1,0,0,1,0,1,0,1,0,1,0,1,0,0,0,,,,,p2n,n2p,p2n,n2p,n2p,Life.Bull,Life.BullEnd,Life.BearStart,Life.BearEnd,Life.Bull,,
2020-12-09,1.25629,,,,,1.23345,1.22064,1.21743,1.19274,1.24958,1.23243,0.01716,0.01924,-0.00208,,,0.14,-0.48,6.07,-0.15,43.97,-7.12,7.56,-1.63,3.0,6.0,21.0,3.0,20.0,10.0,10.0,5.0,-0.0,-0.01,0.00643,-0.00714,0.9,47.36842,,,-2.63158,25.0,33.33333,,,34.12698,42.32804,,,0.279,0.1602,0.4071,0.1281,-0.1188,0.2469,1,1,1,,0.15,,,,,,,1.258,1.19,1.328,1.25,1.108,1.184,2020-11-23,2020-10-09,2020-08-26,2020-12-02,2020-10-30,2020-09-30,1.26,1.27,1.26,1.25,1.23,1.24,2020-12-08,2020-12-02,2020-11-26,2020-12-04,2020-11-27,2020-11-25,2796300,1621100,1554800,-11.76,-1.6,7.63,0.021,0.028,-0.017,0.02,-0.038,-0.018,0.02079,0.01634,-0.01809,0.02067,-0.02745,-0.02023,66.667,19.167,75.556,15.0,16.667,36.667,37.5,73.333,66.667,25.0,46.667,53.333,50.0,64.516,78.571,40.909,50.0,64.583,2020-12-02,2020-11-24,2020-10-21,2020-12-01,2020-11-03,2020-10-14,2020-12-04,2020-11-30,2020-11-19,2020-12-01,2020-11-27,2020-11-16,2020-12-08,2020-12-02,2020-11-26,2020-12-04,2020-11-27,2020-11-25,2020-12-08,2020-12-02,2020-11-20,2020-12-07,2020-11-27,2020-11-18,0,0,0,1,1,0,0,1,0,0,0,1,0,0,1,0,1,0,1,0,1,0,1,0,0,0,,,,,p2n,n2p,p2n,n2p,n2p,Life.Bull,Life.BullEnd,Life.BearStart,Life.BearEnd,Life.Bull,,
2020-12-10,1.25692,,,1.24,,1.23395,1.2214,1.21788,1.19321,1.24811,1.23299,0.01512,0.01841,-0.00329,0.015,,0.09,-0.48,6.07,-0.15,43.97,-7.12,7.56,-1.63,2.0,6.0,21.0,3.0,20.0,10.0,10.0,5.0,-0.0,-0.01,0.005,-0.00786,0.63636,38.88889,38.889,,-11.11111,14.28571,25.59524,14.286,,24.60317,34.65608,24.603,,0.2819,0.1607,0.4074,0.1255,-0.1212,0.2467,1,1,1,,0.15,,,,,,,1.258,1.19,1.328,1.25,1.108,1.184,2020-11-23,2020-10-09,2020-08-26,2020-12-02,2020-10-30,2020-09-30,1.26,1.27,1.26,1.24,1.25,1.23,2020-12-08,2020-12-02,2020-11-26,2020-12-10,2020-12-04,2020-11-27,1621100,1554800,1150300,-1.6,7.63,-27.56,0.021,0.028,-0.017,0.015,0.02,-0.038,0.02079,0.01634,-0.01809,0.01841,0.02067,-0.02745,66.667,19.167,75.556,24.603,15.0,16.667,37.5,73.333,66.667,14.286,25.0,46.667,50.0,64.516,78.571,38.889,40.909,50.0,2020-12-02,2020-11-24,2020-10-21,2020-12-10,2020-12-01,2020-11-03,2020-12-04,2020-11-30,2020-11-19,2020-12-10,2020-12-01,2020-11-27,2020-12-08,2020-12-02,2020-11-26,2020-12-10,2020-12-04,2020-11-27,2020-12-08,2020-12-02,2020-11-20,2020-12-10,2020-12-07,2020-11-27,0,0,0,1,1,0,0,0,0,0,0,0,0,0,0,1,1,0,1,0,1,0,1,0,0,0,,,,,p2n,n2p,p2n,n2p,n2p,Life.Bull,Life.BullEnd,Life.BearStart,Life.BearEnd,Life.Bull,,
2020-12-11,1.25734,,,,1.28,1.23749,1.22369,1.21911,1.19407,1.25301,1.23647,0.01654,0.01804,-0.00149,,0.017,0.05,-0.48,6.07,-0.15,43.97,-7.12,7.56,-1.63,1.0,6.0,21.0,3.0,20.0,10.0,10.0,5.0,0.04,0.0,0.00786,-0.00786,1.0,50.0,,,11.111,71.42857,36.90476,,71.429,34.12698,30.95238,,,0.2962,0.1838,0.4342,0.138,-0.1124,0.2504,1,1,1,,0.15,,,,,,,1.258,1.19,1.328,1.25,1.108,1.184,2020-11-23,2020-10-09,2020-08-26,2020-12-02,2020-10-30,2020-09-30,1.28,1.26,1.27,1.24,1.25,1.23,2020-12-11,2020-12-08,2020-12-02,2020-12-10,2020-12-04,2020-11-27,1554800,1150300,4739800,7.63,-27.56,72.09,0.017,0.021,0.028,0.015,0.02,-0.038,0.01804,0.02079,0.01634,0.01841,0.02067,-0.02745,66.667,19.167,75.556,24.603,15.0,16.667,71.429,37.5,73.333,14.286,25.0,46.667,50.0,64.516,78.571,38.889,40.909,50.0,2020-12-11,2020-12-02,2020-11-24,2020-12-10,2020-12-01,2020-11-03,2020-12-04,2020-11-30,2020-11-19,2020-12-10,2020-12-01,2020-11-27,2020-12-11,2020-12-08,2020-12-02,2020-12-10,2020-12-04,2020-11-27,2020-12-08,2020-12-02,2020-11-20,2020-12-10,2020-12-07,2020-11-27,0,0,0,1,0,1,0,0,1,0,0,0,0,0,0,1,0,0,1,0,1,0,1,0,1,0,4739800.0,,,,n2p,p2n,n2p,n2p,n2p,Life.Bull,Life.BullEnd,Life.BearStart,Life.BearEnd,Life.Bull,,
2020-12-14,1.25751,,1.258,,,1.23923,1.22512,1.21992,1.19473,1.25409,1.23821,0.01588,0.01761,-0.00173,,,-0.44,6.07,-0.15,43.97,-7.12,7.56,-1.63,22.28,6.0,21.0,3.0,20.0,10.0,10.0,5.0,17.0,-0.0,-0.02,0.00786,-0.00714,1.1,52.38095,,,13.49195,37.5,41.07143,,,41.07143,33.2672,,,0.3039,0.1931,0.445,0.1411,-0.1108,0.2519,1,1,1,,0.15,,,,,,,1.258,1.258,1.19,1.25,1.108,1.184,2020-12-14,2020-11-23,2020-10-09,2020-12-02,2020-10-30,2020-09-30,1.28,1.26,1.27,1.24,1.25,1.23,2020-12-11,2020-12-08,2020-12-02,2020-12-10,2020-12-04,2020-11-27,1150300,4739800,2334200,-27.56,72.09,10.47,0.017,0.021,0.028,0.015,0.02,-0.038,0.01804,0.02079,0.01634,0.01841,0.02067,-0.02745,66.667,19.167,75.556,24.603,15.0,16.667,71.429,37.5,73.333,14.286,25.0,46.667,50.0,64.516,78.571,38.889,40.909,50.0,2020-12-11,2020-12-02,2020-11-24,2020-12-10,2020-12-01,2020-11-03,2020-12-04,2020-11-30,2020-11-19,2020-12-10,2020-12-01,2020-11-27,2020-12-11,2020-12-08,2020-12-02,2020-12-10,2020-12-04,2020-11-27,2020-12-08,2020-12-02,2020-11-20,2020-12-10,2020-12-07,2020-11-27,0,1,0,1,0,1,0,0,1,0,0,0,0,0,0,1,0,0,1,0,1,0,1,0,1,0,,,,,n2p,p2n,n2p,n2p,n2p,Life.Bull,Life.BullEnd,Life.BearStart,Life.BearEnd,Life.Bull,,
2020-12-15,1.2572,,,1.25,,1.24005,1.22609,1.22052,1.19528,1.25346,1.23909,0.01437,0.01696,-0.00259,,,-0.41,6.07,-0.15,43.97,-7.12,7.56,-1.63,22.28,5.0,21.0,3.0,20.0,10.0,10.0,5.0,17.0,-0.0,-0.01,0.00786,-0.00714,1.1,52.38095,,52.381,13.49195,25.0,44.64286,25.0,,44.64286,39.94709,,44.643,0.3081,0.1953,0.4477,0.1396,-0.1128,0.2524,1,1,1,,0.15,,,,,,,1.258,1.258,1.19,1.25,1.108,1.184,2020-12-14,2020-11-23,2020-10-09,2020-12-02,2020-10-30,2020-09-30,1.28,1.26,1.27,1.25,1.24,1.25,2020-12-11,2020-12-08,2020-12-02,2020-12-15,2020-12-10,2020-12-04,4739800,2334200,714300,72.09,10.47,-5.3,0.017,0.021,0.028,0.015,0.02,-0.038,0.01804,0.02079,0.01634,0.01841,0.02067,-0.02745,44.643,66.667,19.167,24.603,15.0,16.667,71.429,37.5,73.333,25.0,14.286,25.0,52.381,50.0,64.516,38.889,40.909,50.0,2020-12-11,2020-12-02,2020-11-24,2020-12-10,2020-12-01,2020-11-03,2020-12-15,2020-12-04,2020-11-30,2020-12-10,2020-12-01,2020-11-27,2020-12-11,2020-12-08,2020-12-02,2020-12-15,2020-12-10,2020-12-04,2020-12-15,2020-12-08,2020-12-02,2020-12-10,2020-12-07,2020-11-27,0,1,0,1,0,1,0,1,1,0,0,0,0,0,0,1,0,0,0,1,0,0,1,0,1,0,,,,,n2p,p2n,n2p,n2p,n2p,Life.Bull,Life.BullEnd,Life.BearStart,Life.BearEnd,Life.Bull,,
2020-12-16,1.25637,,,,,1.24159,1.22742,1.2213,1.19592,1.25447,1.24063,0.01383,0.01633,-0.0025,,,-0.35,6.07,-0.15,43.97,-7.12,7.56,-1.63,22.28,4.0,21.0,3.0,20.0,10.0,10.0,5.0,17.0,0.01,0.0,0.00714,-0.00714,1.0,50.0,50.0,,-2.381,37.5,33.33333,,,33.33333,39.68254,,,0.315,0.2029,0.4567,0.1417,-0.1121,0.2538,1,1,1,,0.15,,,,,,,1.258,1.258,1.19,1.25,1.108,1.184,2020-12-14,2020-11-23,2020-10-09,2020-12-02,2020-10-30,2020-09-30,1.28,1.26,1.27,1.25,1.24,1.25,2020-12-11,2020-12-08,2020-12-02,2020-12-15,2020-12-10,2020-12-04,2334200,714300,1032100,10.47,-5.3,-47.61,0.017,0.021,0.028,0.015,0.02,-0.038,0.01804,0.02079,0.01634,0.01841,0.02067,-0.02745,44.643,66.667,19.167,24.603,15.0,16.667,71.429,37.5,73.333,25.0,14.286,25.0,52.381,50.0,64.516,50.0,38.889,40.909,2020-12-11,2020-12-02,2020-11-24,2020-12-10,2020-12-01,2020-11-03,2020-12-15,2020-12-04,2020-11-30,2020-12-10,2020-12-01,2020-11-27,2020-12-11,2020-12-08,2020-12-02,2020-12-15,2020-12-10,2020-12-04,2020-12-15,2020-12-08,2020-12-02,2020-12-16,2020-12-10,2020-12-07,0,1,0,1,0,1,0,1,1,0,0,0,0,0,0,1,0,0,0,1,0,0,0,1,1,0,,,,1032100.0,p2n,n2p,n2p,n2p,n2n,Life.Bull,Life.BullEnd,Life.BearStart,Life.BearEnd,Life.Bull,,
2020-12-17,1.25528,,,,,1.24301,1.2287,1.22207,1.19656,1.25532,1.24207,0.01325,0.01572,-0.00247,,,-0.26,6.07,-0.15,43.97,-7.12,7.56,-1.63,22.28,3.0,21.0,3.0,20.0,10.0,10.0,5.0,17.0,0.0,0.0,0.00714,-0.005,1.42857,58.82353,,58.824,8.82353,37.5,33.33333,,,33.33333,37.10317,33.333,,0.3214,0.2094,0.4645,0.1431,-0.112,0.2551,1,1,1,,0.15,,,,,,,1.258,1.258,1.19,1.25,1.108,1.184,2020-12-14,2020-11-23,2020-10-09,2020-12-02,2020-10-30,2020-09-30,1.28,1.26,1.27,1.25,1.24,1.25,2020-12-11,2020-12-08,2020-12-02,2020-12-15,2020-12-10,2020-12-04,714300,1032100,538200,-5.3,-47.61,-44.01,0.017,0.021,0.028,0.015,0.02,-0.038,0.01804,0.02079,0.01634,0.01841,0.02067,-0.02745,44.643,66.667,19.167,33.333,24.603,15.0,71.429,37.5,73.333,25.0,14.286,25.0,58.824,52.381,50.0,50.0,38.889,40.909,2020-12-11,2020-12-02,2020-11-24,2020-12-10,2020-12-01,2020-11-03,2020-12-15,2020-12-04,2020-11-30,2020-12-17,2020-12-10,2020-12-01,2020-12-11,2020-12-08,2020-12-02,2020-12-15,2020-12-10,2020-12-04,2020-12-17,2020-12-15,2020-12-08,2020-12-16,2020-12-10,2020-12-07,0,1,0,1,0,1,0,1,1,0,0,0,0,0,0,1,0,0,0,1,0,1,0,1,1,0,,,,,p2n,n2p,n2p,n2p,n2n,Life.Bull,Life.BullEnd,Life.BearStart,Life.BearEnd,Life.Bull,,
2020-12-18,1.25409,,,,,1.24431,1.22993,1.22282,1.19719,1.25604,1.2434,0.01264,0.0151,-0.00246,,,-0.17,6.07,-0.15,43.97,-7.12,7.56,-1.63,22.28,2.0,21.0,3.0,20.0,10.0,10.0,5.0,17.0,0.0,0.0,0.00643,-0.005,1.28571,56.25,,,-2.574,37.5,37.5,,,34.52381,33.73016,,,0.3274,0.2149,0.4712,0.1438,-0.1125,0.2563,1,1,1,,0.15,,,,,,,1.258,1.258,1.19,1.25,1.108,1.184,2020-12-14,2020-11-23,2020-10-09,2020-12-02,2020-10-30,2020-09-30,1.28,1.26,1.27,1.25,1.24,1.25,2020-12-11,2020-12-08,2020-12-02,2020-12-15,2020-12-10,2020-12-04,1032100,538200,1199500,-47.61,-44.01,21.24,0.017,0.021,0.028,0.015,0.02,-0.038,0.01804,0.02079,0.01634,0.01841,0.02067,-0.02745,44.643,66.667,19.167,33.333,24.603,15.0,71.429,37.5,73.333,25.0,14.286,25.0,58.824,52.381,50.0,50.0,38.889,40.909,2020-12-11,2020-12-02,2020-11-24,2020-12-10,2020-12-01,2020-11-03,2020-12-15,2020-12-04,2020-11-30,2020-12-17,2020-12-10,2020-12-01,2020-12-11,2020-12-08,2020-12-02,2020-12-15,2020-12-10,2020-12-04,2020-12-17,2020-12-15,2020-12-08,2020-12-16,2020-12-10,2020-12-07,0,1,0,1,0,1,0,1,1,0,0,0,0,0,0,1,0,0,0,1,0,1,0,1,1,0,1199500.0,,,,n2p,n2p,n2p,n2n,n2p,Life.Bull,Life.BullEnd,Life.BearStart,Life.BearEnd,Life.Bull,,
2020-12-21,1.25296,,,,1.26,1.24552,1.23111,1.22355,1.19782,1.25665,1.24463,0.01202,0.01449,-0.00247,,,-0.08,6.07,-0.15,43.97,-7.12,7.56,-1.63,22.28,1.0,21.0,3.0,20.0,10.0,10.0,5.0,17.0,0.0,0.0,0.00643,-0.005,1.28571,56.25,,,-2.574,37.5,37.5,,37.5,38.69048,35.51587,,38.69,0.3329,0.2197,0.477,0.1441,-0.1132,0.2573,1,1,1,,0.15,,,,,,,1.258,1.258,1.19,1.25,1.108,1.184,2020-12-14,2020-11-23,2020-10-09,2020-12-02,2020-10-30,2020-09-30,1.26,1.28,1.26,1.25,1.24,1.25,2020-12-21,2020-12-11,2020-12-08,2020-12-15,2020-12-10,2020-12-04,538200,1199500,580200,-44.01,21.24,-16.32,0.017,0.021,0.028,0.015,0.02,-0.038,0.01804,0.02079,0.01634,0.01841,0.02067,-0.02745,38.69,44.643,66.667,33.333,24.603,15.0,37.5,71.429,37.5,25.0,14.286,25.0,58.824,52.381,50.0,50.0,38.889,40.909,2020-12-11,2020-12-02,2020-11-24,2020-12-10,2020-12-01,2020-11-03,2020-12-21,2020-12-15,2020-12-04,2020-12-17,2020-12-10,2020-12-01,2020-12-21,2020-12-11,2020-12-08,2020-12-15,2020-12-10,2020-12-04,2020-12-17,2020-12-15,2020-12-08,2020-12-16,2020-12-10,2020-12-07,0,1,0,1,1,0,0,1,1,0,0,0,1,0,0,1,1,0,0,1,0,1,0,1,1,0,,,,,n2p,n2p,n2p,n2n,n2p,Life.Bull,Life.BullEnd,Life.BearStart,Life.BearEnd,Life.Bull,,
2020-12-22,1.25208,1.252,,,,1.24509,1.23146,1.22388,1.19824,1.25409,1.24428,0.0098,0.01355,-0.00375,,,6.06,-0.15,43.97,-7.12,7.56,-1.63,22.28,-17.57,21.0,3.0,20.0,10.0,10.0,5.0,17.0,22.0,-0.0,-0.02,0.00429,-0.00643,0.66667,40.0,40.0,,-18.824,12.5,29.16667,,,32.85714,35.35714,,,0.3322,0.2121,0.4685,0.1363,-0.1201,0.2564,0,1,0,,,,0.15,,,,,1.258,1.258,1.19,1.252,1.25,1.108,2020-12-14,2020-11-23,2020-10-09,2020-12-22,2020-12-02,2020-10-30,1.26,1.28,1.26,1.25,1.24,1.25,2020-12-21,2020-12-11,2020-12-08,2020-12-15,2020-12-10,2020-12-04,1199500,580200,1281300,21.24,-16.32,32.06,0.017,0.021,0.028,0.015,0.02,-0.038,0.01804,0.02079,0.01634,0.01841,0.02067,-0.02745,38.69,44.643,66.667,33.333,24.603,15.0,37.5,71.429,37.5,25.0,14.286,25.0,58.824,52.381,50.0,40.0,50.0,38.889,2020-12-11,2020-12-02,2020-11-24,2020-12-10,2020-12-01,2020-11-03,2020-12-21,2020-12-15,2020-12-04,2020-12-17,2020-12-10,2020-12-01,2020-12-21,2020-12-11,2020-12-08,2020-12-15,2020-12-10,2020-12-04,2020-12-17,2020-12-15,2020-12-08,2020-12-22,2020-12-16,2020-12-10,0,1,0,1,1,0,0,1,1,0,0,0,1,0,0,1,1,0,0,1,0,1,0,0,1,0,-1281300.0,,,,n2p,n2p,n2n,n2p,n2p,Life.BullEnd,Life.BearStart,Life.BearEnd,Life.Bull,Life.BullEnd,,
2020-12-23,1.25275,,,,,1.2447,1.23179,1.2242,1.19865,1.25192,1.24397,0.00795,0.01243,-0.00448,,,6.01,-0.15,43.97,-7.12,7.56,-1.63,22.28,-17.57,20.0,3.0,20.0,10.0,10.0,5.0,17.0,22.0,0.0,0.0,0.00429,-0.005,0.85714,46.15385,,46.154,6.15385,12.5,20.83333,,,31.66667,34.40476,,,0.3314,0.205,0.4605,0.1291,-0.1264,0.2555,0,0,0,,,,,0.15,,,,1.258,1.258,1.19,1.252,1.25,1.108,2020-12-14,2020-11-23,2020-10-09,2020-12-22,2020-12-02,2020-10-30,1.26,1.28,1.26,1.25,1.24,1.25,2020-12-21,2020-12-11,2020-12-08,2020-12-15,2020-12-10,2020-12-04,580200,1281300,546200,-16.32,32.06,-21.34,0.017,0.021,0.028,0.015,0.02,-0.038,0.01804,0.02079,0.01634,0.01841,0.02067,-0.02745,38.69,44.643,66.667,33.333,24.603,15.0,37.5,71.429,37.5,25.0,14.286,25.0,46.154,58.824,52.381,40.0,50.0,38.889,2020-12-11,2020-12-02,2020-11-24,2020-12-10,2020-12-01,2020-11-03,2020-12-21,2020-12-15,2020-12-04,2020-12-17,2020-12-10,2020-12-01,2020-12-21,2020-12-11,2020-12-08,2020-12-15,2020-12-10,2020-12-04,2020-12-23,2020-12-17,2020-12-15,2020-12-22,2020-12-16,2020-12-10,0,1,0,1,1,0,0,1,1,0,0,0,1,0,0,1,1,0,0,1,1,0,0,0,1,0,,,546200.0,,n2p,n2n,n2p,n2p,p2n,Life.BearStart,Life.BearEnd,Life.Bull,Life.BullEnd,Life.BearStart,,
2020-12-24,1.25613,,,1.23,,1.24357,1.23172,1.22431,1.19896,1.24855,1.24293,0.00561,0.01107,-0.00545,0.006,,5.72,-0.15,43.97,-7.12,7.56,-1.63,22.28,-17.57,19.0,3.0,20.0,10.0,10.0,5.0,17.0,22.0,-0.0,-0.01,0.00429,-0.00571,0.75,42.85714,42.857,,-3.29686,0.0,8.33333,0.0,,15.0,26.50794,15.0,,0.3276,0.1926,0.4461,0.1185,-0.135,0.2535,0,0,0,,,,,0.15,,,,1.258,1.258,1.19,1.252,1.25,1.108,2020-12-14,2020-11-23,2020-10-09,2020-12-22,2020-12-02,2020-10-30,1.26,1.28,1.26,1.23,1.25,1.24,2020-12-21,2020-12-11,2020-12-08,2020-12-24,2020-12-15,2020-12-10,1281300,546200,802200,32.06,-21.34,9.22,0.017,0.021,0.028,0.006,0.015,0.02,0.01804,0.02079,0.01634,0.01107,0.01841,0.02067,38.69,44.643,66.667,15.0,33.333,24.603,37.5,71.429,37.5,0.0,25.0,14.286,46.154,58.824,52.381,42.857,40.0,50.0,2020-12-11,2020-12-02,2020-11-24,2020-12-24,2020-12-10,2020-12-01,2020-12-21,2020-12-15,2020-12-04,2020-12-24,2020-12-17,2020-12-10,2020-12-21,2020-12-11,2020-12-08,2020-12-24,2020-12-15,2020-12-10,2020-12-23,2020-12-17,2020-12-15,2020-12-24,2020-12-22,2020-12-16,0,1,0,1,1,0,1,0,1,0,1,0,1,0,1,0,1,0,1,0,1,0,0,0,1,1,,,,,n2p,n2n,n2p,n2p,p2n,Life.BearStart,Life.BearEnd,Life.Bull,Life.BullEnd,Life.BearStart,,
2020-12-28,1.2621,,,,1.27,1.2456,1.23322,1.22522,1.19967,1.25185,1.24494,0.00691,0.01024,-0.00333,,,5.22,-0.15,43.97,-7.12,7.56,-1.63,22.28,-17.57,17.0,3.0,20.0,10.0,10.0,5.0,17.0,22.0,0.04,0.0,0.00643,-0.00571,1.125,52.94118,,52.941,10.08418,50.0,20.83333,,50.0,35.0,27.22222,,,0.3355,0.2038,0.4593,0.1238,-0.1317,0.2555,1,1,1,,0.15,,,,,,,1.258,1.258,1.19,1.252,1.25,1.108,2020-12-14,2020-11-23,2020-10-09,2020-12-22,2020-12-02,2020-10-30,1.27,1.26,1.28,1.23,1.25,1.24,2020-12-28,2020-12-21,2020-12-11,2020-12-24,2020-12-15,2020-12-10,546200,802200,1853400,-21.34,9.22,21.76,0.017,0.021,0.028,0.006,0.015,0.02,0.01804,0.02079,0.01634,0.01107,0.01841,0.02067,38.69,44.643,66.667,15.0,33.333,24.603,50.0,37.5,71.429,0.0,25.0,14.286,52.941,46.154,58.824,42.857,40.0,50.0,2020-12-11,2020-12-02,2020-11-24,2020-12-24,2020-12-10,2020-12-01,2020-12-21,2020-12-15,2020-12-04,2020-12-24,2020-12-17,2020-12-10,2020-12-28,2020-12-21,2020-12-11,2020-12-24,2020-12-15,2020-12-10,2020-12-28,2020-12-23,2020-12-17,2020-12-24,2020-12-22,2020-12-16,0,1,0,1,0,0,1,0,1,0,1,0,1,0,1,0,0,0,1,0,0,0,0,0,1,1,,,,,n2p,n2n,n2p,n2p,p2n,Life.BearEnd,Life.Bull,Life.BullEnd,Life.BearStart,Life.Bull,,
2020-12-29,1.26999,,,,,1.24671,1.23427,1.22591,1.20027,1.2531,1.24605,0.00705,0.0096,-0.00255,,0.007,4.57,-0.15,43.97,-7.12,7.56,-1.63,22.28,-17.57,16.0,3.0,20.0,10.0,10.0,5.0,17.0,22.0,-0.0,-0.01,0.00643,-0.00643,1.0,50.0,,,-2.941,37.5,29.16667,,,46.66667,32.22222,,,0.34,0.208,0.4644,0.1244,-0.132,0.2564,1,1,1,,0.15,,,,,,,1.258,1.258,1.19,1.252,1.25,1.108,2020-12-14,2020-11-23,2020-10-09,2020-12-22,2020-12-02,2020-10-30,1.27,1.26,1.28,1.23,1.25,1.24,2020-12-28,2020-12-21,2020-12-11,2020-12-24,2020-12-15,2020-12-10,802200,1853400,945000,9.22,21.76,12.46,0.007,0.017,0.021,0.006,0.015,0.02,0.0096,0.01804,0.02079,0.01107,0.01841,0.02067,38.69,44.643,66.667,15.0,33.333,24.603,50.0,37.5,71.429,0.0,25.0,14.286,52.941,46.154,58.824,42.857,40.0,50.0,2020-12-29,2020-12-11,2020-12-02,2020-12-24,2020-12-10,2020-12-01,2020-12-21,2020-12-15,2020-12-04,2020-12-24,2020-12-17,2020-12-10,2020-12-28,2020-12-21,2020-12-11,2020-12-24,2020-12-15,2020-12-10,2020-12-28,2020-12-23,2020-12-17,2020-12-24,2020-12-22,2020-12-16,0,1,0,1,0,0,1,0,1,0,1,0,1,0,1,0,0,0,1,0,0,0,0,0,1,1,,,,,n2p,n2n,n2p,n2p,p2n,Life.BearEnd,Life.Bull,Life.BullEnd,Life.BearStart,Life.Bull,,
2020-12-30,1.27869,,,1.25,,1.24697,1.23489,1.22638,1.20077,1.25262,1.24635,0.00628,0.00893,-0.00266,,,3.86,-0.15,43.97,-7.12,7.56,-1.63,22.28,-17.57,15.0,3.0,20.0,10.0,10.0,5.0,17.0,22.0,-0.0,-0.01,0.00643,-0.00643,1.0,50.0,50.0,,-2.941,25.0,37.5,25.0,,60.0,47.22222,,60.0,0.3412,0.2059,0.462,0.1208,-0.1353,0.2561,1,1,0,,,0.15,,,,,,1.258,1.258,1.19,1.252,1.25,1.108,2020-12-14,2020-11-23,2020-10-09,2020-12-22,2020-12-02,2020-10-30,1.27,1.26,1.28,1.25,1.23,1.25,2020-12-28,2020-12-21,2020-12-11,2020-12-30,2020-12-24,2020-12-15,1853400,945000,785500,21.76,12.46,-0.46,0.007,0.017,0.021,0.006,0.015,0.02,0.0096,0.01804,0.02079,0.01107,0.01841,0.02067,60.0,38.69,44.643,15.0,33.333,24.603,50.0,37.5,71.429,25.0,0.0,25.0,52.941,46.154,58.824,50.0,42.857,40.0,2020-12-29,2020-12-11,2020-12-02,2020-12-24,2020-12-10,2020-12-01,2020-12-30,2020-12-21,2020-12-15,2020-12-24,2020-12-17,2020-12-10,2020-12-28,2020-12-21,2020-12-11,2020-12-30,2020-12-24,2020-12-15,2020-12-28,2020-12-23,2020-12-17,2020-12-30,2020-12-24,2020-12-22,0,1,0,1,0,0,0,1,1,0,1,0,0,1,1,0,0,0,0,1,0,0,0,1,1,1,,,,,n2p,n2n,n2p,n2p,p2n,Life.Bull,Life.BullEnd,Life.BearStart,Life.Bull,Life.BullRetrace,,
2020-12-31,1.28716,,,,,1.24797,1.23587,1.22705,1.20135,1.25376,1.24736,0.0064,0.00843,-0.00203,,,3.17,-0.15,43.97,-7.12,7.56,-1.63,22.28,-17.57,14.0,3.0,20.0,10.0,10.0,5.0,17.0,22.0,0.01,0.0,0.00714,-0.00571,1.25,55.55556,,55.556,5.55556,37.5,33.33333,,,53.33333,53.33333,,,0.3452,0.2092,0.4662,0.121,-0.136,0.257,1,1,1,,0.15,,,,,,,1.258,1.258,1.19,1.252,1.25,1.108,2020-12-14,2020-11-23,2020-10-09,2020-12-22,2020-12-02,2020-10-30,1.27,1.26,1.28,1.25,1.23,1.25,2020-12-28,2020-12-21,2020-12-11,2020-12-30,2020-12-24,2020-12-15,945000,785500,988600,12.46,-0.46,-24.13,0.007,0.017,0.021,0.006,0.015,0.02,0.0096,0.01804,0.02079,0.01107,0.01841,0.02067,60.0,38.69,44.643,15.0,33.333,24.603,50.0,37.5,71.429,25.0,0.0,25.0,55.556,52.941,46.154,50.0,42.857,40.0,2020-12-29,2020-12-11,2020-12-02,2020-12-24,2020-12-10,2020-12-01,2020-12-30,2020-12-21,2020-12-15,2020-12-24,2020-12-17,2020-12-10,2020-12-28,2020-12-21,2020-12-11,2020-12-30,2020-12-24,2020-12-15,2020-12-31,2020-12-28,2020-12-23,2020-12-30,2020-12-24,2020-12-22,0,1,0,1,0,0,0,1,1,0,1,0,0,1,1,0,0,0,0,1,0,1,0,1,1,1,,,,,n2p,n2n,n2p,n2p,p2n,Life.BullEnd,Life.BearStart,Life.Bull,Life.BullRetrace,Life.Bull,,
2021-01-04,1.29468,,,,,1.24889,1.23682,1.2277,1.20194,1.25472,1.24829,0.00643,0.00803,-0.0016,0.006,,2.57,-0.15,43.97,-7.12,7.56,-1.63,22.28,-17.57,12.0,3.0,20.0,10.0,10.0,5.0,17.0,22.0,0.0,0.0,0.00429,-0.00571,0.75,42.85714,42.857,,-12.69886,37.5,33.33333,,,50.0,54.44444,50.0,,0.3488,0.2119,0.4695,0.1207,-0.1369,0.2576,1,1,1,,0.15,,,,,,,1.258,1.258,1.19,1.252,1.25,1.108,2020-12-14,2020-11-23,2020-10-09,2020-12-22,2020-12-02,2020-10-30,1.27,1.26,1.28,1.25,1.23,1.25,2020-12-28,2020-12-21,2020-12-11,2020-12-30,2020-12-24,2020-12-15,785500,988600,501600,-0.46,-24.13,-16.31,0.007,0.017,0.021,0.006,0.006,0.015,0.0096,0.01804,0.02079,0.00803,0.01107,0.01841,60.0,38.69,44.643,50.0,15.0,33.333,50.0,37.5,71.429,25.0,0.0,25.0,55.556,52.941,46.154,42.857,50.0,42.857,2020-12-29,2020-12-11,2020-12-02,2021-01-04,2020-12-24,2020-12-10,2020-12-30,2020-12-21,2020-12-15,2021-01-04,2020-12-24,2020-12-17,2020-12-28,2020-12-21,2020-12-11,2020-12-30,2020-12-24,2020-12-15,2020-12-31,2020-12-28,2020-12-23,2021-01-04,2020-12-30,2020-12-24,0,1,0,1,0,0,0,1,1,0,1,0,0,1,0,1,0,0,0,1,0,1,1,0,1,1,,,,,n2p,n2n,n2p,n2p,p2n,Life.BullEnd,Life.BearStart,Life.Bull,Life.BullRetrace,Life.Bull,,
2021-01-05,1.30068,,,,1.47,1.2659,1.24596,1.2325,1.20461,1.28784,1.26472,0.02312,0.01105,0.01208,,,2.1,-0.15,43.97,-7.12,7.56,-1.63,22.28,-17.57,11.0,3.0,20.0,10.0,10.0,5.0,17.0,22.0,0.21,0.0,0.01929,-0.00429,4.5,81.81818,,81.818,38.96118,82.75862,52.58621,,82.759,63.82716,55.72016,,63.827,0.4135,0.334,0.6129,0.1994,-0.0795,0.2789,1,1,1,,0.15,,,,,,,1.258,1.258,1.19,1.252,1.25,1.108,2020-12-14,2020-11-23,2020-10-09,2020-12-22,2020-12-02,2020-10-30,1.47,1.27,1.26,1.25,1.23,1.25,2021-01-05,2020-12-28,2020-12-21,2020-12-30,2020-12-24,2020-12-15,988600,501600,22311400,-24.13,-16.31,945.9,0.007,0.017,0.021,0.006,0.006,0.015,0.0096,0.01804,0.02079,0.00803,0.01107,0.01841,63.827,60.0,38.69,50.0,15.0,33.333,82.759,50.0,37.5,25.0,0.0,25.0,81.818,55.556,52.941,42.857,50.0,42.857,2020-12-29,2020-12-11,2020-12-02,2021-01-04,2020-12-24,2020-12-10,2021-01-05,2020-12-30,2020-12-21,2021-01-04,2020-12-24,2020-12-17,2021-01-05,2020-12-28,2020-12-21,2020-12-30,2020-12-24,2020-12-15,2021-01-05,2020-12-31,2020-12-28,2021-01-04,2020-12-30,2020-12-24,0,1,0,1,0,1,0,1,1,0,1,0,0,1,0,1,0,1,0,1,0,1,1,0,1,1,22311400.0,,,,n2n,n2p,n2p,p2n,n2p,Life.BullEnd,Life.BearStart,Life.Bull,Life.BullRetrace,Life.Bull,,
2021-01-06,1.30472,,,,,1.27006,1.24887,1.23423,1.20575,1.29279,1.26881,0.02398,0.01363,0.01034,,0.024,1.78,-0.15,43.97,-7.12,7.56,-1.63,22.28,-17.57,10.0,3.0,20.0,10.0,10.0,5.0,17.0,22.0,-0.0,-0.15,0.01929,-0.01429,1.35,57.44681,,,-24.37119,31.03448,50.43103,,,52.46914,55.4321,,,0.4312,0.3583,0.6431,0.2119,-0.0729,0.2848,1,1,1,,0.15,,,,,,,1.258,1.258,1.19,1.252,1.25,1.108,2020-12-14,2020-11-23,2020-10-09,2020-12-22,2020-12-02,2020-10-30,1.47,1.27,1.26,1.25,1.23,1.25,2021-01-05,2020-12-28,2020-12-21,2020-12-30,2020-12-24,2020-12-15,501600,22311400,22112200,-16.31,945.9,88.75,0.024,0.007,0.017,0.006,0.006,0.015,0.01363,0.0096,0.01804,0.00803,0.01107,0.01841,63.827,60.0,38.69,50.0,15.0,33.333,82.759,50.0,37.5,25.0,0.0,25.0,81.818,55.556,52.941,42.857,50.0,42.857,2021-01-06,2020-12-29,2020-12-11,2021-01-04,2020-12-24,2020-12-10,2021-01-05,2020-12-30,2020-12-21,2021-01-04,2020-12-24,2020-12-17,2021-01-05,2020-12-28,2020-12-21,2020-12-30,2020-12-24,2020-12-15,2021-01-05,2020-12-31,2020-12-28,2021-01-04,2020-12-30,2020-12-24,0,1,0,1,0,1,0,1,0,1,1,0,0,1,0,1,0,1,0,1,0,1,1,0,1,1,,,,,n2n,n2p,n2p,p2n,n2p,Life.BullEnd,Life.BearStart,Life.Bull,Life.BullRetrace,Life.Bull,,
2021-01-07,1.30676,,,,,1.27237,1.25087,1.23553,1.20669,1.2939,1.27112,0.02278,0.01546,0.00731,,,1.63,-0.15,43.97,-7.12,7.56,-1.63,22.28,-17.57,9.0,3.0,20.0,10.0,10.0,5.0,17.0,22.0,-0.0,-0.02,0.01857,-0.01571,1.18182,54.16667,,,-27.65133,24.13793,45.97701,,,41.97531,52.7572,,,0.4418,0.3684,0.6568,0.215,-0.0734,0.2884,1,1,1,,0.15,,,,,,,1.258,1.258,1.19,1.252,1.25,1.108,2020-12-14,2020-11-23,2020-10-09,2020-12-22,2020-12-02,2020-10-30,1.47,1.27,1.26,1.25,1.23,1.25,2021-01-05,2020-12-28,2020-12-21,2020-12-30,2020-12-24,2020-12-15,22311400,22112200,7812900,945.9,88.75,16.27,0.024,0.007,0.017,0.006,0.006,0.015,0.01363,0.0096,0.01804,0.00803,0.01107,0.01841,63.827,60.0,38.69,50.0,15.0,33.333,82.759,50.0,37.5,25.0,0.0,25.0,81.818,55.556,52.941,42.857,50.0,42.857,2021-01-06,2020-12-29,2020-12-11,2021-01-04,2020-12-24,2020-12-10,2021-01-05,2020-12-30,2020-12-21,2021-01-04,2020-12-24,2020-12-17,2021-01-05,2020-12-28,2020-12-21,2020-12-30,2020-12-24,2020-12-15,2021-01-05,2020-12-31,2020-12-28,2021-01-04,2020-12-30,2020-12-24,0,1,0,1,0,1,0,1,0,1,1,0,0,1,0,1,0,1,0,1,0,1,1,0,1,1,,,,,n2n,n2p,n2p,p2n,n2p,Life.BullEnd,Life.BearStart,Life.Bull,Life.BullRetrace,Life.Bull,,
2021-01-08,1.30748,,,1.26,,1.27141,1.25123,1.23602,1.20722,1.28868,1.2703,0.01838,0.01605,0.00234,,,1.57,-0.15,43.97,-7.12,7.56,-1.63,22.28,-17.57,8.0,3.0,20.0,10.0,10.0,5.0,17.0,22.0,-0.0,-0.04,0.01857,-0.01857,1.0,50.0,50.0,,-31.818,10.34483,21.83908,10.345,,16.04938,36.83128,,,0.4401,0.3539,0.6419,0.2018,-0.0862,0.288,0,1,0,,,,0.15,,,,,1.258,1.258,1.19,1.252,1.25,1.108,2020-12-14,2020-11-23,2020-10-09,2020-12-22,2020-12-02,2020-10-30,1.47,1.27,1.26,1.26,1.25,1.23,2021-01-05,2020-12-28,2020-12-21,2021-01-08,2020-12-30,2020-12-24,22112200,7812900,6592300,88.75,16.27,-30.09,0.024,0.007,0.017,0.006,0.006,0.015,0.01363,0.0096,0.01804,0.00803,0.01107,0.01841,63.827,60.0,38.69,50.0,15.0,33.333,82.759,50.0,37.5,10.345,25.0,0.0,81.818,55.556,52.941,50.0,42.857,50.0,2021-01-06,2020-12-29,2020-12-11,2021-01-04,2020-12-24,2020-12-10,2021-01-05,2020-12-30,2020-12-21,2021-01-04,2020-12-24,2020-12-17,2021-01-05,2020-12-28,2020-12-21,2021-01-08,2020-12-30,2020-12-24,2021-01-05,2020-12-31,2020-12-28,2021-01-08,2021-01-04,2020-12-30,0,1,0,1,0,1,0,1,0,1,1,0,0,1,0,1,0,1,0,0,0,1,0,1,1,1,,,-6592300.0,,n2p,n2p,p2n,n2p,p2n,Life.BearStart,Life.Bull,Life.BullRetrace,Life.Bull,Life.BullEnd,,
2021-01-11,1.30792,,,,,1.27131,1.25197,1.23669,1.20785,1.28581,1.27028,0.01553,0.01594,-0.00041,,,1.54,-0.15,43.97,-7.12,7.56,-1.63,22.28,-17.57,7.0,3.0,20.0,10.0,10.0,5.0,17.0,22.0,0.01,0.0,0.01929,-0.01857,1.03846,50.9434,,,0.9434,13.7931,16.09195,,,9.87654,22.63374,9.877,,0.4412,0.3462,0.6346,0.1934,-0.095,0.2884,0,1,0,,,,0.15,,,,,1.258,1.258,1.19,1.252,1.25,1.108,2020-12-14,2020-11-23,2020-10-09,2020-12-22,2020-12-02,2020-10-30,1.47,1.27,1.26,1.26,1.25,1.23,2021-01-05,2020-12-28,2020-12-21,2021-01-08,2020-12-30,2020-12-24,7812900,6592300,3010200,16.27,-30.09,-52.31,0.024,0.007,0.017,0.006,0.006,0.015,0.01363,0.0096,0.01804,0.00803,0.01107,0.01841,63.827,60.0,38.69,9.877,50.0,15.0,82.759,50.0,37.5,10.345,25.0,0.0,81.818,55.556,52.941,50.0,42.857,50.0,2021-01-06,2020-12-29,2020-12-11,2021-01-04,2020-12-24,2020-12-10,2021-01-05,2020-12-30,2020-12-21,2021-01-11,2021-01-04,2020-12-24,2021-01-05,2020-12-28,2020-12-21,2021-01-08,2020-12-30,2020-12-24,2021-01-05,2020-12-31,2020-12-28,2021-01-08,2021-01-04,2020-12-30,0,1,0,1,0,1,0,1,0,1,1,0,0,1,1,0,0,1,0,0,0,1,0,1,1,1,,,,,n2p,n2p,p2n,n2p,p2n,Life.BearStart,Life.Bull,Life.BullRetrace,Life.Bull,Life.BullEnd,,
2021-01-12,1.30882,,,,,1.27428,1.25424,1.23814,1.20886,1.28953,1.27322,0.01631,0.01602,0.00029,0.016,,1.47,-0.15,43.97,-7.12,7.56,-1.63,22.28,-17.57,6.0,3.0,20.0,10.0,10.0,5.0,17.0,22.0,0.04,0.0,0.02214,-0.01857,1.19231,54.38596,,,4.38596,27.58621,17.24138,,,14.81481,13.58025,,,0.4538,0.3614,0.6542,0.2004,-0.0924,0.2928,1,1,1,,0.15,,,,,,,1.258,1.258,1.19,1.252,1.25,1.108,2020-12-14,2020-11-23,2020-10-09,2020-12-22,2020-12-02,2020-10-30,1.47,1.27,1.26,1.26,1.25,1.23,2021-01-05,2020-12-28,2020-12-21,2021-01-08,2020-12-30,2020-12-24,6592300,3010200,10063900,-30.09,-52.31,12.93,0.024,0.007,0.017,0.016,0.006,0.006,0.01363,0.0096,0.01804,0.01602,0.00803,0.01107,63.827,60.0,38.69,9.877,50.0,15.0,82.759,50.0,37.5,10.345,25.0,0.0,81.818,55.556,52.941,50.0,42.857,50.0,2021-01-06,2020-12-29,2020-12-11,2021-01-12,2021-01-04,2020-12-24,2021-01-05,2020-12-30,2020-12-21,2021-01-11,2021-01-04,2020-12-24,2021-01-05,2020-12-28,2020-12-21,2021-01-08,2020-12-30,2020-12-24,2021-01-05,2020-12-31,2020-12-28,2021-01-08,2021-01-04,2020-12-30,0,1,0,1,0,1,0,1,0,1,0,1,0,1,1,0,0,1,0,0,0,1,0,1,1,1,10063900.0,,,,n2p,p2n,n2p,p2n,n2p,Life.Bull,Life.BullRetrace,Life.Bull,Life.BullEnd,Life.Bull,,
2021-01-13,1.31085,,,,1.33,1.27857,1.25721,1.23996,1.21007,1.29576,1.27742,0.01833,0.01648,0.00185,,,1.31,-0.15,43.97,-7.12,7.56,-1.63,22.28,-17.57,5.0,3.0,20.0,10.0,10.0,5.0,17.0,22.0,0.02,0.0,0.02357,-0.01714,1.375,57.89474,,57.895,7.89474,34.48276,25.28736,,34.483,39.22127,21.30421,,,0.4714,0.3861,0.685,0.2136,-0.0853,0.2989,1,1,1,,0.15,,,,,,,1.258,1.258,1.19,1.252,1.25,1.108,2020-12-14,2020-11-23,2020-10-09,2020-12-22,2020-12-02,2020-10-30,1.33,1.47,1.27,1.26,1.25,1.23,2021-01-13,2021-01-05,2020-12-28,2021-01-08,2020-12-30,2020-12-24,3010200,10063900,6641100,-52.31,12.93,0.25,0.024,0.007,0.017,0.016,0.006,0.006,0.01363,0.0096,0.01804,0.01602,0.00803,0.01107,63.827,60.0,38.69,9.877,50.0,15.0,34.483,82.759,50.0,10.345,25.0,0.0,57.895,81.818,55.556,50.0,42.857,50.0,2021-01-06,2020-12-29,2020-12-11,2021-01-12,2021-01-04,2020-12-24,2021-01-05,2020-12-30,2020-12-21,2021-01-11,2021-01-04,2020-12-24,2021-01-13,2021-01-05,2020-12-28,2021-01-08,2020-12-30,2020-12-24,2021-01-13,2021-01-05,2020-12-31,2021-01-08,2021-01-04,2020-12-30,0,1,0,1,0,0,0,1,0,1,0,1,0,1,1,0,1,0,0,0,0,0,0,1,1,1,,,,,n2p,p2n,n2p,p2n,n2p,Life.Bull,Life.BullRetrace,Life.Bull,Life.BullEnd,Life.Bull,,
2021-01-14,1.31437,,,,,1.28099,1.25928,1.24135,1.21106,1.29795,1.27984,0.01811,0.01681,0.0013,,0.018,1.04,-0.15,43.97,-7.12,7.56,-1.63,22.28,-17.57,4.0,3.0,20.0,10.0,10.0,5.0,17.0,22.0,-0.0,-0.02,0.02357,-0.01857,1.26923,55.9322,,,-1.9628,27.58621,29.88506,,,57.26496,37.10035,,,0.4822,0.3964,0.6993,0.2171,-0.0858,0.3029,1,1,1,,0.15,,,,,,,1.258,1.258,1.19,1.252,1.25,1.108,2020-12-14,2020-11-23,2020-10-09,2020-12-22,2020-12-02,2020-10-30,1.33,1.47,1.27,1.26,1.25,1.23,2021-01-13,2021-01-05,2020-12-28,2021-01-08,2020-12-30,2020-12-24,10063900,6641100,2350300,12.93,0.25,-3.35,0.018,0.024,0.007,0.016,0.006,0.006,0.01681,0.01363,0.0096,0.01602,0.00803,0.01107,63.827,60.0,38.69,9.877,50.0,15.0,34.483,82.759,50.0,10.345,25.0,0.0,57.895,81.818,55.556,50.0,42.857,50.0,2021-01-14,2021-01-06,2020-12-29,2021-01-12,2021-01-04,2020-12-24,2021-01-05,2020-12-30,2020-12-21,2021-01-11,2021-01-04,2020-12-24,2021-01-13,2021-01-05,2020-12-28,2021-01-08,2020-12-30,2020-12-24,2021-01-13,2021-01-05,2020-12-31,2021-01-08,2021-01-04,2020-12-30,0,1,0,1,0,0,0,1,0,0,0,1,0,1,1,0,1,0,0,0,0,0,0,1,1,1,,,,,n2p,p2n,n2p,p2n,n2p,Life.Bull,Life.BullRetrace,Life.Bull,Life.BullEnd,Life.Bull,,
2021-01-15,1.31917,,,1.29,,1.28168,1.26049,1.24231,1.21185,1.29672,1.28059,0.01613,0.01667,-0.00054,,,0.67,-0.15,43.97,-7.12,7.56,-1.63,22.28,-17.57,3.0,3.0,20.0,10.0,10.0,5.0,17.0,22.0,-0.0,-0.02,0.02357,-0.01929,1.22222,55.0,,,-2.895,20.68966,27.58621,20.69,,61.53846,52.6749,,61.538,0.4864,0.3937,0.6983,0.2119,-0.0927,0.3046,1,1,1,,0.15,,,,,,,1.258,1.258,1.19,1.252,1.25,1.108,2020-12-14,2020-11-23,2020-10-09,2020-12-22,2020-12-02,2020-10-30,1.33,1.47,1.27,1.29,1.26,1.25,2021-01-13,2021-01-05,2020-12-28,2021-01-15,2021-01-08,2020-12-30,6641100,2350300,3389200,0.25,-3.35,-35.03,0.018,0.024,0.007,0.016,0.006,0.006,0.01681,0.01363,0.0096,0.01602,0.00803,0.01107,61.538,63.827,60.0,9.877,50.0,15.0,34.483,82.759,50.0,20.69,10.345,25.0,57.895,81.818,55.556,50.0,42.857,50.0,2021-01-14,2021-01-06,2020-12-29,2021-01-12,2021-01-04,2020-12-24,2021-01-15,2021-01-05,2020-12-30,2021-01-11,2021-01-04,2020-12-24,2021-01-13,2021-01-05,2020-12-28,2021-01-15,2021-01-08,2020-12-30,2021-01-13,2021-01-05,2020-12-31,2021-01-08,2021-01-04,2020-12-30,0,1,0,1,0,0,0,1,0,0,0,1,0,0,1,0,1,0,0,0,0,0,0,1,1,1,,,,,n2p,p2n,n2p,p2n,n2p,Life.Bull,Life.BullRetrace,Life.Bull,Life.BullEnd,Life.Bull,,
2021-01-18,1.32396,,,,,1.28386,1.26243,1.24365,1.21282,1.29877,1.28277,0.016,0.01654,-0.00054,0.016,,0.31,-0.15,43.97,-7.12,7.56,-1.63,22.28,-17.57,2.0,3.0,20.0,10.0,10.0,5.0,17.0,22.0,0.02,0.0,0.02214,-0.01929,1.14815,53.44828,53.448,,-4.44672,27.58621,25.28736,,,56.41026,58.40456,56.41,,0.4961,0.4021,0.7104,0.2143,-0.094,0.3083,1,1,1,,0.15,,,,,,,1.258,1.258,1.19,1.252,1.25,1.108,2020-12-14,2020-11-23,2020-10-09,2020-12-22,2020-12-02,2020-10-30,1.33,1.47,1.27,1.29,1.26,1.25,2021-01-13,2021-01-05,2020-12-28,2021-01-15,2021-01-08,2020-12-30,2350300,3389200,7105100,-3.35,-35.03,3.75,0.018,0.024,0.007,0.016,0.016,0.006,0.01681,0.01363,0.0096,0.01654,0.01602,0.00803,61.538,63.827,60.0,56.41,9.877,50.0,34.483,82.759,50.0,20.69,10.345,25.0,57.895,81.818,55.556,53.448,50.0,42.857,2021-01-14,2021-01-06,2020-12-29,2021-01-18,2021-01-12,2021-01-04,2021-01-15,2021-01-05,2020-12-30,2021-01-18,2021-01-11,2021-01-04,2021-01-13,2021-01-05,2020-12-28,2021-01-15,2021-01-08,2020-12-30,2021-01-13,2021-01-05,2020-12-31,2021-01-18,2021-01-08,2021-01-04,0,1,0,1,0,0,0,1,0,0,0,1,0,0,0,1,1,0,0,0,0,0,0,1,1,1,,,,,n2p,p2n,n2p,p2n,n2p,Life.Bull,Life.BullRetrace,Life.Bull,Life.BullEnd,Life.Bull,,
2021-01-19,1.32714,,,,,1.29048,1.26665,1.24615,1.21439,1.30973,1.28923,0.0205,0.01733,0.00317,,,0.06,-0.15,43.97,-7.12,7.56,-1.63,22.28,-17.57,1.0,3.0,20.0,10.0,10.0,5.0,17.0,22.0,0.06,0.0,0.02643,-0.01857,1.42308,58.73016,,,5.28216,48.27586,32.18391,,,61.53846,59.82906,,,0.5226,0.4433,0.7609,0.2383,-0.0793,0.3176,1,1,1,,0.15,,,,,,,1.258,1.258,1.19,1.252,1.25,1.108,2020-12-14,2020-11-23,2020-10-09,2020-12-22,2020-12-02,2020-10-30,1.33,1.47,1.27,1.29,1.26,1.25,2021-01-13,2021-01-05,2020-12-28,2021-01-15,2021-01-08,2020-12-30,3389200,7105100,15846500,-35.03,3.75,105.07,0.018,0.024,0.007,0.016,0.016,0.006,0.01681,0.01363,0.0096,0.01654,0.01602,0.00803,61.538,63.827,60.0,56.41,9.877,50.0,34.483,82.759,50.0,20.69,10.345,25.0,57.895,81.818,55.556,53.448,50.0,42.857,2021-01-14,2021-01-06,2020-12-29,2021-01-18,2021-01-12,2021-01-04,2021-01-15,2021-01-05,2020-12-30,2021-01-18,2021-01-11,2021-01-04,2021-01-13,2021-01-05,2020-12-28,2021-01-15,2021-01-08,2020-12-30,2021-01-13,2021-01-05,2020-12-31,2021-01-18,2021-01-08,2021-01-04,0,1,0,1,0,0,0,1,0,0,0,1,0,0,0,1,1,0,0,0,0,0,0,1,1,1,,15846500.0,,,p2n,n2p,p2n,n2p,p2p,Life.Bull,Life.BullRetrace,Life.Bull,Life.BullEnd,Life.Bull,,
2021-01-20,1.3281,,1.328,,1.37,1.2966,1.2707,1.24861,1.21594,1.319,1.29521,0.02379,0.01862,0.00517,,0.024,-0.16,43.97,-7.12,7.56,-1.63,22.28,-17.57,7.62,3.0,20.0,10.0,10.0,5.0,17.0,22.0,18.0,0.0,0.0,0.02643,-0.01786,1.48,59.67742,,59.677,6.22942,48.27586,41.37931,,48.276,66.98718,61.6453,,66.987,0.5476,0.4799,0.8066,0.259,-0.0677,0.3267,1,1,1,,0.15,,,,,,,1.328,1.258,1.258,1.252,1.25,1.108,2021-01-20,2020-12-14,2020-11-23,2020-12-22,2020-12-02,2020-10-30,1.37,1.33,1.47,1.29,1.26,1.25,2021-01-20,2021-01-13,2021-01-05,2021-01-15,2021-01-08,2020-12-30,7105100,15846500,10520900,3.75,105.07,27.07,0.024,0.018,0.024,0.016,0.016,0.006,0.01862,0.01681,0.01363,0.01654,0.01602,0.00803,66.987,61.538,63.827,56.41,9.877,50.0,48.276,34.483,82.759,20.69,10.345,25.0,59.677,57.895,81.818,53.448,50.0,42.857,2021-01-20,2021-01-14,2021-01-06,2021-01-18,2021-01-12,2021-01-04,2021-01-20,2021-01-15,2021-01-05,2021-01-18,2021-01-11,2021-01-04,2021-01-20,2021-01-13,2021-01-05,2021-01-15,2021-01-08,2020-12-30,2021-01-20,2021-01-13,2021-01-05,2021-01-18,2021-01-08,2021-01-04,0,1,0,1,0,0,0,1,0,1,0,1,0,1,0,1,0,0,0,0,0,0,0,1,1,1,,,,,p2n,n2p,p2n,n2p,p2p,Life.Bull,Life.BullRetrace,Life.Bull,Life.BullEnd,Life.Bull,,
2021-01-21,1.3272,,,1.33,,1.29917,1.27303,1.25022,1.21707,1.32069,1.29779,0.0229,0.01948,0.00343,0.023,,-0.09,43.97,-7.12,7.56,-1.63,22.28,-17.57,7.62,2.0,20.0,10.0,10.0,5.0,17.0,22.0,18.0,-0.0,-0.04,0.02571,-0.02071,1.24138,55.38462,55.385,,-4.29238,34.48276,43.67816,34.483,,58.97436,62.5,,,0.5596,0.4895,0.821,0.2614,-0.0701,0.3315,1,1,1,,0.15,,,,,,,1.328,1.258,1.258,1.252,1.25,1.108,2021-01-20,2020-12-14,2020-11-23,2020-12-22,2020-12-02,2020-10-30,1.37,1.33,1.47,1.33,1.29,1.26,2021-01-20,2021-01-13,2021-01-05,2021-01-21,2021-01-15,2021-01-08,15846500,10520900,3496700,105.07,27.07,-10.78,0.024,0.018,0.024,0.023,0.016,0.016,0.01862,0.01681,0.01363,0.01948,0.01654,0.01602,66.987,61.538,63.827,56.41,9.877,50.0,48.276,34.483,82.759,34.483,20.69,10.345,59.677,57.895,81.818,55.385,53.448,50.0,2021-01-20,2021-01-14,2021-01-06,2021-01-21,2021-01-18,2021-01-12,2021-01-20,2021-01-15,2021-01-05,2021-01-18,2021-01-11,2021-01-04,2021-01-20,2021-01-13,2021-01-05,2021-01-21,2021-01-15,2021-01-08,2021-01-20,2021-01-13,2021-01-05,2021-01-21,2021-01-18,2021-01-08,0,1,0,1,0,0,0,1,0,1,0,1,0,1,0,1,0,0,0,1,0,0,0,1,1,1,,,,,p2n,n2p,p2n,n2p,p2p,Life.Bull,Life.BullRetrace,Life.Bull,Life.BullEnd,Life.Bull,,
2021-01-22,1.32583,,,,1.35,1.30308,1.27605,1.25219,1.21839,1.3252,1.30166,0.02354,0.02029,0.00325,,0.024,0.01,43.97,-7.12,7.56,-1.63,22.28,-17.57,7.62,1.0,20.0,10.0,10.0,5.0,17.0,22.0,18.0,0.02,0.0,0.02714,-0.02071,1.31034,56.71642,,56.716,1.33142,41.37931,41.37931,,41.379,50.0,58.65385,,,0.5766,0.5089,0.8469,0.2703,-0.0677,0.338,1,1,1,,0.15,,,,,,,1.328,1.258,1.258,1.252,1.25,1.108,2021-01-20,2020-12-14,2020-11-23,2020-12-22,2020-12-02,2020-10-30,1.35,1.37,1.33,1.33,1.29,1.26,2021-01-22,2021-01-20,2021-01-13,2021-01-21,2021-01-15,2021-01-08,10520900,3496700,1983300,27.07,-10.78,-46.42,0.024,0.024,0.018,0.023,0.016,0.016,0.02029,0.01862,0.01681,0.01948,0.01654,0.01602,66.987,61.538,63.827,56.41,9.877,50.0,41.379,48.276,34.483,34.483,20.69,10.345,56.716,59.677,57.895,55.385,53.448,50.0,2021-01-22,2021-01-20,2021-01-14,2021-01-21,2021-01-18,2021-01-12,2021-01-20,2021-01-15,2021-01-05,2021-01-18,2021-01-11,2021-01-04,2021-01-22,2021-01-20,2021-01-13,2021-01-21,2021-01-15,2021-01-08,2021-01-22,2021-01-20,2021-01-13,2021-01-21,2021-01-18,2021-01-08,0,1,0,1,0,0,0,1,0,1,0,1,0,1,0,1,0,0,0,1,1,0,0,1,1,1,,,,,p2n,n2p,p2n,n2p,p2p,Life.Bull,Life.BullRetrace,Life.Bull,Life.BullEnd,Life.Bull,,
2021-01-25,1.32623,1.326,,,,1.30284,1.27698,1.25314,1.21921,1.32132,1.30153,0.01979,0.02019,-0.0004,,,43.94,-7.12,7.56,-1.63,22.28,-17.57,7.62,-8.16,20.0,10.0,10.0,5.0,17.0,22.0,18.0,18.0,-0.0,-0.05,0.01214,-0.02429,0.5,33.33333,33.333,,-23.38267,29.16667,35.00958,29.167,,33.61111,47.52849,,,0.5777,0.497,0.8363,0.2586,-0.0807,0.3393,1,1,0,,,0.15,,,,,,1.328,1.258,1.258,1.326,1.252,1.25,2021-01-20,2020-12-14,2020-11-23,2021-01-25,2020-12-22,2020-12-02,1.35,1.37,1.33,1.33,1.29,1.26,2021-01-22,2021-01-20,2021-01-13,2021-01-21,2021-01-15,2021-01-08,3496700,1983300,3339200,-10.78,-46.42,-44.88,0.024,0.024,0.018,0.023,0.016,0.016,0.02029,0.01862,0.01681,0.01948,0.01654,0.01602,66.987,61.538,63.827,56.41,9.877,50.0,41.379,48.276,34.483,29.167,34.483,20.69,56.716,59.677,57.895,33.333,55.385,53.448,2021-01-22,2021-01-20,2021-01-14,2021-01-21,2021-01-18,2021-01-12,2021-01-20,2021-01-15,2021-01-05,2021-01-18,2021-01-11,2021-01-04,2021-01-22,2021-01-20,2021-01-13,2021-01-25,2021-01-21,2021-01-15,2021-01-22,2021-01-20,2021-01-13,2021-01-25,2021-01-21,2021-01-18,0,1,0,1,0,0,0,1,0,1,0,1,0,1,0,1,0,0,0,0,1,0,1,0,1,1,,,,,p2n,n2p,p2n,n2p,p2p,Life.BullRetrace,Life.Bull,Life.BullEnd,Life.Bull,Life.BullRetrace,,
2021-01-26,1.3314,,,1.29,,1.30186,1.27749,1.25387,1.21991,1.3165,1.30068,0.01582,0.01932,-0.00349,,,43.38,-7.12,7.56,-1.63,22.28,-17.57,7.62,-8.16,19.0,10.0,10.0,5.0,17.0,22.0,18.0,18.0,-0.0,-0.01,0.01214,-0.01429,0.85,45.94595,,,12.61295,30.0,33.51533,,,23.33333,35.64815,,,0.5758,0.4799,0.8195,0.2437,-0.0959,0.3396,0,0,0,,,,,0.15,,,,1.328,1.258,1.258,1.326,1.252,1.25,2021-01-20,2020-12-14,2020-11-23,2021-01-25,2020-12-22,2020-12-02,1.35,1.37,1.33,1.29,1.33,1.29,2021-01-22,2021-01-20,2021-01-13,2021-01-26,2021-01-21,2021-01-15,1983300,3339200,1983400,-46.42,-44.88,-17.16,0.024,0.024,0.018,0.023,0.016,0.016,0.02029,0.01862,0.01681,0.01948,0.01654,0.01602,66.987,61.538,63.827,56.41,9.877,50.0,41.379,48.276,34.483,29.167,34.483,20.69,56.716,59.677,57.895,33.333,55.385,53.448,2021-01-22,2021-01-20,2021-01-14,2021-01-21,2021-01-18,2021-01-12,2021-01-20,2021-01-15,2021-01-05,2021-01-18,2021-01-11,2021-01-04,2021-01-22,2021-01-20,2021-01-13,2021-01-25,2021-01-21,2021-01-15,2021-01-22,2021-01-20,2021-01-13,2021-01-25,2021-01-21,2021-01-18,0,1,0,1,0,0,1,0,0,1,0,1,0,1,0,1,0,0,0,0,1,0,1,0,1,1,,,,,p2n,n2p,p2n,n2p,p2p,Life.Bull,Life.BullEnd,Life.Bull,Life.BullRetrace,Life.BearStart,,
2021-01-27,1.34439,,,,1.32,1.30325,1.27916,1.25518,1.22091,1.31704,1.30211,0.01493,0.01844,-0.00351,,,42.0,-7.12,7.56,-1.63,22.28,-17.57,7.62,-8.16,18.0,10.0,10.0,5.0,17.0,22.0,18.0,18.0,0.03,0.0,0.01429,-0.01286,1.11111,52.63158,,,19.29858,45.0,34.72222,,45.0,18.78788,25.24411,,,0.5825,0.4807,0.8234,0.2409,-0.1018,0.3427,0,1,0,,,,0.15,,,,,1.328,1.258,1.258,1.326,1.252,1.25,2021-01-20,2020-12-14,2020-11-23,2021-01-25,2020-12-22,2020-12-02,1.32,1.35,1.37,1.29,1.33,1.29,2021-01-27,2021-01-22,2021-01-20,2021-01-26,2021-01-21,2021-01-15,3339200,1983400,3229800,-44.88,-17.16,17.06,0.024,0.024,0.018,0.023,0.016,0.016,0.02029,0.01862,0.01681,0.01948,0.01654,0.01602,66.987,61.538,63.827,56.41,9.877,50.0,45.0,41.379,48.276,29.167,34.483,20.69,56.716,59.677,57.895,33.333,55.385,53.448,2021-01-22,2021-01-20,2021-01-14,2021-01-21,2021-01-18,2021-01-12,2021-01-20,2021-01-15,2021-01-05,2021-01-18,2021-01-11,2021-01-04,2021-01-27,2021-01-22,2021-01-20,2021-01-25,2021-01-21,2021-01-15,2021-01-22,2021-01-20,2021-01-13,2021-01-25,2021-01-21,2021-01-18,0,1,0,1,1,0,1,0,0,1,0,1,0,1,0,1,0,0,0,0,1,0,1,0,1,1,,,,,p2n,n2p,p2n,n2p,p2p,Life.BullEnd,Life.Bull,Life.BullRetrace,Life.BearStart,Life.BullEnd,,
2021-01-29,1.36765,,,1.29,,1.30223,1.27959,1.25587,1.22159,1.31288,1.30121,0.01167,0.01708,-0.00542,,,39.58,-7.12,7.56,-1.63,22.28,-17.57,7.62,-8.16,16.0,10.0,10.0,5.0,17.0,22.0,18.0,18.0,-0.0,-0.03,0.01429,-0.01214,1.17647,54.05405,,,20.72105,30.0,35.0,30.0,,18.5101,20.21044,18.51,,0.58,0.4636,0.8064,0.2264,-0.1164,0.3428,0,1,0,,,,0.15,,,,,1.328,1.258,1.258,1.326,1.252,1.25,2021-01-20,2020-12-14,2020-11-23,2021-01-25,2020-12-22,2020-12-02,1.32,1.35,1.37,1.29,1.29,1.33,2021-01-27,2021-01-22,2021-01-20,2021-01-29,2021-01-26,2021-01-21,1983400,3229800,1890000,-17.16,17.06,-16.94,0.024,0.024,0.018,0.023,0.016,0.016,0.02029,0.01862,0.01681,0.01948,0.01654,0.01602,66.987,61.538,63.827,18.51,56.41,9.877,45.0,41.379,48.276,30.0,29.167,34.483,56.716,59.677,57.895,33.333,55.385,53.448,2021-01-22,2021-01-20,2021-01-14,2021-01-21,2021-01-18,2021-01-12,2021-01-20,2021-01-15,2021-01-05,2021-01-29,2021-01-18,2021-01-11,2021-01-27,2021-01-22,2021-01-20,2021-01-29,2021-01-25,2021-01-21,2021-01-22,2021-01-20,2021-01-13,2021-01-25,2021-01-21,2021-01-18,0,1,0,1,1,0,1,0,0,1,0,1,0,1,0,0,0,0,0,0,1,0,1,0,1,1,,,,,p2n,n2p,p2n,n2p,p2p,Life.BullEnd,Life.Bull,Life.BullRetrace,Life.BearStart,Life.BullEnd,,
2021-02-02,1.40255,,,,,1.30206,1.28039,1.25674,1.22237,1.3109,1.30112,0.00978,0.01562,-0.00585,0.01,,36.11,-7.12,7.56,-1.63,22.28,-17.57,7.62,-8.16,14.0,10.0,10.0,5.0,17.0,22.0,18.0,18.0,0.01,0.0,0.01429,-0.01214,1.17647,54.05405,,,20.72105,35.0,36.66667,,,25.81169,21.03656,,,0.5802,0.4532,0.7969,0.2167,-0.127,0.3437,0,0,0,,,,,0.15,,,,1.328,1.258,1.258,1.326,1.252,1.25,2021-01-20,2020-12-14,2020-11-23,2021-01-25,2020-12-22,2020-12-02,1.32,1.35,1.37,1.29,1.29,1.33,2021-01-27,2021-01-22,2021-01-20,2021-01-29,2021-01-26,2021-01-21,3229800,1890000,1971300,17.06,-16.94,-0.17,0.024,0.024,0.018,0.01,0.023,0.016,0.02029,0.01862,0.01681,0.01562,0.01948,0.01654,66.987,61.538,63.827,18.51,56.41,9.877,45.0,41.379,48.276,30.0,29.167,34.483,56.716,59.677,57.895,33.333,55.385,53.448,2021-01-22,2021-01-20,2021-01-14,2021-02-02,2021-01-21,2021-01-18,2021-01-20,2021-01-15,2021-01-05,2021-01-29,2021-01-18,2021-01-11,2021-01-27,2021-01-22,2021-01-20,2021-01-29,2021-01-25,2021-01-21,2021-01-22,2021-01-20,2021-01-13,2021-01-25,2021-01-21,2021-01-18,0,1,0,1,1,0,1,0,0,1,1,0,0,1,0,0,0,0,0,0,1,0,1,0,1,1,,,,,p2n,n2p,p2n,n2p,p2p,Life.Bull,Life.BullRetrace,Life.BearStart,Life.BullEnd,Life.BearStart,,
2021-02-03,1.44934,,,,,1.30729,1.2839,1.25899,1.22384,1.31999,1.30623,0.01377,0.01525,-0.00149,,,31.72,-7.12,7.56,-1.63,22.28,-17.57,7.62,-8.16,13.0,10.0,10.0,5.0,17.0,22.0,18.0,18.0,0.07,0.0,0.01643,-0.01214,1.35294,57.5,,,24.167,62.5,42.5,,,40.35714,28.22631,,,0.6006,0.483,0.8345,0.2339,-0.1176,0.3515,1,1,1,,0.15,,,,,,,1.328,1.258,1.258,1.326,1.252,1.25,2021-01-20,2020-12-14,2020-11-23,2021-01-25,2020-12-22,2020-12-02,1.32,1.35,1.37,1.29,1.29,1.33,2021-01-27,2021-01-22,2021-01-20,2021-01-29,2021-01-26,2021-01-21,1890000,1971300,4758900,-16.94,-0.17,21.56,0.024,0.024,0.018,0.01,0.023,0.016,0.02029,0.01862,0.01681,0.01562,0.01948,0.01654,66.987,61.538,63.827,18.51,56.41,9.877,45.0,41.379,48.276,30.0,29.167,34.483,56.716,59.677,57.895,33.333,55.385,53.448,2021-01-22,2021-01-20,2021-01-14,2021-02-02,2021-01-21,2021-01-18,2021-01-20,2021-01-15,2021-01-05,2021-01-29,2021-01-18,2021-01-11,2021-01-27,2021-01-22,2021-01-20,2021-01-29,2021-01-25,2021-01-21,2021-01-22,2021-01-20,2021-01-13,2021-01-25,2021-01-21,2021-01-18,0,1,0,1,1,0,1,0,0,1,1,0,0,1,0,0,0,0,0,0,1,0,1,0,1,1,,,,,p2n,n2p,p2n,n2p,p2p,Life.BullRetrace,Life.BearStart,Life.BullEnd,Life.BearStart,Life.Bull,,
2021-02-04,1.5065,,,,,1.31596,1.28924,1.26218,1.2258,1.33538,1.31465,0.02072,0.01635,0.00438,,,26.72,-7.12,7.56,-1.63,22.28,-17.57,7.62,-8.16,12.0,10.0,10.0,5.0,17.0,22.0,18.0,18.0,0.05,0.0,0.01857,-0.01214,1.52941,60.46512,,,27.13212,78.94737,58.81579,,,61.68067,42.6165,,,0.6344,0.5378,0.9016,0.2672,-0.0966,0.3638,1,1,1,,0.15,,,,,,,1.328,1.258,1.258,1.326,1.252,1.25,2021-01-20,2020-12-14,2020-11-23,2021-01-25,2020-12-22,2020-12-02,1.32,1.35,1.37,1.29,1.29,1.33,2021-01-27,2021-01-22,2021-01-20,2021-01-29,2021-01-26,2021-01-21,1971300,4758900,11982900,-0.17,21.56,117.08,0.024,0.024,0.018,0.01,0.023,0.016,0.02029,0.01862,0.01681,0.01562,0.01948,0.01654,66.987,61.538,63.827,18.51,56.41,9.877,45.0,41.379,48.276,30.0,29.167,34.483,56.716,59.677,57.895,33.333,55.385,53.448,2021-01-22,2021-01-20,2021-01-14,2021-02-02,2021-01-21,2021-01-18,2021-01-20,2021-01-15,2021-01-05,2021-01-29,2021-01-18,2021-01-11,2021-01-27,2021-01-22,2021-01-20,2021-01-29,2021-01-25,2021-01-21,2021-01-22,2021-01-20,2021-01-13,2021-01-25,2021-01-21,2021-01-18,0,1,0,1,1,0,1,0,0,1,1,0,0,1,0,0,0,0,0,0,1,0,1,0,1,1,,11982900.0,,,n2p,p2n,n2p,p2p,p2p,Life.BullRetrace,Life.BearStart,Life.BullEnd,Life.BearStart,Life.Bull,,
2021-02-05,1.57057,,,,,1.33704,1.30103,1.26867,1.22942,1.37455,1.33505,0.0395,0.02098,0.01852,,,21.55,-7.12,7.56,-1.63,22.28,-17.57,7.62,-8.16,11.0,10.0,10.0,5.0,17.0,22.0,18.0,18.0,0.17,0.0,0.03071,-0.01071,2.86667,74.13793,,,40.80493,94.11765,78.52167,,94.118,83.40686,61.81489,,,0.7161,0.6837,1.0762,0.3601,-0.0324,0.3925,1,1,1,,0.15,,,,,,,1.328,1.258,1.258,1.326,1.252,1.25,2021-01-20,2020-12-14,2020-11-23,2021-01-25,2020-12-22,2020-12-02,1.32,1.35,1.37,1.29,1.29,1.33,2021-01-27,2021-01-22,2021-01-20,2021-01-29,2021-01-26,2021-01-21,4758900,11982900,33895800,21.56,117.08,170.6,0.024,0.024,0.018,0.01,0.023,0.016,0.02029,0.01862,0.01681,0.01562,0.01948,0.01654,66.987,61.538,63.827,18.51,56.41,9.877,94.118,45.0,41.379,30.0,29.167,34.483,56.716,59.677,57.895,33.333,55.385,53.448,2021-01-22,2021-01-20,2021-01-14,2021-02-02,2021-01-21,2021-01-18,2021-01-20,2021-01-15,2021-01-05,2021-01-29,2021-01-18,2021-01-11,2021-02-05,2021-01-27,2021-01-22,2021-01-29,2021-01-25,2021-01-21,2021-01-22,2021-01-20,2021-01-13,2021-01-25,2021-01-21,2021-01-18,0,1,0,1,1,0,1,0,0,1,1,0,0,1,0,0,0,1,0,0,1,0,1,0,1,1,,33895800.0,,,p2n,n2p,p2p,p2p,p2p,Life.BullRetrace,Life.BearStart,Life.BullEnd,Life.BearStart,Life.Bull,,
2021-02-08,1.6366,,,,,1.36419,1.31629,1.27701,1.234,1.42308,1.36134,0.06174,0.02913,0.03261,,,16.64,-7.12,7.56,-1.63,22.28,-17.57,7.62,-8.16,10.0,10.0,10.0,5.0,17.0,22.0,18.0,18.0,0.1,0.0,0.03786,-0.00929,4.07692,80.30303,,,46.97003,87.5,86.85501,87.5,,85.7257,76.93775,,,0.8229,0.8718,1.3019,0.479,0.0489,0.4301,1,1,1,,0.15,,,,,,,1.328,1.258,1.258,1.326,1.252,1.25,2021-01-20,2020-12-14,2020-11-23,2021-01-25,2020-12-22,2020-12-02,1.32,1.35,1.37,1.29,1.29,1.33,2021-01-27,2021-01-22,2021-01-20,2021-01-29,2021-01-26,2021-01-21,11982900,33895800,23444600,117.08,170.6,36.9,0.024,0.024,0.018,0.01,0.023,0.016,0.02029,0.01862,0.01681,0.01562,0.01948,0.01654,66.987,61.538,63.827,18.51,56.41,9.877,94.118,45.0,41.379,87.5,30.0,29.167,56.716,59.677,57.895,33.333,55.385,53.448,2021-01-22,2021-01-20,2021-01-14,2021-02-02,2021-01-21,2021-01-18,2021-01-20,2021-01-15,2021-01-05,2021-01-29,2021-01-18,2021-01-11,2021-02-05,2021-01-27,2021-01-22,2021-02-08,2021-01-29,2021-01-25,2021-01-22,2021-01-20,2021-01-13,2021-01-25,2021-01-21,2021-01-18,0,1,0,1,1,0,1,0,0,1,1,0,0,1,0,0,0,1,0,1,1,0,1,0,1,1,,,,,p2n,n2p,p2p,p2p,p2p,Life.BullRetrace,Life.BearStart,Life.BullEnd,Life.BearStart,Life.Bull,,
2021-02-09,1.70058,,,,,1.39463,1.33369,1.28657,1.23924,1.47492,1.39087,0.08404,0.04011,0.04393,,,12.26,-7.12,7.56,-1.63,22.28,-17.57,7.62,-8.16,9.0,10.0,10.0,5.0,17.0,22.0,18.0,18.0,0.07,0.0,0.04143,-0.00929,4.46154,81.69014,,81.69,48.35714,92.30769,91.30845,,92.308,90.84775,86.66011,,90.848,0.9445,1.0806,1.5539,0.6094,0.1361,0.4733,1,1,1,,0.15,,,,,,,1.328,1.258,1.258,1.326,1.252,1.25,2021-01-20,2020-12-14,2020-11-23,2021-01-25,2020-12-22,2020-12-02,1.32,1.35,1.37,1.29,1.29,1.33,2021-01-27,2021-01-22,2021-01-20,2021-01-29,2021-01-26,2021-01-21,33895800,23444600,9978200,170.6,36.9,-2.89,0.024,0.024,0.018,0.01,0.023,0.016,0.02029,0.01862,0.01681,0.01562,0.01948,0.01654,90.848,66.987,61.538,18.51,56.41,9.877,92.308,94.118,45.0,87.5,30.0,29.167,81.69,56.716,59.677,33.333,55.385,53.448,2021-01-22,2021-01-20,2021-01-14,2021-02-02,2021-01-21,2021-01-18,2021-02-09,2021-01-20,2021-01-15,2021-01-29,2021-01-18,2021-01-11,2021-02-09,2021-02-05,2021-01-27,2021-02-08,2021-01-29,2021-01-25,2021-02-09,2021-01-22,2021-01-20,2021-01-25,2021-01-21,2021-01-18,0,1,0,1,1,0,1,0,0,1,1,0,0,1,0,0,0,0,0,1,0,1,1,0,1,1,,,,,p2n,n2p,p2p,p2p,p2p,Life.BullRetrace,Life.BearStart,Life.BullEnd,Life.BearStart,Life.Bull,,
2021-02-10,1.75942,,,,,1.42351,1.3508,1.29615,1.24452,1.52031,1.41896,0.10136,0.05236,0.049,,,8.5,-7.12,7.56,-1.63,22.28,-17.57,7.62,-8.16,8.0,10.0,10.0,5.0,17.0,22.0,18.0,18.0,0.01,0.0,0.03786,-0.00929,4.07692,80.30303,80.303,,-1.38697,89.09091,89.63287,89.091,,88.67577,88.41641,88.676,,1.0628,1.2736,1.7899,0.7271,0.2108,0.5163,1,1,1,,0.15,,,,,,,1.328,1.258,1.258,1.326,1.252,1.25,2021-01-20,2020-12-14,2020-11-23,2021-01-25,2020-12-22,2020-12-02,1.32,1.35,1.37,1.29,1.29,1.33,2021-01-27,2021-01-22,2021-01-20,2021-01-29,2021-01-26,2021-01-21,23444600,9978200,11207700,36.9,-2.89,-33.7,0.024,0.024,0.018,0.01,0.023,0.016,0.02029,0.01862,0.01681,0.01562,0.01948,0.01654,90.848,66.987,61.538,88.676,18.51,56.41,92.308,94.118,45.0,89.091,87.5,30.0,81.69,56.716,59.677,80.303,33.333,55.385,2021-01-22,2021-01-20,2021-01-14,2021-02-02,2021-01-21,2021-01-18,2021-02-09,2021-01-20,2021-01-15,2021-02-10,2021-01-29,2021-01-18,2021-02-09,2021-02-05,2021-01-27,2021-02-10,2021-02-08,2021-01-29,2021-02-09,2021-01-22,2021-01-20,2021-02-10,2021-01-25,2021-01-21,0,1,0,1,1,0,1,0,0,1,1,0,0,1,0,1,0,0,0,1,0,1,0,1,1,1,,,,,p2n,n2p,p2p,p2p,p2p,Life.BullRetrace,Life.BearStart,Life.BullEnd,Life.BearStart,Life.Bull,,
2021-02-11,1.80989,,,,,1.45709,1.37077,1.30731,1.25064,1.57257,1.45163,0.12095,0.06608,0.05487,,,5.48,-7.12,7.56,-1.63,22.28,-17.57,7.62,-8.16,7.0,10.0,10.0,5.0,17.0,22.0,18.0,18.0,0.09,0.0,0.04429,-0.00929,4.76923,82.66667,,,2.36367,95.08197,92.16019,,,90.84968,90.1244,,,1.2013,1.4978,2.0645,0.8632,0.2965,0.5667,1,1,1,,0.15,,,,,,,1.328,1.258,1.258,1.326,1.252,1.25,2021-01-20,2020-12-14,2020-11-23,2021-01-25,2020-12-22,2020-12-02,1.32,1.35,1.37,1.29,1.29,1.33,2021-01-27,2021-01-22,2021-01-20,2021-01-29,2021-01-26,2021-01-21,9978200,11207700,8305100,-2.89,-33.7,-33.92,0.024,0.024,0.018,0.01,0.023,0.016,0.02029,0.01862,0.01681,0.01562,0.01948,0.01654,90.848,66.987,61.538,88.676,18.51,56.41,92.308,94.118,45.0,89.091,87.5,30.0,81.69,56.716,59.677,80.303,33.333,55.385,2021-01-22,2021-01-20,2021-01-14,2021-02-02,2021-01-21,2021-01-18,2021-02-09,2021-01-20,2021-01-15,2021-02-10,2021-01-29,2021-01-18,2021-02-09,2021-02-05,2021-01-27,2021-02-10,2021-02-08,2021-01-29,2021-02-09,2021-01-22,2021-01-20,2021-02-10,2021-01-25,2021-01-21,0,1,0,1,1,0,1,0,0,1,1,0,0,1,0,1,0,0,0,1,0,1,0,1,1,1,,,,,p2n,n2p,p2p,p2p,p2p,Life.BullRetrace,Life.BearStart,Life.BullEnd,Life.BearStart,Life.Bull,,
2021-02-15,1.84967,,,,1.99,1.49808,1.39505,1.32083,1.258,1.63679,1.49151,0.14529,0.08192,0.06337,,,3.21,-7.12,7.56,-1.63,22.28,-17.57,7.62,-8.16,5.0,10.0,10.0,5.0,17.0,22.0,18.0,18.0,0.13,0.0,0.05357,-0.00643,8.33333,89.28571,,89.286,8.98271,98.61111,94.26133,,98.611,92.77712,90.76752,,92.777,1.3705,1.7725,2.4008,1.0303,0.402,0.6283,1,1,1,,0.15,,,,,,,1.328,1.258,1.258,1.326,1.252,1.25,2021-01-20,2020-12-14,2020-11-23,2021-01-25,2020-12-22,2020-12-02,1.99,1.32,1.35,1.29,1.29,1.33,2021-02-15,2021-01-27,2021-01-22,2021-01-29,2021-01-26,2021-01-21,11207700,8305100,14401400,-33.7,-33.92,15.0,0.024,0.024,0.018,0.01,0.023,0.016,0.02029,0.01862,0.01681,0.01562,0.01948,0.01654,92.777,90.848,66.987,88.676,18.51,56.41,98.611,92.308,94.118,89.091,87.5,30.0,89.286,81.69,56.716,80.303,33.333,55.385,2021-01-22,2021-01-20,2021-01-14,2021-02-02,2021-01-21,2021-01-18,2021-02-15,2021-02-09,2021-01-20,2021-02-10,2021-01-29,2021-01-18,2021-02-15,2021-02-09,2021-02-05,2021-02-10,2021-02-08,2021-01-29,2021-02-15,2021-02-09,2021-01-22,2021-02-10,2021-01-25,2021-01-21,0,1,0,1,0,1,1,0,0,1,1,0,0,1,0,1,0,1,0,1,0,1,0,1,1,1,14401400.0,,,,n2p,p2p,p2p,p2p,n2p,Life.BullRetrace,Life.BearStart,Life.BullEnd,Life.BearStart,Life.Bull,,
2021-02-16,1.87789,,,,,1.5313,1.41603,1.33289,1.26468,1.6819,1.52399,0.15791,0.09712,0.0608,,,1.66,-7.12,7.56,-1.63,22.28,-17.57,7.62,-8.16,4.0,10.0,10.0,5.0,17.0,22.0,18.0,18.0,-0.0,-0.06,0.05214,-0.01071,4.86667,82.95455,,,-6.33145,82.27848,91.99052,,,85.92133,89.84937,,,1.5135,1.9841,2.6662,1.1527,0.4706,0.6821,1,1,1,,0.15,,,,,,,1.328,1.258,1.258,1.326,1.252,1.25,2021-01-20,2020-12-14,2020-11-23,2021-01-25,2020-12-22,2020-12-02,1.99,1.32,1.35,1.29,1.29,1.33,2021-02-15,2021-01-27,2021-01-22,2021-01-29,2021-01-26,2021-01-21,8305100,14401400,14375900,-33.92,15.0,9.34,0.024,0.024,0.018,0.01,0.023,0.016,0.02029,0.01862,0.01681,0.01562,0.01948,0.01654,92.777,90.848,66.987,88.676,18.51,56.41,98.611,92.308,94.118,89.091,87.5,30.0,89.286,81.69,56.716,80.303,33.333,55.385,2021-01-22,2021-01-20,2021-01-14,2021-02-02,2021-01-21,2021-01-18,2021-02-15,2021-02-09,2021-01-20,2021-02-10,2021-01-29,2021-01-18,2021-02-15,2021-02-09,2021-02-05,2021-02-10,2021-02-08,2021-01-29,2021-02-15,2021-02-09,2021-01-22,2021-02-10,2021-01-25,2021-01-21,0,1,0,1,0,1,1,0,0,1,1,0,0,1,0,1,0,1,0,1,0,1,0,1,1,1,,,,,n2p,p2p,p2p,p2p,n2p,Life.BullRetrace,Life.BearStart,Life.BullEnd,Life.BearStart,Life.Bull,,
2021-02-17,1.89559,,,,,1.55736,1.43383,1.34353,1.27071,1.71084,1.54962,0.16122,0.10994,0.05128,,0.161,0.71,-7.12,7.56,-1.63,22.28,-17.57,7.62,-8.16,3.0,10.0,10.0,5.0,17.0,22.0,18.0,18.0,-0.0,-0.06,0.05214,-0.01143,4.5625,82.02247,,,-7.26353,74.35897,85.08286,,,72.22222,83.64022,,,1.6312,2.1383,2.8665,1.2353,0.5071,0.7282,1,1,1,,0.15,,,,,,,1.328,1.258,1.258,1.326,1.252,1.25,2021-01-20,2020-12-14,2020-11-23,2021-01-25,2020-12-22,2020-12-02,1.99,1.32,1.35,1.29,1.29,1.33,2021-02-15,2021-01-27,2021-01-22,2021-01-29,2021-01-26,2021-01-21,14401400,14375900,5608800,15.0,9.34,-7.27,0.161,0.024,0.024,0.01,0.023,0.016,0.10994,0.02029,0.01862,0.01562,0.01948,0.01654,92.777,90.848,66.987,88.676,18.51,56.41,98.611,92.308,94.118,89.091,87.5,30.0,89.286,81.69,56.716,80.303,33.333,55.385,2021-02-17,2021-01-22,2021-01-20,2021-02-02,2021-01-21,2021-01-18,2021-02-15,2021-02-09,2021-01-20,2021-02-10,2021-01-29,2021-01-18,2021-02-15,2021-02-09,2021-02-05,2021-02-10,2021-02-08,2021-01-29,2021-02-15,2021-02-09,2021-01-22,2021-02-10,2021-01-25,2021-01-21,0,1,0,1,0,1,1,0,0,1,1,0,0,1,0,1,0,1,0,1,0,1,0,1,1,1,,,,,n2p,p2p,p2p,p2p,n2p,Life.BullRetrace,Life.BearStart,Life.BullEnd,Life.BearStart,Life.Bull,,
2021-02-18,1.90529,,,1.82,,1.57756,1.44898,1.35296,1.27617,1.72763,1.56965,0.15799,0.11955,0.03844,0.158,,0.19,-7.12,7.56,-1.63,22.28,-17.57,7.62,-8.16,2.0,10.0,10.0,5.0,17.0,22.0,18.0,18.0,-0.0,-0.05,0.05214,-0.01429,3.65,78.49462,78.495,,-10.79138,67.94872,74.86206,67.949,,46.13415,68.09257,46.134,,1.7281,2.246,3.0139,1.2858,0.5179,0.7679,1,1,1,,0.15,,,,,,,1.328,1.258,1.258,1.326,1.252,1.25,2021-01-20,2020-12-14,2020-11-23,2021-01-25,2020-12-22,2020-12-02,1.99,1.32,1.35,1.82,1.29,1.29,2021-02-15,2021-01-27,2021-01-22,2021-02-18,2021-01-29,2021-01-26,14375900,5608800,10177300,9.34,-7.27,-12.28,0.161,0.024,0.024,0.158,0.01,0.023,0.10994,0.02029,0.01862,0.11955,0.01562,0.01948,92.777,90.848,66.987,46.134,88.676,18.51,98.611,92.308,94.118,67.949,89.091,87.5,89.286,81.69,56.716,78.495,80.303,33.333,2021-02-17,2021-01-22,2021-01-20,2021-02-18,2021-02-02,2021-01-21,2021-02-15,2021-02-09,2021-01-20,2021-02-18,2021-02-10,2021-01-29,2021-02-15,2021-02-09,2021-02-05,2021-02-18,2021-02-10,2021-02-08,2021-02-15,2021-02-09,2021-01-22,2021-02-18,2021-02-10,2021-01-25,0,1,0,1,0,1,0,1,0,1,0,1,0,1,0,0,0,1,1,0,0,1,0,0,1,1,,,,,n2p,p2p,p2p,p2p,n2p,Life.BullRetrace,Life.BearStart,Life.BullEnd,Life.BearStart,Life.Bull,,
2021-02-19,1.90934,,,,2.1,1.61775,1.47451,1.36776,1.28437,1.78492,1.60893,0.17599,0.13084,0.04515,,0.176,-0.02,-7.12,7.56,-1.63,22.28,-17.57,7.62,-8.16,1.0,10.0,10.0,5.0,17.0,22.0,18.0,18.0,0.28,0.0,0.07,-0.01429,4.9,83.05085,,83.051,4.55585,100.0,80.76923,,100.0,57.24526,58.53388,,57.245,1.9014,2.4999,3.3338,1.4324,0.5985,0.8339,1,1,1,,0.15,,,,,,,1.328,1.258,1.258,1.326,1.252,1.25,2021-01-20,2020-12-14,2020-11-23,2021-01-25,2020-12-22,2020-12-02,2.1,1.99,1.32,1.82,1.29,1.29,2021-02-19,2021-02-15,2021-01-27,2021-02-18,2021-01-29,2021-01-26,5608800,10177300,20809600,-7.27,-12.28,21.33,0.176,0.161,0.024,0.158,0.01,0.023,0.13084,0.10994,0.02029,0.11955,0.01562,0.01948,57.245,92.777,90.848,46.134,88.676,18.51,100.0,98.611,92.308,67.949,89.091,87.5,83.051,89.286,81.69,78.495,80.303,33.333,2021-02-19,2021-02-17,2021-01-22,2021-02-18,2021-02-02,2021-01-21,2021-02-19,2021-02-15,2021-02-09,2021-02-18,2021-02-10,2021-01-29,2021-02-19,2021-02-15,2021-02-09,2021-02-18,2021-02-10,2021-02-08,2021-02-19,2021-02-15,2021-02-09,2021-02-18,2021-02-10,2021-01-25,0,1,0,1,0,1,0,1,0,1,0,1,1,0,0,0,0,1,1,0,0,0,0,0,1,1,,,,,n2p,p2p,p2p,p2p,n2p,Life.BullRetrace,Life.BearStart,Life.BullEnd,Life.BearStart,Life.Bull,,
2021-02-22,1.90897,,1.909,1.89,,1.63869,1.4908,1.3781,1.2904,1.80109,1.62975,0.17134,0.13894,0.0324,,,-7.12,7.56,-1.63,22.28,-17.57,7.62,-8.16,1.23,10.0,10.0,5.0,17.0,22.0,18.0,18.0,9.0,-0.0,-0.21,0.07,-0.02714,2.57895,72.05882,72.059,,-10.99218,70.58824,79.51232,70.588,,51.18846,51.52262,51.188,,2.004,2.6059,3.4829,1.4789,0.6019,0.877,1,1,1,,0.15,,,,,,,1.909,1.328,1.258,1.326,1.252,1.25,2021-02-22,2021-01-20,2020-12-14,2021-01-25,2020-12-22,2020-12-02,2.1,1.99,1.32,1.89,1.82,1.29,2021-02-19,2021-02-15,2021-01-27,2021-02-22,2021-02-18,2021-01-29,10177300,20809600,20318800,-12.28,21.33,40.2,0.176,0.161,0.024,0.158,0.01,0.023,0.13084,0.10994,0.02029,0.11955,0.01562,0.01948,57.245,92.777,90.848,51.188,46.134,88.676,100.0,98.611,92.308,70.588,67.949,89.091,83.051,89.286,81.69,72.059,78.495,80.303,2021-02-19,2021-02-17,2021-01-22,2021-02-18,2021-02-02,2021-01-21,2021-02-19,2021-02-15,2021-02-09,2021-02-22,2021-02-18,2021-02-10,2021-02-19,2021-02-15,2021-02-09,2021-02-22,2021-02-18,2021-02-10,2021-02-19,2021-02-15,2021-02-09,2021-02-22,2021-02-18,2021-02-10,0,1,0,1,0,1,0,1,0,1,0,1,1,0,0,0,0,1,0,0,0,0,1,0,1,1,,,,,n2p,p2p,p2p,p2p,n2p,Life.BullRetrace,Life.BearStart,Life.BullEnd,Life.BearStart,Life.Bull,,
2021-02-23,1.90472,,,,1.92,1.66033,1.50763,1.38883,1.29666,1.81938,1.65125,0.16813,0.14478,0.02335,,,-6.92,7.56,-1.63,22.28,-17.57,7.62,-8.16,1.23,9.0,10.0,5.0,17.0,22.0,18.0,18.0,9.0,0.03,0.0,0.07143,-0.02714,2.63158,72.46377,,72.464,0.40477,73.49398,81.36074,,73.494,58.77193,55.73522,,58.772,2.1097,2.715,3.6367,1.527,0.6053,0.9217,1,1,1,,0.15,,,,,,,1.909,1.328,1.258,1.326,1.252,1.25,2021-02-22,2021-01-20,2020-12-14,2021-01-25,2020-12-22,2020-12-02,1.92,2.1,1.99,1.89,1.82,1.29,2021-02-23,2021-02-19,2021-02-15,2021-02-22,2021-02-18,2021-01-29,20809600,20318800,6062000,21.33,40.2,-8.02,0.176,0.161,0.024,0.158,0.01,0.023,0.13084,0.10994,0.02029,0.11955,0.01562,0.01948,58.772,57.245,92.777,51.188,46.134,88.676,73.494,100.0,98.611,70.588,67.949,89.091,72.464,83.051,89.286,72.059,78.495,80.303,2021-02-19,2021-02-17,2021-01-22,2021-02-18,2021-02-02,2021-01-21,2021-02-23,2021-02-19,2021-02-15,2021-02-22,2021-02-18,2021-02-10,2021-02-23,2021-02-19,2021-02-15,2021-02-22,2021-02-18,2021-02-10,2021-02-23,2021-02-19,2021-02-15,2021-02-22,2021-02-18,2021-02-10,0,1,0,1,1,0,0,1,0,1,0,1,0,0,0,0,1,0,0,0,1,0,1,0,1,1,,,6062000.0,,p2p,p2p,p2p,n2p,p2n,Life.BullRetrace,Life.BearStart,Life.BullEnd,Life.BearStart,Life.Bull,,
2021-02-24,1.89679,,,1.82,,1.67261,1.51988,1.39737,1.30187,1.81948,1.66375,0.15573,0.14697,0.00876,,,-6.53,7.56,-1.63,22.28,-17.57,7.62,-8.16,1.23,8.0,10.0,5.0,17.0,22.0,18.0,18.0,9.0,-0.0,-0.1,0.06643,-0.03429,1.9375,65.95745,,,-6.50655,58.97436,67.68552,58.974,,30.70175,46.88738,,,2.1801,2.7524,3.7074,1.5273,0.5723,0.955,1,1,1,,0.15,,,,,,,1.909,1.328,1.258,1.326,1.252,1.25,2021-02-22,2021-01-20,2020-12-14,2021-01-25,2020-12-22,2020-12-02,1.92,2.1,1.99,1.82,1.89,1.82,2021-02-23,2021-02-19,2021-02-15,2021-02-24,2021-02-22,2021-02-18,20318800,6062000,4707800,40.2,-8.02,-34.12,0.176,0.161,0.024,0.158,0.01,0.023,0.13084,0.10994,0.02029,0.11955,0.01562,0.01948,58.772,57.245,92.777,51.188,46.134,88.676,73.494,100.0,98.611,58.974,70.588,67.949,72.464,83.051,89.286,72.059,78.495,80.303,2021-02-19,2021-02-17,2021-01-22,2021-02-18,2021-02-02,2021-01-21,2021-02-23,2021-02-19,2021-02-15,2021-02-22,2021-02-18,2021-02-10,2021-02-23,2021-02-19,2021-02-15,2021-02-24,2021-02-22,2021-02-18,2021-02-23,2021-02-19,2021-02-15,2021-02-22,2021-02-18,2021-02-10,0,1,0,1,1,0,1,0,0,1,0,1,0,0,0,0,1,0,1,0,1,0,1,0,1,1,,,,,p2p,p2p,p2p,n2p,p2n,Life.BullRetrace,Life.BearStart,Life.BullEnd,Life.BearStart,Life.Bull,,
2021-02-25,1.8854,,,,,1.68703,1.53322,1.40653,1.30742,1.82571,1.67829,0.14742,0.14706,0.00037,,,-5.96,7.56,-1.63,22.28,-17.57,7.62,-8.16,1.23,7.0,10.0,5.0,17.0,22.0,18.0,18.0,9.0,0.04,0.0,0.06571,-0.03429,1.91667,65.71429,,,-6.74971,60.56338,64.34391,,,28.07018,39.18129,,,2.258,2.805,3.7961,1.5381,0.547,0.9911,1,1,1,,0.15,,,,,,,1.909,1.328,1.258,1.326,1.252,1.25,2021-02-22,2021-01-20,2020-12-14,2021-01-25,2020-12-22,2020-12-02,1.92,2.1,1.99,1.82,1.89,1.82,2021-02-23,2021-02-19,2021-02-15,2021-02-24,2021-02-22,2021-02-18,6062000,4707800,5067900,-8.02,-34.12,-49.06,0.176,0.161,0.024,0.158,0.01,0.023,0.13084,0.10994,0.02029,0.11955,0.01562,0.01948,58.772,57.245,92.777,51.188,46.134,88.676,73.494,100.0,98.611,58.974,70.588,67.949,72.464,83.051,89.286,72.059,78.495,80.303,2021-02-19,2021-02-17,2021-01-22,2021-02-18,2021-02-02,2021-01-21,2021-02-23,2021-02-19,2021-02-15,2021-02-22,2021-02-18,2021-02-10,2021-02-23,2021-02-19,2021-02-15,2021-02-24,2021-02-22,2021-02-18,2021-02-23,2021-02-19,2021-02-15,2021-02-22,2021-02-18,2021-02-10,0,1,0,1,1,0,1,0,0,1,0,1,0,0,0,0,1,0,1,0,1,0,1,0,1,1,,,,,p2p,p2p,p2p,n2p,p2n,Life.BullRetrace,Life.BearStart,Life.BullEnd,Life.BearStart,Life.Bull,,
2021-02-26,1.87029,,,,,1.70572,1.54878,1.41689,1.31362,1.84176,1.69693,0.14482,0.14661,-0.00179,,,-5.2,7.56,-1.63,22.28,-17.57,7.62,-8.16,1.23,6.0,10.0,5.0,17.0,22.0,18.0,18.0,9.0,0.07,0.0,0.05857,-0.03429,1.70833,63.07692,,,-9.38708,62.5,60.67925,,,26.78019,28.51737,26.78,,2.3516,2.8883,3.921,1.5694,0.5367,1.0327,1,1,1,,0.15,,,,,,,1.909,1.328,1.258,1.326,1.252,1.25,2021-02-22,2021-01-20,2020-12-14,2021-01-25,2020-12-22,2020-12-02,1.92,2.1,1.99,1.82,1.89,1.82,2021-02-23,2021-02-19,2021-02-15,2021-02-24,2021-02-22,2021-02-18,4707800,5067900,13231900,-34.12,-49.06,45.27,0.176,0.161,0.024,0.158,0.01,0.023,0.13084,0.10994,0.02029,0.11955,0.01562,0.01948,58.772,57.245,92.777,26.78,51.188,46.134,73.494,100.0,98.611,58.974,70.588,67.949,72.464,83.051,89.286,72.059,78.495,80.303,2021-02-19,2021-02-17,2021-01-22,2021-02-18,2021-02-02,2021-01-21,2021-02-23,2021-02-19,2021-02-15,2021-02-26,2021-02-22,2021-02-18,2021-02-23,2021-02-19,2021-02-15,2021-02-24,2021-02-22,2021-02-18,2021-02-23,2021-02-19,2021-02-15,2021-02-22,2021-02-18,2021-02-10,0,1,0,1,1,0,1,0,0,1,0,1,0,0,1,0,1,0,1,0,1,0,1,0,1,1,13231900.0,,,,p2p,p2p,n2p,p2n,n2p,Life.BullRetrace,Life.BearStart,Life.BullEnd,Life.BearStart,Life.Bull,,
2021-03-01,1.85162,,,,1.96,1.72528,1.56491,1.42765,1.32005,1.85995,1.71642,0.14353,0.14599,-0.00247,,,-4.25,7.56,-1.63,22.28,-17.57,7.62,-8.16,1.23,5.0,10.0,5.0,17.0,22.0,18.0,18.0,9.0,0.03,0.0,0.05357,-0.03429,1.5625,60.97561,,,-11.48839,63.26531,62.10956,,63.265,46.91385,33.9214,,46.914,2.4486,2.9763,4.0523,1.6037,0.5277,1.076,1,1,1,,0.15,,,,,,,1.909,1.328,1.258,1.326,1.252,1.25,2021-02-22,2021-01-20,2020-12-14,2021-01-25,2020-12-22,2020-12-02,1.96,1.92,2.1,1.82,1.89,1.82,2021-03-01,2021-02-23,2021-02-19,2021-02-24,2021-02-22,2021-02-18,5067900,13231900,5161100,-49.06,45.27,1.97,0.176,0.161,0.024,0.158,0.01,0.023,0.13084,0.10994,0.02029,0.11955,0.01562,0.01948,46.914,58.772,57.245,26.78,51.188,46.134,63.265,73.494,100.0,58.974,70.588,67.949,72.464,83.051,89.286,72.059,78.495,80.303,2021-02-19,2021-02-17,2021-01-22,2021-02-18,2021-02-02,2021-01-21,2021-03-01,2021-02-23,2021-02-19,2021-02-26,2021-02-22,2021-02-18,2021-03-01,2021-02-23,2021-02-19,2021-02-24,2021-02-22,2021-02-18,2021-02-23,2021-02-19,2021-02-15,2021-02-22,2021-02-18,2021-02-10,0,1,0,1,0,0,1,0,0,1,0,1,1,0,1,0,1,0,1,0,1,0,1,0,1,1,,,,,p2p,p2p,n2p,p2n,n2p,Life.BullRetrace,Life.BearStart,Life.BullEnd,Life.BearStart,Life.Bull,,
2021-03-02,1.8307,,,,,1.73487,1.57609,1.43601,1.32532,1.85842,1.72631,0.1321,0.14321,-0.01111,,,-3.15,7.56,-1.63,22.28,-17.57,7.62,-8.16,1.23,4.0,10.0,5.0,17.0,22.0,18.0,18.0,9.0,-0.0,-0.11,0.04857,-0.04214,1.15254,53.54331,,,-18.92069,40.81633,55.52721,,,46.07843,39.92416,,,2.5077,2.9886,4.0955,1.5878,0.4809,1.1069,1,1,1,,0.15,,,,,,,1.909,1.328,1.258,1.326,1.252,1.25,2021-02-22,2021-01-20,2020-12-14,2021-01-25,2020-12-22,2020-12-02,1.96,1.92,2.1,1.82,1.89,1.82,2021-03-01,2021-02-23,2021-02-19,2021-02-24,2021-02-22,2021-02-18,13231900,5161100,4957900,45.27,1.97,-0.47,0.176,0.161,0.024,0.158,0.01,0.023,0.13084,0.10994,0.02029,0.11955,0.01562,0.01948,46.914,58.772,57.245,26.78,51.188,46.134,63.265,73.494,100.0,58.974,70.588,67.949,72.464,83.051,89.286,72.059,78.495,80.303,2021-02-19,2021-02-17,2021-01-22,2021-02-18,2021-02-02,2021-01-21,2021-03-01,2021-02-23,2021-02-19,2021-02-26,2021-02-22,2021-02-18,2021-03-01,2021-02-23,2021-02-19,2021-02-24,2021-02-22,2021-02-18,2021-02-23,2021-02-19,2021-02-15,2021-02-22,2021-02-18,2021-02-10,0,1,0,1,0,0,1,0,0,1,0,1,1,0,1,0,1,0,1,0,1,0,1,0,1,1,,,,,p2p,p2p,n2p,p2n,n2p,Life.BullRetrace,Life.BearStart,Life.BullEnd,Life.BearStart,Life.Bull,,
2021-03-03,1.81038,,,,,1.74142,1.58565,1.44362,1.33024,1.85251,1.73325,0.11925,0.13842,-0.01917,,,-2.07,7.56,-1.63,22.28,-17.57,7.62,-8.16,1.23,3.0,10.0,5.0,17.0,22.0,18.0,18.0,9.0,-0.0,-0.03,0.04786,-0.04429,1.08065,51.93798,,,-20.52602,15.78947,39.95704,,,36.50794,43.16674,,,2.5541,2.978,4.1118,1.5577,0.4239,1.1338,1,1,0,,,0.15,,,,,,1.909,1.328,1.258,1.326,1.252,1.25,2021-02-22,2021-01-20,2020-12-14,2021-01-25,2020-12-22,2020-12-02,1.96,1.92,2.1,1.82,1.89,1.82,2021-03-01,2021-02-23,2021-02-19,2021-02-24,2021-02-22,2021-02-18,5161100,4957900,3077600,1.97,-0.47,-43.49,0.176,0.161,0.024,0.158,0.01,0.023,0.13084,0.10994,0.02029,0.11955,0.01562,0.01948,46.914,58.772,57.245,26.78,51.188,46.134,63.265,73.494,100.0,58.974,70.588,67.949,72.464,83.051,89.286,72.059,78.495,80.303,2021-02-19,2021-02-17,2021-01-22,2021-02-18,2021-02-02,2021-01-21,2021-03-01,2021-02-23,2021-02-19,2021-02-26,2021-02-22,2021-02-18,2021-03-01,2021-02-23,2021-02-19,2021-02-24,2021-02-22,2021-02-18,2021-02-23,2021-02-19,2021-02-15,2021-02-22,2021-02-18,2021-02-10,0,1,0,1,0,0,1,0,0,1,0,1,1,0,1,0,1,0,1,0,1,0,1,0,1,1,,,,-3077600.0,p2p,n2p,p2n,n2p,n2n,Life.BearStart,Life.BullEnd,Life.BearStart,Life.Bull,Life.BullRetrace,,
2021-03-04,1.79301,,,,,1.74054,1.59131,1.44929,1.33422,1.83366,1.73301,0.10065,0.13087,-0.03022,,,-1.12,7.56,-1.63,22.28,-17.57,7.62,-8.16,1.23,2.0,10.0,5.0,17.0,22.0,18.0,18.0,9.0,-0.0,-0.09,0.04143,-0.05071,0.8169,44.96124,,,-27.50276,4.65116,20.41899,4.651,,13.33333,31.97323,,,2.5709,2.9125,4.0632,1.4923,0.3416,1.1507,0,1,0,,,,0.15,,,,,1.909,1.328,1.258,1.326,1.252,1.25,2021-02-22,2021-01-20,2020-12-14,2021-01-25,2020-12-22,2020-12-02,1.96,1.92,2.1,1.82,1.89,1.82,2021-03-01,2021-02-23,2021-02-19,2021-02-24,2021-02-22,2021-02-18,4957900,3077600,8272200,-0.47,-43.49,23.58,0.176,0.161,0.024,0.158,0.01,0.023,0.13084,0.10994,0.02029,0.11955,0.01562,0.01948,46.914,58.772,57.245,26.78,51.188,46.134,63.265,73.494,100.0,4.651,58.974,70.588,72.464,83.051,89.286,72.059,78.495,80.303,2021-02-19,2021-02-17,2021-01-22,2021-02-18,2021-02-02,2021-01-21,2021-03-01,2021-02-23,2021-02-19,2021-02-26,2021-02-22,2021-02-18,2021-03-01,2021-02-23,2021-02-19,2021-03-04,2021-02-24,2021-02-22,2021-02-23,2021-02-19,2021-02-15,2021-02-22,2021-02-18,2021-02-10,0,1,0,1,0,0,1,0,0,1,0,1,1,0,1,0,1,0,1,0,1,0,1,0,1,1,-8272200.0,,,,n2p,p2n,n2p,n2n,n2p,Life.BullEnd,Life.BearStart,Life.Bull,Life.BullRetrace,Life.BullEnd,,
2021-03-05,1.77998,,,,,1.73819,1.59597,1.45445,1.33796,1.81463,1.73131,0.08333,0.12136,-0.03803,,,-0.39,7.56,-1.63,22.28,-17.57,7.62,-8.16,1.23,1.0,10.0,5.0,17.0,22.0,18.0,18.0,9.0,-0.0,-0.02,0.03214,-0.05214,0.61644,38.13559,38.136,,-34.32841,8.51064,9.65042,,,9.6979,19.84639,9.698,,2.5801,2.8374,4.0023,1.4222,0.2573,1.1649,0,1,0,,,,0.15,,,,,1.909,1.328,1.258,1.326,1.252,1.25,2021-02-22,2021-01-20,2020-12-14,2021-01-25,2020-12-22,2020-12-02,1.96,1.92,2.1,1.82,1.89,1.82,2021-03-01,2021-02-23,2021-02-19,2021-02-24,2021-02-22,2021-02-18,3077600,8272200,5753200,-43.49,23.58,4.88,0.176,0.161,0.024,0.158,0.01,0.023,0.13084,0.10994,0.02029,0.11955,0.01562,0.01948,46.914,58.772,57.245,9.698,26.78,51.188,63.265,73.494,100.0,4.651,58.974,70.588,72.464,83.051,89.286,38.136,72.059,78.495,2021-02-19,2021-02-17,2021-01-22,2021-02-18,2021-02-02,2021-01-21,2021-03-01,2021-02-23,2021-02-19,2021-03-05,2021-02-26,2021-02-22,2021-03-01,2021-02-23,2021-02-19,2021-03-04,2021-02-24,2021-02-22,2021-02-23,2021-02-19,2021-02-15,2021-03-05,2021-02-22,2021-02-18,0,1,0,1,0,0,1,0,0,1,0,1,1,0,1,0,1,0,1,0,1,0,1,0,1,1,,,,,n2p,p2n,n2p,n2n,n2p,Life.BullEnd,Life.BearStart,Life.Bull,Life.BullRetrace,Life.BullEnd,,
2021-03-08,1.77314,1.773,,1.71,,1.73602,1.60044,1.45951,1.34166,1.79854,1.72973,0.06881,0.11085,-0.04204,,,7.55,-1.63,22.28,-17.57,7.62,-8.16,1.23,-0.16,10.0,5.0,17.0,22.0,18.0,18.0,9.0,3.0,0.0,0.0,0.03214,-0.04786,0.67164,40.17857,,,2.04257,8.51064,7.22415,,,11.2852,11.43881,,,2.5878,2.7651,3.9436,1.3558,0.1773,1.1785,0,1,0,,,,0.15,,,,,1.909,1.328,1.258,1.773,1.326,1.252,2021-02-22,2021-01-20,2020-12-14,2021-03-08,2021-01-25,2020-12-22,1.96,1.92,2.1,1.71,1.82,1.89,2021-03-01,2021-02-23,2021-02-19,2021-03-08,2021-02-24,2021-02-22,8272200,5753200,2420800,23.58,4.88,-3.84,0.176,0.161,0.024,0.158,0.01,0.023,0.13084,0.10994,0.02029,0.11955,0.01562,0.01948,46.914,58.772,57.245,9.698,26.78,51.188,63.265,73.494,100.0,4.651,58.974,70.588,72.464,83.051,89.286,38.136,72.059,78.495,2021-02-19,2021-02-17,2021-01-22,2021-02-18,2021-02-02,2021-01-21,2021-03-01,2021-02-23,2021-02-19,2021-03-05,2021-02-26,2021-02-22,2021-03-01,2021-02-23,2021-02-19,2021-03-04,2021-02-24,2021-02-22,2021-02-23,2021-02-19,2021-02-15,2021-03-05,2021-02-22,2021-02-18,0,1,0,1,0,0,1,0,0,1,0,1,1,0,1,0,1,0,1,0,1,0,1,0,1,1,,,,,n2p,p2n,n2p,n2n,n2p,Life.BullEnd,Life.BearStart,Life.Bull,Life.BullRetrace,Life.BullEnd,,
2021-03-09,1.77415,,,,,1.73479,1.60513,1.46467,1.34543,1.78645,1.72901,0.05745,0.10017,-0.04272,,,7.49,-1.63,22.28,-17.57,7.62,-8.16,1.23,-0.16,9.0,5.0,17.0,22.0,18.0,18.0,9.0,3.0,0.01,0.0,0.03286,-0.04357,0.7541,42.99065,,,4.85465,12.5,9.84043,,,18.58679,13.18996,,,2.597,2.7012,3.8936,1.2966,0.1042,1.1924,0,1,0,,,,0.15,,,,,1.909,1.328,1.258,1.773,1.326,1.252,2021-02-22,2021-01-20,2020-12-14,2021-03-08,2021-01-25,2020-12-22,1.96,1.92,2.1,1.71,1.82,1.89,2021-03-01,2021-02-23,2021-02-19,2021-03-08,2021-02-24,2021-02-22,5753200,2420800,3469900,4.88,-3.84,-29.2,0.176,0.161,0.024,0.158,0.01,0.023,0.13084,0.10994,0.02029,0.11955,0.01562,0.01948,46.914,58.772,57.245,9.698,26.78,51.188,63.265,73.494,100.0,4.651,58.974,70.588,72.464,83.051,89.286,38.136,72.059,78.495,2021-02-19,2021-02-17,2021-01-22,2021-02-18,2021-02-02,2021-01-21,2021-03-01,2021-02-23,2021-02-19,2021-03-05,2021-02-26,2021-02-22,2021-03-01,2021-02-23,2021-02-19,2021-03-04,2021-02-24,2021-02-22,2021-02-23,2021-02-19,2021-02-15,2021-03-05,2021-02-22,2021-02-18,0,1,0,1,0,0,1,0,0,1,0,1,1,0,1,0,1,0,1,0,1,0,1,0,1,1,,,,,n2p,p2n,n2p,n2n,n2p,Life.BullEnd,Life.BearStart,Life.Bull,Life.BullRetrace,Life.BullEnd,,
2021-03-10,1.7838,,,,1.75,1.73596,1.61081,1.47032,1.34945,1.78085,1.73056,0.05028,0.09019,-0.03991,,,6.91,-1.63,22.28,-17.57,7.62,-8.16,1.23,-0.16,8.0,5.0,17.0,22.0,18.0,18.0,9.0,3.0,0.03,0.0,0.035,-0.04,0.875,46.66667,,46.667,8.53067,18.75,13.25355,,18.75,28.57143,19.48114,,,2.6136,2.6564,3.8651,1.2515,0.0428,1.2087,0,1,0,,,,0.15,,,,,1.909,1.328,1.258,1.773,1.326,1.252,2021-02-22,2021-01-20,2020-12-14,2021-03-08,2021-01-25,2020-12-22,1.75,1.96,1.92,1.71,1.82,1.89,2021-03-10,2021-03-01,2021-02-23,2021-03-08,2021-02-24,2021-02-22,2420800,3469900,2194100,-3.84,-29.2,-30.57,0.176,0.161,0.024,0.158,0.01,0.023,0.13084,0.10994,0.02029,0.11955,0.01562,0.01948,46.914,58.772,57.245,9.698,26.78,51.188,18.75,63.265,73.494,4.651,58.974,70.588,46.667,72.464,83.051,38.136,72.059,78.495,2021-02-19,2021-02-17,2021-01-22,2021-02-18,2021-02-02,2021-01-21,2021-03-01,2021-02-23,2021-02-19,2021-03-05,2021-02-26,2021-02-22,2021-03-10,2021-03-01,2021-02-23,2021-03-04,2021-02-24,2021-02-22,2021-03-10,2021-02-23,2021-02-19,2021-03-05,2021-02-22,2021-02-18,0,1,0,1,1,0,1,0,0,1,0,1,1,0,1,0,1,0,1,0,1,0,1,0,1,1,,,,,n2p,p2n,n2p,n2n,n2p,Life.BullEnd,Life.BearStart,Life.Bull,Life.BullRetrace,Life.BullEnd,,
2021-03-11,1.80115,,,1.73,,1.7355,1.61548,1.47546,1.35324,1.77302,1.73052,0.0425,0.08065,-0.03815,0.043,,5.88,-1.63,22.28,-17.57,7.62,-8.16,1.23,-0.16,7.0,5.0,17.0,22.0,18.0,18.0,9.0,3.0,-0.0,-0.02,0.015,-0.04143,0.36207,26.58228,26.582,,-20.08472,14.58333,15.27778,14.583,,43.25397,30.1374,,,2.6224,2.6004,3.8226,1.2002,-0.022,1.2222,0,1,0,,,,0.15,,,,,1.909,1.328,1.258,1.773,1.326,1.252,2021-02-22,2021-01-20,2020-12-14,2021-03-08,2021-01-25,2020-12-22,1.75,1.96,1.92,1.73,1.71,1.82,2021-03-10,2021-03-01,2021-02-23,2021-03-11,2021-03-08,2021-02-24,3469900,2194100,2082800,-29.2,-30.57,-4.18,0.176,0.161,0.024,0.043,0.158,0.01,0.13084,0.10994,0.02029,0.08065,0.11955,0.01562,46.914,58.772,57.245,9.698,26.78,51.188,18.75,63.265,73.494,14.583,4.651,58.974,46.667,72.464,83.051,26.582,38.136,72.059,2021-02-19,2021-02-17,2021-01-22,2021-03-11,2021-02-18,2021-02-02,2021-03-01,2021-02-23,2021-02-19,2021-03-05,2021-02-26,2021-02-22,2021-03-10,2021-03-01,2021-02-23,2021-03-11,2021-03-04,2021-02-24,2021-03-10,2021-02-23,2021-02-19,2021-03-11,2021-03-05,2021-02-22,0,1,0,1,1,0,0,0,0,1,0,0,1,0,1,0,1,0,0,0,1,0,1,0,1,1,,,,,n2p,p2n,n2p,n2n,n2p,Life.BullEnd,Life.BearStart,Life.Bull,Life.BullRetrace,Life.BullEnd,,
2021-03-12,1.82371,,,,1.89,1.74739,1.62625,1.48367,1.35858,1.79102,1.74234,0.04868,0.07426,-0.02557,,,4.57,-1.63,22.28,-17.57,7.62,-8.16,1.23,-0.16,6.0,5.0,17.0,22.0,18.0,18.0,9.0,3.0,0.16,0.0,0.02643,-0.02643,1.0,50.0,,50.0,23.418,65.71429,33.01587,,65.714,63.21734,45.01425,,,2.6767,2.6372,3.8881,1.2114,-0.0395,1.2509,1,1,1,,0.15,,,,,,,1.909,1.328,1.258,1.773,1.326,1.252,2021-02-22,2021-01-20,2020-12-14,2021-03-08,2021-01-25,2020-12-22,1.89,1.75,1.96,1.73,1.71,1.82,2021-03-12,2021-03-10,2021-03-01,2021-03-11,2021-03-08,2021-02-24,2194100,2082800,8485400,-30.57,-4.18,64.74,0.176,0.161,0.024,0.043,0.158,0.01,0.13084,0.10994,0.02029,0.08065,0.11955,0.01562,46.914,58.772,57.245,9.698,26.78,51.188,65.714,18.75,63.265,14.583,4.651,58.974,50.0,46.667,72.464,26.582,38.136,72.059,2021-02-19,2021-02-17,2021-01-22,2021-03-11,2021-02-18,2021-02-02,2021-03-01,2021-02-23,2021-02-19,2021-03-05,2021-02-26,2021-02-22,2021-03-12,2021-03-10,2021-03-01,2021-03-11,2021-03-04,2021-02-24,2021-03-12,2021-03-10,2021-02-23,2021-03-11,2021-03-05,2021-02-22,0,1,0,1,0,0,0,0,0,1,0,0,1,0,1,0,0,1,0,0,0,0,1,0,1,1,8485400.0,,,,p2n,n2p,n2n,n2p,n2p,Life.BearStart,Life.Bull,Life.BullRetrace,Life.BullEnd,Life.Bull,,
2021-03-15,1.84807,,,,,1.75682,1.63581,1.49132,1.36367,1.80317,1.75179,0.05138,0.06968,-0.0183,,,3.19,-1.63,22.28,-17.57,7.62,-8.16,1.23,-0.16,5.0,5.0,17.0,22.0,18.0,18.0,9.0,3.0,-0.0,-0.02,0.02429,-0.02786,0.87179,46.57534,46.575,,-3.42466,60.0,46.76587,,,74.85755,60.44295,,,2.7214,2.655,3.9315,1.2101,-0.0664,1.2765,1,1,1,,0.15,,,,,,,1.909,1.328,1.258,1.773,1.326,1.252,2021-02-22,2021-01-20,2020-12-14,2021-03-08,2021-01-25,2020-12-22,1.89,1.75,1.96,1.73,1.71,1.82,2021-03-12,2021-03-10,2021-03-01,2021-03-11,2021-03-08,2021-02-24,2082800,8485400,2831300,-4.18,64.74,4.99,0.176,0.161,0.024,0.043,0.158,0.01,0.13084,0.10994,0.02029,0.08065,0.11955,0.01562,46.914,58.772,57.245,9.698,26.78,51.188,65.714,18.75,63.265,14.583,4.651,58.974,50.0,46.667,72.464,46.575,26.582,38.136,2021-02-19,2021-02-17,2021-01-22,2021-03-11,2021-02-18,2021-02-02,2021-03-01,2021-02-23,2021-02-19,2021-03-05,2021-02-26,2021-02-22,2021-03-12,2021-03-10,2021-03-01,2021-03-11,2021-03-04,2021-02-24,2021-03-12,2021-03-10,2021-02-23,2021-03-15,2021-03-11,2021-03-05,0,1,0,1,0,0,0,0,0,1,0,0,1,0,1,0,0,1,0,0,0,0,0,1,1,1,,,,,p2n,n2p,n2n,n2p,n2p,Life.BearStart,Life.Bull,Life.BullRetrace,Life.BullEnd,Life.Bull,,
2021-03-16,1.87073,,,1.86,,1.76476,1.6446,1.49862,1.36861,1.81191,1.75981,0.05211,0.06617,-0.01406,,,1.94,-1.63,22.28,-17.57,7.62,-8.16,1.23,-0.16,4.0,5.0,17.0,22.0,18.0,18.0,9.0,3.0,-0.0,-0.01,0.02429,-0.02143,1.13333,53.125,,,6.55,57.14286,60.95238,57.143,,77.63533,71.90341,,77.635,2.7599,2.6614,3.9615,1.2016,-0.0985,1.3001,1,1,1,,0.15,,,,,,,1.909,1.328,1.258,1.773,1.326,1.252,2021-02-22,2021-01-20,2020-12-14,2021-03-08,2021-01-25,2020-12-22,1.89,1.75,1.96,1.86,1.73,1.71,2021-03-12,2021-03-10,2021-03-01,2021-03-16,2021-03-11,2021-03-08,8485400,2831300,2109700,64.74,4.99,0.2,0.176,0.161,0.024,0.043,0.158,0.01,0.13084,0.10994,0.02029,0.08065,0.11955,0.01562,77.635,46.914,58.772,9.698,26.78,51.188,65.714,18.75,63.265,57.143,14.583,4.651,50.0,46.667,72.464,46.575,26.582,38.136,2021-02-19,2021-02-17,2021-01-22,2021-03-11,2021-02-18,2021-02-02,2021-03-16,2021-03-01,2021-02-23,2021-03-05,2021-02-26,2021-02-22,2021-03-12,2021-03-10,2021-03-01,2021-03-16,2021-03-11,2021-03-04,2021-03-12,2021-03-10,2021-02-23,2021-03-15,2021-03-11,2021-03-05,0,1,0,1,0,0,0,1,0,1,0,0,0,1,1,0,0,1,0,1,0,0,0,1,1,1,,,,,p2n,n2p,n2n,n2p,n2p,Life.BearStart,Life.Bull,Life.BullRetrace,Life.BullEnd,Life.Bull,,
2021-03-17,1.88896,,,,,1.7767,1.6554,1.50696,1.37409,1.82854,1.77167,0.05687,0.06431,-0.00744,,,0.96,-1.63,22.28,-17.57,7.62,-8.16,1.23,-0.16,3.0,5.0,17.0,22.0,18.0,18.0,9.0,3.0,0.06,0.0,0.02571,-0.02143,1.2,54.54545,,54.545,7.97045,74.28571,63.80952,,,74.81481,75.76923,74.815,,2.8131,2.6974,4.0261,1.213,-0.1157,1.3287,1,1,1,,0.15,,,,,,,1.909,1.328,1.258,1.773,1.326,1.252,2021-02-22,2021-01-20,2020-12-14,2021-03-08,2021-01-25,2020-12-22,1.89,1.75,1.96,1.86,1.73,1.71,2021-03-12,2021-03-10,2021-03-01,2021-03-16,2021-03-11,2021-03-08,2831300,2109700,7505500,4.99,0.2,-7.3,0.176,0.161,0.024,0.043,0.158,0.01,0.13084,0.10994,0.02029,0.08065,0.11955,0.01562,77.635,46.914,58.772,74.815,9.698,26.78,65.714,18.75,63.265,57.143,14.583,4.651,54.545,50.0,46.667,46.575,26.582,38.136,2021-02-19,2021-02-17,2021-01-22,2021-03-11,2021-02-18,2021-02-02,2021-03-16,2021-03-01,2021-02-23,2021-03-17,2021-03-05,2021-02-26,2021-03-12,2021-03-10,2021-03-01,2021-03-16,2021-03-11,2021-03-04,2021-03-17,2021-03-12,2021-03-10,2021-03-15,2021-03-11,2021-03-05,0,1,0,1,0,0,0,1,0,1,0,0,0,1,0,1,0,1,0,1,0,1,0,1,1,1,,,,,p2n,n2p,n2n,n2p,n2p,Life.BearStart,Life.Bull,Life.BullRetrace,Life.BullEnd,Life.Bull,,
2021-03-18,1.9012,,,,1.95,1.79003,1.66695,1.51574,1.37982,1.84723,1.78488,0.06235,0.06392,-0.00157,,,0.31,-1.63,22.28,-17.57,7.62,-8.16,1.23,-0.16,2.0,5.0,17.0,22.0,18.0,18.0,9.0,3.0,0.03,0.0,0.02286,-0.02143,1.06667,51.6129,,,-2.9321,90.625,74.01786,,90.625,78.05556,76.83523,,,2.8713,2.7429,4.1021,1.2308,-0.1284,1.3592,1,1,1,,0.15,,,,,,,1.909,1.328,1.258,1.773,1.326,1.252,2021-02-22,2021-01-20,2020-12-14,2021-03-08,2021-01-25,2020-12-22,1.95,1.89,1.75,1.86,1.73,1.71,2021-03-18,2021-03-12,2021-03-10,2021-03-16,2021-03-11,2021-03-08,2109700,7505500,4205800,0.2,-7.3,11.04,0.176,0.161,0.024,0.043,0.158,0.01,0.13084,0.10994,0.02029,0.08065,0.11955,0.01562,77.635,46.914,58.772,74.815,9.698,26.78,90.625,65.714,18.75,57.143,14.583,4.651,54.545,50.0,46.667,46.575,26.582,38.136,2021-02-19,2021-02-17,2021-01-22,2021-03-11,2021-02-18,2021-02-02,2021-03-16,2021-03-01,2021-02-23,2021-03-17,2021-03-05,2021-02-26,2021-03-18,2021-03-12,2021-03-10,2021-03-16,2021-03-11,2021-03-04,2021-03-17,2021-03-12,2021-03-10,2021-03-15,2021-03-11,2021-03-05,0,1,0,1,0,1,0,1,0,1,0,0,0,1,0,1,0,1,0,1,0,1,0,1,1,1,,,,,p2n,n2p,n2n,n2p,n2p,Life.BearStart,Life.Bull,Life.BullRetrace,Life.BullEnd,Life.Bull,,
2021-03-19,1.90693,,,1.93,,1.8008,1.67727,1.52394,1.3853,1.85996,1.79563,0.06433,0.064,0.00033,,,0.0,-1.63,22.28,-17.57,7.62,-8.16,1.23,-0.16,1.0,5.0,17.0,22.0,18.0,18.0,9.0,3.0,-0.0,-0.02,0.02071,-0.02286,0.90625,47.54098,47.541,,-7.00402,84.375,83.09524,84.375,,78.75,77.20679,,78.75,2.9197,2.7686,4.155,1.2353,-0.1511,1.3864,1,1,1,,0.15,,,,,,,1.909,1.328,1.258,1.773,1.326,1.252,2021-02-22,2021-01-20,2020-12-14,2021-03-08,2021-01-25,2020-12-22,1.95,1.89,1.75,1.93,1.86,1.73,2021-03-18,2021-03-12,2021-03-10,2021-03-19,2021-03-16,2021-03-11,7505500,4205800,2381800,-7.3,11.04,1.97,0.176,0.161,0.024,0.043,0.158,0.01,0.13084,0.10994,0.02029,0.08065,0.11955,0.01562,78.75,77.635,46.914,74.815,9.698,26.78,90.625,65.714,18.75,84.375,57.143,14.583,54.545,50.0,46.667,47.541,46.575,26.582,2021-02-19,2021-02-17,2021-01-22,2021-03-11,2021-02-18,2021-02-02,2021-03-19,2021-03-16,2021-03-01,2021-03-17,2021-03-05,2021-02-26,2021-03-18,2021-03-12,2021-03-10,2021-03-19,2021-03-16,2021-03-11,2021-03-17,2021-03-12,2021-03-10,2021-03-19,2021-03-15,2021-03-11,0,1,0,1,0,1,0,1,0,1,0,0,0,1,0,1,0,1,0,1,0,1,0,1,1,1,,,,,p2n,n2p,n2n,n2p,n2p,Life.BearStart,Life.Bull,Life.BullRetrace,Life.BullEnd,Life.Bull,,
2021-03-22,1.90656,,1.907,,1.97,1.81381,1.68875,1.53277,1.39112,1.87689,1.80855,0.06834,0.06487,0.00348,,,-1.6,22.28,-17.57,7.62,-8.16,1.23,-0.16,2.54,5.0,17.0,22.0,18.0,18.0,9.0,3.0,8.0,0.04,0.0,0.02357,-0.015,1.57143,61.11111,,,13.57011,86.11111,87.03704,,86.111,77.08333,77.96296,,,2.9763,2.8104,4.2269,1.2506,-0.1659,1.4165,1,1,1,,0.15,,,,,,,1.907,1.909,1.328,1.773,1.326,1.252,2021-03-22,2021-02-22,2021-01-20,2021-03-08,2021-01-25,2020-12-22,1.97,1.95,1.89,1.93,1.86,1.73,2021-03-22,2021-03-18,2021-03-12,2021-03-19,2021-03-16,2021-03-11,4205800,2381800,6336500,11.04,1.97,-8.29,0.176,0.161,0.024,0.043,0.158,0.01,0.13084,0.10994,0.02029,0.08065,0.11955,0.01562,78.75,77.635,46.914,74.815,9.698,26.78,86.111,90.625,65.714,84.375,57.143,14.583,54.545,50.0,46.667,47.541,46.575,26.582,2021-02-19,2021-02-17,2021-01-22,2021-03-11,2021-02-18,2021-02-02,2021-03-19,2021-03-16,2021-03-01,2021-03-17,2021-03-05,2021-02-26,2021-03-22,2021-03-18,2021-03-12,2021-03-19,2021-03-16,2021-03-11,2021-03-17,2021-03-12,2021-03-10,2021-03-19,2021-03-15,2021-03-11,0,0,0,1,0,1,0,1,0,1,0,0,0,1,0,1,0,0,0,1,0,1,0,1,1,1,,,,,p2n,n2p,n2n,n2p,n2p,Life.BearStart,Life.Bull,Life.BullRetrace,Life.BullEnd,Life.Bull,,
2021-03-23,1.90154,,,,,1.82429,1.69899,1.54104,1.39668,1.88814,1.81903,0.06911,0.06572,0.0034,,0.069,-1.34,22.28,-17.57,7.62,-8.16,1.23,-0.16,2.54,4.0,17.0,22.0,18.0,18.0,9.0,3.0,8.0,-0.0,-0.02,0.02357,-0.01429,1.65,62.26415,,,14.72315,80.55556,83.68056,,,68.9693,74.93421,,,3.0231,2.8325,4.2761,1.253,-0.1906,1.4436,1,1,1,,0.15,,,,,,,1.907,1.909,1.328,1.773,1.326,1.252,2021-03-22,2021-02-22,2021-01-20,2021-03-08,2021-01-25,2020-12-22,1.97,1.95,1.89,1.93,1.86,1.73,2021-03-22,2021-03-18,2021-03-12,2021-03-19,2021-03-16,2021-03-11,2381800,6336500,1831900,1.97,-8.29,-18.37,0.069,0.176,0.161,0.043,0.158,0.01,0.06572,0.13084,0.10994,0.08065,0.11955,0.01562,78.75,77.635,46.914,74.815,9.698,26.78,86.111,90.625,65.714,84.375,57.143,14.583,54.545,50.0,46.667,47.541,46.575,26.582,2021-03-23,2021-02-19,2021-02-17,2021-03-11,2021-02-18,2021-02-02,2021-03-19,2021-03-16,2021-03-01,2021-03-17,2021-03-05,2021-02-26,2021-03-22,2021-03-18,2021-03-12,2021-03-19,2021-03-16,2021-03-11,2021-03-17,2021-03-12,2021-03-10,2021-03-19,2021-03-15,2021-03-11,0,0,0,1,0,1,0,1,1,0,0,0,0,1,0,1,0,0,0,1,0,1,0,1,1,1,,,,,p2n,n2p,n2n,n2p,n2p,Life.BearStart,Life.Bull,Life.BullRetrace,Life.BullEnd,Life.Bull,,
2021-03-24,1.89418,,,,,1.8278,1.7057,1.54755,1.40139,1.88535,1.8228,0.06255,0.06508,-0.00254,,,-0.96,22.28,-17.57,7.62,-8.16,1.23,-0.16,2.54,3.0,17.0,22.0,18.0,18.0,9.0,3.0,8.0,-0.0,-0.08,0.02357,-0.01357,1.73684,63.46154,,63.462,15.92054,58.33333,75.0,,,51.60819,65.88694,,,3.0431,2.8025,4.2641,1.221,-0.2406,1.4616,1,1,0,,,0.15,,,,,,1.907,1.909,1.328,1.773,1.326,1.252,2021-03-22,2021-02-22,2021-01-20,2021-03-08,2021-01-25,2020-12-22,1.97,1.95,1.89,1.93,1.86,1.73,2021-03-22,2021-03-18,2021-03-12,2021-03-19,2021-03-16,2021-03-11,6336500,1831900,3388600,-8.29,-18.37,9.54,0.069,0.176,0.161,0.043,0.158,0.01,0.06572,0.13084,0.10994,0.08065,0.11955,0.01562,78.75,77.635,46.914,74.815,9.698,26.78,86.111,90.625,65.714,84.375,57.143,14.583,63.462,54.545,50.0,47.541,46.575,26.582,2021-03-23,2021-02-19,2021-02-17,2021-03-11,2021-02-18,2021-02-02,2021-03-19,2021-03-16,2021-03-01,2021-03-17,2021-03-05,2021-02-26,2021-03-22,2021-03-18,2021-03-12,2021-03-19,2021-03-16,2021-03-11,2021-03-24,2021-03-17,2021-03-12,2021-03-19,2021-03-15,2021-03-11,0,0,0,1,0,1,0,1,1,0,0,0,0,1,0,1,0,0,0,1,0,1,0,1,1,1,,,,,p2n,n2p,n2n,n2p,n2p,Life.Bull,Life.BullRetrace,Life.BullEnd,Life.Bull,Life.BullRetrace,,
2021-03-25,1.88638,,,1.84,,1.82874,1.71096,1.55334,1.40575,1.87837,1.82408,0.0543,0.06292,-0.00863,,,-0.55,22.28,-17.57,7.62,-8.16,1.23,-0.16,2.54,2.0,17.0,22.0,18.0,18.0,9.0,3.0,8.0,-0.0,-0.03,0.02357,-0.01429,1.65,62.26415,62.264,,-1.19785,50.0,62.96296,50.0,,31.37009,50.64919,,,3.0521,2.754,4.2299,1.1778,-0.2981,1.4759,0,1,0,,,,0.15,,,,,1.907,1.909,1.328,1.773,1.326,1.252,2021-03-22,2021-02-22,2021-01-20,2021-03-08,2021-01-25,2020-12-22,1.97,1.95,1.89,1.84,1.93,1.86,2021-03-22,2021-03-18,2021-03-12,2021-03-25,2021-03-19,2021-03-16,1831900,3388600,1790900,-18.37,9.54,-39.33,0.069,0.176,0.161,0.043,0.158,0.01,0.06572,0.13084,0.10994,0.08065,0.11955,0.01562,78.75,77.635,46.914,74.815,9.698,26.78,86.111,90.625,65.714,50.0,84.375,57.143,63.462,54.545,50.0,62.264,47.541,46.575,2021-03-23,2021-02-19,2021-02-17,2021-03-11,2021-02-18,2021-02-02,2021-03-19,2021-03-16,2021-03-01,2021-03-17,2021-03-05,2021-02-26,2021-03-22,2021-03-18,2021-03-12,2021-03-25,2021-03-19,2021-03-16,2021-03-24,2021-03-17,2021-03-12,2021-03-25,2021-03-19,2021-03-15,0,0,0,1,0,1,1,0,1,0,0,0,0,1,0,1,0,0,1,0,0,1,0,1,1,1,,,-1790900.0,,n2p,n2n,n2p,n2p,p2n,Life.BullRetrace,Life.BullEnd,Life.Bull,Life.BullRetrace,Life.BullEnd,,
2021-03-26,1.87951,,,,1.86,1.83115,1.71681,1.55941,1.41027,1.87555,1.82674,0.04881,0.0601,-0.01129,,,-0.19,22.28,-17.57,7.62,-8.16,1.23,-0.16,2.54,1.0,17.0,22.0,18.0,18.0,9.0,3.0,8.0,0.02,0.0,0.025,-0.01429,1.75,63.63636,,63.636,1.37236,55.55556,54.62963,,55.556,18.25397,33.74408,,,3.0654,2.7174,4.2088,1.1434,-0.348,1.4914,0,1,0,,,,0.15,,,,,1.907,1.909,1.328,1.773,1.326,1.252,2021-03-22,2021-02-22,2021-01-20,2021-03-08,2021-01-25,2020-12-22,1.86,1.97,1.95,1.84,1.93,1.86,2021-03-26,2021-03-22,2021-03-18,2021-03-25,2021-03-19,2021-03-16,3388600,1790900,1179600,9.54,-39.33,-9.3,0.069,0.176,0.161,0.043,0.158,0.01,0.06572,0.13084,0.10994,0.08065,0.11955,0.01562,78.75,77.635,46.914,74.815,9.698,26.78,55.556,86.111,90.625,50.0,84.375,57.143,63.636,63.462,54.545,62.264,47.541,46.575,2021-03-23,2021-02-19,2021-02-17,2021-03-11,2021-02-18,2021-02-02,2021-03-19,2021-03-16,2021-03-01,2021-03-17,2021-03-05,2021-02-26,2021-03-26,2021-03-22,2021-03-18,2021-03-25,2021-03-19,2021-03-16,2021-03-26,2021-03-24,2021-03-17,2021-03-25,2021-03-19,2021-03-15,0,0,0,1,1,0,1,0,1,0,0,0,0,1,0,1,1,0,1,0,0,1,0,1,1,1,,,,,n2p,n2n,n2p,n2p,p2n,Life.BullRetrace,Life.BullEnd,Life.Bull,Life.BullRetrace,Life.BullEnd,,
2021-03-29,1.87557,1.876,,1.84,,1.83183,1.72164,1.56497,1.41455,1.87008,1.82772,0.04236,0.05655,-0.0142,,,22.31,-17.57,7.62,-8.16,1.23,-0.16,2.54,-0.67,17.0,22.0,18.0,18.0,9.0,3.0,8.0,7.0,-0.0,-0.02,0.02429,-0.01571,1.54545,60.71429,,,-2.92171,40.0,48.51852,40.0,,18.25397,22.62601,18.254,,3.0709,2.6686,4.1728,1.1019,-0.4023,1.5042,0,1,0,,,,0.15,,,,,1.907,1.909,1.328,1.876,1.773,1.326,2021-03-22,2021-02-22,2021-01-20,2021-03-29,2021-03-08,2021-01-25,1.86,1.97,1.95,1.84,1.84,1.93,2021-03-26,2021-03-22,2021-03-18,2021-03-29,2021-03-25,2021-03-19,1790900,1179600,1575800,-39.33,-9.3,-28.51,0.069,0.176,0.161,0.043,0.158,0.01,0.06572,0.13084,0.10994,0.08065,0.11955,0.01562,78.75,77.635,46.914,18.254,74.815,9.698,55.556,86.111,90.625,40.0,50.0,84.375,63.636,63.462,54.545,62.264,47.541,46.575,2021-03-23,2021-02-19,2021-02-17,2021-03-11,2021-02-18,2021-02-02,2021-03-19,2021-03-16,2021-03-01,2021-03-29,2021-03-17,2021-03-05,2021-03-26,2021-03-22,2021-03-18,2021-03-29,2021-03-25,2021-03-19,2021-03-26,2021-03-24,2021-03-17,2021-03-25,2021-03-19,2021-03-15,0,0,0,1,1,0,1,0,1,0,0,0,0,1,0,0,1,0,1,0,0,1,0,1,1,1,,,,,n2p,n2n,n2p,n2p,p2n,Life.BullRetrace,Life.BullEnd,Life.Bull,Life.BullRetrace,Life.BullEnd,,
2021-03-30,1.87663,,,,1.86,1.83399,1.72707,1.57081,1.41898,1.86853,1.83011,0.03842,0.05293,-0.01451,,,22.24,-17.57,7.62,-8.16,1.23,-0.16,2.54,-0.67,16.0,22.0,18.0,18.0,9.0,3.0,8.0,7.0,0.02,0.0,0.02357,-0.01571,1.5,60.0,,,-3.636,46.66667,47.40741,,46.667,26.31258,20.94017,,,3.0809,2.6318,4.1501,1.0692,-0.4491,1.5183,0,1,0,,,,0.15,,,,,1.907,1.909,1.328,1.876,1.773,1.326,2021-03-22,2021-02-22,2021-01-20,2021-03-29,2021-03-08,2021-01-25,1.86,1.86,1.97,1.84,1.84,1.93,2021-03-30,2021-03-26,2021-03-22,2021-03-29,2021-03-25,2021-03-19,1179600,1575800,2144700,-9.3,-28.51,7.78,0.069,0.176,0.161,0.043,0.158,0.01,0.06572,0.13084,0.10994,0.08065,0.11955,0.01562,78.75,77.635,46.914,18.254,74.815,9.698,46.667,55.556,86.111,40.0,50.0,84.375,63.636,63.462,54.545,62.264,47.541,46.575,2021-03-23,2021-02-19,2021-02-17,2021-03-11,2021-02-18,2021-02-02,2021-03-19,2021-03-16,2021-03-01,2021-03-29,2021-03-17,2021-03-05,2021-03-30,2021-03-26,2021-03-22,2021-03-29,2021-03-25,2021-03-19,2021-03-26,2021-03-24,2021-03-17,2021-03-25,2021-03-19,2021-03-15,0,0,0,1,1,0,1,0,1,0,0,0,0,1,0,0,1,0,1,0,0,1,0,1,1,1,,,,,n2p,n2n,n2p,n2p,p2n,Life.BullRetrace,Life.BullEnd,Life.Bull,Life.BullRetrace,Life.BullEnd,,
2021-03-31,1.88458,,,1.84,,1.83446,1.73149,1.57614,1.42317,1.86414,1.83084,0.03329,0.049,-0.0157,0.033,,21.72,-17.57,7.62,-8.16,1.23,-0.16,2.54,-0.67,15.0,22.0,18.0,18.0,9.0,3.0,8.0,7.0,-0.0,-0.02,0.02357,-0.01571,1.5,60.0,,,-3.636,35.71429,40.79365,35.714,,30.87607,25.14754,,,3.0832,2.5832,4.1129,1.0297,-0.5,1.5297,0,1,0,,,,0.15,,,,,1.907,1.909,1.328,1.876,1.773,1.326,2021-03-22,2021-02-22,2021-01-20,2021-03-29,2021-03-08,2021-01-25,1.86,1.86,1.97,1.84,1.84,1.84,2021-03-30,2021-03-26,2021-03-22,2021-03-31,2021-03-29,2021-03-25,1575800,2144700,948400,-28.51,7.78,-4.72,0.069,0.176,0.161,0.033,0.043,0.158,0.06572,0.13084,0.10994,0.049,0.08065,0.11955,78.75,77.635,46.914,18.254,74.815,9.698,46.667,55.556,86.111,35.714,40.0,50.0,63.636,63.462,54.545,62.264,47.541,46.575,2021-03-23,2021-02-19,2021-02-17,2021-03-31,2021-03-11,2021-02-18,2021-03-19,2021-03-16,2021-03-01,2021-03-29,2021-03-17,2021-03-05,2021-03-30,2021-03-26,2021-03-22,2021-03-31,2021-03-29,2021-03-25,2021-03-26,2021-03-24,2021-03-17,2021-03-25,2021-03-19,2021-03-15,0,0,0,1,1,0,0,0,1,0,1,0,0,1,0,0,1,0,1,0,0,1,0,1,1,1,,,,,n2p,n2n,n2p,n2p,p2n,Life.BullRetrace,Life.BullEnd,Life.Bull,Life.BullRetrace,Life.BullEnd,,
2021-04-01,1.9014,,,,1.92,1.84104,1.73889,1.58295,1.42811,1.87273,1.83745,0.03528,0.04626,-0.01097,,0.035,20.65,-17.57,7.62,-8.16,1.23,-0.16,2.54,-0.67,14.0,22.0,18.0,18.0,9.0,3.0,8.0,7.0,0.08,0.0,0.01786,-0.01571,1.13636,53.19149,,,-10.44451,52.38095,44.92063,,52.381,55.62354,37.60406,,,3.1078,2.5809,4.1293,1.0215,-0.5269,1.5484,0,1,0,,,,0.15,,,,,1.907,1.909,1.328,1.876,1.773,1.326,2021-03-22,2021-02-22,2021-01-20,2021-03-29,2021-03-08,2021-01-25,1.92,1.86,1.86,1.84,1.84,1.84,2021-04-01,2021-03-30,2021-03-26,2021-03-31,2021-03-29,2021-03-25,2144700,948400,3311600,7.78,-4.72,37.18,0.035,0.069,0.176,0.033,0.043,0.158,0.04626,0.06572,0.13084,0.049,0.08065,0.11955,78.75,77.635,46.914,18.254,74.815,9.698,52.381,46.667,55.556,35.714,40.0,50.0,63.636,63.462,54.545,62.264,47.541,46.575,2021-04-01,2021-03-23,2021-02-19,2021-03-31,2021-03-11,2021-02-18,2021-03-19,2021-03-16,2021-03-01,2021-03-29,2021-03-17,2021-03-05,2021-04-01,2021-03-30,2021-03-26,2021-03-31,2021-03-29,2021-03-25,2021-03-26,2021-03-24,2021-03-17,2021-03-25,2021-03-19,2021-03-15,0,0,0,1,0,1,0,0,1,0,1,0,0,1,0,0,0,0,1,0,0,1,0,1,1,1,3311600.0,,,,n2n,n2p,n2p,p2n,n2p,Life.BullRetrace,Life.BullEnd,Life.Bull,Life.BullRetrace,Life.BullEnd,,
2021-04-02,1.92799,,,,,1.8448,1.74481,1.58903,1.43271,1.87539,1.84134,0.03405,0.04381,-0.00977,,,18.98,-17.57,7.62,-8.16,1.23,-0.16,2.54,-0.67,13.0,22.0,18.0,18.0,9.0,3.0,8.0,7.0,-0.0,-0.03,0.01786,-0.01643,1.08696,52.08333,52.083,,-11.55267,38.09524,42.06349,,,58.35859,48.28607,,,3.121,2.5577,4.1209,0.9999,-0.5633,1.5632,0,1,0,,,,0.15,,,,,1.907,1.909,1.328,1.876,1.773,1.326,2021-03-22,2021-02-22,2021-01-20,2021-03-29,2021-03-08,2021-01-25,1.92,1.86,1.86,1.84,1.84,1.84,2021-04-01,2021-03-30,2021-03-26,2021-03-31,2021-03-29,2021-03-25,948400,3311600,4314100,-4.72,37.18,33.87,0.035,0.069,0.176,0.033,0.043,0.158,0.04626,0.06572,0.13084,0.049,0.08065,0.11955,78.75,77.635,46.914,18.254,74.815,9.698,52.381,46.667,55.556,35.714,40.0,50.0,63.636,63.462,54.545,52.083,62.264,47.541,2021-04-01,2021-03-23,2021-02-19,2021-03-31,2021-03-11,2021-02-18,2021-03-19,2021-03-16,2021-03-01,2021-03-29,2021-03-17,2021-03-05,2021-04-01,2021-03-30,2021-03-26,2021-03-31,2021-03-29,2021-03-25,2021-03-26,2021-03-24,2021-03-17,2021-04-02,2021-03-25,2021-03-19,0,0,0,1,0,1,0,0,1,0,1,0,0,1,0,0,0,0,1,0,0,1,0,0,1,1,,,,,n2n,n2p,n2p,p2n,n2p,Life.BullRetrace,Life.BullEnd,Life.Bull,Life.BullRetrace,Life.BullEnd,,
2021-04-05,1.96398,,,1.89,,1.84828,1.75051,1.59499,1.43726,1.87764,1.84494,0.03269,0.04159,-0.0089,,,16.8,-17.57,7.62,-8.16,1.23,-0.16,2.54,-0.67,12.0,22.0,18.0,18.0,9.0,3.0,8.0,7.0,0.0,0.0,0.01786,-0.01571,1.13636,53.19149,,53.191,1.10849,38.09524,42.85714,38.095,,61.41414,58.46542,,61.414,3.1325,2.5329,4.1102,0.9777,-0.5996,1.5773,0,1,0,,,,0.15,,,,,1.907,1.909,1.328,1.876,1.773,1.326,2021-03-22,2021-02-22,2021-01-20,2021-03-29,2021-03-08,2021-01-25,1.92,1.86,1.86,1.89,1.84,1.84,2021-04-01,2021-03-30,2021-03-26,2021-04-05,2021-03-31,2021-03-29,3311600,4314100,2021000,37.18,33.87,12.51,0.035,0.069,0.176,0.033,0.043,0.158,0.04626,0.06572,0.13084,0.049,0.08065,0.11955,61.414,78.75,77.635,18.254,74.815,9.698,52.381,46.667,55.556,38.095,35.714,40.0,53.191,63.636,63.462,52.083,62.264,47.541,2021-04-01,2021-03-23,2021-02-19,2021-03-31,2021-03-11,2021-02-18,2021-04-05,2021-03-19,2021-03-16,2021-03-29,2021-03-17,2021-03-05,2021-04-01,2021-03-30,2021-03-26,2021-04-05,2021-03-31,2021-03-29,2021-04-05,2021-03-26,2021-03-24,2021-04-02,2021-03-25,2021-03-19,0,0,0,1,0,1,0,1,1,0,1,0,1,0,0,0,0,0,0,0,1,0,0,0,1,1,,,,,n2n,n2p,n2p,p2n,n2p,Life.BullRetrace,Life.BullEnd,Life.Bull,Life.BullRetrace,Life.BullEnd,,
2021-04-06,2.00773,,,,,1.85303,1.75676,1.60123,1.44196,1.88262,1.84976,0.03285,0.03984,-0.00699,0.033,,14.26,-17.57,7.62,-8.16,1.23,-0.16,2.54,-0.67,11.0,22.0,18.0,18.0,9.0,3.0,8.0,7.0,0.02,0.0,0.015,-0.01571,0.95455,48.83721,48.837,,-4.35379,47.61905,41.26984,,,51.11111,56.96128,51.111,,3.148,2.518,4.1107,0.9627,-0.63,1.5927,0,1,0,,,,0.15,,,,,1.907,1.909,1.328,1.876,1.773,1.326,2021-03-22,2021-02-22,2021-01-20,2021-03-29,2021-03-08,2021-01-25,1.92,1.86,1.86,1.89,1.84,1.84,2021-04-01,2021-03-30,2021-03-26,2021-04-05,2021-03-31,2021-03-29,4314100,2021000,1282800,33.87,12.51,-21.03,0.035,0.069,0.176,0.033,0.033,0.043,0.04626,0.06572,0.13084,0.03984,0.049,0.08065,61.414,78.75,77.635,51.111,18.254,74.815,52.381,46.667,55.556,38.095,35.714,40.0,53.191,63.636,63.462,48.837,52.083,62.264,2021-04-01,2021-03-23,2021-02-19,2021-04-06,2021-03-31,2021-03-11,2021-04-05,2021-03-19,2021-03-16,2021-04-06,2021-03-29,2021-03-17,2021-04-01,2021-03-30,2021-03-26,2021-04-05,2021-03-31,2021-03-29,2021-04-05,2021-03-26,2021-03-24,2021-04-06,2021-04-02,2021-03-25,0,0,0,1,0,1,0,1,1,0,1,0,1,0,0,0,0,0,0,0,1,0,1,0,1,1,,,,,n2n,n2p,n2p,p2n,n2p,Life.BullRetrace,Life.BullEnd,Life.Bull,Life.BullRetrace,Life.BullEnd,,
2021-04-07,2.05664,,,,,1.86587,1.76708,1.60952,1.44771,1.90375,1.86237,0.04138,0.04015,0.00123,,,11.54,-17.57,7.62,-8.16,1.23,-0.16,2.54,-0.67,10.0,22.0,18.0,18.0,9.0,3.0,8.0,7.0,0.11,0.0,0.02071,-0.01571,1.31818,56.86275,,,8.02575,100.0,61.90476,,100.0,68.88889,60.47138,,,3.1937,2.5635,4.1816,0.9879,-0.6302,1.6181,1,1,1,,0.15,,,,,,,1.907,1.909,1.328,1.876,1.773,1.326,2021-03-22,2021-02-22,2021-01-20,2021-03-29,2021-03-08,2021-01-25,1.92,1.86,1.86,1.89,1.84,1.84,2021-04-01,2021-03-30,2021-03-26,2021-04-05,2021-03-31,2021-03-29,2021000,1282800,13736700,12.51,-21.03,123.69,0.035,0.069,0.176,0.033,0.033,0.043,0.04626,0.06572,0.13084,0.03984,0.049,0.08065,61.414,78.75,77.635,51.111,18.254,74.815,100.0,52.381,46.667,38.095,35.714,40.0,53.191,63.636,63.462,48.837,52.083,62.264,2021-04-01,2021-03-23,2021-02-19,2021-04-06,2021-03-31,2021-03-11,2021-04-05,2021-03-19,2021-03-16,2021-04-06,2021-03-29,2021-03-17,2021-04-07,2021-04-01,2021-03-30,2021-04-05,2021-03-31,2021-03-29,2021-04-05,2021-03-26,2021-03-24,2021-04-06,2021-04-02,2021-03-25,0,0,0,1,0,1,0,1,1,0,1,0,1,0,0,0,0,1,0,0,1,0,1,0,1,1,13736700.0,,,,n2p,n2p,p2n,n2p,n2p,Life.BullEnd,Life.Bull,Life.BullRetrace,Life.BullEnd,Life.Bull,,
2021-04-08,2.10748,,,,,1.88157,1.77896,1.61864,1.45391,1.92933,1.87775,0.05157,0.04243,0.00914,,,8.85,-17.57,7.62,-8.16,1.23,-0.16,2.54,-0.67,9.0,22.0,18.0,18.0,9.0,3.0,8.0,7.0,0.05,0.0,0.02429,-0.01429,1.7,62.96296,,,14.12596,89.65517,79.09141,89.655,,82.5,67.5,,,3.2505,2.6293,4.2766,1.0261,-0.6212,1.6473,1,1,1,,0.15,,,,,,,1.907,1.909,1.328,1.876,1.773,1.326,2021-03-22,2021-02-22,2021-01-20,2021-03-29,2021-03-08,2021-01-25,1.92,1.86,1.86,1.89,1.84,1.84,2021-04-01,2021-03-30,2021-03-26,2021-04-05,2021-03-31,2021-03-29,1282800,13736700,9439500,-21.03,123.69,43.53,0.035,0.069,0.176,0.033,0.033,0.043,0.04626,0.06572,0.13084,0.03984,0.049,0.08065,61.414,78.75,77.635,51.111,18.254,74.815,100.0,52.381,46.667,89.655,38.095,35.714,53.191,63.636,63.462,48.837,52.083,62.264,2021-04-01,2021-03-23,2021-02-19,2021-04-06,2021-03-31,2021-03-11,2021-04-05,2021-03-19,2021-03-16,2021-04-06,2021-03-29,2021-03-17,2021-04-07,2021-04-01,2021-03-30,2021-04-08,2021-04-05,2021-03-31,2021-04-05,2021-03-26,2021-03-24,2021-04-06,2021-04-02,2021-03-25,0,0,0,1,0,1,0,1,1,0,1,0,1,0,0,0,0,1,0,1,1,0,1,0,1,1,,,,,n2p,n2p,p2n,n2p,n2p,Life.BullEnd,Life.Bull,Life.BullRetrace,Life.BullEnd,Life.Bull,,
2021-04-09,2.15647,,,,,1.90838,1.79665,1.63075,1.46163,1.97559,1.90385,0.07174,0.0483,0.02344,,,6.38,-17.57,7.62,-8.16,1.23,-0.16,2.54,-0.67,8.0,22.0,18.0,18.0,9.0,3.0,8.0,7.0,0.16,0.0,0.03286,-0.01429,2.3,69.69697,,,20.85997,91.30435,93.65317,,,92.5813,81.3234,,92.581,3.3502,2.7763,4.4675,1.1173,-0.5739,1.6912,1,1,1,,0.15,,,,,,,1.907,1.909,1.328,1.876,1.773,1.326,2021-03-22,2021-02-22,2021-01-20,2021-03-29,2021-03-08,2021-01-25,1.92,1.86,1.86,1.89,1.84,1.84,2021-04-01,2021-03-30,2021-03-26,2021-04-05,2021-03-31,2021-03-29,13736700,9439500,18657100,123.69,43.53,71.03,0.035,0.069,0.176,0.033,0.033,0.043,0.04626,0.06572,0.13084,0.03984,0.049,0.08065,92.581,61.414,78.75,51.111,18.254,74.815,100.0,52.381,46.667,89.655,38.095,35.714,53.191,63.636,63.462,48.837,52.083,62.264,2021-04-01,2021-03-23,2021-02-19,2021-04-06,2021-03-31,2021-03-11,2021-04-09,2021-04-05,2021-03-19,2021-04-06,2021-03-29,2021-03-17,2021-04-07,2021-04-01,2021-03-30,2021-04-08,2021-04-05,2021-03-31,2021-04-05,2021-03-26,2021-03-24,2021-04-06,2021-04-02,2021-03-25,0,0,0,1,0,1,0,1,1,0,1,0,0,1,0,0,0,1,0,1,1,0,1,0,1,1,,,,,n2p,n2p,p2n,n2p,n2p,Life.BullEnd,Life.Bull,Life.BullRetrace,Life.BullEnd,Life.Bull,,
2021-04-12,2.20005,,,,2.32,1.94004,1.81717,1.64439,1.47017,2.02857,1.93467,0.0939,0.05742,0.03648,,,4.27,-17.57,7.62,-8.16,1.23,-0.16,2.54,-0.67,7.0,22.0,18.0,18.0,9.0,3.0,8.0,7.0,0.09,0.0,0.03929,-0.01286,3.05556,75.34247,,,26.50547,96.22642,92.39531,,96.226,91.09982,88.72704,,,3.47,2.9565,4.6987,1.2287,-0.5135,1.7422,1,1,1,,0.15,,,,,,,1.907,1.909,1.328,1.876,1.773,1.326,2021-03-22,2021-02-22,2021-01-20,2021-03-29,2021-03-08,2021-01-25,2.32,1.92,1.86,1.89,1.84,1.84,2021-04-12,2021-04-01,2021-03-30,2021-04-05,2021-03-31,2021-03-29,9439500,18657100,14883500,43.53,71.03,2.74,0.035,0.069,0.176,0.033,0.033,0.043,0.04626,0.06572,0.13084,0.03984,0.049,0.08065,92.581,61.414,78.75,51.111,18.254,74.815,96.226,100.0,52.381,89.655,38.095,35.714,53.191,63.636,63.462,48.837,52.083,62.264,2021-04-01,2021-03-23,2021-02-19,2021-04-06,2021-03-31,2021-03-11,2021-04-09,2021-04-05,2021-03-19,2021-04-06,2021-03-29,2021-03-17,2021-04-12,2021-04-07,2021-04-01,2021-04-08,2021-04-05,2021-03-31,2021-04-05,2021-03-26,2021-03-24,2021-04-06,2021-04-02,2021-03-25,0,0,0,1,0,1,0,1,1,0,1,0,0,1,0,0,0,0,0,1,1,0,1,0,1,1,,,,,n2p,n2p,p2n,n2p,n2p,Life.BullEnd,Life.Bull,Life.BullRetrace,Life.BullEnd,Life.Bull,,
2021-04-13,2.23568,,,2.31,,1.9685,1.8365,1.65757,1.47853,2.07187,1.96247,0.10939,0.06781,0.04158,,,2.61,-17.57,7.62,-8.16,1.23,-0.16,2.54,-0.67,6.0,22.0,18.0,18.0,9.0,3.0,8.0,7.0,-0.0,-0.01,0.03929,-0.00786,5.0,83.33333,,,34.49633,87.7193,91.75002,87.719,,90.30195,91.32769,,,3.5797,3.1093,4.8997,1.32,-0.4704,1.7904,1,1,1,,0.15,,,,,,,1.907,1.909,1.328,1.876,1.773,1.326,2021-03-22,2021-02-22,2021-01-20,2021-03-29,2021-03-08,2021-01-25,2.32,1.92,1.86,2.31,1.89,1.84,2021-04-12,2021-04-01,2021-03-30,2021-04-13,2021-04-05,2021-03-31,18657100,14883500,9765100,71.03,2.74,0.76,0.035,0.069,0.176,0.033,0.033,0.043,0.04626,0.06572,0.13084,0.03984,0.049,0.08065,92.581,61.414,78.75,51.111,18.254,74.815,96.226,100.0,52.381,87.719,89.655,38.095,53.191,63.636,63.462,48.837,52.083,62.264,2021-04-01,2021-03-23,2021-02-19,2021-04-06,2021-03-31,2021-03-11,2021-04-09,2021-04-05,2021-03-19,2021-04-06,2021-03-29,2021-03-17,2021-04-12,2021-04-07,2021-04-01,2021-04-13,2021-04-08,2021-04-05,2021-04-05,2021-03-26,2021-03-24,2021-04-06,2021-04-02,2021-03-25,0,0,0,1,0,1,0,1,1,0,1,0,0,1,0,0,0,0,0,0,1,0,1,0,1,1,,,,,n2p,n2p,p2n,n2p,n2p,Life.BullEnd,Life.Bull,Life.BullRetrace,Life.BullEnd,Life.Bull,,
2021-04-14,2.26193,,,,2.38,2.00015,1.85781,1.67188,1.4875,2.11927,1.9934,0.12587,0.07942,0.04645,,,1.42,-17.57,7.62,-8.16,1.23,-0.16,2.54,-0.67,5.0,22.0,18.0,18.0,9.0,3.0,8.0,7.0,0.07,0.0,0.04429,-0.00571,7.75,88.57143,,88.571,39.73443,93.33333,92.42635,,93.333,90.30195,90.5679,,,3.7031,3.2827,5.1265,1.4234,-0.4204,1.8438,1,1,1,,0.15,,,,,,,1.907,1.909,1.328,1.876,1.773,1.326,2021-03-22,2021-02-22,2021-01-20,2021-03-29,2021-03-08,2021-01-25,2.38,2.32,1.92,2.31,1.89,1.84,2021-04-14,2021-04-12,2021-04-01,2021-04-13,2021-04-05,2021-03-31,14883500,9765100,9697300,2.74,0.76,-20.69,0.035,0.069,0.176,0.033,0.033,0.043,0.04626,0.06572,0.13084,0.03984,0.049,0.08065,92.581,61.414,78.75,51.111,18.254,74.815,93.333,96.226,100.0,87.719,89.655,38.095,88.571,53.191,63.636,48.837,52.083,62.264,2021-04-01,2021-03-23,2021-02-19,2021-04-06,2021-03-31,2021-03-11,2021-04-09,2021-04-05,2021-03-19,2021-04-06,2021-03-29,2021-03-17,2021-04-14,2021-04-12,2021-04-07,2021-04-13,2021-04-08,2021-04-05,2021-04-14,2021-04-05,2021-03-26,2021-04-06,2021-04-02,2021-03-25,0,0,0,1,0,1,0,1,1,0,1,0,0,1,0,0,1,0,0,0,0,1,1,0,1,1,,,,,n2p,n2p,p2n,n2p,n2p,Life.BullEnd,Life.Bull,Life.BullRetrace,Life.BullEnd,Life.Bull,,
2021-04-15,2.27884,,,2.25,,2.01937,1.87319,1.68333,1.49508,2.13939,2.01241,0.12698,0.08893,0.03804,,,0.67,-17.57,7.62,-8.16,1.23,-0.16,2.54,-0.67,4.0,22.0,18.0,18.0,9.0,3.0,8.0,7.0,-0.0,-0.13,0.04286,-0.015,2.85714,74.07407,74.074,,-14.49693,71.66667,84.23977,71.667,,75.59295,85.39895,,,3.7811,3.3604,5.2429,1.4618,-0.4207,1.8825,1,1,1,,0.15,,,,,,,1.907,1.909,1.328,1.876,1.773,1.326,2021-03-22,2021-02-22,2021-01-20,2021-03-29,2021-03-08,2021-01-25,2.38,2.32,1.92,2.25,2.31,1.89,2021-04-14,2021-04-12,2021-04-01,2021-04-15,2021-04-13,2021-04-05,9765100,9697300,9930900,0.76,-20.69,-14.42,0.035,0.069,0.176,0.033,0.033,0.043,0.04626,0.06572,0.13084,0.03984,0.049,0.08065,92.581,61.414,78.75,51.111,18.254,74.815,93.333,96.226,100.0,71.667,87.719,89.655,88.571,53.191,63.636,74.074,48.837,52.083,2021-04-01,2021-03-23,2021-02-19,2021-04-06,2021-03-31,2021-03-11,2021-04-09,2021-04-05,2021-03-19,2021-04-06,2021-03-29,2021-03-17,2021-04-14,2021-04-12,2021-04-07,2021-04-15,2021-04-13,2021-04-08,2021-04-14,2021-04-05,2021-03-26,2021-04-15,2021-04-06,2021-04-02,0,0,0,1,0,1,0,0,1,0,1,0,0,1,0,0,1,0,1,0,0,1,0,1,1,1,,,,,n2p,n2p,p2n,n2p,n2p,Life.BullEnd,Life.Bull,Life.BullRetrace,Life.BullEnd,Life.Bull,,
2021-04-16,2.28813,,,,2.31,2.04173,1.89032,1.69574,1.50319,2.16563,2.03445,0.13118,0.09738,0.0338,,,0.26,-17.57,7.62,-8.16,1.23,-0.16,2.54,-0.67,3.0,22.0,18.0,18.0,9.0,3.0,8.0,7.0,0.06,0.0,0.04714,-0.01357,3.47368,77.64706,,77.647,3.57306,81.66667,82.22222,,81.667,63.89082,76.59524,,,3.8713,3.4599,5.3854,1.5141,-0.4114,1.9255,1,1,1,,0.15,,,,,,,1.907,1.909,1.328,1.876,1.773,1.326,2021-03-22,2021-02-22,2021-01-20,2021-03-29,2021-03-08,2021-01-25,2.31,2.38,2.32,2.25,2.31,1.89,2021-04-16,2021-04-14,2021-04-12,2021-04-15,2021-04-13,2021-04-05,9697300,9930900,4388000,-20.69,-14.42,-18.29,0.035,0.069,0.176,0.033,0.033,0.043,0.04626,0.06572,0.13084,0.03984,0.049,0.08065,92.581,61.414,78.75,51.111,18.254,74.815,81.667,93.333,96.226,71.667,87.719,89.655,77.647,88.571,53.191,74.074,48.837,52.083,2021-04-01,2021-03-23,2021-02-19,2021-04-06,2021-03-31,2021-03-11,2021-04-09,2021-04-05,2021-03-19,2021-04-06,2021-03-29,2021-03-17,2021-04-16,2021-04-14,2021-04-12,2021-04-15,2021-04-13,2021-04-08,2021-04-16,2021-04-14,2021-04-05,2021-04-15,2021-04-06,2021-04-02,0,0,0,1,1,0,0,0,1,0,1,0,0,1,0,0,1,0,1,0,0,0,0,1,1,1,,,,,n2p,n2p,p2n,n2p,n2p,Life.BullEnd,Life.Bull,Life.BullRetrace,Life.BullEnd,Life.Bull,,
2021-04-19,2.29219,,,,,2.06006,1.90561,1.70731,1.51092,2.18323,2.05264,0.13059,0.10402,0.02656,,0.131,0.08,-17.57,7.62,-8.16,1.23,-0.16,2.54,-0.67,2.0,22.0,18.0,18.0,9.0,3.0,8.0,7.0,-0.0,-0.03,0.04571,-0.01571,2.90909,74.4186,,,-3.2284,76.66667,76.66667,,,43.80952,61.09777,,,3.9469,3.5275,5.4914,1.5445,-0.4194,1.9639,1,1,1,,0.15,,,,,,,1.907,1.909,1.328,1.876,1.773,1.326,2021-03-22,2021-02-22,2021-01-20,2021-03-29,2021-03-08,2021-01-25,2.31,2.38,2.32,2.25,2.31,1.89,2021-04-16,2021-04-14,2021-04-12,2021-04-15,2021-04-13,2021-04-05,9930900,4388000,2156600,-14.42,-18.29,-31.4,0.131,0.035,0.069,0.033,0.033,0.043,0.10402,0.04626,0.06572,0.03984,0.049,0.08065,92.581,61.414,78.75,51.111,18.254,74.815,81.667,93.333,96.226,71.667,87.719,89.655,77.647,88.571,53.191,74.074,48.837,52.083,2021-04-19,2021-04-01,2021-03-23,2021-04-06,2021-03-31,2021-03-11,2021-04-09,2021-04-05,2021-03-19,2021-04-06,2021-03-29,2021-03-17,2021-04-16,2021-04-14,2021-04-12,2021-04-15,2021-04-13,2021-04-08,2021-04-16,2021-04-14,2021-04-05,2021-04-15,2021-04-06,2021-04-02,0,0,0,1,1,0,0,0,0,1,1,0,0,1,0,0,1,0,1,0,0,0,0,1,1,1,,,,,n2p,n2p,p2n,n2p,n2p,Life.BullEnd,Life.Bull,Life.BullRetrace,Life.BullEnd,Life.Bull,,
2021-04-20,2.29343,,,2.25,,2.07467,1.91911,1.71805,1.51828,2.1935,2.06726,0.12624,0.10847,0.01777,,,0.02,-17.57,7.62,-8.16,1.23,-0.16,2.54,-0.67,1.0,22.0,18.0,18.0,9.0,3.0,8.0,7.0,-0.0,-0.03,0.04571,-0.01643,2.78261,73.56322,,,-4.08378,70.68966,76.341,70.69,,31.66667,46.45567,,,4.0083,3.5662,5.5639,1.5556,-0.4421,1.9977,1,1,1,,0.15,,,,,,,1.907,1.909,1.328,1.876,1.773,1.326,2021-03-22,2021-02-22,2021-01-20,2021-03-29,2021-03-08,2021-01-25,2.31,2.38,2.32,2.25,2.25,2.31,2021-04-16,2021-04-14,2021-04-12,2021-04-20,2021-04-15,2021-04-13,4388000,2156600,2964800,-18.29,-31.4,-42.28,0.131,0.035,0.069,0.033,0.033,0.043,0.10402,0.04626,0.06572,0.03984,0.049,0.08065,92.581,61.414,78.75,51.111,18.254,74.815,81.667,93.333,96.226,70.69,71.667,87.719,77.647,88.571,53.191,74.074,48.837,52.083,2021-04-19,2021-04-01,2021-03-23,2021-04-06,2021-03-31,2021-03-11,2021-04-09,2021-04-05,2021-03-19,2021-04-06,2021-03-29,2021-03-17,2021-04-16,2021-04-14,2021-04-12,2021-04-20,2021-04-15,2021-04-13,2021-04-16,2021-04-14,2021-04-05,2021-04-15,2021-04-06,2021-04-02,0,0,0,1,1,0,1,0,0,1,1,0,0,1,0,0,1,0,1,0,0,0,0,1,1,1,,,,,n2p,n2p,p2n,n2p,n2p,Life.BullEnd,Life.Bull,Life.BullRetrace,Life.BullEnd,Life.Bull,,
2021-04-21,2.29364,,2.294,,,2.08969,1.93287,1.72898,1.52576,2.20527,2.08228,0.12299,0.11137,0.01162,,,-17.55,7.62,-8.16,1.23,-0.16,2.54,-0.67,0.16,22.0,18.0,18.0,9.0,3.0,8.0,7.0,5.0,0.02,0.0,0.04143,-0.01643,2.52174,71.60494,71.605,,-6.04206,73.21429,73.52354,,,25.41667,33.63095,25.417,,4.0711,3.6071,5.6393,1.5682,-0.464,2.0322,1,1,1,,0.15,,,,,,,2.294,1.907,1.909,1.876,1.773,1.326,2021-04-21,2021-03-22,2021-02-22,2021-03-29,2021-03-08,2021-01-25,2.31,2.38,2.32,2.25,2.25,2.31,2021-04-16,2021-04-14,2021-04-12,2021-04-20,2021-04-15,2021-04-13,2156600,2964800,2024100,-31.4,-42.28,-24.86,0.131,0.035,0.069,0.033,0.033,0.043,0.10402,0.04626,0.06572,0.03984,0.049,0.08065,92.581,61.414,78.75,25.417,51.111,18.254,81.667,93.333,96.226,70.69,71.667,87.719,77.647,88.571,53.191,71.605,74.074,48.837,2021-04-19,2021-04-01,2021-03-23,2021-04-06,2021-03-31,2021-03-11,2021-04-09,2021-04-05,2021-03-19,2021-04-21,2021-04-06,2021-03-29,2021-04-16,2021-04-14,2021-04-12,2021-04-20,2021-04-15,2021-04-13,2021-04-16,2021-04-14,2021-04-05,2021-04-21,2021-04-15,2021-04-06,0,1,0,1,1,0,1,0,0,1,1,0,0,1,0,0,1,0,1,0,0,0,0,0,1,1,,,,,n2p,n2p,p2n,n2p,n2p,Life.BullEnd,Life.Bull,Life.BullRetrace,Life.BullEnd,Life.Bull,,
2021-04-22,2.29271,,,,,2.1051,1.94688,1.74009,1.53336,2.21831,2.09767,0.12064,0.11323,0.00741,,,-17.52,7.62,-8.16,1.23,-0.16,2.54,-0.67,0.16,21.0,18.0,18.0,9.0,3.0,8.0,7.0,5.0,0.02,0.0,0.04286,-0.01429,3.0,75.0,,,3.395,76.78571,73.56322,,,28.37963,28.48765,,,4.1352,3.6501,5.7174,1.5822,-0.4851,2.0673,1,1,1,,0.15,,,,,,,2.294,1.907,1.909,1.876,1.773,1.326,2021-04-21,2021-03-22,2021-02-22,2021-03-29,2021-03-08,2021-01-25,2.31,2.38,2.32,2.25,2.25,2.31,2021-04-16,2021-04-14,2021-04-12,2021-04-20,2021-04-15,2021-04-13,2964800,2024100,8609300,-42.28,-24.86,90.3,0.131,0.035,0.069,0.033,0.033,0.043,0.10402,0.04626,0.06572,0.03984,0.049,0.08065,92.581,61.414,78.75,25.417,51.111,18.254,81.667,93.333,96.226,70.69,71.667,87.719,77.647,88.571,53.191,71.605,74.074,48.837,2021-04-19,2021-04-01,2021-03-23,2021-04-06,2021-03-31,2021-03-11,2021-04-09,2021-04-05,2021-03-19,2021-04-21,2021-04-06,2021-03-29,2021-04-16,2021-04-14,2021-04-12,2021-04-20,2021-04-15,2021-04-13,2021-04-16,2021-04-14,2021-04-05,2021-04-21,2021-04-15,2021-04-06,0,1,0,1,1,0,1,0,0,1,1,0,0,1,0,0,1,0,1,0,0,0,0,0,1,1,8609300.0,,,,n2p,p2n,n2p,n2p,n2p,Life.BullEnd,Life.Bull,Life.BullRetrace,Life.BullEnd,Life.Bull,,
2021-04-23,2.28905,,,,,2.12086,1.96112,1.75138,1.54109,2.23241,2.11339,0.11902,0.11438,0.00463,0.119,,-17.39,7.62,-8.16,1.23,-0.16,2.54,-0.67,0.16,20.0,18.0,18.0,9.0,3.0,8.0,7.0,5.0,0.02,0.0,0.04429,-0.01429,3.1,75.60976,,,4.00476,79.24528,76.41509,,,40.0463,31.28086,,,4.2003,3.6948,5.7977,1.5974,-0.5055,2.1029,1,1,1,,0.15,,,,,,,2.294,1.907,1.909,1.876,1.773,1.326,2021-04-21,2021-03-22,2021-02-22,2021-03-29,2021-03-08,2021-01-25,2.31,2.38,2.32,2.25,2.25,2.31,2021-04-16,2021-04-14,2021-04-12,2021-04-20,2021-04-15,2021-04-13,2024100,8609300,1987000,-24.86,90.3,-7.19,0.131,0.035,0.069,0.119,0.033,0.033,0.10402,0.04626,0.06572,0.11438,0.03984,0.049,92.581,61.414,78.75,25.417,51.111,18.254,81.667,93.333,96.226,70.69,71.667,87.719,77.647,88.571,53.191,71.605,74.074,48.837,2021-04-19,2021-04-01,2021-03-23,2021-04-23,2021-04-06,2021-03-31,2021-04-09,2021-04-05,2021-03-19,2021-04-21,2021-04-06,2021-03-29,2021-04-16,2021-04-14,2021-04-12,2021-04-20,2021-04-15,2021-04-13,2021-04-16,2021-04-14,2021-04-05,2021-04-21,2021-04-15,2021-04-06,0,1,0,1,1,0,1,0,0,1,0,1,0,1,0,0,1,0,1,0,0,0,0,0,1,1,,,1987000.0,,p2n,n2p,n2p,n2p,p2n,Life.BullEnd,Life.Bull,Life.BullRetrace,Life.BullEnd,Life.Bull,,
2021-04-26,2.28091,,,,2.35,2.13849,1.97637,1.76323,1.54914,2.2505,2.13092,0.11958,0.11542,0.00416,,0.12,-17.09,7.62,-8.16,1.23,-0.16,2.54,-0.67,0.16,19.0,18.0,18.0,9.0,3.0,8.0,7.0,5.0,0.04,0.0,0.04571,-0.01429,3.2,76.19048,,76.19,4.58548,86.27451,80.7685,,86.275,51.2963,39.90741,,,4.2723,3.7526,5.8935,1.6212,-0.5197,2.1409,1,1,1,,0.15,,,,,,,2.294,1.907,1.909,1.876,1.773,1.326,2021-04-21,2021-03-22,2021-02-22,2021-03-29,2021-03-08,2021-01-25,2.35,2.31,2.38,2.25,2.25,2.31,2021-04-26,2021-04-16,2021-04-14,2021-04-20,2021-04-15,2021-04-13,8609300,1987000,5212500,90.3,-7.19,25.26,0.12,0.131,0.035,0.119,0.033,0.033,0.11542,0.10402,0.04626,0.11438,0.03984,0.049,92.581,61.414,78.75,25.417,51.111,18.254,86.275,81.667,93.333,70.69,71.667,87.719,76.19,77.647,88.571,71.605,74.074,48.837,2021-04-26,2021-04-19,2021-04-01,2021-04-23,2021-04-06,2021-03-31,2021-04-09,2021-04-05,2021-03-19,2021-04-21,2021-04-06,2021-03-29,2021-04-26,2021-04-16,2021-04-14,2021-04-20,2021-04-15,2021-04-13,2021-04-26,2021-04-16,2021-04-14,2021-04-21,2021-04-15,2021-04-06,0,1,0,1,0,0,1,0,0,0,0,1,0,1,0,0,0,0,1,0,1,0,0,0,1,1,,,,,p2n,n2p,n2p,n2p,p2n,Life.BullEnd,Life.Bull,Life.BullRetrace,Life.BullEnd,Life.Bull,,
2021-04-27,2.26688,,,,,2.15322,1.99024,1.77445,1.55691,2.26273,2.14567,0.11707,0.11575,0.00131,,,-16.58,7.62,-8.16,1.23,-0.16,2.54,-0.67,0.16,18.0,18.0,18.0,9.0,3.0,8.0,7.0,5.0,-0.0,-0.02,0.03786,-0.01571,2.40909,70.66667,,,-5.52333,78.04878,81.18952,,,55.87719,49.07326,,55.877,4.3333,3.7877,5.9631,1.6298,-0.5456,2.1754,1,1,1,,0.15,,,,,,,2.294,1.907,1.909,1.876,1.773,1.326,2021-04-21,2021-03-22,2021-02-22,2021-03-29,2021-03-08,2021-01-25,2.35,2.31,2.38,2.25,2.25,2.31,2021-04-26,2021-04-16,2021-04-14,2021-04-20,2021-04-15,2021-04-13,1987000,5212500,2648600,-7.19,25.26,-37.7,0.12,0.131,0.035,0.119,0.033,0.033,0.11542,0.10402,0.04626,0.11438,0.03984,0.049,55.877,92.581,61.414,25.417,51.111,18.254,86.275,81.667,93.333,70.69,71.667,87.719,76.19,77.647,88.571,71.605,74.074,48.837,2021-04-26,2021-04-19,2021-04-01,2021-04-23,2021-04-06,2021-03-31,2021-04-27,2021-04-09,2021-04-05,2021-04-21,2021-04-06,2021-03-29,2021-04-26,2021-04-16,2021-04-14,2021-04-20,2021-04-15,2021-04-13,2021-04-26,2021-04-16,2021-04-14,2021-04-21,2021-04-15,2021-04-06,0,1,0,1,0,0,1,0,0,0,0,1,1,0,0,0,0,0,1,0,1,0,0,0,1,1,,,-2648600.0,,n2p,n2p,n2p,p2n,p2n,Life.BullEnd,Life.Bull,Life.BullRetrace,Life.BullEnd,Life.Bull,,
2021-04-28,2.24647,,,2.27,,2.1622,2.00121,1.78427,1.564,2.26385,2.15488,0.10897,0.1144,-0.00542,,,-15.82,7.62,-8.16,1.23,-0.16,2.54,-0.67,0.16,17.0,18.0,18.0,9.0,3.0,8.0,7.0,5.0,-0.0,-0.06,0.03429,-0.02,1.71429,63.15789,,,-13.03211,57.14286,73.82205,,,43.13209,50.10186,,,4.3721,3.7793,5.982,1.6099,-0.5928,2.2027,1,1,1,,0.15,,,,,,,2.294,1.907,1.909,1.876,1.773,1.326,2021-04-21,2021-03-22,2021-02-22,2021-03-29,2021-03-08,2021-01-25,2.35,2.31,2.38,2.27,2.25,2.25,2021-04-26,2021-04-16,2021-04-14,2021-04-28,2021-04-20,2021-04-15,5212500,2648600,2380500,25.26,-37.7,4.0,0.12,0.131,0.035,0.119,0.033,0.033,0.11542,0.10402,0.04626,0.11438,0.03984,0.049,55.877,92.581,61.414,25.417,51.111,18.254,86.275,81.667,93.333,70.69,71.667,87.719,76.19,77.647,88.571,71.605,74.074,48.837,2021-04-26,2021-04-19,2021-04-01,2021-04-23,2021-04-06,2021-03-31,2021-04-27,2021-04-09,2021-04-05,2021-04-21,2021-04-06,2021-03-29,2021-04-26,2021-04-16,2021-04-14,2021-04-20,2021-04-15,2021-04-13,2021-04-26,2021-04-16,2021-04-14,2021-04-21,2021-04-15,2021-04-06,0,1,0,1,0,0,0,1,0,0,0,1,1,0,0,0,0,0,1,0,1,0,0,0,1,1,-2380500.0,,,,n2p,n2p,p2n,p2n,n2p,Life.BullEnd,Life.Bull,Life.BullRetrace,Life.BullEnd,Life.Bull,,
2021-04-30,2.21999,,,,2.3,2.1728,2.01292,1.79448,1.57132,2.26941,2.16563,0.10379,0.11227,-0.00849,,,-14.82,7.62,-8.16,1.23,-0.16,2.54,-0.67,0.16,15.0,18.0,18.0,9.0,3.0,8.0,7.0,5.0,0.03,0.0,0.025,-0.02,1.25,55.55556,,,-20.63444,45.45455,60.21539,,,35.75114,44.92014,,,4.416,3.7832,6.0148,1.5988,-0.6328,2.2316,1,1,0,,,0.15,,,,,,2.294,1.907,1.909,1.876,1.773,1.326,2021-04-21,2021-03-22,2021-02-22,2021-03-29,2021-03-08,2021-01-25,2.3,2.35,2.31,2.27,2.25,2.25,2021-04-30,2021-04-26,2021-04-16,2021-04-28,2021-04-20,2021-04-15,2648600,2380500,4049600,-37.7,4.0,-11.35,0.12,0.131,0.035,0.119,0.033,0.033,0.11542,0.10402,0.04626,0.11438,0.03984,0.049,55.877,92.581,61.414,25.417,51.111,18.254,86.275,81.667,93.333,70.69,71.667,87.719,76.19,77.647,88.571,71.605,74.074,48.837,2021-04-26,2021-04-19,2021-04-01,2021-04-23,2021-04-06,2021-03-31,2021-04-27,2021-04-09,2021-04-05,2021-04-21,2021-04-06,2021-03-29,2021-04-26,2021-04-16,2021-04-14,2021-04-20,2021-04-15,2021-04-13,2021-04-26,2021-04-16,2021-04-14,2021-04-21,2021-04-15,2021-04-06,0,1,0,1,1,0,0,1,0,0,0,1,1,0,0,0,0,0,1,0,1,0,0,0,1,1,,,,,n2p,n2p,p2n,p2n,n2p,Life.Bull,Life.BullRetrace,Life.BullEnd,Life.Bull,Life.BullRetrace,,
2021-05-03,2.18837,,,,,2.17489,2.02026,1.80251,1.57758,2.25873,2.16817,0.09056,0.10793,-0.01737,,,-13.59,7.62,-8.16,1.23,-0.16,2.54,-0.67,0.16,14.0,18.0,18.0,9.0,3.0,8.0,7.0,5.0,-0.0,-0.1,0.01857,-0.02714,0.68421,40.625,,,-35.565,0.0,34.19913,,,18.20728,32.36351,,,4.4268,3.7238,5.9731,1.5463,-0.703,2.2493,0,1,0,,,,0.15,,,,,2.294,1.907,1.909,1.876,1.773,1.326,2021-04-21,2021-03-22,2021-02-22,2021-03-29,2021-03-08,2021-01-25,2.3,2.35,2.31,2.27,2.25,2.25,2021-04-30,2021-04-26,2021-04-16,2021-04-28,2021-04-20,2021-04-15,2380500,4049600,3329900,4.0,-11.35,7.5,0.12,0.131,0.035,0.119,0.033,0.033,0.11542,0.10402,0.04626,0.11438,0.03984,0.049,55.877,92.581,61.414,25.417,51.111,18.254,86.275,81.667,93.333,70.69,71.667,87.719,76.19,77.647,88.571,71.605,74.074,48.837,2021-04-26,2021-04-19,2021-04-01,2021-04-23,2021-04-06,2021-03-31,2021-04-27,2021-04-09,2021-04-05,2021-04-21,2021-04-06,2021-03-29,2021-04-26,2021-04-16,2021-04-14,2021-04-20,2021-04-15,2021-04-13,2021-04-26,2021-04-16,2021-04-14,2021-04-21,2021-04-15,2021-04-06,0,1,0,1,1,0,0,1,0,0,0,1,1,0,0,0,0,0,1,0,1,0,0,0,1,1,,,,,n2p,n2p,p2n,p2n,n2p,Life.BullRetrace,Life.BullEnd,Life.Bull,Life.BullRetrace,Life.BullEnd,,
2021-05-04,2.15324,,,,,2.16836,2.02299,1.8082,1.58268,2.23277,2.16238,0.07039,0.10042,-0.03003,,,-12.18,7.62,-8.16,1.23,-0.16,2.54,-0.67,0.16,13.0,18.0,18.0,9.0,3.0,8.0,7.0,5.0,-0.0,-0.11,0.01857,-0.03429,0.54167,35.13514,,,-41.05486,0.0,15.15152,,,14.28571,22.74805,,,4.4031,3.6016,5.8568,1.4537,-0.8015,2.2552,0,0,0,,,,,0.15,,,,2.294,1.907,1.909,1.876,1.773,1.326,2021-04-21,2021-03-22,2021-02-22,2021-03-29,2021-03-08,2021-01-25,2.3,2.35,2.31,2.27,2.25,2.25,2021-04-30,2021-04-26,2021-04-16,2021-04-28,2021-04-20,2021-04-15,4049600,3329900,4381600,-11.35,7.5,20.5,0.12,0.131,0.035,0.119,0.033,0.033,0.11542,0.10402,0.04626,0.11438,0.03984,0.049,55.877,92.581,61.414,25.417,51.111,18.254,86.275,81.667,93.333,70.69,71.667,87.719,76.19,77.647,88.571,71.605,74.074,48.837,2021-04-26,2021-04-19,2021-04-01,2021-04-23,2021-04-06,2021-03-31,2021-04-27,2021-04-09,2021-04-05,2021-04-21,2021-04-06,2021-03-29,2021-04-26,2021-04-16,2021-04-14,2021-04-20,2021-04-15,2021-04-13,2021-04-26,2021-04-16,2021-04-14,2021-04-21,2021-04-15,2021-04-06,0,1,0,1,1,0,0,1,0,0,0,1,1,0,0,0,0,0,1,0,1,0,0,0,1,1,,,,,n2p,n2p,p2n,p2n,n2p,Life.BullEnd,Life.Bull,Life.BullRetrace,Life.BullEnd,Life.BearStart,,
2021-05-05,2.11648,,,,,2.16234,2.02562,1.81378,1.58773,2.21081,2.15702,0.05379,0.0911,-0.03731,,,-10.65,7.62,-8.16,1.23,-0.16,2.54,-0.67,0.16,12.0,18.0,18.0,9.0,3.0,8.0,7.0,5.0,0.0,0.0,0.01357,-0.03429,0.39583,28.35821,28.358,,-47.83179,0.0,0.0,0.0,,0.0,10.831,0.0,,4.3789,3.4856,5.7461,1.3672,-0.8933,2.2605,0,0,0,,,,,0.15,,,,2.294,1.907,1.909,1.876,1.773,1.326,2021-04-21,2021-03-22,2021-02-22,2021-03-29,2021-03-08,2021-01-25,2.3,2.35,2.31,2.27,2.25,2.25,2021-04-30,2021-04-26,2021-04-16,2021-04-28,2021-04-20,2021-04-15,3329900,4381600,2867400,7.5,20.5,-10.05,0.12,0.131,0.035,0.119,0.033,0.033,0.11542,0.10402,0.04626,0.11438,0.03984,0.049,55.877,92.581,61.414,0.0,25.417,51.111,86.275,81.667,93.333,0.0,70.69,71.667,76.19,77.647,88.571,28.358,71.605,74.074,2021-04-26,2021-04-19,2021-04-01,2021-04-23,2021-04-06,2021-03-31,2021-04-27,2021-04-09,2021-04-05,2021-05-05,2021-04-21,2021-04-06,2021-04-26,2021-04-16,2021-04-14,2021-05-05,2021-04-20,2021-04-15,2021-04-26,2021-04-16,2021-04-14,2021-05-05,2021-04-21,2021-04-15,0,1,0,1,1,0,0,1,0,0,0,1,1,0,1,0,0,0,1,0,1,0,1,0,1,1,,,,,n2p,n2p,p2n,p2n,n2p,Life.BullEnd,Life.Bull,Life.BullRetrace,Life.BullEnd,Life.BearStart,,
2021-05-06,2.07991,,,2.06,,2.15446,2.02697,1.81866,1.59243,2.18761,2.14983,0.03777,0.08043,-0.04266,,,-9.08,7.62,-8.16,1.23,-0.16,2.54,-0.67,0.16,11.0,18.0,18.0,9.0,3.0,8.0,7.0,5.0,-0.0,-0.03,0.01357,-0.02714,0.5,33.33333,,33.333,4.97533,7.69231,2.5641,,,3.57143,5.95238,,,4.3454,3.358,5.6203,1.2749,-0.9874,2.2623,0,0,0,,,,,0.15,,,,2.294,1.907,1.909,1.876,1.773,1.326,2021-04-21,2021-03-22,2021-02-22,2021-03-29,2021-03-08,2021-01-25,2.3,2.35,2.31,2.06,2.27,2.25,2021-04-30,2021-04-26,2021-04-16,2021-05-06,2021-04-28,2021-04-20,4381600,2867400,2300200,20.5,-10.05,-9.73,0.12,0.131,0.035,0.119,0.033,0.033,0.11542,0.10402,0.04626,0.11438,0.03984,0.049,55.877,92.581,61.414,0.0,25.417,51.111,86.275,81.667,93.333,0.0,70.69,71.667,33.333,76.19,77.647,28.358,71.605,74.074,2021-04-26,2021-04-19,2021-04-01,2021-04-23,2021-04-06,2021-03-31,2021-04-27,2021-04-09,2021-04-05,2021-05-05,2021-04-21,2021-04-06,2021-04-26,2021-04-16,2021-04-14,2021-05-05,2021-04-20,2021-04-15,2021-05-06,2021-04-26,2021-04-16,2021-05-05,2021-04-21,2021-04-15,0,1,0,1,1,0,1,0,0,0,0,1,1,0,1,0,0,0,1,0,1,0,1,0,1,1,,,,,n2p,n2p,p2n,p2n,n2p,Life.BullEnd,Life.Bull,Life.BullRetrace,Life.BullEnd,Life.BearStart,,
2021-05-07,2.04451,,,,2.07,2.14797,2.02866,1.82364,1.59718,2.16951,2.14392,0.02559,0.06946,-0.04387,,,-7.51,7.62,-8.16,1.23,-0.16,2.54,-0.67,0.16,10.0,18.0,18.0,9.0,3.0,8.0,7.0,5.0,0.01,0.0,0.01,-0.02714,0.36842,26.92308,,,-6.40992,10.25641,5.98291,,10.256,8.33333,3.96825,,,4.3148,3.2433,5.5079,1.1931,-1.0715,2.2646,0,0,0,,,,,0.15,,,,2.294,1.907,1.909,1.876,1.773,1.326,2021-04-21,2021-03-22,2021-02-22,2021-03-29,2021-03-08,2021-01-25,2.07,2.3,2.35,2.06,2.27,2.25,2021-05-07,2021-04-30,2021-04-26,2021-05-06,2021-04-28,2021-04-20,2867400,2300200,1910800,-10.05,-9.73,-25.87,0.12,0.131,0.035,0.119,0.033,0.033,0.11542,0.10402,0.04626,0.11438,0.03984,0.049,55.877,92.581,61.414,0.0,25.417,51.111,10.256,86.275,81.667,0.0,70.69,71.667,33.333,76.19,77.647,28.358,71.605,74.074,2021-04-26,2021-04-19,2021-04-01,2021-04-23,2021-04-06,2021-03-31,2021-04-27,2021-04-09,2021-04-05,2021-05-05,2021-04-21,2021-04-06,2021-05-07,2021-04-26,2021-04-16,2021-05-05,2021-04-20,2021-04-15,2021-05-06,2021-04-26,2021-04-16,2021-05-05,2021-04-21,2021-04-15,0,1,0,1,1,0,1,0,0,0,0,1,1,0,1,0,1,0,1,0,1,0,1,0,1,1,,,,,n2p,n2p,p2n,p2n,n2p,Life.BullEnd,Life.Bull,Life.BullRetrace,Life.BullEnd,Life.BearStart,,
2021-05-10,2.01056,,,,,2.13735,2.02793,1.82733,1.60129,2.14497,2.134,0.01097,0.05777,-0.04679,,,-5.95,7.62,-8.16,1.23,-0.16,2.54,-0.67,0.16,9.0,18.0,18.0,9.0,3.0,8.0,7.0,5.0,-0.0,-0.06,0.01,-0.02929,0.34146,25.45455,,,-7.87845,0.0,5.98291,0.0,,8.33333,6.74603,,,4.2664,3.1002,5.3606,1.0942,-1.1662,2.2604,0,0,0,,,,,0.15,,,,2.294,1.907,1.909,1.876,1.773,1.326,2021-04-21,2021-03-22,2021-02-22,2021-03-29,2021-03-08,2021-01-25,2.07,2.3,2.35,2.06,2.27,2.25,2021-05-07,2021-04-30,2021-04-26,2021-05-06,2021-04-28,2021-04-20,2300200,1910800,1733100,-9.73,-25.87,-16.02,0.12,0.131,0.035,0.119,0.033,0.033,0.11542,0.10402,0.04626,0.11438,0.03984,0.049,55.877,92.581,61.414,0.0,25.417,51.111,10.256,86.275,81.667,0.0,0.0,70.69,33.333,76.19,77.647,28.358,71.605,74.074,2021-04-26,2021-04-19,2021-04-01,2021-04-23,2021-04-06,2021-03-31,2021-04-27,2021-04-09,2021-04-05,2021-05-05,2021-04-21,2021-04-06,2021-05-07,2021-04-26,2021-04-16,2021-05-10,2021-05-05,2021-04-20,2021-05-06,2021-04-26,2021-04-16,2021-05-05,2021-04-21,2021-04-15,0,1,0,1,1,0,1,0,0,0,0,1,1,0,1,0,1,0,1,0,1,0,1,0,1,1,,,,,n2p,n2p,p2n,p2n,n2p,Life.BullEnd,Life.Bull,Life.BullRetrace,Life.BullEnd,Life.BearStart,,
2021-05-11,1.97899,,,1.96,,2.12371,2.02526,1.82995,1.60486,2.11652,2.12111,-0.0046,0.04529,-0.04989,,,-4.45,7.62,-8.16,1.23,-0.16,2.54,-0.67,0.16,8.0,18.0,18.0,9.0,3.0,8.0,7.0,5.0,-0.0,-0.05,0.01,-0.03071,0.32558,24.5614,,,-8.7716,8.0,6.08547,,,9.70018,8.78895,,,4.204,2.9376,5.1885,0.9845,-1.2664,2.2509,0,0,0,,,,,0.15,,,,2.294,1.907,1.909,1.876,1.773,1.326,2021-04-21,2021-03-22,2021-02-22,2021-03-29,2021-03-08,2021-01-25,2.07,2.3,2.35,1.96,2.06,2.27,2021-05-07,2021-04-30,2021-04-26,2021-05-11,2021-05-06,2021-04-28,1910800,1733100,3209600,-25.87,-16.02,15.3,0.12,0.131,0.035,0.119,0.033,0.033,0.11542,0.10402,0.04626,0.11438,0.03984,0.049,55.877,92.581,61.414,0.0,25.417,51.111,10.256,86.275,81.667,0.0,0.0,70.69,33.333,76.19,77.647,28.358,71.605,74.074,2021-04-26,2021-04-19,2021-04-01,2021-04-23,2021-04-06,2021-03-31,2021-04-27,2021-04-09,2021-04-05,2021-05-05,2021-04-21,2021-04-06,2021-05-07,2021-04-26,2021-04-16,2021-05-10,2021-05-05,2021-04-20,2021-05-06,2021-04-26,2021-04-16,2021-05-05,2021-04-21,2021-04-15,0,1,0,1,1,0,1,0,0,0,0,1,1,0,1,0,1,0,1,0,1,0,1,0,1,1,,,,,n2p,n2p,p2n,p2n,n2p,Life.BullEnd,Life.Bull,Life.BullRetrace,Life.BullEnd,Life.BearStart,,
2021-05-12,1.95139,,,,1.98,2.11266,2.02349,1.83292,1.60859,2.09551,2.11066,-0.01514,0.03321,-0.04835,,,-3.09,7.62,-8.16,1.23,-0.16,2.54,-0.67,0.16,7.0,18.0,18.0,9.0,3.0,8.0,7.0,5.0,0.02,0.0,0.01,-0.03071,0.32558,24.5614,,,-8.7716,12.0,6.66667,,12.0,14.93827,10.99059,,,4.149,2.7974,5.0407,0.8917,-1.3516,2.2433,0,0,0,,,,,0.15,,,,2.294,1.907,1.909,1.876,1.773,1.326,2021-04-21,2021-03-22,2021-02-22,2021-03-29,2021-03-08,2021-01-25,1.98,2.07,2.3,1.96,2.06,2.27,2021-05-12,2021-05-07,2021-04-30,2021-05-11,2021-05-06,2021-04-28,1733100,3209600,929900,-16.02,15.3,-14.31,0.12,0.131,0.035,0.119,0.033,0.033,0.11542,0.10402,0.04626,0.11438,0.03984,0.049,55.877,92.581,61.414,0.0,25.417,51.111,12.0,10.256,86.275,0.0,0.0,70.69,33.333,76.19,77.647,28.358,71.605,74.074,2021-04-26,2021-04-19,2021-04-01,2021-04-23,2021-04-06,2021-03-31,2021-04-27,2021-04-09,2021-04-05,2021-05-05,2021-04-21,2021-04-06,2021-05-12,2021-05-07,2021-04-26,2021-05-10,2021-05-05,2021-04-20,2021-05-06,2021-04-26,2021-04-16,2021-05-05,2021-04-21,2021-04-15,0,1,0,1,1,0,1,0,0,0,0,1,1,0,1,0,0,0,1,0,1,0,1,0,1,1,,,,,n2p,n2p,p2n,p2n,n2p,Life.BullEnd,Life.Bull,Life.BullRetrace,Life.BullEnd,Life.BearStart,,
2021-05-17,1.92862,,,1.88,,2.09476,2.01786,1.83386,1.61129,2.06236,2.09357,-0.03122,0.02032,-0.05154,,,-1.95,7.62,-8.16,1.23,-0.16,2.54,-0.67,0.16,4.0,18.0,18.0,9.0,3.0,8.0,7.0,5.0,-0.0,-0.1,0.00857,-0.03786,0.22642,18.46154,18.462,,-14.87146,3.57143,7.85714,3.571,,17.50237,14.04694,,,4.0657,2.609,4.8347,0.769,-1.4567,2.2257,0,0,0,,,,,0.15,,,,2.294,1.907,1.909,1.876,1.773,1.326,2021-04-21,2021-03-22,2021-02-22,2021-03-29,2021-03-08,2021-01-25,1.98,2.07,2.3,1.88,1.96,2.06,2021-05-12,2021-05-07,2021-04-30,2021-05-17,2021-05-11,2021-05-06,3209600,929900,2657500,15.3,-14.31,15.74,0.12,0.131,0.035,0.119,0.033,0.033,0.11542,0.10402,0.04626,0.11438,0.03984,0.049,55.877,92.581,61.414,0.0,25.417,51.111,12.0,10.256,86.275,3.571,0.0,0.0,33.333,76.19,77.647,18.462,28.358,71.605,2021-04-26,2021-04-19,2021-04-01,2021-04-23,2021-04-06,2021-03-31,2021-04-27,2021-04-09,2021-04-05,2021-05-05,2021-04-21,2021-04-06,2021-05-12,2021-05-07,2021-04-26,2021-05-17,2021-05-10,2021-05-05,2021-05-06,2021-04-26,2021-04-16,2021-05-17,2021-05-05,2021-04-21,0,1,0,1,1,0,1,0,0,0,0,1,1,0,1,0,0,0,0,1,1,0,1,0,1,1,,,,,n2p,n2p,p2n,p2n,n2p,Life.BullEnd,Life.Bull,Life.BullRetrace,Life.BullEnd,Life.BearStart,,
2021-05-18,1.91091,,,,1.91,2.08055,2.01363,1.83536,1.61426,2.03892,2.07997,-0.04106,0.00805,-0.0491,,,-1.04,7.62,-8.16,1.23,-0.16,2.54,-0.67,0.16,3.0,18.0,18.0,9.0,3.0,8.0,7.0,5.0,0.03,0.0,0.00929,-0.03786,0.24528,19.69697,,19.697,1.23497,8.92857,8.16667,,8.929,20.50061,17.64709,,20.501,3.9937,2.4519,4.6629,0.6692,-1.5418,2.211,0,0,0,,,,,0.15,,,,2.294,1.907,1.909,1.876,1.773,1.326,2021-04-21,2021-03-22,2021-02-22,2021-03-29,2021-03-08,2021-01-25,1.91,1.98,2.07,1.88,1.96,2.06,2021-05-18,2021-05-12,2021-05-07,2021-05-17,2021-05-11,2021-05-06,929900,2657500,2136100,-14.31,15.74,-15.79,0.12,0.131,0.035,0.119,0.033,0.033,0.11542,0.10402,0.04626,0.11438,0.03984,0.049,20.501,55.877,92.581,0.0,25.417,51.111,8.929,12.0,10.256,3.571,0.0,0.0,19.697,33.333,76.19,18.462,28.358,71.605,2021-04-26,2021-04-19,2021-04-01,2021-04-23,2021-04-06,2021-03-31,2021-05-18,2021-04-27,2021-04-09,2021-05-05,2021-04-21,2021-04-06,2021-05-18,2021-05-12,2021-05-07,2021-05-17,2021-05-10,2021-05-05,2021-05-18,2021-05-06,2021-04-26,2021-05-17,2021-05-05,2021-04-21,0,1,0,1,1,0,1,0,0,0,0,1,1,0,1,0,1,0,0,1,1,0,1,0,1,1,,,,,n2p,n2p,p2n,p2n,n2p,Life.BullEnd,Life.Bull,Life.BullRetrace,Life.BullEnd,Life.BearStart,,
2021-05-19,1.89872,,,,,2.06358,2.00761,1.83585,1.61671,2.01139,2.06368,-0.05229,-0.00402,-0.04827,,,-0.41,7.62,-8.16,1.23,-0.16,2.54,-0.67,0.16,2.0,18.0,18.0,9.0,3.0,8.0,7.0,5.0,-0.0,-0.05,0.00643,-0.04143,0.15517,13.43284,,,-6.26416,1.88679,4.7956,,,12.46139,16.82146,,,3.909,2.2773,4.4687,0.5597,-1.6317,2.1914,0,0,0,,,,,0.15,,,,2.294,1.907,1.909,1.876,1.773,1.326,2021-04-21,2021-03-22,2021-02-22,2021-03-29,2021-03-08,2021-01-25,1.91,1.98,2.07,1.88,1.96,2.06,2021-05-18,2021-05-12,2021-05-07,2021-05-17,2021-05-11,2021-05-06,2657500,2136100,1634000,15.74,-15.79,12.3,0.12,0.131,0.035,0.119,0.033,0.033,0.11542,0.10402,0.04626,0.11438,0.03984,0.049,20.501,55.877,92.581,0.0,25.417,51.111,8.929,12.0,10.256,3.571,0.0,0.0,19.697,33.333,76.19,18.462,28.358,71.605,2021-04-26,2021-04-19,2021-04-01,2021-04-23,2021-04-06,2021-03-31,2021-05-18,2021-04-27,2021-04-09,2021-05-05,2021-04-21,2021-04-06,2021-05-18,2021-05-12,2021-05-07,2021-05-17,2021-05-10,2021-05-05,2021-05-18,2021-05-06,2021-04-26,2021-05-17,2021-05-05,2021-04-21,0,1,0,1,1,0,1,0,0,0,0,1,1,0,1,0,1,0,0,1,1,0,1,0,1,1,,,,,n2p,n2p,p2n,p2n,n2p,Life.BullEnd,Life.Bull,Life.BullRetrace,Life.BullEnd,Life.BearStart,,
2021-05-20,1.8923,,,1.77,,2.041,1.99829,1.83455,1.61823,1.97425,2.04193,-0.06767,-0.01675,-0.05092,,,-0.07,7.62,-8.16,1.23,-0.16,2.54,-0.67,0.16,1.0,18.0,18.0,9.0,3.0,8.0,7.0,5.0,-0.0,-0.09,0.00643,-0.04643,0.13846,12.16216,12.162,,-7.53484,1.69492,4.17009,1.695,,11.17934,14.71378,11.179,,3.8006,2.0645,4.2277,0.4271,-1.7361,2.1632,0,0,0,,,,,0.15,,,,2.294,1.907,1.909,1.876,1.773,1.326,2021-04-21,2021-03-22,2021-02-22,2021-03-29,2021-03-08,2021-01-25,1.91,1.98,2.07,1.77,1.88,1.96,2021-05-18,2021-05-12,2021-05-07,2021-05-20,2021-05-17,2021-05-11,2136100,1634000,2621800,-15.79,12.3,-0.56,0.12,0.131,0.035,0.119,0.033,0.033,0.11542,0.10402,0.04626,0.11438,0.03984,0.049,20.501,55.877,92.581,11.179,0.0,25.417,8.929,12.0,10.256,1.695,3.571,0.0,19.697,33.333,76.19,12.162,18.462,28.358,2021-04-26,2021-04-19,2021-04-01,2021-04-23,2021-04-06,2021-03-31,2021-05-18,2021-04-27,2021-04-09,2021-05-20,2021-05-05,2021-04-21,2021-05-18,2021-05-12,2021-05-07,2021-05-20,2021-05-17,2021-05-10,2021-05-18,2021-05-06,2021-04-26,2021-05-20,2021-05-17,2021-05-05,0,1,0,1,1,0,1,0,0,0,0,1,1,0,0,0,1,0,0,0,1,0,1,0,1,1,,,,,n2p,n2p,p2n,p2n,n2p,Life.BullEnd,Life.Bull,Life.BullRetrace,Life.BullEnd,Life.BearStart,,
2021-05-21,1.89133,1.891,,,,2.024,1.9913,1.83426,1.62024,1.95052,2.02549,-0.07496,-0.02839,-0.04657,-0.075,,7.6,-8.16,1.23,-0.16,2.54,-0.67,0.16,-0.1,18.0,18.0,9.0,3.0,8.0,7.0,5.0,2.0,0.05,0.0,0.01,-0.04214,0.23729,19.17808,,,7.01608,18.33333,7.30501,,,16.82308,13.48794,,,3.7106,1.8974,4.0376,0.327,-1.8132,2.1402,0,0,0,,,,,0.15,,,,2.294,1.907,1.909,1.891,1.876,1.773,2021-04-21,2021-03-22,2021-02-22,2021-05-21,2021-03-29,2021-03-08,1.91,1.98,2.07,1.77,1.88,1.96,2021-05-18,2021-05-12,2021-05-07,2021-05-20,2021-05-17,2021-05-11,1634000,2621800,3287300,12.3,-0.56,18.01,0.12,0.131,0.035,-0.075,0.119,0.033,0.11542,0.10402,0.04626,-0.02839,0.11438,0.03984,20.501,55.877,92.581,11.179,0.0,25.417,8.929,12.0,10.256,1.695,3.571,0.0,19.697,33.333,76.19,12.162,18.462,28.358,2021-04-26,2021-04-19,2021-04-01,2021-05-21,2021-04-23,2021-04-06,2021-05-18,2021-04-27,2021-04-09,2021-05-20,2021-05-05,2021-04-21,2021-05-18,2021-05-12,2021-05-07,2021-05-20,2021-05-17,2021-05-10,2021-05-18,2021-05-06,2021-04-26,2021-05-20,2021-05-17,2021-05-05,0,1,0,1,1,0,1,0,0,0,1,0,1,0,0,0,1,0,0,0,1,0,1,0,1,0,,,,,n2p,n2p,p2n,p2n,n2p,Life.BullEnd,Life.Bull,Life.BullRetrace,Life.BullEnd,Life.BearStart,,
2021-05-24,1.89505,,,,1.97,2.01985,1.99046,1.83695,1.62372,1.95352,2.02138,-0.06786,-0.03629,-0.03157,,,7.38,-8.16,1.23,-0.16,2.54,-0.67,0.16,-0.1,17.0,18.0,9.0,3.0,8.0,7.0,5.0,2.0,0.15,0.0,0.01857,-0.04214,0.44068,30.58824,,,18.42624,43.33333,21.12053,,,48.19563,25.39935,,,3.6674,1.829,3.9613,0.2939,-1.8384,2.1323,0,0,0,,,,,0.15,,,,2.294,1.907,1.909,1.891,1.876,1.773,2021-04-21,2021-03-22,2021-02-22,2021-05-21,2021-03-29,2021-03-08,1.97,1.91,1.98,1.77,1.88,1.96,2021-05-24,2021-05-18,2021-05-12,2021-05-20,2021-05-17,2021-05-11,2621800,3287300,2999500,-0.56,18.01,18.1,0.12,0.131,0.035,-0.075,0.119,0.033,0.11542,0.10402,0.04626,-0.02839,0.11438,0.03984,20.501,55.877,92.581,11.179,0.0,25.417,8.929,12.0,10.256,1.695,3.571,0.0,19.697,33.333,76.19,12.162,18.462,28.358,2021-04-26,2021-04-19,2021-04-01,2021-05-21,2021-04-23,2021-04-06,2021-05-18,2021-04-27,2021-04-09,2021-05-20,2021-05-05,2021-04-21,2021-05-18,2021-05-12,2021-05-07,2021-05-20,2021-05-17,2021-05-10,2021-05-18,2021-05-06,2021-04-26,2021-05-20,2021-05-17,2021-05-05,0,1,0,1,0,0,1,0,0,0,1,0,1,0,0,0,1,0,0,0,1,0,1,0,1,0,,,,,n2p,n2p,p2n,p2n,n2p,Life.BullEnd,Life.Bull,Life.BullRetrace,Life.BullEnd,Life.BearStart,,
2021-05-25,1.90206,,,,,2.01447,1.98887,1.83919,1.62697,1.95298,2.01609,-0.06311,-0.04165,-0.02146,,,6.99,-8.16,1.23,-0.16,2.54,-0.67,0.16,-0.1,16.0,18.0,9.0,3.0,8.0,7.0,5.0,2.0,-0.0,-0.02,0.01857,-0.03643,0.5098,33.76623,,,21.60423,48.0,36.55556,,48.0,71.156,45.39157,,,3.619,1.7528,3.875,0.256,-1.8662,2.1222,0,0,0,,,,,0.15,,,,2.294,1.907,1.909,1.891,1.876,1.773,2021-04-21,2021-03-22,2021-02-22,2021-05-21,2021-03-29,2021-03-08,1.97,1.91,1.98,1.77,1.88,1.96,2021-05-24,2021-05-18,2021-05-12,2021-05-20,2021-05-17,2021-05-11,3287300,2999500,2681400,18.01,18.1,0.67,0.12,0.131,0.035,-0.075,0.119,0.033,0.11542,0.10402,0.04626,-0.02839,0.11438,0.03984,20.501,55.877,92.581,11.179,0.0,25.417,48.0,8.929,12.0,1.695,3.571,0.0,19.697,33.333,76.19,12.162,18.462,28.358,2021-04-26,2021-04-19,2021-04-01,2021-05-21,2021-04-23,2021-04-06,2021-05-18,2021-04-27,2021-04-09,2021-05-20,2021-05-05,2021-04-21,2021-05-25,2021-05-18,2021-05-12,2021-05-20,2021-05-17,2021-05-10,2021-05-18,2021-05-06,2021-04-26,2021-05-20,2021-05-17,2021-05-05,0,1,0,1,0,0,1,0,0,0,1,0,1,0,0,0,0,1,0,0,1,0,1,0,1,0,,,,,n2p,n2p,p2n,p2n,n2p,Life.BullEnd,Life.Bull,Life.BullRetrace,Life.BullEnd,Life.BearStart,,
2021-05-27,1.91079,,,,,2.00721,1.98617,1.84079,1.62988,1.9479,2.00897,-0.06107,-0.04553,-0.01553,,,6.5,-8.16,1.23,-0.16,2.54,-0.67,0.16,-0.1,14.0,18.0,9.0,3.0,8.0,7.0,5.0,2.0,-0.0,-0.03,0.01857,-0.03071,0.60465,37.68116,,37.681,25.51916,43.75,45.02778,43.75,,78.78788,66.0465,,78.788,3.5629,1.6642,3.7733,0.2104,-1.8987,2.1091,0,0,0,,,,,0.15,,,,2.294,1.907,1.909,1.891,1.876,1.773,2021-04-21,2021-03-22,2021-02-22,2021-05-21,2021-03-29,2021-03-08,1.97,1.91,1.98,1.77,1.88,1.96,2021-05-24,2021-05-18,2021-05-12,2021-05-20,2021-05-17,2021-05-11,2999500,2681400,2073800,18.1,0.67,-13.53,0.12,0.131,0.035,-0.075,0.119,0.033,0.11542,0.10402,0.04626,-0.02839,0.11438,0.03984,78.788,20.501,55.877,11.179,0.0,25.417,48.0,8.929,12.0,43.75,1.695,3.571,37.681,19.697,33.333,12.162,18.462,28.358,2021-04-26,2021-04-19,2021-04-01,2021-05-21,2021-04-23,2021-04-06,2021-05-27,2021-05-18,2021-04-27,2021-05-20,2021-05-05,2021-04-21,2021-05-25,2021-05-18,2021-05-12,2021-05-27,2021-05-20,2021-05-17,2021-05-27,2021-05-18,2021-05-06,2021-05-20,2021-05-17,2021-05-05,0,1,0,1,0,0,1,0,0,0,1,0,0,1,0,0,0,1,0,1,0,1,1,0,1,0,,,,,n2p,n2p,p2n,p2n,n2p,Life.BullEnd,Life.Bull,Life.BullRetrace,Life.BullEnd,Life.BearStart,,
2021-05-28,1.91964,,,1.9,,1.99896,1.98279,1.84196,1.63257,1.94053,2.0009,-0.06037,-0.0485,-0.01186,,,6.01,-8.16,1.23,-0.16,2.54,-0.67,0.16,-0.1,13.0,18.0,9.0,3.0,8.0,7.0,5.0,2.0,-0.0,-0.02,0.01857,-0.03214,0.57778,36.61972,36.62,,-1.06128,46.34146,46.03049,,,64.64646,71.53012,,,3.5022,1.57,3.6639,0.1617,-1.9322,2.0939,0,0,0,,,,,0.15,,,,2.294,1.907,1.909,1.891,1.876,1.773,2021-04-21,2021-03-22,2021-02-22,2021-05-21,2021-03-29,2021-03-08,1.97,1.91,1.98,1.9,1.77,1.88,2021-05-24,2021-05-18,2021-05-12,2021-05-28,2021-05-20,2021-05-17,2681400,2073800,1271300,0.67,-13.53,-22.29,0.12,0.131,0.035,-0.075,0.119,0.033,0.11542,0.10402,0.04626,-0.02839,0.11438,0.03984,78.788,20.501,55.877,11.179,0.0,25.417,48.0,8.929,12.0,43.75,1.695,3.571,37.681,19.697,33.333,36.62,12.162,18.462,2021-04-26,2021-04-19,2021-04-01,2021-05-21,2021-04-23,2021-04-06,2021-05-27,2021-05-18,2021-04-27,2021-05-20,2021-05-05,2021-04-21,2021-05-25,2021-05-18,2021-05-12,2021-05-27,2021-05-20,2021-05-17,2021-05-27,2021-05-18,2021-05-06,2021-05-28,2021-05-20,2021-05-17,0,1,0,1,0,0,0,1,0,0,1,0,0,1,0,0,0,1,0,1,0,1,0,1,1,0,,,,,n2p,n2p,p2n,p2n,n2p,Life.BullEnd,Life.Bull,Life.BullRetrace,Life.BullEnd,Life.BearStart,,
2021-05-31,1.92731,,,,,1.99289,1.98033,1.8435,1.63543,1.93738,1.99491,-0.05753,-0.05031,-0.00723,,,5.59,-8.16,1.23,-0.16,2.54,-0.67,0.16,-0.1,12.0,18.0,9.0,3.0,8.0,7.0,5.0,2.0,0.02,0.0,0.02,-0.03,0.66667,40.0,,40.0,3.38,51.21951,47.10366,,,55.55556,66.32997,,,3.449,1.4939,3.5746,0.1256,-1.9551,2.0807,0,0,0,,,,,0.15,,,,2.294,1.907,1.909,1.891,1.876,1.773,2021-04-21,2021-03-22,2021-02-22,2021-05-21,2021-03-29,2021-03-08,1.97,1.91,1.98,1.9,1.77,1.88,2021-05-24,2021-05-18,2021-05-12,2021-05-28,2021-05-20,2021-05-17,2073800,1271300,3845300,-13.53,-22.29,19.31,0.12,0.131,0.035,-0.075,0.119,0.033,0.11542,0.10402,0.04626,-0.02839,0.11438,0.03984,78.788,20.501,55.877,11.179,0.0,25.417,48.0,8.929,12.0,43.75,1.695,3.571,40.0,37.681,19.697,36.62,12.162,18.462,2021-04-26,2021-04-19,2021-04-01,2021-05-21,2021-04-23,2021-04-06,2021-05-27,2021-05-18,2021-04-27,2021-05-20,2021-05-05,2021-04-21,2021-05-25,2021-05-18,2021-05-12,2021-05-27,2021-05-20,2021-05-17,2021-05-31,2021-05-27,2021-05-18,2021-05-28,2021-05-20,2021-05-17,0,1,0,1,0,0,0,1,0,0,1,0,0,1,0,0,0,1,0,1,0,1,0,1,1,0,3845300.0,,,,n2p,p2n,p2n,n2p,n2p,Life.BullEnd,Life.Bull,Life.BullRetrace,Life.BullEnd,Life.BearStart,,
2021-06-01,1.93339,,,,,1.98728,1.97797,1.84502,1.63826,1.9347,1.98936,-0.05466,-0.05118,-0.00348,,,5.26,-8.16,1.23,-0.16,2.54,-0.67,0.16,-0.1,11.0,18.0,9.0,3.0,8.0,7.0,5.0,2.0,0.0,0.0,0.01929,-0.03,0.64286,39.13043,39.13,,-0.86957,58.33333,51.96477,,,49.49495,56.56566,49.495,,3.3971,1.4226,3.4902,0.0931,-1.9745,2.0676,0,0,0,,,,,0.15,,,,2.294,1.907,1.909,1.891,1.876,1.773,2021-04-21,2021-03-22,2021-02-22,2021-05-21,2021-03-29,2021-03-08,1.97,1.91,1.98,1.9,1.77,1.88,2021-05-24,2021-05-18,2021-05-12,2021-05-28,2021-05-20,2021-05-17,1271300,3845300,3520700,-22.29,19.31,20.12,0.12,0.131,0.035,-0.075,0.119,0.033,0.11542,0.10402,0.04626,-0.02839,0.11438,0.03984,78.788,20.501,55.877,49.495,11.179,0.0,48.0,8.929,12.0,43.75,1.695,3.571,40.0,37.681,19.697,39.13,36.62,12.162,2021-04-26,2021-04-19,2021-04-01,2021-05-21,2021-04-23,2021-04-06,2021-05-27,2021-05-18,2021-04-27,2021-06-01,2021-05-20,2021-05-05,2021-05-25,2021-05-18,2021-05-12,2021-05-27,2021-05-20,2021-05-17,2021-05-31,2021-05-27,2021-05-18,2021-06-01,2021-05-28,2021-05-20,0,1,0,1,0,0,0,1,0,0,1,0,0,1,0,1,0,1,0,1,0,1,0,1,1,0,,,,,n2p,p2n,p2n,n2p,n2p,Life.BullEnd,Life.Bull,Life.BullRetrace,Life.BullEnd,Life.BearStart,,
2021-06-02,1.93853,,,,,1.98518,1.97726,1.8473,1.64146,1.93859,1.98718,-0.04859,-0.05066,0.00207,,,4.98,-8.16,1.23,-0.16,2.54,-0.67,0.16,-0.1,10.0,18.0,9.0,3.0,8.0,7.0,5.0,2.0,0.04,0.0,0.02214,-0.02571,0.86111,46.26866,,,7.13866,75.75758,61.77014,,,53.63636,52.89562,,,3.358,1.3788,3.4372,0.0792,-1.9792,2.0584,0,0,0,,,,,0.15,,,,2.294,1.907,1.909,1.891,1.876,1.773,2021-04-21,2021-03-22,2021-02-22,2021-05-21,2021-03-29,2021-03-08,1.97,1.91,1.98,1.9,1.77,1.88,2021-05-24,2021-05-18,2021-05-12,2021-05-28,2021-05-20,2021-05-17,3845300,3520700,8747300,19.31,20.12,86.55,0.12,0.131,0.035,-0.075,0.119,0.033,0.11542,0.10402,0.04626,-0.02839,0.11438,0.03984,78.788,20.501,55.877,49.495,11.179,0.0,48.0,8.929,12.0,43.75,1.695,3.571,40.0,37.681,19.697,39.13,36.62,12.162,2021-04-26,2021-04-19,2021-04-01,2021-05-21,2021-04-23,2021-04-06,2021-05-27,2021-05-18,2021-04-27,2021-06-01,2021-05-20,2021-05-05,2021-05-25,2021-05-18,2021-05-12,2021-05-27,2021-05-20,2021-05-17,2021-05-31,2021-05-27,2021-05-18,2021-06-01,2021-05-28,2021-05-20,0,1,0,1,0,0,0,1,0,0,1,0,0,1,0,1,0,1,0,1,0,1,0,1,1,0,,8747300.0,,,p2n,p2n,n2p,n2p,p2p,Life.BullEnd,Life.Bull,Life.BullRetrace,Life.BullEnd,Life.BearStart,,
2021-06-03,1.94446,,,,1.98,1.98478,1.97737,1.84992,1.64483,1.94496,1.98665,-0.04169,-0.04887,0.00718,,,4.66,-8.16,1.23,-0.16,2.54,-0.67,0.16,-0.1,9.0,18.0,9.0,3.0,8.0,7.0,5.0,2.0,0.02,0.0,0.02357,-0.02214,1.06452,51.5625,,51.562,12.4325,81.81818,71.9697,,81.818,65.15152,56.09428,,,3.3254,1.3486,3.3995,0.0741,-1.9768,2.0509,0,0,0,,,,,0.15,,,,2.294,1.907,1.909,1.891,1.876,1.773,2021-04-21,2021-03-22,2021-02-22,2021-05-21,2021-03-29,2021-03-08,1.98,1.97,1.91,1.9,1.77,1.88,2021-06-03,2021-05-24,2021-05-18,2021-05-28,2021-05-20,2021-05-17,3520700,8747300,2558700,20.12,86.55,-7.98,0.12,0.131,0.035,-0.075,0.119,0.033,0.11542,0.10402,0.04626,-0.02839,0.11438,0.03984,78.788,20.501,55.877,49.495,11.179,0.0,81.818,48.0,8.929,43.75,1.695,3.571,51.562,40.0,37.681,39.13,36.62,12.162,2021-04-26,2021-04-19,2021-04-01,2021-05-21,2021-04-23,2021-04-06,2021-05-27,2021-05-18,2021-04-27,2021-06-01,2021-05-20,2021-05-05,2021-06-03,2021-05-25,2021-05-18,2021-05-27,2021-05-20,2021-05-17,2021-06-03,2021-05-31,2021-05-27,2021-06-01,2021-05-28,2021-05-20,0,1,0,1,0,1,0,1,0,0,1,0,0,1,0,1,0,1,0,1,0,1,0,1,1,0,,,2558700.0,,p2n,n2p,n2p,p2p,p2n,Life.BullEnd,Life.Bull,Life.BullRetrace,Life.BullEnd,Life.BearStart,,
2021-06-04,1.95295,,,1.92,,1.9798,1.97512,1.85131,1.64757,1.94112,1.98171,-0.04059,-0.04721,0.00662,,,4.2,-8.16,1.23,-0.16,2.54,-0.67,0.16,-0.1,8.0,18.0,9.0,3.0,8.0,7.0,5.0,2.0,-0.0,-0.06,0.02214,-0.02643,0.83784,45.58824,45.588,,-5.97376,63.63636,73.73737,63.636,,66.66667,61.81818,,66.667,3.2755,1.2849,3.3223,0.0468,-1.9906,2.0374,0,0,0,,,,,0.15,,,,2.294,1.907,1.909,1.891,1.876,1.773,2021-04-21,2021-03-22,2021-02-22,2021-05-21,2021-03-29,2021-03-08,1.98,1.97,1.91,1.92,1.9,1.77,2021-06-03,2021-05-24,2021-05-18,2021-06-04,2021-05-28,2021-05-20,8747300,2558700,1888100,86.55,-7.98,-11.01,0.12,0.131,0.035,-0.075,0.119,0.033,0.11542,0.10402,0.04626,-0.02839,0.11438,0.03984,66.667,78.788,20.501,49.495,11.179,0.0,81.818,48.0,8.929,63.636,43.75,1.695,51.562,40.0,37.681,45.588,39.13,36.62,2021-04-26,2021-04-19,2021-04-01,2021-05-21,2021-04-23,2021-04-06,2021-06-04,2021-05-27,2021-05-18,2021-06-01,2021-05-20,2021-05-05,2021-06-03,2021-05-25,2021-05-18,2021-06-04,2021-05-27,2021-05-20,2021-06-03,2021-05-31,2021-05-27,2021-06-04,2021-06-01,2021-05-28,0,1,0,1,0,1,0,1,0,0,1,0,0,0,0,1,0,1,0,1,0,1,0,1,1,0,,,,,p2n,n2p,n2p,p2p,p2n,Life.BullEnd,Life.Bull,Life.BullRetrace,Life.BullEnd,Life.BearStart,,
2021-06-08,1.96432,,,,1.95,1.97751,1.97413,1.85327,1.65058,1.94249,1.97937,-0.03688,-0.04514,0.00827,,,3.6,-8.16,1.23,-0.16,2.54,-0.67,0.16,-0.1,6.0,18.0,9.0,3.0,8.0,7.0,5.0,2.0,0.03,0.0,0.02429,-0.01929,1.25926,55.7377,,55.738,10.1497,72.72727,72.72727,,72.727,62.08333,64.63384,,,3.2355,1.2424,3.2693,0.0338,-1.9931,2.0269,0,0,0,,,,,0.15,,,,2.294,1.907,1.909,1.891,1.876,1.773,2021-04-21,2021-03-22,2021-02-22,2021-05-21,2021-03-29,2021-03-08,1.95,1.98,1.97,1.92,1.9,1.77,2021-06-08,2021-06-03,2021-05-24,2021-06-04,2021-05-28,2021-05-20,2558700,1888100,1539900,-7.98,-11.01,-54.63,0.12,0.131,0.035,-0.075,0.119,0.033,0.11542,0.10402,0.04626,-0.02839,0.11438,0.03984,66.667,78.788,20.501,49.495,11.179,0.0,72.727,81.818,48.0,63.636,43.75,1.695,55.738,51.562,40.0,45.588,39.13,36.62,2021-04-26,2021-04-19,2021-04-01,2021-05-21,2021-04-23,2021-04-06,2021-06-04,2021-05-27,2021-05-18,2021-06-01,2021-05-20,2021-05-05,2021-06-08,2021-06-03,2021-05-25,2021-06-04,2021-05-27,2021-05-20,2021-06-08,2021-06-03,2021-05-31,2021-06-04,2021-06-01,2021-05-28,0,1,0,1,1,0,0,1,0,0,1,0,0,0,0,1,0,0,0,1,0,1,0,1,1,0,,,,1539900.0,n2p,n2p,p2p,p2n,n2n,Life.BullEnd,Life.Bull,Life.BullRetrace,Life.BullEnd,Life.BearStart,,
2021-06-09,1.97793,,,1.93,,1.97385,1.9724,1.85479,1.65336,1.94057,1.97571,-0.03514,-0.04314,0.008,,,2.89,-8.16,1.23,-0.16,2.54,-0.67,0.16,-0.1,5.0,18.0,9.0,3.0,8.0,7.0,5.0,2.0,-0.0,-0.02,0.02214,-0.02071,1.06897,51.66667,51.667,,-4.07133,66.66667,67.67677,66.667,,45.67308,58.14103,,,3.1904,1.1906,3.2049,0.0145,-1.9998,2.0143,0,0,0,,,,,0.15,,,,2.294,1.907,1.909,1.891,1.876,1.773,2021-04-21,2021-03-22,2021-02-22,2021-05-21,2021-03-29,2021-03-08,1.95,1.98,1.97,1.93,1.92,1.9,2021-06-08,2021-06-03,2021-05-24,2021-06-09,2021-06-04,2021-05-28,1888100,1539900,1093700,-11.01,-54.63,-24.47,0.12,0.131,0.035,-0.075,0.119,0.033,0.11542,0.10402,0.04626,-0.02839,0.11438,0.03984,66.667,78.788,20.501,49.495,11.179,0.0,72.727,81.818,48.0,66.667,63.636,43.75,55.738,51.562,40.0,51.667,45.588,39.13,2021-04-26,2021-04-19,2021-04-01,2021-05-21,2021-04-23,2021-04-06,2021-06-04,2021-05-27,2021-05-18,2021-06-01,2021-05-20,2021-05-05,2021-06-08,2021-06-03,2021-05-25,2021-06-09,2021-06-04,2021-05-27,2021-06-08,2021-06-03,2021-05-31,2021-06-09,2021-06-04,2021-06-01,0,1,0,1,1,0,0,1,0,0,1,0,0,0,0,1,0,0,0,1,0,1,0,1,1,0,,,,,n2p,n2p,p2p,p2n,n2n,Life.BullEnd,Life.Bull,Life.BullRetrace,Life.BullEnd,Life.BearStart,,
2021-06-10,1.99295,,,,,1.97125,1.97113,1.85647,1.65621,1.94048,1.97306,-0.03258,-0.04103,0.00845,,,2.11,-8.16,1.23,-0.16,2.54,-0.67,0.16,-0.1,4.0,18.0,9.0,3.0,8.0,7.0,5.0,2.0,0.01,0.0,0.02286,-0.01714,1.33333,57.14286,,,5.47586,69.69697,69.69697,,,44.15793,50.63811,44.158,,3.1492,1.1478,3.1504,0.0012,-2.0014,2.0026,0,0,0,,,,,0.15,,,,2.294,1.907,1.909,1.891,1.876,1.773,2021-04-21,2021-03-22,2021-02-22,2021-05-21,2021-03-29,2021-03-08,1.95,1.98,1.97,1.93,1.92,1.9,2021-06-08,2021-06-03,2021-05-24,2021-06-09,2021-06-04,2021-05-28,1539900,1093700,1354200,-54.63,-24.47,-11.81,0.12,0.131,0.035,-0.075,0.119,0.033,0.11542,0.10402,0.04626,-0.02839,0.11438,0.03984,66.667,78.788,20.501,44.158,49.495,11.179,72.727,81.818,48.0,66.667,63.636,43.75,55.738,51.562,40.0,51.667,45.588,39.13,2021-04-26,2021-04-19,2021-04-01,2021-05-21,2021-04-23,2021-04-06,2021-06-04,2021-05-27,2021-05-18,2021-06-10,2021-06-01,2021-05-20,2021-06-08,2021-06-03,2021-05-25,2021-06-09,2021-06-04,2021-05-27,2021-06-08,2021-06-03,2021-05-31,2021-06-09,2021-06-04,2021-06-01,0,1,0,1,1,0,0,1,0,0,1,0,0,0,0,0,0,0,0,1,0,1,0,1,1,0,,,,,n2p,n2p,p2p,p2n,n2n,Life.BullEnd,Life.Bull,Life.BullRetrace,Life.BullEnd,Life.BearStart,,
2021-06-11,2.00791,,,,,1.97423,1.97266,1.85951,1.65973,1.95118,1.9758,-0.02462,-0.03775,0.01313,,,1.35,-8.16,1.23,-0.16,2.54,-0.67,0.16,-0.1,3.0,18.0,9.0,3.0,8.0,7.0,5.0,2.0,0.07,0.0,0.02786,-0.01071,2.6,72.22222,,,20.55522,90.90909,75.75758,,,56.17716,48.66939,,,3.1293,1.1472,3.145,0.0157,-1.9821,1.9978,0,0,0,,,,,0.15,,,,2.294,1.907,1.909,1.891,1.876,1.773,2021-04-21,2021-03-22,2021-02-22,2021-05-21,2021-03-29,2021-03-08,1.95,1.98,1.97,1.93,1.92,1.9,2021-06-08,2021-06-03,2021-05-24,2021-06-09,2021-06-04,2021-05-28,1093700,1354200,3458700,-24.47,-11.81,48.12,0.12,0.131,0.035,-0.075,0.119,0.033,0.11542,0.10402,0.04626,-0.02839,0.11438,0.03984,66.667,78.788,20.501,44.158,49.495,11.179,72.727,81.818,48.0,66.667,63.636,43.75,55.738,51.562,40.0,51.667,45.588,39.13,2021-04-26,2021-04-19,2021-04-01,2021-05-21,2021-04-23,2021-04-06,2021-06-04,2021-05-27,2021-05-18,2021-06-10,2021-06-01,2021-05-20,2021-06-08,2021-06-03,2021-05-25,2021-06-09,2021-06-04,2021-05-27,2021-06-08,2021-06-03,2021-05-31,2021-06-09,2021-06-04,2021-06-01,0,1,0,1,1,0,0,1,0,0,1,0,0,0,0,0,0,0,0,1,0,1,0,1,1,0,3458700.0,,,,n2p,p2p,p2n,n2n,n2p,Life.BullEnd,Life.Bull,Life.BullRetrace,Life.BullEnd,Life.BearStart,,
2021-06-14,2.02099,,,,2.09,1.98313,1.97726,1.86408,1.66401,1.97253,1.98426,-0.01173,-0.03254,0.02082,,,0.69,-8.16,1.23,-0.16,2.54,-0.67,0.16,-0.1,2.0,18.0,9.0,3.0,8.0,7.0,5.0,2.0,0.08,0.0,0.03,-0.01071,2.8,73.68421,,73.684,22.01721,96.42857,85.67821,,96.429,77.66678,59.33395,,,3.1325,1.1905,3.1912,0.0587,-1.942,2.0007,1,0,1,0.15,,,,,,,,2.294,1.907,1.909,1.891,1.876,1.773,2021-04-21,2021-03-22,2021-02-22,2021-05-21,2021-03-29,2021-03-08,2.09,1.95,1.98,1.93,1.92,1.9,2021-06-14,2021-06-08,2021-06-03,2021-06-09,2021-06-04,2021-05-28,1354200,3458700,3863000,-11.81,48.12,46.88,0.12,0.131,0.035,-0.075,0.119,0.033,0.11542,0.10402,0.04626,-0.02839,0.11438,0.03984,66.667,78.788,20.501,44.158,49.495,11.179,96.429,72.727,81.818,66.667,63.636,43.75,73.684,55.738,51.562,51.667,45.588,39.13,2021-04-26,2021-04-19,2021-04-01,2021-05-21,2021-04-23,2021-04-06,2021-06-04,2021-05-27,2021-05-18,2021-06-10,2021-06-01,2021-05-20,2021-06-14,2021-06-08,2021-06-03,2021-06-09,2021-06-04,2021-05-27,2021-06-14,2021-06-08,2021-06-03,2021-06-09,2021-06-04,2021-06-01,0,1,0,1,0,1,0,1,0,0,1,0,0,0,0,0,0,1,0,1,0,1,0,1,1,0,,,,,n2p,p2p,p2n,n2n,n2p,Life.Bull,Life.BullRetrace,Life.BullEnd,Life.BearStart,Life.BullStart,,
2021-06-15,2.03055,,,2.07,,1.98982,1.9809,1.86815,1.66805,1.98753,1.99061,-0.00308,-0.02665,0.02357,,,0.22,-8.16,1.23,-0.16,2.54,-0.67,0.16,-0.1,1.0,18.0,9.0,3.0,8.0,7.0,5.0,2.0,-0.0,-0.02,0.01929,-0.01214,1.58824,61.36364,61.364,,-12.32036,89.28571,92.20779,89.286,,90.29304,74.71232,,90.293,3.1285,1.2167,3.2177,0.0892,-1.9118,2.001,1,0,1,0.15,,,,,,,,2.294,1.907,1.909,1.891,1.876,1.773,2021-04-21,2021-03-22,2021-02-22,2021-05-21,2021-03-29,2021-03-08,2.09,1.95,1.98,2.07,1.93,1.92,2021-06-14,2021-06-08,2021-06-03,2021-06-15,2021-06-09,2021-06-04,3458700,3863000,2787500,48.12,46.88,16.52,0.12,0.131,0.035,-0.075,0.119,0.033,0.11542,0.10402,0.04626,-0.02839,0.11438,0.03984,90.293,66.667,78.788,44.158,49.495,11.179,96.429,72.727,81.818,89.286,66.667,63.636,73.684,55.738,51.562,61.364,51.667,45.588,2021-04-26,2021-04-19,2021-04-01,2021-05-21,2021-04-23,2021-04-06,2021-06-15,2021-06-04,2021-05-27,2021-06-10,2021-06-01,2021-05-20,2021-06-14,2021-06-08,2021-06-03,2021-06-15,2021-06-09,2021-06-04,2021-06-14,2021-06-08,2021-06-03,2021-06-15,2021-06-09,2021-06-04,0,1,0,1,0,1,0,1,0,0,1,0,0,1,0,0,0,1,0,1,0,1,0,1,1,0,,,,,n2p,p2p,p2n,n2n,n2p,Life.Bull,Life.BullRetrace,Life.BullEnd,Life.BearStart,Life.BullStart,,
2021-06-16,2.03512,,2.035,,2.08,1.99675,1.98478,1.87235,1.67215,2.00175,1.99723,0.00452,-0.02042,0.02494,,,-8.16,1.23,-0.16,2.54,-0.67,0.16,-0.1,1.35,18.0,9.0,3.0,8.0,7.0,5.0,2.0,9.0,0.01,0.0,0.02,-0.01071,1.86667,65.11628,,,3.75228,92.85714,92.85714,,92.857,89.15344,85.70442,,,3.1263,1.244,3.246,0.1197,-1.8823,2.002,1,0,1,0.15,,,,,,,,2.035,2.294,1.907,1.891,1.876,1.773,2021-06-16,2021-04-21,2021-03-22,2021-05-21,2021-03-29,2021-03-08,2.08,2.09,1.95,2.07,1.93,1.92,2021-06-16,2021-06-14,2021-06-08,2021-06-15,2021-06-09,2021-06-04,3863000,2787500,2124000,46.88,16.52,-13.2,0.12,0.131,0.035,-0.075,0.119,0.033,0.11542,0.10402,0.04626,-0.02839,0.11438,0.03984,90.293,66.667,78.788,44.158,49.495,11.179,92.857,96.429,72.727,89.286,66.667,63.636,73.684,55.738,51.562,61.364,51.667,45.588,2021-04-26,2021-04-19,2021-04-01,2021-05-21,2021-04-23,2021-04-06,2021-06-15,2021-06-04,2021-05-27,2021-06-10,2021-06-01,2021-05-20,2021-06-16,2021-06-14,2021-06-08,2021-06-15,2021-06-09,2021-06-04,2021-06-14,2021-06-08,2021-06-03,2021-06-15,2021-06-09,2021-06-04,0,0,0,1,0,0,0,1,0,0,1,0,0,1,0,0,0,0,0,1,0,1,0,1,1,0,,,,,n2p,p2p,p2n,n2n,n2p,Life.Bull,Life.BullRetrace,Life.BullEnd,Life.BearStart,Life.BullStart,,
2021-06-17,2.03344,,,2.05,,2.00085,1.98734,1.87587,1.67591,2.00918,2.00114,0.00804,-0.01473,0.02276,,,-8.09,1.23,-0.16,2.54,-0.67,0.16,-0.1,1.35,17.0,9.0,3.0,8.0,7.0,5.0,2.0,9.0,-0.0,-0.03,0.02,-0.01071,1.86667,65.11628,,,3.75228,82.14286,88.09524,82.143,,80.93682,86.79443,,,3.1143,1.2498,3.2494,0.1351,-1.8645,1.9996,1,0,1,0.15,,,,,,,,2.035,2.294,1.907,1.891,1.876,1.773,2021-06-16,2021-04-21,2021-03-22,2021-05-21,2021-03-29,2021-03-08,2.08,2.09,1.95,2.05,2.07,1.93,2021-06-16,2021-06-14,2021-06-08,2021-06-17,2021-06-15,2021-06-09,2787500,2124000,1810000,16.52,-13.2,-23.4,0.12,0.131,0.035,-0.075,0.119,0.033,0.11542,0.10402,0.04626,-0.02839,0.11438,0.03984,90.293,66.667,78.788,44.158,49.495,11.179,92.857,96.429,72.727,82.143,89.286,66.667,73.684,55.738,51.562,61.364,51.667,45.588,2021-04-26,2021-04-19,2021-04-01,2021-05-21,2021-04-23,2021-04-06,2021-06-15,2021-06-04,2021-05-27,2021-06-10,2021-06-01,2021-05-20,2021-06-16,2021-06-14,2021-06-08,2021-06-17,2021-06-15,2021-06-09,2021-06-14,2021-06-08,2021-06-03,2021-06-15,2021-06-09,2021-06-04,0,0,0,1,0,0,0,0,0,0,1,0,0,1,0,0,0,0,0,0,0,1,0,1,1,0,,,,,n2p,p2p,p2n,n2n,n2p,Life.Bull,Life.BullRetrace,Life.BullEnd,Life.BearStart,Life.BullStart,,
2021-06-18,2.0252,,,,2.1,2.00848,1.99176,1.88031,1.68013,2.02315,2.00846,0.01469,-0.00884,0.02353,,0.015,-7.71,1.23,-0.16,2.54,-0.67,0.16,-0.1,1.35,16.0,9.0,3.0,8.0,7.0,5.0,2.0,9.0,0.05,0.0,0.02357,-0.00929,2.53846,71.73913,,71.739,10.37513,84.84848,86.61616,,84.848,72.60349,80.89791,,,3.1163,1.2817,3.2835,0.1672,-1.8346,2.0018,1,0,1,0.15,,,,,,,,2.035,2.294,1.907,1.891,1.876,1.773,2021-06-16,2021-04-21,2021-03-22,2021-05-21,2021-03-29,2021-03-08,2.1,2.08,2.09,2.05,2.07,1.93,2021-06-18,2021-06-16,2021-06-14,2021-06-17,2021-06-15,2021-06-09,2124000,1810000,3878900,-13.2,-23.4,16.24,0.015,0.12,0.131,-0.075,0.119,0.033,-0.00884,0.11542,0.10402,-0.02839,0.11438,0.03984,90.293,66.667,78.788,44.158,49.495,11.179,84.848,92.857,96.429,82.143,89.286,66.667,71.739,73.684,55.738,61.364,51.667,45.588,2021-06-18,2021-04-26,2021-04-19,2021-05-21,2021-04-23,2021-04-06,2021-06-15,2021-06-04,2021-05-27,2021-06-10,2021-06-01,2021-05-20,2021-06-18,2021-06-16,2021-06-14,2021-06-17,2021-06-15,2021-06-09,2021-06-18,2021-06-14,2021-06-08,2021-06-15,2021-06-09,2021-06-04,0,0,0,1,0,1,0,0,1,0,1,0,0,1,0,0,1,0,0,0,0,0,0,1,1,0,,,,,n2p,p2p,p2n,n2n,n2p,Life.Bull,Life.BullRetrace,Life.BullEnd,Life.BearStart,Life.BullStart,,
2021-06-21,2.01107,,,,,2.01013,1.99326,1.88327,1.68361,2.0242,2.01006,0.01415,-0.00425,0.01839,,,-7.06,1.23,-0.16,2.54,-0.67,0.16,-0.1,1.35,15.0,9.0,3.0,8.0,7.0,5.0,2.0,9.0,-0.0,-0.07,0.02214,-0.01429,1.55,60.78431,,,-10.95469,58.62069,75.20401,,,60.30719,71.2825,,,3.0965,1.2686,3.2652,0.1687,-1.8279,1.9966,0,0,1,,,,,0.15,,,,2.035,2.294,1.907,1.891,1.876,1.773,2021-06-16,2021-04-21,2021-03-22,2021-05-21,2021-03-29,2021-03-08,2.1,2.08,2.09,2.05,2.07,1.93,2021-06-18,2021-06-16,2021-06-14,2021-06-17,2021-06-15,2021-06-09,1810000,3878900,3878400,-23.4,16.24,22.46,0.015,0.12,0.131,-0.075,0.119,0.033,-0.00884,0.11542,0.10402,-0.02839,0.11438,0.03984,90.293,66.667,78.788,44.158,49.495,11.179,84.848,92.857,96.429,82.143,89.286,66.667,71.739,73.684,55.738,61.364,51.667,45.588,2021-06-18,2021-04-26,2021-04-19,2021-05-21,2021-04-23,2021-04-06,2021-06-15,2021-06-04,2021-05-27,2021-06-10,2021-06-01,2021-05-20,2021-06-18,2021-06-16,2021-06-14,2021-06-17,2021-06-15,2021-06-09,2021-06-18,2021-06-14,2021-06-08,2021-06-15,2021-06-09,2021-06-04,0,0,0,1,0,1,0,0,1,0,1,0,0,1,0,0,1,0,0,0,0,0,0,1,1,0,,,,,n2p,p2p,p2n,n2n,n2p,Life.BullRetrace,Life.BullEnd,Life.BearStart,Life.BullStart,Life.BearStart,,
2021-06-22,1.99255,,,,,2.00628,1.99195,1.88479,1.68636,2.01433,2.00635,0.00798,-0.0018,0.00978,,,-6.2,1.23,-0.16,2.54,-0.67,0.16,-0.1,1.35,14.0,9.0,3.0,8.0,7.0,5.0,2.0,9.0,-0.0,-0.07,0.02214,-0.01929,1.14815,53.44828,,,-18.29072,26.92308,56.79742,,,44.77778,59.22948,,,3.0559,1.2149,3.1992,0.1433,-1.841,1.9843,0,0,0,,,,,0.15,,,,2.035,2.294,1.907,1.891,1.876,1.773,2021-06-16,2021-04-21,2021-03-22,2021-05-21,2021-03-29,2021-03-08,2.1,2.08,2.09,2.05,2.07,1.93,2021-06-18,2021-06-16,2021-06-14,2021-06-17,2021-06-15,2021-06-09,3878900,3878400,2268100,16.24,22.46,4.79,0.015,0.12,0.131,-0.075,0.119,0.033,-0.00884,0.11542,0.10402,-0.02839,0.11438,0.03984,90.293,66.667,78.788,44.158,49.495,11.179,84.848,92.857,96.429,82.143,89.286,66.667,71.739,73.684,55.738,61.364,51.667,45.588,2021-06-18,2021-04-26,2021-04-19,2021-05-21,2021-04-23,2021-04-06,2021-06-15,2021-06-04,2021-05-27,2021-06-10,2021-06-01,2021-05-20,2021-06-18,2021-06-16,2021-06-14,2021-06-17,2021-06-15,2021-06-09,2021-06-18,2021-06-14,2021-06-08,2021-06-15,2021-06-09,2021-06-04,0,0,0,1,0,1,0,0,1,0,1,0,0,1,0,0,1,0,0,0,0,0,0,1,1,0,,,,,n2p,p2p,p2n,n2n,n2p,Life.BullRetrace,Life.BullEnd,Life.BearStart,Life.BullStart,Life.BearStart,,
2021-06-23,1.97202,,,,,2.00272,1.9907,1.88628,1.68908,2.00597,2.00292,0.00305,-0.00083,0.00388,,,-5.22,1.23,-0.16,2.54,-0.67,0.16,-0.1,1.35,13.0,9.0,3.0,8.0,7.0,5.0,2.0,9.0,0.0,0.0,0.01929,-0.01929,1.0,50.0,,,-21.739,26.92308,37.48895,,,33.33333,46.13943,,,3.0162,1.1644,3.1364,0.1202,-1.8518,1.972,0,0,0,,,,,0.15,,,,2.035,2.294,1.907,1.891,1.876,1.773,2021-06-16,2021-04-21,2021-03-22,2021-05-21,2021-03-29,2021-03-08,2.1,2.08,2.09,2.05,2.07,1.93,2021-06-18,2021-06-16,2021-06-14,2021-06-17,2021-06-15,2021-06-09,3878400,2268100,1388600,22.46,4.79,-24.84,0.015,0.12,0.131,-0.075,0.119,0.033,-0.00884,0.11542,0.10402,-0.02839,0.11438,0.03984,90.293,66.667,78.788,44.158,49.495,11.179,84.848,92.857,96.429,82.143,89.286,66.667,71.739,73.684,55.738,61.364,51.667,45.588,2021-06-18,2021-04-26,2021-04-19,2021-05-21,2021-04-23,2021-04-06,2021-06-15,2021-06-04,2021-05-27,2021-06-10,2021-06-01,2021-05-20,2021-06-18,2021-06-16,2021-06-14,2021-06-17,2021-06-15,2021-06-09,2021-06-18,2021-06-14,2021-06-08,2021-06-15,2021-06-09,2021-06-04,0,0,0,1,0,1,0,0,1,0,1,0,0,1,0,0,1,0,0,0,0,0,0,1,1,0,,,,,n2p,p2p,p2n,n2n,n2p,Life.BullRetrace,Life.BullEnd,Life.BearStart,Life.BullStart,Life.BearStart,,
2021-06-24,1.9519,,,,,1.99866,1.9891,1.88754,1.69168,1.99736,1.999,-0.00164,-0.00099,-0.00065,,,-4.25,1.23,-0.16,2.54,-0.67,0.16,-0.1,1.35,12.0,9.0,3.0,8.0,7.0,5.0,2.0,9.0,-0.0,-0.01,0.01786,-0.02,0.89286,47.16981,47.17,,-24.56919,23.07692,25.64103,,,22.66667,33.59259,,,2.9742,1.1112,3.0698,0.0956,-1.863,1.9586,0,0,0,,,,,0.15,,,,2.035,2.294,1.907,1.891,1.876,1.773,2021-06-16,2021-04-21,2021-03-22,2021-05-21,2021-03-29,2021-03-08,2.1,2.08,2.09,2.05,2.07,1.93,2021-06-18,2021-06-16,2021-06-14,2021-06-17,2021-06-15,2021-06-09,2268100,1388600,1219100,4.79,-24.84,-35.29,0.015,0.12,0.131,-0.075,0.119,0.033,-0.00884,0.11542,0.10402,-0.02839,0.11438,0.03984,90.293,66.667,78.788,44.158,49.495,11.179,84.848,92.857,96.429,82.143,89.286,66.667,71.739,73.684,55.738,47.17,61.364,51.667,2021-06-18,2021-04-26,2021-04-19,2021-05-21,2021-04-23,2021-04-06,2021-06-15,2021-06-04,2021-05-27,2021-06-10,2021-06-01,2021-05-20,2021-06-18,2021-06-16,2021-06-14,2021-06-17,2021-06-15,2021-06-09,2021-06-18,2021-06-14,2021-06-08,2021-06-24,2021-06-15,2021-06-09,0,0,0,1,0,1,0,0,1,0,1,0,0,1,0,0,1,0,0,0,0,0,1,0,1,0,,,,,n2p,p2p,p2n,n2n,n2p,Life.BullRetrace,Life.BullEnd,Life.BearStart,Life.BullStart,Life.BearStart,,
2021-06-25,1.93377,,,,,1.99338,1.98679,1.88838,1.69405,1.987,1.99389,-0.00689,-0.00217,-0.00472,,,-3.35,1.23,-0.16,2.54,-0.67,0.16,-0.1,1.35,11.0,9.0,3.0,8.0,7.0,5.0,2.0,9.0,-0.0,-0.02,0.01786,-0.01714,1.04167,51.02041,,51.02,3.85041,15.38462,21.79487,,,20.22222,25.40741,,,2.9274,1.05,2.9933,0.0659,-1.8774,1.9433,0,0,0,,,,,0.15,,,,2.035,2.294,1.907,1.891,1.876,1.773,2021-06-16,2021-04-21,2021-03-22,2021-05-21,2021-03-29,2021-03-08,2.1,2.08,2.09,2.05,2.07,1.93,2021-06-18,2021-06-16,2021-06-14,2021-06-17,2021-06-15,2021-06-09,1388600,1219100,1097000,-24.84,-35.29,-24.02,0.015,0.12,0.131,-0.075,0.119,0.033,-0.00884,0.11542,0.10402,-0.02839,0.11438,0.03984,90.293,66.667,78.788,44.158,49.495,11.179,84.848,92.857,96.429,82.143,89.286,66.667,51.02,71.739,73.684,47.17,61.364,51.667,2021-06-18,2021-04-26,2021-04-19,2021-05-21,2021-04-23,2021-04-06,2021-06-15,2021-06-04,2021-05-27,2021-06-10,2021-06-01,2021-05-20,2021-06-18,2021-06-16,2021-06-14,2021-06-17,2021-06-15,2021-06-09,2021-06-25,2021-06-18,2021-06-14,2021-06-24,2021-06-15,2021-06-09,0,0,0,1,0,1,0,0,1,0,1,0,0,1,0,0,1,0,0,0,1,0,1,0,1,0,,,,,n2p,p2p,p2n,n2n,n2p,Life.BullRetrace,Life.BullEnd,Life.BearStart,Life.BullStart,Life.BearStart,,
2021-06-28,1.91864,,,,,1.98543,1.98299,1.88841,1.696,1.97207,1.98619,-0.01412,-0.00456,-0.00956,,,-2.59,1.23,-0.16,2.54,-0.67,0.16,-0.1,1.35,10.0,9.0,3.0,8.0,7.0,5.0,2.0,9.0,-0.0,-0.04,0.01571,-0.02,0.78571,44.0,44.0,,-7.02,7.14286,15.20147,,,15.92593,19.60494,,,2.8699,0.9702,2.8943,0.0244,-1.8997,1.9241,0,0,0,,,,,0.15,,,,2.035,2.294,1.907,1.891,1.876,1.773,2021-06-16,2021-04-21,2021-03-22,2021-05-21,2021-03-29,2021-03-08,2.1,2.08,2.09,2.05,2.07,1.93,2021-06-18,2021-06-16,2021-06-14,2021-06-17,2021-06-15,2021-06-09,1219100,1097000,1508500,-35.29,-24.02,3.24,0.015,0.12,0.131,-0.075,0.119,0.033,-0.00884,0.11542,0.10402,-0.02839,0.11438,0.03984,90.293,66.667,78.788,44.158,49.495,11.179,84.848,92.857,96.429,82.143,89.286,66.667,51.02,71.739,73.684,44.0,47.17,61.364,2021-06-18,2021-04-26,2021-04-19,2021-05-21,2021-04-23,2021-04-06,2021-06-15,2021-06-04,2021-05-27,2021-06-10,2021-06-01,2021-05-20,2021-06-18,2021-06-16,2021-06-14,2021-06-17,2021-06-15,2021-06-09,2021-06-25,2021-06-18,2021-06-14,2021-06-28,2021-06-24,2021-06-15,0,0,0,1,0,1,0,0,1,0,1,0,0,1,0,0,1,0,0,0,1,0,1,0,1,0,,,,,n2p,p2p,p2n,n2n,n2p,Life.BullRetrace,Life.BullEnd,Life.BearStart,Life.BullStart,Life.BearStart,,
2021-06-29,1.90685,,,,,1.97809,1.97934,1.88844,1.69793,1.95945,1.97907,-0.01962,-0.00757,-0.01205,,,-1.98,1.23,-0.16,2.54,-0.67,0.16,-0.1,1.35,9.0,9.0,3.0,8.0,7.0,5.0,2.0,9.0,0.0,0.0,0.01571,-0.01857,0.84615,45.83333,,45.833,1.83333,7.14286,9.89011,,,15.31987,17.156,,,2.8141,0.909,2.8141,0.0,-1.9051,1.9051,0,0,0,,,,,0.15,,,,2.035,2.294,1.907,1.891,1.876,1.773,2021-06-16,2021-04-21,2021-03-22,2021-05-21,2021-03-29,2021-03-08,2.1,2.08,2.09,2.05,2.07,1.93,2021-06-18,2021-06-16,2021-06-14,2021-06-17,2021-06-15,2021-06-09,1097000,1508500,968300,-24.02,3.24,-6.56,0.015,0.12,0.131,-0.075,0.119,0.033,-0.00884,0.11542,0.10402,-0.02839,0.11438,0.03984,90.293,66.667,78.788,44.158,49.495,11.179,84.848,92.857,96.429,82.143,89.286,66.667,45.833,51.02,71.739,44.0,47.17,61.364,2021-06-18,2021-04-26,2021-04-19,2021-05-21,2021-04-23,2021-04-06,2021-06-15,2021-06-04,2021-05-27,2021-06-10,2021-06-01,2021-05-20,2021-06-18,2021-06-16,2021-06-14,2021-06-17,2021-06-15,2021-06-09,2021-06-29,2021-06-25,2021-06-18,2021-06-28,2021-06-24,2021-06-15,0,0,0,1,0,1,0,0,1,0,1,0,0,1,0,0,1,0,0,0,1,0,1,0,1,0,,,,,n2p,p2p,p2n,n2n,n2p,Life.BullRetrace,Life.BullEnd,Life.BearStart,Life.BullStart,Life.BearStart,,
2021-06-30,1.89807,,,1.86,,1.969,1.97466,1.88788,1.69954,1.94415,1.97025,-0.0261,-0.01128,-0.01482,,,-1.53,1.23,-0.16,2.54,-0.67,0.16,-0.1,1.35,8.0,9.0,3.0,8.0,7.0,5.0,2.0,9.0,-0.0,-0.03,0.015,-0.02071,0.72414,42.0,,,-3.833,0.0,4.7619,0.0,,9.76431,13.67003,9.764,,2.7512,0.8678,2.7512,0.0,-1.8834,1.8834,0,0,0,,,,,0.15,,,,2.035,2.294,1.907,1.891,1.876,1.773,2021-06-16,2021-04-21,2021-03-22,2021-05-21,2021-03-29,2021-03-08,2.1,2.08,2.09,1.86,2.05,2.07,2021-06-18,2021-06-16,2021-06-14,2021-06-30,2021-06-17,2021-06-15,1508500,968300,1209700,3.24,-6.56,3.15,0.015,0.12,0.131,-0.075,0.119,0.033,-0.00884,0.11542,0.10402,-0.02839,0.11438,0.03984,90.293,66.667,78.788,9.764,44.158,49.495,84.848,92.857,96.429,0.0,82.143,89.286,45.833,51.02,71.739,44.0,47.17,61.364,2021-06-18,2021-04-26,2021-04-19,2021-05-21,2021-04-23,2021-04-06,2021-06-15,2021-06-04,2021-05-27,2021-06-30,2021-06-10,2021-06-01,2021-06-18,2021-06-16,2021-06-14,2021-06-30,2021-06-17,2021-06-15,2021-06-29,2021-06-25,2021-06-18,2021-06-28,2021-06-24,2021-06-15,0,0,0,1,0,1,1,0,1,0,1,0,0,1,1,0,1,0,1,0,1,0,1,0,1,0,,,,,n2p,p2p,p2n,n2n,n2p,Life.BullRetrace,Life.BullEnd,Life.BearStart,Life.BullStart,Life.BearStart,,
2021-07-01,1.89138,,,,,1.96216,1.97095,1.88773,1.70134,1.93428,1.96356,-0.02928,-0.01488,-0.0144,,,-1.18,1.23,-0.16,2.54,-0.67,0.16,-0.1,1.35,7.0,9.0,3.0,8.0,7.0,5.0,2.0,9.0,0.02,0.0,0.01143,-0.02071,0.55172,35.55556,,,-10.27744,6.89655,4.6798,,,12.12121,12.4018,,,2.6961,0.8322,2.6961,0.0,-1.8639,1.8639,0,0,0,,,,,0.15,,,,2.035,2.294,1.907,1.891,1.876,1.773,2021-06-16,2021-04-21,2021-03-22,2021-05-21,2021-03-29,2021-03-08,2.1,2.08,2.09,1.86,2.05,2.07,2021-06-18,2021-06-16,2021-06-14,2021-06-30,2021-06-17,2021-06-15,968300,1209700,872800,-6.56,3.15,-17.24,0.015,0.12,0.131,-0.075,0.119,0.033,-0.00884,0.11542,0.10402,-0.02839,0.11438,0.03984,90.293,66.667,78.788,9.764,44.158,49.495,84.848,92.857,96.429,0.0,82.143,89.286,45.833,51.02,71.739,44.0,47.17,61.364,2021-06-18,2021-04-26,2021-04-19,2021-05-21,2021-04-23,2021-04-06,2021-06-15,2021-06-04,2021-05-27,2021-06-30,2021-06-10,2021-06-01,2021-06-18,2021-06-16,2021-06-14,2021-06-30,2021-06-17,2021-06-15,2021-06-29,2021-06-25,2021-06-18,2021-06-28,2021-06-24,2021-06-15,0,0,0,1,0,1,1,0,1,0,1,0,0,1,1,0,1,0,1,0,1,0,1,0,1,0,,,,,n2p,p2p,p2n,n2n,n2p,Life.BullRetrace,Life.BullEnd,Life.BearStart,Life.BullStart,Life.BearStart,,
2021-07-02,1.88578,,,,,1.95738,1.96817,1.88797,1.70332,1.929,1.95885,-0.02985,-0.01787,-0.01198,,,-0.89,1.23,-0.16,2.54,-0.67,0.16,-0.1,1.35,6.0,9.0,3.0,8.0,7.0,5.0,2.0,9.0,0.02,0.0,0.00714,-0.02071,0.34483,25.64103,25.641,,-20.19197,13.7931,6.89655,,,28.28283,16.72278,,,2.6485,0.802,2.6485,0.0,-1.8465,1.8465,0,0,0,,,,,0.15,,,,2.035,2.294,1.907,1.891,1.876,1.773,2021-06-16,2021-04-21,2021-03-22,2021-05-21,2021-03-29,2021-03-08,2.1,2.08,2.09,1.86,2.05,2.07,2021-06-18,2021-06-16,2021-06-14,2021-06-30,2021-06-17,2021-06-15,1209700,872800,843100,3.15,-17.24,-4.1,0.015,0.12,0.131,-0.075,0.119,0.033,-0.00884,0.11542,0.10402,-0.02839,0.11438,0.03984,90.293,66.667,78.788,9.764,44.158,49.495,84.848,92.857,96.429,0.0,82.143,89.286,45.833,51.02,71.739,25.641,44.0,47.17,2021-06-18,2021-04-26,2021-04-19,2021-05-21,2021-04-23,2021-04-06,2021-06-15,2021-06-04,2021-05-27,2021-06-30,2021-06-10,2021-06-01,2021-06-18,2021-06-16,2021-06-14,2021-06-30,2021-06-17,2021-06-15,2021-06-29,2021-06-25,2021-06-18,2021-07-02,2021-06-28,2021-06-24,0,0,0,1,0,1,1,0,1,0,1,0,0,1,1,0,1,0,1,0,1,0,1,0,1,0,,,,,n2p,p2p,p2n,n2n,n2p,Life.BullRetrace,Life.BullEnd,Life.BearStart,Life.BullStart,Life.BearStart,,
2021-07-05,1.88086,,,,1.9,1.95296,1.9655,1.88821,1.70527,1.92454,1.95449,-0.02995,-0.02029,-0.00966,,,-0.63,1.23,-0.16,2.54,-0.67,0.16,-0.1,1.35,5.0,9.0,3.0,8.0,7.0,5.0,2.0,9.0,0.0,0.0,0.00714,-0.01929,0.37037,27.02703,,27.027,1.38603,13.7931,11.49425,,13.793,43.09764,27.83389,,,2.6023,0.7729,2.6023,0.0,-1.8294,1.8294,0,0,0,,,,,0.15,,,,2.035,2.294,1.907,1.891,1.876,1.773,2021-06-16,2021-04-21,2021-03-22,2021-05-21,2021-03-29,2021-03-08,1.9,2.1,2.08,1.86,2.05,2.07,2021-07-05,2021-06-18,2021-06-16,2021-06-30,2021-06-17,2021-06-15,872800,843100,1515200,-17.24,-4.1,10.44,0.015,0.12,0.131,-0.075,0.119,0.033,-0.00884,0.11542,0.10402,-0.02839,0.11438,0.03984,90.293,66.667,78.788,9.764,44.158,49.495,13.793,84.848,92.857,0.0,82.143,89.286,27.027,45.833,51.02,25.641,44.0,47.17,2021-06-18,2021-04-26,2021-04-19,2021-05-21,2021-04-23,2021-04-06,2021-06-15,2021-06-04,2021-05-27,2021-06-30,2021-06-10,2021-06-01,2021-07-05,2021-06-18,2021-06-16,2021-06-30,2021-06-17,2021-06-15,2021-07-05,2021-06-29,2021-06-25,2021-07-02,2021-06-28,2021-06-24,0,0,0,1,1,0,1,0,1,0,1,0,0,1,1,0,1,0,1,0,1,0,1,0,1,0,,,,,n2p,p2p,p2n,n2n,n2p,Life.BullRetrace,Life.BullEnd,Life.BearStart,Life.BullStart,Life.BearStart,,
2021-07-06,1.87662,,,1.89,,1.94812,1.96254,1.88824,1.70711,1.91923,1.94972,-0.03049,-0.02233,-0.00816,,,-0.41,1.23,-0.16,2.54,-0.67,0.16,-0.1,1.35,4.0,9.0,3.0,8.0,7.0,5.0,2.0,9.0,-0.0,-0.01,0.00643,-0.02,0.32143,24.32432,24.324,,-2.70268,10.34483,12.64368,10.345,,48.14815,39.84287,,48.148,2.5543,0.743,2.5543,0.0,-1.8113,1.8113,0,0,0,,,,,0.15,,,,2.035,2.294,1.907,1.891,1.876,1.773,2021-06-16,2021-04-21,2021-03-22,2021-05-21,2021-03-29,2021-03-08,1.9,2.1,2.08,1.89,1.86,2.05,2021-07-05,2021-06-18,2021-06-16,2021-07-06,2021-06-30,2021-06-17,843100,1515200,1002700,-4.1,10.44,4.02,0.015,0.12,0.131,-0.075,0.119,0.033,-0.00884,0.11542,0.10402,-0.02839,0.11438,0.03984,48.148,90.293,66.667,9.764,44.158,49.495,13.793,84.848,92.857,10.345,0.0,82.143,27.027,45.833,51.02,24.324,25.641,44.0,2021-06-18,2021-04-26,2021-04-19,2021-05-21,2021-04-23,2021-04-06,2021-07-06,2021-06-15,2021-06-04,2021-06-30,2021-06-10,2021-06-01,2021-07-05,2021-06-18,2021-06-16,2021-07-06,2021-06-30,2021-06-17,2021-07-05,2021-06-29,2021-06-25,2021-07-06,2021-07-02,2021-06-28,0,0,0,1,1,0,0,0,1,0,1,0,1,0,1,0,1,0,0,0,1,0,1,0,1,0,,,,,n2p,p2p,p2n,n2n,n2p,Life.BullRetrace,Life.BullEnd,Life.BearStart,Life.BullStart,Life.BearStart,,
2021-07-07,1.87308,,,,1.9,1.94442,1.96008,1.88848,1.70903,1.91627,1.94603,-0.02976,-0.02382,-0.00595,,,-0.22,1.23,-0.16,2.54,-0.67,0.16,-0.1,1.35,3.0,9.0,3.0,8.0,7.0,5.0,2.0,9.0,0.01,0.0,0.00714,-0.01786,0.4,28.57143,,28.571,4.24743,13.7931,12.64368,,13.793,40.74074,43.99551,,,2.5105,0.716,2.5105,0.0,-1.7945,1.7945,0,0,0,,,,,0.15,,,,2.035,2.294,1.907,1.891,1.876,1.773,2021-06-16,2021-04-21,2021-03-22,2021-05-21,2021-03-29,2021-03-08,1.9,1.9,2.1,1.89,1.86,2.05,2021-07-07,2021-07-05,2021-06-18,2021-07-06,2021-06-30,2021-06-17,1515200,1002700,965600,10.44,4.02,3.64,0.015,0.12,0.131,-0.075,0.119,0.033,-0.00884,0.11542,0.10402,-0.02839,0.11438,0.03984,48.148,90.293,66.667,9.764,44.158,49.495,13.793,13.793,84.848,10.345,0.0,82.143,28.571,27.027,45.833,24.324,25.641,44.0,2021-06-18,2021-04-26,2021-04-19,2021-05-21,2021-04-23,2021-04-06,2021-07-06,2021-06-15,2021-06-04,2021-06-30,2021-06-10,2021-06-01,2021-07-07,2021-07-05,2021-06-18,2021-07-06,2021-06-30,2021-06-17,2021-07-07,2021-07-05,2021-06-29,2021-07-06,2021-07-02,2021-06-28,0,0,0,1,1,0,0,0,1,0,1,0,1,0,1,0,1,0,0,0,0,0,1,0,1,0,,,,,n2p,p2p,p2n,n2n,n2p,Life.BullRetrace,Life.BullEnd,Life.BearStart,Life.BullStart,Life.BearStart,,
2021-07-08,1.87041,,,,,1.93639,1.95537,1.88752,1.71033,1.90454,1.93818,-0.03364,-0.02578,-0.00786,,,-0.08,1.23,-0.16,2.54,-0.67,0.16,-0.1,1.35,2.0,9.0,3.0,8.0,7.0,5.0,2.0,9.0,-0.0,-0.06,0.00357,-0.02214,0.16129,13.88889,13.889,,-14.68211,4.0,9.37931,4.0,,28.7037,39.19753,,,2.4504,0.6785,2.4504,0.0,-1.7719,1.7719,0,0,0,,,,,0.15,,,,2.035,2.294,1.907,1.891,1.876,1.773,2021-06-16,2021-04-21,2021-03-22,2021-05-21,2021-03-29,2021-03-08,1.9,1.9,2.1,1.89,1.86,2.05,2021-07-07,2021-07-05,2021-06-18,2021-07-06,2021-06-30,2021-06-17,1002700,965600,2569300,4.02,3.64,30.26,0.015,0.12,0.131,-0.075,0.119,0.033,-0.00884,0.11542,0.10402,-0.02839,0.11438,0.03984,48.148,90.293,66.667,9.764,44.158,49.495,13.793,13.793,84.848,4.0,10.345,0.0,28.571,27.027,45.833,13.889,24.324,25.641,2021-06-18,2021-04-26,2021-04-19,2021-05-21,2021-04-23,2021-04-06,2021-07-06,2021-06-15,2021-06-04,2021-06-30,2021-06-10,2021-06-01,2021-07-07,2021-07-05,2021-06-18,2021-07-08,2021-07-06,2021-06-30,2021-07-07,2021-07-05,2021-06-29,2021-07-08,2021-07-06,2021-07-02,0,0,0,1,1,0,0,0,1,0,1,0,1,0,1,0,1,0,0,0,0,0,1,0,1,0,,,,,n2p,p2p,p2n,n2n,n2p,Life.BullRetrace,Life.BullEnd,Life.BearStart,Life.BullStart,Life.BearStart,,
2021-07-09,1.86887,,,,,1.92897,1.95085,1.88657,1.71162,1.89461,1.93091,-0.0363,-0.02788,-0.00841,,,0.01,1.23,-0.16,2.54,-0.67,0.16,-0.1,1.35,1.0,9.0,3.0,8.0,7.0,5.0,2.0,9.0,0.0,0.0,0.00357,-0.01714,0.20833,17.24138,,,3.35238,8.69565,8.82959,,,22.7208,30.72175,,,2.3923,0.6428,2.3923,0.0,-1.7495,1.7495,0,0,0,,,,,0.15,,,,2.035,2.294,1.907,1.891,1.876,1.773,2021-06-16,2021-04-21,2021-03-22,2021-05-21,2021-03-29,2021-03-08,1.9,1.9,2.1,1.89,1.86,2.05,2021-07-07,2021-07-05,2021-06-18,2021-07-06,2021-06-30,2021-06-17,965600,2569300,1857000,3.64,30.26,18.83,0.015,0.12,0.131,-0.075,0.119,0.033,-0.00884,0.11542,0.10402,-0.02839,0.11438,0.03984,48.148,90.293,66.667,9.764,44.158,49.495,13.793,13.793,84.848,4.0,10.345,0.0,28.571,27.027,45.833,13.889,24.324,25.641,2021-06-18,2021-04-26,2021-04-19,2021-05-21,2021-04-23,2021-04-06,2021-07-06,2021-06-15,2021-06-04,2021-06-30,2021-06-10,2021-06-01,2021-07-07,2021-07-05,2021-06-18,2021-07-08,2021-07-06,2021-06-30,2021-07-07,2021-07-05,2021-06-29,2021-07-08,2021-07-06,2021-07-02,0,0,0,1,1,0,0,0,1,0,1,0,1,0,1,0,1,0,0,0,0,0,1,0,1,0,,,,,n2p,p2p,p2n,n2n,n2p,Life.BullRetrace,Life.BullEnd,Life.BearStart,Life.BullStart,Life.BearStart,,
2021-07-12,1.86883,1.869,,1.84,,1.92213,1.9465,1.88565,1.7129,1.88621,1.92417,-0.03797,-0.0299,-0.00807,-0.038,,1.24,-0.16,2.54,-0.67,0.16,-0.1,1.35,,9.0,3.0,8.0,7.0,5.0,2.0,9.0,,0.0,0.0,0.00357,-0.01214,0.29412,22.72727,,,8.83827,12.5,8.39855,,,13.96659,21.79703,13.967,,2.336,0.6085,2.336,0.0,-1.7275,1.7275,0,0,0,,,,,0.15,,,,2.035,2.294,1.907,1.869,1.891,1.876,2021-06-16,2021-04-21,2021-03-22,2021-07-12,2021-05-21,2021-03-29,1.9,1.9,2.1,1.84,1.89,1.86,2021-07-07,2021-07-05,2021-06-18,2021-07-12,2021-07-06,2021-06-30,2569300,1857000,1043000,30.26,18.83,1.44,0.015,0.12,0.131,-0.038,-0.075,0.119,-0.00884,0.11542,0.10402,-0.0299,-0.02839,0.11438,48.148,90.293,66.667,13.967,9.764,44.158,13.793,13.793,84.848,4.0,10.345,0.0,28.571,27.027,45.833,13.889,24.324,25.641,2021-06-18,2021-04-26,2021-04-19,2021-07-12,2021-05-21,2021-04-23,2021-07-06,2021-06-15,2021-06-04,2021-07-12,2021-06-30,2021-06-10,2021-07-07,2021-07-05,2021-06-18,2021-07-08,2021-07-06,2021-06-30,2021-07-07,2021-07-05,2021-06-29,2021-07-08,2021-07-06,2021-07-02,0,0,1,0,1,0,1,0,1,0,0,0,1,0,0,0,1,0,0,0,0,0,1,0,1,0,,,,,n2p,p2p,p2n,n2n,n2p,Life.BullRetrace,Life.BullEnd,Life.BearStart,Life.BullStart,Life.BearStart,,
2021-07-13,1.87077,,,,,1.91735,1.94311,1.88514,1.71437,1.88217,1.91942,-0.03724,-0.03137,-0.00587,,,1.13,-0.16,2.54,-0.67,0.16,-0.1,1.35,,8.0,3.0,8.0,7.0,5.0,2.0,9.0,,0.02,0.0,0.005,-0.01214,0.41176,29.16667,,,15.27767,25.0,15.39855,,,23.31002,19.99914,,,2.2874,0.5797,2.2874,0.0,-1.7077,1.7077,0,0,0,,,,,0.15,,,,2.035,2.294,1.907,1.869,1.891,1.876,2021-06-16,2021-04-21,2021-03-22,2021-07-12,2021-05-21,2021-03-29,1.9,1.9,2.1,1.84,1.89,1.86,2021-07-07,2021-07-05,2021-06-18,2021-07-12,2021-07-06,2021-06-30,1857000,1043000,1847600,18.83,1.44,-13.2,0.015,0.12,0.131,-0.038,-0.075,0.119,-0.00884,0.11542,0.10402,-0.0299,-0.02839,0.11438,48.148,90.293,66.667,13.967,9.764,44.158,13.793,13.793,84.848,4.0,10.345,0.0,28.571,27.027,45.833,13.889,24.324,25.641,2021-06-18,2021-04-26,2021-04-19,2021-07-12,2021-05-21,2021-04-23,2021-07-06,2021-06-15,2021-06-04,2021-07-12,2021-06-30,2021-06-10,2021-07-07,2021-07-05,2021-06-18,2021-07-08,2021-07-06,2021-06-30,2021-07-07,2021-07-05,2021-06-29,2021-07-08,2021-07-06,2021-07-02,0,0,1,0,1,0,1,0,1,0,0,0,1,0,0,0,1,0,0,0,0,0,1,0,1,0,,,,,n2p,p2p,p2n,n2n,n2p,Life.BullRetrace,Life.BullEnd,Life.BearStart,Life.BullStart,Life.BearStart,,
2021-07-14,1.87465,,,,,1.91371,1.94024,1.88484,1.71591,1.8803,1.91576,-0.03546,-0.03219,-0.00327,,,0.93,-0.16,2.54,-0.67,0.16,-0.1,1.35,,7.0,3.0,8.0,7.0,5.0,2.0,9.0,,0.01,0.0,0.00571,-0.01143,0.5,33.33333,,,19.44433,33.33333,23.61111,,,39.01515,25.43059,,,2.2433,0.554,2.2433,0.0,-1.6893,1.6893,0,0,0,,,,,0.15,,,,2.035,2.294,1.907,1.869,1.891,1.876,2021-06-16,2021-04-21,2021-03-22,2021-07-12,2021-05-21,2021-03-29,1.9,1.9,2.1,1.84,1.89,1.86,2021-07-07,2021-07-05,2021-06-18,2021-07-12,2021-07-06,2021-06-30,1043000,1847600,1555300,1.44,-13.2,-6.35,0.015,0.12,0.131,-0.038,-0.075,0.119,-0.00884,0.11542,0.10402,-0.0299,-0.02839,0.11438,48.148,90.293,66.667,13.967,9.764,44.158,13.793,13.793,84.848,4.0,10.345,0.0,28.571,27.027,45.833,13.889,24.324,25.641,2021-06-18,2021-04-26,2021-04-19,2021-07-12,2021-05-21,2021-04-23,2021-07-06,2021-06-15,2021-06-04,2021-07-12,2021-06-30,2021-06-10,2021-07-07,2021-07-05,2021-06-18,2021-07-08,2021-07-06,2021-06-30,2021-07-07,2021-07-05,2021-06-29,2021-07-08,2021-07-06,2021-07-02,0,0,1,0,1,0,1,0,1,0,0,0,1,0,0,0,1,0,0,0,0,0,1,0,1,0,,,,,n2p,p2p,p2n,n2n,n2p,Life.BullRetrace,Life.BullEnd,Life.BearStart,Life.BullStart,Life.BearStart,,
2021-07-15,1.87967,,,,,1.91188,1.93827,1.88495,1.71765,1.88179,1.91385,-0.03206,-0.03216,0.0001,,,0.66,-0.16,2.54,-0.67,0.16,-0.1,1.35,,6.0,3.0,8.0,7.0,5.0,2.0,9.0,,0.02,0.0,0.00714,-0.01,0.71429,41.66667,,,27.77767,53.84615,37.39316,,,62.12121,41.48213,,,2.2062,0.5332,2.2062,0.0,-1.673,1.673,0,0,0,,,,,0.15,,,,2.035,2.294,1.907,1.869,1.891,1.876,2021-06-16,2021-04-21,2021-03-22,2021-07-12,2021-05-21,2021-03-29,1.9,1.9,2.1,1.84,1.89,1.86,2021-07-07,2021-07-05,2021-06-18,2021-07-12,2021-07-06,2021-06-30,1847600,1555300,868900,-13.2,-6.35,-3.92,0.015,0.12,0.131,-0.038,-0.075,0.119,-0.00884,0.11542,0.10402,-0.0299,-0.02839,0.11438,48.148,90.293,66.667,13.967,9.764,44.158,13.793,13.793,84.848,4.0,10.345,0.0,28.571,27.027,45.833,13.889,24.324,25.641,2021-06-18,2021-04-26,2021-04-19,2021-07-12,2021-05-21,2021-04-23,2021-07-06,2021-06-15,2021-06-04,2021-07-12,2021-06-30,2021-06-10,2021-07-07,2021-07-05,2021-06-18,2021-07-08,2021-07-06,2021-06-30,2021-07-07,2021-07-05,2021-06-29,2021-07-08,2021-07-06,2021-07-02,0,0,1,0,1,0,1,0,1,0,0,0,1,0,0,0,1,0,0,0,0,0,1,0,1,0,,,,,n2p,p2p,p2n,n2n,n2p,Life.BullRetrace,Life.BullEnd,Life.BearStart,Life.BullStart,Life.BearStart,,
2021-07-16,1.88479,,,,,1.9102,1.93638,1.88505,1.71936,1.88306,1.91208,-0.02903,-0.03153,0.00251,,,0.38,-0.16,2.54,-0.67,0.16,-0.1,1.35,,5.0,3.0,8.0,7.0,5.0,2.0,9.0,,0.0,0.0,0.00714,-0.00714,1.0,50.0,,,36.111,53.84615,47.00855,,,72.22222,57.7862,,,2.1702,0.5133,2.1702,0.0,-1.6569,1.6569,0,0,0,,,,,0.15,,,,2.035,2.294,1.907,1.869,1.891,1.876,2021-06-16,2021-04-21,2021-03-22,2021-07-12,2021-05-21,2021-03-29,1.9,1.9,2.1,1.84,1.89,1.86,2021-07-07,2021-07-05,2021-06-18,2021-07-12,2021-07-06,2021-06-30,1555300,868900,1018000,-6.35,-3.92,-19.42,0.015,0.12,0.131,-0.038,-0.075,0.119,-0.00884,0.11542,0.10402,-0.0299,-0.02839,0.11438,48.148,90.293,66.667,13.967,9.764,44.158,13.793,13.793,84.848,4.0,10.345,0.0,28.571,27.027,45.833,13.889,24.324,25.641,2021-06-18,2021-04-26,2021-04-19,2021-07-12,2021-05-21,2021-04-23,2021-07-06,2021-06-15,2021-06-04,2021-07-12,2021-06-30,2021-06-10,2021-07-07,2021-07-05,2021-06-18,2021-07-08,2021-07-06,2021-06-30,2021-07-07,2021-07-05,2021-06-29,2021-07-08,2021-07-06,2021-07-02,0,0,1,0,1,0,1,0,1,0,0,0,1,0,0,0,1,0,0,0,0,0,1,0,1,0,,,,,n2p,p2p,p2n,n2n,n2p,Life.BullRetrace,Life.BullEnd,Life.BearStart,Life.BullStart,Life.BearStart,,
2021-07-19,1.88904,,,,1.91,1.91018,1.93534,1.88554,1.72126,1.8872,1.91193,-0.02473,-0.03017,0.00545,,,0.16,-0.16,2.54,-0.67,0.16,-0.1,1.35,,4.0,3.0,8.0,7.0,5.0,2.0,9.0,,0.02,0.0,0.00857,-0.00714,1.2,54.54545,,,40.65645,69.23077,58.97436,,69.231,74.72222,69.68855,,74.722,2.1408,0.498,2.1408,0.0,-1.6428,1.6428,0,0,0,,,,,0.15,,,,2.035,2.294,1.907,1.869,1.891,1.876,2021-06-16,2021-04-21,2021-03-22,2021-07-12,2021-05-21,2021-03-29,1.91,1.9,1.9,1.84,1.89,1.86,2021-07-19,2021-07-07,2021-07-05,2021-07-12,2021-07-06,2021-06-30,868900,1018000,1287100,-3.92,-19.42,-7.79,0.015,0.12,0.131,-0.038,-0.075,0.119,-0.00884,0.11542,0.10402,-0.0299,-0.02839,0.11438,74.722,48.148,90.293,13.967,9.764,44.158,69.231,13.793,13.793,4.0,10.345,0.0,28.571,27.027,45.833,13.889,24.324,25.641,2021-06-18,2021-04-26,2021-04-19,2021-07-12,2021-05-21,2021-04-23,2021-07-19,2021-07-06,2021-06-15,2021-07-12,2021-06-30,2021-06-10,2021-07-19,2021-07-07,2021-07-05,2021-07-08,2021-07-06,2021-06-30,2021-07-07,2021-07-05,2021-06-29,2021-07-08,2021-07-06,2021-07-02,0,0,1,0,0,1,1,0,1,0,0,0,0,0,0,0,0,1,0,0,0,0,1,0,1,0,,,,,n2p,p2p,p2n,n2n,n2p,Life.BullRetrace,Life.BullEnd,Life.BearStart,Life.BullStart,Life.BearStart,,
2021-07-21,1.89162,,,1.88,,1.90786,1.93317,1.88543,1.72284,1.88609,1.90956,-0.02347,-0.02883,0.00536,,,0.02,-0.16,2.54,-0.67,0.16,-0.1,1.35,,2.0,3.0,8.0,7.0,5.0,2.0,9.0,,-0.0,-0.03,0.00857,-0.00714,1.2,54.54545,,,40.65645,46.15385,56.41026,46.154,,58.88889,68.61111,58.889,,2.1033,0.4774,2.1033,0.0,-1.6259,1.6259,0,0,0,,,,,0.15,,,,2.035,2.294,1.907,1.869,1.891,1.876,2021-06-16,2021-04-21,2021-03-22,2021-07-12,2021-05-21,2021-03-29,1.91,1.9,1.9,1.88,1.84,1.89,2021-07-19,2021-07-07,2021-07-05,2021-07-21,2021-07-12,2021-07-06,1018000,1287100,1715800,-19.42,-7.79,26.68,0.015,0.12,0.131,-0.038,-0.075,0.119,-0.00884,0.11542,0.10402,-0.0299,-0.02839,0.11438,74.722,48.148,90.293,58.889,13.967,9.764,69.231,13.793,13.793,46.154,4.0,10.345,28.571,27.027,45.833,13.889,24.324,25.641,2021-06-18,2021-04-26,2021-04-19,2021-07-12,2021-05-21,2021-04-23,2021-07-19,2021-07-06,2021-06-15,2021-07-21,2021-07-12,2021-06-30,2021-07-19,2021-07-07,2021-07-05,2021-07-21,2021-07-08,2021-07-06,2021-07-07,2021-07-05,2021-06-29,2021-07-08,2021-07-06,2021-07-02,0,0,1,0,0,1,0,0,1,0,0,0,0,0,0,1,0,1,0,1,0,0,1,0,1,0,,,,,n2p,p2p,p2n,n2n,n2p,Life.BullRetrace,Life.BullEnd,Life.BearStart,Life.BullStart,Life.BearStart,,
2021-07-22,1.8923,,,,1.93,1.90956,1.93305,1.88631,1.7249,1.89285,1.91108,-0.01823,-0.02671,0.00848,,,-0.02,-0.16,2.54,-0.67,0.16,-0.1,1.35,,1.0,3.0,8.0,7.0,5.0,2.0,9.0,,0.05,0.0,0.01071,-0.00714,1.5,60.0,,60.0,46.111,84.61538,66.66667,,84.615,66.2963,66.6358,,,2.0815,0.4674,2.0815,0.0,-1.6141,1.6141,0,0,0,,,,,0.15,,,,2.035,2.294,1.907,1.869,1.891,1.876,2021-06-16,2021-04-21,2021-03-22,2021-07-12,2021-05-21,2021-03-29,1.93,1.91,1.9,1.88,1.84,1.89,2021-07-22,2021-07-19,2021-07-07,2021-07-21,2021-07-12,2021-07-06,1287100,1715800,2297200,-7.79,26.68,31.81,0.015,0.12,0.131,-0.038,-0.075,0.119,-0.00884,0.11542,0.10402,-0.0299,-0.02839,0.11438,74.722,48.148,90.293,58.889,13.967,9.764,84.615,69.231,13.793,46.154,4.0,10.345,60.0,28.571,27.027,13.889,24.324,25.641,2021-06-18,2021-04-26,2021-04-19,2021-07-12,2021-05-21,2021-04-23,2021-07-19,2021-07-06,2021-06-15,2021-07-21,2021-07-12,2021-06-30,2021-07-22,2021-07-19,2021-07-07,2021-07-21,2021-07-08,2021-07-06,2021-07-22,2021-07-07,2021-07-05,2021-07-08,2021-07-06,2021-07-02,0,0,1,0,0,1,0,0,1,0,0,0,0,0,0,1,0,1,0,1,0,1,1,0,1,0,,,,,n2p,p2p,p2n,n2n,n2p,Life.BullRetrace,Life.BullEnd,Life.BearStart,Life.BullStart,Life.BearStart,,
2021-07-23,1.89153,,1.892,,,1.91037,1.93254,1.88698,1.72684,1.89703,1.91174,-0.01471,-0.02431,0.0096,,-0.015,-0.13,2.54,-0.67,0.16,-0.1,1.35,,,3.0,8.0,7.0,5.0,2.0,9.0,,,-0.0,-0.01,0.00929,-0.00786,1.18182,54.16667,,,-5.83333,76.92308,69.23077,,,68.88889,64.69136,,68.889,2.057,0.4556,2.057,0.0,-1.6014,1.6014,0,0,0,,,,,0.15,,,,1.892,2.035,2.294,1.869,1.891,1.876,2021-07-23,2021-06-16,2021-04-21,2021-07-12,2021-05-21,2021-03-29,1.93,1.91,1.9,1.88,1.84,1.89,2021-07-22,2021-07-19,2021-07-07,2021-07-21,2021-07-12,2021-07-06,1715800,2297200,884100,26.68,31.81,-7.6,-0.015,0.015,0.12,-0.038,-0.075,0.119,-0.02431,-0.00884,0.11542,-0.0299,-0.02839,0.11438,68.889,74.722,48.148,58.889,13.967,9.764,84.615,69.231,13.793,46.154,4.0,10.345,60.0,28.571,27.027,13.889,24.324,25.641,2021-07-23,2021-06-18,2021-04-26,2021-07-12,2021-05-21,2021-04-23,2021-07-23,2021-07-19,2021-07-06,2021-07-21,2021-07-12,2021-06-30,2021-07-22,2021-07-19,2021-07-07,2021-07-21,2021-07-08,2021-07-06,2021-07-22,2021-07-07,2021-07-05,2021-07-08,2021-07-06,2021-07-02,1,0,1,0,0,1,0,0,1,0,0,0,0,0,0,1,0,1,0,1,0,1,1,0,0,0,,,,,n2p,p2p,p2n,n2n,n2p,Life.BullRetrace,Life.BullEnd,Life.BearStart,Life.BullStart,Life.BearStart,,
2021-07-26,1.88996,,,,,1.90726,1.93009,1.88664,1.72827,1.89287,1.90865,-0.01578,-0.02261,0.00683,,,-0.05,2.54,-0.67,0.16,-0.1,1.35,,,2.0,8.0,7.0,5.0,2.0,9.0,,,-0.0,-0.05,0.00929,-0.01143,0.8125,44.82759,44.828,,-15.17241,41.66667,67.73504,,,62.96296,66.04938,,,2.0182,0.4345,2.0182,0.0,-1.5837,1.5837,0,0,0,,,,,0.15,,,,1.892,2.035,2.294,1.869,1.891,1.876,2021-07-23,2021-06-16,2021-04-21,2021-07-12,2021-05-21,2021-03-29,1.93,1.91,1.9,1.88,1.84,1.89,2021-07-22,2021-07-19,2021-07-07,2021-07-21,2021-07-12,2021-07-06,2297200,884100,1110400,31.81,-7.6,-12.36,-0.015,0.015,0.12,-0.038,-0.075,0.119,-0.02431,-0.00884,0.11542,-0.0299,-0.02839,0.11438,68.889,74.722,48.148,58.889,13.967,9.764,84.615,69.231,13.793,46.154,4.0,10.345,60.0,28.571,27.027,44.828,13.889,24.324,2021-07-23,2021-06-18,2021-04-26,2021-07-12,2021-05-21,2021-04-23,2021-07-23,2021-07-19,2021-07-06,2021-07-21,2021-07-12,2021-06-30,2021-07-22,2021-07-19,2021-07-07,2021-07-21,2021-07-08,2021-07-06,2021-07-22,2021-07-07,2021-07-05,2021-07-26,2021-07-08,2021-07-06,1,0,1,0,0,1,0,0,1,0,0,0,0,0,0,1,0,1,0,1,0,1,0,1,0,0,,,,,n2p,p2p,p2n,n2n,n2p,Life.BullRetrace,Life.BullEnd,Life.BearStart,Life.BullStart,Life.BearStart,,
2021-07-27,1.88863,,,,,1.9044,1.92773,1.88631,1.72968,1.88935,1.90578,-0.01643,-0.02137,0.00494,,,0.02,2.54,-0.67,0.16,-0.1,1.35,,,1.0,8.0,7.0,5.0,2.0,9.0,,,0.0,0.0,0.00929,-0.01071,0.86667,46.42857,,46.429,1.60057,41.66667,53.4188,,,41.66667,57.83951,,,1.9805,0.4142,1.9805,0.0,-1.5663,1.5663,0,0,0,,,,,0.15,,,,1.892,2.035,2.294,1.869,1.891,1.876,2021-07-23,2021-06-16,2021-04-21,2021-07-12,2021-05-21,2021-03-29,1.93,1.91,1.9,1.88,1.84,1.89,2021-07-22,2021-07-19,2021-07-07,2021-07-21,2021-07-12,2021-07-06,884100,1110400,1256500,-7.6,-12.36,-24.25,-0.015,0.015,0.12,-0.038,-0.075,0.119,-0.02431,-0.00884,0.11542,-0.0299,-0.02839,0.11438,68.889,74.722,48.148,58.889,13.967,9.764,84.615,69.231,13.793,46.154,4.0,10.345,46.429,60.0,28.571,44.828,13.889,24.324,2021-07-23,2021-06-18,2021-04-26,2021-07-12,2021-05-21,2021-04-23,2021-07-23,2021-07-19,2021-07-06,2021-07-21,2021-07-12,2021-06-30,2021-07-22,2021-07-19,2021-07-07,2021-07-21,2021-07-08,2021-07-06,2021-07-27,2021-07-22,2021-07-07,2021-07-26,2021-07-08,2021-07-06,1,0,1,0,0,1,0,0,1,0,0,0,0,0,0,1,0,1,0,1,0,0,0,1,0,0,,,,,n2p,p2p,p2n,n2n,n2p,Life.BullRetrace,Life.BullEnd,Life.BearStart,Life.BullStart,Life.BearStart,,
2021-07-28,1.88879,1.889,,1.87,,1.90175,1.92547,1.88599,1.73107,1.88637,1.90313,-0.01676,-0.02045,0.00369,-0.017,,2.55,-0.67,0.16,-0.1,1.35,,,,8.0,7.0,5.0,2.0,9.0,,,,0.0,0.0,0.00857,-0.01071,0.8,44.44444,44.444,,-1.98456,41.66667,41.66667,41.667,,24.07407,42.90123,24.074,,1.944,0.3948,1.944,0.0,-1.5492,1.5492,0,0,0,,,,,0.15,,,,1.892,2.035,2.294,1.889,1.869,1.891,2021-07-23,2021-06-16,2021-04-21,2021-07-28,2021-07-12,2021-05-21,1.93,1.91,1.9,1.87,1.88,1.84,2021-07-22,2021-07-19,2021-07-07,2021-07-28,2021-07-21,2021-07-12,1110400,1256500,1268400,-12.36,-24.25,11.82,-0.015,0.015,0.12,-0.017,-0.038,-0.075,-0.02431,-0.00884,0.11542,-0.02045,-0.0299,-0.02839,68.889,74.722,48.148,24.074,58.889,13.967,84.615,69.231,13.793,41.667,46.154,4.0,46.429,60.0,28.571,44.444,44.828,13.889,2021-07-23,2021-06-18,2021-04-26,2021-07-28,2021-07-12,2021-05-21,2021-07-23,2021-07-19,2021-07-06,2021-07-28,2021-07-21,2021-07-12,2021-07-22,2021-07-19,2021-07-07,2021-07-28,2021-07-21,2021-07-08,2021-07-27,2021-07-22,2021-07-07,2021-07-28,2021-07-26,2021-07-08,1,0,0,0,0,1,0,0,1,0,0,1,0,0,0,0,0,1,0,0,0,0,0,0,0,0,,,,,n2p,p2p,p2n,n2n,n2p,Life.BullRetrace,Life.BullEnd,Life.BearStart,Life.BullStart,Life.BearStart,,
2021-07-29,1.89142,,,,,1.90008,1.92368,1.88587,1.73255,1.88539,1.90142,-0.01603,-0.01957,0.00354,,,2.41,-0.67,0.16,-0.1,1.35,,,,7.0,7.0,5.0,2.0,9.0,,,,0.01,0.0,0.00929,-0.00643,1.44444,59.09091,,,14.64691,50.0,44.44444,,50.0,29.16667,31.6358,,,1.9113,0.3781,1.9113,0.0,-1.5332,1.5332,0,0,0,,,,,0.15,,,,1.892,2.035,2.294,1.889,1.869,1.891,2021-07-23,2021-06-16,2021-04-21,2021-07-28,2021-07-12,2021-05-21,1.93,1.91,1.9,1.87,1.88,1.84,2021-07-22,2021-07-19,2021-07-07,2021-07-28,2021-07-21,2021-07-12,1256500,1268400,1493400,-24.25,11.82,10.54,-0.015,0.015,0.12,-0.017,-0.038,-0.075,-0.02431,-0.00884,0.11542,-0.02045,-0.0299,-0.02839,68.889,74.722,48.148,24.074,58.889,13.967,50.0,84.615,69.231,41.667,46.154,4.0,46.429,60.0,28.571,44.444,44.828,13.889,2021-07-23,2021-06-18,2021-04-26,2021-07-28,2021-07-12,2021-05-21,2021-07-23,2021-07-19,2021-07-06,2021-07-28,2021-07-21,2021-07-12,2021-07-29,2021-07-22,2021-07-19,2021-07-28,2021-07-21,2021-07-08,2021-07-27,2021-07-22,2021-07-07,2021-07-28,2021-07-26,2021-07-08,1,0,0,0,0,1,0,0,1,0,0,1,0,0,0,0,1,0,0,0,0,0,0,0,0,0,,,,,n2p,p2p,p2n,n2n,n2p,Life.BullRetrace,Life.BullEnd,Life.BearStart,Life.BullStart,Life.BearStart,,
2021-07-30,1.89684,,,,,1.89853,1.92197,1.88576,1.73402,1.88456,1.89983,-0.01527,-0.01871,0.00344,,,2.12,-0.67,0.16,-0.1,1.35,,,,6.0,7.0,5.0,2.0,9.0,,,,0.0,0.0,0.00929,-0.00643,1.44444,59.09091,,,14.64691,45.45455,45.70707,45.455,,35.64815,29.62963,,,1.8795,0.3621,1.8795,0.0,-1.5174,1.5174,0,0,0,,,,,0.15,,,,1.892,2.035,2.294,1.889,1.869,1.891,2021-07-23,2021-06-16,2021-04-21,2021-07-28,2021-07-12,2021-05-21,1.93,1.91,1.9,1.87,1.88,1.84,2021-07-22,2021-07-19,2021-07-07,2021-07-28,2021-07-21,2021-07-12,1268400,1493400,1131200,11.82,10.54,-3.12,-0.015,0.015,0.12,-0.017,-0.038,-0.075,-0.02431,-0.00884,0.11542,-0.02045,-0.0299,-0.02839,68.889,74.722,48.148,24.074,58.889,13.967,50.0,84.615,69.231,45.455,41.667,46.154,46.429,60.0,28.571,44.444,44.828,13.889,2021-07-23,2021-06-18,2021-04-26,2021-07-28,2021-07-12,2021-05-21,2021-07-23,2021-07-19,2021-07-06,2021-07-28,2021-07-21,2021-07-12,2021-07-29,2021-07-22,2021-07-19,2021-07-30,2021-07-28,2021-07-21,2021-07-27,2021-07-22,2021-07-07,2021-07-28,2021-07-26,2021-07-08,1,0,0,0,0,1,0,0,1,0,0,1,0,0,0,0,1,0,0,0,0,0,0,0,0,0,,,,,n2p,p2p,p2n,n2n,n2p,Life.BullRetrace,Life.BullEnd,Life.BearStart,Life.BullStart,Life.BearStart,,
2021-08-02,1.9044,,,,,1.89788,1.92072,1.88584,1.73557,1.8854,1.89911,-0.01371,-0.01771,0.004,,,1.71,-0.67,0.16,-0.1,1.35,,,,5.0,7.0,5.0,2.0,9.0,,,,0.01,0.0,0.01,-0.00643,1.55556,60.86957,,,16.42557,50.0,48.48485,,,45.83333,36.88272,,,1.8515,0.3488,1.8515,0.0,-1.5027,1.5027,0,0,0,,,,,0.15,,,,1.892,2.035,2.294,1.889,1.869,1.891,2021-07-23,2021-06-16,2021-04-21,2021-07-28,2021-07-12,2021-05-21,1.93,1.91,1.9,1.87,1.88,1.84,2021-07-22,2021-07-19,2021-07-07,2021-07-28,2021-07-21,2021-07-12,1493400,1131200,1658000,10.54,-3.12,10.01,-0.015,0.015,0.12,-0.017,-0.038,-0.075,-0.02431,-0.00884,0.11542,-0.02045,-0.0299,-0.02839,68.889,74.722,48.148,24.074,58.889,13.967,50.0,84.615,69.231,45.455,41.667,46.154,46.429,60.0,28.571,44.444,44.828,13.889,2021-07-23,2021-06-18,2021-04-26,2021-07-28,2021-07-12,2021-05-21,2021-07-23,2021-07-19,2021-07-06,2021-07-28,2021-07-21,2021-07-12,2021-07-29,2021-07-22,2021-07-19,2021-07-30,2021-07-28,2021-07-21,2021-07-27,2021-07-22,2021-07-07,2021-07-28,2021-07-26,2021-07-08,1,0,0,0,0,1,0,0,1,0,0,1,0,0,0,0,1,0,0,0,0,0,0,0,0,0,,,,,n2p,p2p,p2n,n2n,n2p,Life.BullRetrace,Life.BullEnd,Life.BearStart,Life.BullStart,Life.BearStart,,
2021-08-03,1.91309,,,,1.91,1.89881,1.9203,1.88632,1.73731,1.88918,1.89991,-0.01073,-0.01631,0.00558,,,1.25,-0.67,0.16,-0.1,1.35,,,,4.0,7.0,5.0,2.0,9.0,,,,0.02,0.0,0.01,-0.00643,1.55556,60.86957,,60.87,16.42557,70.0,55.15152,,70.0,59.25926,46.91358,,,1.8299,0.3398,1.8299,0.0,-1.4901,1.4901,0,0,0,,,,,0.15,,,,1.892,2.035,2.294,1.889,1.869,1.891,2021-07-23,2021-06-16,2021-04-21,2021-07-28,2021-07-12,2021-05-21,1.91,1.93,1.91,1.87,1.88,1.84,2021-08-03,2021-07-22,2021-07-19,2021-07-28,2021-07-21,2021-07-12,1131200,1658000,1129500,-3.12,10.01,-8.5,-0.015,0.015,0.12,-0.017,-0.038,-0.075,-0.02431,-0.00884,0.11542,-0.02045,-0.0299,-0.02839,68.889,74.722,48.148,24.074,58.889,13.967,70.0,50.0,84.615,45.455,41.667,46.154,60.87,46.429,60.0,44.444,44.828,13.889,2021-07-23,2021-06-18,2021-04-26,2021-07-28,2021-07-12,2021-05-21,2021-07-23,2021-07-19,2021-07-06,2021-07-28,2021-07-21,2021-07-12,2021-08-03,2021-07-29,2021-07-22,2021-07-30,2021-07-28,2021-07-21,2021-08-03,2021-07-27,2021-07-22,2021-07-28,2021-07-26,2021-07-08,1,0,0,0,1,0,0,0,1,0,0,1,0,0,0,0,0,0,0,0,0,1,0,0,0,0,,,,,n2p,p2p,p2n,n2n,n2p,Life.BullRetrace,Life.BullEnd,Life.BearStart,Life.BullStart,Life.BearStart,,
2021-08-04,1.9218,,,1.88,,1.89736,1.91872,1.88619,1.73873,1.88777,1.89844,-0.01067,-0.01518,0.00452,,,0.79,-0.67,0.16,-0.1,1.35,,,,3.0,7.0,5.0,2.0,9.0,,,,-0.0,-0.03,0.00929,-0.00857,1.08333,52.0,52.0,,-8.87,40.0,53.33333,40.0,,59.25926,54.78395,,,1.7999,0.3253,1.7999,0.0,-1.4746,1.4746,0,0,0,,,,,0.15,,,,1.892,2.035,2.294,1.889,1.869,1.891,2021-07-23,2021-06-16,2021-04-21,2021-07-28,2021-07-12,2021-05-21,1.91,1.93,1.91,1.88,1.87,1.88,2021-08-03,2021-07-22,2021-07-19,2021-08-04,2021-07-28,2021-07-21,1658000,1129500,1222800,10.01,-8.5,2.34,-0.015,0.015,0.12,-0.017,-0.038,-0.075,-0.02431,-0.00884,0.11542,-0.02045,-0.0299,-0.02839,68.889,74.722,48.148,24.074,58.889,13.967,70.0,50.0,84.615,40.0,45.455,41.667,60.87,46.429,60.0,52.0,44.444,44.828,2021-07-23,2021-06-18,2021-04-26,2021-07-28,2021-07-12,2021-05-21,2021-07-23,2021-07-19,2021-07-06,2021-07-28,2021-07-21,2021-07-12,2021-08-03,2021-07-29,2021-07-22,2021-08-04,2021-07-30,2021-07-28,2021-08-03,2021-07-27,2021-07-22,2021-08-04,2021-07-28,2021-07-26,1,0,0,0,1,0,0,1,1,0,0,1,0,0,0,0,0,0,1,0,0,1,0,1,0,0,,,,,n2p,p2p,p2n,n2n,n2p,Life.BullRetrace,Life.BullEnd,Life.BearStart,Life.BullStart,Life.BearStart,,
2021-08-05,1.92923,,,,1.99,1.90449,1.92151,1.88825,1.74123,1.9035,1.90522,-0.00172,-0.01249,0.01077,,,0.4,-0.67,0.16,-0.1,1.35,,,,2.0,7.0,5.0,2.0,9.0,,,,0.11,0.0,0.01571,-0.00857,1.83333,64.70588,,64.706,12.70588,93.75,67.91667,,93.75,71.99074,63.50309,,71.991,1.8028,0.3326,1.8028,0.0,-1.4702,1.4702,0,0,0,,,,,0.15,,,,1.892,2.035,2.294,1.889,1.869,1.891,2021-07-23,2021-06-16,2021-04-21,2021-07-28,2021-07-12,2021-05-21,1.99,1.91,1.93,1.88,1.87,1.88,2021-08-05,2021-08-03,2021-07-22,2021-08-04,2021-07-28,2021-07-21,1129500,1222800,6016300,-8.5,2.34,108.68,-0.015,0.015,0.12,-0.017,-0.038,-0.075,-0.02431,-0.00884,0.11542,-0.02045,-0.0299,-0.02839,71.991,68.889,74.722,24.074,58.889,13.967,93.75,70.0,50.0,40.0,45.455,41.667,64.706,60.87,46.429,52.0,44.444,44.828,2021-07-23,2021-06-18,2021-04-26,2021-07-28,2021-07-12,2021-05-21,2021-08-05,2021-07-23,2021-07-19,2021-07-28,2021-07-21,2021-07-12,2021-08-05,2021-08-03,2021-07-29,2021-08-04,2021-07-30,2021-07-28,2021-08-05,2021-08-03,2021-07-27,2021-08-04,2021-07-28,2021-07-26,1,0,0,0,0,1,0,1,1,0,0,1,0,0,0,0,0,1,1,0,0,1,0,1,0,0,,6016300.0,,,p2p,p2n,n2n,n2p,p2p,Life.BullRetrace,Life.BullEnd,Life.BearStart,Life.BullStart,Life.BearStart,,
2021-08-06,1.93435,,,1.96,,1.90876,1.92302,1.88967,1.74341,1.91219,1.90928,0.00291,-0.00941,0.01232,,,0.14,-0.67,0.16,-0.1,1.35,,,,1.0,7.0,5.0,2.0,9.0,,,,-0.0,-0.03,0.01571,-0.01071,1.46667,59.45946,59.459,,-5.24654,75.0,69.58333,75.0,,69.87434,67.04145,69.874,,1.7961,0.3335,1.7961,0.0,-1.4626,1.4626,0,0,1,,,,,0.15,,,,1.892,2.035,2.294,1.889,1.869,1.891,2021-07-23,2021-06-16,2021-04-21,2021-07-28,2021-07-12,2021-05-21,1.99,1.91,1.93,1.96,1.88,1.87,2021-08-05,2021-08-03,2021-07-22,2021-08-06,2021-08-04,2021-07-28,1222800,6016300,2204000,2.34,108.68,12.84,-0.015,0.015,0.12,-0.017,-0.038,-0.075,-0.02431,-0.00884,0.11542,-0.02045,-0.0299,-0.02839,71.991,68.889,74.722,69.874,24.074,58.889,93.75,70.0,50.0,75.0,40.0,45.455,64.706,60.87,46.429,59.459,52.0,44.444,2021-07-23,2021-06-18,2021-04-26,2021-07-28,2021-07-12,2021-05-21,2021-08-05,2021-07-23,2021-07-19,2021-08-06,2021-07-28,2021-07-21,2021-08-05,2021-08-03,2021-07-29,2021-08-06,2021-08-04,2021-07-30,2021-08-05,2021-08-03,2021-07-27,2021-08-06,2021-08-04,2021-07-28,1,0,0,0,0,1,0,1,1,0,0,1,0,0,0,1,0,1,0,1,0,1,0,1,0,0,,,,,p2p,p2n,n2n,n2p,p2p,Life.BullRetrace,Life.BullEnd,Life.BearStart,Life.BullStart,Life.BearStart,,
2021-08-09,1.93671,,1.937,,2.01,1.91655,1.92643,1.89205,1.74606,1.92724,1.91674,0.0105,-0.00543,0.01593,,0.011,-0.66,0.16,-0.1,1.35,,,,,7.0,5.0,2.0,9.0,,,,,0.05,0.0,0.01786,-0.01071,1.66667,62.5,,62.5,3.041,89.47368,86.07456,,89.474,84.47129,75.44546,,84.471,1.8037,0.3438,1.8037,0.0,-1.4599,1.4599,1,1,1,,0.15,,,,,,,1.937,1.892,2.035,1.889,1.869,1.891,2021-08-09,2021-07-23,2021-06-16,2021-07-28,2021-07-12,2021-05-21,2.01,1.99,1.91,1.96,1.88,1.87,2021-08-09,2021-08-05,2021-08-03,2021-08-06,2021-08-04,2021-07-28,6016300,2204000,3776800,108.68,12.84,27.05,0.011,-0.015,0.015,-0.017,-0.038,-0.075,-0.00543,-0.02431,-0.00884,-0.02045,-0.0299,-0.02839,84.471,71.991,68.889,69.874,24.074,58.889,89.474,93.75,70.0,75.0,40.0,45.455,62.5,64.706,60.87,59.459,52.0,44.444,2021-08-09,2021-07-23,2021-06-18,2021-07-28,2021-07-12,2021-05-21,2021-08-09,2021-08-05,2021-07-23,2021-08-06,2021-07-28,2021-07-21,2021-08-09,2021-08-05,2021-08-03,2021-08-06,2021-08-04,2021-07-30,2021-08-09,2021-08-05,2021-08-03,2021-08-06,2021-08-04,2021-07-28,0,0,0,0,0,1,0,1,0,0,0,1,0,1,0,1,0,0,0,1,0,0,0,1,0,0,,,,,p2p,p2n,n2n,n2p,p2p,Life.BullEnd,Life.BearStart,Life.BullStart,Life.BearStart,Life.Bull,,
2021-08-11,1.93649,,,,,1.91681,1.92618,1.89261,1.74779,1.92612,1.91698,0.00915,-0.00251,0.01166,,,-0.64,0.16,-0.1,1.35,,,,,5.0,5.0,2.0,9.0,,,,,-0.0,-0.09,0.01786,-0.015,1.19048,54.34783,,,-8.15217,38.09524,67.52297,,,63.7476,72.69774,,,1.7839,0.3357,1.7839,0.0,-1.4482,1.4482,0,0,0,,,,,0.15,,,,1.937,1.892,2.035,1.889,1.869,1.891,2021-08-09,2021-07-23,2021-06-16,2021-07-28,2021-07-12,2021-05-21,2.01,1.99,1.91,1.96,1.88,1.87,2021-08-09,2021-08-05,2021-08-03,2021-08-06,2021-08-04,2021-07-28,2204000,3776800,4296500,12.84,27.05,-14.34,0.011,-0.015,0.015,-0.017,-0.038,-0.075,-0.00543,-0.02431,-0.00884,-0.02045,-0.0299,-0.02839,84.471,71.991,68.889,69.874,24.074,58.889,89.474,93.75,70.0,75.0,40.0,45.455,62.5,64.706,60.87,59.459,52.0,44.444,2021-08-09,2021-07-23,2021-06-18,2021-07-28,2021-07-12,2021-05-21,2021-08-09,2021-08-05,2021-07-23,2021-08-06,2021-07-28,2021-07-21,2021-08-09,2021-08-05,2021-08-03,2021-08-06,2021-08-04,2021-07-30,2021-08-09,2021-08-05,2021-08-03,2021-08-06,2021-08-04,2021-07-28,0,0,0,0,0,1,0,1,0,0,0,1,0,1,0,1,0,0,0,1,0,0,0,1,0,0,,,-4296500.0,,p2n,n2n,n2p,p2p,p2n,Life.BearStart,Life.BullStart,Life.BearStart,Life.Bull,Life.BearStart,,
2021-08-12,1.93427,,,,,1.91706,1.92594,1.89315,1.7495,1.92518,1.9172,0.00798,-0.00041,0.00839,,,-0.53,0.16,-0.1,1.35,,,,,4.0,5.0,2.0,9.0,,,,,0.0,0.0,0.01429,-0.015,0.95238,48.78049,,,-13.71951,38.09524,55.22139,,,49.19734,65.80541,,,1.7644,0.3279,1.7644,0.0,-1.4365,1.4365,0,0,0,,,,,0.15,,,,1.937,1.892,2.035,1.889,1.869,1.891,2021-08-09,2021-07-23,2021-06-16,2021-07-28,2021-07-12,2021-05-21,2.01,1.99,1.91,1.96,1.88,1.87,2021-08-09,2021-08-05,2021-08-03,2021-08-06,2021-08-04,2021-07-28,3776800,4296500,891400,27.05,-14.34,-12.77,0.011,-0.015,0.015,-0.017,-0.038,-0.075,-0.00543,-0.02431,-0.00884,-0.02045,-0.0299,-0.02839,84.471,71.991,68.889,69.874,24.074,58.889,89.474,93.75,70.0,75.0,40.0,45.455,62.5,64.706,60.87,59.459,52.0,44.444,2021-08-09,2021-07-23,2021-06-18,2021-07-28,2021-07-12,2021-05-21,2021-08-09,2021-08-05,2021-07-23,2021-08-06,2021-07-28,2021-07-21,2021-08-09,2021-08-05,2021-08-03,2021-08-06,2021-08-04,2021-07-30,2021-08-09,2021-08-05,2021-08-03,2021-08-06,2021-08-04,2021-07-28,0,0,0,0,0,1,0,1,0,0,0,1,0,1,0,1,0,0,0,1,0,0,0,1,0,0,,,,,p2n,n2n,n2p,p2p,p2n,Life.BearStart,Life.BullStart,Life.BearStart,Life.Bull,Life.BearStart,,
2021-08-13,1.93094,,,1.9,,1.91574,1.92492,1.89328,1.751,1.92131,1.91593,0.00538,0.00074,0.00463,0.005,,-0.36,0.16,-0.1,1.35,,,,,3.0,5.0,2.0,9.0,,,,,-0.0,-0.02,0.01429,-0.01571,0.90909,47.61905,47.619,,-14.88095,28.57143,34.92063,28.571,,23.70714,45.5507,23.707,,1.7392,0.3164,1.7392,0.0,-1.4228,1.4228,0,0,0,,,,,0.15,,,,1.937,1.892,2.035,1.889,1.869,1.891,2021-08-09,2021-07-23,2021-06-16,2021-07-28,2021-07-12,2021-05-21,2.01,1.99,1.91,1.9,1.96,1.88,2021-08-09,2021-08-05,2021-08-03,2021-08-13,2021-08-06,2021-08-04,4296500,891400,1682900,-14.34,-12.77,-23.36,0.011,-0.015,0.015,0.005,-0.017,-0.038,-0.00543,-0.02431,-0.00884,0.00074,-0.02045,-0.0299,84.471,71.991,68.889,23.707,69.874,24.074,89.474,93.75,70.0,28.571,75.0,40.0,62.5,64.706,60.87,47.619,59.459,52.0,2021-08-09,2021-07-23,2021-06-18,2021-08-13,2021-07-28,2021-07-12,2021-08-09,2021-08-05,2021-07-23,2021-08-13,2021-08-06,2021-07-28,2021-08-09,2021-08-05,2021-08-03,2021-08-13,2021-08-06,2021-08-04,2021-08-09,2021-08-05,2021-08-03,2021-08-13,2021-08-06,2021-08-04,0,0,0,0,0,1,0,0,0,0,0,1,0,1,1,0,0,0,1,0,0,0,1,0,0,0,,,,,p2n,n2n,n2p,p2p,p2n,Life.BearStart,Life.BullStart,Life.BearStart,Life.Bull,Life.BearStart,,
2021-08-16,1.9275,,,,1.95,1.91838,1.9259,1.89441,1.75298,1.92572,1.91845,0.00727,0.00205,0.00522,,0.007,-0.18,0.16,-0.1,1.35,,,,,2.0,5.0,2.0,9.0,,,,,0.05,0.0,0.01786,-0.01214,1.47059,59.52381,,59.524,11.90481,52.38095,39.68254,,52.381,28.9703,33.95826,,28.97,1.7292,0.3149,1.7292,0.0,-1.4143,1.4143,0,0,0,,,,,0.15,,,,1.937,1.892,2.035,1.889,1.869,1.891,2021-08-09,2021-07-23,2021-06-16,2021-07-28,2021-07-12,2021-05-21,1.95,2.01,1.99,1.9,1.96,1.88,2021-08-16,2021-08-09,2021-08-05,2021-08-13,2021-08-06,2021-08-04,891400,1682900,1500700,-12.77,-23.36,-40.69,0.007,0.011,-0.015,0.005,-0.017,-0.038,0.00205,-0.00543,-0.02431,0.00074,-0.02045,-0.0299,28.97,84.471,71.991,23.707,69.874,24.074,52.381,89.474,93.75,28.571,75.0,40.0,59.524,62.5,64.706,47.619,59.459,52.0,2021-08-16,2021-08-09,2021-07-23,2021-08-13,2021-07-28,2021-07-12,2021-08-16,2021-08-09,2021-08-05,2021-08-13,2021-08-06,2021-07-28,2021-08-16,2021-08-09,2021-08-05,2021-08-13,2021-08-06,2021-08-04,2021-08-16,2021-08-09,2021-08-05,2021-08-13,2021-08-06,2021-08-04,0,0,0,0,1,0,0,0,0,0,0,1,1,0,1,0,1,0,1,0,1,0,1,0,0,0,,,,,p2n,n2n,n2p,p2p,p2n,Life.BearStart,Life.BullStart,Life.BearStart,Life.Bull,Life.BearStart,,
2021-08-17,1.92492,,,,,1.91774,1.92528,1.89472,1.75454,1.9233,1.91783,0.00548,0.00273,0.00274,,,-0.05,0.16,-0.1,1.35,,,,,1.0,5.0,2.0,9.0,,,,,-0.0,-0.04,0.01786,-0.015,1.19048,54.34783,,,-5.17617,33.33333,38.09524,,,28.48297,27.05347,28.483,,1.7074,0.3056,1.7074,0.0,-1.4018,1.4018,0,0,0,,,,,0.15,,,,1.937,1.892,2.035,1.889,1.869,1.891,2021-08-09,2021-07-23,2021-06-16,2021-07-28,2021-07-12,2021-05-21,1.95,2.01,1.99,1.9,1.96,1.88,2021-08-16,2021-08-09,2021-08-05,2021-08-13,2021-08-06,2021-08-04,1682900,1500700,891800,-23.36,-40.69,0.01,0.007,0.011,-0.015,0.005,-0.017,-0.038,0.00205,-0.00543,-0.02431,0.00074,-0.02045,-0.0299,28.97,84.471,71.991,28.483,23.707,69.874,52.381,89.474,93.75,28.571,75.0,40.0,59.524,62.5,64.706,47.619,59.459,52.0,2021-08-16,2021-08-09,2021-07-23,2021-08-13,2021-07-28,2021-07-12,2021-08-16,2021-08-09,2021-08-05,2021-08-17,2021-08-13,2021-08-06,2021-08-16,2021-08-09,2021-08-05,2021-08-13,2021-08-06,2021-08-04,2021-08-16,2021-08-09,2021-08-05,2021-08-13,2021-08-06,2021-08-04,0,0,0,0,1,0,0,0,0,0,0,1,1,0,0,0,1,0,1,0,1,0,1,0,0,0,-891800.0,,,,n2n,n2p,p2p,p2n,n2p,Life.BearStart,Life.BullStart,Life.BearStart,Life.Bull,Life.BearStart,,
2021-08-18,1.92397,1.924,,1.9,,1.91637,1.92429,1.89482,1.75599,1.91972,1.91651,0.00321,0.00283,0.00038,,,0.16,-0.1,1.35,,,,,,5.0,2.0,9.0,,,,,,-0.0,-0.01,0.01786,-0.01571,1.13636,53.19149,,,-6.33251,28.57143,38.09524,28.571,,37.89474,31.78267,,,1.683,0.2947,1.683,0.0,-1.3883,1.3883,0,0,0,,,,,0.15,,,,1.937,1.892,2.035,1.924,1.889,1.869,2021-08-09,2021-07-23,2021-06-16,2021-08-18,2021-07-28,2021-07-12,1.95,2.01,1.99,1.9,1.9,1.96,2021-08-16,2021-08-09,2021-08-05,2021-08-18,2021-08-13,2021-08-06,1500700,891800,372100,-40.69,0.01,-32.16,0.007,0.011,-0.015,0.005,-0.017,-0.038,0.00205,-0.00543,-0.02431,0.00074,-0.02045,-0.0299,28.97,84.471,71.991,28.483,23.707,69.874,52.381,89.474,93.75,28.571,28.571,75.0,59.524,62.5,64.706,47.619,59.459,52.0,2021-08-16,2021-08-09,2021-07-23,2021-08-13,2021-07-28,2021-07-12,2021-08-16,2021-08-09,2021-08-05,2021-08-17,2021-08-13,2021-08-06,2021-08-16,2021-08-09,2021-08-05,2021-08-18,2021-08-13,2021-08-06,2021-08-16,2021-08-09,2021-08-05,2021-08-13,2021-08-06,2021-08-04,0,0,0,1,1,0,1,0,0,0,0,1,1,0,0,0,1,0,1,0,1,0,1,0,0,0,,,,,n2n,n2p,p2p,p2n,n2p,Life.BearStart,Life.BullStart,Life.BearStart,Life.Bull,Life.BearStart,,
2021-08-19,1.92461,,,,,1.91588,1.92373,1.89512,1.75752,1.91822,1.91602,0.0022,0.0027,-0.00051,0.002,,0.12,-0.1,1.35,,,,,,4.0,2.0,9.0,,,,,,0.01,0.0,0.01786,-0.01571,1.13636,53.19149,53.191,,-6.33251,33.33333,31.74603,,,38.77193,35.04988,,,1.6621,0.2861,1.6621,0.0,-1.376,1.376,0,0,0,,,,,0.15,,,,1.937,1.892,2.035,1.924,1.889,1.869,2021-08-09,2021-07-23,2021-06-16,2021-08-18,2021-07-28,2021-07-12,1.95,2.01,1.99,1.9,1.9,1.96,2021-08-16,2021-08-09,2021-08-05,2021-08-18,2021-08-13,2021-08-06,891800,372100,1053600,0.01,-32.16,-16.17,0.007,0.011,-0.015,0.002,0.005,-0.017,0.00205,-0.00543,-0.02431,0.0027,0.00074,-0.02045,28.97,84.471,71.991,28.483,23.707,69.874,52.381,89.474,93.75,28.571,28.571,75.0,59.524,62.5,64.706,53.191,47.619,59.459,2021-08-16,2021-08-09,2021-07-23,2021-08-19,2021-08-13,2021-07-28,2021-08-16,2021-08-09,2021-08-05,2021-08-17,2021-08-13,2021-08-06,2021-08-16,2021-08-09,2021-08-05,2021-08-18,2021-08-13,2021-08-06,2021-08-16,2021-08-09,2021-08-05,2021-08-19,2021-08-13,2021-08-06,0,0,0,1,1,0,1,0,0,0,0,0,1,0,0,0,1,0,1,0,1,0,0,0,0,0,,,,,n2n,n2p,p2p,p2n,n2p,Life.BearStart,Life.BullStart,Life.BearStart,Life.Bull,Life.BearStart,,
2021-08-20,1.92606,,,,1.94,1.91774,1.92437,1.89601,1.75934,1.92157,1.9178,0.00377,0.00292,0.00086,,,0.05,-0.1,1.35,,,,,,3.0,2.0,9.0,,,,,,0.03,0.0,0.02,-0.01571,1.27273,56.0,,56.0,2.809,42.10526,34.67001,,42.105,56.66667,44.44444,,,1.6503,0.2836,1.6503,0.0,-1.3667,1.3667,0,0,0,,,,,0.15,,,,1.937,1.892,2.035,1.924,1.889,1.869,2021-08-09,2021-07-23,2021-06-16,2021-08-18,2021-07-28,2021-07-12,1.94,1.95,2.01,1.9,1.9,1.96,2021-08-20,2021-08-16,2021-08-09,2021-08-18,2021-08-13,2021-08-06,372100,1053600,1052100,-32.16,-16.17,6.92,0.007,0.011,-0.015,0.002,0.005,-0.017,0.00205,-0.00543,-0.02431,0.0027,0.00074,-0.02045,28.97,84.471,71.991,28.483,23.707,69.874,42.105,52.381,89.474,28.571,28.571,75.0,56.0,59.524,62.5,53.191,47.619,59.459,2021-08-16,2021-08-09,2021-07-23,2021-08-19,2021-08-13,2021-07-28,2021-08-16,2021-08-09,2021-08-05,2021-08-17,2021-08-13,2021-08-06,2021-08-20,2021-08-16,2021-08-09,2021-08-18,2021-08-13,2021-08-06,2021-08-20,2021-08-16,2021-08-09,2021-08-19,2021-08-13,2021-08-06,0,0,0,1,1,0,1,0,0,0,0,0,1,0,0,0,1,0,1,0,1,0,0,0,0,0,,,,,n2n,n2p,p2p,p2n,n2p,Life.BearStart,Life.BullStart,Life.BearStart,Life.Bull,Life.BearStart,,
2021-08-23,1.92726,,,1.93,,1.91868,1.92459,1.89668,1.76104,1.92287,1.9187,0.00417,0.00317,0.001,,,-0.01,-0.1,1.35,,,,,,2.0,2.0,9.0,,,,,,-0.0,-0.01,0.01929,-0.01643,1.17391,54.0,,,-2.0,36.84211,37.4269,36.842,,62.38095,52.60652,,,1.6355,0.2791,1.6355,0.0,-1.3564,1.3564,0,0,0,,,,,0.15,,,,1.937,1.892,2.035,1.924,1.889,1.869,2021-08-09,2021-07-23,2021-06-16,2021-08-18,2021-07-28,2021-07-12,1.94,1.95,2.01,1.93,1.9,1.9,2021-08-20,2021-08-16,2021-08-09,2021-08-23,2021-08-18,2021-08-13,1053600,1052100,911500,-16.17,6.92,21.77,0.007,0.011,-0.015,0.002,0.005,-0.017,0.00205,-0.00543,-0.02431,0.0027,0.00074,-0.02045,28.97,84.471,71.991,28.483,23.707,69.874,42.105,52.381,89.474,36.842,28.571,28.571,56.0,59.524,62.5,53.191,47.619,59.459,2021-08-16,2021-08-09,2021-07-23,2021-08-19,2021-08-13,2021-07-28,2021-08-16,2021-08-09,2021-08-05,2021-08-17,2021-08-13,2021-08-06,2021-08-20,2021-08-16,2021-08-09,2021-08-23,2021-08-18,2021-08-13,2021-08-20,2021-08-16,2021-08-09,2021-08-19,2021-08-13,2021-08-06,0,0,0,1,1,0,0,1,0,0,0,0,1,0,0,0,1,0,0,1,1,0,0,0,0,0,,,,,n2n,n2p,p2p,p2n,n2p,Life.BearStart,Life.BullStart,Life.BearStart,Life.Bull,Life.BearStart,,
2021-08-24,1.9274,,,,,1.92032,1.92519,1.89754,1.76282,1.92551,1.92028,0.00522,0.00358,0.00165,,,-0.02,-0.1,1.35,,,,,,1.0,2.0,9.0,,,,,,0.01,0.0,0.01857,-0.01643,1.13043,53.06122,53.061,,-2.93878,42.10526,40.35088,,,64.2328,61.09347,,64.233,1.6237,0.2765,1.6237,0.0,-1.3472,1.3472,0,0,0,,,,,0.15,,,,1.937,1.892,2.035,1.924,1.889,1.869,2021-08-09,2021-07-23,2021-06-16,2021-08-18,2021-07-28,2021-07-12,1.94,1.95,2.01,1.93,1.9,1.9,2021-08-20,2021-08-16,2021-08-09,2021-08-23,2021-08-18,2021-08-13,1052100,911500,2386900,6.92,21.77,44.19,0.007,0.011,-0.015,0.002,0.005,-0.017,0.00205,-0.00543,-0.02431,0.0027,0.00074,-0.02045,64.233,28.97,84.471,28.483,23.707,69.874,42.105,52.381,89.474,36.842,28.571,28.571,56.0,59.524,62.5,53.061,53.191,47.619,2021-08-16,2021-08-09,2021-07-23,2021-08-19,2021-08-13,2021-07-28,2021-08-24,2021-08-16,2021-08-09,2021-08-17,2021-08-13,2021-08-06,2021-08-20,2021-08-16,2021-08-09,2021-08-23,2021-08-18,2021-08-13,2021-08-20,2021-08-16,2021-08-09,2021-08-24,2021-08-19,2021-08-13,0,0,0,1,1,0,0,1,0,0,0,0,0,0,0,0,1,0,0,1,1,0,0,0,0,0,,,,,n2n,n2p,p2p,p2n,n2p,Life.BearStart,Life.BullStart,Life.BearStart,Life.Bull,Life.BearStart,,
2021-08-25,1.92661,,1.927,,,1.92183,1.92577,1.89838,1.76458,1.92774,1.92174,0.00599,0.00406,0.00193,,,-0.08,1.35,,,,,,,2.0,9.0,,,,,,,0.0,0.0,0.01857,-0.01429,1.3,56.52174,,56.522,3.46074,42.10526,40.35088,,,56.08466,60.89947,,,1.6119,0.2739,1.6119,0.0,-1.338,1.338,0,0,0,,,,,0.15,,,,1.927,1.937,1.892,1.924,1.889,1.869,2021-08-25,2021-08-09,2021-07-23,2021-08-18,2021-07-28,2021-07-12,1.94,1.95,2.01,1.93,1.9,1.9,2021-08-20,2021-08-16,2021-08-09,2021-08-23,2021-08-18,2021-08-13,911500,2386900,352200,21.77,44.19,-16.09,0.007,0.011,-0.015,0.002,0.005,-0.017,0.00205,-0.00543,-0.02431,0.0027,0.00074,-0.02045,64.233,28.97,84.471,28.483,23.707,69.874,42.105,52.381,89.474,36.842,28.571,28.571,56.522,56.0,59.524,53.061,53.191,47.619,2021-08-16,2021-08-09,2021-07-23,2021-08-19,2021-08-13,2021-07-28,2021-08-24,2021-08-16,2021-08-09,2021-08-17,2021-08-13,2021-08-06,2021-08-20,2021-08-16,2021-08-09,2021-08-23,2021-08-18,2021-08-13,2021-08-25,2021-08-20,2021-08-16,2021-08-24,2021-08-19,2021-08-13,0,0,0,1,1,0,0,1,0,0,0,0,0,0,0,0,1,0,0,1,0,0,0,0,0,0,,,352200.0,,n2p,p2p,p2n,n2p,p2n,Life.BearStart,Life.BullStart,Life.BearStart,Life.Bull,Life.BearStart,,
2021-08-26,1.92556,,,,1.95,1.924,1.92672,1.8994,1.76642,1.93116,1.92384,0.00733,0.00471,0.00261,,0.007,-0.03,1.35,,,,,,,1.0,9.0,,,,,,,0.01,0.0,0.01143,-0.01429,0.8,44.44444,,,-12.07756,47.36842,43.85965,,47.368,56.08466,58.80071,,,1.603,0.2732,1.603,0.0,-1.3298,1.3298,0,0,0,,,,,0.15,,,,1.927,1.937,1.892,1.924,1.889,1.869,2021-08-25,2021-08-09,2021-07-23,2021-08-18,2021-07-28,2021-07-12,1.95,1.94,1.95,1.93,1.9,1.9,2021-08-26,2021-08-20,2021-08-16,2021-08-23,2021-08-18,2021-08-13,2386900,352200,632200,44.19,-16.09,-7.65,0.007,0.007,0.011,0.002,0.005,-0.017,0.00471,0.00205,-0.00543,0.0027,0.00074,-0.02045,64.233,28.97,84.471,28.483,23.707,69.874,47.368,42.105,52.381,36.842,28.571,28.571,56.522,56.0,59.524,53.061,53.191,47.619,2021-08-26,2021-08-16,2021-08-09,2021-08-19,2021-08-13,2021-07-28,2021-08-24,2021-08-16,2021-08-09,2021-08-17,2021-08-13,2021-08-06,2021-08-26,2021-08-20,2021-08-16,2021-08-23,2021-08-18,2021-08-13,2021-08-25,2021-08-20,2021-08-16,2021-08-24,2021-08-19,2021-08-13,0,0,0,1,0,1,0,1,1,0,0,0,0,0,0,0,0,0,0,1,0,0,0,0,1,0,,,,,n2p,p2p,p2n,n2p,p2n,Life.BearStart,Life.BullStart,Life.BearStart,Life.Bull,Life.BearStart,,
2021-08-27,1.92501,1.925,,,,1.92369,1.92646,1.89981,1.76795,1.92944,1.92355,0.00589,0.00495,0.00094,,,1.35,,,,,,,,9.0,,,,,,,,-0.0,-0.03,0.01143,-0.01429,0.8,44.44444,,,-12.07756,31.57895,40.35088,,,37.56614,49.91182,,,1.5851,0.2665,1.5851,0.0,-1.3186,1.3186,0,0,0,,,,,0.15,,,,1.927,1.937,1.892,1.925,1.924,1.889,2021-08-25,2021-08-09,2021-07-23,2021-08-27,2021-08-18,2021-07-28,1.95,1.94,1.95,1.93,1.9,1.9,2021-08-26,2021-08-20,2021-08-16,2021-08-23,2021-08-18,2021-08-13,352200,632200,670600,-16.09,-7.65,-50.91,0.007,0.007,0.011,0.002,0.005,-0.017,0.00471,0.00205,-0.00543,0.0027,0.00074,-0.02045,64.233,28.97,84.471,28.483,23.707,69.874,47.368,42.105,52.381,36.842,28.571,28.571,56.522,56.0,59.524,53.061,53.191,47.619,2021-08-26,2021-08-16,2021-08-09,2021-08-19,2021-08-13,2021-07-28,2021-08-24,2021-08-16,2021-08-09,2021-08-17,2021-08-13,2021-08-06,2021-08-26,2021-08-20,2021-08-16,2021-08-23,2021-08-18,2021-08-13,2021-08-25,2021-08-20,2021-08-16,2021-08-24,2021-08-19,2021-08-13,0,0,0,1,0,1,0,1,1,0,0,0,0,0,0,0,0,0,0,1,0,0,0,0,1,0,,,,-670600.0,p2p,p2n,n2p,p2n,n2n,Life.BearStart,Life.BullStart,Life.BearStart,Life.Bull,Life.BearStart,,
2021-08-30,1.92559,,,,,1.92264,1.92581,1.90001,1.76937,1.92645,1.92255,0.0039,0.00474,-0.00084,,,1.32,,,,,,,,8.0,,,,,,,,-0.0,-0.01,0.00786,-0.015,0.52381,34.375,34.375,,-22.147,26.31579,35.08772,26.316,,23.21429,38.95503,,,1.5644,0.258,1.5644,0.0,-1.3064,1.3064,0,0,0,,,,,0.15,,,,1.927,1.937,1.892,1.925,1.924,1.889,2021-08-25,2021-08-09,2021-07-23,2021-08-27,2021-08-18,2021-07-28,1.95,1.94,1.95,1.93,1.9,1.9,2021-08-26,2021-08-20,2021-08-16,2021-08-23,2021-08-18,2021-08-13,632200,670600,634900,-7.65,-50.91,17.08,0.007,0.007,0.011,0.002,0.005,-0.017,0.00471,0.00205,-0.00543,0.0027,0.00074,-0.02045,64.233,28.97,84.471,28.483,23.707,69.874,47.368,42.105,52.381,26.316,36.842,28.571,56.522,56.0,59.524,34.375,53.061,53.191,2021-08-26,2021-08-16,2021-08-09,2021-08-19,2021-08-13,2021-07-28,2021-08-24,2021-08-16,2021-08-09,2021-08-17,2021-08-13,2021-08-06,2021-08-26,2021-08-20,2021-08-16,2021-08-30,2021-08-23,2021-08-18,2021-08-25,2021-08-20,2021-08-16,2021-08-30,2021-08-24,2021-08-19,0,0,0,1,0,1,0,1,1,0,0,0,0,0,0,0,0,0,1,0,0,0,1,0,1,0,-634900.0,,,,p2n,n2p,p2n,n2n,n2p,Life.BearStart,Life.BullStart,Life.BearStart,Life.Bull,Life.BearStart,,
2021-09-01,1.92785,,,,,1.9209,1.9248,1.90001,1.77067,1.92238,1.92088,0.00151,0.00409,-0.00259,,,1.2,,,,,,,,6.0,,,,,,,,-0.0,-0.01,0.00786,-0.00929,0.84615,45.83333,,45.833,11.45833,33.33333,30.40936,,33.333,12.5,24.42681,12.5,,1.5413,0.2479,1.5413,0.0,-1.2934,1.2934,0,0,0,,,,,0.15,,,,1.927,1.937,1.892,1.925,1.924,1.889,2021-08-25,2021-08-09,2021-07-23,2021-08-27,2021-08-18,2021-07-28,1.95,1.94,1.95,1.93,1.9,1.9,2021-08-26,2021-08-20,2021-08-16,2021-08-23,2021-08-18,2021-08-13,670600,634900,849100,-50.91,17.08,11.19,0.007,0.007,0.011,0.002,0.005,-0.017,0.00471,0.00205,-0.00543,0.0027,0.00074,-0.02045,64.233,28.97,84.471,12.5,28.483,23.707,33.333,47.368,42.105,26.316,36.842,28.571,45.833,56.522,56.0,34.375,53.061,53.191,2021-08-26,2021-08-16,2021-08-09,2021-08-19,2021-08-13,2021-07-28,2021-08-24,2021-08-16,2021-08-09,2021-09-01,2021-08-17,2021-08-13,2021-09-01,2021-08-26,2021-08-20,2021-08-30,2021-08-23,2021-08-18,2021-09-01,2021-08-25,2021-08-20,2021-08-30,2021-08-24,2021-08-19,0,0,0,1,0,1,0,1,1,0,0,0,0,0,1,0,1,0,1,0,1,0,1,0,1,0,,,,,p2n,n2p,p2n,n2n,n2p,Life.BearStart,Life.BullStart,Life.BearStart,Life.Bull,Life.BearStart,,
2021-09-02,1.93186,,,1.89,,1.91852,1.92344,1.89982,1.77185,1.9174,1.91859,-0.00119,0.00304,-0.00423,,,0.99,,,,,,,,5.0,,,,,,,,-0.0,-0.01,0.00786,-0.01,0.78571,44.0,44.0,,-1.833,25.0,28.21637,25.0,,16.66667,17.46032,,,1.5159,0.2362,1.5159,0.0,-1.2797,1.2797,0,0,0,,,,,0.15,,,,1.927,1.937,1.892,1.925,1.924,1.889,2021-08-25,2021-08-09,2021-07-23,2021-08-27,2021-08-18,2021-07-28,1.95,1.94,1.95,1.89,1.93,1.9,2021-08-26,2021-08-20,2021-08-16,2021-09-02,2021-08-23,2021-08-18,634900,849100,1081700,17.08,11.19,19.08,0.007,0.007,0.011,0.002,0.005,-0.017,0.00471,0.00205,-0.00543,0.0027,0.00074,-0.02045,64.233,28.97,84.471,12.5,28.483,23.707,33.333,47.368,42.105,25.0,26.316,36.842,45.833,56.522,56.0,44.0,34.375,53.061,2021-08-26,2021-08-16,2021-08-09,2021-08-19,2021-08-13,2021-07-28,2021-08-24,2021-08-16,2021-08-09,2021-09-01,2021-08-17,2021-08-13,2021-09-01,2021-08-26,2021-08-20,2021-09-02,2021-08-30,2021-08-23,2021-09-01,2021-08-25,2021-08-20,2021-09-02,2021-08-30,2021-08-24,0,0,0,1,0,1,1,0,1,0,0,0,0,0,1,0,1,0,1,0,1,0,0,0,1,0,,,,,p2n,n2p,p2n,n2n,n2p,Life.BearStart,Life.BullStart,Life.BearStart,Life.Bull,Life.BearStart,,
2021-09-03,1.93706,,,,,1.91787,1.92291,1.90002,1.77323,1.91626,1.91795,-0.00169,0.00209,-0.00378,-0.002,,0.72,,,,,,,,4.0,,,,,,,,0.02,0.0,0.00929,-0.00857,1.08333,52.0,,,8.0,41.66667,33.33333,,,25.0,18.05556,,,1.4968,0.2289,1.4968,0.0,-1.2679,1.2679,0,0,0,,,,,0.15,,,,1.927,1.937,1.892,1.925,1.924,1.889,2021-08-25,2021-08-09,2021-07-23,2021-08-27,2021-08-18,2021-07-28,1.95,1.94,1.95,1.89,1.93,1.9,2021-08-26,2021-08-20,2021-08-16,2021-09-02,2021-08-23,2021-08-18,849100,1081700,655700,11.19,19.08,0.81,0.007,0.007,0.011,-0.002,0.002,0.005,0.00471,0.00205,-0.00543,0.00209,0.0027,0.00074,64.233,28.97,84.471,12.5,28.483,23.707,33.333,47.368,42.105,25.0,26.316,36.842,45.833,56.522,56.0,44.0,34.375,53.061,2021-08-26,2021-08-16,2021-08-09,2021-09-03,2021-08-19,2021-08-13,2021-08-24,2021-08-16,2021-08-09,2021-09-01,2021-08-17,2021-08-13,2021-09-01,2021-08-26,2021-08-20,2021-09-02,2021-08-30,2021-08-23,2021-09-01,2021-08-25,2021-08-20,2021-09-02,2021-08-30,2021-08-24,0,0,0,1,0,1,1,0,1,0,1,0,0,0,1,0,1,0,1,0,1,0,0,0,1,0,,,,,p2n,n2p,p2n,n2n,n2p,Life.BearStart,Life.BullStart,Life.BearStart,Life.Bull,Life.BearStart,,
2021-09-06,1.94242,,,,,1.92111,1.92436,1.9012,1.77509,1.92299,1.92107,0.00192,0.00206,-0.00013,,,0.44,,,,,,,,3.0,,,,,,,,0.05,0.0,0.00929,-0.00857,1.08333,52.0,,,8.0,80.0,48.88889,,,50.0,30.55556,,,1.4927,0.2316,1.4927,0.0,-1.2611,1.2611,0,0,0,,,,,0.15,,,,1.927,1.937,1.892,1.925,1.924,1.889,2021-08-25,2021-08-09,2021-07-23,2021-08-27,2021-08-18,2021-07-28,1.95,1.94,1.95,1.89,1.93,1.9,2021-08-26,2021-08-20,2021-08-16,2021-09-02,2021-08-23,2021-08-18,1081700,655700,2001400,19.08,0.81,44.55,0.007,0.007,0.011,-0.002,0.002,0.005,0.00471,0.00205,-0.00543,0.00209,0.0027,0.00074,64.233,28.97,84.471,12.5,28.483,23.707,33.333,47.368,42.105,25.0,26.316,36.842,45.833,56.522,56.0,44.0,34.375,53.061,2021-08-26,2021-08-16,2021-08-09,2021-09-03,2021-08-19,2021-08-13,2021-08-24,2021-08-16,2021-08-09,2021-09-01,2021-08-17,2021-08-13,2021-09-01,2021-08-26,2021-08-20,2021-09-02,2021-08-30,2021-08-23,2021-09-01,2021-08-25,2021-08-20,2021-09-02,2021-08-30,2021-08-24,0,0,0,1,0,1,1,0,1,0,1,0,0,0,1,0,1,0,1,0,1,0,0,0,1,0,,2001400.0,,,n2p,p2n,n2n,n2p,p2p,Life.BearStart,Life.BullStart,Life.BearStart,Life.Bull,Life.BearStart,,
2021-09-07,1.94694,,,,,1.92564,1.92655,1.90276,1.77713,1.93176,1.92543,0.00633,0.00291,0.00342,,,0.21,,,,,,,,2.0,,,,,,,,0.02,0.0,0.01071,-0.00571,1.875,65.21739,,,21.21739,83.33333,68.33333,,,73.61111,49.53704,,,1.4942,0.2379,1.4942,0.0,-1.2563,1.2563,0,0,1,,,,,0.15,,,,1.927,1.937,1.892,1.925,1.924,1.889,2021-08-25,2021-08-09,2021-07-23,2021-08-27,2021-08-18,2021-07-28,1.95,1.94,1.95,1.89,1.93,1.9,2021-08-26,2021-08-20,2021-08-16,2021-09-02,2021-08-23,2021-08-18,655700,2001400,2044900,0.81,44.55,25.76,0.007,0.007,0.011,-0.002,0.002,0.005,0.00471,0.00205,-0.00543,0.00209,0.0027,0.00074,64.233,28.97,84.471,12.5,28.483,23.707,33.333,47.368,42.105,25.0,26.316,36.842,45.833,56.522,56.0,44.0,34.375,53.061,2021-08-26,2021-08-16,2021-08-09,2021-09-03,2021-08-19,2021-08-13,2021-08-24,2021-08-16,2021-08-09,2021-09-01,2021-08-17,2021-08-13,2021-09-01,2021-08-26,2021-08-20,2021-09-02,2021-08-30,2021-08-23,2021-09-01,2021-08-25,2021-08-20,2021-09-02,2021-08-30,2021-08-24,0,0,0,1,0,1,1,0,1,0,1,0,0,0,1,0,1,0,1,0,1,0,0,0,1,0,,,,,n2p,p2n,n2n,n2p,p2p,Life.BearStart,Life.BullStart,Life.BearStart,Life.Bull,Life.BearStart,,
2021-09-08,1.94983,,,,,1.93059,1.92903,1.90449,1.77924,1.94072,1.93022,0.01051,0.00443,0.00607,,,0.06,,,,,,,,1.0,,,,,,,,0.01,0.0,0.01143,-0.005,2.28571,69.56522,,69.565,25.56522,91.66667,85.0,,,91.66667,71.75926,,91.667,1.4979,0.261,1.5135,0.0156,-1.2369,1.2525,1,1,1,,0.15,,,,,,,1.927,1.937,1.892,1.925,1.924,1.889,2021-08-25,2021-08-09,2021-07-23,2021-08-27,2021-08-18,2021-07-28,1.95,1.94,1.95,1.89,1.93,1.9,2021-08-26,2021-08-20,2021-08-16,2021-09-02,2021-08-23,2021-08-18,2001400,2044900,1898600,44.55,25.76,26.43,0.007,0.007,0.011,-0.002,0.002,0.005,0.00471,0.00205,-0.00543,0.00209,0.0027,0.00074,91.667,64.233,28.97,12.5,28.483,23.707,33.333,47.368,42.105,25.0,26.316,36.842,69.565,45.833,56.522,44.0,34.375,53.061,2021-08-26,2021-08-16,2021-08-09,2021-09-03,2021-08-19,2021-08-13,2021-09-08,2021-08-24,2021-08-16,2021-09-01,2021-08-17,2021-08-13,2021-09-01,2021-08-26,2021-08-20,2021-09-02,2021-08-30,2021-08-23,2021-09-08,2021-09-01,2021-08-25,2021-09-02,2021-08-30,2021-08-24,0,0,0,1,0,1,1,0,1,0,1,0,0,1,1,0,1,0,1,0,0,1,0,0,1,0,,,,,n2p,p2n,n2n,n2p,p2p,Life.BullStart,Life.BearStart,Life.Bull,Life.BearStart,Life.Bull,,
2021-09-09,1.95085,,1.951,,1.99,1.93516,1.93142,1.90619,1.78134,1.9483,1.93464,0.01366,0.00628,0.00738,,0.014,,,,,,,,,,,,,,,,,0.0,0.0,0.01071,-0.005,2.14286,68.18182,,,-1.38318,91.66667,88.88889,,91.667,88.88889,84.72222,,,1.5008,0.2897,1.5382,0.0374,-1.2111,1.2485,1,1,1,,0.15,,,,,,,1.951,1.927,1.937,1.925,1.924,1.889,2021-09-09,2021-08-25,2021-08-09,2021-08-27,2021-08-18,2021-07-28,1.99,1.95,1.94,1.89,1.93,1.9,2021-09-09,2021-08-26,2021-08-20,2021-09-02,2021-08-23,2021-08-18,2044900,1898600,1207300,25.76,26.43,-13.36,0.014,0.007,0.007,-0.002,0.002,0.005,0.00628,0.00471,0.00205,0.00209,0.0027,0.00074,91.667,64.233,28.97,12.5,28.483,23.707,91.667,33.333,47.368,25.0,26.316,36.842,69.565,45.833,56.522,44.0,34.375,53.061,2021-09-09,2021-08-26,2021-08-16,2021-09-03,2021-08-19,2021-08-13,2021-09-08,2021-08-24,2021-08-16,2021-09-01,2021-08-17,2021-08-13,2021-09-09,2021-09-01,2021-08-26,2021-09-02,2021-08-30,2021-08-23,2021-09-08,2021-09-01,2021-08-25,2021-09-02,2021-08-30,2021-08-24,0,1,0,1,0,1,1,0,0,1,1,0,0,1,1,0,0,1,1,0,0,1,0,0,1,0,,,,,n2p,p2n,n2n,n2p,p2p,Life.BullStart,Life.BearStart,Life.Bull,Life.BearStart,Life.Bull,,
2021-09-10,1.93533,,,,,1.9363,1.93215,1.90705,1.78302,1.94856,1.93578,0.01278,0.00758,0.0052,,,,,,,,,,,,,,,,,,,-0.0,-0.04,0.00857,-0.00786,1.09091,52.17391,,,-17.39109,58.33333,80.55556,,,80.55556,87.03704,,,1.4913,0.2925,1.5328,0.0415,-1.1988,1.2403,1,0,1,0.15,,,,,,,,1.951,1.927,1.937,1.925,1.924,1.889,2021-09-09,2021-08-25,2021-08-09,2021-08-27,2021-08-18,2021-07-28,1.99,1.95,1.94,1.89,1.93,1.9,2021-09-09,2021-08-26,2021-08-20,2021-09-02,2021-08-23,2021-08-18,1898600,1207300,417700,26.43,-13.36,-31.59,0.014,0.007,0.007,-0.002,0.002,0.005,0.00628,0.00471,0.00205,0.00209,0.0027,0.00074,91.667,64.233,28.97,12.5,28.483,23.707,91.667,33.333,47.368,25.0,26.316,36.842,69.565,45.833,56.522,44.0,34.375,53.061,2021-09-09,2021-08-26,2021-08-16,2021-09-03,2021-08-19,2021-08-13,2021-09-08,2021-08-24,2021-08-16,2021-09-01,2021-08-17,2021-08-13,2021-09-09,2021-09-01,2021-08-26,2021-09-02,2021-08-30,2021-08-23,2021-09-08,2021-09-01,2021-08-25,2021-09-02,2021-08-30,2021-08-24,0,1,0,1,0,1,1,0,0,1,1,0,0,1,1,0,0,1,1,0,0,1,0,0,1,0,,,,,n2p,p2n,n2n,n2p,p2p,Life.BearStart,Life.Bull,Life.BearStart,Life.Bull,Life.BullStart,,
2021-09-13,1.92547,,,,,1.93505,1.93167,1.90731,1.78438,1.94417,1.93461,0.00956,0.00798,0.00158,,,,,,,,,,,,,,,,,,,0.0,-0.03,0.00857,-0.00929,0.92308,48.0,,,-21.565,33.33333,61.11111,,,56.66667,75.37037,,,1.47291,0.2774,1.50663,0.03372,-1.19551,1.22923,0,0,0,,,,,0.15,,,,1.945,1.927,1.937,1.925,1.924,1.889,2021-09-08,2021-08-25,2021-08-09,2021-08-27,2021-08-18,2021-07-28,1.99,1.95,1.94,1.89,1.93,1.9,2021-09-09,2021-08-26,2021-08-20,2021-09-02,2021-08-23,2021-08-18,1207300,417700,643300,-13.36,-31.59,-35.63,0.014,0.007,0.007,-0.002,0.002,0.005,0.00628,0.00471,0.00205,0.00209,0.0027,0.00074,91.667,64.233,28.97,12.5,28.483,23.707,91.667,33.333,47.368,25.0,26.316,36.842,69.565,45.833,56.522,44.0,34.375,53.061,2021-09-09,2021-08-26,2021-08-16,2021-09-03,2021-08-19,2021-08-13,2021-09-08,2021-08-24,2021-08-16,2021-09-01,2021-08-17,2021-08-13,2021-09-09,2021-09-01,2021-08-26,2021-09-02,2021-08-30,2021-08-23,2021-09-08,2021-09-01,2021-08-25,2021-09-02,2021-08-30,2021-08-24,0,1,0,1,0,1,1,0,0,1,1,0,0,1,1,0,0,1,1,0,0,1,0,0,1,0,,,,,n2p,p2n,n2n,n2p,p2p,Life.Bull,Life.BearStart,Life.Bull,Life.BullStart,Life.BearStart,,
