Date,Counter,EPS,PE,ADJEPS,ADJPE,EP1,EP4,HIGH50,HIGH100,HIGH200,dummy1,LOW50,LOW100,LOW200,smooth_close,smooth_troughs,smooth_peaks,close_troughs,close_peaks,ma25,ma50,ma100,ma200,no25,no25_troughs,no25_peaks,no25_momentum,no25_momentum_troughs,no25_momentum_peaks,no200,no200_troughs,no200_peaks,no200_momentum,no200_momentum_troughs,no200_momentum_peaks,all4,all4_troughs,all4_peaks,all4_momentum,all4_momentum_troughs,all4_momentum_peaks,all4_no25,no200_no25,all4_no200,life_moment,life_moment_troughs,life_moment_peaks,macd_short,macd_long,MACD,smooth_macd,MACD_signal,macd_distance,macd_troughs,macd_peaks,macd_dist_troughs,macd_dist_peaks,PnL1,PnL2,PnL3,PnL4,PnL5,PnL6,PnL7,PnL8,PnL1_days,PnL2_days,PnL3_days,PnL4_days,PnL5_days,PnL6_days,PnL7_days,PnL8_days,rsi_up_chg,rsi_down_chg,rsi_up_chg_avg,rsi_down_chg_avg,rsi_rs,RSI,smooth_rsi,rsi_troughs,rsi_peaks,rsi_distance,fastK,fastD,fast_troughs,fast_peaks,slowK,slowD,smooth_slowK,smooth_slowD,slow_troughs,slow_peaks,ATR,smooth_atr,atr_troughs,atr_peaks,bull_start,bull_trigger,bull,bull_retrace,bull_end,bear_start,bear,bear_recovery,bear_end,smooth_p1,smooth_p2,smooth_p3,smooth_t1,smooth_t2,smooth_t3,smooth_p1_date,smooth_p2_date,smooth_p3_date,smooth_t1_date,smooth_t2_date,smooth_t3_date,smooth_diff_0,smooth_diff_1,smooth_diff_2,smooth_diff_3,smooth_diff_4,smooth_diff_5,smooth_day_0,smooth_day_1,smooth_day_2,smooth_day_3,smooth_day_4,smooth_day_5,smooth_angle_0,smooth_angle_1,smooth_angle_2,smooth_angle_3,smooth_angle_4,smooth_angle_5,close_p1,close_p2,close_p3,close_t1,close_t2,close_t3,close_p1_date,close_p2_date,close_p3_date,close_t1_date,close_t2_date,close_t3_date,atr_p1,atr_p2,atr_p3,atr_t1,atr_t2,atr_t3,atr_p1_date,atr_p2_date,atr_p3_date,atr_t1_date,atr_t2_date,atr_t3_date,no25_p1,no25_p2,no25_p3,no25_t1,no25_t2,no25_t3,no25_p1_date,no25_p2_date,no25_p3_date,no25_t1_date,no25_t2_date,no25_t3_date,no200_p1,no200_p2,no200_p3,no200_t1,no200_t2,no200_t3,no200_p1_date,no200_p2_date,no200_p3_date,no200_t1_date,no200_t2_date,no200_t3_date,all4_p1,all4_p2,all4_p3,all4_t1,all4_t2,all4_t3,all4_p1_date,all4_p2_date,all4_p3_date,all4_t1_date,all4_t2_date,all4_t3_date,no25_momentum_p1,no25_momentum_p2,no25_momentum_p3,no25_momentum_t1,no25_momentum_t2,no25_momentum_t3,no25_momentum_p1_date,no25_momentum_p2_date,no25_momentum_p3_date,no25_momentum_t1_date,no25_momentum_t2_date,no25_momentum_t3_date,no200_momentum_p1,no200_momentum_p2,no200_momentum_p3,no200_momentum_t1,no200_momentum_t2,no200_momentum_t3,no200_momentum_p1_date,no200_momentum_p2_date,no200_momentum_p3_date,no200_momentum_t1_date,no200_momentum_t2_date,no200_momentum_t3_date,all4_momentum_p1,all4_momentum_p2,all4_momentum_p3,all4_momentum_t1,all4_momentum_t2,all4_momentum_t3,all4_momentum_p1_date,all4_momentum_p2_date,all4_momentum_p3_date,all4_momentum_t1_date,all4_momentum_t2_date,all4_momentum_t3_date,life_moment_p1,life_moment_p2,life_moment_p3,life_moment_t1,life_moment_t2,life_moment_t3,life_moment_p1_date,life_moment_p2_date,life_moment_p3_date,life_moment_t1_date,life_moment_t2_date,life_moment_t3_date,v3,v2,v1,v3p,v2p,v1p,macd_p1,macd_p2,macd_p3,macd_t1,macd_t2,macd_t3,macd_dist_p1,macd_dist_p2,macd_dist_p3,macd_dist_t1,macd_dist_t2,macd_dist_t3,macd_p1_signal,macd_p2_signal,macd_p3_signal,macd_t1_signal,macd_t2_signal,macd_t3_signal,slow_p1,slow_p2,slow_p3,slow_t1,slow_t2,slow_t3,fast_p1,fast_p2,fast_p3,fast_t1,fast_t2,fast_t3,rsi_p1,rsi_p2,rsi_p3,rsi_t1,rsi_t2,rsi_t3,macd_p1_date,macd_p2_date,macd_p3_date,macd_t1_date,macd_t2_date,macd_t3_date,macd_p1_days,macd_p2_days,macd_p3_days,macd_t1_days,macd_t2_days,macd_t3_days,slow_p1_date,slow_p2_date,slow_p3_date,slow_t1_date,slow_t2_date,slow_t3_date,fast_p1_date,fast_p2_date,fast_p3_date,fast_t1_date,fast_t2_date,fast_t3_date,rsi_p1_date,rsi_p2_date,rsi_p3_date,rsi_t1_date,rsi_t2_date,rsi_t3_date,vol_n2p,vol_p2p,vol_p2n,vol_n2n,vol_hist5,vol_hist4,vol_hist3,vol_hist2,vol_hist1,life5,life4,life3,life2,life1,buy_call,sell_call
2020-07-15,RL,,,,,,,0,0,0,,0,0,0,0.50193,,,,,0.503,0.503,0.503,0.503,0.0,,,,,,0.0,,,,,,0.0,,,,,,0.0,0.0,0.0,,,,0.503,0.503,0.0,0.0,0.0,-0.0,,,,,-1.38,0.2,-34.48,12.62,-11.48,54.01,0.0,0.0,5.0,2.0,48.0,9.0,13.0,20.0,3.0,1.0,,,,,,,,,,,,,,,,,,,,,0.3223,0.3223,,,,,,,0.15,,,,,0.0,0.0,0.0,0.0,0.0,0.0,1999-01-01,1999-01-01,1999-01-01,1999-01-01,1999-01-01,1999-01-01,,,,,,,0.0,0.0,0.0,0.0,0.0,0.0,0.0,0.0,0.0,0.0,0.0,0.0,0.0,0.0,0.0,0.0,0.0,0.0,1999-01-01,1999-01-01,1999-01-01,1999-01-01,1999-01-01,1999-01-01,0.0,0.0,0.0,100.0,100.0,100.0,1999-01-01,1999-01-01,1999-01-01,1999-01-01,1999-01-01,1999-01-01,0.0,0.0,0.0,100.0,100.0,100.0,1999-01-01,1999-01-01,1999-01-01,1999-01-01,1999-01-01,1999-01-01,0.0,0.0,0.0,100.0,100.0,100.0,1999-01-01,1999-01-01,1999-01-01,1999-01-01,1999-01-01,1999-01-01,0.0,0.0,0.0,100.0,100.0,100.0,1999-01-01,1999-01-01,1999-01-01,1999-01-01,1999-01-01,1999-01-01,0.0,0.0,0.0,100.0,100.0,100.0,1999-01-01,1999-01-01,1999-01-01,1999-01-01,1999-01-01,1999-01-01,0.0,0.0,0.0,100.0,100.0,100.0,1999-01-01,1999-01-01,1999-01-01,1999-01-01,1999-01-01,1999-01-01,0.0,0.0,0.0,100.0,100.0,100.0,1999-01-01,1999-01-01,1999-01-01,1999-01-01,1999-01-01,1999-01-01,0.0,0.0,0.0,100.0,100.0,100.0,1999-01-01,1999-01-01,1999-01-01,1999-01-01,1999-01-01,1999-01-01,0.0,0.0,189275500.0,0.0,0.0,18927550000.0,0.0,0.0,0.0,100.0,100.0,100.0,0.0,0.0,0.0,100.0,100.0,100.0,0.0,0.0,0.0,100.0,100.0,100.0,0.0,0.0,0.0,100.0,100.0,100.0,0.0,0.0,0.0,100.0,100.0,100.0,0.0,0.0,0.0,100.0,100.0,100.0,1999-01-01,1999-01-01,1999-01-01,1999-01-01,1999-01-01,1999-01-01,0,0,0,0,0,0,1999-01-01,1999-01-01,1999-01-01,1999-01-01,1999-01-01,1999-01-01,1999-01-01,1999-01-01,1999-01-01,1999-01-01,1999-01-01,1999-01-01,1999-01-01,1999-01-01,1999-01-01,1999-01-01,1999-01-01,1999-01-01,,,,,,,,,,Life.Empty,Life.Empty,Life.Empty,Life.Empty,Life.BullEnd,,
2020-07-16,RL,,,,,,,0,0,0,,0,0,0,0.49977,,,,,0.50225,0.50262,0.50281,0.5029,-0.00023,,,,,,-0.00035,,,,,,-0.00044,,,,,,-0.00021,-0.00013,-8e-05,,,,0.50149,0.50227,-0.00078,-0.00026,-0.00021,-6e-05,,,,,-0.95,0.2,-34.48,12.62,-11.48,54.01,0.0,0.0,4.0,2.0,48.0,9.0,13.0,20.0,3.0,1.0,-0.0,-0.0098,,,,,,,,,,,,,,,,,,,0.30311,0.31092,,,,,,,-0.15,,,,,0.0,0.0,0.0,0.0,0.0,0.0,1999-01-01,1999-01-01,1999-01-01,1999-01-01,1999-01-01,1999-01-01,,,,,,,0.0,0.0,0.0,0.0,0.0,0.0,0.0,0.0,0.0,0.0,0.0,0.0,0.0,0.0,0.0,0.0,0.0,0.0,1999-01-01,1999-01-01,1999-01-01,1999-01-01,1999-01-01,1999-01-01,0.0,0.0,0.0,100.0,100.0,100.0,1999-01-01,1999-01-01,1999-01-01,1999-01-01,1999-01-01,1999-01-01,0.0,0.0,0.0,100.0,100.0,100.0,1999-01-01,1999-01-01,1999-01-01,1999-01-01,1999-01-01,1999-01-01,0.0,0.0,0.0,100.0,100.0,100.0,1999-01-01,1999-01-01,1999-01-01,1999-01-01,1999-01-01,1999-01-01,0.0,0.0,0.0,100.0,100.0,100.0,1999-01-01,1999-01-01,1999-01-01,1999-01-01,1999-01-01,1999-01-01,0.0,0.0,0.0,100.0,100.0,100.0,1999-01-01,1999-01-01,1999-01-01,1999-01-01,1999-01-01,1999-01-01,0.0,0.0,0.0,100.0,100.0,100.0,1999-01-01,1999-01-01,1999-01-01,1999-01-01,1999-01-01,1999-01-01,0.0,0.0,0.0,100.0,100.0,100.0,1999-01-01,1999-01-01,1999-01-01,1999-01-01,1999-01-01,1999-01-01,0.0,0.0,0.0,100.0,100.0,100.0,1999-01-01,1999-01-01,1999-01-01,1999-01-01,1999-01-01,1999-01-01,0.0,189275500.0,34233100.0,0.0,18927550000.0,18.09,0.0,0.0,0.0,100.0,100.0,100.0,0.0,0.0,0.0,100.0,100.0,100.0,0.0,0.0,0.0,100.0,100.0,100.0,0.0,0.0,0.0,100.0,100.0,100.0,0.0,0.0,0.0,100.0,100.0,100.0,0.0,0.0,0.0,100.0,100.0,100.0,1999-01-01,1999-01-01,1999-01-01,1999-01-01,1999-01-01,1999-01-01,0,0,0,0,0,0,1999-01-01,1999-01-01,1999-01-01,1999-01-01,1999-01-01,1999-01-01,1999-01-01,1999-01-01,1999-01-01,1999-01-01,1999-01-01,1999-01-01,1999-01-01,1999-01-01,1999-01-01,1999-01-01,1999-01-01,1999-01-01,,,,,,,,,,Life.Empty,Life.Empty,Life.Empty,Life.Empty,Life.BullEnd,,
2020-07-17,RL,,,,,,,0,0,0,,0,0,0,0.49766,,,,,0.49967,0.50129,0.50213,0.50256,-0.00045,,,,,,-0.00071,,,,,,-0.00088,,,,,,-0.00042,-0.00025,-0.00017,,,,0.49646,0.49979,-0.00333,-0.00053,-0.00041,-0.00011,,,,,-0.53,0.2,-34.48,12.62,-11.48,54.01,0.0,0.0,3.0,2.0,48.0,9.0,13.0,20.0,3.0,1.0,-0.0,-0.0244,,,,,,,,,,,,,,,,,,,0.28391,0.29957,,,,,,,-0.15,,,,,0.0,0.0,0.0,0.0,0.0,0.0,1999-01-01,1999-01-01,1999-01-01,1999-01-01,1999-01-01,1999-01-01,,,,,,,0.0,0.0,0.0,0.0,0.0,0.0,0.0,0.0,0.0,0.0,0.0,0.0,0.0,0.0,0.0,0.0,0.0,0.0,1999-01-01,1999-01-01,1999-01-01,1999-01-01,1999-01-01,1999-01-01,0.0,0.0,0.0,100.0,100.0,100.0,1999-01-01,1999-01-01,1999-01-01,1999-01-01,1999-01-01,1999-01-01,0.0,0.0,0.0,100.0,100.0,100.0,1999-01-01,1999-01-01,1999-01-01,1999-01-01,1999-01-01,1999-01-01,0.0,0.0,0.0,100.0,100.0,100.0,1999-01-01,1999-01-01,1999-01-01,1999-01-01,1999-01-01,1999-01-01,0.0,0.0,0.0,100.0,100.0,100.0,1999-01-01,1999-01-01,1999-01-01,1999-01-01,1999-01-01,1999-01-01,0.0,0.0,0.0,100.0,100.0,100.0,1999-01-01,1999-01-01,1999-01-01,1999-01-01,1999-01-01,1999-01-01,0.0,0.0,0.0,100.0,100.0,100.0,1999-01-01,1999-01-01,1999-01-01,1999-01-01,1999-01-01,1999-01-01,0.0,0.0,0.0,100.0,100.0,100.0,1999-01-01,1999-01-01,1999-01-01,1999-01-01,1999-01-01,1999-01-01,0.0,0.0,0.0,100.0,100.0,100.0,1999-01-01,1999-01-01,1999-01-01,1999-01-01,1999-01-01,1999-01-01,189275500.0,34233100.0,13805100.0,18927550000.0,18.09,6.18,0.0,0.0,0.0,100.0,100.0,100.0,0.0,0.0,0.0,100.0,100.0,100.0,0.0,0.0,0.0,100.0,100.0,100.0,0.0,0.0,0.0,100.0,100.0,100.0,0.0,0.0,0.0,100.0,100.0,100.0,0.0,0.0,0.0,100.0,100.0,100.0,1999-01-01,1999-01-01,1999-01-01,1999-01-01,1999-01-01,1999-01-01,0,0,0,0,0,0,1999-01-01,1999-01-01,1999-01-01,1999-01-01,1999-01-01,1999-01-01,1999-01-01,1999-01-01,1999-01-01,1999-01-01,1999-01-01,1999-01-01,1999-01-01,1999-01-01,1999-01-01,1999-01-01,1999-01-01,1999-01-01,,,,,,,,,,Life.Empty,Life.Empty,Life.Empty,Life.Empty,Life.BullEnd,,
2020-07-20,RL,,,,,,,0,0,0,,0,0,0,0.49596,,,0.469,,0.4973,0.50002,0.50147,0.50223,-0.00068,,,,,,-0.00106,,,,,,-0.00131,,,,,,-0.00063,-0.00038,-0.00025,,,,0.49221,0.4975,-0.00529,-0.00079,-0.00062,-0.00017,,,,,-0.19,0.2,-34.48,12.62,-11.48,54.01,0.0,0.0,2.0,2.0,48.0,9.0,13.0,20.0,3.0,1.0,0.0,0.0,,,,,,,,,,,,,,,,,,,0.26607,0.28828,,,,,,,-0.15,,,,,0.0,0.0,0.0,0.0,0.0,0.0,1999-01-01,1999-01-01,1999-01-01,1999-01-01,1999-01-01,1999-01-01,,,,,,,0.0,0.0,0.0,0.0,0.0,0.0,0.0,0.0,0.0,0.0,0.0,0.0,0.0,0.0,0.0,0.469,0.0,0.0,1999-01-01,1999-01-01,1999-01-01,2020-07-20,1999-01-01,1999-01-01,0.0,0.0,0.0,100.0,100.0,100.0,1999-01-01,1999-01-01,1999-01-01,1999-01-01,1999-01-01,1999-01-01,0.0,0.0,0.0,100.0,100.0,100.0,1999-01-01,1999-01-01,1999-01-01,1999-01-01,1999-01-01,1999-01-01,0.0,0.0,0.0,100.0,100.0,100.0,1999-01-01,1999-01-01,1999-01-01,1999-01-01,1999-01-01,1999-01-01,0.0,0.0,0.0,100.0,100.0,100.0,1999-01-01,1999-01-01,1999-01-01,1999-01-01,1999-01-01,1999-01-01,0.0,0.0,0.0,100.0,100.0,100.0,1999-01-01,1999-01-01,1999-01-01,1999-01-01,1999-01-01,1999-01-01,0.0,0.0,0.0,100.0,100.0,100.0,1999-01-01,1999-01-01,1999-01-01,1999-01-01,1999-01-01,1999-01-01,0.0,0.0,0.0,100.0,100.0,100.0,1999-01-01,1999-01-01,1999-01-01,1999-01-01,1999-01-01,1999-01-01,0.0,0.0,0.0,100.0,100.0,100.0,1999-01-01,1999-01-01,1999-01-01,1999-01-01,1999-01-01,1999-01-01,34233100.0,13805100.0,13346900.0,18.09,6.18,-74.13,0.0,0.0,0.0,100.0,100.0,100.0,0.0,0.0,0.0,100.0,100.0,100.0,0.0,0.0,0.0,100.0,100.0,100.0,0.0,0.0,0.0,100.0,100.0,100.0,0.0,0.0,0.0,100.0,100.0,100.0,0.0,0.0,0.0,100.0,100.0,100.0,1999-01-01,1999-01-01,1999-01-01,1999-01-01,1999-01-01,1999-01-01,0,0,0,0,0,0,1999-01-01,1999-01-01,1999-01-01,1999-01-01,1999-01-01,1999-01-01,1999-01-01,1999-01-01,1999-01-01,1999-01-01,1999-01-01,1999-01-01,1999-01-01,1999-01-01,1999-01-01,1999-01-01,1999-01-01,1999-01-01,,,13346900.0,,,,,,p2n,Life.Empty,Life.Empty,Life.Empty,Life.Empty,Life.BullEnd,,
2020-07-21,RL,,,,,,,0,0,0,,0,0,0,0.49511,,,,,0.49886,0.50071,0.50179,0.50238,-0.00091,,,,,,-0.00141,,,,,,-0.00175,,,,,,-0.00084,-0.0005,-0.00034,,,,0.49611,0.49899,-0.00287,-0.00104,-0.00081,-0.00023,,,,,-0.02,0.2,-34.48,12.62,-11.48,54.01,0.0,0.0,1.0,2.0,48.0,9.0,13.0,20.0,3.0,1.0,0.0488,0.0,,,,,,,,,,,,,,,,,,,0.2509,0.27707,,,,,,,-0.15,,,,,0.0,0.0,0.0,0.0,0.0,0.0,1999-01-01,1999-01-01,1999-01-01,1999-01-01,1999-01-01,1999-01-01,,,,,,,0.0,0.0,0.0,0.0,0.0,0.0,0.0,0.0,0.0,0.0,0.0,0.0,0.0,0.0,0.0,0.469,0.0,0.0,1999-01-01,1999-01-01,1999-01-01,2020-07-20,1999-01-01,1999-01-01,0.0,0.0,0.0,100.0,100.0,100.0,1999-01-01,1999-01-01,1999-01-01,1999-01-01,1999-01-01,1999-01-01,0.0,0.0,0.0,100.0,100.0,100.0,1999-01-01,1999-01-01,1999-01-01,1999-01-01,1999-01-01,1999-01-01,0.0,0.0,0.0,100.0,100.0,100.0,1999-01-01,1999-01-01,1999-01-01,1999-01-01,1999-01-01,1999-01-01,0.0,0.0,0.0,100.0,100.0,100.0,1999-01-01,1999-01-01,1999-01-01,1999-01-01,1999-01-01,1999-01-01,0.0,0.0,0.0,100.0,100.0,100.0,1999-01-01,1999-01-01,1999-01-01,1999-01-01,1999-01-01,1999-01-01,0.0,0.0,0.0,100.0,100.0,100.0,1999-01-01,1999-01-01,1999-01-01,1999-01-01,1999-01-01,1999-01-01,0.0,0.0,0.0,100.0,100.0,100.0,1999-01-01,1999-01-01,1999-01-01,1999-01-01,1999-01-01,1999-01-01,0.0,0.0,0.0,100.0,100.0,100.0,1999-01-01,1999-01-01,1999-01-01,1999-01-01,1999-01-01,1999-01-01,13805100.0,13346900.0,25902000.0,6.18,-74.13,-13.57,0.0,0.0,0.0,100.0,100.0,100.0,0.0,0.0,0.0,100.0,100.0,100.0,0.0,0.0,0.0,100.0,100.0,100.0,0.0,0.0,0.0,100.0,100.0,100.0,0.0,0.0,0.0,100.0,100.0,100.0,0.0,0.0,0.0,100.0,100.0,100.0,1999-01-01,1999-01-01,1999-01-01,1999-01-01,1999-01-01,1999-01-01,0,0,0,0,0,0,1999-01-01,1999-01-01,1999-01-01,1999-01-01,1999-01-01,1999-01-01,1999-01-01,1999-01-01,1999-01-01,1999-01-01,1999-01-01,1999-01-01,1999-01-01,1999-01-01,1999-01-01,1999-01-01,1999-01-01,1999-01-01,,,,,,,,p2n,,Life.Empty,Life.Empty,Life.Empty,Life.Empty,Life.BullEnd,,
2020-07-22,RL,,,,,,,0,0,0,,0,0,0,0.49506,0.495,,,0.518,0.5003,0.50137,0.5021,0.50253,-0.00114,,,,,,-0.00176,,,,,,-0.00218,,,,,,-0.00104,-0.00062,-0.00042,,,,0.49942,0.50037,-0.00095,-0.00129,-0.001,-0.00029,,,,,0.19,-34.48,12.62,-11.48,54.01,0.0,0.0,-10.82,2.0,48.0,9.0,13.0,20.0,3.0,1.0,28.0,0.0,0.0,,,,,,,,,,,,,,,,,,,0.23646,0.26597,,,,,,,-0.15,,,,,0.0,0.0,0.0,0.495,0.0,0.0,1999-01-01,1999-01-01,1999-01-01,2020-07-22,1999-01-01,1999-01-01,,,,,,,0.0,0.0,0.0,0.0,0.0,0.0,0.0,0.0,0.0,0.0,0.0,0.0,0.518,0.0,0.0,0.469,0.0,0.0,2020-07-22,1999-01-01,1999-01-01,2020-07-20,1999-01-01,1999-01-01,0.0,0.0,0.0,100.0,100.0,100.0,1999-01-01,1999-01-01,1999-01-01,1999-01-01,1999-01-01,1999-01-01,0.0,0.0,0.0,100.0,100.0,100.0,1999-01-01,1999-01-01,1999-01-01,1999-01-01,1999-01-01,1999-01-01,0.0,0.0,0.0,100.0,100.0,100.0,1999-01-01,1999-01-01,1999-01-01,1999-01-01,1999-01-01,1999-01-01,0.0,0.0,0.0,100.0,100.0,100.0,1999-01-01,1999-01-01,1999-01-01,1999-01-01,1999-01-01,1999-01-01,0.0,0.0,0.0,100.0,100.0,100.0,1999-01-01,1999-01-01,1999-01-01,1999-01-01,1999-01-01,1999-01-01,0.0,0.0,0.0,100.0,100.0,100.0,1999-01-01,1999-01-01,1999-01-01,1999-01-01,1999-01-01,1999-01-01,0.0,0.0,0.0,100.0,100.0,100.0,1999-01-01,1999-01-01,1999-01-01,1999-01-01,1999-01-01,1999-01-01,0.0,0.0,0.0,100.0,100.0,100.0,1999-01-01,1999-01-01,1999-01-01,1999-01-01,1999-01-01,1999-01-01,13346900.0,25902000.0,33280900.0,-74.13,-13.57,36.71,0.0,0.0,0.0,100.0,100.0,100.0,0.0,0.0,0.0,100.0,100.0,100.0,0.0,0.0,0.0,100.0,100.0,100.0,0.0,0.0,0.0,100.0,100.0,100.0,0.0,0.0,0.0,100.0,100.0,100.0,0.0,0.0,0.0,100.0,100.0,100.0,1999-01-01,1999-01-01,1999-01-01,1999-01-01,1999-01-01,1999-01-01,0,0,0,0,0,0,1999-01-01,1999-01-01,1999-01-01,1999-01-01,1999-01-01,1999-01-01,1999-01-01,1999-01-01,1999-01-01,1999-01-01,1999-01-01,1999-01-01,1999-01-01,1999-01-01,1999-01-01,1999-01-01,1999-01-01,1999-01-01,33280900.0,,,,,,p2n,,n2p,Life.Empty,Life.Empty,Life.Empty,Life.Empty,Life.BullEnd,,
2020-07-23,RL,,,,,,,0,0,0,,0,0,0,0.49533,,,,,0.50051,0.50143,0.50212,0.50254,-0.00137,,,,,,-0.0021,,,,,,-0.00261,,,,,,-0.00124,-0.00073,-0.00051,,,,0.49997,0.50056,-0.00059,-0.00153,-0.00119,-0.00034,,,,,0.14,-34.48,12.62,-11.48,54.01,0.0,0.0,-10.82,1.0,48.0,9.0,13.0,20.0,3.0,1.0,28.0,-0.0,-0.0146,,,,,,,,,,,,,44.92849,,,,,,0.22167,0.25501,,,,,,,-0.15,,,,,0.0,0.0,0.0,0.495,0.0,0.0,1999-01-01,1999-01-01,1999-01-01,2020-07-22,1999-01-01,1999-01-01,0.07,,,,,,1.0,0.0,0.0,0.0,0.0,0.0,0.0,0.0,0.0,0.0,0.0,0.0,0.518,0.0,0.0,0.469,0.0,0.0,2020-07-22,1999-01-01,1999-01-01,2020-07-20,1999-01-01,1999-01-01,0.0,0.0,0.0,100.0,100.0,100.0,1999-01-01,1999-01-01,1999-01-01,1999-01-01,1999-01-01,1999-01-01,0.0,0.0,0.0,100.0,100.0,100.0,1999-01-01,1999-01-01,1999-01-01,1999-01-01,1999-01-01,1999-01-01,0.0,0.0,0.0,100.0,100.0,100.0,1999-01-01,1999-01-01,1999-01-01,1999-01-01,1999-01-01,1999-01-01,0.0,0.0,0.0,100.0,100.0,100.0,1999-01-01,1999-01-01,1999-01-01,1999-01-01,1999-01-01,1999-01-01,0.0,0.0,0.0,100.0,100.0,100.0,1999-01-01,1999-01-01,1999-01-01,1999-01-01,1999-01-01,1999-01-01,0.0,0.0,0.0,100.0,100.0,100.0,1999-01-01,1999-01-01,1999-01-01,1999-01-01,1999-01-01,1999-01-01,0.0,0.0,0.0,100.0,100.0,100.0,1999-01-01,1999-01-01,1999-01-01,1999-01-01,1999-01-01,1999-01-01,0.0,0.0,0.0,100.0,100.0,100.0,1999-01-01,1999-01-01,1999-01-01,1999-01-01,1999-01-01,1999-01-01,25902000.0,33280900.0,6782800.0,-13.57,36.71,-9.05,0.0,0.0,0.0,100.0,100.0,100.0,0.0,0.0,0.0,100.0,100.0,100.0,0.0,0.0,0.0,100.0,100.0,100.0,0.0,0.0,0.0,100.0,100.0,100.0,0.0,0.0,0.0,100.0,100.0,100.0,0.0,0.0,0.0,100.0,100.0,100.0,1999-01-01,1999-01-01,1999-01-01,1999-01-01,1999-01-01,1999-01-01,0,0,0,0,0,0,1999-01-01,1999-01-01,1999-01-01,1999-01-01,1999-01-01,1999-01-01,1999-01-01,1999-01-01,1999-01-01,1999-01-01,1999-01-01,1999-01-01,1999-01-01,1999-01-01,1999-01-01,1999-01-01,1999-01-01,1999-01-01,,,-6782800.0,,,p2n,,n2p,p2n,Life.Empty,Life.Empty,Life.Empty,Life.Empty,Life.BullEnd,,
2020-07-24,RL,,,,,,,0,0,0,,0,0,0,0.49551,,0.496,,,0.49957,0.50092,0.50185,0.50239,-0.0016,,,,,,-0.00245,,,,,,-0.00305,,,,,,-0.00145,-0.00085,-0.0006,,,,0.49817,0.49965,-0.00148,-0.00178,-0.00137,-0.0004,,,,,-34.41,12.62,-11.48,54.01,0.0,0.0,-10.82,1.12,48.0,9.0,13.0,20.0,3.0,1.0,28.0,4.0,-0.0,-0.0147,,,,,,,,,,,,,49.96896,,,,,,0.20758,0.24422,,,,,,,-0.15,,,,,0.496,0.0,0.0,0.495,0.0,0.0,2020-07-24,1999-01-01,1999-01-01,2020-07-22,1999-01-01,1999-01-01,0.0,0.2,,,,,0.0,2.0,0.0,0.0,0.0,0.0,0.0,0.0,0.0,0.0,0.0,0.0,0.518,0.0,0.0,0.469,0.0,0.0,2020-07-22,1999-01-01,1999-01-01,2020-07-20,1999-01-01,1999-01-01,0.0,0.0,0.0,100.0,100.0,100.0,1999-01-01,1999-01-01,1999-01-01,1999-01-01,1999-01-01,1999-01-01,0.0,0.0,0.0,100.0,100.0,100.0,1999-01-01,1999-01-01,1999-01-01,1999-01-01,1999-01-01,1999-01-01,0.0,0.0,0.0,100.0,100.0,100.0,1999-01-01,1999-01-01,1999-01-01,1999-01-01,1999-01-01,1999-01-01,0.0,0.0,0.0,100.0,100.0,100.0,1999-01-01,1999-01-01,1999-01-01,1999-01-01,1999-01-01,1999-01-01,0.0,0.0,0.0,100.0,100.0,100.0,1999-01-01,1999-01-01,1999-01-01,1999-01-01,1999-01-01,1999-01-01,0.0,0.0,0.0,100.0,100.0,100.0,1999-01-01,1999-01-01,1999-01-01,1999-01-01,1999-01-01,1999-01-01,0.0,0.0,0.0,100.0,100.0,100.0,1999-01-01,1999-01-01,1999-01-01,1999-01-01,1999-01-01,1999-01-01,0.0,0.0,0.0,100.0,100.0,100.0,1999-01-01,1999-01-01,1999-01-01,1999-01-01,1999-01-01,1999-01-01,33280900.0,6782800.0,5511100.0,36.71,-9.05,-30.91,0.0,0.0,0.0,100.0,100.0,100.0,0.0,0.0,0.0,100.0,100.0,100.0,0.0,0.0,0.0,100.0,100.0,100.0,0.0,0.0,0.0,100.0,100.0,100.0,0.0,0.0,0.0,100.0,100.0,100.0,0.0,0.0,0.0,100.0,100.0,100.0,1999-01-01,1999-01-01,1999-01-01,1999-01-01,1999-01-01,1999-01-01,0,0,0,0,0,0,1999-01-01,1999-01-01,1999-01-01,1999-01-01,1999-01-01,1999-01-01,1999-01-01,1999-01-01,1999-01-01,1999-01-01,1999-01-01,1999-01-01,1999-01-01,1999-01-01,1999-01-01,1999-01-01,1999-01-01,1999-01-01,,,,,p2n,,n2p,p2n,,Life.Empty,Life.Empty,Life.Empty,Life.Empty,Life.BullEnd,,
2020-07-27,RL,,,,,,,0,0,0,,0,0,0,0.49542,,,0.479,,0.49796,0.50004,0.50139,0.50216,-0.00185,,,,,,-0.00281,,,,,,-0.0035,,,,,,-0.00165,-0.00096,-0.00069,,,,0.49516,0.49809,-0.00293,-0.00202,-0.00155,-0.00047,,,,,-34.4,12.62,-11.48,54.01,0.0,0.0,-10.82,1.12,47.0,9.0,13.0,20.0,3.0,1.0,28.0,4.0,-0.0,-0.0097,,,,,,,,,,,,,34.05112,42.98286,,,,,0.19379,0.23361,,,,,,,-0.15,,,,,0.496,0.0,0.0,0.495,0.0,0.0,2020-07-24,1999-01-01,1999-01-01,2020-07-22,1999-01-01,1999-01-01,-0.12,0.2,,,,,1.0,2.0,0.0,0.0,0.0,0.0,-0.0,0.0,0.0,0.0,0.0,0.0,0.518,0.0,0.0,0.479,0.469,0.0,2020-07-22,1999-01-01,1999-01-01,2020-07-27,2020-07-20,1999-01-01,0.0,0.0,0.0,100.0,100.0,100.0,1999-01-01,1999-01-01,1999-01-01,1999-01-01,1999-01-01,1999-01-01,0.0,0.0,0.0,100.0,100.0,100.0,1999-01-01,1999-01-01,1999-01-01,1999-01-01,1999-01-01,1999-01-01,0.0,0.0,0.0,100.0,100.0,100.0,1999-01-01,1999-01-01,1999-01-01,1999-01-01,1999-01-01,1999-01-01,0.0,0.0,0.0,100.0,100.0,100.0,1999-01-01,1999-01-01,1999-01-01,1999-01-01,1999-01-01,1999-01-01,0.0,0.0,0.0,100.0,100.0,100.0,1999-01-01,1999-01-01,1999-01-01,1999-01-01,1999-01-01,1999-01-01,0.0,0.0,0.0,100.0,100.0,100.0,1999-01-01,1999-01-01,1999-01-01,1999-01-01,1999-01-01,1999-01-01,0.0,0.0,0.0,100.0,100.0,100.0,1999-01-01,1999-01-01,1999-01-01,1999-01-01,1999-01-01,1999-01-01,0.0,0.0,0.0,100.0,100.0,100.0,1999-01-01,1999-01-01,1999-01-01,1999-01-01,1999-01-01,1999-01-01,6782800.0,5511100.0,6094300.0,-9.05,-30.91,-59.65,0.0,0.0,0.0,100.0,100.0,100.0,0.0,0.0,0.0,100.0,100.0,100.0,0.0,0.0,0.0,100.0,100.0,100.0,0.0,0.0,0.0,100.0,100.0,100.0,0.0,0.0,0.0,100.0,100.0,100.0,0.0,0.0,0.0,100.0,100.0,100.0,1999-01-01,1999-01-01,1999-01-01,1999-01-01,1999-01-01,1999-01-01,0,0,0,0,0,0,1999-01-01,1999-01-01,1999-01-01,1999-01-01,1999-01-01,1999-01-01,1999-01-01,1999-01-01,1999-01-01,1999-01-01,1999-01-01,1999-01-01,1999-01-01,1999-01-01,1999-01-01,1999-01-01,1999-01-01,1999-01-01,,,,,,n2p,p2n,,,Life.Empty,Life.Empty,Life.Empty,Life.Empty,Life.BullEnd,,
2020-07-28,RL,,,,,,,0,0,0,,0,0,0,0.49487,,,,,0.49721,0.49958,0.50113,0.50202,-0.0021,,,,,,-0.00318,,,,,,-0.00397,,,,,,-0.00187,-0.00108,-0.00079,,,,0.49411,0.49737,-0.00326,-0.00228,-0.00174,-0.00055,,,,,-34.33,12.62,-11.48,54.01,0.0,0.0,-10.82,1.12,46.0,9.0,13.0,20.0,3.0,1.0,28.0,4.0,0.0097,0.0,,,,,,,,,,,,,21.52445,35.18151,,,,,0.18274,0.22321,,,,,,,-0.15,,,,,0.496,0.0,0.0,0.495,0.0,0.0,2020-07-24,1999-01-01,1999-01-01,2020-07-22,1999-01-01,1999-01-01,-0.23,0.2,,,,,2.0,2.0,0.0,0.0,0.0,0.0,-0.0,0.0,0.0,0.0,0.0,0.0,0.518,0.0,0.0,0.479,0.469,0.0,2020-07-22,1999-01-01,1999-01-01,2020-07-27,2020-07-20,1999-01-01,0.0,0.0,0.0,100.0,100.0,100.0,1999-01-01,1999-01-01,1999-01-01,1999-01-01,1999-01-01,1999-01-01,0.0,0.0,0.0,100.0,100.0,100.0,1999-01-01,1999-01-01,1999-01-01,1999-01-01,1999-01-01,1999-01-01,0.0,0.0,0.0,100.0,100.0,100.0,1999-01-01,1999-01-01,1999-01-01,1999-01-01,1999-01-01,1999-01-01,0.0,0.0,0.0,100.0,100.0,100.0,1999-01-01,1999-01-01,1999-01-01,1999-01-01,1999-01-01,1999-01-01,0.0,0.0,0.0,100.0,100.0,100.0,1999-01-01,1999-01-01,1999-01-01,1999-01-01,1999-01-01,1999-01-01,0.0,0.0,0.0,100.0,100.0,100.0,1999-01-01,1999-01-01,1999-01-01,1999-01-01,1999-01-01,1999-01-01,0.0,0.0,0.0,100.0,100.0,100.0,1999-01-01,1999-01-01,1999-01-01,1999-01-01,1999-01-01,1999-01-01,0.0,0.0,0.0,100.0,100.0,100.0,1999-01-01,1999-01-01,1999-01-01,1999-01-01,1999-01-01,1999-01-01,5511100.0,6094300.0,7140900.0,-30.91,-59.65,1.95,0.0,0.0,0.0,100.0,100.0,100.0,0.0,0.0,0.0,100.0,100.0,100.0,0.0,0.0,0.0,100.0,100.0,100.0,0.0,0.0,0.0,100.0,100.0,100.0,0.0,0.0,0.0,100.0,100.0,100.0,0.0,0.0,0.0,100.0,100.0,100.0,1999-01-01,1999-01-01,1999-01-01,1999-01-01,1999-01-01,1999-01-01,0,0,0,0,0,0,1999-01-01,1999-01-01,1999-01-01,1999-01-01,1999-01-01,1999-01-01,1999-01-01,1999-01-01,1999-01-01,1999-01-01,1999-01-01,1999-01-01,1999-01-01,1999-01-01,1999-01-01,1999-01-01,1999-01-01,1999-01-01,7140900.0,,,,n2p,p2n,,,n2p,Life.Empty,Life.Empty,Life.Empty,Life.Empty,Life.BullEnd,,
2020-07-29,RL,,,,,,,0,0,0,,0,0,0,0.49374,,,,0.513,0.49841,0.5001,0.50136,0.50213,-0.00238,,,,,,-0.00359,,,,,,-0.00448,,,,,,-0.0021,-0.00121,-0.00089,,,,0.49698,0.49851,-0.00153,-0.00257,-0.00193,-0.00064,,,,,-34.18,12.62,-11.48,54.01,0.0,0.0,-10.82,1.12,45.0,9.0,13.0,20.0,3.0,1.0,28.0,4.0,0.0245,0.0,,,,,,,,,,,,,35.38827,30.32128,,,,,0.17247,0.21305,,,,,,,-0.15,,,,,0.496,0.0,0.0,0.495,0.0,0.0,2020-07-24,1999-01-01,1999-01-01,2020-07-22,1999-01-01,1999-01-01,-0.46,0.2,,,,,3.0,2.0,0.0,0.0,0.0,0.0,-0.0,0.0,0.0,0.0,0.0,0.0,0.513,0.518,0.0,0.479,0.469,0.0,2020-07-29,2020-07-22,1999-01-01,2020-07-27,2020-07-20,1999-01-01,0.0,0.0,0.0,100.0,100.0,100.0,1999-01-01,1999-01-01,1999-01-01,1999-01-01,1999-01-01,1999-01-01,0.0,0.0,0.0,100.0,100.0,100.0,1999-01-01,1999-01-01,1999-01-01,1999-01-01,1999-01-01,1999-01-01,0.0,0.0,0.0,100.0,100.0,100.0,1999-01-01,1999-01-01,1999-01-01,1999-01-01,1999-01-01,1999-01-01,0.0,0.0,0.0,100.0,100.0,100.0,1999-01-01,1999-01-01,1999-01-01,1999-01-01,1999-01-01,1999-01-01,0.0,0.0,0.0,100.0,100.0,100.0,1999-01-01,1999-01-01,1999-01-01,1999-01-01,1999-01-01,1999-01-01,0.0,0.0,0.0,100.0,100.0,100.0,1999-01-01,1999-01-01,1999-01-01,1999-01-01,1999-01-01,1999-01-01,0.0,0.0,0.0,100.0,100.0,100.0,1999-01-01,1999-01-01,1999-01-01,1999-01-01,1999-01-01,1999-01-01,0.0,0.0,0.0,100.0,100.0,100.0,1999-01-01,1999-01-01,1999-01-01,1999-01-01,1999-01-01,1999-01-01,6094300.0,7140900.0,14063300.0,-59.65,1.95,45.62,0.0,0.0,0.0,100.0,100.0,100.0,0.0,0.0,0.0,100.0,100.0,100.0,0.0,0.0,0.0,100.0,100.0,100.0,0.0,0.0,0.0,100.0,100.0,100.0,0.0,0.0,0.0,100.0,100.0,100.0,0.0,0.0,0.0,100.0,100.0,100.0,1999-01-01,1999-01-01,1999-01-01,1999-01-01,1999-01-01,1999-01-01,0,0,0,0,0,0,1999-01-01,1999-01-01,1999-01-01,1999-01-01,1999-01-01,1999-01-01,1999-01-01,1999-01-01,1999-01-01,1999-01-01,1999-01-01,1999-01-01,1999-01-01,1999-01-01,1999-01-01,1999-01-01,1999-01-01,1999-01-01,,14063300.0,,,p2n,,,n2p,p2p,Life.Empty,Life.Empty,Life.Empty,Life.Empty,Life.BullEnd,,
2020-07-30,RL,,,,,,,0,0,0,,0,0,0,0.49226,,,,,0.49839,0.50002,0.5013,0.50209,-0.00268,,,,,,-0.00403,,,,,,-0.00504,,,,,,-0.00236,-0.00135,-0.00101,,,,0.49715,0.49848,-0.00133,-0.00289,-0.00213,-0.00075,,,,,-33.98,12.62,-11.48,54.01,0.0,0.0,-10.82,1.12,44.0,9.0,13.0,20.0,3.0,1.0,28.0,4.0,-0.0,-0.0147,,,,,,,,,,,,,43.42777,33.44683,,,,,0.16259,0.20314,,,,,,,-0.15,,,,,0.496,0.0,0.0,0.495,0.0,0.0,2020-07-24,1999-01-01,1999-01-01,2020-07-22,1999-01-01,1999-01-01,-0.75,0.2,,,,,4.0,2.0,0.0,0.0,0.0,0.0,-0.0,0.0,0.0,0.0,0.0,0.0,0.513,0.518,0.0,0.479,0.469,0.0,2020-07-29,2020-07-22,1999-01-01,2020-07-27,2020-07-20,1999-01-01,0.0,0.0,0.0,100.0,100.0,100.0,1999-01-01,1999-01-01,1999-01-01,1999-01-01,1999-01-01,1999-01-01,0.0,0.0,0.0,100.0,100.0,100.0,1999-01-01,1999-01-01,1999-01-01,1999-01-01,1999-01-01,1999-01-01,0.0,0.0,0.0,100.0,100.0,100.0,1999-01-01,1999-01-01,1999-01-01,1999-01-01,1999-01-01,1999-01-01,0.0,0.0,0.0,100.0,100.0,100.0,1999-01-01,1999-01-01,1999-01-01,1999-01-01,1999-01-01,1999-01-01,0.0,0.0,0.0,100.0,100.0,100.0,1999-01-01,1999-01-01,1999-01-01,1999-01-01,1999-01-01,1999-01-01,0.0,0.0,0.0,100.0,100.0,100.0,1999-01-01,1999-01-01,1999-01-01,1999-01-01,1999-01-01,1999-01-01,0.0,0.0,0.0,100.0,100.0,100.0,1999-01-01,1999-01-01,1999-01-01,1999-01-01,1999-01-01,1999-01-01,0.0,0.0,0.0,100.0,100.0,100.0,1999-01-01,1999-01-01,1999-01-01,1999-01-01,1999-01-01,1999-01-01,7140900.0,14063300.0,14489500.0,1.95,45.62,30.75,0.0,0.0,0.0,100.0,100.0,100.0,0.0,0.0,0.0,100.0,100.0,100.0,0.0,0.0,0.0,100.0,100.0,100.0,0.0,0.0,0.0,100.0,100.0,100.0,0.0,0.0,0.0,100.0,100.0,100.0,0.0,0.0,0.0,100.0,100.0,100.0,1999-01-01,1999-01-01,1999-01-01,1999-01-01,1999-01-01,1999-01-01,0,0,0,0,0,0,1999-01-01,1999-01-01,1999-01-01,1999-01-01,1999-01-01,1999-01-01,1999-01-01,1999-01-01,1999-01-01,1999-01-01,1999-01-01,1999-01-01,1999-01-01,1999-01-01,1999-01-01,1999-01-01,1999-01-01,1999-01-01,,,,,,,n2p,p2p,,Life.Empty,Life.Empty,Life.Empty,Life.Empty,Life.BullEnd,,
2020-08-03,RL,,,,,,,0,0,0,,0,0,0,0.4908,,,,,0.49799,0.49975,0.50114,0.502,-0.00302,,,,,,-0.00452,,,,,,-0.00566,,,,,,-0.00264,-0.0015,-0.00114,,,,0.49655,0.49809,-0.00154,-0.00325,-0.00236,-0.00088,,,,,-33.78,12.62,-11.48,54.01,0.0,0.0,-10.82,1.12,42.0,9.0,13.0,20.0,3.0,1.0,28.0,4.0,-0.0,-0.0049,,,,,,,,,,,,,49.26046,42.69217,,,,,0.15203,0.19349,,,,,,,-0.15,,,,,0.496,0.0,0.0,0.495,0.0,0.0,2020-07-24,1999-01-01,1999-01-01,2020-07-22,1999-01-01,1999-01-01,-1.05,0.2,,,,,5.0,2.0,0.0,0.0,0.0,0.0,-0.0,0.0,0.0,0.0,0.0,0.0,0.513,0.518,0.0,0.479,0.469,0.0,2020-07-29,2020-07-22,1999-01-01,2020-07-27,2020-07-20,1999-01-01,0.0,0.0,0.0,100.0,100.0,100.0,1999-01-01,1999-01-01,1999-01-01,1999-01-01,1999-01-01,1999-01-01,0.0,0.0,0.0,100.0,100.0,100.0,1999-01-01,1999-01-01,1999-01-01,1999-01-01,1999-01-01,1999-01-01,0.0,0.0,0.0,100.0,100.0,100.0,1999-01-01,1999-01-01,1999-01-01,1999-01-01,1999-01-01,1999-01-01,0.0,0.0,0.0,100.0,100.0,100.0,1999-01-01,1999-01-01,1999-01-01,1999-01-01,1999-01-01,1999-01-01,0.0,0.0,0.0,100.0,100.0,100.0,1999-01-01,1999-01-01,1999-01-01,1999-01-01,1999-01-01,1999-01-01,0.0,0.0,0.0,100.0,100.0,100.0,1999-01-01,1999-01-01,1999-01-01,1999-01-01,1999-01-01,1999-01-01,0.0,0.0,0.0,100.0,100.0,100.0,1999-01-01,1999-01-01,1999-01-01,1999-01-01,1999-01-01,1999-01-01,0.0,0.0,0.0,100.0,100.0,100.0,1999-01-01,1999-01-01,1999-01-01,1999-01-01,1999-01-01,1999-01-01,14063300.0,14489500.0,5098400.0,45.62,30.75,-5.72,0.0,0.0,0.0,100.0,100.0,100.0,0.0,0.0,0.0,100.0,100.0,100.0,0.0,0.0,0.0,100.0,100.0,100.0,0.0,0.0,0.0,100.0,100.0,100.0,0.0,0.0,0.0,100.0,100.0,100.0,0.0,0.0,0.0,100.0,100.0,100.0,1999-01-01,1999-01-01,1999-01-01,1999-01-01,1999-01-01,1999-01-01,0,0,0,0,0,0,1999-01-01,1999-01-01,1999-01-01,1999-01-01,1999-01-01,1999-01-01,1999-01-01,1999-01-01,1999-01-01,1999-01-01,1999-01-01,1999-01-01,1999-01-01,1999-01-01,1999-01-01,1999-01-01,1999-01-01,1999-01-01,,,,,,n2p,p2p,,,Life.Empty,Life.Empty,Life.Empty,Life.Empty,Life.BullEnd,,
2020-08-04,RL,,,,,,,0,0,0,,0,0,0,0.48942,,,0.479,,0.4965,0.49892,0.50069,0.50177,-0.00339,,,,,,-0.00507,,,,,,-0.00635,,,,,,-0.00296,-0.00168,-0.00128,,,,0.49379,0.49665,-0.00286,-0.00365,-0.00262,-0.00103,,,,,-33.59,12.62,-11.48,54.01,0.0,0.0,-10.82,1.12,41.0,9.0,13.0,20.0,3.0,1.0,28.0,4.0,-0.0,-0.0146,,,,,,,,,9.09091,,,,28.86687,40.51837,,,,,0.14326,0.18414,,,,,,,-0.15,,,,,0.496,0.0,0.0,0.495,0.0,0.0,2020-07-24,1999-01-01,1999-01-01,2020-07-22,1999-01-01,1999-01-01,-1.33,0.2,,,,,6.0,2.0,0.0,0.0,0.0,0.0,-0.0,0.0,0.0,0.0,0.0,0.0,0.513,0.518,0.0,0.479,0.479,0.469,2020-07-29,2020-07-22,1999-01-01,2020-08-04,2020-07-27,2020-07-20,0.0,0.0,0.0,100.0,100.0,100.0,1999-01-01,1999-01-01,1999-01-01,1999-01-01,1999-01-01,1999-01-01,0.0,0.0,0.0,100.0,100.0,100.0,1999-01-01,1999-01-01,1999-01-01,1999-01-01,1999-01-01,1999-01-01,0.0,0.0,0.0,100.0,100.0,100.0,1999-01-01,1999-01-01,1999-01-01,1999-01-01,1999-01-01,1999-01-01,0.0,0.0,0.0,100.0,100.0,100.0,1999-01-01,1999-01-01,1999-01-01,1999-01-01,1999-01-01,1999-01-01,0.0,0.0,0.0,100.0,100.0,100.0,1999-01-01,1999-01-01,1999-01-01,1999-01-01,1999-01-01,1999-01-01,0.0,0.0,0.0,100.0,100.0,100.0,1999-01-01,1999-01-01,1999-01-01,1999-01-01,1999-01-01,1999-01-01,0.0,0.0,0.0,100.0,100.0,100.0,1999-01-01,1999-01-01,1999-01-01,1999-01-01,1999-01-01,1999-01-01,0.0,0.0,0.0,100.0,100.0,100.0,1999-01-01,1999-01-01,1999-01-01,1999-01-01,1999-01-01,1999-01-01,14489500.0,5098400.0,6291100.0,30.75,-5.72,-23.1,0.0,0.0,0.0,100.0,100.0,100.0,0.0,0.0,0.0,100.0,100.0,100.0,0.0,0.0,0.0,100.0,100.0,100.0,0.0,0.0,0.0,100.0,100.0,100.0,0.0,0.0,0.0,100.0,100.0,100.0,0.0,0.0,0.0,100.0,100.0,100.0,1999-01-01,1999-01-01,1999-01-01,1999-01-01,1999-01-01,1999-01-01,0,0,0,0,0,0,1999-01-01,1999-01-01,1999-01-01,1999-01-01,1999-01-01,1999-01-01,1999-01-01,1999-01-01,1999-01-01,1999-01-01,1999-01-01,1999-01-01,1999-01-01,1999-01-01,1999-01-01,1999-01-01,1999-01-01,1999-01-01,,,,,n2p,p2p,,,,Life.Empty,Life.Empty,Life.Empty,Life.Empty,Life.BullEnd,,
2020-08-05,RL,,,,,,,0,0,0,,0,0,0,0.48777,,,,0.493,0.49624,0.4987,0.50054,0.50168,-0.00382,,,,,,-0.00569,,,,,,-0.00714,,,,,,-0.00332,-0.00188,-0.00144,,,,0.4937,0.49639,-0.0027,-0.00411,-0.00292,-0.00119,,,,,-33.37,12.62,-11.48,54.01,0.0,0.0,-10.82,1.12,40.0,9.0,13.0,20.0,3.0,1.0,28.0,4.0,0.0146,0.0,0.00697,-0.00767,0.90875,47.60976,,,,,40.87523,,,40.875,29.4266,35.85131,,,,,0.13442,0.17508,,,,,,,-0.15,,,,,0.496,0.0,0.0,0.495,0.0,0.0,2020-07-24,1999-01-01,1999-01-01,2020-07-22,1999-01-01,1999-01-01,-1.66,0.2,,,,,7.0,2.0,0.0,0.0,0.0,0.0,-0.0,0.0,0.0,0.0,0.0,0.0,0.493,0.513,0.518,0.479,0.479,0.469,2020-08-05,2020-07-29,2020-07-22,2020-08-04,2020-07-27,2020-07-20,0.0,0.0,0.0,100.0,100.0,100.0,1999-01-01,1999-01-01,1999-01-01,1999-01-01,1999-01-01,1999-01-01,0.0,0.0,0.0,100.0,100.0,100.0,1999-01-01,1999-01-01,1999-01-01,1999-01-01,1999-01-01,1999-01-01,0.0,0.0,0.0,100.0,100.0,100.0,1999-01-01,1999-01-01,1999-01-01,1999-01-01,1999-01-01,1999-01-01,0.0,0.0,0.0,100.0,100.0,100.0,1999-01-01,1999-01-01,1999-01-01,1999-01-01,1999-01-01,1999-01-01,0.0,0.0,0.0,100.0,100.0,100.0,1999-01-01,1999-01-01,1999-01-01,1999-01-01,1999-01-01,1999-01-01,0.0,0.0,0.0,100.0,100.0,100.0,1999-01-01,1999-01-01,1999-01-01,1999-01-01,1999-01-01,1999-01-01,0.0,0.0,0.0,100.0,100.0,100.0,1999-01-01,1999-01-01,1999-01-01,1999-01-01,1999-01-01,1999-01-01,0.0,0.0,0.0,100.0,100.0,100.0,1999-01-01,1999-01-01,1999-01-01,1999-01-01,1999-01-01,1999-01-01,5098400.0,6291100.0,6981800.0,-5.72,-23.1,-29.01,0.0,0.0,0.0,100.0,100.0,100.0,0.0,0.0,0.0,100.0,100.0,100.0,0.0,0.0,0.0,100.0,100.0,100.0,0.0,0.0,0.0,100.0,100.0,100.0,40.875,0.0,0.0,100.0,100.0,100.0,0.0,0.0,0.0,100.0,100.0,100.0,1999-01-01,1999-01-01,1999-01-01,1999-01-01,1999-01-01,1999-01-01,0,0,0,0,0,0,1999-01-01,1999-01-01,1999-01-01,1999-01-01,1999-01-01,1999-01-01,2020-08-05,1999-01-01,1999-01-01,1999-01-01,1999-01-01,1999-01-01,1999-01-01,1999-01-01,1999-01-01,1999-01-01,1999-01-01,1999-01-01,,,,,p2p,,,,,Life.Empty,Life.Empty,Life.Empty,Life.Empty,Life.BullEnd,,
2020-08-06,RL,,,,,,,0,0,0,,0,0,0,0.48544,,,,,0.49563,0.49829,0.5003,0.50155,-0.00429,,,,,,-0.0064,,,,,,-0.00803,,,,,,-0.00373,-0.0021,-0.00163,,,,0.49287,0.49579,-0.00293,-0.00464,-0.00327,-0.00137,,,,,-33.05,12.62,-11.48,54.01,0.0,0.0,-10.82,1.12,39.0,9.0,13.0,20.0,3.0,1.0,28.0,4.0,-0.0,-0.0049,0.00697,-0.00732,0.9522,48.77561,,,,,36.31285,28.75966,,,30.54608,29.61318,,,,,0.12621,0.16633,,,,,,,-0.15,,,,,0.496,0.0,0.0,0.495,0.0,0.0,2020-07-24,1999-01-01,1999-01-01,2020-07-22,1999-01-01,1999-01-01,-2.13,0.2,,,,,8.0,2.0,0.0,0.0,0.0,0.0,-0.0,0.0,0.0,0.0,0.0,0.0,0.493,0.513,0.518,0.479,0.479,0.469,2020-08-05,2020-07-29,2020-07-22,2020-08-04,2020-07-27,2020-07-20,0.0,0.0,0.0,100.0,100.0,100.0,1999-01-01,1999-01-01,1999-01-01,1999-01-01,1999-01-01,1999-01-01,0.0,0.0,0.0,100.0,100.0,100.0,1999-01-01,1999-01-01,1999-01-01,1999-01-01,1999-01-01,1999-01-01,0.0,0.0,0.0,100.0,100.0,100.0,1999-01-01,1999-01-01,1999-01-01,1999-01-01,1999-01-01,1999-01-01,0.0,0.0,0.0,100.0,100.0,100.0,1999-01-01,1999-01-01,1999-01-01,1999-01-01,1999-01-01,1999-01-01,0.0,0.0,0.0,100.0,100.0,100.0,1999-01-01,1999-01-01,1999-01-01,1999-01-01,1999-01-01,1999-01-01,0.0,0.0,0.0,100.0,100.0,100.0,1999-01-01,1999-01-01,1999-01-01,1999-01-01,1999-01-01,1999-01-01,0.0,0.0,0.0,100.0,100.0,100.0,1999-01-01,1999-01-01,1999-01-01,1999-01-01,1999-01-01,1999-01-01,0.0,0.0,0.0,100.0,100.0,100.0,1999-01-01,1999-01-01,1999-01-01,1999-01-01,1999-01-01,1999-01-01,6291100.0,6981800.0,7254200.0,-23.1,-29.01,11.73,0.0,0.0,0.0,100.0,100.0,100.0,0.0,0.0,0.0,100.0,100.0,100.0,0.0,0.0,0.0,100.0,100.0,100.0,0.0,0.0,0.0,100.0,100.0,100.0,40.875,0.0,0.0,100.0,100.0,100.0,0.0,0.0,0.0,100.0,100.0,100.0,1999-01-01,1999-01-01,1999-01-01,1999-01-01,1999-01-01,1999-01-01,0,0,0,0,0,0,1999-01-01,1999-01-01,1999-01-01,1999-01-01,1999-01-01,1999-01-01,2020-08-05,1999-01-01,1999-01-01,1999-01-01,1999-01-01,1999-01-01,1999-01-01,1999-01-01,1999-01-01,1999-01-01,1999-01-01,1999-01-01,-7254200.0,,,,,,,,n2p,Life.Empty,Life.Empty,Life.Empty,Life.Empty,Life.BullEnd,,
2020-08-07,RL,,,,,,,0,0,0,,0,0,0,0.48221,,,,,0.49432,0.49752,0.49987,0.50132,-0.00483,,,,,,-0.00719,,,,,,-0.00903,,,,,,-0.00419,-0.00236,-0.00183,,,,0.49067,0.49452,-0.00385,-0.00523,-0.00366,-0.00157,,,,,-32.6,12.62,-11.48,54.01,0.0,0.0,-10.82,1.12,38.0,9.0,13.0,20.0,3.0,1.0,28.0,4.0,-0.0,-0.0097,0.00697,-0.00627,1.11162,52.64293,,,,,27.28119,34.82309,,,33.3262,31.09963,,,,,0.11824,0.15791,,,,,,,-0.15,,,,,0.496,0.0,0.0,0.495,0.0,0.0,2020-07-24,1999-01-01,1999-01-01,2020-07-22,1999-01-01,1999-01-01,-2.78,0.2,,,,,9.0,2.0,0.0,0.0,0.0,0.0,-0.0,0.0,0.0,0.0,0.0,0.0,0.493,0.513,0.518,0.479,0.479,0.469,2020-08-05,2020-07-29,2020-07-22,2020-08-04,2020-07-27,2020-07-20,0.0,0.0,0.0,100.0,100.0,100.0,1999-01-01,1999-01-01,1999-01-01,1999-01-01,1999-01-01,1999-01-01,0.0,0.0,0.0,100.0,100.0,100.0,1999-01-01,1999-01-01,1999-01-01,1999-01-01,1999-01-01,1999-01-01,0.0,0.0,0.0,100.0,100.0,100.0,1999-01-01,1999-01-01,1999-01-01,1999-01-01,1999-01-01,1999-01-01,0.0,0.0,0.0,100.0,100.0,100.0,1999-01-01,1999-01-01,1999-01-01,1999-01-01,1999-01-01,1999-01-01,0.0,0.0,0.0,100.0,100.0,100.0,1999-01-01,1999-01-01,1999-01-01,1999-01-01,1999-01-01,1999-01-01,0.0,0.0,0.0,100.0,100.0,100.0,1999-01-01,1999-01-01,1999-01-01,1999-01-01,1999-01-01,1999-01-01,0.0,0.0,0.0,100.0,100.0,100.0,1999-01-01,1999-01-01,1999-01-01,1999-01-01,1999-01-01,1999-01-01,0.0,0.0,0.0,100.0,100.0,100.0,1999-01-01,1999-01-01,1999-01-01,1999-01-01,1999-01-01,1999-01-01,6981800.0,7254200.0,4870100.0,-29.01,11.73,-6.92,0.0,0.0,0.0,100.0,100.0,100.0,0.0,0.0,0.0,100.0,100.0,100.0,0.0,0.0,0.0,100.0,100.0,100.0,0.0,0.0,0.0,100.0,100.0,100.0,40.875,0.0,0.0,100.0,100.0,100.0,0.0,0.0,0.0,100.0,100.0,100.0,1999-01-01,1999-01-01,1999-01-01,1999-01-01,1999-01-01,1999-01-01,0,0,0,0,0,0,1999-01-01,1999-01-01,1999-01-01,1999-01-01,1999-01-01,1999-01-01,2020-08-05,1999-01-01,1999-01-01,1999-01-01,1999-01-01,1999-01-01,1999-01-01,1999-01-01,1999-01-01,1999-01-01,1999-01-01,1999-01-01,,,,,,,,n2p,,Life.Empty,Life.Empty,Life.Empty,Life.Empty,Life.BullEnd,,
2020-08-10,RL,,,,,,,0,0,0,,0,0,0,0.47808,,,0.474,,0.49274,0.49659,0.49935,0.50104,-0.00544,,,,,,-0.00809,,,,,,-0.01015,,,,,,-0.00471,-0.00265,-0.00206,,,,0.48806,0.49298,-0.00492,-0.00589,-0.00411,-0.00179,,,,,-32.02,12.62,-11.48,54.01,0.0,0.0,-10.82,1.12,37.0,9.0,13.0,20.0,3.0,1.0,28.0,4.0,-0.0,-0.0049,0.00697,-0.00662,1.05286,51.28744,,,,,10.56034,24.71813,10.56,,24.22262,29.36497,,,,,0.11119,0.14981,,,,,,,-0.15,,,,,0.496,0.0,0.0,0.495,0.0,0.0,2020-07-24,1999-01-01,1999-01-01,2020-07-22,1999-01-01,1999-01-01,-3.61,0.2,,,,,10.0,2.0,0.0,0.0,0.0,0.0,-0.0,0.0,0.0,0.0,0.0,0.0,0.493,0.513,0.518,0.474,0.479,0.479,2020-08-05,2020-07-29,2020-07-22,2020-08-10,2020-08-04,2020-07-27,0.0,0.0,0.0,100.0,100.0,100.0,1999-01-01,1999-01-01,1999-01-01,1999-01-01,1999-01-01,1999-01-01,0.0,0.0,0.0,100.0,100.0,100.0,1999-01-01,1999-01-01,1999-01-01,1999-01-01,1999-01-01,1999-01-01,0.0,0.0,0.0,100.0,100.0,100.0,1999-01-01,1999-01-01,1999-01-01,1999-01-01,1999-01-01,1999-01-01,0.0,0.0,0.0,100.0,100.0,100.0,1999-01-01,1999-01-01,1999-01-01,1999-01-01,1999-01-01,1999-01-01,0.0,0.0,0.0,100.0,100.0,100.0,1999-01-01,1999-01-01,1999-01-01,1999-01-01,1999-01-01,1999-01-01,0.0,0.0,0.0,100.0,100.0,100.0,1999-01-01,1999-01-01,1999-01-01,1999-01-01,1999-01-01,1999-01-01,0.0,0.0,0.0,100.0,100.0,100.0,1999-01-01,1999-01-01,1999-01-01,1999-01-01,1999-01-01,1999-01-01,0.0,0.0,0.0,100.0,100.0,100.0,1999-01-01,1999-01-01,1999-01-01,1999-01-01,1999-01-01,1999-01-01,7254200.0,4870100.0,3922700.0,11.73,-6.92,-16.01,0.0,0.0,0.0,100.0,100.0,100.0,0.0,0.0,0.0,100.0,100.0,100.0,0.0,0.0,0.0,100.0,100.0,100.0,0.0,0.0,0.0,100.0,100.0,100.0,40.875,0.0,0.0,10.56,100.0,100.0,0.0,0.0,0.0,100.0,100.0,100.0,1999-01-01,1999-01-01,1999-01-01,1999-01-01,1999-01-01,1999-01-01,0,0,0,0,0,0,1999-01-01,1999-01-01,1999-01-01,1999-01-01,1999-01-01,1999-01-01,2020-08-05,1999-01-01,1999-01-01,2020-08-10,1999-01-01,1999-01-01,1999-01-01,1999-01-01,1999-01-01,1999-01-01,1999-01-01,1999-01-01,,,,,,,n2p,,,Life.Empty,Life.Empty,Life.Empty,Life.Empty,Life.BullEnd,,
2020-08-11,RL,,,,,,,0,0,0,,0,0,0,0.4732,,,,0.498,0.49315,0.49664,0.49933,0.50102,-0.00611,,,,,,-0.00908,,,,,,-0.0114,,,,,,-0.00529,-0.00297,-0.00232,,,,0.4896,0.49336,-0.00375,-0.00662,-0.00461,-0.00201,,,,,-31.32,12.62,-11.48,54.01,0.0,0.0,-10.82,1.12,36.0,9.0,13.0,20.0,3.0,1.0,28.0,4.0,0.0244,0.0,0.00523,-0.00662,0.78964,44.12297,,,,,33.33333,23.72496,,33.333,35.32744,30.95876,,,,,0.10604,0.14205,,,,,,,-0.15,,,,,0.496,0.0,0.0,0.495,0.0,0.0,2020-07-24,1999-01-01,1999-01-01,2020-07-22,1999-01-01,1999-01-01,-4.6,0.2,,,,,11.0,2.0,0.0,0.0,0.0,0.0,-0.0,0.0,0.0,0.0,0.0,0.0,0.498,0.493,0.513,0.474,0.479,0.479,2020-08-11,2020-08-05,2020-07-29,2020-08-10,2020-08-04,2020-07-27,0.0,0.0,0.0,100.0,100.0,100.0,1999-01-01,1999-01-01,1999-01-01,1999-01-01,1999-01-01,1999-01-01,0.0,0.0,0.0,100.0,100.0,100.0,1999-01-01,1999-01-01,1999-01-01,1999-01-01,1999-01-01,1999-01-01,0.0,0.0,0.0,100.0,100.0,100.0,1999-01-01,1999-01-01,1999-01-01,1999-01-01,1999-01-01,1999-01-01,0.0,0.0,0.0,100.0,100.0,100.0,1999-01-01,1999-01-01,1999-01-01,1999-01-01,1999-01-01,1999-01-01,0.0,0.0,0.0,100.0,100.0,100.0,1999-01-01,1999-01-01,1999-01-01,1999-01-01,1999-01-01,1999-01-01,0.0,0.0,0.0,100.0,100.0,100.0,1999-01-01,1999-01-01,1999-01-01,1999-01-01,1999-01-01,1999-01-01,0.0,0.0,0.0,100.0,100.0,100.0,1999-01-01,1999-01-01,1999-01-01,1999-01-01,1999-01-01,1999-01-01,0.0,0.0,0.0,100.0,100.0,100.0,1999-01-01,1999-01-01,1999-01-01,1999-01-01,1999-01-01,1999-01-01,4870100.0,3922700.0,15922500.0,-6.92,-16.01,54.02,0.0,0.0,0.0,100.0,100.0,100.0,0.0,0.0,0.0,100.0,100.0,100.0,0.0,0.0,0.0,100.0,100.0,100.0,0.0,0.0,0.0,100.0,100.0,100.0,33.333,40.875,0.0,10.56,100.0,100.0,0.0,0.0,0.0,100.0,100.0,100.0,1999-01-01,1999-01-01,1999-01-01,1999-01-01,1999-01-01,1999-01-01,0,0,0,0,0,0,1999-01-01,1999-01-01,1999-01-01,1999-01-01,1999-01-01,1999-01-01,2020-08-11,2020-08-05,1999-01-01,2020-08-10,1999-01-01,1999-01-01,1999-01-01,1999-01-01,1999-01-01,1999-01-01,1999-01-01,1999-01-01,15922500.0,,,,,n2p,,,n2p,Life.Empty,Life.Empty,Life.Empty,Life.Empty,Life.BullEnd,,
2020-08-12,RL,,,,,,,0,0,0,,0,0,0,0.4678,,,,,0.49165,0.49574,0.49882,0.50074,-0.00686,,,-0.00569,,,-0.01018,,,-0.00736,,,-0.01278,,,-0.00965,,,-0.00592,-0.00332,-0.00261,,,,0.48716,0.4919,-0.00474,-0.00741,-0.00517,-0.00224,,,,,-30.53,12.62,-11.48,54.01,0.0,0.0,-10.82,1.12,35.0,9.0,13.0,20.0,3.0,1.0,28.0,4.0,-0.0,-0.0244,0.00523,-0.00836,0.62511,38.46558,,,,,15.43307,19.77558,,,33.6531,31.06772,,,,,0.10091,0.13462,,,,,,,-0.15,,,,,0.496,0.0,0.0,0.495,0.0,0.0,2020-07-24,1999-01-01,1999-01-01,2020-07-22,1999-01-01,1999-01-01,-5.69,0.2,,,,,12.0,2.0,0.0,0.0,0.0,0.0,-0.0,0.0,0.0,0.0,0.0,0.0,0.498,0.493,0.513,0.474,0.479,0.479,2020-08-11,2020-08-05,2020-07-29,2020-08-10,2020-08-04,2020-07-27,0.0,0.0,0.0,100.0,100.0,100.0,1999-01-01,1999-01-01,1999-01-01,1999-01-01,1999-01-01,1999-01-01,0.0,0.0,0.0,100.0,100.0,100.0,1999-01-01,1999-01-01,1999-01-01,1999-01-01,1999-01-01,1999-01-01,0.0,0.0,0.0,100.0,100.0,100.0,1999-01-01,1999-01-01,1999-01-01,1999-01-01,1999-01-01,1999-01-01,0.0,0.0,0.0,100.0,100.0,100.0,1999-01-01,1999-01-01,1999-01-01,1999-01-01,1999-01-01,1999-01-01,0.0,0.0,0.0,100.0,100.0,100.0,1999-01-01,1999-01-01,1999-01-01,1999-01-01,1999-01-01,1999-01-01,0.0,0.0,0.0,100.0,100.0,100.0,1999-01-01,1999-01-01,1999-01-01,1999-01-01,1999-01-01,1999-01-01,0.0,0.0,0.0,100.0,100.0,100.0,1999-01-01,1999-01-01,1999-01-01,1999-01-01,1999-01-01,1999-01-01,0.0,0.0,0.0,100.0,100.0,100.0,1999-01-01,1999-01-01,1999-01-01,1999-01-01,1999-01-01,1999-01-01,3922700.0,15922500.0,7096400.0,-16.01,54.02,9.01,0.0,0.0,0.0,100.0,100.0,100.0,0.0,0.0,0.0,100.0,100.0,100.0,0.0,0.0,0.0,100.0,100.0,100.0,0.0,0.0,0.0,100.0,100.0,100.0,33.333,40.875,0.0,10.56,100.0,100.0,0.0,0.0,0.0,100.0,100.0,100.0,1999-01-01,1999-01-01,1999-01-01,1999-01-01,1999-01-01,1999-01-01,0,0,0,0,0,0,1999-01-01,1999-01-01,1999-01-01,1999-01-01,1999-01-01,1999-01-01,2020-08-11,2020-08-05,1999-01-01,2020-08-10,1999-01-01,1999-01-01,1999-01-01,1999-01-01,1999-01-01,1999-01-01,1999-01-01,1999-01-01,,,,,n2p,,,n2p,,Life.Empty,Life.Empty,Life.Empty,Life.Empty,Life.BullEnd,,
2020-08-13,RL,,,,,,,0,0,0,,0,0,0,0.46204,,,,,0.49027,0.49488,0.49832,0.50047,-0.00768,,,-0.00588,,,-0.01138,,,-0.00745,-0.007,,-0.0143,,,-0.00984,,,-0.00662,-0.00369,-0.00292,,,,0.48509,0.49055,-0.00546,-0.00826,-0.00579,-0.00247,,,,,-29.66,12.62,-11.48,54.01,0.0,0.0,-10.82,1.12,34.0,9.0,13.0,20.0,3.0,1.0,28.0,4.0,0.0,0.0,0.00523,-0.00732,0.71415,41.66192,,,,,15.43307,21.39983,,,35.55757,34.84604,,,,,0.09509,0.12753,,,,,,,-0.15,,,,,0.496,0.0,0.0,0.495,0.0,0.0,2020-07-24,1999-01-01,1999-01-01,2020-07-22,1999-01-01,1999-01-01,-6.85,0.2,,,,,13.0,2.0,0.0,0.0,0.0,0.0,-1.0,0.0,0.0,0.0,0.0,0.0,0.498,0.493,0.513,0.474,0.479,0.479,2020-08-11,2020-08-05,2020-07-29,2020-08-10,2020-08-04,2020-07-27,0.0,0.0,0.0,100.0,100.0,100.0,1999-01-01,1999-01-01,1999-01-01,1999-01-01,1999-01-01,1999-01-01,0.0,0.0,0.0,100.0,100.0,100.0,1999-01-01,1999-01-01,1999-01-01,1999-01-01,1999-01-01,1999-01-01,0.0,0.0,0.0,100.0,100.0,100.0,1999-01-01,1999-01-01,1999-01-01,1999-01-01,1999-01-01,1999-01-01,0.0,0.0,0.0,100.0,100.0,100.0,1999-01-01,1999-01-01,1999-01-01,1999-01-01,1999-01-01,1999-01-01,0.0,0.0,0.0,100.0,100.0,100.0,1999-01-01,1999-01-01,1999-01-01,1999-01-01,1999-01-01,1999-01-01,0.0,0.0,0.0,-0.007,100.0,100.0,1999-01-01,1999-01-01,1999-01-01,2020-08-13,1999-01-01,1999-01-01,0.0,0.0,0.0,100.0,100.0,100.0,1999-01-01,1999-01-01,1999-01-01,1999-01-01,1999-01-01,1999-01-01,0.0,0.0,0.0,100.0,100.0,100.0,1999-01-01,1999-01-01,1999-01-01,1999-01-01,1999-01-01,1999-01-01,15922500.0,7096400.0,3569100.0,54.02,9.01,-1.31,0.0,0.0,0.0,100.0,100.0,100.0,0.0,0.0,0.0,100.0,100.0,100.0,0.0,0.0,0.0,100.0,100.0,100.0,0.0,0.0,0.0,100.0,100.0,100.0,33.333,40.875,0.0,10.56,100.0,100.0,0.0,0.0,0.0,100.0,100.0,100.0,1999-01-01,1999-01-01,1999-01-01,1999-01-01,1999-01-01,1999-01-01,0,0,0,0,0,0,1999-01-01,1999-01-01,1999-01-01,1999-01-01,1999-01-01,1999-01-01,2020-08-11,2020-08-05,1999-01-01,2020-08-10,1999-01-01,1999-01-01,1999-01-01,1999-01-01,1999-01-01,1999-01-01,1999-01-01,1999-01-01,,,,,,,n2p,,,Life.Empty,Life.Empty,Life.Empty,Life.Empty,Life.BullEnd,,
2020-08-14,RL,,,,,,,0,0,0,,0,0,0,0.45615,,,,,0.48712,0.49309,0.49735,0.49997,-0.00858,,,-0.00602,,,-0.01268,,,-0.00744,,,-0.01595,,,-0.00991,-0.01,,-0.00736,-0.00409,-0.00327,,,,0.47958,0.4875,-0.00791,-0.00915,-0.00646,-0.00269,,,,,-28.75,12.62,-11.48,54.01,0.0,0.0,-10.82,1.12,33.0,9.0,13.0,20.0,3.0,1.0,28.0,4.0,-0.0,-0.0244,0.00523,-0.00801,0.65241,39.4822,,,,,5.90361,12.25659,5.904,,15.74851,28.31973,,,,,0.09039,0.12077,,,,,,,-0.15,,,,,0.496,0.0,0.0,0.495,0.0,0.0,2020-07-24,1999-01-01,1999-01-01,2020-07-22,1999-01-01,1999-01-01,-8.03,0.2,,,,,14.0,2.0,0.0,0.0,0.0,0.0,-1.0,0.0,0.0,0.0,0.0,0.0,0.498,0.493,0.513,0.474,0.479,0.479,2020-08-11,2020-08-05,2020-07-29,2020-08-10,2020-08-04,2020-07-27,0.0,0.0,0.0,100.0,100.0,100.0,1999-01-01,1999-01-01,1999-01-01,1999-01-01,1999-01-01,1999-01-01,0.0,0.0,0.0,100.0,100.0,100.0,1999-01-01,1999-01-01,1999-01-01,1999-01-01,1999-01-01,1999-01-01,0.0,0.0,0.0,100.0,100.0,100.0,1999-01-01,1999-01-01,1999-01-01,1999-01-01,1999-01-01,1999-01-01,0.0,0.0,0.0,100.0,100.0,100.0,1999-01-01,1999-01-01,1999-01-01,1999-01-01,1999-01-01,1999-01-01,0.0,0.0,0.0,100.0,100.0,100.0,1999-01-01,1999-01-01,1999-01-01,1999-01-01,1999-01-01,1999-01-01,0.0,0.0,0.0,-0.007,100.0,100.0,1999-01-01,1999-01-01,1999-01-01,2020-08-13,1999-01-01,1999-01-01,0.0,0.0,0.0,-0.01,100.0,100.0,1999-01-01,1999-01-01,1999-01-01,2020-08-14,1999-01-01,1999-01-01,0.0,0.0,0.0,100.0,100.0,100.0,1999-01-01,1999-01-01,1999-01-01,1999-01-01,1999-01-01,1999-01-01,7096400.0,3569100.0,6188200.0,9.01,-1.31,-36.61,0.0,0.0,0.0,100.0,100.0,100.0,0.0,0.0,0.0,100.0,100.0,100.0,0.0,0.0,0.0,100.0,100.0,100.0,0.0,0.0,0.0,100.0,100.0,100.0,33.333,40.875,0.0,5.904,10.56,100.0,0.0,0.0,0.0,100.0,100.0,100.0,1999-01-01,1999-01-01,1999-01-01,1999-01-01,1999-01-01,1999-01-01,0,0,0,0,0,0,1999-01-01,1999-01-01,1999-01-01,1999-01-01,1999-01-01,1999-01-01,2020-08-11,2020-08-05,1999-01-01,2020-08-14,2020-08-10,1999-01-01,1999-01-01,1999-01-01,1999-01-01,1999-01-01,1999-01-01,1999-01-01,,,,,,n2p,,,,Life.Empty,Life.Empty,Life.Empty,Life.Empty,Life.BullEnd,,
2020-08-17,RL,,,,,,,0,0,0,,0,0,0,0.45044,,,0.43,,0.4827,0.49061,0.49601,0.49927,-0.00955,,,-0.0061,,,-0.01407,,,-0.00734,,,-0.01771,,,-0.00986,,,-0.00816,-0.00451,-0.00365,,,,0.47191,0.48321,-0.01131,-0.01007,-0.00718,-0.00289,,,,,-27.85,12.62,-11.48,54.01,0.0,0.0,-10.82,1.12,32.0,9.0,13.0,20.0,3.0,1.0,28.0,4.0,-0.0,-0.0196,0.00523,-0.00872,0.59951,37.4808,,,,,23.07087,14.80252,,,17.75742,23.02117,,,,,0.08743,0.11435,,,,,,,-0.15,,,,,0.496,0.0,0.0,0.495,0.0,0.0,2020-07-24,1999-01-01,1999-01-01,2020-07-22,1999-01-01,1999-01-01,-9.19,0.2,,,,,15.0,2.0,0.0,0.0,0.0,0.0,-1.0,0.0,0.0,0.0,0.0,0.0,0.498,0.493,0.513,0.43,0.474,0.479,2020-08-11,2020-08-05,2020-07-29,2020-08-17,2020-08-10,2020-08-04,0.0,0.0,0.0,100.0,100.0,100.0,1999-01-01,1999-01-01,1999-01-01,1999-01-01,1999-01-01,1999-01-01,0.0,0.0,0.0,100.0,100.0,100.0,1999-01-01,1999-01-01,1999-01-01,1999-01-01,1999-01-01,1999-01-01,0.0,0.0,0.0,100.0,100.0,100.0,1999-01-01,1999-01-01,1999-01-01,1999-01-01,1999-01-01,1999-01-01,0.0,0.0,0.0,100.0,100.0,100.0,1999-01-01,1999-01-01,1999-01-01,1999-01-01,1999-01-01,1999-01-01,0.0,0.0,0.0,100.0,100.0,100.0,1999-01-01,1999-01-01,1999-01-01,1999-01-01,1999-01-01,1999-01-01,0.0,0.0,0.0,-0.007,100.0,100.0,1999-01-01,1999-01-01,1999-01-01,2020-08-13,1999-01-01,1999-01-01,0.0,0.0,0.0,-0.01,100.0,100.0,1999-01-01,1999-01-01,1999-01-01,2020-08-14,1999-01-01,1999-01-01,0.0,0.0,0.0,100.0,100.0,100.0,1999-01-01,1999-01-01,1999-01-01,1999-01-01,1999-01-01,1999-01-01,3569100.0,6188200.0,2810600.0,-1.31,-36.61,-25.43,0.0,0.0,0.0,100.0,100.0,100.0,0.0,0.0,0.0,100.0,100.0,100.0,0.0,0.0,0.0,100.0,100.0,100.0,0.0,0.0,0.0,100.0,100.0,100.0,33.333,40.875,0.0,5.904,10.56,100.0,0.0,0.0,0.0,100.0,100.0,100.0,1999-01-01,1999-01-01,1999-01-01,1999-01-01,1999-01-01,1999-01-01,0,0,0,0,0,0,1999-01-01,1999-01-01,1999-01-01,1999-01-01,1999-01-01,1999-01-01,2020-08-11,2020-08-05,1999-01-01,2020-08-14,2020-08-10,1999-01-01,1999-01-01,1999-01-01,1999-01-01,1999-01-01,1999-01-01,1999-01-01,,,,,n2p,,,,,Life.Empty,Life.Empty,Life.Empty,Life.Empty,Life.BullEnd,,
2020-08-18,RL,,,,,,,0,0,0,,0,0,0,0.44521,,,,0.44,0.47938,0.4886,0.49489,0.49867,-0.0106,,,-0.00613,-0.006,,-0.01555,,,-0.00714,,,-0.0196,,,-0.00971,,,-0.009,-0.00495,-0.00405,,,,0.46692,0.47998,-0.01305,-0.01102,-0.00795,-0.00307,,,,,-27.0,12.62,-11.48,54.01,0.0,0.0,-10.82,1.12,31.0,9.0,13.0,20.0,3.0,1.0,28.0,4.0,0.0098,0.0,0.00524,-0.00872,0.60033,37.51279,,,,,30.7874,19.92063,,30.787,25.90457,19.8035,,,,,0.08328,0.10826,,,,,,,-0.15,,,,,0.496,0.0,0.0,0.495,0.0,0.0,2020-07-24,1999-01-01,1999-01-01,2020-07-22,1999-01-01,1999-01-01,-10.24,0.2,,,,,16.0,2.0,0.0,0.0,0.0,0.0,-1.0,0.0,0.0,0.0,0.0,0.0,0.44,0.498,0.493,0.43,0.474,0.479,2020-08-18,2020-08-11,2020-08-05,2020-08-17,2020-08-10,2020-08-04,0.0,0.0,0.0,100.0,100.0,100.0,1999-01-01,1999-01-01,1999-01-01,1999-01-01,1999-01-01,1999-01-01,0.0,0.0,0.0,100.0,100.0,100.0,1999-01-01,1999-01-01,1999-01-01,1999-01-01,1999-01-01,1999-01-01,0.0,0.0,0.0,100.0,100.0,100.0,1999-01-01,1999-01-01,1999-01-01,1999-01-01,1999-01-01,1999-01-01,0.0,0.0,0.0,100.0,100.0,100.0,1999-01-01,1999-01-01,1999-01-01,1999-01-01,1999-01-01,1999-01-01,0.0,0.0,0.0,-0.006,100.0,100.0,1999-01-01,1999-01-01,1999-01-01,2020-08-18,1999-01-01,1999-01-01,0.0,0.0,0.0,-0.007,100.0,100.0,1999-01-01,1999-01-01,1999-01-01,2020-08-13,1999-01-01,1999-01-01,0.0,0.0,0.0,-0.01,100.0,100.0,1999-01-01,1999-01-01,1999-01-01,2020-08-14,1999-01-01,1999-01-01,0.0,0.0,0.0,100.0,100.0,100.0,1999-01-01,1999-01-01,1999-01-01,1999-01-01,1999-01-01,1999-01-01,6188200.0,2810600.0,1942000.0,-36.61,-25.43,-12.95,0.0,0.0,0.0,100.0,100.0,100.0,0.0,0.0,0.0,100.0,100.0,100.0,0.0,0.0,0.0,100.0,100.0,100.0,0.0,0.0,0.0,100.0,100.0,100.0,30.787,33.333,40.875,5.904,10.56,100.0,0.0,0.0,0.0,100.0,100.0,100.0,1999-01-01,1999-01-01,1999-01-01,1999-01-01,1999-01-01,1999-01-01,0,0,0,0,0,0,1999-01-01,1999-01-01,1999-01-01,1999-01-01,1999-01-01,1999-01-01,2020-08-18,2020-08-11,2020-08-05,2020-08-14,2020-08-10,1999-01-01,1999-01-01,1999-01-01,1999-01-01,1999-01-01,1999-01-01,1999-01-01,,,,,,,,,,Life.Empty,Life.Empty,Life.Empty,Life.Empty,Life.BullEnd,,
2020-08-19,RL,,,,,,,0,0,0,,0,0,0,0.44057,,,0.425,,0.47519,0.4861,0.49351,0.49794,-0.01172,,,-0.00611,,,-0.01711,,,-0.00686,,,-0.0216,,,-0.00945,,,-0.00988,-0.0054,-0.00449,,,,0.46046,0.4759,-0.01544,-0.01199,-0.00876,-0.00323,,,,,-26.23,12.62,-11.48,54.01,0.0,0.0,-10.82,1.12,30.0,9.0,13.0,20.0,3.0,1.0,28.0,4.0,-0.0,-0.0146,0.00349,-0.00976,0.35699,26.30728,,,,,19.29134,24.3832,19.291,,32.80752,25.48984,,,,,0.07872,0.10249,,,,,,,-0.15,,,,,0.496,0.0,0.0,0.495,0.0,0.0,2020-07-24,1999-01-01,1999-01-01,2020-07-22,1999-01-01,1999-01-01,-11.18,0.2,,,,,17.0,2.0,0.0,0.0,0.0,0.0,-1.0,0.0,0.0,0.0,0.0,0.0,0.44,0.498,0.493,0.425,0.43,0.474,2020-08-18,2020-08-11,2020-08-05,2020-08-19,2020-08-17,2020-08-10,0.0,0.0,0.0,100.0,100.0,100.0,1999-01-01,1999-01-01,1999-01-01,1999-01-01,1999-01-01,1999-01-01,0.0,0.0,0.0,100.0,100.0,100.0,1999-01-01,1999-01-01,1999-01-01,1999-01-01,1999-01-01,1999-01-01,0.0,0.0,0.0,100.0,100.0,100.0,1999-01-01,1999-01-01,1999-01-01,1999-01-01,1999-01-01,1999-01-01,0.0,0.0,0.0,100.0,100.0,100.0,1999-01-01,1999-01-01,1999-01-01,1999-01-01,1999-01-01,1999-01-01,0.0,0.0,0.0,-0.006,100.0,100.0,1999-01-01,1999-01-01,1999-01-01,2020-08-18,1999-01-01,1999-01-01,0.0,0.0,0.0,-0.007,100.0,100.0,1999-01-01,1999-01-01,1999-01-01,2020-08-13,1999-01-01,1999-01-01,0.0,0.0,0.0,-0.01,100.0,100.0,1999-01-01,1999-01-01,1999-01-01,2020-08-14,1999-01-01,1999-01-01,0.0,0.0,0.0,100.0,100.0,100.0,1999-01-01,1999-01-01,1999-01-01,1999-01-01,1999-01-01,1999-01-01,2810600.0,1942000.0,1831500.0,-25.43,-12.95,-39.82,0.0,0.0,0.0,100.0,100.0,100.0,0.0,0.0,0.0,100.0,100.0,100.0,0.0,0.0,0.0,100.0,100.0,100.0,0.0,0.0,0.0,100.0,100.0,100.0,30.787,33.333,40.875,19.291,5.904,10.56,0.0,0.0,0.0,100.0,100.0,100.0,1999-01-01,1999-01-01,1999-01-01,1999-01-01,1999-01-01,1999-01-01,0,0,0,0,0,0,1999-01-01,1999-01-01,1999-01-01,1999-01-01,1999-01-01,1999-01-01,2020-08-18,2020-08-11,2020-08-05,2020-08-19,2020-08-14,2020-08-10,1999-01-01,1999-01-01,1999-01-01,1999-01-01,1999-01-01,1999-01-01,,,,,,,,,,Life.Empty,Life.Empty,Life.Empty,Life.Empty,Life.BullEnd,,
2020-08-21,RL,,,,,,,0,0,0,,0,0,0,0.43657,,,,,0.47282,0.48447,0.49253,0.4974,-0.01291,,,-0.00603,,,-0.01876,,,-0.0065,,,-0.02371,,,-0.00909,,,-0.01081,-0.00585,-0.00495,,,,0.45799,0.47356,-0.01558,-0.01296,-0.0096,-0.00336,,,,,-25.56,12.62,-11.48,54.01,0.0,0.0,-10.82,1.12,28.0,9.0,13.0,20.0,3.0,1.0,28.0,4.0,0.0195,0.0,0.00488,-0.00871,0.55984,35.8907,,,,,39.14591,29.74155,,,44.12741,34.27984,,,,,0.07553,0.09703,,,,,,,-0.15,,,,,0.496,0.0,0.0,0.495,0.0,0.0,2020-07-24,1999-01-01,1999-01-01,2020-07-22,1999-01-01,1999-01-01,-11.98,0.2,,,,,18.0,2.0,0.0,0.0,0.0,0.0,-1.0,0.0,0.0,0.0,0.0,0.0,0.44,0.498,0.493,0.425,0.43,0.474,2020-08-18,2020-08-11,2020-08-05,2020-08-19,2020-08-17,2020-08-10,0.0,0.0,0.0,100.0,100.0,100.0,1999-01-01,1999-01-01,1999-01-01,1999-01-01,1999-01-01,1999-01-01,0.0,0.0,0.0,100.0,100.0,100.0,1999-01-01,1999-01-01,1999-01-01,1999-01-01,1999-01-01,1999-01-01,0.0,0.0,0.0,100.0,100.0,100.0,1999-01-01,1999-01-01,1999-01-01,1999-01-01,1999-01-01,1999-01-01,0.0,0.0,0.0,100.0,100.0,100.0,1999-01-01,1999-01-01,1999-01-01,1999-01-01,1999-01-01,1999-01-01,0.0,0.0,0.0,-0.006,100.0,100.0,1999-01-01,1999-01-01,1999-01-01,2020-08-18,1999-01-01,1999-01-01,0.0,0.0,0.0,-0.007,100.0,100.0,1999-01-01,1999-01-01,1999-01-01,2020-08-13,1999-01-01,1999-01-01,0.0,0.0,0.0,-0.01,100.0,100.0,1999-01-01,1999-01-01,1999-01-01,2020-08-14,1999-01-01,1999-01-01,0.0,0.0,0.0,100.0,100.0,100.0,1999-01-01,1999-01-01,1999-01-01,1999-01-01,1999-01-01,1999-01-01,1942000.0,1831500.0,2894100.0,-12.95,-39.82,1.27,0.0,0.0,0.0,100.0,100.0,100.0,0.0,0.0,0.0,100.0,100.0,100.0,0.0,0.0,0.0,100.0,100.0,100.0,0.0,0.0,0.0,100.0,100.0,100.0,30.787,33.333,40.875,19.291,5.904,10.56,0.0,0.0,0.0,100.0,100.0,100.0,1999-01-01,1999-01-01,1999-01-01,1999-01-01,1999-01-01,1999-01-01,0,0,0,0,0,0,1999-01-01,1999-01-01,1999-01-01,1999-01-01,1999-01-01,1999-01-01,2020-08-18,2020-08-11,2020-08-05,2020-08-19,2020-08-14,2020-08-10,1999-01-01,1999-01-01,1999-01-01,1999-01-01,1999-01-01,1999-01-01,2894100.0,,,,,,,,n2p,Life.Empty,Life.Empty,Life.Empty,Life.Empty,Life.BullEnd,,
2020-08-24,RL,,,,,,,0,0,0,,0,0,0,0.4331,,,,0.444,0.47063,0.4829,0.49158,0.49688,-0.01416,,,-0.00591,,,-0.02047,,,-0.00607,,,-0.02592,,,-0.00866,,,-0.01176,-0.00631,-0.00545,,,,0.4559,0.4714,-0.01551,-0.01393,-0.01046,-0.00346,,,,,-24.96,12.62,-11.48,54.01,0.0,0.0,-10.82,1.12,27.0,9.0,13.0,20.0,3.0,1.0,28.0,4.0,0.0,0.0,0.00488,-0.00836,0.58326,36.83927,,,,,39.14591,32.52772,,39.146,54.3284,43.75444,,,,,0.07118,0.09188,,,,,,,-0.15,,,,,0.496,0.0,0.0,0.495,0.0,0.0,2020-07-24,1999-01-01,1999-01-01,2020-07-22,1999-01-01,1999-01-01,-12.68,0.2,,,,,19.0,2.0,0.0,0.0,0.0,0.0,-1.0,0.0,0.0,0.0,0.0,0.0,0.444,0.44,0.498,0.425,0.43,0.474,2020-08-24,2020-08-18,2020-08-11,2020-08-19,2020-08-17,2020-08-10,0.0,0.0,0.0,100.0,100.0,100.0,1999-01-01,1999-01-01,1999-01-01,1999-01-01,1999-01-01,1999-01-01,0.0,0.0,0.0,100.0,100.0,100.0,1999-01-01,1999-01-01,1999-01-01,1999-01-01,1999-01-01,1999-01-01,0.0,0.0,0.0,100.0,100.0,100.0,1999-01-01,1999-01-01,1999-01-01,1999-01-01,1999-01-01,1999-01-01,0.0,0.0,0.0,100.0,100.0,100.0,1999-01-01,1999-01-01,1999-01-01,1999-01-01,1999-01-01,1999-01-01,0.0,0.0,0.0,-0.006,100.0,100.0,1999-01-01,1999-01-01,1999-01-01,2020-08-18,1999-01-01,1999-01-01,0.0,0.0,0.0,-0.007,100.0,100.0,1999-01-01,1999-01-01,1999-01-01,2020-08-13,1999-01-01,1999-01-01,0.0,0.0,0.0,-0.01,100.0,100.0,1999-01-01,1999-01-01,1999-01-01,2020-08-14,1999-01-01,1999-01-01,0.0,0.0,0.0,100.0,100.0,100.0,1999-01-01,1999-01-01,1999-01-01,1999-01-01,1999-01-01,1999-01-01,1831500.0,2894100.0,1503500.0,-39.82,1.27,-6.58,0.0,0.0,0.0,100.0,100.0,100.0,0.0,0.0,0.0,100.0,100.0,100.0,0.0,0.0,0.0,100.0,100.0,100.0,0.0,0.0,0.0,100.0,100.0,100.0,39.146,30.787,33.333,19.291,5.904,10.56,0.0,0.0,0.0,100.0,100.0,100.0,1999-01-01,1999-01-01,1999-01-01,1999-01-01,1999-01-01,1999-01-01,0,0,0,0,0,0,1999-01-01,1999-01-01,1999-01-01,1999-01-01,1999-01-01,1999-01-01,2020-08-24,2020-08-18,2020-08-11,2020-08-19,2020-08-14,2020-08-10,1999-01-01,1999-01-01,1999-01-01,1999-01-01,1999-01-01,1999-01-01,,,,,,,,n2p,,Life.Empty,Life.Empty,Life.Empty,Life.Empty,Life.BullEnd,,
2020-08-25,RL,,,,,,,0,0,0,,0,0,0,0.42987,,,,,0.46749,0.48081,0.49035,0.49621,-0.01548,,,-0.00575,,,-0.02224,,,-0.0056,,,-0.02821,,,-0.00816,,,-0.01273,-0.00676,-0.00597,,,,0.45187,0.46831,-0.01645,-0.01488,-0.01135,-0.00354,,,,,-24.4,12.62,-11.48,54.01,0.0,0.0,-10.82,1.12,26.0,9.0,13.0,20.0,3.0,1.0,28.0,4.0,-0.0,-0.0147,0.00488,-0.00837,0.58276,36.81941,,,,,26.06762,34.78648,,,56.12334,51.52638,,,,,0.06819,0.08703,,,,,,,-0.15,,,,,0.496,0.0,0.0,0.495,0.0,0.0,2020-07-24,1999-01-01,1999-01-01,2020-07-22,1999-01-01,1999-01-01,-13.33,0.2,,,,,20.0,2.0,0.0,0.0,0.0,0.0,-1.0,0.0,0.0,0.0,0.0,0.0,0.444,0.44,0.498,0.425,0.43,0.474,2020-08-24,2020-08-18,2020-08-11,2020-08-19,2020-08-17,2020-08-10,0.0,0.0,0.0,100.0,100.0,100.0,1999-01-01,1999-01-01,1999-01-01,1999-01-01,1999-01-01,1999-01-01,0.0,0.0,0.0,100.0,100.0,100.0,1999-01-01,1999-01-01,1999-01-01,1999-01-01,1999-01-01,1999-01-01,0.0,0.0,0.0,100.0,100.0,100.0,1999-01-01,1999-01-01,1999-01-01,1999-01-01,1999-01-01,1999-01-01,0.0,0.0,0.0,100.0,100.0,100.0,1999-01-01,1999-01-01,1999-01-01,1999-01-01,1999-01-01,1999-01-01,0.0,0.0,0.0,-0.006,100.0,100.0,1999-01-01,1999-01-01,1999-01-01,2020-08-18,1999-01-01,1999-01-01,0.0,0.0,0.0,-0.007,100.0,100.0,1999-01-01,1999-01-01,1999-01-01,2020-08-13,1999-01-01,1999-01-01,0.0,0.0,0.0,-0.01,100.0,100.0,1999-01-01,1999-01-01,1999-01-01,2020-08-14,1999-01-01,1999-01-01,0.0,0.0,0.0,100.0,100.0,100.0,1999-01-01,1999-01-01,1999-01-01,1999-01-01,1999-01-01,1999-01-01,2894100.0,1503500.0,1803700.0,1.27,-6.58,-0.45,0.0,0.0,0.0,100.0,100.0,100.0,0.0,0.0,0.0,100.0,100.0,100.0,0.0,0.0,0.0,100.0,100.0,100.0,0.0,0.0,0.0,100.0,100.0,100.0,39.146,30.787,33.333,19.291,5.904,10.56,0.0,0.0,0.0,100.0,100.0,100.0,1999-01-01,1999-01-01,1999-01-01,1999-01-01,1999-01-01,1999-01-01,0,0,0,0,0,0,1999-01-01,1999-01-01,1999-01-01,1999-01-01,1999-01-01,1999-01-01,2020-08-24,2020-08-18,2020-08-11,2020-08-19,2020-08-14,2020-08-10,1999-01-01,1999-01-01,1999-01-01,1999-01-01,1999-01-01,1999-01-01,,,,,,,n2p,,,Life.Empty,Life.Empty,Life.Empty,Life.Empty,Life.BullEnd,,
2020-08-26,RL,,,,,,,0,0,0,,0,0,0,0.42655,,,,,0.46421,0.47862,0.48906,0.4955,-0.01686,,,-0.00557,,,-0.02406,,,-0.0051,,,-0.03058,,,-0.00762,,,-0.01373,-0.00721,-0.00652,,,,0.44772,0.4651,-0.01738,-0.01581,-0.01224,-0.00357,,,,,-23.81,12.62,-11.48,54.01,0.0,0.0,-10.82,1.12,25.0,9.0,13.0,20.0,3.0,1.0,28.0,4.0,-0.0,-0.0048,0.00384,-0.00871,0.44016,30.56346,,,,,21.79715,29.00356,,,40.30228,50.25134,,,,,0.06471,0.08246,,,,,,,-0.15,,,,,0.496,0.0,0.0,0.495,0.0,0.0,2020-07-24,1999-01-01,1999-01-01,2020-07-22,1999-01-01,1999-01-01,-14.0,0.2,,,,,21.0,2.0,0.0,0.0,0.0,0.0,-1.0,0.0,0.0,0.0,0.0,0.0,0.444,0.44,0.498,0.425,0.43,0.474,2020-08-24,2020-08-18,2020-08-11,2020-08-19,2020-08-17,2020-08-10,0.0,0.0,0.0,100.0,100.0,100.0,1999-01-01,1999-01-01,1999-01-01,1999-01-01,1999-01-01,1999-01-01,0.0,0.0,0.0,100.0,100.0,100.0,1999-01-01,1999-01-01,1999-01-01,1999-01-01,1999-01-01,1999-01-01,0.0,0.0,0.0,100.0,100.0,100.0,1999-01-01,1999-01-01,1999-01-01,1999-01-01,1999-01-01,1999-01-01,0.0,0.0,0.0,100.0,100.0,100.0,1999-01-01,1999-01-01,1999-01-01,1999-01-01,1999-01-01,1999-01-01,0.0,0.0,0.0,-0.006,100.0,100.0,1999-01-01,1999-01-01,1999-01-01,2020-08-18,1999-01-01,1999-01-01,0.0,0.0,0.0,-0.007,100.0,100.0,1999-01-01,1999-01-01,1999-01-01,2020-08-13,1999-01-01,1999-01-01,0.0,0.0,0.0,-0.01,100.0,100.0,1999-01-01,1999-01-01,1999-01-01,2020-08-14,1999-01-01,1999-01-01,0.0,0.0,0.0,100.0,100.0,100.0,1999-01-01,1999-01-01,1999-01-01,1999-01-01,1999-01-01,1999-01-01,1503500.0,1803700.0,2169000.0,-6.58,-0.45,-11.69,0.0,0.0,0.0,100.0,100.0,100.0,0.0,0.0,0.0,100.0,100.0,100.0,0.0,0.0,0.0,100.0,100.0,100.0,0.0,0.0,0.0,100.0,100.0,100.0,39.146,30.787,33.333,19.291,5.904,10.56,0.0,0.0,0.0,100.0,100.0,100.0,1999-01-01,1999-01-01,1999-01-01,1999-01-01,1999-01-01,1999-01-01,0,0,0,0,0,0,1999-01-01,1999-01-01,1999-01-01,1999-01-01,1999-01-01,1999-01-01,2020-08-24,2020-08-18,2020-08-11,2020-08-19,2020-08-14,2020-08-10,1999-01-01,1999-01-01,1999-01-01,1999-01-01,1999-01-01,1999-01-01,,,,,,n2p,,,,Life.Empty,Life.Empty,Life.Empty,Life.Empty,Life.BullEnd,,
2020-08-27,RL,,,,,,,0,0,0,,0,0,0,0.4229,,,,,0.46119,0.47651,0.48779,0.4948,-0.01829,,,-0.00535,,,-0.02592,,,-0.00457,,,-0.03302,,,-0.00704,,,-0.01473,-0.00764,-0.0071,,,,0.44421,0.46212,-0.01791,-0.01671,-0.01313,-0.00358,,,-0.004,,-23.15,12.62,-11.48,54.01,0.0,0.0,-10.82,1.12,24.0,9.0,13.0,20.0,3.0,1.0,28.0,4.0,0.0,0.0,0.00384,-0.00836,0.45858,31.44028,,,,,21.79715,23.22064,,,19.46187,38.62916,,,,,0.06113,0.07817,,,,,,,-0.15,,,,,0.496,0.0,0.0,0.495,0.0,0.0,2020-07-24,1999-01-01,1999-01-01,2020-07-22,1999-01-01,1999-01-01,-14.74,0.2,,,,,22.0,2.0,0.0,0.0,0.0,0.0,-1.0,0.0,0.0,0.0,0.0,0.0,0.444,0.44,0.498,0.425,0.43,0.474,2020-08-24,2020-08-18,2020-08-11,2020-08-19,2020-08-17,2020-08-10,0.0,0.0,0.0,100.0,100.0,100.0,1999-01-01,1999-01-01,1999-01-01,1999-01-01,1999-01-01,1999-01-01,0.0,0.0,0.0,100.0,100.0,100.0,1999-01-01,1999-01-01,1999-01-01,1999-01-01,1999-01-01,1999-01-01,0.0,0.0,0.0,100.0,100.0,100.0,1999-01-01,1999-01-01,1999-01-01,1999-01-01,1999-01-01,1999-01-01,0.0,0.0,0.0,100.0,100.0,100.0,1999-01-01,1999-01-01,1999-01-01,1999-01-01,1999-01-01,1999-01-01,0.0,0.0,0.0,-0.006,100.0,100.0,1999-01-01,1999-01-01,1999-01-01,2020-08-18,1999-01-01,1999-01-01,0.0,0.0,0.0,-0.007,100.0,100.0,1999-01-01,1999-01-01,1999-01-01,2020-08-13,1999-01-01,1999-01-01,0.0,0.0,0.0,-0.01,100.0,100.0,1999-01-01,1999-01-01,1999-01-01,2020-08-14,1999-01-01,1999-01-01,0.0,0.0,0.0,100.0,100.0,100.0,1999-01-01,1999-01-01,1999-01-01,1999-01-01,1999-01-01,1999-01-01,1803700.0,2169000.0,773600.0,-0.45,-11.69,-13.33,0.0,0.0,0.0,100.0,100.0,100.0,0.0,0.0,0.0,-0.004,100.0,100.0,0.0,0.0,0.0,100.0,100.0,100.0,0.0,0.0,0.0,100.0,100.0,100.0,39.146,30.787,33.333,19.291,5.904,10.56,0.0,0.0,0.0,100.0,100.0,100.0,1999-01-01,1999-01-01,1999-01-01,1999-01-01,1999-01-01,1999-01-01,0,0,0,0,0,0,1999-01-01,1999-01-01,1999-01-01,1999-01-01,1999-01-01,1999-01-01,2020-08-24,2020-08-18,2020-08-11,2020-08-19,2020-08-14,2020-08-10,1999-01-01,1999-01-01,1999-01-01,1999-01-01,1999-01-01,1999-01-01,,,,,n2p,,,,,Life.Empty,Life.Empty,Life.Empty,Life.Empty,Life.BullEnd,,
2020-08-28,RL,,,,,,,0,0,0,,0,0,0,0.41879,,,,,0.45839,0.47449,0.48654,0.4941,-0.01977,,,-0.00511,,,-0.02781,,,-0.00402,,,-0.03551,,,-0.00643,,,-0.01574,-0.00804,-0.0077,,,,0.44124,0.45936,-0.01813,-0.01757,-0.01402,-0.00355,,,,,-22.4,12.62,-11.48,54.01,0.0,0.0,-10.82,1.12,23.0,9.0,13.0,20.0,3.0,1.0,28.0,4.0,0.0,0.0,0.00384,-0.00767,0.5,33.33333,,,,,21.79715,21.79715,,,12.5641,24.10942,,,,,0.05746,0.07414,,,,,,,-0.15,,,,,0.496,0.0,0.0,0.495,0.0,0.0,2020-07-24,1999-01-01,1999-01-01,2020-07-22,1999-01-01,1999-01-01,-15.57,0.2,,,,,23.0,2.0,0.0,0.0,0.0,0.0,-1.0,0.0,0.0,0.0,0.0,0.0,0.444,0.44,0.498,0.425,0.43,0.474,2020-08-24,2020-08-18,2020-08-11,2020-08-19,2020-08-17,2020-08-10,0.0,0.0,0.0,100.0,100.0,100.0,1999-01-01,1999-01-01,1999-01-01,1999-01-01,1999-01-01,1999-01-01,0.0,0.0,0.0,100.0,100.0,100.0,1999-01-01,1999-01-01,1999-01-01,1999-01-01,1999-01-01,1999-01-01,0.0,0.0,0.0,100.0,100.0,100.0,1999-01-01,1999-01-01,1999-01-01,1999-01-01,1999-01-01,1999-01-01,0.0,0.0,0.0,100.0,100.0,100.0,1999-01-01,1999-01-01,1999-01-01,1999-01-01,1999-01-01,1999-01-01,0.0,0.0,0.0,-0.006,100.0,100.0,1999-01-01,1999-01-01,1999-01-01,2020-08-18,1999-01-01,1999-01-01,0.0,0.0,0.0,-0.007,100.0,100.0,1999-01-01,1999-01-01,1999-01-01,2020-08-13,1999-01-01,1999-01-01,0.0,0.0,0.0,-0.01,100.0,100.0,1999-01-01,1999-01-01,1999-01-01,2020-08-14,1999-01-01,1999-01-01,0.0,0.0,0.0,100.0,100.0,100.0,1999-01-01,1999-01-01,1999-01-01,1999-01-01,1999-01-01,1999-01-01,2169000.0,773600.0,923800.0,-11.69,-13.33,-18.54,0.0,0.0,0.0,100.0,100.0,100.0,0.0,0.0,0.0,-0.004,100.0,100.0,0.0,0.0,0.0,100.0,100.0,100.0,0.0,0.0,0.0,100.0,100.0,100.0,39.146,30.787,33.333,19.291,5.904,10.56,0.0,0.0,0.0,100.0,100.0,100.0,1999-01-01,1999-01-01,1999-01-01,1999-01-01,1999-01-01,1999-01-01,0,0,0,0,0,0,1999-01-01,1999-01-01,1999-01-01,1999-01-01,1999-01-01,1999-01-01,2020-08-24,2020-08-18,2020-08-11,2020-08-19,2020-08-14,2020-08-10,1999-01-01,1999-01-01,1999-01-01,1999-01-01,1999-01-01,1999-01-01,,,,,,,,,,Life.Empty,Life.Empty,Life.Empty,Life.Empty,Life.BullEnd,,
2020-09-01,RL,,,,,,,0,0,0,,0,0,0,0.4143,,,,,0.45506,0.47216,0.48513,0.49331,-0.02129,,,-0.00486,,,-0.02972,,,-0.00347,,,-0.03804,,,-0.00582,,,-0.01675,-0.00843,-0.00832,,,,0.43722,0.45608,-0.01887,-0.01837,-0.01489,-0.00348,,,,,-21.55,12.62,-11.48,54.01,0.0,0.0,-10.82,1.12,21.0,9.0,13.0,20.0,3.0,1.0,28.0,4.0,-0.0,-0.0098,0.00384,-0.00802,0.47818,32.3494,29.21056,,,,13.07829,18.89087,,,8.37607,13.46735,,,,,0.05406,0.07037,,,,,,,-0.15,,,,,0.496,0.0,0.0,0.495,0.0,0.0,2020-07-24,1999-01-01,1999-01-01,2020-07-22,1999-01-01,1999-01-01,-16.47,0.2,,,,,24.0,2.0,0.0,0.0,0.0,0.0,-1.0,0.0,0.0,0.0,0.0,0.0,0.444,0.44,0.498,0.425,0.43,0.474,2020-08-24,2020-08-18,2020-08-11,2020-08-19,2020-08-17,2020-08-10,0.0,0.0,0.0,100.0,100.0,100.0,1999-01-01,1999-01-01,1999-01-01,1999-01-01,1999-01-01,1999-01-01,0.0,0.0,0.0,100.0,100.0,100.0,1999-01-01,1999-01-01,1999-01-01,1999-01-01,1999-01-01,1999-01-01,0.0,0.0,0.0,100.0,100.0,100.0,1999-01-01,1999-01-01,1999-01-01,1999-01-01,1999-01-01,1999-01-01,0.0,0.0,0.0,100.0,100.0,100.0,1999-01-01,1999-01-01,1999-01-01,1999-01-01,1999-01-01,1999-01-01,0.0,0.0,0.0,-0.006,100.0,100.0,1999-01-01,1999-01-01,1999-01-01,2020-08-18,1999-01-01,1999-01-01,0.0,0.0,0.0,-0.007,100.0,100.0,1999-01-01,1999-01-01,1999-01-01,2020-08-13,1999-01-01,1999-01-01,0.0,0.0,0.0,-0.01,100.0,100.0,1999-01-01,1999-01-01,1999-01-01,2020-08-14,1999-01-01,1999-01-01,0.0,0.0,0.0,100.0,100.0,100.0,1999-01-01,1999-01-01,1999-01-01,1999-01-01,1999-01-01,1999-01-01,773600.0,923800.0,1010800.0,-13.33,-18.54,-29.96,0.0,0.0,0.0,100.0,100.0,100.0,0.0,0.0,0.0,-0.004,100.0,100.0,0.0,0.0,0.0,100.0,100.0,100.0,0.0,0.0,0.0,100.0,100.0,100.0,39.146,30.787,33.333,19.291,5.904,10.56,0.0,0.0,0.0,100.0,100.0,100.0,1999-01-01,1999-01-01,1999-01-01,1999-01-01,1999-01-01,1999-01-01,0,0,0,0,0,0,1999-01-01,1999-01-01,1999-01-01,1999-01-01,1999-01-01,1999-01-01,2020-08-24,2020-08-18,2020-08-11,2020-08-19,2020-08-14,2020-08-10,1999-01-01,1999-01-01,1999-01-01,1999-01-01,1999-01-01,1999-01-01,,,,,,,,,,Life.Empty,Life.Empty,Life.Empty,Life.Empty,Life.BullEnd,,
2020-09-02,RL,,,,,,,0,0,0,,0,0,0,0.40956,,,,,0.45161,0.46973,0.48364,0.49249,-0.02286,,,-0.00459,,,-0.03164,,,-0.00292,,,-0.0406,,,-0.00519,,,-0.01775,-0.00879,-0.00896,,,,0.43306,0.45269,-0.01963,-0.01913,-0.01574,-0.00339,,,,,-20.65,12.62,-11.48,54.01,0.0,0.0,-10.82,1.12,20.0,9.0,13.0,20.0,3.0,1.0,28.0,4.0,-0.0,-0.0049,0.00209,-0.00837,0.25,20.0,28.17702,,,,11.14903,15.34149,,,8.96386,9.96801,,,,,0.05159,0.06683,,,,,,,-0.15,,,,,0.496,0.0,0.0,0.495,0.0,0.0,2020-07-24,1999-01-01,1999-01-01,2020-07-22,1999-01-01,1999-01-01,-17.43,0.2,,,,,25.0,2.0,0.0,0.0,0.0,0.0,-1.0,0.0,0.0,0.0,0.0,0.0,0.444,0.44,0.498,0.425,0.43,0.474,2020-08-24,2020-08-18,2020-08-11,2020-08-19,2020-08-17,2020-08-10,0.0,0.0,0.0,100.0,100.0,100.0,1999-01-01,1999-01-01,1999-01-01,1999-01-01,1999-01-01,1999-01-01,0.0,0.0,0.0,100.0,100.0,100.0,1999-01-01,1999-01-01,1999-01-01,1999-01-01,1999-01-01,1999-01-01,0.0,0.0,0.0,100.0,100.0,100.0,1999-01-01,1999-01-01,1999-01-01,1999-01-01,1999-01-01,1999-01-01,0.0,0.0,0.0,100.0,100.0,100.0,1999-01-01,1999-01-01,1999-01-01,1999-01-01,1999-01-01,1999-01-01,0.0,0.0,0.0,-0.006,100.0,100.0,1999-01-01,1999-01-01,1999-01-01,2020-08-18,1999-01-01,1999-01-01,0.0,0.0,0.0,-0.007,100.0,100.0,1999-01-01,1999-01-01,1999-01-01,2020-08-13,1999-01-01,1999-01-01,0.0,0.0,0.0,-0.01,100.0,100.0,1999-01-01,1999-01-01,1999-01-01,2020-08-14,1999-01-01,1999-01-01,0.0,0.0,0.0,100.0,100.0,100.0,1999-01-01,1999-01-01,1999-01-01,1999-01-01,1999-01-01,1999-01-01,923800.0,1010800.0,1573500.0,-18.54,-29.96,29.54,0.0,0.0,0.0,100.0,100.0,100.0,0.0,0.0,0.0,-0.004,100.0,100.0,0.0,0.0,0.0,100.0,100.0,100.0,0.0,0.0,0.0,100.0,100.0,100.0,39.146,30.787,33.333,19.291,5.904,10.56,0.0,0.0,0.0,100.0,100.0,100.0,1999-01-01,1999-01-01,1999-01-01,1999-01-01,1999-01-01,1999-01-01,0,0,0,0,0,0,1999-01-01,1999-01-01,1999-01-01,1999-01-01,1999-01-01,1999-01-01,2020-08-24,2020-08-18,2020-08-11,2020-08-19,2020-08-14,2020-08-10,1999-01-01,1999-01-01,1999-01-01,1999-01-01,1999-01-01,1999-01-01,-1573500.0,,,,,,,,n2p,Life.Empty,Life.Empty,Life.Empty,Life.Empty,Life.BullEnd,,
2020-09-03,RL,,,,,,,0,0,0,,0,0,0,0.40468,,,0.396,,0.4473,0.46682,0.4819,0.49152,-0.02445,,,-0.00431,,,-0.03357,,,-0.00236,,,-0.04319,,,-0.00455,,,-0.01873,-0.00911,-0.00962,,,,0.4273,0.44846,-0.02116,-0.01983,-0.01656,-0.00327,,,,,-19.69,12.62,-11.48,54.01,0.0,0.0,-10.82,1.12,19.0,9.0,13.0,20.0,3.0,1.0,28.0,4.0,-0.0,-0.0146,0.00209,-0.00767,0.27281,21.4338,27.18884,,,,5.02049,9.74927,5.02,,8.49641,8.61211,,,,,0.0493,0.06353,,,,,,,-0.15,,,,,0.496,0.0,0.0,0.495,0.0,0.0,2020-07-24,1999-01-01,1999-01-01,2020-07-22,1999-01-01,1999-01-01,-18.41,0.2,,,,,26.0,2.0,0.0,0.0,0.0,0.0,-1.0,0.0,0.0,0.0,0.0,0.0,0.444,0.44,0.498,0.396,0.425,0.43,2020-08-24,2020-08-18,2020-08-11,2020-09-03,2020-08-19,2020-08-17,0.0,0.0,0.0,100.0,100.0,100.0,1999-01-01,1999-01-01,1999-01-01,1999-01-01,1999-01-01,1999-01-01,0.0,0.0,0.0,100.0,100.0,100.0,1999-01-01,1999-01-01,1999-01-01,1999-01-01,1999-01-01,1999-01-01,0.0,0.0,0.0,100.0,100.0,100.0,1999-01-01,1999-01-01,1999-01-01,1999-01-01,1999-01-01,1999-01-01,0.0,0.0,0.0,100.0,100.0,100.0,1999-01-01,1999-01-01,1999-01-01,1999-01-01,1999-01-01,1999-01-01,0.0,0.0,0.0,-0.006,100.0,100.0,1999-01-01,1999-01-01,1999-01-01,2020-08-18,1999-01-01,1999-01-01,0.0,0.0,0.0,-0.007,100.0,100.0,1999-01-01,1999-01-01,1999-01-01,2020-08-13,1999-01-01,1999-01-01,0.0,0.0,0.0,-0.01,100.0,100.0,1999-01-01,1999-01-01,1999-01-01,2020-08-14,1999-01-01,1999-01-01,0.0,0.0,0.0,100.0,100.0,100.0,1999-01-01,1999-01-01,1999-01-01,1999-01-01,1999-01-01,1999-01-01,1010800.0,1573500.0,2553400.0,-29.96,29.54,46.45,0.0,0.0,0.0,100.0,100.0,100.0,0.0,0.0,0.0,-0.004,100.0,100.0,0.0,0.0,0.0,100.0,100.0,100.0,0.0,0.0,0.0,100.0,100.0,100.0,39.146,30.787,33.333,5.02,19.291,5.904,0.0,0.0,0.0,100.0,100.0,100.0,1999-01-01,1999-01-01,1999-01-01,1999-01-01,1999-01-01,1999-01-01,0,0,0,0,0,0,1999-01-01,1999-01-01,1999-01-01,1999-01-01,1999-01-01,1999-01-01,2020-08-24,2020-08-18,2020-08-11,2020-09-03,2020-08-19,2020-08-14,1999-01-01,1999-01-01,1999-01-01,1999-01-01,1999-01-01,1999-01-01,,,,,,,,n2p,,Life.Empty,Life.Empty,Life.Empty,Life.Empty,Life.BullEnd,,
2020-09-04,RL,,,,,,,0,0,0,,0,0,0,0.39984,,,,,0.4437,0.46422,0.48029,0.49062,-0.02609,,,-0.00401,,,-0.03549,,,-0.0018,,,-0.0458,,,-0.0039,,,-0.01971,-0.00941,-0.0103,,,,0.42316,0.4449,-0.02174,-0.02048,-0.01734,-0.00314,,,,,-18.72,12.62,-11.48,54.01,0.0,0.0,-10.82,1.12,18.0,9.0,13.0,20.0,3.0,1.0,28.0,4.0,0.0048,0.0,0.00244,-0.00767,0.3175,24.09894,26.24395,,,,21.01293,12.39415,,,21.81608,13.09212,,,,,0.04752,0.06043,,,,,,,-0.15,,,,,0.496,0.0,0.0,0.495,0.0,0.0,2020-07-24,1999-01-01,1999-01-01,2020-07-22,1999-01-01,1999-01-01,-19.39,0.2,,,,,27.0,2.0,0.0,0.0,0.0,0.0,-1.0,0.0,0.0,0.0,0.0,0.0,0.444,0.44,0.498,0.396,0.425,0.43,2020-08-24,2020-08-18,2020-08-11,2020-09-03,2020-08-19,2020-08-17,0.0,0.0,0.0,100.0,100.0,100.0,1999-01-01,1999-01-01,1999-01-01,1999-01-01,1999-01-01,1999-01-01,0.0,0.0,0.0,100.0,100.0,100.0,1999-01-01,1999-01-01,1999-01-01,1999-01-01,1999-01-01,1999-01-01,0.0,0.0,0.0,100.0,100.0,100.0,1999-01-01,1999-01-01,1999-01-01,1999-01-01,1999-01-01,1999-01-01,0.0,0.0,0.0,100.0,100.0,100.0,1999-01-01,1999-01-01,1999-01-01,1999-01-01,1999-01-01,1999-01-01,0.0,0.0,0.0,-0.006,100.0,100.0,1999-01-01,1999-01-01,1999-01-01,2020-08-18,1999-01-01,1999-01-01,0.0,0.0,0.0,-0.007,100.0,100.0,1999-01-01,1999-01-01,1999-01-01,2020-08-13,1999-01-01,1999-01-01,0.0,0.0,0.0,-0.01,100.0,100.0,1999-01-01,1999-01-01,1999-01-01,2020-08-14,1999-01-01,1999-01-01,0.0,0.0,0.0,100.0,100.0,100.0,1999-01-01,1999-01-01,1999-01-01,1999-01-01,1999-01-01,1999-01-01,1573500.0,2553400.0,1989800.0,29.54,46.45,19.06,0.0,0.0,0.0,100.0,100.0,100.0,0.0,0.0,0.0,-0.004,100.0,100.0,0.0,0.0,0.0,100.0,100.0,100.0,0.0,0.0,0.0,100.0,100.0,100.0,39.146,30.787,33.333,5.02,19.291,5.904,0.0,0.0,0.0,100.0,100.0,100.0,1999-01-01,1999-01-01,1999-01-01,1999-01-01,1999-01-01,1999-01-01,0,0,0,0,0,0,1999-01-01,1999-01-01,1999-01-01,1999-01-01,1999-01-01,1999-01-01,2020-08-24,2020-08-18,2020-08-11,2020-09-03,2020-08-19,2020-08-14,1999-01-01,1999-01-01,1999-01-01,1999-01-01,1999-01-01,1999-01-01,,,,,,,n2p,,,Life.Empty,Life.Empty,Life.Empty,Life.Empty,Life.BullEnd,,
2020-09-07,RL,,,,,,,0,0,0,,0,0,0,0.39516,,,,0.4,0.44037,0.46172,0.47871,0.48972,-0.02775,,,-0.00369,,,-0.03741,,,-0.00122,,,-0.04842,,,-0.00323,,,-0.02067,-0.00967,-0.011,,,,0.41966,0.4416,-0.02194,-0.02109,-0.01809,-0.003,,,,,-17.75,12.62,-11.48,54.01,0.0,0.0,-10.82,1.12,17.0,9.0,13.0,20.0,3.0,1.0,28.0,4.0,0.0,0.0,0.00244,-0.00593,0.41084,29.12041,25.33995,,,,24.96799,17.00047,,24.968,31.81298,20.70849,,,,,0.04517,0.05754,,,,,,,-0.15,,,,,0.496,0.0,0.0,0.495,0.0,0.0,2020-07-24,1999-01-01,1999-01-01,2020-07-22,1999-01-01,1999-01-01,-20.33,0.2,,,,,28.0,2.0,0.0,0.0,0.0,0.0,-1.0,0.0,0.0,0.0,0.0,0.0,0.4,0.444,0.44,0.396,0.425,0.43,2020-09-07,2020-08-24,2020-08-18,2020-09-03,2020-08-19,2020-08-17,0.0,0.0,0.0,100.0,100.0,100.0,1999-01-01,1999-01-01,1999-01-01,1999-01-01,1999-01-01,1999-01-01,0.0,0.0,0.0,100.0,100.0,100.0,1999-01-01,1999-01-01,1999-01-01,1999-01-01,1999-01-01,1999-01-01,0.0,0.0,0.0,100.0,100.0,100.0,1999-01-01,1999-01-01,1999-01-01,1999-01-01,1999-01-01,1999-01-01,0.0,0.0,0.0,100.0,100.0,100.0,1999-01-01,1999-01-01,1999-01-01,1999-01-01,1999-01-01,1999-01-01,0.0,0.0,0.0,-0.006,100.0,100.0,1999-01-01,1999-01-01,1999-01-01,2020-08-18,1999-01-01,1999-01-01,0.0,0.0,0.0,-0.007,100.0,100.0,1999-01-01,1999-01-01,1999-01-01,2020-08-13,1999-01-01,1999-01-01,0.0,0.0,0.0,-0.01,100.0,100.0,1999-01-01,1999-01-01,1999-01-01,2020-08-14,1999-01-01,1999-01-01,0.0,0.0,0.0,100.0,100.0,100.0,1999-01-01,1999-01-01,1999-01-01,1999-01-01,1999-01-01,1999-01-01,2553400.0,1989800.0,1531500.0,46.45,19.06,-0.69,0.0,0.0,0.0,100.0,100.0,100.0,0.0,0.0,0.0,-0.004,100.0,100.0,0.0,0.0,0.0,100.0,100.0,100.0,0.0,0.0,0.0,100.0,100.0,100.0,24.968,39.146,30.787,5.02,19.291,5.904,0.0,0.0,0.0,100.0,100.0,100.0,1999-01-01,1999-01-01,1999-01-01,1999-01-01,1999-01-01,1999-01-01,0,0,0,0,0,0,1999-01-01,1999-01-01,1999-01-01,1999-01-01,1999-01-01,1999-01-01,2020-09-07,2020-08-24,2020-08-18,2020-09-03,2020-08-19,2020-08-14,1999-01-01,1999-01-01,1999-01-01,1999-01-01,1999-01-01,1999-01-01,,,,,,n2p,,,,Life.Empty,Life.Empty,Life.Empty,Life.Empty,Life.BullEnd,,
2020-09-08,RL,,,,,,,0,0,0,,0,0,0,0.39082,,,,,0.43655,0.45893,0.47696,0.48873,-0.02944,,,-0.00335,,,-0.03933,,,-0.00063,,,-0.05106,,,-0.00253,,,-0.02162,-0.00989,-0.01172,-0.0019,,,0.4152,0.43783,-0.02263,-0.02166,-0.0188,-0.00285,,,,,-16.84,12.62,-11.48,54.01,0.0,0.0,-10.82,1.12,16.0,9.0,13.0,20.0,3.0,1.0,28.0,4.0,-0.0,-0.0097,0.00244,-0.00522,0.46648,31.8097,24.47765,,,,12.54802,19.50965,,,35.51664,29.71523,,,,,0.04299,0.05484,,,,,,,-0.15,,,,,0.496,0.0,0.0,0.495,0.0,0.0,2020-07-24,1999-01-01,1999-01-01,2020-07-22,1999-01-01,1999-01-01,-21.21,0.2,,,,,29.0,2.0,0.0,0.0,0.0,0.0,-1.0,0.0,0.0,0.0,0.0,0.0,0.4,0.444,0.44,0.396,0.425,0.43,2020-09-07,2020-08-24,2020-08-18,2020-09-03,2020-08-19,2020-08-17,0.0,0.0,0.0,100.0,100.0,100.0,1999-01-01,1999-01-01,1999-01-01,1999-01-01,1999-01-01,1999-01-01,0.0,0.0,0.0,100.0,100.0,100.0,1999-01-01,1999-01-01,1999-01-01,1999-01-01,1999-01-01,1999-01-01,0.0,0.0,0.0,100.0,100.0,100.0,1999-01-01,1999-01-01,1999-01-01,1999-01-01,1999-01-01,1999-01-01,0.0,0.0,0.0,100.0,100.0,100.0,1999-01-01,1999-01-01,1999-01-01,1999-01-01,1999-01-01,1999-01-01,0.0,0.0,0.0,-0.006,100.0,100.0,1999-01-01,1999-01-01,1999-01-01,2020-08-18,1999-01-01,1999-01-01,0.0,0.0,0.0,-0.007,100.0,100.0,1999-01-01,1999-01-01,1999-01-01,2020-08-13,1999-01-01,1999-01-01,0.0,0.0,0.0,-0.01,100.0,100.0,1999-01-01,1999-01-01,1999-01-01,2020-08-14,1999-01-01,1999-01-01,0.0,0.0,0.0,100.0,100.0,100.0,1999-01-01,1999-01-01,1999-01-01,1999-01-01,1999-01-01,1999-01-01,1989800.0,1531500.0,1018500.0,19.06,-0.69,-25.27,0.0,0.0,0.0,100.0,100.0,100.0,0.0,0.0,0.0,-0.004,100.0,100.0,0.0,0.0,0.0,100.0,100.0,100.0,0.0,0.0,0.0,100.0,100.0,100.0,24.968,39.146,30.787,5.02,19.291,5.904,0.0,0.0,0.0,100.0,100.0,100.0,1999-01-01,1999-01-01,1999-01-01,1999-01-01,1999-01-01,1999-01-01,0,0,0,0,0,0,1999-01-01,1999-01-01,1999-01-01,1999-01-01,1999-01-01,1999-01-01,2020-09-07,2020-08-24,2020-08-18,2020-09-03,2020-08-19,2020-08-14,1999-01-01,1999-01-01,1999-01-01,1999-01-01,1999-01-01,1999-01-01,,,,,n2p,,,,,Life.Empty,Life.Empty,Life.Empty,Life.Empty,Life.BullEnd,,
2020-09-09,RL,,,,,,,0,0,0,,0,0,0,0.38694,,,,,0.43264,0.45606,0.47516,0.48771,-0.03116,,,-0.00298,,,-0.04125,,,-1e-05,,,-0.05371,,,-0.00179,,,-0.02255,-0.01009,-0.01246,-0.00128,,,0.41068,0.43398,-0.0233,-0.02219,-0.01948,-0.00271,,,,,-16.01,12.62,-11.48,54.01,0.0,0.0,-10.82,1.12,15.0,9.0,13.0,20.0,3.0,1.0,28.0,4.0,-0.0,-0.0049,0.00174,-0.00557,0.31154,23.75367,23.66535,,,,11.80723,16.44108,,,31.74863,33.02608,,,,,0.04097,0.05232,,,,,,,-0.15,,,,,0.496,0.0,0.0,0.495,0.0,0.0,2020-07-24,1999-01-01,1999-01-01,2020-07-22,1999-01-01,1999-01-01,-21.99,0.2,,,,,30.0,2.0,0.0,0.0,0.0,0.0,-1.0,0.0,0.0,0.0,0.0,0.0,0.4,0.444,0.44,0.396,0.425,0.43,2020-09-07,2020-08-24,2020-08-18,2020-09-03,2020-08-19,2020-08-17,0.0,0.0,0.0,100.0,100.0,100.0,1999-01-01,1999-01-01,1999-01-01,1999-01-01,1999-01-01,1999-01-01,0.0,0.0,0.0,100.0,100.0,100.0,1999-01-01,1999-01-01,1999-01-01,1999-01-01,1999-01-01,1999-01-01,0.0,0.0,0.0,100.0,100.0,100.0,1999-01-01,1999-01-01,1999-01-01,1999-01-01,1999-01-01,1999-01-01,0.0,0.0,0.0,100.0,100.0,100.0,1999-01-01,1999-01-01,1999-01-01,1999-01-01,1999-01-01,1999-01-01,0.0,0.0,0.0,-0.006,100.0,100.0,1999-01-01,1999-01-01,1999-01-01,2020-08-18,1999-01-01,1999-01-01,0.0,0.0,0.0,-0.007,100.0,100.0,1999-01-01,1999-01-01,1999-01-01,2020-08-13,1999-01-01,1999-01-01,0.0,0.0,0.0,-0.01,100.0,100.0,1999-01-01,1999-01-01,1999-01-01,2020-08-14,1999-01-01,1999-01-01,0.0,0.0,0.0,100.0,100.0,100.0,1999-01-01,1999-01-01,1999-01-01,1999-01-01,1999-01-01,1999-01-01,1531500.0,1018500.0,711900.0,-0.69,-25.27,-28.15,0.0,0.0,0.0,100.0,100.0,100.0,0.0,0.0,0.0,-0.004,100.0,100.0,0.0,0.0,0.0,100.0,100.0,100.0,0.0,0.0,0.0,100.0,100.0,100.0,24.968,39.146,30.787,5.02,19.291,5.904,0.0,0.0,0.0,100.0,100.0,100.0,1999-01-01,1999-01-01,1999-01-01,1999-01-01,1999-01-01,1999-01-01,0,0,0,0,0,0,1999-01-01,1999-01-01,1999-01-01,1999-01-01,1999-01-01,1999-01-01,2020-09-07,2020-08-24,2020-08-18,2020-09-03,2020-08-19,2020-08-14,1999-01-01,1999-01-01,1999-01-01,1999-01-01,1999-01-01,1999-01-01,,,,,,,,,,Life.Empty,Life.Empty,Life.Empty,Life.Empty,Life.BullEnd,,
2020-09-10,RL,,,,,,,0,0,0,,0,0,0,0.3835,,,,,0.42866,0.45311,0.47329,0.48665,-0.03291,,,-0.00257,,,-0.04317,,,0.00065,,,-0.05638,,,-0.001,,,-0.02347,-0.01025,-0.01321,-0.00063,,,0.4061,0.43005,-0.02395,-0.02269,-0.02012,-0.00257,,,,,-15.25,12.62,-11.48,54.01,0.0,0.0,-10.82,1.12,14.0,9.0,13.0,20.0,3.0,1.0,28.0,4.0,-0.0,-0.0049,0.00174,-0.00488,0.35578,26.2419,22.91239,,,,11.14903,11.83476,,,26.52756,31.26427,,,,,0.03979,0.04997,,,,,,,-0.15,,,,,0.496,0.0,0.0,0.495,0.0,0.0,2020-07-24,1999-01-01,1999-01-01,2020-07-22,1999-01-01,1999-01-01,-22.68,0.2,,,,,31.0,2.0,0.0,0.0,0.0,0.0,-1.0,0.0,0.0,0.0,0.0,0.0,0.4,0.444,0.44,0.396,0.425,0.43,2020-09-07,2020-08-24,2020-08-18,2020-09-03,2020-08-19,2020-08-17,0.0,0.0,0.0,100.0,100.0,100.0,1999-01-01,1999-01-01,1999-01-01,1999-01-01,1999-01-01,1999-01-01,0.0,0.0,0.0,100.0,100.0,100.0,1999-01-01,1999-01-01,1999-01-01,1999-01-01,1999-01-01,1999-01-01,0.0,0.0,0.0,100.0,100.0,100.0,1999-01-01,1999-01-01,1999-01-01,1999-01-01,1999-01-01,1999-01-01,0.0,0.0,0.0,100.0,100.0,100.0,1999-01-01,1999-01-01,1999-01-01,1999-01-01,1999-01-01,1999-01-01,0.0,0.0,0.0,-0.006,100.0,100.0,1999-01-01,1999-01-01,1999-01-01,2020-08-18,1999-01-01,1999-01-01,0.0,0.0,0.0,-0.007,100.0,100.0,1999-01-01,1999-01-01,1999-01-01,2020-08-13,1999-01-01,1999-01-01,0.0,0.0,0.0,-0.01,100.0,100.0,1999-01-01,1999-01-01,1999-01-01,2020-08-14,1999-01-01,1999-01-01,0.0,0.0,0.0,100.0,100.0,100.0,1999-01-01,1999-01-01,1999-01-01,1999-01-01,1999-01-01,1999-01-01,1018500.0,711900.0,1809400.0,-25.27,-28.15,8.52,0.0,0.0,0.0,100.0,100.0,100.0,0.0,0.0,0.0,-0.004,100.0,100.0,0.0,0.0,0.0,100.0,100.0,100.0,0.0,0.0,0.0,100.0,100.0,100.0,24.968,39.146,30.787,5.02,19.291,5.904,0.0,0.0,0.0,100.0,100.0,100.0,1999-01-01,1999-01-01,1999-01-01,1999-01-01,1999-01-01,1999-01-01,0,0,0,0,0,0,1999-01-01,1999-01-01,1999-01-01,1999-01-01,1999-01-01,1999-01-01,2020-09-07,2020-08-24,2020-08-18,2020-09-03,2020-08-19,2020-08-14,1999-01-01,1999-01-01,1999-01-01,1999-01-01,1999-01-01,1999-01-01,,,,,,,,,,Life.Empty,Life.Empty,Life.Empty,Life.Empty,Life.BullEnd,,
2020-09-11,RL,,,,,,,0,0,0,,0,0,0,0.38031,,,,,0.42423,0.4499,0.47127,0.4855,-0.03469,,,-0.00213,,,-0.04508,,,0.00136,,,-0.05907,,,-0.00014,,,-0.02438,-0.01039,-0.01398,4e-05,,,0.40071,0.42568,-0.02497,-0.02318,-0.02073,-0.00244,,,,,-14.54,12.62,-11.48,54.01,0.0,0.0,-10.82,1.12,13.0,9.0,13.0,20.0,3.0,1.0,28.0,4.0,-0.0,-0.0098,0.00034,-0.00558,0.06146,5.79011,22.22485,,,,0.0,7.65209,,,19.10331,25.79317,,,,,0.03765,0.04777,,,,,,,-0.15,,,,,0.496,0.0,0.0,0.495,0.0,0.0,2020-07-24,1999-01-01,1999-01-01,2020-07-22,1999-01-01,1999-01-01,-23.32,0.2,,,,,32.0,2.0,0.0,0.0,0.0,0.0,-1.0,0.0,0.0,0.0,0.0,0.0,0.4,0.444,0.44,0.396,0.425,0.43,2020-09-07,2020-08-24,2020-08-18,2020-09-03,2020-08-19,2020-08-17,0.0,0.0,0.0,100.0,100.0,100.0,1999-01-01,1999-01-01,1999-01-01,1999-01-01,1999-01-01,1999-01-01,0.0,0.0,0.0,100.0,100.0,100.0,1999-01-01,1999-01-01,1999-01-01,1999-01-01,1999-01-01,1999-01-01,0.0,0.0,0.0,100.0,100.0,100.0,1999-01-01,1999-01-01,1999-01-01,1999-01-01,1999-01-01,1999-01-01,0.0,0.0,0.0,100.0,100.0,100.0,1999-01-01,1999-01-01,1999-01-01,1999-01-01,1999-01-01,1999-01-01,0.0,0.0,0.0,-0.006,100.0,100.0,1999-01-01,1999-01-01,1999-01-01,2020-08-18,1999-01-01,1999-01-01,0.0,0.0,0.0,-0.007,100.0,100.0,1999-01-01,1999-01-01,1999-01-01,2020-08-13,1999-01-01,1999-01-01,0.0,0.0,0.0,-0.01,100.0,100.0,1999-01-01,1999-01-01,1999-01-01,2020-08-14,1999-01-01,1999-01-01,0.0,0.0,0.0,100.0,100.0,100.0,1999-01-01,1999-01-01,1999-01-01,1999-01-01,1999-01-01,1999-01-01,711900.0,1809400.0,359400.0,-28.15,8.52,-18.62,0.0,0.0,0.0,100.0,100.0,100.0,0.0,0.0,0.0,-0.004,100.0,100.0,0.0,0.0,0.0,100.0,100.0,100.0,0.0,0.0,0.0,100.0,100.0,100.0,24.968,39.146,30.787,5.02,19.291,5.904,0.0,0.0,0.0,100.0,100.0,100.0,1999-01-01,1999-01-01,1999-01-01,1999-01-01,1999-01-01,1999-01-01,0,0,0,0,0,0,1999-01-01,1999-01-01,1999-01-01,1999-01-01,1999-01-01,1999-01-01,2020-09-07,2020-08-24,2020-08-18,2020-09-03,2020-08-19,2020-08-14,1999-01-01,1999-01-01,1999-01-01,1999-01-01,1999-01-01,1999-01-01,,,,,,,,,,Life.Empty,Life.Empty,Life.Empty,Life.Empty,Life.BullEnd,,
2020-09-14,RL,,,,,,,0,0,0,,0,0,0,0.37709,,,0.366,,0.41978,0.44662,0.46919,0.48431,-0.0365,,,-0.00165,,,-0.04701,,,0.00212,,,-0.06178,,,0.00078,,,-0.02528,-0.0105,-0.01477,0.00073,,,0.39542,0.42128,-0.02586,-0.02365,-0.02132,-0.00233,,,,,-13.81,12.62,-11.48,54.01,0.0,0.0,-10.82,1.12,12.0,9.0,13.0,20.0,3.0,1.0,28.0,4.0,-0.0,-0.0048,0.00034,-0.00592,0.0579,5.4732,21.60925,,,,0.0,3.71634,0.0,,9.55166,18.39418,27.73943,,,,0.03565,0.04572,,,,,,,-0.15,,,,,0.496,0.0,0.0,0.495,0.0,0.0,2020-07-24,1999-01-01,1999-01-01,2020-07-22,1999-01-01,1999-01-01,-23.97,0.2,,,,,33.0,2.0,0.0,0.0,0.0,0.0,-1.0,0.0,0.0,0.0,0.0,0.0,0.4,0.444,0.44,0.366,0.396,0.425,2020-09-07,2020-08-24,2020-08-18,2020-09-14,2020-09-03,2020-08-19,0.0,0.0,0.0,100.0,100.0,100.0,1999-01-01,1999-01-01,1999-01-01,1999-01-01,1999-01-01,1999-01-01,0.0,0.0,0.0,100.0,100.0,100.0,1999-01-01,1999-01-01,1999-01-01,1999-01-01,1999-01-01,1999-01-01,0.0,0.0,0.0,100.0,100.0,100.0,1999-01-01,1999-01-01,1999-01-01,1999-01-01,1999-01-01,1999-01-01,0.0,0.0,0.0,100.0,100.0,100.0,1999-01-01,1999-01-01,1999-01-01,1999-01-01,1999-01-01,1999-01-01,0.0,0.0,0.0,-0.006,100.0,100.0,1999-01-01,1999-01-01,1999-01-01,2020-08-18,1999-01-01,1999-01-01,0.0,0.0,0.0,-0.007,100.0,100.0,1999-01-01,1999-01-01,1999-01-01,2020-08-13,1999-01-01,1999-01-01,0.0,0.0,0.0,-0.01,100.0,100.0,1999-01-01,1999-01-01,1999-01-01,2020-08-14,1999-01-01,1999-01-01,0.0,0.0,0.0,100.0,100.0,100.0,1999-01-01,1999-01-01,1999-01-01,1999-01-01,1999-01-01,1999-01-01,1809400.0,359400.0,1178000.0,8.52,-18.62,16.18,0.0,0.0,0.0,100.0,100.0,100.0,0.0,0.0,0.0,-0.004,100.0,100.0,0.0,0.0,0.0,100.0,100.0,100.0,0.0,0.0,0.0,100.0,100.0,100.0,24.968,39.146,30.787,0.0,5.02,19.291,0.0,0.0,0.0,100.0,100.0,100.0,1999-01-01,1999-01-01,1999-01-01,1999-01-01,1999-01-01,1999-01-01,0,0,0,0,0,0,1999-01-01,1999-01-01,1999-01-01,1999-01-01,1999-01-01,1999-01-01,2020-09-07,2020-08-24,2020-08-18,2020-09-14,2020-09-03,2020-08-19,1999-01-01,1999-01-01,1999-01-01,1999-01-01,1999-01-01,1999-01-01,,,,,,,,,,Life.Empty,Life.Empty,Life.Empty,Life.Empty,Life.BullEnd,,
2020-09-15,RL,,,,,,,0,0,0,,0,0,0,0.37355,,,,,0.41679,0.44404,0.46744,0.48328,-0.03834,,,-0.00113,,,-0.04893,,,0.00293,,,-0.06451,,,0.00177,,,-0.02617,-0.01059,-0.01558,0.00145,,,0.39319,0.41829,-0.0251,-0.02411,-0.02188,-0.00223,,,,,-13.0,12.62,-11.48,54.01,0.0,0.0,-10.82,1.12,11.0,9.0,13.0,20.0,3.0,1.0,28.0,4.0,0.0146,0.0,0.00139,-0.00487,0.28446,22.14612,21.08161,,,,19.94536,6.64845,,,16.60978,15.08825,27.84545,,,,0.0345,0.04381,,,,,,,-0.15,,,,,0.496,0.0,0.0,0.495,0.0,0.0,2020-07-24,1999-01-01,1999-01-01,2020-07-22,1999-01-01,1999-01-01,-24.69,0.2,,,,,34.0,2.0,0.0,0.0,0.0,0.0,-1.0,0.0,0.0,0.0,0.0,0.0,0.4,0.444,0.44,0.366,0.396,0.425,2020-09-07,2020-08-24,2020-08-18,2020-09-14,2020-09-03,2020-08-19,0.0,0.0,0.0,100.0,100.0,100.0,1999-01-01,1999-01-01,1999-01-01,1999-01-01,1999-01-01,1999-01-01,0.0,0.0,0.0,100.0,100.0,100.0,1999-01-01,1999-01-01,1999-01-01,1999-01-01,1999-01-01,1999-01-01,0.0,0.0,0.0,100.0,100.0,100.0,1999-01-01,1999-01-01,1999-01-01,1999-01-01,1999-01-01,1999-01-01,0.0,0.0,0.0,100.0,100.0,100.0,1999-01-01,1999-01-01,1999-01-01,1999-01-01,1999-01-01,1999-01-01,0.0,0.0,0.0,-0.006,100.0,100.0,1999-01-01,1999-01-01,1999-01-01,2020-08-18,1999-01-01,1999-01-01,0.0,0.0,0.0,-0.007,100.0,100.0,1999-01-01,1999-01-01,1999-01-01,2020-08-13,1999-01-01,1999-01-01,0.0,0.0,0.0,-0.01,100.0,100.0,1999-01-01,1999-01-01,1999-01-01,2020-08-14,1999-01-01,1999-01-01,0.0,0.0,0.0,100.0,100.0,100.0,1999-01-01,1999-01-01,1999-01-01,1999-01-01,1999-01-01,1999-01-01,359400.0,1178000.0,651000.0,-18.62,16.18,-34.61,0.0,0.0,0.0,100.0,100.0,100.0,0.0,0.0,0.0,-0.004,100.0,100.0,0.0,0.0,0.0,100.0,100.0,100.0,0.0,0.0,0.0,100.0,100.0,100.0,24.968,39.146,30.787,0.0,5.02,19.291,0.0,0.0,0.0,100.0,100.0,100.0,1999-01-01,1999-01-01,1999-01-01,1999-01-01,1999-01-01,1999-01-01,0,0,0,0,0,0,1999-01-01,1999-01-01,1999-01-01,1999-01-01,1999-01-01,1999-01-01,2020-09-07,2020-08-24,2020-08-18,2020-09-14,2020-09-03,2020-08-19,1999-01-01,1999-01-01,1999-01-01,1999-01-01,1999-01-01,1999-01-01,,,651000.0,,,,,,p2n,Life.Empty,Life.Empty,Life.Empty,Life.Empty,Life.BullEnd,,
2020-09-17,RL,,,,,,,0,0,0,,0,0,0,0.36953,,,,,0.41403,0.44157,0.46573,0.48226,-0.04021,,,-0.00056,,,-0.05085,,,0.0038,,,-0.06726,,,0.00284,,,-0.02705,-0.01064,-0.01641,0.00217,,,0.3913,0.41552,-0.02422,-0.02455,-0.02241,-0.00214,,,,,-12.05,12.62,-11.48,54.01,0.0,0.0,-10.82,1.12,9.0,9.0,13.0,20.0,3.0,1.0,28.0,4.0,0.0,0.0,0.00139,-0.00453,0.30599,23.42995,20.67642,,,,21.37628,13.77388,,,33.21957,19.79367,27.95565,27.84684,,,0.03343,0.04202,,,,,,,-0.15,,,,,0.496,0.0,0.0,0.495,0.0,0.0,2020-07-24,1999-01-01,1999-01-01,2020-07-22,1999-01-01,1999-01-01,-25.5,0.2,,,,,35.0,2.0,0.0,0.0,0.0,0.0,-1.0,0.0,0.0,0.0,0.0,0.0,0.4,0.444,0.44,0.366,0.396,0.425,2020-09-07,2020-08-24,2020-08-18,2020-09-14,2020-09-03,2020-08-19,0.0,0.0,0.0,100.0,100.0,100.0,1999-01-01,1999-01-01,1999-01-01,1999-01-01,1999-01-01,1999-01-01,0.0,0.0,0.0,100.0,100.0,100.0,1999-01-01,1999-01-01,1999-01-01,1999-01-01,1999-01-01,1999-01-01,0.0,0.0,0.0,100.0,100.0,100.0,1999-01-01,1999-01-01,1999-01-01,1999-01-01,1999-01-01,1999-01-01,0.0,0.0,0.0,100.0,100.0,100.0,1999-01-01,1999-01-01,1999-01-01,1999-01-01,1999-01-01,1999-01-01,0.0,0.0,0.0,-0.006,100.0,100.0,1999-01-01,1999-01-01,1999-01-01,2020-08-18,1999-01-01,1999-01-01,0.0,0.0,0.0,-0.007,100.0,100.0,1999-01-01,1999-01-01,1999-01-01,2020-08-13,1999-01-01,1999-01-01,0.0,0.0,0.0,-0.01,100.0,100.0,1999-01-01,1999-01-01,1999-01-01,2020-08-14,1999-01-01,1999-01-01,0.0,0.0,0.0,100.0,100.0,100.0,1999-01-01,1999-01-01,1999-01-01,1999-01-01,1999-01-01,1999-01-01,1178000.0,651000.0,1108500.0,16.18,-34.61,34.23,0.0,0.0,0.0,100.0,100.0,100.0,0.0,0.0,0.0,-0.004,100.0,100.0,0.0,0.0,0.0,100.0,100.0,100.0,0.0,0.0,0.0,100.0,100.0,100.0,24.968,39.146,30.787,0.0,5.02,19.291,0.0,0.0,0.0,100.0,100.0,100.0,1999-01-01,1999-01-01,1999-01-01,1999-01-01,1999-01-01,1999-01-01,0,0,0,0,0,0,1999-01-01,1999-01-01,1999-01-01,1999-01-01,1999-01-01,1999-01-01,2020-09-07,2020-08-24,2020-08-18,2020-09-14,2020-09-03,2020-08-19,1999-01-01,1999-01-01,1999-01-01,1999-01-01,1999-01-01,1999-01-01,1108500.0,,,,,,,p2n,n2p,Life.Empty,Life.Empty,Life.Empty,Life.Empty,Life.BullEnd,,
2020-09-18,RL,,,,,,,0,0,0,,0,0,0,0.36499,,,,0.381,0.41148,0.43919,0.46405,0.48126,-0.04209,,,6e-05,,,-0.05275,,,0.00472,,,-0.07,,,0.00397,,,-0.02791,-0.01067,-0.01725,0.00291,,,0.3897,0.41296,-0.02326,-0.02496,-0.02292,-0.00204,,,,,-10.96,12.62,-11.48,54.01,0.0,0.0,-10.82,1.12,8.0,9.0,13.0,20.0,3.0,1.0,28.0,4.0,0.0,0.0,0.00139,-0.00453,0.30599,23.42995,20.43244,,,,23.02839,21.45001,,23.028,49.82935,33.21957,28.06799,27.95636,,,0.0321,0.04035,,,,,,,-0.15,,,,,0.496,0.0,0.0,0.495,0.0,0.0,2020-07-24,1999-01-01,1999-01-01,2020-07-22,1999-01-01,1999-01-01,-26.41,0.2,,,,,36.0,2.0,0.0,0.0,0.0,0.0,-1.0,0.0,0.0,0.0,0.0,0.0,0.381,0.4,0.444,0.366,0.396,0.425,2020-09-18,2020-09-07,2020-08-24,2020-09-14,2020-09-03,2020-08-19,0.0,0.0,0.0,100.0,100.0,100.0,1999-01-01,1999-01-01,1999-01-01,1999-01-01,1999-01-01,1999-01-01,0.0,0.0,0.0,100.0,100.0,100.0,1999-01-01,1999-01-01,1999-01-01,1999-01-01,1999-01-01,1999-01-01,0.0,0.0,0.0,100.0,100.0,100.0,1999-01-01,1999-01-01,1999-01-01,1999-01-01,1999-01-01,1999-01-01,0.0,0.0,0.0,100.0,100.0,100.0,1999-01-01,1999-01-01,1999-01-01,1999-01-01,1999-01-01,1999-01-01,0.0,0.0,0.0,-0.006,100.0,100.0,1999-01-01,1999-01-01,1999-01-01,2020-08-18,1999-01-01,1999-01-01,0.0,0.0,0.0,-0.007,100.0,100.0,1999-01-01,1999-01-01,1999-01-01,2020-08-13,1999-01-01,1999-01-01,0.0,0.0,0.0,-0.01,100.0,100.0,1999-01-01,1999-01-01,1999-01-01,2020-08-14,1999-01-01,1999-01-01,0.0,0.0,0.0,100.0,100.0,100.0,1999-01-01,1999-01-01,1999-01-01,1999-01-01,1999-01-01,1999-01-01,651000.0,1108500.0,757900.0,-34.61,34.23,-14.3,0.0,0.0,0.0,100.0,100.0,100.0,0.0,0.0,0.0,-0.004,100.0,100.0,0.0,0.0,0.0,100.0,100.0,100.0,0.0,0.0,0.0,100.0,100.0,100.0,23.028,24.968,39.146,0.0,5.02,19.291,0.0,0.0,0.0,100.0,100.0,100.0,1999-01-01,1999-01-01,1999-01-01,1999-01-01,1999-01-01,1999-01-01,0,0,0,0,0,0,1999-01-01,1999-01-01,1999-01-01,1999-01-01,1999-01-01,1999-01-01,2020-09-18,2020-09-07,2020-08-24,2020-09-14,2020-09-03,2020-08-19,1999-01-01,1999-01-01,1999-01-01,1999-01-01,1999-01-01,1999-01-01,,,757900.0,,,,p2n,n2p,p2n,Life.Empty,Life.Empty,Life.Empty,Life.Empty,Life.BullEnd,,
2020-09-21,RL,,,,,,,0,0,0,,0,0,0,0.35987,,,,,0.40763,0.43614,0.46201,0.48006,-0.04398,,,0.00071,,,-0.05463,,,0.00567,,,-0.07272,,,0.00517,,,-0.02874,-0.01065,-0.0181,0.00364,,,0.38534,0.40914,-0.02379,-0.02531,-0.0234,-0.00191,,,,,-9.69,12.62,-11.48,54.01,0.0,0.0,-10.82,1.12,7.0,9.0,13.0,20.0,3.0,1.0,28.0,4.0,-0.0,-0.0195,0.00139,-0.00592,0.23402,18.96383,20.38025,20.38,,,0.0,14.80156,0.0,,33.21957,38.75616,28.18567,28.06977,,,0.03155,0.0388,,,,,,,-0.15,,,,,0.496,0.0,0.0,0.495,0.0,0.0,2020-07-24,1999-01-01,1999-01-01,2020-07-22,1999-01-01,1999-01-01,-27.45,0.2,,,,,37.0,2.0,0.0,0.0,0.0,0.0,-1.0,0.0,0.0,0.0,0.0,0.0,0.381,0.4,0.444,0.366,0.396,0.425,2020-09-18,2020-09-07,2020-08-24,2020-09-14,2020-09-03,2020-08-19,0.0,0.0,0.0,100.0,100.0,100.0,1999-01-01,1999-01-01,1999-01-01,1999-01-01,1999-01-01,1999-01-01,0.0,0.0,0.0,100.0,100.0,100.0,1999-01-01,1999-01-01,1999-01-01,1999-01-01,1999-01-01,1999-01-01,0.0,0.0,0.0,100.0,100.0,100.0,1999-01-01,1999-01-01,1999-01-01,1999-01-01,1999-01-01,1999-01-01,0.0,0.0,0.0,100.0,100.0,100.0,1999-01-01,1999-01-01,1999-01-01,1999-01-01,1999-01-01,1999-01-01,0.0,0.0,0.0,-0.006,100.0,100.0,1999-01-01,1999-01-01,1999-01-01,2020-08-18,1999-01-01,1999-01-01,0.0,0.0,0.0,-0.007,100.0,100.0,1999-01-01,1999-01-01,1999-01-01,2020-08-13,1999-01-01,1999-01-01,0.0,0.0,0.0,-0.01,100.0,100.0,1999-01-01,1999-01-01,1999-01-01,2020-08-14,1999-01-01,1999-01-01,0.0,0.0,0.0,100.0,100.0,100.0,1999-01-01,1999-01-01,1999-01-01,1999-01-01,1999-01-01,1999-01-01,1108500.0,757900.0,1169600.0,34.23,-14.3,20.6,0.0,0.0,0.0,100.0,100.0,100.0,0.0,0.0,0.0,-0.004,100.0,100.0,0.0,0.0,0.0,100.0,100.0,100.0,0.0,0.0,0.0,100.0,100.0,100.0,23.028,24.968,39.146,0.0,0.0,5.02,0.0,0.0,0.0,20.38,100.0,100.0,1999-01-01,1999-01-01,1999-01-01,1999-01-01,1999-01-01,1999-01-01,0,0,0,0,0,0,1999-01-01,1999-01-01,1999-01-01,1999-01-01,1999-01-01,1999-01-01,2020-09-18,2020-09-07,2020-08-24,2020-09-21,2020-09-14,2020-09-03,1999-01-01,1999-01-01,1999-01-01,2020-09-21,1999-01-01,1999-01-01,,,,,,p2n,n2p,p2n,,Life.Empty,Life.Empty,Life.Empty,Life.Empty,Life.BullEnd,,
2020-09-22,RL,,,,,,,0,0,0,,0,0,0,0.35424,,,,,0.40369,0.43301,0.45993,0.47883,-0.04587,,,0.00139,,,-0.05645,,,0.00666,,,-0.07541,,,0.0064,,,-0.02953,-0.01058,-0.01896,0.00436,,,0.38091,0.40524,-0.02433,-0.0256,-0.02384,-0.00176,,,,,-8.25,12.62,-11.48,54.01,0.0,0.0,-10.82,1.12,6.0,9.0,13.0,20.0,3.0,1.0,28.0,4.0,-0.0,-0.0049,0.00139,-0.00557,0.24872,19.91786,20.54576,,,-0.46214,6.68486,9.90442,,,20.32191,34.45694,28.31426,28.18931,,,0.02999,0.03735,,,,,,,-0.15,,,,,0.496,0.0,0.0,0.495,0.0,0.0,2020-07-24,1999-01-01,1999-01-01,2020-07-22,1999-01-01,1999-01-01,-28.58,0.2,,,,,38.0,2.0,0.0,0.0,0.0,0.0,-1.0,0.0,0.0,0.0,0.0,0.0,0.381,0.4,0.444,0.366,0.396,0.425,2020-09-18,2020-09-07,2020-08-24,2020-09-14,2020-09-03,2020-08-19,0.0,0.0,0.0,100.0,100.0,100.0,1999-01-01,1999-01-01,1999-01-01,1999-01-01,1999-01-01,1999-01-01,0.0,0.0,0.0,100.0,100.0,100.0,1999-01-01,1999-01-01,1999-01-01,1999-01-01,1999-01-01,1999-01-01,0.0,0.0,0.0,100.0,100.0,100.0,1999-01-01,1999-01-01,1999-01-01,1999-01-01,1999-01-01,1999-01-01,0.0,0.0,0.0,100.0,100.0,100.0,1999-01-01,1999-01-01,1999-01-01,1999-01-01,1999-01-01,1999-01-01,0.0,0.0,0.0,-0.006,100.0,100.0,1999-01-01,1999-01-01,1999-01-01,2020-08-18,1999-01-01,1999-01-01,0.0,0.0,0.0,-0.007,100.0,100.0,1999-01-01,1999-01-01,1999-01-01,2020-08-13,1999-01-01,1999-01-01,0.0,0.0,0.0,-0.01,100.0,100.0,1999-01-01,1999-01-01,1999-01-01,2020-08-14,1999-01-01,1999-01-01,0.0,0.0,0.0,100.0,100.0,100.0,1999-01-01,1999-01-01,1999-01-01,1999-01-01,1999-01-01,1999-01-01,757900.0,1169600.0,685100.0,-14.3,20.6,-13.95,0.0,0.0,0.0,100.0,100.0,100.0,0.0,0.0,0.0,-0.004,100.0,100.0,0.0,0.0,0.0,100.0,100.0,100.0,0.0,0.0,0.0,100.0,100.0,100.0,23.028,24.968,39.146,0.0,0.0,5.02,0.0,0.0,0.0,20.38,100.0,100.0,1999-01-01,1999-01-01,1999-01-01,1999-01-01,1999-01-01,1999-01-01,0,0,0,0,0,0,1999-01-01,1999-01-01,1999-01-01,1999-01-01,1999-01-01,1999-01-01,2020-09-18,2020-09-07,2020-08-24,2020-09-21,2020-09-14,2020-09-03,1999-01-01,1999-01-01,1999-01-01,2020-09-21,1999-01-01,1999-01-01,,,,,p2n,n2p,p2n,,,Life.Empty,Life.Empty,Life.Empty,Life.Empty,Life.BullEnd,,
2020-09-23,RL,,,,,,,0,0,0,,0,0,0,0.34823,,,,,0.39931,0.42963,0.45768,0.47752,-0.04775,,,0.0021,,,-0.0582,,,0.00764,,,-0.07802,,,0.00765,,,-0.03027,-0.01045,-0.01982,0.00506,,,0.37564,0.4009,-0.02526,-0.02579,-0.02423,-0.00156,,,,,-6.67,12.62,-11.48,54.01,0.0,0.0,-10.82,1.12,5.0,9.0,13.0,20.0,3.0,1.0,28.0,4.0,-0.0,-0.0098,0.00139,-0.00592,0.23402,18.96383,20.95432,,,-1.41617,7.16374,4.6162,,,6.74806,20.09651,28.45834,28.31942,,,0.0289,0.036,,,,,,,-0.15,,,,,0.496,0.0,0.0,0.495,0.0,0.0,2020-07-24,1999-01-01,1999-01-01,2020-07-22,1999-01-01,1999-01-01,-29.79,0.2,,,,,39.0,2.0,0.0,0.0,0.0,0.0,-1.0,0.0,0.0,0.0,0.0,0.0,0.381,0.4,0.444,0.366,0.396,0.425,2020-09-18,2020-09-07,2020-08-24,2020-09-14,2020-09-03,2020-08-19,0.0,0.0,0.0,100.0,100.0,100.0,1999-01-01,1999-01-01,1999-01-01,1999-01-01,1999-01-01,1999-01-01,0.0,0.0,0.0,100.0,100.0,100.0,1999-01-01,1999-01-01,1999-01-01,1999-01-01,1999-01-01,1999-01-01,0.0,0.0,0.0,100.0,100.0,100.0,1999-01-01,1999-01-01,1999-01-01,1999-01-01,1999-01-01,1999-01-01,0.0,0.0,0.0,100.0,100.0,100.0,1999-01-01,1999-01-01,1999-01-01,1999-01-01,1999-01-01,1999-01-01,0.0,0.0,0.0,-0.006,100.0,100.0,1999-01-01,1999-01-01,1999-01-01,2020-08-18,1999-01-01,1999-01-01,0.0,0.0,0.0,-0.007,100.0,100.0,1999-01-01,1999-01-01,1999-01-01,2020-08-13,1999-01-01,1999-01-01,0.0,0.0,0.0,-0.01,100.0,100.0,1999-01-01,1999-01-01,1999-01-01,2020-08-14,1999-01-01,1999-01-01,0.0,0.0,0.0,100.0,100.0,100.0,1999-01-01,1999-01-01,1999-01-01,1999-01-01,1999-01-01,1999-01-01,1169600.0,685100.0,695200.0,20.6,-13.95,-2.4,0.0,0.0,0.0,100.0,100.0,100.0,0.0,0.0,0.0,-0.004,100.0,100.0,0.0,0.0,0.0,100.0,100.0,100.0,0.0,0.0,0.0,100.0,100.0,100.0,23.028,24.968,39.146,0.0,0.0,5.02,0.0,0.0,0.0,20.38,100.0,100.0,1999-01-01,1999-01-01,1999-01-01,1999-01-01,1999-01-01,1999-01-01,0,0,0,0,0,0,1999-01-01,1999-01-01,1999-01-01,1999-01-01,1999-01-01,1999-01-01,2020-09-18,2020-09-07,2020-08-24,2020-09-21,2020-09-14,2020-09-03,1999-01-01,1999-01-01,1999-01-01,2020-09-21,1999-01-01,1999-01-01,,,,,n2p,p2n,,,,Life.Empty,Life.Empty,Life.Empty,Life.Empty,Life.BullEnd,,
2020-09-24,RL,,,,,,,0,0,0,,0,0,0,0.34199,,,,,0.39414,0.4258,0.4552,0.47607,-0.0496,,,0.00282,,,-0.05986,,,0.00861,,,-0.08054,,,0.00889,,,-0.03094,-0.01026,-0.02068,0.00573,,,0.36894,0.3958,-0.02686,-0.02587,-0.02456,-0.00132,-0.026,,,,-4.97,12.62,-11.48,54.01,0.0,0.0,-10.82,1.12,4.0,9.0,13.0,20.0,3.0,1.0,28.0,4.0,-0.0,-0.0146,0.00139,-0.00592,0.23402,18.96383,21.62656,,,-1.41617,11.80723,8.55194,,11.807,11.52389,12.86462,28.62114,28.46458,,,0.02858,0.03473,,,,,,,-0.15,,,,,0.496,0.0,0.0,0.495,0.0,0.0,2020-07-24,1999-01-01,1999-01-01,2020-07-22,1999-01-01,1999-01-01,-31.05,0.2,,,,,40.0,2.0,0.0,0.0,0.0,0.0,-1.0,0.0,0.0,0.0,0.0,0.0,0.381,0.4,0.444,0.366,0.396,0.425,2020-09-18,2020-09-07,2020-08-24,2020-09-14,2020-09-03,2020-08-19,0.0,0.0,0.0,100.0,100.0,100.0,1999-01-01,1999-01-01,1999-01-01,1999-01-01,1999-01-01,1999-01-01,0.0,0.0,0.0,100.0,100.0,100.0,1999-01-01,1999-01-01,1999-01-01,1999-01-01,1999-01-01,1999-01-01,0.0,0.0,0.0,100.0,100.0,100.0,1999-01-01,1999-01-01,1999-01-01,1999-01-01,1999-01-01,1999-01-01,0.0,0.0,0.0,100.0,100.0,100.0,1999-01-01,1999-01-01,1999-01-01,1999-01-01,1999-01-01,1999-01-01,0.0,0.0,0.0,-0.006,100.0,100.0,1999-01-01,1999-01-01,1999-01-01,2020-08-18,1999-01-01,1999-01-01,0.0,0.0,0.0,-0.007,100.0,100.0,1999-01-01,1999-01-01,1999-01-01,2020-08-13,1999-01-01,1999-01-01,0.0,0.0,0.0,-0.01,100.0,100.0,1999-01-01,1999-01-01,1999-01-01,2020-08-14,1999-01-01,1999-01-01,0.0,0.0,0.0,100.0,100.0,100.0,1999-01-01,1999-01-01,1999-01-01,1999-01-01,1999-01-01,1999-01-01,685100.0,695200.0,497000.0,-13.95,-2.4,-26.38,0.0,0.0,0.0,-0.026,100.0,100.0,0.0,0.0,0.0,-0.004,100.0,100.0,0.0,0.0,0.0,-0.02456,100.0,100.0,0.0,0.0,0.0,100.0,100.0,100.0,11.807,23.028,24.968,0.0,0.0,5.02,0.0,0.0,0.0,20.38,100.0,100.0,1999-01-01,1999-01-01,1999-01-01,2020-09-24,1999-01-01,1999-01-01,0,0,0,7937,0,0,1999-01-01,1999-01-01,1999-01-01,1999-01-01,1999-01-01,1999-01-01,2020-09-24,2020-09-18,2020-09-07,2020-09-21,2020-09-14,2020-09-03,1999-01-01,1999-01-01,1999-01-01,2020-09-21,1999-01-01,1999-01-01,,,,,p2n,,,,,Life.Empty,Life.Empty,Life.Empty,Life.Empty,Life.BullEnd,,
2020-09-25,RL,,,,,,,0,0,0,,0,0,0,0.33585,,,0.327,,0.38899,0.42194,0.45266,0.47459,-0.05141,,,0.00353,,,-0.0614,,,0.00954,,,-0.08293,,,0.01008,,,-0.03152,-0.00999,-0.02153,0.00637,,,0.36252,0.39072,-0.0282,-0.02583,-0.02481,-0.00102,,,,,-3.23,12.62,-11.48,54.01,0.0,0.0,-10.82,1.12,3.0,9.0,13.0,20.0,3.0,1.0,28.0,4.0,-0.0,-0.0049,0.00104,-0.00627,0.16629,14.25781,22.56921,,,-6.12219,5.90361,8.29153,5.904,,10.38394,9.55196,28.80682,28.62877,,,0.02759,0.03356,,,,,,,-0.15,,,,,0.496,0.0,0.0,0.495,0.0,0.0,2020-07-24,1999-01-01,1999-01-01,2020-07-22,1999-01-01,1999-01-01,-32.29,0.2,,,,,41.0,2.0,0.0,0.0,0.0,0.0,-1.0,0.0,0.0,0.0,0.0,0.0,0.381,0.4,0.444,0.327,0.366,0.396,2020-09-18,2020-09-07,2020-08-24,2020-09-25,2020-09-14,2020-09-03,0.0,0.0,0.0,100.0,100.0,100.0,1999-01-01,1999-01-01,1999-01-01,1999-01-01,1999-01-01,1999-01-01,0.0,0.0,0.0,100.0,100.0,100.0,1999-01-01,1999-01-01,1999-01-01,1999-01-01,1999-01-01,1999-01-01,0.0,0.0,0.0,100.0,100.0,100.0,1999-01-01,1999-01-01,1999-01-01,1999-01-01,1999-01-01,1999-01-01,0.0,0.0,0.0,100.0,100.0,100.0,1999-01-01,1999-01-01,1999-01-01,1999-01-01,1999-01-01,1999-01-01,0.0,0.0,0.0,-0.006,100.0,100.0,1999-01-01,1999-01-01,1999-01-01,2020-08-18,1999-01-01,1999-01-01,0.0,0.0,0.0,-0.007,100.0,100.0,1999-01-01,1999-01-01,1999-01-01,2020-08-13,1999-01-01,1999-01-01,0.0,0.0,0.0,-0.01,100.0,100.0,1999-01-01,1999-01-01,1999-01-01,2020-08-14,1999-01-01,1999-01-01,0.0,0.0,0.0,100.0,100.0,100.0,1999-01-01,1999-01-01,1999-01-01,1999-01-01,1999-01-01,1999-01-01,695200.0,497000.0,539200.0,-2.4,-26.38,-7.77,0.0,0.0,0.0,-0.026,100.0,100.0,0.0,0.0,0.0,-0.004,100.0,100.0,0.0,0.0,0.0,-0.02456,100.0,100.0,0.0,0.0,0.0,100.0,100.0,100.0,11.807,23.028,24.968,5.904,0.0,0.0,0.0,0.0,0.0,20.38,100.0,100.0,1999-01-01,1999-01-01,1999-01-01,2020-09-24,1999-01-01,1999-01-01,0,0,0,7937,0,0,1999-01-01,1999-01-01,1999-01-01,1999-01-01,1999-01-01,1999-01-01,2020-09-24,2020-09-18,2020-09-07,2020-09-25,2020-09-21,2020-09-14,1999-01-01,1999-01-01,1999-01-01,2020-09-21,1999-01-01,1999-01-01,,,,,,,,,,Life.Empty,Life.Empty,Life.Empty,Life.Empty,Life.BullEnd,,
2020-09-28,RL,,,,,,,0,0,0,,0,0,0,0.33043,,,,0.332,0.38461,0.41841,0.45027,0.47317,-0.05316,,,0.00422,,,-0.06281,,,0.01039,,,-0.08518,,,0.0112,,,-0.03202,-0.00964,-0.02238,0.00695,,,0.35784,0.38638,-0.02854,-0.02565,-0.02498,-0.00067,,,,,-1.64,12.62,-11.48,54.01,0.0,0.0,-10.82,1.12,2.0,9.0,13.0,20.0,3.0,1.0,28.0,4.0,0.0049,0.0,0.00139,-0.00627,0.2221,18.17335,23.77686,,,-2.20665,13.36971,10.36019,,13.37,15.70265,12.53683,29.02109,28.81635,,,0.02632,0.03247,,,,,,,-0.15,,,,,0.496,0.0,0.0,0.495,0.0,0.0,2020-07-24,1999-01-01,1999-01-01,2020-07-22,1999-01-01,1999-01-01,-33.38,0.2,,,,,42.0,2.0,0.0,0.0,0.0,0.0,-1.0,0.0,0.0,0.0,0.0,0.0,0.332,0.381,0.4,0.327,0.366,0.396,2020-09-28,2020-09-18,2020-09-07,2020-09-25,2020-09-14,2020-09-03,0.0,0.0,0.0,100.0,100.0,100.0,1999-01-01,1999-01-01,1999-01-01,1999-01-01,1999-01-01,1999-01-01,0.0,0.0,0.0,100.0,100.0,100.0,1999-01-01,1999-01-01,1999-01-01,1999-01-01,1999-01-01,1999-01-01,0.0,0.0,0.0,100.0,100.0,100.0,1999-01-01,1999-01-01,1999-01-01,1999-01-01,1999-01-01,1999-01-01,0.0,0.0,0.0,100.0,100.0,100.0,1999-01-01,1999-01-01,1999-01-01,1999-01-01,1999-01-01,1999-01-01,0.0,0.0,0.0,-0.006,100.0,100.0,1999-01-01,1999-01-01,1999-01-01,2020-08-18,1999-01-01,1999-01-01,0.0,0.0,0.0,-0.007,100.0,100.0,1999-01-01,1999-01-01,1999-01-01,2020-08-13,1999-01-01,1999-01-01,0.0,0.0,0.0,-0.01,100.0,100.0,1999-01-01,1999-01-01,1999-01-01,2020-08-14,1999-01-01,1999-01-01,0.0,0.0,0.0,100.0,100.0,100.0,1999-01-01,1999-01-01,1999-01-01,1999-01-01,1999-01-01,1999-01-01,497000.0,539200.0,117300.0,-26.38,-7.77,-33.38,0.0,0.0,0.0,-0.026,100.0,100.0,0.0,0.0,0.0,-0.004,100.0,100.0,0.0,0.0,0.0,-0.02456,100.0,100.0,0.0,0.0,0.0,100.0,100.0,100.0,13.37,11.807,23.028,5.904,0.0,0.0,0.0,0.0,0.0,20.38,100.0,100.0,1999-01-01,1999-01-01,1999-01-01,2020-09-24,1999-01-01,1999-01-01,0,0,0,7937,0,0,1999-01-01,1999-01-01,1999-01-01,1999-01-01,1999-01-01,1999-01-01,2020-09-28,2020-09-24,2020-09-18,2020-09-25,2020-09-21,2020-09-14,1999-01-01,1999-01-01,1999-01-01,2020-09-21,1999-01-01,1999-01-01,,,,,,,,,,Life.Empty,Life.Empty,Life.Empty,Life.Empty,Life.BullEnd,,
2020-09-29,RL,,,,,,,0,0,0,,0,0,0,0.32652,,,,,0.3802,0.41484,0.44784,0.47172,-0.05485,,,0.00487,,,-0.06406,,,0.01113,,,-0.08726,,,0.0122,,,-0.03241,-0.00921,-0.0232,0.00748,,,0.35313,0.382,-0.02887,-0.02532,-0.02505,-0.00027,,,,,-0.47,12.62,-11.48,54.01,0.0,0.0,-10.82,1.12,1.0,9.0,13.0,20.0,3.0,1.0,28.0,4.0,-0.0,-0.0049,0.00139,-0.00593,0.23494,19.02439,25.24292,,,-1.35561,6.68486,8.65273,,,15.70265,13.92975,29.26836,29.03209,,,0.02514,0.03145,,,,,,,-0.15,,,,,0.496,0.0,0.0,0.495,0.0,0.0,2020-07-24,1999-01-01,1999-01-01,2020-07-22,1999-01-01,1999-01-01,-34.17,0.2,,,,,43.0,2.0,0.0,0.0,0.0,0.0,-1.0,0.0,0.0,0.0,0.0,0.0,0.332,0.381,0.4,0.327,0.366,0.396,2020-09-28,2020-09-18,2020-09-07,2020-09-25,2020-09-14,2020-09-03,0.0,0.0,0.0,100.0,100.0,100.0,1999-01-01,1999-01-01,1999-01-01,1999-01-01,1999-01-01,1999-01-01,0.0,0.0,0.0,100.0,100.0,100.0,1999-01-01,1999-01-01,1999-01-01,1999-01-01,1999-01-01,1999-01-01,0.0,0.0,0.0,100.0,100.0,100.0,1999-01-01,1999-01-01,1999-01-01,1999-01-01,1999-01-01,1999-01-01,0.0,0.0,0.0,100.0,100.0,100.0,1999-01-01,1999-01-01,1999-01-01,1999-01-01,1999-01-01,1999-01-01,0.0,0.0,0.0,-0.006,100.0,100.0,1999-01-01,1999-01-01,1999-01-01,2020-08-18,1999-01-01,1999-01-01,0.0,0.0,0.0,-0.007,100.0,100.0,1999-01-01,1999-01-01,1999-01-01,2020-08-13,1999-01-01,1999-01-01,0.0,0.0,0.0,-0.01,100.0,100.0,1999-01-01,1999-01-01,1999-01-01,2020-08-14,1999-01-01,1999-01-01,0.0,0.0,0.0,100.0,100.0,100.0,1999-01-01,1999-01-01,1999-01-01,1999-01-01,1999-01-01,1999-01-01,539200.0,117300.0,523000.0,-7.77,-33.38,2.25,0.0,0.0,0.0,-0.026,100.0,100.0,0.0,0.0,0.0,-0.004,100.0,100.0,0.0,0.0,0.0,-0.02456,100.0,100.0,0.0,0.0,0.0,100.0,100.0,100.0,13.37,11.807,23.028,5.904,0.0,0.0,0.0,0.0,0.0,20.38,100.0,100.0,1999-01-01,1999-01-01,1999-01-01,2020-09-24,1999-01-01,1999-01-01,0,0,0,7937,0,0,1999-01-01,1999-01-01,1999-01-01,1999-01-01,1999-01-01,1999-01-01,2020-09-28,2020-09-24,2020-09-18,2020-09-25,2020-09-21,2020-09-14,1999-01-01,1999-01-01,1999-01-01,2020-09-21,1999-01-01,1999-01-01,,,,,,,,,,Life.Empty,Life.Empty,Life.Empty,Life.Empty,Life.BullEnd,,
2020-09-30,RL,,,,,,,0,0,0,,0,0,0,0.32471,0.325,,0.317,,0.37537,0.41102,0.44525,0.47018,-0.05646,,,0.00546,,,-0.06514,,,0.01175,,,-0.08915,,,0.01306,,,-0.03269,-0.00868,-0.02401,0.00794,,,0.34763,0.37721,-0.02958,-0.02484,-0.02501,0.00017,,,,,12.72,-11.48,54.01,0.0,0.0,-10.82,1.12,-1.11,9.0,13.0,20.0,3.0,1.0,28.0,4.0,5.0,-0.0,-0.0098,0.00139,-0.00628,0.22184,18.15642,26.95667,,,-2.22358,0.0,6.68486,0.0,,13.13047,14.84526,29.55042,29.27996,,,0.02404,0.0305,,,,,,,-0.15,,,,,0.496,0.0,0.0,0.325,0.495,0.0,2020-07-24,1999-01-01,1999-01-01,2020-09-30,2020-07-22,1999-01-01,0.0,-34.48,0.2,,,,0.0,44.0,2.0,0.0,0.0,0.0,0.0,-1.0,0.0,0.0,0.0,0.0,0.332,0.381,0.4,0.317,0.327,0.366,2020-09-28,2020-09-18,2020-09-07,2020-09-30,2020-09-25,2020-09-14,0.0,0.0,0.0,100.0,100.0,100.0,1999-01-01,1999-01-01,1999-01-01,1999-01-01,1999-01-01,1999-01-01,0.0,0.0,0.0,100.0,100.0,100.0,1999-01-01,1999-01-01,1999-01-01,1999-01-01,1999-01-01,1999-01-01,0.0,0.0,0.0,100.0,100.0,100.0,1999-01-01,1999-01-01,1999-01-01,1999-01-01,1999-01-01,1999-01-01,0.0,0.0,0.0,100.0,100.0,100.0,1999-01-01,1999-01-01,1999-01-01,1999-01-01,1999-01-01,1999-01-01,0.0,0.0,0.0,-0.006,100.0,100.0,1999-01-01,1999-01-01,1999-01-01,2020-08-18,1999-01-01,1999-01-01,0.0,0.0,0.0,-0.007,100.0,100.0,1999-01-01,1999-01-01,1999-01-01,2020-08-13,1999-01-01,1999-01-01,0.0,0.0,0.0,-0.01,100.0,100.0,1999-01-01,1999-01-01,1999-01-01,2020-08-14,1999-01-01,1999-01-01,0.0,0.0,0.0,100.0,100.0,100.0,1999-01-01,1999-01-01,1999-01-01,1999-01-01,1999-01-01,1999-01-01,117300.0,523000.0,307400.0,-33.38,2.25,-19.65,0.0,0.0,0.0,-0.026,100.0,100.0,0.0,0.0,0.0,-0.004,100.0,100.0,0.0,0.0,0.0,-0.02456,100.0,100.0,0.0,0.0,0.0,100.0,100.0,100.0,13.37,11.807,23.028,0.0,5.904,0.0,0.0,0.0,0.0,20.38,100.0,100.0,1999-01-01,1999-01-01,1999-01-01,2020-09-24,1999-01-01,1999-01-01,0,0,0,7937,0,0,1999-01-01,1999-01-01,1999-01-01,1999-01-01,1999-01-01,1999-01-01,2020-09-28,2020-09-24,2020-09-18,2020-09-30,2020-09-25,2020-09-21,1999-01-01,1999-01-01,1999-01-01,2020-09-21,1999-01-01,1999-01-01,,,,,,,,,,Life.Empty,Life.Empty,Life.Empty,Life.Empty,Life.BullEnd,,
2020-10-01,RL,,,,,,,0,0,0,,0,0,0,0.32525,,,,0.322,0.37128,0.40754,0.44282,0.46871,-0.05798,,,0.00598,,,-0.06604,,,0.0122,,,-0.09083,,,0.01374,,,-0.03286,-0.00807,-0.02479,0.00833,,,0.34373,0.37314,-0.02941,-0.02421,-0.02485,0.00064,,,,,12.53,-11.48,54.01,0.0,0.0,-10.82,1.12,-1.11,8.0,13.0,20.0,3.0,1.0,28.0,4.0,5.0,0.0049,0.0,0.00174,-0.00593,0.29398,22.71881,28.89912,,,2.33881,16.60978,7.76488,,16.61,21.38561,16.73958,29.86815,29.56231,,,0.02337,0.02962,,,,,,,-0.15,,,,,0.496,0.0,0.0,0.325,0.495,0.0,2020-07-24,1999-01-01,1999-01-01,2020-09-30,2020-07-22,1999-01-01,0.08,-34.48,0.2,,,,1.0,44.0,2.0,0.0,0.0,0.0,0.0,-1.0,0.0,0.0,0.0,0.0,0.322,0.332,0.381,0.317,0.327,0.366,2020-10-01,2020-09-28,2020-09-18,2020-09-30,2020-09-25,2020-09-14,0.0,0.0,0.0,100.0,100.0,100.0,1999-01-01,1999-01-01,1999-01-01,1999-01-01,1999-01-01,1999-01-01,0.0,0.0,0.0,100.0,100.0,100.0,1999-01-01,1999-01-01,1999-01-01,1999-01-01,1999-01-01,1999-01-01,0.0,0.0,0.0,100.0,100.0,100.0,1999-01-01,1999-01-01,1999-01-01,1999-01-01,1999-01-01,1999-01-01,0.0,0.0,0.0,100.0,100.0,100.0,1999-01-01,1999-01-01,1999-01-01,1999-01-01,1999-01-01,1999-01-01,0.0,0.0,0.0,-0.006,100.0,100.0,1999-01-01,1999-01-01,1999-01-01,2020-08-18,1999-01-01,1999-01-01,0.0,0.0,0.0,-0.007,100.0,100.0,1999-01-01,1999-01-01,1999-01-01,2020-08-13,1999-01-01,1999-01-01,0.0,0.0,0.0,-0.01,100.0,100.0,1999-01-01,1999-01-01,1999-01-01,2020-08-14,1999-01-01,1999-01-01,0.0,0.0,0.0,100.0,100.0,100.0,1999-01-01,1999-01-01,1999-01-01,1999-01-01,1999-01-01,1999-01-01,523000.0,307400.0,170400.0,2.25,-19.65,5.6,0.0,0.0,0.0,-0.026,100.0,100.0,0.0,0.0,0.0,-0.004,100.0,100.0,0.0,0.0,0.0,-0.02456,100.0,100.0,0.0,0.0,0.0,100.0,100.0,100.0,16.61,13.37,11.807,0.0,5.904,0.0,0.0,0.0,0.0,20.38,100.0,100.0,1999-01-01,1999-01-01,1999-01-01,2020-09-24,1999-01-01,1999-01-01,0,0,0,7937,0,0,1999-01-01,1999-01-01,1999-01-01,1999-01-01,1999-01-01,1999-01-01,2020-10-01,2020-09-28,2020-09-24,2020-09-30,2020-09-25,2020-09-21,1999-01-01,1999-01-01,1999-01-01,2020-09-21,1999-01-01,1999-01-01,,,,,,,,,,Life.Empty,Life.Empty,Life.Empty,Life.Empty,Life.BullEnd,,
2020-10-02,RL,,,,,,,0,0,0,,0,0,0,0.32813,,,,,0.36602,0.40343,0.44005,0.46706,-0.05939,,,0.00641,,,-0.06675,,,0.01248,,,-0.0923,,,0.01421,,,-0.0329,-0.00736,-0.02554,0.00864,,,0.33744,0.36793,-0.0305,-0.02344,-0.02456,0.00113,,,,,11.54,-11.48,54.01,0.0,0.0,-10.82,1.12,-1.11,7.0,13.0,20.0,3.0,1.0,28.0,4.0,5.0,-0.0,-0.0195,0.00174,-0.00662,0.26321,20.83689,31.04321,,,0.45689,0.0,5.53659,0.0,,16.60978,17.04196,30.22335,29.88064,,,0.02309,0.0288,,,,,,,-0.15,,,,,0.496,0.0,0.0,0.325,0.495,0.0,2020-07-24,1999-01-01,1999-01-01,2020-09-30,2020-07-22,1999-01-01,0.96,-34.48,0.2,,,,2.0,44.0,2.0,0.0,0.0,0.0,0.0,-1.0,0.0,0.0,0.0,0.0,0.322,0.332,0.381,0.317,0.327,0.366,2020-10-01,2020-09-28,2020-09-18,2020-09-30,2020-09-25,2020-09-14,0.0,0.0,0.0,100.0,100.0,100.0,1999-01-01,1999-01-01,1999-01-01,1999-01-01,1999-01-01,1999-01-01,0.0,0.0,0.0,100.0,100.0,100.0,1999-01-01,1999-01-01,1999-01-01,1999-01-01,1999-01-01,1999-01-01,0.0,0.0,0.0,100.0,100.0,100.0,1999-01-01,1999-01-01,1999-01-01,1999-01-01,1999-01-01,1999-01-01,0.0,0.0,0.0,100.0,100.0,100.0,1999-01-01,1999-01-01,1999-01-01,1999-01-01,1999-01-01,1999-01-01,0.0,0.0,0.0,-0.006,100.0,100.0,1999-01-01,1999-01-01,1999-01-01,2020-08-18,1999-01-01,1999-01-01,0.0,0.0,0.0,-0.007,100.0,100.0,1999-01-01,1999-01-01,1999-01-01,2020-08-13,1999-01-01,1999-01-01,0.0,0.0,0.0,-0.01,100.0,100.0,1999-01-01,1999-01-01,1999-01-01,2020-08-14,1999-01-01,1999-01-01,0.0,0.0,0.0,100.0,100.0,100.0,1999-01-01,1999-01-01,1999-01-01,1999-01-01,1999-01-01,1999-01-01,307400.0,170400.0,504400.0,-19.65,5.6,-1.86,0.0,0.0,0.0,-0.026,100.0,100.0,0.0,0.0,0.0,-0.004,100.0,100.0,0.0,0.0,0.0,-0.02456,100.0,100.0,0.0,0.0,0.0,100.0,100.0,100.0,16.61,13.37,11.807,0.0,0.0,5.904,0.0,0.0,0.0,20.38,100.0,100.0,1999-01-01,1999-01-01,1999-01-01,2020-09-24,1999-01-01,1999-01-01,0,0,0,7937,0,0,1999-01-01,1999-01-01,1999-01-01,1999-01-01,1999-01-01,1999-01-01,2020-10-01,2020-09-28,2020-09-24,2020-10-02,2020-09-30,2020-09-25,1999-01-01,1999-01-01,1999-01-01,2020-09-21,1999-01-01,1999-01-01,,,,,,,,,,Life.Empty,Life.Empty,Life.Empty,Life.Empty,Life.BullEnd,,
2020-10-05,RL,,,,,,,0,0,0,,0,0,0,0.33308,,,0.303,,0.36115,0.39948,0.43733,0.46543,-0.06071,,,0.00675,,,-0.06727,,,0.01257,,0.013,-0.09353,,,0.01446,,,-0.03283,-0.00656,-0.02626,0.00888,,,0.33211,0.36311,-0.031,-0.02253,-0.02416,0.00163,,,,,9.88,-11.48,54.01,0.0,0.0,-10.82,1.12,-1.11,6.0,13.0,20.0,3.0,1.0,28.0,4.0,5.0,0.0,0.0,0.00174,-0.00628,0.27759,21.72752,33.34391,,,1.34752,9.55166,8.72048,,,24.96443,20.98661,30.61898,30.23683,,,0.02214,0.02804,,,,,,,-0.15,,,,,0.496,0.0,0.0,0.325,0.495,0.0,2020-07-24,1999-01-01,1999-01-01,2020-09-30,2020-07-22,1999-01-01,2.49,-34.48,0.2,,,,3.0,44.0,2.0,0.0,0.0,0.0,1.0,-1.0,0.0,0.0,0.0,0.0,0.322,0.332,0.381,0.303,0.317,0.327,2020-10-01,2020-09-28,2020-09-18,2020-10-05,2020-09-30,2020-09-25,0.0,0.0,0.0,100.0,100.0,100.0,1999-01-01,1999-01-01,1999-01-01,1999-01-01,1999-01-01,1999-01-01,0.0,0.0,0.0,100.0,100.0,100.0,1999-01-01,1999-01-01,1999-01-01,1999-01-01,1999-01-01,1999-01-01,0.0,0.0,0.0,100.0,100.0,100.0,1999-01-01,1999-01-01,1999-01-01,1999-01-01,1999-01-01,1999-01-01,0.0,0.0,0.0,100.0,100.0,100.0,1999-01-01,1999-01-01,1999-01-01,1999-01-01,1999-01-01,1999-01-01,0.0,0.0,0.0,-0.006,100.0,100.0,1999-01-01,1999-01-01,1999-01-01,2020-08-18,1999-01-01,1999-01-01,0.013,0.0,0.0,-0.007,100.0,100.0,2020-10-05,1999-01-01,1999-01-01,2020-08-13,1999-01-01,1999-01-01,0.0,0.0,0.0,-0.01,100.0,100.0,1999-01-01,1999-01-01,1999-01-01,2020-08-14,1999-01-01,1999-01-01,0.0,0.0,0.0,100.0,100.0,100.0,1999-01-01,1999-01-01,1999-01-01,1999-01-01,1999-01-01,1999-01-01,170400.0,504400.0,785200.0,5.6,-1.86,48.65,0.0,0.0,0.0,-0.026,100.0,100.0,0.0,0.0,0.0,-0.004,100.0,100.0,0.0,0.0,0.0,-0.02456,100.0,100.0,0.0,0.0,0.0,100.0,100.0,100.0,16.61,13.37,11.807,0.0,0.0,5.904,0.0,0.0,0.0,20.38,100.0,100.0,1999-01-01,1999-01-01,1999-01-01,2020-09-24,1999-01-01,1999-01-01,0,0,0,7937,0,0,1999-01-01,1999-01-01,1999-01-01,1999-01-01,1999-01-01,1999-01-01,2020-10-01,2020-09-28,2020-09-24,2020-10-02,2020-09-30,2020-09-25,1999-01-01,1999-01-01,1999-01-01,2020-09-21,1999-01-01,1999-01-01,785200.0,,,,,,,,n2p,Life.Empty,Life.Empty,Life.Empty,Life.Empty,Life.BullEnd,,
2020-10-06,RL,,,,,,,0,0,0,,0,0,0,0.3395,,,,,0.35779,0.39626,0.43495,0.46395,-0.06192,,,0.00698,,,-0.0676,,,0.01246,,,-0.09455,,,0.01448,,0.014,-0.03263,-0.00568,-0.02695,0.00904,,,0.32984,0.35972,-0.02988,-0.02151,-0.02363,0.00212,,,,,7.81,-11.48,54.01,0.0,0.0,-10.82,1.12,-1.11,5.0,13.0,20.0,3.0,1.0,28.0,4.0,5.0,0.0146,0.0,0.00174,-0.00628,0.27759,21.72752,35.73615,,,1.34752,23.78168,11.11111,,,29.15601,23.57674,31.05919,30.63384,,,0.02265,0.02733,,,,,,,-0.15,,,,,0.496,0.0,0.0,0.325,0.495,0.0,2020-07-24,1999-01-01,1999-01-01,2020-09-30,2020-07-22,1999-01-01,4.46,-34.48,0.2,,,,4.0,44.0,2.0,0.0,0.0,0.0,1.0,-1.0,0.0,0.0,0.0,0.0,0.322,0.332,0.381,0.303,0.317,0.327,2020-10-01,2020-09-28,2020-09-18,2020-10-05,2020-09-30,2020-09-25,0.0,0.0,0.0,100.0,100.0,100.0,1999-01-01,1999-01-01,1999-01-01,1999-01-01,1999-01-01,1999-01-01,0.0,0.0,0.0,100.0,100.0,100.0,1999-01-01,1999-01-01,1999-01-01,1999-01-01,1999-01-01,1999-01-01,0.0,0.0,0.0,100.0,100.0,100.0,1999-01-01,1999-01-01,1999-01-01,1999-01-01,1999-01-01,1999-01-01,0.0,0.0,0.0,100.0,100.0,100.0,1999-01-01,1999-01-01,1999-01-01,1999-01-01,1999-01-01,1999-01-01,0.0,0.0,0.0,-0.006,100.0,100.0,1999-01-01,1999-01-01,1999-01-01,2020-08-18,1999-01-01,1999-01-01,0.013,0.0,0.0,-0.007,100.0,100.0,2020-10-05,1999-01-01,1999-01-01,2020-08-13,1999-01-01,1999-01-01,0.014,0.0,0.0,-0.01,100.0,100.0,2020-10-06,1999-01-01,1999-01-01,2020-08-14,1999-01-01,1999-01-01,0.0,0.0,0.0,100.0,100.0,100.0,1999-01-01,1999-01-01,1999-01-01,1999-01-01,1999-01-01,1999-01-01,504400.0,785200.0,1656500.0,-1.86,48.65,101.79,0.0,0.0,0.0,-0.026,100.0,100.0,0.0,0.0,0.0,-0.004,100.0,100.0,0.0,0.0,0.0,-0.02456,100.0,100.0,0.0,0.0,0.0,100.0,100.0,100.0,16.61,13.37,11.807,0.0,0.0,5.904,0.0,0.0,0.0,20.38,100.0,100.0,1999-01-01,1999-01-01,1999-01-01,2020-09-24,1999-01-01,1999-01-01,0,0,0,7937,0,0,1999-01-01,1999-01-01,1999-01-01,1999-01-01,1999-01-01,1999-01-01,2020-10-01,2020-09-28,2020-09-24,2020-10-02,2020-09-30,2020-09-25,1999-01-01,1999-01-01,1999-01-01,2020-09-21,1999-01-01,1999-01-01,,1656500.0,,,,,,n2p,p2p,Life.Empty,Life.Empty,Life.Empty,Life.Empty,Life.BullEnd,,
2020-10-07,RL,,,,,,,0,0,0,,0,0,0,0.34662,,,,,0.35769,0.39471,0.4334,0.46289,-0.06301,,,0.0071,,,-0.06774,-0.068,,0.01215,,,-0.09535,,,0.01426,,,-0.03233,-0.00473,-0.0276,0.00913,,,0.33395,0.35948,-0.02554,-0.02039,-0.02298,0.00259,,,,,5.59,-11.48,54.01,0.0,0.0,-10.82,1.12,-1.11,4.0,13.0,20.0,3.0,1.0,28.0,4.0,5.0,0.0391,0.0,0.00454,-0.00628,0.72241,41.94188,38.13173,,,21.56188,64.99488,32.77607,,,62.48934,38.86993,31.54914,31.07577,,,0.02383,0.02668,,,,,,-0.15,,,,,,0.496,0.0,0.0,0.325,0.495,0.0,2020-07-24,1999-01-01,1999-01-01,2020-09-30,2020-07-22,1999-01-01,6.65,-34.48,0.2,,,,5.0,44.0,2.0,0.0,0.0,0.0,1.0,-1.0,0.0,0.0,0.0,0.0,0.322,0.332,0.381,0.303,0.317,0.327,2020-10-01,2020-09-28,2020-09-18,2020-10-05,2020-09-30,2020-09-25,0.0,0.0,0.0,100.0,100.0,100.0,1999-01-01,1999-01-01,1999-01-01,1999-01-01,1999-01-01,1999-01-01,0.0,0.0,0.0,100.0,100.0,100.0,1999-01-01,1999-01-01,1999-01-01,1999-01-01,1999-01-01,1999-01-01,0.0,0.0,0.0,-0.068,100.0,100.0,1999-01-01,1999-01-01,1999-01-01,2020-10-07,1999-01-01,1999-01-01,0.0,0.0,0.0,100.0,100.0,100.0,1999-01-01,1999-01-01,1999-01-01,1999-01-01,1999-01-01,1999-01-01,0.0,0.0,0.0,-0.006,100.0,100.0,1999-01-01,1999-01-01,1999-01-01,2020-08-18,1999-01-01,1999-01-01,0.013,0.0,0.0,-0.007,100.0,100.0,2020-10-05,1999-01-01,1999-01-01,2020-08-13,1999-01-01,1999-01-01,0.014,0.0,0.0,-0.01,100.0,100.0,2020-10-06,1999-01-01,1999-01-01,2020-08-14,1999-01-01,1999-01-01,0.0,0.0,0.0,100.0,100.0,100.0,1999-01-01,1999-01-01,1999-01-01,1999-01-01,1999-01-01,1999-01-01,785200.0,1656500.0,966800.0,48.65,101.79,15.7,0.0,0.0,0.0,-0.026,100.0,100.0,0.0,0.0,0.0,-0.004,100.0,100.0,0.0,0.0,0.0,-0.02456,100.0,100.0,0.0,0.0,0.0,100.0,100.0,100.0,16.61,13.37,11.807,0.0,0.0,5.904,0.0,0.0,0.0,20.38,100.0,100.0,1999-01-01,1999-01-01,1999-01-01,2020-09-24,1999-01-01,1999-01-01,0,0,0,7937,0,0,1999-01-01,1999-01-01,1999-01-01,1999-01-01,1999-01-01,1999-01-01,2020-10-01,2020-09-28,2020-09-24,2020-10-02,2020-09-30,2020-09-25,1999-01-01,1999-01-01,1999-01-01,2020-09-21,1999-01-01,1999-01-01,,,,,,,n2p,p2p,,Life.Empty,Life.Empty,Life.Empty,Life.BullEnd,Life.BullRetrace,,
2020-10-08,RL,,,,,,,0,0,0,,0,0,0,0.35362,,,,,0.35947,0.39416,0.43236,0.46207,-0.06401,,,0.00711,,0.007,-0.06772,,,0.01167,,,-0.09594,,,0.01384,,,-0.03193,-0.00371,-0.02822,0.00917,,0.009,0.34117,0.36107,-0.0199,-0.01921,-0.02223,0.00301,,,,,3.5,-11.48,54.01,0.0,0.0,-10.82,1.12,-1.11,3.0,13.0,20.0,3.0,1.0,28.0,4.0,5.0,0.0244,0.0,0.00628,-0.00628,1.0,50.0,40.43875,,,29.62,89.96929,59.58195,,89.969,84.12446,58.58994,32.09409,31.56747,,,0.02457,0.02608,,,,,,-0.15,,,,,,0.496,0.0,0.0,0.325,0.495,0.0,2020-07-24,1999-01-01,1999-01-01,2020-09-30,2020-07-22,1999-01-01,8.81,-34.48,0.2,,,,6.0,44.0,2.0,0.0,0.0,0.0,1.0,-1.0,0.0,0.0,0.0,0.0,0.322,0.332,0.381,0.303,0.317,0.327,2020-10-01,2020-09-28,2020-09-18,2020-10-05,2020-09-30,2020-09-25,0.0,0.0,0.0,100.0,100.0,100.0,1999-01-01,1999-01-01,1999-01-01,1999-01-01,1999-01-01,1999-01-01,0.0,0.0,0.0,100.0,100.0,100.0,1999-01-01,1999-01-01,1999-01-01,1999-01-01,1999-01-01,1999-01-01,0.0,0.0,0.0,-0.068,100.0,100.0,1999-01-01,1999-01-01,1999-01-01,2020-10-07,1999-01-01,1999-01-01,0.0,0.0,0.0,100.0,100.0,100.0,1999-01-01,1999-01-01,1999-01-01,1999-01-01,1999-01-01,1999-01-01,0.007,0.0,0.0,-0.006,100.0,100.0,2020-10-08,1999-01-01,1999-01-01,2020-08-18,1999-01-01,1999-01-01,0.013,0.0,0.0,-0.007,100.0,100.0,2020-10-05,1999-01-01,1999-01-01,2020-08-13,1999-01-01,1999-01-01,0.014,0.0,0.0,-0.01,100.0,100.0,2020-10-06,1999-01-01,1999-01-01,2020-08-14,1999-01-01,1999-01-01,0.009,0.0,0.0,100.0,100.0,100.0,2020-10-08,1999-01-01,1999-01-01,1999-01-01,1999-01-01,1999-01-01,1656500.0,966800.0,3599400.0,101.79,15.7,82.56,0.0,0.0,0.0,-0.026,100.0,100.0,0.0,0.0,0.0,-0.004,100.0,100.0,0.0,0.0,0.0,-0.02456,100.0,100.0,0.0,0.0,0.0,100.0,100.0,100.0,89.969,16.61,13.37,0.0,0.0,5.904,0.0,0.0,0.0,20.38,100.0,100.0,1999-01-01,1999-01-01,1999-01-01,2020-09-24,1999-01-01,1999-01-01,0,0,0,7937,0,0,1999-01-01,1999-01-01,1999-01-01,1999-01-01,1999-01-01,1999-01-01,2020-10-08,2020-10-01,2020-09-28,2020-10-02,2020-09-30,2020-09-25,1999-01-01,1999-01-01,1999-01-01,2020-09-21,1999-01-01,1999-01-01,,3599400.0,,,,n2p,p2p,,p2p,Life.Empty,Life.Empty,Life.Empty,Life.BullEnd,Life.BullRetrace,,
2020-10-09,RL,,,,,,,0,0,0,,0,0,0,0.35964,,,,0.381,0.36112,0.39364,0.43134,0.46126,-0.0649,,,0.00703,,,-0.06754,,,0.01103,,,-0.09635,,,0.01322,,,-0.03145,-0.00264,-0.02881,0.00915,,,0.34728,0.36254,-0.01526,-0.018,-0.02138,0.00338,,,,,1.77,-11.48,54.01,0.0,0.0,-10.82,1.12,-1.11,2.0,13.0,20.0,3.0,1.0,28.0,4.0,5.0,0.0,0.0,0.00628,-0.00489,1.28509,56.238,42.57924,,,35.858,78.27248,77.74555,,,89.41393,78.67591,32.69725,32.11349,,,0.02491,0.02553,,,,,,-0.15,,,,,,0.496,0.0,0.0,0.325,0.495,0.0,2020-07-24,1999-01-01,1999-01-01,2020-09-30,2020-07-22,1999-01-01,10.66,-34.48,0.2,,,,7.0,44.0,2.0,0.0,0.0,0.0,2.0,-1.0,0.0,0.0,0.0,0.0,0.381,0.322,0.332,0.303,0.317,0.327,2020-10-09,2020-10-01,2020-09-28,2020-10-05,2020-09-30,2020-09-25,0.0,0.0,0.0,100.0,100.0,100.0,1999-01-01,1999-01-01,1999-01-01,1999-01-01,1999-01-01,1999-01-01,0.0,0.0,0.0,100.0,100.0,100.0,1999-01-01,1999-01-01,1999-01-01,1999-01-01,1999-01-01,1999-01-01,0.0,0.0,0.0,-0.068,100.0,100.0,1999-01-01,1999-01-01,1999-01-01,2020-10-07,1999-01-01,1999-01-01,0.0,0.0,0.0,100.0,100.0,100.0,1999-01-01,1999-01-01,1999-01-01,1999-01-01,1999-01-01,1999-01-01,0.007,0.0,0.0,-0.006,100.0,100.0,2020-10-08,1999-01-01,1999-01-01,2020-08-18,1999-01-01,1999-01-01,0.013,0.0,0.0,-0.007,100.0,100.0,2020-10-05,1999-01-01,1999-01-01,2020-08-13,1999-01-01,1999-01-01,0.014,0.0,0.0,-0.01,100.0,100.0,2020-10-06,1999-01-01,1999-01-01,2020-08-14,1999-01-01,1999-01-01,0.009,0.0,0.0,100.0,100.0,100.0,2020-10-08,1999-01-01,1999-01-01,1999-01-01,1999-01-01,1999-01-01,966800.0,3599400.0,5138000.0,15.7,82.56,55.95,0.0,0.0,0.0,-0.026,100.0,100.0,0.0,0.0,0.0,-0.004,100.0,100.0,0.0,0.0,0.0,-0.02456,100.0,100.0,0.0,0.0,0.0,100.0,100.0,100.0,89.969,16.61,13.37,0.0,0.0,5.904,0.0,0.0,0.0,20.38,100.0,100.0,1999-01-01,1999-01-01,1999-01-01,2020-09-24,1999-01-01,1999-01-01,0,0,0,7937,0,0,1999-01-01,1999-01-01,1999-01-01,1999-01-01,1999-01-01,1999-01-01,2020-10-08,2020-10-01,2020-09-28,2020-10-02,2020-09-30,2020-09-25,1999-01-01,1999-01-01,1999-01-01,2020-09-21,1999-01-01,1999-01-01,,,,,n2p,p2p,,p2p,,Life.Empty,Life.Empty,Life.Empty,Life.BullEnd,Life.BullRetrace,,
2020-10-12,RL,,,,,,,0,0,0,,0,0,0,0.36393,,,0.376,,0.36227,0.39295,0.43025,0.46041,-0.0657,,,0.00687,,,-0.06723,,,0.01027,,,-0.09659,,,0.01246,,,-0.03089,-0.00153,-0.02937,0.0091,,,0.3517,0.36354,-0.01184,-0.01678,-0.02046,0.00368,,,,,0.57,-11.48,54.01,0.0,0.0,-10.82,1.12,-1.11,1.0,13.0,20.0,3.0,1.0,28.0,4.0,5.0,-0.0,-0.0049,0.00628,-0.00489,1.28509,56.238,44.4769,,,35.858,73.90917,80.71698,73.909,,79.88547,84.47462,33.35815,32.7165,,,0.02522,0.02503,,,,,,-0.15,,,,,,0.496,0.0,0.0,0.325,0.495,0.0,2020-07-24,1999-01-01,1999-01-01,2020-09-30,2020-07-22,1999-01-01,11.98,-34.48,0.2,,,,8.0,44.0,2.0,0.0,0.0,0.0,1.0,-1.0,0.0,0.0,0.0,0.0,0.381,0.322,0.332,0.376,0.303,0.317,2020-10-09,2020-10-01,2020-09-28,2020-10-12,2020-10-05,2020-09-30,0.0,0.0,0.0,100.0,100.0,100.0,1999-01-01,1999-01-01,1999-01-01,1999-01-01,1999-01-01,1999-01-01,0.0,0.0,0.0,100.0,100.0,100.0,1999-01-01,1999-01-01,1999-01-01,1999-01-01,1999-01-01,1999-01-01,0.0,0.0,0.0,-0.068,100.0,100.0,1999-01-01,1999-01-01,1999-01-01,2020-10-07,1999-01-01,1999-01-01,0.0,0.0,0.0,100.0,100.0,100.0,1999-01-01,1999-01-01,1999-01-01,1999-01-01,1999-01-01,1999-01-01,0.007,0.0,0.0,-0.006,100.0,100.0,2020-10-08,1999-01-01,1999-01-01,2020-08-18,1999-01-01,1999-01-01,0.013,0.0,0.0,-0.007,100.0,100.0,2020-10-05,1999-01-01,1999-01-01,2020-08-13,1999-01-01,1999-01-01,0.014,0.0,0.0,-0.01,100.0,100.0,2020-10-06,1999-01-01,1999-01-01,2020-08-14,1999-01-01,1999-01-01,0.009,0.0,0.0,100.0,100.0,100.0,2020-10-08,1999-01-01,1999-01-01,1999-01-01,1999-01-01,1999-01-01,3599400.0,5138000.0,616600.0,82.56,55.95,-3.61,0.0,0.0,0.0,-0.026,100.0,100.0,0.0,0.0,0.0,-0.004,100.0,100.0,0.0,0.0,0.0,-0.02456,100.0,100.0,0.0,0.0,0.0,100.0,100.0,100.0,89.969,16.61,13.37,73.909,0.0,0.0,0.0,0.0,0.0,20.38,100.0,100.0,1999-01-01,1999-01-01,1999-01-01,2020-09-24,1999-01-01,1999-01-01,0,0,0,7937,0,0,1999-01-01,1999-01-01,1999-01-01,1999-01-01,1999-01-01,1999-01-01,2020-10-08,2020-10-01,2020-09-28,2020-10-12,2020-10-02,2020-09-30,1999-01-01,1999-01-01,1999-01-01,2020-09-21,1999-01-01,1999-01-01,,,-616600.0,,p2p,,p2p,,p2n,Life.Empty,Life.Empty,Life.Empty,Life.BullEnd,Life.BullRetrace,,
2020-10-13,RL,,,,,,,0,0,0,,0,0,0,0.36603,,0.366,,0.381,0.3637,0.39248,0.42927,0.45962,-0.06642,,,0.00664,,,-0.06681,,,0.00944,,,-0.09671,,,0.01159,,,-0.03029,-0.00039,-0.0299,0.00902,,,0.35619,0.36482,-0.00863,-0.01558,-0.01948,0.0039,,,,,-11.48,54.01,0.0,0.0,-10.82,1.12,-1.11,36.4,13.0,20.0,3.0,1.0,28.0,4.0,5.0,22.0,0.0049,0.0,0.00663,-0.00419,1.58362,61.29458,46.06014,,,40.91458,78.27248,76.81805,,78.272,73.9761,81.09183,34.07149,33.37563,,,0.02551,0.02457,,,,,,-0.15,,,,,,0.366,0.496,0.0,0.325,0.495,0.0,2020-10-13,2020-07-24,1999-01-01,2020-09-30,2020-07-22,1999-01-01,0.0,12.62,-34.48,0.2,,,0.0,9.0,44.0,2.0,0.0,0.0,0.0,1.0,-1.0,0.0,0.0,0.0,0.381,0.381,0.322,0.376,0.303,0.317,2020-10-13,2020-10-09,2020-10-01,2020-10-12,2020-10-05,2020-09-30,0.0,0.0,0.0,100.0,100.0,100.0,1999-01-01,1999-01-01,1999-01-01,1999-01-01,1999-01-01,1999-01-01,0.0,0.0,0.0,100.0,100.0,100.0,1999-01-01,1999-01-01,1999-01-01,1999-01-01,1999-01-01,1999-01-01,0.0,0.0,0.0,-0.068,100.0,100.0,1999-01-01,1999-01-01,1999-01-01,2020-10-07,1999-01-01,1999-01-01,0.0,0.0,0.0,100.0,100.0,100.0,1999-01-01,1999-01-01,1999-01-01,1999-01-01,1999-01-01,1999-01-01,0.007,0.0,0.0,-0.006,100.0,100.0,2020-10-08,1999-01-01,1999-01-01,2020-08-18,1999-01-01,1999-01-01,0.013,0.0,0.0,-0.007,100.0,100.0,2020-10-05,1999-01-01,1999-01-01,2020-08-13,1999-01-01,1999-01-01,0.014,0.0,0.0,-0.01,100.0,100.0,2020-10-06,1999-01-01,1999-01-01,2020-08-14,1999-01-01,1999-01-01,0.009,0.0,0.0,100.0,100.0,100.0,2020-10-08,1999-01-01,1999-01-01,1999-01-01,1999-01-01,1999-01-01,5138000.0,616600.0,1153000.0,55.95,-3.61,-26.15,0.0,0.0,0.0,-0.026,100.0,100.0,0.0,0.0,0.0,-0.004,100.0,100.0,0.0,0.0,0.0,-0.02456,100.0,100.0,0.0,0.0,0.0,100.0,100.0,100.0,78.272,89.969,16.61,73.909,0.0,0.0,0.0,0.0,0.0,20.38,100.0,100.0,1999-01-01,1999-01-01,1999-01-01,2020-09-24,1999-01-01,1999-01-01,0,0,0,7937,0,0,1999-01-01,1999-01-01,1999-01-01,1999-01-01,1999-01-01,1999-01-01,2020-10-13,2020-10-08,2020-10-01,2020-10-12,2020-10-02,2020-09-30,1999-01-01,1999-01-01,1999-01-01,2020-09-21,1999-01-01,1999-01-01,,,,,,p2p,,p2n,,Life.Empty,Life.Empty,Life.Empty,Life.BullEnd,Life.BullRetrace,,
2020-10-14,RL,,,,,,,0,0,0,,0,0,0,0.36587,,,,,0.36427,0.39164,0.42812,0.45874,-0.06707,,,0.00638,,,-0.06632,,,0.00858,,,-0.09672,-0.097,,0.01069,,,-0.02965,0.00075,-0.0304,0.00895,,,0.35849,0.36529,-0.0068,-0.01445,-0.01848,0.00403,,,,,-11.44,54.01,0.0,0.0,-10.82,1.12,-1.11,36.4,12.0,20.0,3.0,1.0,28.0,4.0,5.0,22.0,-0.0,-0.0098,0.00663,-0.00384,1.72491,63.3015,47.28166,,,42.9215,69.54586,73.90917,,,57.85795,70.57317,34.82723,34.08562,,,0.02543,0.02415,,,,,,-0.15,,,,,,0.366,0.496,0.0,0.325,0.495,0.0,2020-10-13,2020-07-24,1999-01-01,2020-09-30,2020-07-22,1999-01-01,-0.04,12.62,-34.48,0.2,,,1.0,9.0,44.0,2.0,0.0,0.0,-0.0,1.0,-1.0,0.0,0.0,0.0,0.381,0.381,0.322,0.376,0.303,0.317,2020-10-13,2020-10-09,2020-10-01,2020-10-12,2020-10-05,2020-09-30,0.0,0.0,0.0,100.0,100.0,100.0,1999-01-01,1999-01-01,1999-01-01,1999-01-01,1999-01-01,1999-01-01,0.0,0.0,0.0,100.0,100.0,100.0,1999-01-01,1999-01-01,1999-01-01,1999-01-01,1999-01-01,1999-01-01,0.0,0.0,0.0,-0.068,100.0,100.0,1999-01-01,1999-01-01,1999-01-01,2020-10-07,1999-01-01,1999-01-01,0.0,0.0,0.0,-0.097,100.0,100.0,1999-01-01,1999-01-01,1999-01-01,2020-10-14,1999-01-01,1999-01-01,0.007,0.0,0.0,-0.006,100.0,100.0,2020-10-08,1999-01-01,1999-01-01,2020-08-18,1999-01-01,1999-01-01,0.013,0.0,0.0,-0.007,100.0,100.0,2020-10-05,1999-01-01,1999-01-01,2020-08-13,1999-01-01,1999-01-01,0.014,0.0,0.0,-0.01,100.0,100.0,2020-10-06,1999-01-01,1999-01-01,2020-08-14,1999-01-01,1999-01-01,0.009,0.0,0.0,100.0,100.0,100.0,2020-10-08,1999-01-01,1999-01-01,1999-01-01,1999-01-01,1999-01-01,616600.0,1153000.0,1451200.0,-3.61,-26.15,-53.37,0.0,0.0,0.0,-0.026,100.0,100.0,0.0,0.0,0.0,-0.004,100.0,100.0,0.0,0.0,0.0,-0.02456,100.0,100.0,0.0,0.0,0.0,100.0,100.0,100.0,78.272,89.969,16.61,73.909,0.0,0.0,0.0,0.0,0.0,20.38,100.0,100.0,1999-01-01,1999-01-01,1999-01-01,2020-09-24,1999-01-01,1999-01-01,0,0,0,7937,0,0,1999-01-01,1999-01-01,1999-01-01,1999-01-01,1999-01-01,1999-01-01,2020-10-13,2020-10-08,2020-10-01,2020-10-12,2020-10-02,2020-09-30,1999-01-01,1999-01-01,1999-01-01,2020-09-21,1999-01-01,1999-01-01,,,,,p2p,,p2n,,,Life.Empty,Life.Empty,Life.Empty,Life.BullEnd,Life.BullRetrace,,
2020-10-15,RL,,,,,,,0,0,0,,0,0,0,0.3637,,,,,0.36443,0.39065,0.42689,0.45782,-0.06767,,,0.00611,,,-0.06578,,,0.00774,,,-0.09666,,,0.0098,,,-0.02899,0.00189,-0.03088,0.00888,,,0.35969,0.36536,-0.00567,-0.0134,-0.01746,0.00406,,,,0.004,-10.92,54.01,0.0,0.0,-10.82,1.12,-1.11,36.4,11.0,20.0,3.0,1.0,28.0,4.0,5.0,22.0,-0.0,-0.0048,0.00663,-0.00384,1.72812,63.34471,48.12329,,,42.96471,65.27159,71.02998,,,40.74706,57.52704,35.61319,34.8373,,,0.02431,0.02377,,,,,,-0.15,,,,,,0.366,0.496,0.0,0.325,0.495,0.0,2020-10-13,2020-07-24,1999-01-01,2020-09-30,2020-07-22,1999-01-01,-0.63,12.62,-34.48,0.2,,,2.0,9.0,44.0,2.0,0.0,0.0,-0.0,1.0,-1.0,0.0,0.0,0.0,0.381,0.381,0.322,0.376,0.303,0.317,2020-10-13,2020-10-09,2020-10-01,2020-10-12,2020-10-05,2020-09-30,0.0,0.0,0.0,100.0,100.0,100.0,1999-01-01,1999-01-01,1999-01-01,1999-01-01,1999-01-01,1999-01-01,0.0,0.0,0.0,100.0,100.0,100.0,1999-01-01,1999-01-01,1999-01-01,1999-01-01,1999-01-01,1999-01-01,0.0,0.0,0.0,-0.068,100.0,100.0,1999-01-01,1999-01-01,1999-01-01,2020-10-07,1999-01-01,1999-01-01,0.0,0.0,0.0,-0.097,100.0,100.0,1999-01-01,1999-01-01,1999-01-01,2020-10-14,1999-01-01,1999-01-01,0.007,0.0,0.0,-0.006,100.0,100.0,2020-10-08,1999-01-01,1999-01-01,2020-08-18,1999-01-01,1999-01-01,0.013,0.0,0.0,-0.007,100.0,100.0,2020-10-05,1999-01-01,1999-01-01,2020-08-13,1999-01-01,1999-01-01,0.014,0.0,0.0,-0.01,100.0,100.0,2020-10-06,1999-01-01,1999-01-01,2020-08-14,1999-01-01,1999-01-01,0.009,0.0,0.0,100.0,100.0,100.0,2020-10-08,1999-01-01,1999-01-01,1999-01-01,1999-01-01,1999-01-01,1153000.0,1451200.0,262500.0,-26.15,-53.37,-10.99,0.0,0.0,0.0,-0.026,100.0,100.0,0.004,0.0,0.0,-0.004,100.0,100.0,0.0,0.0,0.0,-0.02456,100.0,100.0,0.0,0.0,0.0,100.0,100.0,100.0,78.272,89.969,16.61,73.909,0.0,0.0,0.0,0.0,0.0,20.38,100.0,100.0,1999-01-01,1999-01-01,1999-01-01,2020-09-24,1999-01-01,1999-01-01,0,0,0,7937,0,0,1999-01-01,1999-01-01,1999-01-01,1999-01-01,1999-01-01,1999-01-01,2020-10-13,2020-10-08,2020-10-01,2020-10-12,2020-10-02,2020-09-30,1999-01-01,1999-01-01,1999-01-01,2020-09-21,1999-01-01,1999-01-01,,,,,,p2n,,,,Life.Empty,Life.Empty,Life.Empty,Life.BullEnd,Life.BullRetrace,,
2020-10-16,RL,,,,,,,0,0,0,,0,0,0,0.36009,,,,,0.36382,0.38931,0.4255,0.45681,-0.06822,,,0.00587,,,-0.06521,,,0.007,,,-0.09656,,,0.009,,,-0.02834,0.00301,-0.03135,0.00885,0.009,,0.3592,0.36471,-0.00551,-0.01247,-0.01646,0.004,,,,,-10.02,54.01,0.0,0.0,-10.82,1.12,-1.11,36.4,10.0,20.0,3.0,1.0,28.0,4.0,5.0,22.0,-0.0,-0.0098,0.00628,-0.00454,1.38425,58.05812,48.58158,,,37.67812,56.54497,63.78747,,,20.37879,39.66127,36.41867,35.6197,,,0.02362,0.02343,,,,,,-0.15,,,,,,0.366,0.496,0.0,0.325,0.495,0.0,2020-10-13,2020-07-24,1999-01-01,2020-09-30,2020-07-22,1999-01-01,-1.61,12.62,-34.48,0.2,,,3.0,9.0,44.0,2.0,0.0,0.0,-1.0,1.0,-1.0,0.0,0.0,0.0,0.381,0.381,0.322,0.376,0.303,0.317,2020-10-13,2020-10-09,2020-10-01,2020-10-12,2020-10-05,2020-09-30,0.0,0.0,0.0,100.0,100.0,100.0,1999-01-01,1999-01-01,1999-01-01,1999-01-01,1999-01-01,1999-01-01,0.0,0.0,0.0,100.0,100.0,100.0,1999-01-01,1999-01-01,1999-01-01,1999-01-01,1999-01-01,1999-01-01,0.0,0.0,0.0,-0.068,100.0,100.0,1999-01-01,1999-01-01,1999-01-01,2020-10-07,1999-01-01,1999-01-01,0.0,0.0,0.0,-0.097,100.0,100.0,1999-01-01,1999-01-01,1999-01-01,2020-10-14,1999-01-01,1999-01-01,0.007,0.0,0.0,-0.006,100.0,100.0,2020-10-08,1999-01-01,1999-01-01,2020-08-18,1999-01-01,1999-01-01,0.013,0.0,0.0,-0.007,100.0,100.0,2020-10-05,1999-01-01,1999-01-01,2020-08-13,1999-01-01,1999-01-01,0.014,0.0,0.0,-0.01,100.0,100.0,2020-10-06,1999-01-01,1999-01-01,2020-08-14,1999-01-01,1999-01-01,0.009,0.0,0.0,0.009,100.0,100.0,2020-10-08,1999-01-01,1999-01-01,2020-10-16,1999-01-01,1999-01-01,1451200.0,262500.0,739300.0,-53.37,-10.99,-14.43,0.0,0.0,0.0,-0.026,100.0,100.0,0.004,0.0,0.0,-0.004,100.0,100.0,0.0,0.0,0.0,-0.02456,100.0,100.0,0.0,0.0,0.0,100.0,100.0,100.0,78.272,89.969,16.61,73.909,0.0,0.0,0.0,0.0,0.0,20.38,100.0,100.0,1999-01-01,1999-01-01,1999-01-01,2020-09-24,1999-01-01,1999-01-01,0,0,0,7937,0,0,1999-01-01,1999-01-01,1999-01-01,1999-01-01,1999-01-01,1999-01-01,2020-10-13,2020-10-08,2020-10-01,2020-10-12,2020-10-02,2020-09-30,1999-01-01,1999-01-01,1999-01-01,2020-09-21,1999-01-01,1999-01-01,,,,,p2n,,,,,Life.Empty,Life.Empty,Life.Empty,Life.BullEnd,Life.BullRetrace,,
2020-10-19,RL,,,,,,,0,0,0,,0,0,0,0.35569,,,,,0.36325,0.38802,0.42413,0.45582,-0.06874,,,0.00569,,,-0.06464,,,0.00639,,,-0.09645,,,0.00833,,,-0.02771,0.0041,-0.03181,0.00888,,,0.35878,0.3641,-0.00532,-0.01165,-0.0155,0.00385,,,,,-8.91,54.01,0.0,0.0,-10.82,1.12,-1.11,36.4,9.0,20.0,3.0,1.0,28.0,4.0,5.0,22.0,0.0,0.0,0.00628,-0.00419,1.5,60.0,48.67118,,48.671,39.62,56.54497,59.45384,,,14.58343,25.23643,37.23608,36.42265,,,0.02229,0.02312,,,,,,-0.15,,,,,,0.366,0.496,0.0,0.325,0.495,0.0,2020-10-13,2020-07-24,1999-01-01,2020-09-30,2020-07-22,1999-01-01,-2.82,12.62,-34.48,0.2,,,4.0,9.0,44.0,2.0,0.0,0.0,-1.0,1.0,-1.0,0.0,0.0,0.0,0.381,0.381,0.322,0.376,0.303,0.317,2020-10-13,2020-10-09,2020-10-01,2020-10-12,2020-10-05,2020-09-30,0.0,0.0,0.0,100.0,100.0,100.0,1999-01-01,1999-01-01,1999-01-01,1999-01-01,1999-01-01,1999-01-01,0.0,0.0,0.0,100.0,100.0,100.0,1999-01-01,1999-01-01,1999-01-01,1999-01-01,1999-01-01,1999-01-01,0.0,0.0,0.0,-0.068,100.0,100.0,1999-01-01,1999-01-01,1999-01-01,2020-10-07,1999-01-01,1999-01-01,0.0,0.0,0.0,-0.097,100.0,100.0,1999-01-01,1999-01-01,1999-01-01,2020-10-14,1999-01-01,1999-01-01,0.007,0.0,0.0,-0.006,100.0,100.0,2020-10-08,1999-01-01,1999-01-01,2020-08-18,1999-01-01,1999-01-01,0.013,0.0,0.0,-0.007,100.0,100.0,2020-10-05,1999-01-01,1999-01-01,2020-08-13,1999-01-01,1999-01-01,0.014,0.0,0.0,-0.01,100.0,100.0,2020-10-06,1999-01-01,1999-01-01,2020-08-14,1999-01-01,1999-01-01,0.009,0.0,0.0,0.009,100.0,100.0,2020-10-08,1999-01-01,1999-01-01,2020-10-16,1999-01-01,1999-01-01,262500.0,739300.0,445200.0,-10.99,-14.43,-41.01,0.0,0.0,0.0,-0.026,100.0,100.0,0.004,0.0,0.0,-0.004,100.0,100.0,0.0,0.0,0.0,-0.02456,100.0,100.0,0.0,0.0,0.0,100.0,100.0,100.0,78.272,89.969,16.61,73.909,0.0,0.0,48.671,0.0,0.0,20.38,100.0,100.0,1999-01-01,1999-01-01,1999-01-01,2020-09-24,1999-01-01,1999-01-01,0,0,0,7937,0,0,1999-01-01,1999-01-01,1999-01-01,1999-01-01,1999-01-01,1999-01-01,2020-10-13,2020-10-08,2020-10-01,2020-10-12,2020-10-02,2020-09-30,2020-10-19,1999-01-01,1999-01-01,2020-09-21,1999-01-01,1999-01-01,,,,,,,,,,Life.Empty,Life.Empty,Life.Empty,Life.BullEnd,Life.BullRetrace,,
2020-10-20,RL,,,,,,,0,0,0,,0,0,0,0.35095,,,,,0.36198,0.3864,0.4226,0.45473,-0.06924,,,0.00559,0.006,,-0.06409,,,0.00599,,,-0.09634,,,0.00785,,,-0.0271,0.00515,-0.03225,0.00896,,,0.35692,0.36281,-0.00589,-0.01096,-0.01459,0.00363,,,,,-7.68,54.01,0.0,0.0,-10.82,1.12,-1.11,36.4,8.0,20.0,3.0,1.0,28.0,4.0,5.0,22.0,-0.0,-0.0098,0.00628,-0.00419,1.5,60.0,48.42924,,,11.329,47.81834,53.63609,,,11.22959,15.39727,38.06125,37.23867,,,0.02174,0.02285,,,,,,-0.15,,,,,,0.366,0.496,0.0,0.325,0.495,0.0,2020-10-13,2020-07-24,1999-01-01,2020-09-30,2020-07-22,1999-01-01,-4.11,12.62,-34.48,0.2,,,5.0,9.0,44.0,2.0,0.0,0.0,-1.0,1.0,-1.0,0.0,0.0,0.0,0.381,0.381,0.322,0.376,0.303,0.317,2020-10-13,2020-10-09,2020-10-01,2020-10-12,2020-10-05,2020-09-30,0.0,0.0,0.0,100.0,100.0,100.0,1999-01-01,1999-01-01,1999-01-01,1999-01-01,1999-01-01,1999-01-01,0.0,0.0,0.0,100.0,100.0,100.0,1999-01-01,1999-01-01,1999-01-01,1999-01-01,1999-01-01,1999-01-01,0.0,0.0,0.0,-0.068,100.0,100.0,1999-01-01,1999-01-01,1999-01-01,2020-10-07,1999-01-01,1999-01-01,0.0,0.0,0.0,-0.097,100.0,100.0,1999-01-01,1999-01-01,1999-01-01,2020-10-14,1999-01-01,1999-01-01,0.007,0.0,0.0,0.006,-0.006,100.0,2020-10-08,1999-01-01,1999-01-01,2020-10-20,2020-08-18,1999-01-01,0.013,0.0,0.0,-0.007,100.0,100.0,2020-10-05,1999-01-01,1999-01-01,2020-08-13,1999-01-01,1999-01-01,0.014,0.0,0.0,-0.01,100.0,100.0,2020-10-06,1999-01-01,1999-01-01,2020-08-14,1999-01-01,1999-01-01,0.009,0.0,0.0,0.009,100.0,100.0,2020-10-08,1999-01-01,1999-01-01,2020-10-16,1999-01-01,1999-01-01,739300.0,445200.0,665600.0,-14.43,-41.01,27.86,0.0,0.0,0.0,-0.026,100.0,100.0,0.004,0.0,0.0,-0.004,100.0,100.0,0.0,0.0,0.0,-0.02456,100.0,100.0,0.0,0.0,0.0,100.0,100.0,100.0,78.272,89.969,16.61,73.909,0.0,0.0,48.671,0.0,0.0,20.38,100.0,100.0,1999-01-01,1999-01-01,1999-01-01,2020-09-24,1999-01-01,1999-01-01,0,0,0,7937,0,0,1999-01-01,1999-01-01,1999-01-01,1999-01-01,1999-01-01,1999-01-01,2020-10-13,2020-10-08,2020-10-01,2020-10-12,2020-10-02,2020-09-30,2020-10-19,1999-01-01,1999-01-01,2020-09-21,1999-01-01,1999-01-01,-665600.0,,,,,,,,n2p,Life.Empty,Life.Empty,Life.Empty,Life.BullEnd,Life.BullRetrace,,
2020-10-21,RL,,,,,,,0,0,0,,0,0,0,0.34598,,,,,0.3608,0.38484,0.4211,0.45365,-0.06972,,,0.0056,,,-0.06356,,,0.00582,0.006,,-0.09625,,,0.0076,0.008,,-0.02653,0.00616,-0.03269,0.00913,,,0.35535,0.36162,-0.00627,-0.01039,-0.01375,0.00336,,,,,-6.35,54.01,0.0,0.0,-10.82,1.12,-1.11,36.4,7.0,20.0,3.0,1.0,28.0,4.0,5.0,22.0,0.0,0.0,0.00593,-0.00419,1.41638,58.61582,47.90892,,,9.94482,47.81834,50.72722,,,12.2933,12.70211,38.89205,38.06313,,,0.02124,0.02261,,,,,,-0.15,,,,,,0.366,0.496,0.0,0.325,0.495,0.0,2020-10-13,2020-07-24,1999-01-01,2020-09-30,2020-07-22,1999-01-01,-5.47,12.62,-34.48,0.2,,,6.0,9.0,44.0,2.0,0.0,0.0,-1.0,1.0,-1.0,0.0,0.0,0.0,0.381,0.381,0.322,0.376,0.303,0.317,2020-10-13,2020-10-09,2020-10-01,2020-10-12,2020-10-05,2020-09-30,0.0,0.0,0.0,100.0,100.0,100.0,1999-01-01,1999-01-01,1999-01-01,1999-01-01,1999-01-01,1999-01-01,0.0,0.0,0.0,100.0,100.0,100.0,1999-01-01,1999-01-01,1999-01-01,1999-01-01,1999-01-01,1999-01-01,0.0,0.0,0.0,-0.068,100.0,100.0,1999-01-01,1999-01-01,1999-01-01,2020-10-07,1999-01-01,1999-01-01,0.0,0.0,0.0,-0.097,100.0,100.0,1999-01-01,1999-01-01,1999-01-01,2020-10-14,1999-01-01,1999-01-01,0.007,0.0,0.0,0.006,-0.006,100.0,2020-10-08,1999-01-01,1999-01-01,2020-10-20,2020-08-18,1999-01-01,0.013,0.0,0.0,0.006,-0.007,100.0,2020-10-05,1999-01-01,1999-01-01,2020-10-21,2020-08-13,1999-01-01,0.014,0.0,0.0,0.008,-0.01,100.0,2020-10-06,1999-01-01,1999-01-01,2020-10-21,2020-08-14,1999-01-01,0.009,0.0,0.0,0.009,100.0,100.0,2020-10-08,1999-01-01,1999-01-01,2020-10-16,1999-01-01,1999-01-01,445200.0,665600.0,1060800.0,-41.01,27.86,17.38,0.0,0.0,0.0,-0.026,100.0,100.0,0.004,0.0,0.0,-0.004,100.0,100.0,0.0,0.0,0.0,-0.02456,100.0,100.0,0.0,0.0,0.0,100.0,100.0,100.0,78.272,89.969,16.61,73.909,0.0,0.0,48.671,0.0,0.0,20.38,100.0,100.0,1999-01-01,1999-01-01,1999-01-01,2020-09-24,1999-01-01,1999-01-01,0,0,0,7937,0,0,1999-01-01,1999-01-01,1999-01-01,1999-01-01,1999-01-01,1999-01-01,2020-10-13,2020-10-08,2020-10-01,2020-10-12,2020-10-02,2020-09-30,2020-10-19,1999-01-01,1999-01-01,2020-09-21,1999-01-01,1999-01-01,,,,,,,,n2p,,Life.Empty,Life.Empty,Life.Empty,Life.BullEnd,Life.BullRetrace,retrace.buy,
2020-10-22,RL,,,,,,,0,0,0,,0,0,0,0.34087,,,0.342,,0.35934,0.38316,0.41953,0.45254,-0.0702,,,0.00574,,,-0.06307,,,0.00593,,,-0.09619,,,0.00761,,,-0.02599,0.00713,-0.03312,0.00938,,,0.35327,0.36015,-0.00688,-0.00994,-0.01299,0.00305,,,,,-4.95,54.01,0.0,0.0,-10.82,1.12,-1.11,36.4,6.0,20.0,3.0,1.0,28.0,4.0,5.0,22.0,-0.0,-0.0049,0.00593,-0.00314,1.88636,65.35433,47.17031,,,16.68333,43.45503,46.36391,,,8.11598,10.54629,39.7262,38.89317,,,0.02007,0.02241,,,,,,-0.15,,,,,,0.366,0.496,0.0,0.325,0.495,0.0,2020-10-13,2020-07-24,1999-01-01,2020-09-30,2020-07-22,1999-01-01,-6.87,12.62,-34.48,0.2,,,7.0,9.0,44.0,2.0,0.0,0.0,-1.0,1.0,-1.0,0.0,0.0,0.0,0.381,0.381,0.322,0.342,0.376,0.303,2020-10-13,2020-10-09,2020-10-01,2020-10-22,2020-10-12,2020-10-05,0.0,0.0,0.0,100.0,100.0,100.0,1999-01-01,1999-01-01,1999-01-01,1999-01-01,1999-01-01,1999-01-01,0.0,0.0,0.0,100.0,100.0,100.0,1999-01-01,1999-01-01,1999-01-01,1999-01-01,1999-01-01,1999-01-01,0.0,0.0,0.0,-0.068,100.0,100.0,1999-01-01,1999-01-01,1999-01-01,2020-10-07,1999-01-01,1999-01-01,0.0,0.0,0.0,-0.097,100.0,100.0,1999-01-01,1999-01-01,1999-01-01,2020-10-14,1999-01-01,1999-01-01,0.007,0.0,0.0,0.006,-0.006,100.0,2020-10-08,1999-01-01,1999-01-01,2020-10-20,2020-08-18,1999-01-01,0.013,0.0,0.0,0.006,-0.007,100.0,2020-10-05,1999-01-01,1999-01-01,2020-10-21,2020-08-13,1999-01-01,0.014,0.0,0.0,0.008,-0.01,100.0,2020-10-06,1999-01-01,1999-01-01,2020-10-21,2020-08-14,1999-01-01,0.009,0.0,0.0,0.009,100.0,100.0,2020-10-08,1999-01-01,1999-01-01,2020-10-16,1999-01-01,1999-01-01,665600.0,1060800.0,214400.0,27.86,17.38,-10.63,0.0,0.0,0.0,-0.026,100.0,100.0,0.004,0.0,0.0,-0.004,100.0,100.0,0.0,0.0,0.0,-0.02456,100.0,100.0,0.0,0.0,0.0,100.0,100.0,100.0,78.272,89.969,16.61,73.909,0.0,0.0,48.671,0.0,0.0,20.38,100.0,100.0,1999-01-01,1999-01-01,1999-01-01,2020-09-24,1999-01-01,1999-01-01,0,0,0,7937,0,0,1999-01-01,1999-01-01,1999-01-01,1999-01-01,1999-01-01,1999-01-01,2020-10-13,2020-10-08,2020-10-01,2020-10-12,2020-10-02,2020-09-30,2020-10-19,1999-01-01,1999-01-01,2020-09-21,1999-01-01,1999-01-01,,,,,,,n2p,,,Life.Empty,Life.Empty,Life.Empty,Life.BullEnd,Life.BullRetrace,retrace.buy,
2020-10-23,RL,,,,,,,0,0,0,,0,0,0,0.33581,,,,0.347,0.35837,0.38173,0.41808,0.45149,-0.07066,,,0.00603,,,-0.0626,,,0.00633,,,-0.09615,,,0.00791,,,-0.02549,0.00806,-0.03355,0.00973,,,0.35226,0.35915,-0.0069,-0.00958,-0.01231,0.00273,,,,,-3.52,54.01,0.0,0.0,-10.82,1.12,-1.11,36.4,5.0,20.0,3.0,1.0,28.0,4.0,5.0,22.0,0.0049,0.0,0.00628,-0.00314,1.99773,66.64139,46.28153,,,17.97039,42.82927,44.70088,,,9.55166,9.98698,40.5599,39.72605,,,0.02108,0.02223,,,,,,-0.15,,,,,,0.366,0.496,0.0,0.325,0.495,0.0,2020-10-13,2020-07-24,1999-01-01,2020-09-30,2020-07-22,1999-01-01,-8.25,12.62,-34.48,0.2,,,8.0,9.0,44.0,2.0,0.0,0.0,-1.0,1.0,-1.0,0.0,0.0,0.0,0.347,0.381,0.381,0.342,0.376,0.303,2020-10-23,2020-10-13,2020-10-09,2020-10-22,2020-10-12,2020-10-05,0.0,0.0,0.0,100.0,100.0,100.0,1999-01-01,1999-01-01,1999-01-01,1999-01-01,1999-01-01,1999-01-01,0.0,0.0,0.0,100.0,100.0,100.0,1999-01-01,1999-01-01,1999-01-01,1999-01-01,1999-01-01,1999-01-01,0.0,0.0,0.0,-0.068,100.0,100.0,1999-01-01,1999-01-01,1999-01-01,2020-10-07,1999-01-01,1999-01-01,0.0,0.0,0.0,-0.097,100.0,100.0,1999-01-01,1999-01-01,1999-01-01,2020-10-14,1999-01-01,1999-01-01,0.007,0.0,0.0,0.006,-0.006,100.0,2020-10-08,1999-01-01,1999-01-01,2020-10-20,2020-08-18,1999-01-01,0.013,0.0,0.0,0.006,-0.007,100.0,2020-10-05,1999-01-01,1999-01-01,2020-10-21,2020-08-13,1999-01-01,0.014,0.0,0.0,0.008,-0.01,100.0,2020-10-06,1999-01-01,1999-01-01,2020-10-21,2020-08-14,1999-01-01,0.009,0.0,0.0,0.009,100.0,100.0,2020-10-08,1999-01-01,1999-01-01,2020-10-16,1999-01-01,1999-01-01,1060800.0,214400.0,1495900.0,17.38,-10.63,42.78,0.0,0.0,0.0,-0.026,100.0,100.0,0.004,0.0,0.0,-0.004,100.0,100.0,0.0,0.0,0.0,-0.02456,100.0,100.0,0.0,0.0,0.0,100.0,100.0,100.0,78.272,89.969,16.61,73.909,0.0,0.0,48.671,0.0,0.0,20.38,100.0,100.0,1999-01-01,1999-01-01,1999-01-01,2020-09-24,1999-01-01,1999-01-01,0,0,0,7937,0,0,1999-01-01,1999-01-01,1999-01-01,1999-01-01,1999-01-01,1999-01-01,2020-10-13,2020-10-08,2020-10-01,2020-10-12,2020-10-02,2020-09-30,2020-10-19,1999-01-01,1999-01-01,2020-09-21,1999-01-01,1999-01-01,1495900.0,,,,,n2p,,,n2p,Life.Empty,Life.Empty,Life.Empty,Life.BullEnd,Life.BullRetrace,retrace.buy,
2020-10-26,RL,,,,,,,0,0,0,,0,0,0,0.33116,,,,,0.35597,0.37959,0.41628,0.45025,-0.07112,,,0.00648,,,-0.06217,,,0.00704,,,-0.09614,,,0.00849,,,-0.02502,0.00895,-0.03397,0.01017,,,0.3484,0.35679,-0.00838,-0.0093,-0.01171,0.0024,,,,,-2.16,54.01,0.0,0.0,-10.82,1.12,-1.11,36.4,4.0,20.0,3.0,1.0,28.0,4.0,5.0,22.0,-0.0,-0.0195,0.00524,-0.00454,1.15433,53.58187,45.32275,,,4.91087,11.14903,32.47778,,,4.77583,7.48115,41.38707,40.55772,,,0.02097,0.02209,,,,,,-0.15,,,,,,0.366,0.496,0.0,0.325,0.495,0.0,2020-10-13,2020-07-24,1999-01-01,2020-09-30,2020-07-22,1999-01-01,-9.52,12.62,-34.48,0.2,,,9.0,9.0,44.0,2.0,0.0,0.0,-1.0,1.0,-1.0,0.0,0.0,0.0,0.347,0.381,0.381,0.342,0.376,0.303,2020-10-23,2020-10-13,2020-10-09,2020-10-22,2020-10-12,2020-10-05,0.0,0.0,0.0,100.0,100.0,100.0,1999-01-01,1999-01-01,1999-01-01,1999-01-01,1999-01-01,1999-01-01,0.0,0.0,0.0,100.0,100.0,100.0,1999-01-01,1999-01-01,1999-01-01,1999-01-01,1999-01-01,1999-01-01,0.0,0.0,0.0,-0.068,100.0,100.0,1999-01-01,1999-01-01,1999-01-01,2020-10-07,1999-01-01,1999-01-01,0.0,0.0,0.0,-0.097,100.0,100.0,1999-01-01,1999-01-01,1999-01-01,2020-10-14,1999-01-01,1999-01-01,0.007,0.0,0.0,0.006,-0.006,100.0,2020-10-08,1999-01-01,1999-01-01,2020-10-20,2020-08-18,1999-01-01,0.013,0.0,0.0,0.006,-0.007,100.0,2020-10-05,1999-01-01,1999-01-01,2020-10-21,2020-08-13,1999-01-01,0.014,0.0,0.0,0.008,-0.01,100.0,2020-10-06,1999-01-01,1999-01-01,2020-10-21,2020-08-14,1999-01-01,0.009,0.0,0.0,0.009,100.0,100.0,2020-10-08,1999-01-01,1999-01-01,2020-10-16,1999-01-01,1999-01-01,214400.0,1495900.0,618600.0,-10.63,42.78,-15.96,0.0,0.0,0.0,-0.026,100.0,100.0,0.004,0.0,0.0,-0.004,100.0,100.0,0.0,0.0,0.0,-0.02456,100.0,100.0,0.0,0.0,0.0,100.0,100.0,100.0,78.272,89.969,16.61,73.909,0.0,0.0,48.671,0.0,0.0,20.38,100.0,100.0,1999-01-01,1999-01-01,1999-01-01,2020-09-24,1999-01-01,1999-01-01,0,0,0,7937,0,0,1999-01-01,1999-01-01,1999-01-01,1999-01-01,1999-01-01,1999-01-01,2020-10-13,2020-10-08,2020-10-01,2020-10-12,2020-10-02,2020-09-30,2020-10-19,1999-01-01,1999-01-01,2020-09-21,1999-01-01,1999-01-01,,,-618600.0,,n2p,,,n2p,p2n,Life.Empty,Life.Empty,Life.Empty,Life.BullEnd,Life.BullRetrace,retrace.buy,
2020-10-27,RL,,,,,,,0,0,0,,0,0,0,0.32737,,,,,0.35376,0.37753,0.41452,0.44903,-0.07156,,,0.00708,,,-0.06174,,,0.00804,,,-0.09613,,,0.00937,,,-0.02457,0.00981,-0.03439,0.0107,,,0.34514,0.35459,-0.00945,-0.00908,-0.01118,0.0021,,,,,-1.03,54.01,0.0,0.0,-10.82,1.12,-1.11,36.4,3.0,20.0,3.0,1.0,28.0,4.0,5.0,22.0,0.0,0.0,0.00244,-0.00454,0.53858,35.00512,44.38423,,,-13.66588,5.90361,19.96064,,,7.81742,7.38163,42.20028,41.38242,,,0.02017,0.02198,,,,,,-0.15,,,,,,0.366,0.496,0.0,0.325,0.495,0.0,2020-10-13,2020-07-24,1999-01-01,2020-09-30,2020-07-22,1999-01-01,-10.55,12.62,-34.48,0.2,,,10.0,9.0,44.0,2.0,0.0,0.0,-1.0,1.0,-1.0,0.0,0.0,0.0,0.347,0.381,0.381,0.342,0.376,0.303,2020-10-23,2020-10-13,2020-10-09,2020-10-22,2020-10-12,2020-10-05,0.0,0.0,0.0,100.0,100.0,100.0,1999-01-01,1999-01-01,1999-01-01,1999-01-01,1999-01-01,1999-01-01,0.0,0.0,0.0,100.0,100.0,100.0,1999-01-01,1999-01-01,1999-01-01,1999-01-01,1999-01-01,1999-01-01,0.0,0.0,0.0,-0.068,100.0,100.0,1999-01-01,1999-01-01,1999-01-01,2020-10-07,1999-01-01,1999-01-01,0.0,0.0,0.0,-0.097,100.0,100.0,1999-01-01,1999-01-01,1999-01-01,2020-10-14,1999-01-01,1999-01-01,0.007,0.0,0.0,0.006,-0.006,100.0,2020-10-08,1999-01-01,1999-01-01,2020-10-20,2020-08-18,1999-01-01,0.013,0.0,0.0,0.006,-0.007,100.0,2020-10-05,1999-01-01,1999-01-01,2020-10-21,2020-08-13,1999-01-01,0.014,0.0,0.0,0.008,-0.01,100.0,2020-10-06,1999-01-01,1999-01-01,2020-10-21,2020-08-14,1999-01-01,0.009,0.0,0.0,0.009,100.0,100.0,2020-10-08,1999-01-01,1999-01-01,2020-10-16,1999-01-01,1999-01-01,1495900.0,618600.0,202900.0,42.78,-15.96,-0.49,0.0,0.0,0.0,-0.026,100.0,100.0,0.004,0.0,0.0,-0.004,100.0,100.0,0.0,0.0,0.0,-0.02456,100.0,100.0,0.0,0.0,0.0,100.0,100.0,100.0,78.272,89.969,16.61,73.909,0.0,0.0,48.671,0.0,0.0,20.38,100.0,100.0,1999-01-01,1999-01-01,1999-01-01,2020-09-24,1999-01-01,1999-01-01,0,0,0,7937,0,0,1999-01-01,1999-01-01,1999-01-01,1999-01-01,1999-01-01,1999-01-01,2020-10-13,2020-10-08,2020-10-01,2020-10-12,2020-10-02,2020-09-30,2020-10-19,1999-01-01,1999-01-01,2020-09-21,1999-01-01,1999-01-01,,,,,,,n2p,p2n,,Life.Empty,Life.Empty,Life.Empty,Life.BullEnd,Life.BullRetrace,retrace.buy,
2020-10-28,RL,,,,,,,0,0,0,,0,0,0,0.32476,,,,,0.35096,0.37518,0.4126,0.44772,-0.07197,,,0.00782,,,-0.06131,,,0.00931,,,-0.0961,,,0.01053,,,-0.02413,0.01066,-0.03479,0.01131,,,0.34087,0.35184,-0.01097,-0.00885,-0.01072,0.00186,,,,,-0.23,54.01,0.0,0.0,-10.82,1.12,-1.11,36.4,2.0,20.0,3.0,1.0,28.0,4.0,5.0,22.0,-0.0,-0.0098,0.0007,-0.00524,0.1337,11.79302,43.56568,,,-36.87798,0.0,5.68422,,,3.04159,5.21161,42.99221,42.19318,,,0.01943,0.02189,,,,,,-0.15,,,,,,0.366,0.496,0.0,0.325,0.495,0.0,2020-10-13,2020-07-24,1999-01-01,2020-09-30,2020-07-22,1999-01-01,-11.27,12.62,-34.48,0.2,,,11.0,9.0,44.0,2.0,0.0,0.0,-1.0,1.0,-1.0,0.0,0.0,0.0,0.347,0.381,0.381,0.342,0.376,0.303,2020-10-23,2020-10-13,2020-10-09,2020-10-22,2020-10-12,2020-10-05,0.0,0.0,0.0,100.0,100.0,100.0,1999-01-01,1999-01-01,1999-01-01,1999-01-01,1999-01-01,1999-01-01,0.0,0.0,0.0,100.0,100.0,100.0,1999-01-01,1999-01-01,1999-01-01,1999-01-01,1999-01-01,1999-01-01,0.0,0.0,0.0,-0.068,100.0,100.0,1999-01-01,1999-01-01,1999-01-01,2020-10-07,1999-01-01,1999-01-01,0.0,0.0,0.0,-0.097,100.0,100.0,1999-01-01,1999-01-01,1999-01-01,2020-10-14,1999-01-01,1999-01-01,0.007,0.0,0.0,0.006,-0.006,100.0,2020-10-08,1999-01-01,1999-01-01,2020-10-20,2020-08-18,1999-01-01,0.013,0.0,0.0,0.006,-0.007,100.0,2020-10-05,1999-01-01,1999-01-01,2020-10-21,2020-08-13,1999-01-01,0.014,0.0,0.0,0.008,-0.01,100.0,2020-10-06,1999-01-01,1999-01-01,2020-10-21,2020-08-14,1999-01-01,0.009,0.0,0.0,0.009,100.0,100.0,2020-10-08,1999-01-01,1999-01-01,2020-10-16,1999-01-01,1999-01-01,618600.0,202900.0,357100.0,-15.96,-0.49,-49.14,0.0,0.0,0.0,-0.026,100.0,100.0,0.004,0.0,0.0,-0.004,100.0,100.0,0.0,0.0,0.0,-0.02456,100.0,100.0,0.0,0.0,0.0,100.0,100.0,100.0,78.272,89.969,16.61,73.909,0.0,0.0,48.671,0.0,0.0,20.38,100.0,100.0,1999-01-01,1999-01-01,1999-01-01,2020-09-24,1999-01-01,1999-01-01,0,0,0,7937,0,0,1999-01-01,1999-01-01,1999-01-01,1999-01-01,1999-01-01,1999-01-01,2020-10-13,2020-10-08,2020-10-01,2020-10-12,2020-10-02,2020-09-30,2020-10-19,1999-01-01,1999-01-01,2020-09-21,1999-01-01,1999-01-01,,,,-357100.0,,n2p,p2n,,n2n,Life.Empty,Life.Empty,Life.Empty,Life.BullEnd,Life.BullRetrace,retrace.buy,
2020-10-30,RL,,,,,,,0,0,0,,0,0,0,0.32359,0.324,,,,0.34763,0.37253,0.41052,0.44632,-0.07234,,,0.0087,,,-0.06084,,,0.0108,,,-0.09601,,,0.01195,,,-0.02367,0.0115,-0.03517,0.01199,,,0.33577,0.34857,-0.0128,-0.00859,-0.01029,0.0017,,,,,54.21,0.0,0.0,-10.82,1.12,-1.11,36.4,-0.82,20.0,3.0,1.0,28.0,4.0,5.0,22.0,6.0,-0.0,-0.0097,0.0007,-0.00593,0.11807,10.56034,42.96803,,,-38.11066,0.0,1.96787,0.0,,3.04159,4.63353,43.75695,42.98314,,,0.01874,0.02184,,,,,,-0.15,,,,,,0.366,0.496,0.0,0.324,0.325,0.495,2020-10-13,2020-07-24,1999-01-01,2020-10-30,2020-09-30,2020-07-22,0.0,-11.48,12.62,-34.48,0.2,,0.0,12.0,9.0,44.0,2.0,0.0,0.0,-1.0,1.0,-1.0,0.0,0.0,0.347,0.381,0.381,0.342,0.376,0.303,2020-10-23,2020-10-13,2020-10-09,2020-10-22,2020-10-12,2020-10-05,0.0,0.0,0.0,100.0,100.0,100.0,1999-01-01,1999-01-01,1999-01-01,1999-01-01,1999-01-01,1999-01-01,0.0,0.0,0.0,100.0,100.0,100.0,1999-01-01,1999-01-01,1999-01-01,1999-01-01,1999-01-01,1999-01-01,0.0,0.0,0.0,-0.068,100.0,100.0,1999-01-01,1999-01-01,1999-01-01,2020-10-07,1999-01-01,1999-01-01,0.0,0.0,0.0,-0.097,100.0,100.0,1999-01-01,1999-01-01,1999-01-01,2020-10-14,1999-01-01,1999-01-01,0.007,0.0,0.0,0.006,-0.006,100.0,2020-10-08,1999-01-01,1999-01-01,2020-10-20,2020-08-18,1999-01-01,0.013,0.0,0.0,0.006,-0.007,100.0,2020-10-05,1999-01-01,1999-01-01,2020-10-21,2020-08-13,1999-01-01,0.014,0.0,0.0,0.008,-0.01,100.0,2020-10-06,1999-01-01,1999-01-01,2020-10-21,2020-08-14,1999-01-01,0.009,0.0,0.0,0.009,100.0,100.0,2020-10-08,1999-01-01,1999-01-01,2020-10-16,1999-01-01,1999-01-01,202900.0,357100.0,442600.0,-0.49,-49.14,-14.93,0.0,0.0,0.0,-0.026,100.0,100.0,0.004,0.0,0.0,-0.004,100.0,100.0,0.0,0.0,0.0,-0.02456,100.0,100.0,0.0,0.0,0.0,100.0,100.0,100.0,78.272,89.969,16.61,0.0,73.909,0.0,48.671,0.0,0.0,20.38,100.0,100.0,1999-01-01,1999-01-01,1999-01-01,2020-09-24,1999-01-01,1999-01-01,0,0,0,7937,0,0,1999-01-01,1999-01-01,1999-01-01,1999-01-01,1999-01-01,1999-01-01,2020-10-13,2020-10-08,2020-10-01,2020-10-30,2020-10-12,2020-10-02,2020-10-19,1999-01-01,1999-01-01,2020-09-21,1999-01-01,1999-01-01,,,,,n2p,p2n,,n2n,,Life.Empty,Life.Empty,Life.Empty,Life.BullEnd,Life.BullRetrace,retrace.buy,
2020-11-02,RL,,,,,,,0,0,0,,0,0,0,0.3241,,,0.303,,0.34419,0.36979,0.40839,0.4449,-0.07263,,,0.00968,,,-0.06027,,,0.01246,,,-0.0958,,,0.0136,,,-0.02317,0.01236,-0.03553,0.01271,,,0.3307,0.34518,-0.01448,-0.00822,-0.00988,0.00165,,,0.002,,53.97,0.0,0.0,-10.82,1.12,-1.11,36.4,-0.82,19.0,3.0,1.0,28.0,4.0,5.0,22.0,6.0,-0.0,-0.0049,0.0007,-0.00593,0.11807,10.56034,42.68422,42.684,,-38.11066,5.28017,1.76006,,,3.72058,3.26792,44.48986,43.74634,,,0.0181,0.02182,0.022,,,,,-0.15,,,,,,0.366,0.496,0.0,0.324,0.325,0.495,2020-10-13,2020-07-24,1999-01-01,2020-10-30,2020-09-30,2020-07-22,0.03,-11.48,12.62,-34.48,0.2,,1.0,12.0,9.0,44.0,2.0,0.0,0.0,-1.0,1.0,-1.0,0.0,0.0,0.347,0.381,0.381,0.303,0.342,0.376,2020-10-23,2020-10-13,2020-10-09,2020-11-02,2020-10-22,2020-10-12,0.0,0.0,0.0,0.022,100.0,100.0,1999-01-01,1999-01-01,1999-01-01,2020-11-02,1999-01-01,1999-01-01,0.0,0.0,0.0,100.0,100.0,100.0,1999-01-01,1999-01-01,1999-01-01,1999-01-01,1999-01-01,1999-01-01,0.0,0.0,0.0,-0.068,100.0,100.0,1999-01-01,1999-01-01,1999-01-01,2020-10-07,1999-01-01,1999-01-01,0.0,0.0,0.0,-0.097,100.0,100.0,1999-01-01,1999-01-01,1999-01-01,2020-10-14,1999-01-01,1999-01-01,0.007,0.0,0.0,0.006,-0.006,100.0,2020-10-08,1999-01-01,1999-01-01,2020-10-20,2020-08-18,1999-01-01,0.013,0.0,0.0,0.006,-0.007,100.0,2020-10-05,1999-01-01,1999-01-01,2020-10-21,2020-08-13,1999-01-01,0.014,0.0,0.0,0.008,-0.01,100.0,2020-10-06,1999-01-01,1999-01-01,2020-10-21,2020-08-14,1999-01-01,0.009,0.0,0.0,0.009,100.0,100.0,2020-10-08,1999-01-01,1999-01-01,2020-10-16,1999-01-01,1999-01-01,357100.0,442600.0,227100.0,-49.14,-14.93,2.41,0.0,0.0,0.0,-0.026,100.0,100.0,0.004,0.0,0.0,0.002,-0.004,100.0,0.0,0.0,0.0,-0.02456,100.0,100.0,0.0,0.0,0.0,100.0,100.0,100.0,78.272,89.969,16.61,0.0,73.909,0.0,48.671,0.0,0.0,42.684,20.38,100.0,1999-01-01,1999-01-01,1999-01-01,2020-09-24,1999-01-01,1999-01-01,0,0,0,7937,0,0,1999-01-01,1999-01-01,1999-01-01,1999-01-01,1999-01-01,1999-01-01,2020-10-13,2020-10-08,2020-10-01,2020-10-30,2020-10-12,2020-10-02,2020-10-19,1999-01-01,1999-01-01,2020-11-02,2020-09-21,1999-01-01,,,,,p2n,,n2n,,,Life.Empty,Life.Empty,Life.Empty,Life.BullEnd,Life.BullRetrace,retrace.buy,
2020-11-03,RL,,,,,,,0,0,0,,0,0,0,0.32636,,,,,0.34213,0.36774,0.40659,0.44363,-0.07284,,,0.01072,,,-0.05958,,,0.01421,,,-0.09544,,,0.01542,,,-0.0226,0.01325,-0.03586,0.01345,,,0.32865,0.34312,-0.01447,-0.0077,-0.00944,0.00174,,,,,52.9,0.0,0.0,-10.82,1.12,-1.11,36.4,-0.82,18.0,3.0,1.0,28.0,4.0,5.0,22.0,6.0,0.0146,0.0,0.00139,-0.00593,0.23494,19.02439,42.78193,,,-23.65961,21.01293,8.76437,,,22.72643,9.82953,45.18635,44.47772,,,0.0182,0.02182,,,,,,-0.15,,,,,,0.366,0.496,0.0,0.324,0.325,0.495,2020-10-13,2020-07-24,1999-01-01,2020-10-30,2020-09-30,2020-07-22,0.73,-11.48,12.62,-34.48,0.2,,2.0,12.0,9.0,44.0,2.0,0.0,0.0,-1.0,1.0,-1.0,0.0,0.0,0.347,0.381,0.381,0.303,0.342,0.376,2020-10-23,2020-10-13,2020-10-09,2020-11-02,2020-10-22,2020-10-12,0.0,0.0,0.0,0.022,100.0,100.0,1999-01-01,1999-01-01,1999-01-01,2020-11-02,1999-01-01,1999-01-01,0.0,0.0,0.0,100.0,100.0,100.0,1999-01-01,1999-01-01,1999-01-01,1999-01-01,1999-01-01,1999-01-01,0.0,0.0,0.0,-0.068,100.0,100.0,1999-01-01,1999-01-01,1999-01-01,2020-10-07,1999-01-01,1999-01-01,0.0,0.0,0.0,-0.097,100.0,100.0,1999-01-01,1999-01-01,1999-01-01,2020-10-14,1999-01-01,1999-01-01,0.007,0.0,0.0,0.006,-0.006,100.0,2020-10-08,1999-01-01,1999-01-01,2020-10-20,2020-08-18,1999-01-01,0.013,0.0,0.0,0.006,-0.007,100.0,2020-10-05,1999-01-01,1999-01-01,2020-10-21,2020-08-13,1999-01-01,0.014,0.0,0.0,0.008,-0.01,100.0,2020-10-06,1999-01-01,1999-01-01,2020-10-21,2020-08-14,1999-01-01,0.009,0.0,0.0,0.009,100.0,100.0,2020-10-08,1999-01-01,1999-01-01,2020-10-16,1999-01-01,1999-01-01,442600.0,227100.0,507200.0,-14.93,2.41,14.62,0.0,0.0,0.0,-0.026,100.0,100.0,0.004,0.0,0.0,0.002,-0.004,100.0,0.0,0.0,0.0,-0.02456,100.0,100.0,0.0,0.0,0.0,100.0,100.0,100.0,78.272,89.969,16.61,0.0,73.909,0.0,48.671,0.0,0.0,42.684,20.38,100.0,1999-01-01,1999-01-01,1999-01-01,2020-09-24,1999-01-01,1999-01-01,0,0,0,7937,0,0,1999-01-01,1999-01-01,1999-01-01,1999-01-01,1999-01-01,1999-01-01,2020-10-13,2020-10-08,2020-10-01,2020-10-30,2020-10-12,2020-10-02,2020-10-19,1999-01-01,1999-01-01,2020-11-02,2020-09-21,1999-01-01,,,,,,n2n,,,,Life.Empty,Life.Empty,Life.Empty,Life.BullEnd,Life.BullRetrace,retrace.buy,
2020-11-04,RL,,,,,,,0,0,0,,0,0,0,0.33012,,,,,0.34022,0.36577,0.40482,0.44237,-0.07292,-0.073,,0.0118,,,-0.05873,,,0.01599,,,-0.09486,,,0.01737,,,-0.02195,0.01419,-0.03613,0.01419,,,0.32692,0.34122,-0.0143,-0.00696,-0.00894,0.00198,,,,,51.16,0.0,0.0,-10.82,1.12,-1.11,36.4,-0.82,17.0,3.0,1.0,28.0,4.0,5.0,22.0,6.0,0.0,0.0,0.00139,-0.00523,0.26639,21.0356,43.29708,,,-21.6484,24.96799,17.08703,,,44.91073,23.78591,45.84272,45.17298,,,0.0176,0.02185,,,,,-0.15,,,,,,,0.366,0.496,0.0,0.324,0.325,0.495,2020-10-13,2020-07-24,1999-01-01,2020-10-30,2020-09-30,2020-07-22,1.89,-11.48,12.62,-34.48,0.2,,3.0,12.0,9.0,44.0,2.0,0.0,1.0,-1.0,1.0,-1.0,0.0,0.0,0.347,0.381,0.381,0.303,0.342,0.376,2020-10-23,2020-10-13,2020-10-09,2020-11-02,2020-10-22,2020-10-12,0.0,0.0,0.0,0.022,100.0,100.0,1999-01-01,1999-01-01,1999-01-01,2020-11-02,1999-01-01,1999-01-01,0.0,0.0,0.0,-0.073,100.0,100.0,1999-01-01,1999-01-01,1999-01-01,2020-11-04,1999-01-01,1999-01-01,0.0,0.0,0.0,-0.068,100.0,100.0,1999-01-01,1999-01-01,1999-01-01,2020-10-07,1999-01-01,1999-01-01,0.0,0.0,0.0,-0.097,100.0,100.0,1999-01-01,1999-01-01,1999-01-01,2020-10-14,1999-01-01,1999-01-01,0.007,0.0,0.0,0.006,-0.006,100.0,2020-10-08,1999-01-01,1999-01-01,2020-10-20,2020-08-18,1999-01-01,0.013,0.0,0.0,0.006,-0.007,100.0,2020-10-05,1999-01-01,1999-01-01,2020-10-21,2020-08-13,1999-01-01,0.014,0.0,0.0,0.008,-0.01,100.0,2020-10-06,1999-01-01,1999-01-01,2020-10-21,2020-08-14,1999-01-01,0.009,0.0,0.0,0.009,100.0,100.0,2020-10-08,1999-01-01,1999-01-01,2020-10-16,1999-01-01,1999-01-01,227100.0,507200.0,280700.0,2.41,14.62,-13.76,0.0,0.0,0.0,-0.026,100.0,100.0,0.004,0.0,0.0,0.002,-0.004,100.0,0.0,0.0,0.0,-0.02456,100.0,100.0,0.0,0.0,0.0,100.0,100.0,100.0,78.272,89.969,16.61,0.0,73.909,0.0,48.671,0.0,0.0,42.684,20.38,100.0,1999-01-01,1999-01-01,1999-01-01,2020-09-24,1999-01-01,1999-01-01,0,0,0,7937,0,0,1999-01-01,1999-01-01,1999-01-01,1999-01-01,1999-01-01,1999-01-01,2020-10-13,2020-10-08,2020-10-01,2020-10-30,2020-10-12,2020-10-02,2020-10-19,1999-01-01,1999-01-01,2020-11-02,2020-09-21,1999-01-01,,,,,n2n,,,,,Life.Empty,Life.Empty,Life.BullEnd,Life.BullRetrace,Life.Bull,,
2020-11-05,RL,,,,,,,0,0,0,,0,0,0,0.33492,,,,0.352,0.3411,0.36521,0.40377,0.44147,-0.07284,,,0.01286,,,-0.05766,,,0.0177,,,-0.09404,,,0.01937,,,-0.0212,0.01518,-0.03637,0.01489,,,0.33072,0.34199,-0.01127,-0.00598,-0.00835,0.00237,,,,,48.99,0.0,0.0,-10.82,1.12,-1.11,36.4,-0.82,16.0,3.0,1.0,28.0,4.0,5.0,22.0,6.0,0.0342,0.0,0.00384,-0.00489,0.78509,43.98034,44.24094,,,1.29634,68.758,38.24631,,68.758,74.52348,47.38688,46.45626,45.82845,,,0.01878,0.02191,,,,,-0.15,,,,,,,0.366,0.496,0.0,0.324,0.325,0.495,2020-10-13,2020-07-24,1999-01-01,2020-10-30,2020-09-30,2020-07-22,3.37,-11.48,12.62,-34.48,0.2,,4.0,12.0,9.0,44.0,2.0,0.0,1.0,-1.0,1.0,-1.0,0.0,0.0,0.352,0.347,0.381,0.303,0.342,0.376,2020-11-05,2020-10-23,2020-10-13,2020-11-02,2020-10-22,2020-10-12,0.0,0.0,0.0,0.022,100.0,100.0,1999-01-01,1999-01-01,1999-01-01,2020-11-02,1999-01-01,1999-01-01,0.0,0.0,0.0,-0.073,100.0,100.0,1999-01-01,1999-01-01,1999-01-01,2020-11-04,1999-01-01,1999-01-01,0.0,0.0,0.0,-0.068,100.0,100.0,1999-01-01,1999-01-01,1999-01-01,2020-10-07,1999-01-01,1999-01-01,0.0,0.0,0.0,-0.097,100.0,100.0,1999-01-01,1999-01-01,1999-01-01,2020-10-14,1999-01-01,1999-01-01,0.007,0.0,0.0,0.006,-0.006,100.0,2020-10-08,1999-01-01,1999-01-01,2020-10-20,2020-08-18,1999-01-01,0.013,0.0,0.0,0.006,-0.007,100.0,2020-10-05,1999-01-01,1999-01-01,2020-10-21,2020-08-13,1999-01-01,0.014,0.0,0.0,0.008,-0.01,100.0,2020-10-06,1999-01-01,1999-01-01,2020-10-21,2020-08-14,1999-01-01,0.009,0.0,0.0,0.009,100.0,100.0,2020-10-08,1999-01-01,1999-01-01,2020-10-16,1999-01-01,1999-01-01,507200.0,280700.0,1166200.0,14.62,-13.76,92.52,0.0,0.0,0.0,-0.026,100.0,100.0,0.004,0.0,0.0,0.002,-0.004,100.0,0.0,0.0,0.0,-0.02456,100.0,100.0,0.0,0.0,0.0,100.0,100.0,100.0,68.758,78.272,89.969,0.0,73.909,0.0,48.671,0.0,0.0,42.684,20.38,100.0,1999-01-01,1999-01-01,1999-01-01,2020-09-24,1999-01-01,1999-01-01,0,0,0,7937,0,0,1999-01-01,1999-01-01,1999-01-01,1999-01-01,1999-01-01,1999-01-01,2020-11-05,2020-10-13,2020-10-08,2020-10-30,2020-10-12,2020-10-02,2020-10-19,1999-01-01,1999-01-01,2020-11-02,2020-09-21,1999-01-01,1166200.0,,,,,,,,n2p,Life.Empty,Life.Empty,Life.BullEnd,Life.BullRetrace,Life.Bull,,
2020-11-06,RL,,,,,,,0,0,0,,0,0,0,0.34023,,,,,0.34153,0.36448,0.40264,0.44053,-0.07259,,,0.01386,,,-0.05633,,,0.01926,,,-0.09293,,,0.02136,,,-0.02034,0.01626,-0.0366,0.01553,,,0.33318,0.34233,-0.00916,-0.00472,-0.00762,0.00291,,,,,46.66,0.0,0.0,-10.82,1.12,-1.11,36.4,-0.82,15.0,3.0,1.0,28.0,4.0,5.0,22.0,6.0,-0.0,-0.0049,0.00384,-0.00454,0.84567,45.81911,45.60424,,,3.13511,62.48399,52.07,,,83.27645,67.57022,47.02298,46.44066,,,0.01883,0.022,,,,,-0.15,,,,,,,0.366,0.496,0.0,0.324,0.325,0.495,2020-10-13,2020-07-24,1999-01-01,2020-10-30,2020-09-30,2020-07-22,5.01,-11.48,12.62,-34.48,0.2,,5.0,12.0,9.0,44.0,2.0,0.0,1.0,-1.0,1.0,-1.0,0.0,0.0,0.352,0.347,0.381,0.303,0.342,0.376,2020-11-05,2020-10-23,2020-10-13,2020-11-02,2020-10-22,2020-10-12,0.0,0.0,0.0,0.022,100.0,100.0,1999-01-01,1999-01-01,1999-01-01,2020-11-02,1999-01-01,1999-01-01,0.0,0.0,0.0,-0.073,100.0,100.0,1999-01-01,1999-01-01,1999-01-01,2020-11-04,1999-01-01,1999-01-01,0.0,0.0,0.0,-0.068,100.0,100.0,1999-01-01,1999-01-01,1999-01-01,2020-10-07,1999-01-01,1999-01-01,0.0,0.0,0.0,-0.097,100.0,100.0,1999-01-01,1999-01-01,1999-01-01,2020-10-14,1999-01-01,1999-01-01,0.007,0.0,0.0,0.006,-0.006,100.0,2020-10-08,1999-01-01,1999-01-01,2020-10-20,2020-08-18,1999-01-01,0.013,0.0,0.0,0.006,-0.007,100.0,2020-10-05,1999-01-01,1999-01-01,2020-10-21,2020-08-13,1999-01-01,0.014,0.0,0.0,0.008,-0.01,100.0,2020-10-06,1999-01-01,1999-01-01,2020-10-21,2020-08-14,1999-01-01,0.009,0.0,0.0,0.009,100.0,100.0,2020-10-08,1999-01-01,1999-01-01,2020-10-16,1999-01-01,1999-01-01,280700.0,1166200.0,662900.0,-13.76,92.52,7.97,0.0,0.0,0.0,-0.026,100.0,100.0,0.004,0.0,0.0,0.002,-0.004,100.0,0.0,0.0,0.0,-0.02456,100.0,100.0,0.0,0.0,0.0,100.0,100.0,100.0,68.758,78.272,89.969,0.0,73.909,0.0,48.671,0.0,0.0,42.684,20.38,100.0,1999-01-01,1999-01-01,1999-01-01,2020-09-24,1999-01-01,1999-01-01,0,0,0,7937,0,0,1999-01-01,1999-01-01,1999-01-01,1999-01-01,1999-01-01,1999-01-01,2020-11-05,2020-10-13,2020-10-08,2020-10-30,2020-10-12,2020-10-02,2020-10-19,1999-01-01,1999-01-01,2020-11-02,2020-09-21,1999-01-01,,,,,,,,n2p,,Life.Empty,Life.Empty,Life.BullEnd,Life.BullRetrace,Life.Bull,,
2020-11-09,RL,,,,,,,0,0,0,,0,0,0,0.34596,,,0.337,,0.34118,0.36341,0.40134,0.4395,-0.07213,,,0.01476,,,-0.05468,,,0.02058,,,-0.09151,,,0.02327,,,-0.01937,0.01746,-0.03683,0.01606,,,0.33376,0.34194,-0.00818,-0.00317,-0.00673,0.00356,,,,,44.24,0.0,0.0,-10.82,1.12,-1.11,36.4,-0.82,14.0,3.0,1.0,28.0,4.0,5.0,22.0,6.0,-0.0,-0.0097,0.00384,-0.00523,0.73361,42.31678,47.35802,,,-0.36722,50.06402,60.43534,50.064,,82.3212,80.04038,47.53575,47.005,,,0.01888,0.0221,,,,,-0.15,,,,,,,0.366,0.496,0.0,0.324,0.325,0.495,2020-10-13,2020-07-24,1999-01-01,2020-10-30,2020-09-30,2020-07-22,6.78,-11.48,12.62,-34.48,0.2,,6.0,12.0,9.0,44.0,2.0,0.0,1.0,-1.0,1.0,-1.0,0.0,0.0,0.352,0.347,0.381,0.337,0.303,0.342,2020-11-05,2020-10-23,2020-10-13,2020-11-09,2020-11-02,2020-10-22,0.0,0.0,0.0,0.022,100.0,100.0,1999-01-01,1999-01-01,1999-01-01,2020-11-02,1999-01-01,1999-01-01,0.0,0.0,0.0,-0.073,100.0,100.0,1999-01-01,1999-01-01,1999-01-01,2020-11-04,1999-01-01,1999-01-01,0.0,0.0,0.0,-0.068,100.0,100.0,1999-01-01,1999-01-01,1999-01-01,2020-10-07,1999-01-01,1999-01-01,0.0,0.0,0.0,-0.097,100.0,100.0,1999-01-01,1999-01-01,1999-01-01,2020-10-14,1999-01-01,1999-01-01,0.007,0.0,0.0,0.006,-0.006,100.0,2020-10-08,1999-01-01,1999-01-01,2020-10-20,2020-08-18,1999-01-01,0.013,0.0,0.0,0.006,-0.007,100.0,2020-10-05,1999-01-01,1999-01-01,2020-10-21,2020-08-13,1999-01-01,0.014,0.0,0.0,0.008,-0.01,100.0,2020-10-06,1999-01-01,1999-01-01,2020-10-21,2020-08-14,1999-01-01,0.009,0.0,0.0,0.009,100.0,100.0,2020-10-08,1999-01-01,1999-01-01,2020-10-16,1999-01-01,1999-01-01,1166200.0,662900.0,423200.0,92.52,7.97,6.75,0.0,0.0,0.0,-0.026,100.0,100.0,0.004,0.0,0.0,0.002,-0.004,100.0,0.0,0.0,0.0,-0.02456,100.0,100.0,0.0,0.0,0.0,100.0,100.0,100.0,68.758,78.272,89.969,50.064,0.0,73.909,48.671,0.0,0.0,42.684,20.38,100.0,1999-01-01,1999-01-01,1999-01-01,2020-09-24,1999-01-01,1999-01-01,0,0,0,7937,0,0,1999-01-01,1999-01-01,1999-01-01,1999-01-01,1999-01-01,1999-01-01,2020-11-05,2020-10-13,2020-10-08,2020-11-09,2020-10-30,2020-10-12,2020-10-19,1999-01-01,1999-01-01,2020-11-02,2020-09-21,1999-01-01,,,,,,,n2p,,,Life.Empty,Life.Empty,Life.BullEnd,Life.BullRetrace,Life.Bull,,
2020-11-10,RL,,,,,,,0,0,0,,0,0,0,0.35257,,,,,0.34236,0.36314,0.40045,0.43867,-0.07146,,,0.0155,,,-0.05267,,,0.02159,,,-0.08976,,,0.02501,,,-0.01831,0.01879,-0.03709,0.01647,,,0.33726,0.34302,-0.00576,-0.00134,-0.00566,0.00431,,,,,41.53,0.0,0.0,-10.82,1.12,-1.11,36.4,-0.82,13.0,3.0,1.0,28.0,4.0,5.0,22.0,6.0,0.0195,0.0,0.00523,-0.00453,1.15457,53.58712,49.45389,,,10.90312,75.03201,62.52668,,,78.98105,81.52623,47.98672,47.51515,,,0.01928,0.02223,,,,,-0.15,,,,,,,0.366,0.496,0.0,0.324,0.325,0.495,2020-10-13,2020-07-24,1999-01-01,2020-10-30,2020-09-30,2020-07-22,8.82,-11.48,12.62,-34.48,0.2,,7.0,12.0,9.0,44.0,2.0,0.0,1.0,-1.0,1.0,-1.0,0.0,0.0,0.352,0.347,0.381,0.337,0.303,0.342,2020-11-05,2020-10-23,2020-10-13,2020-11-09,2020-11-02,2020-10-22,0.0,0.0,0.0,0.022,100.0,100.0,1999-01-01,1999-01-01,1999-01-01,2020-11-02,1999-01-01,1999-01-01,0.0,0.0,0.0,-0.073,100.0,100.0,1999-01-01,1999-01-01,1999-01-01,2020-11-04,1999-01-01,1999-01-01,0.0,0.0,0.0,-0.068,100.0,100.0,1999-01-01,1999-01-01,1999-01-01,2020-10-07,1999-01-01,1999-01-01,0.0,0.0,0.0,-0.097,100.0,100.0,1999-01-01,1999-01-01,1999-01-01,2020-10-14,1999-01-01,1999-01-01,0.007,0.0,0.0,0.006,-0.006,100.0,2020-10-08,1999-01-01,1999-01-01,2020-10-20,2020-08-18,1999-01-01,0.013,0.0,0.0,0.006,-0.007,100.0,2020-10-05,1999-01-01,1999-01-01,2020-10-21,2020-08-13,1999-01-01,0.014,0.0,0.0,0.008,-0.01,100.0,2020-10-06,1999-01-01,1999-01-01,2020-10-21,2020-08-14,1999-01-01,0.009,0.0,0.0,0.009,100.0,100.0,2020-10-08,1999-01-01,1999-01-01,2020-10-16,1999-01-01,1999-01-01,662900.0,423200.0,1528200.0,7.97,6.75,16.07,0.0,0.0,0.0,-0.026,100.0,100.0,0.004,0.0,0.0,0.002,-0.004,100.0,0.0,0.0,0.0,-0.02456,100.0,100.0,0.0,0.0,0.0,100.0,100.0,100.0,68.758,78.272,89.969,50.064,0.0,73.909,48.671,0.0,0.0,42.684,20.38,100.0,1999-01-01,1999-01-01,1999-01-01,2020-09-24,1999-01-01,1999-01-01,0,0,0,7937,0,0,1999-01-01,1999-01-01,1999-01-01,1999-01-01,1999-01-01,1999-01-01,2020-11-05,2020-10-13,2020-10-08,2020-11-09,2020-10-30,2020-10-12,2020-10-19,1999-01-01,1999-01-01,2020-11-02,2020-09-21,1999-01-01,,,,,,n2p,,,,Life.Empty,Life.Empty,Life.BullEnd,Life.BullRetrace,Life.Bull,,
2020-11-11,RL,,,,,,,0,0,0,,0,0,0,0.36077,,,,0.371,0.34457,0.36345,0.39987,0.438,-0.07055,,,0.01604,,,-0.05029,,,0.0222,,,-0.08769,,,0.02651,,,-0.01714,0.02026,-0.03741,0.01671,,,0.34247,0.3451,-0.00263,0.00075,-0.00437,0.00513,,,,,38.31,0.0,0.0,-10.82,1.12,-1.11,36.4,-0.82,12.0,3.0,1.0,28.0,4.0,5.0,22.0,6.0,0.0146,0.0,0.00627,-0.00453,1.38486,58.06878,51.83119,,,15.38478,93.72599,72.94067,,93.726,84.55557,81.95261,48.37067,47.96438,,,0.01894,0.02239,,,,,-0.15,,,,,,,0.366,0.496,0.0,0.324,0.325,0.495,2020-10-13,2020-07-24,1999-01-01,2020-10-30,2020-09-30,2020-07-22,11.35,-11.48,12.62,-34.48,0.2,,8.0,12.0,9.0,44.0,2.0,0.0,1.0,-1.0,1.0,-1.0,0.0,0.0,0.371,0.352,0.347,0.337,0.303,0.342,2020-11-11,2020-11-05,2020-10-23,2020-11-09,2020-11-02,2020-10-22,0.0,0.0,0.0,0.022,100.0,100.0,1999-01-01,1999-01-01,1999-01-01,2020-11-02,1999-01-01,1999-01-01,0.0,0.0,0.0,-0.073,100.0,100.0,1999-01-01,1999-01-01,1999-01-01,2020-11-04,1999-01-01,1999-01-01,0.0,0.0,0.0,-0.068,100.0,100.0,1999-01-01,1999-01-01,1999-01-01,2020-10-07,1999-01-01,1999-01-01,0.0,0.0,0.0,-0.097,100.0,100.0,1999-01-01,1999-01-01,1999-01-01,2020-10-14,1999-01-01,1999-01-01,0.007,0.0,0.0,0.006,-0.006,100.0,2020-10-08,1999-01-01,1999-01-01,2020-10-20,2020-08-18,1999-01-01,0.013,0.0,0.0,0.006,-0.007,100.0,2020-10-05,1999-01-01,1999-01-01,2020-10-21,2020-08-13,1999-01-01,0.014,0.0,0.0,0.008,-0.01,100.0,2020-10-06,1999-01-01,1999-01-01,2020-10-21,2020-08-14,1999-01-01,0.009,0.0,0.0,0.009,100.0,100.0,2020-10-08,1999-01-01,1999-01-01,2020-10-16,1999-01-01,1999-01-01,423200.0,1528200.0,2282500.0,6.75,16.07,61.95,0.0,0.0,0.0,-0.026,100.0,100.0,0.004,0.0,0.0,0.002,-0.004,100.0,0.0,0.0,0.0,-0.02456,100.0,100.0,0.0,0.0,0.0,100.0,100.0,100.0,93.726,68.758,78.272,50.064,0.0,73.909,48.671,0.0,0.0,42.684,20.38,100.0,1999-01-01,1999-01-01,1999-01-01,2020-09-24,1999-01-01,1999-01-01,0,0,0,7937,0,0,1999-01-01,1999-01-01,1999-01-01,1999-01-01,1999-01-01,1999-01-01,2020-11-11,2020-11-05,2020-10-13,2020-11-09,2020-10-30,2020-10-12,2020-10-19,1999-01-01,1999-01-01,2020-11-02,2020-09-21,1999-01-01,,2282500.0,,,n2p,,,,p2p,Life.Empty,Life.Empty,Life.BullEnd,Life.BullRetrace,Life.Bull,,
2020-11-12,RL,,,,,,,0,0,0,,0,0,0,0.37125,,,,,0.34586,0.36337,0.3991,0.43724,-0.0694,,,0.01635,,,-0.04752,,,0.02237,,0.022,-0.0853,,,0.02771,,,-0.0159,0.02188,-0.03778,0.01677,,0.017,0.34538,0.34631,-0.00093,0.00309,-0.00288,0.00597,,,,,34.41,0.0,0.0,-10.82,1.12,-1.11,36.4,-0.82,11.0,3.0,1.0,28.0,4.0,5.0,22.0,6.0,-0.0,-0.0097,0.00627,-0.00487,1.28739,56.28205,54.42467,,,13.59805,81.30602,83.35467,,,85.57405,83.03689,48.68617,48.34786,,,0.01863,0.02256,,,,,-0.15,,,,,,,0.366,0.496,0.0,0.324,0.325,0.495,2020-10-13,2020-07-24,1999-01-01,2020-10-30,2020-09-30,2020-07-22,14.58,-11.48,12.62,-34.48,0.2,,9.0,12.0,9.0,44.0,2.0,0.0,2.0,-1.0,1.0,-1.0,0.0,0.0,0.371,0.352,0.347,0.337,0.303,0.342,2020-11-11,2020-11-05,2020-10-23,2020-11-09,2020-11-02,2020-10-22,0.0,0.0,0.0,0.022,100.0,100.0,1999-01-01,1999-01-01,1999-01-01,2020-11-02,1999-01-01,1999-01-01,0.0,0.0,0.0,-0.073,100.0,100.0,1999-01-01,1999-01-01,1999-01-01,2020-11-04,1999-01-01,1999-01-01,0.0,0.0,0.0,-0.068,100.0,100.0,1999-01-01,1999-01-01,1999-01-01,2020-10-07,1999-01-01,1999-01-01,0.0,0.0,0.0,-0.097,100.0,100.0,1999-01-01,1999-01-01,1999-01-01,2020-10-14,1999-01-01,1999-01-01,0.007,0.0,0.0,0.006,-0.006,100.0,2020-10-08,1999-01-01,1999-01-01,2020-10-20,2020-08-18,1999-01-01,0.022,0.013,0.0,0.006,-0.007,100.0,2020-11-12,2020-10-05,1999-01-01,2020-10-21,2020-08-13,1999-01-01,0.014,0.0,0.0,0.008,-0.01,100.0,2020-10-06,1999-01-01,1999-01-01,2020-10-21,2020-08-14,1999-01-01,0.017,0.009,0.0,0.009,100.0,100.0,2020-11-12,2020-10-08,1999-01-01,2020-10-16,1999-01-01,1999-01-01,1528200.0,2282500.0,336000.0,16.07,61.95,-2.06,0.0,0.0,0.0,-0.026,100.0,100.0,0.004,0.0,0.0,0.002,-0.004,100.0,0.0,0.0,0.0,-0.02456,100.0,100.0,0.0,0.0,0.0,100.0,100.0,100.0,93.726,68.758,78.272,50.064,0.0,73.909,48.671,0.0,0.0,42.684,20.38,100.0,1999-01-01,1999-01-01,1999-01-01,2020-09-24,1999-01-01,1999-01-01,0,0,0,7937,0,0,1999-01-01,1999-01-01,1999-01-01,1999-01-01,1999-01-01,1999-01-01,2020-11-11,2020-11-05,2020-10-13,2020-11-09,2020-10-30,2020-10-12,2020-10-19,1999-01-01,1999-01-01,2020-11-02,2020-09-21,1999-01-01,,,-336000.0,,,,,p2p,p2n,Life.Empty,Life.Empty,Life.BullEnd,Life.BullRetrace,Life.Bull,,
2020-11-13,RL,,,,,,,0,0,0,,0,0,0,0.38434,,,0.352,,0.34631,0.36291,0.39816,0.43638,-0.06801,,,0.01639,,0.016,-0.04437,,,0.02204,,,-0.08257,,,0.02854,,,-0.01457,0.02363,-0.0382,0.01662,,,0.34634,0.3467,-0.00036,0.00564,-0.00118,0.00682,,,,,29.83,0.0,0.0,-10.82,1.12,-1.11,36.4,-0.82,10.0,3.0,1.0,28.0,4.0,5.0,22.0,6.0,-0.0,-0.0098,0.00592,-0.00557,1.06282,51.52268,57.16525,,,8.83868,68.758,81.26334,68.758,,70.38724,80.17229,48.93565,48.66416,,,0.018,0.02275,,,,,-0.15,,,,,,,0.366,0.496,0.0,0.324,0.325,0.495,2020-10-13,2020-07-24,1999-01-01,2020-10-30,2020-09-30,2020-07-22,18.62,-11.48,12.62,-34.48,0.2,,10.0,12.0,9.0,44.0,2.0,0.0,2.0,-1.0,1.0,-1.0,0.0,0.0,0.371,0.352,0.347,0.352,0.337,0.303,2020-11-11,2020-11-05,2020-10-23,2020-11-13,2020-11-09,2020-11-02,0.0,0.0,0.0,0.022,100.0,100.0,1999-01-01,1999-01-01,1999-01-01,2020-11-02,1999-01-01,1999-01-01,0.0,0.0,0.0,-0.073,100.0,100.0,1999-01-01,1999-01-01,1999-01-01,2020-11-04,1999-01-01,1999-01-01,0.0,0.0,0.0,-0.068,100.0,100.0,1999-01-01,1999-01-01,1999-01-01,2020-10-07,1999-01-01,1999-01-01,0.0,0.0,0.0,-0.097,100.0,100.0,1999-01-01,1999-01-01,1999-01-01,2020-10-14,1999-01-01,1999-01-01,0.016,0.007,0.0,0.006,-0.006,100.0,2020-11-13,2020-10-08,1999-01-01,2020-10-20,2020-08-18,1999-01-01,0.022,0.013,0.0,0.006,-0.007,100.0,2020-11-12,2020-10-05,1999-01-01,2020-10-21,2020-08-13,1999-01-01,0.014,0.0,0.0,0.008,-0.01,100.0,2020-10-06,1999-01-01,1999-01-01,2020-10-21,2020-08-14,1999-01-01,0.017,0.009,0.0,0.009,100.0,100.0,2020-11-12,2020-10-08,1999-01-01,2020-10-16,1999-01-01,1999-01-01,2282500.0,336000.0,334300.0,61.95,-2.06,-28.79,0.0,0.0,0.0,-0.026,100.0,100.0,0.004,0.0,0.0,0.002,-0.004,100.0,0.0,0.0,0.0,-0.02456,100.0,100.0,0.0,0.0,0.0,100.0,100.0,100.0,93.726,68.758,78.272,68.758,50.064,0.0,48.671,0.0,0.0,42.684,20.38,100.0,1999-01-01,1999-01-01,1999-01-01,2020-09-24,1999-01-01,1999-01-01,0,0,0,7937,0,0,1999-01-01,1999-01-01,1999-01-01,1999-01-01,1999-01-01,1999-01-01,2020-11-11,2020-11-05,2020-10-13,2020-11-13,2020-11-09,2020-10-30,2020-10-19,1999-01-01,1999-01-01,2020-11-02,2020-09-21,1999-01-01,,,,,,,p2p,p2n,,Life.Empty,Life.Empty,Life.BullEnd,Life.BullRetrace,Life.Bull,,
2020-11-16,RL,,,,,,,0,0,0,,0,0,0,0.39992,,,,,0.34747,0.36285,0.39744,0.43564,-0.06637,,,0.01615,,,-0.04086,,,0.0212,,,-0.07947,,,0.02894,,0.029,-0.01311,0.02551,-0.03862,0.01624,,,0.34865,0.34779,0.00087,0.00835,0.00073,0.00762,,,,,24.77,0.0,0.0,-10.82,1.12,-1.11,36.4,-0.82,9.0,3.0,1.0,28.0,4.0,5.0,22.0,6.0,0.0098,0.0,0.00662,-0.00418,1.58462,61.30952,59.9758,,,18.62552,81.30602,77.12335,,,53.77746,69.91292,49.12414,48.91532,,,0.01812,0.02296,,,,,-0.15,,,,,,,0.366,0.496,0.0,0.324,0.325,0.495,2020-10-13,2020-07-24,1999-01-01,2020-10-30,2020-09-30,2020-07-22,23.43,-11.48,12.62,-34.48,0.2,,11.0,12.0,9.0,44.0,2.0,0.0,2.0,-1.0,1.0,-1.0,0.0,0.0,0.371,0.352,0.347,0.352,0.337,0.303,2020-11-11,2020-11-05,2020-10-23,2020-11-13,2020-11-09,2020-11-02,0.0,0.0,0.0,0.022,100.0,100.0,1999-01-01,1999-01-01,1999-01-01,2020-11-02,1999-01-01,1999-01-01,0.0,0.0,0.0,-0.073,100.0,100.0,1999-01-01,1999-01-01,1999-01-01,2020-11-04,1999-01-01,1999-01-01,0.0,0.0,0.0,-0.068,100.0,100.0,1999-01-01,1999-01-01,1999-01-01,2020-10-07,1999-01-01,1999-01-01,0.0,0.0,0.0,-0.097,100.0,100.0,1999-01-01,1999-01-01,1999-01-01,2020-10-14,1999-01-01,1999-01-01,0.016,0.007,0.0,0.006,-0.006,100.0,2020-11-13,2020-10-08,1999-01-01,2020-10-20,2020-08-18,1999-01-01,0.022,0.013,0.0,0.006,-0.007,100.0,2020-11-12,2020-10-05,1999-01-01,2020-10-21,2020-08-13,1999-01-01,0.029,0.014,0.0,0.008,-0.01,100.0,2020-11-16,2020-10-06,1999-01-01,2020-10-21,2020-08-14,1999-01-01,0.017,0.009,0.0,0.009,100.0,100.0,2020-11-12,2020-10-08,1999-01-01,2020-10-16,1999-01-01,1999-01-01,336000.0,334300.0,506900.0,-2.06,-28.79,-60.13,0.0,0.0,0.0,-0.026,100.0,100.0,0.004,0.0,0.0,0.002,-0.004,100.0,0.0,0.0,0.0,-0.02456,100.0,100.0,0.0,0.0,0.0,100.0,100.0,100.0,93.726,68.758,78.272,68.758,50.064,0.0,48.671,0.0,0.0,42.684,20.38,100.0,1999-01-01,1999-01-01,1999-01-01,2020-09-24,1999-01-01,1999-01-01,0,0,0,7937,0,0,1999-01-01,1999-01-01,1999-01-01,1999-01-01,1999-01-01,1999-01-01,2020-11-11,2020-11-05,2020-10-13,2020-11-13,2020-11-09,2020-10-30,2020-10-19,1999-01-01,1999-01-01,2020-11-02,2020-09-21,1999-01-01,,,,,,p2p,p2n,,,Life.Empty,Life.Empty,Life.BullEnd,Life.BullRetrace,Life.Bull,,
2020-11-17,RL,,,,,,,0,0,0,,0,0,0,0.41745,,,,,0.34928,0.36317,0.39691,0.43499,-0.06449,,,0.01562,,,-0.037,,,0.01983,,,-0.07598,,,0.02887,,,-0.01149,0.02749,-0.03898,0.01563,,,0.35211,0.34951,0.00259,0.01117,0.00282,0.00835,,,,,19.54,0.0,0.0,-10.82,1.12,-1.11,36.4,-0.82,8.0,3.0,1.0,28.0,4.0,5.0,22.0,6.0,0.0097,0.0,0.00731,-0.00418,1.75043,63.64201,62.76591,,,20.95801,88.19277,79.41893,,,55.3116,59.82544,49.25737,49.10572,,,0.01821,0.02318,,,,,-0.15,,,,,,,0.366,0.496,0.0,0.324,0.325,0.495,2020-10-13,2020-07-24,1999-01-01,2020-10-30,2020-09-30,2020-07-22,28.84,-11.48,12.62,-34.48,0.2,,12.0,12.0,9.0,44.0,2.0,0.0,2.0,-1.0,1.0,-1.0,0.0,0.0,0.371,0.352,0.347,0.352,0.337,0.303,2020-11-11,2020-11-05,2020-10-23,2020-11-13,2020-11-09,2020-11-02,0.0,0.0,0.0,0.022,100.0,100.0,1999-01-01,1999-01-01,1999-01-01,2020-11-02,1999-01-01,1999-01-01,0.0,0.0,0.0,-0.073,100.0,100.0,1999-01-01,1999-01-01,1999-01-01,2020-11-04,1999-01-01,1999-01-01,0.0,0.0,0.0,-0.068,100.0,100.0,1999-01-01,1999-01-01,1999-01-01,2020-10-07,1999-01-01,1999-01-01,0.0,0.0,0.0,-0.097,100.0,100.0,1999-01-01,1999-01-01,1999-01-01,2020-10-14,1999-01-01,1999-01-01,0.016,0.007,0.0,0.006,-0.006,100.0,2020-11-13,2020-10-08,1999-01-01,2020-10-20,2020-08-18,1999-01-01,0.022,0.013,0.0,0.006,-0.007,100.0,2020-11-12,2020-10-05,1999-01-01,2020-10-21,2020-08-13,1999-01-01,0.029,0.014,0.0,0.008,-0.01,100.0,2020-11-16,2020-10-06,1999-01-01,2020-10-21,2020-08-14,1999-01-01,0.017,0.009,0.0,0.009,100.0,100.0,2020-11-12,2020-10-08,1999-01-01,2020-10-16,1999-01-01,1999-01-01,334300.0,506900.0,1013200.0,-28.79,-60.13,57.53,0.0,0.0,0.0,-0.026,100.0,100.0,0.004,0.0,0.0,0.002,-0.004,100.0,0.0,0.0,0.0,-0.02456,100.0,100.0,0.0,0.0,0.0,100.0,100.0,100.0,93.726,68.758,78.272,68.758,50.064,0.0,48.671,0.0,0.0,42.684,20.38,100.0,1999-01-01,1999-01-01,1999-01-01,2020-09-24,1999-01-01,1999-01-01,0,0,0,7937,0,0,1999-01-01,1999-01-01,1999-01-01,1999-01-01,1999-01-01,1999-01-01,2020-11-11,2020-11-05,2020-10-13,2020-11-13,2020-11-09,2020-10-30,2020-10-19,1999-01-01,1999-01-01,2020-11-02,2020-09-21,1999-01-01,1013200.0,,,,p2p,p2n,,,n2p,Life.Empty,Life.Empty,Life.BullEnd,Life.BullRetrace,Life.Bull,,
2020-11-18,RL,,,,,,,0,0,0,,0,0,0,0.43577,,,,,0.35698,0.36655,0.39795,0.43514,-0.06239,,,0.01478,,,-0.03285,,,0.01795,,,-0.07208,,,0.02829,,,-0.00969,0.02955,-0.03923,0.01479,,,0.36706,0.35691,0.01016,0.01405,0.00506,0.00899,,,,,14.51,0.0,0.0,-10.82,1.12,-1.11,36.4,-0.82,7.0,3.0,1.0,28.0,4.0,5.0,22.0,6.0,0.0782,0.0,0.0129,-0.00348,3.70842,78.76145,65.43,,,36.07745,100.0,89.83293,,100.0,73.83856,60.97587,49.33891,49.24014,,,0.0225,0.02342,,,,,-0.15,,,,,,,0.366,0.496,0.0,0.324,0.325,0.495,2020-10-13,2020-07-24,1999-01-01,2020-10-30,2020-09-30,2020-07-22,34.5,-11.48,12.62,-34.48,0.2,,13.0,12.0,9.0,44.0,2.0,0.0,3.0,-1.0,1.0,-1.0,0.0,0.0,0.371,0.352,0.347,0.352,0.337,0.303,2020-11-11,2020-11-05,2020-10-23,2020-11-13,2020-11-09,2020-11-02,0.0,0.0,0.0,0.022,100.0,100.0,1999-01-01,1999-01-01,1999-01-01,2020-11-02,1999-01-01,1999-01-01,0.0,0.0,0.0,-0.073,100.0,100.0,1999-01-01,1999-01-01,1999-01-01,2020-11-04,1999-01-01,1999-01-01,0.0,0.0,0.0,-0.068,100.0,100.0,1999-01-01,1999-01-01,1999-01-01,2020-10-07,1999-01-01,1999-01-01,0.0,0.0,0.0,-0.097,100.0,100.0,1999-01-01,1999-01-01,1999-01-01,2020-10-14,1999-01-01,1999-01-01,0.016,0.007,0.0,0.006,-0.006,100.0,2020-11-13,2020-10-08,1999-01-01,2020-10-20,2020-08-18,1999-01-01,0.022,0.013,0.0,0.006,-0.007,100.0,2020-11-12,2020-10-05,1999-01-01,2020-10-21,2020-08-13,1999-01-01,0.029,0.014,0.0,0.008,-0.01,100.0,2020-11-16,2020-10-06,1999-01-01,2020-10-21,2020-08-14,1999-01-01,0.017,0.009,0.0,0.009,100.0,100.0,2020-11-12,2020-10-08,1999-01-01,2020-10-16,1999-01-01,1999-01-01,506900.0,1013200.0,14952100.0,-60.13,57.53,788.28,0.0,0.0,0.0,-0.026,100.0,100.0,0.004,0.0,0.0,0.002,-0.004,100.0,0.0,0.0,0.0,-0.02456,100.0,100.0,0.0,0.0,0.0,100.0,100.0,100.0,100.0,93.726,68.758,68.758,50.064,0.0,48.671,0.0,0.0,42.684,20.38,100.0,1999-01-01,1999-01-01,1999-01-01,2020-09-24,1999-01-01,1999-01-01,0,0,0,7937,0,0,1999-01-01,1999-01-01,1999-01-01,1999-01-01,1999-01-01,1999-01-01,2020-11-18,2020-11-11,2020-11-05,2020-11-13,2020-11-09,2020-10-30,2020-10-19,1999-01-01,1999-01-01,2020-11-02,2020-09-21,1999-01-01,,14952100.0,,,p2n,,,n2p,p2p,Life.Empty,Life.Empty,Life.BullEnd,Life.BullRetrace,Life.Bull,,
2020-11-19,RL,,,,,,,0,0,0,,0,0,0,0.45343,,,,,0.36708,0.37132,0.39974,0.43567,-0.06009,,,0.01366,,,-0.02844,,,0.01558,,,-0.06778,,,0.02718,,,-0.00769,0.03165,-0.03934,0.0137,,,0.38571,0.36664,0.01907,0.01693,0.00744,0.00949,,,,,10.05,0.0,0.0,-10.82,1.12,-1.11,36.4,-0.82,6.0,3.0,1.0,28.0,4.0,5.0,22.0,6.0,0.039,0.0,0.01569,-0.00279,5.63077,84.91879,67.84907,,,42.23479,95.1049,94.43256,95.105,,88.2907,72.48029,49.37007,49.32211,,49.37,0.02438,0.02367,,,,,-0.15,,,,,,,0.366,0.496,0.0,0.324,0.325,0.495,2020-10-13,2020-07-24,1999-01-01,2020-10-30,2020-09-30,2020-07-22,39.95,-11.48,12.62,-34.48,0.2,,14.0,12.0,9.0,44.0,2.0,0.0,3.0,-1.0,1.0,-1.0,0.0,0.0,0.371,0.352,0.347,0.352,0.337,0.303,2020-11-11,2020-11-05,2020-10-23,2020-11-13,2020-11-09,2020-11-02,0.0,0.0,0.0,0.022,100.0,100.0,1999-01-01,1999-01-01,1999-01-01,2020-11-02,1999-01-01,1999-01-01,0.0,0.0,0.0,-0.073,100.0,100.0,1999-01-01,1999-01-01,1999-01-01,2020-11-04,1999-01-01,1999-01-01,0.0,0.0,0.0,-0.068,100.0,100.0,1999-01-01,1999-01-01,1999-01-01,2020-10-07,1999-01-01,1999-01-01,0.0,0.0,0.0,-0.097,100.0,100.0,1999-01-01,1999-01-01,1999-01-01,2020-10-14,1999-01-01,1999-01-01,0.016,0.007,0.0,0.006,-0.006,100.0,2020-11-13,2020-10-08,1999-01-01,2020-10-20,2020-08-18,1999-01-01,0.022,0.013,0.0,0.006,-0.007,100.0,2020-11-12,2020-10-05,1999-01-01,2020-10-21,2020-08-13,1999-01-01,0.029,0.014,0.0,0.008,-0.01,100.0,2020-11-16,2020-10-06,1999-01-01,2020-10-21,2020-08-14,1999-01-01,0.017,0.009,0.0,0.009,100.0,100.0,2020-11-12,2020-10-08,1999-01-01,2020-10-16,1999-01-01,1999-01-01,1013200.0,14952100.0,21780300.0,57.53,788.28,129.15,0.0,0.0,0.0,-0.026,100.0,100.0,0.004,0.0,0.0,0.002,-0.004,100.0,0.0,0.0,0.0,-0.02456,100.0,100.0,49.37,0.0,0.0,100.0,100.0,100.0,100.0,93.726,68.758,95.105,68.758,50.064,48.671,0.0,0.0,42.684,20.38,100.0,1999-01-01,1999-01-01,1999-01-01,2020-09-24,1999-01-01,1999-01-01,0,0,0,7937,0,0,2020-11-19,1999-01-01,1999-01-01,1999-01-01,1999-01-01,1999-01-01,2020-11-18,2020-11-11,2020-11-05,2020-11-19,2020-11-13,2020-11-09,2020-10-19,1999-01-01,1999-01-01,2020-11-02,2020-09-21,1999-01-01,,,,,,,n2p,p2p,,Life.Empty,Life.Empty,Life.BullEnd,Life.BullRetrace,Life.Bull,,
2020-11-20,RL,,,,,,,0,0,0,,0,0,0,0.46916,,,,0.518,0.37866,0.37706,0.40208,0.43648,-0.05762,,,0.01229,,,-0.02383,,,0.01278,,,-0.06309,,,0.02555,,,-0.00547,0.03378,-0.03925,0.01238,,,0.406,0.37782,0.02818,0.01974,0.0099,0.00984,,,,,6.36,0.0,0.0,-10.82,1.12,-1.11,36.4,-0.82,5.0,3.0,1.0,28.0,4.0,5.0,22.0,6.0,0.0293,0.0,0.01778,-0.00244,7.29912,87.95053,69.91469,,,45.26653,97.76969,97.62486,,97.77,96.91327,86.34751,49.35026,49.35308,,,0.02508,0.02392,,,,,-0.15,,,,,,,0.366,0.496,0.0,0.324,0.325,0.495,2020-10-13,2020-07-24,1999-01-01,2020-10-30,2020-09-30,2020-07-22,44.8,-11.48,12.62,-34.48,0.2,,15.0,12.0,9.0,44.0,2.0,0.0,3.0,-1.0,1.0,-1.0,0.0,0.0,0.518,0.371,0.352,0.352,0.337,0.303,2020-11-20,2020-11-11,2020-11-05,2020-11-13,2020-11-09,2020-11-02,0.0,0.0,0.0,0.022,100.0,100.0,1999-01-01,1999-01-01,1999-01-01,2020-11-02,1999-01-01,1999-01-01,0.0,0.0,0.0,-0.073,100.0,100.0,1999-01-01,1999-01-01,1999-01-01,2020-11-04,1999-01-01,1999-01-01,0.0,0.0,0.0,-0.068,100.0,100.0,1999-01-01,1999-01-01,1999-01-01,2020-10-07,1999-01-01,1999-01-01,0.0,0.0,0.0,-0.097,100.0,100.0,1999-01-01,1999-01-01,1999-01-01,2020-10-14,1999-01-01,1999-01-01,0.016,0.007,0.0,0.006,-0.006,100.0,2020-11-13,2020-10-08,1999-01-01,2020-10-20,2020-08-18,1999-01-01,0.022,0.013,0.0,0.006,-0.007,100.0,2020-11-12,2020-10-05,1999-01-01,2020-10-21,2020-08-13,1999-01-01,0.029,0.014,0.0,0.008,-0.01,100.0,2020-11-16,2020-10-06,1999-01-01,2020-10-21,2020-08-14,1999-01-01,0.017,0.009,0.0,0.009,100.0,100.0,2020-11-12,2020-10-08,1999-01-01,2020-10-16,1999-01-01,1999-01-01,14952100.0,21780300.0,24485500.0,788.28,129.15,62.19,0.0,0.0,0.0,-0.026,100.0,100.0,0.004,0.0,0.0,0.002,-0.004,100.0,0.0,0.0,0.0,-0.02456,100.0,100.0,49.37,0.0,0.0,100.0,100.0,100.0,97.77,100.0,93.726,95.105,68.758,50.064,48.671,0.0,0.0,42.684,20.38,100.0,1999-01-01,1999-01-01,1999-01-01,2020-09-24,1999-01-01,1999-01-01,0,0,0,7937,0,0,2020-11-19,1999-01-01,1999-01-01,1999-01-01,1999-01-01,1999-01-01,2020-11-20,2020-11-18,2020-11-11,2020-11-19,2020-11-13,2020-11-09,2020-10-19,1999-01-01,1999-01-01,2020-11-02,2020-09-21,1999-01-01,,,,,,n2p,p2p,,,Life.Empty,Life.Empty,Life.BullEnd,Life.BullRetrace,Life.Bull,,
2020-11-23,RL,,,,,,,0,0,0,,0,0,0,0.48195,,,,,0.38898,0.38238,0.40427,0.43724,-0.055,,,0.01069,,,-0.01909,,,0.00962,,,-0.05804,,,0.02339,,,-0.00304,0.0359,-0.03894,0.01085,,,0.42243,0.38782,0.03461,0.02242,0.0124,0.01002,,,,0.01,3.54,0.0,0.0,-10.82,1.12,-1.11,36.4,-0.82,4.0,3.0,1.0,28.0,4.0,5.0,22.0,6.0,-0.0,-0.0048,0.01674,-0.00278,6.02314,85.76135,71.55298,,,43.07735,89.14108,94.00522,,,92.15416,92.45271,49.27813,49.33282,,,0.02573,0.02419,,,,,-0.15,,,,,,,0.366,0.496,0.0,0.324,0.325,0.495,2020-10-13,2020-07-24,1999-01-01,2020-10-30,2020-09-30,2020-07-22,48.75,-11.48,12.62,-34.48,0.2,,16.0,12.0,9.0,44.0,2.0,0.0,3.0,-1.0,1.0,-1.0,0.0,0.0,0.518,0.371,0.352,0.352,0.337,0.303,2020-11-20,2020-11-11,2020-11-05,2020-11-13,2020-11-09,2020-11-02,0.0,0.0,0.0,0.022,100.0,100.0,1999-01-01,1999-01-01,1999-01-01,2020-11-02,1999-01-01,1999-01-01,0.0,0.0,0.0,-0.073,100.0,100.0,1999-01-01,1999-01-01,1999-01-01,2020-11-04,1999-01-01,1999-01-01,0.0,0.0,0.0,-0.068,100.0,100.0,1999-01-01,1999-01-01,1999-01-01,2020-10-07,1999-01-01,1999-01-01,0.0,0.0,0.0,-0.097,100.0,100.0,1999-01-01,1999-01-01,1999-01-01,2020-10-14,1999-01-01,1999-01-01,0.016,0.007,0.0,0.006,-0.006,100.0,2020-11-13,2020-10-08,1999-01-01,2020-10-20,2020-08-18,1999-01-01,0.022,0.013,0.0,0.006,-0.007,100.0,2020-11-12,2020-10-05,1999-01-01,2020-10-21,2020-08-13,1999-01-01,0.029,0.014,0.0,0.008,-0.01,100.0,2020-11-16,2020-10-06,1999-01-01,2020-10-21,2020-08-14,1999-01-01,0.017,0.009,0.0,0.009,100.0,100.0,2020-11-12,2020-10-08,1999-01-01,2020-10-16,1999-01-01,1999-01-01,21780300.0,24485500.0,19970800.0,129.15,62.19,8.2,0.0,0.0,0.0,-0.026,100.0,100.0,0.01,0.004,0.0,0.002,-0.004,100.0,0.0,0.0,0.0,-0.02456,100.0,100.0,49.37,0.0,0.0,100.0,100.0,100.0,97.77,100.0,93.726,95.105,68.758,50.064,48.671,0.0,0.0,42.684,20.38,100.0,1999-01-01,1999-01-01,1999-01-01,2020-09-24,1999-01-01,1999-01-01,0,0,0,7937,0,0,2020-11-19,1999-01-01,1999-01-01,1999-01-01,1999-01-01,1999-01-01,2020-11-20,2020-11-18,2020-11-11,2020-11-19,2020-11-13,2020-11-09,2020-10-19,1999-01-01,1999-01-01,2020-11-02,2020-09-21,1999-01-01,,,,,n2p,p2p,,,,Life.Empty,Life.Empty,Life.BullEnd,Life.BullRetrace,Life.Bull,,
2020-11-24,RL,,,,,,,0,0,0,,0,0,0,0.49107,,,0.503,,0.39775,0.38711,0.40622,0.4379,-0.05226,,,0.00891,,,-0.01428,,,0.00617,,,-0.05266,,,0.02073,,,-0.0004,0.03798,-0.03838,0.00913,,,0.43483,0.39635,0.03848,0.02492,0.0149,0.01001,,,,,1.61,0.0,0.0,-10.82,1.12,-1.11,36.4,-0.82,3.0,3.0,1.0,28.0,4.0,5.0,22.0,6.0,-0.0,-0.0098,0.01674,-0.00348,4.81109,82.79152,72.72658,,,40.10752,84.4404,90.45039,84.44,,87.23984,92.10242,49.15236,49.26025,,,0.02564,0.02445,,,,,-0.15,,,,,,,0.366,0.496,0.0,0.324,0.325,0.495,2020-10-13,2020-07-24,1999-01-01,2020-10-30,2020-09-30,2020-07-22,51.56,-11.48,12.62,-34.48,0.2,,17.0,12.0,9.0,44.0,2.0,0.0,3.0,-1.0,1.0,-1.0,0.0,0.0,0.518,0.371,0.352,0.503,0.352,0.337,2020-11-20,2020-11-11,2020-11-05,2020-11-24,2020-11-13,2020-11-09,0.0,0.0,0.0,0.022,100.0,100.0,1999-01-01,1999-01-01,1999-01-01,2020-11-02,1999-01-01,1999-01-01,0.0,0.0,0.0,-0.073,100.0,100.0,1999-01-01,1999-01-01,1999-01-01,2020-11-04,1999-01-01,1999-01-01,0.0,0.0,0.0,-0.068,100.0,100.0,1999-01-01,1999-01-01,1999-01-01,2020-10-07,1999-01-01,1999-01-01,0.0,0.0,0.0,-0.097,100.0,100.0,1999-01-01,1999-01-01,1999-01-01,2020-10-14,1999-01-01,1999-01-01,0.016,0.007,0.0,0.006,-0.006,100.0,2020-11-13,2020-10-08,1999-01-01,2020-10-20,2020-08-18,1999-01-01,0.022,0.013,0.0,0.006,-0.007,100.0,2020-11-12,2020-10-05,1999-01-01,2020-10-21,2020-08-13,1999-01-01,0.029,0.014,0.0,0.008,-0.01,100.0,2020-11-16,2020-10-06,1999-01-01,2020-10-21,2020-08-14,1999-01-01,0.017,0.009,0.0,0.009,100.0,100.0,2020-11-12,2020-10-08,1999-01-01,2020-10-16,1999-01-01,1999-01-01,24485500.0,19970800.0,16634200.0,62.19,8.2,-7.77,0.0,0.0,0.0,-0.026,100.0,100.0,0.01,0.004,0.0,0.002,-0.004,100.0,0.0,0.0,0.0,-0.02456,100.0,100.0,49.37,0.0,0.0,100.0,100.0,100.0,97.77,100.0,93.726,84.44,95.105,68.758,48.671,0.0,0.0,42.684,20.38,100.0,1999-01-01,1999-01-01,1999-01-01,2020-09-24,1999-01-01,1999-01-01,0,0,0,7937,0,0,2020-11-19,1999-01-01,1999-01-01,1999-01-01,1999-01-01,1999-01-01,2020-11-20,2020-11-18,2020-11-11,2020-11-24,2020-11-19,2020-11-13,2020-10-19,1999-01-01,1999-01-01,2020-11-02,2020-09-21,1999-01-01,,,,,p2p,,,,,Life.Empty,Life.Empty,Life.BullEnd,Life.BullRetrace,Life.Bull,,
2020-11-25,RL,,,,,,,0,0,0,,0,0,0,0.49647,,,,0.513,0.4066,0.39204,0.40833,0.43864,-0.04946,,,0.00702,,,-0.00947,,,0.00253,,,-0.04702,,,0.01762,,,0.00244,0.03999,-0.03755,0.00725,,,0.44682,0.40498,0.04185,0.02718,0.01736,0.00982,,,,,0.51,0.0,0.0,-10.82,1.12,-1.11,36.4,-0.82,2.0,3.0,1.0,28.0,4.0,5.0,22.0,6.0,0.0098,0.0,0.01499,-0.00348,4.31006,81.16783,73.42651,,,38.48383,88.10336,87.22828,,88.103,78.36972,85.92124,48.97194,49.13414,,,0.0259,0.02472,,,,,-0.15,,,,,,,0.366,0.496,0.0,0.324,0.325,0.495,2020-10-13,2020-07-24,1999-01-01,2020-10-30,2020-09-30,2020-07-22,53.23,-11.48,12.62,-34.48,0.2,,18.0,12.0,9.0,44.0,2.0,0.0,3.0,-1.0,1.0,-1.0,0.0,0.0,0.513,0.518,0.371,0.503,0.352,0.337,2020-11-25,2020-11-20,2020-11-11,2020-11-24,2020-11-13,2020-11-09,0.0,0.0,0.0,0.022,100.0,100.0,1999-01-01,1999-01-01,1999-01-01,2020-11-02,1999-01-01,1999-01-01,0.0,0.0,0.0,-0.073,100.0,100.0,1999-01-01,1999-01-01,1999-01-01,2020-11-04,1999-01-01,1999-01-01,0.0,0.0,0.0,-0.068,100.0,100.0,1999-01-01,1999-01-01,1999-01-01,2020-10-07,1999-01-01,1999-01-01,0.0,0.0,0.0,-0.097,100.0,100.0,1999-01-01,1999-01-01,1999-01-01,2020-10-14,1999-01-01,1999-01-01,0.016,0.007,0.0,0.006,-0.006,100.0,2020-11-13,2020-10-08,1999-01-01,2020-10-20,2020-08-18,1999-01-01,0.022,0.013,0.0,0.006,-0.007,100.0,2020-11-12,2020-10-05,1999-01-01,2020-10-21,2020-08-13,1999-01-01,0.029,0.014,0.0,0.008,-0.01,100.0,2020-11-16,2020-10-06,1999-01-01,2020-10-21,2020-08-14,1999-01-01,0.017,0.009,0.0,0.009,100.0,100.0,2020-11-12,2020-10-08,1999-01-01,2020-10-16,1999-01-01,1999-01-01,19970800.0,16634200.0,31918500.0,8.2,-7.77,12.17,0.0,0.0,0.0,-0.026,100.0,100.0,0.01,0.004,0.0,0.002,-0.004,100.0,0.0,0.0,0.0,-0.02456,100.0,100.0,49.37,0.0,0.0,100.0,100.0,100.0,88.103,97.77,100.0,84.44,95.105,68.758,48.671,0.0,0.0,42.684,20.38,100.0,1999-01-01,1999-01-01,1999-01-01,2020-09-24,1999-01-01,1999-01-01,0,0,0,7937,0,0,2020-11-19,1999-01-01,1999-01-01,1999-01-01,1999-01-01,1999-01-01,2020-11-25,2020-11-20,2020-11-18,2020-11-24,2020-11-19,2020-11-13,2020-10-19,1999-01-01,1999-01-01,2020-11-02,2020-09-21,1999-01-01,,,,,,,,,,Life.Empty,Life.Empty,Life.BullEnd,Life.BullRetrace,Life.Bull,,
2020-11-26,RL,,,,,,,0,0,0,,0,0,0,0.49889,,,,,0.41401,0.39639,0.41021,0.43928,-0.04662,,,0.00507,,,-0.00472,,,-0.0012,,,-0.04115,,,0.01409,,,0.00547,0.0419,-0.03643,0.00524,,,0.45547,0.41224,0.04323,0.02916,0.01972,0.00944,,,,,0.02,0.0,0.0,-10.82,1.12,-1.11,36.4,-0.82,1.0,3.0,1.0,28.0,4.0,5.0,22.0,6.0,-0.0,-0.0098,0.01499,-0.00383,3.91604,79.65844,73.66478,,73.665,36.97444,83.32521,85.28966,,,53.97283,73.19413,48.73646,48.95358,,,0.02579,0.025,,,,,-0.15,,,,,,,0.366,0.496,0.0,0.324,0.325,0.495,2020-10-13,2020-07-24,1999-01-01,2020-10-30,2020-09-30,2020-07-22,53.98,-11.48,12.62,-34.48,0.2,,19.0,12.0,9.0,44.0,2.0,0.0,3.0,-1.0,1.0,-1.0,0.0,0.0,0.513,0.518,0.371,0.503,0.352,0.337,2020-11-25,2020-11-20,2020-11-11,2020-11-24,2020-11-13,2020-11-09,0.0,0.0,0.0,0.022,100.0,100.0,1999-01-01,1999-01-01,1999-01-01,2020-11-02,1999-01-01,1999-01-01,0.0,0.0,0.0,-0.073,100.0,100.0,1999-01-01,1999-01-01,1999-01-01,2020-11-04,1999-01-01,1999-01-01,0.0,0.0,0.0,-0.068,100.0,100.0,1999-01-01,1999-01-01,1999-01-01,2020-10-07,1999-01-01,1999-01-01,0.0,0.0,0.0,-0.097,100.0,100.0,1999-01-01,1999-01-01,1999-01-01,2020-10-14,1999-01-01,1999-01-01,0.016,0.007,0.0,0.006,-0.006,100.0,2020-11-13,2020-10-08,1999-01-01,2020-10-20,2020-08-18,1999-01-01,0.022,0.013,0.0,0.006,-0.007,100.0,2020-11-12,2020-10-05,1999-01-01,2020-10-21,2020-08-13,1999-01-01,0.029,0.014,0.0,0.008,-0.01,100.0,2020-11-16,2020-10-06,1999-01-01,2020-10-21,2020-08-14,1999-01-01,0.017,0.009,0.0,0.009,100.0,100.0,2020-11-12,2020-10-08,1999-01-01,2020-10-16,1999-01-01,1999-01-01,16634200.0,31918500.0,14404100.0,-7.77,12.17,-8.12,0.0,0.0,0.0,-0.026,100.0,100.0,0.01,0.004,0.0,0.002,-0.004,100.0,0.0,0.0,0.0,-0.02456,100.0,100.0,49.37,0.0,0.0,100.0,100.0,100.0,88.103,97.77,100.0,84.44,95.105,68.758,73.665,48.671,0.0,42.684,20.38,100.0,1999-01-01,1999-01-01,1999-01-01,2020-09-24,1999-01-01,1999-01-01,0,0,0,7937,0,0,2020-11-19,1999-01-01,1999-01-01,1999-01-01,1999-01-01,1999-01-01,2020-11-25,2020-11-20,2020-11-18,2020-11-24,2020-11-19,2020-11-13,2020-11-26,2020-10-19,1999-01-01,2020-11-02,2020-09-21,1999-01-01,,,,,,,,,,Life.Empty,Life.Empty,Life.BullEnd,Life.BullRetrace,Life.Bull,,
2020-11-27,RL,,,,,,,0,0,0,,0,0,0,0.49937,,0.499,,,0.41973,0.4,0.41175,0.43977,-0.04378,,,0.00312,,,-9e-05,,,-0.00493,,,-0.03512,,,0.01022,,,0.00865,0.04369,-0.03504,0.00312,,,0.46052,0.41787,0.04265,0.03082,0.02194,0.00888,,,,,-0.07,0.0,-10.82,1.12,-1.11,36.4,-0.82,10.13,3.0,1.0,28.0,4.0,5.0,22.0,6.0,11.0,-0.0,-0.0147,0.01499,-0.00419,3.58191,78.17505,73.47255,,,4.51005,74.33071,81.91976,,,30.69098,54.34451,48.44582,48.71807,,,0.02638,0.02527,,,,,-0.15,,,,,,,0.499,0.366,0.496,0.324,0.325,0.495,2020-11-27,2020-10-13,2020-07-24,2020-10-30,2020-09-30,2020-07-22,0.0,54.01,-11.48,12.62,-34.48,0.2,0.0,20.0,12.0,9.0,44.0,2.0,0.0,3.0,-1.0,1.0,-1.0,0.0,0.513,0.518,0.371,0.503,0.352,0.337,2020-11-25,2020-11-20,2020-11-11,2020-11-24,2020-11-13,2020-11-09,0.0,0.0,0.0,0.022,100.0,100.0,1999-01-01,1999-01-01,1999-01-01,2020-11-02,1999-01-01,1999-01-01,0.0,0.0,0.0,-0.073,100.0,100.0,1999-01-01,1999-01-01,1999-01-01,2020-11-04,1999-01-01,1999-01-01,0.0,0.0,0.0,-0.068,100.0,100.0,1999-01-01,1999-01-01,1999-01-01,2020-10-07,1999-01-01,1999-01-01,0.0,0.0,0.0,-0.097,100.0,100.0,1999-01-01,1999-01-01,1999-01-01,2020-10-14,1999-01-01,1999-01-01,0.016,0.007,0.0,0.006,-0.006,100.0,2020-11-13,2020-10-08,1999-01-01,2020-10-20,2020-08-18,1999-01-01,0.022,0.013,0.0,0.006,-0.007,100.0,2020-11-12,2020-10-05,1999-01-01,2020-10-21,2020-08-13,1999-01-01,0.029,0.014,0.0,0.008,-0.01,100.0,2020-11-16,2020-10-06,1999-01-01,2020-10-21,2020-08-14,1999-01-01,0.017,0.009,0.0,0.009,100.0,100.0,2020-11-12,2020-10-08,1999-01-01,2020-10-16,1999-01-01,1999-01-01,31918500.0,14404100.0,12653200.0,12.17,-8.12,-6.32,0.0,0.0,0.0,-0.026,100.0,100.0,0.01,0.004,0.0,0.002,-0.004,100.0,0.0,0.0,0.0,-0.02456,100.0,100.0,49.37,0.0,0.0,100.0,100.0,100.0,88.103,97.77,100.0,84.44,95.105,68.758,73.665,48.671,0.0,42.684,20.38,100.0,1999-01-01,1999-01-01,1999-01-01,2020-09-24,1999-01-01,1999-01-01,0,0,0,7937,0,0,2020-11-19,1999-01-01,1999-01-01,1999-01-01,1999-01-01,1999-01-01,2020-11-25,2020-11-20,2020-11-18,2020-11-24,2020-11-19,2020-11-13,2020-11-26,2020-10-19,1999-01-01,2020-11-02,2020-09-21,1999-01-01,,,,,,,,,,Life.Empty,Life.Empty,Life.BullEnd,Life.BullRetrace,Life.Bull,,
2020-11-30,RL,,,,,,,0,0,0,,0,0,0,0.49907,,,0.488,,0.425,0.40346,0.41327,0.44025,-0.04097,,,0.00123,,,0.00437,,,-0.00855,,,-0.02901,,,0.00606,,,0.01196,0.04533,-0.03337,0.00096,,,0.46479,0.42309,0.0417,0.03215,0.02398,0.00817,,,,,-0.01,0.0,-10.82,1.12,-1.11,36.4,-0.82,10.13,2.0,1.0,28.0,4.0,5.0,22.0,6.0,11.0,0.0,0.0,0.0136,-0.00419,3.24915,76.46586,72.89111,,,2.80086,74.33071,77.32887,74.331,,10.43553,31.69978,48.10106,48.42778,,,0.02589,0.02554,,,,,-0.15,,,,,,,0.499,0.366,0.496,0.324,0.325,0.495,2020-11-27,2020-10-13,2020-07-24,2020-10-30,2020-09-30,2020-07-22,0.01,54.01,-11.48,12.62,-34.48,0.2,1.0,20.0,12.0,9.0,44.0,2.0,0.0,3.0,-1.0,1.0,-1.0,0.0,0.513,0.518,0.371,0.488,0.503,0.352,2020-11-25,2020-11-20,2020-11-11,2020-11-30,2020-11-24,2020-11-13,0.0,0.0,0.0,0.022,100.0,100.0,1999-01-01,1999-01-01,1999-01-01,2020-11-02,1999-01-01,1999-01-01,0.0,0.0,0.0,-0.073,100.0,100.0,1999-01-01,1999-01-01,1999-01-01,2020-11-04,1999-01-01,1999-01-01,0.0,0.0,0.0,-0.068,100.0,100.0,1999-01-01,1999-01-01,1999-01-01,2020-10-07,1999-01-01,1999-01-01,0.0,0.0,0.0,-0.097,100.0,100.0,1999-01-01,1999-01-01,1999-01-01,2020-10-14,1999-01-01,1999-01-01,0.016,0.007,0.0,0.006,-0.006,100.0,2020-11-13,2020-10-08,1999-01-01,2020-10-20,2020-08-18,1999-01-01,0.022,0.013,0.0,0.006,-0.007,100.0,2020-11-12,2020-10-05,1999-01-01,2020-10-21,2020-08-13,1999-01-01,0.029,0.014,0.0,0.008,-0.01,100.0,2020-11-16,2020-10-06,1999-01-01,2020-10-21,2020-08-14,1999-01-01,0.017,0.009,0.0,0.009,100.0,100.0,2020-11-12,2020-10-08,1999-01-01,2020-10-16,1999-01-01,1999-01-01,14404100.0,12653200.0,10373700.0,-8.12,-6.32,-36.53,0.0,0.0,0.0,-0.026,100.0,100.0,0.01,0.004,0.0,0.002,-0.004,100.0,0.0,0.0,0.0,-0.02456,100.0,100.0,49.37,0.0,0.0,100.0,100.0,100.0,88.103,97.77,100.0,74.331,84.44,95.105,73.665,48.671,0.0,42.684,20.38,100.0,1999-01-01,1999-01-01,1999-01-01,2020-09-24,1999-01-01,1999-01-01,0,0,0,7937,0,0,2020-11-19,1999-01-01,1999-01-01,1999-01-01,1999-01-01,1999-01-01,2020-11-25,2020-11-20,2020-11-18,2020-11-30,2020-11-24,2020-11-19,2020-11-26,2020-10-19,1999-01-01,2020-11-02,2020-09-21,1999-01-01,,,,,,,,,,Life.Empty,Life.Empty,Life.BullEnd,Life.BullRetrace,Life.Bull,,
2020-12-01,RL,,,,,,,0,0,0,,0,0,0,0.4988,,,,,0.43025,0.40698,0.41485,0.44078,-0.03822,,,-0.00055,,,0.00859,,,-0.01198,,,-0.02286,,,0.00169,,,0.01536,0.04682,-0.03146,-0.00123,,,0.46916,0.42828,0.04088,0.03312,0.02581,0.00731,,,,,0.04,0.0,-10.82,1.12,-1.11,36.4,-0.82,10.13,1.0,1.0,28.0,4.0,5.0,22.0,6.0,11.0,0.0049,0.0,0.01291,-0.00419,3.08362,75.51191,71.95498,,,1.84691,76.90289,75.1881,,,15.3209,18.8158,47.70399,48.08363,,,0.02614,0.02581,,,,,-0.15,,,,,,,0.499,0.366,0.496,0.324,0.325,0.495,2020-11-27,2020-10-13,2020-07-24,2020-10-30,2020-09-30,2020-07-22,-0.04,54.01,-11.48,12.62,-34.48,0.2,2.0,20.0,12.0,9.0,44.0,2.0,-0.0,3.0,-1.0,1.0,-1.0,0.0,0.513,0.518,0.371,0.488,0.503,0.352,2020-11-25,2020-11-20,2020-11-11,2020-11-30,2020-11-24,2020-11-13,0.0,0.0,0.0,0.022,100.0,100.0,1999-01-01,1999-01-01,1999-01-01,2020-11-02,1999-01-01,1999-01-01,0.0,0.0,0.0,-0.073,100.0,100.0,1999-01-01,1999-01-01,1999-01-01,2020-11-04,1999-01-01,1999-01-01,0.0,0.0,0.0,-0.068,100.0,100.0,1999-01-01,1999-01-01,1999-01-01,2020-10-07,1999-01-01,1999-01-01,0.0,0.0,0.0,-0.097,100.0,100.0,1999-01-01,1999-01-01,1999-01-01,2020-10-14,1999-01-01,1999-01-01,0.016,0.007,0.0,0.006,-0.006,100.0,2020-11-13,2020-10-08,1999-01-01,2020-10-20,2020-08-18,1999-01-01,0.022,0.013,0.0,0.006,-0.007,100.0,2020-11-12,2020-10-05,1999-01-01,2020-10-21,2020-08-13,1999-01-01,0.029,0.014,0.0,0.008,-0.01,100.0,2020-11-16,2020-10-06,1999-01-01,2020-10-21,2020-08-14,1999-01-01,0.017,0.009,0.0,0.009,100.0,100.0,2020-11-12,2020-10-08,1999-01-01,2020-10-16,1999-01-01,1999-01-01,12653200.0,10373700.0,15086000.0,-6.32,-36.53,1.82,0.0,0.0,0.0,-0.026,100.0,100.0,0.01,0.004,0.0,0.002,-0.004,100.0,0.0,0.0,0.0,-0.02456,100.0,100.0,49.37,0.0,0.0,100.0,100.0,100.0,88.103,97.77,100.0,74.331,84.44,95.105,73.665,48.671,0.0,42.684,20.38,100.0,1999-01-01,1999-01-01,1999-01-01,2020-09-24,1999-01-01,1999-01-01,0,0,0,7937,0,0,2020-11-19,1999-01-01,1999-01-01,1999-01-01,1999-01-01,1999-01-01,2020-11-25,2020-11-20,2020-11-18,2020-11-30,2020-11-24,2020-11-19,2020-11-26,2020-10-19,1999-01-01,2020-11-02,2020-09-21,1999-01-01,,,,,,,,,,Life.Empty,Life.Empty,Life.BullEnd,Life.BullRetrace,Life.Bull,,
2020-12-02,RL,,,,,,,0,0,0,,0,0,0,0.49875,0.499,,,0.493,0.43509,0.41036,0.4164,0.4413,-0.03558,,,-0.00218,,,0.01254,,,-0.01512,,,-0.01677,,,-0.0028,,,0.01881,0.04812,-0.02932,-0.0034,,,0.47286,0.43309,0.03977,0.03373,0.02739,0.00633,,,,,0.05,-10.82,1.12,-1.11,36.4,-0.82,10.13,-0.15,1.0,28.0,4.0,5.0,22.0,6.0,11.0,2.0,0.0,0.0,0.01291,-0.00349,3.6953,78.70209,70.69566,,,5.03709,76.90289,76.04549,,76.903,23.42718,16.39454,47.25596,47.687,,,0.02566,0.02606,,,,,-0.15,,,,,,,0.499,0.366,0.496,0.499,0.324,0.325,2020-11-27,2020-10-13,2020-07-24,2020-12-02,2020-10-30,2020-09-30,0.0,0.0,54.01,-11.48,12.62,-34.48,0.0,3.0,20.0,12.0,9.0,44.0,0.0,-0.0,3.0,-1.0,1.0,-1.0,0.493,0.513,0.518,0.488,0.503,0.352,2020-12-02,2020-11-25,2020-11-20,2020-11-30,2020-11-24,2020-11-13,0.0,0.0,0.0,0.022,100.0,100.0,1999-01-01,1999-01-01,1999-01-01,2020-11-02,1999-01-01,1999-01-01,0.0,0.0,0.0,-0.073,100.0,100.0,1999-01-01,1999-01-01,1999-01-01,2020-11-04,1999-01-01,1999-01-01,0.0,0.0,0.0,-0.068,100.0,100.0,1999-01-01,1999-01-01,1999-01-01,2020-10-07,1999-01-01,1999-01-01,0.0,0.0,0.0,-0.097,100.0,100.0,1999-01-01,1999-01-01,1999-01-01,2020-10-14,1999-01-01,1999-01-01,0.016,0.007,0.0,0.006,-0.006,100.0,2020-11-13,2020-10-08,1999-01-01,2020-10-20,2020-08-18,1999-01-01,0.022,0.013,0.0,0.006,-0.007,100.0,2020-11-12,2020-10-05,1999-01-01,2020-10-21,2020-08-13,1999-01-01,0.029,0.014,0.0,0.008,-0.01,100.0,2020-11-16,2020-10-06,1999-01-01,2020-10-21,2020-08-14,1999-01-01,0.017,0.009,0.0,0.009,100.0,100.0,2020-11-12,2020-10-08,1999-01-01,2020-10-16,1999-01-01,1999-01-01,10373700.0,15086000.0,9587600.0,-36.53,1.82,-8.04,0.0,0.0,0.0,-0.026,100.0,100.0,0.01,0.004,0.0,0.002,-0.004,100.0,0.0,0.0,0.0,-0.02456,100.0,100.0,49.37,0.0,0.0,100.0,100.0,100.0,76.903,88.103,97.77,74.331,84.44,95.105,73.665,48.671,0.0,42.684,20.38,100.0,1999-01-01,1999-01-01,1999-01-01,2020-09-24,1999-01-01,1999-01-01,0,0,0,7937,0,0,2020-11-19,1999-01-01,1999-01-01,1999-01-01,1999-01-01,1999-01-01,2020-12-02,2020-11-25,2020-11-20,2020-11-30,2020-11-24,2020-11-19,2020-11-26,2020-10-19,1999-01-01,2020-11-02,2020-09-21,1999-01-01,,,,,,,,,,Life.Empty,Life.Empty,Life.BullEnd,Life.BullRetrace,Life.Bull,,
2020-12-03,RL,,,,,,,0,0,0,,0,0,0,0.49881,,0.499,0.488,,0.43918,0.41342,0.41783,0.44177,-0.03306,,,-0.00363,,,0.01618,,,-0.01792,,,-0.01081,,,-0.00733,,,0.02225,0.04924,-0.02699,-0.00551,,,0.47524,0.43718,0.03806,0.03397,0.02871,0.00526,,0.034,,,-10.79,1.12,-1.11,36.4,-0.82,10.13,-0.15,19.18,28.0,4.0,5.0,22.0,6.0,11.0,2.0,17.0,-0.0,-0.0049,0.01291,-0.00314,4.10682,80.41834,69.15196,,,6.75334,74.33071,76.04549,74.331,,28.43909,22.39573,46.75841,47.23945,,,0.02522,0.02631,,,,,-0.15,,,,,,,0.499,0.499,0.366,0.499,0.324,0.325,2020-12-03,2020-11-27,2020-10-13,2020-12-02,2020-10-30,2020-09-30,0.0,0.0,0.0,54.01,-11.48,12.62,0.0,1.0,3.0,20.0,12.0,9.0,0.0,-0.0,-0.0,3.0,-1.0,1.0,0.493,0.513,0.518,0.488,0.488,0.503,2020-12-02,2020-11-25,2020-11-20,2020-12-03,2020-11-30,2020-11-24,0.0,0.0,0.0,0.022,100.0,100.0,1999-01-01,1999-01-01,1999-01-01,2020-11-02,1999-01-01,1999-01-01,0.0,0.0,0.0,-0.073,100.0,100.0,1999-01-01,1999-01-01,1999-01-01,2020-11-04,1999-01-01,1999-01-01,0.0,0.0,0.0,-0.068,100.0,100.0,1999-01-01,1999-01-01,1999-01-01,2020-10-07,1999-01-01,1999-01-01,0.0,0.0,0.0,-0.097,100.0,100.0,1999-01-01,1999-01-01,1999-01-01,2020-10-14,1999-01-01,1999-01-01,0.016,0.007,0.0,0.006,-0.006,100.0,2020-11-13,2020-10-08,1999-01-01,2020-10-20,2020-08-18,1999-01-01,0.022,0.013,0.0,0.006,-0.007,100.0,2020-11-12,2020-10-05,1999-01-01,2020-10-21,2020-08-13,1999-01-01,0.029,0.014,0.0,0.008,-0.01,100.0,2020-11-16,2020-10-06,1999-01-01,2020-10-21,2020-08-14,1999-01-01,0.017,0.009,0.0,0.009,100.0,100.0,2020-11-12,2020-10-08,1999-01-01,2020-10-16,1999-01-01,1999-01-01,15086000.0,9587600.0,8592500.0,1.82,-8.04,-5.08,0.034,0.0,0.0,-0.026,100.0,100.0,0.01,0.004,0.0,0.002,-0.004,100.0,0.02871,0.0,0.0,-0.02456,100.0,100.0,49.37,0.0,0.0,100.0,100.0,100.0,76.903,88.103,97.77,74.331,74.331,84.44,73.665,48.671,0.0,42.684,20.38,100.0,2020-12-03,1999-01-01,1999-01-01,2020-09-24,1999-01-01,1999-01-01,8007,0,0,7937,0,0,2020-11-19,1999-01-01,1999-01-01,1999-01-01,1999-01-01,1999-01-01,2020-12-02,2020-11-25,2020-11-20,2020-12-03,2020-11-30,2020-11-24,2020-11-26,2020-10-19,1999-01-01,2020-11-02,2020-09-21,1999-01-01,,,,,,,,,,Life.Empty,Life.Empty,Life.BullEnd,Life.BullRetrace,Life.Bull,,
2020-12-04,RL,,,,,,,0,0,0,,0,0,0,0.49868,,,,0.527,0.44597,0.41789,0.42,0.44262,-0.03068,,,-0.00487,,,0.01947,,,-0.02033,,,-0.00504,,,-0.0118,,,0.02564,0.05015,-0.02452,-0.00752,,,0.48326,0.44386,0.0394,0.03385,0.02974,0.00411,,,,,-10.77,1.12,-1.11,36.4,-0.82,10.13,-0.15,19.18,27.0,4.0,5.0,22.0,6.0,11.0,2.0,17.0,0.0391,0.0,0.015,-0.00314,4.77273,82.67717,67.36371,,,9.01217,94.26565,81.83308,,94.266,49.66814,33.84481,46.21454,46.74297,,,0.02691,0.02655,,,,,-0.15,,,,,,,0.499,0.499,0.366,0.499,0.324,0.325,2020-12-03,2020-11-27,2020-10-13,2020-12-02,2020-10-30,2020-09-30,-0.06,0.0,0.0,54.01,-11.48,12.62,1.0,1.0,3.0,20.0,12.0,9.0,-0.0,-0.0,-0.0,3.0,-1.0,1.0,0.527,0.493,0.513,0.488,0.488,0.503,2020-12-04,2020-12-02,2020-11-25,2020-12-03,2020-11-30,2020-11-24,0.0,0.0,0.0,0.022,100.0,100.0,1999-01-01,1999-01-01,1999-01-01,2020-11-02,1999-01-01,1999-01-01,0.0,0.0,0.0,-0.073,100.0,100.0,1999-01-01,1999-01-01,1999-01-01,2020-11-04,1999-01-01,1999-01-01,0.0,0.0,0.0,-0.068,100.0,100.0,1999-01-01,1999-01-01,1999-01-01,2020-10-07,1999-01-01,1999-01-01,0.0,0.0,0.0,-0.097,100.0,100.0,1999-01-01,1999-01-01,1999-01-01,2020-10-14,1999-01-01,1999-01-01,0.016,0.007,0.0,0.006,-0.006,100.0,2020-11-13,2020-10-08,1999-01-01,2020-10-20,2020-08-18,1999-01-01,0.022,0.013,0.0,0.006,-0.007,100.0,2020-11-12,2020-10-05,1999-01-01,2020-10-21,2020-08-13,1999-01-01,0.029,0.014,0.0,0.008,-0.01,100.0,2020-11-16,2020-10-06,1999-01-01,2020-10-21,2020-08-14,1999-01-01,0.017,0.009,0.0,0.009,100.0,100.0,2020-11-12,2020-10-08,1999-01-01,2020-10-16,1999-01-01,1999-01-01,9587600.0,8592500.0,25311100.0,-8.04,-5.08,30.74,0.034,0.0,0.0,-0.026,100.0,100.0,0.01,0.004,0.0,0.002,-0.004,100.0,0.02871,0.0,0.0,-0.02456,100.0,100.0,49.37,0.0,0.0,100.0,100.0,100.0,94.266,76.903,88.103,74.331,74.331,84.44,73.665,48.671,0.0,42.684,20.38,100.0,2020-12-03,1999-01-01,1999-01-01,2020-09-24,1999-01-01,1999-01-01,8007,0,0,7937,0,0,2020-11-19,1999-01-01,1999-01-01,1999-01-01,1999-01-01,1999-01-01,2020-12-04,2020-12-02,2020-11-25,2020-12-03,2020-11-30,2020-11-24,2020-11-26,2020-10-19,1999-01-01,2020-11-02,2020-09-21,1999-01-01,,,,,,,,,,Life.Empty,Life.Empty,Life.BullEnd,Life.BullRetrace,Life.Bull,,
2020-12-07,RL,,,,,,,0,0,0,,0,0,0,0.49813,,,,,0.45111,0.42161,0.42184,0.44332,-0.02846,,,-0.00588,,,0.0224,,,-0.0223,,,0.00046,,,-0.0161,,,0.02892,0.05086,-0.02194,-0.00941,,,0.48781,0.44897,0.03884,0.03339,0.03047,0.00292,,,,,-10.67,1.12,-1.11,36.4,-0.82,10.13,-0.15,19.18,26.0,4.0,5.0,22.0,6.0,11.0,2.0,17.0,-0.0,-0.0146,0.01431,-0.00419,3.41809,77.36578,65.37667,,,3.70078,65.14286,77.91307,,,49.19687,42.4347,45.62975,46.2009,,,0.03161,0.02677,,,,,-0.15,,,,,,,0.499,0.499,0.366,0.499,0.324,0.325,2020-12-03,2020-11-27,2020-10-13,2020-12-02,2020-10-30,2020-09-30,-0.17,0.0,0.0,54.01,-11.48,12.62,2.0,1.0,3.0,20.0,12.0,9.0,-0.0,-0.0,-0.0,3.0,-1.0,1.0,0.527,0.493,0.513,0.488,0.488,0.503,2020-12-04,2020-12-02,2020-11-25,2020-12-03,2020-11-30,2020-11-24,0.0,0.0,0.0,0.022,100.0,100.0,1999-01-01,1999-01-01,1999-01-01,2020-11-02,1999-01-01,1999-01-01,0.0,0.0,0.0,-0.073,100.0,100.0,1999-01-01,1999-01-01,1999-01-01,2020-11-04,1999-01-01,1999-01-01,0.0,0.0,0.0,-0.068,100.0,100.0,1999-01-01,1999-01-01,1999-01-01,2020-10-07,1999-01-01,1999-01-01,0.0,0.0,0.0,-0.097,100.0,100.0,1999-01-01,1999-01-01,1999-01-01,2020-10-14,1999-01-01,1999-01-01,0.016,0.007,0.0,0.006,-0.006,100.0,2020-11-13,2020-10-08,1999-01-01,2020-10-20,2020-08-18,1999-01-01,0.022,0.013,0.0,0.006,-0.007,100.0,2020-11-12,2020-10-05,1999-01-01,2020-10-21,2020-08-13,1999-01-01,0.029,0.014,0.0,0.008,-0.01,100.0,2020-11-16,2020-10-06,1999-01-01,2020-10-21,2020-08-14,1999-01-01,0.017,0.009,0.0,0.009,100.0,100.0,2020-11-12,2020-10-08,1999-01-01,2020-10-16,1999-01-01,1999-01-01,8592500.0,25311100.0,18234900.0,-5.08,30.74,19.88,0.034,0.0,0.0,-0.026,100.0,100.0,0.01,0.004,0.0,0.002,-0.004,100.0,0.02871,0.0,0.0,-0.02456,100.0,100.0,49.37,0.0,0.0,100.0,100.0,100.0,94.266,76.903,88.103,74.331,74.331,84.44,73.665,48.671,0.0,42.684,20.38,100.0,2020-12-03,1999-01-01,1999-01-01,2020-09-24,1999-01-01,1999-01-01,8007,0,0,7937,0,0,2020-11-19,1999-01-01,1999-01-01,1999-01-01,1999-01-01,1999-01-01,2020-12-04,2020-12-02,2020-11-25,2020-12-03,2020-11-30,2020-11-24,2020-11-26,2020-10-19,1999-01-01,2020-11-02,2020-09-21,1999-01-01,,,,,,,,,,Life.Empty,Life.Empty,Life.BullEnd,Life.BullRetrace,Life.Bull,,
2020-12-08,RL,,,,,,,0,0,0,,0,0,0,0.49696,,,0.495,,0.45452,0.4245,0.42329,0.44384,-0.02642,,,-0.00665,,,0.02495,,,-0.02383,,,0.00563,,,-0.02014,,,0.03205,0.05137,-0.01932,-0.01113,,,0.48897,0.45241,0.03656,0.03261,0.03089,0.00171,,,,,-10.46,1.12,-1.11,36.4,-0.82,10.13,-0.15,19.18,25.0,4.0,5.0,22.0,6.0,11.0,2.0,17.0,-0.0,-0.0174,0.00872,-0.00543,1.60658,61.63554,63.24827,,,-12.02946,31.25948,63.556,31.259,,44.77619,47.8804,45.01037,45.61822,,,0.03112,0.02698,,,,,-0.15,,,,,,,0.499,0.499,0.366,0.499,0.324,0.325,2020-12-03,2020-11-27,2020-10-13,2020-12-02,2020-10-30,2020-09-30,-0.41,0.0,0.0,54.01,-11.48,12.62,3.0,1.0,3.0,20.0,12.0,9.0,-0.0,-0.0,-0.0,3.0,-1.0,1.0,0.527,0.493,0.513,0.495,0.488,0.488,2020-12-04,2020-12-02,2020-11-25,2020-12-08,2020-12-03,2020-11-30,0.0,0.0,0.0,0.022,100.0,100.0,1999-01-01,1999-01-01,1999-01-01,2020-11-02,1999-01-01,1999-01-01,0.0,0.0,0.0,-0.073,100.0,100.0,1999-01-01,1999-01-01,1999-01-01,2020-11-04,1999-01-01,1999-01-01,0.0,0.0,0.0,-0.068,100.0,100.0,1999-01-01,1999-01-01,1999-01-01,2020-10-07,1999-01-01,1999-01-01,0.0,0.0,0.0,-0.097,100.0,100.0,1999-01-01,1999-01-01,1999-01-01,2020-10-14,1999-01-01,1999-01-01,0.016,0.007,0.0,0.006,-0.006,100.0,2020-11-13,2020-10-08,1999-01-01,2020-10-20,2020-08-18,1999-01-01,0.022,0.013,0.0,0.006,-0.007,100.0,2020-11-12,2020-10-05,1999-01-01,2020-10-21,2020-08-13,1999-01-01,0.029,0.014,0.0,0.008,-0.01,100.0,2020-11-16,2020-10-06,1999-01-01,2020-10-21,2020-08-14,1999-01-01,0.017,0.009,0.0,0.009,100.0,100.0,2020-11-12,2020-10-08,1999-01-01,2020-10-16,1999-01-01,1999-01-01,25311100.0,18234900.0,5375500.0,30.74,19.88,-6.17,0.034,0.0,0.0,-0.026,100.0,100.0,0.01,0.004,0.0,0.002,-0.004,100.0,0.02871,0.0,0.0,-0.02456,100.0,100.0,49.37,0.0,0.0,100.0,100.0,100.0,94.266,76.903,88.103,31.259,74.331,74.331,73.665,48.671,0.0,42.684,20.38,100.0,2020-12-03,1999-01-01,1999-01-01,2020-09-24,1999-01-01,1999-01-01,8007,0,0,7937,0,0,2020-11-19,1999-01-01,1999-01-01,1999-01-01,1999-01-01,1999-01-01,2020-12-04,2020-12-02,2020-11-25,2020-12-08,2020-12-03,2020-11-30,2020-11-26,2020-10-19,1999-01-01,2020-11-02,2020-09-21,1999-01-01,,,,,,,,,,Life.Empty,Life.Empty,Life.BullEnd,Life.BullRetrace,Life.Bull,,
2020-12-09,RL,,,,,,,0,0,0,,0,0,0,0.4952,,,,0.5,0.45805,0.42748,0.42482,0.4444,-0.02454,,,-0.00718,,,0.02713,,,-0.02491,,,0.01041,,,-0.02382,,,0.03495,0.05167,-0.01671,-0.01268,,,0.49073,0.45596,0.03477,0.03155,0.03102,0.00052,,,,,-10.14,1.12,-1.11,36.4,-0.82,10.13,-0.15,19.18,24.0,4.0,5.0,22.0,6.0,11.0,2.0,17.0,0.005,0.0,0.00629,-0.00543,1.15921,53.68678,61.04883,,,-19.97822,36.68639,44.36291,,36.686,26.71324,40.22877,44.36246,45.00086,,,0.03279,0.02717,,,,,-0.15,,,,,,,0.499,0.499,0.366,0.499,0.324,0.325,2020-12-03,2020-11-27,2020-10-13,2020-12-02,2020-10-30,2020-09-30,-0.76,0.0,0.0,54.01,-11.48,12.62,4.0,1.0,3.0,20.0,12.0,9.0,-0.0,-0.0,-0.0,3.0,-1.0,1.0,0.5,0.527,0.493,0.495,0.488,0.488,2020-12-09,2020-12-04,2020-12-02,2020-12-08,2020-12-03,2020-11-30,0.0,0.0,0.0,0.022,100.0,100.0,1999-01-01,1999-01-01,1999-01-01,2020-11-02,1999-01-01,1999-01-01,0.0,0.0,0.0,-0.073,100.0,100.0,1999-01-01,1999-01-01,1999-01-01,2020-11-04,1999-01-01,1999-01-01,0.0,0.0,0.0,-0.068,100.0,100.0,1999-01-01,1999-01-01,1999-01-01,2020-10-07,1999-01-01,1999-01-01,0.0,0.0,0.0,-0.097,100.0,100.0,1999-01-01,1999-01-01,1999-01-01,2020-10-14,1999-01-01,1999-01-01,0.016,0.007,0.0,0.006,-0.006,100.0,2020-11-13,2020-10-08,1999-01-01,2020-10-20,2020-08-18,1999-01-01,0.022,0.013,0.0,0.006,-0.007,100.0,2020-11-12,2020-10-05,1999-01-01,2020-10-21,2020-08-13,1999-01-01,0.029,0.014,0.0,0.008,-0.01,100.0,2020-11-16,2020-10-06,1999-01-01,2020-10-21,2020-08-14,1999-01-01,0.017,0.009,0.0,0.009,100.0,100.0,2020-11-12,2020-10-08,1999-01-01,2020-10-16,1999-01-01,1999-01-01,18234900.0,5375500.0,8693400.0,19.88,-6.17,-33.97,0.034,0.0,0.0,-0.026,100.0,100.0,0.01,0.004,0.0,0.002,-0.004,100.0,0.02871,0.0,0.0,-0.02456,100.0,100.0,49.37,0.0,0.0,100.0,100.0,100.0,36.686,94.266,76.903,31.259,74.331,74.331,73.665,48.671,0.0,42.684,20.38,100.0,2020-12-03,1999-01-01,1999-01-01,2020-09-24,1999-01-01,1999-01-01,8007,0,0,7937,0,0,2020-11-19,1999-01-01,1999-01-01,1999-01-01,1999-01-01,1999-01-01,2020-12-09,2020-12-04,2020-12-02,2020-12-08,2020-12-03,2020-11-30,2020-11-26,2020-10-19,1999-01-01,2020-11-02,2020-09-21,1999-01-01,,,,,,,,,,Life.Empty,Life.Empty,Life.BullEnd,Life.BullRetrace,Life.Bull,,
2020-12-10,RL,,,,,,,0,0,0,,0,0,0,0.49312,,,0.476,,0.4594,0.42937,0.42582,0.44471,-0.0228,,,-0.00749,,,0.02893,,,-0.02555,,,0.01478,,,-0.02706,,,0.03758,0.05174,-0.01416,-0.01402,,,0.4884,0.45742,0.03099,0.03025,0.03087,-0.00062,,,,,-9.76,1.12,-1.11,36.4,-0.82,10.13,-0.15,19.18,23.0,4.0,5.0,22.0,6.0,11.0,2.0,17.0,-0.0,-0.0248,0.0042,-0.0072,0.58333,36.84211,58.84689,,,-36.82289,18.3432,28.76302,18.343,,22.21311,31.23418,43.69265,44.35516,,,0.03328,0.02735,,,,,-0.15,,,,,,,0.499,0.499,0.366,0.499,0.324,0.325,2020-12-03,2020-11-27,2020-10-13,2020-12-02,2020-10-30,2020-09-30,-1.18,0.0,0.0,54.01,-11.48,12.62,5.0,1.0,3.0,20.0,12.0,9.0,-0.0,-0.0,-0.0,3.0,-1.0,1.0,0.5,0.527,0.493,0.476,0.495,0.488,2020-12-09,2020-12-04,2020-12-02,2020-12-10,2020-12-08,2020-12-03,0.0,0.0,0.0,0.022,100.0,100.0,1999-01-01,1999-01-01,1999-01-01,2020-11-02,1999-01-01,1999-01-01,0.0,0.0,0.0,-0.073,100.0,100.0,1999-01-01,1999-01-01,1999-01-01,2020-11-04,1999-01-01,1999-01-01,0.0,0.0,0.0,-0.068,100.0,100.0,1999-01-01,1999-01-01,1999-01-01,2020-10-07,1999-01-01,1999-01-01,0.0,0.0,0.0,-0.097,100.0,100.0,1999-01-01,1999-01-01,1999-01-01,2020-10-14,1999-01-01,1999-01-01,0.016,0.007,0.0,0.006,-0.006,100.0,2020-11-13,2020-10-08,1999-01-01,2020-10-20,2020-08-18,1999-01-01,0.022,0.013,0.0,0.006,-0.007,100.0,2020-11-12,2020-10-05,1999-01-01,2020-10-21,2020-08-13,1999-01-01,0.029,0.014,0.0,0.008,-0.01,100.0,2020-11-16,2020-10-06,1999-01-01,2020-10-21,2020-08-14,1999-01-01,0.017,0.009,0.0,0.009,100.0,100.0,2020-11-12,2020-10-08,1999-01-01,2020-10-16,1999-01-01,1999-01-01,5375500.0,8693400.0,3531900.0,-6.17,-33.97,-45.51,0.034,0.0,0.0,-0.026,100.0,100.0,0.01,0.004,0.0,0.002,-0.004,100.0,0.02871,0.0,0.0,-0.02456,100.0,100.0,49.37,0.0,0.0,100.0,100.0,100.0,36.686,94.266,76.903,18.343,31.259,74.331,73.665,48.671,0.0,42.684,20.38,100.0,2020-12-03,1999-01-01,1999-01-01,2020-09-24,1999-01-01,1999-01-01,8007,0,0,7937,0,0,2020-11-19,1999-01-01,1999-01-01,1999-01-01,1999-01-01,1999-01-01,2020-12-09,2020-12-04,2020-12-02,2020-12-10,2020-12-08,2020-12-03,2020-11-26,2020-10-19,1999-01-01,2020-11-02,2020-09-21,1999-01-01,,,,,,,,,,Life.Empty,Life.Empty,Life.BullEnd,Life.BullRetrace,Life.Bull,,
2020-12-11,RL,,,,,,,0,0,0,,0,0,0,0.49086,,,,0.495,0.46217,0.43196,0.4272,0.44521,-0.02118,,,-0.0076,-0.008,,0.0304,,,-0.02577,-0.026,,0.01869,,,-0.02978,,,0.03987,0.05158,-0.01171,-0.01515,,,0.48948,0.46023,0.02925,0.02877,0.03045,-0.00168,,,,,-9.34,1.12,-1.11,36.4,-0.82,10.13,-0.15,19.18,22.0,4.0,5.0,22.0,6.0,11.0,2.0,17.0,0.0198,0.0,0.00561,-0.00686,0.81875,45.01718,56.69973,,,-28.64782,32.98817,29.33925,,32.988,29.33925,26.08854,43.00931,43.68814,,,0.03338,0.0275,,,,,-0.15,,,,,,,0.499,0.499,0.366,0.499,0.324,0.325,2020-12-03,2020-11-27,2020-10-13,2020-12-02,2020-10-30,2020-09-30,-1.63,0.0,0.0,54.01,-11.48,12.62,6.0,1.0,3.0,20.0,12.0,9.0,-0.0,-0.0,-0.0,3.0,-1.0,1.0,0.495,0.5,0.527,0.476,0.495,0.488,2020-12-11,2020-12-09,2020-12-04,2020-12-10,2020-12-08,2020-12-03,0.0,0.0,0.0,0.022,100.0,100.0,1999-01-01,1999-01-01,1999-01-01,2020-11-02,1999-01-01,1999-01-01,0.0,0.0,0.0,-0.073,100.0,100.0,1999-01-01,1999-01-01,1999-01-01,2020-11-04,1999-01-01,1999-01-01,0.0,0.0,0.0,-0.068,100.0,100.0,1999-01-01,1999-01-01,1999-01-01,2020-10-07,1999-01-01,1999-01-01,0.0,0.0,0.0,-0.097,100.0,100.0,1999-01-01,1999-01-01,1999-01-01,2020-10-14,1999-01-01,1999-01-01,0.016,0.007,0.0,-0.008,0.006,-0.006,2020-11-13,2020-10-08,1999-01-01,2020-12-11,2020-10-20,2020-08-18,0.022,0.013,0.0,-0.026,0.006,-0.007,2020-11-12,2020-10-05,1999-01-01,2020-12-11,2020-10-21,2020-08-13,0.029,0.014,0.0,0.008,-0.01,100.0,2020-11-16,2020-10-06,1999-01-01,2020-10-21,2020-08-14,1999-01-01,0.017,0.009,0.0,0.009,100.0,100.0,2020-11-12,2020-10-08,1999-01-01,2020-10-16,1999-01-01,1999-01-01,8693400.0,3531900.0,4508500.0,-33.97,-45.51,-4.93,0.034,0.0,0.0,-0.026,100.0,100.0,0.01,0.004,0.0,0.002,-0.004,100.0,0.02871,0.0,0.0,-0.02456,100.0,100.0,49.37,0.0,0.0,100.0,100.0,100.0,32.988,36.686,94.266,18.343,31.259,74.331,73.665,48.671,0.0,42.684,20.38,100.0,2020-12-03,1999-01-01,1999-01-01,2020-09-24,1999-01-01,1999-01-01,8007,0,0,7937,0,0,2020-11-19,1999-01-01,1999-01-01,1999-01-01,1999-01-01,1999-01-01,2020-12-11,2020-12-09,2020-12-04,2020-12-10,2020-12-08,2020-12-03,2020-11-26,2020-10-19,1999-01-01,2020-11-02,2020-09-21,1999-01-01,,,,,,,,,,Life.Empty,Life.Empty,Life.BullEnd,Life.BullRetrace,Life.Bull,,
2020-12-14,RL,,,,,,,0,0,0,,0,0,0,0.48847,,,,,0.46396,0.43406,0.42836,0.44561,-0.01964,,,-0.00755,,,0.03155,,,-0.02561,,,0.02213,,,-0.03195,,,0.04177,0.05119,-0.00942,-0.01606,,,0.48887,0.4621,0.02676,0.02715,0.02979,-0.00264,,,,,-8.9,1.12,-1.11,36.4,-0.82,10.13,-0.15,19.18,21.0,4.0,5.0,22.0,6.0,11.0,2.0,17.0,-0.0,-0.0099,0.00561,-0.00686,0.8179,44.99141,54.65229,,,-28.67359,25.66568,25.66568,,,35.07112,28.87449,42.32315,43.00837,,,0.03277,0.02764,,,,,-0.15,,,,,,,0.499,0.499,0.366,0.499,0.324,0.325,2020-12-03,2020-11-27,2020-10-13,2020-12-02,2020-10-30,2020-09-30,-2.11,0.0,0.0,54.01,-11.48,12.62,7.0,1.0,3.0,20.0,12.0,9.0,-0.0,-0.0,-0.0,3.0,-1.0,1.0,0.495,0.5,0.527,0.476,0.495,0.488,2020-12-11,2020-12-09,2020-12-04,2020-12-10,2020-12-08,2020-12-03,0.0,0.0,0.0,0.022,100.0,100.0,1999-01-01,1999-01-01,1999-01-01,2020-11-02,1999-01-01,1999-01-01,0.0,0.0,0.0,-0.073,100.0,100.0,1999-01-01,1999-01-01,1999-01-01,2020-11-04,1999-01-01,1999-01-01,0.0,0.0,0.0,-0.068,100.0,100.0,1999-01-01,1999-01-01,1999-01-01,2020-10-07,1999-01-01,1999-01-01,0.0,0.0,0.0,-0.097,100.0,100.0,1999-01-01,1999-01-01,1999-01-01,2020-10-14,1999-01-01,1999-01-01,0.016,0.007,0.0,-0.008,0.006,-0.006,2020-11-13,2020-10-08,1999-01-01,2020-12-11,2020-10-20,2020-08-18,0.022,0.013,0.0,-0.026,0.006,-0.007,2020-11-12,2020-10-05,1999-01-01,2020-12-11,2020-10-21,2020-08-13,0.029,0.014,0.0,0.008,-0.01,100.0,2020-11-16,2020-10-06,1999-01-01,2020-10-21,2020-08-14,1999-01-01,0.017,0.009,0.0,0.009,100.0,100.0,2020-11-12,2020-10-08,1999-01-01,2020-10-16,1999-01-01,1999-01-01,3531900.0,4508500.0,4255400.0,-45.51,-4.93,-26.52,0.034,0.0,0.0,-0.026,100.0,100.0,0.01,0.004,0.0,0.002,-0.004,100.0,0.02871,0.0,0.0,-0.02456,100.0,100.0,49.37,0.0,0.0,100.0,100.0,100.0,32.988,36.686,94.266,18.343,31.259,74.331,73.665,48.671,0.0,42.684,20.38,100.0,2020-12-03,1999-01-01,1999-01-01,2020-09-24,1999-01-01,1999-01-01,8007,0,0,7937,0,0,2020-11-19,1999-01-01,1999-01-01,1999-01-01,1999-01-01,1999-01-01,2020-12-11,2020-12-09,2020-12-04,2020-12-10,2020-12-08,2020-12-03,2020-11-26,2020-10-19,1999-01-01,2020-11-02,2020-09-21,1999-01-01,,,,,,,,,,Life.Empty,Life.Empty,Life.BullEnd,Life.BullRetrace,Life.Bull,,
2020-12-15,RL,,,,,,,0,0,0,,0,0,0,0.48599,,,,,0.46562,0.43607,0.42949,0.44601,-0.01815,,,-0.00736,,,0.03242,,,-0.02511,,,0.02509,,,-0.03352,,,0.04324,0.05057,-0.00733,-0.01673,,,0.48835,0.46384,0.02451,0.02544,0.02892,-0.00348,,,,,-8.43,1.12,-1.11,36.4,-0.82,10.13,-0.15,19.18,20.0,4.0,5.0,22.0,6.0,11.0,2.0,17.0,0.0,0.0,0.00491,-0.00686,0.71592,41.72226,52.73347,,,-31.94274,25.66568,28.10651,,,48.39649,37.60229,41.64761,42.32669,,,0.03149,0.02775,,,,,-0.15,,,,,,,0.499,0.499,0.366,0.499,0.324,0.325,2020-12-03,2020-11-27,2020-10-13,2020-12-02,2020-10-30,2020-09-30,-2.61,0.0,0.0,54.01,-11.48,12.62,8.0,1.0,3.0,20.0,12.0,9.0,-0.0,-0.0,-0.0,3.0,-1.0,1.0,0.495,0.5,0.527,0.476,0.495,0.488,2020-12-11,2020-12-09,2020-12-04,2020-12-10,2020-12-08,2020-12-03,0.0,0.0,0.0,0.022,100.0,100.0,1999-01-01,1999-01-01,1999-01-01,2020-11-02,1999-01-01,1999-01-01,0.0,0.0,0.0,-0.073,100.0,100.0,1999-01-01,1999-01-01,1999-01-01,2020-11-04,1999-01-01,1999-01-01,0.0,0.0,0.0,-0.068,100.0,100.0,1999-01-01,1999-01-01,1999-01-01,2020-10-07,1999-01-01,1999-01-01,0.0,0.0,0.0,-0.097,100.0,100.0,1999-01-01,1999-01-01,1999-01-01,2020-10-14,1999-01-01,1999-01-01,0.016,0.007,0.0,-0.008,0.006,-0.006,2020-11-13,2020-10-08,1999-01-01,2020-12-11,2020-10-20,2020-08-18,0.022,0.013,0.0,-0.026,0.006,-0.007,2020-11-12,2020-10-05,1999-01-01,2020-12-11,2020-10-21,2020-08-13,0.029,0.014,0.0,0.008,-0.01,100.0,2020-11-16,2020-10-06,1999-01-01,2020-10-21,2020-08-14,1999-01-01,0.017,0.009,0.0,0.009,100.0,100.0,2020-11-12,2020-10-08,1999-01-01,2020-10-16,1999-01-01,1999-01-01,4508500.0,4255400.0,1433300.0,-4.93,-26.52,-17.07,0.034,0.0,0.0,-0.026,100.0,100.0,0.01,0.004,0.0,0.002,-0.004,100.0,0.02871,0.0,0.0,-0.02456,100.0,100.0,49.37,0.0,0.0,100.0,100.0,100.0,32.988,36.686,94.266,18.343,31.259,74.331,73.665,48.671,0.0,42.684,20.38,100.0,2020-12-03,1999-01-01,1999-01-01,2020-09-24,1999-01-01,1999-01-01,8007,0,0,7937,0,0,2020-11-19,1999-01-01,1999-01-01,1999-01-01,1999-01-01,1999-01-01,2020-12-11,2020-12-09,2020-12-04,2020-12-10,2020-12-08,2020-12-03,2020-11-26,2020-10-19,1999-01-01,2020-11-02,2020-09-21,1999-01-01,,,,,,,,,,Life.Empty,Life.Empty,Life.BullEnd,Life.BullRetrace,Life.Bull,,
2020-12-16,RL,,,,,,,0,0,0,,0,0,0,0.48352,,,0.476,,0.46639,0.43762,0.4304,0.44631,-0.01668,,,-0.00708,,,0.03303,,,-0.02431,,,0.02756,,,-0.03449,,,0.04424,0.04971,-0.00548,-0.01719,,,0.48639,0.46471,0.02168,0.02367,0.02787,-0.0042,,,,,-7.97,1.12,-1.11,36.4,-0.82,10.13,-0.15,19.18,19.0,4.0,5.0,22.0,6.0,11.0,2.0,17.0,-0.0,-0.0099,0.00491,-0.00687,0.71518,41.69697,50.95707,,,-31.96803,18.3432,23.22485,18.343,,41.59859,41.68873,40.99808,41.65628,,,0.03067,0.02785,,,,,-0.15,,,,,,,0.499,0.499,0.366,0.499,0.324,0.325,2020-12-03,2020-11-27,2020-10-13,2020-12-02,2020-10-30,2020-09-30,-3.1,0.0,0.0,54.01,-11.48,12.62,9.0,1.0,3.0,20.0,12.0,9.0,-0.0,-0.0,-0.0,3.0,-1.0,1.0,0.495,0.5,0.527,0.476,0.476,0.495,2020-12-11,2020-12-09,2020-12-04,2020-12-16,2020-12-10,2020-12-08,0.0,0.0,0.0,0.022,100.0,100.0,1999-01-01,1999-01-01,1999-01-01,2020-11-02,1999-01-01,1999-01-01,0.0,0.0,0.0,-0.073,100.0,100.0,1999-01-01,1999-01-01,1999-01-01,2020-11-04,1999-01-01,1999-01-01,0.0,0.0,0.0,-0.068,100.0,100.0,1999-01-01,1999-01-01,1999-01-01,2020-10-07,1999-01-01,1999-01-01,0.0,0.0,0.0,-0.097,100.0,100.0,1999-01-01,1999-01-01,1999-01-01,2020-10-14,1999-01-01,1999-01-01,0.016,0.007,0.0,-0.008,0.006,-0.006,2020-11-13,2020-10-08,1999-01-01,2020-12-11,2020-10-20,2020-08-18,0.022,0.013,0.0,-0.026,0.006,-0.007,2020-11-12,2020-10-05,1999-01-01,2020-12-11,2020-10-21,2020-08-13,0.029,0.014,0.0,0.008,-0.01,100.0,2020-11-16,2020-10-06,1999-01-01,2020-10-21,2020-08-14,1999-01-01,0.017,0.009,0.0,0.009,100.0,100.0,2020-11-12,2020-10-08,1999-01-01,2020-10-16,1999-01-01,1999-01-01,4255400.0,1433300.0,1846700.0,-26.52,-17.07,-26.1,0.034,0.0,0.0,-0.026,100.0,100.0,0.01,0.004,0.0,0.002,-0.004,100.0,0.02871,0.0,0.0,-0.02456,100.0,100.0,49.37,0.0,0.0,100.0,100.0,100.0,32.988,36.686,94.266,18.343,18.343,31.259,73.665,48.671,0.0,42.684,20.38,100.0,2020-12-03,1999-01-01,1999-01-01,2020-09-24,1999-01-01,1999-01-01,8007,0,0,7937,0,0,2020-11-19,1999-01-01,1999-01-01,1999-01-01,1999-01-01,1999-01-01,2020-12-11,2020-12-09,2020-12-04,2020-12-16,2020-12-10,2020-12-08,2020-11-26,2020-10-19,1999-01-01,2020-11-02,2020-09-21,1999-01-01,,,,,,,,,,Life.Empty,Life.Empty,Life.BullEnd,Life.BullRetrace,Life.Bull,,
2020-12-17,RL,,,,,,,0,0,0,,0,0,0,0.48104,,,,,0.46748,0.43931,0.4314,0.44665,-0.01524,,,-0.00676,,,0.03341,,,-0.02327,,,0.02953,,,-0.03487,-0.035,,0.04476,0.04865,-0.00389,-0.01742,,,0.4855,0.46589,0.01961,0.02187,0.02667,-0.0048,,,,,-7.49,1.12,-1.11,36.4,-0.82,10.13,-0.15,19.18,18.0,4.0,5.0,22.0,6.0,11.0,2.0,17.0,0.005,0.0,0.00527,-0.00582,0.90552,47.52093,49.31961,,,-26.14407,22.04142,22.01677,,,32.03423,40.67644,40.39062,41.0121,,,0.02954,0.02792,,,,,-0.15,,,,,,,0.499,0.499,0.366,0.499,0.324,0.325,2020-12-03,2020-11-27,2020-10-13,2020-12-02,2020-10-30,2020-09-30,-3.6,0.0,0.0,54.01,-11.48,12.62,10.0,1.0,3.0,20.0,12.0,9.0,-0.0,-0.0,-0.0,3.0,-1.0,1.0,0.495,0.5,0.527,0.476,0.476,0.495,2020-12-11,2020-12-09,2020-12-04,2020-12-16,2020-12-10,2020-12-08,0.0,0.0,0.0,0.022,100.0,100.0,1999-01-01,1999-01-01,1999-01-01,2020-11-02,1999-01-01,1999-01-01,0.0,0.0,0.0,-0.073,100.0,100.0,1999-01-01,1999-01-01,1999-01-01,2020-11-04,1999-01-01,1999-01-01,0.0,0.0,0.0,-0.068,100.0,100.0,1999-01-01,1999-01-01,1999-01-01,2020-10-07,1999-01-01,1999-01-01,0.0,0.0,0.0,-0.097,100.0,100.0,1999-01-01,1999-01-01,1999-01-01,2020-10-14,1999-01-01,1999-01-01,0.016,0.007,0.0,-0.008,0.006,-0.006,2020-11-13,2020-10-08,1999-01-01,2020-12-11,2020-10-20,2020-08-18,0.022,0.013,0.0,-0.026,0.006,-0.007,2020-11-12,2020-10-05,1999-01-01,2020-12-11,2020-10-21,2020-08-13,0.029,0.014,0.0,-0.035,0.008,-0.01,2020-11-16,2020-10-06,1999-01-01,2020-12-17,2020-10-21,2020-08-14,0.017,0.009,0.0,0.009,100.0,100.0,2020-11-12,2020-10-08,1999-01-01,2020-10-16,1999-01-01,1999-01-01,1433300.0,1846700.0,1622200.0,-17.07,-26.1,-34.94,0.034,0.0,0.0,-0.026,100.0,100.0,0.01,0.004,0.0,0.002,-0.004,100.0,0.02871,0.0,0.0,-0.02456,100.0,100.0,49.37,0.0,0.0,100.0,100.0,100.0,32.988,36.686,94.266,18.343,18.343,31.259,73.665,48.671,0.0,42.684,20.38,100.0,2020-12-03,1999-01-01,1999-01-01,2020-09-24,1999-01-01,1999-01-01,8007,0,0,7937,0,0,2020-11-19,1999-01-01,1999-01-01,1999-01-01,1999-01-01,1999-01-01,2020-12-11,2020-12-09,2020-12-04,2020-12-16,2020-12-10,2020-12-08,2020-11-26,2020-10-19,1999-01-01,2020-11-02,2020-09-21,1999-01-01,,,,,,,,,,Life.Empty,Life.Empty,Life.BullEnd,Life.BullRetrace,Life.Bull,,
2020-12-18,RL,,,,,,,0,0,0,,0,0,0,0.47851,,,,0.505,0.47039,0.4419,0.43286,0.44723,-0.01381,,,-0.00643,,,0.0336,,,-0.02203,,,0.03101,,,-0.03468,,,0.04482,0.04741,-0.00259,-0.01744,-0.017,,0.48854,0.4688,0.01974,0.02005,0.02535,-0.00529,,,,,-7.0,1.12,-1.11,36.4,-0.82,10.13,-0.15,19.18,17.0,4.0,5.0,22.0,6.0,11.0,2.0,17.0,0.0247,0.0,0.00704,-0.00582,1.20859,54.72222,47.81756,,,-18.94278,40.31065,26.89842,,40.311,33.8177,35.81684,39.8413,40.41,,,0.03061,0.02797,,,,,-0.15,,,,,,,0.499,0.499,0.366,0.499,0.324,0.325,2020-12-03,2020-11-27,2020-10-13,2020-12-02,2020-10-30,2020-09-30,-4.11,0.0,0.0,54.01,-11.48,12.62,11.0,1.0,3.0,20.0,12.0,9.0,-0.0,-0.0,-0.0,3.0,-1.0,1.0,0.505,0.495,0.5,0.476,0.476,0.495,2020-12-18,2020-12-11,2020-12-09,2020-12-16,2020-12-10,2020-12-08,0.0,0.0,0.0,0.022,100.0,100.0,1999-01-01,1999-01-01,1999-01-01,2020-11-02,1999-01-01,1999-01-01,0.0,0.0,0.0,-0.073,100.0,100.0,1999-01-01,1999-01-01,1999-01-01,2020-11-04,1999-01-01,1999-01-01,0.0,0.0,0.0,-0.068,100.0,100.0,1999-01-01,1999-01-01,1999-01-01,2020-10-07,1999-01-01,1999-01-01,0.0,0.0,0.0,-0.097,100.0,100.0,1999-01-01,1999-01-01,1999-01-01,2020-10-14,1999-01-01,1999-01-01,0.016,0.007,0.0,-0.008,0.006,-0.006,2020-11-13,2020-10-08,1999-01-01,2020-12-11,2020-10-20,2020-08-18,0.022,0.013,0.0,-0.026,0.006,-0.007,2020-11-12,2020-10-05,1999-01-01,2020-12-11,2020-10-21,2020-08-13,0.029,0.014,0.0,-0.035,0.008,-0.01,2020-11-16,2020-10-06,1999-01-01,2020-12-17,2020-10-21,2020-08-14,0.017,0.009,0.0,-0.017,0.009,100.0,2020-11-12,2020-10-08,1999-01-01,2020-12-18,2020-10-16,1999-01-01,1846700.0,1622200.0,12452200.0,-26.1,-34.94,224.77,0.034,0.0,0.0,-0.026,100.0,100.0,0.01,0.004,0.0,0.002,-0.004,100.0,0.02871,0.0,0.0,-0.02456,100.0,100.0,49.37,0.0,0.0,100.0,100.0,100.0,40.311,32.988,36.686,18.343,18.343,31.259,73.665,48.671,0.0,42.684,20.38,100.0,2020-12-03,1999-01-01,1999-01-01,2020-09-24,1999-01-01,1999-01-01,8007,0,0,7937,0,0,2020-11-19,1999-01-01,1999-01-01,1999-01-01,1999-01-01,1999-01-01,2020-12-18,2020-12-11,2020-12-09,2020-12-16,2020-12-10,2020-12-08,2020-11-26,2020-10-19,1999-01-01,2020-11-02,2020-09-21,1999-01-01,12452200.0,,,,,,,,n2p,Life.Empty,Life.Empty,Life.BullEnd,Life.BullRetrace,Life.Bull,,
2020-12-21,RL,,,,,,,0,0,0,,0,0,0,0.4761,,,,,0.47155,0.44361,0.4339,0.44761,-0.01242,,,-0.00615,,,0.03362,,0.034,-0.02064,,,0.03203,,,-0.03396,,,0.04444,0.04603,-0.00159,-0.01727,,,0.48808,0.47004,0.01803,0.01823,0.02392,-0.00569,,,,,-6.53,1.12,-1.11,36.4,-0.82,10.13,-0.15,19.18,16.0,4.0,5.0,22.0,6.0,11.0,2.0,17.0,-0.0,-0.0198,0.00669,-0.00724,0.92399,48.02463,46.46376,,,-25.64037,25.66568,29.33925,,,38.7327,34.86154,39.36515,39.86569,,,0.03089,0.028,,,,,,-0.15,,,,,,0.499,0.499,0.366,0.499,0.324,0.325,2020-12-03,2020-11-27,2020-10-13,2020-12-02,2020-10-30,2020-09-30,-4.59,0.0,0.0,54.01,-11.48,12.62,12.0,1.0,3.0,20.0,12.0,9.0,-0.0,-0.0,-0.0,3.0,-1.0,1.0,0.505,0.495,0.5,0.476,0.476,0.495,2020-12-18,2020-12-11,2020-12-09,2020-12-16,2020-12-10,2020-12-08,0.0,0.0,0.0,0.022,100.0,100.0,1999-01-01,1999-01-01,1999-01-01,2020-11-02,1999-01-01,1999-01-01,0.0,0.0,0.0,-0.073,100.0,100.0,1999-01-01,1999-01-01,1999-01-01,2020-11-04,1999-01-01,1999-01-01,0.034,0.0,0.0,-0.068,100.0,100.0,2020-12-21,1999-01-01,1999-01-01,2020-10-07,1999-01-01,1999-01-01,0.0,0.0,0.0,-0.097,100.0,100.0,1999-01-01,1999-01-01,1999-01-01,2020-10-14,1999-01-01,1999-01-01,0.016,0.007,0.0,-0.008,0.006,-0.006,2020-11-13,2020-10-08,1999-01-01,2020-12-11,2020-10-20,2020-08-18,0.022,0.013,0.0,-0.026,0.006,-0.007,2020-11-12,2020-10-05,1999-01-01,2020-12-11,2020-10-21,2020-08-13,0.029,0.014,0.0,-0.035,0.008,-0.01,2020-11-16,2020-10-06,1999-01-01,2020-12-17,2020-10-21,2020-08-14,0.017,0.009,0.0,-0.017,0.009,100.0,2020-11-12,2020-10-08,1999-01-01,2020-12-18,2020-10-16,1999-01-01,1622200.0,12452200.0,2183600.0,-34.94,224.77,2.12,0.034,0.0,0.0,-0.026,100.0,100.0,0.01,0.004,0.0,0.002,-0.004,100.0,0.02871,0.0,0.0,-0.02456,100.0,100.0,49.37,0.0,0.0,100.0,100.0,100.0,40.311,32.988,36.686,18.343,18.343,31.259,73.665,48.671,0.0,42.684,20.38,100.0,2020-12-03,1999-01-01,1999-01-01,2020-09-24,1999-01-01,1999-01-01,8007,0,0,7937,0,0,2020-11-19,1999-01-01,1999-01-01,1999-01-01,1999-01-01,1999-01-01,2020-12-18,2020-12-11,2020-12-09,2020-12-16,2020-12-10,2020-12-08,2020-11-26,2020-10-19,1999-01-01,2020-11-02,2020-09-21,1999-01-01,,,,,,,,n2p,,Life.Empty,Life.BullEnd,Life.BullRetrace,Life.Bull,Life.BullRetrace,,
2020-12-22,RL,,,,,,,0,0,0,,0,0,0,0.47397,,,0.456,,0.47034,0.44408,0.43433,0.44769,-0.01105,,,-0.00593,,,0.03349,,,-0.01915,,,0.03261,,,-0.03277,,,0.04366,0.04454,-0.00088,-0.01691,,,0.48311,0.46899,0.01412,0.01642,0.02242,-0.006,,,,,-6.11,1.12,-1.11,36.4,-0.82,10.13,-0.15,19.18,15.0,4.0,5.0,22.0,6.0,11.0,2.0,17.0,-0.0,-0.0297,0.00669,-0.00936,0.7145,41.67409,45.27628,,,-31.99091,3.69822,23.22485,3.698,,32.57955,35.04332,38.9743,39.39358,,,0.03117,0.02801,,0.028,,,,-0.15,,,,,,0.499,0.499,0.366,0.499,0.324,0.325,2020-12-03,2020-11-27,2020-10-13,2020-12-02,2020-10-30,2020-09-30,-5.02,0.0,0.0,54.01,-11.48,12.62,13.0,1.0,3.0,20.0,12.0,9.0,-0.0,-0.0,-0.0,3.0,-1.0,1.0,0.505,0.495,0.5,0.456,0.476,0.476,2020-12-18,2020-12-11,2020-12-09,2020-12-22,2020-12-16,2020-12-10,0.028,0.0,0.0,0.022,100.0,100.0,2020-12-22,1999-01-01,1999-01-01,2020-11-02,1999-01-01,1999-01-01,0.0,0.0,0.0,-0.073,100.0,100.0,1999-01-01,1999-01-01,1999-01-01,2020-11-04,1999-01-01,1999-01-01,0.034,0.0,0.0,-0.068,100.0,100.0,2020-12-21,1999-01-01,1999-01-01,2020-10-07,1999-01-01,1999-01-01,0.0,0.0,0.0,-0.097,100.0,100.0,1999-01-01,1999-01-01,1999-01-01,2020-10-14,1999-01-01,1999-01-01,0.016,0.007,0.0,-0.008,0.006,-0.006,2020-11-13,2020-10-08,1999-01-01,2020-12-11,2020-10-20,2020-08-18,0.022,0.013,0.0,-0.026,0.006,-0.007,2020-11-12,2020-10-05,1999-01-01,2020-12-11,2020-10-21,2020-08-13,0.029,0.014,0.0,-0.035,0.008,-0.01,2020-11-16,2020-10-06,1999-01-01,2020-12-17,2020-10-21,2020-08-14,0.017,0.009,0.0,-0.017,0.009,100.0,2020-11-12,2020-10-08,1999-01-01,2020-12-18,2020-10-16,1999-01-01,12452200.0,2183600.0,3621600.0,224.77,2.12,12.3,0.034,0.0,0.0,-0.026,100.0,100.0,0.01,0.004,0.0,0.002,-0.004,100.0,0.02871,0.0,0.0,-0.02456,100.0,100.0,49.37,0.0,0.0,100.0,100.0,100.0,40.311,32.988,36.686,3.698,18.343,18.343,73.665,48.671,0.0,42.684,20.38,100.0,2020-12-03,1999-01-01,1999-01-01,2020-09-24,1999-01-01,1999-01-01,8007,0,0,7937,0,0,2020-11-19,1999-01-01,1999-01-01,1999-01-01,1999-01-01,1999-01-01,2020-12-18,2020-12-11,2020-12-09,2020-12-22,2020-12-16,2020-12-10,2020-11-26,2020-10-19,1999-01-01,2020-11-02,2020-09-21,1999-01-01,,,,,,,n2p,,,Life.Empty,Life.BullEnd,Life.BullRetrace,Life.Bull,Life.BullRetrace,,
2020-12-23,RL,,,,,,,0,0,0,,0,0,0,0.47225,,,,,0.4696,0.44474,0.43486,0.44782,-0.00972,,,-0.00581,,,0.03322,,,-0.0176,,,0.0328,,0.033,-0.03115,,,0.04252,0.04293,-0.00041,-0.01638,,,0.47966,0.46837,0.01129,0.01463,0.02086,-0.00623,,,,,-5.77,1.12,-1.11,36.4,-0.82,10.13,-0.15,19.18,14.0,4.0,5.0,22.0,6.0,11.0,2.0,17.0,0.0049,0.0,0.00704,-0.00901,0.78113,43.85574,44.26719,,,-29.80926,10.56388,13.30926,,,17.58526,29.6325,38.67583,39.00509,,,0.0307,0.028,,,,,,-0.15,,,,,,0.499,0.499,0.366,0.499,0.324,0.325,2020-12-03,2020-11-27,2020-10-13,2020-12-02,2020-10-30,2020-09-30,-5.36,0.0,0.0,54.01,-11.48,12.62,14.0,1.0,3.0,20.0,12.0,9.0,-0.0,-0.0,-0.0,3.0,-1.0,1.0,0.505,0.495,0.5,0.456,0.476,0.476,2020-12-18,2020-12-11,2020-12-09,2020-12-22,2020-12-16,2020-12-10,0.028,0.0,0.0,0.022,100.0,100.0,2020-12-22,1999-01-01,1999-01-01,2020-11-02,1999-01-01,1999-01-01,0.0,0.0,0.0,-0.073,100.0,100.0,1999-01-01,1999-01-01,1999-01-01,2020-11-04,1999-01-01,1999-01-01,0.034,0.0,0.0,-0.068,100.0,100.0,2020-12-21,1999-01-01,1999-01-01,2020-10-07,1999-01-01,1999-01-01,0.033,0.0,0.0,-0.097,100.0,100.0,2020-12-23,1999-01-01,1999-01-01,2020-10-14,1999-01-01,1999-01-01,0.016,0.007,0.0,-0.008,0.006,-0.006,2020-11-13,2020-10-08,1999-01-01,2020-12-11,2020-10-20,2020-08-18,0.022,0.013,0.0,-0.026,0.006,-0.007,2020-11-12,2020-10-05,1999-01-01,2020-12-11,2020-10-21,2020-08-13,0.029,0.014,0.0,-0.035,0.008,-0.01,2020-11-16,2020-10-06,1999-01-01,2020-12-17,2020-10-21,2020-08-14,0.017,0.009,0.0,-0.017,0.009,100.0,2020-11-12,2020-10-08,1999-01-01,2020-12-18,2020-10-16,1999-01-01,2183600.0,3621600.0,1914100.0,2.12,12.3,-57.72,0.034,0.0,0.0,-0.026,100.0,100.0,0.01,0.004,0.0,0.002,-0.004,100.0,0.02871,0.0,0.0,-0.02456,100.0,100.0,49.37,0.0,0.0,100.0,100.0,100.0,40.311,32.988,36.686,3.698,18.343,18.343,73.665,48.671,0.0,42.684,20.38,100.0,2020-12-03,1999-01-01,1999-01-01,2020-09-24,1999-01-01,1999-01-01,8007,0,0,7937,0,0,2020-11-19,1999-01-01,1999-01-01,1999-01-01,1999-01-01,1999-01-01,2020-12-18,2020-12-11,2020-12-09,2020-12-22,2020-12-16,2020-12-10,2020-11-26,2020-10-19,1999-01-01,2020-11-02,2020-09-21,1999-01-01,,,1914100.0,,,n2p,,,p2n,Life.Empty,Life.BullEnd,Life.BullRetrace,Life.Bull,Life.BullRetrace,,
2020-12-24,RL,,,,,,,0,0,0,,0,0,0,0.47097,,,,,0.46891,0.44536,0.43537,0.44795,-0.0084,,,-0.00579,,-0.006,0.03281,,,-0.01601,,,0.03266,,,-0.02919,,,0.04106,0.04121,-0.00015,-0.0157,,,0.47675,0.4678,0.00894,0.01288,0.01927,-0.00639,,,,,-5.51,1.12,-1.11,36.4,-0.82,10.13,-0.15,19.18,13.0,4.0,5.0,22.0,6.0,11.0,2.0,17.0,0.0,0.0,0.00424,-0.00901,0.47105,32.02156,43.44017,,,-41.64344,10.56388,8.27533,,,14.70107,21.62196,38.47202,38.70738,,,0.02957,0.02798,,,,,,-0.15,,,,,,0.499,0.499,0.366,0.499,0.324,0.325,2020-12-03,2020-11-27,2020-10-13,2020-12-02,2020-10-30,2020-09-30,-5.62,0.0,0.0,54.01,-11.48,12.62,15.0,1.0,3.0,20.0,12.0,9.0,-0.0,-0.0,-0.0,3.0,-1.0,1.0,0.505,0.495,0.5,0.456,0.476,0.476,2020-12-18,2020-12-11,2020-12-09,2020-12-22,2020-12-16,2020-12-10,0.028,0.0,0.0,0.022,100.0,100.0,2020-12-22,1999-01-01,1999-01-01,2020-11-02,1999-01-01,1999-01-01,0.0,0.0,0.0,-0.073,100.0,100.0,1999-01-01,1999-01-01,1999-01-01,2020-11-04,1999-01-01,1999-01-01,0.034,0.0,0.0,-0.068,100.0,100.0,2020-12-21,1999-01-01,1999-01-01,2020-10-07,1999-01-01,1999-01-01,0.033,0.0,0.0,-0.097,100.0,100.0,2020-12-23,1999-01-01,1999-01-01,2020-10-14,1999-01-01,1999-01-01,-0.006,0.016,0.007,-0.008,0.006,-0.006,2020-12-24,2020-11-13,2020-10-08,2020-12-11,2020-10-20,2020-08-18,0.022,0.013,0.0,-0.026,0.006,-0.007,2020-11-12,2020-10-05,1999-01-01,2020-12-11,2020-10-21,2020-08-13,0.029,0.014,0.0,-0.035,0.008,-0.01,2020-11-16,2020-10-06,1999-01-01,2020-12-17,2020-10-21,2020-08-14,0.017,0.009,0.0,-0.017,0.009,100.0,2020-11-12,2020-10-08,1999-01-01,2020-12-18,2020-10-16,1999-01-01,3621600.0,1914100.0,708700.0,12.3,-57.72,-19.11,0.034,0.0,0.0,-0.026,100.0,100.0,0.01,0.004,0.0,0.002,-0.004,100.0,0.02871,0.0,0.0,-0.02456,100.0,100.0,49.37,0.0,0.0,100.0,100.0,100.0,40.311,32.988,36.686,3.698,18.343,18.343,73.665,48.671,0.0,42.684,20.38,100.0,2020-12-03,1999-01-01,1999-01-01,2020-09-24,1999-01-01,1999-01-01,8007,0,0,7937,0,0,2020-11-19,1999-01-01,1999-01-01,1999-01-01,1999-01-01,1999-01-01,2020-12-18,2020-12-11,2020-12-09,2020-12-22,2020-12-16,2020-12-10,2020-11-26,2020-10-19,1999-01-01,2020-11-02,2020-09-21,1999-01-01,,,,,n2p,,,p2n,,Life.Empty,Life.BullEnd,Life.BullRetrace,Life.Bull,Life.BullRetrace,,
2020-12-28,RL,,,,,,,0,0,0,,0,0,0,0.46997,,,,,0.46828,0.44596,0.43587,0.44808,-0.00711,,,-0.00587,,,0.03228,,,-0.01443,,,0.03225,,,-0.02694,,,0.03936,0.03939,-3e-05,-0.01489,,,0.47428,0.46728,0.007,0.01118,0.01765,-0.00647,,,,,-5.31,1.12,-1.11,36.4,-0.82,10.13,-0.15,19.18,11.0,4.0,5.0,22.0,6.0,11.0,2.0,17.0,0.0,0.0,0.00424,-0.00796,0.53274,34.75717,42.79008,,,-38.90783,18.68687,13.27154,,,19.57672,17.28768,38.36297,38.50361,,,0.02816,0.02794,,,,,,-0.15,,,,,,0.499,0.499,0.366,0.499,0.324,0.325,2020-12-03,2020-11-27,2020-10-13,2020-12-02,2020-10-30,2020-09-30,-5.82,0.0,0.0,54.01,-11.48,12.62,16.0,1.0,3.0,20.0,12.0,9.0,-0.0,-0.0,-0.0,3.0,-1.0,1.0,0.505,0.495,0.5,0.456,0.476,0.476,2020-12-18,2020-12-11,2020-12-09,2020-12-22,2020-12-16,2020-12-10,0.028,0.0,0.0,0.022,100.0,100.0,2020-12-22,1999-01-01,1999-01-01,2020-11-02,1999-01-01,1999-01-01,0.0,0.0,0.0,-0.073,100.0,100.0,1999-01-01,1999-01-01,1999-01-01,2020-11-04,1999-01-01,1999-01-01,0.034,0.0,0.0,-0.068,100.0,100.0,2020-12-21,1999-01-01,1999-01-01,2020-10-07,1999-01-01,1999-01-01,0.033,0.0,0.0,-0.097,100.0,100.0,2020-12-23,1999-01-01,1999-01-01,2020-10-14,1999-01-01,1999-01-01,-0.006,0.016,0.007,-0.008,0.006,-0.006,2020-12-24,2020-11-13,2020-10-08,2020-12-11,2020-10-20,2020-08-18,0.022,0.013,0.0,-0.026,0.006,-0.007,2020-11-12,2020-10-05,1999-01-01,2020-12-11,2020-10-21,2020-08-13,0.029,0.014,0.0,-0.035,0.008,-0.01,2020-11-16,2020-10-06,1999-01-01,2020-12-17,2020-10-21,2020-08-14,0.017,0.009,0.0,-0.017,0.009,100.0,2020-11-12,2020-10-08,1999-01-01,2020-12-18,2020-10-16,1999-01-01,1914100.0,708700.0,1107500.0,-57.72,-19.11,-40.26,0.034,0.0,0.0,-0.026,100.0,100.0,0.01,0.004,0.0,0.002,-0.004,100.0,0.02871,0.0,0.0,-0.02456,100.0,100.0,49.37,0.0,0.0,100.0,100.0,100.0,40.311,32.988,36.686,3.698,18.343,18.343,73.665,48.671,0.0,42.684,20.38,100.0,2020-12-03,1999-01-01,1999-01-01,2020-09-24,1999-01-01,1999-01-01,8007,0,0,7937,0,0,2020-11-19,1999-01-01,1999-01-01,1999-01-01,1999-01-01,1999-01-01,2020-12-18,2020-12-11,2020-12-09,2020-12-22,2020-12-16,2020-12-10,2020-11-26,2020-10-19,1999-01-01,2020-11-02,2020-09-21,1999-01-01,,,,,,,p2n,,,Life.Empty,Life.BullEnd,Life.BullRetrace,Life.Bull,Life.BullRetrace,,
2020-12-29,RL,,,,,,,0,0,0,,0,0,0,0.46888,,,,,0.46846,0.44693,0.43656,0.4483,-0.00584,,,-0.00605,,,0.03163,,,-0.01285,,,0.03163,,,-0.02447,,,0.03747,0.03747,0.0,-0.01396,,,0.47371,0.46752,0.00619,0.00954,0.01603,-0.00649,,,-0.006,,-5.09,1.12,-1.11,36.4,-0.82,10.13,-0.15,19.18,10.0,4.0,5.0,22.0,6.0,11.0,2.0,17.0,0.0099,0.0,0.00495,-0.00672,0.73645,42.41126,42.30417,,,-31.25374,31.18687,20.14587,,,37.07495,23.78425,38.349,38.39466,38.349,,0.02686,0.02788,,,,,,-0.15,,,,,,0.499,0.499,0.366,0.499,0.324,0.325,2020-12-03,2020-11-27,2020-10-13,2020-12-02,2020-10-30,2020-09-30,-6.04,0.0,0.0,54.01,-11.48,12.62,17.0,1.0,3.0,20.0,12.0,9.0,-0.0,-0.0,-0.0,3.0,-1.0,1.0,0.505,0.495,0.5,0.456,0.476,0.476,2020-12-18,2020-12-11,2020-12-09,2020-12-22,2020-12-16,2020-12-10,0.028,0.0,0.0,0.022,100.0,100.0,2020-12-22,1999-01-01,1999-01-01,2020-11-02,1999-01-01,1999-01-01,0.0,0.0,0.0,-0.073,100.0,100.0,1999-01-01,1999-01-01,1999-01-01,2020-11-04,1999-01-01,1999-01-01,0.034,0.0,0.0,-0.068,100.0,100.0,2020-12-21,1999-01-01,1999-01-01,2020-10-07,1999-01-01,1999-01-01,0.033,0.0,0.0,-0.097,100.0,100.0,2020-12-23,1999-01-01,1999-01-01,2020-10-14,1999-01-01,1999-01-01,-0.006,0.016,0.007,-0.008,0.006,-0.006,2020-12-24,2020-11-13,2020-10-08,2020-12-11,2020-10-20,2020-08-18,0.022,0.013,0.0,-0.026,0.006,-0.007,2020-11-12,2020-10-05,1999-01-01,2020-12-11,2020-10-21,2020-08-13,0.029,0.014,0.0,-0.035,0.008,-0.01,2020-11-16,2020-10-06,1999-01-01,2020-12-17,2020-10-21,2020-08-14,0.017,0.009,0.0,-0.017,0.009,100.0,2020-11-12,2020-10-08,1999-01-01,2020-12-18,2020-10-16,1999-01-01,708700.0,1107500.0,1594800.0,-19.11,-40.26,-8.56,0.034,0.0,0.0,-0.026,100.0,100.0,0.01,0.004,0.0,-0.006,0.002,-0.004,0.02871,0.0,0.0,-0.02456,100.0,100.0,49.37,0.0,0.0,38.349,100.0,100.0,40.311,32.988,36.686,3.698,18.343,18.343,73.665,48.671,0.0,42.684,20.38,100.0,2020-12-03,1999-01-01,1999-01-01,2020-09-24,1999-01-01,1999-01-01,8007,0,0,7937,0,0,2020-11-19,1999-01-01,1999-01-01,2020-12-29,1999-01-01,1999-01-01,2020-12-18,2020-12-11,2020-12-09,2020-12-22,2020-12-16,2020-12-10,2020-11-26,2020-10-19,1999-01-01,2020-11-02,2020-09-21,1999-01-01,,,,,,p2n,,,,Life.Empty,Life.BullEnd,Life.BullRetrace,Life.Bull,Life.BullRetrace,,
2020-12-30,RL,,,,,,,0,0,0,,0,0,0,0.4672,,,,0.486,0.46977,0.44844,0.43753,0.44867,-0.0046,,,-0.00632,,,0.03087,,,-0.0113,,,0.03087,,,-0.02185,,,0.03547,0.03547,0.0,-0.01293,,,0.47552,0.46886,0.00667,0.00798,0.01442,-0.00644,,,,,-4.75,1.12,-1.11,36.4,-0.82,10.13,-0.15,19.18,9.0,4.0,5.0,22.0,6.0,11.0,2.0,17.0,0.0149,0.0,0.00566,-0.00672,0.84166,45.7011,41.96187,,,-27.9639,50.0,33.29125,,50.0,60.44241,39.03136,38.43068,38.38089,,,0.02707,0.02782,,,,,,-0.15,,,,,,0.499,0.499,0.366,0.499,0.324,0.325,2020-12-03,2020-11-27,2020-10-13,2020-12-02,2020-10-30,2020-09-30,-6.37,0.0,0.0,54.01,-11.48,12.62,18.0,1.0,3.0,20.0,12.0,9.0,-0.0,-0.0,-0.0,3.0,-1.0,1.0,0.486,0.505,0.495,0.456,0.476,0.476,2020-12-30,2020-12-18,2020-12-11,2020-12-22,2020-12-16,2020-12-10,0.028,0.0,0.0,0.022,100.0,100.0,2020-12-22,1999-01-01,1999-01-01,2020-11-02,1999-01-01,1999-01-01,0.0,0.0,0.0,-0.073,100.0,100.0,1999-01-01,1999-01-01,1999-01-01,2020-11-04,1999-01-01,1999-01-01,0.034,0.0,0.0,-0.068,100.0,100.0,2020-12-21,1999-01-01,1999-01-01,2020-10-07,1999-01-01,1999-01-01,0.033,0.0,0.0,-0.097,100.0,100.0,2020-12-23,1999-01-01,1999-01-01,2020-10-14,1999-01-01,1999-01-01,-0.006,0.016,0.007,-0.008,0.006,-0.006,2020-12-24,2020-11-13,2020-10-08,2020-12-11,2020-10-20,2020-08-18,0.022,0.013,0.0,-0.026,0.006,-0.007,2020-11-12,2020-10-05,1999-01-01,2020-12-11,2020-10-21,2020-08-13,0.029,0.014,0.0,-0.035,0.008,-0.01,2020-11-16,2020-10-06,1999-01-01,2020-12-17,2020-10-21,2020-08-14,0.017,0.009,0.0,-0.017,0.009,100.0,2020-11-12,2020-10-08,1999-01-01,2020-12-18,2020-10-16,1999-01-01,1107500.0,1594800.0,2167300.0,-40.26,-8.56,42.76,0.034,0.0,0.0,-0.026,100.0,100.0,0.01,0.004,0.0,-0.006,0.002,-0.004,0.02871,0.0,0.0,-0.02456,100.0,100.0,49.37,0.0,0.0,38.349,100.0,100.0,50.0,40.311,32.988,3.698,18.343,18.343,73.665,48.671,0.0,42.684,20.38,100.0,2020-12-03,1999-01-01,1999-01-01,2020-09-24,1999-01-01,1999-01-01,8007,0,0,7937,0,0,2020-11-19,1999-01-01,1999-01-01,2020-12-29,1999-01-01,1999-01-01,2020-12-30,2020-12-18,2020-12-11,2020-12-22,2020-12-16,2020-12-10,2020-11-26,2020-10-19,1999-01-01,2020-11-02,2020-09-21,1999-01-01,2167300.0,,,,p2n,,,,n2p,Life.Empty,Life.BullEnd,Life.BullRetrace,Life.Bull,Life.BullRetrace,,
2020-12-31,RL,,,,,,,0,0,0,,0,0,0,0.46466,,,,,0.47022,0.44951,0.43828,0.44894,-0.00339,,,-0.00663,,,0.03003,,,-0.00978,,,0.03003,,,-0.01915,,,0.03342,0.03342,0.0,-0.0118,,,0.47554,0.46936,0.00618,0.00651,0.01284,-0.00633,,,,,-4.23,1.12,-1.11,36.4,-0.82,10.13,-0.15,19.18,8.0,4.0,5.0,22.0,6.0,11.0,2.0,17.0,-0.0,-0.0099,0.00566,-0.00566,1.0,50.0,41.73401,,,-23.665,37.5,39.56229,,,71.85873,56.45869,38.60666,38.46211,,,0.02691,0.02774,,,,,,-0.15,,,,,,0.499,0.499,0.366,0.499,0.324,0.325,2020-12-03,2020-11-27,2020-10-13,2020-12-02,2020-10-30,2020-09-30,-6.88,0.0,0.0,54.01,-11.48,12.62,19.0,1.0,3.0,20.0,12.0,9.0,-0.0,-0.0,-0.0,3.0,-1.0,1.0,0.486,0.505,0.495,0.456,0.476,0.476,2020-12-30,2020-12-18,2020-12-11,2020-12-22,2020-12-16,2020-12-10,0.028,0.0,0.0,0.022,100.0,100.0,2020-12-22,1999-01-01,1999-01-01,2020-11-02,1999-01-01,1999-01-01,0.0,0.0,0.0,-0.073,100.0,100.0,1999-01-01,1999-01-01,1999-01-01,2020-11-04,1999-01-01,1999-01-01,0.034,0.0,0.0,-0.068,100.0,100.0,2020-12-21,1999-01-01,1999-01-01,2020-10-07,1999-01-01,1999-01-01,0.033,0.0,0.0,-0.097,100.0,100.0,2020-12-23,1999-01-01,1999-01-01,2020-10-14,1999-01-01,1999-01-01,-0.006,0.016,0.007,-0.008,0.006,-0.006,2020-12-24,2020-11-13,2020-10-08,2020-12-11,2020-10-20,2020-08-18,0.022,0.013,0.0,-0.026,0.006,-0.007,2020-11-12,2020-10-05,1999-01-01,2020-12-11,2020-10-21,2020-08-13,0.029,0.014,0.0,-0.035,0.008,-0.01,2020-11-16,2020-10-06,1999-01-01,2020-12-17,2020-10-21,2020-08-14,0.017,0.009,0.0,-0.017,0.009,100.0,2020-11-12,2020-10-08,1999-01-01,2020-12-18,2020-10-16,1999-01-01,1594800.0,2167300.0,1063200.0,-8.56,42.76,-0.91,0.034,0.0,0.0,-0.026,100.0,100.0,0.01,0.004,0.0,-0.006,0.002,-0.004,0.02871,0.0,0.0,-0.02456,100.0,100.0,49.37,0.0,0.0,38.349,100.0,100.0,50.0,40.311,32.988,3.698,18.343,18.343,73.665,48.671,0.0,42.684,20.38,100.0,2020-12-03,1999-01-01,1999-01-01,2020-09-24,1999-01-01,1999-01-01,8007,0,0,7937,0,0,2020-11-19,1999-01-01,1999-01-01,2020-12-29,1999-01-01,1999-01-01,2020-12-30,2020-12-18,2020-12-11,2020-12-22,2020-12-16,2020-12-10,2020-11-26,2020-10-19,1999-01-01,2020-11-02,2020-09-21,1999-01-01,,,-1063200.0,,,,,n2p,p2n,Life.Empty,Life.BullEnd,Life.BullRetrace,Life.Bull,Life.BullRetrace,,
2021-01-04,RL,,,,,,,0,0,0,,0,0,0,0.46123,,,,,0.47063,0.45053,0.43902,0.44921,-0.00224,,,-0.00695,,,0.02911,,,-0.00829,,,0.02911,,,-0.0164,,,0.03135,0.03135,0.0,-0.0106,,,0.47555,0.46982,0.00573,0.00512,0.01129,-0.00617,,,,,-3.52,1.12,-1.11,36.4,-0.82,10.13,-0.15,19.18,6.0,4.0,5.0,22.0,6.0,11.0,2.0,17.0,0.0,0.0,0.00424,-0.00566,0.75,42.85714,41.5872,,,-30.80786,37.5,41.66667,,,66.66667,66.3226,38.87259,38.63664,,,0.02605,0.02765,,,,,,-0.15,,,,,,0.499,0.499,0.366,0.499,0.324,0.325,2020-12-03,2020-11-27,2020-10-13,2020-12-02,2020-10-30,2020-09-30,-7.57,0.0,0.0,54.01,-11.48,12.62,20.0,1.0,3.0,20.0,12.0,9.0,-0.0,-0.0,-0.0,3.0,-1.0,1.0,0.486,0.505,0.495,0.456,0.476,0.476,2020-12-30,2020-12-18,2020-12-11,2020-12-22,2020-12-16,2020-12-10,0.028,0.0,0.0,0.022,100.0,100.0,2020-12-22,1999-01-01,1999-01-01,2020-11-02,1999-01-01,1999-01-01,0.0,0.0,0.0,-0.073,100.0,100.0,1999-01-01,1999-01-01,1999-01-01,2020-11-04,1999-01-01,1999-01-01,0.034,0.0,0.0,-0.068,100.0,100.0,2020-12-21,1999-01-01,1999-01-01,2020-10-07,1999-01-01,1999-01-01,0.033,0.0,0.0,-0.097,100.0,100.0,2020-12-23,1999-01-01,1999-01-01,2020-10-14,1999-01-01,1999-01-01,-0.006,0.016,0.007,-0.008,0.006,-0.006,2020-12-24,2020-11-13,2020-10-08,2020-12-11,2020-10-20,2020-08-18,0.022,0.013,0.0,-0.026,0.006,-0.007,2020-11-12,2020-10-05,1999-01-01,2020-12-11,2020-10-21,2020-08-13,0.029,0.014,0.0,-0.035,0.008,-0.01,2020-11-16,2020-10-06,1999-01-01,2020-12-17,2020-10-21,2020-08-14,0.017,0.009,0.0,-0.017,0.009,100.0,2020-11-12,2020-10-08,1999-01-01,2020-12-18,2020-10-16,1999-01-01,2167300.0,1063200.0,707600.0,42.76,-0.91,-18.39,0.034,0.0,0.0,-0.026,100.0,100.0,0.01,0.004,0.0,-0.006,0.002,-0.004,0.02871,0.0,0.0,-0.02456,100.0,100.0,49.37,0.0,0.0,38.349,100.0,100.0,50.0,40.311,32.988,3.698,18.343,18.343,73.665,48.671,0.0,42.684,20.38,100.0,2020-12-03,1999-01-01,1999-01-01,2020-09-24,1999-01-01,1999-01-01,8007,0,0,7937,0,0,2020-11-19,1999-01-01,1999-01-01,2020-12-29,1999-01-01,1999-01-01,2020-12-30,2020-12-18,2020-12-11,2020-12-22,2020-12-16,2020-12-10,2020-11-26,2020-10-19,1999-01-01,2020-11-02,2020-09-21,1999-01-01,,,,,,,n2p,p2n,,Life.Empty,Life.BullEnd,Life.BullRetrace,Life.Bull,Life.BullRetrace,,
2021-01-05,RL,,,,,,,0,0,0,,0,0,0,0.45717,,,,,0.46987,0.45093,0.43945,0.44932,-0.00116,,,-0.00725,,,0.02813,,,-0.0068,,,0.02813,,,-0.01366,,,0.02929,0.02929,0.0,-0.00933,,,0.47326,0.46914,0.00412,0.00384,0.0098,-0.00596,,,,,-2.66,1.12,-1.11,36.4,-0.82,10.13,-0.15,19.18,5.0,4.0,5.0,22.0,6.0,11.0,2.0,17.0,-0.0,-0.0149,0.00424,-0.00601,0.70546,41.3649,41.49681,,,-32.3001,18.68687,31.22896,,,37.07025,58.53188,39.22367,38.90097,,,0.02525,0.02756,,,,,,-0.15,,,,,,0.499,0.499,0.366,0.499,0.324,0.325,2020-12-03,2020-11-27,2020-10-13,2020-12-02,2020-10-30,2020-09-30,-8.38,0.0,0.0,54.01,-11.48,12.62,21.0,1.0,3.0,20.0,12.0,9.0,-0.0,-0.0,-0.0,3.0,-1.0,1.0,0.486,0.505,0.495,0.456,0.476,0.476,2020-12-30,2020-12-18,2020-12-11,2020-12-22,2020-12-16,2020-12-10,0.028,0.0,0.0,0.022,100.0,100.0,2020-12-22,1999-01-01,1999-01-01,2020-11-02,1999-01-01,1999-01-01,0.0,0.0,0.0,-0.073,100.0,100.0,1999-01-01,1999-01-01,1999-01-01,2020-11-04,1999-01-01,1999-01-01,0.034,0.0,0.0,-0.068,100.0,100.0,2020-12-21,1999-01-01,1999-01-01,2020-10-07,1999-01-01,1999-01-01,0.033,0.0,0.0,-0.097,100.0,100.0,2020-12-23,1999-01-01,1999-01-01,2020-10-14,1999-01-01,1999-01-01,-0.006,0.016,0.007,-0.008,0.006,-0.006,2020-12-24,2020-11-13,2020-10-08,2020-12-11,2020-10-20,2020-08-18,0.022,0.013,0.0,-0.026,0.006,-0.007,2020-11-12,2020-10-05,1999-01-01,2020-12-11,2020-10-21,2020-08-13,0.029,0.014,0.0,-0.035,0.008,-0.01,2020-11-16,2020-10-06,1999-01-01,2020-12-17,2020-10-21,2020-08-14,0.017,0.009,0.0,-0.017,0.009,100.0,2020-11-12,2020-10-08,1999-01-01,2020-12-18,2020-10-16,1999-01-01,1063200.0,707600.0,845800.0,-0.91,-18.39,-33.56,0.034,0.0,0.0,-0.026,100.0,100.0,0.01,0.004,0.0,-0.006,0.002,-0.004,0.02871,0.0,0.0,-0.02456,100.0,100.0,49.37,0.0,0.0,38.349,100.0,100.0,50.0,40.311,32.988,3.698,18.343,18.343,73.665,48.671,0.0,42.684,20.38,100.0,2020-12-03,1999-01-01,1999-01-01,2020-09-24,1999-01-01,1999-01-01,8007,0,0,7937,0,0,2020-11-19,1999-01-01,1999-01-01,2020-12-29,1999-01-01,1999-01-01,2020-12-30,2020-12-18,2020-12-11,2020-12-22,2020-12-16,2020-12-10,2020-11-26,2020-10-19,1999-01-01,2020-11-02,2020-09-21,1999-01-01,,,,,,n2p,p2n,,,Life.Empty,Life.BullEnd,Life.BullRetrace,Life.Bull,Life.BullRetrace,,
2021-01-06,RL,,,,,,,0,0,0,,0,0,0,0.453,,,,,0.46916,0.45131,0.43987,0.44943,-0.00019,,,-0.00747,,,0.02711,,,-0.00532,,,0.02711,,,-0.01096,,,0.02729,0.02729,0.0,-0.008,,,0.47133,0.46852,0.00281,0.00265,0.00837,-0.00572,,,,,-1.77,1.12,-1.11,36.4,-0.82,10.13,-0.15,19.18,4.0,4.0,5.0,22.0,6.0,11.0,2.0,17.0,0.0,0.0,0.00424,-0.00601,0.70546,41.3649,41.45169,41.452,,-32.3001,18.68687,24.95791,,,22.65971,42.13221,39.65706,39.25111,,,0.02557,0.02747,,,,,,-0.15,,,,,,0.499,0.499,0.366,0.499,0.324,0.325,2020-12-03,2020-11-27,2020-10-13,2020-12-02,2020-10-30,2020-09-30,-9.22,0.0,0.0,54.01,-11.48,12.62,22.0,1.0,3.0,20.0,12.0,9.0,-0.0,-0.0,-0.0,3.0,-1.0,1.0,0.486,0.505,0.495,0.456,0.476,0.476,2020-12-30,2020-12-18,2020-12-11,2020-12-22,2020-12-16,2020-12-10,0.028,0.0,0.0,0.022,100.0,100.0,2020-12-22,1999-01-01,1999-01-01,2020-11-02,1999-01-01,1999-01-01,0.0,0.0,0.0,-0.073,100.0,100.0,1999-01-01,1999-01-01,1999-01-01,2020-11-04,1999-01-01,1999-01-01,0.034,0.0,0.0,-0.068,100.0,100.0,2020-12-21,1999-01-01,1999-01-01,2020-10-07,1999-01-01,1999-01-01,0.033,0.0,0.0,-0.097,100.0,100.0,2020-12-23,1999-01-01,1999-01-01,2020-10-14,1999-01-01,1999-01-01,-0.006,0.016,0.007,-0.008,0.006,-0.006,2020-12-24,2020-11-13,2020-10-08,2020-12-11,2020-10-20,2020-08-18,0.022,0.013,0.0,-0.026,0.006,-0.007,2020-11-12,2020-10-05,1999-01-01,2020-12-11,2020-10-21,2020-08-13,0.029,0.014,0.0,-0.035,0.008,-0.01,2020-11-16,2020-10-06,1999-01-01,2020-12-17,2020-10-21,2020-08-14,0.017,0.009,0.0,-0.017,0.009,100.0,2020-11-12,2020-10-08,1999-01-01,2020-12-18,2020-10-16,1999-01-01,707600.0,845800.0,1687400.0,-18.39,-33.56,23.86,0.034,0.0,0.0,-0.026,100.0,100.0,0.01,0.004,0.0,-0.006,0.002,-0.004,0.02871,0.0,0.0,-0.02456,100.0,100.0,49.37,0.0,0.0,38.349,100.0,100.0,50.0,40.311,32.988,3.698,18.343,18.343,73.665,48.671,0.0,41.452,42.684,20.38,2020-12-03,1999-01-01,1999-01-01,2020-09-24,1999-01-01,1999-01-01,8007,0,0,7937,0,0,2020-11-19,1999-01-01,1999-01-01,2020-12-29,1999-01-01,1999-01-01,2020-12-30,2020-12-18,2020-12-11,2020-12-22,2020-12-16,2020-12-10,2020-11-26,2020-10-19,1999-01-01,2021-01-06,2020-11-02,2020-09-21,1687400.0,,,,n2p,p2n,,,n2p,Life.Empty,Life.BullEnd,Life.BullRetrace,Life.Bull,Life.BullRetrace,,
2021-01-07,RL,,,,,,,0,0,0,,0,0,0,0.44931,,,,,0.46737,0.4511,0.43999,0.4494,0.00065,,,-0.00757,-0.008,,0.02604,,,-0.00382,,,0.02604,,,-0.00831,,,0.02538,0.02538,0.0,-0.00663,,,0.46742,0.46684,0.00058,0.00155,0.00701,-0.00546,,,,,-0.96,1.12,-1.11,36.4,-0.82,10.13,-0.15,19.18,3.0,4.0,5.0,22.0,6.0,11.0,2.0,17.0,-0.0,-0.0148,0.00424,-0.00636,0.66667,40.0,41.45979,,,-1.452,5.93824,14.43733,,,7.18268,22.30421,40.17145,39.68406,,,0.02552,0.02739,,,,,,0.15,,,,,,0.499,0.499,0.366,0.499,0.324,0.325,2020-12-03,2020-11-27,2020-10-13,2020-12-02,2020-10-30,2020-09-30,-9.96,0.0,0.0,54.01,-11.48,12.62,23.0,1.0,3.0,20.0,12.0,9.0,-0.0,-0.0,-0.0,3.0,-1.0,1.0,0.486,0.505,0.495,0.456,0.476,0.476,2020-12-30,2020-12-18,2020-12-11,2020-12-22,2020-12-16,2020-12-10,0.028,0.0,0.0,0.022,100.0,100.0,2020-12-22,1999-01-01,1999-01-01,2020-11-02,1999-01-01,1999-01-01,0.0,0.0,0.0,-0.073,100.0,100.0,1999-01-01,1999-01-01,1999-01-01,2020-11-04,1999-01-01,1999-01-01,0.034,0.0,0.0,-0.068,100.0,100.0,2020-12-21,1999-01-01,1999-01-01,2020-10-07,1999-01-01,1999-01-01,0.033,0.0,0.0,-0.097,100.0,100.0,2020-12-23,1999-01-01,1999-01-01,2020-10-14,1999-01-01,1999-01-01,-0.006,0.016,0.007,-0.008,-0.008,0.006,2020-12-24,2020-11-13,2020-10-08,2021-01-07,2020-12-11,2020-10-20,0.022,0.013,0.0,-0.026,0.006,-0.007,2020-11-12,2020-10-05,1999-01-01,2020-12-11,2020-10-21,2020-08-13,0.029,0.014,0.0,-0.035,0.008,-0.01,2020-11-16,2020-10-06,1999-01-01,2020-12-17,2020-10-21,2020-08-14,0.017,0.009,0.0,-0.017,0.009,100.0,2020-11-12,2020-10-08,1999-01-01,2020-12-18,2020-10-16,1999-01-01,845800.0,1687400.0,2131500.0,-33.56,23.86,43.94,0.034,0.0,0.0,-0.026,100.0,100.0,0.01,0.004,0.0,-0.006,0.002,-0.004,0.02871,0.0,0.0,-0.02456,100.0,100.0,49.37,0.0,0.0,38.349,100.0,100.0,50.0,40.311,32.988,3.698,18.343,18.343,73.665,48.671,0.0,41.452,42.684,20.38,2020-12-03,1999-01-01,1999-01-01,2020-09-24,1999-01-01,1999-01-01,8007,0,0,7937,0,0,2020-11-19,1999-01-01,1999-01-01,2020-12-29,1999-01-01,1999-01-01,2020-12-30,2020-12-18,2020-12-11,2020-12-22,2020-12-16,2020-12-10,2020-11-26,2020-10-19,1999-01-01,2021-01-06,2020-11-02,2020-09-21,,,,,p2n,,,n2p,,Life.Empty,Life.BullEnd,Life.BullRetrace,Life.Bull,Life.BullRetrace,,
2021-01-08,RL,,,,,,,0,0,0,,0,0,0,0.44648,,,,,0.46343,0.44973,0.43952,0.44907,0.00135,,,-0.00751,,,0.02494,,,-0.00229,,,0.02494,,,-0.00574,,,0.02359,0.02359,0.0,-0.00521,,,0.45952,0.46308,-0.00356,0.00055,0.00572,-0.00517,,,,,-0.33,1.12,-1.11,36.4,-0.82,10.13,-0.15,19.18,2.0,4.0,5.0,22.0,6.0,11.0,2.0,17.0,-0.0,-0.0298,0.00389,-0.00849,0.45753,31.39065,41.5416,,,-10.06135,0.0,8.20837,0.0,,7.18268,12.34169,40.76339,40.1973,,,0.02617,0.0273,,,,,,0.15,,,,,,0.499,0.499,0.366,0.499,0.324,0.325,2020-12-03,2020-11-27,2020-10-13,2020-12-02,2020-10-30,2020-09-30,-10.53,0.0,0.0,54.01,-11.48,12.62,24.0,1.0,3.0,20.0,12.0,9.0,-0.0,-0.0,-0.0,3.0,-1.0,1.0,0.486,0.505,0.495,0.456,0.476,0.476,2020-12-30,2020-12-18,2020-12-11,2020-12-22,2020-12-16,2020-12-10,0.028,0.0,0.0,0.022,100.0,100.0,2020-12-22,1999-01-01,1999-01-01,2020-11-02,1999-01-01,1999-01-01,0.0,0.0,0.0,-0.073,100.0,100.0,1999-01-01,1999-01-01,1999-01-01,2020-11-04,1999-01-01,1999-01-01,0.034,0.0,0.0,-0.068,100.0,100.0,2020-12-21,1999-01-01,1999-01-01,2020-10-07,1999-01-01,1999-01-01,0.033,0.0,0.0,-0.097,100.0,100.0,2020-12-23,1999-01-01,1999-01-01,2020-10-14,1999-01-01,1999-01-01,-0.006,0.016,0.007,-0.008,-0.008,0.006,2020-12-24,2020-11-13,2020-10-08,2021-01-07,2020-12-11,2020-10-20,0.022,0.013,0.0,-0.026,0.006,-0.007,2020-11-12,2020-10-05,1999-01-01,2020-12-11,2020-10-21,2020-08-13,0.029,0.014,0.0,-0.035,0.008,-0.01,2020-11-16,2020-10-06,1999-01-01,2020-12-17,2020-10-21,2020-08-14,0.017,0.009,0.0,-0.017,0.009,100.0,2020-11-12,2020-10-08,1999-01-01,2020-12-18,2020-10-16,1999-01-01,1687400.0,2131500.0,2664400.0,23.86,43.94,38.99,0.034,0.0,0.0,-0.026,100.0,100.0,0.01,0.004,0.0,-0.006,0.002,-0.004,0.02871,0.0,0.0,-0.02456,100.0,100.0,49.37,0.0,0.0,38.349,100.0,100.0,50.0,40.311,32.988,0.0,3.698,18.343,73.665,48.671,0.0,41.452,42.684,20.38,2020-12-03,1999-01-01,1999-01-01,2020-09-24,1999-01-01,1999-01-01,8007,0,0,7937,0,0,2020-11-19,1999-01-01,1999-01-01,2020-12-29,1999-01-01,1999-01-01,2020-12-30,2020-12-18,2020-12-11,2021-01-08,2020-12-22,2020-12-16,2020-11-26,2020-10-19,1999-01-01,2021-01-06,2020-11-02,2020-09-21,,,,,,,n2p,,,Life.Empty,Life.BullEnd,Life.BullRetrace,Life.Bull,Life.BullRetrace,,
2021-01-11,RL,,,,,,,0,0,0,,0,0,0,0.4449,,,0.406,,0.45903,0.44802,0.43886,0.44864,0.00189,,,-0.00726,,,0.02383,,,-0.00072,,,0.02383,,,-0.00325,,,0.02194,0.02194,0.0,-0.00376,,,0.45132,0.45887,-0.00755,-0.00036,0.0045,-0.00486,,,,,0.02,1.12,-1.11,36.4,-0.82,10.13,-0.15,19.18,1.0,4.0,5.0,22.0,6.0,11.0,2.0,17.0,-0.0,-0.0099,0.00212,-0.0092,0.23059,18.73817,41.71237,,,-22.71383,4.30202,3.41342,,,4.99793,6.45443,41.42481,40.78655,,,0.02607,0.02723,,,,,,0.15,,,,,,0.499,0.499,0.366,0.499,0.324,0.325,2020-12-03,2020-11-27,2020-10-13,2020-12-02,2020-10-30,2020-09-30,-10.84,0.0,0.0,54.01,-11.48,12.62,25.0,1.0,3.0,20.0,12.0,9.0,-0.0,-0.0,-0.0,3.0,-1.0,1.0,0.486,0.505,0.495,0.406,0.456,0.476,2020-12-30,2020-12-18,2020-12-11,2021-01-11,2020-12-22,2020-12-16,0.028,0.0,0.0,0.022,100.0,100.0,2020-12-22,1999-01-01,1999-01-01,2020-11-02,1999-01-01,1999-01-01,0.0,0.0,0.0,-0.073,100.0,100.0,1999-01-01,1999-01-01,1999-01-01,2020-11-04,1999-01-01,1999-01-01,0.034,0.0,0.0,-0.068,100.0,100.0,2020-12-21,1999-01-01,1999-01-01,2020-10-07,1999-01-01,1999-01-01,0.033,0.0,0.0,-0.097,100.0,100.0,2020-12-23,1999-01-01,1999-01-01,2020-10-14,1999-01-01,1999-01-01,-0.006,0.016,0.007,-0.008,-0.008,0.006,2020-12-24,2020-11-13,2020-10-08,2021-01-07,2020-12-11,2020-10-20,0.022,0.013,0.0,-0.026,0.006,-0.007,2020-11-12,2020-10-05,1999-01-01,2020-12-11,2020-10-21,2020-08-13,0.029,0.014,0.0,-0.035,0.008,-0.01,2020-11-16,2020-10-06,1999-01-01,2020-12-17,2020-10-21,2020-08-14,0.017,0.009,0.0,-0.017,0.009,100.0,2020-11-12,2020-10-08,1999-01-01,2020-12-18,2020-10-16,1999-01-01,2131500.0,2664400.0,875300.0,43.94,38.99,-12.53,0.034,0.0,0.0,-0.026,100.0,100.0,0.01,0.004,0.0,-0.006,0.002,-0.004,0.02871,0.0,0.0,-0.02456,100.0,100.0,49.37,0.0,0.0,38.349,100.0,100.0,50.0,40.311,32.988,0.0,3.698,18.343,73.665,48.671,0.0,41.452,42.684,20.38,2020-12-03,1999-01-01,1999-01-01,2020-09-24,1999-01-01,1999-01-01,8007,0,0,7937,0,0,2020-11-19,1999-01-01,1999-01-01,2020-12-29,1999-01-01,1999-01-01,2020-12-30,2020-12-18,2020-12-11,2021-01-08,2020-12-22,2020-12-16,2020-11-26,2020-10-19,1999-01-01,2021-01-06,2020-11-02,2020-09-21,,,-875300.0,,,n2p,,,p2n,Life.Empty,Life.BullEnd,Life.BullRetrace,Life.Bull,Life.BullRetrace,,
2021-01-12,RL,,,,,,,0,0,0,,0,0,0,0.44476,0.445,,,,0.45726,0.44755,0.4388,0.44851,0.00227,,,-0.00682,,,0.02272,,,0.00091,,,0.02272,,,-0.00085,,,0.02045,0.02045,0.0,-0.00228,,,0.44896,0.45718,-0.00821,-0.00117,0.00337,-0.00454,,,,,1.18,-1.11,36.4,-0.82,10.13,-0.15,19.18,-33.59,4.0,5.0,22.0,6.0,11.0,2.0,17.0,31.0,0.0298,0.0,0.00425,-0.00779,0.54587,35.31157,41.98415,,,-6.14043,40.06054,14.78752,,,16.7754,9.652,42.14306,41.44375,,,0.02705,0.02716,,,,,,0.15,,,,,,0.499,0.499,0.366,0.445,0.499,0.324,2020-12-03,2020-11-27,2020-10-13,2021-01-12,2020-12-02,2020-10-30,0.0,-10.82,0.0,0.0,54.01,-11.48,0.0,26.0,1.0,3.0,20.0,12.0,0.0,-0.0,-0.0,-0.0,3.0,-1.0,0.486,0.505,0.495,0.406,0.456,0.476,2020-12-30,2020-12-18,2020-12-11,2021-01-11,2020-12-22,2020-12-16,0.028,0.0,0.0,0.022,100.0,100.0,2020-12-22,1999-01-01,1999-01-01,2020-11-02,1999-01-01,1999-01-01,0.0,0.0,0.0,-0.073,100.0,100.0,1999-01-01,1999-01-01,1999-01-01,2020-11-04,1999-01-01,1999-01-01,0.034,0.0,0.0,-0.068,100.0,100.0,2020-12-21,1999-01-01,1999-01-01,2020-10-07,1999-01-01,1999-01-01,0.033,0.0,0.0,-0.097,100.0,100.0,2020-12-23,1999-01-01,1999-01-01,2020-10-14,1999-01-01,1999-01-01,-0.006,0.016,0.007,-0.008,-0.008,0.006,2020-12-24,2020-11-13,2020-10-08,2021-01-07,2020-12-11,2020-10-20,0.022,0.013,0.0,-0.026,0.006,-0.007,2020-11-12,2020-10-05,1999-01-01,2020-12-11,2020-10-21,2020-08-13,0.029,0.014,0.0,-0.035,0.008,-0.01,2020-11-16,2020-10-06,1999-01-01,2020-12-17,2020-10-21,2020-08-14,0.017,0.009,0.0,-0.017,0.009,100.0,2020-11-12,2020-10-08,1999-01-01,2020-12-18,2020-10-16,1999-01-01,2664400.0,875300.0,1096100.0,38.99,-12.53,-18.26,0.034,0.0,0.0,-0.026,100.0,100.0,0.01,0.004,0.0,-0.006,0.002,-0.004,0.02871,0.0,0.0,-0.02456,100.0,100.0,49.37,0.0,0.0,38.349,100.0,100.0,50.0,40.311,32.988,0.0,3.698,18.343,73.665,48.671,0.0,41.452,42.684,20.38,2020-12-03,1999-01-01,1999-01-01,2020-09-24,1999-01-01,1999-01-01,8007,0,0,7937,0,0,2020-11-19,1999-01-01,1999-01-01,2020-12-29,1999-01-01,1999-01-01,2020-12-30,2020-12-18,2020-12-11,2021-01-08,2020-12-22,2020-12-16,2020-11-26,2020-10-19,1999-01-01,2021-01-06,2020-11-02,2020-09-21,,,,,n2p,,,p2n,,Life.Empty,Life.BullEnd,Life.BullRetrace,Life.Bull,Life.BullRetrace,,
2021-01-13,RL,,,,,,,0,0,0,,0,0,0,0.44583,,,,,0.45791,0.44826,0.43933,0.44868,0.0025,,,-0.00616,,,0.02161,,,0.00259,,,0.02161,,,0.00147,,,0.01912,0.01912,0.0,-0.00079,,,0.45154,0.45781,-0.00627,-0.00187,0.00232,-0.00419,,,,,0.94,-1.11,36.4,-0.82,10.13,-0.15,19.18,-33.59,3.0,5.0,22.0,6.0,11.0,2.0,17.0,31.0,0.0297,0.0,0.00637,-0.00566,1.12484,52.93769,42.36844,,,11.48569,70.03027,38.13095,,,44.21708,21.9968,42.90326,42.15704,,,0.0283,0.02711,,,,,,0.15,,,,,,0.499,0.499,0.366,0.445,0.499,0.324,2020-12-03,2020-11-27,2020-10-13,2021-01-12,2020-12-02,2020-10-30,0.19,-10.82,0.0,0.0,54.01,-11.48,1.0,26.0,1.0,3.0,20.0,12.0,0.0,-0.0,-0.0,-0.0,3.0,-1.0,0.486,0.505,0.495,0.406,0.456,0.476,2020-12-30,2020-12-18,2020-12-11,2021-01-11,2020-12-22,2020-12-16,0.028,0.0,0.0,0.022,100.0,100.0,2020-12-22,1999-01-01,1999-01-01,2020-11-02,1999-01-01,1999-01-01,0.0,0.0,0.0,-0.073,100.0,100.0,1999-01-01,1999-01-01,1999-01-01,2020-11-04,1999-01-01,1999-01-01,0.034,0.0,0.0,-0.068,100.0,100.0,2020-12-21,1999-01-01,1999-01-01,2020-10-07,1999-01-01,1999-01-01,0.033,0.0,0.0,-0.097,100.0,100.0,2020-12-23,1999-01-01,1999-01-01,2020-10-14,1999-01-01,1999-01-01,-0.006,0.016,0.007,-0.008,-0.008,0.006,2020-12-24,2020-11-13,2020-10-08,2021-01-07,2020-12-11,2020-10-20,0.022,0.013,0.0,-0.026,0.006,-0.007,2020-11-12,2020-10-05,1999-01-01,2020-12-11,2020-10-21,2020-08-13,0.029,0.014,0.0,-0.035,0.008,-0.01,2020-11-16,2020-10-06,1999-01-01,2020-12-17,2020-10-21,2020-08-14,0.017,0.009,0.0,-0.017,0.009,100.0,2020-11-12,2020-10-08,1999-01-01,2020-12-18,2020-10-16,1999-01-01,875300.0,1096100.0,1942900.0,-12.53,-18.26,-15.56,0.034,0.0,0.0,-0.026,100.0,100.0,0.01,0.004,0.0,-0.006,0.002,-0.004,0.02871,0.0,0.0,-0.02456,100.0,100.0,49.37,0.0,0.0,38.349,100.0,100.0,50.0,40.311,32.988,0.0,3.698,18.343,73.665,48.671,0.0,41.452,42.684,20.38,2020-12-03,1999-01-01,1999-01-01,2020-09-24,1999-01-01,1999-01-01,8007,0,0,7937,0,0,2020-11-19,1999-01-01,1999-01-01,2020-12-29,1999-01-01,1999-01-01,2020-12-30,2020-12-18,2020-12-11,2021-01-08,2020-12-22,2020-12-16,2020-11-26,2020-10-19,1999-01-01,2021-01-06,2020-11-02,2020-09-21,,,,,,,p2n,,,Life.Empty,Life.BullEnd,Life.BullRetrace,Life.Bull,Life.BullRetrace,,
2021-01-14,RL,,,,,,,0,0,0,,0,0,0,0.44752,,,,0.466,0.45851,0.44894,0.43985,0.44885,0.00259,,0.003,-0.00529,,,0.02054,,,0.00433,,,0.02054,,,0.00372,,,0.01795,0.01795,0.0,0.00072,,,0.45372,0.45839,-0.00468,-0.00246,0.00136,-0.00382,,,,,0.55,-1.11,36.4,-0.82,10.13,-0.15,19.18,-33.59,2.0,5.0,22.0,6.0,11.0,2.0,17.0,31.0,0.0,0.0,0.00602,-0.00566,1.06305,51.52812,42.87284,,,10.07612,70.03027,60.04036,,70.03,69.71893,43.57047,43.69107,42.91247,,,0.02734,0.02707,,,,,,,0.15,,,,,0.499,0.499,0.366,0.445,0.499,0.324,2020-12-03,2020-11-27,2020-10-13,2021-01-12,2020-12-02,2020-10-30,0.57,-10.82,0.0,0.0,54.01,-11.48,2.0,26.0,1.0,3.0,20.0,12.0,0.0,-0.0,-0.0,-0.0,3.0,-1.0,0.466,0.486,0.505,0.406,0.456,0.476,2021-01-14,2020-12-30,2020-12-18,2021-01-11,2020-12-22,2020-12-16,0.028,0.0,0.0,0.022,100.0,100.0,2020-12-22,1999-01-01,1999-01-01,2020-11-02,1999-01-01,1999-01-01,0.003,0.0,0.0,-0.073,100.0,100.0,2021-01-14,1999-01-01,1999-01-01,2020-11-04,1999-01-01,1999-01-01,0.034,0.0,0.0,-0.068,100.0,100.0,2020-12-21,1999-01-01,1999-01-01,2020-10-07,1999-01-01,1999-01-01,0.033,0.0,0.0,-0.097,100.0,100.0,2020-12-23,1999-01-01,1999-01-01,2020-10-14,1999-01-01,1999-01-01,-0.006,0.016,0.007,-0.008,-0.008,0.006,2020-12-24,2020-11-13,2020-10-08,2021-01-07,2020-12-11,2020-10-20,0.022,0.013,0.0,-0.026,0.006,-0.007,2020-11-12,2020-10-05,1999-01-01,2020-12-11,2020-10-21,2020-08-13,0.029,0.014,0.0,-0.035,0.008,-0.01,2020-11-16,2020-10-06,1999-01-01,2020-12-17,2020-10-21,2020-08-14,0.017,0.009,0.0,-0.017,0.009,100.0,2020-11-12,2020-10-08,1999-01-01,2020-12-18,2020-10-16,1999-01-01,1096100.0,1942900.0,1108900.0,-18.26,-15.56,5.97,0.034,0.0,0.0,-0.026,100.0,100.0,0.01,0.004,0.0,-0.006,0.002,-0.004,0.02871,0.0,0.0,-0.02456,100.0,100.0,49.37,0.0,0.0,38.349,100.0,100.0,70.03,50.0,40.311,0.0,3.698,18.343,73.665,48.671,0.0,41.452,42.684,20.38,2020-12-03,1999-01-01,1999-01-01,2020-09-24,1999-01-01,1999-01-01,8007,0,0,7937,0,0,2020-11-19,1999-01-01,1999-01-01,2020-12-29,1999-01-01,1999-01-01,2021-01-14,2020-12-30,2020-12-18,2021-01-08,2020-12-22,2020-12-16,2020-11-26,2020-10-19,1999-01-01,2021-01-06,2020-11-02,2020-09-21,,,,,,p2n,,,,Life.BullEnd,Life.BullRetrace,Life.Bull,Life.BullRetrace,Life.BullEnd,,
2021-01-15,RL,,,,,,,0,0,0,,0,0,0,0.44912,,,,,0.45867,0.44941,0.44027,0.44897,0.00259,,,-0.00421,,,0.01952,,,0.00611,,,0.01952,,,0.00592,,,0.01693,0.01693,0.0,0.00223,,,0.45479,0.45856,-0.00377,-0.00292,0.00051,-0.00343,,,,,0.2,-1.11,36.4,-0.82,10.13,-0.15,19.18,-33.59,1.0,5.0,22.0,6.0,11.0,2.0,17.0,31.0,-0.0,-0.005,0.00602,-0.00602,1.0,50.0,43.49947,,,8.548,64.98486,68.34847,,,80.34796,64.76132,44.49394,43.69609,,,0.02609,0.02705,,,,,,,0.15,,,,,0.499,0.499,0.366,0.445,0.499,0.324,2020-12-03,2020-11-27,2020-10-13,2021-01-12,2020-12-02,2020-10-30,0.93,-10.82,0.0,0.0,54.01,-11.48,3.0,26.0,1.0,3.0,20.0,12.0,0.0,-0.0,-0.0,-0.0,3.0,-1.0,0.466,0.486,0.505,0.406,0.456,0.476,2021-01-14,2020-12-30,2020-12-18,2021-01-11,2020-12-22,2020-12-16,0.028,0.0,0.0,0.022,100.0,100.0,2020-12-22,1999-01-01,1999-01-01,2020-11-02,1999-01-01,1999-01-01,0.003,0.0,0.0,-0.073,100.0,100.0,2021-01-14,1999-01-01,1999-01-01,2020-11-04,1999-01-01,1999-01-01,0.034,0.0,0.0,-0.068,100.0,100.0,2020-12-21,1999-01-01,1999-01-01,2020-10-07,1999-01-01,1999-01-01,0.033,0.0,0.0,-0.097,100.0,100.0,2020-12-23,1999-01-01,1999-01-01,2020-10-14,1999-01-01,1999-01-01,-0.006,0.016,0.007,-0.008,-0.008,0.006,2020-12-24,2020-11-13,2020-10-08,2021-01-07,2020-12-11,2020-10-20,0.022,0.013,0.0,-0.026,0.006,-0.007,2020-11-12,2020-10-05,1999-01-01,2020-12-11,2020-10-21,2020-08-13,0.029,0.014,0.0,-0.035,0.008,-0.01,2020-11-16,2020-10-06,1999-01-01,2020-12-17,2020-10-21,2020-08-14,0.017,0.009,0.0,-0.017,0.009,100.0,2020-11-12,2020-10-08,1999-01-01,2020-12-18,2020-10-16,1999-01-01,1942900.0,1108900.0,686800.0,-15.56,5.97,-9.87,0.034,0.0,0.0,-0.026,100.0,100.0,0.01,0.004,0.0,-0.006,0.002,-0.004,0.02871,0.0,0.0,-0.02456,100.0,100.0,49.37,0.0,0.0,38.349,100.0,100.0,70.03,50.0,40.311,0.0,3.698,18.343,73.665,48.671,0.0,41.452,42.684,20.38,2020-12-03,1999-01-01,1999-01-01,2020-09-24,1999-01-01,1999-01-01,8007,0,0,7937,0,0,2020-11-19,1999-01-01,1999-01-01,2020-12-29,1999-01-01,1999-01-01,2021-01-14,2020-12-30,2020-12-18,2021-01-08,2020-12-22,2020-12-16,2020-11-26,2020-10-19,1999-01-01,2021-01-06,2020-11-02,2020-09-21,,,,,p2n,,,,,Life.BullEnd,Life.BullRetrace,Life.Bull,Life.BullRetrace,Life.BullEnd,,
2021-01-18,RL,,,,,,,0,0,0,,0,0,0,0.45004,,0.45,0.441,,0.45731,0.44907,0.44028,0.44889,0.0025,,,-0.00295,,,0.01857,,,0.00792,,,0.01857,,,0.00805,,,0.01606,0.01606,0.0,0.00372,,,0.45265,0.45725,-0.0046,-0.00324,-0.00024,-0.003,,,,,-1.12,36.4,-0.82,10.13,-0.15,19.18,-33.59,5.34,5.0,22.0,6.0,11.0,2.0,17.0,31.0,11.0,-0.0,-0.0198,0.00602,-0.00744,0.8098,44.74522,44.24741,,,3.29322,45.00505,60.00673,45.005,,70.54172,73.5362,45.30236,44.49579,,,0.02564,0.02704,0.027,,,,,,0.15,,,,,0.45,0.499,0.499,0.445,0.499,0.324,2021-01-18,2020-12-03,2020-11-27,2021-01-12,2020-12-02,2020-10-30,0.0,1.12,-10.82,0.0,0.0,54.01,0.0,4.0,26.0,1.0,3.0,20.0,0.0,0.0,-0.0,-0.0,-0.0,3.0,0.466,0.486,0.505,0.441,0.406,0.456,2021-01-14,2020-12-30,2020-12-18,2021-01-18,2021-01-11,2020-12-22,0.028,0.0,0.0,0.027,0.022,100.0,2020-12-22,1999-01-01,1999-01-01,2021-01-18,2020-11-02,1999-01-01,0.003,0.0,0.0,-0.073,100.0,100.0,2021-01-14,1999-01-01,1999-01-01,2020-11-04,1999-01-01,1999-01-01,0.034,0.0,0.0,-0.068,100.0,100.0,2020-12-21,1999-01-01,1999-01-01,2020-10-07,1999-01-01,1999-01-01,0.033,0.0,0.0,-0.097,100.0,100.0,2020-12-23,1999-01-01,1999-01-01,2020-10-14,1999-01-01,1999-01-01,-0.006,0.016,0.007,-0.008,-0.008,0.006,2020-12-24,2020-11-13,2020-10-08,2021-01-07,2020-12-11,2020-10-20,0.022,0.013,0.0,-0.026,0.006,-0.007,2020-11-12,2020-10-05,1999-01-01,2020-12-11,2020-10-21,2020-08-13,0.029,0.014,0.0,-0.035,0.008,-0.01,2020-11-16,2020-10-06,1999-01-01,2020-12-17,2020-10-21,2020-08-14,0.017,0.009,0.0,-0.017,0.009,100.0,2020-11-12,2020-10-08,1999-01-01,2020-12-18,2020-10-16,1999-01-01,1108900.0,686800.0,4419100.0,5.97,-9.87,66.23,0.034,0.0,0.0,-0.026,100.0,100.0,0.01,0.004,0.0,-0.006,0.002,-0.004,0.02871,0.0,0.0,-0.02456,100.0,100.0,49.37,0.0,0.0,38.349,100.0,100.0,70.03,50.0,40.311,45.005,0.0,3.698,73.665,48.671,0.0,41.452,42.684,20.38,2020-12-03,1999-01-01,1999-01-01,2020-09-24,1999-01-01,1999-01-01,8007,0,0,7937,0,0,2020-11-19,1999-01-01,1999-01-01,2020-12-29,1999-01-01,1999-01-01,2021-01-14,2020-12-30,2020-12-18,2021-01-18,2021-01-08,2020-12-22,2020-11-26,2020-10-19,1999-01-01,2021-01-06,2020-11-02,2020-09-21,-4419100.0,,,,,,,,n2p,Life.BullEnd,Life.BullRetrace,Life.Bull,Life.BullRetrace,Life.BullEnd,,
2021-01-19,RL,,,,,,,0,0,0,,0,0,0,0.44988,,,,,0.45643,0.44895,0.44039,0.44886,0.00237,,,-0.00152,,,0.01771,,,0.00974,,,0.01771,,,0.01015,,,0.01533,0.01533,0.0,0.00519,,,0.45161,0.45641,-0.0048,-0.00342,-0.00088,-0.00254,,,,,-1.08,36.4,-0.82,10.13,-0.15,19.18,-33.59,5.34,4.0,22.0,6.0,11.0,2.0,17.0,31.0,11.0,0.005,0.0,0.00567,-0.00744,0.76273,43.26975,45.11518,,,1.81775,50.05045,53.34679,,,50.49914,67.12961,46.11027,45.30219,,,0.02487,0.02706,,,,,,,0.15,,,,,0.45,0.499,0.499,0.445,0.499,0.324,2021-01-18,2020-12-03,2020-11-27,2021-01-12,2020-12-02,2020-10-30,-0.03,1.12,-10.82,0.0,0.0,54.01,1.0,4.0,26.0,1.0,3.0,20.0,-0.0,0.0,-0.0,-0.0,-0.0,3.0,0.466,0.486,0.505,0.441,0.406,0.456,2021-01-14,2020-12-30,2020-12-18,2021-01-18,2021-01-11,2020-12-22,0.028,0.0,0.0,0.027,0.022,100.0,2020-12-22,1999-01-01,1999-01-01,2021-01-18,2020-11-02,1999-01-01,0.003,0.0,0.0,-0.073,100.0,100.0,2021-01-14,1999-01-01,1999-01-01,2020-11-04,1999-01-01,1999-01-01,0.034,0.0,0.0,-0.068,100.0,100.0,2020-12-21,1999-01-01,1999-01-01,2020-10-07,1999-01-01,1999-01-01,0.033,0.0,0.0,-0.097,100.0,100.0,2020-12-23,1999-01-01,1999-01-01,2020-10-14,1999-01-01,1999-01-01,-0.006,0.016,0.007,-0.008,-0.008,0.006,2020-12-24,2020-11-13,2020-10-08,2021-01-07,2020-12-11,2020-10-20,0.022,0.013,0.0,-0.026,0.006,-0.007,2020-11-12,2020-10-05,1999-01-01,2020-12-11,2020-10-21,2020-08-13,0.029,0.014,0.0,-0.035,0.008,-0.01,2020-11-16,2020-10-06,1999-01-01,2020-12-17,2020-10-21,2020-08-14,0.017,0.009,0.0,-0.017,0.009,100.0,2020-11-12,2020-10-08,1999-01-01,2020-12-18,2020-10-16,1999-01-01,686800.0,4419100.0,3699000.0,-9.87,66.23,41.68,0.034,0.0,0.0,-0.026,100.0,100.0,0.01,0.004,0.0,-0.006,0.002,-0.004,0.02871,0.0,0.0,-0.02456,100.0,100.0,49.37,0.0,0.0,38.349,100.0,100.0,70.03,50.0,40.311,45.005,0.0,3.698,73.665,48.671,0.0,41.452,42.684,20.38,2020-12-03,1999-01-01,1999-01-01,2020-09-24,1999-01-01,1999-01-01,8007,0,0,7937,0,0,2020-11-19,1999-01-01,1999-01-01,2020-12-29,1999-01-01,1999-01-01,2021-01-14,2020-12-30,2020-12-18,2021-01-18,2021-01-08,2020-12-22,2020-11-26,2020-10-19,1999-01-01,2021-01-06,2020-11-02,2020-09-21,,,,,,,,n2p,,Life.BullEnd,Life.BullRetrace,Life.Bull,Life.BullRetrace,Life.BullEnd,,
2021-01-20,RL,,,,,,,0,0,0,,0,0,0,0.44859,,,,0.466,0.45714,0.4496,0.44089,0.44903,0.00223,,,5e-05,,,0.01696,,,0.01155,,,0.01696,,,0.01219,,,0.01473,0.01473,0.0,0.00661,,,0.45378,0.4571,-0.00332,-0.00344,-0.00139,-0.00205,-0.003,,,,-0.8,36.4,-0.82,10.13,-0.15,19.18,-33.59,5.34,3.0,22.0,6.0,11.0,2.0,17.0,31.0,11.0,0.0198,0.0,0.00602,-0.00744,0.8098,44.74522,46.10544,,,3.29322,70.03027,55.02859,,70.03,43.56966,54.87017,46.91422,46.10895,,,0.02593,0.02709,,,0.15,,,,,,,,,0.45,0.499,0.499,0.445,0.499,0.324,2021-01-18,2020-12-03,2020-11-27,2021-01-12,2020-12-02,2020-10-30,-0.31,1.12,-10.82,0.0,0.0,54.01,2.0,4.0,26.0,1.0,3.0,20.0,-0.0,0.0,-0.0,-0.0,-0.0,3.0,0.466,0.466,0.486,0.441,0.406,0.456,2021-01-20,2021-01-14,2020-12-30,2021-01-18,2021-01-11,2020-12-22,0.028,0.0,0.0,0.027,0.022,100.0,2020-12-22,1999-01-01,1999-01-01,2021-01-18,2020-11-02,1999-01-01,0.003,0.0,0.0,-0.073,100.0,100.0,2021-01-14,1999-01-01,1999-01-01,2020-11-04,1999-01-01,1999-01-01,0.034,0.0,0.0,-0.068,100.0,100.0,2020-12-21,1999-01-01,1999-01-01,2020-10-07,1999-01-01,1999-01-01,0.033,0.0,0.0,-0.097,100.0,100.0,2020-12-23,1999-01-01,1999-01-01,2020-10-14,1999-01-01,1999-01-01,-0.006,0.016,0.007,-0.008,-0.008,0.006,2020-12-24,2020-11-13,2020-10-08,2021-01-07,2020-12-11,2020-10-20,0.022,0.013,0.0,-0.026,0.006,-0.007,2020-11-12,2020-10-05,1999-01-01,2020-12-11,2020-10-21,2020-08-13,0.029,0.014,0.0,-0.035,0.008,-0.01,2020-11-16,2020-10-06,1999-01-01,2020-12-17,2020-10-21,2020-08-14,0.017,0.009,0.0,-0.017,0.009,100.0,2020-11-12,2020-10-08,1999-01-01,2020-12-18,2020-10-16,1999-01-01,4419100.0,3699000.0,3697800.0,66.23,41.68,34.2,0.034,0.0,0.0,-0.003,-0.026,100.0,0.01,0.004,0.0,-0.006,0.002,-0.004,0.02871,0.0,0.0,-0.00139,-0.02456,100.0,49.37,0.0,0.0,38.349,100.0,100.0,70.03,70.03,50.0,45.005,0.0,3.698,73.665,48.671,0.0,41.452,42.684,20.38,2020-12-03,1999-01-01,1999-01-01,2021-01-20,2020-09-24,1999-01-01,8007,0,0,118,7937,0,2020-11-19,1999-01-01,1999-01-01,2020-12-29,1999-01-01,1999-01-01,2021-01-20,2021-01-14,2020-12-30,2021-01-18,2021-01-08,2020-12-22,2020-11-26,2020-10-19,1999-01-01,2021-01-06,2020-11-02,2020-09-21,,,,,,,n2p,,,Life.BullRetrace,Life.Bull,Life.BullRetrace,Life.BullEnd,Life.BullStart,,
2021-01-21,RL,,,,,,,0,0,0,,0,0,0,0.44665,,,,,0.45704,0.44985,0.44119,0.4491,0.00211,,,0.00172,,,0.01635,,,0.01331,,,0.01635,,,0.01419,,,0.01424,0.01424,0.0,0.00798,,,0.45409,0.457,-0.00291,-0.00328,-0.00177,-0.00151,,,,,-0.37,36.4,-0.82,10.13,-0.15,19.18,-33.59,5.34,2.0,22.0,6.0,11.0,2.0,17.0,31.0,11.0,-0.0,-0.0099,0.00602,-0.00744,0.8098,44.74522,47.23263,,,3.29322,66.70404,62.26159,,,37.07025,43.71302,47.71046,46.91165,,,0.02549,0.02714,,,0.15,,,,,,,,,0.45,0.499,0.499,0.445,0.499,0.324,2021-01-18,2020-12-03,2020-11-27,2021-01-12,2020-12-02,2020-10-30,-0.74,1.12,-10.82,0.0,0.0,54.01,3.0,4.0,26.0,1.0,3.0,20.0,-0.0,0.0,-0.0,-0.0,-0.0,3.0,0.466,0.466,0.486,0.441,0.406,0.456,2021-01-20,2021-01-14,2020-12-30,2021-01-18,2021-01-11,2020-12-22,0.028,0.0,0.0,0.027,0.022,100.0,2020-12-22,1999-01-01,1999-01-01,2021-01-18,2020-11-02,1999-01-01,0.003,0.0,0.0,-0.073,100.0,100.0,2021-01-14,1999-01-01,1999-01-01,2020-11-04,1999-01-01,1999-01-01,0.034,0.0,0.0,-0.068,100.0,100.0,2020-12-21,1999-01-01,1999-01-01,2020-10-07,1999-01-01,1999-01-01,0.033,0.0,0.0,-0.097,100.0,100.0,2020-12-23,1999-01-01,1999-01-01,2020-10-14,1999-01-01,1999-01-01,-0.006,0.016,0.007,-0.008,-0.008,0.006,2020-12-24,2020-11-13,2020-10-08,2021-01-07,2020-12-11,2020-10-20,0.022,0.013,0.0,-0.026,0.006,-0.007,2020-11-12,2020-10-05,1999-01-01,2020-12-11,2020-10-21,2020-08-13,0.029,0.014,0.0,-0.035,0.008,-0.01,2020-11-16,2020-10-06,1999-01-01,2020-12-17,2020-10-21,2020-08-14,0.017,0.009,0.0,-0.017,0.009,100.0,2020-11-12,2020-10-08,1999-01-01,2020-12-18,2020-10-16,1999-01-01,3699000.0,3697800.0,4788300.0,41.68,34.2,3.12,0.034,0.0,0.0,-0.003,-0.026,100.0,0.01,0.004,0.0,-0.006,0.002,-0.004,0.02871,0.0,0.0,-0.00139,-0.02456,100.0,49.37,0.0,0.0,38.349,100.0,100.0,70.03,70.03,50.0,45.005,0.0,3.698,73.665,48.671,0.0,41.452,42.684,20.38,2020-12-03,1999-01-01,1999-01-01,2021-01-20,2020-09-24,1999-01-01,8007,0,0,118,7937,0,2020-11-19,1999-01-01,1999-01-01,2020-12-29,1999-01-01,1999-01-01,2021-01-20,2021-01-14,2020-12-30,2021-01-18,2021-01-08,2020-12-22,2020-11-26,2020-10-19,1999-01-01,2021-01-06,2020-11-02,2020-09-21,,,,,,n2p,,,,Life.BullRetrace,Life.Bull,Life.BullRetrace,Life.BullEnd,Life.BullStart,,
2021-01-22,RL,,,,,,,0,0,0,,0,0,0,0.44504,,,,,0.45618,0.44969,0.44128,0.44907,0.00205,0.002,,0.00345,,,0.01592,,,0.01498,,,0.01592,,,0.01611,,,0.01387,0.01387,0.0,0.00927,,,0.45283,0.45618,-0.00335,-0.00293,-0.002,-0.00093,,,,,-0.01,36.4,-0.82,10.13,-0.15,19.18,-33.59,5.34,1.0,22.0,6.0,11.0,2.0,17.0,31.0,11.0,-0.0,-0.0099,0.00602,-0.00814,0.73947,42.51135,48.51776,,,1.05935,55.60538,64.11323,,,33.40807,38.016,48.49394,47.70621,,,0.02473,0.02721,,,0.15,,,,,,,,,0.45,0.499,0.499,0.445,0.499,0.324,2021-01-18,2020-12-03,2020-11-27,2021-01-12,2020-12-02,2020-10-30,-1.1,1.12,-10.82,0.0,0.0,54.01,4.0,4.0,26.0,1.0,3.0,20.0,-0.0,0.0,-0.0,-0.0,-0.0,3.0,0.466,0.466,0.486,0.441,0.406,0.456,2021-01-20,2021-01-14,2020-12-30,2021-01-18,2021-01-11,2020-12-22,0.028,0.0,0.0,0.027,0.022,100.0,2020-12-22,1999-01-01,1999-01-01,2021-01-18,2020-11-02,1999-01-01,0.003,0.0,0.0,0.002,-0.073,100.0,2021-01-14,1999-01-01,1999-01-01,2021-01-22,2020-11-04,1999-01-01,0.034,0.0,0.0,-0.068,100.0,100.0,2020-12-21,1999-01-01,1999-01-01,2020-10-07,1999-01-01,1999-01-01,0.033,0.0,0.0,-0.097,100.0,100.0,2020-12-23,1999-01-01,1999-01-01,2020-10-14,1999-01-01,1999-01-01,-0.006,0.016,0.007,-0.008,-0.008,0.006,2020-12-24,2020-11-13,2020-10-08,2021-01-07,2020-12-11,2020-10-20,0.022,0.013,0.0,-0.026,0.006,-0.007,2020-11-12,2020-10-05,1999-01-01,2020-12-11,2020-10-21,2020-08-13,0.029,0.014,0.0,-0.035,0.008,-0.01,2020-11-16,2020-10-06,1999-01-01,2020-12-17,2020-10-21,2020-08-14,0.017,0.009,0.0,-0.017,0.009,100.0,2020-11-12,2020-10-08,1999-01-01,2020-12-18,2020-10-16,1999-01-01,3697800.0,4788300.0,1131300.0,34.2,3.12,-21.07,0.034,0.0,0.0,-0.003,-0.026,100.0,0.01,0.004,0.0,-0.006,0.002,-0.004,0.02871,0.0,0.0,-0.00139,-0.02456,100.0,49.37,0.0,0.0,38.349,100.0,100.0,70.03,70.03,50.0,45.005,0.0,3.698,73.665,48.671,0.0,41.452,42.684,20.38,2020-12-03,1999-01-01,1999-01-01,2021-01-20,2020-09-24,1999-01-01,8007,0,0,118,7937,0,2020-11-19,1999-01-01,1999-01-01,2020-12-29,1999-01-01,1999-01-01,2021-01-20,2021-01-14,2020-12-30,2021-01-18,2021-01-08,2020-12-22,2020-11-26,2020-10-19,1999-01-01,2021-01-06,2020-11-02,2020-09-21,,,,,n2p,,,,,Life.BullRetrace,Life.Bull,Life.BullRetrace,Life.BullEnd,Life.BullStart,,
2021-01-25,RL,,,,,,,0,0,0,,0,0,0,0.44479,0.445,,0.426,,0.45387,0.44877,0.44098,0.44884,0.00209,,,0.00519,,,0.01568,,,0.01653,,,0.01569,0.016,,0.01793,,,0.01359,0.01359,0.0,0.01046,,,0.44872,0.45395,-0.00523,-0.00236,-0.00207,-0.00029,,,,,36.47,-0.82,10.13,-0.15,19.18,-33.59,5.34,-18.48,22.0,6.0,11.0,2.0,17.0,31.0,11.0,27.0,-0.0,-0.0198,0.00602,-0.00849,0.709,41.48622,49.97388,,,0.03422,33.40807,51.90583,33.408,,19.67602,30.05145,49.26053,48.48831,,,0.02509,0.02731,,,0.15,,,,,,,,,0.45,0.499,0.499,0.445,0.445,0.499,2021-01-18,2020-12-03,2020-11-27,2021-01-25,2021-01-12,2020-12-02,0.0,-1.11,1.12,-10.82,0.0,0.0,0.0,5.0,4.0,26.0,1.0,3.0,0.0,-0.0,0.0,-0.0,-0.0,-0.0,0.466,0.466,0.486,0.426,0.441,0.406,2021-01-20,2021-01-14,2020-12-30,2021-01-25,2021-01-18,2021-01-11,0.028,0.0,0.0,0.027,0.022,100.0,2020-12-22,1999-01-01,1999-01-01,2021-01-18,2020-11-02,1999-01-01,0.003,0.0,0.0,0.002,-0.073,100.0,2021-01-14,1999-01-01,1999-01-01,2021-01-22,2020-11-04,1999-01-01,0.034,0.0,0.0,-0.068,100.0,100.0,2020-12-21,1999-01-01,1999-01-01,2020-10-07,1999-01-01,1999-01-01,0.033,0.0,0.0,0.016,-0.097,100.0,2020-12-23,1999-01-01,1999-01-01,2021-01-25,2020-10-14,1999-01-01,-0.006,0.016,0.007,-0.008,-0.008,0.006,2020-12-24,2020-11-13,2020-10-08,2021-01-07,2020-12-11,2020-10-20,0.022,0.013,0.0,-0.026,0.006,-0.007,2020-11-12,2020-10-05,1999-01-01,2020-12-11,2020-10-21,2020-08-13,0.029,0.014,0.0,-0.035,0.008,-0.01,2020-11-16,2020-10-06,1999-01-01,2020-12-17,2020-10-21,2020-08-14,0.017,0.009,0.0,-0.017,0.009,100.0,2020-11-12,2020-10-08,1999-01-01,2020-12-18,2020-10-16,1999-01-01,4788300.0,1131300.0,1446600.0,3.12,-21.07,-23.41,0.034,0.0,0.0,-0.003,-0.026,100.0,0.01,0.004,0.0,-0.006,0.002,-0.004,0.02871,0.0,0.0,-0.00139,-0.02456,100.0,49.37,0.0,0.0,38.349,100.0,100.0,70.03,70.03,50.0,33.408,45.005,0.0,73.665,48.671,0.0,41.452,42.684,20.38,2020-12-03,1999-01-01,1999-01-01,2021-01-20,2020-09-24,1999-01-01,8007,0,0,118,7937,0,2020-11-19,1999-01-01,1999-01-01,2020-12-29,1999-01-01,1999-01-01,2021-01-20,2021-01-14,2020-12-30,2021-01-25,2021-01-18,2021-01-08,2020-11-26,2020-10-19,1999-01-01,2021-01-06,2020-11-02,2020-09-21,,,,,,,,,,Life.BullRetrace,Life.Bull,Life.BullRetrace,Life.BullEnd,Life.BullStart,bullEnd.petgas211118,
2021-01-26,RL,,,,,,,0,0,0,,0,0,0,0.44652,,,,,0.45211,0.44807,0.44078,0.44866,0.00228,,,0.00688,,,0.01568,0.016,,0.01792,,,0.01569,,,0.01963,,,0.01341,0.0134,1e-05,0.01154,,,0.44599,0.45225,-0.00626,-0.00157,-0.00197,0.00041,,,,,35.94,-0.82,10.13,-0.15,19.18,-33.59,5.34,-18.48,21.0,6.0,11.0,2.0,17.0,31.0,11.0,27.0,0.0049,0.0,0.00637,-0.00849,0.75021,42.86401,51.59318,,,1.41201,38.90135,42.63827,,,15.69657,22.92689,50.00699,49.25382,,,0.02472,0.02742,,,,,0.15,,,,,,,0.45,0.499,0.499,0.445,0.445,0.499,2021-01-18,2020-12-03,2020-11-27,2021-01-25,2021-01-12,2020-12-02,0.34,-1.11,1.12,-10.82,0.0,0.0,1.0,5.0,4.0,26.0,1.0,3.0,0.0,-0.0,0.0,-0.0,-0.0,-0.0,0.466,0.466,0.486,0.426,0.441,0.406,2021-01-20,2021-01-14,2020-12-30,2021-01-25,2021-01-18,2021-01-11,0.028,0.0,0.0,0.027,0.022,100.0,2020-12-22,1999-01-01,1999-01-01,2021-01-18,2020-11-02,1999-01-01,0.003,0.0,0.0,0.002,-0.073,100.0,2021-01-14,1999-01-01,1999-01-01,2021-01-22,2020-11-04,1999-01-01,0.034,0.0,0.0,0.016,-0.068,100.0,2020-12-21,1999-01-01,1999-01-01,2021-01-26,2020-10-07,1999-01-01,0.033,0.0,0.0,0.016,-0.097,100.0,2020-12-23,1999-01-01,1999-01-01,2021-01-25,2020-10-14,1999-01-01,-0.006,0.016,0.007,-0.008,-0.008,0.006,2020-12-24,2020-11-13,2020-10-08,2021-01-07,2020-12-11,2020-10-20,0.022,0.013,0.0,-0.026,0.006,-0.007,2020-11-12,2020-10-05,1999-01-01,2020-12-11,2020-10-21,2020-08-13,0.029,0.014,0.0,-0.035,0.008,-0.01,2020-11-16,2020-10-06,1999-01-01,2020-12-17,2020-10-21,2020-08-14,0.017,0.009,0.0,-0.017,0.009,100.0,2020-11-12,2020-10-08,1999-01-01,2020-12-18,2020-10-16,1999-01-01,1131300.0,1446600.0,802800.0,-21.07,-23.41,-54.11,0.034,0.0,0.0,-0.003,-0.026,100.0,0.01,0.004,0.0,-0.006,0.002,-0.004,0.02871,0.0,0.0,-0.00139,-0.02456,100.0,49.37,0.0,0.0,38.349,100.0,100.0,70.03,70.03,50.0,33.408,45.005,0.0,73.665,48.671,0.0,41.452,42.684,20.38,2020-12-03,1999-01-01,1999-01-01,2021-01-20,2020-09-24,1999-01-01,8007,0,0,118,7937,0,2020-11-19,1999-01-01,1999-01-01,2020-12-29,1999-01-01,1999-01-01,2021-01-20,2021-01-14,2020-12-30,2021-01-25,2021-01-18,2021-01-08,2020-11-26,2020-10-19,1999-01-01,2021-01-06,2020-11-02,2020-09-21,,,,,,,,,,Life.Bull,Life.BullRetrace,Life.BullEnd,Life.BullStart,Life.Bull,bull.t4,
2021-01-27,RL,,,,,,,0,0,0,,0,0,0,0.45046,,,,,0.45049,0.4474,0.44059,0.44848,0.00263,,,0.00846,,,0.01592,,,0.0191,,,0.01596,,,0.02114,,,0.01333,0.0133,4e-05,0.01249,,,0.44369,0.45068,-0.00699,-0.00054,-0.00169,0.00114,,,,,34.75,-0.82,10.13,-0.15,19.18,-33.59,5.34,-18.48,20.0,6.0,11.0,2.0,17.0,31.0,11.0,27.0,0.0,0.0,0.00637,-0.00744,0.85687,46.14589,53.34919,,,4.69389,38.90135,37.07025,,,21.9731,19.11523,50.73026,49.99926,,,0.02401,0.02756,,,,,0.15,,,,,,,0.45,0.499,0.499,0.445,0.445,0.499,2021-01-18,2020-12-03,2020-11-27,2021-01-25,2021-01-12,2020-12-02,1.23,-1.11,1.12,-10.82,0.0,0.0,2.0,5.0,4.0,26.0,1.0,3.0,1.0,-0.0,0.0,-0.0,-0.0,-0.0,0.466,0.466,0.486,0.426,0.441,0.406,2021-01-20,2021-01-14,2020-12-30,2021-01-25,2021-01-18,2021-01-11,0.028,0.0,0.0,0.027,0.022,100.0,2020-12-22,1999-01-01,1999-01-01,2021-01-18,2020-11-02,1999-01-01,0.003,0.0,0.0,0.002,-0.073,100.0,2021-01-14,1999-01-01,1999-01-01,2021-01-22,2020-11-04,1999-01-01,0.034,0.0,0.0,0.016,-0.068,100.0,2020-12-21,1999-01-01,1999-01-01,2021-01-26,2020-10-07,1999-01-01,0.033,0.0,0.0,0.016,-0.097,100.0,2020-12-23,1999-01-01,1999-01-01,2021-01-25,2020-10-14,1999-01-01,-0.006,0.016,0.007,-0.008,-0.008,0.006,2020-12-24,2020-11-13,2020-10-08,2021-01-07,2020-12-11,2020-10-20,0.022,0.013,0.0,-0.026,0.006,-0.007,2020-11-12,2020-10-05,1999-01-01,2020-12-11,2020-10-21,2020-08-13,0.029,0.014,0.0,-0.035,0.008,-0.01,2020-11-16,2020-10-06,1999-01-01,2020-12-17,2020-10-21,2020-08-14,0.017,0.009,0.0,-0.017,0.009,100.0,2020-11-12,2020-10-08,1999-01-01,2020-12-18,2020-10-16,1999-01-01,1446600.0,802800.0,657300.0,-23.41,-54.11,-14.02,0.034,0.0,0.0,-0.003,-0.026,100.0,0.01,0.004,0.0,-0.006,0.002,-0.004,0.02871,0.0,0.0,-0.00139,-0.02456,100.0,49.37,0.0,0.0,38.349,100.0,100.0,70.03,70.03,50.0,33.408,45.005,0.0,73.665,48.671,0.0,41.452,42.684,20.38,2020-12-03,1999-01-01,1999-01-01,2021-01-20,2020-09-24,1999-01-01,8007,0,0,118,7937,0,2020-11-19,1999-01-01,1999-01-01,2020-12-29,1999-01-01,1999-01-01,2021-01-20,2021-01-14,2020-12-30,2021-01-25,2021-01-18,2021-01-08,2020-11-26,2020-10-19,1999-01-01,2021-01-06,2020-11-02,2020-09-21,,,,,,,,,,Life.Bull,Life.BullRetrace,Life.BullEnd,Life.BullStart,Life.Bull,bull.t4,
2021-01-29,RL,,,,,,,0,0,0,,0,0,0,0.45648,,,,,0.44937,0.44695,0.4405,0.44836,0.00315,,,0.00989,,,0.01644,,,0.02003,,,0.01651,,,0.02242,,,0.01337,0.01329,8e-05,0.01329,,,0.4425,0.44959,-0.00709,0.00071,-0.00121,0.00192,,,,,32.97,-0.82,10.13,-0.15,19.18,-33.59,5.34,-18.48,18.0,6.0,11.0,2.0,17.0,31.0,11.0,27.0,0.005,0.0,0.00673,-0.00531,1.26783,55.90504,55.21427,,,14.45304,44.50673,40.76981,,,36.28626,24.65198,51.42788,50.72171,,,0.02335,0.02772,,,,,0.15,,,,,,,0.45,0.499,0.499,0.445,0.445,0.499,2021-01-18,2020-12-03,2020-11-27,2021-01-25,2021-01-12,2020-12-02,2.58,-1.11,1.12,-10.82,0.0,0.0,3.0,5.0,4.0,26.0,1.0,3.0,1.0,-0.0,0.0,-0.0,-0.0,-0.0,0.466,0.466,0.486,0.426,0.441,0.406,2021-01-20,2021-01-14,2020-12-30,2021-01-25,2021-01-18,2021-01-11,0.028,0.0,0.0,0.027,0.022,100.0,2020-12-22,1999-01-01,1999-01-01,2021-01-18,2020-11-02,1999-01-01,0.003,0.0,0.0,0.002,-0.073,100.0,2021-01-14,1999-01-01,1999-01-01,2021-01-22,2020-11-04,1999-01-01,0.034,0.0,0.0,0.016,-0.068,100.0,2020-12-21,1999-01-01,1999-01-01,2021-01-26,2020-10-07,1999-01-01,0.033,0.0,0.0,0.016,-0.097,100.0,2020-12-23,1999-01-01,1999-01-01,2021-01-25,2020-10-14,1999-01-01,-0.006,0.016,0.007,-0.008,-0.008,0.006,2020-12-24,2020-11-13,2020-10-08,2021-01-07,2020-12-11,2020-10-20,0.022,0.013,0.0,-0.026,0.006,-0.007,2020-11-12,2020-10-05,1999-01-01,2020-12-11,2020-10-21,2020-08-13,0.029,0.014,0.0,-0.035,0.008,-0.01,2020-11-16,2020-10-06,1999-01-01,2020-12-17,2020-10-21,2020-08-14,0.017,0.009,0.0,-0.017,0.009,100.0,2020-11-12,2020-10-08,1999-01-01,2020-12-18,2020-10-16,1999-01-01,802800.0,657300.0,721100.0,-54.11,-14.02,-24.96,0.034,0.0,0.0,-0.003,-0.026,100.0,0.01,0.004,0.0,-0.006,0.002,-0.004,0.02871,0.0,0.0,-0.00139,-0.02456,100.0,49.37,0.0,0.0,38.349,100.0,100.0,70.03,70.03,50.0,33.408,45.005,0.0,73.665,48.671,0.0,41.452,42.684,20.38,2020-12-03,1999-01-01,1999-01-01,2021-01-20,2020-09-24,1999-01-01,8007,0,0,118,7937,0,2020-11-19,1999-01-01,1999-01-01,2020-12-29,1999-01-01,1999-01-01,2021-01-20,2021-01-14,2020-12-30,2021-01-25,2021-01-18,2021-01-08,2020-11-26,2020-10-19,1999-01-01,2021-01-06,2020-11-02,2020-09-21,,,,,,,,,,Life.Bull,Life.BullRetrace,Life.BullEnd,Life.BullStart,Life.Bull,bull.t4,
2021-02-02,RL,,,,,,,0,0,0,,0,0,0,0.46426,,,,,0.44987,0.4473,0.4408,0.44843,0.00385,,,0.01112,,,0.01724,,,0.02068,,,0.01738,,,0.02344,,,0.01353,0.01339,0.00014,0.01393,,,0.44455,0.45005,-0.0055,0.00219,-0.00053,0.00271,,,,,30.74,-0.82,10.13,-0.15,19.18,-33.59,5.34,-18.48,16.0,6.0,11.0,2.0,17.0,31.0,11.0,27.0,0.0198,0.0,0.00814,-0.0046,1.77019,63.90135,57.15811,,,22.44935,66.70404,50.03737,,,53.41102,37.22346,52.0976,51.41858,,,0.02451,0.0279,,,,,0.15,,,,,,,0.45,0.499,0.499,0.445,0.445,0.499,2021-01-18,2020-12-03,2020-11-27,2021-01-25,2021-01-12,2020-12-02,4.33,-1.11,1.12,-10.82,0.0,0.0,4.0,5.0,4.0,26.0,1.0,3.0,1.0,-0.0,0.0,-0.0,-0.0,-0.0,0.466,0.466,0.486,0.426,0.441,0.406,2021-01-20,2021-01-14,2020-12-30,2021-01-25,2021-01-18,2021-01-11,0.028,0.0,0.0,0.027,0.022,100.0,2020-12-22,1999-01-01,1999-01-01,2021-01-18,2020-11-02,1999-01-01,0.003,0.0,0.0,0.002,-0.073,100.0,2021-01-14,1999-01-01,1999-01-01,2021-01-22,2020-11-04,1999-01-01,0.034,0.0,0.0,0.016,-0.068,100.0,2020-12-21,1999-01-01,1999-01-01,2021-01-26,2020-10-07,1999-01-01,0.033,0.0,0.0,0.016,-0.097,100.0,2020-12-23,1999-01-01,1999-01-01,2021-01-25,2020-10-14,1999-01-01,-0.006,0.016,0.007,-0.008,-0.008,0.006,2020-12-24,2020-11-13,2020-10-08,2021-01-07,2020-12-11,2020-10-20,0.022,0.013,0.0,-0.026,0.006,-0.007,2020-11-12,2020-10-05,1999-01-01,2020-12-11,2020-10-21,2020-08-13,0.029,0.014,0.0,-0.035,0.008,-0.01,2020-11-16,2020-10-06,1999-01-01,2020-12-17,2020-10-21,2020-08-14,0.017,0.009,0.0,-0.017,0.009,100.0,2020-11-12,2020-10-08,1999-01-01,2020-12-18,2020-10-16,1999-01-01,657300.0,721100.0,2697800.0,-14.02,-24.96,86.88,0.034,0.0,0.0,-0.003,-0.026,100.0,0.01,0.004,0.0,-0.006,0.002,-0.004,0.02871,0.0,0.0,-0.00139,-0.02456,100.0,49.37,0.0,0.0,38.349,100.0,100.0,70.03,70.03,50.0,33.408,45.005,0.0,73.665,48.671,0.0,41.452,42.684,20.38,2020-12-03,1999-01-01,1999-01-01,2021-01-20,2020-09-24,1999-01-01,8007,0,0,118,7937,0,2020-11-19,1999-01-01,1999-01-01,2020-12-29,1999-01-01,1999-01-01,2021-01-20,2021-01-14,2020-12-30,2021-01-25,2021-01-18,2021-01-08,2020-11-26,2020-10-19,1999-01-01,2021-01-06,2020-11-02,2020-09-21,2697800.0,,,,,,,,n2p,Life.Bull,Life.BullRetrace,Life.BullEnd,Life.BullStart,Life.Bull,bull.t4,
2021-02-03,RL,,,,,,,0,0,0,,0,0,0,0.47363,,,,,0.45108,0.44802,0.44129,0.44861,0.00474,,,0.01211,,,0.01834,,,0.02102,,,0.01857,,,0.02415,,,0.01383,0.0136,0.00023,0.01438,,,0.4478,0.45121,-0.00341,0.00388,0.00035,0.00352,,,,,28.16,-0.82,10.13,-0.15,19.18,-33.59,5.34,-18.48,15.0,6.0,11.0,2.0,17.0,31.0,11.0,27.0,0.0099,0.0,0.00672,-0.0046,1.46118,59.36909,59.14244,,,17.91709,71.46974,60.8935,,,73.43125,54.37618,52.73685,52.08744,,,0.02382,0.02811,,,,,0.15,,,,,,,0.45,0.499,0.499,0.445,0.445,0.499,2021-01-18,2020-12-03,2020-11-27,2021-01-25,2021-01-12,2020-12-02,6.43,-1.11,1.12,-10.82,0.0,0.0,5.0,5.0,4.0,26.0,1.0,3.0,1.0,-0.0,0.0,-0.0,-0.0,-0.0,0.466,0.466,0.486,0.426,0.441,0.406,2021-01-20,2021-01-14,2020-12-30,2021-01-25,2021-01-18,2021-01-11,0.028,0.0,0.0,0.027,0.022,100.0,2020-12-22,1999-01-01,1999-01-01,2021-01-18,2020-11-02,1999-01-01,0.003,0.0,0.0,0.002,-0.073,100.0,2021-01-14,1999-01-01,1999-01-01,2021-01-22,2020-11-04,1999-01-01,0.034,0.0,0.0,0.016,-0.068,100.0,2020-12-21,1999-01-01,1999-01-01,2021-01-26,2020-10-07,1999-01-01,0.033,0.0,0.0,0.016,-0.097,100.0,2020-12-23,1999-01-01,1999-01-01,2021-01-25,2020-10-14,1999-01-01,-0.006,0.016,0.007,-0.008,-0.008,0.006,2020-12-24,2020-11-13,2020-10-08,2021-01-07,2020-12-11,2020-10-20,0.022,0.013,0.0,-0.026,0.006,-0.007,2020-11-12,2020-10-05,1999-01-01,2020-12-11,2020-10-21,2020-08-13,0.029,0.014,0.0,-0.035,0.008,-0.01,2020-11-16,2020-10-06,1999-01-01,2020-12-17,2020-10-21,2020-08-14,0.017,0.009,0.0,-0.017,0.009,100.0,2020-11-12,2020-10-08,1999-01-01,2020-12-18,2020-10-16,1999-01-01,721100.0,2697800.0,2253500.0,-24.96,86.88,39.16,0.034,0.0,0.0,-0.003,-0.026,100.0,0.01,0.004,0.0,-0.006,0.002,-0.004,0.02871,0.0,0.0,-0.00139,-0.02456,100.0,49.37,0.0,0.0,38.349,100.0,100.0,70.03,70.03,50.0,33.408,45.005,0.0,73.665,48.671,0.0,41.452,42.684,20.38,2020-12-03,1999-01-01,1999-01-01,2021-01-20,2020-09-24,1999-01-01,8007,0,0,118,7937,0,2020-11-19,1999-01-01,1999-01-01,2020-12-29,1999-01-01,1999-01-01,2021-01-20,2021-01-14,2020-12-30,2021-01-25,2021-01-18,2021-01-08,2020-11-26,2020-10-19,1999-01-01,2021-01-06,2020-11-02,2020-09-21,,,,,,,,n2p,,Life.Bull,Life.BullRetrace,Life.BullEnd,Life.BullStart,Life.Bull,bull.t4,
2021-02-04,RL,,,,,,,0,0,0,,0,0,0,0.4845,,,,,0.45488,0.45008,0.44246,0.44912,0.00581,,,0.01283,,,0.01974,,,0.02102,,0.021,0.0201,,,0.02452,,,0.01429,0.01393,0.00036,0.01465,,,0.4559,0.45485,0.00104,0.00576,0.00143,0.00432,,,,,25.28,-0.82,10.13,-0.15,19.18,-33.59,5.34,-18.48,14.0,6.0,11.0,2.0,17.0,31.0,11.0,27.0,0.0347,0.0,0.00708,-0.0046,1.53882,60.61162,61.12439,,,19.15962,89.49045,75.88807,,89.49,83.72911,70.19046,53.34075,52.72507,,,0.0253,0.02833,,,,,0.15,,,,,,,0.45,0.499,0.499,0.445,0.445,0.499,2021-01-18,2020-12-03,2020-11-27,2021-01-25,2021-01-12,2020-12-02,8.88,-1.11,1.12,-10.82,0.0,0.0,6.0,5.0,4.0,26.0,1.0,3.0,1.0,-0.0,0.0,-0.0,-0.0,-0.0,0.466,0.466,0.486,0.426,0.441,0.406,2021-01-20,2021-01-14,2020-12-30,2021-01-25,2021-01-18,2021-01-11,0.028,0.0,0.0,0.027,0.022,100.0,2020-12-22,1999-01-01,1999-01-01,2021-01-18,2020-11-02,1999-01-01,0.003,0.0,0.0,0.002,-0.073,100.0,2021-01-14,1999-01-01,1999-01-01,2021-01-22,2020-11-04,1999-01-01,0.034,0.0,0.0,0.016,-0.068,100.0,2020-12-21,1999-01-01,1999-01-01,2021-01-26,2020-10-07,1999-01-01,0.033,0.0,0.0,0.016,-0.097,100.0,2020-12-23,1999-01-01,1999-01-01,2021-01-25,2020-10-14,1999-01-01,-0.006,0.016,0.007,-0.008,-0.008,0.006,2020-12-24,2020-11-13,2020-10-08,2021-01-07,2020-12-11,2020-10-20,0.021,0.022,0.013,-0.026,0.006,-0.007,2021-02-04,2020-11-12,2020-10-05,2020-12-11,2020-10-21,2020-08-13,0.029,0.014,0.0,-0.035,0.008,-0.01,2020-11-16,2020-10-06,1999-01-01,2020-12-17,2020-10-21,2020-08-14,0.017,0.009,0.0,-0.017,0.009,100.0,2020-11-12,2020-10-08,1999-01-01,2020-12-18,2020-10-16,1999-01-01,2697800.0,2253500.0,10269200.0,86.88,39.16,168.33,0.034,0.0,0.0,-0.003,-0.026,100.0,0.01,0.004,0.0,-0.006,0.002,-0.004,0.02871,0.0,0.0,-0.00139,-0.02456,100.0,49.37,0.0,0.0,38.349,100.0,100.0,89.49,70.03,70.03,33.408,45.005,0.0,73.665,48.671,0.0,41.452,42.684,20.38,2020-12-03,1999-01-01,1999-01-01,2021-01-20,2020-09-24,1999-01-01,8007,0,0,118,7937,0,2020-11-19,1999-01-01,1999-01-01,2020-12-29,1999-01-01,1999-01-01,2021-02-04,2021-01-20,2021-01-14,2021-01-25,2021-01-18,2021-01-08,2020-11-26,2020-10-19,1999-01-01,2021-01-06,2020-11-02,2020-09-21,,10269200.0,,,,,n2p,,p2p,Life.Bull,Life.BullRetrace,Life.BullEnd,Life.BullStart,Life.Bull,bull.t4,
2021-02-05,RL,,,,,,,0,0,0,,0,0,0,0.49661,,,,,0.45876,0.45224,0.44371,0.44968,0.00707,,,0.01327,,,0.02144,,,0.02067,,,0.02198,,,0.02453,,0.025,0.01491,0.01437,0.00054,0.01473,,0.015,0.4635,0.45859,0.0049,0.00782,0.00271,0.00511,,,,,22.23,-0.82,10.13,-0.15,19.18,-33.59,5.34,-18.48,13.0,6.0,11.0,2.0,17.0,31.0,11.0,27.0,0.0049,0.0,0.00743,-0.0046,1.61491,61.75772,63.06235,,,20.30572,78.24561,79.73527,78.246,,84.83238,80.66425,53.90233,53.32664,,,0.02597,0.02857,,,,,0.15,,,,,,,0.45,0.499,0.499,0.445,0.445,0.499,2021-01-18,2020-12-03,2020-11-27,2021-01-25,2021-01-12,2020-12-02,11.6,-1.11,1.12,-10.82,0.0,0.0,7.0,5.0,4.0,26.0,1.0,3.0,2.0,-0.0,0.0,-0.0,-0.0,-0.0,0.466,0.466,0.486,0.426,0.441,0.406,2021-01-20,2021-01-14,2020-12-30,2021-01-25,2021-01-18,2021-01-11,0.028,0.0,0.0,0.027,0.022,100.0,2020-12-22,1999-01-01,1999-01-01,2021-01-18,2020-11-02,1999-01-01,0.003,0.0,0.0,0.002,-0.073,100.0,2021-01-14,1999-01-01,1999-01-01,2021-01-22,2020-11-04,1999-01-01,0.034,0.0,0.0,0.016,-0.068,100.0,2020-12-21,1999-01-01,1999-01-01,2021-01-26,2020-10-07,1999-01-01,0.033,0.0,0.0,0.016,-0.097,100.0,2020-12-23,1999-01-01,1999-01-01,2021-01-25,2020-10-14,1999-01-01,-0.006,0.016,0.007,-0.008,-0.008,0.006,2020-12-24,2020-11-13,2020-10-08,2021-01-07,2020-12-11,2020-10-20,0.021,0.022,0.013,-0.026,0.006,-0.007,2021-02-04,2020-11-12,2020-10-05,2020-12-11,2020-10-21,2020-08-13,0.025,0.029,0.014,-0.035,0.008,-0.01,2021-02-05,2020-11-16,2020-10-06,2020-12-17,2020-10-21,2020-08-14,0.015,0.017,0.009,-0.017,0.009,100.0,2021-02-05,2020-11-12,2020-10-08,2020-12-18,2020-10-16,1999-01-01,2253500.0,10269200.0,12326100.0,39.16,168.33,63.26,0.034,0.0,0.0,-0.003,-0.026,100.0,0.01,0.004,0.0,-0.006,0.002,-0.004,0.02871,0.0,0.0,-0.00139,-0.02456,100.0,49.37,0.0,0.0,38.349,100.0,100.0,89.49,70.03,70.03,78.246,33.408,45.005,73.665,48.671,0.0,41.452,42.684,20.38,2020-12-03,1999-01-01,1999-01-01,2021-01-20,2020-09-24,1999-01-01,8007,0,0,118,7937,0,2020-11-19,1999-01-01,1999-01-01,2020-12-29,1999-01-01,1999-01-01,2021-02-04,2021-01-20,2021-01-14,2021-02-05,2021-01-25,2021-01-18,2020-11-26,2020-10-19,1999-01-01,2021-01-06,2020-11-02,2020-09-21,,,,,,n2p,,p2p,,Life.Bull,Life.BullRetrace,Life.BullEnd,Life.BullStart,Life.Bull,bull.t4,
2021-02-08,RL,,,,,,,0,0,0,,0,0,0,0.50962,,,,0.52,0.46348,0.45491,0.44522,0.45038,0.00851,,,0.01342,,0.013,0.02343,,,0.01997,,,0.0242,,,0.02416,,,0.01569,0.01492,0.00077,0.01461,,,0.47222,0.46315,0.00906,0.01002,0.00417,0.00585,,,,,19.11,-0.82,10.13,-0.15,19.18,-33.59,5.34,-18.48,12.0,6.0,11.0,2.0,17.0,31.0,11.0,27.0,0.0149,0.0,0.00849,-0.00424,2.00168,66.68536,64.9252,,,25.23336,91.31579,86.35062,,91.316,84.80207,84.45452,54.4141,53.88573,,,0.02588,0.02883,,,,,0.15,,,,,,,0.45,0.499,0.499,0.445,0.445,0.499,2021-01-18,2020-12-03,2020-11-27,2021-01-25,2021-01-12,2020-12-02,14.52,-1.11,1.12,-10.82,0.0,0.0,8.0,5.0,4.0,26.0,1.0,3.0,2.0,-0.0,0.0,-0.0,-0.0,-0.0,0.52,0.466,0.466,0.426,0.441,0.406,2021-02-08,2021-01-20,2021-01-14,2021-01-25,2021-01-18,2021-01-11,0.028,0.0,0.0,0.027,0.022,100.0,2020-12-22,1999-01-01,1999-01-01,2021-01-18,2020-11-02,1999-01-01,0.003,0.0,0.0,0.002,-0.073,100.0,2021-01-14,1999-01-01,1999-01-01,2021-01-22,2020-11-04,1999-01-01,0.034,0.0,0.0,0.016,-0.068,100.0,2020-12-21,1999-01-01,1999-01-01,2021-01-26,2020-10-07,1999-01-01,0.033,0.0,0.0,0.016,-0.097,100.0,2020-12-23,1999-01-01,1999-01-01,2021-01-25,2020-10-14,1999-01-01,0.013,-0.006,0.016,-0.008,-0.008,0.006,2021-02-08,2020-12-24,2020-11-13,2021-01-07,2020-12-11,2020-10-20,0.021,0.022,0.013,-0.026,0.006,-0.007,2021-02-04,2020-11-12,2020-10-05,2020-12-11,2020-10-21,2020-08-13,0.025,0.029,0.014,-0.035,0.008,-0.01,2021-02-05,2020-11-16,2020-10-06,2020-12-17,2020-10-21,2020-08-14,0.015,0.017,0.009,-0.017,0.009,100.0,2021-02-05,2020-11-12,2020-10-08,2020-12-18,2020-10-16,1999-01-01,10269200.0,12326100.0,6272700.0,168.33,63.26,16.17,0.034,0.0,0.0,-0.003,-0.026,100.0,0.01,0.004,0.0,-0.006,0.002,-0.004,0.02871,0.0,0.0,-0.00139,-0.02456,100.0,49.37,0.0,0.0,38.349,100.0,100.0,91.316,89.49,70.03,78.246,33.408,45.005,73.665,48.671,0.0,41.452,42.684,20.38,2020-12-03,1999-01-01,1999-01-01,2021-01-20,2020-09-24,1999-01-01,8007,0,0,118,7937,0,2020-11-19,1999-01-01,1999-01-01,2020-12-29,1999-01-01,1999-01-01,2021-02-08,2021-02-04,2021-01-20,2021-02-05,2021-01-25,2021-01-18,2020-11-26,2020-10-19,1999-01-01,2021-01-06,2020-11-02,2020-09-21,,,,,n2p,,p2p,,,Life.Bull,Life.BullRetrace,Life.BullEnd,Life.BullStart,Life.Bull,bull.t4,
2021-02-09,RL,,,,,,,0,0,0,,0,0,0,0.52304,,,,,0.46746,0.45727,0.44661,0.45103,0.01015,,,0.01331,,,0.0257,,,0.01893,,,0.02677,,,0.02342,,,0.01662,0.01555,0.00107,0.01431,,,0.47883,0.46701,0.01182,0.01234,0.00581,0.00653,,,,,16.05,-0.82,10.13,-0.15,19.18,-33.59,5.34,-18.48,11.0,6.0,11.0,2.0,17.0,31.0,11.0,27.0,-0.0,-0.005,0.00849,-0.00319,2.66592,72.72171,66.68293,,,31.26971,76.8813,82.14757,,,77.58529,82.40658,54.87105,54.39583,,,0.02616,0.0291,,,,,0.15,,,,,,,0.45,0.499,0.499,0.445,0.445,0.499,2021-01-18,2020-12-03,2020-11-27,2021-01-25,2021-01-12,2020-12-02,17.54,-1.11,1.12,-10.82,0.0,0.0,9.0,5.0,4.0,26.0,1.0,3.0,2.0,-0.0,0.0,-0.0,-0.0,-0.0,0.52,0.466,0.466,0.426,0.441,0.406,2021-02-08,2021-01-20,2021-01-14,2021-01-25,2021-01-18,2021-01-11,0.028,0.0,0.0,0.027,0.022,100.0,2020-12-22,1999-01-01,1999-01-01,2021-01-18,2020-11-02,1999-01-01,0.003,0.0,0.0,0.002,-0.073,100.0,2021-01-14,1999-01-01,1999-01-01,2021-01-22,2020-11-04,1999-01-01,0.034,0.0,0.0,0.016,-0.068,100.0,2020-12-21,1999-01-01,1999-01-01,2021-01-26,2020-10-07,1999-01-01,0.033,0.0,0.0,0.016,-0.097,100.0,2020-12-23,1999-01-01,1999-01-01,2021-01-25,2020-10-14,1999-01-01,0.013,-0.006,0.016,-0.008,-0.008,0.006,2021-02-08,2020-12-24,2020-11-13,2021-01-07,2020-12-11,2020-10-20,0.021,0.022,0.013,-0.026,0.006,-0.007,2021-02-04,2020-11-12,2020-10-05,2020-12-11,2020-10-21,2020-08-13,0.025,0.029,0.014,-0.035,0.008,-0.01,2021-02-05,2020-11-16,2020-10-06,2020-12-17,2020-10-21,2020-08-14,0.015,0.017,0.009,-0.017,0.009,100.0,2021-02-05,2020-11-12,2020-10-08,2020-12-18,2020-10-16,1999-01-01,12326100.0,6272700.0,7781900.0,63.26,16.17,-8.62,0.034,0.0,0.0,-0.003,-0.026,100.0,0.01,0.004,0.0,-0.006,0.002,-0.004,0.02871,0.0,0.0,-0.00139,-0.02456,100.0,49.37,0.0,0.0,38.349,100.0,100.0,91.316,89.49,70.03,78.246,33.408,45.005,73.665,48.671,0.0,41.452,42.684,20.38,2020-12-03,1999-01-01,1999-01-01,2021-01-20,2020-09-24,1999-01-01,8007,0,0,118,7937,0,2020-11-19,1999-01-01,1999-01-01,2020-12-29,1999-01-01,1999-01-01,2021-02-08,2021-02-04,2021-01-20,2021-02-05,2021-01-25,2021-01-18,2020-11-26,2020-10-19,1999-01-01,2021-01-06,2020-11-02,2020-09-21,,,,,,p2p,,,,Life.Bull,Life.BullRetrace,Life.BullEnd,Life.BullStart,Life.Bull,bull.t4,
2021-02-10,RL,,,,,,,0,0,0,,0,0,0,0.53621,,,0.51,,0.47076,0.45935,0.44787,0.45162,0.012,,,0.01294,,,0.02824,,,0.01757,,,0.02966,,,0.02233,,,0.01766,0.01624,0.00142,0.01382,,,0.48367,0.47022,0.01346,0.01473,0.00759,0.00714,,,,,13.2,-0.82,10.13,-0.15,19.18,-33.59,5.34,-18.48,10.0,6.0,11.0,2.0,17.0,31.0,11.0,27.0,-0.0,-0.0049,0.00814,-0.00354,2.30101,69.70624,68.29066,,,28.25424,73.07991,80.42567,73.08,,69.98741,77.45826,55.27325,54.8528,,,0.02606,0.02938,,,,,0.15,,,,,,,0.45,0.499,0.499,0.445,0.445,0.499,2021-01-18,2020-12-03,2020-11-27,2021-01-25,2021-01-12,2020-12-02,20.5,-1.11,1.12,-10.82,0.0,0.0,10.0,5.0,4.0,26.0,1.0,3.0,2.0,-0.0,0.0,-0.0,-0.0,-0.0,0.52,0.466,0.466,0.51,0.426,0.441,2021-02-08,2021-01-20,2021-01-14,2021-02-10,2021-01-25,2021-01-18,0.028,0.0,0.0,0.027,0.022,100.0,2020-12-22,1999-01-01,1999-01-01,2021-01-18,2020-11-02,1999-01-01,0.003,0.0,0.0,0.002,-0.073,100.0,2021-01-14,1999-01-01,1999-01-01,2021-01-22,2020-11-04,1999-01-01,0.034,0.0,0.0,0.016,-0.068,100.0,2020-12-21,1999-01-01,1999-01-01,2021-01-26,2020-10-07,1999-01-01,0.033,0.0,0.0,0.016,-0.097,100.0,2020-12-23,1999-01-01,1999-01-01,2021-01-25,2020-10-14,1999-01-01,0.013,-0.006,0.016,-0.008,-0.008,0.006,2021-02-08,2020-12-24,2020-11-13,2021-01-07,2020-12-11,2020-10-20,0.021,0.022,0.013,-0.026,0.006,-0.007,2021-02-04,2020-11-12,2020-10-05,2020-12-11,2020-10-21,2020-08-13,0.025,0.029,0.014,-0.035,0.008,-0.01,2021-02-05,2020-11-16,2020-10-06,2020-12-17,2020-10-21,2020-08-14,0.015,0.017,0.009,-0.017,0.009,100.0,2021-02-05,2020-11-12,2020-10-08,2020-12-18,2020-10-16,1999-01-01,6272700.0,7781900.0,1569800.0,16.17,-8.62,-40.77,0.034,0.0,0.0,-0.003,-0.026,100.0,0.01,0.004,0.0,-0.006,0.002,-0.004,0.02871,0.0,0.0,-0.00139,-0.02456,100.0,49.37,0.0,0.0,38.349,100.0,100.0,91.316,89.49,70.03,73.08,78.246,33.408,73.665,48.671,0.0,41.452,42.684,20.38,2020-12-03,1999-01-01,1999-01-01,2021-01-20,2020-09-24,1999-01-01,8007,0,0,118,7937,0,2020-11-19,1999-01-01,1999-01-01,2020-12-29,1999-01-01,1999-01-01,2021-02-08,2021-02-04,2021-01-20,2021-02-10,2021-02-05,2021-01-25,2020-11-26,2020-10-19,1999-01-01,2021-01-06,2020-11-02,2020-09-21,,,,,p2p,,,,,Life.Bull,Life.BullRetrace,Life.BullEnd,Life.BullStart,Life.Bull,bull.t4,
2021-02-11,RL,,,,,,,0,0,0,,0,0,0,0.54888,,,,,0.47417,0.46154,0.4492,0.45225,0.01404,,,0.01234,,,0.031,,,0.01592,,,0.03285,,,0.02089,,,0.01881,0.01696,0.00185,0.01315,,,0.48852,0.47355,0.01497,0.01716,0.0095,0.00765,,,,,10.59,-0.82,10.13,-0.15,19.18,-33.59,5.34,-18.48,9.0,6.0,11.0,2.0,17.0,31.0,11.0,27.0,0.0049,0.0,0.00707,-0.00354,2.0,66.66667,69.69395,,,25.21467,76.8813,75.61417,,,53.2905,66.9544,55.62355,55.25595,,,0.02491,0.02968,,,,,0.15,,,,,,,0.45,0.499,0.499,0.445,0.445,0.499,2021-01-18,2020-12-03,2020-11-27,2021-01-25,2021-01-12,2020-12-02,23.34,-1.11,1.12,-10.82,0.0,0.0,11.0,5.0,4.0,26.0,1.0,3.0,2.0,-0.0,0.0,-0.0,-0.0,-0.0,0.52,0.466,0.466,0.51,0.426,0.441,2021-02-08,2021-01-20,2021-01-14,2021-02-10,2021-01-25,2021-01-18,0.028,0.0,0.0,0.027,0.022,100.0,2020-12-22,1999-01-01,1999-01-01,2021-01-18,2020-11-02,1999-01-01,0.003,0.0,0.0,0.002,-0.073,100.0,2021-01-14,1999-01-01,1999-01-01,2021-01-22,2020-11-04,1999-01-01,0.034,0.0,0.0,0.016,-0.068,100.0,2020-12-21,1999-01-01,1999-01-01,2021-01-26,2020-10-07,1999-01-01,0.033,0.0,0.0,0.016,-0.097,100.0,2020-12-23,1999-01-01,1999-01-01,2021-01-25,2020-10-14,1999-01-01,0.013,-0.006,0.016,-0.008,-0.008,0.006,2021-02-08,2020-12-24,2020-11-13,2021-01-07,2020-12-11,2020-10-20,0.021,0.022,0.013,-0.026,0.006,-0.007,2021-02-04,2020-11-12,2020-10-05,2020-12-11,2020-10-21,2020-08-13,0.025,0.029,0.014,-0.035,0.008,-0.01,2021-02-05,2020-11-16,2020-10-06,2020-12-17,2020-10-21,2020-08-14,0.015,0.017,0.009,-0.017,0.009,100.0,2021-02-05,2020-11-12,2020-10-08,2020-12-18,2020-10-16,1999-01-01,7781900.0,1569800.0,667200.0,-8.62,-40.77,-35.88,0.034,0.0,0.0,-0.003,-0.026,100.0,0.01,0.004,0.0,-0.006,0.002,-0.004,0.02871,0.0,0.0,-0.00139,-0.02456,100.0,49.37,0.0,0.0,38.349,100.0,100.0,91.316,89.49,70.03,73.08,78.246,33.408,73.665,48.671,0.0,41.452,42.684,20.38,2020-12-03,1999-01-01,1999-01-01,2021-01-20,2020-09-24,1999-01-01,8007,0,0,118,7937,0,2020-11-19,1999-01-01,1999-01-01,2020-12-29,1999-01-01,1999-01-01,2021-02-08,2021-02-04,2021-01-20,2021-02-10,2021-02-05,2021-01-25,2020-11-26,2020-10-19,1999-01-01,2021-01-06,2020-11-02,2020-09-21,,,,,,,,,,Life.Bull,Life.BullRetrace,Life.BullEnd,Life.BullStart,Life.Bull,bull.t4,
2021-02-15,RL,,,,,,,0,0,0,,0,0,0,0.56097,,,,,0.48267,0.46637,0.45188,0.45357,0.01624,,,0.01155,,,0.03395,,,0.01402,,,0.0363,,,0.01915,,,0.02005,0.01771,0.00235,0.01233,,,0.5033,0.48177,0.02153,0.01956,0.01152,0.00805,,,,,8.2,-0.82,10.13,-0.15,19.18,-33.59,5.34,-18.48,7.0,6.0,11.0,2.0,17.0,31.0,11.0,27.0,0.0694,0.0,0.01203,-0.00283,4.25253,80.96154,70.84239,,,39.50954,94.45067,81.47063,,94.451,60.91962,61.39918,55.92449,55.6071,,,0.02879,0.02999,,,,,0.15,,,,,,,0.45,0.499,0.499,0.445,0.445,0.499,2021-01-18,2020-12-03,2020-11-27,2021-01-25,2021-01-12,2020-12-02,26.06,-1.11,1.12,-10.82,0.0,0.0,12.0,5.0,4.0,26.0,1.0,3.0,2.0,-0.0,0.0,-0.0,-0.0,-0.0,0.52,0.466,0.466,0.51,0.426,0.441,2021-02-08,2021-01-20,2021-01-14,2021-02-10,2021-01-25,2021-01-18,0.028,0.0,0.0,0.027,0.022,100.0,2020-12-22,1999-01-01,1999-01-01,2021-01-18,2020-11-02,1999-01-01,0.003,0.0,0.0,0.002,-0.073,100.0,2021-01-14,1999-01-01,1999-01-01,2021-01-22,2020-11-04,1999-01-01,0.034,0.0,0.0,0.016,-0.068,100.0,2020-12-21,1999-01-01,1999-01-01,2021-01-26,2020-10-07,1999-01-01,0.033,0.0,0.0,0.016,-0.097,100.0,2020-12-23,1999-01-01,1999-01-01,2021-01-25,2020-10-14,1999-01-01,0.013,-0.006,0.016,-0.008,-0.008,0.006,2021-02-08,2020-12-24,2020-11-13,2021-01-07,2020-12-11,2020-10-20,0.021,0.022,0.013,-0.026,0.006,-0.007,2021-02-04,2020-11-12,2020-10-05,2020-12-11,2020-10-21,2020-08-13,0.025,0.029,0.014,-0.035,0.008,-0.01,2021-02-05,2020-11-16,2020-10-06,2020-12-17,2020-10-21,2020-08-14,0.015,0.017,0.009,-0.017,0.009,100.0,2021-02-05,2020-11-12,2020-10-08,2020-12-18,2020-10-16,1999-01-01,1569800.0,667200.0,16818200.0,-40.77,-35.88,90.19,0.034,0.0,0.0,-0.003,-0.026,100.0,0.01,0.004,0.0,-0.006,0.002,-0.004,0.02871,0.0,0.0,-0.00139,-0.02456,100.0,49.37,0.0,0.0,38.349,100.0,100.0,94.451,91.316,89.49,73.08,78.246,33.408,73.665,48.671,0.0,41.452,42.684,20.38,2020-12-03,1999-01-01,1999-01-01,2021-01-20,2020-09-24,1999-01-01,8007,0,0,118,7937,0,2020-11-19,1999-01-01,1999-01-01,2020-12-29,1999-01-01,1999-01-01,2021-02-15,2021-02-08,2021-02-04,2021-02-10,2021-02-05,2021-01-25,2020-11-26,2020-10-19,1999-01-01,2021-01-06,2020-11-02,2020-09-21,16818200.0,,,,,,,,n2p,Life.Bull,Life.BullRetrace,Life.BullEnd,Life.BullStart,Life.Bull,bull.t4,
2021-02-16,RL,,,,,,,0,0,0,,0,0,0,0.57232,,,,0.609,0.49242,0.47198,0.455,0.45512,0.01859,,,0.01059,,,0.03705,,,0.01193,,,0.03997,,,0.01716,,,0.02138,0.01846,0.00292,0.01137,,,0.51963,0.49123,0.0284,0.0219,0.01359,0.00831,,,,,6.06,-0.82,10.13,-0.15,19.18,-33.59,5.34,-18.48,6.0,6.0,11.0,2.0,17.0,31.0,11.0,27.0,0.0248,0.0,0.0138,-0.00212,6.50505,86.67564,71.69694,,,45.22364,90.70859,87.34685,,,71.13933,61.78315,56.1789,55.90898,,,0.02992,0.0303,,,,,0.15,,,,,,,0.45,0.499,0.499,0.445,0.445,0.499,2021-01-18,2020-12-03,2020-11-27,2021-01-25,2021-01-12,2020-12-02,28.61,-1.11,1.12,-10.82,0.0,0.0,13.0,5.0,4.0,26.0,1.0,3.0,2.0,-0.0,0.0,-0.0,-0.0,-0.0,0.609,0.52,0.466,0.51,0.426,0.441,2021-02-16,2021-02-08,2021-01-20,2021-02-10,2021-01-25,2021-01-18,0.028,0.0,0.0,0.027,0.022,100.0,2020-12-22,1999-01-01,1999-01-01,2021-01-18,2020-11-02,1999-01-01,0.003,0.0,0.0,0.002,-0.073,100.0,2021-01-14,1999-01-01,1999-01-01,2021-01-22,2020-11-04,1999-01-01,0.034,0.0,0.0,0.016,-0.068,100.0,2020-12-21,1999-01-01,1999-01-01,2021-01-26,2020-10-07,1999-01-01,0.033,0.0,0.0,0.016,-0.097,100.0,2020-12-23,1999-01-01,1999-01-01,2021-01-25,2020-10-14,1999-01-01,0.013,-0.006,0.016,-0.008,-0.008,0.006,2021-02-08,2020-12-24,2020-11-13,2021-01-07,2020-12-11,2020-10-20,0.021,0.022,0.013,-0.026,0.006,-0.007,2021-02-04,2020-11-12,2020-10-05,2020-12-11,2020-10-21,2020-08-13,0.025,0.029,0.014,-0.035,0.008,-0.01,2021-02-05,2020-11-16,2020-10-06,2020-12-17,2020-10-21,2020-08-14,0.015,0.017,0.009,-0.017,0.009,100.0,2021-02-05,2020-11-12,2020-10-08,2020-12-18,2020-10-16,1999-01-01,667200.0,16818200.0,13244300.0,-35.88,90.19,61.27,0.034,0.0,0.0,-0.003,-0.026,100.0,0.01,0.004,0.0,-0.006,0.002,-0.004,0.02871,0.0,0.0,-0.00139,-0.02456,100.0,49.37,0.0,0.0,38.349,100.0,100.0,94.451,91.316,89.49,73.08,78.246,33.408,73.665,48.671,0.0,41.452,42.684,20.38,2020-12-03,1999-01-01,1999-01-01,2021-01-20,2020-09-24,1999-01-01,8007,0,0,118,7937,0,2020-11-19,1999-01-01,1999-01-01,2020-12-29,1999-01-01,1999-01-01,2021-02-15,2021-02-08,2021-02-04,2021-02-10,2021-02-05,2021-01-25,2020-11-26,2020-10-19,1999-01-01,2021-01-06,2020-11-02,2020-09-21,,,,,,,,n2p,,Life.Bull,Life.BullRetrace,Life.BullEnd,Life.BullStart,Life.Bull,bull.t4,
2021-02-17,RL,,,,,,,0,0,0,,0,0,0,0.58271,,,0.604,,0.50103,0.47717,0.45796,0.4566,0.02104,,,0.00951,,,0.04026,,,0.00969,,,0.04382,,,0.01495,,,0.02278,0.01922,0.00356,0.0103,,,0.53267,0.49961,0.03306,0.02411,0.0157,0.00842,,,,0.008,4.17,-0.82,10.13,-0.15,19.18,-33.59,5.34,-18.48,5.0,6.0,11.0,2.0,17.0,31.0,11.0,27.0,-0.0,-0.005,0.0138,-0.00106,12.96644,92.83998,72.23129,,,51.38798,88.08265,91.08064,88.083,,84.49417,72.18437,56.39202,56.16514,,,0.03062,0.03062,,,,,0.15,,,,,,,0.45,0.499,0.499,0.445,0.445,0.499,2021-01-18,2020-12-03,2020-11-27,2021-01-25,2021-01-12,2020-12-02,30.95,-1.11,1.12,-10.82,0.0,0.0,14.0,5.0,4.0,26.0,1.0,3.0,2.0,-0.0,0.0,-0.0,-0.0,-0.0,0.609,0.52,0.466,0.604,0.51,0.426,2021-02-16,2021-02-08,2021-01-20,2021-02-17,2021-02-10,2021-01-25,0.028,0.0,0.0,0.027,0.022,100.0,2020-12-22,1999-01-01,1999-01-01,2021-01-18,2020-11-02,1999-01-01,0.003,0.0,0.0,0.002,-0.073,100.0,2021-01-14,1999-01-01,1999-01-01,2021-01-22,2020-11-04,1999-01-01,0.034,0.0,0.0,0.016,-0.068,100.0,2020-12-21,1999-01-01,1999-01-01,2021-01-26,2020-10-07,1999-01-01,0.033,0.0,0.0,0.016,-0.097,100.0,2020-12-23,1999-01-01,1999-01-01,2021-01-25,2020-10-14,1999-01-01,0.013,-0.006,0.016,-0.008,-0.008,0.006,2021-02-08,2020-12-24,2020-11-13,2021-01-07,2020-12-11,2020-10-20,0.021,0.022,0.013,-0.026,0.006,-0.007,2021-02-04,2020-11-12,2020-10-05,2020-12-11,2020-10-21,2020-08-13,0.025,0.029,0.014,-0.035,0.008,-0.01,2021-02-05,2020-11-16,2020-10-06,2020-12-17,2020-10-21,2020-08-14,0.015,0.017,0.009,-0.017,0.009,100.0,2021-02-05,2020-11-12,2020-10-08,2020-12-18,2020-10-16,1999-01-01,16818200.0,13244300.0,7101800.0,90.19,61.27,20.94,0.034,0.0,0.0,-0.003,-0.026,100.0,0.008,0.01,0.004,-0.006,0.002,-0.004,0.02871,0.0,0.0,-0.00139,-0.02456,100.0,49.37,0.0,0.0,38.349,100.0,100.0,94.451,91.316,89.49,88.083,73.08,78.246,73.665,48.671,0.0,41.452,42.684,20.38,2020-12-03,1999-01-01,1999-01-01,2021-01-20,2020-09-24,1999-01-01,8007,0,0,118,7937,0,2020-11-19,1999-01-01,1999-01-01,2020-12-29,1999-01-01,1999-01-01,2021-02-15,2021-02-08,2021-02-04,2021-02-17,2021-02-10,2021-02-05,2020-11-26,2020-10-19,1999-01-01,2021-01-06,2020-11-02,2020-09-21,,,,,,,n2p,,,Life.Bull,Life.BullRetrace,Life.BullEnd,Life.BullStart,Life.Bull,bull.t4,
2021-02-18,RL,,,,,,,0,0,0,,0,0,0,0.59172,,,,0.614,0.50974,0.48255,0.46106,0.45817,0.02356,,,0.00835,,,0.04351,,,0.00737,,,0.04779,,,0.0126,,,0.02423,0.01996,0.00427,0.00913,,,0.54523,0.50811,0.03712,0.02616,0.01779,0.00837,,,,,2.58,-0.82,10.13,-0.15,19.18,-33.59,5.34,-18.48,4.0,6.0,11.0,2.0,17.0,31.0,11.0,27.0,0.0099,0.0,0.01416,-0.00106,13.30201,93.00798,72.43338,,72.433,51.55598,92.66371,90.48498,,92.664,83.8239,79.81913,56.57137,56.38076,,,0.03056,0.03095,,,,,0.15,,,,,,,0.45,0.499,0.499,0.445,0.445,0.499,2021-01-18,2020-12-03,2020-11-27,2021-01-25,2021-01-12,2020-12-02,32.97,-1.11,1.12,-10.82,0.0,0.0,15.0,5.0,4.0,26.0,1.0,3.0,2.0,-0.0,0.0,-0.0,-0.0,-0.0,0.614,0.609,0.52,0.604,0.51,0.426,2021-02-18,2021-02-16,2021-02-08,2021-02-17,2021-02-10,2021-01-25,0.028,0.0,0.0,0.027,0.022,100.0,2020-12-22,1999-01-01,1999-01-01,2021-01-18,2020-11-02,1999-01-01,0.003,0.0,0.0,0.002,-0.073,100.0,2021-01-14,1999-01-01,1999-01-01,2021-01-22,2020-11-04,1999-01-01,0.034,0.0,0.0,0.016,-0.068,100.0,2020-12-21,1999-01-01,1999-01-01,2021-01-26,2020-10-07,1999-01-01,0.033,0.0,0.0,0.016,-0.097,100.0,2020-12-23,1999-01-01,1999-01-01,2021-01-25,2020-10-14,1999-01-01,0.013,-0.006,0.016,-0.008,-0.008,0.006,2021-02-08,2020-12-24,2020-11-13,2021-01-07,2020-12-11,2020-10-20,0.021,0.022,0.013,-0.026,0.006,-0.007,2021-02-04,2020-11-12,2020-10-05,2020-12-11,2020-10-21,2020-08-13,0.025,0.029,0.014,-0.035,0.008,-0.01,2021-02-05,2020-11-16,2020-10-06,2020-12-17,2020-10-21,2020-08-14,0.015,0.017,0.009,-0.017,0.009,100.0,2021-02-05,2020-11-12,2020-10-08,2020-12-18,2020-10-16,1999-01-01,13244300.0,7101800.0,6935800.0,61.27,20.94,-26.59,0.034,0.0,0.0,-0.003,-0.026,100.0,0.008,0.01,0.004,-0.006,0.002,-0.004,0.02871,0.0,0.0,-0.00139,-0.02456,100.0,49.37,0.0,0.0,38.349,100.0,100.0,92.664,94.451,91.316,88.083,73.08,78.246,72.433,73.665,48.671,41.452,42.684,20.38,2020-12-03,1999-01-01,1999-01-01,2021-01-20,2020-09-24,1999-01-01,8007,0,0,118,7937,0,2020-11-19,1999-01-01,1999-01-01,2020-12-29,1999-01-01,1999-01-01,2021-02-18,2021-02-15,2021-02-08,2021-02-17,2021-02-10,2021-02-05,2021-02-18,2020-11-26,2020-10-19,2021-01-06,2020-11-02,2020-09-21,,,6935800.0,,,n2p,,,p2n,Life.Bull,Life.BullRetrace,Life.BullEnd,Life.BullStart,Life.Bull,,
2021-02-19,RL,,,,,,,0,0,0,,0,0,0,0.59881,,,0.57,,0.51436,0.48597,0.46321,0.45928,0.02611,,,0.00713,,,0.04677,,,0.00503,,,0.05182,,,0.01016,,,0.02571,0.02066,0.00505,0.00791,,,0.54899,0.51267,0.03632,0.02799,0.01983,0.00816,,,,,1.37,-0.82,10.13,-0.15,19.18,-33.59,5.34,-18.48,3.0,6.0,11.0,2.0,17.0,31.0,11.0,27.0,-0.0,-0.0446,0.01416,-0.00425,3.33109,76.91114,72.30829,,,4.47814,70.70409,83.81682,70.704,,70.09858,79.47221,56.7242,56.56253,,,0.03262,0.03127,,,,,0.15,,,,,,,0.45,0.499,0.499,0.445,0.445,0.499,2021-01-18,2020-12-03,2020-11-27,2021-01-25,2021-01-12,2020-12-02,34.56,-1.11,1.12,-10.82,0.0,0.0,16.0,5.0,4.0,26.0,1.0,3.0,2.0,-0.0,0.0,-0.0,-0.0,-0.0,0.614,0.609,0.52,0.57,0.604,0.51,2021-02-18,2021-02-16,2021-02-08,2021-02-19,2021-02-17,2021-02-10,0.028,0.0,0.0,0.027,0.022,100.0,2020-12-22,1999-01-01,1999-01-01,2021-01-18,2020-11-02,1999-01-01,0.003,0.0,0.0,0.002,-0.073,100.0,2021-01-14,1999-01-01,1999-01-01,2021-01-22,2020-11-04,1999-01-01,0.034,0.0,0.0,0.016,-0.068,100.0,2020-12-21,1999-01-01,1999-01-01,2021-01-26,2020-10-07,1999-01-01,0.033,0.0,0.0,0.016,-0.097,100.0,2020-12-23,1999-01-01,1999-01-01,2021-01-25,2020-10-14,1999-01-01,0.013,-0.006,0.016,-0.008,-0.008,0.006,2021-02-08,2020-12-24,2020-11-13,2021-01-07,2020-12-11,2020-10-20,0.021,0.022,0.013,-0.026,0.006,-0.007,2021-02-04,2020-11-12,2020-10-05,2020-12-11,2020-10-21,2020-08-13,0.025,0.029,0.014,-0.035,0.008,-0.01,2021-02-05,2020-11-16,2020-10-06,2020-12-17,2020-10-21,2020-08-14,0.015,0.017,0.009,-0.017,0.009,100.0,2021-02-05,2020-11-12,2020-10-08,2020-12-18,2020-10-16,1999-01-01,7101800.0,6935800.0,7390400.0,20.94,-26.59,-21.46,0.034,0.0,0.0,-0.003,-0.026,100.0,0.008,0.01,0.004,-0.006,0.002,-0.004,0.02871,0.0,0.0,-0.00139,-0.02456,100.0,49.37,0.0,0.0,38.349,100.0,100.0,92.664,94.451,91.316,70.704,88.083,73.08,72.433,73.665,48.671,41.452,42.684,20.38,2020-12-03,1999-01-01,1999-01-01,2021-01-20,2020-09-24,1999-01-01,8007,0,0,118,7937,0,2020-11-19,1999-01-01,1999-01-01,2020-12-29,1999-01-01,1999-01-01,2021-02-18,2021-02-15,2021-02-08,2021-02-19,2021-02-17,2021-02-10,2021-02-18,2020-11-26,2020-10-19,2021-01-06,2020-11-02,2020-09-21,,,,,n2p,,,p2n,,Life.Bull,Life.BullRetrace,Life.BullEnd,Life.BullStart,Life.Bull,,
2021-02-22,RL,,,,,,,0,0,0,,0,0,0,0.60371,,,,,0.51938,0.48964,0.46551,0.46048,0.02867,,,0.00591,,,0.04999,,,0.00273,,,0.05588,,,0.0077,,,0.02721,0.02132,0.00589,0.00665,,,0.5537,0.51763,0.03607,0.02958,0.02178,0.0078,,,,,0.55,-0.82,10.13,-0.15,19.18,-33.59,5.34,-18.48,2.0,6.0,11.0,2.0,17.0,31.0,11.0,27.0,0.0099,0.0,0.01451,-0.00425,3.41345,77.34196,71.87569,,,4.90896,74.97477,79.44752,,,57.13484,70.35244,56.85558,56.71705,,,0.03347,0.03159,,,,,0.15,,,,,,,0.45,0.499,0.499,0.445,0.445,0.499,2021-01-18,2020-12-03,2020-11-27,2021-01-25,2021-01-12,2020-12-02,35.67,-1.11,1.12,-10.82,0.0,0.0,17.0,5.0,4.0,26.0,1.0,3.0,2.0,-0.0,0.0,-0.0,-0.0,-0.0,0.614,0.609,0.52,0.57,0.604,0.51,2021-02-18,2021-02-16,2021-02-08,2021-02-19,2021-02-17,2021-02-10,0.028,0.0,0.0,0.027,0.022,100.0,2020-12-22,1999-01-01,1999-01-01,2021-01-18,2020-11-02,1999-01-01,0.003,0.0,0.0,0.002,-0.073,100.0,2021-01-14,1999-01-01,1999-01-01,2021-01-22,2020-11-04,1999-01-01,0.034,0.0,0.0,0.016,-0.068,100.0,2020-12-21,1999-01-01,1999-01-01,2021-01-26,2020-10-07,1999-01-01,0.033,0.0,0.0,0.016,-0.097,100.0,2020-12-23,1999-01-01,1999-01-01,2021-01-25,2020-10-14,1999-01-01,0.013,-0.006,0.016,-0.008,-0.008,0.006,2021-02-08,2020-12-24,2020-11-13,2021-01-07,2020-12-11,2020-10-20,0.021,0.022,0.013,-0.026,0.006,-0.007,2021-02-04,2020-11-12,2020-10-05,2020-12-11,2020-10-21,2020-08-13,0.025,0.029,0.014,-0.035,0.008,-0.01,2021-02-05,2020-11-16,2020-10-06,2020-12-17,2020-10-21,2020-08-14,0.015,0.017,0.009,-0.017,0.009,100.0,2021-02-05,2020-11-12,2020-10-08,2020-12-18,2020-10-16,1999-01-01,6935800.0,7390400.0,5112000.0,-26.59,-21.46,-9.29,0.034,0.0,0.0,-0.003,-0.026,100.0,0.008,0.01,0.004,-0.006,0.002,-0.004,0.02871,0.0,0.0,-0.00139,-0.02456,100.0,49.37,0.0,0.0,38.349,100.0,100.0,92.664,94.451,91.316,70.704,88.083,73.08,72.433,73.665,48.671,41.452,42.684,20.38,2020-12-03,1999-01-01,1999-01-01,2021-01-20,2020-09-24,1999-01-01,8007,0,0,118,7937,0,2020-11-19,1999-01-01,1999-01-01,2020-12-29,1999-01-01,1999-01-01,2021-02-18,2021-02-15,2021-02-08,2021-02-19,2021-02-17,2021-02-10,2021-02-18,2020-11-26,2020-10-19,2021-01-06,2020-11-02,2020-09-21,,,,,,,p2n,,,Life.Bull,Life.BullRetrace,Life.BullEnd,Life.BullStart,Life.Bull,,
2021-02-23,RL,,,,,,,0,0,0,,0,0,0,0.60648,,,,0.649,0.52935,0.49589,0.46915,0.46235,0.0312,,,0.00472,,,0.05312,,,0.00053,,,0.0599,,,0.00529,,,0.0287,0.02191,0.00678,0.00538,,,0.56836,0.52736,0.041,0.0309,0.0236,0.0073,,,,,0.09,-0.82,10.13,-0.15,19.18,-33.59,5.34,-18.48,1.0,6.0,11.0,2.0,17.0,31.0,11.0,27.0,0.0694,0.0,0.01805,-0.00425,4.24706,80.9417,71.1711,,,8.5087,100.0,81.89295,,100.0,61.31202,62.84848,56.96654,56.84877,,,0.03603,0.03191,,,,,0.15,,,,,,,0.45,0.499,0.499,0.445,0.445,0.499,2021-01-18,2020-12-03,2020-11-27,2021-01-25,2021-01-12,2020-12-02,36.29,-1.11,1.12,-10.82,0.0,0.0,18.0,5.0,4.0,26.0,1.0,3.0,2.0,-0.0,0.0,-0.0,-0.0,-0.0,0.649,0.614,0.609,0.57,0.604,0.51,2021-02-23,2021-02-18,2021-02-16,2021-02-19,2021-02-17,2021-02-10,0.028,0.0,0.0,0.027,0.022,100.0,2020-12-22,1999-01-01,1999-01-01,2021-01-18,2020-11-02,1999-01-01,0.003,0.0,0.0,0.002,-0.073,100.0,2021-01-14,1999-01-01,1999-01-01,2021-01-22,2020-11-04,1999-01-01,0.034,0.0,0.0,0.016,-0.068,100.0,2020-12-21,1999-01-01,1999-01-01,2021-01-26,2020-10-07,1999-01-01,0.033,0.0,0.0,0.016,-0.097,100.0,2020-12-23,1999-01-01,1999-01-01,2021-01-25,2020-10-14,1999-01-01,0.013,-0.006,0.016,-0.008,-0.008,0.006,2021-02-08,2020-12-24,2020-11-13,2021-01-07,2020-12-11,2020-10-20,0.021,0.022,0.013,-0.026,0.006,-0.007,2021-02-04,2020-11-12,2020-10-05,2020-12-11,2020-10-21,2020-08-13,0.025,0.029,0.014,-0.035,0.008,-0.01,2021-02-05,2020-11-16,2020-10-06,2020-12-17,2020-10-21,2020-08-14,0.015,0.017,0.009,-0.017,0.009,100.0,2021-02-05,2020-11-12,2020-10-08,2020-12-18,2020-10-16,1999-01-01,7390400.0,5112000.0,19588900.0,-21.46,-9.29,65.09,0.034,0.0,0.0,-0.003,-0.026,100.0,0.008,0.01,0.004,-0.006,0.002,-0.004,0.02871,0.0,0.0,-0.00139,-0.02456,100.0,49.37,0.0,0.0,38.349,100.0,100.0,100.0,92.664,94.451,70.704,88.083,73.08,72.433,73.665,48.671,41.452,42.684,20.38,2020-12-03,1999-01-01,1999-01-01,2021-01-20,2020-09-24,1999-01-01,8007,0,0,118,7937,0,2020-11-19,1999-01-01,1999-01-01,2020-12-29,1999-01-01,1999-01-01,2021-02-23,2021-02-18,2021-02-15,2021-02-19,2021-02-17,2021-02-10,2021-02-18,2020-11-26,2020-10-19,2021-01-06,2020-11-02,2020-09-21,19588900.0,,,,,p2n,,,n2p,Life.Bull,Life.BullRetrace,Life.BullEnd,Life.BullStart,Life.Bull,,
2021-02-24,RL,4.76,12.42,4.12,14.34,4.47,1.74,0,0,0,-,1,1,1,0.60747,,0.607,0.609,,0.5355,0.50034,0.47192,0.46382,0.03371,,,0.00357,,,0.05614,,,-0.00151,,,0.06386,,,0.00297,,,0.03015,0.02242,0.00773,0.00413,,,0.57468,0.53344,0.04124,0.03196,0.02527,0.00668,,,,,-0.9,10.13,-0.15,19.18,-33.59,5.34,-18.48,23.11,6.0,11.0,2.0,17.0,31.0,11.0,27.0,32.0,-0.0,-0.0396,0.01734,-0.00708,2.45005,71.01492,70.24102,,,-1.41808,75.72286,83.56588,75.723,,66.74315,61.73,57.05455,56.95889,,,0.03806,0.03223,,,,,0.15,,,,,,,0.607,0.45,0.499,0.445,0.445,0.499,2021-02-24,2021-01-18,2020-12-03,2021-01-25,2021-01-12,2020-12-02,0.0,36.4,-1.11,1.12,-10.82,0.0,0.0,19.0,5.0,4.0,26.0,1.0,0.0,2.0,-0.0,0.0,-0.0,-0.0,0.649,0.614,0.609,0.609,0.57,0.604,2021-02-23,2021-02-18,2021-02-16,2021-02-24,2021-02-19,2021-02-17,0.028,0.0,0.0,0.027,0.022,100.0,2020-12-22,1999-01-01,1999-01-01,2021-01-18,2020-11-02,1999-01-01,0.003,0.0,0.0,0.002,-0.073,100.0,2021-01-14,1999-01-01,1999-01-01,2021-01-22,2020-11-04,1999-01-01,0.034,0.0,0.0,0.016,-0.068,100.0,2020-12-21,1999-01-01,1999-01-01,2021-01-26,2020-10-07,1999-01-01,0.033,0.0,0.0,0.016,-0.097,100.0,2020-12-23,1999-01-01,1999-01-01,2021-01-25,2020-10-14,1999-01-01,0.013,-0.006,0.016,-0.008,-0.008,0.006,2021-02-08,2020-12-24,2020-11-13,2021-01-07,2020-12-11,2020-10-20,0.021,0.022,0.013,-0.026,0.006,-0.007,2021-02-04,2020-11-12,2020-10-05,2020-12-11,2020-10-21,2020-08-13,0.025,0.029,0.014,-0.035,0.008,-0.01,2021-02-05,2020-11-16,2020-10-06,2020-12-17,2020-10-21,2020-08-14,0.015,0.017,0.009,-0.017,0.009,100.0,2021-02-05,2020-11-12,2020-10-08,2020-12-18,2020-10-16,1999-01-01,5112000.0,19588900.0,9081900.0,-9.29,65.09,5.27,0.034,0.0,0.0,-0.003,-0.026,100.0,0.008,0.01,0.004,-0.006,0.002,-0.004,0.02871,0.0,0.0,-0.00139,-0.02456,100.0,49.37,0.0,0.0,38.349,100.0,100.0,100.0,92.664,94.451,75.723,70.704,88.083,72.433,73.665,48.671,41.452,42.684,20.38,2020-12-03,1999-01-01,1999-01-01,2021-01-20,2020-09-24,1999-01-01,8007,0,0,118,7937,0,2020-11-19,1999-01-01,1999-01-01,2020-12-29,1999-01-01,1999-01-01,2021-02-23,2021-02-18,2021-02-15,2021-02-24,2021-02-19,2021-02-17,2021-02-18,2020-11-26,2020-10-19,2021-01-06,2020-11-02,2020-09-21,,,,,p2n,,,n2p,,Life.Bull,Life.BullRetrace,Life.BullEnd,Life.BullStart,Life.Bull,,
2021-02-25,RL,4.76,12.92,4.12,14.93,4.29,1.67,0,0,0,-,0,0,0,0.6074,,,,0.634,0.54309,0.50558,0.47514,0.46551,0.03619,,,0.00251,,,0.05902,,,-0.00337,,,0.06774,,,0.00082,,,0.03154,0.02283,0.00871,0.00292,,,0.58382,0.54089,0.04293,0.03276,0.02677,0.00599,,,,,-0.89,10.13,-0.15,19.18,-33.59,5.34,-18.48,23.11,5.0,11.0,2.0,17.0,31.0,11.0,27.0,32.0,0.0247,0.0,0.01663,-0.00708,2.34914,70.14161,69.13989,,,-2.29139,87.50789,87.74358,,87.508,80.31833,69.45784,57.11714,57.04608,,,0.03746,0.03253,,,,,0.15,,,,,,,0.607,0.45,0.499,0.445,0.445,0.499,2021-02-24,2021-01-18,2020-12-03,2021-01-25,2021-01-12,2020-12-02,0.07,36.4,-1.11,1.12,-10.82,0.0,1.0,19.0,5.0,4.0,26.0,1.0,0.0,2.0,-0.0,0.0,-0.0,-0.0,0.634,0.649,0.614,0.609,0.57,0.604,2021-02-25,2021-02-23,2021-02-18,2021-02-24,2021-02-19,2021-02-17,0.028,0.0,0.0,0.027,0.022,100.0,2020-12-22,1999-01-01,1999-01-01,2021-01-18,2020-11-02,1999-01-01,0.003,0.0,0.0,0.002,-0.073,100.0,2021-01-14,1999-01-01,1999-01-01,2021-01-22,2020-11-04,1999-01-01,0.034,0.0,0.0,0.016,-0.068,100.0,2020-12-21,1999-01-01,1999-01-01,2021-01-26,2020-10-07,1999-01-01,0.033,0.0,0.0,0.016,-0.097,100.0,2020-12-23,1999-01-01,1999-01-01,2021-01-25,2020-10-14,1999-01-01,0.013,-0.006,0.016,-0.008,-0.008,0.006,2021-02-08,2020-12-24,2020-11-13,2021-01-07,2020-12-11,2020-10-20,0.021,0.022,0.013,-0.026,0.006,-0.007,2021-02-04,2020-11-12,2020-10-05,2020-12-11,2020-10-21,2020-08-13,0.025,0.029,0.014,-0.035,0.008,-0.01,2021-02-05,2020-11-16,2020-10-06,2020-12-17,2020-10-21,2020-08-14,0.015,0.017,0.009,-0.017,0.009,100.0,2021-02-05,2020-11-12,2020-10-08,2020-12-18,2020-10-16,1999-01-01,19588900.0,9081900.0,4341900.0,65.09,5.27,-2.28,0.034,0.0,0.0,-0.003,-0.026,100.0,0.008,0.01,0.004,-0.006,0.002,-0.004,0.02871,0.0,0.0,-0.00139,-0.02456,100.0,49.37,0.0,0.0,38.349,100.0,100.0,87.508,100.0,92.664,75.723,70.704,88.083,72.433,73.665,48.671,41.452,42.684,20.38,2020-12-03,1999-01-01,1999-01-01,2021-01-20,2020-09-24,1999-01-01,8007,0,0,118,7937,0,2020-11-19,1999-01-01,1999-01-01,2020-12-29,1999-01-01,1999-01-01,2021-02-25,2021-02-23,2021-02-18,2021-02-24,2021-02-19,2021-02-17,2021-02-18,2020-11-26,2020-10-19,2021-01-06,2020-11-02,2020-09-21,,,,,,,n2p,,,Life.Bull,Life.BullRetrace,Life.BullEnd,Life.BullStart,Life.Bull,,
2021-02-26,RL,4.76,12.32,4.12,14.23,4.5,1.76,0,0,0,-,1,1,1,0.6068,,,,,0.5478,0.50946,0.4777,0.46689,0.03865,,,0.00154,,,0.06176,,,-0.00498,,,0.0715,,,-0.00113,,,0.03285,0.02312,0.00974,0.00178,,,0.58698,0.5456,0.04139,0.03331,0.02808,0.00523,,,,,-0.79,10.13,-0.15,19.18,-33.59,5.34,-18.48,23.11,4.0,11.0,2.0,17.0,31.0,11.0,27.0,32.0,-0.0,-0.0297,0.01628,-0.0092,1.76941,63.89123,67.92178,,,-8.54177,67.75244,76.9944,,,65.16682,70.74277,57.15556,57.10908,,,0.03797,0.03283,,,,,0.15,,,,,,,0.607,0.45,0.499,0.445,0.445,0.499,2021-02-24,2021-01-18,2020-12-03,2021-01-25,2021-01-12,2020-12-02,-0.03,36.4,-1.11,1.12,-10.82,0.0,2.0,19.0,5.0,4.0,26.0,1.0,-0.0,2.0,-0.0,0.0,-0.0,-0.0,0.634,0.649,0.614,0.609,0.57,0.604,2021-02-25,2021-02-23,2021-02-18,2021-02-24,2021-02-19,2021-02-17,0.028,0.0,0.0,0.027,0.022,100.0,2020-12-22,1999-01-01,1999-01-01,2021-01-18,2020-11-02,1999-01-01,0.003,0.0,0.0,0.002,-0.073,100.0,2021-01-14,1999-01-01,1999-01-01,2021-01-22,2020-11-04,1999-01-01,0.034,0.0,0.0,0.016,-0.068,100.0,2020-12-21,1999-01-01,1999-01-01,2021-01-26,2020-10-07,1999-01-01,0.033,0.0,0.0,0.016,-0.097,100.0,2020-12-23,1999-01-01,1999-01-01,2021-01-25,2020-10-14,1999-01-01,0.013,-0.006,0.016,-0.008,-0.008,0.006,2021-02-08,2020-12-24,2020-11-13,2021-01-07,2020-12-11,2020-10-20,0.021,0.022,0.013,-0.026,0.006,-0.007,2021-02-04,2020-11-12,2020-10-05,2020-12-11,2020-10-21,2020-08-13,0.025,0.029,0.014,-0.035,0.008,-0.01,2021-02-05,2020-11-16,2020-10-06,2020-12-17,2020-10-21,2020-08-14,0.015,0.017,0.009,-0.017,0.009,100.0,2021-02-05,2020-11-12,2020-10-08,2020-12-18,2020-10-16,1999-01-01,9081900.0,4341900.0,4180000.0,5.27,-2.28,-46.68,0.034,0.0,0.0,-0.003,-0.026,100.0,0.008,0.01,0.004,-0.006,0.002,-0.004,0.02871,0.0,0.0,-0.00139,-0.02456,100.0,49.37,0.0,0.0,38.349,100.0,100.0,87.508,100.0,92.664,75.723,70.704,88.083,72.433,73.665,48.671,41.452,42.684,20.38,2020-12-03,1999-01-01,1999-01-01,2021-01-20,2020-09-24,1999-01-01,8007,0,0,118,7937,0,2020-11-19,1999-01-01,1999-01-01,2020-12-29,1999-01-01,1999-01-01,2021-02-25,2021-02-23,2021-02-18,2021-02-24,2021-02-19,2021-02-17,2021-02-18,2020-11-26,2020-10-19,2021-01-06,2020-11-02,2020-09-21,,,,-4180000.0,,n2p,,,n2n,Life.Bull,Life.BullRetrace,Life.BullEnd,Life.BullStart,Life.Bull,,
2021-03-01,RL,4.76,12.32,4.12,14.23,4.5,1.76,0,0,0,-,1,1,1,0.60577,,,,,0.55216,0.51318,0.4802,0.46826,0.04107,,,0.00068,,,0.06435,,,-0.00634,,,0.07515,,,-0.00284,,,0.03408,0.02328,0.0108,0.00073,,,0.58966,0.54995,0.03971,0.03366,0.02919,0.00446,,,,,-0.62,10.13,-0.15,19.18,-33.59,5.34,-18.48,23.11,3.0,11.0,2.0,17.0,31.0,11.0,27.0,32.0,0.0,0.0,0.01521,-0.0092,1.65373,62.31714,66.63568,,,-10.11586,66.6891,73.98314,,,53.16676,66.21731,57.17558,57.14943,,,0.03738,0.03312,,,,,0.15,,,,,,,0.607,0.45,0.499,0.445,0.445,0.499,2021-02-24,2021-01-18,2020-12-03,2021-01-25,2021-01-12,2020-12-02,-0.2,36.4,-1.11,1.12,-10.82,0.0,3.0,19.0,5.0,4.0,26.0,1.0,-0.0,2.0,-0.0,0.0,-0.0,-0.0,0.634,0.649,0.614,0.609,0.57,0.604,2021-02-25,2021-02-23,2021-02-18,2021-02-24,2021-02-19,2021-02-17,0.028,0.0,0.0,0.027,0.022,100.0,2020-12-22,1999-01-01,1999-01-01,2021-01-18,2020-11-02,1999-01-01,0.003,0.0,0.0,0.002,-0.073,100.0,2021-01-14,1999-01-01,1999-01-01,2021-01-22,2020-11-04,1999-01-01,0.034,0.0,0.0,0.016,-0.068,100.0,2020-12-21,1999-01-01,1999-01-01,2021-01-26,2020-10-07,1999-01-01,0.033,0.0,0.0,0.016,-0.097,100.0,2020-12-23,1999-01-01,1999-01-01,2021-01-25,2020-10-14,1999-01-01,0.013,-0.006,0.016,-0.008,-0.008,0.006,2021-02-08,2020-12-24,2020-11-13,2021-01-07,2020-12-11,2020-10-20,0.021,0.022,0.013,-0.026,0.006,-0.007,2021-02-04,2020-11-12,2020-10-05,2020-12-11,2020-10-21,2020-08-13,0.025,0.029,0.014,-0.035,0.008,-0.01,2021-02-05,2020-11-16,2020-10-06,2020-12-17,2020-10-21,2020-08-14,0.015,0.017,0.009,-0.017,0.009,100.0,2021-02-05,2020-11-12,2020-10-08,2020-12-18,2020-10-16,1999-01-01,4341900.0,4180000.0,2595600.0,-2.28,-46.68,-36.85,0.034,0.0,0.0,-0.003,-0.026,100.0,0.008,0.01,0.004,-0.006,0.002,-0.004,0.02871,0.0,0.0,-0.00139,-0.02456,100.0,49.37,0.0,0.0,38.349,100.0,100.0,87.508,100.0,92.664,75.723,70.704,88.083,72.433,73.665,48.671,41.452,42.684,20.38,2020-12-03,1999-01-01,1999-01-01,2021-01-20,2020-09-24,1999-01-01,8007,0,0,118,7937,0,2020-11-19,1999-01-01,1999-01-01,2020-12-29,1999-01-01,1999-01-01,2021-02-25,2021-02-23,2021-02-18,2021-02-24,2021-02-19,2021-02-17,2021-02-18,2020-11-26,2020-10-19,2021-01-06,2020-11-02,2020-09-21,,,,,n2p,,,n2n,,Life.Bull,Life.BullRetrace,Life.BullEnd,Life.BullStart,Life.Bull,,
2021-03-02,RL,4.76,11.81,4.12,13.65,4.7,1.83,0,0,0,-,1,1,1,0.60434,,,0.58,,0.55427,0.51579,0.48217,0.46937,0.04348,,,-5e-05,,,0.06679,,,-0.00742,,,0.07867,,,-0.00428,,,0.03519,0.02331,0.01188,-0.00021,,,0.58812,0.55215,0.03597,0.03381,0.03012,0.00369,,0.034,,,-0.39,10.13,-0.15,19.18,-33.59,5.34,-18.48,23.11,2.0,11.0,2.0,17.0,31.0,11.0,27.0,32.0,-0.0,-0.0248,0.01521,-0.01061,1.43338,58.90487,65.32829,,,-13.52813,50.0,61.48051,50.0,,27.95632,48.7633,57.18511,57.17208,,,0.03683,0.0334,,,,,0.15,,,,,,,0.607,0.45,0.499,0.445,0.445,0.499,2021-02-24,2021-01-18,2020-12-03,2021-01-25,2021-01-12,2020-12-02,-0.44,36.4,-1.11,1.12,-10.82,0.0,4.0,19.0,5.0,4.0,26.0,1.0,-0.0,2.0,-0.0,0.0,-0.0,-0.0,0.634,0.649,0.614,0.58,0.609,0.57,2021-02-25,2021-02-23,2021-02-18,2021-03-02,2021-02-24,2021-02-19,0.028,0.0,0.0,0.027,0.022,100.0,2020-12-22,1999-01-01,1999-01-01,2021-01-18,2020-11-02,1999-01-01,0.003,0.0,0.0,0.002,-0.073,100.0,2021-01-14,1999-01-01,1999-01-01,2021-01-22,2020-11-04,1999-01-01,0.034,0.0,0.0,0.016,-0.068,100.0,2020-12-21,1999-01-01,1999-01-01,2021-01-26,2020-10-07,1999-01-01,0.033,0.0,0.0,0.016,-0.097,100.0,2020-12-23,1999-01-01,1999-01-01,2021-01-25,2020-10-14,1999-01-01,0.013,-0.006,0.016,-0.008,-0.008,0.006,2021-02-08,2020-12-24,2020-11-13,2021-01-07,2020-12-11,2020-10-20,0.021,0.022,0.013,-0.026,0.006,-0.007,2021-02-04,2020-11-12,2020-10-05,2020-12-11,2020-10-21,2020-08-13,0.025,0.029,0.014,-0.035,0.008,-0.01,2021-02-05,2020-11-16,2020-10-06,2020-12-17,2020-10-21,2020-08-14,0.015,0.017,0.009,-0.017,0.009,100.0,2021-02-05,2020-11-12,2020-10-08,2020-12-18,2020-10-16,1999-01-01,4180000.0,2595600.0,3089300.0,-46.68,-36.85,-11.27,0.034,0.034,0.0,-0.003,-0.026,100.0,0.008,0.01,0.004,-0.006,0.002,-0.004,0.03012,0.02871,0.0,-0.00139,-0.02456,100.0,49.37,0.0,0.0,38.349,100.0,100.0,87.508,100.0,92.664,50.0,75.723,70.704,72.433,73.665,48.671,41.452,42.684,20.38,2021-03-02,2020-12-03,1999-01-01,2021-01-20,2020-09-24,1999-01-01,89,8007,0,118,7937,0,2020-11-19,1999-01-01,1999-01-01,2020-12-29,1999-01-01,1999-01-01,2021-02-25,2021-02-23,2021-02-18,2021-03-02,2021-02-24,2021-02-19,2021-02-18,2020-11-26,2020-10-19,2021-01-06,2020-11-02,2020-09-21,,,,,,,n2n,,,Life.Bull,Life.BullRetrace,Life.BullEnd,Life.BullStart,Life.Bull,,
2021-03-03,RL,4.76,12.52,4.12,14.46,4.43,1.73,0,0,0,-,0,0,0,0.60275,,,,0.614,0.55889,0.51965,0.48479,0.47081,0.04587,,,-0.00065,,,0.06908,,,-0.00822,,,0.08207,,,-0.00543,,,0.0362,0.02321,0.01299,-0.00104,,,0.59214,0.55675,0.03539,0.03381,0.03086,0.00295,,,,,-0.12,10.13,-0.15,19.18,-33.59,5.34,-18.48,23.11,1.0,11.0,2.0,17.0,31.0,11.0,27.0,32.0,0.0347,0.0,0.01769,-0.01026,1.72373,63.28564,64.04339,,,-9.14736,72.4234,63.0375,,72.423,30.2714,37.13149,57.19291,57.18453,,,0.03703,0.03367,,,,,0.15,,,,,,,0.607,0.45,0.499,0.445,0.445,0.499,2021-02-24,2021-01-18,2020-12-03,2021-01-25,2021-01-12,2020-12-02,-0.7,36.4,-1.11,1.12,-10.82,0.0,5.0,19.0,5.0,4.0,26.0,1.0,-0.0,2.0,-0.0,0.0,-0.0,-0.0,0.614,0.634,0.649,0.58,0.609,0.57,2021-03-03,2021-02-25,2021-02-23,2021-03-02,2021-02-24,2021-02-19,0.028,0.0,0.0,0.027,0.022,100.0,2020-12-22,1999-01-01,1999-01-01,2021-01-18,2020-11-02,1999-01-01,0.003,0.0,0.0,0.002,-0.073,100.0,2021-01-14,1999-01-01,1999-01-01,2021-01-22,2020-11-04,1999-01-01,0.034,0.0,0.0,0.016,-0.068,100.0,2020-12-21,1999-01-01,1999-01-01,2021-01-26,2020-10-07,1999-01-01,0.033,0.0,0.0,0.016,-0.097,100.0,2020-12-23,1999-01-01,1999-01-01,2021-01-25,2020-10-14,1999-01-01,0.013,-0.006,0.016,-0.008,-0.008,0.006,2021-02-08,2020-12-24,2020-11-13,2021-01-07,2020-12-11,2020-10-20,0.021,0.022,0.013,-0.026,0.006,-0.007,2021-02-04,2020-11-12,2020-10-05,2020-12-11,2020-10-21,2020-08-13,0.025,0.029,0.014,-0.035,0.008,-0.01,2021-02-05,2020-11-16,2020-10-06,2020-12-17,2020-10-21,2020-08-14,0.015,0.017,0.009,-0.017,0.009,100.0,2021-02-05,2020-11-12,2020-10-08,2020-12-18,2020-10-16,1999-01-01,2595600.0,3089300.0,2587000.0,-36.85,-11.27,-16.15,0.034,0.034,0.0,-0.003,-0.026,100.0,0.008,0.01,0.004,-0.006,0.002,-0.004,0.03012,0.02871,0.0,-0.00139,-0.02456,100.0,49.37,0.0,0.0,38.349,100.0,100.0,72.423,87.508,100.0,50.0,75.723,70.704,72.433,73.665,48.671,41.452,42.684,20.38,2021-03-02,2020-12-03,1999-01-01,2021-01-20,2020-09-24,1999-01-01,89,8007,0,118,7937,0,2020-11-19,1999-01-01,1999-01-01,2020-12-29,1999-01-01,1999-01-01,2021-03-03,2021-02-25,2021-02-23,2021-03-02,2021-02-24,2021-02-19,2021-02-18,2020-11-26,2020-10-19,2021-01-06,2020-11-02,2020-09-21,,,,,,n2n,,,,Life.Bull,Life.BullRetrace,Life.BullEnd,Life.BullStart,Life.Bull,,
2021-03-04,RL,4.76,12.01,4.12,13.88,4.62,1.8,0,0,0,-,0,0,0,0.60191,0.602,,0.59,,0.56124,0.52239,0.48686,0.47199,0.04824,,,-0.00112,,,0.07123,,,-0.00873,,,0.08534,,,-0.00629,,,0.0371,0.02299,0.01411,-0.00174,,,0.59174,0.55918,0.03256,0.03368,0.03142,0.00225,,,,,10.15,-0.15,19.18,-33.59,5.34,-18.48,23.11,-2.17,11.0,2.0,17.0,31.0,11.0,27.0,32.0,8.0,-0.0,-0.0248,0.01734,-0.01204,1.44095,59.03234,62.8256,,,-13.40066,50.0,57.47447,,,32.52551,30.25108,57.20689,57.19497,,,0.03686,0.03392,,,,,0.15,,,,,,,0.607,0.45,0.499,0.602,0.445,0.445,2021-02-24,2021-01-18,2020-12-03,2021-03-04,2021-01-25,2021-01-12,0.0,-0.82,36.4,-1.11,1.12,-10.82,0.0,6.0,19.0,5.0,4.0,26.0,0.0,-0.0,2.0,-0.0,0.0,-0.0,0.614,0.634,0.649,0.59,0.58,0.609,2021-03-03,2021-02-25,2021-02-23,2021-03-04,2021-03-02,2021-02-24,0.028,0.0,0.0,0.027,0.022,100.0,2020-12-22,1999-01-01,1999-01-01,2021-01-18,2020-11-02,1999-01-01,0.003,0.0,0.0,0.002,-0.073,100.0,2021-01-14,1999-01-01,1999-01-01,2021-01-22,2020-11-04,1999-01-01,0.034,0.0,0.0,0.016,-0.068,100.0,2020-12-21,1999-01-01,1999-01-01,2021-01-26,2020-10-07,1999-01-01,0.033,0.0,0.0,0.016,-0.097,100.0,2020-12-23,1999-01-01,1999-01-01,2021-01-25,2020-10-14,1999-01-01,0.013,-0.006,0.016,-0.008,-0.008,0.006,2021-02-08,2020-12-24,2020-11-13,2021-01-07,2020-12-11,2020-10-20,0.021,0.022,0.013,-0.026,0.006,-0.007,2021-02-04,2020-11-12,2020-10-05,2020-12-11,2020-10-21,2020-08-13,0.025,0.029,0.014,-0.035,0.008,-0.01,2021-02-05,2020-11-16,2020-10-06,2020-12-17,2020-10-21,2020-08-14,0.015,0.017,0.009,-0.017,0.009,100.0,2021-02-05,2020-11-12,2020-10-08,2020-12-18,2020-10-16,1999-01-01,3089300.0,2587000.0,1873600.0,-11.27,-16.15,-8.73,0.034,0.034,0.0,-0.003,-0.026,100.0,0.008,0.01,0.004,-0.006,0.002,-0.004,0.03012,0.02871,0.0,-0.00139,-0.02456,100.0,49.37,0.0,0.0,38.349,100.0,100.0,72.423,87.508,100.0,50.0,75.723,70.704,72.433,73.665,48.671,41.452,42.684,20.38,2021-03-02,2020-12-03,1999-01-01,2021-01-20,2020-09-24,1999-01-01,89,8007,0,118,7937,0,2020-11-19,1999-01-01,1999-01-01,2020-12-29,1999-01-01,1999-01-01,2021-03-03,2021-02-25,2021-02-23,2021-03-02,2021-02-24,2021-02-19,2021-02-18,2020-11-26,2020-10-19,2021-01-06,2020-11-02,2020-09-21,,,,,n2n,,,,,Life.Bull,Life.BullRetrace,Life.BullEnd,Life.BullStart,Life.Bull,,
2021-03-05,RL,4.76,12.21,4.12,14.11,4.54,1.77,0,0,0,-,0,0,0,0.60302,,,,,0.56418,0.52541,0.48909,0.47326,0.05058,,,-0.00146,,,0.07324,,,-0.00898,-0.009,,0.08848,,,-0.00686,,,0.0379,0.02266,0.01524,-0.0023,,,0.59292,0.56216,0.03076,0.03343,0.03182,0.00161,,,,,9.95,-0.15,19.18,-33.59,5.34,-18.48,23.11,-2.17,10.0,2.0,17.0,31.0,11.0,27.0,32.0,8.0,0.0099,0.0,0.01309,-0.01204,1.08783,52.10347,61.71734,,,-20.32953,49.95409,57.45916,49.954,,47.09622,36.63104,57.23254,57.21078,,,0.03565,0.03416,,,,,0.15,,,,,,,0.607,0.45,0.499,0.602,0.445,0.445,2021-02-24,2021-01-18,2020-12-03,2021-03-04,2021-01-25,2021-01-12,0.17,-0.82,36.4,-1.11,1.12,-10.82,1.0,6.0,19.0,5.0,4.0,26.0,0.0,-0.0,2.0,-0.0,0.0,-0.0,0.614,0.634,0.649,0.59,0.58,0.609,2021-03-03,2021-02-25,2021-02-23,2021-03-04,2021-03-02,2021-02-24,0.028,0.0,0.0,0.027,0.022,100.0,2020-12-22,1999-01-01,1999-01-01,2021-01-18,2020-11-02,1999-01-01,0.003,0.0,0.0,0.002,-0.073,100.0,2021-01-14,1999-01-01,1999-01-01,2021-01-22,2020-11-04,1999-01-01,0.034,0.0,0.0,0.016,-0.068,100.0,2020-12-21,1999-01-01,1999-01-01,2021-01-26,2020-10-07,1999-01-01,0.033,0.0,0.0,0.016,-0.097,100.0,2020-12-23,1999-01-01,1999-01-01,2021-01-25,2020-10-14,1999-01-01,0.013,-0.006,0.016,-0.008,-0.008,0.006,2021-02-08,2020-12-24,2020-11-13,2021-01-07,2020-12-11,2020-10-20,0.021,0.022,0.013,-0.009,-0.026,0.006,2021-02-04,2020-11-12,2020-10-05,2021-03-05,2020-12-11,2020-10-21,0.025,0.029,0.014,-0.035,0.008,-0.01,2021-02-05,2020-11-16,2020-10-06,2020-12-17,2020-10-21,2020-08-14,0.015,0.017,0.009,-0.017,0.009,100.0,2021-02-05,2020-11-12,2020-10-08,2020-12-18,2020-10-16,1999-01-01,2587000.0,1873600.0,2821100.0,-16.15,-8.73,-3.55,0.034,0.034,0.0,-0.003,-0.026,100.0,0.008,0.01,0.004,-0.006,0.002,-0.004,0.03012,0.02871,0.0,-0.00139,-0.02456,100.0,49.37,0.0,0.0,38.349,100.0,100.0,72.423,87.508,100.0,49.954,50.0,75.723,72.433,73.665,48.671,41.452,42.684,20.38,2021-03-02,2020-12-03,1999-01-01,2021-01-20,2020-09-24,1999-01-01,89,8007,0,118,7937,0,2020-11-19,1999-01-01,1999-01-01,2020-12-29,1999-01-01,1999-01-01,2021-03-03,2021-02-25,2021-02-23,2021-03-05,2021-03-02,2021-02-24,2021-02-18,2020-11-26,2020-10-19,2021-01-06,2020-11-02,2020-09-21,,,,,,,,,,Life.Bull,Life.BullRetrace,Life.BullEnd,Life.BullStart,Life.Bull,,
2021-03-08,RL,4.76,12.42,4.12,14.34,4.47,1.74,0,0,0,-,0,0,0,0.60659,,,,0.609,0.56766,0.5287,0.49147,0.47461,0.05288,,,-0.00167,,,0.07513,,,-0.00897,,,0.0915,,,-0.00716,,,0.03862,0.02225,0.01637,-0.00274,,,0.59545,0.56566,0.0298,0.03311,0.03208,0.00103,,,,,9.3,-0.15,19.18,-33.59,5.34,-18.48,23.11,-2.17,9.0,2.0,17.0,31.0,11.0,27.0,32.0,8.0,0.01,0.0,0.01204,-0.01204,1.0,50.0,60.75499,,,-22.433,59.13682,53.0303,,59.137,47.82257,42.48143,57.27073,57.23672,,,0.03523,0.03438,,,,,0.15,,,,,,,0.607,0.45,0.499,0.602,0.445,0.445,2021-02-24,2021-01-18,2020-12-03,2021-03-04,2021-01-25,2021-01-12,0.76,-0.82,36.4,-1.11,1.12,-10.82,2.0,6.0,19.0,5.0,4.0,26.0,0.0,-0.0,2.0,-0.0,0.0,-0.0,0.609,0.614,0.634,0.59,0.58,0.609,2021-03-08,2021-03-03,2021-02-25,2021-03-04,2021-03-02,2021-02-24,0.028,0.0,0.0,0.027,0.022,100.0,2020-12-22,1999-01-01,1999-01-01,2021-01-18,2020-11-02,1999-01-01,0.003,0.0,0.0,0.002,-0.073,100.0,2021-01-14,1999-01-01,1999-01-01,2021-01-22,2020-11-04,1999-01-01,0.034,0.0,0.0,0.016,-0.068,100.0,2020-12-21,1999-01-01,1999-01-01,2021-01-26,2020-10-07,1999-01-01,0.033,0.0,0.0,0.016,-0.097,100.0,2020-12-23,1999-01-01,1999-01-01,2021-01-25,2020-10-14,1999-01-01,0.013,-0.006,0.016,-0.008,-0.008,0.006,2021-02-08,2020-12-24,2020-11-13,2021-01-07,2020-12-11,2020-10-20,0.021,0.022,0.013,-0.009,-0.026,0.006,2021-02-04,2020-11-12,2020-10-05,2021-03-05,2020-12-11,2020-10-21,0.025,0.029,0.014,-0.035,0.008,-0.01,2021-02-05,2020-11-16,2020-10-06,2020-12-17,2020-10-21,2020-08-14,0.015,0.017,0.009,-0.017,0.009,100.0,2021-02-05,2020-11-12,2020-10-08,2020-12-18,2020-10-16,1999-01-01,1873600.0,2821100.0,6960200.0,-8.73,-3.55,60.06,0.034,0.034,0.0,-0.003,-0.026,100.0,0.008,0.01,0.004,-0.006,0.002,-0.004,0.03012,0.02871,0.0,-0.00139,-0.02456,100.0,49.37,0.0,0.0,38.349,100.0,100.0,59.137,72.423,87.508,49.954,50.0,75.723,72.433,73.665,48.671,41.452,42.684,20.38,2021-03-02,2020-12-03,1999-01-01,2021-01-20,2020-09-24,1999-01-01,89,8007,0,118,7937,0,2020-11-19,1999-01-01,1999-01-01,2020-12-29,1999-01-01,1999-01-01,2021-03-08,2021-03-03,2021-02-25,2021-03-05,2021-03-02,2021-02-24,2021-02-18,2020-11-26,2020-10-19,2021-01-06,2020-11-02,2020-09-21,6960200.0,,,,,,,,n2p,Life.Bull,Life.BullRetrace,Life.BullEnd,Life.BullStart,Life.Bull,,
2021-03-09,RL,4.76,12.21,4.12,14.11,4.54,1.77,0,0,0,-,0,0,0,0.61258,,,,,0.5701,0.53148,0.49361,0.47586,0.05515,,,-0.00177,-0.002,,0.0769,,,-0.00874,,,0.09441,,,-0.0072,-0.007,,0.03926,0.02175,0.01751,-0.00304,,,0.59606,0.56816,0.0279,0.03273,0.03221,0.00052,,,,,8.23,-0.15,19.18,-33.59,5.34,-18.48,23.11,-2.17,8.0,2.0,17.0,31.0,11.0,27.0,32.0,8.0,-0.0,-0.01,0.01204,-0.01239,0.97118,49.26901,59.96769,,,-23.16399,49.95409,53.015,,,52.96327,49.29402,57.31715,57.27348,,,0.03378,0.03459,,,,,0.15,,,,,,,0.607,0.45,0.499,0.602,0.445,0.445,2021-02-24,2021-01-18,2020-12-03,2021-03-04,2021-01-25,2021-01-12,1.76,-0.82,36.4,-1.11,1.12,-10.82,3.0,6.0,19.0,5.0,4.0,26.0,1.0,-0.0,2.0,-0.0,0.0,-0.0,0.609,0.614,0.634,0.59,0.58,0.609,2021-03-08,2021-03-03,2021-02-25,2021-03-04,2021-03-02,2021-02-24,0.028,0.0,0.0,0.027,0.022,100.0,2020-12-22,1999-01-01,1999-01-01,2021-01-18,2020-11-02,1999-01-01,0.003,0.0,0.0,0.002,-0.073,100.0,2021-01-14,1999-01-01,1999-01-01,2021-01-22,2020-11-04,1999-01-01,0.034,0.0,0.0,0.016,-0.068,100.0,2020-12-21,1999-01-01,1999-01-01,2021-01-26,2020-10-07,1999-01-01,0.033,0.0,0.0,0.016,-0.097,100.0,2020-12-23,1999-01-01,1999-01-01,2021-01-25,2020-10-14,1999-01-01,0.013,-0.006,0.016,-0.002,-0.008,-0.008,2021-02-08,2020-12-24,2020-11-13,2021-03-09,2021-01-07,2020-12-11,0.021,0.022,0.013,-0.009,-0.026,0.006,2021-02-04,2020-11-12,2020-10-05,2021-03-05,2020-12-11,2020-10-21,0.025,0.029,0.014,-0.007,-0.035,0.008,2021-02-05,2020-11-16,2020-10-06,2021-03-09,2020-12-17,2020-10-21,0.015,0.017,0.009,-0.017,0.009,100.0,2021-02-05,2020-11-12,2020-10-08,2020-12-18,2020-10-16,1999-01-01,2821100.0,6960200.0,1955500.0,-3.55,60.06,0.7,0.034,0.034,0.0,-0.003,-0.026,100.0,0.008,0.01,0.004,-0.006,0.002,-0.004,0.03012,0.02871,0.0,-0.00139,-0.02456,100.0,49.37,0.0,0.0,38.349,100.0,100.0,59.137,72.423,87.508,49.954,50.0,75.723,72.433,73.665,48.671,41.452,42.684,20.38,2021-03-02,2020-12-03,1999-01-01,2021-01-20,2020-09-24,1999-01-01,89,8007,0,118,7937,0,2020-11-19,1999-01-01,1999-01-01,2020-12-29,1999-01-01,1999-01-01,2021-03-08,2021-03-03,2021-02-25,2021-03-05,2021-03-02,2021-02-24,2021-02-18,2020-11-26,2020-10-19,2021-01-06,2020-11-02,2020-09-21,,,,,,,,n2p,,Life.Bull,Life.BullRetrace,Life.BullEnd,Life.BullStart,Life.Bull,,
2021-03-10,RL,4.76,12.11,4.12,14.0,4.58,1.79,0,0,0,-,0,0,0,0.62055,,,,,0.57197,0.53395,0.49561,0.47704,0.05739,,,-0.00177,,,0.07858,,,-0.00831,,,0.09722,,,-0.007,,,0.03983,0.02119,0.01864,-0.00322,,,0.59582,0.57011,0.02571,0.03233,0.03224,0.0001,,,,,6.84,-0.15,19.18,-33.59,5.34,-18.48,23.11,-2.17,7.0,2.0,17.0,31.0,11.0,27.0,32.0,8.0,-0.0,-0.0049,0.01133,-0.01274,0.88901,47.06231,59.37985,,,-25.37069,45.45455,51.51515,,,43.72938,48.17174,57.36442,57.31744,,,0.03243,0.03479,,,,,0.15,,,,,,,0.607,0.45,0.499,0.602,0.445,0.445,2021-02-24,2021-01-18,2020-12-03,2021-03-04,2021-01-25,2021-01-12,3.08,-0.82,36.4,-1.11,1.12,-10.82,4.0,6.0,19.0,5.0,4.0,26.0,1.0,-0.0,2.0,-0.0,0.0,-0.0,0.609,0.614,0.634,0.59,0.58,0.609,2021-03-08,2021-03-03,2021-02-25,2021-03-04,2021-03-02,2021-02-24,0.028,0.0,0.0,0.027,0.022,100.0,2020-12-22,1999-01-01,1999-01-01,2021-01-18,2020-11-02,1999-01-01,0.003,0.0,0.0,0.002,-0.073,100.0,2021-01-14,1999-01-01,1999-01-01,2021-01-22,2020-11-04,1999-01-01,0.034,0.0,0.0,0.016,-0.068,100.0,2020-12-21,1999-01-01,1999-01-01,2021-01-26,2020-10-07,1999-01-01,0.033,0.0,0.0,0.016,-0.097,100.0,2020-12-23,1999-01-01,1999-01-01,2021-01-25,2020-10-14,1999-01-01,0.013,-0.006,0.016,-0.002,-0.008,-0.008,2021-02-08,2020-12-24,2020-11-13,2021-03-09,2021-01-07,2020-12-11,0.021,0.022,0.013,-0.009,-0.026,0.006,2021-02-04,2020-11-12,2020-10-05,2021-03-05,2020-12-11,2020-10-21,0.025,0.029,0.014,-0.007,-0.035,0.008,2021-02-05,2020-11-16,2020-10-06,2021-03-09,2020-12-17,2020-10-21,0.015,0.017,0.009,-0.017,0.009,100.0,2021-02-05,2020-11-12,2020-10-08,2020-12-18,2020-10-16,1999-01-01,6960200.0,1955500.0,1496700.0,60.06,0.7,-11.28,0.034,0.034,0.0,-0.003,-0.026,100.0,0.008,0.01,0.004,-0.006,0.002,-0.004,0.03012,0.02871,0.0,-0.00139,-0.02456,100.0,49.37,0.0,0.0,38.349,100.0,100.0,59.137,72.423,87.508,49.954,50.0,75.723,72.433,73.665,48.671,41.452,42.684,20.38,2021-03-02,2020-12-03,1999-01-01,2021-01-20,2020-09-24,1999-01-01,89,8007,0,118,7937,0,2020-11-19,1999-01-01,1999-01-01,2020-12-29,1999-01-01,1999-01-01,2021-03-08,2021-03-03,2021-02-25,2021-03-05,2021-03-02,2021-02-24,2021-02-18,2020-11-26,2020-10-19,2021-01-06,2020-11-02,2020-09-21,,,,,,,n2p,,,Life.Bull,Life.BullRetrace,Life.BullEnd,Life.BullStart,Life.Bull,,
2021-03-11,RL,4.76,12.11,4.12,14.0,4.58,1.79,0,0,0,-,0,0,0,0.6297,,,0.594,,0.57371,0.53632,0.49757,0.47821,0.0596,,,-0.00168,,,0.08018,,,-0.00772,,,0.09996,,,-0.0066,,,0.04035,0.02058,0.01978,-0.00329,-0.003,,0.59562,0.57191,0.0237,0.03193,0.03217,-0.00024,,,,,5.29,-0.15,19.18,-33.59,5.34,-18.48,23.11,-2.17,6.0,2.0,17.0,31.0,11.0,27.0,32.0,8.0,0.0,0.0,0.01133,-0.00956,1.18535,54.24077,59.00319,,,-18.19223,45.45455,46.95439,45.455,,32.51958,43.07074,57.40478,57.36212,,,0.03189,0.03497,,,,,0.15,,,,,,,0.607,0.45,0.499,0.602,0.445,0.445,2021-02-24,2021-01-18,2020-12-03,2021-03-04,2021-01-25,2021-01-12,4.6,-0.82,36.4,-1.11,1.12,-10.82,5.0,6.0,19.0,5.0,4.0,26.0,1.0,-0.0,2.0,-0.0,0.0,-0.0,0.609,0.614,0.634,0.594,0.59,0.58,2021-03-08,2021-03-03,2021-02-25,2021-03-11,2021-03-04,2021-03-02,0.028,0.0,0.0,0.027,0.022,100.0,2020-12-22,1999-01-01,1999-01-01,2021-01-18,2020-11-02,1999-01-01,0.003,0.0,0.0,0.002,-0.073,100.0,2021-01-14,1999-01-01,1999-01-01,2021-01-22,2020-11-04,1999-01-01,0.034,0.0,0.0,0.016,-0.068,100.0,2020-12-21,1999-01-01,1999-01-01,2021-01-26,2020-10-07,1999-01-01,0.033,0.0,0.0,0.016,-0.097,100.0,2020-12-23,1999-01-01,1999-01-01,2021-01-25,2020-10-14,1999-01-01,0.013,-0.006,0.016,-0.002,-0.008,-0.008,2021-02-08,2020-12-24,2020-11-13,2021-03-09,2021-01-07,2020-12-11,0.021,0.022,0.013,-0.009,-0.026,0.006,2021-02-04,2020-11-12,2020-10-05,2021-03-05,2020-12-11,2020-10-21,0.025,0.029,0.014,-0.007,-0.035,0.008,2021-02-05,2020-11-16,2020-10-06,2021-03-09,2020-12-17,2020-10-21,0.015,0.017,0.009,-0.003,-0.017,0.009,2021-02-05,2020-11-12,2020-10-08,2021-03-11,2020-12-18,2020-10-16,1955500.0,1496700.0,3098100.0,0.7,-11.28,-37.09,0.034,0.034,0.0,-0.003,-0.026,100.0,0.008,0.01,0.004,-0.006,0.002,-0.004,0.03012,0.02871,0.0,-0.00139,-0.02456,100.0,49.37,0.0,0.0,38.349,100.0,100.0,59.137,72.423,87.508,45.455,49.954,50.0,72.433,73.665,48.671,41.452,42.684,20.38,2021-03-02,2020-12-03,1999-01-01,2021-01-20,2020-09-24,1999-01-01,89,8007,0,118,7937,0,2020-11-19,1999-01-01,1999-01-01,2020-12-29,1999-01-01,1999-01-01,2021-03-08,2021-03-03,2021-02-25,2021-03-11,2021-03-05,2021-03-02,2021-02-18,2020-11-26,2020-10-19,2021-01-06,2020-11-02,2020-09-21,,,,,,n2p,,,,Life.Bull,Life.BullRetrace,Life.BullEnd,Life.BullStart,Life.Bull,,
2021-03-12,RL,4.76,12.82,4.12,14.81,4.33,1.69,0,0,0,-,0,0,0,0.63907,,,,,0.57798,0.53996,0.50017,0.47971,0.06179,,,-0.00152,,,0.08172,,,-0.00699,,,0.10263,,,-0.00603,,,0.04084,0.01993,0.02091,-0.00325,,,0.60078,0.57616,0.02463,0.03155,0.03205,-0.0005,,,,,3.74,-0.15,19.18,-33.59,5.34,-18.48,23.11,-2.17,5.0,2.0,17.0,31.0,11.0,27.0,32.0,8.0,0.0347,0.0,0.0131,-0.00956,1.3707,57.81841,58.82591,,,-14.61459,57.91711,49.60873,,,35.94767,37.39888,57.43219,57.40046,,,0.03492,0.03513,,,,,0.15,,,,,,,0.607,0.45,0.499,0.602,0.445,0.445,2021-02-24,2021-01-18,2020-12-03,2021-03-04,2021-01-25,2021-01-12,6.16,-0.82,36.4,-1.11,1.12,-10.82,6.0,6.0,19.0,5.0,4.0,26.0,1.0,-0.0,2.0,-0.0,0.0,-0.0,0.609,0.614,0.634,0.594,0.59,0.58,2021-03-08,2021-03-03,2021-02-25,2021-03-11,2021-03-04,2021-03-02,0.028,0.0,0.0,0.027,0.022,100.0,2020-12-22,1999-01-01,1999-01-01,2021-01-18,2020-11-02,1999-01-01,0.003,0.0,0.0,0.002,-0.073,100.0,2021-01-14,1999-01-01,1999-01-01,2021-01-22,2020-11-04,1999-01-01,0.034,0.0,0.0,0.016,-0.068,100.0,2020-12-21,1999-01-01,1999-01-01,2021-01-26,2020-10-07,1999-01-01,0.033,0.0,0.0,0.016,-0.097,100.0,2020-12-23,1999-01-01,1999-01-01,2021-01-25,2020-10-14,1999-01-01,0.013,-0.006,0.016,-0.002,-0.008,-0.008,2021-02-08,2020-12-24,2020-11-13,2021-03-09,2021-01-07,2020-12-11,0.021,0.022,0.013,-0.009,-0.026,0.006,2021-02-04,2020-11-12,2020-10-05,2021-03-05,2020-12-11,2020-10-21,0.025,0.029,0.014,-0.007,-0.035,0.008,2021-02-05,2020-11-16,2020-10-06,2021-03-09,2020-12-17,2020-10-21,0.015,0.017,0.009,-0.003,-0.017,0.009,2021-02-05,2020-11-12,2020-10-08,2021-03-11,2020-12-18,2020-10-16,1496700.0,3098100.0,13465500.0,-11.28,-37.09,175.72,0.034,0.034,0.0,-0.003,-0.026,100.0,0.008,0.01,0.004,-0.006,0.002,-0.004,0.03012,0.02871,0.0,-0.00139,-0.02456,100.0,49.37,0.0,0.0,38.349,100.0,100.0,59.137,72.423,87.508,45.455,49.954,50.0,72.433,73.665,48.671,41.452,42.684,20.38,2021-03-02,2020-12-03,1999-01-01,2021-01-20,2020-09-24,1999-01-01,89,8007,0,118,7937,0,2020-11-19,1999-01-01,1999-01-01,2020-12-29,1999-01-01,1999-01-01,2021-03-08,2021-03-03,2021-02-25,2021-03-11,2021-03-05,2021-03-02,2021-02-18,2020-11-26,2020-10-19,2021-01-06,2020-11-02,2020-09-21,13465500.0,,,,n2p,,,,n2p,Life.Bull,Life.BullRetrace,Life.BullEnd,Life.BullStart,Life.Bull,,
2021-03-15,RL,4.76,14.13,4.12,16.33,3.92,1.53,0,0,0,-,0,0,0,0.64762,,,,0.694,0.58687,0.54599,0.504,0.48184,0.06397,,,-0.00131,,,0.08321,,,-0.00617,,,0.10525,,,-0.00532,,,0.04129,0.01925,0.02204,-0.00314,,,0.61506,0.58486,0.03021,0.0312,0.03188,-0.00068,,,,,2.38,-0.15,19.18,-33.59,5.34,-18.48,23.11,-2.17,4.0,2.0,17.0,31.0,11.0,27.0,32.0,8.0,0.0644,0.0,0.01274,-0.00956,1.33333,57.14286,58.82027,58.82,,-15.29014,88.93044,64.1007,,88.93,58.05167,42.17297,57.44224,57.4264,,57.442,0.03808,0.03528,,,,,0.15,,,,,,,0.607,0.45,0.499,0.602,0.445,0.445,2021-02-24,2021-01-18,2020-12-03,2021-03-04,2021-01-25,2021-01-12,7.58,-0.82,36.4,-1.11,1.12,-10.82,7.0,6.0,19.0,5.0,4.0,26.0,1.0,-0.0,2.0,-0.0,0.0,-0.0,0.694,0.609,0.614,0.594,0.59,0.58,2021-03-15,2021-03-08,2021-03-03,2021-03-11,2021-03-04,2021-03-02,0.028,0.0,0.0,0.027,0.022,100.0,2020-12-22,1999-01-01,1999-01-01,2021-01-18,2020-11-02,1999-01-01,0.003,0.0,0.0,0.002,-0.073,100.0,2021-01-14,1999-01-01,1999-01-01,2021-01-22,2020-11-04,1999-01-01,0.034,0.0,0.0,0.016,-0.068,100.0,2020-12-21,1999-01-01,1999-01-01,2021-01-26,2020-10-07,1999-01-01,0.033,0.0,0.0,0.016,-0.097,100.0,2020-12-23,1999-01-01,1999-01-01,2021-01-25,2020-10-14,1999-01-01,0.013,-0.006,0.016,-0.002,-0.008,-0.008,2021-02-08,2020-12-24,2020-11-13,2021-03-09,2021-01-07,2020-12-11,0.021,0.022,0.013,-0.009,-0.026,0.006,2021-02-04,2020-11-12,2020-10-05,2021-03-05,2020-12-11,2020-10-21,0.025,0.029,0.014,-0.007,-0.035,0.008,2021-02-05,2020-11-16,2020-10-06,2021-03-09,2020-12-17,2020-10-21,0.015,0.017,0.009,-0.003,-0.017,0.009,2021-02-05,2020-11-12,2020-10-08,2021-03-11,2020-12-18,2020-10-16,3098100.0,13465500.0,12285500.0,-37.09,175.72,59.74,0.034,0.034,0.0,-0.003,-0.026,100.0,0.008,0.01,0.004,-0.006,0.002,-0.004,0.03012,0.02871,0.0,-0.00139,-0.02456,100.0,57.442,49.37,0.0,38.349,100.0,100.0,88.93,59.137,72.423,45.455,49.954,50.0,72.433,73.665,48.671,58.82,41.452,42.684,2021-03-02,2020-12-03,1999-01-01,2021-01-20,2020-09-24,1999-01-01,89,8007,0,118,7937,0,2021-03-15,2020-11-19,1999-01-01,2020-12-29,1999-01-01,1999-01-01,2021-03-15,2021-03-08,2021-03-03,2021-03-11,2021-03-05,2021-03-02,2021-02-18,2020-11-26,2020-10-19,2021-03-15,2021-01-06,2020-11-02,,,,,,,,n2p,,Life.Bull,Life.BullRetrace,Life.BullEnd,Life.BullStart,Life.Bull,,
2021-03-16,RL,4.76,14.13,4.12,16.33,3.92,1.53,0,0,0,-,0,0,0,0.65442,,,,,0.59432,0.55139,0.50756,0.48384,0.06613,,,-0.00106,,,0.08466,,,-0.00527,,,0.10784,,,-0.0045,,,0.04171,0.01854,0.02318,-0.00296,,,0.62562,0.59218,0.03344,0.03089,0.03168,-0.00079,,,,,1.31,-0.15,19.18,-33.59,5.34,-18.48,23.11,-2.17,3.0,2.0,17.0,31.0,11.0,27.0,32.0,8.0,-0.0,-0.0099,0.01274,-0.00744,1.71374,63.15044,58.9491,,,4.33044,75.90529,74.25095,,,73.05626,55.6852,57.43259,57.43567,,,0.0396,0.03542,,,,,0.15,,,,,,,0.607,0.45,0.499,0.602,0.445,0.445,2021-02-24,2021-01-18,2020-12-03,2021-03-04,2021-01-25,2021-01-12,8.71,-0.82,36.4,-1.11,1.12,-10.82,8.0,6.0,19.0,5.0,4.0,26.0,1.0,-0.0,2.0,-0.0,0.0,-0.0,0.694,0.609,0.614,0.594,0.59,0.58,2021-03-15,2021-03-08,2021-03-03,2021-03-11,2021-03-04,2021-03-02,0.028,0.0,0.0,0.027,0.022,100.0,2020-12-22,1999-01-01,1999-01-01,2021-01-18,2020-11-02,1999-01-01,0.003,0.0,0.0,0.002,-0.073,100.0,2021-01-14,1999-01-01,1999-01-01,2021-01-22,2020-11-04,1999-01-01,0.034,0.0,0.0,0.016,-0.068,100.0,2020-12-21,1999-01-01,1999-01-01,2021-01-26,2020-10-07,1999-01-01,0.033,0.0,0.0,0.016,-0.097,100.0,2020-12-23,1999-01-01,1999-01-01,2021-01-25,2020-10-14,1999-01-01,0.013,-0.006,0.016,-0.002,-0.008,-0.008,2021-02-08,2020-12-24,2020-11-13,2021-03-09,2021-01-07,2020-12-11,0.021,0.022,0.013,-0.009,-0.026,0.006,2021-02-04,2020-11-12,2020-10-05,2021-03-05,2020-12-11,2020-10-21,0.025,0.029,0.014,-0.007,-0.035,0.008,2021-02-05,2020-11-16,2020-10-06,2021-03-09,2020-12-17,2020-10-21,0.015,0.017,0.009,-0.003,-0.017,0.009,2021-02-05,2020-11-12,2020-10-08,2021-03-11,2020-12-18,2020-10-16,13465500.0,12285500.0,5381600.0,175.72,59.74,7.92,0.034,0.034,0.0,-0.003,-0.026,100.0,0.008,0.01,0.004,-0.006,0.002,-0.004,0.03012,0.02871,0.0,-0.00139,-0.02456,100.0,57.442,49.37,0.0,38.349,100.0,100.0,88.93,59.137,72.423,45.455,49.954,50.0,72.433,73.665,48.671,58.82,41.452,42.684,2021-03-02,2020-12-03,1999-01-01,2021-01-20,2020-09-24,1999-01-01,89,8007,0,118,7937,0,2021-03-15,2020-11-19,1999-01-01,2020-12-29,1999-01-01,1999-01-01,2021-03-15,2021-03-08,2021-03-03,2021-03-11,2021-03-05,2021-03-02,2021-02-18,2020-11-26,2020-10-19,2021-03-15,2021-01-06,2020-11-02,,,,,,,n2p,,,Life.Bull,Life.BullRetrace,Life.BullEnd,Life.BullStart,Life.Bull,,
2021-03-17,RL,4.76,13.93,4.12,16.09,3.98,1.55,0,0,0,-,0,0,0,0.65906,,,,,0.60119,0.55658,0.51105,0.48583,0.06828,,,-0.00077,,,0.08609,,,-0.00434,,,0.1104,,,-0.00361,,,0.04213,0.01781,0.02431,-0.00274,,,0.63456,0.59896,0.0356,0.03064,0.03147,-0.00084,,,-0.001,,0.6,-0.15,19.18,-33.59,5.34,-18.48,23.11,-2.17,2.0,2.0,17.0,31.0,11.0,27.0,32.0,8.0,0.0,0.0,0.01098,-0.00744,1.47646,59.61986,59.17769,,,0.79986,75.90529,80.24701,,,79.53915,70.2157,57.40351,57.42611,,,0.0396,0.03555,,,,,0.15,,,,,,,0.607,0.45,0.499,0.602,0.445,0.445,2021-02-24,2021-01-18,2020-12-03,2021-03-04,2021-01-25,2021-01-12,9.48,-0.82,36.4,-1.11,1.12,-10.82,9.0,6.0,19.0,5.0,4.0,26.0,1.0,-0.0,2.0,-0.0,0.0,-0.0,0.694,0.609,0.614,0.594,0.59,0.58,2021-03-15,2021-03-08,2021-03-03,2021-03-11,2021-03-04,2021-03-02,0.028,0.0,0.0,0.027,0.022,100.0,2020-12-22,1999-01-01,1999-01-01,2021-01-18,2020-11-02,1999-01-01,0.003,0.0,0.0,0.002,-0.073,100.0,2021-01-14,1999-01-01,1999-01-01,2021-01-22,2020-11-04,1999-01-01,0.034,0.0,0.0,0.016,-0.068,100.0,2020-12-21,1999-01-01,1999-01-01,2021-01-26,2020-10-07,1999-01-01,0.033,0.0,0.0,0.016,-0.097,100.0,2020-12-23,1999-01-01,1999-01-01,2021-01-25,2020-10-14,1999-01-01,0.013,-0.006,0.016,-0.002,-0.008,-0.008,2021-02-08,2020-12-24,2020-11-13,2021-03-09,2021-01-07,2020-12-11,0.021,0.022,0.013,-0.009,-0.026,0.006,2021-02-04,2020-11-12,2020-10-05,2021-03-05,2020-12-11,2020-10-21,0.025,0.029,0.014,-0.007,-0.035,0.008,2021-02-05,2020-11-16,2020-10-06,2021-03-09,2020-12-17,2020-10-21,0.015,0.017,0.009,-0.003,-0.017,0.009,2021-02-05,2020-11-12,2020-10-08,2021-03-11,2020-12-18,2020-10-16,12285500.0,5381600.0,7218300.0,59.74,7.92,-20.07,0.034,0.034,0.0,-0.003,-0.026,100.0,0.008,0.01,0.004,-0.001,-0.006,0.002,0.03012,0.02871,0.0,-0.00139,-0.02456,100.0,57.442,49.37,0.0,38.349,100.0,100.0,88.93,59.137,72.423,45.455,49.954,50.0,72.433,73.665,48.671,58.82,41.452,42.684,2021-03-02,2020-12-03,1999-01-01,2021-01-20,2020-09-24,1999-01-01,89,8007,0,118,7937,0,2021-03-15,2020-11-19,1999-01-01,2020-12-29,1999-01-01,1999-01-01,2021-03-15,2021-03-08,2021-03-03,2021-03-11,2021-03-05,2021-03-02,2021-02-18,2020-11-26,2020-10-19,2021-03-15,2021-01-06,2020-11-02,,,,,,n2p,,,,Life.Bull,Life.BullRetrace,Life.BullEnd,Life.BullStart,Life.Bull,,
2021-03-18,RL,4.76,13.93,4.12,16.09,3.98,1.55,0,0,0,-,0,0,0,0.66169,,,,,0.60754,0.56156,0.51447,0.4878,0.07043,,,-0.00046,,,0.0875,,,-0.00341,,,0.11295,,,-0.00268,,,0.04253,0.01707,0.02546,-0.0025,,,0.64212,0.60524,0.03688,0.03044,0.03127,-0.00083,,,,,0.2,-0.15,19.18,-33.59,5.34,-18.48,23.11,-2.17,1.0,2.0,17.0,31.0,11.0,27.0,32.0,8.0,0.0,0.0,0.01098,-0.00531,2.06586,67.38273,59.47838,,,8.56273,75.90529,75.90529,,,73.66935,75.42159,57.35794,57.39801,,,0.03854,0.03566,,,,,0.15,,,,,,,0.607,0.45,0.499,0.602,0.445,0.445,2021-02-24,2021-01-18,2020-12-03,2021-03-04,2021-01-25,2021-01-12,9.92,-0.82,36.4,-1.11,1.12,-10.82,10.0,6.0,19.0,5.0,4.0,26.0,1.0,-0.0,2.0,-0.0,0.0,-0.0,0.694,0.609,0.614,0.594,0.59,0.58,2021-03-15,2021-03-08,2021-03-03,2021-03-11,2021-03-04,2021-03-02,0.028,0.0,0.0,0.027,0.022,100.0,2020-12-22,1999-01-01,1999-01-01,2021-01-18,2020-11-02,1999-01-01,0.003,0.0,0.0,0.002,-0.073,100.0,2021-01-14,1999-01-01,1999-01-01,2021-01-22,2020-11-04,1999-01-01,0.034,0.0,0.0,0.016,-0.068,100.0,2020-12-21,1999-01-01,1999-01-01,2021-01-26,2020-10-07,1999-01-01,0.033,0.0,0.0,0.016,-0.097,100.0,2020-12-23,1999-01-01,1999-01-01,2021-01-25,2020-10-14,1999-01-01,0.013,-0.006,0.016,-0.002,-0.008,-0.008,2021-02-08,2020-12-24,2020-11-13,2021-03-09,2021-01-07,2020-12-11,0.021,0.022,0.013,-0.009,-0.026,0.006,2021-02-04,2020-11-12,2020-10-05,2021-03-05,2020-12-11,2020-10-21,0.025,0.029,0.014,-0.007,-0.035,0.008,2021-02-05,2020-11-16,2020-10-06,2021-03-09,2020-12-17,2020-10-21,0.015,0.017,0.009,-0.003,-0.017,0.009,2021-02-05,2020-11-12,2020-10-08,2021-03-11,2020-12-18,2020-10-16,5381600.0,7218300.0,2631400.0,7.92,-20.07,-38.79,0.034,0.034,0.0,-0.003,-0.026,100.0,0.008,0.01,0.004,-0.001,-0.006,0.002,0.03012,0.02871,0.0,-0.00139,-0.02456,100.0,57.442,49.37,0.0,38.349,100.0,100.0,88.93,59.137,72.423,45.455,49.954,50.0,72.433,73.665,48.671,58.82,41.452,42.684,2021-03-02,2020-12-03,1999-01-01,2021-01-20,2020-09-24,1999-01-01,89,8007,0,118,7937,0,2021-03-15,2020-11-19,1999-01-01,2020-12-29,1999-01-01,1999-01-01,2021-03-15,2021-03-08,2021-03-03,2021-03-11,2021-03-05,2021-03-02,2021-02-18,2020-11-26,2020-10-19,2021-03-15,2021-01-06,2020-11-02,,,,,n2p,,,,,Life.Bull,Life.BullRetrace,Life.BullEnd,Life.BullStart,Life.Bull,,
2021-03-19,RL,4.76,13.43,4.12,15.51,4.13,1.61,0,0,0,-,0,0,0,0.66263,,0.663,0.659,,0.61149,0.56538,0.51733,0.4895,0.07257,,,-0.00015,,,0.0889,,,-0.0025,,,0.1155,,,-0.00175,,,0.04293,0.01632,0.02661,-0.00227,,,0.6447,0.60921,0.03549,0.03029,0.03107,-0.00078,,,,,-0.09,19.18,-33.59,5.34,-18.48,23.11,-2.17,11.07,2.0,17.0,31.0,11.0,27.0,32.0,8.0,21.0,-0.0,-0.0248,0.01098,-0.00709,1.5494,60.77501,59.82055,,,1.95501,58.6351,70.14856,58.635,,56.98466,70.06439,57.30049,57.35398,,,0.03897,0.03577,,,,,0.15,,,,,,,0.663,0.607,0.45,0.602,0.445,0.445,2021-03-19,2021-02-24,2021-01-18,2021-03-04,2021-01-25,2021-01-12,0.0,10.13,-0.82,36.4,-1.11,1.12,0.0,11.0,6.0,19.0,5.0,4.0,0.0,1.0,-0.0,2.0,-0.0,0.0,0.694,0.609,0.614,0.659,0.594,0.59,2021-03-15,2021-03-08,2021-03-03,2021-03-19,2021-03-11,2021-03-04,0.028,0.0,0.0,0.027,0.022,100.0,2020-12-22,1999-01-01,1999-01-01,2021-01-18,2020-11-02,1999-01-01,0.003,0.0,0.0,0.002,-0.073,100.0,2021-01-14,1999-01-01,1999-01-01,2021-01-22,2020-11-04,1999-01-01,0.034,0.0,0.0,0.016,-0.068,100.0,2020-12-21,1999-01-01,1999-01-01,2021-01-26,2020-10-07,1999-01-01,0.033,0.0,0.0,0.016,-0.097,100.0,2020-12-23,1999-01-01,1999-01-01,2021-01-25,2020-10-14,1999-01-01,0.013,-0.006,0.016,-0.002,-0.008,-0.008,2021-02-08,2020-12-24,2020-11-13,2021-03-09,2021-01-07,2020-12-11,0.021,0.022,0.013,-0.009,-0.026,0.006,2021-02-04,2020-11-12,2020-10-05,2021-03-05,2020-12-11,2020-10-21,0.025,0.029,0.014,-0.007,-0.035,0.008,2021-02-05,2020-11-16,2020-10-06,2021-03-09,2020-12-17,2020-10-21,0.015,0.017,0.009,-0.003,-0.017,0.009,2021-02-05,2020-11-12,2020-10-08,2021-03-11,2020-12-18,2020-10-16,7218300.0,2631400.0,4200600.0,-20.07,-38.79,-7.75,0.034,0.034,0.0,-0.003,-0.026,100.0,0.008,0.01,0.004,-0.001,-0.006,0.002,0.03012,0.02871,0.0,-0.00139,-0.02456,100.0,57.442,49.37,0.0,38.349,100.0,100.0,88.93,59.137,72.423,58.635,45.455,49.954,72.433,73.665,48.671,58.82,41.452,42.684,2021-03-02,2020-12-03,1999-01-01,2021-01-20,2020-09-24,1999-01-01,89,8007,0,118,7937,0,2021-03-15,2020-11-19,1999-01-01,2020-12-29,1999-01-01,1999-01-01,2021-03-15,2021-03-08,2021-03-03,2021-03-19,2021-03-11,2021-03-05,2021-02-18,2020-11-26,2020-10-19,2021-03-15,2021-01-06,2020-11-02,,,,,,,,,,Life.Bull,Life.BullRetrace,Life.BullEnd,Life.BullStart,Life.Bull,,
2021-03-22,RL,4.76,13.53,4.12,15.63,4.1,1.6,0,0,0,-,0,0,0,0.66236,,,,0.664,0.61552,0.56924,0.52023,0.49124,0.07472,,,0.00017,,,0.09029,,,-0.00165,,,0.11805,,,-0.00086,,,0.04332,0.01556,0.02776,-0.00206,,,0.64765,0.61326,0.03439,0.0302,0.0309,-0.0007,,,,,-0.05,19.18,-33.59,5.34,-18.48,23.11,-2.17,11.07,1.0,17.0,31.0,11.0,27.0,32.0,8.0,21.0,0.005,0.0,0.01134,-0.00531,2.13306,68.08237,60.18355,,,9.26237,62.11699,65.55246,,62.117,42.40435,57.68612,57.23482,57.29775,,,0.03796,0.03587,,,,,0.15,,,,,,,0.663,0.607,0.45,0.602,0.445,0.445,2021-03-19,2021-02-24,2021-01-18,2021-03-04,2021-01-25,2021-01-12,-0.1,10.13,-0.82,36.4,-1.11,1.12,1.0,11.0,6.0,19.0,5.0,4.0,-0.0,1.0,-0.0,2.0,-0.0,0.0,0.664,0.694,0.609,0.659,0.594,0.59,2021-03-22,2021-03-15,2021-03-08,2021-03-19,2021-03-11,2021-03-04,0.028,0.0,0.0,0.027,0.022,100.0,2020-12-22,1999-01-01,1999-01-01,2021-01-18,2020-11-02,1999-01-01,0.003,0.0,0.0,0.002,-0.073,100.0,2021-01-14,1999-01-01,1999-01-01,2021-01-22,2020-11-04,1999-01-01,0.034,0.0,0.0,0.016,-0.068,100.0,2020-12-21,1999-01-01,1999-01-01,2021-01-26,2020-10-07,1999-01-01,0.033,0.0,0.0,0.016,-0.097,100.0,2020-12-23,1999-01-01,1999-01-01,2021-01-25,2020-10-14,1999-01-01,0.013,-0.006,0.016,-0.002,-0.008,-0.008,2021-02-08,2020-12-24,2020-11-13,2021-03-09,2021-01-07,2020-12-11,0.021,0.022,0.013,-0.009,-0.026,0.006,2021-02-04,2020-11-12,2020-10-05,2021-03-05,2020-12-11,2020-10-21,0.025,0.029,0.014,-0.007,-0.035,0.008,2021-02-05,2020-11-16,2020-10-06,2021-03-09,2020-12-17,2020-10-21,0.015,0.017,0.009,-0.003,-0.017,0.009,2021-02-05,2020-11-12,2020-10-08,2021-03-11,2020-12-18,2020-10-16,2631400.0,4200600.0,1719100.0,-38.79,-7.75,-39.14,0.034,0.034,0.0,-0.003,-0.026,100.0,0.008,0.01,0.004,-0.001,-0.006,0.002,0.03012,0.02871,0.0,-0.00139,-0.02456,100.0,57.442,49.37,0.0,38.349,100.0,100.0,62.117,88.93,59.137,58.635,45.455,49.954,72.433,73.665,48.671,58.82,41.452,42.684,2021-03-02,2020-12-03,1999-01-01,2021-01-20,2020-09-24,1999-01-01,89,8007,0,118,7937,0,2021-03-15,2020-11-19,1999-01-01,2020-12-29,1999-01-01,1999-01-01,2021-03-22,2021-03-15,2021-03-08,2021-03-19,2021-03-11,2021-03-05,2021-02-18,2020-11-26,2020-10-19,2021-03-15,2021-01-06,2020-11-02,,,,,,,,,,Life.Bull,Life.BullRetrace,Life.BullEnd,Life.BullStart,Life.Bull,,
2021-03-23,RL,4.76,13.02,4.12,15.04,4.26,1.66,0,0,0,-,0,0,0,0.66185,0.662,,,,0.61734,0.57198,0.52259,0.49271,0.07688,,,0.00046,,,0.09168,,,-0.00089,,,0.1206,,,-5e-05,,,0.04372,0.0148,0.02892,-0.00191,,,0.64634,0.61518,0.03116,0.03015,0.03075,-0.00059,0.03,,,,19.21,-33.59,5.34,-18.48,23.11,-2.17,11.07,-10.63,17.0,31.0,11.0,27.0,32.0,8.0,21.0,17.0,-0.0,-0.0248,0.00886,-0.00709,1.25,55.55556,60.56159,,,-3.26444,42.89834,54.55014,,,20.75046,40.04649,57.16161,57.23231,,,0.03738,0.03596,,,,,0.15,,,,,,,0.663,0.607,0.45,0.662,0.602,0.445,2021-03-19,2021-02-24,2021-01-18,2021-03-23,2021-03-04,2021-01-25,0.0,-0.15,10.13,-0.82,36.4,-1.11,0.0,2.0,11.0,6.0,19.0,5.0,0.0,-0.0,1.0,-0.0,2.0,-0.0,0.664,0.694,0.609,0.659,0.594,0.59,2021-03-22,2021-03-15,2021-03-08,2021-03-19,2021-03-11,2021-03-04,0.028,0.0,0.0,0.027,0.022,100.0,2020-12-22,1999-01-01,1999-01-01,2021-01-18,2020-11-02,1999-01-01,0.003,0.0,0.0,0.002,-0.073,100.0,2021-01-14,1999-01-01,1999-01-01,2021-01-22,2020-11-04,1999-01-01,0.034,0.0,0.0,0.016,-0.068,100.0,2020-12-21,1999-01-01,1999-01-01,2021-01-26,2020-10-07,1999-01-01,0.033,0.0,0.0,0.016,-0.097,100.0,2020-12-23,1999-01-01,1999-01-01,2021-01-25,2020-10-14,1999-01-01,0.013,-0.006,0.016,-0.002,-0.008,-0.008,2021-02-08,2020-12-24,2020-11-13,2021-03-09,2021-01-07,2020-12-11,0.021,0.022,0.013,-0.009,-0.026,0.006,2021-02-04,2020-11-12,2020-10-05,2021-03-05,2020-12-11,2020-10-21,0.025,0.029,0.014,-0.007,-0.035,0.008,2021-02-05,2020-11-16,2020-10-06,2021-03-09,2020-12-17,2020-10-21,0.015,0.017,0.009,-0.003,-0.017,0.009,2021-02-05,2020-11-12,2020-10-08,2021-03-11,2020-12-18,2020-10-16,4200600.0,1719100.0,2316200.0,-7.75,-39.14,-3.69,0.034,0.034,0.0,0.03,-0.003,-0.026,0.008,0.01,0.004,-0.001,-0.006,0.002,0.03012,0.02871,0.0,0.03075,-0.00139,-0.02456,57.442,49.37,0.0,38.349,100.0,100.0,62.117,88.93,59.137,58.635,45.455,49.954,72.433,73.665,48.671,58.82,41.452,42.684,2021-03-02,2020-12-03,1999-01-01,2021-03-23,2021-01-20,2020-09-24,89,8007,0,62,118,7937,2021-03-15,2020-11-19,1999-01-01,2020-12-29,1999-01-01,1999-01-01,2021-03-22,2021-03-15,2021-03-08,2021-03-19,2021-03-11,2021-03-05,2021-02-18,2020-11-26,2020-10-19,2021-03-15,2021-01-06,2020-11-02,,,,,,,,,,Life.Bull,Life.BullRetrace,Life.BullEnd,Life.BullStart,Life.Bull,,
2021-03-24,RL,4.76,12.72,4.12,14.69,4.36,1.7,0,0,0,-,0,0,0,0.66234,,,0.624,,0.61786,0.57403,0.5246,0.49402,0.07904,,,0.00072,,,0.09307,,,-0.00025,,,0.12316,,,0.00064,,,0.04413,0.01404,0.03009,-0.00183,,-0.002,0.64293,0.61584,0.02709,0.03017,0.03063,-0.00047,,,,,19.12,-33.59,5.34,-18.48,23.11,-2.17,11.07,-10.63,16.0,31.0,11.0,27.0,32.0,8.0,21.0,17.0,-0.0,-0.0149,0.00886,-0.00638,1.38858,58.13408,60.95485,,,-0.68592,32.15573,45.72369,32.156,,17.95397,27.03626,57.07768,57.15804,,,0.03683,0.03605,,,,,0.15,,,,,,,0.663,0.607,0.45,0.662,0.602,0.445,2021-03-19,2021-02-24,2021-01-18,2021-03-23,2021-03-04,2021-01-25,0.05,-0.15,10.13,-0.82,36.4,-1.11,1.0,2.0,11.0,6.0,19.0,5.0,0.0,-0.0,1.0,-0.0,2.0,-0.0,0.664,0.694,0.609,0.624,0.659,0.594,2021-03-22,2021-03-15,2021-03-08,2021-03-24,2021-03-19,2021-03-11,0.028,0.0,0.0,0.027,0.022,100.0,2020-12-22,1999-01-01,1999-01-01,2021-01-18,2020-11-02,1999-01-01,0.003,0.0,0.0,0.002,-0.073,100.0,2021-01-14,1999-01-01,1999-01-01,2021-01-22,2020-11-04,1999-01-01,0.034,0.0,0.0,0.016,-0.068,100.0,2020-12-21,1999-01-01,1999-01-01,2021-01-26,2020-10-07,1999-01-01,0.033,0.0,0.0,0.016,-0.097,100.0,2020-12-23,1999-01-01,1999-01-01,2021-01-25,2020-10-14,1999-01-01,0.013,-0.006,0.016,-0.002,-0.008,-0.008,2021-02-08,2020-12-24,2020-11-13,2021-03-09,2021-01-07,2020-12-11,0.021,0.022,0.013,-0.009,-0.026,0.006,2021-02-04,2020-11-12,2020-10-05,2021-03-05,2020-12-11,2020-10-21,0.025,0.029,0.014,-0.007,-0.035,0.008,2021-02-05,2020-11-16,2020-10-06,2021-03-09,2020-12-17,2020-10-21,-0.002,0.015,0.017,-0.003,-0.017,0.009,2021-03-24,2021-02-05,2020-11-12,2021-03-11,2020-12-18,2020-10-16,1719100.0,2316200.0,3181900.0,-39.14,-3.69,-12.37,0.034,0.034,0.0,0.03,-0.003,-0.026,0.008,0.01,0.004,-0.001,-0.006,0.002,0.03012,0.02871,0.0,0.03075,-0.00139,-0.02456,57.442,49.37,0.0,38.349,100.0,100.0,62.117,88.93,59.137,32.156,58.635,45.455,72.433,73.665,48.671,58.82,41.452,42.684,2021-03-02,2020-12-03,1999-01-01,2021-03-23,2021-01-20,2020-09-24,89,8007,0,62,118,7937,2021-03-15,2020-11-19,1999-01-01,2020-12-29,1999-01-01,1999-01-01,2021-03-22,2021-03-15,2021-03-08,2021-03-24,2021-03-19,2021-03-11,2021-02-18,2020-11-26,2020-10-19,2021-03-15,2021-01-06,2020-11-02,,,,,,,,,,Life.Bull,Life.BullRetrace,Life.BullEnd,Life.BullStart,Life.Bull,,
2021-03-25,RL,4.76,13.22,4.12,15.28,4.19,1.64,0,0,0,-,0,0,0,0.66482,,,,,0.62026,0.57697,0.52706,0.49556,0.08121,,,0.00093,,,0.09448,,,0.00023,,,0.12575,,,0.00116,,,0.04455,0.01328,0.03127,-0.00185,,,0.64387,0.6183,0.02557,0.03024,0.03055,-0.00032,,,,,18.68,-33.59,5.34,-18.48,23.11,-2.17,11.07,-10.63,15.0,31.0,11.0,27.0,32.0,8.0,21.0,17.0,0.0248,0.0,0.00992,-0.00638,1.55543,60.86766,61.36449,,,2.04766,50.03605,41.69671,,,26.56388,21.75611,56.97693,57.07208,,,0.03703,0.03613,,,,,0.15,,,,,,,0.663,0.607,0.45,0.662,0.602,0.445,2021-03-19,2021-02-24,2021-01-18,2021-03-23,2021-03-04,2021-01-25,0.43,-0.15,10.13,-0.82,36.4,-1.11,2.0,2.0,11.0,6.0,19.0,5.0,0.0,-0.0,1.0,-0.0,2.0,-0.0,0.664,0.694,0.609,0.624,0.659,0.594,2021-03-22,2021-03-15,2021-03-08,2021-03-24,2021-03-19,2021-03-11,0.028,0.0,0.0,0.027,0.022,100.0,2020-12-22,1999-01-01,1999-01-01,2021-01-18,2020-11-02,1999-01-01,0.003,0.0,0.0,0.002,-0.073,100.0,2021-01-14,1999-01-01,1999-01-01,2021-01-22,2020-11-04,1999-01-01,0.034,0.0,0.0,0.016,-0.068,100.0,2020-12-21,1999-01-01,1999-01-01,2021-01-26,2020-10-07,1999-01-01,0.033,0.0,0.0,0.016,-0.097,100.0,2020-12-23,1999-01-01,1999-01-01,2021-01-25,2020-10-14,1999-01-01,0.013,-0.006,0.016,-0.002,-0.008,-0.008,2021-02-08,2020-12-24,2020-11-13,2021-03-09,2021-01-07,2020-12-11,0.021,0.022,0.013,-0.009,-0.026,0.006,2021-02-04,2020-11-12,2020-10-05,2021-03-05,2020-12-11,2020-10-21,0.025,0.029,0.014,-0.007,-0.035,0.008,2021-02-05,2020-11-16,2020-10-06,2021-03-09,2020-12-17,2020-10-21,-0.002,0.015,0.017,-0.003,-0.017,0.009,2021-03-24,2021-02-05,2020-11-12,2021-03-11,2020-12-18,2020-10-16,2316200.0,3181900.0,2026000.0,-3.69,-12.37,4.25,0.034,0.034,0.0,0.03,-0.003,-0.026,0.008,0.01,0.004,-0.001,-0.006,0.002,0.03012,0.02871,0.0,0.03075,-0.00139,-0.02456,57.442,49.37,0.0,38.349,100.0,100.0,62.117,88.93,59.137,32.156,58.635,45.455,72.433,73.665,48.671,58.82,41.452,42.684,2021-03-02,2020-12-03,1999-01-01,2021-03-23,2021-01-20,2020-09-24,89,8007,0,62,118,7937,2021-03-15,2020-11-19,1999-01-01,2020-12-29,1999-01-01,1999-01-01,2021-03-22,2021-03-15,2021-03-08,2021-03-24,2021-03-19,2021-03-11,2021-02-18,2020-11-26,2020-10-19,2021-03-15,2021-01-06,2020-11-02,,,,,,,,,,Life.Bull,Life.BullRetrace,Life.BullEnd,Life.BullStart,Life.Bull,,
2021-03-26,RL,4.76,13.93,4.12,16.09,3.98,1.55,0,0,0,-,0,0,0,0.66951,,,,,0.62514,0.58116,0.53016,0.49743,0.0834,,,0.00106,,,0.09592,,,0.00051,,,0.12838,,,0.00147,,,0.04498,0.01252,0.03246,-0.00198,,,0.64999,0.62314,0.02685,0.03037,0.03052,-0.00014,,,,,17.85,-33.59,5.34,-18.48,23.11,-2.17,11.07,-10.63,14.0,31.0,11.0,27.0,32.0,8.0,21.0,17.0,0.0347,0.0,0.01169,-0.00638,1.83203,64.6896,61.79121,,,5.8696,75.05407,52.41528,,,55.85551,33.45779,56.85159,56.96874,,,0.03721,0.03621,,,,,0.15,,,,,,,0.663,0.607,0.45,0.662,0.602,0.445,2021-03-19,2021-02-24,2021-01-18,2021-03-23,2021-03-04,2021-01-25,1.13,-0.15,10.13,-0.82,36.4,-1.11,3.0,2.0,11.0,6.0,19.0,5.0,0.0,-0.0,1.0,-0.0,2.0,-0.0,0.664,0.694,0.609,0.624,0.659,0.594,2021-03-22,2021-03-15,2021-03-08,2021-03-24,2021-03-19,2021-03-11,0.028,0.0,0.0,0.027,0.022,100.0,2020-12-22,1999-01-01,1999-01-01,2021-01-18,2020-11-02,1999-01-01,0.003,0.0,0.0,0.002,-0.073,100.0,2021-01-14,1999-01-01,1999-01-01,2021-01-22,2020-11-04,1999-01-01,0.034,0.0,0.0,0.016,-0.068,100.0,2020-12-21,1999-01-01,1999-01-01,2021-01-26,2020-10-07,1999-01-01,0.033,0.0,0.0,0.016,-0.097,100.0,2020-12-23,1999-01-01,1999-01-01,2021-01-25,2020-10-14,1999-01-01,0.013,-0.006,0.016,-0.002,-0.008,-0.008,2021-02-08,2020-12-24,2020-11-13,2021-03-09,2021-01-07,2020-12-11,0.021,0.022,0.013,-0.009,-0.026,0.006,2021-02-04,2020-11-12,2020-10-05,2021-03-05,2020-12-11,2020-10-21,0.025,0.029,0.014,-0.007,-0.035,0.008,2021-02-05,2020-11-16,2020-10-06,2021-03-09,2020-12-17,2020-10-21,-0.002,0.015,0.017,-0.003,-0.017,0.009,2021-03-24,2021-02-05,2020-11-12,2021-03-11,2020-12-18,2020-10-16,3181900.0,2026000.0,2176100.0,-12.37,4.25,-1.86,0.034,0.034,0.0,0.03,-0.003,-0.026,0.008,0.01,0.004,-0.001,-0.006,0.002,0.03012,0.02871,0.0,0.03075,-0.00139,-0.02456,57.442,49.37,0.0,38.349,100.0,100.0,62.117,88.93,59.137,32.156,58.635,45.455,72.433,73.665,48.671,58.82,41.452,42.684,2021-03-02,2020-12-03,1999-01-01,2021-03-23,2021-01-20,2020-09-24,89,8007,0,62,118,7937,2021-03-15,2020-11-19,1999-01-01,2020-12-29,1999-01-01,1999-01-01,2021-03-22,2021-03-15,2021-03-08,2021-03-24,2021-03-19,2021-03-11,2021-02-18,2020-11-26,2020-10-19,2021-03-15,2021-01-06,2020-11-02,,,,,,,,,,Life.Bull,Life.BullRetrace,Life.BullEnd,Life.BullStart,Life.Bull,,
2021-03-29,RL,4.76,14.03,4.12,16.21,3.95,1.54,0,0,0,-,0,0,0,0.67601,,,,0.689,0.63002,0.58537,0.5333,0.49934,0.08562,,,0.00109,,0.001,0.0974,,,0.00058,,0.001,0.13106,,,0.00153,,0.002,0.04545,0.01178,0.03366,-0.00225,,,0.65593,0.62799,0.02794,0.03058,0.03053,5e-05,,,,,16.71,-33.59,5.34,-18.48,23.11,-2.17,11.07,-10.63,13.0,31.0,11.0,27.0,32.0,8.0,21.0,17.0,0.0049,0.0,0.01204,-0.00566,2.12484,67.99839,62.23508,,,9.17839,78.58688,67.89233,,78.587,79.94829,54.12256,56.69311,56.84054,,,0.03632,0.03629,,,,,0.15,,,,,,,0.663,0.607,0.45,0.662,0.602,0.445,2021-03-19,2021-02-24,2021-01-18,2021-03-23,2021-03-04,2021-01-25,2.12,-0.15,10.13,-0.82,36.4,-1.11,4.0,2.0,11.0,6.0,19.0,5.0,1.0,-0.0,1.0,-0.0,2.0,-0.0,0.689,0.664,0.694,0.624,0.659,0.594,2021-03-29,2021-03-22,2021-03-15,2021-03-24,2021-03-19,2021-03-11,0.028,0.0,0.0,0.027,0.022,100.0,2020-12-22,1999-01-01,1999-01-01,2021-01-18,2020-11-02,1999-01-01,0.003,0.0,0.0,0.002,-0.073,100.0,2021-01-14,1999-01-01,1999-01-01,2021-01-22,2020-11-04,1999-01-01,0.034,0.0,0.0,0.016,-0.068,100.0,2020-12-21,1999-01-01,1999-01-01,2021-01-26,2020-10-07,1999-01-01,0.033,0.0,0.0,0.016,-0.097,100.0,2020-12-23,1999-01-01,1999-01-01,2021-01-25,2020-10-14,1999-01-01,0.001,0.013,-0.006,-0.002,-0.008,-0.008,2021-03-29,2021-02-08,2020-12-24,2021-03-09,2021-01-07,2020-12-11,0.001,0.021,0.022,-0.009,-0.026,0.006,2021-03-29,2021-02-04,2020-11-12,2021-03-05,2020-12-11,2020-10-21,0.002,0.025,0.029,-0.007,-0.035,0.008,2021-03-29,2021-02-05,2020-11-16,2021-03-09,2020-12-17,2020-10-21,-0.002,0.015,0.017,-0.003,-0.017,0.009,2021-03-24,2021-02-05,2020-11-12,2021-03-11,2020-12-18,2020-10-16,2026000.0,2176100.0,4081400.0,4.25,-1.86,12.18,0.034,0.034,0.0,0.03,-0.003,-0.026,0.008,0.01,0.004,-0.001,-0.006,0.002,0.03012,0.02871,0.0,0.03075,-0.00139,-0.02456,57.442,49.37,0.0,38.349,100.0,100.0,78.587,62.117,88.93,32.156,58.635,45.455,72.433,73.665,48.671,58.82,41.452,42.684,2021-03-02,2020-12-03,1999-01-01,2021-03-23,2021-01-20,2020-09-24,89,8007,0,62,118,7937,2021-03-15,2020-11-19,1999-01-01,2020-12-29,1999-01-01,1999-01-01,2021-03-29,2021-03-22,2021-03-15,2021-03-24,2021-03-19,2021-03-11,2021-02-18,2020-11-26,2020-10-19,2021-03-15,2021-01-06,2020-11-02,,,,,,,,,,Life.Bull,Life.BullRetrace,Life.BullEnd,Life.BullStart,Life.Bull,,
2021-03-30,RL,4.76,13.63,4.12,15.75,4.07,1.59,0,0,0,-,0,0,0,0.68365,,,0.669,,0.633,0.58864,0.53598,0.50102,0.08787,,,0.00099,,,0.09893,,,0.00038,,,0.13381,,,0.00129,,,0.04595,0.01106,0.03489,-0.00267,,,0.65791,0.63102,0.0269,0.03088,0.0306,0.00028,,,,,15.41,-33.59,5.34,-18.48,23.11,-2.17,11.07,-10.63,12.0,31.0,11.0,27.0,32.0,8.0,21.0,17.0,-0.0,-0.0198,0.01204,-0.00673,1.78875,64.14161,62.6963,,,5.32161,64.31146,72.65081,,,83.1229,72.97557,56.49344,56.67938,,,0.03549,0.03638,,,,,0.15,,,,,,,0.663,0.607,0.45,0.662,0.602,0.445,2021-03-19,2021-02-24,2021-01-18,2021-03-23,2021-03-04,2021-01-25,3.27,-0.15,10.13,-0.82,36.4,-1.11,5.0,2.0,11.0,6.0,19.0,5.0,1.0,-0.0,1.0,-0.0,2.0,-0.0,0.689,0.664,0.694,0.669,0.624,0.659,2021-03-29,2021-03-22,2021-03-15,2021-03-30,2021-03-24,2021-03-19,0.028,0.0,0.0,0.027,0.022,100.0,2020-12-22,1999-01-01,1999-01-01,2021-01-18,2020-11-02,1999-01-01,0.003,0.0,0.0,0.002,-0.073,100.0,2021-01-14,1999-01-01,1999-01-01,2021-01-22,2020-11-04,1999-01-01,0.034,0.0,0.0,0.016,-0.068,100.0,2020-12-21,1999-01-01,1999-01-01,2021-01-26,2020-10-07,1999-01-01,0.033,0.0,0.0,0.016,-0.097,100.0,2020-12-23,1999-01-01,1999-01-01,2021-01-25,2020-10-14,1999-01-01,0.001,0.013,-0.006,-0.002,-0.008,-0.008,2021-03-29,2021-02-08,2020-12-24,2021-03-09,2021-01-07,2020-12-11,0.001,0.021,0.022,-0.009,-0.026,0.006,2021-03-29,2021-02-04,2020-11-12,2021-03-05,2020-12-11,2020-10-21,0.002,0.025,0.029,-0.007,-0.035,0.008,2021-03-29,2021-02-05,2020-11-16,2021-03-09,2020-12-17,2020-10-21,-0.002,0.015,0.017,-0.003,-0.017,0.009,2021-03-24,2021-02-05,2020-11-12,2021-03-11,2020-12-18,2020-10-16,2176100.0,4081400.0,1413300.0,-1.86,12.18,-7.4,0.034,0.034,0.0,0.03,-0.003,-0.026,0.008,0.01,0.004,-0.001,-0.006,0.002,0.03012,0.02871,0.0,0.03075,-0.00139,-0.02456,57.442,49.37,0.0,38.349,100.0,100.0,78.587,62.117,88.93,32.156,58.635,45.455,72.433,73.665,48.671,58.82,41.452,42.684,2021-03-02,2020-12-03,1999-01-01,2021-03-23,2021-01-20,2020-09-24,89,8007,0,62,118,7937,2021-03-15,2020-11-19,1999-01-01,2020-12-29,1999-01-01,1999-01-01,2021-03-29,2021-03-22,2021-03-15,2021-03-24,2021-03-19,2021-03-11,2021-02-18,2020-11-26,2020-10-19,2021-03-15,2021-01-06,2020-11-02,,,,,,,,,,Life.Bull,Life.BullRetrace,Life.BullEnd,Life.BullStart,Life.Bull,,
2021-03-31,RL,4.76,13.73,4.12,15.86,4.04,1.58,0,0,0,-,0,0,0,0.6916,,,,,0.63614,0.59198,0.53871,0.50274,0.09015,,,0.00074,,,0.10052,,,-9e-05,,,0.13664,,,0.00073,,,0.04649,0.01037,0.03613,-0.00325,,,0.66036,0.63419,0.02617,0.03125,0.03073,0.00052,,,,,14.08,-33.59,5.34,-18.48,23.11,-2.17,11.07,-10.63,11.0,31.0,11.0,27.0,32.0,8.0,21.0,17.0,0.005,0.0,0.01239,-0.00673,1.84183,64.81136,63.17248,,,5.99136,62.57359,68.49064,62.574,,75.40688,79.49269,56.24581,56.47745,,,0.03472,0.03646,,,,,0.15,,,,,,,0.663,0.607,0.45,0.662,0.602,0.445,2021-03-19,2021-02-24,2021-01-18,2021-03-23,2021-03-04,2021-01-25,4.47,-0.15,10.13,-0.82,36.4,-1.11,6.0,2.0,11.0,6.0,19.0,5.0,1.0,-0.0,1.0,-0.0,2.0,-0.0,0.689,0.664,0.694,0.669,0.624,0.659,2021-03-29,2021-03-22,2021-03-15,2021-03-30,2021-03-24,2021-03-19,0.028,0.0,0.0,0.027,0.022,100.0,2020-12-22,1999-01-01,1999-01-01,2021-01-18,2020-11-02,1999-01-01,0.003,0.0,0.0,0.002,-0.073,100.0,2021-01-14,1999-01-01,1999-01-01,2021-01-22,2020-11-04,1999-01-01,0.034,0.0,0.0,0.016,-0.068,100.0,2020-12-21,1999-01-01,1999-01-01,2021-01-26,2020-10-07,1999-01-01,0.033,0.0,0.0,0.016,-0.097,100.0,2020-12-23,1999-01-01,1999-01-01,2021-01-25,2020-10-14,1999-01-01,0.001,0.013,-0.006,-0.002,-0.008,-0.008,2021-03-29,2021-02-08,2020-12-24,2021-03-09,2021-01-07,2020-12-11,0.001,0.021,0.022,-0.009,-0.026,0.006,2021-03-29,2021-02-04,2020-11-12,2021-03-05,2020-12-11,2020-10-21,0.002,0.025,0.029,-0.007,-0.035,0.008,2021-03-29,2021-02-05,2020-11-16,2021-03-09,2020-12-17,2020-10-21,-0.002,0.015,0.017,-0.003,-0.017,0.009,2021-03-24,2021-02-05,2020-11-12,2021-03-11,2020-12-18,2020-10-16,4081400.0,1413300.0,2394600.0,12.18,-7.4,2.85,0.034,0.034,0.0,0.03,-0.003,-0.026,0.008,0.01,0.004,-0.001,-0.006,0.002,0.03012,0.02871,0.0,0.03075,-0.00139,-0.02456,57.442,49.37,0.0,38.349,100.0,100.0,78.587,62.117,88.93,62.574,32.156,58.635,72.433,73.665,48.671,58.82,41.452,42.684,2021-03-02,2020-12-03,1999-01-01,2021-03-23,2021-01-20,2020-09-24,89,8007,0,62,118,7937,2021-03-15,2020-11-19,1999-01-01,2020-12-29,1999-01-01,1999-01-01,2021-03-29,2021-03-22,2021-03-15,2021-03-31,2021-03-24,2021-03-19,2021-02-18,2020-11-26,2020-10-19,2021-03-15,2021-01-06,2020-11-02,,,,,,,,,,Life.Bull,Life.BullRetrace,Life.BullEnd,Life.BullStart,Life.Bull,,
2021-04-01,RL,4.76,14.54,4.12,16.79,3.82,1.49,0,0,0,-,0,0,0,0.69945,,,,,0.64209,0.59674,0.54217,0.50484,0.09249,,,0.00034,,,0.10218,,,-0.00086,,,0.13957,,,-0.00019,,,0.04708,0.00969,0.03739,-0.004,,,0.66852,0.64005,0.02846,0.03171,0.03093,0.00079,,,,,12.8,-33.59,5.34,-18.48,23.11,-2.17,11.07,-10.63,10.0,31.0,11.0,27.0,32.0,8.0,21.0,17.0,0.0396,0.0,0.01274,-0.00673,1.89384,65.44387,63.65643,,,6.62387,95.50046,74.1285,,95.5,79.11058,79.21345,55.94474,56.228,,,0.03507,0.03655,,,,,0.15,,,,,,,0.663,0.607,0.45,0.662,0.602,0.445,2021-03-19,2021-02-24,2021-01-18,2021-03-23,2021-03-04,2021-01-25,5.66,-0.15,10.13,-0.82,36.4,-1.11,7.0,2.0,11.0,6.0,19.0,5.0,1.0,-0.0,1.0,-0.0,2.0,-0.0,0.689,0.664,0.694,0.669,0.624,0.659,2021-03-29,2021-03-22,2021-03-15,2021-03-30,2021-03-24,2021-03-19,0.028,0.0,0.0,0.027,0.022,100.0,2020-12-22,1999-01-01,1999-01-01,2021-01-18,2020-11-02,1999-01-01,0.003,0.0,0.0,0.002,-0.073,100.0,2021-01-14,1999-01-01,1999-01-01,2021-01-22,2020-11-04,1999-01-01,0.034,0.0,0.0,0.016,-0.068,100.0,2020-12-21,1999-01-01,1999-01-01,2021-01-26,2020-10-07,1999-01-01,0.033,0.0,0.0,0.016,-0.097,100.0,2020-12-23,1999-01-01,1999-01-01,2021-01-25,2020-10-14,1999-01-01,0.001,0.013,-0.006,-0.002,-0.008,-0.008,2021-03-29,2021-02-08,2020-12-24,2021-03-09,2021-01-07,2020-12-11,0.001,0.021,0.022,-0.009,-0.026,0.006,2021-03-29,2021-02-04,2020-11-12,2021-03-05,2020-12-11,2020-10-21,0.002,0.025,0.029,-0.007,-0.035,0.008,2021-03-29,2021-02-05,2020-11-16,2021-03-09,2020-12-17,2020-10-21,-0.002,0.015,0.017,-0.003,-0.017,0.009,2021-03-24,2021-02-05,2020-11-12,2021-03-11,2020-12-18,2020-10-16,1413300.0,2394600.0,9758100.0,-7.4,2.85,71.95,0.034,0.034,0.0,0.03,-0.003,-0.026,0.008,0.01,0.004,-0.001,-0.006,0.002,0.03012,0.02871,0.0,0.03075,-0.00139,-0.02456,57.442,49.37,0.0,38.349,100.0,100.0,95.5,78.587,62.117,62.574,32.156,58.635,72.433,73.665,48.671,58.82,41.452,42.684,2021-03-02,2020-12-03,1999-01-01,2021-03-23,2021-01-20,2020-09-24,89,8007,0,62,118,7937,2021-03-15,2020-11-19,1999-01-01,2020-12-29,1999-01-01,1999-01-01,2021-04-01,2021-03-29,2021-03-22,2021-03-31,2021-03-24,2021-03-19,2021-02-18,2020-11-26,2020-10-19,2021-03-15,2021-01-06,2020-11-02,,9758100.0,,,,,,,p2p,Life.Bull,Life.BullRetrace,Life.BullEnd,Life.BullStart,Life.Bull,,
2021-04-02,RL,4.76,14.64,4.12,16.91,3.79,1.48,0,0,0,-,0,0,0,0.70726,,,,,0.64795,0.60151,0.54566,0.50696,0.09487,,,-0.00024,,,0.10391,,,-0.00194,,,0.14258,,,-0.00147,,,0.04771,0.00904,0.03867,-0.00491,,,0.67618,0.64585,0.03033,0.03225,0.03119,0.00106,,,,,11.56,-33.59,5.34,-18.48,23.11,-2.17,11.07,-10.63,9.0,31.0,11.0,27.0,32.0,8.0,21.0,17.0,0.0049,0.0,0.00849,-0.00673,1.26221,55.7954,64.13556,,,-3.0246,91.58957,83.22121,91.59,,85.04571,79.85439,55.58679,55.92578,,,0.03469,0.03664,,,,,0.15,,,,,,,0.663,0.607,0.45,0.662,0.602,0.445,2021-03-19,2021-02-24,2021-01-18,2021-03-23,2021-03-04,2021-01-25,6.84,-0.15,10.13,-0.82,36.4,-1.11,8.0,2.0,11.0,6.0,19.0,5.0,1.0,-0.0,1.0,-0.0,2.0,-0.0,0.689,0.664,0.694,0.669,0.624,0.659,2021-03-29,2021-03-22,2021-03-15,2021-03-30,2021-03-24,2021-03-19,0.028,0.0,0.0,0.027,0.022,100.0,2020-12-22,1999-01-01,1999-01-01,2021-01-18,2020-11-02,1999-01-01,0.003,0.0,0.0,0.002,-0.073,100.0,2021-01-14,1999-01-01,1999-01-01,2021-01-22,2020-11-04,1999-01-01,0.034,0.0,0.0,0.016,-0.068,100.0,2020-12-21,1999-01-01,1999-01-01,2021-01-26,2020-10-07,1999-01-01,0.033,0.0,0.0,0.016,-0.097,100.0,2020-12-23,1999-01-01,1999-01-01,2021-01-25,2020-10-14,1999-01-01,0.001,0.013,-0.006,-0.002,-0.008,-0.008,2021-03-29,2021-02-08,2020-12-24,2021-03-09,2021-01-07,2020-12-11,0.001,0.021,0.022,-0.009,-0.026,0.006,2021-03-29,2021-02-04,2020-11-12,2021-03-05,2020-12-11,2020-10-21,0.002,0.025,0.029,-0.007,-0.035,0.008,2021-03-29,2021-02-05,2020-11-16,2021-03-09,2020-12-17,2020-10-21,-0.002,0.015,0.017,-0.003,-0.017,0.009,2021-03-24,2021-02-05,2020-11-12,2021-03-11,2020-12-18,2020-10-16,2394600.0,9758100.0,5533700.0,2.85,71.95,30.37,0.034,0.034,0.0,0.03,-0.003,-0.026,0.008,0.01,0.004,-0.001,-0.006,0.002,0.03012,0.02871,0.0,0.03075,-0.00139,-0.02456,57.442,49.37,0.0,38.349,100.0,100.0,95.5,78.587,62.117,91.59,62.574,32.156,72.433,73.665,48.671,58.82,41.452,42.684,2021-03-02,2020-12-03,1999-01-01,2021-03-23,2021-01-20,2020-09-24,89,8007,0,62,118,7937,2021-03-15,2020-11-19,1999-01-01,2020-12-29,1999-01-01,1999-01-01,2021-04-01,2021-03-29,2021-03-22,2021-04-02,2021-03-31,2021-03-24,2021-02-18,2020-11-26,2020-10-19,2021-03-15,2021-01-06,2020-11-02,,,,,,,,p2p,,Life.Bull,Life.BullRetrace,Life.BullEnd,Life.BullStart,Life.Bull,,
2021-04-05,RL,4.76,14.94,4.12,17.26,3.71,1.45,0,0,0,-,0,0,0,0.71534,,,,0.733,0.65451,0.60667,0.54937,0.50921,0.09729,,,-0.00101,,,0.1057,,,-0.00334,,,0.14567,,,-0.00314,,,0.04838,0.00841,0.03997,-0.00599,,,0.68495,0.65232,0.03263,0.03284,0.03152,0.00132,,,,,10.3,-33.59,5.34,-18.48,23.11,-2.17,11.07,-10.63,8.0,31.0,11.0,27.0,32.0,8.0,21.0,17.0,0.0149,0.0,0.00956,-0.00602,1.58719,61.34801,64.58894,,,2.52801,92.59536,93.22846,,92.595,90.65735,84.93788,55.17072,55.56741,,,0.03399,0.03674,,,,,0.15,,,,,,,0.663,0.607,0.45,0.662,0.602,0.445,2021-03-19,2021-02-24,2021-01-18,2021-03-23,2021-03-04,2021-01-25,8.06,-0.15,10.13,-0.82,36.4,-1.11,9.0,2.0,11.0,6.0,19.0,5.0,1.0,-0.0,1.0,-0.0,2.0,-0.0,0.733,0.689,0.664,0.669,0.624,0.659,2021-04-05,2021-03-29,2021-03-22,2021-03-30,2021-03-24,2021-03-19,0.028,0.0,0.0,0.027,0.022,100.0,2020-12-22,1999-01-01,1999-01-01,2021-01-18,2020-11-02,1999-01-01,0.003,0.0,0.0,0.002,-0.073,100.0,2021-01-14,1999-01-01,1999-01-01,2021-01-22,2020-11-04,1999-01-01,0.034,0.0,0.0,0.016,-0.068,100.0,2020-12-21,1999-01-01,1999-01-01,2021-01-26,2020-10-07,1999-01-01,0.033,0.0,0.0,0.016,-0.097,100.0,2020-12-23,1999-01-01,1999-01-01,2021-01-25,2020-10-14,1999-01-01,0.001,0.013,-0.006,-0.002,-0.008,-0.008,2021-03-29,2021-02-08,2020-12-24,2021-03-09,2021-01-07,2020-12-11,0.001,0.021,0.022,-0.009,-0.026,0.006,2021-03-29,2021-02-04,2020-11-12,2021-03-05,2020-12-11,2020-10-21,0.002,0.025,0.029,-0.007,-0.035,0.008,2021-03-29,2021-02-05,2020-11-16,2021-03-09,2020-12-17,2020-10-21,-0.002,0.015,0.017,-0.003,-0.017,0.009,2021-03-24,2021-02-05,2020-11-12,2021-03-11,2020-12-18,2020-10-16,9758100.0,5533700.0,4544500.0,71.95,30.37,12.16,0.034,0.034,0.0,0.03,-0.003,-0.026,0.008,0.01,0.004,-0.001,-0.006,0.002,0.03012,0.02871,0.0,0.03075,-0.00139,-0.02456,57.442,49.37,0.0,38.349,100.0,100.0,92.595,95.5,78.587,91.59,62.574,32.156,72.433,73.665,48.671,58.82,41.452,42.684,2021-03-02,2020-12-03,1999-01-01,2021-03-23,2021-01-20,2020-09-24,89,8007,0,62,118,7937,2021-03-15,2020-11-19,1999-01-01,2020-12-29,1999-01-01,1999-01-01,2021-04-05,2021-04-01,2021-03-29,2021-04-02,2021-03-31,2021-03-24,2021-02-18,2020-11-26,2020-10-19,2021-03-15,2021-01-06,2020-11-02,,,,,,,p2p,,,Life.Bull,Life.BullRetrace,Life.BullEnd,Life.BullStart,Life.Bull,,
2021-04-06,RL,4.76,14.54,4.12,16.79,3.82,1.49,0,0,0,-,0,0,0,0.72421,,,0.713,,0.65904,0.61086,0.55262,0.51124,0.09975,,,-0.00197,,,0.10754,,,-0.00504,,,0.14883,,,-0.00518,,,0.04908,0.00778,0.04129,-0.00723,,,0.68933,0.65684,0.03248,0.03346,0.03191,0.00155,,,,,8.95,-33.59,5.34,-18.48,23.11,-2.17,11.07,-10.63,7.0,31.0,11.0,27.0,32.0,8.0,21.0,17.0,-0.0,-0.0198,0.00956,-0.00744,1.2853,56.24212,64.98662,,,-2.57788,77.78609,87.32367,77.786,,78.15735,84.62014,54.69725,55.15158,,,0.03368,0.03685,,,,,0.15,,,,,,,0.663,0.607,0.45,0.662,0.602,0.445,2021-03-19,2021-02-24,2021-01-18,2021-03-23,2021-03-04,2021-01-25,9.4,-0.15,10.13,-0.82,36.4,-1.11,10.0,2.0,11.0,6.0,19.0,5.0,1.0,-0.0,1.0,-0.0,2.0,-0.0,0.733,0.689,0.664,0.713,0.669,0.624,2021-04-05,2021-03-29,2021-03-22,2021-04-06,2021-03-30,2021-03-24,0.028,0.0,0.0,0.027,0.022,100.0,2020-12-22,1999-01-01,1999-01-01,2021-01-18,2020-11-02,1999-01-01,0.003,0.0,0.0,0.002,-0.073,100.0,2021-01-14,1999-01-01,1999-01-01,2021-01-22,2020-11-04,1999-01-01,0.034,0.0,0.0,0.016,-0.068,100.0,2020-12-21,1999-01-01,1999-01-01,2021-01-26,2020-10-07,1999-01-01,0.033,0.0,0.0,0.016,-0.097,100.0,2020-12-23,1999-01-01,1999-01-01,2021-01-25,2020-10-14,1999-01-01,0.001,0.013,-0.006,-0.002,-0.008,-0.008,2021-03-29,2021-02-08,2020-12-24,2021-03-09,2021-01-07,2020-12-11,0.001,0.021,0.022,-0.009,-0.026,0.006,2021-03-29,2021-02-04,2020-11-12,2021-03-05,2020-12-11,2020-10-21,0.002,0.025,0.029,-0.007,-0.035,0.008,2021-03-29,2021-02-05,2020-11-16,2021-03-09,2020-12-17,2020-10-21,-0.002,0.015,0.017,-0.003,-0.017,0.009,2021-03-24,2021-02-05,2020-11-12,2021-03-11,2020-12-18,2020-10-16,5533700.0,4544500.0,4609200.0,30.37,12.16,-25.96,0.034,0.034,0.0,0.03,-0.003,-0.026,0.008,0.01,0.004,-0.001,-0.006,0.002,0.03012,0.02871,0.0,0.03075,-0.00139,-0.02456,57.442,49.37,0.0,38.349,100.0,100.0,92.595,95.5,78.587,77.786,91.59,62.574,72.433,73.665,48.671,58.82,41.452,42.684,2021-03-02,2020-12-03,1999-01-01,2021-03-23,2021-01-20,2020-09-24,89,8007,0,62,118,7937,2021-03-15,2020-11-19,1999-01-01,2020-12-29,1999-01-01,1999-01-01,2021-04-05,2021-04-01,2021-03-29,2021-04-06,2021-04-02,2021-03-31,2021-02-18,2020-11-26,2020-10-19,2021-03-15,2021-01-06,2020-11-02,,,,,,p2p,,,,Life.Bull,Life.BullRetrace,Life.BullEnd,Life.BullStart,Life.Bull,,
2021-04-07,RL,4.76,14.84,4.12,17.14,3.74,1.46,0,0,0,-,0,0,0,0.7342,,,,0.728,0.66436,0.61546,0.5561,0.5134,0.10224,,,-0.00312,,,0.1094,,,-0.00703,,,0.15202,,,-0.00758,,,0.04978,0.00716,0.04263,-0.00862,,,0.69532,0.66214,0.03319,0.03406,0.03234,0.00172,,,,,7.46,-33.59,5.34,-18.48,23.11,-2.17,11.07,-10.63,6.0,31.0,11.0,27.0,32.0,8.0,21.0,17.0,0.0149,0.0,0.01062,-0.00744,1.42843,58.8212,65.29661,,,0.0012,88.93044,86.4373,,88.93,76.21453,81.67641,54.16846,54.67881,,,0.0327,0.03696,,,,,0.15,,,,,,,0.663,0.607,0.45,0.662,0.602,0.445,2021-03-19,2021-02-24,2021-01-18,2021-03-23,2021-03-04,2021-01-25,10.91,-0.15,10.13,-0.82,36.4,-1.11,11.0,2.0,11.0,6.0,19.0,5.0,1.0,-0.0,1.0,-0.0,2.0,-0.0,0.728,0.733,0.689,0.713,0.669,0.624,2021-04-07,2021-04-05,2021-03-29,2021-04-06,2021-03-30,2021-03-24,0.028,0.0,0.0,0.027,0.022,100.0,2020-12-22,1999-01-01,1999-01-01,2021-01-18,2020-11-02,1999-01-01,0.003,0.0,0.0,0.002,-0.073,100.0,2021-01-14,1999-01-01,1999-01-01,2021-01-22,2020-11-04,1999-01-01,0.034,0.0,0.0,0.016,-0.068,100.0,2020-12-21,1999-01-01,1999-01-01,2021-01-26,2020-10-07,1999-01-01,0.033,0.0,0.0,0.016,-0.097,100.0,2020-12-23,1999-01-01,1999-01-01,2021-01-25,2020-10-14,1999-01-01,0.001,0.013,-0.006,-0.002,-0.008,-0.008,2021-03-29,2021-02-08,2020-12-24,2021-03-09,2021-01-07,2020-12-11,0.001,0.021,0.022,-0.009,-0.026,0.006,2021-03-29,2021-02-04,2020-11-12,2021-03-05,2020-12-11,2020-10-21,0.002,0.025,0.029,-0.007,-0.035,0.008,2021-03-29,2021-02-05,2020-11-16,2021-03-09,2020-12-17,2020-10-21,-0.002,0.015,0.017,-0.003,-0.017,0.009,2021-03-24,2021-02-05,2020-11-12,2021-03-11,2020-12-18,2020-10-16,4544500.0,4609200.0,1718300.0,12.16,-25.96,-25.98,0.034,0.034,0.0,0.03,-0.003,-0.026,0.008,0.01,0.004,-0.001,-0.006,0.002,0.03012,0.02871,0.0,0.03075,-0.00139,-0.02456,57.442,49.37,0.0,38.349,100.0,100.0,88.93,92.595,95.5,77.786,91.59,62.574,72.433,73.665,48.671,58.82,41.452,42.684,2021-03-02,2020-12-03,1999-01-01,2021-03-23,2021-01-20,2020-09-24,89,8007,0,62,118,7937,2021-03-15,2020-11-19,1999-01-01,2020-12-29,1999-01-01,1999-01-01,2021-04-07,2021-04-05,2021-04-01,2021-04-06,2021-04-02,2021-03-31,2021-02-18,2020-11-26,2020-10-19,2021-03-15,2021-01-06,2020-11-02,,,,,p2p,,,,,Life.Bull,Life.BullRetrace,Life.BullEnd,Life.BullStart,Life.Bull,,
2021-04-08,RL,4.76,14.43,4.12,16.68,3.84,1.5,0,0,0,-,0,0,0,0.74509,,,0.708,,0.66775,0.61911,0.55912,0.51534,0.10473,,,-0.00445,,,0.11124,,,-0.00928,,,0.15521,,,-0.01031,,,0.05048,0.0065,0.04397,-0.01012,,,0.69733,0.66556,0.03177,0.03459,0.03279,0.00181,,,,0.002,5.89,-33.59,5.34,-18.48,23.11,-2.17,11.07,-10.63,5.0,31.0,11.0,27.0,32.0,8.0,21.0,17.0,-0.0,-0.0199,0.01062,-0.00709,1.49899,59.98386,65.49334,,,1.16386,74.04637,80.2543,74.046,,54.44696,69.60628,53.58703,54.15091,,,0.03213,0.03708,,,,,0.15,,,,,,,0.663,0.607,0.45,0.662,0.602,0.445,2021-03-19,2021-02-24,2021-01-18,2021-03-23,2021-03-04,2021-01-25,12.55,-0.15,10.13,-0.82,36.4,-1.11,12.0,2.0,11.0,6.0,19.0,5.0,1.0,-0.0,1.0,-0.0,2.0,-0.0,0.728,0.733,0.689,0.708,0.713,0.669,2021-04-07,2021-04-05,2021-03-29,2021-04-08,2021-04-06,2021-03-30,0.028,0.0,0.0,0.027,0.022,100.0,2020-12-22,1999-01-01,1999-01-01,2021-01-18,2020-11-02,1999-01-01,0.003,0.0,0.0,0.002,-0.073,100.0,2021-01-14,1999-01-01,1999-01-01,2021-01-22,2020-11-04,1999-01-01,0.034,0.0,0.0,0.016,-0.068,100.0,2020-12-21,1999-01-01,1999-01-01,2021-01-26,2020-10-07,1999-01-01,0.033,0.0,0.0,0.016,-0.097,100.0,2020-12-23,1999-01-01,1999-01-01,2021-01-25,2020-10-14,1999-01-01,0.001,0.013,-0.006,-0.002,-0.008,-0.008,2021-03-29,2021-02-08,2020-12-24,2021-03-09,2021-01-07,2020-12-11,0.001,0.021,0.022,-0.009,-0.026,0.006,2021-03-29,2021-02-04,2020-11-12,2021-03-05,2020-12-11,2020-10-21,0.002,0.025,0.029,-0.007,-0.035,0.008,2021-03-29,2021-02-05,2020-11-16,2021-03-09,2020-12-17,2020-10-21,-0.002,0.015,0.017,-0.003,-0.017,0.009,2021-03-24,2021-02-05,2020-11-12,2021-03-11,2020-12-18,2020-10-16,4609200.0,1718300.0,2722000.0,-25.96,-25.98,-16.76,0.034,0.034,0.0,0.03,-0.003,-0.026,0.002,0.008,0.01,-0.001,-0.006,0.002,0.03012,0.02871,0.0,0.03075,-0.00139,-0.02456,57.442,49.37,0.0,38.349,100.0,100.0,88.93,92.595,95.5,74.046,77.786,91.59,72.433,73.665,48.671,58.82,41.452,42.684,2021-03-02,2020-12-03,1999-01-01,2021-03-23,2021-01-20,2020-09-24,89,8007,0,62,118,7937,2021-03-15,2020-11-19,1999-01-01,2020-12-29,1999-01-01,1999-01-01,2021-04-07,2021-04-05,2021-04-01,2021-04-08,2021-04-06,2021-04-02,2021-02-18,2020-11-26,2020-10-19,2021-03-15,2021-01-06,2020-11-02,,,,,,,,,,Life.Bull,Life.BullRetrace,Life.BullEnd,Life.BullStart,Life.Bull,,
2021-04-09,RL,4.76,14.84,4.12,17.14,3.74,1.46,0,0,0,-,0,0,0,0.75632,,,,,0.67241,0.62339,0.56247,0.51746,0.10721,,,-0.00595,,,0.11301,,,-0.01175,,,0.15833,,,-0.01333,,,0.05112,0.00581,0.04532,-0.01174,,,0.7021,0.67021,0.03189,0.03502,0.03323,0.00178,,,,,4.32,-33.59,5.34,-18.48,23.11,-2.17,11.07,-10.63,4.0,31.0,11.0,27.0,32.0,8.0,21.0,17.0,0.0199,0.0,0.01169,-0.00709,1.64919,62.25266,65.54511,,65.545,3.43266,88.93044,83.96909,,,54.48905,61.71685,52.95626,53.57058,,,0.03161,0.03721,,,,,0.15,,,,,,,0.663,0.607,0.45,0.662,0.602,0.445,2021-03-19,2021-02-24,2021-01-18,2021-03-23,2021-03-04,2021-01-25,14.25,-0.15,10.13,-0.82,36.4,-1.11,13.0,2.0,11.0,6.0,19.0,5.0,1.0,-0.0,1.0,-0.0,2.0,-0.0,0.728,0.733,0.689,0.708,0.713,0.669,2021-04-07,2021-04-05,2021-03-29,2021-04-08,2021-04-06,2021-03-30,0.028,0.0,0.0,0.027,0.022,100.0,2020-12-22,1999-01-01,1999-01-01,2021-01-18,2020-11-02,1999-01-01,0.003,0.0,0.0,0.002,-0.073,100.0,2021-01-14,1999-01-01,1999-01-01,2021-01-22,2020-11-04,1999-01-01,0.034,0.0,0.0,0.016,-0.068,100.0,2020-12-21,1999-01-01,1999-01-01,2021-01-26,2020-10-07,1999-01-01,0.033,0.0,0.0,0.016,-0.097,100.0,2020-12-23,1999-01-01,1999-01-01,2021-01-25,2020-10-14,1999-01-01,0.001,0.013,-0.006,-0.002,-0.008,-0.008,2021-03-29,2021-02-08,2020-12-24,2021-03-09,2021-01-07,2020-12-11,0.001,0.021,0.022,-0.009,-0.026,0.006,2021-03-29,2021-02-04,2020-11-12,2021-03-05,2020-12-11,2020-10-21,0.002,0.025,0.029,-0.007,-0.035,0.008,2021-03-29,2021-02-05,2020-11-16,2021-03-09,2020-12-17,2020-10-21,-0.002,0.015,0.017,-0.003,-0.017,0.009,2021-03-24,2021-02-05,2020-11-12,2021-03-11,2020-12-18,2020-10-16,1718300.0,2722000.0,3236400.0,-25.98,-16.76,-15.17,0.034,0.034,0.0,0.03,-0.003,-0.026,0.002,0.008,0.01,-0.001,-0.006,0.002,0.03012,0.02871,0.0,0.03075,-0.00139,-0.02456,57.442,49.37,0.0,38.349,100.0,100.0,88.93,92.595,95.5,74.046,77.786,91.59,65.545,72.433,73.665,58.82,41.452,42.684,2021-03-02,2020-12-03,1999-01-01,2021-03-23,2021-01-20,2020-09-24,89,8007,0,62,118,7937,2021-03-15,2020-11-19,1999-01-01,2020-12-29,1999-01-01,1999-01-01,2021-04-07,2021-04-05,2021-04-01,2021-04-08,2021-04-06,2021-04-02,2021-04-09,2021-02-18,2020-11-26,2021-03-15,2021-01-06,2020-11-02,,,,,,,,,,Life.Bull,Life.BullRetrace,Life.BullEnd,Life.BullStart,Life.Bull,,
2021-04-12,RL,4.76,15.95,4.12,18.43,3.48,1.36,0,0,0,-,0,0,0,0.76719,,,,,0.6809,0.62964,0.56683,0.5201,0.10964,,,-0.00761,,,0.11468,,,-0.0144,,,0.16133,,,-0.01658,,,0.0517,0.00504,0.04665,-0.01342,,,0.71451,0.67855,0.03596,0.03527,0.03364,0.00163,,,,,2.84,-33.59,5.34,-18.48,23.11,-2.17,11.07,-10.63,3.0,31.0,11.0,27.0,32.0,8.0,21.0,17.0,0.0545,0.0,0.01558,-0.00531,2.93145,74.5641,65.41639,,,9.0191,94.59902,85.85861,,94.599,57.90831,55.61477,52.28075,52.94135,,,0.03395,0.03735,,,,,0.15,,,,,,,0.663,0.607,0.45,0.662,0.602,0.445,2021-03-19,2021-02-24,2021-01-18,2021-03-23,2021-03-04,2021-01-25,15.89,-0.15,10.13,-0.82,36.4,-1.11,14.0,2.0,11.0,6.0,19.0,5.0,1.0,-0.0,1.0,-0.0,2.0,-0.0,0.728,0.733,0.689,0.708,0.713,0.669,2021-04-07,2021-04-05,2021-03-29,2021-04-08,2021-04-06,2021-03-30,0.028,0.0,0.0,0.027,0.022,100.0,2020-12-22,1999-01-01,1999-01-01,2021-01-18,2020-11-02,1999-01-01,0.003,0.0,0.0,0.002,-0.073,100.0,2021-01-14,1999-01-01,1999-01-01,2021-01-22,2020-11-04,1999-01-01,0.034,0.0,0.0,0.016,-0.068,100.0,2020-12-21,1999-01-01,1999-01-01,2021-01-26,2020-10-07,1999-01-01,0.033,0.0,0.0,0.016,-0.097,100.0,2020-12-23,1999-01-01,1999-01-01,2021-01-25,2020-10-14,1999-01-01,0.001,0.013,-0.006,-0.002,-0.008,-0.008,2021-03-29,2021-02-08,2020-12-24,2021-03-09,2021-01-07,2020-12-11,0.001,0.021,0.022,-0.009,-0.026,0.006,2021-03-29,2021-02-04,2020-11-12,2021-03-05,2020-12-11,2020-10-21,0.002,0.025,0.029,-0.007,-0.035,0.008,2021-03-29,2021-02-05,2020-11-16,2021-03-09,2020-12-17,2020-10-21,-0.002,0.015,0.017,-0.003,-0.017,0.009,2021-03-24,2021-02-05,2020-11-12,2021-03-11,2020-12-18,2020-10-16,2722000.0,3236400.0,15717100.0,-16.76,-15.17,182.35,0.034,0.034,0.0,0.03,-0.003,-0.026,0.002,0.008,0.01,-0.001,-0.006,0.002,0.03012,0.02871,0.0,0.03075,-0.00139,-0.02456,57.442,49.37,0.0,38.349,100.0,100.0,94.599,88.93,92.595,74.046,77.786,91.59,65.545,72.433,73.665,58.82,41.452,42.684,2021-03-02,2020-12-03,1999-01-01,2021-03-23,2021-01-20,2020-09-24,89,8007,0,62,118,7937,2021-03-15,2020-11-19,1999-01-01,2020-12-29,1999-01-01,1999-01-01,2021-04-12,2021-04-07,2021-04-05,2021-04-08,2021-04-06,2021-04-02,2021-04-09,2021-02-18,2020-11-26,2021-03-15,2021-01-06,2020-11-02,15717100.0,,,,,,,,n2p,Life.Bull,Life.BullRetrace,Life.BullEnd,Life.BullStart,Life.Bull,,
2021-04-13,RL,4.76,16.35,4.12,18.89,3.39,1.32,0,0,0,-,0,0,0,0.77695,,,,,0.69026,0.63643,0.5715,0.52291,0.11199,,,-0.00939,,,0.11618,,,-0.01715,,,0.16415,,,-0.01999,,,0.05216,0.00419,0.04797,-0.01514,,,0.72807,0.68774,0.04033,0.03529,0.03397,0.00132,,0.035,,,1.55,-33.59,5.34,-18.48,23.11,-2.17,11.07,-10.63,2.0,31.0,11.0,27.0,32.0,8.0,21.0,17.0,0.0198,0.0,0.01699,-0.00425,3.99832,79.99328,65.07367,,,14.44828,80.85015,88.12654,80.85,,73.49691,61.96475,51.56646,52.26782,,,0.03684,0.03749,,,,,0.15,,,,,,,0.663,0.607,0.45,0.662,0.602,0.445,2021-03-19,2021-02-24,2021-01-18,2021-03-23,2021-03-04,2021-01-25,17.36,-0.15,10.13,-0.82,36.4,-1.11,15.0,2.0,11.0,6.0,19.0,5.0,1.0,-0.0,1.0,-0.0,2.0,-0.0,0.728,0.733,0.689,0.708,0.713,0.669,2021-04-07,2021-04-05,2021-03-29,2021-04-08,2021-04-06,2021-03-30,0.028,0.0,0.0,0.027,0.022,100.0,2020-12-22,1999-01-01,1999-01-01,2021-01-18,2020-11-02,1999-01-01,0.003,0.0,0.0,0.002,-0.073,100.0,2021-01-14,1999-01-01,1999-01-01,2021-01-22,2020-11-04,1999-01-01,0.034,0.0,0.0,0.016,-0.068,100.0,2020-12-21,1999-01-01,1999-01-01,2021-01-26,2020-10-07,1999-01-01,0.033,0.0,0.0,0.016,-0.097,100.0,2020-12-23,1999-01-01,1999-01-01,2021-01-25,2020-10-14,1999-01-01,0.001,0.013,-0.006,-0.002,-0.008,-0.008,2021-03-29,2021-02-08,2020-12-24,2021-03-09,2021-01-07,2020-12-11,0.001,0.021,0.022,-0.009,-0.026,0.006,2021-03-29,2021-02-04,2020-11-12,2021-03-05,2020-12-11,2020-10-21,0.002,0.025,0.029,-0.007,-0.035,0.008,2021-03-29,2021-02-05,2020-11-16,2021-03-09,2020-12-17,2020-10-21,-0.002,0.015,0.017,-0.003,-0.017,0.009,2021-03-24,2021-02-05,2020-11-12,2021-03-11,2020-12-18,2020-10-16,3236400.0,15717100.0,26058600.0,-15.17,182.35,107.66,0.035,0.034,0.034,0.03,-0.003,-0.026,0.002,0.008,0.01,-0.001,-0.006,0.002,0.03397,0.03012,0.02871,0.03075,-0.00139,-0.02456,57.442,49.37,0.0,38.349,100.0,100.0,94.599,88.93,92.595,80.85,74.046,77.786,65.545,72.433,73.665,58.82,41.452,42.684,2021-04-13,2021-03-02,2020-12-03,2021-03-23,2021-01-20,2020-09-24,42,89,8007,62,118,7937,2021-03-15,2020-11-19,1999-01-01,2020-12-29,1999-01-01,1999-01-01,2021-04-12,2021-04-07,2021-04-05,2021-04-13,2021-04-08,2021-04-06,2021-04-09,2021-02-18,2020-11-26,2021-03-15,2021-01-06,2020-11-02,,,,,,,,n2p,,Life.Bull,Life.BullRetrace,Life.BullEnd,Life.BullStart,Life.Bull,,
2021-04-14,RL,4.76,16.66,4.12,19.24,3.33,1.3,0,0,0,-,0,0,0,0.78459,,,,0.817,0.70004,0.64352,0.57637,0.52584,0.11423,,,-0.01128,,,0.11745,,,-0.01994,,,0.16671,,,-0.02348,,,0.05247,0.00322,0.04925,-0.01687,,,0.74181,0.69734,0.04447,0.03505,0.03419,0.00086,,,,,0.56,-33.59,5.34,-18.48,23.11,-2.17,11.07,-10.63,1.0,31.0,11.0,27.0,32.0,8.0,21.0,17.0,0.0148,0.0,0.01628,-0.00425,3.83025,79.29715,64.48683,,,13.75215,84.96468,86.80462,,84.965,79.04227,70.14916,50.82052,51.55591,,,0.0381,0.03764,,,,,0.15,,,,,,,0.663,0.607,0.45,0.662,0.602,0.445,2021-03-19,2021-02-24,2021-01-18,2021-03-23,2021-03-04,2021-01-25,18.52,-0.15,10.13,-0.82,36.4,-1.11,16.0,2.0,11.0,6.0,19.0,5.0,1.0,-0.0,1.0,-0.0,2.0,-0.0,0.817,0.728,0.733,0.708,0.713,0.669,2021-04-14,2021-04-07,2021-04-05,2021-04-08,2021-04-06,2021-03-30,0.028,0.0,0.0,0.027,0.022,100.0,2020-12-22,1999-01-01,1999-01-01,2021-01-18,2020-11-02,1999-01-01,0.003,0.0,0.0,0.002,-0.073,100.0,2021-01-14,1999-01-01,1999-01-01,2021-01-22,2020-11-04,1999-01-01,0.034,0.0,0.0,0.016,-0.068,100.0,2020-12-21,1999-01-01,1999-01-01,2021-01-26,2020-10-07,1999-01-01,0.033,0.0,0.0,0.016,-0.097,100.0,2020-12-23,1999-01-01,1999-01-01,2021-01-25,2020-10-14,1999-01-01,0.001,0.013,-0.006,-0.002,-0.008,-0.008,2021-03-29,2021-02-08,2020-12-24,2021-03-09,2021-01-07,2020-12-11,0.001,0.021,0.022,-0.009,-0.026,0.006,2021-03-29,2021-02-04,2020-11-12,2021-03-05,2020-12-11,2020-10-21,0.002,0.025,0.029,-0.007,-0.035,0.008,2021-03-29,2021-02-05,2020-11-16,2021-03-09,2020-12-17,2020-10-21,-0.002,0.015,0.017,-0.003,-0.017,0.009,2021-03-24,2021-02-05,2020-11-12,2021-03-11,2020-12-18,2020-10-16,15717100.0,26058600.0,5635000.0,182.35,107.66,5.33,0.035,0.034,0.034,0.03,-0.003,-0.026,0.002,0.008,0.01,-0.001,-0.006,0.002,0.03397,0.03012,0.02871,0.03075,-0.00139,-0.02456,57.442,49.37,0.0,38.349,100.0,100.0,84.965,94.599,88.93,80.85,74.046,77.786,65.545,72.433,73.665,58.82,41.452,42.684,2021-04-13,2021-03-02,2020-12-03,2021-03-23,2021-01-20,2020-09-24,42,89,8007,62,118,7937,2021-03-15,2020-11-19,1999-01-01,2020-12-29,1999-01-01,1999-01-01,2021-04-14,2021-04-12,2021-04-07,2021-04-13,2021-04-08,2021-04-06,2021-04-09,2021-02-18,2020-11-26,2021-03-15,2021-01-06,2020-11-02,,,,,,,n2p,,,Life.Bull,Life.BullRetrace,Life.BullEnd,Life.BullStart,Life.Bull,,
2021-04-15,RL,4.76,16.55,4.12,19.13,3.35,1.31,0,0,0,-,0,0,0,0.78873,,0.789,,,0.70869,0.65015,0.58104,0.5287,0.11633,,,-0.01322,,,0.11845,,,-0.02268,,,0.16894,,,-0.02695,,,0.05261,0.00211,0.05049,-0.01856,,,0.75268,0.70587,0.04681,0.03448,0.03425,0.00024,,,,,-33.56,5.34,-18.48,23.11,-2.17,11.07,-10.63,2.79,31.0,11.0,27.0,32.0,8.0,21.0,17.0,7.0,-0.0,-0.0049,0.0138,-0.0046,3.0,75.0,63.6325,,,9.455,81.06929,82.29471,,,74.40849,75.64922,50.05001,50.81233,,,0.03785,0.03779,,,,,0.15,,,,,,,0.789,0.663,0.607,0.662,0.602,0.445,2021-04-15,2021-03-19,2021-02-24,2021-03-23,2021-03-04,2021-01-25,0.0,19.18,-0.15,10.13,-0.82,36.4,0.0,17.0,2.0,11.0,6.0,19.0,0.0,1.0,-0.0,1.0,-0.0,2.0,0.817,0.728,0.733,0.708,0.713,0.669,2021-04-14,2021-04-07,2021-04-05,2021-04-08,2021-04-06,2021-03-30,0.028,0.0,0.0,0.027,0.022,100.0,2020-12-22,1999-01-01,1999-01-01,2021-01-18,2020-11-02,1999-01-01,0.003,0.0,0.0,0.002,-0.073,100.0,2021-01-14,1999-01-01,1999-01-01,2021-01-22,2020-11-04,1999-01-01,0.034,0.0,0.0,0.016,-0.068,100.0,2020-12-21,1999-01-01,1999-01-01,2021-01-26,2020-10-07,1999-01-01,0.033,0.0,0.0,0.016,-0.097,100.0,2020-12-23,1999-01-01,1999-01-01,2021-01-25,2020-10-14,1999-01-01,0.001,0.013,-0.006,-0.002,-0.008,-0.008,2021-03-29,2021-02-08,2020-12-24,2021-03-09,2021-01-07,2020-12-11,0.001,0.021,0.022,-0.009,-0.026,0.006,2021-03-29,2021-02-04,2020-11-12,2021-03-05,2020-12-11,2020-10-21,0.002,0.025,0.029,-0.007,-0.035,0.008,2021-03-29,2021-02-05,2020-11-16,2021-03-09,2020-12-17,2020-10-21,-0.002,0.015,0.017,-0.003,-0.017,0.009,2021-03-24,2021-02-05,2020-11-12,2021-03-11,2020-12-18,2020-10-16,26058600.0,5635000.0,5338900.0,107.66,5.33,-21.89,0.035,0.034,0.034,0.03,-0.003,-0.026,0.002,0.008,0.01,-0.001,-0.006,0.002,0.03397,0.03012,0.02871,0.03075,-0.00139,-0.02456,57.442,49.37,0.0,38.349,100.0,100.0,84.965,94.599,88.93,80.85,74.046,77.786,65.545,72.433,73.665,58.82,41.452,42.684,2021-04-13,2021-03-02,2020-12-03,2021-03-23,2021-01-20,2020-09-24,42,89,8007,62,118,7937,2021-03-15,2020-11-19,1999-01-01,2020-12-29,1999-01-01,1999-01-01,2021-04-14,2021-04-12,2021-04-07,2021-04-13,2021-04-08,2021-04-06,2021-04-09,2021-02-18,2020-11-26,2021-03-15,2021-01-06,2020-11-02,,,,,,n2p,,,,Life.Bull,Life.BullRetrace,Life.BullEnd,Life.BullStart,Life.Bull,,
2021-04-16,RL,4.76,16.55,4.12,19.13,3.35,1.31,0,0,0,-,0,0,0,0.78798,,,,,0.71668,0.65652,0.58563,0.53152,0.11826,,,-0.01519,,,0.11911,,,-0.02528,,,0.17079,,,-0.03032,,,0.05253,0.00085,0.05168,-0.02017,,,0.76189,0.71377,0.04811,0.03357,0.03411,-0.00054,,,,,-33.5,5.34,-18.48,23.11,-2.17,11.07,-10.63,2.79,30.0,11.0,27.0,32.0,8.0,21.0,17.0,7.0,0.0,0.0,0.01345,-0.0046,2.92391,74.51524,62.50084,,,8.97024,81.06929,82.36775,,,74.60792,76.01956,49.26216,50.04423,,,0.03691,0.03794,,,,,0.15,,,,,,,0.789,0.663,0.607,0.662,0.602,0.445,2021-04-15,2021-03-19,2021-02-24,2021-03-23,2021-03-04,2021-01-25,-0.13,19.18,-0.15,10.13,-0.82,36.4,1.0,17.0,2.0,11.0,6.0,19.0,-0.0,1.0,-0.0,1.0,-0.0,2.0,0.817,0.728,0.733,0.708,0.713,0.669,2021-04-14,2021-04-07,2021-04-05,2021-04-08,2021-04-06,2021-03-30,0.028,0.0,0.0,0.027,0.022,100.0,2020-12-22,1999-01-01,1999-01-01,2021-01-18,2020-11-02,1999-01-01,0.003,0.0,0.0,0.002,-0.073,100.0,2021-01-14,1999-01-01,1999-01-01,2021-01-22,2020-11-04,1999-01-01,0.034,0.0,0.0,0.016,-0.068,100.0,2020-12-21,1999-01-01,1999-01-01,2021-01-26,2020-10-07,1999-01-01,0.033,0.0,0.0,0.016,-0.097,100.0,2020-12-23,1999-01-01,1999-01-01,2021-01-25,2020-10-14,1999-01-01,0.001,0.013,-0.006,-0.002,-0.008,-0.008,2021-03-29,2021-02-08,2020-12-24,2021-03-09,2021-01-07,2020-12-11,0.001,0.021,0.022,-0.009,-0.026,0.006,2021-03-29,2021-02-04,2020-11-12,2021-03-05,2020-12-11,2020-10-21,0.002,0.025,0.029,-0.007,-0.035,0.008,2021-03-29,2021-02-05,2020-11-16,2021-03-09,2020-12-17,2020-10-21,-0.002,0.015,0.017,-0.003,-0.017,0.009,2021-03-24,2021-02-05,2020-11-12,2021-03-11,2020-12-18,2020-10-16,5635000.0,5338900.0,5292300.0,5.33,-21.89,-56.08,0.035,0.034,0.034,0.03,-0.003,-0.026,0.002,0.008,0.01,-0.001,-0.006,0.002,0.03397,0.03012,0.02871,0.03075,-0.00139,-0.02456,57.442,49.37,0.0,38.349,100.0,100.0,84.965,94.599,88.93,80.85,74.046,77.786,65.545,72.433,73.665,58.82,41.452,42.684,2021-04-13,2021-03-02,2020-12-03,2021-03-23,2021-01-20,2020-09-24,42,89,8007,62,118,7937,2021-03-15,2020-11-19,1999-01-01,2020-12-29,1999-01-01,1999-01-01,2021-04-14,2021-04-12,2021-04-07,2021-04-13,2021-04-08,2021-04-06,2021-04-09,2021-02-18,2020-11-26,2021-03-15,2021-01-06,2020-11-02,,,,,n2p,,,,,Life.Bull,Life.BullRetrace,Life.BullEnd,Life.BullStart,Life.Bull,,
2021-04-19,RL,4.76,16.25,4.12,18.78,3.41,1.33,0,0,0,-,0,0,0,0.78178,,,0.798,,0.7229,0.66205,0.58982,0.53417,0.11998,,,-0.01713,,,0.11941,,0.119,-0.02766,,,0.1722,,,-0.03346,,,0.05222,-0.00057,0.05279,-0.02168,,,0.76738,0.71998,0.0474,0.0323,0.03375,-0.00145,,,,,-32.97,5.34,-18.48,23.11,-2.17,11.07,-10.63,2.79,29.0,11.0,27.0,32.0,8.0,21.0,17.0,7.0,-0.0,-0.0149,0.01345,-0.00425,3.16471,75.9887,61.09677,,,10.4437,72.94053,78.3597,72.941,,59.29825,69.43822,48.46557,49.25925,,,0.03675,0.0381,,,,,,0.15,,,,,,0.789,0.663,0.607,0.662,0.602,0.445,2021-04-15,2021-03-19,2021-02-24,2021-03-23,2021-03-04,2021-01-25,-0.92,19.18,-0.15,10.13,-0.82,36.4,2.0,17.0,2.0,11.0,6.0,19.0,-0.0,1.0,-0.0,1.0,-0.0,2.0,0.817,0.728,0.733,0.798,0.708,0.713,2021-04-14,2021-04-07,2021-04-05,2021-04-19,2021-04-08,2021-04-06,0.028,0.0,0.0,0.027,0.022,100.0,2020-12-22,1999-01-01,1999-01-01,2021-01-18,2020-11-02,1999-01-01,0.003,0.0,0.0,0.002,-0.073,100.0,2021-01-14,1999-01-01,1999-01-01,2021-01-22,2020-11-04,1999-01-01,0.119,0.034,0.0,0.016,-0.068,100.0,2021-04-19,2020-12-21,1999-01-01,2021-01-26,2020-10-07,1999-01-01,0.033,0.0,0.0,0.016,-0.097,100.0,2020-12-23,1999-01-01,1999-01-01,2021-01-25,2020-10-14,1999-01-01,0.001,0.013,-0.006,-0.002,-0.008,-0.008,2021-03-29,2021-02-08,2020-12-24,2021-03-09,2021-01-07,2020-12-11,0.001,0.021,0.022,-0.009,-0.026,0.006,2021-03-29,2021-02-04,2020-11-12,2021-03-05,2020-12-11,2020-10-21,0.002,0.025,0.029,-0.007,-0.035,0.008,2021-03-29,2021-02-05,2020-11-16,2021-03-09,2020-12-17,2020-10-21,-0.002,0.015,0.017,-0.003,-0.017,0.009,2021-03-24,2021-02-05,2020-11-12,2021-03-11,2020-12-18,2020-10-16,5338900.0,5292300.0,4677200.0,-21.89,-56.08,-5.89,0.035,0.034,0.034,0.03,-0.003,-0.026,0.002,0.008,0.01,-0.001,-0.006,0.002,0.03397,0.03012,0.02871,0.03075,-0.00139,-0.02456,57.442,49.37,0.0,38.349,100.0,100.0,84.965,94.599,88.93,72.941,80.85,74.046,65.545,72.433,73.665,58.82,41.452,42.684,2021-04-13,2021-03-02,2020-12-03,2021-03-23,2021-01-20,2020-09-24,42,89,8007,62,118,7937,2021-03-15,2020-11-19,1999-01-01,2020-12-29,1999-01-01,1999-01-01,2021-04-14,2021-04-12,2021-04-07,2021-04-19,2021-04-13,2021-04-08,2021-04-09,2021-02-18,2020-11-26,2021-03-15,2021-01-06,2020-11-02,,,,,,,,,,Life.BullRetrace,Life.BullEnd,Life.BullStart,Life.Bull,Life.BullRetrace,,retrace.sell
2021-04-20,RL,4.76,16.35,4.12,18.89,3.39,1.32,0,0,0,-,0,0,0,0.77072,,,,0.803,0.72903,0.66756,0.59404,0.53684,0.12146,,,-0.019,,,0.11928,,,-0.02972,,,0.17312,,,-0.03629,,,0.05165,-0.00218,0.05383,-0.02302,,,0.7728,0.7261,0.0467,0.03065,0.03313,-0.00248,,,,,-32.01,5.34,-18.48,23.11,-2.17,11.07,-10.63,2.79,28.0,11.0,27.0,32.0,8.0,21.0,17.0,7.0,0.005,0.0,0.01345,-0.00425,3.16471,75.9887,59.43114,,,10.4437,74.27912,76.09631,,74.279,48.21519,60.70712,47.67068,48.46614,,,0.03661,0.03825,,,,,,0.15,,,,,,0.789,0.663,0.607,0.662,0.602,0.445,2021-04-15,2021-03-19,2021-02-24,2021-03-23,2021-03-04,2021-01-25,-2.32,19.18,-0.15,10.13,-0.82,36.4,3.0,17.0,2.0,11.0,6.0,19.0,-1.0,1.0,-0.0,1.0,-0.0,2.0,0.803,0.817,0.728,0.798,0.708,0.713,2021-04-20,2021-04-14,2021-04-07,2021-04-19,2021-04-08,2021-04-06,0.028,0.0,0.0,0.027,0.022,100.0,2020-12-22,1999-01-01,1999-01-01,2021-01-18,2020-11-02,1999-01-01,0.003,0.0,0.0,0.002,-0.073,100.0,2021-01-14,1999-01-01,1999-01-01,2021-01-22,2020-11-04,1999-01-01,0.119,0.034,0.0,0.016,-0.068,100.0,2021-04-19,2020-12-21,1999-01-01,2021-01-26,2020-10-07,1999-01-01,0.033,0.0,0.0,0.016,-0.097,100.0,2020-12-23,1999-01-01,1999-01-01,2021-01-25,2020-10-14,1999-01-01,0.001,0.013,-0.006,-0.002,-0.008,-0.008,2021-03-29,2021-02-08,2020-12-24,2021-03-09,2021-01-07,2020-12-11,0.001,0.021,0.022,-0.009,-0.026,0.006,2021-03-29,2021-02-04,2020-11-12,2021-03-05,2020-12-11,2020-10-21,0.002,0.025,0.029,-0.007,-0.035,0.008,2021-03-29,2021-02-05,2020-11-16,2021-03-09,2020-12-17,2020-10-21,-0.002,0.015,0.017,-0.003,-0.017,0.009,2021-03-24,2021-02-05,2020-11-12,2021-03-11,2020-12-18,2020-10-16,5292300.0,4677200.0,6100300.0,-56.08,-5.89,4.97,0.035,0.034,0.034,0.03,-0.003,-0.026,0.002,0.008,0.01,-0.001,-0.006,0.002,0.03397,0.03012,0.02871,0.03075,-0.00139,-0.02456,57.442,49.37,0.0,38.349,100.0,100.0,74.279,84.965,94.599,72.941,80.85,74.046,65.545,72.433,73.665,58.82,41.452,42.684,2021-04-13,2021-03-02,2020-12-03,2021-03-23,2021-01-20,2020-09-24,42,89,8007,62,118,7937,2021-03-15,2020-11-19,1999-01-01,2020-12-29,1999-01-01,1999-01-01,2021-04-20,2021-04-14,2021-04-12,2021-04-19,2021-04-13,2021-04-08,2021-04-09,2021-02-18,2020-11-26,2021-03-15,2021-01-06,2020-11-02,,,,,,,,,,Life.BullRetrace,Life.BullEnd,Life.BullStart,Life.Bull,Life.BullRetrace,,retrace.sell
2021-04-21,RL,4.76,15.65,4.12,18.08,3.54,1.38,0,0,0,-,0,0,0,0.75609,,,,,0.73202,0.6715,0.59748,0.53914,0.12269,,,-0.02076,,,0.11872,,,-0.03138,,,0.1735,,0.174,-0.03872,,,0.05081,-0.00397,0.05478,-0.02418,,,0.77205,0.7292,0.04285,0.02862,0.03223,-0.00361,,,,,-30.7,5.34,-18.48,23.11,-2.17,11.07,-10.63,2.79,27.0,11.0,27.0,32.0,8.0,21.0,17.0,7.0,-0.0,-0.0347,0.01062,-0.00673,1.57856,61.21861,57.51969,,,-4.32639,46.67115,64.63027,,,29.19473,45.56939,46.88957,47.67527,,,0.03718,0.03841,,,,,,0.15,,,,,,0.789,0.663,0.607,0.662,0.602,0.445,2021-04-15,2021-03-19,2021-02-24,2021-03-23,2021-03-04,2021-01-25,-4.17,19.18,-0.15,10.13,-0.82,36.4,4.0,17.0,2.0,11.0,6.0,19.0,-1.0,1.0,-0.0,1.0,-0.0,2.0,0.803,0.817,0.728,0.798,0.708,0.713,2021-04-20,2021-04-14,2021-04-07,2021-04-19,2021-04-08,2021-04-06,0.028,0.0,0.0,0.027,0.022,100.0,2020-12-22,1999-01-01,1999-01-01,2021-01-18,2020-11-02,1999-01-01,0.003,0.0,0.0,0.002,-0.073,100.0,2021-01-14,1999-01-01,1999-01-01,2021-01-22,2020-11-04,1999-01-01,0.119,0.034,0.0,0.016,-0.068,100.0,2021-04-19,2020-12-21,1999-01-01,2021-01-26,2020-10-07,1999-01-01,0.174,0.033,0.0,0.016,-0.097,100.0,2021-04-21,2020-12-23,1999-01-01,2021-01-25,2020-10-14,1999-01-01,0.001,0.013,-0.006,-0.002,-0.008,-0.008,2021-03-29,2021-02-08,2020-12-24,2021-03-09,2021-01-07,2020-12-11,0.001,0.021,0.022,-0.009,-0.026,0.006,2021-03-29,2021-02-04,2020-11-12,2021-03-05,2020-12-11,2020-10-21,0.002,0.025,0.029,-0.007,-0.035,0.008,2021-03-29,2021-02-05,2020-11-16,2021-03-09,2020-12-17,2020-10-21,-0.002,0.015,0.017,-0.003,-0.017,0.009,2021-03-24,2021-02-05,2020-11-12,2021-03-11,2020-12-18,2020-10-16,4677200.0,6100300.0,6565500.0,-5.89,4.97,7.92,0.035,0.034,0.034,0.03,-0.003,-0.026,0.002,0.008,0.01,-0.001,-0.006,0.002,0.03397,0.03012,0.02871,0.03075,-0.00139,-0.02456,57.442,49.37,0.0,38.349,100.0,100.0,74.279,84.965,94.599,72.941,80.85,74.046,65.545,72.433,73.665,58.82,41.452,42.684,2021-04-13,2021-03-02,2020-12-03,2021-03-23,2021-01-20,2020-09-24,42,89,8007,62,118,7937,2021-03-15,2020-11-19,1999-01-01,2020-12-29,1999-01-01,1999-01-01,2021-04-20,2021-04-14,2021-04-12,2021-04-19,2021-04-13,2021-04-08,2021-04-09,2021-02-18,2020-11-26,2021-03-15,2021-01-06,2020-11-02,,,,,,,,,,Life.BullRetrace,Life.BullEnd,Life.BullStart,Life.Bull,Life.BullRetrace,,retrace.sell
2021-04-22,RL,4.76,15.55,4.12,17.96,3.57,1.39,0,0,0,-,0,0,0,0.7397,,,,,0.7344,0.67508,0.60076,0.54136,0.12363,,,-0.02236,,,0.11768,,,-0.03256,,,0.17332,,,-0.04064,,,0.04969,-0.00594,0.05563,-0.02511,,,0.77064,0.73169,0.03894,0.02623,0.03103,-0.0048,,,,,-29.16,5.34,-18.48,23.11,-2.17,11.07,-10.63,2.79,26.0,11.0,27.0,32.0,8.0,21.0,17.0,7.0,-0.0,-0.005,0.01027,-0.00709,1.4496,59.17695,55.38767,,,-6.36805,41.33612,54.09546,,,24.31257,33.9075,46.13455,46.89827,,,0.03664,0.03856,,,,,,0.15,,,,,,0.789,0.663,0.607,0.662,0.602,0.445,2021-04-15,2021-03-19,2021-02-24,2021-03-23,2021-03-04,2021-01-25,-6.25,19.18,-0.15,10.13,-0.82,36.4,5.0,17.0,2.0,11.0,6.0,19.0,-1.0,1.0,-0.0,1.0,-0.0,2.0,0.803,0.817,0.728,0.798,0.708,0.713,2021-04-20,2021-04-14,2021-04-07,2021-04-19,2021-04-08,2021-04-06,0.028,0.0,0.0,0.027,0.022,100.0,2020-12-22,1999-01-01,1999-01-01,2021-01-18,2020-11-02,1999-01-01,0.003,0.0,0.0,0.002,-0.073,100.0,2021-01-14,1999-01-01,1999-01-01,2021-01-22,2020-11-04,1999-01-01,0.119,0.034,0.0,0.016,-0.068,100.0,2021-04-19,2020-12-21,1999-01-01,2021-01-26,2020-10-07,1999-01-01,0.174,0.033,0.0,0.016,-0.097,100.0,2021-04-21,2020-12-23,1999-01-01,2021-01-25,2020-10-14,1999-01-01,0.001,0.013,-0.006,-0.002,-0.008,-0.008,2021-03-29,2021-02-08,2020-12-24,2021-03-09,2021-01-07,2020-12-11,0.001,0.021,0.022,-0.009,-0.026,0.006,2021-03-29,2021-02-04,2020-11-12,2021-03-05,2020-12-11,2020-10-21,0.002,0.025,0.029,-0.007,-0.035,0.008,2021-03-29,2021-02-05,2020-11-16,2021-03-09,2020-12-17,2020-10-21,-0.002,0.015,0.017,-0.003,-0.017,0.009,2021-03-24,2021-02-05,2020-11-12,2021-03-11,2020-12-18,2020-10-16,6100300.0,6565500.0,7593800.0,4.97,7.92,16.82,0.035,0.034,0.034,0.03,-0.003,-0.026,0.002,0.008,0.01,-0.001,-0.006,0.002,0.03397,0.03012,0.02871,0.03075,-0.00139,-0.02456,57.442,49.37,0.0,38.349,100.0,100.0,74.279,84.965,94.599,72.941,80.85,74.046,65.545,72.433,73.665,58.82,41.452,42.684,2021-04-13,2021-03-02,2020-12-03,2021-03-23,2021-01-20,2020-09-24,42,89,8007,62,118,7937,2021-03-15,2020-11-19,1999-01-01,2020-12-29,1999-01-01,1999-01-01,2021-04-20,2021-04-14,2021-04-12,2021-04-19,2021-04-13,2021-04-08,2021-04-09,2021-02-18,2020-11-26,2021-03-15,2021-01-06,2020-11-02,,,,,,,,,,Life.BullRetrace,Life.BullEnd,Life.BullStart,Life.Bull,Life.BullRetrace,,retrace.sell
2021-04-23,RL,4.76,15.44,4.12,17.84,3.59,1.4,0,0,0,-,0,0,0,0.72334,,,,,0.73393,0.67717,0.60328,0.54322,0.12426,,,-0.02376,,,0.11616,,,-0.03321,,,0.17254,,,-0.042,,,0.04827,-0.0081,0.05638,-0.02578,,,0.76413,0.73144,0.03268,0.02348,0.02952,-0.00604,,,,,-27.56,5.34,-18.48,23.11,-2.17,11.07,-10.63,2.79,25.0,11.0,27.0,32.0,8.0,21.0,17.0,7.0,-0.0,-0.0346,0.00921,-0.00956,0.96338,49.06738,53.07585,,,-16.47762,22.59115,36.86614,,,19.37595,24.29442,45.41718,46.1471,,,0.03898,0.0387,,,,,,0.15,,,,,,0.789,0.663,0.607,0.662,0.602,0.445,2021-04-15,2021-03-19,2021-02-24,2021-03-23,2021-03-04,2021-01-25,-8.32,19.18,-0.15,10.13,-0.82,36.4,6.0,17.0,2.0,11.0,6.0,19.0,-1.0,1.0,-0.0,1.0,-0.0,2.0,0.803,0.817,0.728,0.798,0.708,0.713,2021-04-20,2021-04-14,2021-04-07,2021-04-19,2021-04-08,2021-04-06,0.028,0.0,0.0,0.027,0.022,100.0,2020-12-22,1999-01-01,1999-01-01,2021-01-18,2020-11-02,1999-01-01,0.003,0.0,0.0,0.002,-0.073,100.0,2021-01-14,1999-01-01,1999-01-01,2021-01-22,2020-11-04,1999-01-01,0.119,0.034,0.0,0.016,-0.068,100.0,2021-04-19,2020-12-21,1999-01-01,2021-01-26,2020-10-07,1999-01-01,0.174,0.033,0.0,0.016,-0.097,100.0,2021-04-21,2020-12-23,1999-01-01,2021-01-25,2020-10-14,1999-01-01,0.001,0.013,-0.006,-0.002,-0.008,-0.008,2021-03-29,2021-02-08,2020-12-24,2021-03-09,2021-01-07,2020-12-11,0.001,0.021,0.022,-0.009,-0.026,0.006,2021-03-29,2021-02-04,2020-11-12,2021-03-05,2020-12-11,2020-10-21,0.002,0.025,0.029,-0.007,-0.035,0.008,2021-03-29,2021-02-05,2020-11-16,2021-03-09,2020-12-17,2020-10-21,-0.002,0.015,0.017,-0.003,-0.017,0.009,2021-03-24,2021-02-05,2020-11-12,2021-03-11,2020-12-18,2020-10-16,6565500.0,7593800.0,10047300.0,7.92,16.82,19.48,0.035,0.034,0.034,0.03,-0.003,-0.026,0.002,0.008,0.01,-0.001,-0.006,0.002,0.03397,0.03012,0.02871,0.03075,-0.00139,-0.02456,57.442,49.37,0.0,38.349,100.0,100.0,74.279,84.965,94.599,72.941,80.85,74.046,65.545,72.433,73.665,58.82,41.452,42.684,2021-04-13,2021-03-02,2020-12-03,2021-03-23,2021-01-20,2020-09-24,42,89,8007,62,118,7937,2021-03-15,2020-11-19,1999-01-01,2020-12-29,1999-01-01,1999-01-01,2021-04-20,2021-04-14,2021-04-12,2021-04-19,2021-04-13,2021-04-08,2021-04-09,2021-02-18,2020-11-26,2021-03-15,2021-01-06,2020-11-02,,,,,,,,,,Life.BullRetrace,Life.BullEnd,Life.BullStart,Life.Bull,Life.BullRetrace,,retrace.sell
2021-04-26,RL,4.76,13.87,4.12,16.02,4.0,1.56,0,0,0,-,0,0,0,0.70822,,,,,0.72777,0.67625,0.60428,0.54433,0.12458,,0.125,-0.02493,,,0.11414,,,-0.03327,-0.033,,0.17115,,,-0.04275,,,0.04657,-0.01044,0.05701,-0.02618,,,0.74717,0.7257,0.02147,0.02041,0.0277,-0.00729,,,,,-26.01,5.34,-18.48,23.11,-2.17,11.07,-10.63,2.79,24.0,11.0,27.0,32.0,8.0,21.0,17.0,7.0,-0.0,-0.0744,0.00921,-0.01346,0.68418,40.62402,50.63348,,,-24.92098,11.33028,25.08585,,,19.47085,21.05312,44.7473,45.43301,,,0.04327,0.03883,,,,,,,0.15,,,,,0.789,0.663,0.607,0.662,0.602,0.445,2021-04-15,2021-03-19,2021-02-24,2021-03-23,2021-03-04,2021-01-25,-10.24,19.18,-0.15,10.13,-0.82,36.4,7.0,17.0,2.0,11.0,6.0,19.0,-1.0,1.0,-0.0,1.0,-0.0,2.0,0.803,0.817,0.728,0.798,0.708,0.713,2021-04-20,2021-04-14,2021-04-07,2021-04-19,2021-04-08,2021-04-06,0.028,0.0,0.0,0.027,0.022,100.0,2020-12-22,1999-01-01,1999-01-01,2021-01-18,2020-11-02,1999-01-01,0.125,0.003,0.0,0.002,-0.073,100.0,2021-04-26,2021-01-14,1999-01-01,2021-01-22,2020-11-04,1999-01-01,0.119,0.034,0.0,0.016,-0.068,100.0,2021-04-19,2020-12-21,1999-01-01,2021-01-26,2020-10-07,1999-01-01,0.174,0.033,0.0,0.016,-0.097,100.0,2021-04-21,2020-12-23,1999-01-01,2021-01-25,2020-10-14,1999-01-01,0.001,0.013,-0.006,-0.002,-0.008,-0.008,2021-03-29,2021-02-08,2020-12-24,2021-03-09,2021-01-07,2020-12-11,0.001,0.021,0.022,-0.033,-0.009,-0.026,2021-03-29,2021-02-04,2020-11-12,2021-04-26,2021-03-05,2020-12-11,0.002,0.025,0.029,-0.007,-0.035,0.008,2021-03-29,2021-02-05,2020-11-16,2021-03-09,2020-12-17,2020-10-21,-0.002,0.015,0.017,-0.003,-0.017,0.009,2021-03-24,2021-02-05,2020-11-12,2021-03-11,2020-12-18,2020-10-16,7593800.0,10047300.0,9786500.0,16.82,19.48,13.31,0.035,0.034,0.034,0.03,-0.003,-0.026,0.002,0.008,0.01,-0.001,-0.006,0.002,0.03397,0.03012,0.02871,0.03075,-0.00139,-0.02456,57.442,49.37,0.0,38.349,100.0,100.0,74.279,84.965,94.599,72.941,80.85,74.046,65.545,72.433,73.665,58.82,41.452,42.684,2021-04-13,2021-03-02,2020-12-03,2021-03-23,2021-01-20,2020-09-24,42,89,8007,62,118,7937,2021-03-15,2020-11-19,1999-01-01,2020-12-29,1999-01-01,1999-01-01,2021-04-20,2021-04-14,2021-04-12,2021-04-19,2021-04-13,2021-04-08,2021-04-09,2021-02-18,2020-11-26,2021-03-15,2021-01-06,2020-11-02,,,,,,,,,,Life.BullEnd,Life.BullStart,Life.Bull,Life.BullRetrace,Life.BullEnd,,
2021-04-27,RL,4.76,13.55,4.12,15.66,4.09,1.6,0,0,0,-,0,0,0,0.695,,,0.639,,0.72095,0.6748,0.60497,0.54527,0.12457,,,-0.02584,,,0.11164,,,-0.03271,,,0.16915,,,-0.04284,-0.043,,0.04459,-0.01293,0.05752,-0.02628,-0.026,,0.73054,0.71928,0.01126,0.01704,0.02556,-0.00852,,,,,-24.6,5.34,-18.48,23.11,-2.17,11.07,-10.63,2.79,23.0,11.0,27.0,32.0,8.0,21.0,17.0,7.0,-0.0,-0.0148,0.00814,-0.01451,0.56102,35.93947,48.11164,,,-29.60553,4.54128,12.8209,4.541,,15.14501,17.99727,44.13254,44.76567,,,0.0423,0.03896,,,,,,,0.15,,,,,0.789,0.663,0.607,0.662,0.602,0.445,2021-04-15,2021-03-19,2021-02-24,2021-03-23,2021-03-04,2021-01-25,-11.91,19.18,-0.15,10.13,-0.82,36.4,8.0,17.0,2.0,11.0,6.0,19.0,-1.0,1.0,-0.0,1.0,-0.0,2.0,0.803,0.817,0.728,0.639,0.798,0.708,2021-04-20,2021-04-14,2021-04-07,2021-04-27,2021-04-19,2021-04-08,0.028,0.0,0.0,0.027,0.022,100.0,2020-12-22,1999-01-01,1999-01-01,2021-01-18,2020-11-02,1999-01-01,0.125,0.003,0.0,0.002,-0.073,100.0,2021-04-26,2021-01-14,1999-01-01,2021-01-22,2020-11-04,1999-01-01,0.119,0.034,0.0,0.016,-0.068,100.0,2021-04-19,2020-12-21,1999-01-01,2021-01-26,2020-10-07,1999-01-01,0.174,0.033,0.0,0.016,-0.097,100.0,2021-04-21,2020-12-23,1999-01-01,2021-01-25,2020-10-14,1999-01-01,0.001,0.013,-0.006,-0.002,-0.008,-0.008,2021-03-29,2021-02-08,2020-12-24,2021-03-09,2021-01-07,2020-12-11,0.001,0.021,0.022,-0.033,-0.009,-0.026,2021-03-29,2021-02-04,2020-11-12,2021-04-26,2021-03-05,2020-12-11,0.002,0.025,0.029,-0.043,-0.007,-0.035,2021-03-29,2021-02-05,2020-11-16,2021-04-27,2021-03-09,2020-12-17,-0.002,0.015,0.017,-0.026,-0.003,-0.017,2021-03-24,2021-02-05,2020-11-12,2021-04-27,2021-03-11,2020-12-18,10047300.0,9786500.0,3493200.0,19.48,13.31,-14.95,0.035,0.034,0.034,0.03,-0.003,-0.026,0.002,0.008,0.01,-0.001,-0.006,0.002,0.03397,0.03012,0.02871,0.03075,-0.00139,-0.02456,57.442,49.37,0.0,38.349,100.0,100.0,74.279,84.965,94.599,4.541,72.941,80.85,65.545,72.433,73.665,58.82,41.452,42.684,2021-04-13,2021-03-02,2020-12-03,2021-03-23,2021-01-20,2020-09-24,42,89,8007,62,118,7937,2021-03-15,2020-11-19,1999-01-01,2020-12-29,1999-01-01,1999-01-01,2021-04-20,2021-04-14,2021-04-12,2021-04-27,2021-04-19,2021-04-13,2021-04-09,2021-02-18,2020-11-26,2021-03-15,2021-01-06,2020-11-02,,,,,,,,,,Life.BullEnd,Life.BullStart,Life.Bull,Life.BullRetrace,Life.BullEnd,,
2021-04-28,RL,4.76,14.18,4.12,16.38,3.91,1.53,0,0,0,-,0,0,0,0.68399,,,,,0.71694,0.67456,0.60624,0.5465,0.12421,,,-0.02646,,,0.10866,,,-0.03153,,,0.16656,,,-0.04227,,,0.04235,-0.01555,0.0579,-0.02607,,,0.72104,0.71554,0.0055,0.01341,0.02313,-0.00972,,,,,-23.39,5.34,-18.48,23.11,-2.17,11.07,-10.63,2.79,22.0,11.0,27.0,32.0,8.0,21.0,17.0,7.0,0.0297,0.0,0.01026,-0.01309,0.78396,43.94495,45.56681,,,-21.60005,18.16514,11.34557,,,15.04758,16.55448,43.57796,44.1526,,,0.04211,0.03907,,,,,,,0.15,,,,,0.789,0.663,0.607,0.662,0.602,0.445,2021-04-15,2021-03-19,2021-02-24,2021-03-23,2021-03-04,2021-01-25,-13.31,19.18,-0.15,10.13,-0.82,36.4,9.0,17.0,2.0,11.0,6.0,19.0,-1.0,1.0,-0.0,1.0,-0.0,2.0,0.803,0.817,0.728,0.639,0.798,0.708,2021-04-20,2021-04-14,2021-04-07,2021-04-27,2021-04-19,2021-04-08,0.028,0.0,0.0,0.027,0.022,100.0,2020-12-22,1999-01-01,1999-01-01,2021-01-18,2020-11-02,1999-01-01,0.125,0.003,0.0,0.002,-0.073,100.0,2021-04-26,2021-01-14,1999-01-01,2021-01-22,2020-11-04,1999-01-01,0.119,0.034,0.0,0.016,-0.068,100.0,2021-04-19,2020-12-21,1999-01-01,2021-01-26,2020-10-07,1999-01-01,0.174,0.033,0.0,0.016,-0.097,100.0,2021-04-21,2020-12-23,1999-01-01,2021-01-25,2020-10-14,1999-01-01,0.001,0.013,-0.006,-0.002,-0.008,-0.008,2021-03-29,2021-02-08,2020-12-24,2021-03-09,2021-01-07,2020-12-11,0.001,0.021,0.022,-0.033,-0.009,-0.026,2021-03-29,2021-02-04,2020-11-12,2021-04-26,2021-03-05,2020-12-11,0.002,0.025,0.029,-0.043,-0.007,-0.035,2021-03-29,2021-02-05,2020-11-16,2021-04-27,2021-03-09,2020-12-17,-0.002,0.015,0.017,-0.026,-0.003,-0.017,2021-03-24,2021-02-05,2020-11-12,2021-04-27,2021-03-11,2020-12-18,9786500.0,3493200.0,6121000.0,13.31,-14.95,-16.83,0.035,0.034,0.034,0.03,-0.003,-0.026,0.002,0.008,0.01,-0.001,-0.006,0.002,0.03397,0.03012,0.02871,0.03075,-0.00139,-0.02456,57.442,49.37,0.0,38.349,100.0,100.0,74.279,84.965,94.599,4.541,72.941,80.85,65.545,72.433,73.665,58.82,41.452,42.684,2021-04-13,2021-03-02,2020-12-03,2021-03-23,2021-01-20,2020-09-24,42,89,8007,62,118,7937,2021-03-15,2020-11-19,1999-01-01,2020-12-29,1999-01-01,1999-01-01,2021-04-20,2021-04-14,2021-04-12,2021-04-27,2021-04-19,2021-04-13,2021-04-09,2021-02-18,2020-11-26,2021-03-15,2021-01-06,2020-11-02,,,,,,,,,,Life.BullEnd,Life.BullStart,Life.Bull,Life.BullRetrace,Life.BullEnd,,
2021-04-30,RL,4.76,14.71,4.12,16.99,3.77,1.47,0,0,0,-,0,0,0,0.67505,,,,0.694,0.71514,0.67531,0.60797,0.54796,0.12351,,,-0.02678,,,0.10524,,,-0.02975,,,0.1634,,,-0.04105,,,0.03989,-0.01827,0.05816,-0.02556,,,0.71682,0.71392,0.0029,0.00956,0.02042,-0.01086,,,,,-22.38,5.34,-18.48,23.11,-2.17,11.07,-10.63,2.79,20.0,11.0,27.0,32.0,8.0,21.0,17.0,7.0,0.0248,0.0,0.01061,-0.01309,0.81069,44.77252,43.06039,,,-20.77248,29.54128,17.4159,,29.541,31.42705,20.53988,43.08656,43.59902,,,0.04299,0.03918,,,,,,,0.15,,,,,0.789,0.663,0.607,0.662,0.602,0.445,2021-04-15,2021-03-19,2021-02-24,2021-03-23,2021-03-04,2021-01-25,-14.44,19.18,-0.15,10.13,-0.82,36.4,10.0,17.0,2.0,11.0,6.0,19.0,-1.0,1.0,-0.0,1.0,-0.0,2.0,0.694,0.803,0.817,0.639,0.798,0.708,2021-04-30,2021-04-20,2021-04-14,2021-04-27,2021-04-19,2021-04-08,0.028,0.0,0.0,0.027,0.022,100.0,2020-12-22,1999-01-01,1999-01-01,2021-01-18,2020-11-02,1999-01-01,0.125,0.003,0.0,0.002,-0.073,100.0,2021-04-26,2021-01-14,1999-01-01,2021-01-22,2020-11-04,1999-01-01,0.119,0.034,0.0,0.016,-0.068,100.0,2021-04-19,2020-12-21,1999-01-01,2021-01-26,2020-10-07,1999-01-01,0.174,0.033,0.0,0.016,-0.097,100.0,2021-04-21,2020-12-23,1999-01-01,2021-01-25,2020-10-14,1999-01-01,0.001,0.013,-0.006,-0.002,-0.008,-0.008,2021-03-29,2021-02-08,2020-12-24,2021-03-09,2021-01-07,2020-12-11,0.001,0.021,0.022,-0.033,-0.009,-0.026,2021-03-29,2021-02-04,2020-11-12,2021-04-26,2021-03-05,2020-12-11,0.002,0.025,0.029,-0.043,-0.007,-0.035,2021-03-29,2021-02-05,2020-11-16,2021-04-27,2021-03-09,2020-12-17,-0.002,0.015,0.017,-0.026,-0.003,-0.017,2021-03-24,2021-02-05,2020-11-12,2021-04-27,2021-03-11,2020-12-18,3493200.0,6121000.0,7663000.0,-14.95,-16.83,-10.95,0.035,0.034,0.034,0.03,-0.003,-0.026,0.002,0.008,0.01,-0.001,-0.006,0.002,0.03397,0.03012,0.02871,0.03075,-0.00139,-0.02456,57.442,49.37,0.0,38.349,100.0,100.0,29.541,74.279,84.965,4.541,72.941,80.85,65.545,72.433,73.665,58.82,41.452,42.684,2021-04-13,2021-03-02,2020-12-03,2021-03-23,2021-01-20,2020-09-24,42,89,8007,62,118,7937,2021-03-15,2020-11-19,1999-01-01,2020-12-29,1999-01-01,1999-01-01,2021-04-30,2021-04-20,2021-04-14,2021-04-27,2021-04-19,2021-04-13,2021-04-09,2021-02-18,2020-11-26,2021-03-15,2021-01-06,2020-11-02,,,,,,,,,,Life.BullEnd,Life.BullStart,Life.Bull,Life.BullRetrace,Life.BullEnd,,
2021-05-03,RL,4.76,14.08,4.12,16.26,3.94,1.54,0,0,0,-,0,0,0,0.6676,,,0.664,,0.7112,0.67486,0.60907,0.54912,0.12247,,,-0.02679,-0.027,,0.10142,,,-0.02739,,,0.15971,,,-0.0392,,,0.03724,-0.02105,0.05829,-0.02474,,,0.70868,0.71021,-0.00153,0.00555,0.01744,-0.0119,,,,,-21.51,5.34,-18.48,23.11,-2.17,11.07,-10.63,2.79,19.0,11.0,27.0,32.0,8.0,21.0,17.0,7.0,-0.0,-0.0297,0.00672,-0.01521,0.44178,30.64148,40.65249,,,-34.90352,15.91743,21.20795,15.917,,41.81582,29.43015,42.65939,43.10797,,,0.04239,0.03927,,,,,,,0.15,,,,,0.789,0.663,0.607,0.662,0.602,0.445,2021-04-15,2021-03-19,2021-02-24,2021-03-23,2021-03-04,2021-01-25,-15.39,19.18,-0.15,10.13,-0.82,36.4,11.0,17.0,2.0,11.0,6.0,19.0,-1.0,1.0,-0.0,1.0,-0.0,2.0,0.694,0.803,0.817,0.664,0.639,0.798,2021-04-30,2021-04-20,2021-04-14,2021-05-03,2021-04-27,2021-04-19,0.028,0.0,0.0,0.027,0.022,100.0,2020-12-22,1999-01-01,1999-01-01,2021-01-18,2020-11-02,1999-01-01,0.125,0.003,0.0,0.002,-0.073,100.0,2021-04-26,2021-01-14,1999-01-01,2021-01-22,2020-11-04,1999-01-01,0.119,0.034,0.0,0.016,-0.068,100.0,2021-04-19,2020-12-21,1999-01-01,2021-01-26,2020-10-07,1999-01-01,0.174,0.033,0.0,0.016,-0.097,100.0,2021-04-21,2020-12-23,1999-01-01,2021-01-25,2020-10-14,1999-01-01,0.001,0.013,-0.006,-0.027,-0.002,-0.008,2021-03-29,2021-02-08,2020-12-24,2021-05-03,2021-03-09,2021-01-07,0.001,0.021,0.022,-0.033,-0.009,-0.026,2021-03-29,2021-02-04,2020-11-12,2021-04-26,2021-03-05,2020-12-11,0.002,0.025,0.029,-0.043,-0.007,-0.035,2021-03-29,2021-02-05,2020-11-16,2021-04-27,2021-03-09,2020-12-17,-0.002,0.015,0.017,-0.026,-0.003,-0.017,2021-03-24,2021-02-05,2020-11-12,2021-04-27,2021-03-11,2020-12-18,6121000.0,7663000.0,2541400.0,-16.83,-10.95,-5.51,0.035,0.034,0.034,0.03,-0.003,-0.026,0.002,0.008,0.01,-0.001,-0.006,0.002,0.03397,0.03012,0.02871,0.03075,-0.00139,-0.02456,57.442,49.37,0.0,38.349,100.0,100.0,29.541,74.279,84.965,15.917,4.541,72.941,65.545,72.433,73.665,58.82,41.452,42.684,2021-04-13,2021-03-02,2020-12-03,2021-03-23,2021-01-20,2020-09-24,42,89,8007,62,118,7937,2021-03-15,2020-11-19,1999-01-01,2020-12-29,1999-01-01,1999-01-01,2021-04-30,2021-04-20,2021-04-14,2021-05-03,2021-04-27,2021-04-19,2021-04-09,2021-02-18,2020-11-26,2021-03-15,2021-01-06,2020-11-02,,,,,,,,,,Life.BullEnd,Life.BullStart,Life.Bull,Life.BullRetrace,Life.BullEnd,,
2021-05-04,RL,4.76,14.5,4.12,16.75,3.83,1.49,0,0,0,-,0,0,0,0.66051,,,,0.684,0.70909,0.67521,0.61055,0.55045,0.1211,,,-0.02649,,,0.09725,,,-0.0245,,,0.15554,,,-0.03677,,,0.03444,-0.02385,0.05829,-0.02364,,,0.70484,0.70825,-0.00341,0.00142,0.01424,-0.01282,,,,,-20.67,5.34,-18.48,23.11,-2.17,11.07,-10.63,2.79,18.0,11.0,27.0,32.0,8.0,21.0,17.0,7.0,0.0198,0.0,0.00672,-0.01521,0.44178,30.64148,38.3976,,,-34.90352,26.20192,23.88688,,26.202,52.23862,41.82716,42.29555,42.6805,,,0.04255,0.03934,,,,,,,0.15,,,,,0.789,0.663,0.607,0.662,0.602,0.445,2021-04-15,2021-03-19,2021-02-24,2021-03-23,2021-03-04,2021-01-25,-16.29,19.18,-0.15,10.13,-0.82,36.4,12.0,17.0,2.0,11.0,6.0,19.0,-1.0,1.0,-0.0,1.0,-0.0,2.0,0.684,0.694,0.803,0.664,0.639,0.798,2021-05-04,2021-04-30,2021-04-20,2021-05-03,2021-04-27,2021-04-19,0.028,0.0,0.0,0.027,0.022,100.0,2020-12-22,1999-01-01,1999-01-01,2021-01-18,2020-11-02,1999-01-01,0.125,0.003,0.0,0.002,-0.073,100.0,2021-04-26,2021-01-14,1999-01-01,2021-01-22,2020-11-04,1999-01-01,0.119,0.034,0.0,0.016,-0.068,100.0,2021-04-19,2020-12-21,1999-01-01,2021-01-26,2020-10-07,1999-01-01,0.174,0.033,0.0,0.016,-0.097,100.0,2021-04-21,2020-12-23,1999-01-01,2021-01-25,2020-10-14,1999-01-01,0.001,0.013,-0.006,-0.027,-0.002,-0.008,2021-03-29,2021-02-08,2020-12-24,2021-05-03,2021-03-09,2021-01-07,0.001,0.021,0.022,-0.033,-0.009,-0.026,2021-03-29,2021-02-04,2020-11-12,2021-04-26,2021-03-05,2020-12-11,0.002,0.025,0.029,-0.043,-0.007,-0.035,2021-03-29,2021-02-05,2020-11-16,2021-04-27,2021-03-09,2020-12-17,-0.002,0.015,0.017,-0.026,-0.003,-0.017,2021-03-24,2021-02-05,2020-11-12,2021-04-27,2021-03-11,2020-12-18,7663000.0,2541400.0,4531700.0,-10.95,-5.51,-9.74,0.035,0.034,0.034,0.03,-0.003,-0.026,0.002,0.008,0.01,-0.001,-0.006,0.002,0.03397,0.03012,0.02871,0.03075,-0.00139,-0.02456,57.442,49.37,0.0,38.349,100.0,100.0,26.202,29.541,74.279,15.917,4.541,72.941,65.545,72.433,73.665,58.82,41.452,42.684,2021-04-13,2021-03-02,2020-12-03,2021-03-23,2021-01-20,2020-09-24,42,89,8007,62,118,7937,2021-03-15,2020-11-19,1999-01-01,2020-12-29,1999-01-01,1999-01-01,2021-05-04,2021-04-30,2021-04-20,2021-05-03,2021-04-27,2021-04-19,2021-04-09,2021-02-18,2020-11-26,2021-03-15,2021-01-06,2020-11-02,,,,,,,,,,Life.BullEnd,Life.BullStart,Life.Bull,Life.BullRetrace,Life.BullEnd,,
2021-05-05,RL,4.76,14.39,4.12,16.63,3.85,1.5,0,0,0,-,0,0,0,0.65273,,,,,0.70675,0.67534,0.6119,0.55173,0.11941,,,-0.02588,,,0.09279,,,-0.02117,,,0.15096,,,-0.03383,,,0.03155,-0.02662,0.05816,-0.02226,,,0.70082,0.70606,-0.00525,-0.00275,0.01084,-0.01359,,,,,-19.72,5.34,-18.48,23.11,-2.17,11.07,-10.63,2.79,17.0,11.0,27.0,32.0,8.0,21.0,17.0,7.0,-0.0,-0.005,0.00566,-0.01557,0.36376,26.67339,36.34261,,,-38.87161,23.79808,21.97248,,,47.27455,47.10966,41.99284,42.31593,,,0.04199,0.0394,,,,,,,0.15,,,,,0.789,0.663,0.607,0.662,0.602,0.445,2021-04-15,2021-03-19,2021-02-24,2021-03-23,2021-03-04,2021-01-25,-17.27,19.18,-0.15,10.13,-0.82,36.4,13.0,17.0,2.0,11.0,6.0,19.0,-1.0,1.0,-0.0,1.0,-0.0,2.0,0.684,0.694,0.803,0.664,0.639,0.798,2021-05-04,2021-04-30,2021-04-20,2021-05-03,2021-04-27,2021-04-19,0.028,0.0,0.0,0.027,0.022,100.0,2020-12-22,1999-01-01,1999-01-01,2021-01-18,2020-11-02,1999-01-01,0.125,0.003,0.0,0.002,-0.073,100.0,2021-04-26,2021-01-14,1999-01-01,2021-01-22,2020-11-04,1999-01-01,0.119,0.034,0.0,0.016,-0.068,100.0,2021-04-19,2020-12-21,1999-01-01,2021-01-26,2020-10-07,1999-01-01,0.174,0.033,0.0,0.016,-0.097,100.0,2021-04-21,2020-12-23,1999-01-01,2021-01-25,2020-10-14,1999-01-01,0.001,0.013,-0.006,-0.027,-0.002,-0.008,2021-03-29,2021-02-08,2020-12-24,2021-05-03,2021-03-09,2021-01-07,0.001,0.021,0.022,-0.033,-0.009,-0.026,2021-03-29,2021-02-04,2020-11-12,2021-04-26,2021-03-05,2020-12-11,0.002,0.025,0.029,-0.043,-0.007,-0.035,2021-03-29,2021-02-05,2020-11-16,2021-04-27,2021-03-09,2020-12-17,-0.002,0.015,0.017,-0.026,-0.003,-0.017,2021-03-24,2021-02-05,2020-11-12,2021-04-27,2021-03-11,2020-12-18,2541400.0,4531700.0,8454300.0,-5.51,-9.74,5.37,0.035,0.034,0.034,0.03,-0.003,-0.026,0.002,0.008,0.01,-0.001,-0.006,0.002,0.03397,0.03012,0.02871,0.03075,-0.00139,-0.02456,57.442,49.37,0.0,38.349,100.0,100.0,26.202,29.541,74.279,15.917,4.541,72.941,65.545,72.433,73.665,58.82,41.452,42.684,2021-04-13,2021-03-02,2020-12-03,2021-03-23,2021-01-20,2020-09-24,42,89,8007,62,118,7937,2021-03-15,2020-11-19,1999-01-01,2020-12-29,1999-01-01,1999-01-01,2021-05-04,2021-04-30,2021-04-20,2021-05-03,2021-04-27,2021-04-19,2021-04-09,2021-02-18,2020-11-26,2021-03-15,2021-01-06,2020-11-02,,,,,,,,,,Life.BullEnd,Life.BullStart,Life.Bull,Life.BullRetrace,Life.BullEnd,,
2021-05-06,RL,4.76,13.55,4.12,15.66,4.09,1.6,0,0,0,-,0,0,0,0.64347,,,,,0.70155,0.67392,0.61244,0.5526,0.11741,,,-0.02498,,,0.08811,,,-0.01746,,,0.14602,,,-0.03045,,,0.0286,-0.0293,0.05791,-0.02064,,,0.69132,0.7011,-0.00978,-0.00691,0.00729,-0.0142,,,,,-18.57,5.34,-18.48,23.11,-2.17,11.07,-10.63,2.79,16.0,11.0,27.0,32.0,8.0,21.0,17.0,7.0,-0.0,-0.0396,0.00566,-0.01805,0.31381,23.88554,34.53043,,,-41.65946,4.99748,18.33249,,,38.48957,46.00091,41.74824,42.01221,,,0.04359,0.03944,,,,,,,0.15,,,,,0.789,0.663,0.607,0.662,0.602,0.445,2021-04-15,2021-03-19,2021-02-24,2021-03-23,2021-03-04,2021-01-25,-18.44,19.18,-0.15,10.13,-0.82,36.4,14.0,17.0,2.0,11.0,6.0,19.0,-1.0,1.0,-0.0,1.0,-0.0,2.0,0.684,0.694,0.803,0.664,0.639,0.798,2021-05-04,2021-04-30,2021-04-20,2021-05-03,2021-04-27,2021-04-19,0.028,0.0,0.0,0.027,0.022,100.0,2020-12-22,1999-01-01,1999-01-01,2021-01-18,2020-11-02,1999-01-01,0.125,0.003,0.0,0.002,-0.073,100.0,2021-04-26,2021-01-14,1999-01-01,2021-01-22,2020-11-04,1999-01-01,0.119,0.034,0.0,0.016,-0.068,100.0,2021-04-19,2020-12-21,1999-01-01,2021-01-26,2020-10-07,1999-01-01,0.174,0.033,0.0,0.016,-0.097,100.0,2021-04-21,2020-12-23,1999-01-01,2021-01-25,2020-10-14,1999-01-01,0.001,0.013,-0.006,-0.027,-0.002,-0.008,2021-03-29,2021-02-08,2020-12-24,2021-05-03,2021-03-09,2021-01-07,0.001,0.021,0.022,-0.033,-0.009,-0.026,2021-03-29,2021-02-04,2020-11-12,2021-04-26,2021-03-05,2020-12-11,0.002,0.025,0.029,-0.043,-0.007,-0.035,2021-03-29,2021-02-05,2020-11-16,2021-04-27,2021-03-09,2020-12-17,-0.002,0.015,0.017,-0.026,-0.003,-0.017,2021-03-24,2021-02-05,2020-11-12,2021-04-27,2021-03-11,2020-12-18,4531700.0,8454300.0,12796600.0,-9.74,5.37,66.05,0.035,0.034,0.034,0.03,-0.003,-0.026,0.002,0.008,0.01,-0.001,-0.006,0.002,0.03397,0.03012,0.02871,0.03075,-0.00139,-0.02456,57.442,49.37,0.0,38.349,100.0,100.0,26.202,29.541,74.279,15.917,4.541,72.941,65.545,72.433,73.665,58.82,41.452,42.684,2021-04-13,2021-03-02,2020-12-03,2021-03-23,2021-01-20,2020-09-24,42,89,8007,62,118,7937,2021-03-15,2020-11-19,1999-01-01,2020-12-29,1999-01-01,1999-01-01,2021-05-04,2021-04-30,2021-04-20,2021-05-03,2021-04-27,2021-04-19,2021-04-09,2021-02-18,2020-11-26,2021-03-15,2021-01-06,2020-11-02,,-12796600.0,,,,,,,p2p,Life.BullEnd,Life.BullStart,Life.Bull,Life.BullRetrace,Life.BullEnd,,
2021-05-07,RL,4.76,13.45,4.12,15.53,4.12,1.61,0,0,0,-,0,0,0,0.63193,,,0.634,,0.69636,0.67236,0.61287,0.55341,0.11514,,,-0.02381,,,0.08329,,,-0.01348,,,0.1408,,,-0.02671,,,0.02566,-0.03186,0.05752,-0.01881,,,0.68252,0.69614,-0.01362,-0.01099,0.00363,-0.01463,,,,,-17.08,5.34,-18.48,23.11,-2.17,11.07,-10.63,2.79,15.0,11.0,27.0,32.0,8.0,21.0,17.0,7.0,-0.0,-0.005,0.00566,-0.01841,0.30772,23.53116,32.99102,,,-42.01384,2.53623,10.44393,2.536,,21.38216,35.71543,41.55747,41.76618,,,0.04224,0.03947,,,,,,,0.15,,,,,0.789,0.663,0.607,0.662,0.602,0.445,2021-04-15,2021-03-19,2021-02-24,2021-03-23,2021-03-04,2021-01-25,-19.91,19.18,-0.15,10.13,-0.82,36.4,15.0,17.0,2.0,11.0,6.0,19.0,-1.0,1.0,-0.0,1.0,-0.0,2.0,0.684,0.694,0.803,0.634,0.664,0.639,2021-05-04,2021-04-30,2021-04-20,2021-05-07,2021-05-03,2021-04-27,0.028,0.0,0.0,0.027,0.022,100.0,2020-12-22,1999-01-01,1999-01-01,2021-01-18,2020-11-02,1999-01-01,0.125,0.003,0.0,0.002,-0.073,100.0,2021-04-26,2021-01-14,1999-01-01,2021-01-22,2020-11-04,1999-01-01,0.119,0.034,0.0,0.016,-0.068,100.0,2021-04-19,2020-12-21,1999-01-01,2021-01-26,2020-10-07,1999-01-01,0.174,0.033,0.0,0.016,-0.097,100.0,2021-04-21,2020-12-23,1999-01-01,2021-01-25,2020-10-14,1999-01-01,0.001,0.013,-0.006,-0.027,-0.002,-0.008,2021-03-29,2021-02-08,2020-12-24,2021-05-03,2021-03-09,2021-01-07,0.001,0.021,0.022,-0.033,-0.009,-0.026,2021-03-29,2021-02-04,2020-11-12,2021-04-26,2021-03-05,2020-12-11,0.002,0.025,0.029,-0.043,-0.007,-0.035,2021-03-29,2021-02-05,2020-11-16,2021-04-27,2021-03-09,2020-12-17,-0.002,0.015,0.017,-0.026,-0.003,-0.017,2021-03-24,2021-02-05,2020-11-12,2021-04-27,2021-03-11,2020-12-18,8454300.0,12796600.0,4999100.0,5.37,66.05,1.81,0.035,0.034,0.034,0.03,-0.003,-0.026,0.002,0.008,0.01,-0.001,-0.006,0.002,0.03397,0.03012,0.02871,0.03075,-0.00139,-0.02456,57.442,49.37,0.0,38.349,100.0,100.0,26.202,29.541,74.279,2.536,15.917,4.541,65.545,72.433,73.665,58.82,41.452,42.684,2021-04-13,2021-03-02,2020-12-03,2021-03-23,2021-01-20,2020-09-24,42,89,8007,62,118,7937,2021-03-15,2020-11-19,1999-01-01,2020-12-29,1999-01-01,1999-01-01,2021-05-04,2021-04-30,2021-04-20,2021-05-07,2021-05-03,2021-04-27,2021-04-09,2021-02-18,2020-11-26,2021-03-15,2021-01-06,2020-11-02,,,,,,,,p2p,,Life.BullEnd,Life.BullStart,Life.Bull,Life.BullRetrace,Life.BullEnd,,
2021-05-10,RL,4.76,13.55,4.12,15.66,4.09,1.6,0,0,0,-,0,0,0,0.61814,,,,0.639,0.69195,0.67106,0.61339,0.55426,0.11261,,,-0.02237,,,0.0784,,,-0.00932,,,0.13539,,,-0.0227,,,0.02278,-0.03422,0.05699,-0.01681,,,0.67584,0.69191,-0.01608,-0.01494,-8e-05,-0.01486,,,,,-15.23,5.34,-18.48,23.11,-2.17,11.07,-10.63,2.79,14.0,11.0,27.0,32.0,8.0,21.0,17.0,7.0,0.005,0.0,0.00602,-0.01734,0.3472,25.77194,31.73672,,,-39.77306,5.12422,4.21931,,,10.14666,23.33946,41.41624,41.57398,,,0.04064,0.03947,,0.039,,,,,0.15,,,,,0.789,0.663,0.607,0.662,0.602,0.445,2021-04-15,2021-03-19,2021-02-24,2021-03-23,2021-03-04,2021-01-25,-21.66,19.18,-0.15,10.13,-0.82,36.4,16.0,17.0,2.0,11.0,6.0,19.0,-1.0,1.0,-0.0,1.0,-0.0,2.0,0.639,0.684,0.694,0.634,0.664,0.639,2021-05-10,2021-05-04,2021-04-30,2021-05-07,2021-05-03,2021-04-27,0.039,0.028,0.0,0.027,0.022,100.0,2021-05-10,2020-12-22,1999-01-01,2021-01-18,2020-11-02,1999-01-01,0.125,0.003,0.0,0.002,-0.073,100.0,2021-04-26,2021-01-14,1999-01-01,2021-01-22,2020-11-04,1999-01-01,0.119,0.034,0.0,0.016,-0.068,100.0,2021-04-19,2020-12-21,1999-01-01,2021-01-26,2020-10-07,1999-01-01,0.174,0.033,0.0,0.016,-0.097,100.0,2021-04-21,2020-12-23,1999-01-01,2021-01-25,2020-10-14,1999-01-01,0.001,0.013,-0.006,-0.027,-0.002,-0.008,2021-03-29,2021-02-08,2020-12-24,2021-05-03,2021-03-09,2021-01-07,0.001,0.021,0.022,-0.033,-0.009,-0.026,2021-03-29,2021-02-04,2020-11-12,2021-04-26,2021-03-05,2020-12-11,0.002,0.025,0.029,-0.043,-0.007,-0.035,2021-03-29,2021-02-05,2020-11-16,2021-04-27,2021-03-09,2020-12-17,-0.002,0.015,0.017,-0.026,-0.003,-0.017,2021-03-24,2021-02-05,2020-11-12,2021-04-27,2021-03-11,2020-12-18,12796600.0,4999100.0,5642900.0,66.05,1.81,-10.71,0.035,0.034,0.034,0.03,-0.003,-0.026,0.002,0.008,0.01,-0.001,-0.006,0.002,0.03397,0.03012,0.02871,0.03075,-0.00139,-0.02456,57.442,49.37,0.0,38.349,100.0,100.0,26.202,29.541,74.279,2.536,15.917,4.541,65.545,72.433,73.665,58.82,41.452,42.684,2021-04-13,2021-03-02,2020-12-03,2021-03-23,2021-01-20,2020-09-24,42,89,8007,62,118,7937,2021-03-15,2020-11-19,1999-01-01,2020-12-29,1999-01-01,1999-01-01,2021-05-04,2021-04-30,2021-04-20,2021-05-07,2021-05-03,2021-04-27,2021-04-09,2021-02-18,2020-11-26,2021-03-15,2021-01-06,2020-11-02,,,,,,,p2p,,,Life.BullEnd,Life.BullStart,Life.Bull,Life.BullRetrace,Life.BullEnd,,
2021-05-11,RL,4.76,12.82,4.12,14.81,4.33,1.69,0,0,0,-,0,0,0,0.60301,,,,,0.68522,0.66844,0.61321,0.55476,0.10985,,,-0.02071,,,0.07352,,,-0.0051,,,0.12984,,,-0.01853,,,0.01998,-0.03634,0.05632,-0.01467,,,0.66485,0.68543,-0.02058,-0.0187,-0.00381,-0.0149,,,-0.015,,-13.1,5.34,-18.48,23.11,-2.17,11.07,-10.63,2.79,13.0,11.0,27.0,32.0,8.0,21.0,17.0,7.0,-0.0,-0.0347,0.00566,-0.01982,0.28577,22.22534,30.76977,,,-43.31966,9.08257,5.58101,,9.083,12.19063,14.57315,41.32185,41.43186,,,0.04163,0.03945,,,,,,,0.15,,,,,0.789,0.663,0.607,0.662,0.602,0.445,2021-04-15,2021-03-19,2021-02-24,2021-03-23,2021-03-04,2021-01-25,-23.57,19.18,-0.15,10.13,-0.82,36.4,17.0,17.0,2.0,11.0,6.0,19.0,-1.0,1.0,-0.0,1.0,-0.0,2.0,0.639,0.684,0.694,0.634,0.664,0.639,2021-05-10,2021-05-04,2021-04-30,2021-05-07,2021-05-03,2021-04-27,0.039,0.028,0.0,0.027,0.022,100.0,2021-05-10,2020-12-22,1999-01-01,2021-01-18,2020-11-02,1999-01-01,0.125,0.003,0.0,0.002,-0.073,100.0,2021-04-26,2021-01-14,1999-01-01,2021-01-22,2020-11-04,1999-01-01,0.119,0.034,0.0,0.016,-0.068,100.0,2021-04-19,2020-12-21,1999-01-01,2021-01-26,2020-10-07,1999-01-01,0.174,0.033,0.0,0.016,-0.097,100.0,2021-04-21,2020-12-23,1999-01-01,2021-01-25,2020-10-14,1999-01-01,0.001,0.013,-0.006,-0.027,-0.002,-0.008,2021-03-29,2021-02-08,2020-12-24,2021-05-03,2021-03-09,2021-01-07,0.001,0.021,0.022,-0.033,-0.009,-0.026,2021-03-29,2021-02-04,2020-11-12,2021-04-26,2021-03-05,2020-12-11,0.002,0.025,0.029,-0.043,-0.007,-0.035,2021-03-29,2021-02-05,2020-11-16,2021-04-27,2021-03-09,2020-12-17,-0.002,0.015,0.017,-0.026,-0.003,-0.017,2021-03-24,2021-02-05,2020-11-12,2021-04-27,2021-03-11,2020-12-18,4999100.0,5642900.0,8076200.0,1.81,-10.71,-20.14,0.035,0.034,0.034,0.03,-0.003,-0.026,0.002,0.008,0.01,-0.015,-0.001,-0.006,0.03397,0.03012,0.02871,0.03075,-0.00139,-0.02456,57.442,49.37,0.0,38.349,100.0,100.0,9.083,26.202,29.541,2.536,15.917,4.541,65.545,72.433,73.665,58.82,41.452,42.684,2021-04-13,2021-03-02,2020-12-03,2021-03-23,2021-01-20,2020-09-24,42,89,8007,62,118,7937,2021-03-15,2020-11-19,1999-01-01,2020-12-29,1999-01-01,1999-01-01,2021-05-11,2021-05-04,2021-04-30,2021-05-07,2021-05-03,2021-04-27,2021-04-09,2021-02-18,2020-11-26,2021-03-15,2021-01-06,2020-11-02,,,,,,p2p,,,,Life.BullEnd,Life.BullStart,Life.Bull,Life.BullRetrace,Life.BullEnd,,
2021-05-12,RL,4.76,12.61,4.12,14.56,4.4,1.72,0,0,0,-,0,0,0,0.58774,,,,,0.67824,0.66554,0.61284,0.55516,0.1069,,,-0.01886,,,0.06872,,,-0.00095,,,0.12422,,,-0.01427,,,0.01733,-0.03817,0.0555,-0.01244,,,0.65402,0.67869,-0.02467,-0.02224,-0.00749,-0.01475,,,,,-10.84,5.34,-18.48,23.11,-2.17,11.07,-10.63,2.79,12.0,11.0,27.0,32.0,8.0,21.0,17.0,7.0,-0.0,-0.0099,0.00566,-0.01805,0.31381,23.88554,30.09022,,,-41.65946,5.12422,6.44367,,,13.01986,11.78572,41.27417,41.33742,,,0.03972,0.03941,,,,,,,0.15,,,,,0.789,0.663,0.607,0.662,0.602,0.445,2021-04-15,2021-03-19,2021-02-24,2021-03-23,2021-03-04,2021-01-25,-25.51,19.18,-0.15,10.13,-0.82,36.4,18.0,17.0,2.0,11.0,6.0,19.0,-1.0,1.0,-0.0,1.0,-0.0,2.0,0.639,0.684,0.694,0.634,0.664,0.639,2021-05-10,2021-05-04,2021-04-30,2021-05-07,2021-05-03,2021-04-27,0.039,0.028,0.0,0.027,0.022,100.0,2021-05-10,2020-12-22,1999-01-01,2021-01-18,2020-11-02,1999-01-01,0.125,0.003,0.0,0.002,-0.073,100.0,2021-04-26,2021-01-14,1999-01-01,2021-01-22,2020-11-04,1999-01-01,0.119,0.034,0.0,0.016,-0.068,100.0,2021-04-19,2020-12-21,1999-01-01,2021-01-26,2020-10-07,1999-01-01,0.174,0.033,0.0,0.016,-0.097,100.0,2021-04-21,2020-12-23,1999-01-01,2021-01-25,2020-10-14,1999-01-01,0.001,0.013,-0.006,-0.027,-0.002,-0.008,2021-03-29,2021-02-08,2020-12-24,2021-05-03,2021-03-09,2021-01-07,0.001,0.021,0.022,-0.033,-0.009,-0.026,2021-03-29,2021-02-04,2020-11-12,2021-04-26,2021-03-05,2020-12-11,0.002,0.025,0.029,-0.043,-0.007,-0.035,2021-03-29,2021-02-05,2020-11-16,2021-04-27,2021-03-09,2020-12-17,-0.002,0.015,0.017,-0.026,-0.003,-0.017,2021-03-24,2021-02-05,2020-11-12,2021-04-27,2021-03-11,2020-12-18,5642900.0,8076200.0,1723400.0,-10.71,-20.14,-17.5,0.035,0.034,0.034,0.03,-0.003,-0.026,0.002,0.008,0.01,-0.015,-0.001,-0.006,0.03397,0.03012,0.02871,0.03075,-0.00139,-0.02456,57.442,49.37,0.0,38.349,100.0,100.0,9.083,26.202,29.541,2.536,15.917,4.541,65.545,72.433,73.665,58.82,41.452,42.684,2021-04-13,2021-03-02,2020-12-03,2021-03-23,2021-01-20,2020-09-24,42,89,8007,62,118,7937,2021-03-15,2020-11-19,1999-01-01,2020-12-29,1999-01-01,1999-01-01,2021-05-11,2021-05-04,2021-04-30,2021-05-07,2021-05-03,2021-04-27,2021-04-09,2021-02-18,2020-11-26,2021-03-15,2021-01-06,2020-11-02,,,,,p2p,,,,,Life.BullEnd,Life.BullStart,Life.Bull,Life.BullRetrace,Life.BullEnd,,
2021-05-17,RL,4.76,11.34,4.12,13.11,4.89,1.91,0,0,0,-,1,1,1,0.57331,,,0.535,,0.66722,0.66042,0.6113,0.55496,0.10376,,,-0.01684,,,0.06408,,,0.00302,,,0.1186,,,-0.01003,,,0.01484,-0.03969,0.05452,-0.01018,,,0.63571,0.66805,-0.03234,-0.0255,-0.01109,-0.01441,,,,,-8.6,5.34,-18.48,23.11,-2.17,11.07,-10.63,2.79,9.0,11.0,27.0,32.0,8.0,21.0,17.0,7.0,-0.0,-0.0595,0.00566,-0.02194,0.25814,20.51746,29.68979,,,-45.02754,0.0,4.7356,0.0,,8.57841,11.26297,41.27415,41.29006,41.274,,0.04113,0.03934,,,,,,,0.15,,,,,0.789,0.663,0.607,0.662,0.602,0.445,2021-04-15,2021-03-19,2021-02-24,2021-03-23,2021-03-04,2021-01-25,-27.34,19.18,-0.15,10.13,-0.82,36.4,19.0,17.0,2.0,11.0,6.0,19.0,-1.0,1.0,-0.0,1.0,-0.0,2.0,0.639,0.684,0.694,0.535,0.634,0.664,2021-05-10,2021-05-04,2021-04-30,2021-05-17,2021-05-07,2021-05-03,0.039,0.028,0.0,0.027,0.022,100.0,2021-05-10,2020-12-22,1999-01-01,2021-01-18,2020-11-02,1999-01-01,0.125,0.003,0.0,0.002,-0.073,100.0,2021-04-26,2021-01-14,1999-01-01,2021-01-22,2020-11-04,1999-01-01,0.119,0.034,0.0,0.016,-0.068,100.0,2021-04-19,2020-12-21,1999-01-01,2021-01-26,2020-10-07,1999-01-01,0.174,0.033,0.0,0.016,-0.097,100.0,2021-04-21,2020-12-23,1999-01-01,2021-01-25,2020-10-14,1999-01-01,0.001,0.013,-0.006,-0.027,-0.002,-0.008,2021-03-29,2021-02-08,2020-12-24,2021-05-03,2021-03-09,2021-01-07,0.001,0.021,0.022,-0.033,-0.009,-0.026,2021-03-29,2021-02-04,2020-11-12,2021-04-26,2021-03-05,2020-12-11,0.002,0.025,0.029,-0.043,-0.007,-0.035,2021-03-29,2021-02-05,2020-11-16,2021-04-27,2021-03-09,2020-12-17,-0.002,0.015,0.017,-0.026,-0.003,-0.017,2021-03-24,2021-02-05,2020-11-12,2021-04-27,2021-03-11,2020-12-18,8076200.0,1723400.0,5959600.0,-20.14,-17.5,2.05,0.035,0.034,0.034,0.03,-0.003,-0.026,0.002,0.008,0.01,-0.015,-0.001,-0.006,0.03397,0.03012,0.02871,0.03075,-0.00139,-0.02456,57.442,49.37,0.0,41.274,38.349,100.0,9.083,26.202,29.541,0.0,2.536,15.917,65.545,72.433,73.665,58.82,41.452,42.684,2021-04-13,2021-03-02,2020-12-03,2021-03-23,2021-01-20,2020-09-24,42,89,8007,62,118,7937,2021-03-15,2020-11-19,1999-01-01,2021-05-17,2020-12-29,1999-01-01,2021-05-11,2021-05-04,2021-04-30,2021-05-17,2021-05-07,2021-05-03,2021-04-09,2021-02-18,2020-11-26,2021-03-15,2021-01-06,2020-11-02,,,,,,,,,,Life.BullEnd,Life.BullStart,Life.Bull,Life.BullRetrace,Life.BullEnd,,
2021-05-18,RL,4.76,12.39,4.12,14.32,4.47,1.75,0,0,0,-,0,0,0,0.56043,,,,0.585,0.66087,0.65745,0.61077,0.55525,0.10049,,,-0.01469,,,0.05963,,,0.00669,,,0.11302,,,-0.00588,,,0.01253,-0.04085,0.05339,-0.00791,,,0.62785,0.66187,-0.03402,-0.02847,-0.01457,-0.0139,,,,,-6.5,5.34,-18.48,23.11,-2.17,11.07,-10.63,2.79,8.0,11.0,27.0,32.0,8.0,21.0,17.0,7.0,0.0496,0.0,0.00921,-0.01947,0.47285,32.10461,29.55104,29.551,,-33.44039,26.34095,10.48839,,26.341,16.93277,12.84368,41.32096,41.28976,,,0.04174,0.03925,,,,,,,0.15,,,,,0.789,0.663,0.607,0.662,0.602,0.445,2021-04-15,2021-03-19,2021-02-24,2021-03-23,2021-03-04,2021-01-25,-28.97,19.18,-0.15,10.13,-0.82,36.4,20.0,17.0,2.0,11.0,6.0,19.0,-1.0,1.0,-0.0,1.0,-0.0,2.0,0.585,0.639,0.684,0.535,0.634,0.664,2021-05-18,2021-05-10,2021-05-04,2021-05-17,2021-05-07,2021-05-03,0.039,0.028,0.0,0.027,0.022,100.0,2021-05-10,2020-12-22,1999-01-01,2021-01-18,2020-11-02,1999-01-01,0.125,0.003,0.0,0.002,-0.073,100.0,2021-04-26,2021-01-14,1999-01-01,2021-01-22,2020-11-04,1999-01-01,0.119,0.034,0.0,0.016,-0.068,100.0,2021-04-19,2020-12-21,1999-01-01,2021-01-26,2020-10-07,1999-01-01,0.174,0.033,0.0,0.016,-0.097,100.0,2021-04-21,2020-12-23,1999-01-01,2021-01-25,2020-10-14,1999-01-01,0.001,0.013,-0.006,-0.027,-0.002,-0.008,2021-03-29,2021-02-08,2020-12-24,2021-05-03,2021-03-09,2021-01-07,0.001,0.021,0.022,-0.033,-0.009,-0.026,2021-03-29,2021-02-04,2020-11-12,2021-04-26,2021-03-05,2020-12-11,0.002,0.025,0.029,-0.043,-0.007,-0.035,2021-03-29,2021-02-05,2020-11-16,2021-04-27,2021-03-09,2020-12-17,-0.002,0.015,0.017,-0.026,-0.003,-0.017,2021-03-24,2021-02-05,2020-11-12,2021-04-27,2021-03-11,2020-12-18,1723400.0,5959600.0,4480200.0,-17.5,2.05,-22.82,0.035,0.034,0.034,0.03,-0.003,-0.026,0.002,0.008,0.01,-0.015,-0.001,-0.006,0.03397,0.03012,0.02871,0.03075,-0.00139,-0.02456,57.442,49.37,0.0,41.274,38.349,100.0,26.341,9.083,26.202,0.0,2.536,15.917,65.545,72.433,73.665,29.551,58.82,41.452,2021-04-13,2021-03-02,2020-12-03,2021-03-23,2021-01-20,2020-09-24,42,89,8007,62,118,7937,2021-03-15,2020-11-19,1999-01-01,2021-05-17,2020-12-29,1999-01-01,2021-05-18,2021-05-11,2021-05-04,2021-05-17,2021-05-07,2021-05-03,2021-04-09,2021-02-18,2020-11-26,2021-05-18,2021-03-15,2021-01-06,,,,,,,,,,Life.BullEnd,Life.BullStart,Life.Bull,Life.BullRetrace,Life.BullEnd,,
2021-05-19,RL,4.76,11.24,4.12,12.99,4.93,1.93,0,0,0,-,1,1,1,0.54942,,,,,0.65081,0.65246,0.60917,0.555,0.09709,,,-0.01246,,,0.05545,,,0.00994,,,0.10753,,,-0.00191,,,0.01044,-0.04165,0.05208,-0.00568,,,0.61281,0.65211,-0.0393,-0.03113,-0.01788,-0.01325,,,,,-4.63,5.34,-18.48,23.11,-2.17,11.07,-10.63,2.79,7.0,11.0,27.0,32.0,8.0,21.0,17.0,7.0,-0.0,-0.0545,0.00921,-0.01805,0.51009,33.77883,29.66001,,,4.22783,2.5227,9.62122,,,15.43429,13.64849,41.41218,41.33576,,,0.04301,0.03914,,,,,,,0.15,,,,,0.789,0.663,0.607,0.662,0.602,0.445,2021-04-15,2021-03-19,2021-02-24,2021-03-23,2021-03-04,2021-01-25,-30.37,19.18,-0.15,10.13,-0.82,36.4,21.0,17.0,2.0,11.0,6.0,19.0,-1.0,1.0,-0.0,1.0,-0.0,2.0,0.585,0.639,0.684,0.535,0.634,0.664,2021-05-18,2021-05-10,2021-05-04,2021-05-17,2021-05-07,2021-05-03,0.039,0.028,0.0,0.027,0.022,100.0,2021-05-10,2020-12-22,1999-01-01,2021-01-18,2020-11-02,1999-01-01,0.125,0.003,0.0,0.002,-0.073,100.0,2021-04-26,2021-01-14,1999-01-01,2021-01-22,2020-11-04,1999-01-01,0.119,0.034,0.0,0.016,-0.068,100.0,2021-04-19,2020-12-21,1999-01-01,2021-01-26,2020-10-07,1999-01-01,0.174,0.033,0.0,0.016,-0.097,100.0,2021-04-21,2020-12-23,1999-01-01,2021-01-25,2020-10-14,1999-01-01,0.001,0.013,-0.006,-0.027,-0.002,-0.008,2021-03-29,2021-02-08,2020-12-24,2021-05-03,2021-03-09,2021-01-07,0.001,0.021,0.022,-0.033,-0.009,-0.026,2021-03-29,2021-02-04,2020-11-12,2021-04-26,2021-03-05,2020-12-11,0.002,0.025,0.029,-0.043,-0.007,-0.035,2021-03-29,2021-02-05,2020-11-16,2021-04-27,2021-03-09,2020-12-17,-0.002,0.015,0.017,-0.026,-0.003,-0.017,2021-03-24,2021-02-05,2020-11-12,2021-04-27,2021-03-11,2020-12-18,5959600.0,4480200.0,4203900.0,2.05,-22.82,20.39,0.035,0.034,0.034,0.03,-0.003,-0.026,0.002,0.008,0.01,-0.015,-0.001,-0.006,0.03397,0.03012,0.02871,0.03075,-0.00139,-0.02456,57.442,49.37,0.0,41.274,38.349,100.0,26.341,9.083,26.202,0.0,2.536,15.917,65.545,72.433,73.665,29.551,58.82,41.452,2021-04-13,2021-03-02,2020-12-03,2021-03-23,2021-01-20,2020-09-24,42,89,8007,62,118,7937,2021-03-15,2020-11-19,1999-01-01,2021-05-17,2020-12-29,1999-01-01,2021-05-18,2021-05-11,2021-05-04,2021-05-17,2021-05-07,2021-05-03,2021-04-09,2021-02-18,2020-11-26,2021-05-18,2021-03-15,2021-01-06,-4203900.0,,,,,,,,n2p,Life.BullEnd,Life.BullStart,Life.Bull,Life.BullRetrace,Life.BullEnd,,
2021-05-20,RL,4.76,10.61,4.12,12.26,5.23,2.04,0,0,0,-,1,1,1,0.54032,,,0.5,,0.63924,0.64649,0.60702,0.55446,0.09361,,,-0.01017,,,0.05154,,,0.01267,,,0.10216,,,0.00182,,,0.00855,-0.04206,0.05062,-0.00354,,,0.59552,0.64087,-0.04535,-0.03344,-0.02099,-0.01245,,,,,-3.02,5.34,-18.48,23.11,-2.17,11.07,-10.63,2.79,6.0,11.0,27.0,32.0,8.0,21.0,17.0,7.0,-0.0,-0.0297,0.00921,-0.01911,0.48169,32.50946,30.00957,,,2.95846,0.0,9.62122,0.0,,15.43429,15.93378,41.54447,41.42587,,,0.04312,0.039,,,,,,,0.15,,,,,0.789,0.663,0.607,0.662,0.602,0.445,2021-04-15,2021-03-19,2021-02-24,2021-03-23,2021-03-04,2021-01-25,-31.52,19.18,-0.15,10.13,-0.82,36.4,22.0,17.0,2.0,11.0,6.0,19.0,-1.0,1.0,-0.0,1.0,-0.0,2.0,0.585,0.639,0.684,0.5,0.535,0.634,2021-05-18,2021-05-10,2021-05-04,2021-05-20,2021-05-17,2021-05-07,0.039,0.028,0.0,0.027,0.022,100.0,2021-05-10,2020-12-22,1999-01-01,2021-01-18,2020-11-02,1999-01-01,0.125,0.003,0.0,0.002,-0.073,100.0,2021-04-26,2021-01-14,1999-01-01,2021-01-22,2020-11-04,1999-01-01,0.119,0.034,0.0,0.016,-0.068,100.0,2021-04-19,2020-12-21,1999-01-01,2021-01-26,2020-10-07,1999-01-01,0.174,0.033,0.0,0.016,-0.097,100.0,2021-04-21,2020-12-23,1999-01-01,2021-01-25,2020-10-14,1999-01-01,0.001,0.013,-0.006,-0.027,-0.002,-0.008,2021-03-29,2021-02-08,2020-12-24,2021-05-03,2021-03-09,2021-01-07,0.001,0.021,0.022,-0.033,-0.009,-0.026,2021-03-29,2021-02-04,2020-11-12,2021-04-26,2021-03-05,2020-12-11,0.002,0.025,0.029,-0.043,-0.007,-0.035,2021-03-29,2021-02-05,2020-11-16,2021-04-27,2021-03-09,2020-12-17,-0.002,0.015,0.017,-0.026,-0.003,-0.017,2021-03-24,2021-02-05,2020-11-12,2021-04-27,2021-03-11,2020-12-18,4480200.0,4203900.0,2891000.0,-22.82,20.39,-20.96,0.035,0.034,0.034,0.03,-0.003,-0.026,0.002,0.008,0.01,-0.015,-0.001,-0.006,0.03397,0.03012,0.02871,0.03075,-0.00139,-0.02456,57.442,49.37,0.0,41.274,38.349,100.0,26.341,9.083,26.202,0.0,0.0,2.536,65.545,72.433,73.665,29.551,58.82,41.452,2021-04-13,2021-03-02,2020-12-03,2021-03-23,2021-01-20,2020-09-24,42,89,8007,62,118,7937,2021-03-15,2020-11-19,1999-01-01,2021-05-17,2020-12-29,1999-01-01,2021-05-18,2021-05-11,2021-05-04,2021-05-20,2021-05-17,2021-05-07,2021-04-09,2021-02-18,2020-11-26,2021-05-18,2021-03-15,2021-01-06,,,-2891000.0,,,,,n2p,p2n,Life.BullEnd,Life.BullStart,Life.Bull,Life.BullRetrace,Life.BullEnd,,
2021-05-21,RL,4.76,10.92,4.12,12.62,5.08,1.98,0,0,0,-,0,0,0,0.53329,,,,,0.6297,0.64134,0.6052,0.55407,0.09006,,,-0.00788,,,0.04795,,,0.01479,,,0.09695,,,0.00525,,,0.00689,-0.04211,0.04899,-0.00152,,,0.58316,0.63156,-0.0484,-0.03541,-0.02388,-0.01153,,,,,-1.74,5.34,-18.48,23.11,-2.17,11.07,-10.63,2.79,5.0,11.0,27.0,32.0,8.0,21.0,17.0,7.0,0.0148,0.0,0.00814,-0.01911,0.42601,29.87421,30.59311,,,0.32321,20.754,7.7589,,,15.10653,15.32504,41.71382,41.55682,,,0.04393,0.03883,,,,,,,0.15,,,,,0.789,0.663,0.607,0.662,0.602,0.445,2021-04-15,2021-03-19,2021-02-24,2021-03-23,2021-03-04,2021-01-25,-32.41,19.18,-0.15,10.13,-0.82,36.4,23.0,17.0,2.0,11.0,6.0,19.0,-1.0,1.0,-0.0,1.0,-0.0,2.0,0.585,0.639,0.684,0.5,0.535,0.634,2021-05-18,2021-05-10,2021-05-04,2021-05-20,2021-05-17,2021-05-07,0.039,0.028,0.0,0.027,0.022,100.0,2021-05-10,2020-12-22,1999-01-01,2021-01-18,2020-11-02,1999-01-01,0.125,0.003,0.0,0.002,-0.073,100.0,2021-04-26,2021-01-14,1999-01-01,2021-01-22,2020-11-04,1999-01-01,0.119,0.034,0.0,0.016,-0.068,100.0,2021-04-19,2020-12-21,1999-01-01,2021-01-26,2020-10-07,1999-01-01,0.174,0.033,0.0,0.016,-0.097,100.0,2021-04-21,2020-12-23,1999-01-01,2021-01-25,2020-10-14,1999-01-01,0.001,0.013,-0.006,-0.027,-0.002,-0.008,2021-03-29,2021-02-08,2020-12-24,2021-05-03,2021-03-09,2021-01-07,0.001,0.021,0.022,-0.033,-0.009,-0.026,2021-03-29,2021-02-04,2020-11-12,2021-04-26,2021-03-05,2020-12-11,0.002,0.025,0.029,-0.043,-0.007,-0.035,2021-03-29,2021-02-05,2020-11-16,2021-04-27,2021-03-09,2020-12-17,-0.002,0.015,0.017,-0.026,-0.003,-0.017,2021-03-24,2021-02-05,2020-11-12,2021-04-27,2021-03-11,2020-12-18,4203900.0,2891000.0,4122300.0,20.39,-20.96,-3.09,0.035,0.034,0.034,0.03,-0.003,-0.026,0.002,0.008,0.01,-0.015,-0.001,-0.006,0.03397,0.03012,0.02871,0.03075,-0.00139,-0.02456,57.442,49.37,0.0,41.274,38.349,100.0,26.341,9.083,26.202,0.0,0.0,2.536,65.545,72.433,73.665,29.551,58.82,41.452,2021-04-13,2021-03-02,2020-12-03,2021-03-23,2021-01-20,2020-09-24,42,89,8007,62,118,7937,2021-03-15,2020-11-19,1999-01-01,2021-05-17,2020-12-29,1999-01-01,2021-05-18,2021-05-11,2021-05-04,2021-05-20,2021-05-17,2021-05-07,2021-04-09,2021-02-18,2020-11-26,2021-05-18,2021-03-15,2021-01-06,,,,,,,n2p,p2n,,Life.BullEnd,Life.BullStart,Life.Bull,Life.BullRetrace,Life.BullEnd,,
2021-05-24,RL,4.76,11.24,4.12,12.99,4.93,1.93,0,0,0,-,0,0,0,0.52842,,,,,0.62203,0.63698,0.60371,0.55383,0.08648,,,-0.00561,,,0.04469,,,0.01626,,,0.09192,,,0.00836,,,0.00543,-0.04179,0.04722,0.00036,,,0.575,0.62405,-0.04905,-0.03701,-0.0265,-0.01051,,,,,-0.84,5.34,-18.48,23.11,-2.17,11.07,-10.63,2.79,4.0,11.0,27.0,32.0,8.0,21.0,17.0,7.0,0.0149,0.0,0.00744,-0.01911,0.38901,28.00646,31.39722,,,-1.54454,28.5832,16.44573,,,32.24845,20.92976,41.91424,41.72418,,,0.04221,0.03864,,,,,,,0.15,,,,,0.789,0.663,0.607,0.662,0.602,0.445,2021-04-15,2021-03-19,2021-02-24,2021-03-23,2021-03-04,2021-01-25,-33.03,19.18,-0.15,10.13,-0.82,36.4,24.0,17.0,2.0,11.0,6.0,19.0,-1.0,1.0,-0.0,1.0,-0.0,2.0,0.585,0.639,0.684,0.5,0.535,0.634,2021-05-18,2021-05-10,2021-05-04,2021-05-20,2021-05-17,2021-05-07,0.039,0.028,0.0,0.027,0.022,100.0,2021-05-10,2020-12-22,1999-01-01,2021-01-18,2020-11-02,1999-01-01,0.125,0.003,0.0,0.002,-0.073,100.0,2021-04-26,2021-01-14,1999-01-01,2021-01-22,2020-11-04,1999-01-01,0.119,0.034,0.0,0.016,-0.068,100.0,2021-04-19,2020-12-21,1999-01-01,2021-01-26,2020-10-07,1999-01-01,0.174,0.033,0.0,0.016,-0.097,100.0,2021-04-21,2020-12-23,1999-01-01,2021-01-25,2020-10-14,1999-01-01,0.001,0.013,-0.006,-0.027,-0.002,-0.008,2021-03-29,2021-02-08,2020-12-24,2021-05-03,2021-03-09,2021-01-07,0.001,0.021,0.022,-0.033,-0.009,-0.026,2021-03-29,2021-02-04,2020-11-12,2021-04-26,2021-03-05,2020-12-11,0.002,0.025,0.029,-0.043,-0.007,-0.035,2021-03-29,2021-02-05,2020-11-16,2021-04-27,2021-03-09,2020-12-17,-0.002,0.015,0.017,-0.026,-0.003,-0.017,2021-03-24,2021-02-05,2020-11-12,2021-04-27,2021-03-11,2020-12-18,2891000.0,4122300.0,2107300.0,-20.96,-3.09,-18.69,0.035,0.034,0.034,0.03,-0.003,-0.026,0.002,0.008,0.01,-0.015,-0.001,-0.006,0.03397,0.03012,0.02871,0.03075,-0.00139,-0.02456,57.442,49.37,0.0,41.274,38.349,100.0,26.341,9.083,26.202,0.0,0.0,2.536,65.545,72.433,73.665,29.551,58.82,41.452,2021-04-13,2021-03-02,2020-12-03,2021-03-23,2021-01-20,2020-09-24,42,89,8007,62,118,7937,2021-03-15,2020-11-19,1999-01-01,2021-05-17,2020-12-29,1999-01-01,2021-05-18,2021-05-11,2021-05-04,2021-05-20,2021-05-17,2021-05-07,2021-04-09,2021-02-18,2020-11-26,2021-05-18,2021-03-15,2021-01-06,,,,,,n2p,p2n,,,Life.BullEnd,Life.BullStart,Life.Bull,Life.BullRetrace,Life.BullEnd,,
2021-05-25,RL,4.76,11.55,4.12,13.35,4.8,1.87,0,0,0,-,0,0,0,0.52545,,,,0.545,0.61611,0.63338,0.60255,0.55374,0.0829,,,-0.00341,,,0.04176,,,0.01702,,,0.08709,,,0.01111,,,0.00419,-0.04114,0.04532,0.00206,,,0.57038,0.61819,-0.04781,-0.03824,-0.02885,-0.00939,,,,,-0.28,5.34,-18.48,23.11,-2.17,11.07,-10.63,2.79,3.0,11.0,27.0,32.0,8.0,21.0,17.0,7.0,0.0149,0.0,0.0085,-0.01699,0.50021,33.34267,32.40586,,,3.79167,34.71993,28.01904,,34.72,54.92803,34.09434,42.13665,41.92157,,,0.04061,0.03843,,,,,,,0.15,,,,,0.789,0.663,0.607,0.662,0.602,0.445,2021-04-15,2021-03-19,2021-02-24,2021-03-23,2021-03-04,2021-01-25,-33.4,19.18,-0.15,10.13,-0.82,36.4,25.0,17.0,2.0,11.0,6.0,19.0,-1.0,1.0,-0.0,1.0,-0.0,2.0,0.545,0.585,0.639,0.5,0.535,0.634,2021-05-25,2021-05-18,2021-05-10,2021-05-20,2021-05-17,2021-05-07,0.039,0.028,0.0,0.027,0.022,100.0,2021-05-10,2020-12-22,1999-01-01,2021-01-18,2020-11-02,1999-01-01,0.125,0.003,0.0,0.002,-0.073,100.0,2021-04-26,2021-01-14,1999-01-01,2021-01-22,2020-11-04,1999-01-01,0.119,0.034,0.0,0.016,-0.068,100.0,2021-04-19,2020-12-21,1999-01-01,2021-01-26,2020-10-07,1999-01-01,0.174,0.033,0.0,0.016,-0.097,100.0,2021-04-21,2020-12-23,1999-01-01,2021-01-25,2020-10-14,1999-01-01,0.001,0.013,-0.006,-0.027,-0.002,-0.008,2021-03-29,2021-02-08,2020-12-24,2021-05-03,2021-03-09,2021-01-07,0.001,0.021,0.022,-0.033,-0.009,-0.026,2021-03-29,2021-02-04,2020-11-12,2021-04-26,2021-03-05,2020-12-11,0.002,0.025,0.029,-0.043,-0.007,-0.035,2021-03-29,2021-02-05,2020-11-16,2021-04-27,2021-03-09,2020-12-17,-0.002,0.015,0.017,-0.026,-0.003,-0.017,2021-03-24,2021-02-05,2020-11-12,2021-04-27,2021-03-11,2020-12-18,4122300.0,2107300.0,2932700.0,-3.09,-18.69,0.46,0.035,0.034,0.034,0.03,-0.003,-0.026,0.002,0.008,0.01,-0.015,-0.001,-0.006,0.03397,0.03012,0.02871,0.03075,-0.00139,-0.02456,57.442,49.37,0.0,41.274,38.349,100.0,34.72,26.341,9.083,0.0,0.0,2.536,65.545,72.433,73.665,29.551,58.82,41.452,2021-04-13,2021-03-02,2020-12-03,2021-03-23,2021-01-20,2020-09-24,42,89,8007,62,118,7937,2021-03-15,2020-11-19,1999-01-01,2021-05-17,2020-12-29,1999-01-01,2021-05-25,2021-05-18,2021-05-11,2021-05-20,2021-05-17,2021-05-07,2021-04-09,2021-02-18,2020-11-26,2021-05-18,2021-03-15,2021-01-06,,,,,n2p,p2n,,,,Life.BullEnd,Life.BullStart,Life.Bull,Life.BullRetrace,Life.BullEnd,,
2021-05-27,RL,4.76,11.34,4.12,13.11,4.89,1.91,0,0,0,-,0,0,0,0.52399,,,,,0.60987,0.62952,0.60121,0.55356,0.07934,,,-0.00131,,,0.03917,,,0.01707,,0.017,0.08248,,,0.01351,,,0.00314,-0.04017,0.04331,0.00357,,,0.56494,0.61203,-0.04709,-0.03908,-0.0309,-0.00818,,,,,0.0,5.34,-18.48,23.11,-2.17,11.07,-10.63,2.79,1.0,11.0,27.0,32.0,8.0,21.0,17.0,7.0,-0.0,-0.01,0.00709,-0.01771,0.40016,28.57966,33.60281,,,-0.97134,30.60132,31.30148,,,69.11587,52.09745,42.36969,42.14019,,,0.03912,0.03819,,,,,,,0.15,,,,,0.789,0.663,0.607,0.662,0.602,0.445,2021-04-15,2021-03-19,2021-02-24,2021-03-23,2021-03-04,2021-01-25,-33.59,19.18,-0.15,10.13,-0.82,36.4,26.0,17.0,2.0,11.0,6.0,19.0,-1.0,1.0,-0.0,1.0,-0.0,2.0,0.545,0.585,0.639,0.5,0.535,0.634,2021-05-25,2021-05-18,2021-05-10,2021-05-20,2021-05-17,2021-05-07,0.039,0.028,0.0,0.027,0.022,100.0,2021-05-10,2020-12-22,1999-01-01,2021-01-18,2020-11-02,1999-01-01,0.125,0.003,0.0,0.002,-0.073,100.0,2021-04-26,2021-01-14,1999-01-01,2021-01-22,2020-11-04,1999-01-01,0.119,0.034,0.0,0.016,-0.068,100.0,2021-04-19,2020-12-21,1999-01-01,2021-01-26,2020-10-07,1999-01-01,0.174,0.033,0.0,0.016,-0.097,100.0,2021-04-21,2020-12-23,1999-01-01,2021-01-25,2020-10-14,1999-01-01,0.001,0.013,-0.006,-0.027,-0.002,-0.008,2021-03-29,2021-02-08,2020-12-24,2021-05-03,2021-03-09,2021-01-07,0.017,0.001,0.021,-0.033,-0.009,-0.026,2021-05-27,2021-03-29,2021-02-04,2021-04-26,2021-03-05,2020-12-11,0.002,0.025,0.029,-0.043,-0.007,-0.035,2021-03-29,2021-02-05,2020-11-16,2021-04-27,2021-03-09,2020-12-17,-0.002,0.015,0.017,-0.026,-0.003,-0.017,2021-03-24,2021-02-05,2020-11-12,2021-04-27,2021-03-11,2020-12-18,2107300.0,2932700.0,1474800.0,-18.69,0.46,-28.9,0.035,0.034,0.034,0.03,-0.003,-0.026,0.002,0.008,0.01,-0.015,-0.001,-0.006,0.03397,0.03012,0.02871,0.03075,-0.00139,-0.02456,57.442,49.37,0.0,41.274,38.349,100.0,34.72,26.341,9.083,0.0,0.0,2.536,65.545,72.433,73.665,29.551,58.82,41.452,2021-04-13,2021-03-02,2020-12-03,2021-03-23,2021-01-20,2020-09-24,42,89,8007,62,118,7937,2021-03-15,2020-11-19,1999-01-01,2021-05-17,2020-12-29,1999-01-01,2021-05-25,2021-05-18,2021-05-11,2021-05-20,2021-05-17,2021-05-07,2021-04-09,2021-02-18,2020-11-26,2021-05-18,2021-03-15,2021-01-06,,,,,p2n,,,,,Life.BullEnd,Life.BullStart,Life.Bull,Life.BullRetrace,Life.BullEnd,,
2021-05-28,RL,4.76,10.82,4.12,12.5,5.13,2.0,0,0,0,-,0,0,0,0.52364,0.524,,,,0.60221,0.62484,0.59941,0.55312,0.07584,,,0.00067,,,0.03691,,,0.01642,,,0.07812,,,0.01554,,,0.00228,-0.03893,0.04121,0.00488,,,0.55653,0.60449,-0.04796,-0.03954,-0.03263,-0.00691,,,,,5.42,-18.48,23.11,-2.17,11.07,-10.63,2.79,-12.66,11.0,27.0,32.0,8.0,21.0,17.0,7.0,11.0,-0.0,-0.0247,0.00709,-0.01911,0.3707,27.04471,34.96408,,,-2.50629,21.29669,28.87265,,,68.98003,64.34131,42.60131,42.36922,,,0.03845,0.03793,,,,,,,0.15,,,,,0.789,0.663,0.607,0.524,0.662,0.602,2021-04-15,2021-03-19,2021-02-24,2021-05-28,2021-03-23,2021-03-04,0.0,-33.59,19.18,-0.15,10.13,-0.82,0.0,27.0,17.0,2.0,11.0,6.0,0.0,-1.0,1.0,-0.0,1.0,-0.0,0.545,0.585,0.639,0.5,0.535,0.634,2021-05-25,2021-05-18,2021-05-10,2021-05-20,2021-05-17,2021-05-07,0.039,0.028,0.0,0.027,0.022,100.0,2021-05-10,2020-12-22,1999-01-01,2021-01-18,2020-11-02,1999-01-01,0.125,0.003,0.0,0.002,-0.073,100.0,2021-04-26,2021-01-14,1999-01-01,2021-01-22,2020-11-04,1999-01-01,0.119,0.034,0.0,0.016,-0.068,100.0,2021-04-19,2020-12-21,1999-01-01,2021-01-26,2020-10-07,1999-01-01,0.174,0.033,0.0,0.016,-0.097,100.0,2021-04-21,2020-12-23,1999-01-01,2021-01-25,2020-10-14,1999-01-01,0.001,0.013,-0.006,-0.027,-0.002,-0.008,2021-03-29,2021-02-08,2020-12-24,2021-05-03,2021-03-09,2021-01-07,0.017,0.001,0.021,-0.033,-0.009,-0.026,2021-05-27,2021-03-29,2021-02-04,2021-04-26,2021-03-05,2020-12-11,0.002,0.025,0.029,-0.043,-0.007,-0.035,2021-03-29,2021-02-05,2020-11-16,2021-04-27,2021-03-09,2020-12-17,-0.002,0.015,0.017,-0.026,-0.003,-0.017,2021-03-24,2021-02-05,2020-11-12,2021-04-27,2021-03-11,2020-12-18,2932700.0,1474800.0,1907000.0,0.46,-28.9,-3.07,0.035,0.034,0.034,0.03,-0.003,-0.026,0.002,0.008,0.01,-0.015,-0.001,-0.006,0.03397,0.03012,0.02871,0.03075,-0.00139,-0.02456,57.442,49.37,0.0,41.274,38.349,100.0,34.72,26.341,9.083,0.0,0.0,2.536,65.545,72.433,73.665,29.551,58.82,41.452,2021-04-13,2021-03-02,2020-12-03,2021-03-23,2021-01-20,2020-09-24,42,89,8007,62,118,7937,2021-03-15,2020-11-19,1999-01-01,2021-05-17,2020-12-29,1999-01-01,2021-05-25,2021-05-18,2021-05-11,2021-05-20,2021-05-17,2021-05-07,2021-04-09,2021-02-18,2020-11-26,2021-05-18,2021-03-15,2021-01-06,,,,,,,,,,Life.BullEnd,Life.BullStart,Life.Bull,Life.BullRetrace,Life.BullEnd,,
2021-05-31,RL,3.6,13.75,3.2,15.47,0.06,1.62,0,0,0,-,1,1,1,0.52421,,,0.49,,0.59362,0.61957,0.59726,0.5525,0.07242,,,0.00249,,,0.03497,,,0.01511,,,0.07401,,,0.01724,,,0.00159,-0.03744,0.03903,0.00598,,,0.54637,0.59605,-0.04968,-0.03961,-0.03402,-0.00559,-0.04,,,,5.3,-18.48,23.11,-2.17,11.07,-10.63,2.79,-12.66,10.0,27.0,32.0,8.0,21.0,17.0,7.0,11.0,-0.0,-0.0198,0.00709,-0.0177,0.40032,28.5879,36.44871,,,-0.9631,15.42443,22.44081,15.424,,57.43647,65.17746,42.82103,42.59734,,,0.03925,0.03765,,,0.15,,,,,,,,,0.789,0.663,0.607,0.524,0.662,0.602,2021-04-15,2021-03-19,2021-02-24,2021-05-28,2021-03-23,2021-03-04,0.04,-33.59,19.18,-0.15,10.13,-0.82,1.0,27.0,17.0,2.0,11.0,6.0,0.0,-1.0,1.0,-0.0,1.0,-0.0,0.545,0.585,0.639,0.49,0.5,0.535,2021-05-25,2021-05-18,2021-05-10,2021-05-31,2021-05-20,2021-05-17,0.039,0.028,0.0,0.027,0.022,100.0,2021-05-10,2020-12-22,1999-01-01,2021-01-18,2020-11-02,1999-01-01,0.125,0.003,0.0,0.002,-0.073,100.0,2021-04-26,2021-01-14,1999-01-01,2021-01-22,2020-11-04,1999-01-01,0.119,0.034,0.0,0.016,-0.068,100.0,2021-04-19,2020-12-21,1999-01-01,2021-01-26,2020-10-07,1999-01-01,0.174,0.033,0.0,0.016,-0.097,100.0,2021-04-21,2020-12-23,1999-01-01,2021-01-25,2020-10-14,1999-01-01,0.001,0.013,-0.006,-0.027,-0.002,-0.008,2021-03-29,2021-02-08,2020-12-24,2021-05-03,2021-03-09,2021-01-07,0.017,0.001,0.021,-0.033,-0.009,-0.026,2021-05-27,2021-03-29,2021-02-04,2021-04-26,2021-03-05,2020-12-11,0.002,0.025,0.029,-0.043,-0.007,-0.035,2021-03-29,2021-02-05,2020-11-16,2021-04-27,2021-03-09,2020-12-17,-0.002,0.015,0.017,-0.026,-0.003,-0.017,2021-03-24,2021-02-05,2020-11-12,2021-04-27,2021-03-11,2020-12-18,1474800.0,1907000.0,2933800.0,-28.9,-3.07,0.02,0.035,0.034,0.034,-0.04,0.03,-0.003,0.002,0.008,0.01,-0.015,-0.001,-0.006,0.03397,0.03012,0.02871,-0.03402,0.03075,-0.00139,57.442,49.37,0.0,41.274,38.349,100.0,34.72,26.341,9.083,15.424,0.0,0.0,65.545,72.433,73.665,29.551,58.82,41.452,2021-04-13,2021-03-02,2020-12-03,2021-05-31,2021-03-23,2021-01-20,42,89,8007,69,62,118,2021-03-15,2020-11-19,1999-01-01,2021-05-17,2020-12-29,1999-01-01,2021-05-25,2021-05-18,2021-05-11,2021-05-31,2021-05-20,2021-05-17,2021-04-09,2021-02-18,2020-11-26,2021-05-18,2021-03-15,2021-01-06,,,,,,,,,,Life.BullStart,Life.Bull,Life.BullRetrace,Life.BullEnd,Life.BullStart,,
2021-06-01,RL,3.6,14.86,3.2,16.72,0.06,1.5,0,0,0,-,0,0,0,0.52546,,,,,0.58873,0.61606,0.59593,0.55228,0.06909,,,0.00415,,,0.03335,,,0.01321,,,0.07016,,,0.01862,,,0.00106,-0.03574,0.03681,0.00687,,,0.54387,0.59116,-0.04729,-0.03932,-0.03508,-0.00424,,,,,5.05,-18.48,23.11,-2.17,11.07,-10.63,2.79,-12.66,9.0,27.0,32.0,8.0,21.0,17.0,7.0,11.0,0.0396,0.0,0.00991,-0.01734,0.57166,36.37317,38.01621,,,6.82217,35.92133,24.21415,,,55.60538,60.67396,43.02035,42.81423,,,0.04034,0.03735,,,0.15,,,,,,,,,0.789,0.663,0.607,0.524,0.662,0.602,2021-04-15,2021-03-19,2021-02-24,2021-05-28,2021-03-23,2021-03-04,0.28,-33.59,19.18,-0.15,10.13,-0.82,2.0,27.0,17.0,2.0,11.0,6.0,0.0,-1.0,1.0,-0.0,1.0,-0.0,0.545,0.585,0.639,0.49,0.5,0.535,2021-05-25,2021-05-18,2021-05-10,2021-05-31,2021-05-20,2021-05-17,0.039,0.028,0.0,0.027,0.022,100.0,2021-05-10,2020-12-22,1999-01-01,2021-01-18,2020-11-02,1999-01-01,0.125,0.003,0.0,0.002,-0.073,100.0,2021-04-26,2021-01-14,1999-01-01,2021-01-22,2020-11-04,1999-01-01,0.119,0.034,0.0,0.016,-0.068,100.0,2021-04-19,2020-12-21,1999-01-01,2021-01-26,2020-10-07,1999-01-01,0.174,0.033,0.0,0.016,-0.097,100.0,2021-04-21,2020-12-23,1999-01-01,2021-01-25,2020-10-14,1999-01-01,0.001,0.013,-0.006,-0.027,-0.002,-0.008,2021-03-29,2021-02-08,2020-12-24,2021-05-03,2021-03-09,2021-01-07,0.017,0.001,0.021,-0.033,-0.009,-0.026,2021-05-27,2021-03-29,2021-02-04,2021-04-26,2021-03-05,2020-12-11,0.002,0.025,0.029,-0.043,-0.007,-0.035,2021-03-29,2021-02-05,2020-11-16,2021-04-27,2021-03-09,2020-12-17,-0.002,0.015,0.017,-0.026,-0.003,-0.017,2021-03-24,2021-02-05,2020-11-12,2021-04-27,2021-03-11,2020-12-18,1907000.0,2933800.0,3362800.0,-3.07,0.02,29.89,0.035,0.034,0.034,-0.04,0.03,-0.003,0.002,0.008,0.01,-0.015,-0.001,-0.006,0.03397,0.03012,0.02871,-0.03402,0.03075,-0.00139,57.442,49.37,0.0,41.274,38.349,100.0,34.72,26.341,9.083,15.424,0.0,0.0,65.545,72.433,73.665,29.551,58.82,41.452,2021-04-13,2021-03-02,2020-12-03,2021-05-31,2021-03-23,2021-01-20,42,89,8007,69,62,118,2021-03-15,2020-11-19,1999-01-01,2021-05-17,2020-12-29,1999-01-01,2021-05-25,2021-05-18,2021-05-11,2021-05-31,2021-05-20,2021-05-17,2021-04-09,2021-02-18,2020-11-26,2021-05-18,2021-03-15,2021-01-06,,,,,,,,,,Life.BullStart,Life.Bull,Life.BullRetrace,Life.BullEnd,Life.BullStart,,
2021-06-02,RL,3.6,14.86,3.2,16.72,0.06,1.5,0,0,0,-,0,0,0,0.52725,,,,,0.58422,0.61269,0.59462,0.55206,0.06589,,,0.00561,,,0.03198,,,0.0108,,,0.06656,,,0.01971,,,0.00067,-0.03391,0.03457,0.00757,,,0.54175,0.58664,-0.04489,-0.03869,-0.0358,-0.00289,,,,,4.69,-18.48,23.11,-2.17,11.07,-10.63,2.79,-12.66,8.0,27.0,32.0,8.0,21.0,17.0,7.0,11.0,0.0,0.0,0.00956,-0.01734,0.55107,35.52841,39.63125,,,5.97741,40.02307,30.45627,,,63.00448,58.68211,43.19219,43.01119,,,0.03887,0.03703,,,0.15,,,,,,,,,0.789,0.663,0.607,0.524,0.662,0.602,2021-04-15,2021-03-19,2021-02-24,2021-05-28,2021-03-23,2021-03-04,0.62,-33.59,19.18,-0.15,10.13,-0.82,3.0,27.0,17.0,2.0,11.0,6.0,0.0,-1.0,1.0,-0.0,1.0,-0.0,0.545,0.585,0.639,0.49,0.5,0.535,2021-05-25,2021-05-18,2021-05-10,2021-05-31,2021-05-20,2021-05-17,0.039,0.028,0.0,0.027,0.022,100.0,2021-05-10,2020-12-22,1999-01-01,2021-01-18,2020-11-02,1999-01-01,0.125,0.003,0.0,0.002,-0.073,100.0,2021-04-26,2021-01-14,1999-01-01,2021-01-22,2020-11-04,1999-01-01,0.119,0.034,0.0,0.016,-0.068,100.0,2021-04-19,2020-12-21,1999-01-01,2021-01-26,2020-10-07,1999-01-01,0.174,0.033,0.0,0.016,-0.097,100.0,2021-04-21,2020-12-23,1999-01-01,2021-01-25,2020-10-14,1999-01-01,0.001,0.013,-0.006,-0.027,-0.002,-0.008,2021-03-29,2021-02-08,2020-12-24,2021-05-03,2021-03-09,2021-01-07,0.017,0.001,0.021,-0.033,-0.009,-0.026,2021-05-27,2021-03-29,2021-02-04,2021-04-26,2021-03-05,2020-12-11,0.002,0.025,0.029,-0.043,-0.007,-0.035,2021-03-29,2021-02-05,2020-11-16,2021-04-27,2021-03-09,2020-12-17,-0.002,0.015,0.017,-0.026,-0.003,-0.017,2021-03-24,2021-02-05,2020-11-12,2021-04-27,2021-03-11,2020-12-18,2933800.0,3362800.0,2472100.0,0.02,29.89,6.89,0.035,0.034,0.034,-0.04,0.03,-0.003,0.002,0.008,0.01,-0.015,-0.001,-0.006,0.03397,0.03012,0.02871,-0.03402,0.03075,-0.00139,57.442,49.37,0.0,41.274,38.349,100.0,34.72,26.341,9.083,15.424,0.0,0.0,65.545,72.433,73.665,29.551,58.82,41.452,2021-04-13,2021-03-02,2020-12-03,2021-05-31,2021-03-23,2021-01-20,42,89,8007,69,62,118,2021-03-15,2020-11-19,1999-01-01,2021-05-17,2020-12-29,1999-01-01,2021-05-25,2021-05-18,2021-05-11,2021-05-31,2021-05-20,2021-05-17,2021-04-09,2021-02-18,2020-11-26,2021-05-18,2021-03-15,2021-01-06,,,,,,,,,,Life.BullStart,Life.Bull,Life.BullRetrace,Life.BullEnd,Life.BullStart,,
2021-06-03,RL,3.6,15.0,3.2,16.88,0.06,1.48,0,0,0,-,0,0,0,0.5299,,,,0.535,0.58044,0.60965,0.59344,0.55189,0.06282,,,0.00688,,,0.03079,,,0.00799,,,0.06321,,,0.02056,,,0.00039,-0.03203,0.03242,0.00809,,,0.54071,0.58282,-0.0421,-0.03777,-0.0362,-0.00157,,,,,4.17,-18.48,23.11,-2.17,11.07,-10.63,2.79,-12.66,7.0,27.0,32.0,8.0,21.0,17.0,7.0,11.0,0.0049,0.0,0.00991,-0.01486,0.66651,39.99423,41.25462,,,10.44323,51.70494,42.54978,,,78.16004,65.58997,43.32949,43.18068,,,0.03786,0.03669,,,0.15,,,,,,,,,0.789,0.663,0.607,0.524,0.662,0.602,2021-04-15,2021-03-19,2021-02-24,2021-05-28,2021-03-23,2021-03-04,1.13,-33.59,19.18,-0.15,10.13,-0.82,4.0,27.0,17.0,2.0,11.0,6.0,0.0,-1.0,1.0,-0.0,1.0,-0.0,0.535,0.545,0.585,0.49,0.5,0.535,2021-06-03,2021-05-25,2021-05-18,2021-05-31,2021-05-20,2021-05-17,0.039,0.028,0.0,0.027,0.022,100.0,2021-05-10,2020-12-22,1999-01-01,2021-01-18,2020-11-02,1999-01-01,0.125,0.003,0.0,0.002,-0.073,100.0,2021-04-26,2021-01-14,1999-01-01,2021-01-22,2020-11-04,1999-01-01,0.119,0.034,0.0,0.016,-0.068,100.0,2021-04-19,2020-12-21,1999-01-01,2021-01-26,2020-10-07,1999-01-01,0.174,0.033,0.0,0.016,-0.097,100.0,2021-04-21,2020-12-23,1999-01-01,2021-01-25,2020-10-14,1999-01-01,0.001,0.013,-0.006,-0.027,-0.002,-0.008,2021-03-29,2021-02-08,2020-12-24,2021-05-03,2021-03-09,2021-01-07,0.017,0.001,0.021,-0.033,-0.009,-0.026,2021-05-27,2021-03-29,2021-02-04,2021-04-26,2021-03-05,2020-12-11,0.002,0.025,0.029,-0.043,-0.007,-0.035,2021-03-29,2021-02-05,2020-11-16,2021-04-27,2021-03-09,2020-12-17,-0.002,0.015,0.017,-0.026,-0.003,-0.017,2021-03-24,2021-02-05,2020-11-12,2021-04-27,2021-03-11,2020-12-18,3362800.0,2472100.0,2853400.0,29.89,6.89,-0.92,0.035,0.034,0.034,-0.04,0.03,-0.003,0.002,0.008,0.01,-0.015,-0.001,-0.006,0.03397,0.03012,0.02871,-0.03402,0.03075,-0.00139,57.442,49.37,0.0,41.274,38.349,100.0,34.72,26.341,9.083,15.424,0.0,0.0,65.545,72.433,73.665,29.551,58.82,41.452,2021-04-13,2021-03-02,2020-12-03,2021-05-31,2021-03-23,2021-01-20,42,89,8007,69,62,118,2021-03-15,2020-11-19,1999-01-01,2021-05-17,2020-12-29,1999-01-01,2021-05-25,2021-05-18,2021-05-11,2021-05-31,2021-05-20,2021-05-17,2021-04-09,2021-02-18,2020-11-26,2021-05-18,2021-03-15,2021-01-06,,,,,,,,,,Life.BullStart,Life.Bull,Life.BullRetrace,Life.BullEnd,Life.BullStart,,
2021-06-04,RL,3.6,14.86,3.2,16.72,0.06,1.5,0,0,0,-,0,0,0,0.53363,,,0.53,,0.57656,0.60653,0.59219,0.55167,0.05988,,,0.00794,,,0.02968,,,0.0049,,,0.06009,,,0.02119,,,0.00021,-0.0302,0.03041,0.00844,,,0.53908,0.57891,-0.03983,-0.03658,-0.03627,-0.00031,,,,,3.44,-18.48,23.11,-2.17,11.07,-10.63,2.79,-12.66,6.0,27.0,32.0,8.0,21.0,17.0,7.0,11.0,-0.0,-0.0049,0.00991,-0.01451,0.68291,40.57929,42.84453,,,11.02829,51.86846,47.86549,,,76.78349,72.64934,43.42498,43.31555,,,0.03692,0.03633,,,0.15,,,,,,,,,0.789,0.663,0.607,0.524,0.662,0.602,2021-04-15,2021-03-19,2021-02-24,2021-05-28,2021-03-23,2021-03-04,1.84,-33.59,19.18,-0.15,10.13,-0.82,5.0,27.0,17.0,2.0,11.0,6.0,0.0,-1.0,1.0,-0.0,1.0,-0.0,0.535,0.545,0.585,0.53,0.49,0.5,2021-06-03,2021-05-25,2021-05-18,2021-06-04,2021-05-31,2021-05-20,0.039,0.028,0.0,0.027,0.022,100.0,2021-05-10,2020-12-22,1999-01-01,2021-01-18,2020-11-02,1999-01-01,0.125,0.003,0.0,0.002,-0.073,100.0,2021-04-26,2021-01-14,1999-01-01,2021-01-22,2020-11-04,1999-01-01,0.119,0.034,0.0,0.016,-0.068,100.0,2021-04-19,2020-12-21,1999-01-01,2021-01-26,2020-10-07,1999-01-01,0.174,0.033,0.0,0.016,-0.097,100.0,2021-04-21,2020-12-23,1999-01-01,2021-01-25,2020-10-14,1999-01-01,0.001,0.013,-0.006,-0.027,-0.002,-0.008,2021-03-29,2021-02-08,2020-12-24,2021-05-03,2021-03-09,2021-01-07,0.017,0.001,0.021,-0.033,-0.009,-0.026,2021-05-27,2021-03-29,2021-02-04,2021-04-26,2021-03-05,2020-12-11,0.002,0.025,0.029,-0.043,-0.007,-0.035,2021-03-29,2021-02-05,2020-11-16,2021-04-27,2021-03-09,2020-12-17,-0.002,0.015,0.017,-0.026,-0.003,-0.017,2021-03-24,2021-02-05,2020-11-12,2021-04-27,2021-03-11,2020-12-18,2472100.0,2853400.0,1240000.0,6.89,-0.92,-24.43,0.035,0.034,0.034,-0.04,0.03,-0.003,0.002,0.008,0.01,-0.015,-0.001,-0.006,0.03397,0.03012,0.02871,-0.03402,0.03075,-0.00139,57.442,49.37,0.0,41.274,38.349,100.0,34.72,26.341,9.083,15.424,0.0,0.0,65.545,72.433,73.665,29.551,58.82,41.452,2021-04-13,2021-03-02,2020-12-03,2021-05-31,2021-03-23,2021-01-20,42,89,8007,69,62,118,2021-03-15,2020-11-19,1999-01-01,2021-05-17,2020-12-29,1999-01-01,2021-05-25,2021-05-18,2021-05-11,2021-05-31,2021-05-20,2021-05-17,2021-04-09,2021-02-18,2020-11-26,2021-05-18,2021-03-15,2021-01-06,,,,,,,,,,Life.BullStart,Life.Bull,Life.BullRetrace,Life.BullEnd,Life.BullStart,,
2021-06-08,RL,3.6,15.0,3.2,16.88,0.06,1.48,0,0,0,-,0,0,0,0.53827,,,,,0.57337,0.60372,0.59106,0.55151,0.05709,,,0.00881,,,0.02856,,,0.00167,,,0.0572,,,0.02166,,,0.00011,-0.02853,0.02864,0.00864,,,0.53845,0.57566,-0.03721,-0.0352,-0.03606,0.00086,,,,,2.55,-18.48,23.11,-2.17,11.07,-10.63,2.79,-12.66,4.0,27.0,32.0,8.0,21.0,17.0,7.0,11.0,0.0049,0.0,0.01026,-0.01026,1.0,50.0,44.35937,,,20.449,59.96772,54.51371,,,75.81773,76.92042,43.47306,43.40918,,43.473,0.03606,0.03596,,,,,,,0.15,,,,,0.789,0.663,0.607,0.524,0.662,0.602,2021-04-15,2021-03-19,2021-02-24,2021-05-28,2021-03-23,2021-03-04,2.72,-33.59,19.18,-0.15,10.13,-0.82,6.0,27.0,17.0,2.0,11.0,6.0,0.0,-1.0,1.0,-0.0,1.0,-0.0,0.535,0.545,0.585,0.53,0.49,0.5,2021-06-03,2021-05-25,2021-05-18,2021-06-04,2021-05-31,2021-05-20,0.039,0.028,0.0,0.027,0.022,100.0,2021-05-10,2020-12-22,1999-01-01,2021-01-18,2020-11-02,1999-01-01,0.125,0.003,0.0,0.002,-0.073,100.0,2021-04-26,2021-01-14,1999-01-01,2021-01-22,2020-11-04,1999-01-01,0.119,0.034,0.0,0.016,-0.068,100.0,2021-04-19,2020-12-21,1999-01-01,2021-01-26,2020-10-07,1999-01-01,0.174,0.033,0.0,0.016,-0.097,100.0,2021-04-21,2020-12-23,1999-01-01,2021-01-25,2020-10-14,1999-01-01,0.001,0.013,-0.006,-0.027,-0.002,-0.008,2021-03-29,2021-02-08,2020-12-24,2021-05-03,2021-03-09,2021-01-07,0.017,0.001,0.021,-0.033,-0.009,-0.026,2021-05-27,2021-03-29,2021-02-04,2021-04-26,2021-03-05,2020-12-11,0.002,0.025,0.029,-0.043,-0.007,-0.035,2021-03-29,2021-02-05,2020-11-16,2021-04-27,2021-03-09,2020-12-17,-0.002,0.015,0.017,-0.026,-0.003,-0.017,2021-03-24,2021-02-05,2020-11-12,2021-04-27,2021-03-11,2020-12-18,2853400.0,1240000.0,1781600.0,-0.92,-24.43,-10.52,0.035,0.034,0.034,-0.04,0.03,-0.003,0.002,0.008,0.01,-0.015,-0.001,-0.006,0.03397,0.03012,0.02871,-0.03402,0.03075,-0.00139,43.473,57.442,49.37,41.274,38.349,100.0,34.72,26.341,9.083,15.424,0.0,0.0,65.545,72.433,73.665,29.551,58.82,41.452,2021-04-13,2021-03-02,2020-12-03,2021-05-31,2021-03-23,2021-01-20,42,89,8007,69,62,118,2021-06-08,2021-03-15,2020-11-19,2021-05-17,2020-12-29,1999-01-01,2021-05-25,2021-05-18,2021-05-11,2021-05-31,2021-05-20,2021-05-17,2021-04-09,2021-02-18,2020-11-26,2021-05-18,2021-03-15,2021-01-06,,,,,,,,,,Life.Bull,Life.BullRetrace,Life.BullEnd,Life.BullStart,Life.BullEnd,,
2021-06-09,RL,3.6,15.0,3.2,16.88,0.06,1.48,0,0,0,-,0,0,0,0.54316,,,,,0.57041,0.60103,0.58995,0.55134,0.05444,,,0.00949,,,0.02734,,,-0.00158,,,0.05452,,,0.02197,,,8e-05,-0.02711,0.02718,0.00873,,0.009,0.53792,0.57265,-0.03472,-0.03367,-0.03558,0.00191,,,,,1.63,-18.48,23.11,-2.17,11.07,-10.63,2.79,-12.66,3.0,27.0,32.0,8.0,21.0,17.0,7.0,11.0,0.0,0.0,0.00671,-0.01026,0.6546,39.56229,45.75995,,,10.01129,59.96772,57.26796,,,67.98654,73.52925,43.47016,43.45607,,,0.0349,0.03557,,,,,,,0.15,,,,,0.789,0.663,0.607,0.524,0.662,0.602,2021-04-15,2021-03-19,2021-02-24,2021-05-28,2021-03-23,2021-03-04,3.66,-33.59,19.18,-0.15,10.13,-0.82,7.0,27.0,17.0,2.0,11.0,6.0,1.0,-1.0,1.0,-0.0,1.0,-0.0,0.535,0.545,0.585,0.53,0.49,0.5,2021-06-03,2021-05-25,2021-05-18,2021-06-04,2021-05-31,2021-05-20,0.039,0.028,0.0,0.027,0.022,100.0,2021-05-10,2020-12-22,1999-01-01,2021-01-18,2020-11-02,1999-01-01,0.125,0.003,0.0,0.002,-0.073,100.0,2021-04-26,2021-01-14,1999-01-01,2021-01-22,2020-11-04,1999-01-01,0.119,0.034,0.0,0.016,-0.068,100.0,2021-04-19,2020-12-21,1999-01-01,2021-01-26,2020-10-07,1999-01-01,0.174,0.033,0.0,0.016,-0.097,100.0,2021-04-21,2020-12-23,1999-01-01,2021-01-25,2020-10-14,1999-01-01,0.001,0.013,-0.006,-0.027,-0.002,-0.008,2021-03-29,2021-02-08,2020-12-24,2021-05-03,2021-03-09,2021-01-07,0.017,0.001,0.021,-0.033,-0.009,-0.026,2021-05-27,2021-03-29,2021-02-04,2021-04-26,2021-03-05,2020-12-11,0.002,0.025,0.029,-0.043,-0.007,-0.035,2021-03-29,2021-02-05,2020-11-16,2021-04-27,2021-03-09,2020-12-17,0.009,-0.002,0.015,-0.026,-0.003,-0.017,2021-06-09,2021-03-24,2021-02-05,2021-04-27,2021-03-11,2020-12-18,1240000.0,1781600.0,1653600.0,-24.43,-10.52,-20.42,0.035,0.034,0.034,-0.04,0.03,-0.003,0.002,0.008,0.01,-0.015,-0.001,-0.006,0.03397,0.03012,0.02871,-0.03402,0.03075,-0.00139,43.473,57.442,49.37,41.274,38.349,100.0,34.72,26.341,9.083,15.424,0.0,0.0,65.545,72.433,73.665,29.551,58.82,41.452,2021-04-13,2021-03-02,2020-12-03,2021-05-31,2021-03-23,2021-01-20,42,89,8007,69,62,118,2021-06-08,2021-03-15,2020-11-19,2021-05-17,2020-12-29,1999-01-01,2021-05-25,2021-05-18,2021-05-11,2021-05-31,2021-05-20,2021-05-17,2021-04-09,2021-02-18,2020-11-26,2021-05-18,2021-03-15,2021-01-06,,,,,,,,,,Life.Bull,Life.BullRetrace,Life.BullEnd,Life.BullStart,Life.BullEnd,,
2021-06-10,RL,3.6,15.14,3.2,17.03,0.06,1.47,0,0,0,-,0,0,0,0.54744,,,,,0.56808,0.59863,0.58896,0.55123,0.05193,,,0.00999,,,0.02594,,,-0.0047,,,0.05205,,,0.02218,,,0.00011,-0.026,0.02611,0.00872,,,0.53824,0.57023,-0.03199,-0.03205,-0.03487,0.00282,,,,,0.83,-18.48,23.11,-2.17,11.07,-10.63,2.79,-12.66,2.0,27.0,32.0,8.0,21.0,17.0,7.0,11.0,0.005,0.0,0.00707,-0.00636,1.11111,52.63158,47.00929,,,23.08058,84.18259,68.03934,,,65.62617,69.81015,43.41399,43.4524,,,0.03347,0.03517,,,,,,,0.15,,,,,0.789,0.663,0.607,0.524,0.662,0.602,2021-04-15,2021-03-19,2021-02-24,2021-05-28,2021-03-23,2021-03-04,4.47,-33.59,19.18,-0.15,10.13,-0.82,8.0,27.0,17.0,2.0,11.0,6.0,1.0,-1.0,1.0,-0.0,1.0,-0.0,0.535,0.545,0.585,0.53,0.49,0.5,2021-06-03,2021-05-25,2021-05-18,2021-06-04,2021-05-31,2021-05-20,0.039,0.028,0.0,0.027,0.022,100.0,2021-05-10,2020-12-22,1999-01-01,2021-01-18,2020-11-02,1999-01-01,0.125,0.003,0.0,0.002,-0.073,100.0,2021-04-26,2021-01-14,1999-01-01,2021-01-22,2020-11-04,1999-01-01,0.119,0.034,0.0,0.016,-0.068,100.0,2021-04-19,2020-12-21,1999-01-01,2021-01-26,2020-10-07,1999-01-01,0.174,0.033,0.0,0.016,-0.097,100.0,2021-04-21,2020-12-23,1999-01-01,2021-01-25,2020-10-14,1999-01-01,0.001,0.013,-0.006,-0.027,-0.002,-0.008,2021-03-29,2021-02-08,2020-12-24,2021-05-03,2021-03-09,2021-01-07,0.017,0.001,0.021,-0.033,-0.009,-0.026,2021-05-27,2021-03-29,2021-02-04,2021-04-26,2021-03-05,2020-12-11,0.002,0.025,0.029,-0.043,-0.007,-0.035,2021-03-29,2021-02-05,2020-11-16,2021-04-27,2021-03-09,2020-12-17,0.009,-0.002,0.015,-0.026,-0.003,-0.017,2021-06-09,2021-03-24,2021-02-05,2021-04-27,2021-03-11,2020-12-18,1781600.0,1653600.0,781800.0,-10.52,-20.42,-9.8,0.035,0.034,0.034,-0.04,0.03,-0.003,0.002,0.008,0.01,-0.015,-0.001,-0.006,0.03397,0.03012,0.02871,-0.03402,0.03075,-0.00139,43.473,57.442,49.37,41.274,38.349,100.0,34.72,26.341,9.083,15.424,0.0,0.0,65.545,72.433,73.665,29.551,58.82,41.452,2021-04-13,2021-03-02,2020-12-03,2021-05-31,2021-03-23,2021-01-20,42,89,8007,69,62,118,2021-06-08,2021-03-15,2020-11-19,2021-05-17,2020-12-29,1999-01-01,2021-05-25,2021-05-18,2021-05-11,2021-05-31,2021-05-20,2021-05-17,2021-04-09,2021-02-18,2020-11-26,2021-05-18,2021-03-15,2021-01-06,,,,,,,,,,Life.Bull,Life.BullRetrace,Life.BullEnd,Life.BullStart,Life.BullEnd,,
2021-06-11,RL,3.6,15.42,3.2,17.34,0.05,1.44,0,0,0,-,0,0,0,0.55039,,,,,0.56668,0.59672,0.58818,0.55122,0.04956,,,0.01034,,,0.0243,,,-0.00758,,,0.04977,,,0.0223,,,0.00021,-0.02527,0.02548,0.00864,,,0.54003,0.56872,-0.02869,-0.03042,-0.03398,0.00357,,,,,0.29,-18.48,23.11,-2.17,11.07,-10.63,2.79,-12.66,1.0,27.0,32.0,8.0,21.0,17.0,7.0,11.0,0.0099,0.0,0.00778,-0.00424,1.83333,64.70588,48.06989,,,35.15488,94.69214,79.61415,,94.692,70.25411,67.95561,43.30205,43.3954,,,0.0325,0.03476,,,,,,,0.15,,,,,0.789,0.663,0.607,0.524,0.662,0.602,2021-04-15,2021-03-19,2021-02-24,2021-05-28,2021-03-23,2021-03-04,5.04,-33.59,19.18,-0.15,10.13,-0.82,9.0,27.0,17.0,2.0,11.0,6.0,1.0,-1.0,1.0,-0.0,1.0,-0.0,0.535,0.545,0.585,0.53,0.49,0.5,2021-06-03,2021-05-25,2021-05-18,2021-06-04,2021-05-31,2021-05-20,0.039,0.028,0.0,0.027,0.022,100.0,2021-05-10,2020-12-22,1999-01-01,2021-01-18,2020-11-02,1999-01-01,0.125,0.003,0.0,0.002,-0.073,100.0,2021-04-26,2021-01-14,1999-01-01,2021-01-22,2020-11-04,1999-01-01,0.119,0.034,0.0,0.016,-0.068,100.0,2021-04-19,2020-12-21,1999-01-01,2021-01-26,2020-10-07,1999-01-01,0.174,0.033,0.0,0.016,-0.097,100.0,2021-04-21,2020-12-23,1999-01-01,2021-01-25,2020-10-14,1999-01-01,0.001,0.013,-0.006,-0.027,-0.002,-0.008,2021-03-29,2021-02-08,2020-12-24,2021-05-03,2021-03-09,2021-01-07,0.017,0.001,0.021,-0.033,-0.009,-0.026,2021-05-27,2021-03-29,2021-02-04,2021-04-26,2021-03-05,2020-12-11,0.002,0.025,0.029,-0.043,-0.007,-0.035,2021-03-29,2021-02-05,2020-11-16,2021-04-27,2021-03-09,2020-12-17,0.009,-0.002,0.015,-0.026,-0.003,-0.017,2021-06-09,2021-03-24,2021-02-05,2021-04-27,2021-03-11,2020-12-18,1653600.0,781800.0,2713200.0,-20.42,-9.8,22.09,0.035,0.034,0.034,-0.04,0.03,-0.003,0.002,0.008,0.01,-0.015,-0.001,-0.006,0.03397,0.03012,0.02871,-0.03402,0.03075,-0.00139,43.473,57.442,49.37,41.274,38.349,100.0,94.692,34.72,26.341,15.424,0.0,0.0,65.545,72.433,73.665,29.551,58.82,41.452,2021-04-13,2021-03-02,2020-12-03,2021-05-31,2021-03-23,2021-01-20,42,89,8007,69,62,118,2021-06-08,2021-03-15,2020-11-19,2021-05-17,2020-12-29,1999-01-01,2021-06-11,2021-05-25,2021-05-18,2021-05-31,2021-05-20,2021-05-17,2021-04-09,2021-02-18,2020-11-26,2021-05-18,2021-03-15,2021-01-06,,,,,,,,,,Life.Bull,Life.BullRetrace,Life.BullEnd,Life.BullStart,Life.BullEnd,,
2021-06-14,RL,3.6,16.11,3.2,18.12,0.05,1.38,0,0,0,-,0,0,0,0.55185,,0.552,,,0.56729,0.59586,0.58792,0.55145,0.04732,,,0.01054,,,0.02235,,,-0.0101,,,0.0477,,,0.02235,,0.022,0.00038,-0.02497,0.02534,0.00852,,,0.54537,0.56917,-0.0238,-0.02881,-0.03295,0.00414,,,,,-18.46,23.11,-2.17,11.07,-10.63,2.79,-12.66,9.73,27.0,32.0,8.0,21.0,17.0,7.0,11.0,12.0,0.0248,0.0,0.00849,-0.00424,2.00168,66.68536,48.90477,,,37.13436,85.20179,88.02551,85.202,,75.61697,70.49908,43.1325,43.28285,,,0.03371,0.03433,,,,,,,0.15,,,,,0.552,0.789,0.663,0.524,0.662,0.602,2021-06-14,2021-04-15,2021-03-19,2021-05-28,2021-03-23,2021-03-04,0.0,5.34,-33.59,19.18,-0.15,10.13,0.0,10.0,27.0,17.0,2.0,11.0,0.0,1.0,-1.0,1.0,-0.0,1.0,0.535,0.545,0.585,0.53,0.49,0.5,2021-06-03,2021-05-25,2021-05-18,2021-06-04,2021-05-31,2021-05-20,0.039,0.028,0.0,0.027,0.022,100.0,2021-05-10,2020-12-22,1999-01-01,2021-01-18,2020-11-02,1999-01-01,0.125,0.003,0.0,0.002,-0.073,100.0,2021-04-26,2021-01-14,1999-01-01,2021-01-22,2020-11-04,1999-01-01,0.119,0.034,0.0,0.016,-0.068,100.0,2021-04-19,2020-12-21,1999-01-01,2021-01-26,2020-10-07,1999-01-01,0.174,0.033,0.0,0.016,-0.097,100.0,2021-04-21,2020-12-23,1999-01-01,2021-01-25,2020-10-14,1999-01-01,0.001,0.013,-0.006,-0.027,-0.002,-0.008,2021-03-29,2021-02-08,2020-12-24,2021-05-03,2021-03-09,2021-01-07,0.017,0.001,0.021,-0.033,-0.009,-0.026,2021-05-27,2021-03-29,2021-02-04,2021-04-26,2021-03-05,2020-12-11,0.022,0.002,0.025,-0.043,-0.007,-0.035,2021-06-14,2021-03-29,2021-02-05,2021-04-27,2021-03-09,2020-12-17,0.009,-0.002,0.015,-0.026,-0.003,-0.017,2021-06-09,2021-03-24,2021-02-05,2021-04-27,2021-03-11,2020-12-18,781800.0,2713200.0,5138400.0,-9.8,22.09,67.68,0.035,0.034,0.034,-0.04,0.03,-0.003,0.002,0.008,0.01,-0.015,-0.001,-0.006,0.03397,0.03012,0.02871,-0.03402,0.03075,-0.00139,43.473,57.442,49.37,41.274,38.349,100.0,94.692,34.72,26.341,85.202,15.424,0.0,65.545,72.433,73.665,29.551,58.82,41.452,2021-04-13,2021-03-02,2020-12-03,2021-05-31,2021-03-23,2021-01-20,42,89,8007,69,62,118,2021-06-08,2021-03-15,2020-11-19,2021-05-17,2020-12-29,1999-01-01,2021-06-11,2021-05-25,2021-05-18,2021-06-14,2021-05-31,2021-05-20,2021-04-09,2021-02-18,2020-11-26,2021-05-18,2021-03-15,2021-01-06,,5138400.0,,,,,,,p2p,Life.Bull,Life.BullRetrace,Life.BullEnd,Life.BullStart,Life.BullEnd,,
2021-06-15,RL,3.6,16.25,3.2,18.28,0.05,1.37,0,0,0,-,0,0,0,0.55181,,,,0.58,0.56824,0.59522,0.58775,0.55173,0.0452,,,0.01063,,,0.02007,,,-0.01216,,,0.04583,,,0.02234,,,0.00063,-0.02513,0.02575,0.00837,,,0.55063,0.56994,-0.0193,-0.02728,-0.03182,0.00453,,,,,-18.45,23.11,-2.17,11.07,-10.63,2.79,-12.66,9.73,26.0,32.0,8.0,21.0,17.0,7.0,11.0,12.0,0.0049,0.0,0.00778,-0.00424,1.83333,64.70588,49.4851,,,35.15488,88.86398,89.58597,,88.864,79.04078,74.97062,42.90546,43.11334,,,0.03272,0.0339,,,,,,,0.15,,,,,0.552,0.789,0.663,0.524,0.662,0.602,2021-06-14,2021-04-15,2021-03-19,2021-05-28,2021-03-23,2021-03-04,-0.03,5.34,-33.59,19.18,-0.15,10.13,1.0,10.0,27.0,17.0,2.0,11.0,-0.0,1.0,-1.0,1.0,-0.0,1.0,0.58,0.535,0.545,0.53,0.49,0.5,2021-06-15,2021-06-03,2021-05-25,2021-06-04,2021-05-31,2021-05-20,0.039,0.028,0.0,0.027,0.022,100.0,2021-05-10,2020-12-22,1999-01-01,2021-01-18,2020-11-02,1999-01-01,0.125,0.003,0.0,0.002,-0.073,100.0,2021-04-26,2021-01-14,1999-01-01,2021-01-22,2020-11-04,1999-01-01,0.119,0.034,0.0,0.016,-0.068,100.0,2021-04-19,2020-12-21,1999-01-01,2021-01-26,2020-10-07,1999-01-01,0.174,0.033,0.0,0.016,-0.097,100.0,2021-04-21,2020-12-23,1999-01-01,2021-01-25,2020-10-14,1999-01-01,0.001,0.013,-0.006,-0.027,-0.002,-0.008,2021-03-29,2021-02-08,2020-12-24,2021-05-03,2021-03-09,2021-01-07,0.017,0.001,0.021,-0.033,-0.009,-0.026,2021-05-27,2021-03-29,2021-02-04,2021-04-26,2021-03-05,2020-12-11,0.022,0.002,0.025,-0.043,-0.007,-0.035,2021-06-14,2021-03-29,2021-02-05,2021-04-27,2021-03-09,2020-12-17,0.009,-0.002,0.015,-0.026,-0.003,-0.017,2021-06-09,2021-03-24,2021-02-05,2021-04-27,2021-03-11,2020-12-18,2713200.0,5138400.0,1555800.0,22.09,67.68,8.97,0.035,0.034,0.034,-0.04,0.03,-0.003,0.002,0.008,0.01,-0.015,-0.001,-0.006,0.03397,0.03012,0.02871,-0.03402,0.03075,-0.00139,43.473,57.442,49.37,41.274,38.349,100.0,88.864,94.692,34.72,85.202,15.424,0.0,65.545,72.433,73.665,29.551,58.82,41.452,2021-04-13,2021-03-02,2020-12-03,2021-05-31,2021-03-23,2021-01-20,42,89,8007,69,62,118,2021-06-08,2021-03-15,2020-11-19,2021-05-17,2020-12-29,1999-01-01,2021-06-15,2021-06-11,2021-05-25,2021-06-14,2021-05-31,2021-05-20,2021-04-09,2021-02-18,2020-11-26,2021-05-18,2021-03-15,2021-01-06,,,,,,,,p2p,,Life.Bull,Life.BullRetrace,Life.BullEnd,Life.BullStart,Life.BullEnd,,
2021-06-16,RL,3.6,15.97,3.2,17.97,0.05,1.39,0,0,0,-,0,0,0,0.55019,,,,,0.56835,0.59422,0.58739,0.55191,0.04319,,,0.01064,,0.011,0.01744,,,-0.01367,,,0.04417,,,0.02228,,,0.00098,-0.02575,0.02673,0.00822,,,0.55357,0.56992,-0.01635,-0.02588,-0.03063,0.00475,,,,,-18.21,23.11,-2.17,11.07,-10.63,2.79,-12.66,9.73,25.0,32.0,8.0,21.0,17.0,7.0,11.0,12.0,-0.0,-0.0099,0.00671,-0.00495,1.35642,57.56277,49.78991,,,28.01177,81.46487,85.17688,,,69.94126,74.86634,42.62321,42.88706,,,0.03286,0.03347,,,,,,,0.15,,,,,0.552,0.789,0.663,0.524,0.662,0.602,2021-06-14,2021-04-15,2021-03-19,2021-05-28,2021-03-23,2021-03-04,-0.33,5.34,-33.59,19.18,-0.15,10.13,2.0,10.0,27.0,17.0,2.0,11.0,-0.0,1.0,-1.0,1.0,-0.0,1.0,0.58,0.535,0.545,0.53,0.49,0.5,2021-06-15,2021-06-03,2021-05-25,2021-06-04,2021-05-31,2021-05-20,0.039,0.028,0.0,0.027,0.022,100.0,2021-05-10,2020-12-22,1999-01-01,2021-01-18,2020-11-02,1999-01-01,0.125,0.003,0.0,0.002,-0.073,100.0,2021-04-26,2021-01-14,1999-01-01,2021-01-22,2020-11-04,1999-01-01,0.119,0.034,0.0,0.016,-0.068,100.0,2021-04-19,2020-12-21,1999-01-01,2021-01-26,2020-10-07,1999-01-01,0.174,0.033,0.0,0.016,-0.097,100.0,2021-04-21,2020-12-23,1999-01-01,2021-01-25,2020-10-14,1999-01-01,0.011,0.001,0.013,-0.027,-0.002,-0.008,2021-06-16,2021-03-29,2021-02-08,2021-05-03,2021-03-09,2021-01-07,0.017,0.001,0.021,-0.033,-0.009,-0.026,2021-05-27,2021-03-29,2021-02-04,2021-04-26,2021-03-05,2020-12-11,0.022,0.002,0.025,-0.043,-0.007,-0.035,2021-06-14,2021-03-29,2021-02-05,2021-04-27,2021-03-09,2020-12-17,0.009,-0.002,0.015,-0.026,-0.003,-0.017,2021-06-09,2021-03-24,2021-02-05,2021-04-27,2021-03-11,2020-12-18,5138400.0,1555800.0,3408800.0,67.68,8.97,7.39,0.035,0.034,0.034,-0.04,0.03,-0.003,0.002,0.008,0.01,-0.015,-0.001,-0.006,0.03397,0.03012,0.02871,-0.03402,0.03075,-0.00139,43.473,57.442,49.37,41.274,38.349,100.0,88.864,94.692,34.72,85.202,15.424,0.0,65.545,72.433,73.665,29.551,58.82,41.452,2021-04-13,2021-03-02,2020-12-03,2021-05-31,2021-03-23,2021-01-20,42,89,8007,69,62,118,2021-06-08,2021-03-15,2020-11-19,2021-05-17,2020-12-29,1999-01-01,2021-06-15,2021-06-11,2021-05-25,2021-06-14,2021-05-31,2021-05-20,2021-04-09,2021-02-18,2020-11-26,2021-05-18,2021-03-15,2021-01-06,,,,,,,p2p,,,Life.Bull,Life.BullRetrace,Life.BullEnd,Life.BullStart,Life.BullEnd,,
2021-06-17,RL,3.6,15.56,3.2,17.5,0.05,1.43,0,0,0,-,0,0,0,0.54689,,,,,0.56732,0.59268,0.58675,0.55194,0.04127,,,0.01058,,,0.01445,,,-0.01459,,,0.04273,,,0.02216,,,0.00146,-0.02683,0.02828,0.00808,,,0.55377,0.56881,-0.01504,-0.02463,-0.02943,0.0048,,,,0.005,-17.72,23.11,-2.17,11.07,-10.63,2.79,-12.66,9.73,24.0,32.0,8.0,21.0,17.0,7.0,11.0,12.0,-0.0,-0.0148,0.00671,-0.00529,1.26856,55.9191,49.80798,,49.808,26.3681,70.40359,80.24415,,,57.26647,68.7495,42.29005,42.60624,,,0.03228,0.03303,,,,,,,0.15,,,,,0.552,0.789,0.663,0.524,0.662,0.602,2021-06-14,2021-04-15,2021-03-19,2021-05-28,2021-03-23,2021-03-04,-0.93,5.34,-33.59,19.18,-0.15,10.13,3.0,10.0,27.0,17.0,2.0,11.0,-0.0,1.0,-1.0,1.0,-0.0,1.0,0.58,0.535,0.545,0.53,0.49,0.5,2021-06-15,2021-06-03,2021-05-25,2021-06-04,2021-05-31,2021-05-20,0.039,0.028,0.0,0.027,0.022,100.0,2021-05-10,2020-12-22,1999-01-01,2021-01-18,2020-11-02,1999-01-01,0.125,0.003,0.0,0.002,-0.073,100.0,2021-04-26,2021-01-14,1999-01-01,2021-01-22,2020-11-04,1999-01-01,0.119,0.034,0.0,0.016,-0.068,100.0,2021-04-19,2020-12-21,1999-01-01,2021-01-26,2020-10-07,1999-01-01,0.174,0.033,0.0,0.016,-0.097,100.0,2021-04-21,2020-12-23,1999-01-01,2021-01-25,2020-10-14,1999-01-01,0.011,0.001,0.013,-0.027,-0.002,-0.008,2021-06-16,2021-03-29,2021-02-08,2021-05-03,2021-03-09,2021-01-07,0.017,0.001,0.021,-0.033,-0.009,-0.026,2021-05-27,2021-03-29,2021-02-04,2021-04-26,2021-03-05,2020-12-11,0.022,0.002,0.025,-0.043,-0.007,-0.035,2021-06-14,2021-03-29,2021-02-05,2021-04-27,2021-03-09,2020-12-17,0.009,-0.002,0.015,-0.026,-0.003,-0.017,2021-06-09,2021-03-24,2021-02-05,2021-04-27,2021-03-11,2020-12-18,1555800.0,3408800.0,1765000.0,8.97,7.39,-33.39,0.035,0.034,0.034,-0.04,0.03,-0.003,0.005,0.002,0.008,-0.015,-0.001,-0.006,0.03397,0.03012,0.02871,-0.03402,0.03075,-0.00139,43.473,57.442,49.37,41.274,38.349,100.0,88.864,94.692,34.72,85.202,15.424,0.0,49.808,65.545,72.433,29.551,58.82,41.452,2021-04-13,2021-03-02,2020-12-03,2021-05-31,2021-03-23,2021-01-20,42,89,8007,69,62,118,2021-06-08,2021-03-15,2020-11-19,2021-05-17,2020-12-29,1999-01-01,2021-06-15,2021-06-11,2021-05-25,2021-06-14,2021-05-31,2021-05-20,2021-06-17,2021-04-09,2021-02-18,2021-05-18,2021-03-15,2021-01-06,,,-1765000.0,,,p2p,,,p2n,Life.Bull,Life.BullRetrace,Life.BullEnd,Life.BullStart,Life.BullEnd,,
2021-06-18,RL,3.6,15.0,3.2,16.88,0.06,1.48,0,0,0,-,0,0,0,0.542,,,,,0.56483,0.59042,0.58573,0.55177,0.03945,,,0.01048,,,0.01111,,,-0.01488,-0.015,,0.04152,,,0.02198,,,0.00206,-0.02834,0.03041,0.00797,,,0.55088,0.5663,-0.01542,-0.02355,-0.02825,0.0047,,,,,-16.97,23.11,-2.17,11.07,-10.63,2.79,-12.66,9.73,23.0,32.0,8.0,21.0,17.0,7.0,11.0,12.0,-0.0,-0.0199,0.00671,-0.00495,1.35642,57.56277,49.54198,,,7.75477,55.53064,69.13303,,,34.18159,53.79644,41.91215,42.27514,,,0.03174,0.03259,,,,,,,0.15,,,,,0.552,0.789,0.663,0.524,0.662,0.602,2021-06-14,2021-04-15,2021-03-19,2021-05-28,2021-03-23,2021-03-04,-1.81,5.34,-33.59,19.18,-0.15,10.13,4.0,10.0,27.0,17.0,2.0,11.0,-0.0,1.0,-1.0,1.0,-0.0,1.0,0.58,0.535,0.545,0.53,0.49,0.5,2021-06-15,2021-06-03,2021-05-25,2021-06-04,2021-05-31,2021-05-20,0.039,0.028,0.0,0.027,0.022,100.0,2021-05-10,2020-12-22,1999-01-01,2021-01-18,2020-11-02,1999-01-01,0.125,0.003,0.0,0.002,-0.073,100.0,2021-04-26,2021-01-14,1999-01-01,2021-01-22,2020-11-04,1999-01-01,0.119,0.034,0.0,0.016,-0.068,100.0,2021-04-19,2020-12-21,1999-01-01,2021-01-26,2020-10-07,1999-01-01,0.174,0.033,0.0,0.016,-0.097,100.0,2021-04-21,2020-12-23,1999-01-01,2021-01-25,2020-10-14,1999-01-01,0.011,0.001,0.013,-0.027,-0.002,-0.008,2021-06-16,2021-03-29,2021-02-08,2021-05-03,2021-03-09,2021-01-07,0.017,0.001,0.021,-0.015,-0.033,-0.009,2021-05-27,2021-03-29,2021-02-04,2021-06-18,2021-04-26,2021-03-05,0.022,0.002,0.025,-0.043,-0.007,-0.035,2021-06-14,2021-03-29,2021-02-05,2021-04-27,2021-03-09,2020-12-17,0.009,-0.002,0.015,-0.026,-0.003,-0.017,2021-06-09,2021-03-24,2021-02-05,2021-04-27,2021-03-11,2020-12-18,3408800.0,1765000.0,3239700.0,7.39,-33.39,25.02,0.035,0.034,0.034,-0.04,0.03,-0.003,0.005,0.002,0.008,-0.015,-0.001,-0.006,0.03397,0.03012,0.02871,-0.03402,0.03075,-0.00139,43.473,57.442,49.37,41.274,38.349,100.0,88.864,94.692,34.72,85.202,15.424,0.0,49.808,65.545,72.433,29.551,58.82,41.452,2021-04-13,2021-03-02,2020-12-03,2021-05-31,2021-03-23,2021-01-20,42,89,8007,69,62,118,2021-06-08,2021-03-15,2020-11-19,2021-05-17,2020-12-29,1999-01-01,2021-06-15,2021-06-11,2021-05-25,2021-06-14,2021-05-31,2021-05-20,2021-06-17,2021-04-09,2021-02-18,2021-05-18,2021-03-15,2021-01-06,-3239700.0,,,,p2p,,,p2n,n2p,Life.Bull,Life.BullRetrace,Life.BullEnd,Life.BullStart,Life.BullEnd,,
2021-06-21,RL,3.6,14.44,3.2,16.25,0.06,1.54,0,0,0,-,0,0,0,0.53586,,,0.515,,0.56101,0.58747,0.58433,0.55141,0.03772,,,0.01038,,,0.00745,,,-0.01452,,,0.04054,,,0.02174,,,0.00282,-0.03026,0.03309,0.00787,,,0.54539,0.56252,-0.01712,-0.02266,-0.02713,0.00447,,,,,-16.02,23.11,-2.17,11.07,-10.63,2.79,-12.66,9.73,22.0,32.0,8.0,21.0,17.0,7.0,11.0,12.0,-0.0,-0.0198,0.00671,-0.00495,1.35642,57.56277,49.00823,,,7.75477,33.3053,53.07984,,,13.68469,35.04425,41.49679,41.89966,,,0.03089,0.03214,,,,,,,0.15,,,,,0.552,0.789,0.663,0.524,0.662,0.602,2021-06-14,2021-04-15,2021-03-19,2021-05-28,2021-03-23,2021-03-04,-2.92,5.34,-33.59,19.18,-0.15,10.13,5.0,10.0,27.0,17.0,2.0,11.0,-1.0,1.0,-1.0,1.0,-0.0,1.0,0.58,0.535,0.545,0.515,0.53,0.49,2021-06-15,2021-06-03,2021-05-25,2021-06-21,2021-06-04,2021-05-31,0.039,0.028,0.0,0.027,0.022,100.0,2021-05-10,2020-12-22,1999-01-01,2021-01-18,2020-11-02,1999-01-01,0.125,0.003,0.0,0.002,-0.073,100.0,2021-04-26,2021-01-14,1999-01-01,2021-01-22,2020-11-04,1999-01-01,0.119,0.034,0.0,0.016,-0.068,100.0,2021-04-19,2020-12-21,1999-01-01,2021-01-26,2020-10-07,1999-01-01,0.174,0.033,0.0,0.016,-0.097,100.0,2021-04-21,2020-12-23,1999-01-01,2021-01-25,2020-10-14,1999-01-01,0.011,0.001,0.013,-0.027,-0.002,-0.008,2021-06-16,2021-03-29,2021-02-08,2021-05-03,2021-03-09,2021-01-07,0.017,0.001,0.021,-0.015,-0.033,-0.009,2021-05-27,2021-03-29,2021-02-04,2021-06-18,2021-04-26,2021-03-05,0.022,0.002,0.025,-0.043,-0.007,-0.035,2021-06-14,2021-03-29,2021-02-05,2021-04-27,2021-03-09,2020-12-17,0.009,-0.002,0.015,-0.026,-0.003,-0.017,2021-06-09,2021-03-24,2021-02-05,2021-04-27,2021-03-11,2020-12-18,1765000.0,3239700.0,2764600.0,-33.39,25.02,-7.66,0.035,0.034,0.034,-0.04,0.03,-0.003,0.005,0.002,0.008,-0.015,-0.001,-0.006,0.03397,0.03012,0.02871,-0.03402,0.03075,-0.00139,43.473,57.442,49.37,41.274,38.349,100.0,88.864,94.692,34.72,85.202,15.424,0.0,49.808,65.545,72.433,29.551,58.82,41.452,2021-04-13,2021-03-02,2020-12-03,2021-05-31,2021-03-23,2021-01-20,42,89,8007,69,62,118,2021-06-08,2021-03-15,2020-11-19,2021-05-17,2020-12-29,1999-01-01,2021-06-15,2021-06-11,2021-05-25,2021-06-14,2021-05-31,2021-05-20,2021-06-17,2021-04-09,2021-02-18,2021-05-18,2021-03-15,2021-01-06,,,,,,,p2n,n2p,,Life.Bull,Life.BullRetrace,Life.BullEnd,Life.BullStart,Life.BullEnd,,
2021-06-22,RL,3.6,14.58,3.2,16.41,0.06,1.52,0,0,0,-,0,0,0,0.52896,,,,,0.55787,0.58483,0.58306,0.55109,0.03606,,,0.01028,,,0.00352,,,-0.01354,,,0.0398,,,0.02141,,,0.00375,-0.03254,0.03629,0.0078,,,0.54152,0.55938,-0.01786,-0.02197,-0.0261,0.00413,,,,,-14.93,23.11,-2.17,11.07,-10.63,2.79,-12.66,9.73,21.0,32.0,8.0,21.0,17.0,7.0,11.0,12.0,0.005,0.0,0.00424,-0.00495,0.85714,46.15385,48.22522,,,-3.65415,11.75772,33.53122,11.758,,4.63796,17.50141,41.05147,41.4868,,,0.03081,0.0317,,,,,,,0.15,,,,,0.552,0.789,0.663,0.524,0.662,0.602,2021-06-14,2021-04-15,2021-03-19,2021-05-28,2021-03-23,2021-03-04,-4.17,5.34,-33.59,19.18,-0.15,10.13,6.0,10.0,27.0,17.0,2.0,11.0,-1.0,1.0,-1.0,1.0,-0.0,1.0,0.58,0.535,0.545,0.515,0.53,0.49,2021-06-15,2021-06-03,2021-05-25,2021-06-21,2021-06-04,2021-05-31,0.039,0.028,0.0,0.027,0.022,100.0,2021-05-10,2020-12-22,1999-01-01,2021-01-18,2020-11-02,1999-01-01,0.125,0.003,0.0,0.002,-0.073,100.0,2021-04-26,2021-01-14,1999-01-01,2021-01-22,2020-11-04,1999-01-01,0.119,0.034,0.0,0.016,-0.068,100.0,2021-04-19,2020-12-21,1999-01-01,2021-01-26,2020-10-07,1999-01-01,0.174,0.033,0.0,0.016,-0.097,100.0,2021-04-21,2020-12-23,1999-01-01,2021-01-25,2020-10-14,1999-01-01,0.011,0.001,0.013,-0.027,-0.002,-0.008,2021-06-16,2021-03-29,2021-02-08,2021-05-03,2021-03-09,2021-01-07,0.017,0.001,0.021,-0.015,-0.033,-0.009,2021-05-27,2021-03-29,2021-02-04,2021-06-18,2021-04-26,2021-03-05,0.022,0.002,0.025,-0.043,-0.007,-0.035,2021-06-14,2021-03-29,2021-02-05,2021-04-27,2021-03-09,2020-12-17,0.009,-0.002,0.015,-0.026,-0.003,-0.017,2021-06-09,2021-03-24,2021-02-05,2021-04-27,2021-03-11,2020-12-18,3239700.0,2764600.0,2882000.0,25.02,-7.66,14.38,0.035,0.034,0.034,-0.04,0.03,-0.003,0.005,0.002,0.008,-0.015,-0.001,-0.006,0.03397,0.03012,0.02871,-0.03402,0.03075,-0.00139,43.473,57.442,49.37,41.274,38.349,100.0,88.864,94.692,34.72,11.758,85.202,15.424,49.808,65.545,72.433,29.551,58.82,41.452,2021-04-13,2021-03-02,2020-12-03,2021-05-31,2021-03-23,2021-01-20,42,89,8007,69,62,118,2021-06-08,2021-03-15,2020-11-19,2021-05-17,2020-12-29,1999-01-01,2021-06-15,2021-06-11,2021-05-25,2021-06-22,2021-06-14,2021-05-31,2021-06-17,2021-04-09,2021-02-18,2021-05-18,2021-03-15,2021-01-06,,,,,,p2n,n2p,,,Life.Bull,Life.BullRetrace,Life.BullEnd,Life.BullStart,Life.BullEnd,,
2021-06-23,RL,3.6,15.14,3.2,17.03,0.06,1.47,0,0,0,-,0,0,0,0.52181,,,,0.54,0.5565,0.58307,0.58221,0.55098,0.03447,,,0.0102,,,-0.00065,,,-0.01196,,,0.03931,,,0.02098,,,0.00484,-0.03512,0.03996,0.00776,,,0.54128,0.55795,-0.01666,-0.02147,-0.02517,0.00371,,,,,-13.76,23.11,-2.17,11.07,-10.63,2.79,-12.66,9.73,20.0,32.0,8.0,21.0,17.0,7.0,11.0,12.0,0.0198,0.0,0.00566,-0.00495,1.14286,53.33333,47.21916,,,3.52533,35.27316,26.77873,,35.273,18.76839,12.36368,40.58432,41.04419,,,0.03003,0.03126,,,,,,,-0.15,,,,,0.552,0.789,0.663,0.524,0.662,0.602,2021-06-14,2021-04-15,2021-03-19,2021-05-28,2021-03-23,2021-03-04,-5.47,5.34,-33.59,19.18,-0.15,10.13,7.0,10.0,27.0,17.0,2.0,11.0,-1.0,1.0,-1.0,1.0,-0.0,1.0,0.54,0.58,0.535,0.515,0.53,0.49,2021-06-23,2021-06-15,2021-06-03,2021-06-21,2021-06-04,2021-05-31,0.039,0.028,0.0,0.027,0.022,100.0,2021-05-10,2020-12-22,1999-01-01,2021-01-18,2020-11-02,1999-01-01,0.125,0.003,0.0,0.002,-0.073,100.0,2021-04-26,2021-01-14,1999-01-01,2021-01-22,2020-11-04,1999-01-01,0.119,0.034,0.0,0.016,-0.068,100.0,2021-04-19,2020-12-21,1999-01-01,2021-01-26,2020-10-07,1999-01-01,0.174,0.033,0.0,0.016,-0.097,100.0,2021-04-21,2020-12-23,1999-01-01,2021-01-25,2020-10-14,1999-01-01,0.011,0.001,0.013,-0.027,-0.002,-0.008,2021-06-16,2021-03-29,2021-02-08,2021-05-03,2021-03-09,2021-01-07,0.017,0.001,0.021,-0.015,-0.033,-0.009,2021-05-27,2021-03-29,2021-02-04,2021-06-18,2021-04-26,2021-03-05,0.022,0.002,0.025,-0.043,-0.007,-0.035,2021-06-14,2021-03-29,2021-02-05,2021-04-27,2021-03-09,2020-12-17,0.009,-0.002,0.015,-0.026,-0.003,-0.017,2021-06-09,2021-03-24,2021-02-05,2021-04-27,2021-03-11,2020-12-18,2764600.0,2882000.0,1500800.0,-7.66,14.38,-19.57,0.035,0.034,0.034,-0.04,0.03,-0.003,0.005,0.002,0.008,-0.015,-0.001,-0.006,0.03397,0.03012,0.02871,-0.03402,0.03075,-0.00139,43.473,57.442,49.37,41.274,38.349,100.0,35.273,88.864,94.692,11.758,85.202,15.424,49.808,65.545,72.433,29.551,58.82,41.452,2021-04-13,2021-03-02,2020-12-03,2021-05-31,2021-03-23,2021-01-20,42,89,8007,69,62,118,2021-06-08,2021-03-15,2020-11-19,2021-05-17,2020-12-29,1999-01-01,2021-06-23,2021-06-15,2021-06-11,2021-06-22,2021-06-14,2021-05-31,2021-06-17,2021-04-09,2021-02-18,2021-05-18,2021-03-15,2021-01-06,,,,,p2n,n2p,,,,Life.Bull,Life.BullRetrace,Life.BullEnd,Life.BullStart,Life.BullEnd,,
2021-06-24,RL,3.6,14.72,3.2,16.56,0.06,1.51,0,0,0,-,0,0,0,0.51479,,,,,0.55408,0.5808,0.58108,0.55073,0.03295,,,0.01016,,,-0.00499,,,-0.00986,,,0.03905,,,0.02043,,,0.00609,-0.03795,0.04404,0.00772,,,0.53879,0.55551,-0.01672,-0.02116,-0.02437,0.00321,,,,,-12.58,23.11,-2.17,11.07,-10.63,2.79,-12.66,9.73,19.0,32.0,8.0,21.0,17.0,7.0,11.0,12.0,-0.0,-0.0149,0.00531,-0.00601,0.88242,46.87697,46.0314,,,-2.93103,17.5772,21.53603,,,29.82968,17.74534,40.10265,40.57948,,,0.03,0.03081,,,,,,,-0.15,,,,,0.552,0.789,0.663,0.524,0.662,0.602,2021-06-14,2021-04-15,2021-03-19,2021-05-28,2021-03-23,2021-03-04,-6.74,5.34,-33.59,19.18,-0.15,10.13,8.0,10.0,27.0,17.0,2.0,11.0,-1.0,1.0,-1.0,1.0,-0.0,1.0,0.54,0.58,0.535,0.515,0.53,0.49,2021-06-23,2021-06-15,2021-06-03,2021-06-21,2021-06-04,2021-05-31,0.039,0.028,0.0,0.027,0.022,100.0,2021-05-10,2020-12-22,1999-01-01,2021-01-18,2020-11-02,1999-01-01,0.125,0.003,0.0,0.002,-0.073,100.0,2021-04-26,2021-01-14,1999-01-01,2021-01-22,2020-11-04,1999-01-01,0.119,0.034,0.0,0.016,-0.068,100.0,2021-04-19,2020-12-21,1999-01-01,2021-01-26,2020-10-07,1999-01-01,0.174,0.033,0.0,0.016,-0.097,100.0,2021-04-21,2020-12-23,1999-01-01,2021-01-25,2020-10-14,1999-01-01,0.011,0.001,0.013,-0.027,-0.002,-0.008,2021-06-16,2021-03-29,2021-02-08,2021-05-03,2021-03-09,2021-01-07,0.017,0.001,0.021,-0.015,-0.033,-0.009,2021-05-27,2021-03-29,2021-02-04,2021-06-18,2021-04-26,2021-03-05,0.022,0.002,0.025,-0.043,-0.007,-0.035,2021-06-14,2021-03-29,2021-02-05,2021-04-27,2021-03-09,2020-12-17,0.009,-0.002,0.015,-0.026,-0.003,-0.017,2021-06-09,2021-03-24,2021-02-05,2021-04-27,2021-03-11,2020-12-18,2882000.0,1500800.0,2244100.0,14.38,-19.57,-7.28,0.035,0.034,0.034,-0.04,0.03,-0.003,0.005,0.002,0.008,-0.015,-0.001,-0.006,0.03397,0.03012,0.02871,-0.03402,0.03075,-0.00139,43.473,57.442,49.37,41.274,38.349,100.0,35.273,88.864,94.692,11.758,85.202,15.424,49.808,65.545,72.433,29.551,58.82,41.452,2021-04-13,2021-03-02,2020-12-03,2021-05-31,2021-03-23,2021-01-20,42,89,8007,69,62,118,2021-06-08,2021-03-15,2020-11-19,2021-05-17,2020-12-29,1999-01-01,2021-06-23,2021-06-15,2021-06-11,2021-06-22,2021-06-14,2021-05-31,2021-06-17,2021-04-09,2021-02-18,2021-05-18,2021-03-15,2021-01-06,,,,,n2p,,,,,Life.Bull,Life.BullRetrace,Life.BullEnd,Life.BullStart,Life.BullEnd,,
2021-06-25,RL,3.6,14.44,3.2,16.25,0.06,1.54,0,0,0,-,0,0,0,0.5082,,,,,0.55109,0.57823,0.57977,0.55037,0.03151,,,0.01014,0.01,,-0.00944,,,-0.00732,,,0.03903,0.039,,0.01972,,,0.00751,-0.04095,0.04847,0.00767,,,0.53516,0.55253,-0.01736,-0.02102,-0.0237,0.00268,,-0.021,,,-11.45,23.11,-2.17,11.07,-10.63,2.79,-12.66,9.73,18.0,32.0,8.0,21.0,17.0,7.0,11.0,12.0,-0.0,-0.0099,0.00531,-0.00637,0.83296,45.44343,44.71288,,,-4.36457,11.09865,21.31634,,,36.04029,28.21279,39.61177,40.09958,,,0.02998,0.03037,,,,,,-0.15,,,,,,0.552,0.789,0.663,0.524,0.662,0.602,2021-06-14,2021-04-15,2021-03-19,2021-05-28,2021-03-23,2021-03-04,-7.93,5.34,-33.59,19.18,-0.15,10.13,9.0,10.0,27.0,17.0,2.0,11.0,-1.0,1.0,-1.0,1.0,-0.0,1.0,0.54,0.58,0.535,0.515,0.53,0.49,2021-06-23,2021-06-15,2021-06-03,2021-06-21,2021-06-04,2021-05-31,0.039,0.028,0.0,0.027,0.022,100.0,2021-05-10,2020-12-22,1999-01-01,2021-01-18,2020-11-02,1999-01-01,0.125,0.003,0.0,0.002,-0.073,100.0,2021-04-26,2021-01-14,1999-01-01,2021-01-22,2020-11-04,1999-01-01,0.119,0.034,0.0,0.016,-0.068,100.0,2021-04-19,2020-12-21,1999-01-01,2021-01-26,2020-10-07,1999-01-01,0.174,0.033,0.0,0.039,0.016,-0.097,2021-04-21,2020-12-23,1999-01-01,2021-06-25,2021-01-25,2020-10-14,0.011,0.001,0.013,0.01,-0.027,-0.002,2021-06-16,2021-03-29,2021-02-08,2021-06-25,2021-05-03,2021-03-09,0.017,0.001,0.021,-0.015,-0.033,-0.009,2021-05-27,2021-03-29,2021-02-04,2021-06-18,2021-04-26,2021-03-05,0.022,0.002,0.025,-0.043,-0.007,-0.035,2021-06-14,2021-03-29,2021-02-05,2021-04-27,2021-03-09,2020-12-17,0.009,-0.002,0.015,-0.026,-0.003,-0.017,2021-06-09,2021-03-24,2021-02-05,2021-04-27,2021-03-11,2020-12-18,1500800.0,2244100.0,2981100.0,-19.57,-7.28,1.5,-0.021,0.035,0.034,-0.04,0.03,-0.003,0.005,0.002,0.008,-0.015,-0.001,-0.006,-0.0237,0.03397,0.03012,-0.03402,0.03075,-0.00139,43.473,57.442,49.37,41.274,38.349,100.0,35.273,88.864,94.692,11.758,85.202,15.424,49.808,65.545,72.433,29.551,58.82,41.452,2021-06-25,2021-04-13,2021-03-02,2021-05-31,2021-03-23,2021-01-20,73,42,89,69,62,118,2021-06-08,2021-03-15,2020-11-19,2021-05-17,2020-12-29,1999-01-01,2021-06-23,2021-06-15,2021-06-11,2021-06-22,2021-06-14,2021-05-31,2021-06-17,2021-04-09,2021-02-18,2021-05-18,2021-03-15,2021-01-06,,,,,,,,,,Life.BullRetrace,Life.BullEnd,Life.BullStart,Life.BullEnd,Life.BullRetrace,,
2021-06-28,RL,3.6,13.47,3.2,15.16,0.06,1.65,0,0,0,-,1,1,1,0.50224,,,0.481,,0.54567,0.5744,0.57781,0.54968,0.03015,,,0.01014,,0.01,-0.01392,,,-0.00444,,,0.03924,,,0.01882,,,0.00909,-0.04408,0.05316,0.0076,,,0.52677,0.5472,-0.02043,-0.02104,-0.02317,0.00213,,,,,-10.4,23.11,-2.17,11.07,-10.63,2.79,-12.66,9.73,17.0,32.0,8.0,21.0,17.0,7.0,11.0,12.0,-0.0,-0.0346,0.00496,-0.00884,0.56058,35.92133,43.31271,,,-13.88667,0.0,9.55862,0.0,,19.37363,28.41453,39.11476,39.60973,,,0.03067,0.02993,,,,,,-0.15,,,,,,0.552,0.789,0.663,0.524,0.662,0.602,2021-06-14,2021-04-15,2021-03-19,2021-05-28,2021-03-23,2021-03-04,-9.01,5.34,-33.59,19.18,-0.15,10.13,10.0,10.0,27.0,17.0,2.0,11.0,-1.0,1.0,-1.0,1.0,-0.0,1.0,0.54,0.58,0.535,0.481,0.515,0.53,2021-06-23,2021-06-15,2021-06-03,2021-06-28,2021-06-21,2021-06-04,0.039,0.028,0.0,0.027,0.022,100.0,2021-05-10,2020-12-22,1999-01-01,2021-01-18,2020-11-02,1999-01-01,0.125,0.003,0.0,0.002,-0.073,100.0,2021-04-26,2021-01-14,1999-01-01,2021-01-22,2020-11-04,1999-01-01,0.119,0.034,0.0,0.016,-0.068,100.0,2021-04-19,2020-12-21,1999-01-01,2021-01-26,2020-10-07,1999-01-01,0.174,0.033,0.0,0.039,0.016,-0.097,2021-04-21,2020-12-23,1999-01-01,2021-06-25,2021-01-25,2020-10-14,0.01,0.011,0.001,0.01,-0.027,-0.002,2021-06-28,2021-06-16,2021-03-29,2021-06-25,2021-05-03,2021-03-09,0.017,0.001,0.021,-0.015,-0.033,-0.009,2021-05-27,2021-03-29,2021-02-04,2021-06-18,2021-04-26,2021-03-05,0.022,0.002,0.025,-0.043,-0.007,-0.035,2021-06-14,2021-03-29,2021-02-05,2021-04-27,2021-03-09,2020-12-17,0.009,-0.002,0.015,-0.026,-0.003,-0.017,2021-06-09,2021-03-24,2021-02-05,2021-04-27,2021-03-11,2020-12-18,2244100.0,2981100.0,4369300.0,-7.28,1.5,42.65,-0.021,0.035,0.034,-0.04,0.03,-0.003,0.005,0.002,0.008,-0.015,-0.001,-0.006,-0.0237,0.03397,0.03012,-0.03402,0.03075,-0.00139,43.473,57.442,49.37,41.274,38.349,100.0,35.273,88.864,94.692,0.0,11.758,85.202,49.808,65.545,72.433,29.551,58.82,41.452,2021-06-25,2021-04-13,2021-03-02,2021-05-31,2021-03-23,2021-01-20,73,42,89,69,62,118,2021-06-08,2021-03-15,2020-11-19,2021-05-17,2020-12-29,1999-01-01,2021-06-23,2021-06-15,2021-06-11,2021-06-28,2021-06-22,2021-06-14,2021-06-17,2021-04-09,2021-02-18,2021-05-18,2021-03-15,2021-01-06,,-4369300.0,,,,,,,p2p,Life.BullRetrace,Life.BullEnd,Life.BullStart,Life.BullEnd,Life.BullRetrace,,
2021-06-29,RL,3.6,13.89,3.2,15.62,0.06,1.6,0,0,0,-,0,0,0,0.49684,,,,0.495,0.5418,0.5713,0.57618,0.54914,0.02888,,,0.01014,,,-0.01839,,,-0.00135,,,0.03967,,,0.01767,,,0.01079,-0.04726,0.05806,0.0075,,,0.52194,0.54336,-0.02142,-0.02119,-0.02277,0.00158,,,,,-9.43,23.11,-2.17,11.07,-10.63,2.79,-12.66,9.73,16.0,32.0,8.0,21.0,17.0,7.0,11.0,12.0,0.0148,0.0,0.00601,-0.00884,0.68013,40.48077,41.874,,,-9.32723,20.01614,10.3716,,20.016,20.22397,25.21263,38.61352,39.11335,,,0.03096,0.0295,,,,,,-0.15,,,,,,0.552,0.789,0.663,0.524,0.662,0.602,2021-06-14,2021-04-15,2021-03-19,2021-05-28,2021-03-23,2021-03-04,-9.99,5.34,-33.59,19.18,-0.15,10.13,11.0,10.0,27.0,17.0,2.0,11.0,-1.0,1.0,-1.0,1.0,-0.0,1.0,0.495,0.54,0.58,0.481,0.515,0.53,2021-06-29,2021-06-23,2021-06-15,2021-06-28,2021-06-21,2021-06-04,0.039,0.028,0.0,0.027,0.022,100.0,2021-05-10,2020-12-22,1999-01-01,2021-01-18,2020-11-02,1999-01-01,0.125,0.003,0.0,0.002,-0.073,100.0,2021-04-26,2021-01-14,1999-01-01,2021-01-22,2020-11-04,1999-01-01,0.119,0.034,0.0,0.016,-0.068,100.0,2021-04-19,2020-12-21,1999-01-01,2021-01-26,2020-10-07,1999-01-01,0.174,0.033,0.0,0.039,0.016,-0.097,2021-04-21,2020-12-23,1999-01-01,2021-06-25,2021-01-25,2020-10-14,0.01,0.011,0.001,0.01,-0.027,-0.002,2021-06-28,2021-06-16,2021-03-29,2021-06-25,2021-05-03,2021-03-09,0.017,0.001,0.021,-0.015,-0.033,-0.009,2021-05-27,2021-03-29,2021-02-04,2021-06-18,2021-04-26,2021-03-05,0.022,0.002,0.025,-0.043,-0.007,-0.035,2021-06-14,2021-03-29,2021-02-05,2021-04-27,2021-03-09,2020-12-17,0.009,-0.002,0.015,-0.026,-0.003,-0.017,2021-06-09,2021-03-24,2021-02-05,2021-04-27,2021-03-11,2020-12-18,2981100.0,4369300.0,1550700.0,1.5,42.65,-7.23,-0.021,0.035,0.034,-0.04,0.03,-0.003,0.005,0.002,0.008,-0.015,-0.001,-0.006,-0.0237,0.03397,0.03012,-0.03402,0.03075,-0.00139,43.473,57.442,49.37,41.274,38.349,100.0,20.016,35.273,88.864,0.0,11.758,85.202,49.808,65.545,72.433,29.551,58.82,41.452,2021-06-25,2021-04-13,2021-03-02,2021-05-31,2021-03-23,2021-01-20,73,42,89,69,62,118,2021-06-08,2021-03-15,2020-11-19,2021-05-17,2020-12-29,1999-01-01,2021-06-29,2021-06-23,2021-06-15,2021-06-28,2021-06-22,2021-06-14,2021-06-17,2021-04-09,2021-02-18,2021-05-18,2021-03-15,2021-01-06,,,1550700.0,,,,,p2p,p2n,Life.BullRetrace,Life.BullEnd,Life.BullStart,Life.BullEnd,Life.BullRetrace,,
2021-06-30,RL,3.6,13.61,3.2,15.31,0.06,1.63,0,0,0,-,0,0,0,0.49186,,,0.486,,0.53747,0.56793,0.57438,0.54851,0.0277,,,0.01009,,,-0.02276,,,0.00183,,,0.04032,,,0.01622,,,0.01262,-0.05046,0.06308,0.00733,,,0.51634,0.53908,-0.02274,-0.02145,-0.02251,0.00106,,,,,-8.51,23.11,-2.17,11.07,-10.63,2.79,-12.66,9.73,15.0,32.0,8.0,21.0,17.0,7.0,11.0,12.0,-0.0,-0.0099,0.00566,-0.00955,0.59237,37.20056,40.4413,,,-12.60744,12.02583,10.68066,12.026,,19.0682,19.55527,38.11024,38.61284,,,0.0298,0.02906,,,,,,-0.15,,,,,,0.552,0.789,0.663,0.524,0.662,0.602,2021-06-14,2021-04-15,2021-03-19,2021-05-28,2021-03-23,2021-03-04,-10.89,5.34,-33.59,19.18,-0.15,10.13,12.0,10.0,27.0,17.0,2.0,11.0,-1.0,1.0,-1.0,1.0,-0.0,1.0,0.495,0.54,0.58,0.486,0.481,0.515,2021-06-29,2021-06-23,2021-06-15,2021-06-30,2021-06-28,2021-06-21,0.039,0.028,0.0,0.027,0.022,100.0,2021-05-10,2020-12-22,1999-01-01,2021-01-18,2020-11-02,1999-01-01,0.125,0.003,0.0,0.002,-0.073,100.0,2021-04-26,2021-01-14,1999-01-01,2021-01-22,2020-11-04,1999-01-01,0.119,0.034,0.0,0.016,-0.068,100.0,2021-04-19,2020-12-21,1999-01-01,2021-01-26,2020-10-07,1999-01-01,0.174,0.033,0.0,0.039,0.016,-0.097,2021-04-21,2020-12-23,1999-01-01,2021-06-25,2021-01-25,2020-10-14,0.01,0.011,0.001,0.01,-0.027,-0.002,2021-06-28,2021-06-16,2021-03-29,2021-06-25,2021-05-03,2021-03-09,0.017,0.001,0.021,-0.015,-0.033,-0.009,2021-05-27,2021-03-29,2021-02-04,2021-06-18,2021-04-26,2021-03-05,0.022,0.002,0.025,-0.043,-0.007,-0.035,2021-06-14,2021-03-29,2021-02-05,2021-04-27,2021-03-09,2020-12-17,0.009,-0.002,0.015,-0.026,-0.003,-0.017,2021-06-09,2021-03-24,2021-02-05,2021-04-27,2021-03-11,2020-12-18,4369300.0,1550700.0,2222400.0,42.65,-7.23,-8.52,-0.021,0.035,0.034,-0.04,0.03,-0.003,0.005,0.002,0.008,-0.015,-0.001,-0.006,-0.0237,0.03397,0.03012,-0.03402,0.03075,-0.00139,43.473,57.442,49.37,41.274,38.349,100.0,20.016,35.273,88.864,12.026,0.0,11.758,49.808,65.545,72.433,29.551,58.82,41.452,2021-06-25,2021-04-13,2021-03-02,2021-05-31,2021-03-23,2021-01-20,73,42,89,69,62,118,2021-06-08,2021-03-15,2020-11-19,2021-05-17,2020-12-29,1999-01-01,2021-06-29,2021-06-23,2021-06-15,2021-06-30,2021-06-28,2021-06-22,2021-06-17,2021-04-09,2021-02-18,2021-05-18,2021-03-15,2021-01-06,,,,,,,p2p,p2n,,Life.BullRetrace,Life.BullEnd,Life.BullStart,Life.BullEnd,Life.BullRetrace,,
2021-07-01,RL,3.6,13.75,3.2,15.47,0.06,1.62,0,0,0,-,0,0,0,0.48725,,,,0.49,0.53386,0.5649,0.57272,0.54793,0.02663,,,0.00996,,,-0.027,,,0.005,,,0.04116,,,0.01443,,,0.01453,-0.05363,0.06816,0.00708,,,0.51236,0.53548,-0.02312,-0.02178,-0.02236,0.00058,,,,,-7.64,23.11,-2.17,11.07,-10.63,2.79,-12.66,9.73,14.0,32.0,8.0,21.0,17.0,7.0,11.0,12.0,0.005,0.0,0.00531,-0.00955,0.55572,35.72115,39.06873,,,-14.08685,16.06134,16.03444,,16.061,29.36841,22.88686,37.6092,38.11099,,,0.02873,0.02864,,,,,,-0.15,,,,,,0.552,0.789,0.663,0.524,0.662,0.602,2021-06-14,2021-04-15,2021-03-19,2021-05-28,2021-03-23,2021-03-04,-11.73,5.34,-33.59,19.18,-0.15,10.13,13.0,10.0,27.0,17.0,2.0,11.0,-1.0,1.0,-1.0,1.0,-0.0,1.0,0.49,0.495,0.54,0.486,0.481,0.515,2021-07-01,2021-06-29,2021-06-23,2021-06-30,2021-06-28,2021-06-21,0.039,0.028,0.0,0.027,0.022,100.0,2021-05-10,2020-12-22,1999-01-01,2021-01-18,2020-11-02,1999-01-01,0.125,0.003,0.0,0.002,-0.073,100.0,2021-04-26,2021-01-14,1999-01-01,2021-01-22,2020-11-04,1999-01-01,0.119,0.034,0.0,0.016,-0.068,100.0,2021-04-19,2020-12-21,1999-01-01,2021-01-26,2020-10-07,1999-01-01,0.174,0.033,0.0,0.039,0.016,-0.097,2021-04-21,2020-12-23,1999-01-01,2021-06-25,2021-01-25,2020-10-14,0.01,0.011,0.001,0.01,-0.027,-0.002,2021-06-28,2021-06-16,2021-03-29,2021-06-25,2021-05-03,2021-03-09,0.017,0.001,0.021,-0.015,-0.033,-0.009,2021-05-27,2021-03-29,2021-02-04,2021-06-18,2021-04-26,2021-03-05,0.022,0.002,0.025,-0.043,-0.007,-0.035,2021-06-14,2021-03-29,2021-02-05,2021-04-27,2021-03-09,2020-12-17,0.009,-0.002,0.015,-0.026,-0.003,-0.017,2021-06-09,2021-03-24,2021-02-05,2021-04-27,2021-03-11,2020-12-18,1550700.0,2222400.0,872700.0,-7.23,-8.52,-42.94,-0.021,0.035,0.034,-0.04,0.03,-0.003,0.005,0.002,0.008,-0.015,-0.001,-0.006,-0.0237,0.03397,0.03012,-0.03402,0.03075,-0.00139,43.473,57.442,49.37,41.274,38.349,100.0,16.061,20.016,35.273,12.026,0.0,11.758,49.808,65.545,72.433,29.551,58.82,41.452,2021-06-25,2021-04-13,2021-03-02,2021-05-31,2021-03-23,2021-01-20,73,42,89,69,62,118,2021-06-08,2021-03-15,2020-11-19,2021-05-17,2020-12-29,1999-01-01,2021-07-01,2021-06-29,2021-06-23,2021-06-30,2021-06-28,2021-06-22,2021-06-17,2021-04-09,2021-02-18,2021-05-18,2021-03-15,2021-01-06,,,,,,p2p,p2n,,,Life.BullRetrace,Life.BullEnd,Life.BullStart,Life.BullEnd,Life.BullRetrace,,
2021-07-02,RL,3.6,13.19,3.2,14.84,0.06,1.68,0,0,0,-,1,1,1,0.48308,,,,,0.52899,0.5612,0.5707,0.54716,0.02567,,,0.0097,,,-0.03105,,,0.00806,,,0.04218,,,0.01225,,,0.01651,-0.05672,0.07323,0.00674,,,0.50594,0.53067,-0.02474,-0.02217,-0.02232,0.00015,,,,,-6.85,23.11,-2.17,11.07,-10.63,2.79,-12.66,9.73,13.0,32.0,8.0,21.0,17.0,7.0,11.0,12.0,-0.0,-0.0199,0.00354,-0.01097,0.32227,24.37223,37.80969,,,-25.43577,0.0,9.36239,0.0,,17.45679,21.96447,37.11826,37.61257,,,0.02845,0.02821,,,,,,-0.15,,,,,,0.552,0.789,0.663,0.524,0.662,0.602,2021-06-14,2021-04-15,2021-03-19,2021-05-28,2021-03-23,2021-03-04,-12.49,5.34,-33.59,19.18,-0.15,10.13,14.0,10.0,27.0,17.0,2.0,11.0,-1.0,1.0,-1.0,1.0,-0.0,1.0,0.49,0.495,0.54,0.486,0.481,0.515,2021-07-01,2021-06-29,2021-06-23,2021-06-30,2021-06-28,2021-06-21,0.039,0.028,0.0,0.027,0.022,100.0,2021-05-10,2020-12-22,1999-01-01,2021-01-18,2020-11-02,1999-01-01,0.125,0.003,0.0,0.002,-0.073,100.0,2021-04-26,2021-01-14,1999-01-01,2021-01-22,2020-11-04,1999-01-01,0.119,0.034,0.0,0.016,-0.068,100.0,2021-04-19,2020-12-21,1999-01-01,2021-01-26,2020-10-07,1999-01-01,0.174,0.033,0.0,0.039,0.016,-0.097,2021-04-21,2020-12-23,1999-01-01,2021-06-25,2021-01-25,2020-10-14,0.01,0.011,0.001,0.01,-0.027,-0.002,2021-06-28,2021-06-16,2021-03-29,2021-06-25,2021-05-03,2021-03-09,0.017,0.001,0.021,-0.015,-0.033,-0.009,2021-05-27,2021-03-29,2021-02-04,2021-06-18,2021-04-26,2021-03-05,0.022,0.002,0.025,-0.043,-0.007,-0.035,2021-06-14,2021-03-29,2021-02-05,2021-04-27,2021-03-09,2020-12-17,0.009,-0.002,0.015,-0.026,-0.003,-0.017,2021-06-09,2021-03-24,2021-02-05,2021-04-27,2021-03-11,2020-12-18,2222400.0,872700.0,2464500.0,-8.52,-42.94,19.67,-0.021,0.035,0.034,-0.04,0.03,-0.003,0.005,0.002,0.008,-0.015,-0.001,-0.006,-0.0237,0.03397,0.03012,-0.03402,0.03075,-0.00139,43.473,57.442,49.37,41.274,38.349,100.0,16.061,20.016,35.273,0.0,12.026,0.0,49.808,65.545,72.433,29.551,58.82,41.452,2021-06-25,2021-04-13,2021-03-02,2021-05-31,2021-03-23,2021-01-20,73,42,89,69,62,118,2021-06-08,2021-03-15,2020-11-19,2021-05-17,2020-12-29,1999-01-01,2021-07-01,2021-06-29,2021-06-23,2021-07-02,2021-06-30,2021-06-28,2021-06-17,2021-04-09,2021-02-18,2021-05-18,2021-03-15,2021-01-06,-2464500.0,,,,p2p,p2n,,,n2p,Life.BullRetrace,Life.BullEnd,Life.BullStart,Life.BullEnd,Life.BullRetrace,,
2021-07-05,RL,3.6,13.19,3.2,14.84,0.06,1.68,0,0,0,-,1,1,1,0.47944,,,0.471,,0.5245,0.55765,0.56871,0.5464,0.02484,,,0.00928,,,-0.03486,,,0.01091,,,0.04335,,,0.00965,,,0.01851,-0.0597,0.07821,0.00629,,,0.5005,0.52622,-0.02572,-0.02258,-0.02238,-0.0002,,,,,-6.14,23.11,-2.17,11.07,-10.63,2.79,-12.66,9.73,12.0,32.0,8.0,21.0,17.0,7.0,11.0,12.0,0.0,0.0,0.00319,-0.01097,0.29036,22.50252,36.70571,,,-27.30548,3.80435,6.6219,,,14.42479,20.41666,36.64861,37.12536,,,0.02748,0.02779,,,,,,-0.15,,,,,,0.552,0.789,0.663,0.524,0.662,0.602,2021-06-14,2021-04-15,2021-03-19,2021-05-28,2021-03-23,2021-03-04,-13.14,5.34,-33.59,19.18,-0.15,10.13,15.0,10.0,27.0,17.0,2.0,11.0,-1.0,1.0,-1.0,1.0,-0.0,1.0,0.49,0.495,0.54,0.471,0.486,0.481,2021-07-01,2021-06-29,2021-06-23,2021-07-05,2021-06-30,2021-06-28,0.039,0.028,0.0,0.027,0.022,100.0,2021-05-10,2020-12-22,1999-01-01,2021-01-18,2020-11-02,1999-01-01,0.125,0.003,0.0,0.002,-0.073,100.0,2021-04-26,2021-01-14,1999-01-01,2021-01-22,2020-11-04,1999-01-01,0.119,0.034,0.0,0.016,-0.068,100.0,2021-04-19,2020-12-21,1999-01-01,2021-01-26,2020-10-07,1999-01-01,0.174,0.033,0.0,0.039,0.016,-0.097,2021-04-21,2020-12-23,1999-01-01,2021-06-25,2021-01-25,2020-10-14,0.01,0.011,0.001,0.01,-0.027,-0.002,2021-06-28,2021-06-16,2021-03-29,2021-06-25,2021-05-03,2021-03-09,0.017,0.001,0.021,-0.015,-0.033,-0.009,2021-05-27,2021-03-29,2021-02-04,2021-06-18,2021-04-26,2021-03-05,0.022,0.002,0.025,-0.043,-0.007,-0.035,2021-06-14,2021-03-29,2021-02-05,2021-04-27,2021-03-09,2020-12-17,0.009,-0.002,0.015,-0.026,-0.003,-0.017,2021-06-09,2021-03-24,2021-02-05,2021-04-27,2021-03-11,2020-12-18,872700.0,2464500.0,1187800.0,-42.94,19.67,-18.61,-0.021,0.035,0.034,-0.04,0.03,-0.003,0.005,0.002,0.008,-0.015,-0.001,-0.006,-0.0237,0.03397,0.03012,-0.03402,0.03075,-0.00139,43.473,57.442,49.37,41.274,38.349,100.0,16.061,20.016,35.273,0.0,12.026,0.0,49.808,65.545,72.433,29.551,58.82,41.452,2021-06-25,2021-04-13,2021-03-02,2021-05-31,2021-03-23,2021-01-20,73,42,89,69,62,118,2021-06-08,2021-03-15,2020-11-19,2021-05-17,2020-12-29,1999-01-01,2021-07-01,2021-06-29,2021-06-23,2021-07-02,2021-06-30,2021-06-28,2021-06-17,2021-04-09,2021-02-18,2021-05-18,2021-03-15,2021-01-06,,,,,p2n,,,n2p,,Life.BullRetrace,Life.BullEnd,Life.BullStart,Life.BullEnd,Life.BullRetrace,,
2021-07-06,RL,3.6,13.89,3.2,15.62,0.06,1.6,0,0,0,-,0,0,0,0.47623,,,,0.495,0.52226,0.55521,0.56726,0.54589,0.02414,,,0.00864,,,-0.03841,,,0.01349,,,0.04465,,,0.00662,,,0.02051,-0.06254,0.08306,0.00572,,,0.49972,0.52394,-0.02422,-0.02298,-0.0225,-0.00048,,,,,-5.51,23.11,-2.17,11.07,-10.63,2.79,-12.66,9.73,11.0,32.0,8.0,21.0,17.0,7.0,11.0,12.0,0.0248,0.0,0.00496,-0.01026,0.48295,32.56687,35.78934,,,-17.24113,29.96973,11.25803,,29.97,37.45791,23.11316,36.21367,36.66018,,,0.02729,0.02738,,,,,,-0.15,,,,,,0.552,0.789,0.663,0.524,0.662,0.602,2021-06-14,2021-04-15,2021-03-19,2021-05-28,2021-03-23,2021-03-04,-13.73,5.34,-33.59,19.18,-0.15,10.13,16.0,10.0,27.0,17.0,2.0,11.0,-1.0,1.0,-1.0,1.0,-0.0,1.0,0.495,0.49,0.495,0.471,0.486,0.481,2021-07-06,2021-07-01,2021-06-29,2021-07-05,2021-06-30,2021-06-28,0.039,0.028,0.0,0.027,0.022,100.0,2021-05-10,2020-12-22,1999-01-01,2021-01-18,2020-11-02,1999-01-01,0.125,0.003,0.0,0.002,-0.073,100.0,2021-04-26,2021-01-14,1999-01-01,2021-01-22,2020-11-04,1999-01-01,0.119,0.034,0.0,0.016,-0.068,100.0,2021-04-19,2020-12-21,1999-01-01,2021-01-26,2020-10-07,1999-01-01,0.174,0.033,0.0,0.039,0.016,-0.097,2021-04-21,2020-12-23,1999-01-01,2021-06-25,2021-01-25,2020-10-14,0.01,0.011,0.001,0.01,-0.027,-0.002,2021-06-28,2021-06-16,2021-03-29,2021-06-25,2021-05-03,2021-03-09,0.017,0.001,0.021,-0.015,-0.033,-0.009,2021-05-27,2021-03-29,2021-02-04,2021-06-18,2021-04-26,2021-03-05,0.022,0.002,0.025,-0.043,-0.007,-0.035,2021-06-14,2021-03-29,2021-02-05,2021-04-27,2021-03-09,2020-12-17,0.009,-0.002,0.015,-0.026,-0.003,-0.017,2021-06-09,2021-03-24,2021-02-05,2021-04-27,2021-03-11,2020-12-18,2464500.0,1187800.0,3436800.0,19.67,-18.61,56.67,-0.021,0.035,0.034,-0.04,0.03,-0.003,0.005,0.002,0.008,-0.015,-0.001,-0.006,-0.0237,0.03397,0.03012,-0.03402,0.03075,-0.00139,43.473,57.442,49.37,41.274,38.349,100.0,29.97,16.061,20.016,0.0,12.026,0.0,49.808,65.545,72.433,29.551,58.82,41.452,2021-06-25,2021-04-13,2021-03-02,2021-05-31,2021-03-23,2021-01-20,73,42,89,69,62,118,2021-06-08,2021-03-15,2020-11-19,2021-05-17,2020-12-29,1999-01-01,2021-07-06,2021-07-01,2021-06-29,2021-07-02,2021-06-30,2021-06-28,2021-06-17,2021-04-09,2021-02-18,2021-05-18,2021-03-15,2021-01-06,3436800.0,,,,,,n2p,,n2p,Life.BullRetrace,Life.BullEnd,Life.BullStart,Life.BullEnd,Life.BullRetrace,,
2021-07-07,RL,3.6,13.61,3.2,15.31,0.06,1.63,0,0,0,-,0,0,0,0.47316,,,,,0.51944,0.55247,0.56564,0.54529,0.02358,,,0.00777,,,-0.04165,,,0.01573,,,0.04605,,,0.00316,,,0.02247,-0.06523,0.0877,0.00502,,,0.49753,0.52109,-0.02356,-0.02333,-0.02266,-0.00067,,,,,-4.89,23.11,-2.17,11.07,-10.63,2.79,-12.66,9.73,10.0,32.0,8.0,21.0,17.0,7.0,11.0,12.0,-0.0,-0.0099,0.00496,-0.00991,0.5,33.33333,35.08099,,,-16.47467,22.19731,18.65713,,,59.68013,37.18761,35.82808,36.23012,,,0.02676,0.02697,,,,,,-0.15,,,,,,0.552,0.789,0.663,0.524,0.662,0.602,2021-06-14,2021-04-15,2021-03-19,2021-05-28,2021-03-23,2021-03-04,-14.28,5.34,-33.59,19.18,-0.15,10.13,17.0,10.0,27.0,17.0,2.0,11.0,-1.0,1.0,-1.0,1.0,-0.0,1.0,0.495,0.49,0.495,0.471,0.486,0.481,2021-07-06,2021-07-01,2021-06-29,2021-07-05,2021-06-30,2021-06-28,0.039,0.028,0.0,0.027,0.022,100.0,2021-05-10,2020-12-22,1999-01-01,2021-01-18,2020-11-02,1999-01-01,0.125,0.003,0.0,0.002,-0.073,100.0,2021-04-26,2021-01-14,1999-01-01,2021-01-22,2020-11-04,1999-01-01,0.119,0.034,0.0,0.016,-0.068,100.0,2021-04-19,2020-12-21,1999-01-01,2021-01-26,2020-10-07,1999-01-01,0.174,0.033,0.0,0.039,0.016,-0.097,2021-04-21,2020-12-23,1999-01-01,2021-06-25,2021-01-25,2020-10-14,0.01,0.011,0.001,0.01,-0.027,-0.002,2021-06-28,2021-06-16,2021-03-29,2021-06-25,2021-05-03,2021-03-09,0.017,0.001,0.021,-0.015,-0.033,-0.009,2021-05-27,2021-03-29,2021-02-04,2021-06-18,2021-04-26,2021-03-05,0.022,0.002,0.025,-0.043,-0.007,-0.035,2021-06-14,2021-03-29,2021-02-05,2021-04-27,2021-03-09,2020-12-17,0.009,-0.002,0.015,-0.026,-0.003,-0.017,2021-06-09,2021-03-24,2021-02-05,2021-04-27,2021-03-11,2020-12-18,1187800.0,3436800.0,2019100.0,-18.61,56.67,-6.28,-0.021,0.035,0.034,-0.04,0.03,-0.003,0.005,0.002,0.008,-0.015,-0.001,-0.006,-0.0237,0.03397,0.03012,-0.03402,0.03075,-0.00139,43.473,57.442,49.37,41.274,38.349,100.0,29.97,16.061,20.016,0.0,12.026,0.0,49.808,65.545,72.433,29.551,58.82,41.452,2021-06-25,2021-04-13,2021-03-02,2021-05-31,2021-03-23,2021-01-20,73,42,89,69,62,118,2021-06-08,2021-03-15,2020-11-19,2021-05-17,2020-12-29,1999-01-01,2021-07-06,2021-07-01,2021-06-29,2021-07-02,2021-06-30,2021-06-28,2021-06-17,2021-04-09,2021-02-18,2021-05-18,2021-03-15,2021-01-06,,,-2019100.0,,,n2p,,n2p,p2n,Life.BullRetrace,Life.BullEnd,Life.BullStart,Life.BullEnd,Life.BullRetrace,,
2021-07-08,RL,3.6,12.92,3.2,14.53,0.06,1.72,0,0,0,-,1,1,1,0.46996,,,,,0.51492,0.54887,0.56357,0.54445,0.02315,,,0.00663,,,-0.04459,,,0.01761,,,0.04751,,,-0.0007,,,0.02436,-0.06774,0.09211,0.00421,,,0.49186,0.51662,-0.02476,-0.02363,-0.02286,-0.00077,,,,,-4.25,23.11,-2.17,11.07,-10.63,2.79,-12.66,9.73,9.0,32.0,8.0,21.0,17.0,7.0,11.0,12.0,-0.0,-0.0248,0.00496,-0.01026,0.48295,32.56687,34.58916,,,-17.24113,5.49327,19.2201,,,59.68013,52.27273,35.50581,35.84919,,,0.02697,0.02656,,,,,,-0.15,,,,,,0.552,0.789,0.663,0.524,0.662,0.602,2021-06-14,2021-04-15,2021-03-19,2021-05-28,2021-03-23,2021-03-04,-14.86,5.34,-33.59,19.18,-0.15,10.13,18.0,10.0,27.0,17.0,2.0,11.0,-1.0,1.0,-1.0,1.0,-0.0,1.0,0.495,0.49,0.495,0.471,0.486,0.481,2021-07-06,2021-07-01,2021-06-29,2021-07-05,2021-06-30,2021-06-28,0.039,0.028,0.0,0.027,0.022,100.0,2021-05-10,2020-12-22,1999-01-01,2021-01-18,2020-11-02,1999-01-01,0.125,0.003,0.0,0.002,-0.073,100.0,2021-04-26,2021-01-14,1999-01-01,2021-01-22,2020-11-04,1999-01-01,0.119,0.034,0.0,0.016,-0.068,100.0,2021-04-19,2020-12-21,1999-01-01,2021-01-26,2020-10-07,1999-01-01,0.174,0.033,0.0,0.039,0.016,-0.097,2021-04-21,2020-12-23,1999-01-01,2021-06-25,2021-01-25,2020-10-14,0.01,0.011,0.001,0.01,-0.027,-0.002,2021-06-28,2021-06-16,2021-03-29,2021-06-25,2021-05-03,2021-03-09,0.017,0.001,0.021,-0.015,-0.033,-0.009,2021-05-27,2021-03-29,2021-02-04,2021-06-18,2021-04-26,2021-03-05,0.022,0.002,0.025,-0.043,-0.007,-0.035,2021-06-14,2021-03-29,2021-02-05,2021-04-27,2021-03-09,2020-12-17,0.009,-0.002,0.015,-0.026,-0.003,-0.017,2021-06-09,2021-03-24,2021-02-05,2021-04-27,2021-03-11,2020-12-18,3436800.0,2019100.0,2859200.0,56.67,-6.28,25.16,-0.021,0.035,0.034,-0.04,0.03,-0.003,0.005,0.002,0.008,-0.015,-0.001,-0.006,-0.0237,0.03397,0.03012,-0.03402,0.03075,-0.00139,43.473,57.442,49.37,41.274,38.349,100.0,29.97,16.061,20.016,0.0,12.026,0.0,49.808,65.545,72.433,29.551,58.82,41.452,2021-06-25,2021-04-13,2021-03-02,2021-05-31,2021-03-23,2021-01-20,73,42,89,69,62,118,2021-06-08,2021-03-15,2020-11-19,2021-05-17,2020-12-29,1999-01-01,2021-07-06,2021-07-01,2021-06-29,2021-07-02,2021-06-30,2021-06-28,2021-06-17,2021-04-09,2021-02-18,2021-05-18,2021-03-15,2021-01-06,,,,,n2p,,n2p,p2n,,Life.BullRetrace,Life.BullEnd,Life.BullStart,Life.BullEnd,Life.BullRetrace,,
2021-07-09,RL,3.6,12.92,3.2,14.53,0.06,1.72,0,0,0,-,1,1,1,0.46651,,,,,0.51075,0.54542,0.56153,0.54361,0.02287,,,0.00522,,,-0.04721,,,0.01911,,,0.04902,,,-0.00491,,,0.02615,-0.07008,0.09622,0.00328,,,0.48707,0.51248,-0.02541,-0.02384,-0.02305,-0.00079,,,-0.001,,-3.54,23.11,-2.17,11.07,-10.63,2.79,-12.66,9.73,8.0,32.0,8.0,21.0,17.0,7.0,11.0,12.0,0.0,0.0,0.00496,-0.00885,0.56013,35.90274,34.31441,,,-13.90526,5.49327,11.06129,5.493,,30.47138,49.94388,35.25882,35.5309,,,0.0261,0.02617,,,,,,-0.15,,,,,,0.552,0.789,0.663,0.524,0.662,0.602,2021-06-14,2021-04-15,2021-03-19,2021-05-28,2021-03-23,2021-03-04,-15.49,5.34,-33.59,19.18,-0.15,10.13,19.0,10.0,27.0,17.0,2.0,11.0,-1.0,1.0,-1.0,1.0,-0.0,1.0,0.495,0.49,0.495,0.471,0.486,0.481,2021-07-06,2021-07-01,2021-06-29,2021-07-05,2021-06-30,2021-06-28,0.039,0.028,0.0,0.027,0.022,100.0,2021-05-10,2020-12-22,1999-01-01,2021-01-18,2020-11-02,1999-01-01,0.125,0.003,0.0,0.002,-0.073,100.0,2021-04-26,2021-01-14,1999-01-01,2021-01-22,2020-11-04,1999-01-01,0.119,0.034,0.0,0.016,-0.068,100.0,2021-04-19,2020-12-21,1999-01-01,2021-01-26,2020-10-07,1999-01-01,0.174,0.033,0.0,0.039,0.016,-0.097,2021-04-21,2020-12-23,1999-01-01,2021-06-25,2021-01-25,2020-10-14,0.01,0.011,0.001,0.01,-0.027,-0.002,2021-06-28,2021-06-16,2021-03-29,2021-06-25,2021-05-03,2021-03-09,0.017,0.001,0.021,-0.015,-0.033,-0.009,2021-05-27,2021-03-29,2021-02-04,2021-06-18,2021-04-26,2021-03-05,0.022,0.002,0.025,-0.043,-0.007,-0.035,2021-06-14,2021-03-29,2021-02-05,2021-04-27,2021-03-09,2020-12-17,0.009,-0.002,0.015,-0.026,-0.003,-0.017,2021-06-09,2021-03-24,2021-02-05,2021-04-27,2021-03-11,2020-12-18,2019100.0,2859200.0,1308200.0,-6.28,25.16,-25.6,-0.021,0.035,0.034,-0.04,0.03,-0.003,0.005,0.002,0.008,-0.001,-0.015,-0.001,-0.0237,0.03397,0.03012,-0.03402,0.03075,-0.00139,43.473,57.442,49.37,41.274,38.349,100.0,29.97,16.061,20.016,5.493,0.0,12.026,49.808,65.545,72.433,29.551,58.82,41.452,2021-06-25,2021-04-13,2021-03-02,2021-05-31,2021-03-23,2021-01-20,73,42,89,69,62,118,2021-06-08,2021-03-15,2020-11-19,2021-05-17,2020-12-29,1999-01-01,2021-07-06,2021-07-01,2021-06-29,2021-07-09,2021-07-02,2021-06-30,2021-06-17,2021-04-09,2021-02-18,2021-05-18,2021-03-15,2021-01-06,,,1308200.0,,,n2p,p2n,,p2n,Life.BullRetrace,Life.BullEnd,Life.BullStart,Life.BullEnd,Life.BullRetrace,,
2021-07-12,RL,3.6,12.92,3.2,14.53,0.06,1.72,0,0,0,-,1,1,1,0.46282,,,,,0.5069,0.54209,0.55953,0.54279,0.02272,,,0.00354,,,-0.04951,,,0.02023,,,0.05052,,,-0.00941,,,0.0278,-0.07223,0.10002,0.00226,,,0.48301,0.50864,-0.02563,-0.02396,-0.02324,-0.00073,,,,,-2.77,23.11,-2.17,11.07,-10.63,2.79,-12.66,9.73,7.0,32.0,8.0,21.0,17.0,7.0,11.0,12.0,0.0,0.0,0.0046,-0.00885,0.51977,34.20074,34.257,34.257,,-15.60726,5.81948,5.60201,,5.819,12.37374,34.17508,35.09815,35.28759,,,0.02494,0.02578,,,,,,-0.15,,,,,,0.552,0.789,0.663,0.524,0.662,0.602,2021-06-14,2021-04-15,2021-03-19,2021-05-28,2021-03-23,2021-03-04,-16.16,5.34,-33.59,19.18,-0.15,10.13,20.0,10.0,27.0,17.0,2.0,11.0,-1.0,1.0,-1.0,1.0,-0.0,1.0,0.495,0.49,0.495,0.471,0.486,0.481,2021-07-06,2021-07-01,2021-06-29,2021-07-05,2021-06-30,2021-06-28,0.039,0.028,0.0,0.027,0.022,100.0,2021-05-10,2020-12-22,1999-01-01,2021-01-18,2020-11-02,1999-01-01,0.125,0.003,0.0,0.002,-0.073,100.0,2021-04-26,2021-01-14,1999-01-01,2021-01-22,2020-11-04,1999-01-01,0.119,0.034,0.0,0.016,-0.068,100.0,2021-04-19,2020-12-21,1999-01-01,2021-01-26,2020-10-07,1999-01-01,0.174,0.033,0.0,0.039,0.016,-0.097,2021-04-21,2020-12-23,1999-01-01,2021-06-25,2021-01-25,2020-10-14,0.01,0.011,0.001,0.01,-0.027,-0.002,2021-06-28,2021-06-16,2021-03-29,2021-06-25,2021-05-03,2021-03-09,0.017,0.001,0.021,-0.015,-0.033,-0.009,2021-05-27,2021-03-29,2021-02-04,2021-06-18,2021-04-26,2021-03-05,0.022,0.002,0.025,-0.043,-0.007,-0.035,2021-06-14,2021-03-29,2021-02-05,2021-04-27,2021-03-09,2020-12-17,0.009,-0.002,0.015,-0.026,-0.003,-0.017,2021-06-09,2021-03-24,2021-02-05,2021-04-27,2021-03-11,2020-12-18,2859200.0,1308200.0,1475300.0,25.16,-25.6,-8.79,-0.021,0.035,0.034,-0.04,0.03,-0.003,0.005,0.002,0.008,-0.001,-0.015,-0.001,-0.0237,0.03397,0.03012,-0.03402,0.03075,-0.00139,43.473,57.442,49.37,41.274,38.349,100.0,5.819,29.97,16.061,5.493,0.0,12.026,49.808,65.545,72.433,34.257,29.551,58.82,2021-06-25,2021-04-13,2021-03-02,2021-05-31,2021-03-23,2021-01-20,73,42,89,69,62,118,2021-06-08,2021-03-15,2020-11-19,2021-05-17,2020-12-29,1999-01-01,2021-07-12,2021-07-06,2021-07-01,2021-07-09,2021-07-02,2021-06-30,2021-06-17,2021-04-09,2021-02-18,2021-07-12,2021-05-18,2021-03-15,,,,,n2p,p2n,,p2n,,Life.BullRetrace,Life.BullEnd,Life.BullStart,Life.BullEnd,Life.BullRetrace,,
2021-07-13,RL,3.6,12.78,3.2,14.38,0.07,1.74,0,0,0,-,1,1,1,0.45914,,,0.456,,0.50297,0.53871,0.55748,0.54192,0.02269,0.023,,0.0016,,,-0.0515,,,0.02097,,,0.05198,,,-0.0141,,,0.02929,-0.07419,0.10348,0.00117,,,0.47883,0.50473,-0.0259,-0.02398,-0.02339,-0.0006,-0.024,,,,-1.99,23.11,-2.17,11.07,-10.63,2.79,-12.66,9.73,6.0,32.0,8.0,21.0,17.0,7.0,11.0,12.0,-0.0,-0.0049,0.00319,-0.0092,0.34627,25.72088,34.41423,,,-8.53612,0.0,3.77092,0.0,,8.24916,17.03143,35.03454,35.1305,35.035,,0.02387,0.0254,,,-0.15,,,,,,,,,0.552,0.789,0.663,0.524,0.662,0.602,2021-06-14,2021-04-15,2021-03-19,2021-05-28,2021-03-23,2021-03-04,-16.82,5.34,-33.59,19.18,-0.15,10.13,21.0,10.0,27.0,17.0,2.0,11.0,-1.0,1.0,-1.0,1.0,-0.0,1.0,0.495,0.49,0.495,0.456,0.471,0.486,2021-07-06,2021-07-01,2021-06-29,2021-07-13,2021-07-05,2021-06-30,0.039,0.028,0.0,0.027,0.022,100.0,2021-05-10,2020-12-22,1999-01-01,2021-01-18,2020-11-02,1999-01-01,0.125,0.003,0.0,0.023,0.002,-0.073,2021-04-26,2021-01-14,1999-01-01,2021-07-13,2021-01-22,2020-11-04,0.119,0.034,0.0,0.016,-0.068,100.0,2021-04-19,2020-12-21,1999-01-01,2021-01-26,2020-10-07,1999-01-01,0.174,0.033,0.0,0.039,0.016,-0.097,2021-04-21,2020-12-23,1999-01-01,2021-06-25,2021-01-25,2020-10-14,0.01,0.011,0.001,0.01,-0.027,-0.002,2021-06-28,2021-06-16,2021-03-29,2021-06-25,2021-05-03,2021-03-09,0.017,0.001,0.021,-0.015,-0.033,-0.009,2021-05-27,2021-03-29,2021-02-04,2021-06-18,2021-04-26,2021-03-05,0.022,0.002,0.025,-0.043,-0.007,-0.035,2021-06-14,2021-03-29,2021-02-05,2021-04-27,2021-03-09,2020-12-17,0.009,-0.002,0.015,-0.026,-0.003,-0.017,2021-06-09,2021-03-24,2021-02-05,2021-04-27,2021-03-11,2020-12-18,1308200.0,1475300.0,1179600.0,-25.6,-8.79,-29.77,-0.021,0.035,0.034,-0.024,-0.04,0.03,0.005,0.002,0.008,-0.001,-0.015,-0.001,-0.0237,0.03397,0.03012,-0.02339,-0.03402,0.03075,43.473,57.442,49.37,35.035,41.274,38.349,5.819,29.97,16.061,0.0,5.493,0.0,49.808,65.545,72.433,34.257,29.551,58.82,2021-06-25,2021-04-13,2021-03-02,2021-07-13,2021-05-31,2021-03-23,73,42,89,43,69,62,2021-06-08,2021-03-15,2020-11-19,2021-07-13,2021-05-17,2020-12-29,2021-07-12,2021-07-06,2021-07-01,2021-07-13,2021-07-09,2021-07-02,2021-06-17,2021-04-09,2021-02-18,2021-07-12,2021-05-18,2021-03-15,,,,,p2n,,p2n,,,Life.BullEnd,Life.BullStart,Life.BullEnd,Life.BullRetrace,Life.BullStart,,
2021-07-14,RL,3.6,13.06,3.2,14.69,0.06,1.7,0,0,0,-,0,0,0,0.45582,,,,0.466,0.5001,0.53585,0.55566,0.54117,0.02279,,,-0.00055,,,-0.0532,,,0.02138,,,0.05338,,,-0.01888,,,0.0306,-0.07599,0.10659,3e-05,,,0.47681,0.50184,-0.02503,-0.02389,-0.02349,-0.00041,,,,,-1.28,23.11,-2.17,11.07,-10.63,2.79,-12.66,9.73,5.0,32.0,8.0,21.0,17.0,7.0,11.0,12.0,0.0099,0.0,0.00389,-0.00814,0.47849,32.36342,34.77477,,,-1.89358,12.5,6.10649,,,15.23569,11.95286,35.0772,35.06996,,,0.02287,0.02502,,,-0.15,,,,,,,,,0.552,0.789,0.663,0.524,0.662,0.602,2021-06-14,2021-04-15,2021-03-19,2021-05-28,2021-03-23,2021-03-04,-17.42,5.34,-33.59,19.18,-0.15,10.13,22.0,10.0,27.0,17.0,2.0,11.0,-1.0,1.0,-1.0,1.0,-0.0,1.0,0.466,0.495,0.49,0.456,0.471,0.486,2021-07-14,2021-07-06,2021-07-01,2021-07-13,2021-07-05,2021-06-30,0.039,0.028,0.0,0.027,0.022,100.0,2021-05-10,2020-12-22,1999-01-01,2021-01-18,2020-11-02,1999-01-01,0.125,0.003,0.0,0.023,0.002,-0.073,2021-04-26,2021-01-14,1999-01-01,2021-07-13,2021-01-22,2020-11-04,0.119,0.034,0.0,0.016,-0.068,100.0,2021-04-19,2020-12-21,1999-01-01,2021-01-26,2020-10-07,1999-01-01,0.174,0.033,0.0,0.039,0.016,-0.097,2021-04-21,2020-12-23,1999-01-01,2021-06-25,2021-01-25,2020-10-14,0.01,0.011,0.001,0.01,-0.027,-0.002,2021-06-28,2021-06-16,2021-03-29,2021-06-25,2021-05-03,2021-03-09,0.017,0.001,0.021,-0.015,-0.033,-0.009,2021-05-27,2021-03-29,2021-02-04,2021-06-18,2021-04-26,2021-03-05,0.022,0.002,0.025,-0.043,-0.007,-0.035,2021-06-14,2021-03-29,2021-02-05,2021-04-27,2021-03-09,2020-12-17,0.009,-0.002,0.015,-0.026,-0.003,-0.017,2021-06-09,2021-03-24,2021-02-05,2021-04-27,2021-03-11,2020-12-18,1475300.0,1179600.0,840600.0,-8.79,-29.77,-11.8,-0.021,0.035,0.034,-0.024,-0.04,0.03,0.005,0.002,0.008,-0.001,-0.015,-0.001,-0.0237,0.03397,0.03012,-0.02339,-0.03402,0.03075,43.473,57.442,49.37,35.035,41.274,38.349,5.819,29.97,16.061,0.0,5.493,0.0,49.808,65.545,72.433,34.257,29.551,58.82,2021-06-25,2021-04-13,2021-03-02,2021-07-13,2021-05-31,2021-03-23,73,42,89,43,69,62,2021-06-08,2021-03-15,2020-11-19,2021-07-13,2021-05-17,2020-12-29,2021-07-12,2021-07-06,2021-07-01,2021-07-13,2021-07-09,2021-07-02,2021-06-17,2021-04-09,2021-02-18,2021-07-12,2021-05-18,2021-03-15,,,,,,p2n,,,,Life.BullEnd,Life.BullStart,Life.BullEnd,Life.BullRetrace,Life.BullStart,,
2021-07-15,RL,3.6,12.78,3.2,14.38,0.07,1.74,0,0,0,-,1,1,1,0.4531,,,,,0.49669,0.53271,0.55368,0.54032,0.02295,,,-0.00286,,,-0.05465,,,0.02147,,0.021,0.05463,,,-0.02359,,,0.03168,-0.0776,0.10928,-0.00112,,,0.47357,0.49843,-0.02485,-0.02369,-0.02353,-0.00016,,,,,-0.68,23.11,-2.17,11.07,-10.63,2.79,-12.66,9.73,4.0,32.0,8.0,21.0,17.0,7.0,11.0,12.0,-0.0,-0.0099,0.00389,-0.00814,0.47849,32.36342,35.32182,,,-1.89358,13.32436,8.60812,,13.324,24.47143,15.98543,35.23039,35.11404,,,0.02265,0.02466,,,-0.15,,,,,,,,,0.552,0.789,0.663,0.524,0.662,0.602,2021-06-14,2021-04-15,2021-03-19,2021-05-28,2021-03-23,2021-03-04,-17.92,5.34,-33.59,19.18,-0.15,10.13,23.0,10.0,27.0,17.0,2.0,11.0,-1.0,1.0,-1.0,1.0,-0.0,1.0,0.466,0.495,0.49,0.456,0.471,0.486,2021-07-14,2021-07-06,2021-07-01,2021-07-13,2021-07-05,2021-06-30,0.039,0.028,0.0,0.027,0.022,100.0,2021-05-10,2020-12-22,1999-01-01,2021-01-18,2020-11-02,1999-01-01,0.125,0.003,0.0,0.023,0.002,-0.073,2021-04-26,2021-01-14,1999-01-01,2021-07-13,2021-01-22,2020-11-04,0.119,0.034,0.0,0.016,-0.068,100.0,2021-04-19,2020-12-21,1999-01-01,2021-01-26,2020-10-07,1999-01-01,0.174,0.033,0.0,0.039,0.016,-0.097,2021-04-21,2020-12-23,1999-01-01,2021-06-25,2021-01-25,2020-10-14,0.01,0.011,0.001,0.01,-0.027,-0.002,2021-06-28,2021-06-16,2021-03-29,2021-06-25,2021-05-03,2021-03-09,0.021,0.017,0.001,-0.015,-0.033,-0.009,2021-07-15,2021-05-27,2021-03-29,2021-06-18,2021-04-26,2021-03-05,0.022,0.002,0.025,-0.043,-0.007,-0.035,2021-06-14,2021-03-29,2021-02-05,2021-04-27,2021-03-09,2020-12-17,0.009,-0.002,0.015,-0.026,-0.003,-0.017,2021-06-09,2021-03-24,2021-02-05,2021-04-27,2021-03-11,2020-12-18,1179600.0,840600.0,1504900.0,-29.77,-11.8,0.85,-0.021,0.035,0.034,-0.024,-0.04,0.03,0.005,0.002,0.008,-0.001,-0.015,-0.001,-0.0237,0.03397,0.03012,-0.02339,-0.03402,0.03075,43.473,57.442,49.37,35.035,41.274,38.349,13.324,5.819,29.97,0.0,5.493,0.0,49.808,65.545,72.433,34.257,29.551,58.82,2021-06-25,2021-04-13,2021-03-02,2021-07-13,2021-05-31,2021-03-23,73,42,89,43,69,62,2021-06-08,2021-03-15,2020-11-19,2021-07-13,2021-05-17,2020-12-29,2021-07-15,2021-07-12,2021-07-06,2021-07-13,2021-07-09,2021-07-02,2021-06-17,2021-04-09,2021-02-18,2021-07-12,2021-05-18,2021-03-15,,,,,p2n,,,,,Life.BullEnd,Life.BullStart,Life.BullEnd,Life.BullRetrace,Life.BullStart,,
2021-07-16,RL,3.6,12.5,3.2,14.06,0.07,1.78,0,0,0,-,1,1,1,0.45127,,,,,0.49278,0.5293,0.55155,0.53938,0.02311,,,-0.00527,,,-0.05588,,,0.02131,,,0.05557,,,-0.02811,,,0.03246,-0.07899,0.11145,-0.00223,,,0.46932,0.49454,-0.02522,-0.02337,-0.0235,0.00012,,,,,-0.28,23.11,-2.17,11.07,-10.63,2.79,-12.66,9.73,3.0,32.0,8.0,21.0,17.0,7.0,11.0,12.0,-0.0,-0.0099,0.00389,-0.00637,0.61099,37.92624,36.04272,,,3.66924,7.76398,11.19611,,,30.08311,23.26341,35.49276,35.26678,,,0.0221,0.0243,,,-0.15,,,,,,,,,0.552,0.789,0.663,0.524,0.662,0.602,2021-06-14,2021-04-15,2021-03-19,2021-05-28,2021-03-23,2021-03-04,-18.25,5.34,-33.59,19.18,-0.15,10.13,24.0,10.0,27.0,17.0,2.0,11.0,-1.0,1.0,-1.0,1.0,-0.0,1.0,0.466,0.495,0.49,0.456,0.471,0.486,2021-07-14,2021-07-06,2021-07-01,2021-07-13,2021-07-05,2021-06-30,0.039,0.028,0.0,0.027,0.022,100.0,2021-05-10,2020-12-22,1999-01-01,2021-01-18,2020-11-02,1999-01-01,0.125,0.003,0.0,0.023,0.002,-0.073,2021-04-26,2021-01-14,1999-01-01,2021-07-13,2021-01-22,2020-11-04,0.119,0.034,0.0,0.016,-0.068,100.0,2021-04-19,2020-12-21,1999-01-01,2021-01-26,2020-10-07,1999-01-01,0.174,0.033,0.0,0.039,0.016,-0.097,2021-04-21,2020-12-23,1999-01-01,2021-06-25,2021-01-25,2020-10-14,0.01,0.011,0.001,0.01,-0.027,-0.002,2021-06-28,2021-06-16,2021-03-29,2021-06-25,2021-05-03,2021-03-09,0.021,0.017,0.001,-0.015,-0.033,-0.009,2021-07-15,2021-05-27,2021-03-29,2021-06-18,2021-04-26,2021-03-05,0.022,0.002,0.025,-0.043,-0.007,-0.035,2021-06-14,2021-03-29,2021-02-05,2021-04-27,2021-03-09,2020-12-17,0.009,-0.002,0.015,-0.026,-0.003,-0.017,2021-06-09,2021-03-24,2021-02-05,2021-04-27,2021-03-11,2020-12-18,840600.0,1504900.0,1784400.0,-11.8,0.85,17.16,-0.021,0.035,0.034,-0.024,-0.04,0.03,0.005,0.002,0.008,-0.001,-0.015,-0.001,-0.0237,0.03397,0.03012,-0.02339,-0.03402,0.03075,43.473,57.442,49.37,35.035,41.274,38.349,13.324,5.819,29.97,0.0,5.493,0.0,49.808,65.545,72.433,34.257,29.551,58.82,2021-06-25,2021-04-13,2021-03-02,2021-07-13,2021-05-31,2021-03-23,73,42,89,43,69,62,2021-06-08,2021-03-15,2020-11-19,2021-07-13,2021-05-17,2020-12-29,2021-07-15,2021-07-12,2021-07-06,2021-07-13,2021-07-09,2021-07-02,2021-06-17,2021-04-09,2021-02-18,2021-07-12,2021-05-18,2021-03-15,,,,,,,,,,Life.BullEnd,Life.BullStart,Life.BullEnd,Life.BullRetrace,Life.BullStart,,
2021-07-19,RL,3.6,12.36,3.2,13.91,0.07,1.8,0,0,0,-,1,1,1,0.4504,,,,,0.48879,0.52584,0.54936,0.5384,0.02319,,0.023,-0.00769,,,-0.05695,,,0.02093,,,0.05608,,0.056,-0.03227,,,0.03289,-0.08014,0.11302,-0.00327,,,0.46495,0.49056,-0.02562,-0.02294,-0.02339,0.00044,,,,,-0.09,23.11,-2.17,11.07,-10.63,2.79,-12.66,9.73,2.0,32.0,8.0,21.0,17.0,7.0,11.0,12.0,-0.0,-0.005,0.00284,-0.00673,0.42144,29.64899,36.92627,,,-4.60801,0.0,7.02945,,,18.972,24.50885,35.85955,35.52757,,,0.02122,0.02395,,,-0.15,,,,,,,,,0.552,0.789,0.663,0.524,0.662,0.602,2021-06-14,2021-04-15,2021-03-19,2021-05-28,2021-03-23,2021-03-04,-18.41,5.34,-33.59,19.18,-0.15,10.13,25.0,10.0,27.0,17.0,2.0,11.0,-1.0,1.0,-1.0,1.0,-0.0,1.0,0.466,0.495,0.49,0.456,0.471,0.486,2021-07-14,2021-07-06,2021-07-01,2021-07-13,2021-07-05,2021-06-30,0.039,0.028,0.0,0.027,0.022,100.0,2021-05-10,2020-12-22,1999-01-01,2021-01-18,2020-11-02,1999-01-01,0.023,0.125,0.003,0.023,0.002,-0.073,2021-07-19,2021-04-26,2021-01-14,2021-07-13,2021-01-22,2020-11-04,0.119,0.034,0.0,0.016,-0.068,100.0,2021-04-19,2020-12-21,1999-01-01,2021-01-26,2020-10-07,1999-01-01,0.056,0.174,0.033,0.039,0.016,-0.097,2021-07-19,2021-04-21,2020-12-23,2021-06-25,2021-01-25,2020-10-14,0.01,0.011,0.001,0.01,-0.027,-0.002,2021-06-28,2021-06-16,2021-03-29,2021-06-25,2021-05-03,2021-03-09,0.021,0.017,0.001,-0.015,-0.033,-0.009,2021-07-15,2021-05-27,2021-03-29,2021-06-18,2021-04-26,2021-03-05,0.022,0.002,0.025,-0.043,-0.007,-0.035,2021-06-14,2021-03-29,2021-02-05,2021-04-27,2021-03-09,2020-12-17,0.009,-0.002,0.015,-0.026,-0.003,-0.017,2021-06-09,2021-03-24,2021-02-05,2021-04-27,2021-03-11,2020-12-18,1504900.0,1784400.0,2047200.0,0.85,17.16,29.22,-0.021,0.035,0.034,-0.024,-0.04,0.03,0.005,0.002,0.008,-0.001,-0.015,-0.001,-0.0237,0.03397,0.03012,-0.02339,-0.03402,0.03075,43.473,57.442,49.37,35.035,41.274,38.349,13.324,5.819,29.97,0.0,5.493,0.0,49.808,65.545,72.433,34.257,29.551,58.82,2021-06-25,2021-04-13,2021-03-02,2021-07-13,2021-05-31,2021-03-23,73,42,89,43,69,62,2021-06-08,2021-03-15,2020-11-19,2021-07-13,2021-05-17,2020-12-29,2021-07-15,2021-07-12,2021-07-06,2021-07-13,2021-07-09,2021-07-02,2021-06-17,2021-04-09,2021-02-18,2021-07-12,2021-05-18,2021-03-15,,,,,,,,,,Life.BullEnd,Life.BullStart,Life.BullEnd,Life.BullRetrace,Life.BullStart,,
2021-07-21,RL,3.6,11.94,3.2,13.44,0.07,1.86,0,0,0,-,1,1,1,0.45035,0.45,,0.426,,0.48397,0.52193,0.54692,0.53728,0.02312,,,-0.01004,,,-0.05786,,,0.0204,,,0.05603,,,-0.03591,,,0.03291,-0.08098,0.11389,-0.0042,,,0.45897,0.48579,-0.02682,-0.0224,-0.02319,0.00079,,,,,23.02,-2.17,11.07,-10.63,2.79,-12.66,9.73,,32.0,8.0,21.0,17.0,7.0,11.0,12.0,,-0.0,-0.0148,0.00284,-0.00708,0.40061,28.60231,37.95637,,,-5.65469,0.0,2.58799,0.0,,5.61167,18.22226,36.3265,35.89293,,,0.02077,0.02361,,,-0.15,,,,,,,,,0.552,0.789,0.663,0.45,0.524,0.662,2021-06-14,2021-04-15,2021-03-19,2021-07-21,2021-05-28,2021-03-23,0.0,-18.48,5.34,-33.59,19.18,-0.15,0.0,26.0,10.0,27.0,17.0,2.0,0.0,-1.0,1.0,-1.0,1.0,-0.0,0.466,0.495,0.49,0.426,0.456,0.471,2021-07-14,2021-07-06,2021-07-01,2021-07-21,2021-07-13,2021-07-05,0.039,0.028,0.0,0.027,0.022,100.0,2021-05-10,2020-12-22,1999-01-01,2021-01-18,2020-11-02,1999-01-01,0.023,0.125,0.003,0.023,0.002,-0.073,2021-07-19,2021-04-26,2021-01-14,2021-07-13,2021-01-22,2020-11-04,0.119,0.034,0.0,0.016,-0.068,100.0,2021-04-19,2020-12-21,1999-01-01,2021-01-26,2020-10-07,1999-01-01,0.056,0.174,0.033,0.039,0.016,-0.097,2021-07-19,2021-04-21,2020-12-23,2021-06-25,2021-01-25,2020-10-14,0.01,0.011,0.001,0.01,-0.027,-0.002,2021-06-28,2021-06-16,2021-03-29,2021-06-25,2021-05-03,2021-03-09,0.021,0.017,0.001,-0.015,-0.033,-0.009,2021-07-15,2021-05-27,2021-03-29,2021-06-18,2021-04-26,2021-03-05,0.022,0.002,0.025,-0.043,-0.007,-0.035,2021-06-14,2021-03-29,2021-02-05,2021-04-27,2021-03-09,2020-12-17,0.009,-0.002,0.015,-0.026,-0.003,-0.017,2021-06-09,2021-03-24,2021-02-05,2021-04-27,2021-03-11,2020-12-18,1784400.0,2047200.0,1607000.0,17.16,29.22,1.91,-0.021,0.035,0.034,-0.024,-0.04,0.03,0.005,0.002,0.008,-0.001,-0.015,-0.001,-0.0237,0.03397,0.03012,-0.02339,-0.03402,0.03075,43.473,57.442,49.37,35.035,41.274,38.349,13.324,5.819,29.97,0.0,0.0,5.493,49.808,65.545,72.433,34.257,29.551,58.82,2021-06-25,2021-04-13,2021-03-02,2021-07-13,2021-05-31,2021-03-23,73,42,89,43,69,62,2021-06-08,2021-03-15,2020-11-19,2021-07-13,2021-05-17,2020-12-29,2021-07-15,2021-07-12,2021-07-06,2021-07-21,2021-07-13,2021-07-09,2021-06-17,2021-04-09,2021-02-18,2021-07-12,2021-05-18,2021-03-15,,,,,,,,,,Life.BullEnd,Life.BullStart,Life.BullEnd,Life.BullRetrace,Life.BullStart,,
2021-07-22,RL,3.6,12.36,3.2,13.91,0.07,1.8,0,0,0,-,0,0,0,0.45101,,,,,0.48066,0.51875,0.54482,0.53632,0.02283,,,-0.0122,,,-0.05863,,,0.01975,,,0.05534,,,-0.03887,,,0.03251,-0.08145,0.11397,-0.00498,,,0.45619,0.48246,-0.02627,-0.02175,-0.0229,0.00115,,,,,22.84,-2.17,11.07,-10.63,2.79,-12.66,9.73,,31.0,8.0,21.0,17.0,7.0,11.0,12.0,,0.0148,0.0,0.00354,-0.00708,0.4995,33.3109,39.10522,,,-0.9461,21.35642,7.11881,,,14.25819,12.94729,36.8901,36.35872,,,0.0207,0.02329,,,-0.15,,,,,,,,,0.552,0.789,0.663,0.45,0.524,0.662,2021-06-14,2021-04-15,2021-03-19,2021-07-21,2021-05-28,2021-03-23,0.22,-18.48,5.34,-33.59,19.18,-0.15,1.0,26.0,10.0,27.0,17.0,2.0,0.0,-1.0,1.0,-1.0,1.0,-0.0,0.466,0.495,0.49,0.426,0.456,0.471,2021-07-14,2021-07-06,2021-07-01,2021-07-21,2021-07-13,2021-07-05,0.039,0.028,0.0,0.027,0.022,100.0,2021-05-10,2020-12-22,1999-01-01,2021-01-18,2020-11-02,1999-01-01,0.023,0.125,0.003,0.023,0.002,-0.073,2021-07-19,2021-04-26,2021-01-14,2021-07-13,2021-01-22,2020-11-04,0.119,0.034,0.0,0.016,-0.068,100.0,2021-04-19,2020-12-21,1999-01-01,2021-01-26,2020-10-07,1999-01-01,0.056,0.174,0.033,0.039,0.016,-0.097,2021-07-19,2021-04-21,2020-12-23,2021-06-25,2021-01-25,2020-10-14,0.01,0.011,0.001,0.01,-0.027,-0.002,2021-06-28,2021-06-16,2021-03-29,2021-06-25,2021-05-03,2021-03-09,0.021,0.017,0.001,-0.015,-0.033,-0.009,2021-07-15,2021-05-27,2021-03-29,2021-06-18,2021-04-26,2021-03-05,0.022,0.002,0.025,-0.043,-0.007,-0.035,2021-06-14,2021-03-29,2021-02-05,2021-04-27,2021-03-09,2020-12-17,0.009,-0.002,0.015,-0.026,-0.003,-0.017,2021-06-09,2021-03-24,2021-02-05,2021-04-27,2021-03-11,2020-12-18,2047200.0,1607000.0,1055400.0,29.22,1.91,-13.4,-0.021,0.035,0.034,-0.024,-0.04,0.03,0.005,0.002,0.008,-0.001,-0.015,-0.001,-0.0237,0.03397,0.03012,-0.02339,-0.03402,0.03075,43.473,57.442,49.37,35.035,41.274,38.349,13.324,5.819,29.97,0.0,0.0,5.493,49.808,65.545,72.433,34.257,29.551,58.82,2021-06-25,2021-04-13,2021-03-02,2021-07-13,2021-05-31,2021-03-23,73,42,89,43,69,62,2021-06-08,2021-03-15,2020-11-19,2021-07-13,2021-05-17,2020-12-29,2021-07-15,2021-07-12,2021-07-06,2021-07-21,2021-07-13,2021-07-09,2021-06-17,2021-04-09,2021-02-18,2021-07-12,2021-05-18,2021-03-15,,,,,,,,,,Life.BullEnd,Life.BullStart,Life.BullEnd,Life.BullRetrace,Life.BullStart,,
2021-07-23,RL,3.6,13.33,3.2,15.0,0.06,1.67,0,0,0,-,0,0,0,0.45233,,,,0.476,0.48027,0.51706,0.54345,0.53572,0.02227,,,-0.0141,,,-0.05924,,,0.01905,,,0.05394,,,-0.04101,,,0.03167,-0.08151,0.11318,-0.00555,,,0.45918,0.48195,-0.02278,-0.02101,-0.02252,0.00151,,,,,22.48,-2.17,11.07,-10.63,2.79,-12.66,9.73,,30.0,8.0,21.0,17.0,7.0,11.0,12.0,,0.0347,0.0,0.00601,-0.00566,1.06313,51.52999,40.34617,,,17.27299,71.42857,30.92833,,71.429,44.53342,21.46776,37.54408,36.92022,,,0.02205,0.02297,,,-0.15,,,,,,,,,0.552,0.789,0.663,0.45,0.524,0.662,2021-06-14,2021-04-15,2021-03-19,2021-07-21,2021-05-28,2021-03-23,0.52,-18.48,5.34,-33.59,19.18,-0.15,2.0,26.0,10.0,27.0,17.0,2.0,0.0,-1.0,1.0,-1.0,1.0,-0.0,0.476,0.466,0.495,0.426,0.456,0.471,2021-07-23,2021-07-14,2021-07-06,2021-07-21,2021-07-13,2021-07-05,0.039,0.028,0.0,0.027,0.022,100.0,2021-05-10,2020-12-22,1999-01-01,2021-01-18,2020-11-02,1999-01-01,0.023,0.125,0.003,0.023,0.002,-0.073,2021-07-19,2021-04-26,2021-01-14,2021-07-13,2021-01-22,2020-11-04,0.119,0.034,0.0,0.016,-0.068,100.0,2021-04-19,2020-12-21,1999-01-01,2021-01-26,2020-10-07,1999-01-01,0.056,0.174,0.033,0.039,0.016,-0.097,2021-07-19,2021-04-21,2020-12-23,2021-06-25,2021-01-25,2020-10-14,0.01,0.011,0.001,0.01,-0.027,-0.002,2021-06-28,2021-06-16,2021-03-29,2021-06-25,2021-05-03,2021-03-09,0.021,0.017,0.001,-0.015,-0.033,-0.009,2021-07-15,2021-05-27,2021-03-29,2021-06-18,2021-04-26,2021-03-05,0.022,0.002,0.025,-0.043,-0.007,-0.035,2021-06-14,2021-03-29,2021-02-05,2021-04-27,2021-03-09,2020-12-17,0.009,-0.002,0.015,-0.026,-0.003,-0.017,2021-06-09,2021-03-24,2021-02-05,2021-04-27,2021-03-11,2020-12-18,1607000.0,1055400.0,5028800.0,1.91,-13.4,63.31,-0.021,0.035,0.034,-0.024,-0.04,0.03,0.005,0.002,0.008,-0.001,-0.015,-0.001,-0.0237,0.03397,0.03012,-0.02339,-0.03402,0.03075,43.473,57.442,49.37,35.035,41.274,38.349,71.429,13.324,5.819,0.0,0.0,5.493,49.808,65.545,72.433,34.257,29.551,58.82,2021-06-25,2021-04-13,2021-03-02,2021-07-13,2021-05-31,2021-03-23,73,42,89,43,69,62,2021-06-08,2021-03-15,2020-11-19,2021-07-13,2021-05-17,2020-12-29,2021-07-23,2021-07-15,2021-07-12,2021-07-21,2021-07-13,2021-07-09,2021-06-17,2021-04-09,2021-02-18,2021-07-12,2021-05-18,2021-03-15,5028800.0,,,,,,,,n2p,Life.BullEnd,Life.BullStart,Life.BullEnd,Life.BullRetrace,Life.BullStart,,
2021-07-26,RL,3.6,12.78,3.2,14.38,0.07,1.74,0,0,0,-,0,0,0,0.45417,,,,,0.47839,0.51465,0.54171,0.53492,0.02139,,,-0.01563,,,-0.05969,,,0.01832,,,0.05178,,,-0.04219,,,0.03039,-0.08108,0.11147,-0.0059,,,0.45866,0.48002,-0.02136,-0.02018,-0.02205,0.00188,,,,,21.98,-2.17,11.07,-10.63,2.79,-12.66,9.73,,29.0,8.0,21.0,17.0,7.0,11.0,12.0,,-0.0,-0.0198,0.00601,-0.00707,0.85051,45.9607,41.65991,,,11.7037,42.85714,45.21405,,,59.90609,39.5659,38.27749,37.57055,,,0.02296,0.02267,,,-0.15,,,,,,,,,0.552,0.789,0.663,0.45,0.524,0.662,2021-06-14,2021-04-15,2021-03-19,2021-07-21,2021-05-28,2021-03-23,0.93,-18.48,5.34,-33.59,19.18,-0.15,3.0,26.0,10.0,27.0,17.0,2.0,0.0,-1.0,1.0,-1.0,1.0,-0.0,0.476,0.466,0.495,0.426,0.456,0.471,2021-07-23,2021-07-14,2021-07-06,2021-07-21,2021-07-13,2021-07-05,0.039,0.028,0.0,0.027,0.022,100.0,2021-05-10,2020-12-22,1999-01-01,2021-01-18,2020-11-02,1999-01-01,0.023,0.125,0.003,0.023,0.002,-0.073,2021-07-19,2021-04-26,2021-01-14,2021-07-13,2021-01-22,2020-11-04,0.119,0.034,0.0,0.016,-0.068,100.0,2021-04-19,2020-12-21,1999-01-01,2021-01-26,2020-10-07,1999-01-01,0.056,0.174,0.033,0.039,0.016,-0.097,2021-07-19,2021-04-21,2020-12-23,2021-06-25,2021-01-25,2020-10-14,0.01,0.011,0.001,0.01,-0.027,-0.002,2021-06-28,2021-06-16,2021-03-29,2021-06-25,2021-05-03,2021-03-09,0.021,0.017,0.001,-0.015,-0.033,-0.009,2021-07-15,2021-05-27,2021-03-29,2021-06-18,2021-04-26,2021-03-05,0.022,0.002,0.025,-0.043,-0.007,-0.035,2021-06-14,2021-03-29,2021-02-05,2021-04-27,2021-03-09,2020-12-17,0.009,-0.002,0.015,-0.026,-0.003,-0.017,2021-06-09,2021-03-24,2021-02-05,2021-04-27,2021-03-11,2020-12-18,1055400.0,5028800.0,2380700.0,-13.4,63.31,10.06,-0.021,0.035,0.034,-0.024,-0.04,0.03,0.005,0.002,0.008,-0.001,-0.015,-0.001,-0.0237,0.03397,0.03012,-0.02339,-0.03402,0.03075,43.473,57.442,49.37,35.035,41.274,38.349,71.429,13.324,5.819,0.0,0.0,5.493,49.808,65.545,72.433,34.257,29.551,58.82,2021-06-25,2021-04-13,2021-03-02,2021-07-13,2021-05-31,2021-03-23,73,42,89,43,69,62,2021-06-08,2021-03-15,2020-11-19,2021-07-13,2021-05-17,2020-12-29,2021-07-23,2021-07-15,2021-07-12,2021-07-21,2021-07-13,2021-07-09,2021-06-17,2021-04-09,2021-02-18,2021-07-12,2021-05-18,2021-03-15,,,,,,,,n2p,,Life.BullEnd,Life.BullStart,Life.BullEnd,Life.BullRetrace,Life.BullStart,,
2021-07-27,RL,3.6,12.64,3.2,14.22,0.07,1.76,0,0,0,-,0,0,0,0.45633,,,0.451,,0.47626,0.51215,0.53991,0.53408,0.02016,,,-0.0167,,,-0.05999,,,0.01762,,,0.04884,,,-0.0423,-0.042,,0.02868,-0.08016,0.10883,-0.00599,-0.006,,0.45745,0.47785,-0.02041,-0.01927,-0.0215,0.00223,,,,,21.4,-2.17,11.07,-10.63,2.79,-12.66,9.73,,28.0,8.0,21.0,17.0,7.0,11.0,12.0,,-0.0,-0.005,0.00424,-0.00743,0.57115,36.35251,43.02212,,,2.09551,35.64214,49.97595,35.642,,58.43258,54.2907,39.07643,38.29933,,,0.02273,0.02237,,,-0.15,,,,,,,,,0.552,0.789,0.663,0.45,0.524,0.662,2021-06-14,2021-04-15,2021-03-19,2021-07-21,2021-05-28,2021-03-23,1.41,-18.48,5.34,-33.59,19.18,-0.15,4.0,26.0,10.0,27.0,17.0,2.0,0.0,-1.0,1.0,-1.0,1.0,-0.0,0.476,0.466,0.495,0.451,0.426,0.456,2021-07-23,2021-07-14,2021-07-06,2021-07-27,2021-07-21,2021-07-13,0.039,0.028,0.0,0.027,0.022,100.0,2021-05-10,2020-12-22,1999-01-01,2021-01-18,2020-11-02,1999-01-01,0.023,0.125,0.003,0.023,0.002,-0.073,2021-07-19,2021-04-26,2021-01-14,2021-07-13,2021-01-22,2020-11-04,0.119,0.034,0.0,0.016,-0.068,100.0,2021-04-19,2020-12-21,1999-01-01,2021-01-26,2020-10-07,1999-01-01,0.056,0.174,0.033,0.039,0.016,-0.097,2021-07-19,2021-04-21,2020-12-23,2021-06-25,2021-01-25,2020-10-14,0.01,0.011,0.001,0.01,-0.027,-0.002,2021-06-28,2021-06-16,2021-03-29,2021-06-25,2021-05-03,2021-03-09,0.021,0.017,0.001,-0.015,-0.033,-0.009,2021-07-15,2021-05-27,2021-03-29,2021-06-18,2021-04-26,2021-03-05,0.022,0.002,0.025,-0.042,-0.043,-0.007,2021-06-14,2021-03-29,2021-02-05,2021-07-27,2021-04-27,2021-03-09,0.009,-0.002,0.015,-0.006,-0.026,-0.003,2021-06-09,2021-03-24,2021-02-05,2021-07-27,2021-04-27,2021-03-11,5028800.0,2380700.0,1233000.0,63.31,10.06,2.1,-0.021,0.035,0.034,-0.024,-0.04,0.03,0.005,0.002,0.008,-0.001,-0.015,-0.001,-0.0237,0.03397,0.03012,-0.02339,-0.03402,0.03075,43.473,57.442,49.37,35.035,41.274,38.349,71.429,13.324,5.819,35.642,0.0,0.0,49.808,65.545,72.433,34.257,29.551,58.82,2021-06-25,2021-04-13,2021-03-02,2021-07-13,2021-05-31,2021-03-23,73,42,89,43,69,62,2021-06-08,2021-03-15,2020-11-19,2021-07-13,2021-05-17,2020-12-29,2021-07-23,2021-07-15,2021-07-12,2021-07-27,2021-07-21,2021-07-13,2021-06-17,2021-04-09,2021-02-18,2021-07-12,2021-05-18,2021-03-15,,,,,,,n2p,,,Life.BullEnd,Life.BullStart,Life.BullEnd,Life.BullRetrace,Life.BullStart,,
2021-07-28,RL,3.6,12.92,3.2,14.53,0.06,1.72,0,0,0,-,0,0,0,0.4585,,,,,0.47507,0.51013,0.53834,0.53335,0.01856,,,-0.01725,-0.017,,-0.06014,,,0.01696,,,0.04513,,,-0.04128,,,0.02656,-0.07871,0.10527,-0.0058,,,0.45795,0.47658,-0.01863,-0.01829,-0.02085,0.00257,,,,,20.83,-2.17,11.07,-10.63,2.79,-12.66,9.73,,27.0,8.0,21.0,17.0,7.0,11.0,12.0,,0.0099,0.0,0.00495,-0.00672,0.73645,42.41126,44.40542,,,8.15426,53.72671,44.07533,,,44.79601,54.37822,39.92695,39.09363,,,0.02217,0.02209,,,-0.15,,,,,,,,,0.552,0.789,0.663,0.45,0.524,0.662,2021-06-14,2021-04-15,2021-03-19,2021-07-21,2021-05-28,2021-03-23,1.89,-18.48,5.34,-33.59,19.18,-0.15,5.0,26.0,10.0,27.0,17.0,2.0,0.0,-1.0,1.0,-1.0,1.0,-0.0,0.476,0.466,0.495,0.451,0.426,0.456,2021-07-23,2021-07-14,2021-07-06,2021-07-27,2021-07-21,2021-07-13,0.039,0.028,0.0,0.027,0.022,100.0,2021-05-10,2020-12-22,1999-01-01,2021-01-18,2020-11-02,1999-01-01,0.023,0.125,0.003,0.023,0.002,-0.073,2021-07-19,2021-04-26,2021-01-14,2021-07-13,2021-01-22,2020-11-04,0.119,0.034,0.0,0.016,-0.068,100.0,2021-04-19,2020-12-21,1999-01-01,2021-01-26,2020-10-07,1999-01-01,0.056,0.174,0.033,0.039,0.016,-0.097,2021-07-19,2021-04-21,2020-12-23,2021-06-25,2021-01-25,2020-10-14,0.01,0.011,0.001,-0.017,0.01,-0.027,2021-06-28,2021-06-16,2021-03-29,2021-07-28,2021-06-25,2021-05-03,0.021,0.017,0.001,-0.015,-0.033,-0.009,2021-07-15,2021-05-27,2021-03-29,2021-06-18,2021-04-26,2021-03-05,0.022,0.002,0.025,-0.042,-0.043,-0.007,2021-06-14,2021-03-29,2021-02-05,2021-07-27,2021-04-27,2021-03-09,0.009,-0.002,0.015,-0.006,-0.026,-0.003,2021-06-09,2021-03-24,2021-02-05,2021-07-27,2021-04-27,2021-03-11,2380700.0,1233000.0,1121900.0,10.06,2.1,-45.21,-0.021,0.035,0.034,-0.024,-0.04,0.03,0.005,0.002,0.008,-0.001,-0.015,-0.001,-0.0237,0.03397,0.03012,-0.02339,-0.03402,0.03075,43.473,57.442,49.37,35.035,41.274,38.349,71.429,13.324,5.819,35.642,0.0,0.0,49.808,65.545,72.433,34.257,29.551,58.82,2021-06-25,2021-04-13,2021-03-02,2021-07-13,2021-05-31,2021-03-23,73,42,89,43,69,62,2021-06-08,2021-03-15,2020-11-19,2021-07-13,2021-05-17,2020-12-29,2021-07-23,2021-07-15,2021-07-12,2021-07-27,2021-07-21,2021-07-13,2021-06-17,2021-04-09,2021-02-18,2021-07-12,2021-05-18,2021-03-15,,,1121900.0,,,n2p,,,p2n,Life.BullEnd,Life.BullStart,Life.BullEnd,Life.BullRetrace,Life.BullStart,,
2021-07-29,RL,3.6,13.06,3.2,14.69,0.06,1.7,0,0,0,-,0,0,0,0.46042,,,,0.466,0.47435,0.50839,0.5369,0.53268,0.01659,,,-0.01721,,,-0.06014,-0.06,,0.01636,,,0.04067,,,-0.03908,,,0.02408,-0.07673,0.10081,-0.00532,,,0.45914,0.47578,-0.01664,-0.01726,-0.02013,0.00288,,,,,20.33,-2.17,11.07,-10.63,2.79,-12.66,9.73,,26.0,8.0,21.0,17.0,7.0,11.0,12.0,,0.005,0.0,0.00531,-0.00495,1.07215,51.74095,45.79327,,,17.48395,61.49068,50.28651,,61.491,46.09,49.77286,40.81623,39.93987,,,0.02235,0.02182,,,-0.15,,,,,,,,,0.552,0.789,0.663,0.45,0.524,0.662,2021-06-14,2021-04-15,2021-03-19,2021-07-21,2021-05-28,2021-03-23,2.32,-18.48,5.34,-33.59,19.18,-0.15,6.0,26.0,10.0,27.0,17.0,2.0,0.0,-1.0,1.0,-1.0,1.0,-0.0,0.466,0.476,0.466,0.451,0.426,0.456,2021-07-29,2021-07-23,2021-07-14,2021-07-27,2021-07-21,2021-07-13,0.039,0.028,0.0,0.027,0.022,100.0,2021-05-10,2020-12-22,1999-01-01,2021-01-18,2020-11-02,1999-01-01,0.023,0.125,0.003,0.023,0.002,-0.073,2021-07-19,2021-04-26,2021-01-14,2021-07-13,2021-01-22,2020-11-04,0.119,0.034,0.0,-0.06,0.016,-0.068,2021-04-19,2020-12-21,1999-01-01,2021-07-29,2021-01-26,2020-10-07,0.056,0.174,0.033,0.039,0.016,-0.097,2021-07-19,2021-04-21,2020-12-23,2021-06-25,2021-01-25,2020-10-14,0.01,0.011,0.001,-0.017,0.01,-0.027,2021-06-28,2021-06-16,2021-03-29,2021-07-28,2021-06-25,2021-05-03,0.021,0.017,0.001,-0.015,-0.033,-0.009,2021-07-15,2021-05-27,2021-03-29,2021-06-18,2021-04-26,2021-03-05,0.022,0.002,0.025,-0.042,-0.043,-0.007,2021-06-14,2021-03-29,2021-02-05,2021-07-27,2021-04-27,2021-03-09,0.009,-0.002,0.015,-0.006,-0.026,-0.003,2021-06-09,2021-03-24,2021-02-05,2021-07-27,2021-04-27,2021-03-11,1233000.0,1121900.0,3192000.0,2.1,-45.21,17.13,-0.021,0.035,0.034,-0.024,-0.04,0.03,0.005,0.002,0.008,-0.001,-0.015,-0.001,-0.0237,0.03397,0.03012,-0.02339,-0.03402,0.03075,43.473,57.442,49.37,35.035,41.274,38.349,61.491,71.429,13.324,35.642,0.0,0.0,49.808,65.545,72.433,34.257,29.551,58.82,2021-06-25,2021-04-13,2021-03-02,2021-07-13,2021-05-31,2021-03-23,73,42,89,43,69,62,2021-06-08,2021-03-15,2020-11-19,2021-07-13,2021-05-17,2020-12-29,2021-07-29,2021-07-23,2021-07-15,2021-07-27,2021-07-21,2021-07-13,2021-06-17,2021-04-09,2021-02-18,2021-07-12,2021-05-18,2021-03-15,3192000.0,,,,n2p,,,p2n,n2p,Life.BullEnd,Life.BullStart,Life.BullEnd,Life.BullRetrace,Life.BullStart,,
2021-07-30,RL,3.6,12.78,3.2,14.38,0.07,1.74,0,0,0,-,0,0,0,0.46199,,,0.456,,0.47292,0.50633,0.5353,0.53192,0.01425,,,-0.01656,,,-0.06,,,0.01584,,,0.03552,,,-0.03571,,,0.02127,-0.07425,0.09552,-0.00454,,,0.45863,0.4743,-0.01567,-0.01618,-0.01934,0.00317,,,,,19.92,-2.17,11.07,-10.63,2.79,-12.66,9.73,,25.0,8.0,21.0,17.0,7.0,11.0,12.0,,-0.0,-0.0099,0.00531,-0.00566,0.93813,48.40391,47.19087,,,14.14691,46.11801,53.77847,46.118,,40.70443,43.86348,41.73366,40.82561,,,0.02182,0.02157,,,-0.15,,,,,,,,,0.552,0.789,0.663,0.45,0.524,0.662,2021-06-14,2021-04-15,2021-03-19,2021-07-21,2021-05-28,2021-03-23,2.66,-18.48,5.34,-33.59,19.18,-0.15,7.0,26.0,10.0,27.0,17.0,2.0,0.0,-1.0,1.0,-1.0,1.0,-0.0,0.466,0.476,0.466,0.456,0.451,0.426,2021-07-29,2021-07-23,2021-07-14,2021-07-30,2021-07-27,2021-07-21,0.039,0.028,0.0,0.027,0.022,100.0,2021-05-10,2020-12-22,1999-01-01,2021-01-18,2020-11-02,1999-01-01,0.023,0.125,0.003,0.023,0.002,-0.073,2021-07-19,2021-04-26,2021-01-14,2021-07-13,2021-01-22,2020-11-04,0.119,0.034,0.0,-0.06,0.016,-0.068,2021-04-19,2020-12-21,1999-01-01,2021-07-29,2021-01-26,2020-10-07,0.056,0.174,0.033,0.039,0.016,-0.097,2021-07-19,2021-04-21,2020-12-23,2021-06-25,2021-01-25,2020-10-14,0.01,0.011,0.001,-0.017,0.01,-0.027,2021-06-28,2021-06-16,2021-03-29,2021-07-28,2021-06-25,2021-05-03,0.021,0.017,0.001,-0.015,-0.033,-0.009,2021-07-15,2021-05-27,2021-03-29,2021-06-18,2021-04-26,2021-03-05,0.022,0.002,0.025,-0.042,-0.043,-0.007,2021-06-14,2021-03-29,2021-02-05,2021-07-27,2021-04-27,2021-03-09,0.009,-0.002,0.015,-0.006,-0.026,-0.003,2021-06-09,2021-03-24,2021-02-05,2021-07-27,2021-04-27,2021-03-11,1121900.0,3192000.0,1622600.0,-45.21,17.13,7.02,-0.021,0.035,0.034,-0.024,-0.04,0.03,0.005,0.002,0.008,-0.001,-0.015,-0.001,-0.0237,0.03397,0.03012,-0.02339,-0.03402,0.03075,43.473,57.442,49.37,35.035,41.274,38.349,61.491,71.429,13.324,46.118,35.642,0.0,49.808,65.545,72.433,34.257,29.551,58.82,2021-06-25,2021-04-13,2021-03-02,2021-07-13,2021-05-31,2021-03-23,73,42,89,43,69,62,2021-06-08,2021-03-15,2020-11-19,2021-07-13,2021-05-17,2020-12-29,2021-07-29,2021-07-23,2021-07-15,2021-07-30,2021-07-27,2021-07-21,2021-06-17,2021-04-09,2021-02-18,2021-07-12,2021-05-18,2021-03-15,,,,,,,p2n,n2p,,Life.BullEnd,Life.BullStart,Life.BullEnd,Life.BullRetrace,Life.BullStart,,
2021-08-02,RL,3.6,13.06,3.2,14.69,0.06,1.7,0,0,0,-,0,0,0,0.46322,,,,,0.47236,0.50473,0.53392,0.53126,0.01158,,,-0.01529,,,-0.05972,,,0.0154,,,0.02978,,,-0.03122,,,0.0182,-0.0713,0.0895,-0.00348,,,0.45971,0.47366,-0.01394,-0.01506,-0.01849,0.00342,,,,,19.6,-2.17,11.07,-10.63,2.79,-12.66,9.73,,24.0,8.0,21.0,17.0,7.0,11.0,12.0,,0.0099,0.0,0.00601,-0.00566,1.06313,51.52999,48.60901,,,17.27299,61.49068,56.36646,,,40.73244,42.50895,42.66951,41.7398,,,0.02133,0.02132,,,-0.15,,,,,,,,,0.552,0.789,0.663,0.45,0.524,0.662,2021-06-14,2021-04-15,2021-03-19,2021-07-21,2021-05-28,2021-03-23,2.94,-18.48,5.34,-33.59,19.18,-0.15,8.0,26.0,10.0,27.0,17.0,2.0,0.0,-1.0,1.0,-1.0,1.0,-0.0,0.466,0.476,0.466,0.456,0.451,0.426,2021-07-29,2021-07-23,2021-07-14,2021-07-30,2021-07-27,2021-07-21,0.039,0.028,0.0,0.027,0.022,100.0,2021-05-10,2020-12-22,1999-01-01,2021-01-18,2020-11-02,1999-01-01,0.023,0.125,0.003,0.023,0.002,-0.073,2021-07-19,2021-04-26,2021-01-14,2021-07-13,2021-01-22,2020-11-04,0.119,0.034,0.0,-0.06,0.016,-0.068,2021-04-19,2020-12-21,1999-01-01,2021-07-29,2021-01-26,2020-10-07,0.056,0.174,0.033,0.039,0.016,-0.097,2021-07-19,2021-04-21,2020-12-23,2021-06-25,2021-01-25,2020-10-14,0.01,0.011,0.001,-0.017,0.01,-0.027,2021-06-28,2021-06-16,2021-03-29,2021-07-28,2021-06-25,2021-05-03,0.021,0.017,0.001,-0.015,-0.033,-0.009,2021-07-15,2021-05-27,2021-03-29,2021-06-18,2021-04-26,2021-03-05,0.022,0.002,0.025,-0.042,-0.043,-0.007,2021-06-14,2021-03-29,2021-02-05,2021-07-27,2021-04-27,2021-03-09,0.009,-0.002,0.015,-0.006,-0.026,-0.003,2021-06-09,2021-03-24,2021-02-05,2021-07-27,2021-04-27,2021-03-11,3192000.0,1622600.0,1162500.0,17.13,7.02,0.68,-0.021,0.035,0.034,-0.024,-0.04,0.03,0.005,0.002,0.008,-0.001,-0.015,-0.001,-0.0237,0.03397,0.03012,-0.02339,-0.03402,0.03075,43.473,57.442,49.37,35.035,41.274,38.349,61.491,71.429,13.324,46.118,35.642,0.0,49.808,65.545,72.433,34.257,29.551,58.82,2021-06-25,2021-04-13,2021-03-02,2021-07-13,2021-05-31,2021-03-23,73,42,89,43,69,62,2021-06-08,2021-03-15,2020-11-19,2021-07-13,2021-05-17,2020-12-29,2021-07-29,2021-07-23,2021-07-15,2021-07-30,2021-07-27,2021-07-21,2021-06-17,2021-04-09,2021-02-18,2021-07-12,2021-05-18,2021-03-15,,,,,,p2n,n2p,,,Life.BullEnd,Life.BullStart,Life.BullEnd,Life.BullRetrace,Life.BullStart,,
2021-08-03,RL,3.6,13.06,3.2,14.69,0.06,1.7,0,0,0,-,0,0,0,0.46429,,,,,0.47185,0.5032,0.53257,0.5306,0.0086,,,-0.0134,,,-0.0593,,,0.01502,,,0.02354,,,-0.02569,,,0.01494,-0.0679,0.08284,-0.00215,,,0.46064,0.47307,-0.01243,-0.01392,-0.01757,0.00366,,,,,19.32,-2.17,11.07,-10.63,2.79,-12.66,9.73,,23.0,8.0,21.0,17.0,7.0,11.0,12.0,,0.0,0.0,0.00601,-0.00531,1.13324,53.12303,50.04781,,,18.86603,61.49068,56.36646,,,40.73244,40.7231,43.61201,42.67173,,,0.02122,0.02109,,,-0.15,,,,,,,,,0.552,0.789,0.663,0.45,0.524,0.662,2021-06-14,2021-04-15,2021-03-19,2021-07-21,2021-05-28,2021-03-23,3.18,-18.48,5.34,-33.59,19.18,-0.15,9.0,26.0,10.0,27.0,17.0,2.0,0.0,-1.0,1.0,-1.0,1.0,-0.0,0.466,0.476,0.466,0.456,0.451,0.426,2021-07-29,2021-07-23,2021-07-14,2021-07-30,2021-07-27,2021-07-21,0.039,0.028,0.0,0.027,0.022,100.0,2021-05-10,2020-12-22,1999-01-01,2021-01-18,2020-11-02,1999-01-01,0.023,0.125,0.003,0.023,0.002,-0.073,2021-07-19,2021-04-26,2021-01-14,2021-07-13,2021-01-22,2020-11-04,0.119,0.034,0.0,-0.06,0.016,-0.068,2021-04-19,2020-12-21,1999-01-01,2021-07-29,2021-01-26,2020-10-07,0.056,0.174,0.033,0.039,0.016,-0.097,2021-07-19,2021-04-21,2020-12-23,2021-06-25,2021-01-25,2020-10-14,0.01,0.011,0.001,-0.017,0.01,-0.027,2021-06-28,2021-06-16,2021-03-29,2021-07-28,2021-06-25,2021-05-03,0.021,0.017,0.001,-0.015,-0.033,-0.009,2021-07-15,2021-05-27,2021-03-29,2021-06-18,2021-04-26,2021-03-05,0.022,0.002,0.025,-0.042,-0.043,-0.007,2021-06-14,2021-03-29,2021-02-05,2021-07-27,2021-04-27,2021-03-09,0.009,-0.002,0.015,-0.006,-0.026,-0.003,2021-06-09,2021-03-24,2021-02-05,2021-07-27,2021-04-27,2021-03-11,1622600.0,1162500.0,1130500.0,7.02,0.68,-34.49,-0.021,0.035,0.034,-0.024,-0.04,0.03,0.005,0.002,0.008,-0.001,-0.015,-0.001,-0.0237,0.03397,0.03012,-0.02339,-0.03402,0.03075,43.473,57.442,49.37,35.035,41.274,38.349,61.491,71.429,13.324,46.118,35.642,0.0,49.808,65.545,72.433,34.257,29.551,58.82,2021-06-25,2021-04-13,2021-03-02,2021-07-13,2021-05-31,2021-03-23,73,42,89,43,69,62,2021-06-08,2021-03-15,2020-11-19,2021-07-13,2021-05-17,2020-12-29,2021-07-29,2021-07-23,2021-07-15,2021-07-30,2021-07-27,2021-07-21,2021-06-17,2021-04-09,2021-02-18,2021-07-12,2021-05-18,2021-03-15,,,,,p2n,n2p,,,,Life.BullEnd,Life.BullStart,Life.BullEnd,Life.BullRetrace,Life.BullStart,,
2021-08-04,RL,3.6,13.19,3.2,14.84,0.06,1.68,0,0,0,-,0,0,0,0.46537,,,,0.471,0.47176,0.50192,0.53134,0.53001,0.00538,,,-0.01094,,,-0.05875,,,0.01471,,,0.01695,,,-0.01928,,,0.01156,-0.06413,0.07569,-0.00059,,,0.46217,0.47289,-0.01072,-0.01274,-0.01661,0.00387,,,,,19.04,-2.17,11.07,-10.63,2.79,-12.66,9.73,,22.0,8.0,21.0,17.0,7.0,11.0,12.0,,0.0049,0.0,0.00566,-0.00531,1.06595,51.59609,51.50489,,,17.33909,69.09938,64.02692,,69.099,52.35351,44.60613,44.5464,43.60931,,,0.02077,0.02088,,,-0.15,,,,,,,,,0.552,0.789,0.663,0.45,0.524,0.662,2021-06-14,2021-04-15,2021-03-19,2021-07-21,2021-05-28,2021-03-23,3.42,-18.48,5.34,-33.59,19.18,-0.15,10.0,26.0,10.0,27.0,17.0,2.0,0.0,-1.0,1.0,-1.0,1.0,-0.0,0.471,0.466,0.476,0.456,0.451,0.426,2021-08-04,2021-07-29,2021-07-23,2021-07-30,2021-07-27,2021-07-21,0.039,0.028,0.0,0.027,0.022,100.0,2021-05-10,2020-12-22,1999-01-01,2021-01-18,2020-11-02,1999-01-01,0.023,0.125,0.003,0.023,0.002,-0.073,2021-07-19,2021-04-26,2021-01-14,2021-07-13,2021-01-22,2020-11-04,0.119,0.034,0.0,-0.06,0.016,-0.068,2021-04-19,2020-12-21,1999-01-01,2021-07-29,2021-01-26,2020-10-07,0.056,0.174,0.033,0.039,0.016,-0.097,2021-07-19,2021-04-21,2020-12-23,2021-06-25,2021-01-25,2020-10-14,0.01,0.011,0.001,-0.017,0.01,-0.027,2021-06-28,2021-06-16,2021-03-29,2021-07-28,2021-06-25,2021-05-03,0.021,0.017,0.001,-0.015,-0.033,-0.009,2021-07-15,2021-05-27,2021-03-29,2021-06-18,2021-04-26,2021-03-05,0.022,0.002,0.025,-0.042,-0.043,-0.007,2021-06-14,2021-03-29,2021-02-05,2021-07-27,2021-04-27,2021-03-09,0.009,-0.002,0.015,-0.006,-0.026,-0.003,2021-06-09,2021-03-24,2021-02-05,2021-07-27,2021-04-27,2021-03-11,1162500.0,1130500.0,1978600.0,0.68,-34.49,9.09,-0.021,0.035,0.034,-0.024,-0.04,0.03,0.005,0.002,0.008,-0.001,-0.015,-0.001,-0.0237,0.03397,0.03012,-0.02339,-0.03402,0.03075,43.473,57.442,49.37,35.035,41.274,38.349,69.099,61.491,71.429,46.118,35.642,0.0,49.808,65.545,72.433,34.257,29.551,58.82,2021-06-25,2021-04-13,2021-03-02,2021-07-13,2021-05-31,2021-03-23,73,42,89,43,69,62,2021-06-08,2021-03-15,2020-11-19,2021-07-13,2021-05-17,2020-12-29,2021-08-04,2021-07-29,2021-07-23,2021-07-30,2021-07-27,2021-07-21,2021-06-17,2021-04-09,2021-02-18,2021-07-12,2021-05-18,2021-03-15,1978600.0,,,,n2p,,,,n2p,Life.BullEnd,Life.BullStart,Life.BullEnd,Life.BullRetrace,Life.BullStart,,
2021-08-05,RL,3.6,12.92,3.2,14.53,0.06,1.72,0,0,0,-,0,0,0,0.46641,,,0.461,,0.47091,0.50031,0.52994,0.52932,0.00199,,,-0.00797,,,-0.05805,,,0.01443,,,0.01014,,,-0.01214,,,0.00815,-0.06005,0.06819,0.00118,,,0.46194,0.47198,-0.01004,-0.01153,-0.01559,0.00406,,,,,18.78,-2.17,11.07,-10.63,2.79,-12.66,9.73,,21.0,8.0,21.0,17.0,7.0,11.0,12.0,,-0.0,-0.0099,0.00566,-0.00531,1.06595,51.59609,52.98169,,,17.33909,53.72671,61.43892,53.727,,46.76067,46.61554,45.45778,44.53873,,,0.02035,0.02068,,,-0.15,,,,,,,,,0.552,0.789,0.663,0.45,0.524,0.662,2021-06-14,2021-04-15,2021-03-19,2021-07-21,2021-05-28,2021-03-23,3.65,-18.48,5.34,-33.59,19.18,-0.15,11.0,26.0,10.0,27.0,17.0,2.0,0.0,-1.0,1.0,-1.0,1.0,-0.0,0.471,0.466,0.476,0.461,0.456,0.451,2021-08-04,2021-07-29,2021-07-23,2021-08-05,2021-07-30,2021-07-27,0.039,0.028,0.0,0.027,0.022,100.0,2021-05-10,2020-12-22,1999-01-01,2021-01-18,2020-11-02,1999-01-01,0.023,0.125,0.003,0.023,0.002,-0.073,2021-07-19,2021-04-26,2021-01-14,2021-07-13,2021-01-22,2020-11-04,0.119,0.034,0.0,-0.06,0.016,-0.068,2021-04-19,2020-12-21,1999-01-01,2021-07-29,2021-01-26,2020-10-07,0.056,0.174,0.033,0.039,0.016,-0.097,2021-07-19,2021-04-21,2020-12-23,2021-06-25,2021-01-25,2020-10-14,0.01,0.011,0.001,-0.017,0.01,-0.027,2021-06-28,2021-06-16,2021-03-29,2021-07-28,2021-06-25,2021-05-03,0.021,0.017,0.001,-0.015,-0.033,-0.009,2021-07-15,2021-05-27,2021-03-29,2021-06-18,2021-04-26,2021-03-05,0.022,0.002,0.025,-0.042,-0.043,-0.007,2021-06-14,2021-03-29,2021-02-05,2021-07-27,2021-04-27,2021-03-09,0.009,-0.002,0.015,-0.006,-0.026,-0.003,2021-06-09,2021-03-24,2021-02-05,2021-07-27,2021-04-27,2021-03-11,1130500.0,1978600.0,1307300.0,-34.49,9.09,3.39,-0.021,0.035,0.034,-0.024,-0.04,0.03,0.005,0.002,0.008,-0.001,-0.015,-0.001,-0.0237,0.03397,0.03012,-0.02339,-0.03402,0.03075,43.473,57.442,49.37,35.035,41.274,38.349,69.099,61.491,71.429,53.727,46.118,35.642,49.808,65.545,72.433,34.257,29.551,58.82,2021-06-25,2021-04-13,2021-03-02,2021-07-13,2021-05-31,2021-03-23,73,42,89,43,69,62,2021-06-08,2021-03-15,2020-11-19,2021-07-13,2021-05-17,2020-12-29,2021-08-04,2021-07-29,2021-07-23,2021-08-05,2021-07-30,2021-07-27,2021-06-17,2021-04-09,2021-02-18,2021-07-12,2021-05-18,2021-03-15,,,,,,,,n2p,,Life.BullEnd,Life.BullStart,Life.BullEnd,Life.BullRetrace,Life.BullStart,,
2021-08-06,RL,3.6,13.06,3.2,14.69,0.06,1.7,0,0,0,-,0,0,0,0.46727,,,,,0.4705,0.49895,0.52867,0.52868,-0.0015,,,-0.00459,,,-0.05723,,,0.01416,,,0.00327,,,-0.00449,,,0.00478,-0.05572,0.0605,0.0031,,,0.46252,0.47152,-0.009,-0.0103,-0.01453,0.00424,,,,,18.56,-2.17,11.07,-10.63,2.79,-12.66,9.73,,20.0,8.0,21.0,17.0,7.0,11.0,12.0,,0.005,0.0,0.00601,-0.0046,1.30745,56.66218,54.47971,,,22.40518,61.49068,61.43892,,,46.76067,48.62495,46.33527,45.44649,,,0.01925,0.0205,,,-0.15,,,,,,,,,0.552,0.789,0.663,0.45,0.524,0.662,2021-06-14,2021-04-15,2021-03-19,2021-07-21,2021-05-28,2021-03-23,3.84,-18.48,5.34,-33.59,19.18,-0.15,12.0,26.0,10.0,27.0,17.0,2.0,0.0,-1.0,1.0,-1.0,1.0,-0.0,0.471,0.466,0.476,0.461,0.456,0.451,2021-08-04,2021-07-29,2021-07-23,2021-08-05,2021-07-30,2021-07-27,0.039,0.028,0.0,0.027,0.022,100.0,2021-05-10,2020-12-22,1999-01-01,2021-01-18,2020-11-02,1999-01-01,0.023,0.125,0.003,0.023,0.002,-0.073,2021-07-19,2021-04-26,2021-01-14,2021-07-13,2021-01-22,2020-11-04,0.119,0.034,0.0,-0.06,0.016,-0.068,2021-04-19,2020-12-21,1999-01-01,2021-07-29,2021-01-26,2020-10-07,0.056,0.174,0.033,0.039,0.016,-0.097,2021-07-19,2021-04-21,2020-12-23,2021-06-25,2021-01-25,2020-10-14,0.01,0.011,0.001,-0.017,0.01,-0.027,2021-06-28,2021-06-16,2021-03-29,2021-07-28,2021-06-25,2021-05-03,0.021,0.017,0.001,-0.015,-0.033,-0.009,2021-07-15,2021-05-27,2021-03-29,2021-06-18,2021-04-26,2021-03-05,0.022,0.002,0.025,-0.042,-0.043,-0.007,2021-06-14,2021-03-29,2021-02-05,2021-07-27,2021-04-27,2021-03-09,0.009,-0.002,0.015,-0.006,-0.026,-0.003,2021-06-09,2021-03-24,2021-02-05,2021-07-27,2021-04-27,2021-03-11,1978600.0,1307300.0,342000.0,9.09,3.39,-17.85,-0.021,0.035,0.034,-0.024,-0.04,0.03,0.005,0.002,0.008,-0.001,-0.015,-0.001,-0.0237,0.03397,0.03012,-0.02339,-0.03402,0.03075,43.473,57.442,49.37,35.035,41.274,38.349,69.099,61.491,71.429,53.727,46.118,35.642,49.808,65.545,72.433,34.257,29.551,58.82,2021-06-25,2021-04-13,2021-03-02,2021-07-13,2021-05-31,2021-03-23,73,42,89,43,69,62,2021-06-08,2021-03-15,2020-11-19,2021-07-13,2021-05-17,2020-12-29,2021-08-04,2021-07-29,2021-07-23,2021-08-05,2021-07-30,2021-07-27,2021-06-17,2021-04-09,2021-02-18,2021-07-12,2021-05-18,2021-03-15,,,,,,,n2p,,,Life.BullEnd,Life.BullStart,Life.BullEnd,Life.BullRetrace,Life.BullStart,,
2021-08-09,RL,3.6,13.19,3.2,14.84,0.06,1.68,0,0,0,-,0,0,0,0.46798,,,,,0.47051,0.49784,0.52752,0.52811,-0.00502,,,-0.0009,,,-0.05625,,,0.0139,,,-0.00349,,,0.00343,,,0.00153,-0.05124,0.05276,0.00512,,,0.46376,0.47145,-0.00769,-0.00902,-0.01343,0.00441,,,,,18.38,-2.17,11.07,-10.63,2.79,-12.66,9.73,,19.0,8.0,21.0,17.0,7.0,11.0,12.0,,0.0049,0.0,0.00636,-0.00424,1.5,60.0,56.00431,,,25.743,69.09938,61.43892,,69.099,47.63297,47.05143,47.17385,46.3223,,,0.01858,0.02033,,,-0.15,,,,,,,,,0.552,0.789,0.663,0.45,0.524,0.662,2021-06-14,2021-04-15,2021-03-19,2021-07-21,2021-05-28,2021-03-23,4.0,-18.48,5.34,-33.59,19.18,-0.15,13.0,26.0,10.0,27.0,17.0,2.0,0.0,-1.0,1.0,-1.0,1.0,-0.0,0.471,0.466,0.476,0.461,0.456,0.451,2021-08-04,2021-07-29,2021-07-23,2021-08-05,2021-07-30,2021-07-27,0.039,0.028,0.0,0.027,0.022,100.0,2021-05-10,2020-12-22,1999-01-01,2021-01-18,2020-11-02,1999-01-01,0.023,0.125,0.003,0.023,0.002,-0.073,2021-07-19,2021-04-26,2021-01-14,2021-07-13,2021-01-22,2020-11-04,0.119,0.034,0.0,-0.06,0.016,-0.068,2021-04-19,2020-12-21,1999-01-01,2021-07-29,2021-01-26,2020-10-07,0.056,0.174,0.033,0.039,0.016,-0.097,2021-07-19,2021-04-21,2020-12-23,2021-06-25,2021-01-25,2020-10-14,0.01,0.011,0.001,-0.017,0.01,-0.027,2021-06-28,2021-06-16,2021-03-29,2021-07-28,2021-06-25,2021-05-03,0.021,0.017,0.001,-0.015,-0.033,-0.009,2021-07-15,2021-05-27,2021-03-29,2021-06-18,2021-04-26,2021-03-05,0.022,0.002,0.025,-0.042,-0.043,-0.007,2021-06-14,2021-03-29,2021-02-05,2021-07-27,2021-04-27,2021-03-09,0.009,-0.002,0.015,-0.006,-0.026,-0.003,2021-06-09,2021-03-24,2021-02-05,2021-07-27,2021-04-27,2021-03-11,1307300.0,342000.0,1522800.0,3.39,-17.85,-12.56,-0.021,0.035,0.034,-0.024,-0.04,0.03,0.005,0.002,0.008,-0.001,-0.015,-0.001,-0.0237,0.03397,0.03012,-0.02339,-0.03402,0.03075,43.473,57.442,49.37,35.035,41.274,38.349,69.099,69.099,61.491,53.727,46.118,35.642,49.808,65.545,72.433,34.257,29.551,58.82,2021-06-25,2021-04-13,2021-03-02,2021-07-13,2021-05-31,2021-03-23,73,42,89,43,69,62,2021-06-08,2021-03-15,2020-11-19,2021-07-13,2021-05-17,2020-12-29,2021-08-09,2021-08-04,2021-07-29,2021-08-05,2021-07-30,2021-07-27,2021-06-17,2021-04-09,2021-02-18,2021-07-12,2021-05-18,2021-03-15,,,,,,n2p,,,,Life.BullEnd,Life.BullStart,Life.BullEnd,Life.BullRetrace,Life.BullStart,,
2021-08-11,RL,3.6,13.19,3.2,14.84,0.06,1.68,0,0,0,-,0,0,0,0.46857,,,,,0.47052,0.49677,0.52639,0.52753,-0.00846,,,0.00297,,,-0.05513,,,0.01361,,,-0.00998,,,0.01136,,,-0.00152,-0.04667,0.04515,0.0072,,,0.46482,0.47139,-0.00657,-0.0077,-0.01228,0.00458,,,,,18.23,-2.17,11.07,-10.63,2.79,-12.66,9.73,,17.0,8.0,21.0,17.0,7.0,11.0,12.0,,0.0,0.0,0.00636,-0.00319,1.99776,66.64174,57.55256,,,32.38474,66.55462,65.71489,,,47.63297,47.3422,47.97325,47.16079,,,0.01903,0.02018,,,-0.15,,,,,,,,,0.552,0.789,0.663,0.45,0.524,0.662,2021-06-14,2021-04-15,2021-03-19,2021-07-21,2021-05-28,2021-03-23,4.13,-18.48,5.34,-33.59,19.18,-0.15,14.0,26.0,10.0,27.0,17.0,2.0,0.0,-1.0,1.0,-1.0,1.0,-0.0,0.471,0.466,0.476,0.461,0.456,0.451,2021-08-04,2021-07-29,2021-07-23,2021-08-05,2021-07-30,2021-07-27,0.039,0.028,0.0,0.027,0.022,100.0,2021-05-10,2020-12-22,1999-01-01,2021-01-18,2020-11-02,1999-01-01,0.023,0.125,0.003,0.023,0.002,-0.073,2021-07-19,2021-04-26,2021-01-14,2021-07-13,2021-01-22,2020-11-04,0.119,0.034,0.0,-0.06,0.016,-0.068,2021-04-19,2020-12-21,1999-01-01,2021-07-29,2021-01-26,2020-10-07,0.056,0.174,0.033,0.039,0.016,-0.097,2021-07-19,2021-04-21,2020-12-23,2021-06-25,2021-01-25,2020-10-14,0.01,0.011,0.001,-0.017,0.01,-0.027,2021-06-28,2021-06-16,2021-03-29,2021-07-28,2021-06-25,2021-05-03,0.021,0.017,0.001,-0.015,-0.033,-0.009,2021-07-15,2021-05-27,2021-03-29,2021-06-18,2021-04-26,2021-03-05,0.022,0.002,0.025,-0.042,-0.043,-0.007,2021-06-14,2021-03-29,2021-02-05,2021-07-27,2021-04-27,2021-03-09,0.009,-0.002,0.015,-0.006,-0.026,-0.003,2021-06-09,2021-03-24,2021-02-05,2021-07-27,2021-04-27,2021-03-11,342000.0,1522800.0,2164600.0,-17.85,-12.56,27.03,-0.021,0.035,0.034,-0.024,-0.04,0.03,0.005,0.002,0.008,-0.001,-0.015,-0.001,-0.0237,0.03397,0.03012,-0.02339,-0.03402,0.03075,43.473,57.442,49.37,35.035,41.274,38.349,69.099,69.099,61.491,53.727,46.118,35.642,49.808,65.545,72.433,34.257,29.551,58.82,2021-06-25,2021-04-13,2021-03-02,2021-07-13,2021-05-31,2021-03-23,73,42,89,43,69,62,2021-06-08,2021-03-15,2020-11-19,2021-07-13,2021-05-17,2020-12-29,2021-08-09,2021-08-04,2021-07-29,2021-08-05,2021-07-30,2021-07-27,2021-06-17,2021-04-09,2021-02-18,2021-07-12,2021-05-18,2021-03-15,,,,,n2p,,,,,Life.BullEnd,Life.BullStart,Life.BullEnd,Life.BullRetrace,Life.BullStart,,
2021-08-12,RL,3.6,13.19,3.2,14.84,0.06,1.68,0,0,0,-,0,0,0,0.46923,,,,,0.47053,0.49574,0.52529,0.52697,-0.01177,,,0.00687,,,-0.05386,,,0.01328,,,-0.01606,,,0.01902,,,-0.00429,-0.04209,0.0378,0.00927,,,0.46571,0.47133,-0.00562,-0.00633,-0.01109,0.00476,,,,,18.06,-2.17,11.07,-10.63,2.79,-12.66,9.73,,16.0,8.0,21.0,17.0,7.0,11.0,12.0,,0.0,0.0,0.00531,-0.00319,1.66592,62.48949,59.11171,,,28.23249,59.87903,65.17768,,,42.04012,45.76868,48.73505,47.96072,,,0.01838,0.02005,,,-0.15,,,,,,,,,0.552,0.789,0.663,0.45,0.524,0.662,2021-06-14,2021-04-15,2021-03-19,2021-07-21,2021-05-28,2021-03-23,4.27,-18.48,5.34,-33.59,19.18,-0.15,15.0,26.0,10.0,27.0,17.0,2.0,0.0,-1.0,1.0,-1.0,1.0,-0.0,0.471,0.466,0.476,0.461,0.456,0.451,2021-08-04,2021-07-29,2021-07-23,2021-08-05,2021-07-30,2021-07-27,0.039,0.028,0.0,0.027,0.022,100.0,2021-05-10,2020-12-22,1999-01-01,2021-01-18,2020-11-02,1999-01-01,0.023,0.125,0.003,0.023,0.002,-0.073,2021-07-19,2021-04-26,2021-01-14,2021-07-13,2021-01-22,2020-11-04,0.119,0.034,0.0,-0.06,0.016,-0.068,2021-04-19,2020-12-21,1999-01-01,2021-07-29,2021-01-26,2020-10-07,0.056,0.174,0.033,0.039,0.016,-0.097,2021-07-19,2021-04-21,2020-12-23,2021-06-25,2021-01-25,2020-10-14,0.01,0.011,0.001,-0.017,0.01,-0.027,2021-06-28,2021-06-16,2021-03-29,2021-07-28,2021-06-25,2021-05-03,0.021,0.017,0.001,-0.015,-0.033,-0.009,2021-07-15,2021-05-27,2021-03-29,2021-06-18,2021-04-26,2021-03-05,0.022,0.002,0.025,-0.042,-0.043,-0.007,2021-06-14,2021-03-29,2021-02-05,2021-07-27,2021-04-27,2021-03-09,0.009,-0.002,0.015,-0.006,-0.026,-0.003,2021-06-09,2021-03-24,2021-02-05,2021-07-27,2021-04-27,2021-03-11,1522800.0,2164600.0,473800.0,-12.56,27.03,3.27,-0.021,0.035,0.034,-0.024,-0.04,0.03,0.005,0.002,0.008,-0.001,-0.015,-0.001,-0.0237,0.03397,0.03012,-0.02339,-0.03402,0.03075,43.473,57.442,49.37,35.035,41.274,38.349,69.099,69.099,61.491,53.727,46.118,35.642,49.808,65.545,72.433,34.257,29.551,58.82,2021-06-25,2021-04-13,2021-03-02,2021-07-13,2021-05-31,2021-03-23,73,42,89,43,69,62,2021-06-08,2021-03-15,2020-11-19,2021-07-13,2021-05-17,2020-12-29,2021-08-09,2021-08-04,2021-07-29,2021-08-05,2021-07-30,2021-07-27,2021-06-17,2021-04-09,2021-02-18,2021-07-12,2021-05-18,2021-03-15,,,,,,,,,,Life.BullEnd,Life.BullStart,Life.BullEnd,Life.BullRetrace,Life.BullStart,,
2021-08-13,RL,3.6,13.19,3.2,14.84,0.06,1.68,0,0,0,-,0,0,0,0.47051,,,,,0.47053,0.49476,0.52421,0.52641,-0.01485,,,0.01069,,,-0.05244,,,0.01289,,,-0.02158,,,0.02618,,,-0.00673,-0.03759,0.03085,0.01127,,,0.46646,0.47128,-0.00482,-0.00491,-0.00986,0.00494,,,,,17.74,-2.17,11.07,-10.63,2.79,-12.66,9.73,,15.0,8.0,21.0,17.0,7.0,11.0,12.0,,0.0,0.0,0.00283,-0.00319,0.88789,47.03088,60.66685,,,12.77388,55.38117,60.60494,,,33.22148,40.96486,49.459,48.72244,,,0.01777,0.01994,,,-0.15,,,,,,,,,0.552,0.789,0.663,0.45,0.524,0.662,2021-06-14,2021-04-15,2021-03-19,2021-07-21,2021-05-28,2021-03-23,4.56,-18.48,5.34,-33.59,19.18,-0.15,16.0,26.0,10.0,27.0,17.0,2.0,0.0,-1.0,1.0,-1.0,1.0,-0.0,0.471,0.466,0.476,0.461,0.456,0.451,2021-08-04,2021-07-29,2021-07-23,2021-08-05,2021-07-30,2021-07-27,0.039,0.028,0.0,0.027,0.022,100.0,2021-05-10,2020-12-22,1999-01-01,2021-01-18,2020-11-02,1999-01-01,0.023,0.125,0.003,0.023,0.002,-0.073,2021-07-19,2021-04-26,2021-01-14,2021-07-13,2021-01-22,2020-11-04,0.119,0.034,0.0,-0.06,0.016,-0.068,2021-04-19,2020-12-21,1999-01-01,2021-07-29,2021-01-26,2020-10-07,0.056,0.174,0.033,0.039,0.016,-0.097,2021-07-19,2021-04-21,2020-12-23,2021-06-25,2021-01-25,2020-10-14,0.01,0.011,0.001,-0.017,0.01,-0.027,2021-06-28,2021-06-16,2021-03-29,2021-07-28,2021-06-25,2021-05-03,0.021,0.017,0.001,-0.015,-0.033,-0.009,2021-07-15,2021-05-27,2021-03-29,2021-06-18,2021-04-26,2021-03-05,0.022,0.002,0.025,-0.042,-0.043,-0.007,2021-06-14,2021-03-29,2021-02-05,2021-07-27,2021-04-27,2021-03-09,0.009,-0.002,0.015,-0.006,-0.026,-0.003,2021-06-09,2021-03-24,2021-02-05,2021-07-27,2021-04-27,2021-03-11,2164600.0,473800.0,432300.0,27.03,3.27,-26.21,-0.021,0.035,0.034,-0.024,-0.04,0.03,0.005,0.002,0.008,-0.001,-0.015,-0.001,-0.0237,0.03397,0.03012,-0.02339,-0.03402,0.03075,43.473,57.442,49.37,35.035,41.274,38.349,69.099,69.099,61.491,53.727,46.118,35.642,49.808,65.545,72.433,34.257,29.551,58.82,2021-06-25,2021-04-13,2021-03-02,2021-07-13,2021-05-31,2021-03-23,73,42,89,43,69,62,2021-06-08,2021-03-15,2020-11-19,2021-07-13,2021-05-17,2020-12-29,2021-08-09,2021-08-04,2021-07-29,2021-08-05,2021-07-30,2021-07-27,2021-06-17,2021-04-09,2021-02-18,2021-07-12,2021-05-18,2021-03-15,,,,,,,,,,Life.BullEnd,Life.BullStart,Life.BullEnd,Life.BullRetrace,Life.BullStart,,
2021-08-16,RL,3.6,13.19,3.2,14.84,0.06,1.68,0,0,0,-,0,0,0,0.47289,,,,0.471,0.47054,0.49381,0.52314,0.52585,-0.01764,,,0.01428,,,-0.05086,,,0.01243,,,-0.02643,,,0.03261,,,-0.00879,-0.03322,0.02443,0.01316,,,0.4671,0.47123,-0.00413,-0.00344,-0.00857,0.00513,,,,,17.15,-2.17,11.07,-10.63,2.79,-12.66,9.73,,14.0,8.0,21.0,17.0,7.0,11.0,12.0,,0.0,0.0,0.00283,-0.00177,1.59677,61.49068,62.2072,,,27.23368,55.38117,56.88045,,,28.73367,34.66509,50.14151,49.44519,,,0.01685,0.01984,,,-0.15,,,,,,,,,0.552,0.789,0.663,0.45,0.524,0.662,2021-06-14,2021-04-15,2021-03-19,2021-07-21,2021-05-28,2021-03-23,5.09,-18.48,5.34,-33.59,19.18,-0.15,17.0,26.0,10.0,27.0,17.0,2.0,0.0,-1.0,1.0,-1.0,1.0,-0.0,0.471,0.471,0.466,0.461,0.456,0.451,2021-08-16,2021-08-04,2021-07-29,2021-08-05,2021-07-30,2021-07-27,0.039,0.028,0.0,0.027,0.022,100.0,2021-05-10,2020-12-22,1999-01-01,2021-01-18,2020-11-02,1999-01-01,0.023,0.125,0.003,0.023,0.002,-0.073,2021-07-19,2021-04-26,2021-01-14,2021-07-13,2021-01-22,2020-11-04,0.119,0.034,0.0,-0.06,0.016,-0.068,2021-04-19,2020-12-21,1999-01-01,2021-07-29,2021-01-26,2020-10-07,0.056,0.174,0.033,0.039,0.016,-0.097,2021-07-19,2021-04-21,2020-12-23,2021-06-25,2021-01-25,2020-10-14,0.01,0.011,0.001,-0.017,0.01,-0.027,2021-06-28,2021-06-16,2021-03-29,2021-07-28,2021-06-25,2021-05-03,0.021,0.017,0.001,-0.015,-0.033,-0.009,2021-07-15,2021-05-27,2021-03-29,2021-06-18,2021-04-26,2021-03-05,0.022,0.002,0.025,-0.042,-0.043,-0.007,2021-06-14,2021-03-29,2021-02-05,2021-07-27,2021-04-27,2021-03-09,0.009,-0.002,0.015,-0.006,-0.026,-0.003,2021-06-09,2021-03-24,2021-02-05,2021-07-27,2021-04-27,2021-03-11,473800.0,432300.0,697800.0,3.27,-26.21,-47.77,-0.021,0.035,0.034,-0.024,-0.04,0.03,0.005,0.002,0.008,-0.001,-0.015,-0.001,-0.0237,0.03397,0.03012,-0.02339,-0.03402,0.03075,43.473,57.442,49.37,35.035,41.274,38.349,69.099,69.099,61.491,53.727,46.118,35.642,49.808,65.545,72.433,34.257,29.551,58.82,2021-06-25,2021-04-13,2021-03-02,2021-07-13,2021-05-31,2021-03-23,73,42,89,43,69,62,2021-06-08,2021-03-15,2020-11-19,2021-07-13,2021-05-17,2020-12-29,2021-08-09,2021-08-04,2021-07-29,2021-08-05,2021-07-30,2021-07-27,2021-06-17,2021-04-09,2021-02-18,2021-07-12,2021-05-18,2021-03-15,,,,,,,,,,Life.BullEnd,Life.BullStart,Life.BullEnd,Life.BullRetrace,Life.BullStart,,
2021-08-17,RL,3.6,13.06,3.2,14.69,0.06,1.7,0,0,0,-,0,0,0,0.47662,,,0.466,,0.47016,0.49271,0.52201,0.52525,-0.02008,,,0.01753,,,-0.04914,,,0.0119,,,-0.03052,,,0.03812,,,-0.01044,-0.02907,0.01863,0.01487,,,0.46688,0.47082,-0.00394,-0.00192,-0.00724,0.00532,,,,,16.24,-2.17,11.07,-10.63,2.79,-12.66,9.73,,13.0,8.0,21.0,17.0,7.0,11.0,12.0,,-0.0,-0.0049,0.00283,-0.00176,1.60324,61.58631,63.72494,,,27.32931,44.39462,51.71898,44.395,,23.25269,28.40261,50.77638,50.12563,,,0.01635,0.01976,,,-0.15,,,,,,,,,0.552,0.789,0.663,0.45,0.524,0.662,2021-06-14,2021-04-15,2021-03-19,2021-07-21,2021-05-28,2021-03-23,5.92,-18.48,5.34,-33.59,19.18,-0.15,18.0,26.0,10.0,27.0,17.0,2.0,0.0,-1.0,1.0,-1.0,1.0,-0.0,0.471,0.471,0.466,0.466,0.461,0.456,2021-08-16,2021-08-04,2021-07-29,2021-08-17,2021-08-05,2021-07-30,0.039,0.028,0.0,0.027,0.022,100.0,2021-05-10,2020-12-22,1999-01-01,2021-01-18,2020-11-02,1999-01-01,0.023,0.125,0.003,0.023,0.002,-0.073,2021-07-19,2021-04-26,2021-01-14,2021-07-13,2021-01-22,2020-11-04,0.119,0.034,0.0,-0.06,0.016,-0.068,2021-04-19,2020-12-21,1999-01-01,2021-07-29,2021-01-26,2020-10-07,0.056,0.174,0.033,0.039,0.016,-0.097,2021-07-19,2021-04-21,2020-12-23,2021-06-25,2021-01-25,2020-10-14,0.01,0.011,0.001,-0.017,0.01,-0.027,2021-06-28,2021-06-16,2021-03-29,2021-07-28,2021-06-25,2021-05-03,0.021,0.017,0.001,-0.015,-0.033,-0.009,2021-07-15,2021-05-27,2021-03-29,2021-06-18,2021-04-26,2021-03-05,0.022,0.002,0.025,-0.042,-0.043,-0.007,2021-06-14,2021-03-29,2021-02-05,2021-07-27,2021-04-27,2021-03-09,0.009,-0.002,0.015,-0.006,-0.026,-0.003,2021-06-09,2021-03-24,2021-02-05,2021-07-27,2021-04-27,2021-03-11,432300.0,697800.0,580900.0,-26.21,-47.77,6.68,-0.021,0.035,0.034,-0.024,-0.04,0.03,0.005,0.002,0.008,-0.001,-0.015,-0.001,-0.0237,0.03397,0.03012,-0.02339,-0.03402,0.03075,43.473,57.442,49.37,35.035,41.274,38.349,69.099,69.099,61.491,44.395,53.727,46.118,49.808,65.545,72.433,34.257,29.551,58.82,2021-06-25,2021-04-13,2021-03-02,2021-07-13,2021-05-31,2021-03-23,73,42,89,43,69,62,2021-06-08,2021-03-15,2020-11-19,2021-07-13,2021-05-17,2020-12-29,2021-08-09,2021-08-04,2021-07-29,2021-08-17,2021-08-05,2021-07-30,2021-06-17,2021-04-09,2021-02-18,2021-07-12,2021-05-18,2021-03-15,-580900.0,,,,,,,,n2p,Life.BullEnd,Life.BullStart,Life.BullEnd,Life.BullRetrace,Life.BullStart,,
2021-08-18,RL,3.6,13.19,3.2,14.84,0.06,1.68,0,0,0,-,0,0,0,0.48186,,,,,0.4702,0.49184,0.52099,0.52471,-0.02212,,,0.02035,,,-0.04729,,,0.0113,,,-0.03377,,,0.04258,,,-0.01165,-0.02516,0.01351,0.01636,,,0.46745,0.4708,-0.00335,-0.00035,-0.00586,0.00552,,,,,14.97,-2.17,11.07,-10.63,2.79,-12.66,9.73,,12.0,8.0,21.0,17.0,7.0,11.0,12.0,,0.0049,0.0,0.00247,-0.00176,1.40081,58.34739,65.20362,,,24.09039,49.87406,49.88328,,,34.32651,28.77096,51.35773,50.75854,,,0.01589,0.01971,,,-0.15,,,,,,,,,0.552,0.789,0.663,0.45,0.524,0.662,2021-06-14,2021-04-15,2021-03-19,2021-07-21,2021-05-28,2021-03-23,7.08,-18.48,5.34,-33.59,19.18,-0.15,19.0,26.0,10.0,27.0,17.0,2.0,0.0,-1.0,1.0,-1.0,1.0,-0.0,0.471,0.471,0.466,0.466,0.461,0.456,2021-08-16,2021-08-04,2021-07-29,2021-08-17,2021-08-05,2021-07-30,0.039,0.028,0.0,0.027,0.022,100.0,2021-05-10,2020-12-22,1999-01-01,2021-01-18,2020-11-02,1999-01-01,0.023,0.125,0.003,0.023,0.002,-0.073,2021-07-19,2021-04-26,2021-01-14,2021-07-13,2021-01-22,2020-11-04,0.119,0.034,0.0,-0.06,0.016,-0.068,2021-04-19,2020-12-21,1999-01-01,2021-07-29,2021-01-26,2020-10-07,0.056,0.174,0.033,0.039,0.016,-0.097,2021-07-19,2021-04-21,2020-12-23,2021-06-25,2021-01-25,2020-10-14,0.01,0.011,0.001,-0.017,0.01,-0.027,2021-06-28,2021-06-16,2021-03-29,2021-07-28,2021-06-25,2021-05-03,0.021,0.017,0.001,-0.015,-0.033,-0.009,2021-07-15,2021-05-27,2021-03-29,2021-06-18,2021-04-26,2021-03-05,0.022,0.002,0.025,-0.042,-0.043,-0.007,2021-06-14,2021-03-29,2021-02-05,2021-07-27,2021-04-27,2021-03-09,0.009,-0.002,0.015,-0.006,-0.026,-0.003,2021-06-09,2021-03-24,2021-02-05,2021-07-27,2021-04-27,2021-03-11,697800.0,580900.0,277000.0,-47.77,6.68,-9.08,-0.021,0.035,0.034,-0.024,-0.04,0.03,0.005,0.002,0.008,-0.001,-0.015,-0.001,-0.0237,0.03397,0.03012,-0.02339,-0.03402,0.03075,43.473,57.442,49.37,35.035,41.274,38.349,69.099,69.099,61.491,44.395,53.727,46.118,49.808,65.545,72.433,34.257,29.551,58.82,2021-06-25,2021-04-13,2021-03-02,2021-07-13,2021-05-31,2021-03-23,73,42,89,43,69,62,2021-06-08,2021-03-15,2020-11-19,2021-07-13,2021-05-17,2020-12-29,2021-08-09,2021-08-04,2021-07-29,2021-08-17,2021-08-05,2021-07-30,2021-06-17,2021-04-09,2021-02-18,2021-07-12,2021-05-18,2021-03-15,,,,,,,,n2p,,Life.BullEnd,Life.BullStart,Life.BullEnd,Life.BullRetrace,Life.BullStart,,
2021-08-19,RL,3.6,13.19,3.2,14.84,0.06,1.68,0,0,0,-,0,0,0,0.48874,,,,,0.47023,0.49101,0.51999,0.52417,-0.02374,,,0.02267,,,-0.0453,,,0.01061,,,-0.03617,,,0.0459,,,-0.01243,-0.02155,0.00913,0.01761,,,0.46794,0.47079,-0.00285,0.00127,-0.00444,0.00571,,,,,13.35,-2.17,11.07,-10.63,2.79,-12.66,9.73,,11.0,8.0,21.0,17.0,7.0,11.0,12.0,,0.0,0.0,0.00211,-0.00176,1.19838,54.51197,66.61403,,,20.25497,49.87406,48.04758,,,49.88814,35.82245,51.88207,51.33873,,,0.01547,0.01967,,,-0.15,,,,,,,,,0.552,0.789,0.663,0.45,0.524,0.662,2021-06-14,2021-04-15,2021-03-19,2021-07-21,2021-05-28,2021-03-23,8.61,-18.48,5.34,-33.59,19.18,-0.15,20.0,26.0,10.0,27.0,17.0,2.0,0.0,-1.0,1.0,-1.0,1.0,-0.0,0.471,0.471,0.466,0.466,0.461,0.456,2021-08-16,2021-08-04,2021-07-29,2021-08-17,2021-08-05,2021-07-30,0.039,0.028,0.0,0.027,0.022,100.0,2021-05-10,2020-12-22,1999-01-01,2021-01-18,2020-11-02,1999-01-01,0.023,0.125,0.003,0.023,0.002,-0.073,2021-07-19,2021-04-26,2021-01-14,2021-07-13,2021-01-22,2020-11-04,0.119,0.034,0.0,-0.06,0.016,-0.068,2021-04-19,2020-12-21,1999-01-01,2021-07-29,2021-01-26,2020-10-07,0.056,0.174,0.033,0.039,0.016,-0.097,2021-07-19,2021-04-21,2020-12-23,2021-06-25,2021-01-25,2020-10-14,0.01,0.011,0.001,-0.017,0.01,-0.027,2021-06-28,2021-06-16,2021-03-29,2021-07-28,2021-06-25,2021-05-03,0.021,0.017,0.001,-0.015,-0.033,-0.009,2021-07-15,2021-05-27,2021-03-29,2021-06-18,2021-04-26,2021-03-05,0.022,0.002,0.025,-0.042,-0.043,-0.007,2021-06-14,2021-03-29,2021-02-05,2021-07-27,2021-04-27,2021-03-09,0.009,-0.002,0.015,-0.006,-0.026,-0.003,2021-06-09,2021-03-24,2021-02-05,2021-07-27,2021-04-27,2021-03-11,580900.0,277000.0,163600.0,6.68,-9.08,-34.34,-0.021,0.035,0.034,-0.024,-0.04,0.03,0.005,0.002,0.008,-0.001,-0.015,-0.001,-0.0237,0.03397,0.03012,-0.02339,-0.03402,0.03075,43.473,57.442,49.37,35.035,41.274,38.349,69.099,69.099,61.491,44.395,53.727,46.118,49.808,65.545,72.433,34.257,29.551,58.82,2021-06-25,2021-04-13,2021-03-02,2021-07-13,2021-05-31,2021-03-23,73,42,89,43,69,62,2021-06-08,2021-03-15,2020-11-19,2021-07-13,2021-05-17,2020-12-29,2021-08-09,2021-08-04,2021-07-29,2021-08-17,2021-08-05,2021-07-30,2021-06-17,2021-04-09,2021-02-18,2021-07-12,2021-05-18,2021-03-15,,,,,,,n2p,,,Life.BullEnd,Life.BullStart,Life.BullEnd,Life.BullRetrace,Life.BullStart,,
2021-08-20,RL,3.6,13.19,3.2,14.84,0.06,1.68,0,0,0,-,0,0,0,0.49719,,,,,0.47026,0.49021,0.51901,0.52364,-0.02492,,,0.02442,,,-0.04319,,,0.00986,,,-0.0377,,,0.04803,,,-0.01278,-0.01828,0.00549,0.01856,,,0.46835,0.47077,-0.00242,0.00292,-0.00297,0.00589,,,,,11.43,-2.17,11.07,-10.63,2.79,-12.66,9.73,,10.0,8.0,21.0,17.0,7.0,11.0,12.0,,0.0,0.0,0.00211,-0.00106,2.0,66.66667,67.91907,,,32.40967,49.87406,49.87406,,,77.62864,53.94776,52.34759,51.86246,,,0.01471,0.01965,,,-0.15,,,,,,,,,0.552,0.789,0.663,0.45,0.524,0.662,2021-06-14,2021-04-15,2021-03-19,2021-07-21,2021-05-28,2021-03-23,10.49,-18.48,5.34,-33.59,19.18,-0.15,21.0,26.0,10.0,27.0,17.0,2.0,0.0,-1.0,1.0,-1.0,1.0,-0.0,0.471,0.471,0.466,0.466,0.461,0.456,2021-08-16,2021-08-04,2021-07-29,2021-08-17,2021-08-05,2021-07-30,0.039,0.028,0.0,0.027,0.022,100.0,2021-05-10,2020-12-22,1999-01-01,2021-01-18,2020-11-02,1999-01-01,0.023,0.125,0.003,0.023,0.002,-0.073,2021-07-19,2021-04-26,2021-01-14,2021-07-13,2021-01-22,2020-11-04,0.119,0.034,0.0,-0.06,0.016,-0.068,2021-04-19,2020-12-21,1999-01-01,2021-07-29,2021-01-26,2020-10-07,0.056,0.174,0.033,0.039,0.016,-0.097,2021-07-19,2021-04-21,2020-12-23,2021-06-25,2021-01-25,2020-10-14,0.01,0.011,0.001,-0.017,0.01,-0.027,2021-06-28,2021-06-16,2021-03-29,2021-07-28,2021-06-25,2021-05-03,0.021,0.017,0.001,-0.015,-0.033,-0.009,2021-07-15,2021-05-27,2021-03-29,2021-06-18,2021-04-26,2021-03-05,0.022,0.002,0.025,-0.042,-0.043,-0.007,2021-06-14,2021-03-29,2021-02-05,2021-07-27,2021-04-27,2021-03-09,0.009,-0.002,0.015,-0.006,-0.026,-0.003,2021-06-09,2021-03-24,2021-02-05,2021-07-27,2021-04-27,2021-03-11,277000.0,163600.0,176200.0,-9.08,-34.34,-39.62,-0.021,0.035,0.034,-0.024,-0.04,0.03,0.005,0.002,0.008,-0.001,-0.015,-0.001,-0.0237,0.03397,0.03012,-0.02339,-0.03402,0.03075,43.473,57.442,49.37,35.035,41.274,38.349,69.099,69.099,61.491,44.395,53.727,46.118,49.808,65.545,72.433,34.257,29.551,58.82,2021-06-25,2021-04-13,2021-03-02,2021-07-13,2021-05-31,2021-03-23,73,42,89,43,69,62,2021-06-08,2021-03-15,2020-11-19,2021-07-13,2021-05-17,2020-12-29,2021-08-09,2021-08-04,2021-07-29,2021-08-17,2021-08-05,2021-07-30,2021-06-17,2021-04-09,2021-02-18,2021-07-12,2021-05-18,2021-03-15,,,,,,n2p,,,,Life.BullEnd,Life.BullStart,Life.BullEnd,Life.BullRetrace,Life.BullStart,,
2021-08-23,RL,3.6,14.44,3.2,16.25,0.06,1.54,0,0,0,-,0,0,0,0.50674,,,,,0.47371,0.49119,0.51894,0.52355,-0.02564,,,0.02557,,,-0.04099,,,0.00902,,,-0.03839,-0.038,,0.04897,,0.049,-0.01274,-0.01534,0.0026,0.01922,,,0.47556,0.47406,0.00149,0.00458,-0.00146,0.00604,,,,,9.33,-2.17,11.07,-10.63,2.79,-12.66,9.73,,9.0,8.0,21.0,17.0,7.0,11.0,12.0,,0.0446,0.0,0.00459,-0.00106,4.34459,81.28951,69.08462,,,47.03251,100.0,66.5827,,100.0,88.81432,72.11037,52.75269,52.32745,,,0.0172,0.01965,0.02,,-0.15,,,,,,,,,0.552,0.789,0.663,0.45,0.524,0.662,2021-06-14,2021-04-15,2021-03-19,2021-07-21,2021-05-28,2021-03-23,12.61,-18.48,5.34,-33.59,19.18,-0.15,22.0,26.0,10.0,27.0,17.0,2.0,1.0,-1.0,1.0,-1.0,1.0,-0.0,0.471,0.471,0.466,0.466,0.461,0.456,2021-08-16,2021-08-04,2021-07-29,2021-08-17,2021-08-05,2021-07-30,0.039,0.028,0.0,0.02,0.027,0.022,2021-05-10,2020-12-22,1999-01-01,2021-08-23,2021-01-18,2020-11-02,0.023,0.125,0.003,0.023,0.002,-0.073,2021-07-19,2021-04-26,2021-01-14,2021-07-13,2021-01-22,2020-11-04,0.119,0.034,0.0,-0.06,0.016,-0.068,2021-04-19,2020-12-21,1999-01-01,2021-07-29,2021-01-26,2020-10-07,0.056,0.174,0.033,-0.038,0.039,0.016,2021-07-19,2021-04-21,2020-12-23,2021-08-23,2021-06-25,2021-01-25,0.01,0.011,0.001,-0.017,0.01,-0.027,2021-06-28,2021-06-16,2021-03-29,2021-07-28,2021-06-25,2021-05-03,0.021,0.017,0.001,-0.015,-0.033,-0.009,2021-07-15,2021-05-27,2021-03-29,2021-06-18,2021-04-26,2021-03-05,0.049,0.022,0.002,-0.042,-0.043,-0.007,2021-08-23,2021-06-14,2021-03-29,2021-07-27,2021-04-27,2021-03-09,0.009,-0.002,0.015,-0.006,-0.026,-0.003,2021-06-09,2021-03-24,2021-02-05,2021-07-27,2021-04-27,2021-03-11,163600.0,176200.0,5240500.0,-34.34,-39.62,804.72,-0.021,0.035,0.034,-0.024,-0.04,0.03,0.005,0.002,0.008,-0.001,-0.015,-0.001,-0.0237,0.03397,0.03012,-0.02339,-0.03402,0.03075,43.473,57.442,49.37,35.035,41.274,38.349,100.0,69.099,69.099,44.395,53.727,46.118,49.808,65.545,72.433,34.257,29.551,58.82,2021-06-25,2021-04-13,2021-03-02,2021-07-13,2021-05-31,2021-03-23,73,42,89,43,69,62,2021-06-08,2021-03-15,2020-11-19,2021-07-13,2021-05-17,2020-12-29,2021-08-23,2021-08-09,2021-08-04,2021-08-17,2021-08-05,2021-07-30,2021-06-17,2021-04-09,2021-02-18,2021-07-12,2021-05-18,2021-03-15,5240500.0,,,,n2p,,,,n2p,Life.BullEnd,Life.BullStart,Life.BullEnd,Life.BullRetrace,Life.BullStart,,
2021-08-24,RL,3.6,15.14,3.2,17.03,0.06,1.47,0,0,0,-,0,0,0,0.51666,,,,0.54,0.47881,0.4931,0.51935,0.52372,-0.02594,-0.026,,0.02613,,0.026,-0.03871,,,0.00813,,,-0.03829,,,0.04877,,,-0.01234,-0.01276,0.00042,0.01956,,,0.48547,0.47895,0.00652,0.00623,8e-05,0.00615,,,,,7.23,-2.17,11.07,-10.63,2.79,-12.66,9.73,,8.0,8.0,21.0,17.0,7.0,11.0,12.0,,0.0248,0.0,0.00636,-0.00106,6.02027,85.75553,70.0818,,,51.49853,94.0688,81.31429,,,98.02293,88.1553,53.09716,52.73248,,,0.01845,0.01967,,,,,-0.15,,,,,,,0.552,0.789,0.663,0.45,0.524,0.662,2021-06-14,2021-04-15,2021-03-19,2021-07-21,2021-05-28,2021-03-23,14.81,-18.48,5.34,-33.59,19.18,-0.15,23.0,26.0,10.0,27.0,17.0,2.0,1.0,-1.0,1.0,-1.0,1.0,-0.0,0.54,0.471,0.471,0.466,0.461,0.456,2021-08-24,2021-08-16,2021-08-04,2021-08-17,2021-08-05,2021-07-30,0.039,0.028,0.0,0.02,0.027,0.022,2021-05-10,2020-12-22,1999-01-01,2021-08-23,2021-01-18,2020-11-02,0.023,0.125,0.003,-0.026,0.023,0.002,2021-07-19,2021-04-26,2021-01-14,2021-08-24,2021-07-13,2021-01-22,0.119,0.034,0.0,-0.06,0.016,-0.068,2021-04-19,2020-12-21,1999-01-01,2021-07-29,2021-01-26,2020-10-07,0.056,0.174,0.033,-0.038,0.039,0.016,2021-07-19,2021-04-21,2020-12-23,2021-08-23,2021-06-25,2021-01-25,0.026,0.01,0.011,-0.017,0.01,-0.027,2021-08-24,2021-06-28,2021-06-16,2021-07-28,2021-06-25,2021-05-03,0.021,0.017,0.001,-0.015,-0.033,-0.009,2021-07-15,2021-05-27,2021-03-29,2021-06-18,2021-04-26,2021-03-05,0.049,0.022,0.002,-0.042,-0.043,-0.007,2021-08-23,2021-06-14,2021-03-29,2021-07-27,2021-04-27,2021-03-09,0.009,-0.002,0.015,-0.006,-0.026,-0.003,2021-06-09,2021-03-24,2021-02-05,2021-07-27,2021-04-27,2021-03-11,176200.0,5240500.0,7212800.0,-39.62,804.72,126.32,-0.021,0.035,0.034,-0.024,-0.04,0.03,0.005,0.002,0.008,-0.001,-0.015,-0.001,-0.0237,0.03397,0.03012,-0.02339,-0.03402,0.03075,43.473,57.442,49.37,35.035,41.274,38.349,100.0,69.099,69.099,44.395,53.727,46.118,49.808,65.545,72.433,34.257,29.551,58.82,2021-06-25,2021-04-13,2021-03-02,2021-07-13,2021-05-31,2021-03-23,73,42,89,43,69,62,2021-06-08,2021-03-15,2020-11-19,2021-07-13,2021-05-17,2020-12-29,2021-08-23,2021-08-09,2021-08-04,2021-08-17,2021-08-05,2021-07-30,2021-06-17,2021-04-09,2021-02-18,2021-07-12,2021-05-18,2021-03-15,,,,,,,,n2p,,Life.BullStart,Life.BullEnd,Life.BullRetrace,Life.BullStart,Life.Bull,bull.t4,
2021-08-25,RL,3.6,14.72,3.2,16.56,0.06,1.51,0,0,0,-,0,0,0,0.52624,,,0.525,,0.48237,0.49436,0.51947,0.52373,-0.02583,,,0.0261,,,-0.03636,,,0.00717,,,-0.03747,,,0.0475,,,-0.01164,-0.01053,-0.00112,0.01959,,0.02,0.49157,0.48237,0.0092,0.00785,0.00163,0.00621,,,,,5.28,-2.17,11.07,-10.63,2.79,-12.66,9.73,,7.0,8.0,21.0,17.0,7.0,11.0,12.0,,-0.0,-0.0149,0.00601,-0.00212,2.83502,73.9245,70.88381,,,39.6675,72.19731,88.75537,72.197,,88.75537,91.86421,53.38364,53.07783,,,0.01925,0.0197,,,,,-0.15,,,,,,,0.552,0.789,0.663,0.45,0.524,0.662,2021-06-14,2021-04-15,2021-03-19,2021-07-21,2021-05-28,2021-03-23,16.94,-18.48,5.34,-33.59,19.18,-0.15,24.0,26.0,10.0,27.0,17.0,2.0,1.0,-1.0,1.0,-1.0,1.0,-0.0,0.54,0.471,0.471,0.525,0.466,0.461,2021-08-24,2021-08-16,2021-08-04,2021-08-25,2021-08-17,2021-08-05,0.039,0.028,0.0,0.02,0.027,0.022,2021-05-10,2020-12-22,1999-01-01,2021-08-23,2021-01-18,2020-11-02,0.023,0.125,0.003,-0.026,0.023,0.002,2021-07-19,2021-04-26,2021-01-14,2021-08-24,2021-07-13,2021-01-22,0.119,0.034,0.0,-0.06,0.016,-0.068,2021-04-19,2020-12-21,1999-01-01,2021-07-29,2021-01-26,2020-10-07,0.056,0.174,0.033,-0.038,0.039,0.016,2021-07-19,2021-04-21,2020-12-23,2021-08-23,2021-06-25,2021-01-25,0.026,0.01,0.011,-0.017,0.01,-0.027,2021-08-24,2021-06-28,2021-06-16,2021-07-28,2021-06-25,2021-05-03,0.021,0.017,0.001,-0.015,-0.033,-0.009,2021-07-15,2021-05-27,2021-03-29,2021-06-18,2021-04-26,2021-03-05,0.049,0.022,0.002,-0.042,-0.043,-0.007,2021-08-23,2021-06-14,2021-03-29,2021-07-27,2021-04-27,2021-03-09,0.02,0.009,-0.002,-0.006,-0.026,-0.003,2021-08-25,2021-06-09,2021-03-24,2021-07-27,2021-04-27,2021-03-11,5240500.0,7212800.0,6228700.0,804.72,126.32,47.92,-0.021,0.035,0.034,-0.024,-0.04,0.03,0.005,0.002,0.008,-0.001,-0.015,-0.001,-0.0237,0.03397,0.03012,-0.02339,-0.03402,0.03075,43.473,57.442,49.37,35.035,41.274,38.349,100.0,69.099,69.099,72.197,44.395,53.727,49.808,65.545,72.433,34.257,29.551,58.82,2021-06-25,2021-04-13,2021-03-02,2021-07-13,2021-05-31,2021-03-23,73,42,89,43,69,62,2021-06-08,2021-03-15,2020-11-19,2021-07-13,2021-05-17,2020-12-29,2021-08-23,2021-08-09,2021-08-04,2021-08-25,2021-08-17,2021-08-05,2021-06-17,2021-04-09,2021-02-18,2021-07-12,2021-05-18,2021-03-15,,,,,,,n2p,,,Life.BullStart,Life.BullEnd,Life.BullRetrace,Life.BullStart,Life.Bull,bull.t4,
2021-08-26,RL,4.6,11.74,4.25,12.71,2.52,1.97,0,0,0,-,0,0,0,0.53492,,,,,0.48642,0.49595,0.51978,0.52384,-0.02534,,,0.02551,,,-0.03395,,,0.00617,,,-0.03603,,,0.04529,,,-0.01069,-0.00861,-0.00208,0.01932,,,0.49825,0.48626,0.01198,0.00941,0.00319,0.00622,,,,0.006,3.57,-2.17,11.07,-10.63,2.79,-12.66,9.73,,6.0,8.0,21.0,17.0,7.0,11.0,12.0,,0.0099,0.0,0.00672,-0.00141,4.75253,82.61633,71.46177,,,48.35933,83.29596,83.18736,,,82.85672,89.87834,53.61459,53.36513,,,0.0193,0.01976,,,,,-0.15,,,,,,,0.552,0.789,0.663,0.45,0.524,0.662,2021-06-14,2021-04-15,2021-03-19,2021-07-21,2021-05-28,2021-03-23,18.87,-18.48,5.34,-33.59,19.18,-0.15,25.0,26.0,10.0,27.0,17.0,2.0,1.0,-1.0,1.0,-1.0,1.0,-0.0,0.54,0.471,0.471,0.525,0.466,0.461,2021-08-24,2021-08-16,2021-08-04,2021-08-25,2021-08-17,2021-08-05,0.039,0.028,0.0,0.02,0.027,0.022,2021-05-10,2020-12-22,1999-01-01,2021-08-23,2021-01-18,2020-11-02,0.023,0.125,0.003,-0.026,0.023,0.002,2021-07-19,2021-04-26,2021-01-14,2021-08-24,2021-07-13,2021-01-22,0.119,0.034,0.0,-0.06,0.016,-0.068,2021-04-19,2020-12-21,1999-01-01,2021-07-29,2021-01-26,2020-10-07,0.056,0.174,0.033,-0.038,0.039,0.016,2021-07-19,2021-04-21,2020-12-23,2021-08-23,2021-06-25,2021-01-25,0.026,0.01,0.011,-0.017,0.01,-0.027,2021-08-24,2021-06-28,2021-06-16,2021-07-28,2021-06-25,2021-05-03,0.021,0.017,0.001,-0.015,-0.033,-0.009,2021-07-15,2021-05-27,2021-03-29,2021-06-18,2021-04-26,2021-03-05,0.049,0.022,0.002,-0.042,-0.043,-0.007,2021-08-23,2021-06-14,2021-03-29,2021-07-27,2021-04-27,2021-03-09,0.02,0.009,-0.002,-0.006,-0.026,-0.003,2021-08-25,2021-06-09,2021-03-24,2021-07-27,2021-04-27,2021-03-11,7212800.0,6228700.0,3498600.0,126.32,47.92,-9.32,-0.021,0.035,0.034,-0.024,-0.04,0.03,0.006,0.005,0.002,-0.001,-0.015,-0.001,-0.0237,0.03397,0.03012,-0.02339,-0.03402,0.03075,43.473,57.442,49.37,35.035,41.274,38.349,100.0,69.099,69.099,72.197,44.395,53.727,49.808,65.545,72.433,34.257,29.551,58.82,2021-06-25,2021-04-13,2021-03-02,2021-07-13,2021-05-31,2021-03-23,73,42,89,43,69,62,2021-06-08,2021-03-15,2020-11-19,2021-07-13,2021-05-17,2020-12-29,2021-08-23,2021-08-09,2021-08-04,2021-08-25,2021-08-17,2021-08-05,2021-06-17,2021-04-09,2021-02-18,2021-07-12,2021-05-18,2021-03-15,,,3498600.0,,,n2p,,,p2n,Life.BullStart,Life.BullEnd,Life.BullRetrace,Life.BullStart,Life.Bull,bull.t4,
2021-08-27,RL,4.6,12.17,4.25,13.18,2.43,1.9,1,0,0,-,0,0,0,0.54225,,,,,0.49169,0.49826,0.52047,0.52415,-0.02451,,,0.02443,,,-0.03149,,,0.00513,,,-0.03408,,,0.04228,,,-0.00956,-0.00698,-0.00258,0.01876,,,0.50696,0.49135,0.01562,0.01088,0.00473,0.00615,,,,,2.17,-2.17,11.07,-10.63,2.79,-12.66,9.73,,5.0,8.0,21.0,17.0,7.0,11.0,12.0,,0.0199,0.0,0.00779,-0.00141,5.50505,84.62733,71.78412,,,50.37033,95.0555,83.51626,,,83.09804,84.90338,53.78992,53.59605,,,0.02004,0.01983,,,,,-0.15,,,,,,,0.552,0.789,0.663,0.45,0.524,0.662,2021-06-14,2021-04-15,2021-03-19,2021-07-21,2021-05-28,2021-03-23,20.5,-18.48,5.34,-33.59,19.18,-0.15,26.0,26.0,10.0,27.0,17.0,2.0,1.0,-1.0,1.0,-1.0,1.0,-0.0,0.54,0.471,0.471,0.525,0.466,0.461,2021-08-24,2021-08-16,2021-08-04,2021-08-25,2021-08-17,2021-08-05,0.039,0.028,0.0,0.02,0.027,0.022,2021-05-10,2020-12-22,1999-01-01,2021-08-23,2021-01-18,2020-11-02,0.023,0.125,0.003,-0.026,0.023,0.002,2021-07-19,2021-04-26,2021-01-14,2021-08-24,2021-07-13,2021-01-22,0.119,0.034,0.0,-0.06,0.016,-0.068,2021-04-19,2020-12-21,1999-01-01,2021-07-29,2021-01-26,2020-10-07,0.056,0.174,0.033,-0.038,0.039,0.016,2021-07-19,2021-04-21,2020-12-23,2021-08-23,2021-06-25,2021-01-25,0.026,0.01,0.011,-0.017,0.01,-0.027,2021-08-24,2021-06-28,2021-06-16,2021-07-28,2021-06-25,2021-05-03,0.021,0.017,0.001,-0.015,-0.033,-0.009,2021-07-15,2021-05-27,2021-03-29,2021-06-18,2021-04-26,2021-03-05,0.049,0.022,0.002,-0.042,-0.043,-0.007,2021-08-23,2021-06-14,2021-03-29,2021-07-27,2021-04-27,2021-03-09,0.02,0.009,-0.002,-0.006,-0.026,-0.003,2021-08-25,2021-06-09,2021-03-24,2021-07-27,2021-04-27,2021-03-11,6228700.0,3498600.0,5986000.0,47.92,-9.32,-7.24,-0.021,0.035,0.034,-0.024,-0.04,0.03,0.006,0.005,0.002,-0.001,-0.015,-0.001,-0.0237,0.03397,0.03012,-0.02339,-0.03402,0.03075,43.473,57.442,49.37,35.035,41.274,38.349,100.0,69.099,69.099,72.197,44.395,53.727,49.808,65.545,72.433,34.257,29.551,58.82,2021-06-25,2021-04-13,2021-03-02,2021-07-13,2021-05-31,2021-03-23,73,42,89,43,69,62,2021-06-08,2021-03-15,2020-11-19,2021-07-13,2021-05-17,2020-12-29,2021-08-23,2021-08-09,2021-08-04,2021-08-25,2021-08-17,2021-08-05,2021-06-17,2021-04-09,2021-02-18,2021-07-12,2021-05-18,2021-03-15,,,,,n2p,,,p2n,,Life.BullStart,Life.BullEnd,Life.BullRetrace,Life.BullStart,Life.Bull,bull.t4,
2021-08-30,RL,4.6,12.5,4.25,13.53,2.37,1.85,1,0,0,-,0,0,0,0.54782,,,,0.57,0.49769,0.50106,0.52145,0.52461,-0.02342,,,0.02291,,,-0.029,,,0.00408,,,-0.03173,,,0.03864,,,-0.00831,-0.00558,-0.00273,0.01794,,,0.51662,0.49715,0.01946,0.01224,0.00623,0.00601,,,,,1.13,-2.17,11.07,-10.63,2.79,-12.66,9.73,,4.0,8.0,21.0,17.0,7.0,11.0,12.0,,0.0148,0.0,0.00849,-0.00141,6.00505,85.72459,71.82615,,71.826,51.46759,95.61404,91.32183,,95.614,89.77761,85.24412,53.90916,53.77123,,,0.02002,0.01992,,,,,-0.15,,,,,,,0.552,0.789,0.663,0.45,0.524,0.662,2021-06-14,2021-04-15,2021-03-19,2021-07-21,2021-05-28,2021-03-23,21.74,-18.48,5.34,-33.59,19.18,-0.15,27.0,26.0,10.0,27.0,17.0,2.0,1.0,-1.0,1.0,-1.0,1.0,-0.0,0.57,0.54,0.471,0.525,0.466,0.461,2021-08-30,2021-08-24,2021-08-16,2021-08-25,2021-08-17,2021-08-05,0.039,0.028,0.0,0.02,0.027,0.022,2021-05-10,2020-12-22,1999-01-01,2021-08-23,2021-01-18,2020-11-02,0.023,0.125,0.003,-0.026,0.023,0.002,2021-07-19,2021-04-26,2021-01-14,2021-08-24,2021-07-13,2021-01-22,0.119,0.034,0.0,-0.06,0.016,-0.068,2021-04-19,2020-12-21,1999-01-01,2021-07-29,2021-01-26,2020-10-07,0.056,0.174,0.033,-0.038,0.039,0.016,2021-07-19,2021-04-21,2020-12-23,2021-08-23,2021-06-25,2021-01-25,0.026,0.01,0.011,-0.017,0.01,-0.027,2021-08-24,2021-06-28,2021-06-16,2021-07-28,2021-06-25,2021-05-03,0.021,0.017,0.001,-0.015,-0.033,-0.009,2021-07-15,2021-05-27,2021-03-29,2021-06-18,2021-04-26,2021-03-05,0.049,0.022,0.002,-0.042,-0.043,-0.007,2021-08-23,2021-06-14,2021-03-29,2021-07-27,2021-04-27,2021-03-09,0.02,0.009,-0.002,-0.006,-0.026,-0.003,2021-08-25,2021-06-09,2021-03-24,2021-07-27,2021-04-27,2021-03-11,3498600.0,5986000.0,3368000.0,-9.32,-7.24,-18.21,-0.021,0.035,0.034,-0.024,-0.04,0.03,0.006,0.005,0.002,-0.001,-0.015,-0.001,-0.0237,0.03397,0.03012,-0.02339,-0.03402,0.03075,43.473,57.442,49.37,35.035,41.274,38.349,95.614,100.0,69.099,72.197,44.395,53.727,71.826,49.808,65.545,34.257,29.551,58.82,2021-06-25,2021-04-13,2021-03-02,2021-07-13,2021-05-31,2021-03-23,73,42,89,43,69,62,2021-06-08,2021-03-15,2020-11-19,2021-07-13,2021-05-17,2020-12-29,2021-08-30,2021-08-23,2021-08-09,2021-08-25,2021-08-17,2021-08-05,2021-08-30,2021-06-17,2021-04-09,2021-07-12,2021-05-18,2021-03-15,,,,,,,p2n,,,Life.BullStart,Life.BullEnd,Life.BullRetrace,Life.BullStart,Life.Bull,,
2021-09-01,RL,4.6,12.39,4.25,13.41,2.39,1.86,0,0,0,-,0,0,0,0.55147,,,,,0.50285,0.50356,0.52231,0.52501,-0.02212,,,0.02102,,,-0.02648,,,0.00303,,,-0.02914,,,0.03453,,,-0.00702,-0.00437,-0.00265,0.01689,,,0.52403,0.50216,0.02187,0.01346,0.00768,0.00579,,,,,0.46,-2.17,11.07,-10.63,2.79,-12.66,9.73,,2.0,8.0,21.0,17.0,7.0,11.0,12.0,,-0.0,-0.0049,0.00849,-0.00176,4.81377,82.79944,71.58041,,,10.97344,91.31579,93.99511,,,89.62122,87.49896,53.97493,53.89134,,,0.01965,0.02003,,,,,-0.15,,,,,,,0.552,0.789,0.663,0.45,0.524,0.662,2021-06-14,2021-04-15,2021-03-19,2021-07-21,2021-05-28,2021-03-23,22.55,-18.48,5.34,-33.59,19.18,-0.15,28.0,26.0,10.0,27.0,17.0,2.0,1.0,-1.0,1.0,-1.0,1.0,-0.0,0.57,0.54,0.471,0.525,0.466,0.461,2021-08-30,2021-08-24,2021-08-16,2021-08-25,2021-08-17,2021-08-05,0.039,0.028,0.0,0.02,0.027,0.022,2021-05-10,2020-12-22,1999-01-01,2021-08-23,2021-01-18,2020-11-02,0.023,0.125,0.003,-0.026,0.023,0.002,2021-07-19,2021-04-26,2021-01-14,2021-08-24,2021-07-13,2021-01-22,0.119,0.034,0.0,-0.06,0.016,-0.068,2021-04-19,2020-12-21,1999-01-01,2021-07-29,2021-01-26,2020-10-07,0.056,0.174,0.033,-0.038,0.039,0.016,2021-07-19,2021-04-21,2020-12-23,2021-08-23,2021-06-25,2021-01-25,0.026,0.01,0.011,-0.017,0.01,-0.027,2021-08-24,2021-06-28,2021-06-16,2021-07-28,2021-06-25,2021-05-03,0.021,0.017,0.001,-0.015,-0.033,-0.009,2021-07-15,2021-05-27,2021-03-29,2021-06-18,2021-04-26,2021-03-05,0.049,0.022,0.002,-0.042,-0.043,-0.007,2021-08-23,2021-06-14,2021-03-29,2021-07-27,2021-04-27,2021-03-09,0.02,0.009,-0.002,-0.006,-0.026,-0.003,2021-08-25,2021-06-09,2021-03-24,2021-07-27,2021-04-27,2021-03-11,5986000.0,3368000.0,2034500.0,-7.24,-18.21,-11.39,-0.021,0.035,0.034,-0.024,-0.04,0.03,0.006,0.005,0.002,-0.001,-0.015,-0.001,-0.0237,0.03397,0.03012,-0.02339,-0.03402,0.03075,43.473,57.442,49.37,35.035,41.274,38.349,95.614,100.0,69.099,72.197,44.395,53.727,71.826,49.808,65.545,34.257,29.551,58.82,2021-06-25,2021-04-13,2021-03-02,2021-07-13,2021-05-31,2021-03-23,73,42,89,43,69,62,2021-06-08,2021-03-15,2020-11-19,2021-07-13,2021-05-17,2020-12-29,2021-08-30,2021-08-23,2021-08-09,2021-08-25,2021-08-17,2021-08-05,2021-08-30,2021-06-17,2021-04-09,2021-07-12,2021-05-18,2021-03-15,,,,,,p2n,,,,Life.BullStart,Life.BullEnd,Life.BullRetrace,Life.BullStart,Life.Bull,,
2021-09-02,RL,4.6,11.85,4.25,12.82,2.5,1.95,0,0,0,-,0,0,0,0.55335,,,0.54,,0.50571,0.50499,0.52266,0.52515,-0.02068,,,0.01887,,,-0.02396,,,0.002,,,-0.02644,,,0.03014,,,-0.00576,-0.00328,-0.00249,0.01565,,,0.52649,0.50497,0.02152,0.01452,0.00905,0.00548,,,,,0.12,-2.17,11.07,-10.63,2.79,-12.66,9.73,,1.0,8.0,21.0,17.0,7.0,11.0,12.0,,-0.0,-0.0248,0.00849,-0.00354,2.40202,70.6057,71.05616,,,-1.2203,69.5614,85.49708,69.561,,68.03707,82.47863,53.99209,53.95873,,53.992,0.02037,0.02015,,,,,-0.15,,,,,,,0.552,0.789,0.663,0.45,0.524,0.662,2021-06-14,2021-04-15,2021-03-19,2021-07-21,2021-05-28,2021-03-23,22.97,-18.48,5.34,-33.59,19.18,-0.15,29.0,26.0,10.0,27.0,17.0,2.0,1.0,-1.0,1.0,-1.0,1.0,-0.0,0.57,0.54,0.471,0.54,0.525,0.466,2021-08-30,2021-08-24,2021-08-16,2021-09-02,2021-08-25,2021-08-17,0.039,0.028,0.0,0.02,0.027,0.022,2021-05-10,2020-12-22,1999-01-01,2021-08-23,2021-01-18,2020-11-02,0.023,0.125,0.003,-0.026,0.023,0.002,2021-07-19,2021-04-26,2021-01-14,2021-08-24,2021-07-13,2021-01-22,0.119,0.034,0.0,-0.06,0.016,-0.068,2021-04-19,2020-12-21,1999-01-01,2021-07-29,2021-01-26,2020-10-07,0.056,0.174,0.033,-0.038,0.039,0.016,2021-07-19,2021-04-21,2020-12-23,2021-08-23,2021-06-25,2021-01-25,0.026,0.01,0.011,-0.017,0.01,-0.027,2021-08-24,2021-06-28,2021-06-16,2021-07-28,2021-06-25,2021-05-03,0.021,0.017,0.001,-0.015,-0.033,-0.009,2021-07-15,2021-05-27,2021-03-29,2021-06-18,2021-04-26,2021-03-05,0.049,0.022,0.002,-0.042,-0.043,-0.007,2021-08-23,2021-06-14,2021-03-29,2021-07-27,2021-04-27,2021-03-09,0.02,0.009,-0.002,-0.006,-0.026,-0.003,2021-08-25,2021-06-09,2021-03-24,2021-07-27,2021-04-27,2021-03-11,3368000.0,2034500.0,2545300.0,-18.21,-11.39,-30.21,-0.021,0.035,0.034,-0.024,-0.04,0.03,0.006,0.005,0.002,-0.001,-0.015,-0.001,-0.0237,0.03397,0.03012,-0.02339,-0.03402,0.03075,53.992,43.473,57.442,35.035,41.274,38.349,95.614,100.0,69.099,69.561,72.197,44.395,71.826,49.808,65.545,34.257,29.551,58.82,2021-06-25,2021-04-13,2021-03-02,2021-07-13,2021-05-31,2021-03-23,73,42,89,43,69,62,2021-09-02,2021-06-08,2021-03-15,2021-07-13,2021-05-17,2020-12-29,2021-08-30,2021-08-23,2021-08-09,2021-09-02,2021-08-25,2021-08-17,2021-08-30,2021-06-17,2021-04-09,2021-07-12,2021-05-18,2021-03-15,,,,,p2n,,,,,Life.BullStart,Life.BullEnd,Life.BullRetrace,Life.BullStart,Life.Bull,,
2021-09-03,RL,4.6,12.17,4.25,13.18,2.43,1.9,0,0,0,-,0,0,0,0.55384,,0.554,,,0.50949,0.50695,0.52329,0.52545,-0.01916,,,0.01653,,,-0.02144,,,0.001,,,-0.02374,,,0.02564,,,-0.00458,-0.00228,-0.0023,0.01426,,,0.53086,0.50866,0.02219,0.01541,0.01032,0.00509,,,,,-2.14,11.07,-10.63,2.79,-12.66,9.73,,,8.0,21.0,17.0,7.0,11.0,12.0,,,0.0149,0.0,0.00956,-0.00354,2.70303,72.99509,70.27687,,,1.16909,82.63158,81.16959,,,55.82686,71.16172,53.96414,53.97705,,,0.01998,0.02028,,,,,-0.15,,,,,,,0.554,0.552,0.789,0.45,0.524,0.662,2021-09-03,2021-06-14,2021-04-15,2021-07-21,2021-05-28,2021-03-23,0.0,23.11,-18.48,5.34,-33.59,19.18,0.0,30.0,26.0,10.0,27.0,17.0,0.0,1.0,-1.0,1.0,-1.0,1.0,0.57,0.54,0.471,0.54,0.525,0.466,2021-08-30,2021-08-24,2021-08-16,2021-09-02,2021-08-25,2021-08-17,0.039,0.028,0.0,0.02,0.027,0.022,2021-05-10,2020-12-22,1999-01-01,2021-08-23,2021-01-18,2020-11-02,0.023,0.125,0.003,-0.026,0.023,0.002,2021-07-19,2021-04-26,2021-01-14,2021-08-24,2021-07-13,2021-01-22,0.119,0.034,0.0,-0.06,0.016,-0.068,2021-04-19,2020-12-21,1999-01-01,2021-07-29,2021-01-26,2020-10-07,0.056,0.174,0.033,-0.038,0.039,0.016,2021-07-19,2021-04-21,2020-12-23,2021-08-23,2021-06-25,2021-01-25,0.026,0.01,0.011,-0.017,0.01,-0.027,2021-08-24,2021-06-28,2021-06-16,2021-07-28,2021-06-25,2021-05-03,0.021,0.017,0.001,-0.015,-0.033,-0.009,2021-07-15,2021-05-27,2021-03-29,2021-06-18,2021-04-26,2021-03-05,0.049,0.022,0.002,-0.042,-0.043,-0.007,2021-08-23,2021-06-14,2021-03-29,2021-07-27,2021-04-27,2021-03-09,0.02,0.009,-0.002,-0.006,-0.026,-0.003,2021-08-25,2021-06-09,2021-03-24,2021-07-27,2021-04-27,2021-03-11,2034500.0,2545300.0,1065500.0,-11.39,-30.21,-28.97,-0.021,0.035,0.034,-0.024,-0.04,0.03,0.006,0.005,0.002,-0.001,-0.015,-0.001,-0.0237,0.03397,0.03012,-0.02339,-0.03402,0.03075,53.992,43.473,57.442,35.035,41.274,38.349,95.614,100.0,69.099,69.561,72.197,44.395,71.826,49.808,65.545,34.257,29.551,58.82,2021-06-25,2021-04-13,2021-03-02,2021-07-13,2021-05-31,2021-03-23,73,42,89,43,69,62,2021-09-02,2021-06-08,2021-03-15,2021-07-13,2021-05-17,2020-12-29,2021-08-30,2021-08-23,2021-08-09,2021-09-02,2021-08-25,2021-08-17,2021-08-30,2021-06-17,2021-04-09,2021-07-12,2021-05-18,2021-03-15,,,,,,,,,,Life.BullStart,Life.BullEnd,Life.BullRetrace,Life.BullStart,Life.Bull,,
2021-09-06,RL,4.6,12.17,4.25,13.18,2.43,1.9,0,0,0,-,0,0,0,0.55328,,,,,0.51299,0.50883,0.52392,0.52574,-0.01757,,,0.01409,,,-0.01894,,,5e-05,,,-0.02104,,,0.02117,,,-0.00346,-0.00137,-0.00209,0.01276,,,0.53456,0.51209,0.02247,0.01612,0.01148,0.00464,,,,,-2.04,11.07,-10.63,2.79,-12.66,9.73,,,7.0,21.0,17.0,7.0,11.0,12.0,,,0.0,0.0,0.00956,-0.00354,2.70303,72.99509,69.27078,,,1.16909,82.63158,78.27485,,,45.25722,56.37371,53.89191,53.94938,,,0.01926,0.02043,,,,,-0.15,,,,,,,0.554,0.552,0.789,0.45,0.524,0.662,2021-09-03,2021-06-14,2021-04-15,2021-07-21,2021-05-28,2021-03-23,-0.13,23.11,-18.48,5.34,-33.59,19.18,1.0,30.0,26.0,10.0,27.0,17.0,-0.0,1.0,-1.0,1.0,-1.0,1.0,0.57,0.54,0.471,0.54,0.525,0.466,2021-08-30,2021-08-24,2021-08-16,2021-09-02,2021-08-25,2021-08-17,0.039,0.028,0.0,0.02,0.027,0.022,2021-05-10,2020-12-22,1999-01-01,2021-08-23,2021-01-18,2020-11-02,0.023,0.125,0.003,-0.026,0.023,0.002,2021-07-19,2021-04-26,2021-01-14,2021-08-24,2021-07-13,2021-01-22,0.119,0.034,0.0,-0.06,0.016,-0.068,2021-04-19,2020-12-21,1999-01-01,2021-07-29,2021-01-26,2020-10-07,0.056,0.174,0.033,-0.038,0.039,0.016,2021-07-19,2021-04-21,2020-12-23,2021-08-23,2021-06-25,2021-01-25,0.026,0.01,0.011,-0.017,0.01,-0.027,2021-08-24,2021-06-28,2021-06-16,2021-07-28,2021-06-25,2021-05-03,0.021,0.017,0.001,-0.015,-0.033,-0.009,2021-07-15,2021-05-27,2021-03-29,2021-06-18,2021-04-26,2021-03-05,0.049,0.022,0.002,-0.042,-0.043,-0.007,2021-08-23,2021-06-14,2021-03-29,2021-07-27,2021-04-27,2021-03-09,0.02,0.009,-0.002,-0.006,-0.026,-0.003,2021-08-25,2021-06-09,2021-03-24,2021-07-27,2021-04-27,2021-03-11,2545300.0,1065500.0,1215000.0,-30.21,-28.97,-14.52,-0.021,0.035,0.034,-0.024,-0.04,0.03,0.006,0.005,0.002,-0.001,-0.015,-0.001,-0.0237,0.03397,0.03012,-0.02339,-0.03402,0.03075,53.992,43.473,57.442,35.035,41.274,38.349,95.614,100.0,69.099,69.561,72.197,44.395,71.826,49.808,65.545,34.257,29.551,58.82,2021-06-25,2021-04-13,2021-03-02,2021-07-13,2021-05-31,2021-03-23,73,42,89,43,69,62,2021-09-02,2021-06-08,2021-03-15,2021-07-13,2021-05-17,2020-12-29,2021-08-30,2021-08-23,2021-08-09,2021-09-02,2021-08-25,2021-08-17,2021-08-30,2021-06-17,2021-04-09,2021-07-12,2021-05-18,2021-03-15,,,,,,,,,,Life.BullStart,Life.BullEnd,Life.BullRetrace,Life.BullStart,Life.Bull,,
2021-09-07,RL,4.6,12.61,4.25,13.65,2.34,1.83,1,0,0,-,0,0,0,0.55197,,,,0.575,0.51773,0.51141,0.52493,0.52623,-0.01594,,,0.01163,,,-0.01648,,,-0.00084,,,-0.01836,,,0.01689,,,-0.00242,-0.00054,-0.00188,0.01119,,,0.54073,0.51673,0.024,0.01666,0.01251,0.00414,,,,,-1.81,11.07,-10.63,2.79,-12.66,9.73,,,6.0,21.0,17.0,7.0,11.0,12.0,,,0.0198,0.0,0.01097,-0.00319,3.44395,77.49748,68.06778,,,5.67148,95.87889,87.04735,,95.879,64.91493,55.333,53.77434,53.8768,,,0.02001,0.0206,,,,,-0.15,,,,,,,0.554,0.552,0.789,0.45,0.524,0.662,2021-09-03,2021-06-14,2021-04-15,2021-07-21,2021-05-28,2021-03-23,-0.37,23.11,-18.48,5.34,-33.59,19.18,2.0,30.0,26.0,10.0,27.0,17.0,-0.0,1.0,-1.0,1.0,-1.0,1.0,0.575,0.57,0.54,0.54,0.525,0.466,2021-09-07,2021-08-30,2021-08-24,2021-09-02,2021-08-25,2021-08-17,0.039,0.028,0.0,0.02,0.027,0.022,2021-05-10,2020-12-22,1999-01-01,2021-08-23,2021-01-18,2020-11-02,0.023,0.125,0.003,-0.026,0.023,0.002,2021-07-19,2021-04-26,2021-01-14,2021-08-24,2021-07-13,2021-01-22,0.119,0.034,0.0,-0.06,0.016,-0.068,2021-04-19,2020-12-21,1999-01-01,2021-07-29,2021-01-26,2020-10-07,0.056,0.174,0.033,-0.038,0.039,0.016,2021-07-19,2021-04-21,2020-12-23,2021-08-23,2021-06-25,2021-01-25,0.026,0.01,0.011,-0.017,0.01,-0.027,2021-08-24,2021-06-28,2021-06-16,2021-07-28,2021-06-25,2021-05-03,0.021,0.017,0.001,-0.015,-0.033,-0.009,2021-07-15,2021-05-27,2021-03-29,2021-06-18,2021-04-26,2021-03-05,0.049,0.022,0.002,-0.042,-0.043,-0.007,2021-08-23,2021-06-14,2021-03-29,2021-07-27,2021-04-27,2021-03-09,0.02,0.009,-0.002,-0.006,-0.026,-0.003,2021-08-25,2021-06-09,2021-03-24,2021-07-27,2021-04-27,2021-03-11,1065500.0,1215000.0,5322300.0,-28.97,-14.52,57.54,-0.021,0.035,0.034,-0.024,-0.04,0.03,0.006,0.005,0.002,-0.001,-0.015,-0.001,-0.0237,0.03397,0.03012,-0.02339,-0.03402,0.03075,53.992,43.473,57.442,35.035,41.274,38.349,95.879,95.614,100.0,69.561,72.197,44.395,71.826,49.808,65.545,34.257,29.551,58.82,2021-06-25,2021-04-13,2021-03-02,2021-07-13,2021-05-31,2021-03-23,73,42,89,43,69,62,2021-09-02,2021-06-08,2021-03-15,2021-07-13,2021-05-17,2020-12-29,2021-09-07,2021-08-30,2021-08-23,2021-09-02,2021-08-25,2021-08-17,2021-08-30,2021-06-17,2021-04-09,2021-07-12,2021-05-18,2021-03-15,5322300.0,,,,,,,,n2p,Life.BullStart,Life.BullEnd,Life.BullRetrace,Life.BullStart,Life.Bull,,
2021-09-08,RL,4.6,12.07,4.25,13.06,2.45,1.91,0,0,0,-,0,0,0,0.55023,,,,,0.52021,0.51292,0.52542,0.52647,-0.01428,,,0.00922,,,-0.01405,,,-0.00166,,,-0.01571,,,0.01289,,,-0.00143,0.00023,-0.00166,0.00959,,,0.54214,0.51918,0.02296,0.01702,0.01342,0.00361,,,,,-1.5,11.07,-10.63,2.79,-12.66,9.73,,,5.0,21.0,17.0,7.0,11.0,12.0,,,-0.0,-0.0248,0.01062,-0.00496,2.14265,68.17973,66.7094,,,-3.64627,75.02103,84.5105,,,57.51582,55.89599,53.60951,53.75859,,,0.02035,0.02077,,,,,-0.15,,,,,,,0.554,0.552,0.789,0.45,0.524,0.662,2021-09-03,2021-06-14,2021-04-15,2021-07-21,2021-05-28,2021-03-23,-0.68,23.11,-18.48,5.34,-33.59,19.18,3.0,30.0,26.0,10.0,27.0,17.0,-0.0,1.0,-1.0,1.0,-1.0,1.0,0.575,0.57,0.54,0.54,0.525,0.466,2021-09-07,2021-08-30,2021-08-24,2021-09-02,2021-08-25,2021-08-17,0.039,0.028,0.0,0.02,0.027,0.022,2021-05-10,2020-12-22,1999-01-01,2021-08-23,2021-01-18,2020-11-02,0.023,0.125,0.003,-0.026,0.023,0.002,2021-07-19,2021-04-26,2021-01-14,2021-08-24,2021-07-13,2021-01-22,0.119,0.034,0.0,-0.06,0.016,-0.068,2021-04-19,2020-12-21,1999-01-01,2021-07-29,2021-01-26,2020-10-07,0.056,0.174,0.033,-0.038,0.039,0.016,2021-07-19,2021-04-21,2020-12-23,2021-08-23,2021-06-25,2021-01-25,0.026,0.01,0.011,-0.017,0.01,-0.027,2021-08-24,2021-06-28,2021-06-16,2021-07-28,2021-06-25,2021-05-03,0.021,0.017,0.001,-0.015,-0.033,-0.009,2021-07-15,2021-05-27,2021-03-29,2021-06-18,2021-04-26,2021-03-05,0.049,0.022,0.002,-0.042,-0.043,-0.007,2021-08-23,2021-06-14,2021-03-29,2021-07-27,2021-04-27,2021-03-09,0.02,0.009,-0.002,-0.006,-0.026,-0.003,2021-08-25,2021-06-09,2021-03-24,2021-07-27,2021-04-27,2021-03-11,1215000.0,5322300.0,2603300.0,-14.52,57.54,20.23,-0.021,0.035,0.034,-0.024,-0.04,0.03,0.006,0.005,0.002,-0.001,-0.015,-0.001,-0.0237,0.03397,0.03012,-0.02339,-0.03402,0.03075,53.992,43.473,57.442,35.035,41.274,38.349,95.879,95.614,100.0,69.561,72.197,44.395,71.826,49.808,65.545,34.257,29.551,58.82,2021-06-25,2021-04-13,2021-03-02,2021-07-13,2021-05-31,2021-03-23,73,42,89,43,69,62,2021-09-02,2021-06-08,2021-03-15,2021-07-13,2021-05-17,2020-12-29,2021-09-07,2021-08-30,2021-08-23,2021-09-02,2021-08-25,2021-08-17,2021-08-30,2021-06-17,2021-04-09,2021-07-12,2021-05-18,2021-03-15,,,,,,,,n2p,,Life.BullStart,Life.BullEnd,Life.BullRetrace,Life.BullStart,Life.Bull,,
2021-09-09,RL,4.6,11.74,4.25,12.71,2.52,1.97,0,0,0,-,0,0,0,0.54827,,,0.535,,0.52135,0.51379,0.52561,0.52655,-0.01262,,,0.00694,,,-0.01168,,,-0.0024,,,-0.01312,,,0.00928,,,-0.0005,0.00094,-0.00144,0.00798,,,0.54104,0.52036,0.02069,0.01724,0.01418,0.00306,,,,,-1.14,11.07,-10.63,2.79,-12.66,9.73,,,4.0,21.0,17.0,7.0,11.0,12.0,,,-0.0,-0.0149,0.01062,-0.00602,1.76394,63.81974,65.25026,,,-8.00626,60.84284,77.24759,60.843,,40.80717,54.41264,53.39643,53.59343,,,0.02032,0.02096,,,,,-0.15,,,,,,,0.554,0.552,0.789,0.45,0.524,0.662,2021-09-03,2021-06-14,2021-04-15,2021-07-21,2021-05-28,2021-03-23,-1.03,23.11,-18.48,5.34,-33.59,19.18,4.0,30.0,26.0,10.0,27.0,17.0,-0.0,1.0,-1.0,1.0,-1.0,1.0,0.575,0.57,0.54,0.535,0.54,0.525,2021-09-07,2021-08-30,2021-08-24,2021-09-09,2021-09-02,2021-08-25,0.039,0.028,0.0,0.02,0.027,0.022,2021-05-10,2020-12-22,1999-01-01,2021-08-23,2021-01-18,2020-11-02,0.023,0.125,0.003,-0.026,0.023,0.002,2021-07-19,2021-04-26,2021-01-14,2021-08-24,2021-07-13,2021-01-22,0.119,0.034,0.0,-0.06,0.016,-0.068,2021-04-19,2020-12-21,1999-01-01,2021-07-29,2021-01-26,2020-10-07,0.056,0.174,0.033,-0.038,0.039,0.016,2021-07-19,2021-04-21,2020-12-23,2021-08-23,2021-06-25,2021-01-25,0.026,0.01,0.011,-0.017,0.01,-0.027,2021-08-24,2021-06-28,2021-06-16,2021-07-28,2021-06-25,2021-05-03,0.021,0.017,0.001,-0.015,-0.033,-0.009,2021-07-15,2021-05-27,2021-03-29,2021-06-18,2021-04-26,2021-03-05,0.049,0.022,0.002,-0.042,-0.043,-0.007,2021-08-23,2021-06-14,2021-03-29,2021-07-27,2021-04-27,2021-03-09,0.02,0.009,-0.002,-0.006,-0.026,-0.003,2021-08-25,2021-06-09,2021-03-24,2021-07-27,2021-04-27,2021-03-11,5322300.0,2603300.0,2136400.0,57.54,20.23,10.08,-0.021,0.035,0.034,-0.024,-0.04,0.03,0.006,0.005,0.002,-0.001,-0.015,-0.001,-0.0237,0.03397,0.03012,-0.02339,-0.03402,0.03075,53.992,43.473,57.442,35.035,41.274,38.349,95.879,95.614,100.0,60.843,69.561,72.197,71.826,49.808,65.545,34.257,29.551,58.82,2021-06-25,2021-04-13,2021-03-02,2021-07-13,2021-05-31,2021-03-23,73,42,89,43,69,62,2021-09-02,2021-06-08,2021-03-15,2021-07-13,2021-05-17,2020-12-29,2021-09-07,2021-08-30,2021-08-23,2021-09-09,2021-09-02,2021-08-25,2021-08-30,2021-06-17,2021-04-09,2021-07-12,2021-05-18,2021-03-15,,,,,,,n2p,,,Life.BullStart,Life.BullEnd,Life.BullRetrace,Life.BullStart,Life.Bull,,
2021-09-10,RL,4.6,11.96,4.25,12.94,2.47,1.93,0,0,0,-,0,0,0,0.54626,,,,,0.52317,0.51501,0.52599,0.52673,-0.01098,,,0.00483,,,-0.00937,,,-0.00306,,,-0.01058,,,0.00611,,,0.00039,0.00161,-0.00121,0.00642,,,0.54165,0.52218,0.01947,0.01732,0.01481,0.00251,,0.017,,,-0.78,11.07,-10.63,2.79,-12.66,9.73,,,3.0,21.0,17.0,7.0,11.0,12.0,,,0.01,0.0,0.01134,-0.00602,1.88256,65.30864,63.744,,,-6.51736,69.62248,68.49545,,69.622,21.16969,39.8309,53.13614,53.38069,,,0.01993,0.02115,,,,,-0.15,,,,,,,0.554,0.552,0.789,0.45,0.524,0.662,2021-09-03,2021-06-14,2021-04-15,2021-07-21,2021-05-28,2021-03-23,-1.4,23.11,-18.48,5.34,-33.59,19.18,5.0,30.0,26.0,10.0,27.0,17.0,-0.0,1.0,-1.0,1.0,-1.0,1.0,0.575,0.57,0.54,0.535,0.54,0.525,2021-09-07,2021-08-30,2021-08-24,2021-09-09,2021-09-02,2021-08-25,0.039,0.028,0.0,0.02,0.027,0.022,2021-05-10,2020-12-22,1999-01-01,2021-08-23,2021-01-18,2020-11-02,0.023,0.125,0.003,-0.026,0.023,0.002,2021-07-19,2021-04-26,2021-01-14,2021-08-24,2021-07-13,2021-01-22,0.119,0.034,0.0,-0.06,0.016,-0.068,2021-04-19,2020-12-21,1999-01-01,2021-07-29,2021-01-26,2020-10-07,0.056,0.174,0.033,-0.038,0.039,0.016,2021-07-19,2021-04-21,2020-12-23,2021-08-23,2021-06-25,2021-01-25,0.026,0.01,0.011,-0.017,0.01,-0.027,2021-08-24,2021-06-28,2021-06-16,2021-07-28,2021-06-25,2021-05-03,0.021,0.017,0.001,-0.015,-0.033,-0.009,2021-07-15,2021-05-27,2021-03-29,2021-06-18,2021-04-26,2021-03-05,0.049,0.022,0.002,-0.042,-0.043,-0.007,2021-08-23,2021-06-14,2021-03-29,2021-07-27,2021-04-27,2021-03-09,0.02,0.009,-0.002,-0.006,-0.026,-0.003,2021-08-25,2021-06-09,2021-03-24,2021-07-27,2021-04-27,2021-03-11,2603300.0,2136400.0,1236400.0,20.23,10.08,-40.61,0.017,-0.021,0.035,-0.024,-0.04,0.03,0.006,0.005,0.002,-0.001,-0.015,-0.001,0.01481,-0.0237,0.03397,-0.02339,-0.03402,0.03075,53.992,43.473,57.442,35.035,41.274,38.349,69.622,95.879,95.614,60.843,69.561,72.197,71.826,49.808,65.545,34.257,29.551,58.82,2021-09-10,2021-06-25,2021-04-13,2021-07-13,2021-05-31,2021-03-23,77,73,42,43,69,62,2021-09-02,2021-06-08,2021-03-15,2021-07-13,2021-05-17,2020-12-29,2021-09-10,2021-09-07,2021-08-30,2021-09-09,2021-09-02,2021-08-25,2021-08-30,2021-06-17,2021-04-09,2021-07-12,2021-05-18,2021-03-15,,,1236400.0,,,n2p,,,p2n,Life.BullStart,Life.BullEnd,Life.BullRetrace,Life.BullStart,Life.Bull,,
2021-09-13,RL,4.6,11.96,4.25,12.94,2.47,1.93,0,0,0,-,0,0,0,0.54429,,,,0.545,0.52485,0.51619,0.52637,0.52692,-0.00937,,,0.00293,,,-0.00712,,,-0.00364,,,-0.00811,,,0.0034,,,0.00126,0.00224,-0.00099,0.00491,,,0.54217,0.52387,0.0183,0.01728,0.0153,0.00198,,,,,-0.42,11.07,-10.63,2.79,-12.66,9.73,,,2.0,21.0,17.0,7.0,11.0,12.0,,,0.0,0.0,0.00815,-0.00602,1.3535,57.51008,62.24144,,,-14.31592,50.07215,60.17916,,,20.06734,27.34807,52.83109,53.12122,,,0.01957,0.02136,,,,,-0.15,,,,,,,0.554,0.552,0.789,0.45,0.524,0.662,2021-09-03,2021-06-14,2021-04-15,2021-07-21,2021-05-28,2021-03-23,-1.75,23.11,-18.48,5.34,-33.59,19.18,6.0,30.0,26.0,10.0,27.0,17.0,-0.0,1.0,-1.0,1.0,-1.0,1.0,0.545,0.575,0.57,0.535,0.54,0.525,2021-09-13,2021-09-07,2021-08-30,2021-09-09,2021-09-02,2021-08-25,0.039,0.028,0.0,0.02,0.027,0.022,2021-05-10,2020-12-22,1999-01-01,2021-08-23,2021-01-18,2020-11-02,0.023,0.125,0.003,-0.026,0.023,0.002,2021-07-19,2021-04-26,2021-01-14,2021-08-24,2021-07-13,2021-01-22,0.119,0.034,0.0,-0.06,0.016,-0.068,2021-04-19,2020-12-21,1999-01-01,2021-07-29,2021-01-26,2020-10-07,0.056,0.174,0.033,-0.038,0.039,0.016,2021-07-19,2021-04-21,2020-12-23,2021-08-23,2021-06-25,2021-01-25,0.026,0.01,0.011,-0.017,0.01,-0.027,2021-08-24,2021-06-28,2021-06-16,2021-07-28,2021-06-25,2021-05-03,0.021,0.017,0.001,-0.015,-0.033,-0.009,2021-07-15,2021-05-27,2021-03-29,2021-06-18,2021-04-26,2021-03-05,0.049,0.022,0.002,-0.042,-0.043,-0.007,2021-08-23,2021-06-14,2021-03-29,2021-07-27,2021-04-27,2021-03-09,0.02,0.009,-0.002,-0.006,-0.026,-0.003,2021-08-25,2021-06-09,2021-03-24,2021-07-27,2021-04-27,2021-03-11,2136400.0,1236400.0,1058600.0,10.08,-40.61,-25.85,0.017,-0.021,0.035,-0.024,-0.04,0.03,0.006,0.005,0.002,-0.001,-0.015,-0.001,0.01481,-0.0237,0.03397,-0.02339,-0.03402,0.03075,53.992,43.473,57.442,35.035,41.274,38.349,69.622,95.879,95.614,60.843,69.561,72.197,71.826,49.808,65.545,34.257,29.551,58.82,2021-09-10,2021-06-25,2021-04-13,2021-07-13,2021-05-31,2021-03-23,77,73,42,43,69,62,2021-09-02,2021-06-08,2021-03-15,2021-07-13,2021-05-17,2020-12-29,2021-09-10,2021-09-07,2021-08-30,2021-09-09,2021-09-02,2021-08-25,2021-08-30,2021-06-17,2021-04-09,2021-07-12,2021-05-18,2021-03-15,,,,,n2p,,,p2n,,Life.BullStart,Life.BullEnd,Life.BullRetrace,Life.BullStart,Life.Bull,,
2021-09-14,RL,4.6,11.74,4.25,12.71,2.52,1.97,0,0,0,-,0,0,0,0.54254,,,0.535,,0.52563,0.51693,0.52654,0.527,-0.0078,,,0.00128,,,-0.00494,,,-0.00414,,,-0.0057,,,0.00116,,,0.0021,0.00286,-0.00076,0.00349,,,0.54106,0.5247,0.01637,0.01715,0.01567,0.00148,,,,,-0.1,11.07,-10.63,2.79,-12.66,9.73,,,1.0,21.0,17.0,7.0,11.0,12.0,,,-0.0,-0.01,0.00638,-0.00674,0.94698,48.63834,60.79744,,,-23.18766,24.91582,48.20348,24.916,,26.72057,22.65253,52.4827,52.81665,,,0.01995,0.02157,,,,,-0.15,,,,,,,0.554,0.552,0.789,0.45,0.524,0.662,2021-09-03,2021-06-14,2021-04-15,2021-07-21,2021-05-28,2021-03-23,-2.07,23.11,-18.48,5.34,-33.59,19.18,7.0,30.0,26.0,10.0,27.0,17.0,-0.0,1.0,-1.0,1.0,-1.0,1.0,0.545,0.575,0.57,0.535,0.535,0.54,2021-09-13,2021-09-07,2021-08-30,2021-09-14,2021-09-09,2021-09-02,0.039,0.028,0.0,0.02,0.027,0.022,2021-05-10,2020-12-22,1999-01-01,2021-08-23,2021-01-18,2020-11-02,0.023,0.125,0.003,-0.026,0.023,0.002,2021-07-19,2021-04-26,2021-01-14,2021-08-24,2021-07-13,2021-01-22,0.119,0.034,0.0,-0.06,0.016,-0.068,2021-04-19,2020-12-21,1999-01-01,2021-07-29,2021-01-26,2020-10-07,0.056,0.174,0.033,-0.038,0.039,0.016,2021-07-19,2021-04-21,2020-12-23,2021-08-23,2021-06-25,2021-01-25,0.026,0.01,0.011,-0.017,0.01,-0.027,2021-08-24,2021-06-28,2021-06-16,2021-07-28,2021-06-25,2021-05-03,0.021,0.017,0.001,-0.015,-0.033,-0.009,2021-07-15,2021-05-27,2021-03-29,2021-06-18,2021-04-26,2021-03-05,0.049,0.022,0.002,-0.042,-0.043,-0.007,2021-08-23,2021-06-14,2021-03-29,2021-07-27,2021-04-27,2021-03-09,0.02,0.009,-0.002,-0.006,-0.026,-0.003,2021-08-25,2021-06-09,2021-03-24,2021-07-27,2021-04-27,2021-03-11,1236400.0,1058600.0,1282200.0,-40.61,-25.85,-19.28,0.017,-0.021,0.035,-0.024,-0.04,0.03,0.006,0.005,0.002,-0.001,-0.015,-0.001,0.01481,-0.0237,0.03397,-0.02339,-0.03402,0.03075,53.992,43.473,57.442,35.035,41.274,38.349,69.622,95.879,95.614,24.916,60.843,69.561,71.826,49.808,65.545,34.257,29.551,58.82,2021-09-10,2021-06-25,2021-04-13,2021-07-13,2021-05-31,2021-03-23,77,73,42,43,69,62,2021-09-02,2021-06-08,2021-03-15,2021-07-13,2021-05-17,2020-12-29,2021-09-10,2021-09-07,2021-08-30,2021-09-14,2021-09-09,2021-09-02,2021-08-30,2021-06-17,2021-04-09,2021-07-12,2021-05-18,2021-03-15,,,,,,,p2n,,,Life.BullStart,Life.BullEnd,Life.BullRetrace,Life.BullStart,Life.Bull,,
2021-09-15,RL,4.6,11.85,4.25,12.82,2.5,1.95,0,0,0,-,0,0,0,0.54166,0.542,,,,0.52673,0.51783,0.52681,0.52713,-0.0063,,,-0.00012,,,-0.00283,,,-0.00457,,,-0.00335,,,-0.00062,,,0.00294,0.00347,-0.00052,0.00216,,,0.5409,0.52583,0.01507,0.01695,0.01593,0.00102,,,,,11.14,-10.63,2.79,-12.66,9.73,,,,21.0,17.0,7.0,11.0,12.0,,,,0.005,0.0,0.00674,-0.00567,1.18766,54.289,59.46391,,,-17.537,33.33333,36.1071,,,35.70707,27.49832,52.09193,52.46858,,,0.02029,0.02178,,,,,-0.15,,,,,,,0.554,0.552,0.789,0.542,0.45,0.524,2021-09-03,2021-06-14,2021-04-15,2021-09-15,2021-07-21,2021-05-28,0.0,-2.17,23.11,-18.48,5.34,-33.59,0.0,8.0,30.0,26.0,10.0,27.0,0.0,-0.0,1.0,-1.0,1.0,-1.0,0.545,0.575,0.57,0.535,0.535,0.54,2021-09-13,2021-09-07,2021-08-30,2021-09-14,2021-09-09,2021-09-02,0.039,0.028,0.0,0.02,0.027,0.022,2021-05-10,2020-12-22,1999-01-01,2021-08-23,2021-01-18,2020-11-02,0.023,0.125,0.003,-0.026,0.023,0.002,2021-07-19,2021-04-26,2021-01-14,2021-08-24,2021-07-13,2021-01-22,0.119,0.034,0.0,-0.06,0.016,-0.068,2021-04-19,2020-12-21,1999-01-01,2021-07-29,2021-01-26,2020-10-07,0.056,0.174,0.033,-0.038,0.039,0.016,2021-07-19,2021-04-21,2020-12-23,2021-08-23,2021-06-25,2021-01-25,0.026,0.01,0.011,-0.017,0.01,-0.027,2021-08-24,2021-06-28,2021-06-16,2021-07-28,2021-06-25,2021-05-03,0.021,0.017,0.001,-0.015,-0.033,-0.009,2021-07-15,2021-05-27,2021-03-29,2021-06-18,2021-04-26,2021-03-05,0.049,0.022,0.002,-0.042,-0.043,-0.007,2021-08-23,2021-06-14,2021-03-29,2021-07-27,2021-04-27,2021-03-09,0.02,0.009,-0.002,-0.006,-0.026,-0.003,2021-08-25,2021-06-09,2021-03-24,2021-07-27,2021-04-27,2021-03-11,1058600.0,1282200.0,1300400.0,-25.85,-19.28,1.79,0.017,-0.021,0.035,-0.024,-0.04,0.03,0.006,0.005,0.002,-0.001,-0.015,-0.001,0.01481,-0.0237,0.03397,-0.02339,-0.03402,0.03075,53.992,43.473,57.442,35.035,41.274,38.349,69.622,95.879,95.614,24.916,60.843,69.561,71.826,49.808,65.545,34.257,29.551,58.82,2021-09-10,2021-06-25,2021-04-13,2021-07-13,2021-05-31,2021-03-23,77,73,42,43,69,62,2021-09-02,2021-06-08,2021-03-15,2021-07-13,2021-05-17,2020-12-29,2021-09-10,2021-09-07,2021-08-30,2021-09-14,2021-09-09,2021-09-02,2021-08-30,2021-06-17,2021-04-09,2021-07-12,2021-05-18,2021-03-15,,,,,,p2n,,,,Life.BullStart,Life.BullEnd,Life.BullRetrace,Life.BullStart,Life.Bull,,
2021-09-17,RL,4.6,12.28,4.25,13.29,2.41,1.88,0,0,0,-,0,0,0,0.54233,,,,0.56,0.52928,0.51948,0.52746,0.52745,-0.00486,,,-0.00126,,,-0.00079,,,-0.00494,,,-0.00107,,,-0.00199,,,0.00379,0.00407,-0.00028,0.00094,,,0.54381,0.52835,0.01546,0.01671,0.01608,0.00063,,,,,11.0,-10.63,2.79,-12.66,9.73,,,,19.0,17.0,7.0,11.0,12.0,,,,0.0198,0.0,0.00744,-0.00567,1.31234,56.75381,58.28608,,,-15.07219,66.66667,41.63861,,66.667,55.26981,39.23248,51.66147,52.0787,,,0.02097,0.022,,,,,-0.15,,,,,,,0.554,0.552,0.789,0.542,0.45,0.524,2021-09-03,2021-06-14,2021-04-15,2021-09-15,2021-07-21,2021-05-28,0.06,-2.17,23.11,-18.48,5.34,-33.59,1.0,8.0,30.0,26.0,10.0,27.0,0.0,-0.0,1.0,-1.0,1.0,-1.0,0.56,0.545,0.575,0.535,0.535,0.54,2021-09-17,2021-09-13,2021-09-07,2021-09-14,2021-09-09,2021-09-02,0.039,0.028,0.0,0.02,0.027,0.022,2021-05-10,2020-12-22,1999-01-01,2021-08-23,2021-01-18,2020-11-02,0.023,0.125,0.003,-0.026,0.023,0.002,2021-07-19,2021-04-26,2021-01-14,2021-08-24,2021-07-13,2021-01-22,0.119,0.034,0.0,-0.06,0.016,-0.068,2021-04-19,2020-12-21,1999-01-01,2021-07-29,2021-01-26,2020-10-07,0.056,0.174,0.033,-0.038,0.039,0.016,2021-07-19,2021-04-21,2020-12-23,2021-08-23,2021-06-25,2021-01-25,0.026,0.01,0.011,-0.017,0.01,-0.027,2021-08-24,2021-06-28,2021-06-16,2021-07-28,2021-06-25,2021-05-03,0.021,0.017,0.001,-0.015,-0.033,-0.009,2021-07-15,2021-05-27,2021-03-29,2021-06-18,2021-04-26,2021-03-05,0.049,0.022,0.002,-0.042,-0.043,-0.007,2021-08-23,2021-06-14,2021-03-29,2021-07-27,2021-04-27,2021-03-09,0.02,0.009,-0.002,-0.006,-0.026,-0.003,2021-08-25,2021-06-09,2021-03-24,2021-07-27,2021-04-27,2021-03-11,1282200.0,1300400.0,3011800.0,-19.28,1.79,53.64,0.017,-0.021,0.035,-0.024,-0.04,0.03,0.006,0.005,0.002,-0.001,-0.015,-0.001,0.01481,-0.0237,0.03397,-0.02339,-0.03402,0.03075,53.992,43.473,57.442,35.035,41.274,38.349,66.667,69.622,95.879,24.916,60.843,69.561,71.826,49.808,65.545,34.257,29.551,58.82,2021-09-10,2021-06-25,2021-04-13,2021-07-13,2021-05-31,2021-03-23,77,73,42,43,69,62,2021-09-02,2021-06-08,2021-03-15,2021-07-13,2021-05-17,2020-12-29,2021-09-17,2021-09-10,2021-09-07,2021-09-14,2021-09-09,2021-09-02,2021-08-30,2021-06-17,2021-04-09,2021-07-12,2021-05-18,2021-03-15,,3011800.0,,,p2n,,,,p2p,Life.BullStart,Life.BullEnd,Life.BullRetrace,Life.BullStart,Life.Bull,,
2021-09-20,RL,4.6,11.63,4.25,12.59,2.54,1.99,0,0,0,-,0,0,0,0.54483,,,,,0.52934,0.51989,0.52751,0.52748,-0.00349,,,-0.00214,,,0.00119,,,-0.00526,,,0.00116,,,-0.00301,,,0.00466,0.00469,-3e-05,-0.00017,,,0.5417,0.52848,0.01322,0.01646,0.01616,0.0003,,,,,10.49,-10.63,2.79,-12.66,9.73,,,,18.0,17.0,7.0,11.0,12.0,,,,-0.0,-0.0297,0.00602,-0.00779,0.77269,43.58842,57.29914,,,-28.23758,16.66667,38.88889,,,55.28325,48.75338,51.19592,51.64977,,,0.0223,0.02223,,,,,-0.15,,,,,,,0.554,0.552,0.789,0.542,0.45,0.524,2021-09-03,2021-06-14,2021-04-15,2021-09-15,2021-07-21,2021-05-28,0.52,-2.17,23.11,-18.48,5.34,-33.59,2.0,8.0,30.0,26.0,10.0,27.0,0.0,-0.0,1.0,-1.0,1.0,-1.0,0.56,0.545,0.575,0.535,0.535,0.54,2021-09-17,2021-09-13,2021-09-07,2021-09-14,2021-09-09,2021-09-02,0.039,0.028,0.0,0.02,0.027,0.022,2021-05-10,2020-12-22,1999-01-01,2021-08-23,2021-01-18,2020-11-02,0.023,0.125,0.003,-0.026,0.023,0.002,2021-07-19,2021-04-26,2021-01-14,2021-08-24,2021-07-13,2021-01-22,0.119,0.034,0.0,-0.06,0.016,-0.068,2021-04-19,2020-12-21,1999-01-01,2021-07-29,2021-01-26,2020-10-07,0.056,0.174,0.033,-0.038,0.039,0.016,2021-07-19,2021-04-21,2020-12-23,2021-08-23,2021-06-25,2021-01-25,0.026,0.01,0.011,-0.017,0.01,-0.027,2021-08-24,2021-06-28,2021-06-16,2021-07-28,2021-06-25,2021-05-03,0.021,0.017,0.001,-0.015,-0.033,-0.009,2021-07-15,2021-05-27,2021-03-29,2021-06-18,2021-04-26,2021-03-05,0.049,0.022,0.002,-0.042,-0.043,-0.007,2021-08-23,2021-06-14,2021-03-29,2021-07-27,2021-04-27,2021-03-09,0.02,0.009,-0.002,-0.006,-0.026,-0.003,2021-08-25,2021-06-09,2021-03-24,2021-07-27,2021-04-27,2021-03-11,1300400.0,3011800.0,4360200.0,1.79,53.64,55.02,0.017,-0.021,0.035,-0.024,-0.04,0.03,0.006,0.005,0.002,-0.001,-0.015,-0.001,0.01481,-0.0237,0.03397,-0.02339,-0.03402,0.03075,53.992,43.473,57.442,35.035,41.274,38.349,66.667,69.622,95.879,24.916,60.843,69.561,71.826,49.808,65.545,34.257,29.551,58.82,2021-09-10,2021-06-25,2021-04-13,2021-07-13,2021-05-31,2021-03-23,77,73,42,43,69,62,2021-09-02,2021-06-08,2021-03-15,2021-07-13,2021-05-17,2020-12-29,2021-09-17,2021-09-10,2021-09-07,2021-09-14,2021-09-09,2021-09-02,2021-08-30,2021-06-17,2021-04-09,2021-07-12,2021-05-18,2021-03-15,,,,,,,,p2p,,Life.BullStart,Life.BullEnd,Life.BullRetrace,Life.BullStart,Life.Bull,,
2021-09-21,RL,4.6,11.41,4.25,12.35,2.59,2.02,0,0,0,-,0,0,0,0.54907,,,0.52,,0.52864,0.51991,0.52737,0.52741,-0.0022,,,-0.00279,,,0.00311,,,-0.00553,,,0.00334,,,-0.00374,,,0.00554,0.00531,0.00023,-0.00117,,,0.53839,0.52786,0.01053,0.01622,0.01617,5e-05,,,,,9.64,-10.63,2.79,-12.66,9.73,,,,17.0,17.0,7.0,11.0,12.0,,,,-0.0,-0.0099,0.00496,-0.0085,0.58403,36.87003,56.52105,,,-34.95597,0.0,27.77778,0.0,,36.26308,48.93871,50.69923,51.18554,,,0.02142,0.02245,,,,,-0.15,,,,,,,0.554,0.552,0.789,0.542,0.45,0.524,2021-09-03,2021-06-14,2021-04-15,2021-09-15,2021-07-21,2021-05-28,1.3,-2.17,23.11,-18.48,5.34,-33.59,3.0,8.0,30.0,26.0,10.0,27.0,0.0,-0.0,1.0,-1.0,1.0,-1.0,0.56,0.545,0.575,0.52,0.535,0.535,2021-09-17,2021-09-13,2021-09-07,2021-09-21,2021-09-14,2021-09-09,0.039,0.028,0.0,0.02,0.027,0.022,2021-05-10,2020-12-22,1999-01-01,2021-08-23,2021-01-18,2020-11-02,0.023,0.125,0.003,-0.026,0.023,0.002,2021-07-19,2021-04-26,2021-01-14,2021-08-24,2021-07-13,2021-01-22,0.119,0.034,0.0,-0.06,0.016,-0.068,2021-04-19,2020-12-21,1999-01-01,2021-07-29,2021-01-26,2020-10-07,0.056,0.174,0.033,-0.038,0.039,0.016,2021-07-19,2021-04-21,2020-12-23,2021-08-23,2021-06-25,2021-01-25,0.026,0.01,0.011,-0.017,0.01,-0.027,2021-08-24,2021-06-28,2021-06-16,2021-07-28,2021-06-25,2021-05-03,0.021,0.017,0.001,-0.015,-0.033,-0.009,2021-07-15,2021-05-27,2021-03-29,2021-06-18,2021-04-26,2021-03-05,0.049,0.022,0.002,-0.042,-0.043,-0.007,2021-08-23,2021-06-14,2021-03-29,2021-07-27,2021-04-27,2021-03-09,0.02,0.009,-0.002,-0.006,-0.026,-0.003,2021-08-25,2021-06-09,2021-03-24,2021-07-27,2021-04-27,2021-03-11,3011800.0,4360200.0,2215000.0,53.64,55.02,10.55,0.017,-0.021,0.035,-0.024,-0.04,0.03,0.006,0.005,0.002,-0.001,-0.015,-0.001,0.01481,-0.0237,0.03397,-0.02339,-0.03402,0.03075,53.992,43.473,57.442,35.035,41.274,38.349,66.667,69.622,95.879,0.0,24.916,60.843,71.826,49.808,65.545,34.257,29.551,58.82,2021-09-10,2021-06-25,2021-04-13,2021-07-13,2021-05-31,2021-03-23,77,73,42,43,69,62,2021-09-02,2021-06-08,2021-03-15,2021-07-13,2021-05-17,2020-12-29,2021-09-17,2021-09-10,2021-09-07,2021-09-21,2021-09-14,2021-09-09,2021-08-30,2021-06-17,2021-04-09,2021-07-12,2021-05-18,2021-03-15,,,,,,,p2p,,,Life.BullStart,Life.BullEnd,Life.BullRetrace,Life.BullStart,Life.Bull,,
2021-09-22,RL,4.6,11.85,4.25,12.82,2.5,1.95,0,0,0,-,0,0,0,0.55456,,,,,0.52951,0.52069,0.52762,0.52753,-0.00097,,,-0.00323,,,0.00498,,,-0.00577,,,0.00548,,,-0.00425,,,0.00646,0.00595,0.00051,-0.00207,,,0.53864,0.52876,0.00988,0.016,0.01614,-0.00013,,,,,8.55,-10.63,2.79,-12.66,9.73,,,,16.0,17.0,7.0,11.0,12.0,,,,0.0198,0.0,0.00638,-0.00815,0.78265,43.90364,55.96143,,,-27.92236,33.33333,16.66667,,,20.0,37.18211,50.17301,50.68939,,,0.0213,0.02267,,,,,-0.15,,,,,,,0.554,0.552,0.789,0.542,0.45,0.524,2021-09-03,2021-06-14,2021-04-15,2021-09-15,2021-07-21,2021-05-28,2.32,-2.17,23.11,-18.48,5.34,-33.59,4.0,8.0,30.0,26.0,10.0,27.0,1.0,-0.0,1.0,-1.0,1.0,-1.0,0.56,0.545,0.575,0.52,0.535,0.535,2021-09-17,2021-09-13,2021-09-07,2021-09-21,2021-09-14,2021-09-09,0.039,0.028,0.0,0.02,0.027,0.022,2021-05-10,2020-12-22,1999-01-01,2021-08-23,2021-01-18,2020-11-02,0.023,0.125,0.003,-0.026,0.023,0.002,2021-07-19,2021-04-26,2021-01-14,2021-08-24,2021-07-13,2021-01-22,0.119,0.034,0.0,-0.06,0.016,-0.068,2021-04-19,2020-12-21,1999-01-01,2021-07-29,2021-01-26,2020-10-07,0.056,0.174,0.033,-0.038,0.039,0.016,2021-07-19,2021-04-21,2020-12-23,2021-08-23,2021-06-25,2021-01-25,0.026,0.01,0.011,-0.017,0.01,-0.027,2021-08-24,2021-06-28,2021-06-16,2021-07-28,2021-06-25,2021-05-03,0.021,0.017,0.001,-0.015,-0.033,-0.009,2021-07-15,2021-05-27,2021-03-29,2021-06-18,2021-04-26,2021-03-05,0.049,0.022,0.002,-0.042,-0.043,-0.007,2021-08-23,2021-06-14,2021-03-29,2021-07-27,2021-04-27,2021-03-09,0.02,0.009,-0.002,-0.006,-0.026,-0.003,2021-08-25,2021-06-09,2021-03-24,2021-07-27,2021-04-27,2021-03-11,4360200.0,2215000.0,1408700.0,55.02,10.55,-16.72,0.017,-0.021,0.035,-0.024,-0.04,0.03,0.006,0.005,0.002,-0.001,-0.015,-0.001,0.01481,-0.0237,0.03397,-0.02339,-0.03402,0.03075,53.992,43.473,57.442,35.035,41.274,38.349,66.667,69.622,95.879,0.0,24.916,60.843,71.826,49.808,65.545,34.257,29.551,58.82,2021-09-10,2021-06-25,2021-04-13,2021-07-13,2021-05-31,2021-03-23,77,73,42,43,69,62,2021-09-02,2021-06-08,2021-03-15,2021-07-13,2021-05-17,2020-12-29,2021-09-17,2021-09-10,2021-09-07,2021-09-21,2021-09-14,2021-09-09,2021-08-30,2021-06-17,2021-04-09,2021-07-12,2021-05-18,2021-03-15,,,,,,p2p,,,,Life.BullStart,Life.BullEnd,Life.BullRetrace,Life.BullStart,Life.Bull,,
2021-09-23,RL,4.6,11.74,4.25,12.71,2.52,1.97,0,0,0,-,0,0,0,0.56072,,,,,0.53032,0.52145,0.52786,0.52765,0.00019,,,-0.00349,,,0.00679,,,-0.00599,,,0.00759,,,-0.00461,,,0.0074,0.0066,0.0008,-0.00286,,,0.53885,0.52959,0.00925,0.01583,0.01608,-0.00024,,,,,7.36,-10.63,2.79,-12.66,9.73,,,,15.0,17.0,7.0,11.0,12.0,,,,0.0,0.0,0.00638,-0.00638,1.0,50.0,55.62196,,,-21.826,33.33333,22.22222,,,26.66667,27.64325,49.61835,50.16353,,,0.02085,0.02289,,,,,0.15,,,,,,,0.554,0.552,0.789,0.542,0.45,0.524,2021-09-03,2021-06-14,2021-04-15,2021-09-15,2021-07-21,2021-05-28,3.45,-2.17,23.11,-18.48,5.34,-33.59,5.0,8.0,30.0,26.0,10.0,27.0,1.0,-0.0,1.0,-1.0,1.0,-1.0,0.56,0.545,0.575,0.52,0.535,0.535,2021-09-17,2021-09-13,2021-09-07,2021-09-21,2021-09-14,2021-09-09,0.039,0.028,0.0,0.02,0.027,0.022,2021-05-10,2020-12-22,1999-01-01,2021-08-23,2021-01-18,2020-11-02,0.023,0.125,0.003,-0.026,0.023,0.002,2021-07-19,2021-04-26,2021-01-14,2021-08-24,2021-07-13,2021-01-22,0.119,0.034,0.0,-0.06,0.016,-0.068,2021-04-19,2020-12-21,1999-01-01,2021-07-29,2021-01-26,2020-10-07,0.056,0.174,0.033,-0.038,0.039,0.016,2021-07-19,2021-04-21,2020-12-23,2021-08-23,2021-06-25,2021-01-25,0.026,0.01,0.011,-0.017,0.01,-0.027,2021-08-24,2021-06-28,2021-06-16,2021-07-28,2021-06-25,2021-05-03,0.021,0.017,0.001,-0.015,-0.033,-0.009,2021-07-15,2021-05-27,2021-03-29,2021-06-18,2021-04-26,2021-03-05,0.049,0.022,0.002,-0.042,-0.043,-0.007,2021-08-23,2021-06-14,2021-03-29,2021-07-27,2021-04-27,2021-03-09,0.02,0.009,-0.002,-0.006,-0.026,-0.003,2021-08-25,2021-06-09,2021-03-24,2021-07-27,2021-04-27,2021-03-11,2215000.0,1408700.0,1322900.0,10.55,-16.72,-38.04,0.017,-0.021,0.035,-0.024,-0.04,0.03,0.006,0.005,0.002,-0.001,-0.015,-0.001,0.01481,-0.0237,0.03397,-0.02339,-0.03402,0.03075,53.992,43.473,57.442,35.035,41.274,38.349,66.667,69.622,95.879,0.0,24.916,60.843,71.826,49.808,65.545,34.257,29.551,58.82,2021-09-10,2021-06-25,2021-04-13,2021-07-13,2021-05-31,2021-03-23,77,73,42,43,69,62,2021-09-02,2021-06-08,2021-03-15,2021-07-13,2021-05-17,2020-12-29,2021-09-17,2021-09-10,2021-09-07,2021-09-21,2021-09-14,2021-09-09,2021-08-30,2021-06-17,2021-04-09,2021-07-12,2021-05-18,2021-03-15,,,,,p2p,,,,,Life.BullStart,Life.BullEnd,Life.BullRetrace,Life.BullStart,Life.Bull,,
2021-09-24,RL,4.6,12.39,4.25,13.41,2.39,1.86,0,0,0,-,0,0,0,0.56696,,,,,0.53337,0.52335,0.5287,0.52808,0.0013,,,-0.0036,,,0.00855,,,-0.00621,,,0.00966,,,-0.00489,,,0.00836,0.00725,0.00111,-0.00357,,,0.54364,0.53259,0.01105,0.01572,0.016,-0.00029,,,-0.0,,6.18,-10.63,2.79,-12.66,9.73,,,,14.0,17.0,7.0,11.0,12.0,,,,0.03,0.0,0.00746,-0.00638,1.16909,53.89778,55.48533,55.485,,-17.92822,83.83838,50.16835,,,56.95864,34.54177,49.03735,49.60957,,,0.02186,0.0231,,,,,0.15,,,,,,,0.554,0.552,0.789,0.542,0.45,0.524,2021-09-03,2021-06-14,2021-04-15,2021-09-15,2021-07-21,2021-05-28,4.61,-2.17,23.11,-18.48,5.34,-33.59,6.0,8.0,30.0,26.0,10.0,27.0,1.0,-0.0,1.0,-1.0,1.0,-1.0,0.56,0.545,0.575,0.52,0.535,0.535,2021-09-17,2021-09-13,2021-09-07,2021-09-21,2021-09-14,2021-09-09,0.039,0.028,0.0,0.02,0.027,0.022,2021-05-10,2020-12-22,1999-01-01,2021-08-23,2021-01-18,2020-11-02,0.023,0.125,0.003,-0.026,0.023,0.002,2021-07-19,2021-04-26,2021-01-14,2021-08-24,2021-07-13,2021-01-22,0.119,0.034,0.0,-0.06,0.016,-0.068,2021-04-19,2020-12-21,1999-01-01,2021-07-29,2021-01-26,2020-10-07,0.056,0.174,0.033,-0.038,0.039,0.016,2021-07-19,2021-04-21,2020-12-23,2021-08-23,2021-06-25,2021-01-25,0.026,0.01,0.011,-0.017,0.01,-0.027,2021-08-24,2021-06-28,2021-06-16,2021-07-28,2021-06-25,2021-05-03,0.021,0.017,0.001,-0.015,-0.033,-0.009,2021-07-15,2021-05-27,2021-03-29,2021-06-18,2021-04-26,2021-03-05,0.049,0.022,0.002,-0.042,-0.043,-0.007,2021-08-23,2021-06-14,2021-03-29,2021-07-27,2021-04-27,2021-03-09,0.02,0.009,-0.002,-0.006,-0.026,-0.003,2021-08-25,2021-06-09,2021-03-24,2021-07-27,2021-04-27,2021-03-11,1408700.0,1322900.0,6272500.0,-16.72,-38.04,82.03,0.017,-0.021,0.035,-0.024,-0.04,0.03,0.006,0.005,0.002,-0.0,-0.001,-0.015,0.01481,-0.0237,0.03397,-0.02339,-0.03402,0.03075,53.992,43.473,57.442,35.035,41.274,38.349,66.667,69.622,95.879,0.0,24.916,60.843,71.826,49.808,65.545,55.485,34.257,29.551,2021-09-10,2021-06-25,2021-04-13,2021-07-13,2021-05-31,2021-03-23,77,73,42,43,69,62,2021-09-02,2021-06-08,2021-03-15,2021-07-13,2021-05-17,2020-12-29,2021-09-17,2021-09-10,2021-09-07,2021-09-21,2021-09-14,2021-09-09,2021-08-30,2021-06-17,2021-04-09,2021-09-24,2021-07-12,2021-05-18,6272500.0,,,,,,,,n2p,Life.BullStart,Life.BullEnd,Life.BullRetrace,Life.BullStart,Life.Bull,,
2021-09-27,RL,4.6,13.37,4.25,14.47,2.21,1.73,1,0,0,-,0,0,0,0.57272,,,,0.615,0.53965,0.52695,0.53041,0.52894,0.00235,,,-0.0036,-0.004,,0.01025,,,-0.00644,,,0.0117,,,-0.00516,,,0.00935,0.0079,0.00145,-0.0042,,,0.55462,0.53869,0.01593,0.01566,0.01594,-0.00027,0.016,,,,5.11,-10.63,2.79,-12.66,9.73,,,,13.0,17.0,7.0,11.0,12.0,,,,0.045,0.0,0.01067,-0.00638,1.67301,62.58902,55.52271,,,7.10402,94.98998,70.72057,,94.99,75.28863,52.97131,48.43402,49.02991,,,0.02387,0.02331,,,,,0.15,,,,,,,0.554,0.552,0.789,0.542,0.45,0.524,2021-09-03,2021-06-14,2021-04-15,2021-09-15,2021-07-21,2021-05-28,5.67,-2.17,23.11,-18.48,5.34,-33.59,7.0,8.0,30.0,26.0,10.0,27.0,1.0,-0.0,1.0,-1.0,1.0,-1.0,0.615,0.56,0.545,0.52,0.535,0.535,2021-09-27,2021-09-17,2021-09-13,2021-09-21,2021-09-14,2021-09-09,0.039,0.028,0.0,0.02,0.027,0.022,2021-05-10,2020-12-22,1999-01-01,2021-08-23,2021-01-18,2020-11-02,0.023,0.125,0.003,-0.026,0.023,0.002,2021-07-19,2021-04-26,2021-01-14,2021-08-24,2021-07-13,2021-01-22,0.119,0.034,0.0,-0.06,0.016,-0.068,2021-04-19,2020-12-21,1999-01-01,2021-07-29,2021-01-26,2020-10-07,0.056,0.174,0.033,-0.038,0.039,0.016,2021-07-19,2021-04-21,2020-12-23,2021-08-23,2021-06-25,2021-01-25,0.026,0.01,0.011,-0.004,-0.017,0.01,2021-08-24,2021-06-28,2021-06-16,2021-09-27,2021-07-28,2021-06-25,0.021,0.017,0.001,-0.015,-0.033,-0.009,2021-07-15,2021-05-27,2021-03-29,2021-06-18,2021-04-26,2021-03-05,0.049,0.022,0.002,-0.042,-0.043,-0.007,2021-08-23,2021-06-14,2021-03-29,2021-07-27,2021-04-27,2021-03-09,0.02,0.009,-0.002,-0.006,-0.026,-0.003,2021-08-25,2021-06-09,2021-03-24,2021-07-27,2021-04-27,2021-03-11,1322900.0,6272500.0,24532900.0,-38.04,82.03,256.82,0.017,-0.021,0.035,0.016,-0.024,-0.04,0.006,0.005,0.002,-0.0,-0.001,-0.015,0.01481,-0.0237,0.03397,0.01594,-0.02339,-0.03402,53.992,43.473,57.442,35.035,41.274,38.349,94.99,66.667,69.622,0.0,24.916,60.843,71.826,49.808,65.545,55.485,34.257,29.551,2021-09-10,2021-06-25,2021-04-13,2021-09-27,2021-07-13,2021-05-31,77,73,42,76,43,69,2021-09-02,2021-06-08,2021-03-15,2021-07-13,2021-05-17,2020-12-29,2021-09-27,2021-09-17,2021-09-10,2021-09-21,2021-09-14,2021-09-09,2021-08-30,2021-06-17,2021-04-09,2021-09-24,2021-07-12,2021-05-18,,24532900.0,,,,,,n2p,p2p,Life.BullStart,Life.BullEnd,Life.BullRetrace,Life.BullStart,Life.Bull,,
2021-09-28,RL,4.6,12.93,4.25,14.0,2.29,1.79,0,0,0,-,0,0,0,0.57746,,,,,0.54391,0.52962,0.53169,0.5296,0.00336,,,-0.00353,,,0.01191,,,-0.00669,,,0.01371,,,-0.00547,,,0.01035,0.00855,0.0018,-0.00477,,,0.56083,0.54286,0.01797,0.01567,0.01588,-0.00021,,,,,4.25,-10.63,2.79,-12.66,9.73,,,,12.0,17.0,7.0,11.0,12.0,,,,-0.0,-0.02,0.00926,-0.00781,1.18573,54.24864,55.69917,,,-1.23636,57.62712,78.81849,,,81.16434,71.1372,47.81491,48.42876,,,0.02645,0.02351,,,,,0.15,,,,,,,0.554,0.552,0.789,0.542,0.45,0.524,2021-09-03,2021-06-14,2021-04-15,2021-09-15,2021-07-21,2021-05-28,6.54,-2.17,23.11,-18.48,5.34,-33.59,8.0,8.0,30.0,26.0,10.0,27.0,1.0,-0.0,1.0,-1.0,1.0,-1.0,0.615,0.56,0.545,0.52,0.535,0.535,2021-09-27,2021-09-17,2021-09-13,2021-09-21,2021-09-14,2021-09-09,0.039,0.028,0.0,0.02,0.027,0.022,2021-05-10,2020-12-22,1999-01-01,2021-08-23,2021-01-18,2020-11-02,0.023,0.125,0.003,-0.026,0.023,0.002,2021-07-19,2021-04-26,2021-01-14,2021-08-24,2021-07-13,2021-01-22,0.119,0.034,0.0,-0.06,0.016,-0.068,2021-04-19,2020-12-21,1999-01-01,2021-07-29,2021-01-26,2020-10-07,0.056,0.174,0.033,-0.038,0.039,0.016,2021-07-19,2021-04-21,2020-12-23,2021-08-23,2021-06-25,2021-01-25,0.026,0.01,0.011,-0.004,-0.017,0.01,2021-08-24,2021-06-28,2021-06-16,2021-09-27,2021-07-28,2021-06-25,0.021,0.017,0.001,-0.015,-0.033,-0.009,2021-07-15,2021-05-27,2021-03-29,2021-06-18,2021-04-26,2021-03-05,0.049,0.022,0.002,-0.042,-0.043,-0.007,2021-08-23,2021-06-14,2021-03-29,2021-07-27,2021-04-27,2021-03-09,0.02,0.009,-0.002,-0.006,-0.026,-0.003,2021-08-25,2021-06-09,2021-03-24,2021-07-27,2021-04-27,2021-03-11,6272500.0,24532900.0,27318200.0,82.03,256.82,80.91,0.017,-0.021,0.035,0.016,-0.024,-0.04,0.006,0.005,0.002,-0.0,-0.001,-0.015,0.01481,-0.0237,0.03397,0.01594,-0.02339,-0.03402,53.992,43.473,57.442,35.035,41.274,38.349,94.99,66.667,69.622,0.0,24.916,60.843,71.826,49.808,65.545,55.485,34.257,29.551,2021-09-10,2021-06-25,2021-04-13,2021-09-27,2021-07-13,2021-05-31,77,73,42,76,43,69,2021-09-02,2021-06-08,2021-03-15,2021-07-13,2021-05-17,2020-12-29,2021-09-27,2021-09-17,2021-09-10,2021-09-21,2021-09-14,2021-09-09,2021-08-30,2021-06-17,2021-04-09,2021-09-24,2021-07-12,2021-05-18,,,,,,,n2p,p2p,,Life.BullStart,Life.BullEnd,Life.BullRetrace,Life.BullStart,Life.Bull,,
2021-09-29,RL,4.6,12.93,4.25,14.0,2.29,1.79,0,0,0,-,0,0,0,0.58086,,,,,0.54784,0.53218,0.53294,0.53025,0.00434,,,-0.00341,,,0.0135,,,-0.00699,,,0.01569,,,-0.00584,,,0.01135,0.00916,0.00219,-0.00529,,,0.56609,0.54673,0.01936,0.01573,0.01585,-0.00012,,,,,3.64,-10.63,2.79,-12.66,9.73,,,,11.0,17.0,7.0,11.0,12.0,,,,0.0,0.0,0.00926,-0.00604,1.53373,60.53246,55.97783,,,5.04746,57.62712,70.08141,,,68.26367,74.90555,47.18926,47.81273,,,0.02671,0.0237,,,,,0.15,,,,,,,0.554,0.552,0.789,0.542,0.45,0.524,2021-09-03,2021-06-14,2021-04-15,2021-09-15,2021-07-21,2021-05-28,7.17,-2.17,23.11,-18.48,5.34,-33.59,9.0,8.0,30.0,26.0,10.0,27.0,1.0,-0.0,1.0,-1.0,1.0,-1.0,0.615,0.56,0.545,0.52,0.535,0.535,2021-09-27,2021-09-17,2021-09-13,2021-09-21,2021-09-14,2021-09-09,0.039,0.028,0.0,0.02,0.027,0.022,2021-05-10,2020-12-22,1999-01-01,2021-08-23,2021-01-18,2020-11-02,0.023,0.125,0.003,-0.026,0.023,0.002,2021-07-19,2021-04-26,2021-01-14,2021-08-24,2021-07-13,2021-01-22,0.119,0.034,0.0,-0.06,0.016,-0.068,2021-04-19,2020-12-21,1999-01-01,2021-07-29,2021-01-26,2020-10-07,0.056,0.174,0.033,-0.038,0.039,0.016,2021-07-19,2021-04-21,2020-12-23,2021-08-23,2021-06-25,2021-01-25,0.026,0.01,0.011,-0.004,-0.017,0.01,2021-08-24,2021-06-28,2021-06-16,2021-09-27,2021-07-28,2021-06-25,0.021,0.017,0.001,-0.015,-0.033,-0.009,2021-07-15,2021-05-27,2021-03-29,2021-06-18,2021-04-26,2021-03-05,0.049,0.022,0.002,-0.042,-0.043,-0.007,2021-08-23,2021-06-14,2021-03-29,2021-07-27,2021-04-27,2021-03-09,0.02,0.009,-0.002,-0.006,-0.026,-0.003,2021-08-25,2021-06-09,2021-03-24,2021-07-27,2021-04-27,2021-03-11,24532900.0,27318200.0,7041200.0,256.82,80.91,1.32,0.017,-0.021,0.035,0.016,-0.024,-0.04,0.006,0.005,0.002,-0.0,-0.001,-0.015,0.01481,-0.0237,0.03397,0.01594,-0.02339,-0.03402,53.992,43.473,57.442,35.035,41.274,38.349,94.99,66.667,69.622,0.0,24.916,60.843,71.826,49.808,65.545,55.485,34.257,29.551,2021-09-10,2021-06-25,2021-04-13,2021-09-27,2021-07-13,2021-05-31,77,73,42,76,43,69,2021-09-02,2021-06-08,2021-03-15,2021-07-13,2021-05-17,2020-12-29,2021-09-27,2021-09-17,2021-09-10,2021-09-21,2021-09-14,2021-09-09,2021-08-30,2021-06-17,2021-04-09,2021-09-24,2021-07-12,2021-05-18,,,,,,n2p,p2p,,,Life.BullStart,Life.BullEnd,Life.BullRetrace,Life.BullStart,Life.Bull,,
2021-09-30,RL,4.6,12.93,4.25,14.0,2.29,1.79,0,0,0,-,0,0,0,0.58286,,,,,0.55146,0.53464,0.53417,0.53089,0.0053,,,-0.00328,,,0.01504,,,-0.00734,,,0.01763,,,-0.0063,,,0.01233,0.00974,0.00259,-0.00577,,,0.57054,0.5503,0.02024,0.01584,0.01585,-1e-05,,,,,3.28,-10.63,2.79,-12.66,9.73,,,,10.0,17.0,7.0,11.0,12.0,,,,0.0,0.0,0.00926,-0.00497,1.86207,65.06024,56.32426,,,9.57524,57.62712,57.62712,,,53.26701,67.56501,46.56712,47.19043,,,0.02658,0.02389,,,,,0.15,,,,,,,0.554,0.552,0.789,0.542,0.45,0.524,2021-09-03,2021-06-14,2021-04-15,2021-09-15,2021-07-21,2021-05-28,7.54,-2.17,23.11,-18.48,5.34,-33.59,10.0,8.0,30.0,26.0,10.0,27.0,1.0,-0.0,1.0,-1.0,1.0,-1.0,0.615,0.56,0.545,0.52,0.535,0.535,2021-09-27,2021-09-17,2021-09-13,2021-09-21,2021-09-14,2021-09-09,0.039,0.028,0.0,0.02,0.027,0.022,2021-05-10,2020-12-22,1999-01-01,2021-08-23,2021-01-18,2020-11-02,0.023,0.125,0.003,-0.026,0.023,0.002,2021-07-19,2021-04-26,2021-01-14,2021-08-24,2021-07-13,2021-01-22,0.119,0.034,0.0,-0.06,0.016,-0.068,2021-04-19,2020-12-21,1999-01-01,2021-07-29,2021-01-26,2020-10-07,0.056,0.174,0.033,-0.038,0.039,0.016,2021-07-19,2021-04-21,2020-12-23,2021-08-23,2021-06-25,2021-01-25,0.026,0.01,0.011,-0.004,-0.017,0.01,2021-08-24,2021-06-28,2021-06-16,2021-09-27,2021-07-28,2021-06-25,0.021,0.017,0.001,-0.015,-0.033,-0.009,2021-07-15,2021-05-27,2021-03-29,2021-06-18,2021-04-26,2021-03-05,0.049,0.022,0.002,-0.042,-0.043,-0.007,2021-08-23,2021-06-14,2021-03-29,2021-07-27,2021-04-27,2021-03-09,0.02,0.009,-0.002,-0.006,-0.026,-0.003,2021-08-25,2021-06-09,2021-03-24,2021-07-27,2021-04-27,2021-03-11,27318200.0,7041200.0,3593900.0,80.91,1.32,-35.55,0.017,-0.021,0.035,0.016,-0.024,-0.04,0.006,0.005,0.002,-0.0,-0.001,-0.015,0.01481,-0.0237,0.03397,0.01594,-0.02339,-0.03402,53.992,43.473,57.442,35.035,41.274,38.349,94.99,66.667,69.622,0.0,24.916,60.843,71.826,49.808,65.545,55.485,34.257,29.551,2021-09-10,2021-06-25,2021-04-13,2021-09-27,2021-07-13,2021-05-31,77,73,42,76,43,69,2021-09-02,2021-06-08,2021-03-15,2021-07-13,2021-05-17,2020-12-29,2021-09-27,2021-09-17,2021-09-10,2021-09-21,2021-09-14,2021-09-09,2021-08-30,2021-06-17,2021-04-09,2021-09-24,2021-07-12,2021-05-18,,,,,n2p,p2p,,,,Life.BullStart,Life.BullEnd,Life.BullRetrace,Life.BullStart,Life.Bull,,
2021-10-01,RL,4.6,12.28,4.25,13.29,2.41,1.88,0,0,0,-,0,0,0,0.58377,,,0.565,,0.55251,0.53583,0.53478,0.53123,0.00624,,,-0.00317,,,0.01652,,,-0.00775,,,0.01953,,,-0.00686,,,0.01329,0.01027,0.00302,-0.00622,,,0.56968,0.55139,0.01829,0.01597,0.01587,0.0001,,,,,3.12,-10.63,2.79,-12.66,9.73,,,,9.0,17.0,7.0,11.0,12.0,,,,-0.0,-0.03,0.00854,-0.00711,1.2008,54.56204,56.70306,,,-0.92296,34.51464,49.92296,34.515,,37.56674,53.03247,45.95774,46.57137,,,0.02754,0.02405,,,,,0.15,,,,,,,0.554,0.552,0.789,0.542,0.45,0.524,2021-09-03,2021-06-14,2021-04-15,2021-09-15,2021-07-21,2021-05-28,7.71,-2.17,23.11,-18.48,5.34,-33.59,11.0,8.0,30.0,26.0,10.0,27.0,1.0,-0.0,1.0,-1.0,1.0,-1.0,0.615,0.56,0.545,0.565,0.52,0.535,2021-09-27,2021-09-17,2021-09-13,2021-10-01,2021-09-21,2021-09-14,0.039,0.028,0.0,0.02,0.027,0.022,2021-05-10,2020-12-22,1999-01-01,2021-08-23,2021-01-18,2020-11-02,0.023,0.125,0.003,-0.026,0.023,0.002,2021-07-19,2021-04-26,2021-01-14,2021-08-24,2021-07-13,2021-01-22,0.119,0.034,0.0,-0.06,0.016,-0.068,2021-04-19,2020-12-21,1999-01-01,2021-07-29,2021-01-26,2020-10-07,0.056,0.174,0.033,-0.038,0.039,0.016,2021-07-19,2021-04-21,2020-12-23,2021-08-23,2021-06-25,2021-01-25,0.026,0.01,0.011,-0.004,-0.017,0.01,2021-08-24,2021-06-28,2021-06-16,2021-09-27,2021-07-28,2021-06-25,0.021,0.017,0.001,-0.015,-0.033,-0.009,2021-07-15,2021-05-27,2021-03-29,2021-06-18,2021-04-26,2021-03-05,0.049,0.022,0.002,-0.042,-0.043,-0.007,2021-08-23,2021-06-14,2021-03-29,2021-07-27,2021-04-27,2021-03-09,0.02,0.009,-0.002,-0.006,-0.026,-0.003,2021-08-25,2021-06-09,2021-03-24,2021-07-27,2021-04-27,2021-03-11,7041200.0,3593900.0,8397300.0,1.32,-35.55,-49.85,0.017,-0.021,0.035,0.016,-0.024,-0.04,0.006,0.005,0.002,-0.0,-0.001,-0.015,0.01481,-0.0237,0.03397,0.01594,-0.02339,-0.03402,53.992,43.473,57.442,35.035,41.274,38.349,94.99,66.667,69.622,34.515,0.0,24.916,71.826,49.808,65.545,55.485,34.257,29.551,2021-09-10,2021-06-25,2021-04-13,2021-09-27,2021-07-13,2021-05-31,77,73,42,76,43,69,2021-09-02,2021-06-08,2021-03-15,2021-07-13,2021-05-17,2020-12-29,2021-09-27,2021-09-17,2021-09-10,2021-10-01,2021-09-21,2021-09-14,2021-08-30,2021-06-17,2021-04-09,2021-09-24,2021-07-12,2021-05-18,,,,,p2p,,,,,Life.BullStart,Life.BullEnd,Life.BullRetrace,Life.BullStart,Life.Bull,,
2021-10-04,RL,4.6,12.39,4.25,13.41,2.39,1.86,0,0,0,-,0,0,0,0.58413,,,,,0.55385,0.53717,0.53548,0.53162,0.00718,,,-0.00308,,,0.01792,,,-0.00822,,,0.02138,,,-0.00752,,,0.01421,0.01074,0.00346,-0.00666,,,0.56973,0.55277,0.01696,0.01612,0.01592,0.00019,,,,,3.06,-10.63,2.79,-12.66,9.73,,,,8.0,17.0,7.0,11.0,12.0,,,,0.005,0.0,0.0089,-0.00711,1.251,55.57538,57.06911,,,0.09038,38.36672,43.50282,,,25.4386,38.75745,45.37005,45.96497,,,0.027,0.02421,,,,,0.15,,,,,,,0.554,0.552,0.789,0.542,0.45,0.524,2021-09-03,2021-06-14,2021-04-15,2021-09-15,2021-07-21,2021-05-28,7.77,-2.17,23.11,-18.48,5.34,-33.59,12.0,8.0,30.0,26.0,10.0,27.0,1.0,-0.0,1.0,-1.0,1.0,-1.0,0.615,0.56,0.545,0.565,0.52,0.535,2021-09-27,2021-09-17,2021-09-13,2021-10-01,2021-09-21,2021-09-14,0.039,0.028,0.0,0.02,0.027,0.022,2021-05-10,2020-12-22,1999-01-01,2021-08-23,2021-01-18,2020-11-02,0.023,0.125,0.003,-0.026,0.023,0.002,2021-07-19,2021-04-26,2021-01-14,2021-08-24,2021-07-13,2021-01-22,0.119,0.034,0.0,-0.06,0.016,-0.068,2021-04-19,2020-12-21,1999-01-01,2021-07-29,2021-01-26,2020-10-07,0.056,0.174,0.033,-0.038,0.039,0.016,2021-07-19,2021-04-21,2020-12-23,2021-08-23,2021-06-25,2021-01-25,0.026,0.01,0.011,-0.004,-0.017,0.01,2021-08-24,2021-06-28,2021-06-16,2021-09-27,2021-07-28,2021-06-25,0.021,0.017,0.001,-0.015,-0.033,-0.009,2021-07-15,2021-05-27,2021-03-29,2021-06-18,2021-04-26,2021-03-05,0.049,0.022,0.002,-0.042,-0.043,-0.007,2021-08-23,2021-06-14,2021-03-29,2021-07-27,2021-04-27,2021-03-09,0.02,0.009,-0.002,-0.006,-0.026,-0.003,2021-08-25,2021-06-09,2021-03-24,2021-07-27,2021-04-27,2021-03-11,3593900.0,8397300.0,3475000.0,-35.55,-49.85,-18.74,0.017,-0.021,0.035,0.016,-0.024,-0.04,0.006,0.005,0.002,-0.0,-0.001,-0.015,0.01481,-0.0237,0.03397,0.01594,-0.02339,-0.03402,53.992,43.473,57.442,35.035,41.274,38.349,94.99,66.667,69.622,34.515,0.0,24.916,71.826,49.808,65.545,55.485,34.257,29.551,2021-09-10,2021-06-25,2021-04-13,2021-09-27,2021-07-13,2021-05-31,77,73,42,76,43,69,2021-09-02,2021-06-08,2021-03-15,2021-07-13,2021-05-17,2020-12-29,2021-09-27,2021-09-17,2021-09-10,2021-10-01,2021-09-21,2021-09-14,2021-08-30,2021-06-17,2021-04-09,2021-09-24,2021-07-12,2021-05-18,,,,,,,,,,Life.BullStart,Life.BullEnd,Life.BullRetrace,Life.BullStart,Life.Bull,,
2021-10-05,RL,4.6,12.72,4.25,13.76,2.32,1.82,0,0,0,-,0,0,0,0.58459,,,,,0.55625,0.53905,0.53646,0.53215,0.00811,,,-0.00306,,-0.003,0.01925,,,-0.00874,,,0.02318,,,-0.00828,,,0.01506,0.01114,0.00392,-0.00707,,,0.57208,0.55516,0.01693,0.01624,0.01599,0.00025,,,,,2.98,-10.63,2.79,-12.66,9.73,,,,7.0,17.0,7.0,11.0,12.0,,,,0.015,0.0,0.00997,-0.0064,1.55804,60.9075,57.37441,,,5.4225,49.92296,40.93477,,,25.4386,29.48131,44.81213,45.37997,,,0.02722,0.02435,,,,,0.15,,,,,,,0.554,0.552,0.789,0.542,0.45,0.524,2021-09-03,2021-06-14,2021-04-15,2021-09-15,2021-07-21,2021-05-28,7.86,-2.17,23.11,-18.48,5.34,-33.59,13.0,8.0,30.0,26.0,10.0,27.0,1.0,-0.0,1.0,-1.0,1.0,-1.0,0.615,0.56,0.545,0.565,0.52,0.535,2021-09-27,2021-09-17,2021-09-13,2021-10-01,2021-09-21,2021-09-14,0.039,0.028,0.0,0.02,0.027,0.022,2021-05-10,2020-12-22,1999-01-01,2021-08-23,2021-01-18,2020-11-02,0.023,0.125,0.003,-0.026,0.023,0.002,2021-07-19,2021-04-26,2021-01-14,2021-08-24,2021-07-13,2021-01-22,0.119,0.034,0.0,-0.06,0.016,-0.068,2021-04-19,2020-12-21,1999-01-01,2021-07-29,2021-01-26,2020-10-07,0.056,0.174,0.033,-0.038,0.039,0.016,2021-07-19,2021-04-21,2020-12-23,2021-08-23,2021-06-25,2021-01-25,-0.003,0.026,0.01,-0.004,-0.017,0.01,2021-10-05,2021-08-24,2021-06-28,2021-09-27,2021-07-28,2021-06-25,0.021,0.017,0.001,-0.015,-0.033,-0.009,2021-07-15,2021-05-27,2021-03-29,2021-06-18,2021-04-26,2021-03-05,0.049,0.022,0.002,-0.042,-0.043,-0.007,2021-08-23,2021-06-14,2021-03-29,2021-07-27,2021-04-27,2021-03-09,0.02,0.009,-0.002,-0.006,-0.026,-0.003,2021-08-25,2021-06-09,2021-03-24,2021-07-27,2021-04-27,2021-03-11,8397300.0,3475000.0,10082600.0,-49.85,-18.74,41.95,0.017,-0.021,0.035,0.016,-0.024,-0.04,0.006,0.005,0.002,-0.0,-0.001,-0.015,0.01481,-0.0237,0.03397,0.01594,-0.02339,-0.03402,53.992,43.473,57.442,35.035,41.274,38.349,94.99,66.667,69.622,34.515,0.0,24.916,71.826,49.808,65.545,55.485,34.257,29.551,2021-09-10,2021-06-25,2021-04-13,2021-09-27,2021-07-13,2021-05-31,77,73,42,76,43,69,2021-09-02,2021-06-08,2021-03-15,2021-07-13,2021-05-17,2020-12-29,2021-09-27,2021-09-17,2021-09-10,2021-10-01,2021-09-21,2021-09-14,2021-08-30,2021-06-17,2021-04-09,2021-09-24,2021-07-12,2021-05-18,10082600.0,,,,,,,,n2p,Life.BullStart,Life.BullEnd,Life.BullRetrace,Life.BullStart,Life.Bull,,
2021-10-06,RL,4.6,12.72,4.25,13.76,2.32,1.82,0,0,0,-,0,0,0,0.58586,,,,0.585,0.55846,0.54085,0.53742,0.53268,0.00905,,,-0.0031,,,0.0205,,,-0.00932,,,0.0249,,,-0.00912,,,0.01585,0.01146,0.00439,-0.00748,,,0.57407,0.55737,0.0167,0.01632,0.01605,0.00027,,,,0.0,2.76,-10.63,2.79,-12.66,9.73,,,,6.0,17.0,7.0,11.0,12.0,,,,0.0,0.0,0.00961,-0.0064,1.50223,60.03568,57.57891,,,4.55068,49.92296,46.07088,,49.923,38.59649,29.82456,44.28992,44.82403,,,0.02742,0.02448,,,,,0.15,,,,,,,0.554,0.552,0.789,0.542,0.45,0.524,2021-09-03,2021-06-14,2021-04-15,2021-09-15,2021-07-21,2021-05-28,8.09,-2.17,23.11,-18.48,5.34,-33.59,14.0,8.0,30.0,26.0,10.0,27.0,1.0,-0.0,1.0,-1.0,1.0,-1.0,0.585,0.615,0.56,0.565,0.52,0.535,2021-10-06,2021-09-27,2021-09-17,2021-10-01,2021-09-21,2021-09-14,0.039,0.028,0.0,0.02,0.027,0.022,2021-05-10,2020-12-22,1999-01-01,2021-08-23,2021-01-18,2020-11-02,0.023,0.125,0.003,-0.026,0.023,0.002,2021-07-19,2021-04-26,2021-01-14,2021-08-24,2021-07-13,2021-01-22,0.119,0.034,0.0,-0.06,0.016,-0.068,2021-04-19,2020-12-21,1999-01-01,2021-07-29,2021-01-26,2020-10-07,0.056,0.174,0.033,-0.038,0.039,0.016,2021-07-19,2021-04-21,2020-12-23,2021-08-23,2021-06-25,2021-01-25,-0.003,0.026,0.01,-0.004,-0.017,0.01,2021-10-05,2021-08-24,2021-06-28,2021-09-27,2021-07-28,2021-06-25,0.021,0.017,0.001,-0.015,-0.033,-0.009,2021-07-15,2021-05-27,2021-03-29,2021-06-18,2021-04-26,2021-03-05,0.049,0.022,0.002,-0.042,-0.043,-0.007,2021-08-23,2021-06-14,2021-03-29,2021-07-27,2021-04-27,2021-03-09,0.02,0.009,-0.002,-0.006,-0.026,-0.003,2021-08-25,2021-06-09,2021-03-24,2021-07-27,2021-04-27,2021-03-11,3475000.0,10082600.0,8785900.0,-18.74,41.95,1.77,0.017,-0.021,0.035,0.016,-0.024,-0.04,0.0,0.006,0.005,-0.0,-0.001,-0.015,0.01481,-0.0237,0.03397,0.01594,-0.02339,-0.03402,53.992,43.473,57.442,35.035,41.274,38.349,49.923,94.99,66.667,34.515,0.0,24.916,71.826,49.808,65.545,55.485,34.257,29.551,2021-09-10,2021-06-25,2021-04-13,2021-09-27,2021-07-13,2021-05-31,77,73,42,76,43,69,2021-09-02,2021-06-08,2021-03-15,2021-07-13,2021-05-17,2020-12-29,2021-10-06,2021-09-27,2021-09-17,2021-10-01,2021-09-21,2021-09-14,2021-08-30,2021-06-17,2021-04-09,2021-09-24,2021-07-12,2021-05-18,,,,,,,,n2p,,Life.BullStart,Life.BullEnd,Life.BullRetrace,Life.BullStart,Life.Bull,,
2021-10-07,RL,4.6,12.39,4.25,13.41,2.39,1.86,0,0,0,-,0,0,0,0.58835,,,0.57,,0.55935,0.542,0.53806,0.53305,0.00998,,,-0.00323,,,0.02167,,,-0.00994,,,0.02653,,,-0.01002,,,0.01655,0.01168,0.00487,-0.00787,,,0.57344,0.5583,0.01514,0.01632,0.01611,0.00022,,0.016,,,2.32,-10.63,2.79,-12.66,9.73,,,,5.0,17.0,7.0,11.0,12.0,,,,-0.0,-0.015,0.0082,-0.00747,1.09751,52.32452,57.64828,,57.648,-3.16048,38.36672,46.07088,38.367,,43.33333,35.78947,43.80731,44.30312,,,0.02689,0.0246,,,,,0.15,,,,,,,0.554,0.552,0.789,0.542,0.45,0.524,2021-09-03,2021-06-14,2021-04-15,2021-09-15,2021-07-21,2021-05-28,8.55,-2.17,23.11,-18.48,5.34,-33.59,15.0,8.0,30.0,26.0,10.0,27.0,1.0,-0.0,1.0,-1.0,1.0,-1.0,0.585,0.615,0.56,0.57,0.565,0.52,2021-10-06,2021-09-27,2021-09-17,2021-10-07,2021-10-01,2021-09-21,0.039,0.028,0.0,0.02,0.027,0.022,2021-05-10,2020-12-22,1999-01-01,2021-08-23,2021-01-18,2020-11-02,0.023,0.125,0.003,-0.026,0.023,0.002,2021-07-19,2021-04-26,2021-01-14,2021-08-24,2021-07-13,2021-01-22,0.119,0.034,0.0,-0.06,0.016,-0.068,2021-04-19,2020-12-21,1999-01-01,2021-07-29,2021-01-26,2020-10-07,0.056,0.174,0.033,-0.038,0.039,0.016,2021-07-19,2021-04-21,2020-12-23,2021-08-23,2021-06-25,2021-01-25,-0.003,0.026,0.01,-0.004,-0.017,0.01,2021-10-05,2021-08-24,2021-06-28,2021-09-27,2021-07-28,2021-06-25,0.021,0.017,0.001,-0.015,-0.033,-0.009,2021-07-15,2021-05-27,2021-03-29,2021-06-18,2021-04-26,2021-03-05,0.049,0.022,0.002,-0.042,-0.043,-0.007,2021-08-23,2021-06-14,2021-03-29,2021-07-27,2021-04-27,2021-03-09,0.02,0.009,-0.002,-0.006,-0.026,-0.003,2021-08-25,2021-06-09,2021-03-24,2021-07-27,2021-04-27,2021-03-11,10082600.0,8785900.0,3034500.0,41.95,1.77,-1.97,0.016,0.017,-0.021,0.016,-0.024,-0.04,0.0,0.006,0.005,-0.0,-0.001,-0.015,0.01611,0.01481,-0.0237,0.01594,-0.02339,-0.03402,53.992,43.473,57.442,35.035,41.274,38.349,49.923,94.99,66.667,38.367,34.515,0.0,57.648,71.826,49.808,55.485,34.257,29.551,2021-10-07,2021-09-10,2021-06-25,2021-09-27,2021-07-13,2021-05-31,27,77,73,76,43,69,2021-09-02,2021-06-08,2021-03-15,2021-07-13,2021-05-17,2020-12-29,2021-10-06,2021-09-27,2021-09-17,2021-10-07,2021-10-01,2021-09-21,2021-10-07,2021-08-30,2021-06-17,2021-09-24,2021-07-12,2021-05-18,,,,,,,n2p,,,Life.BullStart,Life.BullEnd,Life.BullRetrace,Life.BullStart,Life.Bull,,
2021-10-08,RL,4.6,12.72,4.25,13.76,2.32,1.82,0,0,0,-,0,0,0,0.59183,,,,,0.56132,0.54368,0.53899,0.53356,0.01092,,,-0.00343,,,0.02273,,,-0.01058,,,0.02807,,,-0.01098,,,0.01714,0.01181,0.00534,-0.00825,,,0.57522,0.56028,0.01494,0.01623,0.01613,0.0001,,,,,1.72,-10.63,2.79,-12.66,9.73,,,,4.0,17.0,7.0,11.0,12.0,,,,0.015,0.0,0.00927,-0.00535,1.73298,63.40987,57.55174,,,5.76187,49.92296,46.07088,,,43.33333,41.75439,43.36625,43.82116,,,0.02604,0.0247,,,,,0.15,,,,,,,0.554,0.552,0.789,0.542,0.45,0.524,2021-09-03,2021-06-14,2021-04-15,2021-09-15,2021-07-21,2021-05-28,9.19,-2.17,23.11,-18.48,5.34,-33.59,16.0,8.0,30.0,26.0,10.0,27.0,1.0,-0.0,1.0,-1.0,1.0,-1.0,0.585,0.615,0.56,0.57,0.565,0.52,2021-10-06,2021-09-27,2021-09-17,2021-10-07,2021-10-01,2021-09-21,0.039,0.028,0.0,0.02,0.027,0.022,2021-05-10,2020-12-22,1999-01-01,2021-08-23,2021-01-18,2020-11-02,0.023,0.125,0.003,-0.026,0.023,0.002,2021-07-19,2021-04-26,2021-01-14,2021-08-24,2021-07-13,2021-01-22,0.119,0.034,0.0,-0.06,0.016,-0.068,2021-04-19,2020-12-21,1999-01-01,2021-07-29,2021-01-26,2020-10-07,0.056,0.174,0.033,-0.038,0.039,0.016,2021-07-19,2021-04-21,2020-12-23,2021-08-23,2021-06-25,2021-01-25,-0.003,0.026,0.01,-0.004,-0.017,0.01,2021-10-05,2021-08-24,2021-06-28,2021-09-27,2021-07-28,2021-06-25,0.021,0.017,0.001,-0.015,-0.033,-0.009,2021-07-15,2021-05-27,2021-03-29,2021-06-18,2021-04-26,2021-03-05,0.049,0.022,0.002,-0.042,-0.043,-0.007,2021-08-23,2021-06-14,2021-03-29,2021-07-27,2021-04-27,2021-03-09,0.02,0.009,-0.002,-0.006,-0.026,-0.003,2021-08-25,2021-06-09,2021-03-24,2021-07-27,2021-04-27,2021-03-11,8785900.0,3034500.0,5881800.0,1.77,-1.97,-19.18,0.016,0.017,-0.021,0.016,-0.024,-0.04,0.0,0.006,0.005,-0.0,-0.001,-0.015,0.01611,0.01481,-0.0237,0.01594,-0.02339,-0.03402,53.992,43.473,57.442,35.035,41.274,38.349,49.923,94.99,66.667,38.367,34.515,0.0,57.648,71.826,49.808,55.485,34.257,29.551,2021-10-07,2021-09-10,2021-06-25,2021-09-27,2021-07-13,2021-05-31,27,77,73,76,43,69,2021-09-02,2021-06-08,2021-03-15,2021-07-13,2021-05-17,2020-12-29,2021-10-06,2021-09-27,2021-09-17,2021-10-07,2021-10-01,2021-09-21,2021-10-07,2021-08-30,2021-06-17,2021-09-24,2021-07-12,2021-05-18,,,,,,n2p,,,,Life.BullStart,Life.BullEnd,Life.BullRetrace,Life.BullStart,Life.Bull,,
2021-10-11,RL,4.6,13.37,4.25,14.47,2.21,1.73,1,1,0,-,0,0,0,0.59562,,,,0.615,0.56545,0.54648,0.5405,0.53437,0.01186,,,-0.00371,,,0.02369,,,-0.01122,,,0.02949,,,-0.01194,,,0.01763,0.01183,0.0058,-0.00861,,,0.58134,0.56433,0.01701,0.01602,0.01611,-9e-05,,,,,1.07,-10.63,2.79,-12.66,9.73,,,,3.0,17.0,7.0,11.0,12.0,,,,0.03,0.0,0.01141,-0.00464,2.45846,71.08541,57.27164,,,13.43741,73.03544,53.77504,,73.035,54.44444,47.03704,42.96648,43.38001,,,0.02703,0.02478,,,,,0.15,,,,,,,0.554,0.552,0.789,0.542,0.45,0.524,2021-09-03,2021-06-14,2021-04-15,2021-09-15,2021-07-21,2021-05-28,9.89,-2.17,23.11,-18.48,5.34,-33.59,17.0,8.0,30.0,26.0,10.0,27.0,1.0,-0.0,1.0,-1.0,1.0,-1.0,0.615,0.585,0.615,0.57,0.565,0.52,2021-10-11,2021-10-06,2021-09-27,2021-10-07,2021-10-01,2021-09-21,0.039,0.028,0.0,0.02,0.027,0.022,2021-05-10,2020-12-22,1999-01-01,2021-08-23,2021-01-18,2020-11-02,0.023,0.125,0.003,-0.026,0.023,0.002,2021-07-19,2021-04-26,2021-01-14,2021-08-24,2021-07-13,2021-01-22,0.119,0.034,0.0,-0.06,0.016,-0.068,2021-04-19,2020-12-21,1999-01-01,2021-07-29,2021-01-26,2020-10-07,0.056,0.174,0.033,-0.038,0.039,0.016,2021-07-19,2021-04-21,2020-12-23,2021-08-23,2021-06-25,2021-01-25,-0.003,0.026,0.01,-0.004,-0.017,0.01,2021-10-05,2021-08-24,2021-06-28,2021-09-27,2021-07-28,2021-06-25,0.021,0.017,0.001,-0.015,-0.033,-0.009,2021-07-15,2021-05-27,2021-03-29,2021-06-18,2021-04-26,2021-03-05,0.049,0.022,0.002,-0.042,-0.043,-0.007,2021-08-23,2021-06-14,2021-03-29,2021-07-27,2021-04-27,2021-03-09,0.02,0.009,-0.002,-0.006,-0.026,-0.003,2021-08-25,2021-06-09,2021-03-24,2021-07-27,2021-04-27,2021-03-11,3034500.0,5881800.0,19466800.0,-1.97,-19.18,60.34,0.016,0.017,-0.021,0.016,-0.024,-0.04,0.0,0.006,0.005,-0.0,-0.001,-0.015,0.01611,0.01481,-0.0237,0.01594,-0.02339,-0.03402,53.992,43.473,57.442,35.035,41.274,38.349,73.035,49.923,94.99,38.367,34.515,0.0,57.648,71.826,49.808,55.485,34.257,29.551,2021-10-07,2021-09-10,2021-06-25,2021-09-27,2021-07-13,2021-05-31,27,77,73,76,43,69,2021-09-02,2021-06-08,2021-03-15,2021-07-13,2021-05-17,2020-12-29,2021-10-11,2021-10-06,2021-09-27,2021-10-07,2021-10-01,2021-09-21,2021-10-07,2021-08-30,2021-06-17,2021-09-24,2021-07-12,2021-05-18,19466800.0,,,,n2p,,,,n2p,Life.BullStart,Life.BullEnd,Life.BullRetrace,Life.BullStart,Life.Bull,,
2021-10-12,RL,4.6,13.04,4.25,14.12,2.27,1.77,0,0,0,-,0,0,0,0.59899,,,,,0.56811,0.54858,0.54168,0.53503,0.01279,,,-0.00407,,,0.02453,,,-0.01183,,,0.03078,,,-0.01288,,,0.018,0.01175,0.00625,-0.00894,,,0.58421,0.56698,0.01724,0.01568,0.01602,-0.00035,,,,,0.5,-10.63,2.79,-12.66,9.73,,,,2.0,17.0,7.0,11.0,12.0,,,,-0.0,-0.015,0.01,-0.00571,1.75,63.63636,56.80265,,,5.98836,56.52174,59.82671,,,63.88889,53.88889,42.60441,42.97905,,,0.02725,0.02485,,,,,0.15,,,,,,,0.554,0.552,0.789,0.542,0.45,0.524,2021-09-03,2021-06-14,2021-04-15,2021-09-15,2021-07-21,2021-05-28,10.51,-2.17,23.11,-18.48,5.34,-33.59,18.0,8.0,30.0,26.0,10.0,27.0,1.0,-0.0,1.0,-1.0,1.0,-1.0,0.615,0.585,0.615,0.57,0.565,0.52,2021-10-11,2021-10-06,2021-09-27,2021-10-07,2021-10-01,2021-09-21,0.039,0.028,0.0,0.02,0.027,0.022,2021-05-10,2020-12-22,1999-01-01,2021-08-23,2021-01-18,2020-11-02,0.023,0.125,0.003,-0.026,0.023,0.002,2021-07-19,2021-04-26,2021-01-14,2021-08-24,2021-07-13,2021-01-22,0.119,0.034,0.0,-0.06,0.016,-0.068,2021-04-19,2020-12-21,1999-01-01,2021-07-29,2021-01-26,2020-10-07,0.056,0.174,0.033,-0.038,0.039,0.016,2021-07-19,2021-04-21,2020-12-23,2021-08-23,2021-06-25,2021-01-25,-0.003,0.026,0.01,-0.004,-0.017,0.01,2021-10-05,2021-08-24,2021-06-28,2021-09-27,2021-07-28,2021-06-25,0.021,0.017,0.001,-0.015,-0.033,-0.009,2021-07-15,2021-05-27,2021-03-29,2021-06-18,2021-04-26,2021-03-05,0.049,0.022,0.002,-0.042,-0.043,-0.007,2021-08-23,2021-06-14,2021-03-29,2021-07-27,2021-04-27,2021-03-09,0.02,0.009,-0.002,-0.006,-0.026,-0.003,2021-08-25,2021-06-09,2021-03-24,2021-07-27,2021-04-27,2021-03-11,5881800.0,19466800.0,7816600.0,-19.18,60.34,16.85,0.016,0.017,-0.021,0.016,-0.024,-0.04,0.0,0.006,0.005,-0.0,-0.001,-0.015,0.01611,0.01481,-0.0237,0.01594,-0.02339,-0.03402,53.992,43.473,57.442,35.035,41.274,38.349,73.035,49.923,94.99,38.367,34.515,0.0,57.648,71.826,49.808,55.485,34.257,29.551,2021-10-07,2021-09-10,2021-06-25,2021-09-27,2021-07-13,2021-05-31,27,77,73,76,43,69,2021-09-02,2021-06-08,2021-03-15,2021-07-13,2021-05-17,2020-12-29,2021-10-11,2021-10-06,2021-09-27,2021-10-07,2021-10-01,2021-09-21,2021-10-07,2021-08-30,2021-06-17,2021-09-24,2021-07-12,2021-05-18,,,,,,,,n2p,,Life.BullStart,Life.BullEnd,Life.BullRetrace,Life.BullStart,Life.Bull,,
2021-10-13,RL,4.6,12.93,4.25,14.0,2.29,1.79,0,0,0,-,0,0,0,0.60123,,,0.595,,0.57018,0.5504,0.54273,0.53562,0.0137,,,-0.00448,,,0.02525,,,-0.01239,,,0.03193,,,-0.01377,,,0.01824,0.01156,0.00668,-0.00924,,,0.58587,0.56905,0.01682,0.01519,0.01586,-0.00067,,,,,0.13,-10.63,2.79,-12.66,9.73,,,,1.0,17.0,7.0,11.0,12.0,,,,-0.0,-0.005,0.01,-0.00607,1.64706,62.22222,56.13673,,,4.57422,50.0,59.85239,50.0,,63.88889,60.74074,42.27409,42.61499,,,0.02637,0.02491,,,,,0.15,,,,,,,0.554,0.552,0.789,0.542,0.45,0.524,2021-09-03,2021-06-14,2021-04-15,2021-09-15,2021-07-21,2021-05-28,10.93,-2.17,23.11,-18.48,5.34,-33.59,19.0,8.0,30.0,26.0,10.0,27.0,1.0,-0.0,1.0,-1.0,1.0,-1.0,0.615,0.585,0.615,0.595,0.57,0.565,2021-10-11,2021-10-06,2021-09-27,2021-10-13,2021-10-07,2021-10-01,0.039,0.028,0.0,0.02,0.027,0.022,2021-05-10,2020-12-22,1999-01-01,2021-08-23,2021-01-18,2020-11-02,0.023,0.125,0.003,-0.026,0.023,0.002,2021-07-19,2021-04-26,2021-01-14,2021-08-24,2021-07-13,2021-01-22,0.119,0.034,0.0,-0.06,0.016,-0.068,2021-04-19,2020-12-21,1999-01-01,2021-07-29,2021-01-26,2020-10-07,0.056,0.174,0.033,-0.038,0.039,0.016,2021-07-19,2021-04-21,2020-12-23,2021-08-23,2021-06-25,2021-01-25,-0.003,0.026,0.01,-0.004,-0.017,0.01,2021-10-05,2021-08-24,2021-06-28,2021-09-27,2021-07-28,2021-06-25,0.021,0.017,0.001,-0.015,-0.033,-0.009,2021-07-15,2021-05-27,2021-03-29,2021-06-18,2021-04-26,2021-03-05,0.049,0.022,0.002,-0.042,-0.043,-0.007,2021-08-23,2021-06-14,2021-03-29,2021-07-27,2021-04-27,2021-03-09,0.02,0.009,-0.002,-0.006,-0.026,-0.003,2021-08-25,2021-06-09,2021-03-24,2021-07-27,2021-04-27,2021-03-11,19466800.0,7816600.0,3294400.0,60.34,16.85,-7.8,0.016,0.017,-0.021,0.016,-0.024,-0.04,0.0,0.006,0.005,-0.0,-0.001,-0.015,0.01611,0.01481,-0.0237,0.01594,-0.02339,-0.03402,53.992,43.473,57.442,35.035,41.274,38.349,73.035,49.923,94.99,50.0,38.367,34.515,57.648,71.826,49.808,55.485,34.257,29.551,2021-10-07,2021-09-10,2021-06-25,2021-09-27,2021-07-13,2021-05-31,27,77,73,76,43,69,2021-09-02,2021-06-08,2021-03-15,2021-07-13,2021-05-17,2020-12-29,2021-10-11,2021-10-06,2021-09-27,2021-10-13,2021-10-07,2021-10-01,2021-10-07,2021-08-30,2021-06-17,2021-09-24,2021-07-12,2021-05-18,,,,,,,n2p,,,Life.BullStart,Life.BullEnd,Life.BullRetrace,Life.BullStart,Life.Bull,,
2021-10-14,RL,4.6,13.37,4.25,14.47,2.21,1.73,1,1,0,-,0,0,0,0.60185,,0.602,,,0.57362,0.55293,0.54416,0.53641,0.01456,,,-0.00492,,,0.02583,,,-0.01287,,,0.03291,,,-0.01455,,,0.01835,0.01127,0.00708,-0.00949,,,0.59035,0.57245,0.0179,0.01454,0.01559,-0.00105,,,,,-10.61,2.79,-12.66,9.73,,,,,17.0,7.0,11.0,12.0,,,,,0.02,0.0,0.00929,-0.00607,1.52941,60.46512,55.27116,,,2.81712,63.15789,56.55988,,,62.77778,63.51852,41.96893,42.28248,,,0.02663,0.02495,,,,,0.15,,,,,,,0.602,0.554,0.552,0.542,0.45,0.524,2021-10-14,2021-09-03,2021-06-14,2021-09-15,2021-07-21,2021-05-28,0.0,11.07,-2.17,23.11,-18.48,5.34,0.0,20.0,8.0,30.0,26.0,10.0,0.0,1.0,-0.0,1.0,-1.0,1.0,0.615,0.585,0.615,0.595,0.57,0.565,2021-10-11,2021-10-06,2021-09-27,2021-10-13,2021-10-07,2021-10-01,0.039,0.028,0.0,0.02,0.027,0.022,2021-05-10,2020-12-22,1999-01-01,2021-08-23,2021-01-18,2020-11-02,0.023,0.125,0.003,-0.026,0.023,0.002,2021-07-19,2021-04-26,2021-01-14,2021-08-24,2021-07-13,2021-01-22,0.119,0.034,0.0,-0.06,0.016,-0.068,2021-04-19,2020-12-21,1999-01-01,2021-07-29,2021-01-26,2020-10-07,0.056,0.174,0.033,-0.038,0.039,0.016,2021-07-19,2021-04-21,2020-12-23,2021-08-23,2021-06-25,2021-01-25,-0.003,0.026,0.01,-0.004,-0.017,0.01,2021-10-05,2021-08-24,2021-06-28,2021-09-27,2021-07-28,2021-06-25,0.021,0.017,0.001,-0.015,-0.033,-0.009,2021-07-15,2021-05-27,2021-03-29,2021-06-18,2021-04-26,2021-03-05,0.049,0.022,0.002,-0.042,-0.043,-0.007,2021-08-23,2021-06-14,2021-03-29,2021-07-27,2021-04-27,2021-03-09,0.02,0.009,-0.002,-0.006,-0.026,-0.003,2021-08-25,2021-06-09,2021-03-24,2021-07-27,2021-04-27,2021-03-11,7816600.0,3294400.0,8229700.0,16.85,-7.8,-36.75,0.016,0.017,-0.021,0.016,-0.024,-0.04,0.0,0.006,0.005,-0.0,-0.001,-0.015,0.01611,0.01481,-0.0237,0.01594,-0.02339,-0.03402,53.992,43.473,57.442,35.035,41.274,38.349,73.035,49.923,94.99,50.0,38.367,34.515,57.648,71.826,49.808,55.485,34.257,29.551,2021-10-07,2021-09-10,2021-06-25,2021-09-27,2021-07-13,2021-05-31,27,77,73,76,43,69,2021-09-02,2021-06-08,2021-03-15,2021-07-13,2021-05-17,2020-12-29,2021-10-11,2021-10-06,2021-09-27,2021-10-13,2021-10-07,2021-10-01,2021-10-07,2021-08-30,2021-06-17,2021-09-24,2021-07-12,2021-05-18,,,,,,n2p,,,,Life.BullStart,Life.BullEnd,Life.BullRetrace,Life.BullStart,Life.Bull,,
2021-10-15,RL,4.6,13.59,4.25,14.71,2.18,1.7,1,1,0,-,0,0,0,0.60062,,,,0.625,0.57758,0.55576,0.54576,0.5373,0.01537,,,-0.00539,,,0.02624,,,-0.01323,,,0.03369,,,-0.01521,,,0.01832,0.01087,0.00745,-0.00969,,,0.59568,0.57635,0.01934,0.01375,0.01522,-0.00148,,,,,-10.43,2.79,-12.66,9.73,,,,,16.0,7.0,11.0,12.0,,,,,0.01,0.0,0.00679,-0.00607,1.11765,52.77778,54.21784,,,-4.87022,73.68421,62.2807,,73.684,72.96296,66.54321,41.68265,41.97523,,,0.02687,0.02498,,,,,0.15,,,,,,,0.602,0.554,0.552,0.542,0.45,0.524,2021-10-14,2021-09-03,2021-06-14,2021-09-15,2021-07-21,2021-05-28,-0.23,11.07,-2.17,23.11,-18.48,5.34,1.0,20.0,8.0,30.0,26.0,10.0,-0.0,1.0,-0.0,1.0,-1.0,1.0,0.625,0.615,0.585,0.595,0.57,0.565,2021-10-15,2021-10-11,2021-10-06,2021-10-13,2021-10-07,2021-10-01,0.039,0.028,0.0,0.02,0.027,0.022,2021-05-10,2020-12-22,1999-01-01,2021-08-23,2021-01-18,2020-11-02,0.023,0.125,0.003,-0.026,0.023,0.002,2021-07-19,2021-04-26,2021-01-14,2021-08-24,2021-07-13,2021-01-22,0.119,0.034,0.0,-0.06,0.016,-0.068,2021-04-19,2020-12-21,1999-01-01,2021-07-29,2021-01-26,2020-10-07,0.056,0.174,0.033,-0.038,0.039,0.016,2021-07-19,2021-04-21,2020-12-23,2021-08-23,2021-06-25,2021-01-25,-0.003,0.026,0.01,-0.004,-0.017,0.01,2021-10-05,2021-08-24,2021-06-28,2021-09-27,2021-07-28,2021-06-25,0.021,0.017,0.001,-0.015,-0.033,-0.009,2021-07-15,2021-05-27,2021-03-29,2021-06-18,2021-04-26,2021-03-05,0.049,0.022,0.002,-0.042,-0.043,-0.007,2021-08-23,2021-06-14,2021-03-29,2021-07-27,2021-04-27,2021-03-09,0.02,0.009,-0.002,-0.006,-0.026,-0.003,2021-08-25,2021-06-09,2021-03-24,2021-07-27,2021-04-27,2021-03-11,3294400.0,8229700.0,11290400.0,-7.8,-36.75,17.96,0.016,0.017,-0.021,0.016,-0.024,-0.04,0.0,0.006,0.005,-0.0,-0.001,-0.015,0.01611,0.01481,-0.0237,0.01594,-0.02339,-0.03402,53.992,43.473,57.442,35.035,41.274,38.349,73.684,73.035,49.923,50.0,38.367,34.515,57.648,71.826,49.808,55.485,34.257,29.551,2021-10-07,2021-09-10,2021-06-25,2021-09-27,2021-07-13,2021-05-31,27,77,73,76,43,69,2021-09-02,2021-06-08,2021-03-15,2021-07-13,2021-05-17,2020-12-29,2021-10-15,2021-10-11,2021-10-06,2021-10-13,2021-10-07,2021-10-01,2021-10-07,2021-08-30,2021-06-17,2021-09-24,2021-07-12,2021-05-18,11290400.0,,,,n2p,,,,n2p,Life.BullStart,Life.BullEnd,Life.BullRetrace,Life.BullStart,Life.Bull,,
2021-10-18,RL,4.6,13.37,4.25,14.47,2.21,1.73,0,0,0,-,0,0,0,0.59735,,,,,0.58045,0.55808,0.54714,0.53807,0.01611,,,-0.00584,,,0.02647,,,-0.01346,,,0.03425,,,-0.01571,,,0.01815,0.01036,0.00779,-0.00984,,,0.59865,0.57921,0.01944,0.0128,0.01474,-0.00194,,,,,-9.93,2.79,-12.66,9.73,,,,,15.0,7.0,11.0,12.0,,,,,-0.0,-0.01,0.00679,-0.00536,1.26667,55.88235,52.99844,,,-1.76565,70.58824,69.14345,,,72.96296,69.5679,41.40995,41.68718,,,0.02674,0.025,,,,,0.15,,,,,,,0.602,0.554,0.552,0.542,0.45,0.524,2021-10-14,2021-09-03,2021-06-14,2021-09-15,2021-07-21,2021-05-28,-0.77,11.07,-2.17,23.11,-18.48,5.34,2.0,20.0,8.0,30.0,26.0,10.0,-0.0,1.0,-0.0,1.0,-1.0,1.0,0.625,0.615,0.585,0.595,0.57,0.565,2021-10-15,2021-10-11,2021-10-06,2021-10-13,2021-10-07,2021-10-01,0.039,0.028,0.0,0.02,0.027,0.022,2021-05-10,2020-12-22,1999-01-01,2021-08-23,2021-01-18,2020-11-02,0.023,0.125,0.003,-0.026,0.023,0.002,2021-07-19,2021-04-26,2021-01-14,2021-08-24,2021-07-13,2021-01-22,0.119,0.034,0.0,-0.06,0.016,-0.068,2021-04-19,2020-12-21,1999-01-01,2021-07-29,2021-01-26,2020-10-07,0.056,0.174,0.033,-0.038,0.039,0.016,2021-07-19,2021-04-21,2020-12-23,2021-08-23,2021-06-25,2021-01-25,-0.003,0.026,0.01,-0.004,-0.017,0.01,2021-10-05,2021-08-24,2021-06-28,2021-09-27,2021-07-28,2021-06-25,0.021,0.017,0.001,-0.015,-0.033,-0.009,2021-07-15,2021-05-27,2021-03-29,2021-06-18,2021-04-26,2021-03-05,0.049,0.022,0.002,-0.042,-0.043,-0.007,2021-08-23,2021-06-14,2021-03-29,2021-07-27,2021-04-27,2021-03-09,0.02,0.009,-0.002,-0.006,-0.026,-0.003,2021-08-25,2021-06-09,2021-03-24,2021-07-27,2021-04-27,2021-03-11,8229700.0,11290400.0,6968300.0,-36.75,17.96,16.1,0.016,0.017,-0.021,0.016,-0.024,-0.04,0.0,0.006,0.005,-0.0,-0.001,-0.015,0.01611,0.01481,-0.0237,0.01594,-0.02339,-0.03402,53.992,43.473,57.442,35.035,41.274,38.349,73.684,73.035,49.923,50.0,38.367,34.515,57.648,71.826,49.808,55.485,34.257,29.551,2021-10-07,2021-09-10,2021-06-25,2021-09-27,2021-07-13,2021-05-31,27,77,73,76,43,69,2021-09-02,2021-06-08,2021-03-15,2021-07-13,2021-05-17,2020-12-29,2021-10-15,2021-10-11,2021-10-06,2021-10-13,2021-10-07,2021-10-01,2021-10-07,2021-08-30,2021-06-17,2021-09-24,2021-07-12,2021-05-18,,,,,,,,n2p,,Life.BullStart,Life.BullEnd,Life.BullRetrace,Life.BullStart,Life.Bull,,
2021-10-20,RL,4.6,13.04,4.25,14.12,2.27,1.77,0,0,0,-,0,0,0,0.59207,,,,,0.58196,0.55972,0.54818,0.53868,0.01675,,,-0.00627,,,0.02651,,0.027,-0.01354,-0.014,,0.03458,,,-0.01601,,,0.01783,0.00975,0.00808,-0.00991,-0.01,,0.59886,0.58075,0.01811,0.01172,0.01413,-0.00242,,,,,-9.13,2.79,-12.66,9.73,,,,,13.0,7.0,11.0,12.0,,,,,-0.0,-0.015,0.00679,-0.00643,1.05556,51.35135,51.63891,,,-6.29665,52.94118,65.73787,,,52.96296,66.2963,41.14708,41.41323,,,0.02661,0.025,,0.025,,,,0.15,,,,,,0.602,0.554,0.552,0.542,0.45,0.524,2021-10-14,2021-09-03,2021-06-14,2021-09-15,2021-07-21,2021-05-28,-1.65,11.07,-2.17,23.11,-18.48,5.34,3.0,20.0,8.0,30.0,26.0,10.0,-1.0,1.0,-0.0,1.0,-1.0,1.0,0.625,0.615,0.585,0.595,0.57,0.565,2021-10-15,2021-10-11,2021-10-06,2021-10-13,2021-10-07,2021-10-01,0.025,0.039,0.028,0.02,0.027,0.022,2021-10-20,2021-05-10,2020-12-22,2021-08-23,2021-01-18,2020-11-02,0.023,0.125,0.003,-0.026,0.023,0.002,2021-07-19,2021-04-26,2021-01-14,2021-08-24,2021-07-13,2021-01-22,0.027,0.119,0.034,-0.06,0.016,-0.068,2021-10-20,2021-04-19,2020-12-21,2021-07-29,2021-01-26,2020-10-07,0.056,0.174,0.033,-0.038,0.039,0.016,2021-07-19,2021-04-21,2020-12-23,2021-08-23,2021-06-25,2021-01-25,-0.003,0.026,0.01,-0.004,-0.017,0.01,2021-10-05,2021-08-24,2021-06-28,2021-09-27,2021-07-28,2021-06-25,0.021,0.017,0.001,-0.014,-0.015,-0.033,2021-07-15,2021-05-27,2021-03-29,2021-10-20,2021-06-18,2021-04-26,0.049,0.022,0.002,-0.042,-0.043,-0.007,2021-08-23,2021-06-14,2021-03-29,2021-07-27,2021-04-27,2021-03-09,0.02,0.009,-0.002,-0.01,-0.006,-0.026,2021-08-25,2021-06-09,2021-03-24,2021-10-20,2021-07-27,2021-04-27,11290400.0,6968300.0,4758500.0,17.96,16.1,-13.1,0.016,0.017,-0.021,0.016,-0.024,-0.04,0.0,0.006,0.005,-0.0,-0.001,-0.015,0.01611,0.01481,-0.0237,0.01594,-0.02339,-0.03402,53.992,43.473,57.442,35.035,41.274,38.349,73.684,73.035,49.923,50.0,38.367,34.515,57.648,71.826,49.808,55.485,34.257,29.551,2021-10-07,2021-09-10,2021-06-25,2021-09-27,2021-07-13,2021-05-31,27,77,73,76,43,69,2021-09-02,2021-06-08,2021-03-15,2021-07-13,2021-05-17,2020-12-29,2021-10-15,2021-10-11,2021-10-06,2021-10-13,2021-10-07,2021-10-01,2021-10-07,2021-08-30,2021-06-17,2021-09-24,2021-07-12,2021-05-18,,,,,,,n2p,,,Life.BullEnd,Life.BullRetrace,Life.BullStart,Life.Bull,Life.BullRetrace,,
2021-10-21,RL,4.6,12.61,4.25,13.65,2.34,1.83,0,0,0,-,0,0,0,0.5853,,,,,0.58181,0.56052,0.54881,0.5391,0.01729,,,-0.00666,,,0.02635,,,-0.01345,,,0.03468,,0.035,-0.01609,-0.016,,0.01739,0.00906,0.00833,-0.0099,,,0.59596,0.58069,0.01527,0.01051,0.01341,-0.0029,,,,,-8.08,2.79,-12.66,9.73,,,,,12.0,7.0,11.0,12.0,,,,,-0.0,-0.02,0.00679,-0.00786,0.86364,46.34146,50.17432,,,-11.30654,29.41176,50.98039,,,23.33333,49.75309,40.89202,41.14968,,,0.02686,0.02499,,,,,,0.15,,,,,,0.602,0.554,0.552,0.542,0.45,0.524,2021-10-14,2021-09-03,2021-06-14,2021-09-15,2021-07-21,2021-05-28,-2.77,11.07,-2.17,23.11,-18.48,5.34,4.0,20.0,8.0,30.0,26.0,10.0,-1.0,1.0,-0.0,1.0,-1.0,1.0,0.625,0.615,0.585,0.595,0.57,0.565,2021-10-15,2021-10-11,2021-10-06,2021-10-13,2021-10-07,2021-10-01,0.025,0.039,0.028,0.02,0.027,0.022,2021-10-20,2021-05-10,2020-12-22,2021-08-23,2021-01-18,2020-11-02,0.023,0.125,0.003,-0.026,0.023,0.002,2021-07-19,2021-04-26,2021-01-14,2021-08-24,2021-07-13,2021-01-22,0.027,0.119,0.034,-0.06,0.016,-0.068,2021-10-20,2021-04-19,2020-12-21,2021-07-29,2021-01-26,2020-10-07,0.035,0.056,0.174,-0.038,0.039,0.016,2021-10-21,2021-07-19,2021-04-21,2021-08-23,2021-06-25,2021-01-25,-0.003,0.026,0.01,-0.004,-0.017,0.01,2021-10-05,2021-08-24,2021-06-28,2021-09-27,2021-07-28,2021-06-25,0.021,0.017,0.001,-0.014,-0.015,-0.033,2021-07-15,2021-05-27,2021-03-29,2021-10-20,2021-06-18,2021-04-26,0.049,0.022,0.002,-0.016,-0.042,-0.043,2021-08-23,2021-06-14,2021-03-29,2021-10-21,2021-07-27,2021-04-27,0.02,0.009,-0.002,-0.01,-0.006,-0.026,2021-08-25,2021-06-09,2021-03-24,2021-10-20,2021-07-27,2021-04-27,6968300.0,4758500.0,6937300.0,16.1,-13.1,-18.91,0.016,0.017,-0.021,0.016,-0.024,-0.04,0.0,0.006,0.005,-0.0,-0.001,-0.015,0.01611,0.01481,-0.0237,0.01594,-0.02339,-0.03402,53.992,43.473,57.442,35.035,41.274,38.349,73.684,73.035,49.923,50.0,38.367,34.515,57.648,71.826,49.808,55.485,34.257,29.551,2021-10-07,2021-09-10,2021-06-25,2021-09-27,2021-07-13,2021-05-31,27,77,73,76,43,69,2021-09-02,2021-06-08,2021-03-15,2021-07-13,2021-05-17,2020-12-29,2021-10-15,2021-10-11,2021-10-06,2021-10-13,2021-10-07,2021-10-01,2021-10-07,2021-08-30,2021-06-17,2021-09-24,2021-07-12,2021-05-18,,,,,,n2p,,,,Life.BullEnd,Life.BullRetrace,Life.BullStart,Life.Bull,Life.BullRetrace,,
2021-10-22,RL,4.6,12.5,4.25,13.53,2.37,1.85,0,0,0,-,0,0,0,0.57776,,,,,0.58128,0.56109,0.54933,0.53945,0.01771,,,-0.00698,,,0.02599,,,-0.01319,,,0.03453,,,-0.01594,,,0.01682,0.00828,0.00854,-0.00982,,,0.59274,0.58027,0.01246,0.0092,0.01257,-0.00337,,,,,-6.88,2.79,-12.66,9.73,,,,,11.0,7.0,11.0,12.0,,,,,-0.0,-0.005,0.00679,-0.00607,1.11765,52.77778,48.64413,,,-4.87022,13.33333,31.89542,,,9.04762,28.44797,40.64445,40.89452,,,0.02601,0.02497,,,,,,0.15,,,,,,0.602,0.554,0.552,0.542,0.45,0.524,2021-10-14,2021-09-03,2021-06-14,2021-09-15,2021-07-21,2021-05-28,-4.03,11.07,-2.17,23.11,-18.48,5.34,5.0,20.0,8.0,30.0,26.0,10.0,-1.0,1.0,-0.0,1.0,-1.0,1.0,0.625,0.615,0.585,0.595,0.57,0.565,2021-10-15,2021-10-11,2021-10-06,2021-10-13,2021-10-07,2021-10-01,0.025,0.039,0.028,0.02,0.027,0.022,2021-10-20,2021-05-10,2020-12-22,2021-08-23,2021-01-18,2020-11-02,0.023,0.125,0.003,-0.026,0.023,0.002,2021-07-19,2021-04-26,2021-01-14,2021-08-24,2021-07-13,2021-01-22,0.027,0.119,0.034,-0.06,0.016,-0.068,2021-10-20,2021-04-19,2020-12-21,2021-07-29,2021-01-26,2020-10-07,0.035,0.056,0.174,-0.038,0.039,0.016,2021-10-21,2021-07-19,2021-04-21,2021-08-23,2021-06-25,2021-01-25,-0.003,0.026,0.01,-0.004,-0.017,0.01,2021-10-05,2021-08-24,2021-06-28,2021-09-27,2021-07-28,2021-06-25,0.021,0.017,0.001,-0.014,-0.015,-0.033,2021-07-15,2021-05-27,2021-03-29,2021-10-20,2021-06-18,2021-04-26,0.049,0.022,0.002,-0.016,-0.042,-0.043,2021-08-23,2021-06-14,2021-03-29,2021-10-21,2021-07-27,2021-04-27,0.02,0.009,-0.002,-0.01,-0.006,-0.026,2021-08-25,2021-06-09,2021-03-24,2021-10-20,2021-07-27,2021-04-27,4758500.0,6937300.0,3070900.0,-13.1,-18.91,-20.88,0.016,0.017,-0.021,0.016,-0.024,-0.04,0.0,0.006,0.005,-0.0,-0.001,-0.015,0.01611,0.01481,-0.0237,0.01594,-0.02339,-0.03402,53.992,43.473,57.442,35.035,41.274,38.349,73.684,73.035,49.923,50.0,38.367,34.515,57.648,71.826,49.808,55.485,34.257,29.551,2021-10-07,2021-09-10,2021-06-25,2021-09-27,2021-07-13,2021-05-31,27,77,73,76,43,69,2021-09-02,2021-06-08,2021-03-15,2021-07-13,2021-05-17,2020-12-29,2021-10-15,2021-10-11,2021-10-06,2021-10-13,2021-10-07,2021-10-01,2021-10-07,2021-08-30,2021-06-17,2021-09-24,2021-07-12,2021-05-18,,,,,n2p,,,,,Life.BullEnd,Life.BullRetrace,Life.BullStart,Life.Bull,Life.BullRetrace,,
2021-10-25,RL,4.6,12.5,4.25,13.53,2.37,1.85,0,0,0,-,0,0,0,0.57014,,,,,0.5808,0.56163,0.54984,0.53981,0.01801,,,-0.00721,,,0.02545,,,-0.01276,,,0.03415,,,-0.01554,,,0.01614,0.00743,0.0087,-0.00965,,,0.59001,0.57988,0.01012,0.00781,0.01161,-0.00381,,,,,-5.64,2.79,-12.66,9.73,,,,,10.0,7.0,11.0,12.0,,,,,0.0,0.0,0.00643,-0.00607,1.05882,51.42857,47.09456,,,-6.21943,13.33333,18.69281,,,4.7619,12.38095,40.40644,40.64764,,,0.02522,0.02493,,,,,,0.15,,,,,,0.602,0.554,0.552,0.542,0.45,0.524,2021-10-14,2021-09-03,2021-06-14,2021-09-15,2021-07-21,2021-05-28,-5.29,11.07,-2.17,23.11,-18.48,5.34,6.0,20.0,8.0,30.0,26.0,10.0,-1.0,1.0,-0.0,1.0,-1.0,1.0,0.625,0.615,0.585,0.595,0.57,0.565,2021-10-15,2021-10-11,2021-10-06,2021-10-13,2021-10-07,2021-10-01,0.025,0.039,0.028,0.02,0.027,0.022,2021-10-20,2021-05-10,2020-12-22,2021-08-23,2021-01-18,2020-11-02,0.023,0.125,0.003,-0.026,0.023,0.002,2021-07-19,2021-04-26,2021-01-14,2021-08-24,2021-07-13,2021-01-22,0.027,0.119,0.034,-0.06,0.016,-0.068,2021-10-20,2021-04-19,2020-12-21,2021-07-29,2021-01-26,2020-10-07,0.035,0.056,0.174,-0.038,0.039,0.016,2021-10-21,2021-07-19,2021-04-21,2021-08-23,2021-06-25,2021-01-25,-0.003,0.026,0.01,-0.004,-0.017,0.01,2021-10-05,2021-08-24,2021-06-28,2021-09-27,2021-07-28,2021-06-25,0.021,0.017,0.001,-0.014,-0.015,-0.033,2021-07-15,2021-05-27,2021-03-29,2021-10-20,2021-06-18,2021-04-26,0.049,0.022,0.002,-0.016,-0.042,-0.043,2021-08-23,2021-06-14,2021-03-29,2021-10-21,2021-07-27,2021-04-27,0.02,0.009,-0.002,-0.01,-0.006,-0.026,2021-08-25,2021-06-09,2021-03-24,2021-10-20,2021-07-27,2021-04-27,6937300.0,3070900.0,3539600.0,-18.91,-20.88,-8.25,0.016,0.017,-0.021,0.016,-0.024,-0.04,0.0,0.006,0.005,-0.0,-0.001,-0.015,0.01611,0.01481,-0.0237,0.01594,-0.02339,-0.03402,53.992,43.473,57.442,35.035,41.274,38.349,73.684,73.035,49.923,50.0,38.367,34.515,57.648,71.826,49.808,55.485,34.257,29.551,2021-10-07,2021-09-10,2021-06-25,2021-09-27,2021-07-13,2021-05-31,27,77,73,76,43,69,2021-09-02,2021-06-08,2021-03-15,2021-07-13,2021-05-17,2020-12-29,2021-10-15,2021-10-11,2021-10-06,2021-10-13,2021-10-07,2021-10-01,2021-10-07,2021-08-30,2021-06-17,2021-09-24,2021-07-12,2021-05-18,,,,,,,,,,Life.BullEnd,Life.BullRetrace,Life.BullStart,Life.Bull,Life.BullRetrace,,
2021-10-26,RL,4.6,12.07,4.25,13.06,2.45,1.91,0,0,0,-,0,0,0,0.56297,,,,,0.57882,0.56137,0.54994,0.53996,0.01819,,,-0.00735,,,0.02472,,,-0.01217,,,0.03355,,,-0.01489,,,0.01536,0.00653,0.00883,-0.00939,,,0.58462,0.57804,0.00658,0.00635,0.01056,-0.00421,,,,,-4.43,2.79,-12.66,9.73,,,,,9.0,7.0,11.0,12.0,,,,,-0.0,-0.02,0.00536,-0.0075,0.71429,41.66667,45.57821,,,-15.98133,0.0,8.88889,0.0,,4.7619,6.19048,40.18234,40.41108,,,0.02521,0.02488,,,,,,0.15,,,,,,0.602,0.554,0.552,0.542,0.45,0.524,2021-10-14,2021-09-03,2021-06-14,2021-09-15,2021-07-21,2021-05-28,-6.48,11.07,-2.17,23.11,-18.48,5.34,7.0,20.0,8.0,30.0,26.0,10.0,-1.0,1.0,-0.0,1.0,-1.0,1.0,0.625,0.615,0.585,0.595,0.57,0.565,2021-10-15,2021-10-11,2021-10-06,2021-10-13,2021-10-07,2021-10-01,0.025,0.039,0.028,0.02,0.027,0.022,2021-10-20,2021-05-10,2020-12-22,2021-08-23,2021-01-18,2020-11-02,0.023,0.125,0.003,-0.026,0.023,0.002,2021-07-19,2021-04-26,2021-01-14,2021-08-24,2021-07-13,2021-01-22,0.027,0.119,0.034,-0.06,0.016,-0.068,2021-10-20,2021-04-19,2020-12-21,2021-07-29,2021-01-26,2020-10-07,0.035,0.056,0.174,-0.038,0.039,0.016,2021-10-21,2021-07-19,2021-04-21,2021-08-23,2021-06-25,2021-01-25,-0.003,0.026,0.01,-0.004,-0.017,0.01,2021-10-05,2021-08-24,2021-06-28,2021-09-27,2021-07-28,2021-06-25,0.021,0.017,0.001,-0.014,-0.015,-0.033,2021-07-15,2021-05-27,2021-03-29,2021-10-20,2021-06-18,2021-04-26,0.049,0.022,0.002,-0.016,-0.042,-0.043,2021-08-23,2021-06-14,2021-03-29,2021-10-21,2021-07-27,2021-04-27,0.02,0.009,-0.002,-0.01,-0.006,-0.026,2021-08-25,2021-06-09,2021-03-24,2021-10-20,2021-07-27,2021-04-27,3070900.0,3539600.0,4810200.0,-20.88,-8.25,-15.7,0.016,0.017,-0.021,0.016,-0.024,-0.04,0.0,0.006,0.005,-0.0,-0.001,-0.015,0.01611,0.01481,-0.0237,0.01594,-0.02339,-0.03402,53.992,43.473,57.442,35.035,41.274,38.349,73.684,73.035,49.923,0.0,50.0,38.367,57.648,71.826,49.808,55.485,34.257,29.551,2021-10-07,2021-09-10,2021-06-25,2021-09-27,2021-07-13,2021-05-31,27,77,73,76,43,69,2021-09-02,2021-06-08,2021-03-15,2021-07-13,2021-05-17,2020-12-29,2021-10-15,2021-10-11,2021-10-06,2021-10-26,2021-10-13,2021-10-07,2021-10-07,2021-08-30,2021-06-17,2021-09-24,2021-07-12,2021-05-18,,,,,,,,,,Life.BullEnd,Life.BullRetrace,Life.BullStart,Life.Bull,Life.BullRetrace,,
2021-10-27,RL,4.6,11.96,4.25,12.94,2.47,1.93,0,0,0,-,0,0,0,0.55675,,,,,0.5766,0.56093,0.54994,0.54006,0.01825,,0.018,-0.00739,-0.007,,0.02383,,,-0.01144,,,0.03275,,,-0.01399,,,0.01449,0.00558,0.00892,-0.00904,,,0.57929,0.57596,0.00333,0.00487,0.00942,-0.00455,,,,,-3.37,2.79,-12.66,9.73,,,,,8.0,7.0,11.0,12.0,,,,,-0.0,-0.005,0.00536,-0.00786,0.68182,40.54054,44.14335,,,-17.10746,10.0,7.77778,,10.0,7.14286,5.55556,39.97756,40.18878,,,0.02483,0.02482,,,,,,,0.15,,,,,0.602,0.554,0.552,0.542,0.45,0.524,2021-10-14,2021-09-03,2021-06-14,2021-09-15,2021-07-21,2021-05-28,-7.52,11.07,-2.17,23.11,-18.48,5.34,8.0,20.0,8.0,30.0,26.0,10.0,-1.0,1.0,-0.0,1.0,-1.0,1.0,0.625,0.615,0.585,0.595,0.57,0.565,2021-10-15,2021-10-11,2021-10-06,2021-10-13,2021-10-07,2021-10-01,0.025,0.039,0.028,0.02,0.027,0.022,2021-10-20,2021-05-10,2020-12-22,2021-08-23,2021-01-18,2020-11-02,0.018,0.023,0.125,-0.026,0.023,0.002,2021-10-27,2021-07-19,2021-04-26,2021-08-24,2021-07-13,2021-01-22,0.027,0.119,0.034,-0.06,0.016,-0.068,2021-10-20,2021-04-19,2020-12-21,2021-07-29,2021-01-26,2020-10-07,0.035,0.056,0.174,-0.038,0.039,0.016,2021-10-21,2021-07-19,2021-04-21,2021-08-23,2021-06-25,2021-01-25,-0.003,0.026,0.01,-0.007,-0.004,-0.017,2021-10-05,2021-08-24,2021-06-28,2021-10-27,2021-09-27,2021-07-28,0.021,0.017,0.001,-0.014,-0.015,-0.033,2021-07-15,2021-05-27,2021-03-29,2021-10-20,2021-06-18,2021-04-26,0.049,0.022,0.002,-0.016,-0.042,-0.043,2021-08-23,2021-06-14,2021-03-29,2021-10-21,2021-07-27,2021-04-27,0.02,0.009,-0.002,-0.01,-0.006,-0.026,2021-08-25,2021-06-09,2021-03-24,2021-10-20,2021-07-27,2021-04-27,3539600.0,4810200.0,3873400.0,-8.25,-15.7,7.03,0.016,0.017,-0.021,0.016,-0.024,-0.04,0.0,0.006,0.005,-0.0,-0.001,-0.015,0.01611,0.01481,-0.0237,0.01594,-0.02339,-0.03402,53.992,43.473,57.442,35.035,41.274,38.349,10.0,73.684,73.035,0.0,50.0,38.367,57.648,71.826,49.808,55.485,34.257,29.551,2021-10-07,2021-09-10,2021-06-25,2021-09-27,2021-07-13,2021-05-31,27,77,73,76,43,69,2021-09-02,2021-06-08,2021-03-15,2021-07-13,2021-05-17,2020-12-29,2021-10-27,2021-10-15,2021-10-11,2021-10-26,2021-10-13,2021-10-07,2021-10-07,2021-08-30,2021-06-17,2021-09-24,2021-07-12,2021-05-18,,,,,,,,,,Life.BullRetrace,Life.BullStart,Life.Bull,Life.BullRetrace,Life.BullEnd,,
2021-10-28,RL,4.6,11.41,4.25,12.35,2.59,2.02,0,0,0,-,0,0,0,0.55165,,,0.525,,0.57263,0.55952,0.54945,0.53991,0.01821,,,-0.00733,,,0.0228,,,-0.0106,,,0.03176,,,-0.01285,,,0.01355,0.00459,0.00897,-0.00862,,,0.57094,0.57219,-0.00125,0.00339,0.00822,-0.00483,,,,,-2.47,2.79,-12.66,9.73,,,,,7.0,7.0,11.0,12.0,,,,,-0.0,-0.025,0.00536,-0.00857,0.625,38.46154,42.84064,,,-19.18646,0.0,3.33333,0.0,,4.7619,5.55556,39.79627,39.98539,,,0.02485,0.02474,,,,,,,0.15,,,,,0.602,0.554,0.552,0.542,0.45,0.524,2021-10-14,2021-09-03,2021-06-14,2021-09-15,2021-07-21,2021-05-28,-8.36,11.07,-2.17,23.11,-18.48,5.34,9.0,20.0,8.0,30.0,26.0,10.0,-1.0,1.0,-0.0,1.0,-1.0,1.0,0.625,0.615,0.585,0.525,0.595,0.57,2021-10-15,2021-10-11,2021-10-06,2021-10-28,2021-10-13,2021-10-07,0.025,0.039,0.028,0.02,0.027,0.022,2021-10-20,2021-05-10,2020-12-22,2021-08-23,2021-01-18,2020-11-02,0.018,0.023,0.125,-0.026,0.023,0.002,2021-10-27,2021-07-19,2021-04-26,2021-08-24,2021-07-13,2021-01-22,0.027,0.119,0.034,-0.06,0.016,-0.068,2021-10-20,2021-04-19,2020-12-21,2021-07-29,2021-01-26,2020-10-07,0.035,0.056,0.174,-0.038,0.039,0.016,2021-10-21,2021-07-19,2021-04-21,2021-08-23,2021-06-25,2021-01-25,-0.003,0.026,0.01,-0.007,-0.004,-0.017,2021-10-05,2021-08-24,2021-06-28,2021-10-27,2021-09-27,2021-07-28,0.021,0.017,0.001,-0.014,-0.015,-0.033,2021-07-15,2021-05-27,2021-03-29,2021-10-20,2021-06-18,2021-04-26,0.049,0.022,0.002,-0.016,-0.042,-0.043,2021-08-23,2021-06-14,2021-03-29,2021-10-21,2021-07-27,2021-04-27,0.02,0.009,-0.002,-0.01,-0.006,-0.026,2021-08-25,2021-06-09,2021-03-24,2021-10-20,2021-07-27,2021-04-27,4810200.0,3873400.0,5605200.0,-15.7,7.03,16.9,0.016,0.017,-0.021,0.016,-0.024,-0.04,0.0,0.006,0.005,-0.0,-0.001,-0.015,0.01611,0.01481,-0.0237,0.01594,-0.02339,-0.03402,53.992,43.473,57.442,35.035,41.274,38.349,10.0,73.684,73.035,0.0,0.0,50.0,57.648,71.826,49.808,55.485,34.257,29.551,2021-10-07,2021-09-10,2021-06-25,2021-09-27,2021-07-13,2021-05-31,27,77,73,76,43,69,2021-09-02,2021-06-08,2021-03-15,2021-07-13,2021-05-17,2020-12-29,2021-10-27,2021-10-15,2021-10-11,2021-10-28,2021-10-26,2021-10-13,2021-10-07,2021-08-30,2021-06-17,2021-09-24,2021-07-12,2021-05-18,,,,,,,,,,Life.BullRetrace,Life.BullStart,Life.Bull,Life.BullRetrace,Life.BullEnd,,
2021-10-29,RL,4.6,11.96,4.25,12.94,2.47,1.93,0,0,0,-,0,0,0,0.54748,,,,0.55,0.57089,0.55914,0.54946,0.54001,0.01807,,,-0.00716,,,0.02165,,,-0.00966,,,0.03063,,,-0.01151,,,0.01256,0.00358,0.00898,-0.00812,,,0.56772,0.57054,-0.00282,0.00194,0.00696,-0.00502,,,,,-1.73,2.79,-12.66,9.73,,,,,6.0,7.0,11.0,12.0,,,,,0.025,0.0,0.00607,-0.00857,0.70833,41.46341,41.71765,,,-16.18459,21.73913,10.57971,,21.739,17.58242,9.82906,39.64211,39.80531,,,0.02521,0.02466,,,,,,,0.15,,,,,0.602,0.554,0.552,0.542,0.45,0.524,2021-10-14,2021-09-03,2021-06-14,2021-09-15,2021-07-21,2021-05-28,-9.06,11.07,-2.17,23.11,-18.48,5.34,10.0,20.0,8.0,30.0,26.0,10.0,-1.0,1.0,-0.0,1.0,-1.0,1.0,0.55,0.625,0.615,0.525,0.595,0.57,2021-10-29,2021-10-15,2021-10-11,2021-10-28,2021-10-13,2021-10-07,0.025,0.039,0.028,0.02,0.027,0.022,2021-10-20,2021-05-10,2020-12-22,2021-08-23,2021-01-18,2020-11-02,0.018,0.023,0.125,-0.026,0.023,0.002,2021-10-27,2021-07-19,2021-04-26,2021-08-24,2021-07-13,2021-01-22,0.027,0.119,0.034,-0.06,0.016,-0.068,2021-10-20,2021-04-19,2020-12-21,2021-07-29,2021-01-26,2020-10-07,0.035,0.056,0.174,-0.038,0.039,0.016,2021-10-21,2021-07-19,2021-04-21,2021-08-23,2021-06-25,2021-01-25,-0.003,0.026,0.01,-0.007,-0.004,-0.017,2021-10-05,2021-08-24,2021-06-28,2021-10-27,2021-09-27,2021-07-28,0.021,0.017,0.001,-0.014,-0.015,-0.033,2021-07-15,2021-05-27,2021-03-29,2021-10-20,2021-06-18,2021-04-26,0.049,0.022,0.002,-0.016,-0.042,-0.043,2021-08-23,2021-06-14,2021-03-29,2021-10-21,2021-07-27,2021-04-27,0.02,0.009,-0.002,-0.01,-0.006,-0.026,2021-08-25,2021-06-09,2021-03-24,2021-10-20,2021-07-27,2021-04-27,3873400.0,5605200.0,2231900.0,7.03,16.9,-18.04,0.016,0.017,-0.021,0.016,-0.024,-0.04,0.0,0.006,0.005,-0.0,-0.001,-0.015,0.01611,0.01481,-0.0237,0.01594,-0.02339,-0.03402,53.992,43.473,57.442,35.035,41.274,38.349,21.739,10.0,73.684,0.0,0.0,50.0,57.648,71.826,49.808,55.485,34.257,29.551,2021-10-07,2021-09-10,2021-06-25,2021-09-27,2021-07-13,2021-05-31,27,77,73,76,43,69,2021-09-02,2021-06-08,2021-03-15,2021-07-13,2021-05-17,2020-12-29,2021-10-29,2021-10-27,2021-10-15,2021-10-28,2021-10-26,2021-10-13,2021-10-07,2021-08-30,2021-06-17,2021-09-24,2021-07-12,2021-05-18,,,,,,,,,,Life.BullRetrace,Life.BullStart,Life.Bull,Life.BullRetrace,Life.BullEnd,,
2021-11-01,RL,4.6,11.74,4.25,12.71,2.52,1.97,0,0,0,-,0,0,0,0.54399,,,0.54,,0.56851,0.55839,0.54927,0.54001,0.01784,,,-0.00689,,,0.02041,,,-0.00868,,,0.02938,,,-0.00997,,,0.01153,0.00257,0.00897,-0.00755,,,0.56346,0.56828,-0.00483,0.00055,0.00568,-0.00513,,,,,-1.1,2.79,-12.66,9.73,,,,,5.0,7.0,11.0,12.0,,,,,-0.0,-0.01,0.00393,-0.00929,0.42308,29.72973,40.80298,,,-27.91827,13.04348,11.5942,13.043,,21.91142,14.75191,39.52101,39.65313,,,0.0252,0.02457,,,,,,,0.15,,,,,0.602,0.554,0.552,0.542,0.45,0.524,2021-10-14,2021-09-03,2021-06-14,2021-09-15,2021-07-21,2021-05-28,-9.64,11.07,-2.17,23.11,-18.48,5.34,11.0,20.0,8.0,30.0,26.0,10.0,-1.0,1.0,-0.0,1.0,-1.0,1.0,0.55,0.625,0.615,0.54,0.525,0.595,2021-10-29,2021-10-15,2021-10-11,2021-11-01,2021-10-28,2021-10-13,0.025,0.039,0.028,0.02,0.027,0.022,2021-10-20,2021-05-10,2020-12-22,2021-08-23,2021-01-18,2020-11-02,0.018,0.023,0.125,-0.026,0.023,0.002,2021-10-27,2021-07-19,2021-04-26,2021-08-24,2021-07-13,2021-01-22,0.027,0.119,0.034,-0.06,0.016,-0.068,2021-10-20,2021-04-19,2020-12-21,2021-07-29,2021-01-26,2020-10-07,0.035,0.056,0.174,-0.038,0.039,0.016,2021-10-21,2021-07-19,2021-04-21,2021-08-23,2021-06-25,2021-01-25,-0.003,0.026,0.01,-0.007,-0.004,-0.017,2021-10-05,2021-08-24,2021-06-28,2021-10-27,2021-09-27,2021-07-28,0.021,0.017,0.001,-0.014,-0.015,-0.033,2021-07-15,2021-05-27,2021-03-29,2021-10-20,2021-06-18,2021-04-26,0.049,0.022,0.002,-0.016,-0.042,-0.043,2021-08-23,2021-06-14,2021-03-29,2021-10-21,2021-07-27,2021-04-27,0.02,0.009,-0.002,-0.01,-0.006,-0.026,2021-08-25,2021-06-09,2021-03-24,2021-10-20,2021-07-27,2021-04-27,5605200.0,2231900.0,1799800.0,16.9,-18.04,-17.71,0.016,0.017,-0.021,0.016,-0.024,-0.04,0.0,0.006,0.005,-0.0,-0.001,-0.015,0.01611,0.01481,-0.0237,0.01594,-0.02339,-0.03402,53.992,43.473,57.442,35.035,41.274,38.349,21.739,10.0,73.684,13.043,0.0,0.0,57.648,71.826,49.808,55.485,34.257,29.551,2021-10-07,2021-09-10,2021-06-25,2021-09-27,2021-07-13,2021-05-31,27,77,73,76,43,69,2021-09-02,2021-06-08,2021-03-15,2021-07-13,2021-05-17,2020-12-29,2021-10-29,2021-10-27,2021-10-15,2021-11-01,2021-10-28,2021-10-26,2021-10-07,2021-08-30,2021-06-17,2021-09-24,2021-07-12,2021-05-18,,,,,,,,,,Life.BullRetrace,Life.BullStart,Life.Bull,Life.BullRetrace,Life.BullEnd,,
2021-11-02,RL,4.6,12.07,4.25,13.06,2.45,1.91,0,0,0,-,0,0,0,0.54107,,,,0.555,0.56747,0.55826,0.54939,0.54016,0.01754,,,-0.00653,,,0.01911,,,-0.00768,,,0.02804,,,-0.00829,,,0.01049,0.00157,0.00892,-0.00693,,,0.56215,0.5673,-0.00514,-0.00075,0.00439,-0.00515,,,-0.005,,-0.57,2.79,-12.66,9.73,,,,,4.0,7.0,11.0,12.0,,,,,0.015,0.0,0.005,-0.00821,0.6087,37.83784,40.11214,,,-19.81016,26.08696,20.28986,,26.087,50.48285,29.99223,39.4398,39.5343,,,0.02483,0.02447,,,,,,,0.15,,,,,0.602,0.554,0.552,0.542,0.45,0.524,2021-10-14,2021-09-03,2021-06-14,2021-09-15,2021-07-21,2021-05-28,-10.12,11.07,-2.17,23.11,-18.48,5.34,12.0,20.0,8.0,30.0,26.0,10.0,-1.0,1.0,-0.0,1.0,-1.0,1.0,0.555,0.55,0.625,0.54,0.525,0.595,2021-11-02,2021-10-29,2021-10-15,2021-11-01,2021-10-28,2021-10-13,0.025,0.039,0.028,0.02,0.027,0.022,2021-10-20,2021-05-10,2020-12-22,2021-08-23,2021-01-18,2020-11-02,0.018,0.023,0.125,-0.026,0.023,0.002,2021-10-27,2021-07-19,2021-04-26,2021-08-24,2021-07-13,2021-01-22,0.027,0.119,0.034,-0.06,0.016,-0.068,2021-10-20,2021-04-19,2020-12-21,2021-07-29,2021-01-26,2020-10-07,0.035,0.056,0.174,-0.038,0.039,0.016,2021-10-21,2021-07-19,2021-04-21,2021-08-23,2021-06-25,2021-01-25,-0.003,0.026,0.01,-0.007,-0.004,-0.017,2021-10-05,2021-08-24,2021-06-28,2021-10-27,2021-09-27,2021-07-28,0.021,0.017,0.001,-0.014,-0.015,-0.033,2021-07-15,2021-05-27,2021-03-29,2021-10-20,2021-06-18,2021-04-26,0.049,0.022,0.002,-0.016,-0.042,-0.043,2021-08-23,2021-06-14,2021-03-29,2021-10-21,2021-07-27,2021-04-27,0.02,0.009,-0.002,-0.01,-0.006,-0.026,2021-08-25,2021-06-09,2021-03-24,2021-10-20,2021-07-27,2021-04-27,2231900.0,1799800.0,1236500.0,-18.04,-17.71,-45.33,0.016,0.017,-0.021,0.016,-0.024,-0.04,0.0,0.006,0.005,-0.005,-0.0,-0.001,0.01611,0.01481,-0.0237,0.01594,-0.02339,-0.03402,53.992,43.473,57.442,35.035,41.274,38.349,26.087,21.739,10.0,13.043,0.0,0.0,57.648,71.826,49.808,55.485,34.257,29.551,2021-10-07,2021-09-10,2021-06-25,2021-09-27,2021-07-13,2021-05-31,27,77,73,76,43,69,2021-09-02,2021-06-08,2021-03-15,2021-07-13,2021-05-17,2020-12-29,2021-11-02,2021-10-29,2021-10-27,2021-11-01,2021-10-28,2021-10-26,2021-10-07,2021-08-30,2021-06-17,2021-09-24,2021-07-12,2021-05-18,,,,,,,,,,Life.BullRetrace,Life.BullStart,Life.Bull,Life.BullRetrace,Life.BullEnd,,
2021-11-03,RL,4.6,11.85,4.25,12.82,2.5,1.95,0,0,0,-,0,0,0,0.5389,,,,,0.56575,0.55774,0.5493,0.54021,0.01719,,,-0.0061,,,0.01778,,,-0.00669,,,0.02664,,,-0.00649,,,0.00945,0.00059,0.00886,-0.00625,,,0.55952,0.56565,-0.00613,-0.00194,0.00312,-0.00507,,,,,-0.17,2.79,-12.66,9.73,,,,,3.0,7.0,11.0,12.0,,,,,-0.0,-0.01,0.005,-0.00857,0.58333,36.84211,39.65893,,,-20.80589,17.3913,18.84058,,,56.70996,43.03474,39.40272,39.45451,39.403,,0.02484,0.02437,,,,,,,0.15,,,,,0.602,0.554,0.552,0.542,0.45,0.524,2021-10-14,2021-09-03,2021-06-14,2021-09-15,2021-07-21,2021-05-28,-10.48,11.07,-2.17,23.11,-18.48,5.34,13.0,20.0,8.0,30.0,26.0,10.0,-1.0,1.0,-0.0,1.0,-1.0,1.0,0.555,0.55,0.625,0.54,0.525,0.595,2021-11-02,2021-10-29,2021-10-15,2021-11-01,2021-10-28,2021-10-13,0.025,0.039,0.028,0.02,0.027,0.022,2021-10-20,2021-05-10,2020-12-22,2021-08-23,2021-01-18,2020-11-02,0.018,0.023,0.125,-0.026,0.023,0.002,2021-10-27,2021-07-19,2021-04-26,2021-08-24,2021-07-13,2021-01-22,0.027,0.119,0.034,-0.06,0.016,-0.068,2021-10-20,2021-04-19,2020-12-21,2021-07-29,2021-01-26,2020-10-07,0.035,0.056,0.174,-0.038,0.039,0.016,2021-10-21,2021-07-19,2021-04-21,2021-08-23,2021-06-25,2021-01-25,-0.003,0.026,0.01,-0.007,-0.004,-0.017,2021-10-05,2021-08-24,2021-06-28,2021-10-27,2021-09-27,2021-07-28,0.021,0.017,0.001,-0.014,-0.015,-0.033,2021-07-15,2021-05-27,2021-03-29,2021-10-20,2021-06-18,2021-04-26,0.049,0.022,0.002,-0.016,-0.042,-0.043,2021-08-23,2021-06-14,2021-03-29,2021-10-21,2021-07-27,2021-04-27,0.02,0.009,-0.002,-0.01,-0.006,-0.026,2021-08-25,2021-06-09,2021-03-24,2021-10-20,2021-07-27,2021-04-27,1799800.0,1236500.0,2556600.0,-17.71,-45.33,6.16,0.016,0.017,-0.021,0.016,-0.024,-0.04,0.0,0.006,0.005,-0.005,-0.0,-0.001,0.01611,0.01481,-0.0237,0.01594,-0.02339,-0.03402,53.992,43.473,57.442,39.403,35.035,41.274,26.087,21.739,10.0,13.043,0.0,0.0,57.648,71.826,49.808,55.485,34.257,29.551,2021-10-07,2021-09-10,2021-06-25,2021-09-27,2021-07-13,2021-05-31,27,77,73,76,43,69,2021-09-02,2021-06-08,2021-03-15,2021-11-03,2021-07-13,2021-05-17,2021-11-02,2021-10-29,2021-10-27,2021-11-01,2021-10-28,2021-10-26,2021-10-07,2021-08-30,2021-06-17,2021-09-24,2021-07-12,2021-05-18,-2556600.0,,,,,,,,n2p,Life.BullRetrace,Life.BullStart,Life.Bull,Life.BullRetrace,Life.BullEnd,,
2021-11-05,RL,4.6,11.74,4.25,12.71,2.52,1.97,0,0,0,-,0,0,0,0.53768,,,,,0.56376,0.55705,0.54911,0.5402,0.01679,,,-0.00559,,,0.01645,,,-0.00575,,,0.02522,,,-0.00462,,,0.00843,-0.00034,0.00877,-0.00555,,,0.55651,0.56375,-0.00723,-0.003,0.0019,-0.0049,,,,,0.06,2.79,-12.66,9.73,,,,,1.0,7.0,11.0,12.0,,,,,-0.0,-0.005,0.00357,-0.00893,0.4,28.57143,39.442,,,-29.07657,13.04348,18.84058,,,58.73016,55.30766,39.41064,39.41772,,,0.02414,0.02426,,,,,,,0.15,,,,,0.602,0.554,0.552,0.542,0.45,0.524,2021-10-14,2021-09-03,2021-06-14,2021-09-15,2021-07-21,2021-05-28,-10.68,11.07,-2.17,23.11,-18.48,5.34,14.0,20.0,8.0,30.0,26.0,10.0,-1.0,1.0,-0.0,1.0,-1.0,1.0,0.555,0.55,0.625,0.54,0.525,0.595,2021-11-02,2021-10-29,2021-10-15,2021-11-01,2021-10-28,2021-10-13,0.025,0.039,0.028,0.02,0.027,0.022,2021-10-20,2021-05-10,2020-12-22,2021-08-23,2021-01-18,2020-11-02,0.018,0.023,0.125,-0.026,0.023,0.002,2021-10-27,2021-07-19,2021-04-26,2021-08-24,2021-07-13,2021-01-22,0.027,0.119,0.034,-0.06,0.016,-0.068,2021-10-20,2021-04-19,2020-12-21,2021-07-29,2021-01-26,2020-10-07,0.035,0.056,0.174,-0.038,0.039,0.016,2021-10-21,2021-07-19,2021-04-21,2021-08-23,2021-06-25,2021-01-25,-0.003,0.026,0.01,-0.007,-0.004,-0.017,2021-10-05,2021-08-24,2021-06-28,2021-10-27,2021-09-27,2021-07-28,0.021,0.017,0.001,-0.014,-0.015,-0.033,2021-07-15,2021-05-27,2021-03-29,2021-10-20,2021-06-18,2021-04-26,0.049,0.022,0.002,-0.016,-0.042,-0.043,2021-08-23,2021-06-14,2021-03-29,2021-10-21,2021-07-27,2021-04-27,0.02,0.009,-0.002,-0.01,-0.006,-0.026,2021-08-25,2021-06-09,2021-03-24,2021-10-20,2021-07-27,2021-04-27,1236500.0,2556600.0,1943300.0,-45.33,6.16,2.57,0.016,0.017,-0.021,0.016,-0.024,-0.04,0.0,0.006,0.005,-0.005,-0.0,-0.001,0.01611,0.01481,-0.0237,0.01594,-0.02339,-0.03402,53.992,43.473,57.442,39.403,35.035,41.274,26.087,21.739,10.0,13.043,0.0,0.0,57.648,71.826,49.808,55.485,34.257,29.551,2021-10-07,2021-09-10,2021-06-25,2021-09-27,2021-07-13,2021-05-31,27,77,73,76,43,69,2021-09-02,2021-06-08,2021-03-15,2021-11-03,2021-07-13,2021-05-17,2021-11-02,2021-10-29,2021-10-27,2021-11-01,2021-10-28,2021-10-26,2021-10-07,2021-08-30,2021-06-17,2021-09-24,2021-07-12,2021-05-18,,,,,,,,n2p,,Life.BullRetrace,Life.BullStart,Life.Bull,Life.BullRetrace,Life.BullEnd,,
2021-11-08,RL,4.6,11.52,4.25,12.47,2.57,2.0,0,0,0,-,0,0,0,0.53753,0.538,,,,0.56117,0.55598,0.54874,0.5401,0.01635,,,-0.00504,,,0.01514,,,-0.00487,,,0.02381,,,-0.00273,,,0.00745,-0.00122,0.00867,-0.00482,,,0.55243,0.56125,-0.00881,-0.00393,0.00073,-0.00466,,,,,2.88,-12.66,9.73,,,,,,7.0,11.0,12.0,,,,,,-0.0,-0.01,0.00286,-0.00964,0.2963,22.85714,39.43886,39.439,,-34.79086,4.34783,11.5942,4.348,,30.15873,48.53295,39.46357,39.42564,,,0.02348,0.02415,,,,,,,0.15,,,,,0.602,0.554,0.552,0.538,0.542,0.45,2021-10-14,2021-09-03,2021-06-14,2021-11-08,2021-09-15,2021-07-21,0.0,-10.63,11.07,-2.17,23.11,-18.48,0.0,15.0,20.0,8.0,30.0,26.0,0.0,-1.0,1.0,-0.0,1.0,-1.0,0.555,0.55,0.625,0.54,0.525,0.595,2021-11-02,2021-10-29,2021-10-15,2021-11-01,2021-10-28,2021-10-13,0.025,0.039,0.028,0.02,0.027,0.022,2021-10-20,2021-05-10,2020-12-22,2021-08-23,2021-01-18,2020-11-02,0.018,0.023,0.125,-0.026,0.023,0.002,2021-10-27,2021-07-19,2021-04-26,2021-08-24,2021-07-13,2021-01-22,0.027,0.119,0.034,-0.06,0.016,-0.068,2021-10-20,2021-04-19,2020-12-21,2021-07-29,2021-01-26,2020-10-07,0.035,0.056,0.174,-0.038,0.039,0.016,2021-10-21,2021-07-19,2021-04-21,2021-08-23,2021-06-25,2021-01-25,-0.003,0.026,0.01,-0.007,-0.004,-0.017,2021-10-05,2021-08-24,2021-06-28,2021-10-27,2021-09-27,2021-07-28,0.021,0.017,0.001,-0.014,-0.015,-0.033,2021-07-15,2021-05-27,2021-03-29,2021-10-20,2021-06-18,2021-04-26,0.049,0.022,0.002,-0.016,-0.042,-0.043,2021-08-23,2021-06-14,2021-03-29,2021-10-21,2021-07-27,2021-04-27,0.02,0.009,-0.002,-0.01,-0.006,-0.026,2021-08-25,2021-06-09,2021-03-24,2021-10-20,2021-07-27,2021-04-27,2556600.0,1943300.0,1935400.0,6.16,2.57,12.18,0.016,0.017,-0.021,0.016,-0.024,-0.04,0.0,0.006,0.005,-0.005,-0.0,-0.001,0.01611,0.01481,-0.0237,0.01594,-0.02339,-0.03402,53.992,43.473,57.442,39.403,35.035,41.274,26.087,21.739,10.0,4.348,13.043,0.0,57.648,71.826,49.808,39.439,55.485,34.257,2021-10-07,2021-09-10,2021-06-25,2021-09-27,2021-07-13,2021-05-31,27,77,73,76,43,69,2021-09-02,2021-06-08,2021-03-15,2021-11-03,2021-07-13,2021-05-17,2021-11-02,2021-10-29,2021-10-27,2021-11-08,2021-11-01,2021-10-28,2021-10-07,2021-08-30,2021-06-17,2021-11-08,2021-09-24,2021-07-12,,,,,,,n2p,,,Life.BullRetrace,Life.BullStart,Life.Bull,Life.BullRetrace,Life.BullEnd,,
2021-11-09,RL,4.6,11.2,4.25,12.12,2.64,2.06,0,0,0,-,1,0,0,0.53841,,,0.515,,0.55762,0.55438,0.54807,0.53985,0.01589,,,-0.00445,,,0.01387,,,-0.00409,,,0.02242,,,-0.00087,,,0.00653,-0.00203,0.00855,-0.00408,,,0.54668,0.55782,-0.01115,-0.00472,-0.00036,-0.00436,,,,,2.71,-12.66,9.73,,,,,,6.0,11.0,12.0,,,,,,-0.0,-0.015,0.00286,-0.01,0.28571,22.22222,39.61856,,,-17.21678,4.54545,7.31225,,,14.44444,34.44444,39.5616,39.4786,,,0.02359,0.02403,,,,,,,0.15,,,,,0.602,0.554,0.552,0.538,0.542,0.45,2021-10-14,2021-09-03,2021-06-14,2021-11-08,2021-09-15,2021-07-21,0.08,-10.63,11.07,-2.17,23.11,-18.48,1.0,15.0,20.0,8.0,30.0,26.0,0.0,-1.0,1.0,-0.0,1.0,-1.0,0.555,0.55,0.625,0.515,0.54,0.525,2021-11-02,2021-10-29,2021-10-15,2021-11-09,2021-11-01,2021-10-28,0.025,0.039,0.028,0.02,0.027,0.022,2021-10-20,2021-05-10,2020-12-22,2021-08-23,2021-01-18,2020-11-02,0.018,0.023,0.125,-0.026,0.023,0.002,2021-10-27,2021-07-19,2021-04-26,2021-08-24,2021-07-13,2021-01-22,0.027,0.119,0.034,-0.06,0.016,-0.068,2021-10-20,2021-04-19,2020-12-21,2021-07-29,2021-01-26,2020-10-07,0.035,0.056,0.174,-0.038,0.039,0.016,2021-10-21,2021-07-19,2021-04-21,2021-08-23,2021-06-25,2021-01-25,-0.003,0.026,0.01,-0.007,-0.004,-0.017,2021-10-05,2021-08-24,2021-06-28,2021-10-27,2021-09-27,2021-07-28,0.021,0.017,0.001,-0.014,-0.015,-0.033,2021-07-15,2021-05-27,2021-03-29,2021-10-20,2021-06-18,2021-04-26,0.049,0.022,0.002,-0.016,-0.042,-0.043,2021-08-23,2021-06-14,2021-03-29,2021-10-21,2021-07-27,2021-04-27,0.02,0.009,-0.002,-0.01,-0.006,-0.026,2021-08-25,2021-06-09,2021-03-24,2021-10-20,2021-07-27,2021-04-27,1943300.0,1935400.0,3500600.0,2.57,12.18,14.67,0.016,0.017,-0.021,0.016,-0.024,-0.04,0.0,0.006,0.005,-0.005,-0.0,-0.001,0.01611,0.01481,-0.0237,0.01594,-0.02339,-0.03402,53.992,43.473,57.442,39.403,35.035,41.274,26.087,21.739,10.0,4.348,13.043,0.0,57.648,71.826,49.808,39.439,55.485,34.257,2021-10-07,2021-09-10,2021-06-25,2021-09-27,2021-07-13,2021-05-31,27,77,73,76,43,69,2021-09-02,2021-06-08,2021-03-15,2021-11-03,2021-07-13,2021-05-17,2021-11-02,2021-10-29,2021-10-27,2021-11-08,2021-11-01,2021-10-28,2021-10-07,2021-08-30,2021-06-17,2021-11-08,2021-09-24,2021-07-12,,,,,,n2p,,,,Life.BullRetrace,Life.BullStart,Life.Bull,Life.BullRetrace,Life.BullEnd,,
2021-11-10,RL,4.6,11.41,4.25,12.35,2.59,2.02,0,0,0,-,0,0,0,0.54033,,,,,0.55511,0.55323,0.54761,0.5397,0.01541,,,-0.00385,,,0.01264,,,-0.00341,,,0.02109,,,0.00092,,,0.00568,-0.00277,0.00844,-0.00334,,,0.54334,0.55539,-0.01205,-0.00539,-0.00136,-0.00403,,,,,2.34,-12.66,9.73,,,,,,5.0,11.0,12.0,,,,,,0.01,0.0,0.00357,-0.00893,0.4,28.57143,39.94675,,,-10.86757,15.0,7.96443,,,13.33333,19.31217,39.70439,39.57652,,,0.02298,0.02392,,,,,,,0.15,,,,,0.602,0.554,0.552,0.538,0.542,0.45,2021-10-14,2021-09-03,2021-06-14,2021-11-08,2021-09-15,2021-07-21,0.43,-10.63,11.07,-2.17,23.11,-18.48,2.0,15.0,20.0,8.0,30.0,26.0,0.0,-1.0,1.0,-0.0,1.0,-1.0,0.555,0.55,0.625,0.515,0.54,0.525,2021-11-02,2021-10-29,2021-10-15,2021-11-09,2021-11-01,2021-10-28,0.025,0.039,0.028,0.02,0.027,0.022,2021-10-20,2021-05-10,2020-12-22,2021-08-23,2021-01-18,2020-11-02,0.018,0.023,0.125,-0.026,0.023,0.002,2021-10-27,2021-07-19,2021-04-26,2021-08-24,2021-07-13,2021-01-22,0.027,0.119,0.034,-0.06,0.016,-0.068,2021-10-20,2021-04-19,2020-12-21,2021-07-29,2021-01-26,2020-10-07,0.035,0.056,0.174,-0.038,0.039,0.016,2021-10-21,2021-07-19,2021-04-21,2021-08-23,2021-06-25,2021-01-25,-0.003,0.026,0.01,-0.007,-0.004,-0.017,2021-10-05,2021-08-24,2021-06-28,2021-10-27,2021-09-27,2021-07-28,0.021,0.017,0.001,-0.014,-0.015,-0.033,2021-07-15,2021-05-27,2021-03-29,2021-10-20,2021-06-18,2021-04-26,0.049,0.022,0.002,-0.016,-0.042,-0.043,2021-08-23,2021-06-14,2021-03-29,2021-10-21,2021-07-27,2021-04-27,0.02,0.009,-0.002,-0.01,-0.006,-0.026,2021-08-25,2021-06-09,2021-03-24,2021-10-20,2021-07-27,2021-04-27,1935400.0,3500600.0,1280800.0,12.18,14.67,-8.98,0.016,0.017,-0.021,0.016,-0.024,-0.04,0.0,0.006,0.005,-0.005,-0.0,-0.001,0.01611,0.01481,-0.0237,0.01594,-0.02339,-0.03402,53.992,43.473,57.442,39.403,35.035,41.274,26.087,21.739,10.0,4.348,13.043,0.0,57.648,71.826,49.808,39.439,55.485,34.257,2021-10-07,2021-09-10,2021-06-25,2021-09-27,2021-07-13,2021-05-31,27,77,73,76,43,69,2021-09-02,2021-06-08,2021-03-15,2021-11-03,2021-07-13,2021-05-17,2021-11-02,2021-10-29,2021-10-27,2021-11-08,2021-11-01,2021-10-28,2021-10-07,2021-08-30,2021-06-17,2021-11-08,2021-09-24,2021-07-12,,,,,n2p,,,,,Life.BullRetrace,Life.BullStart,Life.Bull,Life.BullRetrace,Life.BullEnd,,
2021-11-11,RL,4.6,11.41,4.25,12.35,2.59,2.02,0,0,0,-,0,0,0,0.54322,,,,,0.55279,0.55212,0.54716,0.53956,0.01491,,,-0.00325,,,0.01146,,,-0.00285,,,0.01983,,,0.00258,,,0.00492,-0.00345,0.00837,-0.00262,,,0.54052,0.55314,-0.01262,-0.00596,-0.00228,-0.00368,,,,,1.8,-12.66,9.73,,,,,,4.0,11.0,12.0,,,,,,0.0,0.0,0.00357,-0.0075,0.47619,32.25806,40.3778,,,-7.18094,18.75,12.76515,,,25.83333,17.87037,39.89269,39.71915,,,0.02169,0.0238,,,,,,,0.15,,,,,0.602,0.554,0.552,0.538,0.542,0.45,2021-10-14,2021-09-03,2021-06-14,2021-11-08,2021-09-15,2021-07-21,0.97,-10.63,11.07,-2.17,23.11,-18.48,3.0,15.0,20.0,8.0,30.0,26.0,0.0,-1.0,1.0,-0.0,1.0,-1.0,0.555,0.55,0.625,0.515,0.54,0.525,2021-11-02,2021-10-29,2021-10-15,2021-11-09,2021-11-01,2021-10-28,0.025,0.039,0.028,0.02,0.027,0.022,2021-10-20,2021-05-10,2020-12-22,2021-08-23,2021-01-18,2020-11-02,0.018,0.023,0.125,-0.026,0.023,0.002,2021-10-27,2021-07-19,2021-04-26,2021-08-24,2021-07-13,2021-01-22,0.027,0.119,0.034,-0.06,0.016,-0.068,2021-10-20,2021-04-19,2020-12-21,2021-07-29,2021-01-26,2020-10-07,0.035,0.056,0.174,-0.038,0.039,0.016,2021-10-21,2021-07-19,2021-04-21,2021-08-23,2021-06-25,2021-01-25,-0.003,0.026,0.01,-0.007,-0.004,-0.017,2021-10-05,2021-08-24,2021-06-28,2021-10-27,2021-09-27,2021-07-28,0.021,0.017,0.001,-0.014,-0.015,-0.033,2021-07-15,2021-05-27,2021-03-29,2021-10-20,2021-06-18,2021-04-26,0.049,0.022,0.002,-0.016,-0.042,-0.043,2021-08-23,2021-06-14,2021-03-29,2021-10-21,2021-07-27,2021-04-27,0.02,0.009,-0.002,-0.01,-0.006,-0.026,2021-08-25,2021-06-09,2021-03-24,2021-10-20,2021-07-27,2021-04-27,3500600.0,1280800.0,935000.0,14.67,-8.98,-14.89,0.016,0.017,-0.021,0.016,-0.024,-0.04,0.0,0.006,0.005,-0.005,-0.0,-0.001,0.01611,0.01481,-0.0237,0.01594,-0.02339,-0.03402,53.992,43.473,57.442,39.403,35.035,41.274,26.087,21.739,10.0,4.348,13.043,0.0,57.648,71.826,49.808,39.439,55.485,34.257,2021-10-07,2021-09-10,2021-06-25,2021-09-27,2021-07-13,2021-05-31,27,77,73,76,43,69,2021-09-02,2021-06-08,2021-03-15,2021-11-03,2021-07-13,2021-05-17,2021-11-02,2021-10-29,2021-10-27,2021-11-08,2021-11-01,2021-10-28,2021-10-07,2021-08-30,2021-06-17,2021-11-08,2021-09-24,2021-07-12,,,,,,,,,,Life.BullRetrace,Life.BullStart,Life.Bull,Life.BullRetrace,Life.BullEnd,,
2021-11-12,RL,4.6,12.17,4.25,13.18,2.43,1.9,0,0,0,-,0,0,0,0.54664,,,,,0.55335,0.55243,0.54742,0.53976,0.0144,,,-0.00266,,,0.01032,,,-0.00239,,,0.01867,,,0.00409,,,0.00427,-0.00409,0.00835,-0.00192,,,0.54352,0.55365,-0.01013,-0.00646,-0.00312,-0.00334,,,,,1.16,-12.66,9.73,,,,,,3.0,11.0,12.0,,,,,,0.035,0.0,0.00607,-0.00714,0.85,45.94595,40.85952,,,6.50695,62.5,32.08333,,,50.27778,29.81481,40.12942,39.9075,,,0.02372,0.02369,,,,,,,0.15,,,,,0.602,0.554,0.552,0.538,0.542,0.45,2021-10-14,2021-09-03,2021-06-14,2021-11-08,2021-09-15,2021-07-21,1.61,-10.63,11.07,-2.17,23.11,-18.48,4.0,15.0,20.0,8.0,30.0,26.0,0.0,-1.0,1.0,-0.0,1.0,-1.0,0.555,0.55,0.625,0.515,0.54,0.525,2021-11-02,2021-10-29,2021-10-15,2021-11-09,2021-11-01,2021-10-28,0.025,0.039,0.028,0.02,0.027,0.022,2021-10-20,2021-05-10,2020-12-22,2021-08-23,2021-01-18,2020-11-02,0.018,0.023,0.125,-0.026,0.023,0.002,2021-10-27,2021-07-19,2021-04-26,2021-08-24,2021-07-13,2021-01-22,0.027,0.119,0.034,-0.06,0.016,-0.068,2021-10-20,2021-04-19,2020-12-21,2021-07-29,2021-01-26,2020-10-07,0.035,0.056,0.174,-0.038,0.039,0.016,2021-10-21,2021-07-19,2021-04-21,2021-08-23,2021-06-25,2021-01-25,-0.003,0.026,0.01,-0.007,-0.004,-0.017,2021-10-05,2021-08-24,2021-06-28,2021-10-27,2021-09-27,2021-07-28,0.021,0.017,0.001,-0.014,-0.015,-0.033,2021-07-15,2021-05-27,2021-03-29,2021-10-20,2021-06-18,2021-04-26,0.049,0.022,0.002,-0.016,-0.042,-0.043,2021-08-23,2021-06-14,2021-03-29,2021-10-21,2021-07-27,2021-04-27,0.02,0.009,-0.002,-0.01,-0.006,-0.026,2021-08-25,2021-06-09,2021-03-24,2021-10-20,2021-07-27,2021-04-27,1280800.0,935000.0,5436800.0,-8.98,-14.89,33.87,0.016,0.017,-0.021,0.016,-0.024,-0.04,0.0,0.006,0.005,-0.005,-0.0,-0.001,0.01611,0.01481,-0.0237,0.01594,-0.02339,-0.03402,53.992,43.473,57.442,39.403,35.035,41.274,26.087,21.739,10.0,4.348,13.043,0.0,57.648,71.826,49.808,39.439,55.485,34.257,2021-10-07,2021-09-10,2021-06-25,2021-09-27,2021-07-13,2021-05-31,27,77,73,76,43,69,2021-09-02,2021-06-08,2021-03-15,2021-11-03,2021-07-13,2021-05-17,2021-11-02,2021-10-29,2021-10-27,2021-11-08,2021-11-01,2021-10-28,2021-10-07,2021-08-30,2021-06-17,2021-11-08,2021-09-24,2021-07-12,5436800.0,,,,,,,,n2p,Life.BullRetrace,Life.BullStart,Life.Bull,Life.BullRetrace,Life.BullEnd,,
2021-11-15,RL,4.6,12.17,4.25,13.18,2.43,1.9,0,0,0,-,0,0,0,0.54993,,,,,0.55386,0.55272,0.54767,0.53996,0.01388,,,-0.0021,,,0.00919,,,-0.00202,,,0.01763,,,0.0054,,,0.00375,-0.0047,0.00844,-0.00125,,,0.54605,0.55412,-0.00807,-0.0069,-0.00388,-0.00302,,,,,0.56,-12.66,9.73,,,,,,2.0,11.0,12.0,,,,,,0.0,0.0,0.00607,-0.00714,0.85,45.94595,41.34231,,,6.50695,71.42857,50.89286,,,68.05556,48.05556,40.41894,40.14493,,,0.02274,0.02357,,,,,,,0.15,,,,,0.602,0.554,0.552,0.538,0.542,0.45,2021-10-14,2021-09-03,2021-06-14,2021-11-08,2021-09-15,2021-07-21,2.22,-10.63,11.07,-2.17,23.11,-18.48,5.0,15.0,20.0,8.0,30.0,26.0,0.0,-1.0,1.0,-0.0,1.0,-1.0,0.555,0.55,0.625,0.515,0.54,0.525,2021-11-02,2021-10-29,2021-10-15,2021-11-09,2021-11-01,2021-10-28,0.025,0.039,0.028,0.02,0.027,0.022,2021-10-20,2021-05-10,2020-12-22,2021-08-23,2021-01-18,2020-11-02,0.018,0.023,0.125,-0.026,0.023,0.002,2021-10-27,2021-07-19,2021-04-26,2021-08-24,2021-07-13,2021-01-22,0.027,0.119,0.034,-0.06,0.016,-0.068,2021-10-20,2021-04-19,2020-12-21,2021-07-29,2021-01-26,2020-10-07,0.035,0.056,0.174,-0.038,0.039,0.016,2021-10-21,2021-07-19,2021-04-21,2021-08-23,2021-06-25,2021-01-25,-0.003,0.026,0.01,-0.007,-0.004,-0.017,2021-10-05,2021-08-24,2021-06-28,2021-10-27,2021-09-27,2021-07-28,0.021,0.017,0.001,-0.014,-0.015,-0.033,2021-07-15,2021-05-27,2021-03-29,2021-10-20,2021-06-18,2021-04-26,0.049,0.022,0.002,-0.016,-0.042,-0.043,2021-08-23,2021-06-14,2021-03-29,2021-10-21,2021-07-27,2021-04-27,0.02,0.009,-0.002,-0.01,-0.006,-0.026,2021-08-25,2021-06-09,2021-03-24,2021-10-20,2021-07-27,2021-04-27,935000.0,5436800.0,1818100.0,-14.89,33.87,7.02,0.016,0.017,-0.021,0.016,-0.024,-0.04,0.0,0.006,0.005,-0.005,-0.0,-0.001,0.01611,0.01481,-0.0237,0.01594,-0.02339,-0.03402,53.992,43.473,57.442,39.403,35.035,41.274,26.087,21.739,10.0,4.348,13.043,0.0,57.648,71.826,49.808,39.439,55.485,34.257,2021-10-07,2021-09-10,2021-06-25,2021-09-27,2021-07-13,2021-05-31,27,77,73,76,43,69,2021-09-02,2021-06-08,2021-03-15,2021-11-03,2021-07-13,2021-05-17,2021-11-02,2021-10-29,2021-10-27,2021-11-08,2021-11-01,2021-10-28,2021-10-07,2021-08-30,2021-06-17,2021-11-08,2021-09-24,2021-07-12,,,,,,,,n2p,,Life.BullRetrace,Life.BullStart,Life.Bull,Life.BullRetrace,Life.BullEnd,,
2021-11-16,RL,4.6,12.39,4.25,13.41,2.39,1.86,0,0,0,-,0,0,0,0.5524,,,,0.57,0.5551,0.5534,0.54811,0.54026,0.01336,,,-0.00156,,,0.00806,,,-0.00173,,,0.01672,,,0.00649,,,0.00336,-0.0053,0.00866,-0.00063,,,0.54974,0.55529,-0.00556,-0.00732,-0.00456,-0.00276,,,,,0.11,-12.66,9.73,,,,,,1.0,11.0,12.0,,,,,,0.01,0.0,0.00679,-0.00571,1.1875,54.28571,41.78002,,,14.84671,85.71429,73.21429,,85.714,83.33333,67.22222,40.76507,40.43467,,,0.02254,0.02346,,,,,,,0.15,,,,,0.602,0.554,0.552,0.538,0.542,0.45,2021-10-14,2021-09-03,2021-06-14,2021-11-08,2021-09-15,2021-07-21,2.68,-10.63,11.07,-2.17,23.11,-18.48,6.0,15.0,20.0,8.0,30.0,26.0,0.0,-1.0,1.0,-0.0,1.0,-1.0,0.57,0.555,0.55,0.515,0.54,0.525,2021-11-16,2021-11-02,2021-10-29,2021-11-09,2021-11-01,2021-10-28,0.025,0.039,0.028,0.02,0.027,0.022,2021-10-20,2021-05-10,2020-12-22,2021-08-23,2021-01-18,2020-11-02,0.018,0.023,0.125,-0.026,0.023,0.002,2021-10-27,2021-07-19,2021-04-26,2021-08-24,2021-07-13,2021-01-22,0.027,0.119,0.034,-0.06,0.016,-0.068,2021-10-20,2021-04-19,2020-12-21,2021-07-29,2021-01-26,2020-10-07,0.035,0.056,0.174,-0.038,0.039,0.016,2021-10-21,2021-07-19,2021-04-21,2021-08-23,2021-06-25,2021-01-25,-0.003,0.026,0.01,-0.007,-0.004,-0.017,2021-10-05,2021-08-24,2021-06-28,2021-10-27,2021-09-27,2021-07-28,0.021,0.017,0.001,-0.014,-0.015,-0.033,2021-07-15,2021-05-27,2021-03-29,2021-10-20,2021-06-18,2021-04-26,0.049,0.022,0.002,-0.016,-0.042,-0.043,2021-08-23,2021-06-14,2021-03-29,2021-10-21,2021-07-27,2021-04-27,0.02,0.009,-0.002,-0.01,-0.006,-0.026,2021-08-25,2021-06-09,2021-03-24,2021-10-20,2021-07-27,2021-04-27,5436800.0,1818100.0,4391300.0,33.87,7.02,42.2,0.016,0.017,-0.021,0.016,-0.024,-0.04,0.0,0.006,0.005,-0.005,-0.0,-0.001,0.01611,0.01481,-0.0237,0.01594,-0.02339,-0.03402,53.992,43.473,57.442,39.403,35.035,41.274,85.714,26.087,21.739,4.348,13.043,0.0,57.648,71.826,49.808,39.439,55.485,34.257,2021-10-07,2021-09-10,2021-06-25,2021-09-27,2021-07-13,2021-05-31,27,77,73,76,43,69,2021-09-02,2021-06-08,2021-03-15,2021-11-03,2021-07-13,2021-05-17,2021-11-16,2021-11-02,2021-10-29,2021-11-08,2021-11-01,2021-10-28,2021-10-07,2021-08-30,2021-06-17,2021-11-08,2021-09-24,2021-07-12,,,,,,,n2p,,,Life.BullRetrace,Life.BullStart,Life.Bull,Life.BullRetrace,Life.BullEnd,,
2021-11-17,RL,4.6,12.28,4.25,13.29,2.41,1.88,0,0,0,-,0,0,0,0.55319,,0.553,,,0.55586,0.55386,0.54844,0.54051,0.01283,,,-0.00106,,,0.00691,,,-0.00148,,,0.01595,,,0.00734,,,0.00312,-0.00592,0.00904,-5e-05,,,0.55208,0.55601,-0.00393,-0.00775,-0.0052,-0.00255,,,,,-12.69,9.73,,,,,,,11.0,12.0,,,,,,,-0.0,-0.005,0.00679,-0.00571,1.1875,54.28571,42.1396,,,14.84671,78.57143,78.57143,,,80.55556,77.31481,41.16851,40.77593,,,0.02236,0.02335,,,,,,,0.15,,,,,0.553,0.602,0.554,0.538,0.542,0.45,2021-11-17,2021-10-14,2021-09-03,2021-11-08,2021-09-15,2021-07-21,0.0,2.79,-10.63,11.07,-2.17,23.11,0.0,7.0,15.0,20.0,8.0,30.0,0.0,0.0,-1.0,1.0,-0.0,1.0,0.57,0.555,0.55,0.515,0.54,0.525,2021-11-16,2021-11-02,2021-10-29,2021-11-09,2021-11-01,2021-10-28,0.025,0.039,0.028,0.02,0.027,0.022,2021-10-20,2021-05-10,2020-12-22,2021-08-23,2021-01-18,2020-11-02,0.018,0.023,0.125,-0.026,0.023,0.002,2021-10-27,2021-07-19,2021-04-26,2021-08-24,2021-07-13,2021-01-22,0.027,0.119,0.034,-0.06,0.016,-0.068,2021-10-20,2021-04-19,2020-12-21,2021-07-29,2021-01-26,2020-10-07,0.035,0.056,0.174,-0.038,0.039,0.016,2021-10-21,2021-07-19,2021-04-21,2021-08-23,2021-06-25,2021-01-25,-0.003,0.026,0.01,-0.007,-0.004,-0.017,2021-10-05,2021-08-24,2021-06-28,2021-10-27,2021-09-27,2021-07-28,0.021,0.017,0.001,-0.014,-0.015,-0.033,2021-07-15,2021-05-27,2021-03-29,2021-10-20,2021-06-18,2021-04-26,0.049,0.022,0.002,-0.016,-0.042,-0.043,2021-08-23,2021-06-14,2021-03-29,2021-10-21,2021-07-27,2021-04-27,0.02,0.009,-0.002,-0.01,-0.006,-0.026,2021-08-25,2021-06-09,2021-03-24,2021-10-20,2021-07-27,2021-04-27,1818100.0,4391300.0,3072800.0,7.02,42.2,-20.3,0.016,0.017,-0.021,0.016,-0.024,-0.04,0.0,0.006,0.005,-0.005,-0.0,-0.001,0.01611,0.01481,-0.0237,0.01594,-0.02339,-0.03402,53.992,43.473,57.442,39.403,35.035,41.274,85.714,26.087,21.739,4.348,13.043,0.0,57.648,71.826,49.808,39.439,55.485,34.257,2021-10-07,2021-09-10,2021-06-25,2021-09-27,2021-07-13,2021-05-31,27,77,73,76,43,69,2021-09-02,2021-06-08,2021-03-15,2021-11-03,2021-07-13,2021-05-17,2021-11-16,2021-11-02,2021-10-29,2021-11-08,2021-11-01,2021-10-28,2021-10-07,2021-08-30,2021-06-17,2021-11-08,2021-09-24,2021-07-12,,,-3072800.0,,,n2p,,,p2n,Life.BullRetrace,Life.BullStart,Life.Bull,Life.BullRetrace,Life.BullEnd,,
2021-11-18,RL,4.6,12.07,4.25,13.06,2.45,1.91,0,0,0,-,0,0,0,0.55158,,,0.555,,0.55579,0.5539,0.54857,0.54065,0.0123,,,-0.00059,,,0.00572,,,-0.00124,,,0.01532,,,0.00794,,,0.00303,-0.00657,0.0096,0.00048,,,0.55253,0.55594,-0.0034,-0.0082,-0.0058,-0.0024,,,,,-12.43,9.73,,,,,,,10.0,12.0,,,,,,,-0.0,-0.01,0.00679,-0.00464,1.46154,59.375,42.39157,,,19.936,64.28571,76.19048,64.286,,72.22222,78.7037,41.62525,41.16258,,,0.02183,0.02324,,,,,,,0.15,,,,,0.553,0.602,0.554,0.538,0.542,0.45,2021-11-17,2021-10-14,2021-09-03,2021-11-08,2021-09-15,2021-07-21,-0.26,2.79,-10.63,11.07,-2.17,23.11,1.0,7.0,15.0,20.0,8.0,30.0,-0.0,0.0,-1.0,1.0,-0.0,1.0,0.57,0.555,0.55,0.555,0.515,0.54,2021-11-16,2021-11-02,2021-10-29,2021-11-18,2021-11-09,2021-11-01,0.025,0.039,0.028,0.02,0.027,0.022,2021-10-20,2021-05-10,2020-12-22,2021-08-23,2021-01-18,2020-11-02,0.018,0.023,0.125,-0.026,0.023,0.002,2021-10-27,2021-07-19,2021-04-26,2021-08-24,2021-07-13,2021-01-22,0.027,0.119,0.034,-0.06,0.016,-0.068,2021-10-20,2021-04-19,2020-12-21,2021-07-29,2021-01-26,2020-10-07,0.035,0.056,0.174,-0.038,0.039,0.016,2021-10-21,2021-07-19,2021-04-21,2021-08-23,2021-06-25,2021-01-25,-0.003,0.026,0.01,-0.007,-0.004,-0.017,2021-10-05,2021-08-24,2021-06-28,2021-10-27,2021-09-27,2021-07-28,0.021,0.017,0.001,-0.014,-0.015,-0.033,2021-07-15,2021-05-27,2021-03-29,2021-10-20,2021-06-18,2021-04-26,0.049,0.022,0.002,-0.016,-0.042,-0.043,2021-08-23,2021-06-14,2021-03-29,2021-10-21,2021-07-27,2021-04-27,0.02,0.009,-0.002,-0.01,-0.006,-0.026,2021-08-25,2021-06-09,2021-03-24,2021-10-20,2021-07-27,2021-04-27,4391300.0,3072800.0,1833100.0,42.2,-20.3,0.16,0.016,0.017,-0.021,0.016,-0.024,-0.04,0.0,0.006,0.005,-0.005,-0.0,-0.001,0.01611,0.01481,-0.0237,0.01594,-0.02339,-0.03402,53.992,43.473,57.442,39.403,35.035,41.274,85.714,26.087,21.739,64.286,4.348,13.043,57.648,71.826,49.808,39.439,55.485,34.257,2021-10-07,2021-09-10,2021-06-25,2021-09-27,2021-07-13,2021-05-31,27,77,73,76,43,69,2021-09-02,2021-06-08,2021-03-15,2021-11-03,2021-07-13,2021-05-17,2021-11-16,2021-11-02,2021-10-29,2021-11-18,2021-11-08,2021-11-01,2021-10-07,2021-08-30,2021-06-17,2021-11-08,2021-09-24,2021-07-12,,,,,n2p,,,p2n,,Life.BullRetrace,Life.BullStart,Life.Bull,Life.BullRetrace,Life.BullEnd,,
2021-11-19,RL,6.42,8.96,6.07,9.47,3.55,2.64,0,0,0,-,0,0,0,0.54722,,,,0.575,0.55727,0.55473,0.5491,0.54099,0.01177,,,-0.00017,,,0.00448,,,-0.00099,,,0.01485,,,0.00829,,,0.00308,-0.00728,0.01036,0.00096,,,0.55599,0.55735,-0.00136,-0.00869,-0.00638,-0.00231,,,,,-11.74,9.73,,,,,,,9.0,12.0,,,,,,,0.02,0.0,0.00643,-0.00464,1.38462,58.06452,42.51164,,42.512,18.62552,92.85714,78.57143,,92.857,72.22222,75.0,42.12767,41.58542,,,0.02206,0.02314,,,,,,,0.15,,,,,0.553,0.602,0.554,0.538,0.542,0.45,2021-11-17,2021-10-14,2021-09-03,2021-11-08,2021-09-15,2021-07-21,-1.05,2.79,-10.63,11.07,-2.17,23.11,2.0,7.0,15.0,20.0,8.0,30.0,-1.0,0.0,-1.0,1.0,-0.0,1.0,0.575,0.57,0.555,0.555,0.515,0.54,2021-11-19,2021-11-16,2021-11-02,2021-11-18,2021-11-09,2021-11-01,0.025,0.039,0.028,0.02,0.027,0.022,2021-10-20,2021-05-10,2020-12-22,2021-08-23,2021-01-18,2020-11-02,0.018,0.023,0.125,-0.026,0.023,0.002,2021-10-27,2021-07-19,2021-04-26,2021-08-24,2021-07-13,2021-01-22,0.027,0.119,0.034,-0.06,0.016,-0.068,2021-10-20,2021-04-19,2020-12-21,2021-07-29,2021-01-26,2020-10-07,0.035,0.056,0.174,-0.038,0.039,0.016,2021-10-21,2021-07-19,2021-04-21,2021-08-23,2021-06-25,2021-01-25,-0.003,0.026,0.01,-0.007,-0.004,-0.017,2021-10-05,2021-08-24,2021-06-28,2021-10-27,2021-09-27,2021-07-28,0.021,0.017,0.001,-0.014,-0.015,-0.033,2021-07-15,2021-05-27,2021-03-29,2021-10-20,2021-06-18,2021-04-26,0.049,0.022,0.002,-0.016,-0.042,-0.043,2021-08-23,2021-06-14,2021-03-29,2021-10-21,2021-07-27,2021-04-27,0.02,0.009,-0.002,-0.01,-0.006,-0.026,2021-08-25,2021-06-09,2021-03-24,2021-10-20,2021-07-27,2021-04-27,3072800.0,1833100.0,4747100.0,-20.3,0.16,3.83,0.016,0.017,-0.021,0.016,-0.024,-0.04,0.0,0.006,0.005,-0.005,-0.0,-0.001,0.01611,0.01481,-0.0237,0.01594,-0.02339,-0.03402,53.992,43.473,57.442,39.403,35.035,41.274,92.857,85.714,26.087,64.286,4.348,13.043,42.512,57.648,71.826,39.439,55.485,34.257,2021-10-07,2021-09-10,2021-06-25,2021-09-27,2021-07-13,2021-05-31,27,77,73,76,43,69,2021-09-02,2021-06-08,2021-03-15,2021-11-03,2021-07-13,2021-05-17,2021-11-19,2021-11-16,2021-11-02,2021-11-18,2021-11-08,2021-11-01,2021-11-19,2021-10-07,2021-08-30,2021-11-08,2021-09-24,2021-07-12,,,,,,,p2n,,,Life.BullRetrace,Life.BullStart,Life.Bull,Life.BullRetrace,Life.BullEnd,,
2021-11-22,RL,6.42,8.57,6.07,9.06,3.71,2.76,0,0,0,-,0,0,0,0.54034,,,,,0.55671,0.55454,0.54911,0.54108,0.01124,,,0.00023,,,0.00318,,,-0.00069,,,0.01451,,,0.0084,,0.008,0.00327,-0.00806,0.01133,0.00138,,,0.55507,0.55681,-0.00174,-0.00922,-0.00695,-0.00227,,,,-0.002,-10.61,9.73,,,,,,,8.0,12.0,,,,,,,-0.0,-0.025,0.00643,-0.00571,1.125,52.94118,42.49553,,,10.42918,57.14286,71.42857,,,47.22222,63.88889,42.6684,42.03518,,,0.02227,0.02304,,,,,,,0.15,,,,,0.553,0.602,0.554,0.538,0.542,0.45,2021-11-17,2021-10-14,2021-09-03,2021-11-08,2021-09-15,2021-07-21,-2.29,2.79,-10.63,11.07,-2.17,23.11,3.0,7.0,15.0,20.0,8.0,30.0,-1.0,0.0,-1.0,1.0,-0.0,1.0,0.575,0.57,0.555,0.555,0.515,0.54,2021-11-19,2021-11-16,2021-11-02,2021-11-18,2021-11-09,2021-11-01,0.025,0.039,0.028,0.02,0.027,0.022,2021-10-20,2021-05-10,2020-12-22,2021-08-23,2021-01-18,2020-11-02,0.018,0.023,0.125,-0.026,0.023,0.002,2021-10-27,2021-07-19,2021-04-26,2021-08-24,2021-07-13,2021-01-22,0.027,0.119,0.034,-0.06,0.016,-0.068,2021-10-20,2021-04-19,2020-12-21,2021-07-29,2021-01-26,2020-10-07,0.035,0.056,0.174,-0.038,0.039,0.016,2021-10-21,2021-07-19,2021-04-21,2021-08-23,2021-06-25,2021-01-25,-0.003,0.026,0.01,-0.007,-0.004,-0.017,2021-10-05,2021-08-24,2021-06-28,2021-10-27,2021-09-27,2021-07-28,0.021,0.017,0.001,-0.014,-0.015,-0.033,2021-07-15,2021-05-27,2021-03-29,2021-10-20,2021-06-18,2021-04-26,0.008,0.049,0.022,-0.016,-0.042,-0.043,2021-11-22,2021-08-23,2021-06-14,2021-10-21,2021-07-27,2021-04-27,0.02,0.009,-0.002,-0.01,-0.006,-0.026,2021-08-25,2021-06-09,2021-03-24,2021-10-20,2021-07-27,2021-04-27,1833100.0,4747100.0,5003400.0,0.16,3.83,20.0,0.016,0.017,-0.021,0.016,-0.024,-0.04,-0.002,0.0,0.006,-0.005,-0.0,-0.001,0.01611,0.01481,-0.0237,0.01594,-0.02339,-0.03402,53.992,43.473,57.442,39.403,35.035,41.274,92.857,85.714,26.087,64.286,4.348,13.043,42.512,57.648,71.826,39.439,55.485,34.257,2021-10-07,2021-09-10,2021-06-25,2021-09-27,2021-07-13,2021-05-31,27,77,73,76,43,69,2021-09-02,2021-06-08,2021-03-15,2021-11-03,2021-07-13,2021-05-17,2021-11-19,2021-11-16,2021-11-02,2021-11-18,2021-11-08,2021-11-01,2021-11-19,2021-10-07,2021-08-30,2021-11-08,2021-09-24,2021-07-12,,,,,,p2n,,,,Life.BullRetrace,Life.BullStart,Life.Bull,Life.BullRetrace,Life.BullEnd,,
2021-11-23,RL,6.42,8.18,6.07,8.65,3.89,2.89,0,0,0,-,0,0,0,0.53153,,,0.525,,0.55427,0.55339,0.54864,0.54092,0.01073,,,0.00059,,,0.00181,,,-0.00032,,,0.0143,,,0.00826,,,0.00358,-0.00891,0.01249,0.00175,,,0.55044,0.55445,-0.00401,-0.00979,-0.00752,-0.00227,,,,,-9.13,9.73,,,,,,,7.0,12.0,,,,,,,-0.0,-0.025,0.00536,-0.0075,0.71429,41.66667,42.35204,,,-0.84533,21.42857,57.14286,21.429,,30.55556,50.0,43.24268,42.50415,,,0.02282,0.02294,,,,,,,0.15,,,,,0.553,0.602,0.554,0.538,0.542,0.45,2021-11-17,2021-10-14,2021-09-03,2021-11-08,2021-09-15,2021-07-21,-3.88,2.79,-10.63,11.07,-2.17,23.11,4.0,7.0,15.0,20.0,8.0,30.0,-1.0,0.0,-1.0,1.0,-0.0,1.0,0.575,0.57,0.555,0.525,0.555,0.515,2021-11-19,2021-11-16,2021-11-02,2021-11-23,2021-11-18,2021-11-09,0.025,0.039,0.028,0.02,0.027,0.022,2021-10-20,2021-05-10,2020-12-22,2021-08-23,2021-01-18,2020-11-02,0.018,0.023,0.125,-0.026,0.023,0.002,2021-10-27,2021-07-19,2021-04-26,2021-08-24,2021-07-13,2021-01-22,0.027,0.119,0.034,-0.06,0.016,-0.068,2021-10-20,2021-04-19,2020-12-21,2021-07-29,2021-01-26,2020-10-07,0.035,0.056,0.174,-0.038,0.039,0.016,2021-10-21,2021-07-19,2021-04-21,2021-08-23,2021-06-25,2021-01-25,-0.003,0.026,0.01,-0.007,-0.004,-0.017,2021-10-05,2021-08-24,2021-06-28,2021-10-27,2021-09-27,2021-07-28,0.021,0.017,0.001,-0.014,-0.015,-0.033,2021-07-15,2021-05-27,2021-03-29,2021-10-20,2021-06-18,2021-04-26,0.008,0.049,0.022,-0.016,-0.042,-0.043,2021-11-22,2021-08-23,2021-06-14,2021-10-21,2021-07-27,2021-04-27,0.02,0.009,-0.002,-0.01,-0.006,-0.026,2021-08-25,2021-06-09,2021-03-24,2021-10-20,2021-07-27,2021-04-27,4747100.0,5003400.0,3401000.0,3.83,20.0,13.54,0.016,0.017,-0.021,0.016,-0.024,-0.04,-0.002,0.0,0.006,-0.005,-0.0,-0.001,0.01611,0.01481,-0.0237,0.01594,-0.02339,-0.03402,53.992,43.473,57.442,39.403,35.035,41.274,92.857,85.714,26.087,21.429,64.286,4.348,42.512,57.648,71.826,39.439,55.485,34.257,2021-10-07,2021-09-10,2021-06-25,2021-09-27,2021-07-13,2021-05-31,27,77,73,76,43,69,2021-09-02,2021-06-08,2021-03-15,2021-11-03,2021-07-13,2021-05-17,2021-11-19,2021-11-16,2021-11-02,2021-11-23,2021-11-18,2021-11-08,2021-11-19,2021-10-07,2021-08-30,2021-11-08,2021-09-24,2021-07-12,,,,,p2n,,,,,Life.BullRetrace,Life.BullStart,Life.Bull,Life.BullRetrace,Life.BullEnd,,
2021-11-24,RL,6.42,8.33,6.07,8.81,3.81,2.84,0,0,0,-,0,0,0,0.52158,,,,0.535,0.55279,0.55266,0.54837,0.54086,0.01022,,,0.00093,,,0.00038,,,0.00016,,,0.01422,0.014,,0.00791,,,0.004,-0.00984,0.01384,0.00207,,,0.54807,0.55301,-0.00494,-0.01038,-0.00809,-0.00229,,,,,-7.4,9.73,,,,,,,6.0,12.0,,,,,,,0.01,0.0,0.00607,-0.00679,0.89474,47.22222,42.10216,,,4.71022,35.71429,38.09524,,35.714,11.11111,29.62963,43.84775,42.98623,,,0.02226,0.02285,,,,,,0.15,,,,,,0.553,0.602,0.554,0.538,0.542,0.45,2021-11-17,2021-10-14,2021-09-03,2021-11-08,2021-09-15,2021-07-21,-5.68,2.79,-10.63,11.07,-2.17,23.11,5.0,7.0,15.0,20.0,8.0,30.0,-1.0,0.0,-1.0,1.0,-0.0,1.0,0.535,0.575,0.57,0.525,0.555,0.515,2021-11-24,2021-11-19,2021-11-16,2021-11-23,2021-11-18,2021-11-09,0.025,0.039,0.028,0.02,0.027,0.022,2021-10-20,2021-05-10,2020-12-22,2021-08-23,2021-01-18,2020-11-02,0.018,0.023,0.125,-0.026,0.023,0.002,2021-10-27,2021-07-19,2021-04-26,2021-08-24,2021-07-13,2021-01-22,0.027,0.119,0.034,-0.06,0.016,-0.068,2021-10-20,2021-04-19,2020-12-21,2021-07-29,2021-01-26,2020-10-07,0.035,0.056,0.174,0.014,-0.038,0.039,2021-10-21,2021-07-19,2021-04-21,2021-11-24,2021-08-23,2021-06-25,-0.003,0.026,0.01,-0.007,-0.004,-0.017,2021-10-05,2021-08-24,2021-06-28,2021-10-27,2021-09-27,2021-07-28,0.021,0.017,0.001,-0.014,-0.015,-0.033,2021-07-15,2021-05-27,2021-03-29,2021-10-20,2021-06-18,2021-04-26,0.008,0.049,0.022,-0.016,-0.042,-0.043,2021-11-22,2021-08-23,2021-06-14,2021-10-21,2021-07-27,2021-04-27,0.02,0.009,-0.002,-0.01,-0.006,-0.026,2021-08-25,2021-06-09,2021-03-24,2021-10-20,2021-07-27,2021-04-27,5003400.0,3401000.0,1984800.0,20.0,13.54,-21.0,0.016,0.017,-0.021,0.016,-0.024,-0.04,-0.002,0.0,0.006,-0.005,-0.0,-0.001,0.01611,0.01481,-0.0237,0.01594,-0.02339,-0.03402,53.992,43.473,57.442,39.403,35.035,41.274,35.714,92.857,85.714,21.429,64.286,4.348,42.512,57.648,71.826,39.439,55.485,34.257,2021-10-07,2021-09-10,2021-06-25,2021-09-27,2021-07-13,2021-05-31,27,77,73,76,43,69,2021-09-02,2021-06-08,2021-03-15,2021-11-03,2021-07-13,2021-05-17,2021-11-24,2021-11-19,2021-11-16,2021-11-23,2021-11-18,2021-11-08,2021-11-19,2021-10-07,2021-08-30,2021-11-08,2021-09-24,2021-07-12,,,,,,,,,,Life.BullStart,Life.Bull,Life.BullRetrace,Life.BullEnd,Life.BullRetrace,,
2021-11-25,RL,6.42,8.1,6.07,8.57,3.92,2.92,0,0,0,-,0,0,0,0.51136,,,,,0.55027,0.55138,0.54781,0.54066,0.00973,,,0.00123,,,-0.00111,,,0.00076,,,0.01425,,,0.00736,,,0.00451,-0.01084,0.01535,0.00234,,,0.54375,0.55056,-0.00682,-0.01098,-0.00867,-0.00231,,,,,-5.55,9.73,,,,,,,5.0,12.0,,,,,,,-0.0,-0.015,0.00607,-0.0075,0.80952,44.73684,41.78304,,,2.22484,14.28571,23.80952,,,11.11111,17.59259,44.48091,43.47652,,,0.02174,0.02276,,,,,,-0.15,,,,,,0.553,0.602,0.554,0.538,0.542,0.45,2021-11-17,2021-10-14,2021-09-03,2021-11-08,2021-09-15,2021-07-21,-7.53,2.79,-10.63,11.07,-2.17,23.11,6.0,7.0,15.0,20.0,8.0,30.0,-1.0,0.0,-1.0,1.0,-0.0,1.0,0.535,0.575,0.57,0.525,0.555,0.515,2021-11-24,2021-11-19,2021-11-16,2021-11-23,2021-11-18,2021-11-09,0.025,0.039,0.028,0.02,0.027,0.022,2021-10-20,2021-05-10,2020-12-22,2021-08-23,2021-01-18,2020-11-02,0.018,0.023,0.125,-0.026,0.023,0.002,2021-10-27,2021-07-19,2021-04-26,2021-08-24,2021-07-13,2021-01-22,0.027,0.119,0.034,-0.06,0.016,-0.068,2021-10-20,2021-04-19,2020-12-21,2021-07-29,2021-01-26,2020-10-07,0.035,0.056,0.174,0.014,-0.038,0.039,2021-10-21,2021-07-19,2021-04-21,2021-11-24,2021-08-23,2021-06-25,-0.003,0.026,0.01,-0.007,-0.004,-0.017,2021-10-05,2021-08-24,2021-06-28,2021-10-27,2021-09-27,2021-07-28,0.021,0.017,0.001,-0.014,-0.015,-0.033,2021-07-15,2021-05-27,2021-03-29,2021-10-20,2021-06-18,2021-04-26,0.008,0.049,0.022,-0.016,-0.042,-0.043,2021-11-22,2021-08-23,2021-06-14,2021-10-21,2021-07-27,2021-04-27,0.02,0.009,-0.002,-0.01,-0.006,-0.026,2021-08-25,2021-06-09,2021-03-24,2021-10-20,2021-07-27,2021-04-27,3401000.0,1984800.0,2022200.0,13.54,-21.0,-28.7,0.016,0.017,-0.021,0.016,-0.024,-0.04,-0.002,0.0,0.006,-0.005,-0.0,-0.001,0.01611,0.01481,-0.0237,0.01594,-0.02339,-0.03402,53.992,43.473,57.442,39.403,35.035,41.274,35.714,92.857,85.714,21.429,64.286,4.348,42.512,57.648,71.826,39.439,55.485,34.257,2021-10-07,2021-09-10,2021-06-25,2021-09-27,2021-07-13,2021-05-31,27,77,73,76,43,69,2021-09-02,2021-06-08,2021-03-15,2021-11-03,2021-07-13,2021-05-17,2021-11-24,2021-11-19,2021-11-16,2021-11-23,2021-11-18,2021-11-08,2021-11-19,2021-10-07,2021-08-30,2021-11-08,2021-09-24,2021-07-12,,,,,,,,,,Life.BullStart,Life.Bull,Life.BullRetrace,Life.BullEnd,Life.BullRetrace,,
2021-11-26,RL,6.42,7.48,6.07,7.91,4.25,3.16,0,0,0,-,1,0,0,0.50173,,,,,0.54486,0.54858,0.54646,0.54005,0.00926,,,0.00151,,,-0.00263,,,0.00149,,,0.01436,,,0.00664,,,0.00509,-0.01189,0.01699,0.00256,,,0.53394,0.54534,-0.0114,-0.01156,-0.00925,-0.00231,,,-0.002,,-3.73,9.73,,,,,,,4.0,12.0,,,,,,,-0.0,-0.04,0.00607,-0.00964,0.62963,38.63636,41.43993,,,-3.87564,4.7619,18.25397,4.762,,10.18519,10.80247,45.13804,43.97096,,,0.02341,0.02267,,,,,,-0.15,,,,,,0.553,0.602,0.554,0.538,0.542,0.45,2021-11-17,2021-10-14,2021-09-03,2021-11-08,2021-09-15,2021-07-21,-9.27,2.79,-10.63,11.07,-2.17,23.11,7.0,7.0,15.0,20.0,8.0,30.0,-1.0,0.0,-1.0,1.0,-0.0,1.0,0.535,0.575,0.57,0.525,0.555,0.515,2021-11-24,2021-11-19,2021-11-16,2021-11-23,2021-11-18,2021-11-09,0.025,0.039,0.028,0.02,0.027,0.022,2021-10-20,2021-05-10,2020-12-22,2021-08-23,2021-01-18,2020-11-02,0.018,0.023,0.125,-0.026,0.023,0.002,2021-10-27,2021-07-19,2021-04-26,2021-08-24,2021-07-13,2021-01-22,0.027,0.119,0.034,-0.06,0.016,-0.068,2021-10-20,2021-04-19,2020-12-21,2021-07-29,2021-01-26,2020-10-07,0.035,0.056,0.174,0.014,-0.038,0.039,2021-10-21,2021-07-19,2021-04-21,2021-11-24,2021-08-23,2021-06-25,-0.003,0.026,0.01,-0.007,-0.004,-0.017,2021-10-05,2021-08-24,2021-06-28,2021-10-27,2021-09-27,2021-07-28,0.021,0.017,0.001,-0.014,-0.015,-0.033,2021-07-15,2021-05-27,2021-03-29,2021-10-20,2021-06-18,2021-04-26,0.008,0.049,0.022,-0.016,-0.042,-0.043,2021-11-22,2021-08-23,2021-06-14,2021-10-21,2021-07-27,2021-04-27,0.02,0.009,-0.002,-0.01,-0.006,-0.026,2021-08-25,2021-06-09,2021-03-24,2021-10-20,2021-07-27,2021-04-27,1984800.0,2022200.0,6408400.0,-21.0,-28.7,40.6,0.016,0.017,-0.021,0.016,-0.024,-0.04,-0.002,0.0,0.006,-0.002,-0.005,-0.0,0.01611,0.01481,-0.0237,0.01594,-0.02339,-0.03402,53.992,43.473,57.442,39.403,35.035,41.274,35.714,92.857,85.714,4.762,21.429,64.286,42.512,57.648,71.826,39.439,55.485,34.257,2021-10-07,2021-09-10,2021-06-25,2021-09-27,2021-07-13,2021-05-31,27,77,73,76,43,69,2021-09-02,2021-06-08,2021-03-15,2021-11-03,2021-07-13,2021-05-17,2021-11-24,2021-11-19,2021-11-16,2021-11-26,2021-11-23,2021-11-18,2021-11-19,2021-10-07,2021-08-30,2021-11-08,2021-09-24,2021-07-12,-6408400.0,,,,,,,,n2p,Life.BullStart,Life.Bull,Life.BullRetrace,Life.BullEnd,Life.BullRetrace,,
2021-11-29,RL,6.42,7.4,6.07,7.83,4.29,3.19,0,0,0,-,1,0,0,0.4935,,,,,0.53949,0.5457,0.54505,0.53941,0.00881,,,0.00175,,,-0.00417,,,0.00234,,,0.01454,,,0.00577,,,0.00573,-0.01298,0.01871,0.00274,,,0.52487,0.54013,-0.01525,-0.01209,-0.00982,-0.00228,,,,,-2.13,9.73,,,,,,,3.0,12.0,,,,,,,-0.0,-0.005,0.00607,-0.00893,0.68,40.47619,41.11395,,,-2.03581,16.0,11.68254,,,9.25926,10.18519,45.81381,44.46611,,,0.02352,0.02258,,,,,,-0.15,,,,,,0.553,0.602,0.554,0.538,0.542,0.45,2021-11-17,2021-10-14,2021-09-03,2021-11-08,2021-09-15,2021-07-21,-10.76,2.79,-10.63,11.07,-2.17,23.11,8.0,7.0,15.0,20.0,8.0,30.0,-1.0,0.0,-1.0,1.0,-0.0,1.0,0.535,0.575,0.57,0.525,0.555,0.515,2021-11-24,2021-11-19,2021-11-16,2021-11-23,2021-11-18,2021-11-09,0.025,0.039,0.028,0.02,0.027,0.022,2021-10-20,2021-05-10,2020-12-22,2021-08-23,2021-01-18,2020-11-02,0.018,0.023,0.125,-0.026,0.023,0.002,2021-10-27,2021-07-19,2021-04-26,2021-08-24,2021-07-13,2021-01-22,0.027,0.119,0.034,-0.06,0.016,-0.068,2021-10-20,2021-04-19,2020-12-21,2021-07-29,2021-01-26,2020-10-07,0.035,0.056,0.174,0.014,-0.038,0.039,2021-10-21,2021-07-19,2021-04-21,2021-11-24,2021-08-23,2021-06-25,-0.003,0.026,0.01,-0.007,-0.004,-0.017,2021-10-05,2021-08-24,2021-06-28,2021-10-27,2021-09-27,2021-07-28,0.021,0.017,0.001,-0.014,-0.015,-0.033,2021-07-15,2021-05-27,2021-03-29,2021-10-20,2021-06-18,2021-04-26,0.008,0.049,0.022,-0.016,-0.042,-0.043,2021-11-22,2021-08-23,2021-06-14,2021-10-21,2021-07-27,2021-04-27,0.02,0.009,-0.002,-0.01,-0.006,-0.026,2021-08-25,2021-06-09,2021-03-24,2021-10-20,2021-07-27,2021-04-27,2022200.0,6408400.0,3055700.0,-28.7,40.6,10.28,0.016,0.017,-0.021,0.016,-0.024,-0.04,-0.002,0.0,0.006,-0.002,-0.005,-0.0,0.01611,0.01481,-0.0237,0.01594,-0.02339,-0.03402,53.992,43.473,57.442,39.403,35.035,41.274,35.714,92.857,85.714,4.762,21.429,64.286,42.512,57.648,71.826,39.439,55.485,34.257,2021-10-07,2021-09-10,2021-06-25,2021-09-27,2021-07-13,2021-05-31,27,77,73,76,43,69,2021-09-02,2021-06-08,2021-03-15,2021-11-03,2021-07-13,2021-05-17,2021-11-24,2021-11-19,2021-11-16,2021-11-26,2021-11-23,2021-11-18,2021-11-19,2021-10-07,2021-08-30,2021-11-08,2021-09-24,2021-07-12,,,,,,,,n2p,,Life.BullStart,Life.Bull,Life.BullRetrace,Life.BullEnd,Life.BullRetrace,,
2021-11-30,RL,6.42,7.4,6.07,7.83,4.29,3.19,0,0,0,-,1,0,0,0.48735,,,,,0.53453,0.54293,0.54366,0.53877,0.00839,,,0.00196,,,-0.00571,,,0.00329,,,0.01477,,,0.00479,,,0.00638,-0.0141,0.02048,0.00287,,,0.5172,0.5353,-0.0181,-0.01256,-0.01037,-0.0022,,,,,-0.89,9.73,,,,,,,2.0,12.0,,,,,,,0.0,0.0,0.00536,-0.00893,0.6,37.5,40.84384,,,-5.012,16.0,12.25397,,,17.59259,12.34568,46.5034,44.95963,,,0.02327,0.02249,,,,,,-0.15,,,,,,0.553,0.602,0.554,0.538,0.542,0.45,2021-11-17,2021-10-14,2021-09-03,2021-11-08,2021-09-15,2021-07-21,-11.87,2.79,-10.63,11.07,-2.17,23.11,9.0,7.0,15.0,20.0,8.0,30.0,-1.0,0.0,-1.0,1.0,-0.0,1.0,0.535,0.575,0.57,0.525,0.555,0.515,2021-11-24,2021-11-19,2021-11-16,2021-11-23,2021-11-18,2021-11-09,0.025,0.039,0.028,0.02,0.027,0.022,2021-10-20,2021-05-10,2020-12-22,2021-08-23,2021-01-18,2020-11-02,0.018,0.023,0.125,-0.026,0.023,0.002,2021-10-27,2021-07-19,2021-04-26,2021-08-24,2021-07-13,2021-01-22,0.027,0.119,0.034,-0.06,0.016,-0.068,2021-10-20,2021-04-19,2020-12-21,2021-07-29,2021-01-26,2020-10-07,0.035,0.056,0.174,0.014,-0.038,0.039,2021-10-21,2021-07-19,2021-04-21,2021-11-24,2021-08-23,2021-06-25,-0.003,0.026,0.01,-0.007,-0.004,-0.017,2021-10-05,2021-08-24,2021-06-28,2021-10-27,2021-09-27,2021-07-28,0.021,0.017,0.001,-0.014,-0.015,-0.033,2021-07-15,2021-05-27,2021-03-29,2021-10-20,2021-06-18,2021-04-26,0.008,0.049,0.022,-0.016,-0.042,-0.043,2021-11-22,2021-08-23,2021-06-14,2021-10-21,2021-07-27,2021-04-27,0.02,0.009,-0.002,-0.01,-0.006,-0.026,2021-08-25,2021-06-09,2021-03-24,2021-10-20,2021-07-27,2021-04-27,6408400.0,3055700.0,1743800.0,40.6,10.28,-2.42,0.016,0.017,-0.021,0.016,-0.024,-0.04,-0.002,0.0,0.006,-0.002,-0.005,-0.0,0.01611,0.01481,-0.0237,0.01594,-0.02339,-0.03402,53.992,43.473,57.442,39.403,35.035,41.274,35.714,92.857,85.714,4.762,21.429,64.286,42.512,57.648,71.826,39.439,55.485,34.257,2021-10-07,2021-09-10,2021-06-25,2021-09-27,2021-07-13,2021-05-31,27,77,73,76,43,69,2021-09-02,2021-06-08,2021-03-15,2021-11-03,2021-07-13,2021-05-17,2021-11-24,2021-11-19,2021-11-16,2021-11-26,2021-11-23,2021-11-18,2021-11-19,2021-10-07,2021-08-30,2021-11-08,2021-09-24,2021-07-12,,,,,,,n2p,,,Life.BullStart,Life.Bull,Life.BullRetrace,Life.BullEnd,Life.BullRetrace,,
2021-12-01,RL,6.42,7.4,6.07,7.83,4.29,3.19,0,0,0,-,1,0,0,0.48384,,,,,0.52995,0.54026,0.5423,0.53813,0.008,,,0.00214,,,-0.00722,,,0.00434,,,0.01503,,,0.00372,,,0.00704,-0.01522,0.02225,0.00297,,,0.51071,0.53084,-0.02013,-0.01294,-0.01088,-0.00206,,,,,-0.17,9.73,,,,,,,1.0,12.0,,,,,,,0.0,0.0,0.00536,-0.00893,0.6,37.5,40.67479,,,-5.012,16.0,16.0,,16.0,24.62963,17.16049,47.20336,45.45034,,,0.02232,0.02241,,,,,,-0.15,,,,,,0.553,0.602,0.554,0.538,0.542,0.45,2021-11-17,2021-10-14,2021-09-03,2021-11-08,2021-09-15,2021-07-21,-12.51,2.79,-10.63,11.07,-2.17,23.11,10.0,7.0,15.0,20.0,8.0,30.0,-1.0,0.0,-1.0,1.0,-0.0,1.0,0.535,0.575,0.57,0.525,0.555,0.515,2021-11-24,2021-11-19,2021-11-16,2021-11-23,2021-11-18,2021-11-09,0.025,0.039,0.028,0.02,0.027,0.022,2021-10-20,2021-05-10,2020-12-22,2021-08-23,2021-01-18,2020-11-02,0.018,0.023,0.125,-0.026,0.023,0.002,2021-10-27,2021-07-19,2021-04-26,2021-08-24,2021-07-13,2021-01-22,0.027,0.119,0.034,-0.06,0.016,-0.068,2021-10-20,2021-04-19,2020-12-21,2021-07-29,2021-01-26,2020-10-07,0.035,0.056,0.174,0.014,-0.038,0.039,2021-10-21,2021-07-19,2021-04-21,2021-11-24,2021-08-23,2021-06-25,-0.003,0.026,0.01,-0.007,-0.004,-0.017,2021-10-05,2021-08-24,2021-06-28,2021-10-27,2021-09-27,2021-07-28,0.021,0.017,0.001,-0.014,-0.015,-0.033,2021-07-15,2021-05-27,2021-03-29,2021-10-20,2021-06-18,2021-04-26,0.008,0.049,0.022,-0.016,-0.042,-0.043,2021-11-22,2021-08-23,2021-06-14,2021-10-21,2021-07-27,2021-04-27,0.02,0.009,-0.002,-0.01,-0.006,-0.026,2021-08-25,2021-06-09,2021-03-24,2021-10-20,2021-07-27,2021-04-27,3055700.0,1743800.0,900800.0,10.28,-2.42,-49.14,0.016,0.017,-0.021,0.016,-0.024,-0.04,-0.002,0.0,0.006,-0.002,-0.005,-0.0,0.01611,0.01481,-0.0237,0.01594,-0.02339,-0.03402,53.992,43.473,57.442,39.403,35.035,41.274,16.0,35.714,92.857,4.762,21.429,64.286,42.512,57.648,71.826,39.439,55.485,34.257,2021-10-07,2021-09-10,2021-06-25,2021-09-27,2021-07-13,2021-05-31,27,77,73,76,43,69,2021-09-02,2021-06-08,2021-03-15,2021-11-03,2021-07-13,2021-05-17,2021-12-01,2021-11-24,2021-11-19,2021-11-26,2021-11-23,2021-11-18,2021-11-19,2021-10-07,2021-08-30,2021-11-08,2021-09-24,2021-07-12,,,,900800.0,,n2p,,,n2n,Life.BullStart,Life.Bull,Life.BullRetrace,Life.BullEnd,Life.BullRetrace,,
2021-12-02,RL,6.42,7.32,6.07,7.74,4.34,3.23,0,0,0,-,1,0,0,0.48312,0.483,,,,0.52534,0.53751,0.54087,0.53745,0.00763,,,0.00228,,,-0.00868,,,0.00545,,,0.0153,,,0.00261,,,0.00767,-0.01631,0.02398,0.00304,,,0.50445,0.52633,-0.02188,-0.0132,-0.01134,-0.00185,,,,,9.7,,,,,,,,12.0,,,,,,,,-0.0,-0.005,0.00286,-0.00929,0.30769,23.52941,40.65691,40.657,,-18.98259,12.0,14.66667,,,25.55556,22.59259,47.91106,45.93754,,,0.02144,0.02233,,,,,,-0.15,,,,,,0.553,0.602,0.554,0.483,0.538,0.542,2021-11-17,2021-10-14,2021-09-03,2021-12-02,2021-11-08,2021-09-15,0.0,-12.66,2.79,-10.63,11.07,-2.17,0.0,11.0,7.0,15.0,20.0,8.0,0.0,-1.0,0.0,-1.0,1.0,-0.0,0.535,0.575,0.57,0.525,0.555,0.515,2021-11-24,2021-11-19,2021-11-16,2021-11-23,2021-11-18,2021-11-09,0.025,0.039,0.028,0.02,0.027,0.022,2021-10-20,2021-05-10,2020-12-22,2021-08-23,2021-01-18,2020-11-02,0.018,0.023,0.125,-0.026,0.023,0.002,2021-10-27,2021-07-19,2021-04-26,2021-08-24,2021-07-13,2021-01-22,0.027,0.119,0.034,-0.06,0.016,-0.068,2021-10-20,2021-04-19,2020-12-21,2021-07-29,2021-01-26,2020-10-07,0.035,0.056,0.174,0.014,-0.038,0.039,2021-10-21,2021-07-19,2021-04-21,2021-11-24,2021-08-23,2021-06-25,-0.003,0.026,0.01,-0.007,-0.004,-0.017,2021-10-05,2021-08-24,2021-06-28,2021-10-27,2021-09-27,2021-07-28,0.021,0.017,0.001,-0.014,-0.015,-0.033,2021-07-15,2021-05-27,2021-03-29,2021-10-20,2021-06-18,2021-04-26,0.008,0.049,0.022,-0.016,-0.042,-0.043,2021-11-22,2021-08-23,2021-06-14,2021-10-21,2021-07-27,2021-04-27,0.02,0.009,-0.002,-0.01,-0.006,-0.026,2021-08-25,2021-06-09,2021-03-24,2021-10-20,2021-07-27,2021-04-27,1743800.0,900800.0,1485200.0,-2.42,-49.14,-27.55,0.016,0.017,-0.021,0.016,-0.024,-0.04,-0.002,0.0,0.006,-0.002,-0.005,-0.0,0.01611,0.01481,-0.0237,0.01594,-0.02339,-0.03402,53.992,43.473,57.442,39.403,35.035,41.274,16.0,35.714,92.857,4.762,21.429,64.286,42.512,57.648,71.826,40.657,39.439,55.485,2021-10-07,2021-09-10,2021-06-25,2021-09-27,2021-07-13,2021-05-31,27,77,73,76,43,69,2021-09-02,2021-06-08,2021-03-15,2021-11-03,2021-07-13,2021-05-17,2021-12-01,2021-11-24,2021-11-19,2021-11-26,2021-11-23,2021-11-18,2021-11-19,2021-10-07,2021-08-30,2021-12-02,2021-11-08,2021-09-24,,,,,n2p,,,n2n,,Life.BullStart,Life.Bull,Life.BullRetrace,Life.BullEnd,Life.BullRetrace,,
2021-12-06,RL,6.42,7.24,6.07,7.66,4.39,3.26,0,0,0,-,1,0,0,0.48495,,,0.465,,0.5207,0.53466,0.53937,0.53673,0.0073,,,0.00237,,,-0.01005,,,0.00657,,,0.01556,,,0.00147,,,0.00826,-0.01735,0.02561,0.00307,,0.003,0.49838,0.52179,-0.02341,-0.01332,-0.01174,-0.00158,-0.013,,,,9.29,,,,,,,,10.0,,,,,,,,-0.0,-0.005,0.00286,-0.00964,0.2963,22.85714,40.83467,,,-17.79986,8.0,12.0,8.0,,26.74603,25.64374,48.6245,46.42032,,,0.02098,0.02225,,,-0.15,,,,,,,,,0.553,0.602,0.554,0.483,0.538,0.542,2021-11-17,2021-10-14,2021-09-03,2021-12-02,2021-11-08,2021-09-15,0.4,-12.66,2.79,-10.63,11.07,-2.17,1.0,11.0,7.0,15.0,20.0,8.0,0.0,-1.0,0.0,-1.0,1.0,-0.0,0.535,0.575,0.57,0.465,0.525,0.555,2021-11-24,2021-11-19,2021-11-16,2021-12-06,2021-11-23,2021-11-18,0.025,0.039,0.028,0.02,0.027,0.022,2021-10-20,2021-05-10,2020-12-22,2021-08-23,2021-01-18,2020-11-02,0.018,0.023,0.125,-0.026,0.023,0.002,2021-10-27,2021-07-19,2021-04-26,2021-08-24,2021-07-13,2021-01-22,0.027,0.119,0.034,-0.06,0.016,-0.068,2021-10-20,2021-04-19,2020-12-21,2021-07-29,2021-01-26,2020-10-07,0.035,0.056,0.174,0.014,-0.038,0.039,2021-10-21,2021-07-19,2021-04-21,2021-11-24,2021-08-23,2021-06-25,-0.003,0.026,0.01,-0.007,-0.004,-0.017,2021-10-05,2021-08-24,2021-06-28,2021-10-27,2021-09-27,2021-07-28,0.021,0.017,0.001,-0.014,-0.015,-0.033,2021-07-15,2021-05-27,2021-03-29,2021-10-20,2021-06-18,2021-04-26,0.008,0.049,0.022,-0.016,-0.042,-0.043,2021-11-22,2021-08-23,2021-06-14,2021-10-21,2021-07-27,2021-04-27,0.003,0.02,0.009,-0.01,-0.006,-0.026,2021-12-06,2021-08-25,2021-06-09,2021-10-20,2021-07-27,2021-04-27,900800.0,1485200.0,916700.0,-49.14,-27.55,-20.03,0.016,0.017,-0.021,-0.013,0.016,-0.024,-0.002,0.0,0.006,-0.002,-0.005,-0.0,0.01611,0.01481,-0.0237,-0.01174,0.01594,-0.02339,53.992,43.473,57.442,39.403,35.035,41.274,16.0,35.714,92.857,8.0,4.762,21.429,42.512,57.648,71.826,40.657,39.439,55.485,2021-10-07,2021-09-10,2021-06-25,2021-12-06,2021-09-27,2021-07-13,27,77,73,70,76,43,2021-09-02,2021-06-08,2021-03-15,2021-11-03,2021-07-13,2021-05-17,2021-12-01,2021-11-24,2021-11-19,2021-12-06,2021-11-26,2021-11-23,2021-11-19,2021-10-07,2021-08-30,2021-12-02,2021-11-08,2021-09-24,,,,,,,n2n,,,Life.Bull,Life.BullRetrace,Life.BullEnd,Life.BullRetrace,Life.BullStart,,
2021-12-07,RL,6.42,7.55,6.07,7.99,4.21,3.13,0,0,0,-,0,0,0,0.4891,,,,,0.51795,0.53272,0.53829,0.53622,0.00701,,,0.00242,,,-0.01132,,,0.00768,,,0.0158,,,0.00036,,,0.00879,-0.01832,0.02711,0.00307,,,0.49632,0.51906,-0.02274,-0.01329,-0.01205,-0.00124,,,,,8.36,,,,,,,,9.0,,,,,,,,0.02,0.0,0.00357,-0.00964,0.37037,27.02703,41.23955,,,-13.62997,24.0,14.66667,,,45.63492,32.6455,49.34184,46.89773,,,0.02091,0.02217,,,-0.15,,,,,,,,,0.553,0.602,0.554,0.483,0.538,0.542,2021-11-17,2021-10-14,2021-09-03,2021-12-02,2021-11-08,2021-09-15,1.26,-12.66,2.79,-10.63,11.07,-2.17,2.0,11.0,7.0,15.0,20.0,8.0,1.0,-1.0,0.0,-1.0,1.0,-0.0,0.535,0.575,0.57,0.465,0.525,0.555,2021-11-24,2021-11-19,2021-11-16,2021-12-06,2021-11-23,2021-11-18,0.025,0.039,0.028,0.02,0.027,0.022,2021-10-20,2021-05-10,2020-12-22,2021-08-23,2021-01-18,2020-11-02,0.018,0.023,0.125,-0.026,0.023,0.002,2021-10-27,2021-07-19,2021-04-26,2021-08-24,2021-07-13,2021-01-22,0.027,0.119,0.034,-0.06,0.016,-0.068,2021-10-20,2021-04-19,2020-12-21,2021-07-29,2021-01-26,2020-10-07,0.035,0.056,0.174,0.014,-0.038,0.039,2021-10-21,2021-07-19,2021-04-21,2021-11-24,2021-08-23,2021-06-25,-0.003,0.026,0.01,-0.007,-0.004,-0.017,2021-10-05,2021-08-24,2021-06-28,2021-10-27,2021-09-27,2021-07-28,0.021,0.017,0.001,-0.014,-0.015,-0.033,2021-07-15,2021-05-27,2021-03-29,2021-10-20,2021-06-18,2021-04-26,0.008,0.049,0.022,-0.016,-0.042,-0.043,2021-11-22,2021-08-23,2021-06-14,2021-10-21,2021-07-27,2021-04-27,0.003,0.02,0.009,-0.01,-0.006,-0.026,2021-12-06,2021-08-25,2021-06-09,2021-10-20,2021-07-27,2021-04-27,1485200.0,916700.0,800700.0,-27.55,-20.03,-3.03,0.016,0.017,-0.021,-0.013,0.016,-0.024,-0.002,0.0,0.006,-0.002,-0.005,-0.0,0.01611,0.01481,-0.0237,-0.01174,0.01594,-0.02339,53.992,43.473,57.442,39.403,35.035,41.274,16.0,35.714,92.857,8.0,4.762,21.429,42.512,57.648,71.826,40.657,39.439,55.485,2021-10-07,2021-09-10,2021-06-25,2021-12-06,2021-09-27,2021-07-13,27,77,73,70,76,43,2021-09-02,2021-06-08,2021-03-15,2021-11-03,2021-07-13,2021-05-17,2021-12-01,2021-11-24,2021-11-19,2021-12-06,2021-11-26,2021-11-23,2021-11-19,2021-10-07,2021-08-30,2021-12-02,2021-11-08,2021-09-24,,,,,,n2n,,,,Life.Bull,Life.BullRetrace,Life.BullEnd,Life.BullRetrace,Life.BullStart,,
2021-12-08,RL,6.42,7.55,6.07,7.99,4.21,3.13,0,0,0,-,0,0,0,0.49512,,,,,0.51542,0.53084,0.53723,0.53571,0.00675,,,0.00243,,0.002,-0.01245,,,0.00872,,,0.01599,,,-0.00071,,,0.00925,-0.0192,0.02844,0.00303,,,0.49458,0.51654,-0.02196,-0.0131,-0.01226,-0.00083,,,,,7.05,,,,,,,,8.0,,,,,,,,0.0,0.0,0.00357,-0.00929,0.38462,27.77778,41.88652,,,-12.87922,24.0,18.66667,,,61.11111,44.49735,50.06112,47.36917,,,0.02049,0.0221,,,-0.15,,,,,,,,,0.553,0.602,0.554,0.483,0.538,0.542,2021-11-17,2021-10-14,2021-09-03,2021-12-02,2021-11-08,2021-09-15,2.51,-12.66,2.79,-10.63,11.07,-2.17,3.0,11.0,7.0,15.0,20.0,8.0,1.0,-1.0,0.0,-1.0,1.0,-0.0,0.535,0.575,0.57,0.465,0.525,0.555,2021-11-24,2021-11-19,2021-11-16,2021-12-06,2021-11-23,2021-11-18,0.025,0.039,0.028,0.02,0.027,0.022,2021-10-20,2021-05-10,2020-12-22,2021-08-23,2021-01-18,2020-11-02,0.018,0.023,0.125,-0.026,0.023,0.002,2021-10-27,2021-07-19,2021-04-26,2021-08-24,2021-07-13,2021-01-22,0.027,0.119,0.034,-0.06,0.016,-0.068,2021-10-20,2021-04-19,2020-12-21,2021-07-29,2021-01-26,2020-10-07,0.035,0.056,0.174,0.014,-0.038,0.039,2021-10-21,2021-07-19,2021-04-21,2021-11-24,2021-08-23,2021-06-25,0.002,-0.003,0.026,-0.007,-0.004,-0.017,2021-12-08,2021-10-05,2021-08-24,2021-10-27,2021-09-27,2021-07-28,0.021,0.017,0.001,-0.014,-0.015,-0.033,2021-07-15,2021-05-27,2021-03-29,2021-10-20,2021-06-18,2021-04-26,0.008,0.049,0.022,-0.016,-0.042,-0.043,2021-11-22,2021-08-23,2021-06-14,2021-10-21,2021-07-27,2021-04-27,0.003,0.02,0.009,-0.01,-0.006,-0.026,2021-12-06,2021-08-25,2021-06-09,2021-10-20,2021-07-27,2021-04-27,916700.0,800700.0,1126100.0,-20.03,-3.03,-11.21,0.016,0.017,-0.021,-0.013,0.016,-0.024,-0.002,0.0,0.006,-0.002,-0.005,-0.0,0.01611,0.01481,-0.0237,-0.01174,0.01594,-0.02339,53.992,43.473,57.442,39.403,35.035,41.274,16.0,35.714,92.857,8.0,4.762,21.429,42.512,57.648,71.826,40.657,39.439,55.485,2021-10-07,2021-09-10,2021-06-25,2021-12-06,2021-09-27,2021-07-13,27,77,73,70,76,43,2021-09-02,2021-06-08,2021-03-15,2021-11-03,2021-07-13,2021-05-17,2021-12-01,2021-11-24,2021-11-19,2021-12-06,2021-11-26,2021-11-23,2021-11-19,2021-10-07,2021-08-30,2021-12-02,2021-11-08,2021-09-24,,,,,n2n,,,,,Life.Bull,Life.BullRetrace,Life.BullEnd,Life.BullRetrace,Life.BullStart,,
2021-12-09,RL,6.42,7.94,6.07,8.4,4.0,2.98,0,0,0,-,0,0,0,0.50212,,,,0.51,0.515,0.53003,0.5367,0.53545,0.00653,,,0.00239,,,-0.01342,,,0.00966,,,0.01614,,,-0.00171,,,0.00961,-0.01995,0.02957,0.00297,,,0.49695,0.51605,-0.0191,-0.01272,-0.01236,-0.00037,,,,,5.55,,,,,,,,7.0,,,,,,,,0.025,0.0,0.00536,-0.00857,0.625,38.46154,42.76862,,,-2.19546,44.0,30.66667,,,79.36508,62.03704,50.78073,47.83415,,,0.02152,0.02203,,,-0.15,,,,,,,,,0.553,0.602,0.554,0.483,0.538,0.542,2021-11-17,2021-10-14,2021-09-03,2021-12-02,2021-11-08,2021-09-15,3.96,-12.66,2.79,-10.63,11.07,-2.17,4.0,11.0,7.0,15.0,20.0,8.0,1.0,-1.0,0.0,-1.0,1.0,-0.0,0.51,0.535,0.575,0.465,0.525,0.555,2021-12-09,2021-11-24,2021-11-19,2021-12-06,2021-11-23,2021-11-18,0.025,0.039,0.028,0.02,0.027,0.022,2021-10-20,2021-05-10,2020-12-22,2021-08-23,2021-01-18,2020-11-02,0.018,0.023,0.125,-0.026,0.023,0.002,2021-10-27,2021-07-19,2021-04-26,2021-08-24,2021-07-13,2021-01-22,0.027,0.119,0.034,-0.06,0.016,-0.068,2021-10-20,2021-04-19,2020-12-21,2021-07-29,2021-01-26,2020-10-07,0.035,0.056,0.174,0.014,-0.038,0.039,2021-10-21,2021-07-19,2021-04-21,2021-11-24,2021-08-23,2021-06-25,0.002,-0.003,0.026,-0.007,-0.004,-0.017,2021-12-08,2021-10-05,2021-08-24,2021-10-27,2021-09-27,2021-07-28,0.021,0.017,0.001,-0.014,-0.015,-0.033,2021-07-15,2021-05-27,2021-03-29,2021-10-20,2021-06-18,2021-04-26,0.008,0.049,0.022,-0.016,-0.042,-0.043,2021-11-22,2021-08-23,2021-06-14,2021-10-21,2021-07-27,2021-04-27,0.003,0.02,0.009,-0.01,-0.006,-0.026,2021-12-06,2021-08-25,2021-06-09,2021-10-20,2021-07-27,2021-04-27,800700.0,1126100.0,5262200.0,-3.03,-11.21,152.82,0.016,0.017,-0.021,-0.013,0.016,-0.024,-0.002,0.0,0.006,-0.002,-0.005,-0.0,0.01611,0.01481,-0.0237,-0.01174,0.01594,-0.02339,53.992,43.473,57.442,39.403,35.035,41.274,16.0,35.714,92.857,8.0,4.762,21.429,42.512,57.648,71.826,40.657,39.439,55.485,2021-10-07,2021-09-10,2021-06-25,2021-12-06,2021-09-27,2021-07-13,27,77,73,70,76,43,2021-09-02,2021-06-08,2021-03-15,2021-11-03,2021-07-13,2021-05-17,2021-12-01,2021-11-24,2021-11-19,2021-12-06,2021-11-26,2021-11-23,2021-11-19,2021-10-07,2021-08-30,2021-12-02,2021-11-08,2021-09-24,5262200.0,,,,,,,,n2p,Life.Bull,Life.BullRetrace,Life.BullEnd,Life.BullRetrace,Life.BullStart,,
2021-12-10,RL,6.42,7.87,6.07,8.32,4.04,3.0,0,0,0,-,0,0,0,0.50915,,,0.505,,0.51423,0.52905,0.53607,0.53515,0.00635,,,0.00231,,,-0.01422,,,0.01044,,,0.01624,,,-0.00261,,,0.00989,-0.02057,0.03046,0.00289,,,0.49819,0.51524,-0.01705,-0.01218,-0.01232,0.00015,,,,,4.09,,,,,,,,6.0,,,,,,,,-0.0,-0.005,0.00393,-0.00893,0.44,30.55556,43.86386,,,-10.10144,45.45455,37.81818,,,76.5873,72.3545,51.50082,48.29234,,,0.02142,0.02196,,,-0.15,,,,,,,,,0.553,0.602,0.554,0.483,0.538,0.542,2021-11-17,2021-10-14,2021-09-03,2021-12-02,2021-11-08,2021-09-15,5.41,-12.66,2.79,-10.63,11.07,-2.17,5.0,11.0,7.0,15.0,20.0,8.0,1.0,-1.0,0.0,-1.0,1.0,-0.0,0.51,0.535,0.575,0.505,0.465,0.525,2021-12-09,2021-11-24,2021-11-19,2021-12-10,2021-12-06,2021-11-23,0.025,0.039,0.028,0.02,0.027,0.022,2021-10-20,2021-05-10,2020-12-22,2021-08-23,2021-01-18,2020-11-02,0.018,0.023,0.125,-0.026,0.023,0.002,2021-10-27,2021-07-19,2021-04-26,2021-08-24,2021-07-13,2021-01-22,0.027,0.119,0.034,-0.06,0.016,-0.068,2021-10-20,2021-04-19,2020-12-21,2021-07-29,2021-01-26,2020-10-07,0.035,0.056,0.174,0.014,-0.038,0.039,2021-10-21,2021-07-19,2021-04-21,2021-11-24,2021-08-23,2021-06-25,0.002,-0.003,0.026,-0.007,-0.004,-0.017,2021-12-08,2021-10-05,2021-08-24,2021-10-27,2021-09-27,2021-07-28,0.021,0.017,0.001,-0.014,-0.015,-0.033,2021-07-15,2021-05-27,2021-03-29,2021-10-20,2021-06-18,2021-04-26,0.008,0.049,0.022,-0.016,-0.042,-0.043,2021-11-22,2021-08-23,2021-06-14,2021-10-21,2021-07-27,2021-04-27,0.003,0.02,0.009,-0.01,-0.006,-0.026,2021-12-06,2021-08-25,2021-06-09,2021-10-20,2021-07-27,2021-04-27,1126100.0,5262200.0,1002200.0,-11.21,152.82,2.8,0.016,0.017,-0.021,-0.013,0.016,-0.024,-0.002,0.0,0.006,-0.002,-0.005,-0.0,0.01611,0.01481,-0.0237,-0.01174,0.01594,-0.02339,53.992,43.473,57.442,39.403,35.035,41.274,16.0,35.714,92.857,8.0,4.762,21.429,42.512,57.648,71.826,40.657,39.439,55.485,2021-10-07,2021-09-10,2021-06-25,2021-12-06,2021-09-27,2021-07-13,27,77,73,70,76,43,2021-09-02,2021-06-08,2021-03-15,2021-11-03,2021-07-13,2021-05-17,2021-12-01,2021-11-24,2021-11-19,2021-12-06,2021-11-26,2021-11-23,2021-11-19,2021-10-07,2021-08-30,2021-12-02,2021-11-08,2021-09-24,,,,,,,,n2p,,Life.Bull,Life.BullRetrace,Life.BullEnd,Life.BullRetrace,Life.BullStart,,
2021-12-13,RL,6.42,8.33,6.07,8.81,3.81,2.84,0,0,0,-,0,0,0,0.51558,,,,0.535,0.51583,0.52928,0.53605,0.53515,0.00621,,,0.00218,,,-0.01482,,,0.01105,,,0.01627,,0.016,-0.00338,,,0.01006,-0.02103,0.03109,0.00277,,,0.50385,0.5167,-0.01285,-0.01147,-0.01216,0.00069,,,,,2.8,,,,,,,,5.0,,,,,,,,0.03,0.0,0.00607,-0.00714,0.85,45.94595,45.1413,,,5.28895,88.88889,59.44781,,88.889,81.66667,79.20635,52.22471,48.7443,,,0.0231,0.02188,,,-0.15,,,,,,,,,0.553,0.602,0.554,0.483,0.538,0.542,2021-11-17,2021-10-14,2021-09-03,2021-12-02,2021-11-08,2021-09-15,6.75,-12.66,2.79,-10.63,11.07,-2.17,6.0,11.0,7.0,15.0,20.0,8.0,1.0,-1.0,0.0,-1.0,1.0,-0.0,0.535,0.51,0.535,0.505,0.465,0.525,2021-12-13,2021-12-09,2021-11-24,2021-12-10,2021-12-06,2021-11-23,0.025,0.039,0.028,0.02,0.027,0.022,2021-10-20,2021-05-10,2020-12-22,2021-08-23,2021-01-18,2020-11-02,0.018,0.023,0.125,-0.026,0.023,0.002,2021-10-27,2021-07-19,2021-04-26,2021-08-24,2021-07-13,2021-01-22,0.027,0.119,0.034,-0.06,0.016,-0.068,2021-10-20,2021-04-19,2020-12-21,2021-07-29,2021-01-26,2020-10-07,0.016,0.035,0.056,0.014,-0.038,0.039,2021-12-13,2021-10-21,2021-07-19,2021-11-24,2021-08-23,2021-06-25,0.002,-0.003,0.026,-0.007,-0.004,-0.017,2021-12-08,2021-10-05,2021-08-24,2021-10-27,2021-09-27,2021-07-28,0.021,0.017,0.001,-0.014,-0.015,-0.033,2021-07-15,2021-05-27,2021-03-29,2021-10-20,2021-06-18,2021-04-26,0.008,0.049,0.022,-0.016,-0.042,-0.043,2021-11-22,2021-08-23,2021-06-14,2021-10-21,2021-07-27,2021-04-27,0.003,0.02,0.009,-0.01,-0.006,-0.026,2021-12-06,2021-08-25,2021-06-09,2021-10-20,2021-07-27,2021-04-27,5262200.0,1002200.0,7354800.0,152.82,2.8,84.28,0.016,0.017,-0.021,-0.013,0.016,-0.024,-0.002,0.0,0.006,-0.002,-0.005,-0.0,0.01611,0.01481,-0.0237,-0.01174,0.01594,-0.02339,53.992,43.473,57.442,39.403,35.035,41.274,88.889,16.0,35.714,8.0,4.762,21.429,42.512,57.648,71.826,40.657,39.439,55.485,2021-10-07,2021-09-10,2021-06-25,2021-12-06,2021-09-27,2021-07-13,27,77,73,70,76,43,2021-09-02,2021-06-08,2021-03-15,2021-11-03,2021-07-13,2021-05-17,2021-12-13,2021-12-01,2021-11-24,2021-12-06,2021-11-26,2021-11-23,2021-11-19,2021-10-07,2021-08-30,2021-12-02,2021-11-08,2021-09-24,,7354800.0,,,,,n2p,,p2p,Life.Bull,Life.BullRetrace,Life.BullEnd,Life.BullRetrace,Life.BullStart,,
2021-12-14,RL,6.42,8.02,6.07,8.48,3.96,2.95,0,0,0,-,0,0,0,0.52099,,,0.515,,0.51576,0.52872,0.53563,0.53495,0.0061,,,0.00202,,,-0.01524,,,0.01145,,,0.01622,,,-0.00403,,,0.01012,-0.02134,0.03146,0.00263,,,0.50557,0.51657,-0.01101,-0.01061,-0.01185,0.00124,,,,,1.73,,,,,,,,4.0,,,,,,,,-0.0,-0.02,0.00607,-0.00679,0.89474,47.22222,46.56105,,,6.56522,66.66667,67.00337,66.667,,71.83761,76.69719,52.95847,49.19189,,,0.02288,0.02182,,,-0.15,,,,,,,,,0.553,0.602,0.554,0.483,0.538,0.542,2021-11-17,2021-10-14,2021-09-03,2021-12-02,2021-11-08,2021-09-15,7.87,-12.66,2.79,-10.63,11.07,-2.17,7.0,11.0,7.0,15.0,20.0,8.0,1.0,-1.0,0.0,-1.0,1.0,-0.0,0.535,0.51,0.535,0.515,0.505,0.465,2021-12-13,2021-12-09,2021-11-24,2021-12-14,2021-12-10,2021-12-06,0.025,0.039,0.028,0.02,0.027,0.022,2021-10-20,2021-05-10,2020-12-22,2021-08-23,2021-01-18,2020-11-02,0.018,0.023,0.125,-0.026,0.023,0.002,2021-10-27,2021-07-19,2021-04-26,2021-08-24,2021-07-13,2021-01-22,0.027,0.119,0.034,-0.06,0.016,-0.068,2021-10-20,2021-04-19,2020-12-21,2021-07-29,2021-01-26,2020-10-07,0.016,0.035,0.056,0.014,-0.038,0.039,2021-12-13,2021-10-21,2021-07-19,2021-11-24,2021-08-23,2021-06-25,0.002,-0.003,0.026,-0.007,-0.004,-0.017,2021-12-08,2021-10-05,2021-08-24,2021-10-27,2021-09-27,2021-07-28,0.021,0.017,0.001,-0.014,-0.015,-0.033,2021-07-15,2021-05-27,2021-03-29,2021-10-20,2021-06-18,2021-04-26,0.008,0.049,0.022,-0.016,-0.042,-0.043,2021-11-22,2021-08-23,2021-06-14,2021-10-21,2021-07-27,2021-04-27,0.003,0.02,0.009,-0.01,-0.006,-0.026,2021-12-06,2021-08-25,2021-06-09,2021-10-20,2021-07-27,2021-04-27,1002200.0,7354800.0,1014200.0,2.8,84.28,-31.19,0.016,0.017,-0.021,-0.013,0.016,-0.024,-0.002,0.0,0.006,-0.002,-0.005,-0.0,0.01611,0.01481,-0.0237,-0.01174,0.01594,-0.02339,53.992,43.473,57.442,39.403,35.035,41.274,88.889,16.0,35.714,66.667,8.0,4.762,42.512,57.648,71.826,40.657,39.439,55.485,2021-10-07,2021-09-10,2021-06-25,2021-12-06,2021-09-27,2021-07-13,27,77,73,70,76,43,2021-09-02,2021-06-08,2021-03-15,2021-11-03,2021-07-13,2021-05-17,2021-12-13,2021-12-01,2021-11-24,2021-12-14,2021-12-06,2021-11-26,2021-11-19,2021-10-07,2021-08-30,2021-12-02,2021-11-08,2021-09-24,,,-1014200.0,,,n2p,,p2p,p2n,Life.Bull,Life.BullRetrace,Life.BullEnd,Life.BullRetrace,Life.BullStart,,
2021-12-15,RL,6.42,8.33,6.07,8.81,3.81,2.84,0,0,0,-,0,0,0,0.52513,,,,,0.51724,0.52897,0.53562,0.53495,0.00602,,,0.00182,,,-0.01546,,,0.01161,,0.012,0.01609,,,-0.00452,,,0.01007,-0.02148,0.03155,0.00246,,,0.5101,0.51794,-0.00784,-0.00963,-0.0114,0.00178,,,,,0.93,,,,,,,,3.0,,,,,,,,0.02,0.0,0.00679,-0.00679,1.0,50.0,48.06826,,,9.343,88.88889,81.48148,,,74.61538,76.03989,53.70804,49.63732,,,0.02303,0.02175,,,-0.15,,,,,,,,,0.553,0.602,0.554,0.483,0.538,0.542,2021-11-17,2021-10-14,2021-09-03,2021-12-02,2021-11-08,2021-09-15,8.72,-12.66,2.79,-10.63,11.07,-2.17,8.0,11.0,7.0,15.0,20.0,8.0,1.0,-1.0,0.0,-1.0,1.0,-0.0,0.535,0.51,0.535,0.515,0.505,0.465,2021-12-13,2021-12-09,2021-11-24,2021-12-14,2021-12-10,2021-12-06,0.025,0.039,0.028,0.02,0.027,0.022,2021-10-20,2021-05-10,2020-12-22,2021-08-23,2021-01-18,2020-11-02,0.018,0.023,0.125,-0.026,0.023,0.002,2021-10-27,2021-07-19,2021-04-26,2021-08-24,2021-07-13,2021-01-22,0.027,0.119,0.034,-0.06,0.016,-0.068,2021-10-20,2021-04-19,2020-12-21,2021-07-29,2021-01-26,2020-10-07,0.016,0.035,0.056,0.014,-0.038,0.039,2021-12-13,2021-10-21,2021-07-19,2021-11-24,2021-08-23,2021-06-25,0.002,-0.003,0.026,-0.007,-0.004,-0.017,2021-12-08,2021-10-05,2021-08-24,2021-10-27,2021-09-27,2021-07-28,0.012,0.021,0.017,-0.014,-0.015,-0.033,2021-12-15,2021-07-15,2021-05-27,2021-10-20,2021-06-18,2021-04-26,0.008,0.049,0.022,-0.016,-0.042,-0.043,2021-11-22,2021-08-23,2021-06-14,2021-10-21,2021-07-27,2021-04-27,0.003,0.02,0.009,-0.01,-0.006,-0.026,2021-12-06,2021-08-25,2021-06-09,2021-10-20,2021-07-27,2021-04-27,7354800.0,1014200.0,1806000.0,84.28,-31.19,8.58,0.016,0.017,-0.021,-0.013,0.016,-0.024,-0.002,0.0,0.006,-0.002,-0.005,-0.0,0.01611,0.01481,-0.0237,-0.01174,0.01594,-0.02339,53.992,43.473,57.442,39.403,35.035,41.274,88.889,16.0,35.714,66.667,8.0,4.762,42.512,57.648,71.826,40.657,39.439,55.485,2021-10-07,2021-09-10,2021-06-25,2021-12-06,2021-09-27,2021-07-13,27,77,73,70,76,43,2021-09-02,2021-06-08,2021-03-15,2021-11-03,2021-07-13,2021-05-17,2021-12-13,2021-12-01,2021-11-24,2021-12-14,2021-12-06,2021-11-26,2021-11-19,2021-10-07,2021-08-30,2021-12-02,2021-11-08,2021-09-24,,,,,n2p,,p2p,p2n,,Life.Bull,Life.BullRetrace,Life.BullEnd,Life.BullRetrace,Life.BullStart,,
2021-12-16,RL,6.42,8.57,6.07,9.06,3.71,2.76,0,0,0,-,0,0,0,0.5279,,,,,0.51976,0.52979,0.5359,0.5351,0.00596,,,0.00158,,,-0.0155,-0.016,,0.01154,,,0.01588,,,-0.00487,,,0.00992,-0.02146,0.03138,0.00227,,,0.51623,0.52031,-0.00408,-0.00854,-0.01082,0.00227,,,,,0.4,,,,,,,,2.0,,,,,,,,0.015,0.0,0.00786,-0.00571,1.375,57.89474,49.6037,,,17.23774,100.0,85.18519,,100.0,79.05983,75.17094,54.47714,50.08205,,,0.02246,0.02168,,,-0.15,,,,,,,,,0.553,0.602,0.554,0.483,0.538,0.542,2021-11-17,2021-10-14,2021-09-03,2021-12-02,2021-11-08,2021-09-15,9.3,-12.66,2.79,-10.63,11.07,-2.17,9.0,11.0,7.0,15.0,20.0,8.0,1.0,-1.0,0.0,-1.0,1.0,-0.0,0.535,0.51,0.535,0.515,0.505,0.465,2021-12-13,2021-12-09,2021-11-24,2021-12-14,2021-12-10,2021-12-06,0.025,0.039,0.028,0.02,0.027,0.022,2021-10-20,2021-05-10,2020-12-22,2021-08-23,2021-01-18,2020-11-02,0.018,0.023,0.125,-0.026,0.023,0.002,2021-10-27,2021-07-19,2021-04-26,2021-08-24,2021-07-13,2021-01-22,0.027,0.119,0.034,-0.016,-0.06,0.016,2021-10-20,2021-04-19,2020-12-21,2021-12-16,2021-07-29,2021-01-26,0.016,0.035,0.056,0.014,-0.038,0.039,2021-12-13,2021-10-21,2021-07-19,2021-11-24,2021-08-23,2021-06-25,0.002,-0.003,0.026,-0.007,-0.004,-0.017,2021-12-08,2021-10-05,2021-08-24,2021-10-27,2021-09-27,2021-07-28,0.012,0.021,0.017,-0.014,-0.015,-0.033,2021-12-15,2021-07-15,2021-05-27,2021-10-20,2021-06-18,2021-04-26,0.008,0.049,0.022,-0.016,-0.042,-0.043,2021-11-22,2021-08-23,2021-06-14,2021-10-21,2021-07-27,2021-04-27,0.003,0.02,0.009,-0.01,-0.006,-0.026,2021-12-06,2021-08-25,2021-06-09,2021-10-20,2021-07-27,2021-04-27,1014200.0,1806000.0,3687900.0,-31.19,8.58,-36.04,0.016,0.017,-0.021,-0.013,0.016,-0.024,-0.002,0.0,0.006,-0.002,-0.005,-0.0,0.01611,0.01481,-0.0237,-0.01174,0.01594,-0.02339,53.992,43.473,57.442,39.403,35.035,41.274,100.0,88.889,16.0,66.667,8.0,4.762,42.512,57.648,71.826,40.657,39.439,55.485,2021-10-07,2021-09-10,2021-06-25,2021-12-06,2021-09-27,2021-07-13,27,77,73,70,76,43,2021-09-02,2021-06-08,2021-03-15,2021-11-03,2021-07-13,2021-05-17,2021-12-16,2021-12-13,2021-12-01,2021-12-14,2021-12-06,2021-11-26,2021-11-19,2021-10-07,2021-08-30,2021-12-02,2021-11-08,2021-09-24,,,3687900.0,,,p2p,p2n,,p2n,Life.Bull,Life.BullRetrace,Life.BullEnd,Life.BullRetrace,Life.BullStart,,
2021-12-17,RL,6.42,8.57,6.07,9.06,3.71,2.76,0,0,0,-,0,0,0,0.52941,,,,0.55,0.52209,0.53058,0.53618,0.53525,0.00591,,,0.00132,,,-0.01538,,,0.01121,,,0.01558,,,-0.00508,,,0.00967,-0.02129,0.03096,0.00206,,,0.52143,0.52251,-0.00108,-0.00739,-0.0101,0.00271,,,,,0.11,,,,,,,,1.0,,,,,,,,0.0,0.0,0.00786,-0.00286,2.75,73.33333,51.12345,,,32.67633,90.47619,93.12169,,,88.88889,80.8547,55.26642,50.52634,,,0.02228,0.02161,,,-0.15,,,,,,,,,0.553,0.602,0.554,0.483,0.538,0.542,2021-11-17,2021-10-14,2021-09-03,2021-12-02,2021-11-08,2021-09-15,9.61,-12.66,2.79,-10.63,11.07,-2.17,10.0,11.0,7.0,15.0,20.0,8.0,1.0,-1.0,0.0,-1.0,1.0,-0.0,0.55,0.535,0.51,0.515,0.505,0.465,2021-12-17,2021-12-13,2021-12-09,2021-12-14,2021-12-10,2021-12-06,0.025,0.039,0.028,0.02,0.027,0.022,2021-10-20,2021-05-10,2020-12-22,2021-08-23,2021-01-18,2020-11-02,0.018,0.023,0.125,-0.026,0.023,0.002,2021-10-27,2021-07-19,2021-04-26,2021-08-24,2021-07-13,2021-01-22,0.027,0.119,0.034,-0.016,-0.06,0.016,2021-10-20,2021-04-19,2020-12-21,2021-12-16,2021-07-29,2021-01-26,0.016,0.035,0.056,0.014,-0.038,0.039,2021-12-13,2021-10-21,2021-07-19,2021-11-24,2021-08-23,2021-06-25,0.002,-0.003,0.026,-0.007,-0.004,-0.017,2021-12-08,2021-10-05,2021-08-24,2021-10-27,2021-09-27,2021-07-28,0.012,0.021,0.017,-0.014,-0.015,-0.033,2021-12-15,2021-07-15,2021-05-27,2021-10-20,2021-06-18,2021-04-26,0.008,0.049,0.022,-0.016,-0.042,-0.043,2021-11-22,2021-08-23,2021-06-14,2021-10-21,2021-07-27,2021-04-27,0.003,0.02,0.009,-0.01,-0.006,-0.026,2021-12-06,2021-08-25,2021-06-09,2021-10-20,2021-07-27,2021-04-27,1806000.0,3687900.0,3184600.0,8.58,-36.04,33.35,0.016,0.017,-0.021,-0.013,0.016,-0.024,-0.002,0.0,0.006,-0.002,-0.005,-0.0,0.01611,0.01481,-0.0237,-0.01174,0.01594,-0.02339,53.992,43.473,57.442,39.403,35.035,41.274,100.0,88.889,16.0,66.667,8.0,4.762,42.512,57.648,71.826,40.657,39.439,55.485,2021-10-07,2021-09-10,2021-06-25,2021-12-06,2021-09-27,2021-07-13,27,77,73,70,76,43,2021-09-02,2021-06-08,2021-03-15,2021-11-03,2021-07-13,2021-05-17,2021-12-16,2021-12-13,2021-12-01,2021-12-14,2021-12-06,2021-11-26,2021-11-19,2021-10-07,2021-08-30,2021-12-02,2021-11-08,2021-09-24,3184600.0,,,,p2p,p2n,,p2n,n2p,Life.Bull,Life.BullRetrace,Life.BullEnd,Life.BullRetrace,Life.BullStart,,
2021-12-20,RL,6.42,7.94,6.07,8.4,4.0,2.98,0,0,0,-,0,0,0,0.5299,,0.53,0.51,,0.52116,0.52978,0.53566,0.53499,0.00587,,,0.00103,,,-0.0151,,,0.01064,,,0.01519,,,-0.00514,-0.005,,0.00932,-0.02097,0.03029,0.00183,,,0.51967,0.52159,-0.00191,-0.0062,-0.00927,0.00307,,,,,,,,,,,,,,,,,,,,,-0.0,-0.04,0.00786,-0.00536,1.46667,59.45946,52.59894,,,18.80246,50.0,80.15873,50.0,,61.11111,76.35328,56.07472,50.96953,,,0.02355,0.02154,,,-0.15,,,,,,,,,0.53,0.553,0.602,0.483,0.538,0.542,2021-12-20,2021-11-17,2021-10-14,2021-12-02,2021-11-08,2021-09-15,0.0,9.73,-12.66,2.79,-10.63,11.07,0.0,11.0,11.0,7.0,15.0,20.0,0.0,1.0,-1.0,0.0,-1.0,1.0,0.55,0.535,0.51,0.51,0.515,0.505,2021-12-17,2021-12-13,2021-12-09,2021-12-20,2021-12-14,2021-12-10,0.025,0.039,0.028,0.02,0.027,0.022,2021-10-20,2021-05-10,2020-12-22,2021-08-23,2021-01-18,2020-11-02,0.018,0.023,0.125,-0.026,0.023,0.002,2021-10-27,2021-07-19,2021-04-26,2021-08-24,2021-07-13,2021-01-22,0.027,0.119,0.034,-0.016,-0.06,0.016,2021-10-20,2021-04-19,2020-12-21,2021-12-16,2021-07-29,2021-01-26,0.016,0.035,0.056,0.014,-0.038,0.039,2021-12-13,2021-10-21,2021-07-19,2021-11-24,2021-08-23,2021-06-25,0.002,-0.003,0.026,-0.007,-0.004,-0.017,2021-12-08,2021-10-05,2021-08-24,2021-10-27,2021-09-27,2021-07-28,0.012,0.021,0.017,-0.014,-0.015,-0.033,2021-12-15,2021-07-15,2021-05-27,2021-10-20,2021-06-18,2021-04-26,0.008,0.049,0.022,-0.005,-0.016,-0.042,2021-11-22,2021-08-23,2021-06-14,2021-12-20,2021-10-21,2021-07-27,0.003,0.02,0.009,-0.01,-0.006,-0.026,2021-12-06,2021-08-25,2021-06-09,2021-10-20,2021-07-27,2021-04-27,3687900.0,3184600.0,3010600.0,-36.04,33.35,13.88,0.016,0.017,-0.021,-0.013,0.016,-0.024,-0.002,0.0,0.006,-0.002,-0.005,-0.0,0.01611,0.01481,-0.0237,-0.01174,0.01594,-0.02339,53.992,43.473,57.442,39.403,35.035,41.274,100.0,88.889,16.0,50.0,66.667,8.0,42.512,57.648,71.826,40.657,39.439,55.485,2021-10-07,2021-09-10,2021-06-25,2021-12-06,2021-09-27,2021-07-13,27,77,73,70,76,43,2021-09-02,2021-06-08,2021-03-15,2021-11-03,2021-07-13,2021-05-17,2021-12-16,2021-12-13,2021-12-01,2021-12-20,2021-12-14,2021-12-06,2021-11-19,2021-10-07,2021-08-30,2021-12-02,2021-11-08,2021-09-24,,,,,p2n,,p2n,n2p,,Life.Bull,Life.BullRetrace,Life.BullEnd,Life.BullRetrace,Life.BullStart,,
2021-12-21,RL,6.42,8.02,6.07,8.48,3.96,2.95,0,0,0,-,0,0,0,0.52957,,,,,0.52069,0.5292,0.53525,0.5348,0.00583,,,0.00071,,,-0.01468,,,0.00984,,,0.01472,,,-0.00508,,,0.00889,-0.02051,0.0294,0.00157,,,0.51895,0.5211,-0.00215,-0.00499,-0.00833,0.00334,,,,,,,,,,,,,,,,,,,,,0.005,0.0,0.00821,-0.00536,1.53333,60.52632,54.00859,,,19.86932,55.0,65.15873,,,33.83838,61.27946,56.89947,51.41054,,,0.02294,0.02147,,,-0.15,,,,,,,,,0.53,0.553,0.602,0.483,0.538,0.542,2021-12-20,2021-11-17,2021-10-14,2021-12-02,2021-11-08,2021-09-15,-0.08,9.73,-12.66,2.79,-10.63,11.07,1.0,11.0,11.0,7.0,15.0,20.0,-0.0,1.0,-1.0,0.0,-1.0,1.0,0.55,0.535,0.51,0.51,0.515,0.505,2021-12-17,2021-12-13,2021-12-09,2021-12-20,2021-12-14,2021-12-10,0.025,0.039,0.028,0.02,0.027,0.022,2021-10-20,2021-05-10,2020-12-22,2021-08-23,2021-01-18,2020-11-02,0.018,0.023,0.125,-0.026,0.023,0.002,2021-10-27,2021-07-19,2021-04-26,2021-08-24,2021-07-13,2021-01-22,0.027,0.119,0.034,-0.016,-0.06,0.016,2021-10-20,2021-04-19,2020-12-21,2021-12-16,2021-07-29,2021-01-26,0.016,0.035,0.056,0.014,-0.038,0.039,2021-12-13,2021-10-21,2021-07-19,2021-11-24,2021-08-23,2021-06-25,0.002,-0.003,0.026,-0.007,-0.004,-0.017,2021-12-08,2021-10-05,2021-08-24,2021-10-27,2021-09-27,2021-07-28,0.012,0.021,0.017,-0.014,-0.015,-0.033,2021-12-15,2021-07-15,2021-05-27,2021-10-20,2021-06-18,2021-04-26,0.008,0.049,0.022,-0.005,-0.016,-0.042,2021-11-22,2021-08-23,2021-06-14,2021-12-20,2021-10-21,2021-07-27,0.003,0.02,0.009,-0.01,-0.006,-0.026,2021-12-06,2021-08-25,2021-06-09,2021-10-20,2021-07-27,2021-04-27,3184600.0,3010600.0,427000.0,33.35,13.88,-32.99,0.016,0.017,-0.021,-0.013,0.016,-0.024,-0.002,0.0,0.006,-0.002,-0.005,-0.0,0.01611,0.01481,-0.0237,-0.01174,0.01594,-0.02339,53.992,43.473,57.442,39.403,35.035,41.274,100.0,88.889,16.0,50.0,66.667,8.0,42.512,57.648,71.826,40.657,39.439,55.485,2021-10-07,2021-09-10,2021-06-25,2021-12-06,2021-09-27,2021-07-13,27,77,73,70,76,43,2021-09-02,2021-06-08,2021-03-15,2021-11-03,2021-07-13,2021-05-17,2021-12-16,2021-12-13,2021-12-01,2021-12-20,2021-12-14,2021-12-06,2021-11-19,2021-10-07,2021-08-30,2021-12-02,2021-11-08,2021-09-24,,,427000.0,,,p2n,n2p,,p2n,Life.Bull,Life.BullRetrace,Life.BullEnd,Life.BullRetrace,Life.BullStart,,
2021-12-22,RL,6.42,8.26,6.07,8.73,3.85,2.86,0,0,0,-,0,0,0,0.52864,,,,,0.5214,0.52923,0.53515,0.53475,0.00578,,,0.00037,,,-0.01416,,,0.00884,,,0.01416,,,-0.0049,,,0.00839,-0.01994,0.02832,0.0013,,,0.52065,0.52176,-0.00111,-0.00378,-0.0073,0.00352,,,,,,,,,,,,,,,,,,,,,0.015,0.0,0.00929,-0.00536,1.73333,63.41463,55.34062,,,22.75763,70.0,58.33333,,,21.21212,38.72054,57.73612,51.84846,,,0.02273,0.02141,,,-0.15,,,,,,,,,0.53,0.553,0.602,0.483,0.538,0.542,2021-12-20,2021-11-17,2021-10-14,2021-12-02,2021-11-08,2021-09-15,-0.26,9.73,-12.66,2.79,-10.63,11.07,2.0,11.0,11.0,7.0,15.0,20.0,-0.0,1.0,-1.0,0.0,-1.0,1.0,0.55,0.535,0.51,0.51,0.515,0.505,2021-12-17,2021-12-13,2021-12-09,2021-12-20,2021-12-14,2021-12-10,0.025,0.039,0.028,0.02,0.027,0.022,2021-10-20,2021-05-10,2020-12-22,2021-08-23,2021-01-18,2020-11-02,0.018,0.023,0.125,-0.026,0.023,0.002,2021-10-27,2021-07-19,2021-04-26,2021-08-24,2021-07-13,2021-01-22,0.027,0.119,0.034,-0.016,-0.06,0.016,2021-10-20,2021-04-19,2020-12-21,2021-12-16,2021-07-29,2021-01-26,0.016,0.035,0.056,0.014,-0.038,0.039,2021-12-13,2021-10-21,2021-07-19,2021-11-24,2021-08-23,2021-06-25,0.002,-0.003,0.026,-0.007,-0.004,-0.017,2021-12-08,2021-10-05,2021-08-24,2021-10-27,2021-09-27,2021-07-28,0.012,0.021,0.017,-0.014,-0.015,-0.033,2021-12-15,2021-07-15,2021-05-27,2021-10-20,2021-06-18,2021-04-26,0.008,0.049,0.022,-0.005,-0.016,-0.042,2021-11-22,2021-08-23,2021-06-14,2021-12-20,2021-10-21,2021-07-27,0.003,0.02,0.009,-0.01,-0.006,-0.026,2021-12-06,2021-08-25,2021-06-09,2021-10-20,2021-07-27,2021-04-27,3010600.0,427000.0,821400.0,13.88,-32.99,-35.69,0.016,0.017,-0.021,-0.013,0.016,-0.024,-0.002,0.0,0.006,-0.002,-0.005,-0.0,0.01611,0.01481,-0.0237,-0.01174,0.01594,-0.02339,53.992,43.473,57.442,39.403,35.035,41.274,100.0,88.889,16.0,50.0,66.667,8.0,42.512,57.648,71.826,40.657,39.439,55.485,2021-10-07,2021-09-10,2021-06-25,2021-12-06,2021-09-27,2021-07-13,27,77,73,70,76,43,2021-09-02,2021-06-08,2021-03-15,2021-11-03,2021-07-13,2021-05-17,2021-12-16,2021-12-13,2021-12-01,2021-12-20,2021-12-14,2021-12-06,2021-11-19,2021-10-07,2021-08-30,2021-12-02,2021-11-08,2021-09-24,,,,,p2n,n2p,,p2n,,Life.Bull,Life.BullRetrace,Life.BullEnd,Life.BullRetrace,Life.BullStart,,
2021-12-23,RL,6.42,8.41,6.07,8.9,3.78,2.81,0,0,0,-,0,0,0,0.52744,,,,0.54,0.52283,0.52965,0.53525,0.5348,0.00572,,,1e-05,,,-0.01354,,,0.00767,,,0.01354,,,-0.00463,,,0.00783,-0.01926,0.02709,0.00101,,,0.52363,0.52311,0.00052,-0.00257,-0.00619,0.00362,,,,,,,,,,,,,,,,,,,,,0.01,0.0,0.01,-0.005,2.0,66.66667,56.59485,,,26.00967,80.0,68.33333,,80.0,42.42424,32.49158,58.57866,52.283,,,0.02253,0.02134,,,-0.15,,,,,,,,,0.53,0.553,0.602,0.483,0.538,0.542,2021-12-20,2021-11-17,2021-10-14,2021-12-02,2021-11-08,2021-09-15,-0.48,9.73,-12.66,2.79,-10.63,11.07,3.0,11.0,11.0,7.0,15.0,20.0,-0.0,1.0,-1.0,0.0,-1.0,1.0,0.54,0.55,0.535,0.51,0.515,0.505,2021-12-23,2021-12-17,2021-12-13,2021-12-20,2021-12-14,2021-12-10,0.025,0.039,0.028,0.02,0.027,0.022,2021-10-20,2021-05-10,2020-12-22,2021-08-23,2021-01-18,2020-11-02,0.018,0.023,0.125,-0.026,0.023,0.002,2021-10-27,2021-07-19,2021-04-26,2021-08-24,2021-07-13,2021-01-22,0.027,0.119,0.034,-0.016,-0.06,0.016,2021-10-20,2021-04-19,2020-12-21,2021-12-16,2021-07-29,2021-01-26,0.016,0.035,0.056,0.014,-0.038,0.039,2021-12-13,2021-10-21,2021-07-19,2021-11-24,2021-08-23,2021-06-25,0.002,-0.003,0.026,-0.007,-0.004,-0.017,2021-12-08,2021-10-05,2021-08-24,2021-10-27,2021-09-27,2021-07-28,0.012,0.021,0.017,-0.014,-0.015,-0.033,2021-12-15,2021-07-15,2021-05-27,2021-10-20,2021-06-18,2021-04-26,0.008,0.049,0.022,-0.005,-0.016,-0.042,2021-11-22,2021-08-23,2021-06-14,2021-12-20,2021-10-21,2021-07-27,0.003,0.02,0.009,-0.01,-0.006,-0.026,2021-12-06,2021-08-25,2021-06-09,2021-10-20,2021-07-27,2021-04-27,427000.0,821400.0,723300.0,-32.99,-35.69,-53.71,0.016,0.017,-0.021,-0.013,0.016,-0.024,-0.002,0.0,0.006,-0.002,-0.005,-0.0,0.01611,0.01481,-0.0237,-0.01174,0.01594,-0.02339,53.992,43.473,57.442,39.403,35.035,41.274,80.0,100.0,88.889,50.0,66.667,8.0,42.512,57.648,71.826,40.657,39.439,55.485,2021-10-07,2021-09-10,2021-06-25,2021-12-06,2021-09-27,2021-07-13,27,77,73,70,76,43,2021-09-02,2021-06-08,2021-03-15,2021-11-03,2021-07-13,2021-05-17,2021-12-23,2021-12-16,2021-12-13,2021-12-20,2021-12-14,2021-12-06,2021-11-19,2021-10-07,2021-08-30,2021-12-02,2021-11-08,2021-09-24,,,,,n2p,,p2n,,,Life.Bull,Life.BullRetrace,Life.BullEnd,Life.BullRetrace,Life.BullStart,,
2021-12-24,RL,6.42,8.26,6.07,8.73,3.85,2.86,0,0,0,-,0,0,0,0.52632,,,,,0.52338,0.52966,0.53514,0.53475,0.00564,,,-0.00036,,,-0.01287,,,0.00635,,,0.01287,,,-0.00429,,,0.00723,-0.01851,0.02574,0.00072,,,0.52461,0.52362,0.00099,-0.00139,-0.00503,0.00365,,,,0.004,,,,,,,,,,,,,,,,,-0.0,-0.01,0.01,-0.00536,1.86667,65.11628,57.7778,,,24.45928,66.66667,72.22222,,,57.19697,40.27778,59.42092,52.71449,,,0.02199,0.02127,,,-0.15,,,,,,,,,0.53,0.553,0.602,0.483,0.538,0.542,2021-12-20,2021-11-17,2021-10-14,2021-12-02,2021-11-08,2021-09-15,-0.69,9.73,-12.66,2.79,-10.63,11.07,4.0,11.0,11.0,7.0,15.0,20.0,-0.0,1.0,-1.0,0.0,-1.0,1.0,0.54,0.55,0.535,0.51,0.515,0.505,2021-12-23,2021-12-17,2021-12-13,2021-12-20,2021-12-14,2021-12-10,0.025,0.039,0.028,0.02,0.027,0.022,2021-10-20,2021-05-10,2020-12-22,2021-08-23,2021-01-18,2020-11-02,0.018,0.023,0.125,-0.026,0.023,0.002,2021-10-27,2021-07-19,2021-04-26,2021-08-24,2021-07-13,2021-01-22,0.027,0.119,0.034,-0.016,-0.06,0.016,2021-10-20,2021-04-19,2020-12-21,2021-12-16,2021-07-29,2021-01-26,0.016,0.035,0.056,0.014,-0.038,0.039,2021-12-13,2021-10-21,2021-07-19,2021-11-24,2021-08-23,2021-06-25,0.002,-0.003,0.026,-0.007,-0.004,-0.017,2021-12-08,2021-10-05,2021-08-24,2021-10-27,2021-09-27,2021-07-28,0.012,0.021,0.017,-0.014,-0.015,-0.033,2021-12-15,2021-07-15,2021-05-27,2021-10-20,2021-06-18,2021-04-26,0.008,0.049,0.022,-0.005,-0.016,-0.042,2021-11-22,2021-08-23,2021-06-14,2021-12-20,2021-10-21,2021-07-27,0.003,0.02,0.009,-0.01,-0.006,-0.026,2021-12-06,2021-08-25,2021-06-09,2021-10-20,2021-07-27,2021-04-27,821400.0,723300.0,539300.0,-35.69,-53.71,5.7,0.016,0.017,-0.021,-0.013,0.016,-0.024,0.004,-0.002,0.0,-0.002,-0.005,-0.0,0.01611,0.01481,-0.0237,-0.01174,0.01594,-0.02339,53.992,43.473,57.442,39.403,35.035,41.274,80.0,100.0,88.889,50.0,66.667,8.0,42.512,57.648,71.826,40.657,39.439,55.485,2021-10-07,2021-09-10,2021-06-25,2021-12-06,2021-09-27,2021-07-13,27,77,73,70,76,43,2021-09-02,2021-06-08,2021-03-15,2021-11-03,2021-07-13,2021-05-17,2021-12-23,2021-12-16,2021-12-13,2021-12-20,2021-12-14,2021-12-06,2021-11-19,2021-10-07,2021-08-30,2021-12-02,2021-11-08,2021-09-24,-539300.0,,,,,p2n,,,n2p,Life.Bull,Life.BullRetrace,Life.BullEnd,Life.BullRetrace,Life.BullStart,,
2021-12-27,RL,6.42,8.18,6.07,8.65,3.89,2.89,0,0,0,-,0,0,0,0.52541,,,,,0.52351,0.52948,0.53494,0.53466,0.00555,,,-0.00074,,,-0.01216,,,0.00495,,,0.01216,,,-0.0039,,,0.00661,-0.01771,0.02432,0.00041,,,0.52467,0.52372,0.00095,-0.00022,-0.00384,0.00362,,,,,,,,,,,,,,,,,,,,,-0.0,-0.005,0.00857,-0.00571,1.5,60.0,58.90542,,,19.343,56.25,67.63889,,,61.09307,53.57143,60.25897,53.14362,,,0.02114,0.0212,,,-0.15,,,,,,,,,0.53,0.553,0.602,0.483,0.538,0.542,2021-12-20,2021-11-17,2021-10-14,2021-12-02,2021-11-08,2021-09-15,-0.87,9.73,-12.66,2.79,-10.63,11.07,5.0,11.0,11.0,7.0,15.0,20.0,-0.0,1.0,-1.0,0.0,-1.0,1.0,0.54,0.55,0.535,0.51,0.515,0.505,2021-12-23,2021-12-17,2021-12-13,2021-12-20,2021-12-14,2021-12-10,0.025,0.039,0.028,0.02,0.027,0.022,2021-10-20,2021-05-10,2020-12-22,2021-08-23,2021-01-18,2020-11-02,0.018,0.023,0.125,-0.026,0.023,0.002,2021-10-27,2021-07-19,2021-04-26,2021-08-24,2021-07-13,2021-01-22,0.027,0.119,0.034,-0.016,-0.06,0.016,2021-10-20,2021-04-19,2020-12-21,2021-12-16,2021-07-29,2021-01-26,0.016,0.035,0.056,0.014,-0.038,0.039,2021-12-13,2021-10-21,2021-07-19,2021-11-24,2021-08-23,2021-06-25,0.002,-0.003,0.026,-0.007,-0.004,-0.017,2021-12-08,2021-10-05,2021-08-24,2021-10-27,2021-09-27,2021-07-28,0.012,0.021,0.017,-0.014,-0.015,-0.033,2021-12-15,2021-07-15,2021-05-27,2021-10-20,2021-06-18,2021-04-26,0.008,0.049,0.022,-0.005,-0.016,-0.042,2021-11-22,2021-08-23,2021-06-14,2021-12-20,2021-10-21,2021-07-27,0.003,0.02,0.009,-0.01,-0.006,-0.026,2021-12-06,2021-08-25,2021-06-09,2021-10-20,2021-07-27,2021-04-27,723300.0,539300.0,493700.0,-53.71,5.7,-15.72,0.016,0.017,-0.021,-0.013,0.016,-0.024,0.004,-0.002,0.0,-0.002,-0.005,-0.0,0.01611,0.01481,-0.0237,-0.01174,0.01594,-0.02339,53.992,43.473,57.442,39.403,35.035,41.274,80.0,100.0,88.889,50.0,66.667,8.0,42.512,57.648,71.826,40.657,39.439,55.485,2021-10-07,2021-09-10,2021-06-25,2021-12-06,2021-09-27,2021-07-13,27,77,73,70,76,43,2021-09-02,2021-06-08,2021-03-15,2021-11-03,2021-07-13,2021-05-17,2021-12-23,2021-12-16,2021-12-13,2021-12-20,2021-12-14,2021-12-06,2021-11-19,2021-10-07,2021-08-30,2021-12-02,2021-11-08,2021-09-24,,,,,p2n,,,n2p,,Life.Bull,Life.BullRetrace,Life.BullEnd,Life.BullRetrace,Life.BullStart,,
