Date,Counter,Open,High,Low,Close,AdjClose,Volume,Dividends,StockSplits,macd_short,macd_long,MACD,MACD_signal,macd_distance,macd_troughs,macd_peaks,macd_avg5,macd_avg10,macd_avg15,macd_avg20,ma25,ma50,ma100,ma200,smooth_close,smooth_troughs,smooth_peaks,smooth_distance,close_troughs,close_peaks,PnL1,PnL2,PnL3,PnL4,PnL5,PnL6,PnL7,PnL8,PnL1_days,PnL2_days,PnL3_days,PnL4_days,PnL5_days,PnL6_days,PnL7_days,PnL8_days,rsi_up_chg,rsi_down_chg,rsi_up_chg_avg,rsi_down_chg_avg,rsi_rs,RSI,rsi_troughs,rsi_peaks,rsi_distance,fastK,fastD,fast_troughs,fast_peaks,slowK,slowD,slow_troughs,slow_peaks,dist_no25,dist_no200,dist_all4,all_no25,no200_no25,all_no200,bull_start,bull,bull_retrace,bull_end,bear_start,bear,bear_recovery,bear_end,close_p1,close_p2,close_p3,close_t1,close_t2,close_t3,close_p1_date,close_p2_date,close_p3_date,close_t1_date,close_t2_date,close_t3_date,v7,v6,v5,v4,v3,v2,v1,v7p,v6p,v5p,v4p,v3p,v2p,v1p,rise_macd,bull_macd,bear_macd,bull_rsi,bear_rsi,macd_p1,macd_p2,macd_p3,macd_t1,macd_t2,macd_t3,macd_p1_signal,macd_p2_signal,macd_p3_signal,macd_t1_signal,macd_t2_signal,macd_t3_signal,slow_p1,slow_p2,slow_p3,slow_t1,slow_t2,slow_t3,fast_p1,fast_p2,fast_p3,fast_t1,fast_t2,fast_t3,rsi_p1,rsi_p2,rsi_p3,rsi_t1,rsi_t2,rsi_t3,macd_p1_date,macd_p2_date,macd_p3_date,macd_t1_date,macd_t2_date,macd_t3_date,slow_p1_date,slow_p2_date,slow_p3_date,slow_t1_date,slow_t2_date,slow_t3_date,fast_p1_date,fast_p2_date,fast_p3_date,fast_t1_date,fast_t2_date,fast_t3_date,rsi_p1_date,rsi_p2_date,rsi_p3_date,rsi_t1_date,rsi_t2_date,rsi_t3_date,mp_avg1,mp_avg2,mp_avg3,mt_avg1,mt_avg2,mt_avg3,sp_avg1,sp_avg2,sp_avg3,st_avg1,st_avg2,st_avg3,fp_avg1,fp_avg2,fp_avg3,ft_avg1,ft_avg2,ft_avg3,rp_avg1,rp_avg2,rp_avg3,rt_avg1,rt_avg2,rt_avg3,min_mpavg3,max_mpavg3,min_mtavg3,max_mtavg3,min_spavg3,max_spavg3,min_stavg3,max_stavg3,min_fpavg3,max_fpavg3,min_ftavg3,max_ftavg3,min_rpavg3,max_rpavg3,min_rtavg3,max_rtavg3,mincp,maxcp,minct,maxct,minmp,maxmp,minmt,maxmt,minsp,maxsp,minst,maxst,minfp,maxfp,minft,maxft,minrp,maxrp,minrt,maxrt,sp_high,sp_vhigh,sp_uhigh,st_high,st_vhigh,st_uhigh,sp_low,sp_vlow,sp_ulow,st_low,st_vlow,st_ulow,fp_high,fp_vhigh,fp_uhigh,ft_high,ft_vhigh,ft_uhigh,fp_low,fp_vlow,fp_ulow,ft_low,ft_vlow,ft_ulow,spavg_high,spavg_vhigh,spavg_uhigh,stavg_high,stavg_vhigh,stavg_uhigh,spavg_low,spavg_vlow,spavg_ulow,stavg_low,stavg_vlow,stavg_ulow,fpavg_high,fpavg_vhigh,fpavg_uhigh,ftavg_high,ftavg_vhigh,ftavg_uhigh,fpavg_low,fpavg_vlow,fpavg_ulow,ftavg_low,ftavg_vlow,ftavg_ulow,rp_high,rp_low,rt_high,rt_low,rpavg_high,rpavg_low,rtavg_high,rtavg_low,mp_positives,mt_positives,mpavg_positives,mtavg_positives,lives_up,lives_down,life5,life4,life3,life2,life1
2019-01-31,TOPVISN,0.379,0.379,0.379,0.379,0.379,0,0.0,0,0.36794,0.35176,0.01619,0.0178,-0.00161,,,-0.00199,-0.00183,-0.00141,-0.00033,0.353,0.32477,0.29144,0.26449,0.37584,,,,,,,,,,,,,,,,,,,,,,0.0,0.0,0.00176,0.0,,,,,,100.0,100.0,,,,,,,0.6028,0.6156,0.8851,0.2823,0.0128,0.2695,0.15,,,,,,,,0,0,0,0,0,0,,,,,,,5000,15000,10000,28000,10000,5000,3000,2.15,-65.37,-0.12,26.83,-9.62,-11.7,-8.43,1,0,2,0,0,0.025,0.017,0.0,0.015,100.0,100.0,0.0228,0.01432,0.0,0.01503,100.0,100.0,0,0,0,100,100,100,0,0,0,100,100,100,0,0,0,100,100,100,2019-01-08,2018-12-17,,2018-12-24,,,,,,,,,,,,,,,,,,,,,0.014,0.00567,0.0,66.67167,0.0,0.0,0,0,0,0,0,0,0,0,0,0,0,0,0,0,0,0,0,0,0,1,0,1,0,0,0,0,0,0,0,0,0,0,0,0,0,0,0,0,0,1,1,0,0,0,0,0,0,0,0,0,0,0,0,0,0,0,0,1,1,1,1,1,1,0,0,0,0,0,0,1,1,1,1,1,1,0,0,0,0,0,0,0,0,0,1,1,1,1,1,1,0,0,0,0,0,0,1,1,1,1,1,1,0,1,1,0,0,1,0,1,0,1,0,1,,,Life.BullStart,Life.Bull,Life.BullStart,Life.Bull,Life.BullStart
2019-02-04,TOPVISN,0.379,0.379,0.379,0.379,0.379,0,0.0,0,0.36965,0.35377,0.01587,0.01741,-0.00154,,,-0.0019,-0.00186,-0.00154,-0.00063,0.355,0.3269,0.29318,0.26563,0.37692,,,,,,,,,,,,,,,,,,,,,,0.0,0.0,0.00176,0.0,,,,,,100.0,100.0,,,100.0,,,,0.6127,0.6182,0.8937,0.281,0.0055,0.2755,,0.15,,,,,,,0,0,0,0,0,0,,,,,,,5000,15000,10000,28000,10000,5000,3000,2.15,-65.37,-0.12,26.83,-9.62,-11.7,-8.43,1,0,2,0,0,0.025,0.017,0.0,0.015,100.0,100.0,0.0228,0.01432,0.0,0.01503,100.0,100.0,0,0,0,100,100,100,0,0,0,100,100,100,0,0,0,100,100,100,2019-01-08,2018-12-17,,2018-12-24,,,,,,,,,,,,,,,,,,,,,0.014,0.00567,0.0,66.67167,0.0,0.0,0,0,0,0,0,0,0,0,0,0,0,0,0,0,0,0,0,0,0,1,0,1,0,0,0,0,0,0,0,0,0,0,0,0,0,0,0,0,0,1,1,0,0,0,0,0,0,0,0,0,0,0,0,0,0,0,0,1,1,1,1,1,1,0,0,0,0,0,0,1,1,1,1,1,1,0,0,0,0,0,0,0,0,0,1,1,1,1,1,1,0,0,0,0,0,0,1,1,1,1,1,1,0,1,1,0,0,1,0,1,0,1,0,1,,,Life.Bull,Life.BullStart,Life.Bull,Life.BullStart,Life.Bull
2019-02-07,TOPVISN,0.379,0.379,0.379,0.379,0.379,0,0.0,0,0.37108,0.35564,0.01544,0.01702,-0.00158,,,-0.00178,-0.00186,-0.00163,-0.0009,0.35685,0.32894,0.29488,0.26676,0.37777,,,,,,,,,,,,,,,,,,,,,,0.0,0.0,0.00176,0.0,,,,,,100.0,100.0,,,100.0,,,,0.6218,0.6197,0.9009,0.2791,-0.0021,0.2812,,0.15,,,,,,,0,0,0,0,0,0,,,,,,,5000,15000,10000,28000,10000,5000,3000,2.15,-65.37,-0.12,26.83,-9.62,-11.7,-8.43,1,0,1,0,0,0.025,0.017,0.0,0.015,100.0,100.0,0.0228,0.01432,0.0,0.01503,100.0,100.0,0,0,0,100,100,100,0,0,0,100,100,100,0,0,0,100,100,100,2019-01-08,2018-12-17,,2018-12-24,,,,,,,,,,,,,,,,,,,,,0.014,0.00567,0.0,66.67167,0.0,0.0,0,0,0,0,0,0,0,0,0,0,0,0,0,0,0,0,0,0,0,1,0,1,0,0,0,0,0,0,0,0,0,0,0,0,0,0,0,0,0,1,1,0,0,0,0,0,0,0,0,0,0,0,0,0,0,0,0,1,1,1,1,1,1,0,0,0,0,0,0,1,1,1,1,1,1,0,0,0,0,0,0,0,0,0,1,1,1,1,1,1,0,0,0,0,0,0,1,1,1,1,1,1,0,1,1,0,0,1,0,1,0,1,0,1,,,Life.Bull,Life.BullStart,Life.Bull,Life.BullStart,Life.Bull
2019-02-08,TOPVISN,0.379,0.379,0.379,0.379,0.379,0,0.0,0,0.3723,0.35737,0.01493,0.0166,-0.00167,,,-0.00165,-0.00184,-0.00167,-0.00113,0.35855,0.3309,0.29654,0.26787,0.37839,,,,,,,,,,,,,,,,,,,,,,0.0,0.0,0.00106,0.0,,,,,,100.0,100.0,,,,,,,0.6303,0.6201,0.9068,0.2765,-0.0102,0.2867,,0.15,,,,,,,0,0,0,0,0,0,,,,,,,5000,15000,10000,28000,10000,5000,3000,2.15,-65.37,-0.12,26.83,-9.62,-11.7,-8.43,0,0,1,0,0,0.025,0.017,0.0,0.015,100.0,100.0,0.0228,0.01432,0.0,0.01503,100.0,100.0,0,0,0,100,100,100,0,0,0,100,100,100,0,0,0,100,100,100,2019-01-08,2018-12-17,,2018-12-24,,,,,,,,,,,,,,,,,,,,,0.014,0.00567,0.0,66.67167,0.0,0.0,0,0,0,0,0,0,0,0,0,0,0,0,0,0,0,0,0,0,0,1,0,1,0,0,0,0,0,0,0,0,0,0,0,0,0,0,0,0,0,1,1,0,0,0,0,0,0,0,0,0,0,0,0,0,0,0,0,1,1,1,1,1,1,0,0,0,0,0,0,1,1,1,1,1,1,0,0,0,0,0,0,0,0,0,1,1,1,1,1,1,0,0,0,0,0,0,1,1,1,1,1,1,0,1,1,0,0,1,0,1,0,1,0,1,,,Life.Bull,Life.BullStart,Life.Bull,Life.BullStart,Life.Bull
2019-02-11,TOPVISN,0.379,0.379,0.379,0.379,0.379,0,0.0,0,0.37333,0.35897,0.01436,0.01615,-0.0018,,,-0.00164,-0.00184,-0.00173,-0.00133,0.36012,0.33279,0.29817,0.26898,0.37877,,,,,,,,,,,,,,,,,,,,,,0.0,0.0,0.00106,0.0,,,,,,100.0,100.0,,,,,,,0.6381,0.6195,0.9114,0.2733,-0.0186,0.2919,,0.15,,,,,,,0,0,0,0,0,0,,,,,,,5000,15000,10000,28000,10000,5000,3000,2.15,-65.37,-0.12,26.83,-9.62,-11.7,-8.43,0,0,1,0,0,0.025,0.017,0.0,0.015,100.0,100.0,0.0228,0.01432,0.0,0.01503,100.0,100.0,0,0,0,100,100,100,0,0,0,100,100,100,0,0,0,100,100,100,2019-01-08,2018-12-17,,2018-12-24,,,,,,,,,,,,,,,,,,,,,0.014,0.00567,0.0,66.67167,0.0,0.0,0,0,0,0,0,0,0,0,0,0,0,0,0,0,0,0,0,0,0,1,0,1,0,0,0,0,0,0,0,0,0,0,0,0,0,0,0,0,0,1,1,0,0,0,0,0,0,0,0,0,0,0,0,0,0,0,0,1,1,1,1,1,1,0,0,0,0,0,0,1,1,1,1,1,1,0,0,0,0,0,0,0,0,0,1,1,1,1,1,1,0,0,0,0,0,0,1,1,1,1,1,1,0,1,1,0,0,1,0,1,0,1,0,1,,,Life.Bull,Life.BullStart,Life.Bull,Life.BullStart,Life.Bull
2019-02-12,TOPVISN,0.379,0.379,0.379,0.379,0.379,0,0.0,0,0.3742,0.36046,0.01375,0.01567,-0.00193,,,-0.0017,-0.00185,-0.00179,-0.00149,0.36158,0.3346,0.29977,0.27007,0.37895,,,,,,,,,,,,,,,,,,,,,,0.0,0.0,0.00106,0.0,,,,,,100.0,100.0,,,,,,,0.6453,0.6181,0.9151,0.2698,-0.0272,0.297,,,0.15,,,,,,0,0,0,0,0,0,,,,,,,5000,15000,10000,28000,10000,5000,3000,2.15,-65.37,-0.12,26.83,-9.62,-11.7,-8.43,0,0,1,0,0,0.025,0.017,0.0,0.015,100.0,100.0,0.0228,0.01432,0.0,0.01503,100.0,100.0,0,0,0,100,100,100,0,0,0,100,100,100,0,0,0,100,100,100,2019-01-08,2018-12-17,,2018-12-24,,,,,,,,,,,,,,,,,,,,,0.014,0.00567,0.0,66.67167,0.0,0.0,0,0,0,0,0,0,0,0,0,0,0,0,0,0,0,0,0,0,0,1,0,1,0,0,0,0,0,0,0,0,0,0,0,0,0,0,0,0,0,1,1,0,0,0,0,0,0,0,0,0,0,0,0,0,0,0,0,1,1,1,1,1,1,0,0,0,0,0,0,1,1,1,1,1,1,0,0,0,0,0,0,0,0,0,1,1,1,1,1,1,0,0,0,0,0,0,1,1,1,1,1,1,0,1,1,0,0,1,0,1,0,1,0,1,,,Life.BullStart,Life.Bull,Life.BullStart,Life.Bull,Life.BullRetrace
2019-02-13,TOPVISN,0.379,0.379,0.379,0.379,0.379,0,0.0,0,0.37494,0.36183,0.01311,0.01516,-0.00205,,,-0.0018,-0.00185,-0.00184,-0.00161,0.36292,0.33634,0.30134,0.27116,0.379,,,,,,,,,,,,,,,,,,,,,,0.0,0.0,0.00106,0.0,,,,,,100.0,100.0,,,,,,,0.6518,0.6158,0.9176,0.2658,-0.036,0.3018,0.15,,,,,,,,0,0,0,0,0,0,,,,,,,5000,15000,10000,28000,10000,5000,3000,2.15,-65.37,-0.12,26.83,-9.62,-11.7,-8.43,0,0,1,0,0,0.025,0.017,0.0,0.015,100.0,100.0,0.0228,0.01432,0.0,0.01503,100.0,100.0,0,0,0,100,100,100,0,0,0,100,100,100,0,0,0,100,100,100,2019-01-08,2018-12-17,,2018-12-24,,,,,,,,,,,,,,,,,,,,,0.014,0.00567,0.0,66.67167,0.0,0.0,0,0,0,0,0,0,0,0,0,0,0,0,0,0,0,0,0,0,0,1,0,1,0,0,0,0,0,0,0,0,0,0,0,0,0,0,0,0,0,1,1,0,0,0,0,0,0,0,0,0,0,0,0,0,0,0,0,1,1,1,1,1,1,0,0,0,0,0,0,1,1,1,1,1,1,0,0,0,0,0,0,0,0,0,1,1,1,1,1,1,0,0,0,0,0,0,1,1,1,1,1,1,0,1,1,0,0,1,0,1,0,1,0,1,,-0.005,Life.Bull,Life.BullStart,Life.Bull,Life.BullRetrace,Life.BullStart
2019-02-14,TOPVISN,0.379,0.379,0.379,0.379,0.379,0,0.0,0,0.37557,0.3631,0.01246,0.01462,-0.00216,,,-0.00192,-0.00185,-0.00188,-0.0017,0.36415,0.33802,0.30288,0.27223,0.379,,,,,,,,,,,,,,,,,,,,,,0.0,0.0,0.00106,0.0,,,,,,100.0,100.0,,,,,,,0.6579,0.6127,0.9192,0.2613,-0.0452,0.3065,0.15,,,,,,,,0,0,0,0,0,0,,,,,,,5000,15000,10000,28000,10000,5000,3000,2.15,-65.37,-0.12,26.83,-9.62,-11.7,-8.43,0,0,1,0,0,0.025,0.017,0.0,0.015,100.0,100.0,0.0228,0.01432,0.0,0.01503,100.0,100.0,0,0,0,100,100,100,0,0,0,100,100,100,0,0,0,100,100,100,2019-01-08,2018-12-17,,2018-12-24,,,,,,,,,,,,,,,,,,,,,0.014,0.00567,0.0,66.67167,0.0,0.0,0,0,0,0,0,0,0,0,0,0,0,0,0,0,0,0,0,0,0,1,0,1,0,0,0,0,0,0,0,0,0,0,0,0,0,0,0,0,0,1,1,0,0,0,0,0,0,0,0,0,0,0,0,0,0,0,0,1,1,1,1,1,1,0,0,0,0,0,0,1,1,1,1,1,1,0,0,0,0,0,0,0,0,0,1,1,1,1,1,1,0,0,0,0,0,0,1,1,1,1,1,1,0,1,1,0,0,1,0,1,0,1,0,1,,-0.005,Life.Bull,Life.BullStart,Life.Bull,Life.BullRetrace,Life.BullStart
2019-02-15,TOPVISN,0.379,0.379,0.379,0.379,0.379,0,0.0,0,0.37609,0.36428,0.01181,0.01406,-0.00225,,,-0.00203,-0.00184,-0.00191,-0.00176,0.3653,0.33962,0.30439,0.27329,0.379,,,,,,,,,,,,,,,,,,,,,,0.0,0.0,0.00071,0.0,,,,,,100.0,100.0,,,,,,,0.6633,0.6091,0.9201,0.2568,-0.0542,0.311,0.15,,,,,,,,0,0,0,0,0,0,,,,,,,5000,15000,10000,28000,10000,5000,3000,2.15,-65.37,-0.12,26.83,-9.62,-11.7,-8.43,0,0,1,0,0,0.025,0.017,0.0,0.015,100.0,100.0,0.0228,0.01432,0.0,0.01503,100.0,100.0,0,0,0,100,100,100,0,0,0,100,100,100,0,0,0,100,100,100,2019-01-08,2018-12-17,,2018-12-24,,,,,,,,,,,,,,,,,,,,,0.014,0.00567,0.0,66.67167,0.0,0.0,0,0,0,0,0,0,0,0,0,0,0,0,0,0,0,0,0,0,0,1,0,1,0,0,0,0,0,0,0,0,0,0,0,0,0,0,0,0,0,1,1,0,0,0,0,0,0,0,0,0,0,0,0,0,0,0,0,1,1,1,1,1,1,0,0,0,0,0,0,1,1,1,1,1,1,0,0,0,0,0,0,0,0,0,1,1,1,1,1,1,0,0,0,0,0,0,1,1,1,1,1,1,0,1,1,0,0,1,0,1,0,1,0,1,,-0.005,Life.Bull,Life.BullStart,Life.Bull,Life.BullRetrace,Life.BullStart
2019-02-18,TOPVISN,0.379,0.379,0.379,0.379,0.379,0,0.0,0,0.37654,0.36537,0.01117,0.01348,-0.00231,,,-0.00214,-0.00189,-0.00194,-0.00183,0.36635,0.34117,0.30587,0.27434,0.379,,,,,,,,,,,,,,,,,,,,,,0.0,0.0,0.00071,0.0,,,,,,100.0,100.0,,,,,,,0.6683,0.6048,0.9201,0.2518,-0.0635,0.3153,0.15,,,,,,,,0,0,0,0,0,0,,,,,,,5000,15000,10000,28000,10000,5000,3000,2.15,-65.37,-0.12,26.83,-9.62,-11.7,-8.43,0,0,1,0,0,0.025,0.017,0.0,0.015,100.0,100.0,0.0228,0.01432,0.0,0.01503,100.0,100.0,0,0,0,100,100,100,0,0,0,100,100,100,0,0,0,100,100,100,2019-01-08,2018-12-17,,2018-12-24,,,,,,,,,,,,,,,,,,,,,0.014,0.00567,0.0,66.67167,0.0,0.0,0,0,0,0,0,0,0,0,0,0,0,0,0,0,0,0,0,0,0,1,0,1,0,0,0,0,0,0,0,0,0,0,0,0,0,0,0,0,0,1,1,0,0,0,0,0,0,0,0,0,0,0,0,0,0,0,0,1,1,1,1,1,1,0,0,0,0,0,0,1,1,1,1,1,1,0,0,0,0,0,0,0,0,0,1,1,1,1,1,1,0,0,0,0,0,0,1,1,1,1,1,1,0,1,1,0,0,1,0,1,0,1,0,1,,-0.005,Life.Bull,Life.BullStart,Life.Bull,Life.BullRetrace,Life.BullStart
2019-02-19,TOPVISN,0.379,0.379,0.379,0.379,0.379,0,0.0,0,0.37692,0.36638,0.01054,0.01289,-0.00235,,,-0.00222,-0.00196,-0.00197,-0.0019,0.36732,0.34265,0.30731,0.27539,0.379,,,,,,,,,,,,,,,,,,,,,,0.0,0.0,0.00071,0.0,,,,,,100.0,100.0,,,,,,,0.6726,0.6001,0.9193,0.2467,-0.0725,0.3192,0.15,,,,,,,,0,0,0,0,0,0,,,,,,,5000,15000,10000,28000,10000,5000,3000,2.15,-65.37,-0.12,26.83,-9.62,-11.7,-8.43,0,0,1,0,0,0.025,0.017,0.0,0.015,100.0,100.0,0.0228,0.01432,0.0,0.01503,100.0,100.0,0,0,0,100,100,100,0,0,0,100,100,100,0,0,0,100,100,100,2019-01-08,2018-12-17,,2018-12-24,,,,,,,,,,,,,,,,,,,,,0.014,0.00567,0.0,66.67167,0.0,0.0,0,0,0,0,0,0,0,0,0,0,0,0,0,0,0,0,0,0,0,1,0,1,0,0,0,0,0,0,0,0,0,0,0,0,0,0,0,0,0,1,1,0,0,0,0,0,0,0,0,0,0,0,0,0,0,0,0,1,1,1,1,1,1,0,0,0,0,0,0,1,1,1,1,1,1,0,0,0,0,0,0,0,0,0,1,1,1,1,1,1,0,0,0,0,0,0,1,1,1,1,1,1,0,1,1,0,0,1,0,1,0,1,0,1,,-0.005,Life.Bull,Life.BullStart,Life.Bull,Life.BullRetrace,Life.BullStart
2019-02-20,TOPVISN,0.379,0.379,0.379,0.379,0.379,0,0.0,0,0.37724,0.36732,0.00992,0.0123,-0.00237,,,-0.00229,-0.00205,-0.002,-0.00195,0.36822,0.34408,0.30873,0.27642,0.379,,,,,,,,,,,,,,,,,,,,,,0.0,0.0,0.00071,0.0,,,,,,100.0,100.0,,,,,,,0.6766,0.5949,0.918,0.2414,-0.0817,0.3231,0.15,,,,,,,,0,0,0,0,0,0,,,,,,,5000,15000,10000,28000,10000,5000,3000,2.15,-65.37,-0.12,26.83,-9.62,-11.7,-8.43,0,0,1,0,0,0.025,0.017,0.0,0.015,100.0,100.0,0.0228,0.01432,0.0,0.01503,100.0,100.0,0,0,0,100,100,100,0,0,0,100,100,100,0,0,0,100,100,100,2019-01-08,2018-12-17,,2018-12-24,,,,,,,,,,,,,,,,,,,,,0.014,0.00567,0.0,66.67167,0.0,0.0,0,0,0,0,0,0,0,0,0,0,0,0,0,0,0,0,0,0,0,1,0,1,0,0,0,0,0,0,0,0,0,0,0,0,0,0,0,0,0,1,1,0,0,0,0,0,0,0,0,0,0,0,0,0,0,0,0,1,1,1,1,1,1,0,0,0,0,0,0,1,1,1,1,1,1,0,0,0,0,0,0,0,0,0,1,1,1,1,1,1,0,0,0,0,0,0,1,1,1,1,1,1,0,1,1,0,0,1,0,1,0,1,0,1,,-0.005,Life.Bull,Life.BullStart,Life.Bull,Life.BullRetrace,Life.BullStart
2019-02-21,TOPVISN,0.379,0.379,0.379,0.379,0.379,0,0.0,0,0.37751,0.36818,0.00933,0.01171,-0.00238,,,-0.00233,-0.00213,-0.00201,-0.00199,0.36905,0.34545,0.31012,0.27744,0.379,,,,,,,,,,,,,,,,,,,,,,0.0,0.0,0.00071,0.0,,,,,,,,,,,,,,0.6801,0.5893,0.9161,0.236,-0.0908,0.3268,0.15,,,,,,,,0,0,0,0,0,0,,,,,,,5000,15000,10000,28000,10000,5000,3000,2.15,-65.37,-0.12,26.83,-9.62,-11.7,-8.43,0,0,1,0,0,0.025,0.017,0.0,0.015,100.0,100.0,0.0228,0.01432,0.0,0.01503,100.0,100.0,0,0,0,100,100,100,0,0,0,100,100,100,0,0,0,100,100,100,2019-01-08,2018-12-17,,2018-12-24,,,,,,,,,,,,,,,,,,,,,0.014,0.00567,0.0,66.67167,0.0,0.0,0,0,0,0,0,0,0,0,0,0,0,0,0,0,0,0,0,0,0,1,0,1,0,0,0,0,0,0,0,0,0,0,0,0,0,0,0,0,0,1,1,0,0,0,0,0,0,0,0,0,0,0,0,0,0,0,0,1,1,1,1,1,1,0,0,0,0,0,0,1,1,1,1,1,1,0,0,0,0,0,0,0,0,0,1,1,1,1,1,1,0,0,0,0,0,0,1,1,1,1,1,1,0,1,1,0,0,1,0,1,0,1,0,1,,-0.005,Life.Bull,Life.BullStart,Life.Bull,Life.BullRetrace,Life.BullStart
2019-02-22,TOPVISN,0.379,0.379,0.379,0.379,0.379,0,0.0,0,0.37774,0.36898,0.00876,0.01112,-0.00236,,,-0.00235,-0.00219,-0.00201,-0.00202,0.36982,0.34676,0.31149,0.27845,0.379,,,,,,,,,,,,,,,,,,,,,,0.0,0.0,0.0,0.0,,,,,,,,,,,,,,0.6831,0.5833,0.9137,0.2306,-0.0998,0.3304,0.15,,,,,,,,0,0,0,0,0,0,,,,,,,5000,15000,10000,28000,10000,5000,3000,2.15,-65.37,-0.12,26.83,-9.62,-11.7,-8.43,0,0,1,0,0,0.025,0.017,0.0,0.015,100.0,100.0,0.0228,0.01432,0.0,0.01503,100.0,100.0,0,0,0,100,100,100,0,0,0,100,100,100,0,0,0,100,100,100,2019-01-08,2018-12-17,,2018-12-24,,,,,,,,,,,,,,,,,,,,,0.014,0.00567,0.0,66.67167,0.0,0.0,0,0,0,0,0,0,0,0,0,0,0,0,0,0,0,0,0,0,0,1,0,1,0,0,0,0,0,0,0,0,0,0,0,0,0,0,0,0,0,1,1,0,0,0,0,0,0,0,0,0,0,0,0,0,0,0,0,1,1,1,1,1,1,0,0,0,0,0,0,1,1,1,1,1,1,0,0,0,0,0,0,0,0,0,1,1,1,1,1,1,0,0,0,0,0,0,1,1,1,1,1,1,0,1,1,0,0,1,0,1,0,1,0,1,,-0.005,Life.Bull,Life.BullStart,Life.Bull,Life.BullRetrace,Life.BullStart
2019-02-25,TOPVISN,0.379,0.379,0.379,0.379,0.379,0,0.0,0,0.37793,0.36972,0.00821,0.01053,-0.00233,,,-0.00236,-0.00225,-0.00205,-0.00205,0.37052,0.34803,0.31283,0.27945,0.379,,,,,,,,,,,,,,,,,,,,,,0.0,0.0,0.0,0.0,,,,,,,,,,,,,,0.6858,0.5769,0.9107,0.2249,-0.1089,0.3338,0.15,,,,,,,,0,0,0,0,0,0,,,,,,,5000,15000,10000,28000,10000,5000,3000,2.15,-65.37,-0.12,26.83,-9.62,-11.7,-8.43,1,0,1,0,0,0.025,0.017,0.0,0.015,100.0,100.0,0.0228,0.01432,0.0,0.01503,100.0,100.0,0,0,0,100,100,100,0,0,0,100,100,100,0,0,0,100,100,100,2019-01-08,2018-12-17,,2018-12-24,,,,,,,,,,,,,,,,,,,,,0.014,0.00567,0.0,66.67167,0.0,0.0,0,0,0,0,0,0,0,0,0,0,0,0,0,0,0,0,0,0,0,1,0,1,0,0,0,0,0,0,0,0,0,0,0,0,0,0,0,0,0,1,1,0,0,0,0,0,0,0,0,0,0,0,0,0,0,0,0,1,1,1,1,1,1,0,0,0,0,0,0,1,1,1,1,1,1,0,0,0,0,0,0,0,0,0,1,1,1,1,1,1,0,0,0,0,0,0,1,1,1,1,1,1,0,1,1,0,0,1,0,1,0,1,0,1,,-0.005,Life.Bull,Life.BullStart,Life.Bull,Life.BullRetrace,Life.BullStart
2019-02-26,TOPVISN,0.379,0.379,0.379,0.379,0.379,0,0.0,0,0.3781,0.37041,0.00769,0.00996,-0.00228,,,-0.00234,-0.00228,-0.00209,-0.00207,0.37117,0.34924,0.31414,0.28044,0.379,,,,,,,,,,,,,,,,,,,,,,0.0,0.0,0.0,0.0,,,,,,,,,,,,,,0.688,0.5703,0.9073,0.2193,-0.1177,0.337,,,0.15,,,,,,0,0,0,0,0,0,,,,,,,5000,15000,10000,28000,10000,5000,3000,2.15,-65.37,-0.12,26.83,-9.62,-11.7,-8.43,1,0,1,0,0,0.025,0.017,0.0,0.015,100.0,100.0,0.0228,0.01432,0.0,0.01503,100.0,100.0,0,0,0,100,100,100,0,0,0,100,100,100,0,0,0,100,100,100,2019-01-08,2018-12-17,,2018-12-24,,,,,,,,,,,,,,,,,,,,,0.014,0.00567,0.0,66.67167,0.0,0.0,0,0,0,0,0,0,0,0,0,0,0,0,0,0,0,0,0,0,0,1,0,1,0,0,0,0,0,0,0,0,0,0,0,0,0,0,0,0,0,1,1,0,0,0,0,0,0,0,0,0,0,0,0,0,0,0,0,1,1,1,1,1,1,0,0,0,0,0,0,1,1,1,1,1,1,0,0,0,0,0,0,0,0,0,1,1,1,1,1,1,0,0,0,0,0,0,1,1,1,1,1,1,0,1,1,0,0,1,0,1,0,1,0,1,,,Life.BullStart,Life.Bull,Life.BullRetrace,Life.BullStart,Life.BullRetrace
2019-02-27,TOPVISN,0.379,0.379,0.379,0.379,0.379,0,0.0,0,0.37824,0.37105,0.00719,0.00941,-0.00222,,,-0.00231,-0.0023,-0.00213,-0.00208,0.37178,0.35041,0.31542,0.28142,0.37902,,,,,,,,,,,,,,,,,,,,,,0.0,0.0,0.0,0.0,,,,,,,,,,,,,,0.6899,0.5636,0.9036,0.2137,-0.1263,0.34,0.15,,,,,,,,0,0,0,0,0,0,,,,,,,5000,15000,10000,28000,10000,5000,3000,2.15,-65.37,-0.12,26.83,-9.62,-11.7,-8.43,1,0,1,0,0,0.025,0.017,0.0,0.015,100.0,100.0,0.0228,0.01432,0.0,0.01503,100.0,100.0,0,0,0,100,100,100,0,0,0,100,100,100,0,0,0,100,100,100,2019-01-08,2018-12-17,,2018-12-24,,,,,,,,,,,,,,,,,,,,,0.014,0.00567,0.0,66.67167,0.0,0.0,0,0,0,0,0,0,0,0,0,0,0,0,0,0,0,0,0,0,0,1,0,1,0,0,0,0,0,0,0,0,0,0,0,0,0,0,0,0,0,1,1,0,0,0,0,0,0,0,0,0,0,0,0,0,0,0,0,1,1,1,1,1,1,0,0,0,0,0,0,1,1,1,1,1,1,0,0,0,0,0,0,0,0,0,1,1,1,1,1,1,0,0,0,0,0,0,1,1,1,1,1,1,0,1,1,0,0,1,0,1,0,1,0,1,0.005,,Life.Bull,Life.BullRetrace,Life.BullStart,Life.BullRetrace,Life.BullStart
2019-02-28,TOPVISN,0.379,0.379,0.379,0.379,0.379,0,0.0,0,0.37835,0.37164,0.00672,0.00887,-0.00215,,,-0.00227,-0.0023,-0.00217,-0.00208,0.37233,0.35153,0.31668,0.28239,0.37911,,,,,,,,,,,,,,,,,,,,,,0.0,0.0,0.0,0.0,,,,,,,,,,,,,,0.6914,0.5565,0.8994,0.208,-0.1349,0.3429,0.15,,,,,,,,0,0,0,0,0,0,,,,,,,5000,15000,10000,28000,10000,5000,3000,2.15,-65.37,-0.12,26.83,-9.62,-11.7,-8.43,1,0,1,0,0,0.025,0.017,0.0,0.015,100.0,100.0,0.0228,0.01432,0.0,0.01503,100.0,100.0,0,0,0,100,100,100,0,0,0,100,100,100,0,0,0,100,100,100,2019-01-08,2018-12-17,,2018-12-24,,,,,,,,,,,,,,,,,,,,,0.014,0.00567,0.0,66.67167,0.0,0.0,0,0,0,0,0,0,0,0,0,0,0,0,0,0,0,0,0,0,0,1,0,1,0,0,0,0,0,0,0,0,0,0,0,0,0,0,0,0,0,1,1,0,0,0,0,0,0,0,0,0,0,0,0,0,0,0,0,1,1,1,1,1,1,0,0,0,0,0,0,1,1,1,1,1,1,0,0,0,0,0,0,0,0,0,1,1,1,1,1,1,0,0,0,0,0,0,1,1,1,1,1,1,0,1,1,0,0,1,0,1,0,1,0,1,0.005,,Life.Bull,Life.BullRetrace,Life.BullStart,Life.BullRetrace,Life.BullStart
2019-03-01,TOPVISN,0.379,0.379,0.379,0.379,0.379,0,0.0,0,0.37845,0.37218,0.00627,0.00835,-0.00208,,,-0.00221,-0.00228,-0.0022,-0.00206,0.37285,0.35261,0.31791,0.28335,0.3793,,,,,,,,,,,,,,,,,,,,,,0.0,0.0,0.0,0.0,,,,,,,,,,,,,,0.6926,0.5494,0.895,0.2024,-0.1432,0.3456,0.15,,,,,,,,0,0,0,0,0,0,,,,,,,5000,15000,10000,28000,10000,5000,3000,2.15,-65.37,-0.12,26.83,-9.62,-11.7,-8.43,1,0,1,0,0,0.025,0.017,0.0,0.015,100.0,100.0,0.0228,0.01432,0.0,0.01503,100.0,100.0,0,0,0,100,100,100,0,0,0,100,100,100,0,0,0,100,100,100,2019-01-08,2018-12-17,,2018-12-24,,,,,,,,,,,,,,,,,,,,,0.014,0.00567,0.0,66.67167,0.0,0.0,0,0,0,0,0,0,0,0,0,0,0,0,0,0,0,0,0,0,0,1,0,1,0,0,0,0,0,0,0,0,0,0,0,0,0,0,0,0,0,1,1,0,0,0,0,0,0,0,0,0,0,0,0,0,0,0,0,1,1,1,1,1,1,0,0,0,0,0,0,1,1,1,1,1,1,0,0,0,0,0,0,0,0,0,1,1,1,1,1,1,0,0,0,0,0,0,1,1,1,1,1,1,0,1,1,0,0,1,0,1,0,1,0,1,0.005,,Life.Bull,Life.BullRetrace,Life.BullStart,Life.BullRetrace,Life.BullStart
2019-03-04,TOPVISN,0.379,0.379,0.379,0.379,0.379,0,0.0,0,0.37854,0.37269,0.00585,0.00785,-0.002,,,-0.00215,-0.00225,-0.00221,-0.00207,0.37332,0.35364,0.31912,0.2843,0.37961,,,,,,,,,,,,,,,,,,,,,,0.0,0.0,0.0,0.0,,,,,,,,,,,,,,0.6934,0.542,0.8902,0.1968,-0.1514,0.3482,0.15,,,,,,,,0,0,0,0,0,0,,,,,,,5000,15000,10000,28000,10000,5000,3000,2.15,-65.37,-0.12,26.83,-9.62,-11.7,-8.43,1,0,1,0,0,0.025,0.017,0.0,0.015,100.0,100.0,0.0228,0.01432,0.0,0.01503,100.0,100.0,0,0,0,100,100,100,0,0,0,100,100,100,0,0,0,100,100,100,2019-01-08,2018-12-17,,2018-12-24,,,,,,,,,,,,,,,,,,,,,0.014,0.00567,0.0,66.67167,0.0,0.0,0,0,0,0,0,0,0,0,0,0,0,0,0,0,0,0,0,0,0,1,0,1,0,0,0,0,0,0,0,0,0,0,0,0,0,0,0,0,0,1,1,0,0,0,0,0,0,0,0,0,0,0,0,0,0,0,0,1,1,1,1,1,1,0,0,0,0,0,0,1,1,1,1,1,1,0,0,0,0,0,0,0,0,0,1,1,1,1,1,1,0,0,0,0,0,0,1,1,1,1,1,1,0,1,1,0,0,1,0,1,0,1,0,1,0.005,,Life.Bull,Life.BullRetrace,Life.BullStart,Life.BullRetrace,Life.BullStart
2019-03-05,TOPVISN,0.379,0.379,0.379,0.379,0.379,0,0.0,0,0.37861,0.37315,0.00545,0.00737,-0.00192,,,-0.00207,-0.00221,-0.00221,-0.00209,0.37376,0.35464,0.32031,0.28525,0.38003,,,,,,,,,,,,,,,,,,,,,,0.0,0.0,0.0,0.0,,,,,,,,,,,,,,0.6939,0.5345,0.8851,0.1912,-0.1594,0.3506,0.15,,,,,,,,0,0,0,0,0,0,,,,,,,5000,15000,10000,28000,10000,5000,3000,2.15,-65.37,-0.12,26.83,-9.62,-11.7,-8.43,1,0,1,0,0,0.025,0.017,0.0,0.015,100.0,100.0,0.0228,0.01432,0.0,0.01503,100.0,100.0,0,0,0,100,100,100,0,0,0,100,100,100,0,0,0,100,100,100,2019-01-08,2018-12-17,,2018-12-24,,,,,,,,,,,,,,,,,,,,,0.014,0.00567,0.0,66.67167,0.0,0.0,0,0,0,0,0,0,0,0,0,0,0,0,0,0,0,0,0,0,0,1,0,1,0,0,0,0,0,0,0,0,0,0,0,0,0,0,0,0,0,1,1,0,0,0,0,0,0,0,0,0,0,0,0,0,0,0,0,1,1,1,1,1,1,0,0,0,0,0,0,1,1,1,1,1,1,0,0,0,0,0,0,0,0,0,1,1,1,1,1,1,0,0,0,0,0,0,1,1,1,1,1,1,0,1,1,0,0,1,0,1,0,1,0,1,0.005,,Life.Bull,Life.BullRetrace,Life.BullStart,Life.BullRetrace,Life.BullStart
2019-03-06,TOPVISN,0.379,0.379,0.379,0.379,0.379,0,0.0,0,0.37867,0.37359,0.00508,0.00691,-0.00183,,,-0.002,-0.00215,-0.0022,-0.0021,0.37416,0.35559,0.32147,0.28618,0.38055,,,,,,,,,,,,,,,,,,,,,,0.0,0.0,0.0,0.0,,,,,,,,,,,,,,0.6941,0.5269,0.8798,0.1857,-0.1672,0.3529,0.15,,,,,,,,0,0,0,0,0,0,,,,,,,5000,15000,10000,28000,10000,5000,3000,2.15,-65.37,-0.12,26.83,-9.62,-11.7,-8.43,1,0,1,0,0,0.025,0.017,0.0,0.015,100.0,100.0,0.0228,0.01432,0.0,0.01503,100.0,100.0,0,0,0,100,100,100,0,0,0,100,100,100,0,0,0,100,100,100,2019-01-08,2018-12-17,,2018-12-24,,,,,,,,,,,,,,,,,,,,,0.014,0.00567,0.0,66.67167,0.0,0.0,0,0,0,0,0,0,0,0,0,0,0,0,0,0,0,0,0,0,0,1,0,1,0,0,0,0,0,0,0,0,0,0,0,0,0,0,0,0,0,1,1,0,0,0,0,0,0,0,0,0,0,0,0,0,0,0,0,1,1,1,1,1,1,0,0,0,0,0,0,1,1,1,1,1,1,0,0,0,0,0,0,0,0,0,1,1,1,1,1,1,0,0,0,0,0,0,1,1,1,1,1,1,0,1,1,0,0,1,0,1,0,1,0,1,0.005,,Life.Bull,Life.BullRetrace,Life.BullStart,Life.BullRetrace,Life.BullStart
2019-03-07,TOPVISN,0.379,0.379,0.379,0.379,0.379,0,0.0,0,0.37872,0.37399,0.00473,0.00648,-0.00175,,,-0.00192,-0.00209,-0.00217,-0.00211,0.37453,0.35651,0.32261,0.2871,0.38114,,,,,,,,,,,,,,,,,,,,,,0.0,0.0,0.0,0.0,,,,,,,,,,,,,,0.6941,0.5192,0.8743,0.1802,-0.1749,0.3551,0.15,,,,,,,,0,0,0,0,0,0,,,,,,,5000,15000,10000,28000,10000,5000,3000,2.15,-65.37,-0.12,26.83,-9.62,-11.7,-8.43,1,0,1,0,0,0.025,0.017,0.0,0.015,100.0,100.0,0.0228,0.01432,0.0,0.01503,100.0,100.0,0,0,0,100,100,100,0,0,0,100,100,100,0,0,0,100,100,100,2019-01-08,2018-12-17,,2018-12-24,,,,,,,,,,,,,,,,,,,,,0.014,0.00567,0.0,66.67167,0.0,0.0,0,0,0,0,0,0,0,0,0,0,0,0,0,0,0,0,0,0,0,1,0,1,0,0,0,0,0,0,0,0,0,0,0,0,0,0,0,0,0,1,1,0,0,0,0,0,0,0,0,0,0,0,0,0,0,0,0,1,1,1,1,1,1,0,0,0,0,0,0,1,1,1,1,1,1,0,0,0,0,0,0,0,0,0,1,1,1,1,1,1,0,0,0,0,0,0,1,1,1,1,1,1,0,1,1,0,0,1,0,1,0,1,0,1,0.005,,Life.Bull,Life.BullRetrace,Life.BullStart,Life.BullRetrace,Life.BullStart
2019-03-08,TOPVISN,0.3839,0.3839,0.3839,0.3839,0.3839,5000,0.0,0,0.37952,0.37472,0.00479,0.00614,-0.00135,,,-0.00177,-0.00199,-0.00211,-0.00209,0.37525,0.35758,0.32382,0.28807,0.38176,,,,,,,,,,,,,,,,,,,,,,0.0049,0.0,0.00035,0.0,,,,,,100.0,,,,,,,,0.6951,0.5143,0.8718,0.1767,-0.1808,0.3575,0.15,,,,,,,,0,0,0,0,0,0,,,,,,,15000,10000,28000,10000,5000,3000,5000,-65.37,-0.12,26.83,-9.62,-11.7,-8.43,0.0,1,0,2,0,0,0.025,0.017,0.0,0.015,100.0,100.0,0.0228,0.01432,0.0,0.01503,100.0,100.0,0,0,0,100,100,100,0,0,0,100,100,100,0,0,0,100,100,100,2019-01-08,2018-12-17,,2018-12-24,,,,,,,,,,,,,,,,,,,,,0.014,0.00567,0.0,66.67167,0.0,0.0,0,0,0,0,0,0,0,0,0,0,0,0,0,0,0,0,0,0,0,1,0,1,0,0,0,0,0,0,0,0,0,0,0,0,0,0,0,0,0,1,1,0,0,0,0,0,0,0,0,0,0,0,0,0,0,0,0,1,1,1,1,1,1,0,0,0,0,0,0,1,1,1,1,1,1,0,0,0,0,0,0,0,0,0,1,1,1,1,1,1,0,0,0,0,0,0,1,1,1,1,1,1,0,1,1,0,0,1,0,1,0,1,0,1,0.005,,Life.Bull,Life.BullRetrace,Life.BullStart,Life.BullRetrace,Life.BullStart
2019-03-11,TOPVISN,0.3839,0.3839,0.3839,0.3839,0.3839,0,0.0,0,0.38019,0.3754,0.00479,0.00587,-0.00108,,,-0.00158,-0.00187,-0.00203,-0.00206,0.37592,0.35862,0.32501,0.28902,0.38235,,,,,,,,,,,,,,,,,,,,,,0.0,0.0,0.00035,0.0,,,,,,100.0,,,,,,,,0.696,0.5091,0.869,0.173,-0.1869,0.3599,0.15,,,,,,,,0,0,0,0,0,0,,,,,,,15000,10000,28000,10000,5000,3000,5000,-65.37,-0.12,26.83,-9.62,-11.7,-8.43,0.0,1,0,2,0,0,0.025,0.017,0.0,0.015,100.0,100.0,0.0228,0.01432,0.0,0.01503,100.0,100.0,0,0,0,100,100,100,0,0,0,100,100,100,0,0,0,100,100,100,2019-01-08,2018-12-17,,2018-12-24,,,,,,,,,,,,,,,,,,,,,0.014,0.00567,0.0,66.67167,0.0,0.0,0,0,0,0,0,0,0,0,0,0,0,0,0,0,0,0,0,0,0,1,0,1,0,0,0,0,0,0,0,0,0,0,0,0,0,0,0,0,0,1,1,0,0,0,0,0,0,0,0,0,0,0,0,0,0,0,0,1,1,1,1,1,1,0,0,0,0,0,0,1,1,1,1,1,1,0,0,0,0,0,0,0,0,0,1,1,1,1,1,1,0,0,0,0,0,0,1,1,1,1,1,1,0,1,1,0,0,1,0,1,0,1,0,1,0.005,,Life.Bull,Life.BullRetrace,Life.BullStart,Life.BullRetrace,Life.BullStart
2019-03-12,TOPVISN,0.3839,0.3839,0.3839,0.3839,0.3839,0,0.0,0,0.38076,0.37603,0.00473,0.00564,-0.00091,,,-0.00138,-0.00173,-0.00193,-0.00201,0.37653,0.35961,0.32618,0.28996,0.38287,,,,,,,,,,,,,,,,,,,,,,0.0,0.0,0.00035,0.0,,,,,,100.0,100.0,,,100.0,,,,0.6965,0.5035,0.8657,0.1692,-0.193,0.3622,0.15,,,,,,,,0,0,0,0,0,0,,,,,,,15000,10000,28000,10000,5000,3000,5000,-65.37,-0.12,26.83,-9.62,-11.7,-8.43,0.0,1,0,2,0,0,0.025,0.017,0.0,0.015,100.0,100.0,0.0228,0.01432,0.0,0.01503,100.0,100.0,0,0,0,100,100,100,0,0,0,100,100,100,0,0,0,100,100,100,2019-01-08,2018-12-17,,2018-12-24,,,,,,,,,,,,,,,,,,,,,0.014,0.00567,0.0,66.67167,0.0,0.0,0,0,0,0,0,0,0,0,0,0,0,0,0,0,0,0,0,0,0,1,0,1,0,0,0,0,0,0,0,0,0,0,0,0,0,0,0,0,0,1,1,0,0,0,0,0,0,0,0,0,0,0,0,0,0,0,0,1,1,1,1,1,1,0,0,0,0,0,0,1,1,1,1,1,1,0,0,0,0,0,0,0,0,0,1,1,1,1,1,1,0,0,0,0,0,0,1,1,1,1,1,1,0,1,1,0,0,1,0,1,0,1,0,1,0.005,,Life.Bull,Life.BullRetrace,Life.BullStart,Life.BullRetrace,Life.BullStart
2019-03-13,TOPVISN,0.3839,0.3839,0.3839,0.3839,0.3839,0,0.0,0,0.38124,0.37661,0.00463,0.00544,-0.00081,,,-0.00118,-0.00159,-0.00183,-0.00194,0.3771,0.36056,0.32732,0.2909,0.38329,,,,,,,,,,,,,,,,,,,,,,0.0,0.0,0.00035,0.0,,,,,,100.0,100.0,,,100.0,,,,0.6966,0.4978,0.862,0.1654,-0.1988,0.3642,0.15,,,,,,,,0,0,0,0,0,0,,,,,,,15000,10000,28000,10000,5000,3000,5000,-65.37,-0.12,26.83,-9.62,-11.7,-8.43,0.0,1,0,2,0,0,0.025,0.017,0.0,0.015,100.0,100.0,0.0228,0.01432,0.0,0.01503,100.0,100.0,0,0,0,100,100,100,0,0,0,100,100,100,0,0,0,100,100,100,2019-01-08,2018-12-17,,2018-12-24,,,,,,,,,,,,,,,,,,,,,0.014,0.00567,0.0,66.67167,0.0,0.0,0,0,0,0,0,0,0,0,0,0,0,0,0,0,0,0,0,0,0,1,0,1,0,0,0,0,0,0,0,0,0,0,0,0,0,0,0,0,0,1,1,0,0,0,0,0,0,0,0,0,0,0,0,0,0,0,0,1,1,1,1,1,1,0,0,0,0,0,0,1,1,1,1,1,1,0,0,0,0,0,0,0,0,0,1,1,1,1,1,1,0,0,0,0,0,0,1,1,1,1,1,1,0,1,1,0,0,1,0,1,0,1,0,1,0.005,,Life.Bull,Life.BullRetrace,Life.BullStart,Life.BullRetrace,Life.BullStart
2019-03-14,TOPVISN,0.3839,0.3839,0.3839,0.3839,0.3839,0,0.0,0,0.38165,0.37715,0.0045,0.00525,-0.00075,,,-0.00098,-0.00145,-0.00172,-0.00187,0.37762,0.36147,0.32844,0.29182,0.3836,,,,,,,,,,,,,,,,,,,,,,0.0,0.0,0.00035,0.0,,,,,,100.0,100.0,,,,,,,0.6965,0.4918,0.858,0.1615,-0.2047,0.3662,0.15,,,,,,,,0,0,0,0,0,0,,,,,,,15000,10000,28000,10000,5000,3000,5000,-65.37,-0.12,26.83,-9.62,-11.7,-8.43,0.0,1,0,1,0,0,0.025,0.017,0.0,0.015,100.0,100.0,0.0228,0.01432,0.0,0.01503,100.0,100.0,0,0,0,100,100,100,0,0,0,100,100,100,0,0,0,100,100,100,2019-01-08,2018-12-17,,2018-12-24,,,,,,,,,,,,,,,,,,,,,0.014,0.00567,0.0,66.67167,0.0,0.0,0,0,0,0,0,0,0,0,0,0,0,0,0,0,0,0,0,0,0,1,0,1,0,0,0,0,0,0,0,0,0,0,0,0,0,0,0,0,0,1,1,0,0,0,0,0,0,0,0,0,0,0,0,0,0,0,0,1,1,1,1,1,1,0,0,0,0,0,0,1,1,1,1,1,1,0,0,0,0,0,0,0,0,0,1,1,1,1,1,1,0,0,0,0,0,0,1,1,1,1,1,1,0,1,1,0,0,1,0,1,0,1,0,1,0.005,,Life.Bull,Life.BullRetrace,Life.BullStart,Life.BullRetrace,Life.BullStart
2019-03-15,TOPVISN,0.3839,0.3839,0.3839,0.3839,0.3839,0,0.0,0,0.382,0.37765,0.00434,0.00507,-0.00073,,,-0.00086,-0.00131,-0.00161,-0.0018,0.3781,0.36235,0.32954,0.29274,0.38379,,,,,,,,,,,,,,,,,,,,,,0.0,0.0,0.00035,0.0,,,,,,100.0,100.0,,,,,,,0.6961,0.4856,0.8536,0.1575,-0.2105,0.368,0.15,,,,,,,,0,0,0,0,0,0,,,,,,,15000,10000,28000,10000,5000,3000,5000,-65.37,-0.12,26.83,-9.62,-11.7,-8.43,0.0,1,0,1,0,0,0.025,0.017,0.0,0.015,100.0,100.0,0.0228,0.01432,0.0,0.01503,100.0,100.0,0,0,0,100,100,100,0,0,0,100,100,100,0,0,0,100,100,100,2019-01-08,2018-12-17,,2018-12-24,,,,,,,,,,,,,,,,,,,,,0.014,0.00567,0.0,66.67167,0.0,0.0,0,0,0,0,0,0,0,0,0,0,0,0,0,0,0,0,0,0,0,1,0,1,0,0,0,0,0,0,0,0,0,0,0,0,0,0,0,0,0,1,1,0,0,0,0,0,0,0,0,0,0,0,0,0,0,0,0,1,1,1,1,1,1,0,0,0,0,0,0,1,1,1,1,1,1,0,0,0,0,0,0,0,0,0,1,1,1,1,1,1,0,0,0,0,0,0,1,1,1,1,1,1,0,1,1,0,0,1,0,1,0,1,0,1,0.005,,Life.Bull,Life.BullRetrace,Life.BullStart,Life.BullRetrace,Life.BullStart
2019-03-18,TOPVISN,0.3839,0.3839,0.3839,0.3839,0.3839,0,0.0,0,0.38229,0.37812,0.00417,0.00489,-0.00072,,,-0.00078,-0.00118,-0.0015,-0.00172,0.37855,0.3632,0.33062,0.29365,0.38388,,,,,,,,,,,,,,,,,,,,,,0.0,0.0,0.00035,0.0,,,,,,100.0,100.0,,,,,,,0.6955,0.4793,0.849,0.1535,-0.2162,0.3697,0.15,,,,,,,,0,0,0,0,0,0,,,,,,,15000,10000,28000,10000,5000,3000,5000,-65.37,-0.12,26.83,-9.62,-11.7,-8.43,0.0,1,0,1,0,0,0.025,0.017,0.0,0.015,100.0,100.0,0.0228,0.01432,0.0,0.01503,100.0,100.0,0,0,0,100,100,100,0,0,0,100,100,100,0,0,0,100,100,100,2019-01-08,2018-12-17,,2018-12-24,,,,,,,,,,,,,,,,,,,,,0.014,0.00567,0.0,66.67167,0.0,0.0,0,0,0,0,0,0,0,0,0,0,0,0,0,0,0,0,0,0,0,1,0,1,0,0,0,0,0,0,0,0,0,0,0,0,0,0,0,0,0,1,1,0,0,0,0,0,0,0,0,0,0,0,0,0,0,0,0,1,1,1,1,1,1,0,0,0,0,0,0,1,1,1,1,1,1,0,0,0,0,0,0,0,0,0,1,1,1,1,1,1,0,0,0,0,0,0,1,1,1,1,1,1,0,1,1,0,0,1,0,1,0,1,0,1,0.005,,Life.Bull,Life.BullRetrace,Life.BullStart,Life.BullRetrace,Life.BullStart
2019-03-19,TOPVISN,0.3839,0.3839,0.3839,0.3839,0.3839,0,0.0,0,0.38254,0.37855,0.00399,0.00471,-0.00072,,,-0.00074,-0.00106,-0.0014,-0.00164,0.37896,0.36401,0.33167,0.29454,0.3839,,,,,,,,,,,,,,,,,,,,,,0.0,0.0,0.00035,0.0,,,,,,100.0,100.0,,,,,,,0.6947,0.4729,0.8442,0.1495,-0.2218,0.3713,0.15,,,,,,,,0,0,0,0,0,0,,,,,,,15000,10000,28000,10000,5000,3000,5000,-65.37,-0.12,26.83,-9.62,-11.7,-8.43,0.0,1,0,1,0,0,0.025,0.017,0.0,0.015,100.0,100.0,0.0228,0.01432,0.0,0.01503,100.0,100.0,0,0,0,100,100,100,0,0,0,100,100,100,0,0,0,100,100,100,2019-01-08,2018-12-17,,2018-12-24,,,,,,,,,,,,,,,,,,,,,0.014,0.00567,0.0,66.67167,0.0,0.0,0,0,0,0,0,0,0,0,0,0,0,0,0,0,0,0,0,0,0,1,0,1,0,0,0,0,0,0,0,0,0,0,0,0,0,0,0,0,0,1,1,0,0,0,0,0,0,0,0,0,0,0,0,0,0,0,0,1,1,1,1,1,1,0,0,0,0,0,0,1,1,1,1,1,1,0,0,0,0,0,0,0,0,0,1,1,1,1,1,1,0,0,0,0,0,0,1,1,1,1,1,1,0,1,1,0,0,1,0,1,0,1,0,1,0.005,,Life.Bull,Life.BullRetrace,Life.BullStart,Life.BullRetrace,Life.BullStart
2019-03-20,TOPVISN,0.3839,0.3839,0.3839,0.3839,0.3839,0,0.0,0,0.38275,0.37894,0.00381,0.00453,-0.00072,,,-0.00073,-0.00095,-0.0013,-0.00155,0.37934,0.36479,0.33271,0.29543,0.3839,,,,,,,,,,,,,,,,,,,,,,0.0,0.0,0.00035,0.0,,,,,,100.0,100.0,,,,,,,0.6936,0.4663,0.8391,0.1455,-0.2273,0.3728,0.15,,,,,,,,0,0,0,0,0,0,,,,,,,15000,10000,28000,10000,5000,3000,5000,-65.37,-0.12,26.83,-9.62,-11.7,-8.43,0.0,1,0,1,0,0,0.025,0.017,0.0,0.015,100.0,100.0,0.0228,0.01432,0.0,0.01503,100.0,100.0,0,0,0,100,100,100,0,0,0,100,100,100,0,0,0,100,100,100,2019-01-08,2018-12-17,,2018-12-24,,,,,,,,,,,,,,,,,,,,,0.014,0.00567,0.0,66.67167,0.0,0.0,0,0,0,0,0,0,0,0,0,0,0,0,0,0,0,0,0,0,0,1,0,1,0,0,0,0,0,0,0,0,0,0,0,0,0,0,0,0,0,1,1,0,0,0,0,0,0,0,0,0,0,0,0,0,0,0,0,1,1,1,1,1,1,0,0,0,0,0,0,1,1,1,1,1,1,0,0,0,0,0,0,0,0,0,1,1,1,1,1,1,0,0,0,0,0,0,1,1,1,1,1,1,0,1,1,0,0,1,0,1,0,1,0,1,0.005,,Life.Bull,Life.BullRetrace,Life.BullStart,Life.BullRetrace,Life.BullStart
2019-03-21,TOPVISN,0.3839,0.3839,0.3839,0.3839,0.3839,0,0.0,0,0.38293,0.37931,0.00362,0.00435,-0.00073,,,-0.00072,-0.00085,-0.00121,-0.00147,0.37969,0.36554,0.33372,0.29631,0.3839,,,,,,,,,,,,,,,,,,,,,,0.0,0.0,0.00035,0.0,,,,,,100.0,100.0,,,,,,,0.6923,0.4597,0.8338,0.1415,-0.2326,0.3741,0.15,,,,,,,,0,0,0,0,0,0,,,,,,,15000,10000,28000,10000,5000,3000,5000,-65.37,-0.12,26.83,-9.62,-11.7,-8.43,0.0,0,0,1,0,0,0.025,0.017,0.0,0.015,100.0,100.0,0.0228,0.01432,0.0,0.01503,100.0,100.0,0,0,0,100,100,100,0,0,0,100,100,100,0,0,0,100,100,100,2019-01-08,2018-12-17,,2018-12-24,,,,,,,,,,,,,,,,,,,,,0.014,0.00567,0.0,66.67167,0.0,0.0,0,0,0,0,0,0,0,0,0,0,0,0,0,0,0,0,0,0,0,1,0,1,0,0,0,0,0,0,0,0,0,0,0,0,0,0,0,0,0,1,1,0,0,0,0,0,0,0,0,0,0,0,0,0,0,0,0,1,1,1,1,1,1,0,0,0,0,0,0,1,1,1,1,1,1,0,0,0,0,0,0,0,0,0,1,1,1,1,1,1,0,0,0,0,0,0,1,1,1,1,1,1,0,1,1,0,0,1,0,1,0,1,0,1,0.005,,Life.Bull,Life.BullRetrace,Life.BullStart,Life.BullRetrace,Life.BullStart
2019-03-22,TOPVISN,0.3839,0.3839,0.3839,0.3839,0.3839,0,0.0,0,0.38308,0.37965,0.00343,0.00416,-0.00074,,,-0.00073,-0.00079,-0.00112,-0.00139,0.38002,0.36626,0.33471,0.29719,0.3839,,,,,,,,,,,,,,,,,,,,,,0.0,0.0,0.00035,0.0,,,,,,100.0,100.0,,,,,,,0.6907,0.4531,0.8283,0.1376,-0.2376,0.3752,,,0.15,,,,,,0,0,0,0,0,0,,,,,,,15000,10000,28000,10000,5000,3000,5000,-65.37,-0.12,26.83,-9.62,-11.7,-8.43,0.0,0,0,1,0,0,0.025,0.017,0.0,0.015,100.0,100.0,0.0228,0.01432,0.0,0.01503,100.0,100.0,0,0,0,100,100,100,0,0,0,100,100,100,0,0,0,100,100,100,2019-01-08,2018-12-17,,2018-12-24,,,,,,,,,,,,,,,,,,,,,0.014,0.00567,0.0,66.67167,0.0,0.0,0,0,0,0,0,0,0,0,0,0,0,0,0,0,0,0,0,0,0,1,0,1,0,0,0,0,0,0,0,0,0,0,0,0,0,0,0,0,0,1,1,0,0,0,0,0,0,0,0,0,0,0,0,0,0,0,0,1,1,1,1,1,1,0,0,0,0,0,0,1,1,1,1,1,1,0,0,0,0,0,0,0,0,0,1,1,1,1,1,1,0,0,0,0,0,0,1,1,1,1,1,1,0,1,1,0,0,1,0,1,0,1,0,1,,,Life.BullRetrace,Life.BullStart,Life.BullRetrace,Life.BullStart,Life.BullRetrace
2019-03-25,TOPVISN,0.3839,0.3839,0.3839,0.3839,0.3839,0,0.0,0,0.3832,0.37996,0.00324,0.00398,-0.00074,,,-0.00073,-0.00076,-0.00103,-0.00131,0.38031,0.36695,0.33569,0.29805,0.3839,,,,,,,,,,,,,,,,,,,,,,0.0,0.0,0.00035,0.0,,,,,,100.0,100.0,,,,,,,0.689,0.4462,0.8226,0.1336,-0.2428,0.3764,,,0.15,,,,,,0,0,0,0,0,0,,,,,,,15000,10000,28000,10000,5000,3000,5000,-65.37,-0.12,26.83,-9.62,-11.7,-8.43,0.0,0,0,1,0,0,0.025,0.017,0.0,0.015,100.0,100.0,0.0228,0.01432,0.0,0.01503,100.0,100.0,0,0,0,100,100,100,0,0,0,100,100,100,0,0,0,100,100,100,2019-01-08,2018-12-17,,2018-12-24,,,,,,,,,,,,,,,,,,,,,0.014,0.00567,0.0,66.67167,0.0,0.0,0,0,0,0,0,0,0,0,0,0,0,0,0,0,0,0,0,0,0,1,0,1,0,0,0,0,0,0,0,0,0,0,0,0,0,0,0,0,0,1,1,0,0,0,0,0,0,0,0,0,0,0,0,0,0,0,0,1,1,1,1,1,1,0,0,0,0,0,0,1,1,1,1,1,1,0,0,0,0,0,0,0,0,0,1,1,1,1,1,1,0,0,0,0,0,0,1,1,1,1,1,1,0,1,1,0,0,1,0,1,0,1,0,1,,,Life.BullRetrace,Life.BullStart,Life.BullRetrace,Life.BullStart,Life.BullRetrace
2019-03-26,TOPVISN,0.3839,0.3839,0.3839,0.3839,0.3839,0,0.0,0,0.38331,0.38026,0.00305,0.00379,-0.00074,,,-0.00073,-0.00074,-0.00095,-0.00123,0.38059,0.36762,0.33664,0.2989,0.3839,,,,,,,,,,,,,,,,,,,,,,0.0,0.0,0.00035,0.0,,,,,,100.0,100.0,,,,,,,0.6872,0.4395,0.8169,0.1297,-0.2477,0.3774,,,0.15,,,,,,0,0,0,0,0,0,,,,,,,15000,10000,28000,10000,5000,3000,5000,-65.37,-0.12,26.83,-9.62,-11.7,-8.43,0.0,0,0,1,0,0,0.025,0.017,0.0,0.015,100.0,100.0,0.0228,0.01432,0.0,0.01503,100.0,100.0,0,0,0,100,100,100,0,0,0,100,100,100,0,0,0,100,100,100,2019-01-08,2018-12-17,,2018-12-24,,,,,,,,,,,,,,,,,,,,,0.014,0.00567,0.0,66.67167,0.0,0.0,0,0,0,0,0,0,0,0,0,0,0,0,0,0,0,0,0,0,0,1,0,1,0,0,0,0,0,0,0,0,0,0,0,0,0,0,0,0,0,1,1,0,0,0,0,0,0,0,0,0,0,0,0,0,0,0,0,1,1,1,1,1,1,0,0,0,0,0,0,1,1,1,1,1,1,0,0,0,0,0,0,0,0,0,1,1,1,1,1,1,0,0,0,0,0,0,1,1,1,1,1,1,0,1,1,0,0,1,0,1,0,1,0,1,,,Life.BullRetrace,Life.BullStart,Life.BullRetrace,Life.BullStart,Life.BullRetrace
2019-03-27,TOPVISN,0.3839,0.3839,0.3839,0.3839,0.3839,0,0.0,0,0.3834,0.38053,0.00287,0.00361,-0.00073,,,-0.00074,-0.00073,-0.00088,-0.00116,0.38085,0.36826,0.33758,0.29975,0.3839,,,,,,,,,,,,,,,,,,,,,,0.0,0.0,0.00035,0.0,,,,,,,,,,,,,,0.6851,0.4327,0.811,0.1259,-0.2524,0.3783,,,0.15,,,,,,0,0,0,0,0,0,,,,,,,15000,10000,28000,10000,5000,3000,5000,-65.37,-0.12,26.83,-9.62,-11.7,-8.43,0.0,1,0,1,0,0,0.025,0.017,0.0,0.015,100.0,100.0,0.0228,0.01432,0.0,0.01503,100.0,100.0,0,0,0,100,100,100,0,0,0,100,100,100,0,0,0,100,100,100,2019-01-08,2018-12-17,,2018-12-24,,,,,,,,,,,,,,,,,,,,,0.014,0.00567,0.0,66.67167,0.0,0.0,0,0,0,0,0,0,0,0,0,0,0,0,0,0,0,0,0,0,0,1,0,1,0,0,0,0,0,0,0,0,0,0,0,0,0,0,0,0,0,1,1,0,0,0,0,0,0,0,0,0,0,0,0,0,0,0,0,1,1,1,1,1,1,0,0,0,0,0,0,1,1,1,1,1,1,0,0,0,0,0,0,0,0,0,1,1,1,1,1,1,0,0,0,0,0,0,1,1,1,1,1,1,0,1,1,0,0,1,0,1,0,1,0,1,,,Life.BullRetrace,Life.BullStart,Life.BullRetrace,Life.BullStart,Life.BullRetrace
2019-03-28,TOPVISN,0.3839,0.3839,0.3839,0.3839,0.3839,0,0.0,0,0.38348,0.38078,0.0027,0.00343,-0.00073,,,-0.00074,-0.00073,-0.00081,-0.00109,0.38108,0.36887,0.3385,0.30059,0.3839,,,,,,,,,,,,,,,,,,,,,,0.0,0.0,0.0,0.0,,,,,,,,,,,,,,0.6828,0.4258,0.8049,0.1221,-0.257,0.3791,,,0.15,,,,,,0,0,0,0,0,0,,,,,,,15000,10000,28000,10000,5000,3000,5000,-65.37,-0.12,26.83,-9.62,-11.7,-8.43,0.0,1,0,1,0,0,0.025,0.017,0.0,0.015,100.0,100.0,0.0228,0.01432,0.0,0.01503,100.0,100.0,0,0,0,100,100,100,0,0,0,100,100,100,0,0,0,100,100,100,2019-01-08,2018-12-17,,2018-12-24,,,,,,,,,,,,,,,,,,,,,0.014,0.00567,0.0,66.67167,0.0,0.0,0,0,0,0,0,0,0,0,0,0,0,0,0,0,0,0,0,0,0,1,0,1,0,0,0,0,0,0,0,0,0,0,0,0,0,0,0,0,0,1,1,0,0,0,0,0,0,0,0,0,0,0,0,0,0,0,0,1,1,1,1,1,1,0,0,0,0,0,0,1,1,1,1,1,1,0,0,0,0,0,0,0,0,0,1,1,1,1,1,1,0,0,0,0,0,0,1,1,1,1,1,1,0,1,1,0,0,1,0,1,0,1,0,1,,,Life.BullRetrace,Life.BullStart,Life.BullRetrace,Life.BullStart,Life.BullRetrace
2019-03-29,TOPVISN,0.3839,0.3839,0.3839,0.3839,0.3839,0,0.0,0,0.38354,0.38101,0.00254,0.00325,-0.00071,,,-0.00073,-0.00073,-0.00077,-0.00102,0.3813,0.36946,0.33939,0.30141,0.3839,,,,,,,,,,,,,,,,,,,,,,0.0,0.0,0.0,0.0,,,,,,,,,,,,,,0.6805,0.4191,0.7989,0.1184,-0.2614,0.3798,,,0.15,,,,,,0,0,0,0,0,0,,,,,,,15000,10000,28000,10000,5000,3000,5000,-65.37,-0.12,26.83,-9.62,-11.7,-8.43,0.0,1,0,1,0,0,0.025,0.017,0.0,0.015,100.0,100.0,0.0228,0.01432,0.0,0.01503,100.0,100.0,0,0,0,100,100,100,0,0,0,100,100,100,0,0,0,100,100,100,2019-01-08,2018-12-17,,2018-12-24,,,,,,,,,,,,,,,,,,,,,0.014,0.00567,0.0,66.67167,0.0,0.0,0,0,0,0,0,0,0,0,0,0,0,0,0,0,0,0,0,0,0,1,0,1,0,0,0,0,0,0,0,0,0,0,0,0,0,0,0,0,0,1,1,0,0,0,0,0,0,0,0,0,0,0,0,0,0,0,0,1,1,1,1,1,1,0,0,0,0,0,0,1,1,1,1,1,1,0,0,0,0,0,0,0,0,0,1,1,1,1,1,1,0,0,0,0,0,0,1,1,1,1,1,1,0,1,1,0,0,1,0,1,0,1,0,1,,,Life.BullRetrace,Life.BullStart,Life.BullRetrace,Life.BullStart,Life.BullRetrace
2019-04-01,TOPVISN,0.3839,0.3839,0.3839,0.3839,0.3839,0,0.0,0,0.3836,0.38122,0.00238,0.00307,-0.0007,,,-0.00072,-0.00073,-0.00075,-0.00096,0.3815,0.37002,0.34028,0.30224,0.3839,,,,,,,,,,,,,,,,,,,,,,0.0,0.0,0.0,0.0,,,,,,,,,,,,,,0.6778,0.4122,0.7926,0.1148,-0.2656,0.3804,0.15,,,,,,,,0,0,0,0,0,0,,,,,,,15000,10000,28000,10000,5000,3000,5000,-65.37,-0.12,26.83,-9.62,-11.7,-8.43,0.0,1,0,1,0,0,0.025,0.017,0.0,0.015,100.0,100.0,0.0228,0.01432,0.0,0.01503,100.0,100.0,0,0,0,100,100,100,0,0,0,100,100,100,0,0,0,100,100,100,2019-01-08,2018-12-17,,2018-12-24,,,,,,,,,,,,,,,,,,,,,0.014,0.00567,0.0,66.67167,0.0,0.0,0,0,0,0,0,0,0,0,0,0,0,0,0,0,0,0,0,0,0,1,0,1,0,0,0,0,0,0,0,0,0,0,0,0,0,0,0,0,0,1,1,0,0,0,0,0,0,0,0,0,0,0,0,0,0,0,0,1,1,1,1,1,1,0,0,0,0,0,0,1,1,1,1,1,1,0,0,0,0,0,0,0,0,0,1,1,1,1,1,1,0,0,0,0,0,0,1,1,1,1,1,1,0,1,1,0,0,1,0,1,0,1,0,1,0.005,,Life.BullStart,Life.BullRetrace,Life.BullStart,Life.BullRetrace,Life.BullStart
2019-04-02,TOPVISN,0.3839,0.3839,0.3839,0.3839,0.3839,0,0.0,0,0.38364,0.38142,0.00222,0.0029,-0.00068,,,-0.00071,-0.00072,-0.00073,-0.00089,0.38168,0.37057,0.34114,0.30305,0.3839,,,,,,,,,,,,,,,,,,,,,,0.0,0.0,0.0,0.0,,,,,,,,,,,,,,0.6752,0.4054,0.7863,0.1111,-0.2698,0.3809,0.15,,,,,,,,0,0,0,0,0,0,,,,,,,15000,10000,28000,10000,5000,3000,5000,-65.37,-0.12,26.83,-9.62,-11.7,-8.43,0.0,1,0,1,0,0,0.025,0.017,0.0,0.015,100.0,100.0,0.0228,0.01432,0.0,0.01503,100.0,100.0,0,0,0,100,100,100,0,0,0,100,100,100,0,0,0,100,100,100,2019-01-08,2018-12-17,,2018-12-24,,,,,,,,,,,,,,,,,,,,,0.014,0.00567,0.0,66.67167,0.0,0.0,0,0,0,0,0,0,0,0,0,0,0,0,0,0,0,0,0,0,0,1,0,1,0,0,0,0,0,0,0,0,0,0,0,0,0,0,0,0,0,1,1,0,0,0,0,0,0,0,0,0,0,0,0,0,0,0,0,1,1,1,1,1,1,0,0,0,0,0,0,1,1,1,1,1,1,0,0,0,0,0,0,0,0,0,1,1,1,1,1,1,0,0,0,0,0,0,1,1,1,1,1,1,0,1,1,0,0,1,0,1,0,1,0,1,0.005,,Life.BullStart,Life.BullRetrace,Life.BullStart,Life.BullRetrace,Life.BullStart
2019-04-03,TOPVISN,0.3839,0.3839,0.3839,0.3839,0.3839,0,0.0,0,0.38368,0.3816,0.00208,0.00274,-0.00066,,,-0.0007,-0.00072,-0.00072,-0.00083,0.38185,0.37109,0.34199,0.30385,0.3839,,,,,,,,,,,,,,,,,,,,,,0.0,0.0,0.0,0.0,,,,,,,,,,,,,,0.6724,0.3986,0.78,0.1076,-0.2738,0.3814,0.15,,,,,,,,0,0,0,0,0,0,,,,,,,15000,10000,28000,10000,5000,3000,5000,-65.37,-0.12,26.83,-9.62,-11.7,-8.43,0.0,1,0,1,0,0,0.025,0.017,0.0,0.015,100.0,100.0,0.0228,0.01432,0.0,0.01503,100.0,100.0,0,0,0,100,100,100,0,0,0,100,100,100,0,0,0,100,100,100,2019-01-08,2018-12-17,,2018-12-24,,,,,,,,,,,,,,,,,,,,,0.014,0.00567,0.0,66.67167,0.0,0.0,0,0,0,0,0,0,0,0,0,0,0,0,0,0,0,0,0,0,0,1,0,1,0,0,0,0,0,0,0,0,0,0,0,0,0,0,0,0,0,1,1,0,0,0,0,0,0,0,0,0,0,0,0,0,0,0,0,1,1,1,1,1,1,0,0,0,0,0,0,1,1,1,1,1,1,0,0,0,0,0,0,0,0,0,1,1,1,1,1,1,0,0,0,0,0,0,1,1,1,1,1,1,0,1,1,0,0,1,0,1,0,1,0,1,0.005,,Life.BullStart,Life.BullRetrace,Life.BullStart,Life.BullRetrace,Life.BullStart
2019-04-04,TOPVISN,0.3839,0.3839,0.3839,0.3839,0.3839,0,0.0,0,0.38372,0.38177,0.00194,0.00258,-0.00064,,,-0.00068,-0.00071,-0.00071,-0.00078,0.38201,0.37159,0.34282,0.30465,0.3839,,,,,,,,,,,,,,,,,,,,,,0.0,0.0,0.0,0.0,,,,,,,,,,,,,,0.6694,0.3919,0.7736,0.1042,-0.2775,0.3817,0.15,,,,,,,,0,0,0,0,0,0,,,,,,,15000,10000,28000,10000,5000,3000,5000,-65.37,-0.12,26.83,-9.62,-11.7,-8.43,0.0,1,0,1,0,0,0.025,0.017,0.0,0.015,100.0,100.0,0.0228,0.01432,0.0,0.01503,100.0,100.0,0,0,0,100,100,100,0,0,0,100,100,100,0,0,0,100,100,100,2019-01-08,2018-12-17,,2018-12-24,,,,,,,,,,,,,,,,,,,,,0.014,0.00567,0.0,66.67167,0.0,0.0,0,0,0,0,0,0,0,0,0,0,0,0,0,0,0,0,0,0,0,1,0,1,0,0,0,0,0,0,0,0,0,0,0,0,0,0,0,0,0,1,1,0,0,0,0,0,0,0,0,0,0,0,0,0,0,0,0,1,1,1,1,1,1,0,0,0,0,0,0,1,1,1,1,1,1,0,0,0,0,0,0,0,0,0,1,1,1,1,1,1,0,0,0,0,0,0,1,1,1,1,1,1,0,1,1,0,0,1,0,1,0,1,0,1,0.005,,Life.BullStart,Life.BullRetrace,Life.BullStart,Life.BullRetrace,Life.BullStart
2019-04-05,TOPVISN,0.3839,0.3839,0.3839,0.3839,0.3839,0,0.0,0,0.38374,0.38193,0.00181,0.00243,-0.00061,,,-0.00066,-0.00069,-0.0007,-0.00074,0.38216,0.37208,0.34363,0.30544,0.3839,,,,,,,,,,,,,,,,,,,,,,0.0,0.0,0.0,0.0,,,,,,,,,,,,,,0.6664,0.3853,0.7672,0.1008,-0.2811,0.3819,0.15,,,,,,,,0,0,0,0,0,0,,,,,,,15000,10000,28000,10000,5000,3000,5000,-65.37,-0.12,26.83,-9.62,-11.7,-8.43,0.0,1,0,1,0,0,0.025,0.017,0.0,0.015,100.0,100.0,0.0228,0.01432,0.0,0.01503,100.0,100.0,0,0,0,100,100,100,0,0,0,100,100,100,0,0,0,100,100,100,2019-01-08,2018-12-17,,2018-12-24,,,,,,,,,,,,,,,,,,,,,0.014,0.00567,0.0,66.67167,0.0,0.0,0,0,0,0,0,0,0,0,0,0,0,0,0,0,0,0,0,0,0,1,0,1,0,0,0,0,0,0,0,0,0,0,0,0,0,0,0,0,0,1,1,0,0,0,0,0,0,0,0,0,0,0,0,0,0,0,0,1,1,1,1,1,1,0,0,0,0,0,0,1,1,1,1,1,1,0,0,0,0,0,0,0,0,0,1,1,1,1,1,1,0,0,0,0,0,0,1,1,1,1,1,1,0,1,1,0,0,1,0,1,0,1,0,1,0.005,,Life.BullStart,Life.BullRetrace,Life.BullStart,Life.BullRetrace,Life.BullStart
2019-04-08,TOPVISN,0.3839,0.3839,0.3839,0.3839,0.3839,0,0.0,0,0.38377,0.38208,0.00169,0.00228,-0.00059,,,-0.00064,-0.00068,-0.0007,-0.00072,0.38229,0.37254,0.34443,0.30622,0.3839,,,,,,,,,,,,,,,,,,,,,,0.0,0.0,0.0,0.0,,,,,,,,,,,,,,0.6632,0.3786,0.7607,0.0975,-0.2846,0.3821,0.15,,,,,,,,0,0,0,0,0,0,,,,,,,15000,10000,28000,10000,5000,3000,5000,-65.37,-0.12,26.83,-9.62,-11.7,-8.43,0.0,1,0,1,0,0,0.025,0.017,0.0,0.015,100.0,100.0,0.0228,0.01432,0.0,0.01503,100.0,100.0,0,0,0,100,100,100,0,0,0,100,100,100,0,0,0,100,100,100,2019-01-08,2018-12-17,,2018-12-24,,,,,,,,,,,,,,,,,,,,,0.014,0.00567,0.0,66.67167,0.0,0.0,0,0,0,0,0,0,0,0,0,0,0,0,0,0,0,0,0,0,0,1,0,1,0,0,0,0,0,0,0,0,0,0,0,0,0,0,0,0,0,1,1,0,0,0,0,0,0,0,0,0,0,0,0,0,0,0,0,1,1,1,1,1,1,0,0,0,0,0,0,1,1,1,1,1,1,0,0,0,0,0,0,0,0,0,1,1,1,1,1,1,0,0,0,0,0,0,1,1,1,1,1,1,0,1,1,0,0,1,0,1,0,1,0,1,0.005,,Life.BullStart,Life.BullRetrace,Life.BullStart,Life.BullRetrace,Life.BullStart
2019-04-09,TOPVISN,0.3839,0.3839,0.3839,0.3839,0.3839,0,0.0,0,0.38379,0.38221,0.00158,0.00214,-0.00056,,,-0.00061,-0.00066,-0.00069,-0.0007,0.38241,0.37299,0.34521,0.30699,0.3839,,,,,,,,,,,,,,,,,,,,,,0.0,0.0,0.0,0.0,,,,,,,,,,,,,,0.66,0.372,0.7542,0.0942,-0.288,0.3822,0.15,,,,,,,,0,0,0,0,0,0,,,,,,,15000,10000,28000,10000,5000,3000,5000,-65.37,-0.12,26.83,-9.62,-11.7,-8.43,0.0,1,0,1,0,0,0.025,0.017,0.0,0.015,100.0,100.0,0.0228,0.01432,0.0,0.01503,100.0,100.0,0,0,0,100,100,100,0,0,0,100,100,100,0,0,0,100,100,100,2019-01-08,2018-12-17,,2018-12-24,,,,,,,,,,,,,,,,,,,,,0.014,0.00567,0.0,66.67167,0.0,0.0,0,0,0,0,0,0,0,0,0,0,0,0,0,0,0,0,0,0,0,1,0,1,0,0,0,0,0,0,0,0,0,0,0,0,0,0,0,0,0,1,1,0,0,0,0,0,0,0,0,0,0,0,0,0,0,0,0,1,1,1,1,1,1,0,0,0,0,0,0,1,1,1,1,1,1,0,0,0,0,0,0,0,0,0,1,1,1,1,1,1,0,0,0,0,0,0,1,1,1,1,1,1,0,1,1,0,0,1,0,1,0,1,0,1,0.005,,Life.BullStart,Life.BullRetrace,Life.BullStart,Life.BullRetrace,Life.BullStart
2019-04-10,TOPVISN,0.3839,0.3839,0.3839,0.3839,0.3839,0,0.0,0,0.38381,0.38234,0.00147,0.00201,-0.00054,,,-0.00059,-0.00064,-0.00067,-0.00069,0.38253,0.37341,0.34598,0.30776,0.38409,,,,,,,,,,,,,,,,,,,,,,0.0,0.0,0.0,0.0,,,,,,,,,,,,,,0.6565,0.3655,0.7477,0.0912,-0.291,0.3822,0.15,,,,,,,,0,0,0,0,0,0,,,,,,,15000,10000,28000,10000,5000,3000,5000,-65.37,-0.12,26.83,-9.62,-11.7,-8.43,0.0,1,0,1,0,0,0.025,0.017,0.0,0.015,100.0,100.0,0.0228,0.01432,0.0,0.01503,100.0,100.0,0,0,0,100,100,100,0,0,0,100,100,100,0,0,0,100,100,100,2019-01-08,2018-12-17,,2018-12-24,,,,,,,,,,,,,,,,,,,,,0.014,0.00567,0.0,66.67167,0.0,0.0,0,0,0,0,0,0,0,0,0,0,0,0,0,0,0,0,0,0,0,1,0,1,0,0,0,0,0,0,0,0,0,0,0,0,0,0,0,0,0,1,1,0,0,0,0,0,0,0,0,0,0,0,0,0,0,0,0,1,1,1,1,1,1,0,0,0,0,0,0,1,1,1,1,1,1,0,0,0,0,0,0,0,0,0,1,1,1,1,1,1,0,0,0,0,0,0,1,1,1,1,1,1,0,1,1,0,0,1,0,1,0,1,0,1,0.005,,Life.BullStart,Life.BullRetrace,Life.BullStart,Life.BullRetrace,Life.BullStart
2019-04-11,TOPVISN,0.3839,0.3839,0.3839,0.3839,0.3839,0,0.0,0,0.38382,0.38245,0.00137,0.00188,-0.00051,,,-0.00056,-0.00062,-0.00066,-0.00067,0.38263,0.37382,0.34673,0.30851,0.38481,,,,,,,,,,,,,,,,,,,,,,0.0,0.0,0.0,0.0,,,,,,,,,,,,,,0.6531,0.359,0.7412,0.0881,-0.2941,0.3822,0.15,,,,,,,,0,0,0,0,0,0,,,,,,,15000,10000,28000,10000,5000,3000,5000,-65.37,-0.12,26.83,-9.62,-11.7,-8.43,0.0,1,0,1,0,0,0.025,0.017,0.0,0.015,100.0,100.0,0.0228,0.01432,0.0,0.01503,100.0,100.0,0,0,0,100,100,100,0,0,0,100,100,100,0,0,0,100,100,100,2019-01-08,2018-12-17,,2018-12-24,,,,,,,,,,,,,,,,,,,,,0.014,0.00567,0.0,66.67167,0.0,0.0,0,0,0,0,0,0,0,0,0,0,0,0,0,0,0,0,0,0,0,1,0,1,0,0,0,0,0,0,0,0,0,0,0,0,0,0,0,0,0,1,1,0,0,0,0,0,0,0,0,0,0,0,0,0,0,0,0,1,1,1,1,1,1,0,0,0,0,0,0,1,1,1,1,1,1,0,0,0,0,0,0,0,0,0,1,1,1,1,1,1,0,0,0,0,0,0,1,1,1,1,1,1,0,1,1,0,0,1,0,1,0,1,0,1,0.005,,Life.BullStart,Life.BullRetrace,Life.BullStart,Life.BullRetrace,Life.BullStart
2019-04-12,TOPVISN,0.3839,0.3839,0.3839,0.3839,0.3839,0,0.0,0,0.38383,0.38256,0.00127,0.00176,-0.00048,,,-0.00054,-0.0006,-0.00064,-0.00066,0.38273,0.37422,0.34746,0.30926,0.38633,,,,,,,,,,,,,,,,,,,,,,0.0,0.0,0.0,0.0,,,,,,,,,,,,,,0.6496,0.3527,0.7347,0.0851,-0.2969,0.382,0.15,,,,,,,,0,0,0,0,0,0,,,,,,,15000,10000,28000,10000,5000,3000,5000,-65.37,-0.12,26.83,-9.62,-11.7,-8.43,0.0,1,0,1,0,0,0.025,0.017,0.0,0.015,100.0,100.0,0.0228,0.01432,0.0,0.01503,100.0,100.0,0,0,0,100,100,100,0,0,0,100,100,100,0,0,0,100,100,100,2019-01-08,2018-12-17,,2018-12-24,,,,,,,,,,,,,,,,,,,,,0.014,0.00567,0.0,66.67167,0.0,0.0,0,0,0,0,0,0,0,0,0,0,0,0,0,0,0,0,0,0,0,1,0,1,0,0,0,0,0,0,0,0,0,0,0,0,0,0,0,0,0,1,1,0,0,0,0,0,0,0,0,0,0,0,0,0,0,0,0,1,1,1,1,1,1,0,0,0,0,0,0,1,1,1,1,1,1,0,0,0,0,0,0,0,0,0,1,1,1,1,1,1,0,0,0,0,0,0,1,1,1,1,1,1,0,1,1,0,0,1,0,1,0,1,0,1,0.005,,Life.BullStart,Life.BullRetrace,Life.BullStart,Life.BullRetrace,Life.BullStart
2019-04-15,TOPVISN,0.3839,0.3839,0.3839,0.3839,0.3839,0,0.0,0,0.38384,0.38266,0.00118,0.00164,-0.00046,,,-0.00051,-0.00057,-0.00062,-0.00065,0.38282,0.3746,0.34818,0.31001,0.38879,,,,,,,,,,,,,,,,,,,,,,0.0,0.0,0.0,0.0,,,,,,,,,,,,,,0.6459,0.3464,0.7281,0.0822,-0.2995,0.3817,0.15,,,,,,,,0,0,0,0,0,0,,,,,,,15000,10000,28000,10000,5000,3000,5000,-65.37,-0.12,26.83,-9.62,-11.7,-8.43,0.0,1,0,1,0,0,0.025,0.017,0.0,0.015,100.0,100.0,0.0228,0.01432,0.0,0.01503,100.0,100.0,0,0,0,100,100,100,0,0,0,100,100,100,0,0,0,100,100,100,2019-01-08,2018-12-17,,2018-12-24,,,,,,,,,,,,,,,,,,,,,0.014,0.00567,0.0,66.67167,0.0,0.0,0,0,0,0,0,0,0,0,0,0,0,0,0,0,0,0,0,0,0,1,0,1,0,0,0,0,0,0,0,0,0,0,0,0,0,0,0,0,0,1,1,0,0,0,0,0,0,0,0,0,0,0,0,0,0,0,0,1,1,1,1,1,1,0,0,0,0,0,0,1,1,1,1,1,1,0,0,0,0,0,0,0,0,0,1,1,1,1,1,1,0,0,0,0,0,0,1,1,1,1,1,1,0,1,1,0,0,1,0,1,0,1,0,1,0.005,,Life.BullStart,Life.BullRetrace,Life.BullStart,Life.BullRetrace,Life.BullStart
2019-04-16,TOPVISN,0.3839,0.3839,0.3839,0.3839,0.3839,0,0.0,0,0.38385,0.38275,0.0011,0.00153,-0.00043,,,-0.00048,-0.00055,-0.0006,-0.00064,0.3829,0.37496,0.34889,0.31074,0.3922,,,,,,,,,,,,,,,,,,,,,,0.0,0.0,0.0,0.0,,,,,,,,,,,,,,0.6422,0.3401,0.7216,0.0794,-0.3021,0.3815,0.15,,,,,,,,0,0,0,0,0,0,,,,,,,15000,10000,28000,10000,5000,3000,5000,-65.37,-0.12,26.83,-9.62,-11.7,-8.43,0.0,1,0,1,0,0,0.025,0.017,0.0,0.015,100.0,100.0,0.0228,0.01432,0.0,0.01503,100.0,100.0,0,0,0,100,100,100,0,0,0,100,100,100,0,0,0,100,100,100,2019-01-08,2018-12-17,,2018-12-24,,,,,,,,,,,,,,,,,,,,,0.014,0.00567,0.0,66.67167,0.0,0.0,0,0,0,0,0,0,0,0,0,0,0,0,0,0,0,0,0,0,0,1,0,1,0,0,0,0,0,0,0,0,0,0,0,0,0,0,0,0,0,1,1,0,0,0,0,0,0,0,0,0,0,0,0,0,0,0,0,1,1,1,1,1,1,0,0,0,0,0,0,1,1,1,1,1,1,0,0,0,0,0,0,0,0,0,1,1,1,1,1,1,0,0,0,0,0,0,1,1,1,1,1,1,0,1,1,0,0,1,0,1,0,1,0,1,0.005,,Life.BullStart,Life.BullRetrace,Life.BullStart,Life.BullRetrace,Life.BullStart
2019-04-17,TOPVISN,0.3839,0.3839,0.3839,0.3839,0.3839,0,0.0,0,0.38386,0.38284,0.00102,0.00143,-0.00041,,,-0.00046,-0.00052,-0.00058,-0.00062,0.38298,0.37531,0.34958,0.31147,0.3964,,,,,,,,,,,,,,,,,,,,,,0.0,0.0,0.0,0.0,,,,,,,,,,,,,,0.6384,0.334,0.7151,0.0767,-0.3044,0.3811,0.15,,,,,,,,0,0,0,0,0,0,,,,,,,15000,10000,28000,10000,5000,3000,5000,-65.37,-0.12,26.83,-9.62,-11.7,-8.43,0.0,1,0,1,0,0,0.025,0.017,0.0,0.015,100.0,100.0,0.0228,0.01432,0.0,0.01503,100.0,100.0,0,0,0,100,100,100,0,0,0,100,100,100,0,0,0,100,100,100,2019-01-08,2018-12-17,,2018-12-24,,,,,,,,,,,,,,,,,,,,,0.014,0.00567,0.0,66.67167,0.0,0.0,0,0,0,0,0,0,0,0,0,0,0,0,0,0,0,0,0,0,0,1,0,1,0,0,0,0,0,0,0,0,0,0,0,0,0,0,0,0,0,1,1,0,0,0,0,0,0,0,0,0,0,0,0,0,0,0,0,1,1,1,1,1,1,0,0,0,0,0,0,1,1,1,1,1,1,0,0,0,0,0,0,0,0,0,1,1,1,1,1,1,0,0,0,0,0,0,1,1,1,1,1,1,0,1,1,0,0,1,0,1,0,1,0,1,0.005,,Life.BullStart,Life.BullRetrace,Life.BullStart,Life.BullRetrace,Life.BullStart
2019-04-18,TOPVISN,0.3839,0.3839,0.3839,0.3839,0.3839,0,0.0,0,0.38387,0.38292,0.00095,0.00134,-0.00038,0.001,,-0.00043,-0.0005,-0.00056,-0.0006,0.38305,0.37565,0.35026,0.31219,0.40114,,,,,,,,,,,,,,,,,,,,,,0.0,0.0,0.0,0.0,,,,,,,,,,,,,,0.6346,0.3279,0.7086,0.074,-0.3067,0.3807,0.15,,,,,,,,0,0,0,0,0,0,,,,,,,15000,10000,28000,10000,5000,3000,5000,-65.37,-0.12,26.83,-9.62,-11.7,-8.43,0.0,1,0,1,0,0,0.025,0.017,0.0,0.001,0.015,100.0,0.0228,0.01432,0.0,0.00134,0.01503,100.0,0,0,0,100,100,100,0,0,0,100,100,100,0,0,0,100,100,100,2019-01-08,2018-12-17,,2019-04-18,2018-12-24,,,,,,,,,,,,,,,,,,,,0.014,0.00567,0.0,33.33867,66.67167,0.0,0,0,0,0,0,0,0,0,0,0,0,0,0,0,0,0,0,0,0,1,0,0,0,0,0,0,0,0,0,0,0,0,0,0,0,0,0,0,0,1,1,0,0,0,0,0,0,0,0,0,0,0,0,0,0,0,0,1,1,1,1,1,1,0,0,0,0,0,0,1,1,1,1,1,1,0,0,0,0,0,0,0,0,0,1,1,1,1,1,1,0,0,0,0,0,0,1,1,1,1,1,1,0,1,1,0,0,1,0,1,0,1,0,1,0.005,,Life.BullStart,Life.BullRetrace,Life.BullStart,Life.BullRetrace,Life.BullStart
2019-04-19,TOPVISN,0.4233,0.4233,0.4233,0.4233,0.4233,3000,0.0,0,0.38993,0.38591,0.00403,0.00187,0.00215,,,9e-05,-0.00022,-0.00037,-0.00046,0.38615,0.37752,0.35171,0.3133,0.40606,,,,,,,,,,,,,,,,,,,,,,0.0394,0.0,0.00281,0.0,,,,,,100.0,,,,,,,,0.6422,0.3444,0.7285,0.0863,-0.2978,0.3841,,0.15,,,,,,,0,0,0,0,0,0,,,,,,,10000,28000,10000,5000,3000,5000,3000,-0.12,26.83,-9.62,-11.7,-8.43,0.0,-15.79,1,2,0,0,0,0.025,0.017,0.0,0.001,0.015,100.0,0.0228,0.01432,0.0,0.00134,0.01503,100.0,0,0,0,100,100,100,0,0,0,100,100,100,0,0,0,100,100,100,2019-01-08,2018-12-17,,2019-04-18,2018-12-24,,,,,,,,,,,,,,,,,,,,0.014,0.00567,0.0,33.33867,66.67167,0.0,0,0,0,0,0,0,0,0,0,0,0,0,0,0,0,0,0,0,0,1,0,0,0,0,0,0,0,0,0,0,0,0,0,0,0,0,0,0,0,1,1,0,0,0,0,0,0,0,0,0,0,0,0,0,0,0,0,1,1,1,1,1,1,0,0,0,0,0,0,1,1,1,1,1,1,0,0,0,0,0,0,0,0,0,1,1,1,1,1,1,0,0,0,0,0,0,1,1,1,1,1,1,0,1,1,0,0,1,0,1,0,1,0,1,,,Life.BullRetrace,Life.BullStart,Life.BullRetrace,Life.BullStart,Life.Bull
2019-04-22,TOPVISN,0.4233,0.4233,0.4233,0.4233,0.4233,0,0.0,0,0.39507,0.38868,0.00639,0.00278,0.00361,,,0.00091,0.0002,-8e-05,-0.00024,0.38901,0.37932,0.35313,0.31439,0.4108,,,,,,,,,,,,,,,,,,,,,,0.0,0.0,0.00281,0.0,,,,,,100.0,,,,,,,,0.6493,0.3588,0.7462,0.0969,-0.2905,0.3874,,0.15,,,,,,,0,0,0,0,0,0,,,,,,,10000,28000,10000,5000,3000,5000,3000,-0.12,26.83,-9.62,-11.7,-8.43,0.0,-15.79,1,1,0,0,0,0.025,0.017,0.0,0.001,0.015,100.0,0.0228,0.01432,0.0,0.00134,0.01503,100.0,0,0,0,100,100,100,0,0,0,100,100,100,0,0,0,100,100,100,2019-01-08,2018-12-17,,2019-04-18,2018-12-24,,,,,,,,,,,,,,,,,,,,0.014,0.00567,0.0,33.33867,66.67167,0.0,0,0,0,0,0,0,0,0,0,0,0,0,0,0,0,0,0,0,0,1,0,0,0,0,0,0,0,0,0,0,0,0,0,0,0,0,0,0,0,1,1,0,0,0,0,0,0,0,0,0,0,0,0,0,0,0,0,1,1,1,1,1,1,0,0,0,0,0,0,1,1,1,1,1,1,0,0,0,0,0,0,0,0,0,1,1,1,1,1,1,0,0,0,0,0,0,1,1,1,1,1,1,0,1,1,0,0,1,0,1,0,1,0,1,,,Life.BullRetrace,Life.BullStart,Life.BullRetrace,Life.BullStart,Life.Bull
2019-04-23,TOPVISN,0.4233,0.4233,0.4233,0.4233,0.4233,0,0.0,0,0.39941,0.39124,0.00817,0.00386,0.00431,,,0.00186,0.00069,0.00025,1e-05,0.39164,0.38104,0.35452,0.31547,0.415,,,,,,,,,,,,,,,,,,,,,,0.0,0.0,0.00281,0.0,,,,,,100.0,100.0,,,100.0,,,,0.6557,0.3712,0.7617,0.106,-0.2845,0.3905,,0.15,,,,,,,0,0,0,0,0,0,,,,,,,10000,28000,10000,5000,3000,5000,3000,-0.12,26.83,-9.62,-11.7,-8.43,0.0,-15.79,1,1,0,0,0,0.025,0.017,0.0,0.001,0.015,100.0,0.0228,0.01432,0.0,0.00134,0.01503,100.0,0,0,0,100,100,100,0,0,0,100,100,100,0,0,0,100,100,100,2019-01-08,2018-12-17,,2019-04-18,2018-12-24,,,,,,,,,,,,,,,,,,,,0.014,0.00567,0.0,33.33867,66.67167,0.0,0,0,0,0,0,0,0,0,0,0,0,0,0,0,0,0,0,0,0,1,0,0,0,0,0,0,0,0,0,0,0,0,0,0,0,0,0,0,0,1,1,0,0,0,0,0,0,0,0,0,0,0,0,0,0,0,0,1,1,1,1,1,1,0,0,0,0,0,0,1,1,1,1,1,1,0,0,0,0,0,0,0,0,0,1,1,1,1,1,1,0,0,0,0,0,0,1,1,1,1,1,1,0,1,1,0,0,1,0,1,0,1,0,1,,,Life.BullRetrace,Life.BullStart,Life.BullRetrace,Life.BullStart,Life.Bull
2019-04-24,TOPVISN,0.4233,0.4233,0.4233,0.4233,0.4233,0,0.0,0,0.40309,0.39362,0.00947,0.00498,0.00449,,,0.00284,0.00119,0.0006,0.00027,0.39408,0.3827,0.35588,0.31655,0.41841,,,,,,,,,,,,,,,,,,,,,,0.0,0.0,0.00281,0.0,,,,,,100.0,100.0,,,100.0,,,,0.6615,0.382,0.7753,0.1138,-0.2795,0.3933,,0.15,,,,,,,0,0,0,0,0,0,,,,,,,10000,28000,10000,5000,3000,5000,3000,-0.12,26.83,-9.62,-11.7,-8.43,0.0,-15.79,1,1,0,0,0,0.025,0.017,0.0,0.001,0.015,100.0,0.0228,0.01432,0.0,0.00134,0.01503,100.0,0,0,0,100,100,100,0,0,0,100,100,100,0,0,0,100,100,100,2019-01-08,2018-12-17,,2019-04-18,2018-12-24,,,,,,,,,,,,,,,,,,,,0.014,0.00567,0.0,33.33867,66.67167,0.0,0,0,0,0,0,0,0,0,0,0,0,0,0,0,0,0,0,0,0,1,0,0,0,0,0,0,0,0,0,0,0,0,0,0,0,0,0,0,0,1,1,0,0,0,0,0,0,0,0,0,0,0,0,0,0,0,0,1,1,1,1,1,1,0,0,0,0,0,0,1,1,1,1,1,1,0,0,0,0,0,0,0,0,0,1,1,1,1,1,1,0,0,0,0,0,0,1,1,1,1,1,1,0,1,1,0,0,1,0,1,0,1,0,1,,,Life.BullRetrace,Life.BullStart,Life.BullRetrace,Life.BullStart,Life.Bull
2019-04-25,TOPVISN,0.4233,0.4233,0.4233,0.4233,0.4233,0,0.0,0,0.4062,0.39581,0.01038,0.00606,0.00432,,,0.00378,0.00167,0.00093,0.00053,0.39633,0.38429,0.35721,0.31761,0.42087,,,,,,,,,,,,,,,,,,,,,,0.0,0.0,0.00281,0.0,,,,,,100.0,100.0,,,,,,,0.6668,0.3912,0.7872,0.1204,-0.2756,0.396,,0.15,,,,,,,0,0,0,0,0,0,,,,,,,10000,28000,10000,5000,3000,5000,3000,-0.12,26.83,-9.62,-11.7,-8.43,0.0,-15.79,1,1,0,0,0,0.025,0.017,0.0,0.001,0.015,100.0,0.0228,0.01432,0.0,0.00134,0.01503,100.0,0,0,0,100,100,100,0,0,0,100,100,100,0,0,0,100,100,100,2019-01-08,2018-12-17,,2019-04-18,2018-12-24,,,,,,,,,,,,,,,,,,,,0.014,0.00567,0.0,33.33867,66.67167,0.0,0,0,0,0,0,0,0,0,0,0,0,0,0,0,0,0,0,0,0,1,0,0,0,0,0,0,0,0,0,0,0,0,0,0,0,0,0,0,0,1,1,0,0,0,0,0,0,0,0,0,0,0,0,0,0,0,0,1,1,1,1,1,1,0,0,0,0,0,0,1,1,1,1,1,1,0,0,0,0,0,0,0,0,0,1,1,1,1,1,1,0,0,0,0,0,0,1,1,1,1,1,1,0,1,1,0,0,1,0,1,0,1,0,1,,,Life.BullRetrace,Life.BullStart,Life.BullRetrace,Life.BullStart,Life.Bull
2019-04-26,TOPVISN,0.4233,0.4233,0.4233,0.4233,0.4233,0,0.0,0,0.40883,0.39785,0.01098,0.00704,0.00393,,,0.00413,0.00211,0.00123,0.00076,0.3984,0.38582,0.35852,0.31866,0.42239,,,,,,,,,,,,,,,,,,,,,,0.0,0.0,0.00281,0.0,,,,,,100.0,100.0,,,,,,,0.6716,0.3988,0.7974,0.1258,-0.2728,0.3986,,0.15,,,,,,,0,0,0,0,0,0,,,,,,,10000,28000,10000,5000,3000,5000,3000,-0.12,26.83,-9.62,-11.7,-8.43,0.0,-15.79,0,1,0,0,0,0.025,0.017,0.0,0.001,0.015,100.0,0.0228,0.01432,0.0,0.00134,0.01503,100.0,0,0,0,100,100,100,0,0,0,100,100,100,0,0,0,100,100,100,2019-01-08,2018-12-17,,2019-04-18,2018-12-24,,,,,,,,,,,,,,,,,,,,0.014,0.00567,0.0,33.33867,66.67167,0.0,0,0,0,0,0,0,0,0,0,0,0,0,0,0,0,0,0,0,0,1,0,0,0,0,0,0,0,0,0,0,0,0,0,0,0,0,0,0,0,1,1,0,0,0,0,0,0,0,0,0,0,0,0,0,0,0,0,1,1,1,1,1,1,0,0,0,0,0,0,1,1,1,1,1,1,0,0,0,0,0,0,0,0,0,1,1,1,1,1,1,0,0,0,0,0,0,1,1,1,1,1,1,0,1,1,0,0,1,0,1,0,1,0,1,,,Life.BullRetrace,Life.BullStart,Life.BullRetrace,Life.BullStart,Life.Bull
2019-04-29,TOPVISN,0.4233,0.4233,0.4233,0.4233,0.4233,0,0.0,0,0.41105,0.39974,0.01132,0.0079,0.00342,,,0.0041,0.0025,0.0015,0.00096,0.40032,0.38729,0.35981,0.3197,0.42311,,,,,,,,,,,,,,,,,,,,,,0.0,0.0,0.00281,0.0,,,,,,100.0,100.0,,,,,,,0.6759,0.4051,0.8062,0.1303,-0.2708,0.4011,0.15,,,,,,,,0,0,0,0,0,0,,,,,,,10000,28000,10000,5000,3000,5000,3000,-0.12,26.83,-9.62,-11.7,-8.43,0.0,-15.79,0,1,0,0,0,0.025,0.017,0.0,0.001,0.015,100.0,0.0228,0.01432,0.0,0.00134,0.01503,100.0,0,0,0,100,100,100,0,0,0,100,100,100,0,0,0,100,100,100,2019-01-08,2018-12-17,,2019-04-18,2018-12-24,,,,,,,,,,,,,,,,,,,,0.014,0.00567,0.0,33.33867,66.67167,0.0,0,0,0,0,0,0,0,0,0,0,0,0,0,0,0,0,0,0,0,1,0,0,0,0,0,0,0,0,0,0,0,0,0,0,0,0,0,0,0,1,1,0,0,0,0,0,0,0,0,0,0,0,0,0,0,0,0,1,1,1,1,1,1,0,0,0,0,0,0,1,1,1,1,1,1,0,0,0,0,0,0,0,0,0,1,1,1,1,1,1,0,0,0,0,0,0,1,1,1,1,1,1,0,1,1,0,0,1,0,1,0,1,0,1,,,Life.BullStart,Life.BullRetrace,Life.BullStart,Life.Bull,Life.BullStart
2019-04-30,TOPVISN,0.4233,0.4233,0.4233,0.4233,0.4233,0,0.0,0,0.41294,0.40148,0.01146,0.00861,0.00285,,,0.0038,0.00283,0.00173,0.00114,0.40208,0.3887,0.36106,0.32073,0.4233,,,,,,,,,,,,,,,,,,,,,,0.0,0.0,0.00281,0.0,,,,,,100.0,100.0,,,,,,,0.6797,0.4102,0.8135,0.1338,-0.2695,0.4033,0.15,,,,,,,,0,0,0,0,0,0,,,,,,,10000,28000,10000,5000,3000,5000,3000,-0.12,26.83,-9.62,-11.7,-8.43,0.0,-15.79,0,1,0,0,0,0.025,0.017,0.0,0.001,0.015,100.0,0.0228,0.01432,0.0,0.00134,0.01503,100.0,0,0,0,100,100,100,0,0,0,100,100,100,0,0,0,100,100,100,2019-01-08,2018-12-17,,2019-04-18,2018-12-24,,,,,,,,,,,,,,,,,,,,0.014,0.00567,0.0,33.33867,66.67167,0.0,0,0,0,0,0,0,0,0,0,0,0,0,0,0,0,0,0,0,0,1,0,0,0,0,0,0,0,0,0,0,0,0,0,0,0,0,0,0,0,1,1,0,0,0,0,0,0,0,0,0,0,0,0,0,0,0,0,1,1,1,1,1,1,0,0,0,0,0,0,1,1,1,1,1,1,0,0,0,0,0,0,0,0,0,1,1,1,1,1,1,0,0,0,0,0,0,1,1,1,1,1,1,0,1,1,0,0,1,0,1,0,1,0,1,,-0.005,Life.BullStart,Life.BullRetrace,Life.BullStart,Life.Bull,Life.BullStart
2019-05-02,TOPVISN,0.4233,0.4233,0.4233,0.4233,0.4233,0,0.0,0,0.41453,0.4031,0.01143,0.00917,0.00226,,,0.00336,0.0031,0.00191,0.00129,0.40372,0.39006,0.3623,0.32175,0.4233,,,,,,,,,,,,,,,,,,,,,,0.0,0.0,0.00281,0.0,,,,,,100.0,100.0,,,,,,,0.6831,0.4142,0.8197,0.1366,-0.2689,0.4055,0.15,,,,,,,,0,0,0,0,0,0,,,,,,,10000,28000,10000,5000,3000,5000,3000,-0.12,26.83,-9.62,-11.7,-8.43,0.0,-15.79,0,2,0,0,0,0.025,0.017,0.0,0.001,0.015,100.0,0.0228,0.01432,0.0,0.00134,0.01503,100.0,0,0,0,100,100,100,0,0,0,100,100,100,0,0,0,100,100,100,2019-01-08,2018-12-17,,2019-04-18,2018-12-24,,,,,,,,,,,,,,,,,,,,0.014,0.00567,0.0,33.33867,66.67167,0.0,0,0,0,0,0,0,0,0,0,0,0,0,0,0,0,0,0,0,0,1,0,0,0,0,0,0,0,0,0,0,0,0,0,0,0,0,0,0,0,1,1,0,0,0,0,0,0,0,0,0,0,0,0,0,0,0,0,1,1,1,1,1,1,0,0,0,0,0,0,1,1,1,1,1,1,0,0,0,0,0,0,0,0,0,1,1,1,1,1,1,0,0,0,0,0,0,1,1,1,1,1,1,0,1,1,0,0,1,0,1,0,1,0,1,,-0.005,Life.BullStart,Life.BullRetrace,Life.BullStart,Life.Bull,Life.BullStart
2019-05-03,TOPVISN,0.4233,0.4233,0.4233,0.4233,0.4233,0,0.0,0,0.41588,0.40459,0.01129,0.0096,0.00169,,,0.00283,0.0033,0.00206,0.0014,0.40522,0.39136,0.3635,0.32276,0.4233,,,,,,,,,,,,,,,,,,,,,,0.0,0.0,0.00281,0.0,,,,,,100.0,100.0,,,,,,,0.686,0.4172,0.8246,0.1386,-0.2688,0.4074,0.15,,,,,,,,0,0,0,0,0,0,,,,,,,10000,28000,10000,5000,3000,5000,3000,-0.12,26.83,-9.62,-11.7,-8.43,0.0,-15.79,0,2,0,0,0,0.025,0.017,0.0,0.001,0.015,100.0,0.0228,0.01432,0.0,0.00134,0.01503,100.0,0,0,0,100,100,100,0,0,0,100,100,100,0,0,0,100,100,100,2019-01-08,2018-12-17,,2019-04-18,2018-12-24,,,,,,,,,,,,,,,,,,,,0.014,0.00567,0.0,33.33867,66.67167,0.0,0,0,0,0,0,0,0,0,0,0,0,0,0,0,0,0,0,0,0,1,0,0,0,0,0,0,0,0,0,0,0,0,0,0,0,0,0,0,0,1,1,0,0,0,0,0,0,0,0,0,0,0,0,0,0,0,0,1,1,1,1,1,1,0,0,0,0,0,0,1,1,1,1,1,1,0,0,0,0,0,0,0,0,0,1,1,1,1,1,1,0,0,0,0,0,0,1,1,1,1,1,1,0,1,1,0,0,1,0,1,0,1,0,1,,-0.005,Life.BullStart,Life.BullRetrace,Life.BullStart,Life.Bull,Life.BullStart
2019-05-06,TOPVISN,0.4233,0.4233,0.4233,0.4233,0.4233,0,0.0,0,0.41702,0.40598,0.01104,0.00989,0.00116,,,0.00228,0.0032,0.00217,0.00149,0.40661,0.39261,0.36469,0.32376,0.4233,,,,,,,,,,,,,,,,,,,,,,0.0,0.0,0.00281,0.0,,,,,,100.0,100.0,,,,,,,0.6885,0.4192,0.8285,0.14,-0.2693,0.4093,0.15,,,,,,,,0,0,0,0,0,0,,,,,,,10000,28000,10000,5000,3000,5000,3000,-0.12,26.83,-9.62,-11.7,-8.43,0.0,-15.79,0,2,0,0,0,0.025,0.017,0.0,0.001,0.015,100.0,0.0228,0.01432,0.0,0.00134,0.01503,100.0,0,0,0,100,100,100,0,0,0,100,100,100,0,0,0,100,100,100,2019-01-08,2018-12-17,,2019-04-18,2018-12-24,,,,,,,,,,,,,,,,,,,,0.014,0.00567,0.0,33.33867,66.67167,0.0,0,0,0,0,0,0,0,0,0,0,0,0,0,0,0,0,0,0,0,1,0,0,0,0,0,0,0,0,0,0,0,0,0,0,0,0,0,0,0,1,1,0,0,0,0,0,0,0,0,0,0,0,0,0,0,0,0,1,1,1,1,1,1,0,0,0,0,0,0,1,1,1,1,1,1,0,0,0,0,0,0,0,0,0,1,1,1,1,1,1,0,0,0,0,0,0,1,1,1,1,1,1,0,1,1,0,0,1,0,1,0,1,0,1,,-0.005,Life.BullStart,Life.BullRetrace,Life.BullStart,Life.Bull,Life.BullStart
2019-05-07,TOPVISN,0.4233,0.4233,0.4233,0.4233,0.4233,0,0.0,0,0.41799,0.40726,0.01073,0.01005,0.00067,,0.011,0.00173,0.00291,0.00224,0.00155,0.4079,0.39382,0.36585,0.32476,0.4233,,,,,,,,,,,,,,,,,,,,,,0.0,0.0,0.00281,0.0,,,,,,100.0,100.0,,,,,,,0.6906,0.4205,0.8314,0.1408,-0.2701,0.4109,0.15,,,,,,,,0,0,0,0,0,0,,,,,,,10000,28000,10000,5000,3000,5000,3000,-0.12,26.83,-9.62,-11.7,-8.43,0.0,-15.79,0,2,0,0,0,0.011,0.025,0.017,0.001,0.015,100.0,0.01005,0.0228,0.01432,0.00134,0.01503,100.0,0,0,0,100,100,100,0,0,0,100,100,100,0,0,0,100,100,100,2019-05-07,2019-01-08,2018-12-17,2019-04-18,2018-12-24,,,,,,,,,,,,,,,,,,,,0.01767,0.014,0.00567,33.33867,66.67167,0.0,0,0,0,0,0,0,0,0,0,0,0,0,0,0,0,0,0,0,0,1,0,0,0,0,0,0,0,0,0,0,0,0,0,0,0,0,0,0,1,0,1,0,0,0,0,0,0,0,0,0,0,0,0,0,0,0,0,1,1,1,1,1,1,0,0,0,0,0,0,1,1,1,1,1,1,0,0,0,0,0,0,0,0,0,1,1,1,1,1,1,0,0,0,0,0,0,1,1,1,1,1,1,0,1,1,0,0,1,0,1,1,1,1,1,,-0.005,Life.BullStart,Life.BullRetrace,Life.BullStart,Life.Bull,Life.BullStart
2019-05-08,TOPVISN,0.4233,0.4233,0.4233,0.4233,0.4233,0,0.0,0,0.41881,0.40845,0.01035,0.01011,0.00024,,,0.0012,0.0025,0.00229,0.00159,0.40908,0.39497,0.36699,0.32574,0.4233,,,,,,,,,,,,,,,,,,,,,,0.0,0.0,0.00281,0.0,,,,,,100.0,100.0,,,,,,,0.6923,0.4209,0.8334,0.1411,-0.2714,0.4125,0.15,,,,,,,,0,0,0,0,0,0,,,,,,,10000,28000,10000,5000,3000,5000,3000,-0.12,26.83,-9.62,-11.7,-8.43,0.0,-15.79,0,2,0,0,0,0.011,0.025,0.017,0.001,0.015,100.0,0.01005,0.0228,0.01432,0.00134,0.01503,100.0,0,0,0,100,100,100,0,0,0,100,100,100,0,0,0,100,100,100,2019-05-07,2019-01-08,2018-12-17,2019-04-18,2018-12-24,,,,,,,,,,,,,,,,,,,,0.01767,0.014,0.00567,33.33867,66.67167,0.0,0,0,0,0,0,0,0,0,0,0,0,0,0,0,0,0,0,0,0,1,0,0,0,0,0,0,0,0,0,0,0,0,0,0,0,0,0,0,1,0,1,0,0,0,0,0,0,0,0,0,0,0,0,0,0,0,0,1,1,1,1,1,1,0,0,0,0,0,0,1,1,1,1,1,1,0,0,0,0,0,0,0,0,0,1,1,1,1,1,1,0,0,0,0,0,0,1,1,1,1,1,1,0,1,1,0,0,1,0,1,1,1,1,1,,-0.005,Life.BullStart,Life.BullRetrace,Life.BullStart,Life.Bull,Life.BullStart
2019-05-09,TOPVISN,0.4233,0.4233,0.4233,0.4233,0.4233,0,0.0,0,0.4195,0.40955,0.00995,0.01008,-0.00013,,,0.00073,0.00204,0.00231,0.00161,0.41018,0.39608,0.3681,0.32671,0.4233,,,,,,,,,,,,,,,,,,,,,,0.0,0.0,0.00281,0.0,,,,,,,,,,,,,,0.6937,0.4208,0.8347,0.141,-0.2729,0.4139,0.15,,,,,,,,0,0,0,0,0,0,,,,,,,10000,28000,10000,5000,3000,5000,3000,-0.12,26.83,-9.62,-11.7,-8.43,0.0,-15.79,0,2,0,0,0,0.011,0.025,0.017,0.001,0.015,100.0,0.01005,0.0228,0.01432,0.00134,0.01503,100.0,0,0,0,100,100,100,0,0,0,100,100,100,0,0,0,100,100,100,2019-05-07,2019-01-08,2018-12-17,2019-04-18,2018-12-24,,,,,,,,,,,,,,,,,,,,0.01767,0.014,0.00567,33.33867,66.67167,0.0,0,0,0,0,0,0,0,0,0,0,0,0,0,0,0,0,0,0,0,1,0,0,0,0,0,0,0,0,0,0,0,0,0,0,0,0,0,0,1,0,1,0,0,0,0,0,0,0,0,0,0,0,0,0,0,0,0,1,1,1,1,1,1,0,0,0,0,0,0,1,1,1,1,1,1,0,0,0,0,0,0,0,0,0,1,1,1,1,1,1,0,0,0,0,0,0,1,1,1,1,1,1,0,1,1,0,0,1,0,1,1,1,1,1,,-0.005,Life.BullStart,Life.BullRetrace,Life.BullStart,Life.Bull,Life.BullStart
2019-05-10,TOPVISN,0.4233,0.4233,0.4233,0.4233,0.4233,0,0.0,0,0.42008,0.41057,0.00951,0.00997,-0.00045,,,0.0003,0.00156,0.0023,0.00162,0.41119,0.39715,0.36919,0.32767,0.4233,,,,,,,,,,,,,,,,,,,,,,0.0,0.0,0.0,0.0,,,,,,,,,,,,,,0.6948,0.42,0.8352,0.1404,-0.2748,0.4152,0.15,,,,,,,,0,0,0,0,0,0,,,,,,,10000,28000,10000,5000,3000,5000,3000,-0.12,26.83,-9.62,-11.7,-8.43,0.0,-15.79,0,0,1,0,0,0.011,0.025,0.017,0.001,0.015,100.0,0.01005,0.0228,0.01432,0.00134,0.01503,100.0,0,0,0,100,100,100,0,0,0,100,100,100,0,0,0,100,100,100,2019-05-07,2019-01-08,2018-12-17,2019-04-18,2018-12-24,,,,,,,,,,,,,,,,,,,,0.01767,0.014,0.00567,33.33867,66.67167,0.0,0,0,0,0,0,0,0,0,0,0,0,0,0,0,0,0,0,0,0,1,0,0,0,0,0,0,0,0,0,0,0,0,0,0,0,0,0,0,1,0,1,0,0,0,0,0,0,0,0,0,0,0,0,0,0,0,0,1,1,1,1,1,1,0,0,0,0,0,0,1,1,1,1,1,1,0,0,0,0,0,0,0,0,0,1,1,1,1,1,1,0,0,0,0,0,0,1,1,1,1,1,1,0,1,1,0,0,1,0,1,1,1,1,1,,-0.005,Life.BullStart,Life.BullRetrace,Life.BullStart,Life.Bull,Life.BullStart
2019-05-13,TOPVISN,0.4233,0.4233,0.4233,0.4233,0.4233,0,0.0,0,0.42058,0.41151,0.00906,0.00979,-0.00072,,,-8e-05,0.0011,0.00211,0.00161,0.41212,0.39818,0.37027,0.32862,0.4233,,,,,,,,,,,,,,,,,,,,,,0.0,0.0,0.0,0.0,,,,,,,,,,,,,,0.6956,0.4185,0.835,0.1394,-0.2771,0.4165,0.15,,,,,,,,0,0,0,0,0,0,,,,,,,10000,28000,10000,5000,3000,5000,3000,-0.12,26.83,-9.62,-11.7,-8.43,0.0,-15.79,0,0,1,0,0,0.011,0.025,0.017,0.001,0.015,100.0,0.01005,0.0228,0.01432,0.00134,0.01503,100.0,0,0,0,100,100,100,0,0,0,100,100,100,0,0,0,100,100,100,2019-05-07,2019-01-08,2018-12-17,2019-04-18,2018-12-24,,,,,,,,,,,,,,,,,,,,0.01767,0.014,0.00567,33.33867,66.67167,0.0,0,0,0,0,0,0,0,0,0,0,0,0,0,0,0,0,0,0,0,1,0,0,0,0,0,0,0,0,0,0,0,0,0,0,0,0,0,0,1,0,1,0,0,0,0,0,0,0,0,0,0,0,0,0,0,0,0,1,1,1,1,1,1,0,0,0,0,0,0,1,1,1,1,1,1,0,0,0,0,0,0,0,0,0,1,1,1,1,1,1,0,0,0,0,0,0,1,1,1,1,1,1,0,1,1,0,0,1,0,1,1,1,1,1,,-0.005,Life.BullStart,Life.BullRetrace,Life.BullStart,Life.Bull,Life.BullStart
2019-05-14,TOPVISN,0.4233,0.4233,0.4233,0.4233,0.4233,0,0.0,0,0.421,0.41239,0.00861,0.00955,-0.00094,,,-0.0004,0.00066,0.00181,0.00158,0.41298,0.39916,0.37132,0.32956,0.4233,,,,,,,,,,,,,,,,,,,,,,0.0,0.0,0.0,0.0,,,,,,,,,,,,,,0.696,0.4166,0.8342,0.1382,-0.2794,0.4176,0.15,,,,,,,,0,0,0,0,0,0,,,,,,,10000,28000,10000,5000,3000,5000,3000,-0.12,26.83,-9.62,-11.7,-8.43,0.0,-15.79,0,0,1,0,0,0.011,0.025,0.017,0.001,0.015,100.0,0.01005,0.0228,0.01432,0.00134,0.01503,100.0,0,0,0,100,100,100,0,0,0,100,100,100,0,0,0,100,100,100,2019-05-07,2019-01-08,2018-12-17,2019-04-18,2018-12-24,,,,,,,,,,,,,,,,,,,,0.01767,0.014,0.00567,33.33867,66.67167,0.0,0,0,0,0,0,0,0,0,0,0,0,0,0,0,0,0,0,0,0,1,0,0,0,0,0,0,0,0,0,0,0,0,0,0,0,0,0,0,1,0,1,0,0,0,0,0,0,0,0,0,0,0,0,0,0,0,0,1,1,1,1,1,1,0,0,0,0,0,0,1,1,1,1,1,1,0,0,0,0,0,0,0,0,0,1,1,1,1,1,1,0,0,0,0,0,0,1,1,1,1,1,1,0,1,1,0,0,1,0,1,1,1,1,1,,-0.005,Life.BullStart,Life.BullRetrace,Life.BullStart,Life.Bull,Life.BullStart
2019-05-15,TOPVISN,0.4233,0.4233,0.4233,0.4233,0.4233,0,0.0,0,0.42135,0.41319,0.00816,0.00927,-0.00112,,,-0.00067,0.00027,0.00144,0.00155,0.41377,0.40011,0.37235,0.33049,0.4233,,,,,,,,,,,,,,,,,,,,,,0.0,0.0,0.0,0.0,,,,,,,,,,,,,,0.6962,0.4142,0.8328,0.1366,-0.282,0.4186,0.15,,,,,,,,0,0,0,0,0,0,,,,,,,10000,28000,10000,5000,3000,5000,3000,-0.12,26.83,-9.62,-11.7,-8.43,0.0,-15.79,0,0,1,0,0,0.011,0.025,0.017,0.001,0.015,100.0,0.01005,0.0228,0.01432,0.00134,0.01503,100.0,0,0,0,100,100,100,0,0,0,100,100,100,0,0,0,100,100,100,2019-05-07,2019-01-08,2018-12-17,2019-04-18,2018-12-24,,,,,,,,,,,,,,,,,,,,0.01767,0.014,0.00567,33.33867,66.67167,0.0,0,0,0,0,0,0,0,0,0,0,0,0,0,0,0,0,0,0,0,1,0,0,0,0,0,0,0,0,0,0,0,0,0,0,0,0,0,0,1,0,1,0,0,0,0,0,0,0,0,0,0,0,0,0,0,0,0,1,1,1,1,1,1,0,0,0,0,0,0,1,1,1,1,1,1,0,0,0,0,0,0,0,0,0,1,1,1,1,1,1,0,0,0,0,0,0,1,1,1,1,1,1,0,1,1,0,0,1,0,1,1,1,1,1,,-0.005,Life.BullStart,Life.BullRetrace,Life.BullStart,Life.Bull,Life.BullStart
2019-05-16,TOPVISN,0.4233,0.4233,0.4233,0.4233,0.4233,0,0.0,0,0.42165,0.41394,0.00771,0.00896,-0.00125,,,-0.0009,-9e-05,0.00106,0.00151,0.4145,0.40102,0.37335,0.33142,0.4233,,,,,,,,,,,,,,,,,,,,,,0.0,0.0,0.0,0.0,,,,,,,,,,,,,,0.696,0.4115,0.8308,0.1348,-0.2845,0.4193,0.15,,,,,,,,0,0,0,0,0,0,,,,,,,10000,28000,10000,5000,3000,5000,3000,-0.12,26.83,-9.62,-11.7,-8.43,0.0,-15.79,0,0,1,0,0,0.011,0.025,0.017,0.001,0.015,100.0,0.01005,0.0228,0.01432,0.00134,0.01503,100.0,0,0,0,100,100,100,0,0,0,100,100,100,0,0,0,100,100,100,2019-05-07,2019-01-08,2018-12-17,2019-04-18,2018-12-24,,,,,,,,,,,,,,,,,,,,0.01767,0.014,0.00567,33.33867,66.67167,0.0,0,0,0,0,0,0,0,0,0,0,0,0,0,0,0,0,0,0,0,1,0,0,0,0,0,0,0,0,0,0,0,0,0,0,0,0,0,0,1,0,1,0,0,0,0,0,0,0,0,0,0,0,0,0,0,0,0,1,1,1,1,1,1,0,0,0,0,0,0,1,1,1,1,1,1,0,0,0,0,0,0,0,0,0,1,1,1,1,1,1,0,0,0,0,0,0,1,1,1,1,1,1,0,1,1,0,0,1,0,1,1,1,1,1,,-0.005,Life.BullStart,Life.BullRetrace,Life.BullStart,Life.Bull,Life.BullStart
2019-05-17,TOPVISN,0.4233,0.4233,0.4233,0.4233,0.4233,0,0.0,0,0.4219,0.41464,0.00727,0.00862,-0.00135,,,-0.00108,-0.00039,0.00068,0.00146,0.41518,0.40189,0.37434,0.33233,0.4233,,,,,,,,,,,,,,,,,,,,,,0.0,0.0,0.0,0.0,,,,,,,,,,,,,,0.6956,0.4084,0.8285,0.1329,-0.2872,0.4201,,,0.15,,,,,,0,0,0,0,0,0,,,,,,,10000,28000,10000,5000,3000,5000,3000,-0.12,26.83,-9.62,-11.7,-8.43,0.0,-15.79,0,0,1,0,0,0.011,0.025,0.017,0.001,0.015,100.0,0.01005,0.0228,0.01432,0.00134,0.01503,100.0,0,0,0,100,100,100,0,0,0,100,100,100,0,0,0,100,100,100,2019-05-07,2019-01-08,2018-12-17,2019-04-18,2018-12-24,,,,,,,,,,,,,,,,,,,,0.01767,0.014,0.00567,33.33867,66.67167,0.0,0,0,0,0,0,0,0,0,0,0,0,0,0,0,0,0,0,0,0,1,0,0,0,0,0,0,0,0,0,0,0,0,0,0,0,0,0,0,1,0,1,0,0,0,0,0,0,0,0,0,0,0,0,0,0,0,0,1,1,1,1,1,1,0,0,0,0,0,0,1,1,1,1,1,1,0,0,0,0,0,0,0,0,0,1,1,1,1,1,1,0,0,0,0,0,0,1,1,1,1,1,1,0,1,1,0,0,1,0,1,1,1,1,1,,,Life.BullRetrace,Life.BullStart,Life.Bull,Life.BullStart,Life.BullRetrace
2019-05-21,TOPVISN,0.4233,0.4233,0.4233,0.4233,0.4233,0,0.0,0,0.42212,0.41528,0.00684,0.00827,-0.00142,,,-0.00122,-0.00065,0.00033,0.00128,0.41581,0.40273,0.37531,0.33324,0.42344,,,,,,,,,,,,,,,,,,,,,,0.0,0.0,0.0,0.0,,,,,,,,,,,,,,0.6949,0.405,0.8257,0.1308,-0.2899,0.4207,,,0.15,,,,,,0,0,0,0,0,0,,,,,,,10000,28000,10000,5000,3000,5000,3000,-0.12,26.83,-9.62,-11.7,-8.43,0.0,-15.79,0,0,1,0,0,0.011,0.025,0.017,0.001,0.015,100.0,0.01005,0.0228,0.01432,0.00134,0.01503,100.0,0,0,0,100,100,100,0,0,0,100,100,100,0,0,0,100,100,100,2019-05-07,2019-01-08,2018-12-17,2019-04-18,2018-12-24,,,,,,,,,,,,,,,,,,,,0.01767,0.014,0.00567,33.33867,66.67167,0.0,0,0,0,0,0,0,0,0,0,0,0,0,0,0,0,0,0,0,0,1,0,0,0,0,0,0,0,0,0,0,0,0,0,0,0,0,0,0,1,0,1,0,0,0,0,0,0,0,0,0,0,0,0,0,0,0,0,1,1,1,1,1,1,0,0,0,0,0,0,1,1,1,1,1,1,0,0,0,0,0,0,0,0,0,1,1,1,1,1,1,0,0,0,0,0,0,1,1,1,1,1,1,0,1,1,0,0,1,0,1,1,1,1,1,,,Life.BullRetrace,Life.BullStart,Life.Bull,Life.BullStart,Life.BullRetrace
2019-05-23,TOPVISN,0.4233,0.4233,0.4233,0.4233,0.4233,0,0.0,0,0.4223,0.41587,0.00643,0.0079,-0.00147,,,-0.00132,-0.00086,0.0,0.00102,0.41638,0.40354,0.37626,0.33413,0.42407,,,,,,,,,,,,,,,,,,,,,,0.0,0.0,0.0,0.0,,,,,,,,,,,,,,0.6941,0.4012,0.8225,0.1284,-0.2929,0.4213,,,0.15,,,,,,0,0,0,0,0,0,,,,,,,10000,28000,10000,5000,3000,5000,3000,-0.12,26.83,-9.62,-11.7,-8.43,0.0,-15.79,0,0,1,0,0,0.011,0.025,0.017,0.001,0.015,100.0,0.01005,0.0228,0.01432,0.00134,0.01503,100.0,0,0,0,100,100,100,0,0,0,100,100,100,0,0,0,100,100,100,2019-05-07,2019-01-08,2018-12-17,2019-04-18,2018-12-24,,,,,,,,,,,,,,,,,,,,0.01767,0.014,0.00567,33.33867,66.67167,0.0,0,0,0,0,0,0,0,0,0,0,0,0,0,0,0,0,0,0,0,1,0,0,0,0,0,0,0,0,0,0,0,0,0,0,0,0,0,0,1,0,1,0,0,0,0,0,0,0,0,0,0,0,0,0,0,0,0,1,1,1,1,1,1,0,0,0,0,0,0,1,1,1,1,1,1,0,0,0,0,0,0,0,0,0,1,1,1,1,1,1,0,0,0,0,0,0,1,1,1,1,1,1,0,1,1,0,0,1,0,1,1,1,1,1,,,Life.BullRetrace,Life.BullStart,Life.Bull,Life.BullStart,Life.BullRetrace
2019-05-24,TOPVISN,0.4233,0.4233,0.4233,0.4233,0.4233,0,0.0,0,0.42245,0.41642,0.00603,0.00752,-0.00149,,,-0.0014,-0.00104,-0.00029,0.00073,0.41691,0.40431,0.37719,0.33502,0.42557,,,,,,,,,,,,,,,,,,,,,,0.0,0.0,0.0,0.0,,,,,,,,,,,,,,0.6929,0.3972,0.8189,0.126,-0.2957,0.4217,,,0.15,,,,,,0,0,0,0,0,0,,,,,,,10000,28000,10000,5000,3000,5000,3000,-0.12,26.83,-9.62,-11.7,-8.43,0.0,-15.79,0,0,1,0,0,0.011,0.025,0.017,0.001,0.015,100.0,0.01005,0.0228,0.01432,0.00134,0.01503,100.0,0,0,0,100,100,100,0,0,0,100,100,100,0,0,0,100,100,100,2019-05-07,2019-01-08,2018-12-17,2019-04-18,2018-12-24,,,,,,,,,,,,,,,,,,,,0.01767,0.014,0.00567,33.33867,66.67167,0.0,0,0,0,0,0,0,0,0,0,0,0,0,0,0,0,0,0,0,0,1,0,0,0,0,0,0,0,0,0,0,0,0,0,0,0,0,0,0,1,0,1,0,0,0,0,0,0,0,0,0,0,0,0,0,0,0,0,1,1,1,1,1,1,0,0,0,0,0,0,1,1,1,1,1,1,0,0,0,0,0,0,0,0,0,1,1,1,1,1,1,0,0,0,0,0,0,1,1,1,1,1,1,0,1,1,0,0,1,0,1,1,1,1,1,,,Life.BullRetrace,Life.BullStart,Life.Bull,Life.BullStart,Life.BullRetrace
2019-05-27,TOPVISN,0.4233,0.4233,0.4233,0.4233,0.4233,0,0.0,0,0.42258,0.41693,0.00565,0.00715,-0.0015,,,-0.00145,-0.00117,-0.00054,0.00043,0.41741,0.40506,0.37811,0.3359,0.42818,,,,,,,,,,,,,,,,,,,,,,0.0,0.0,0.0,0.0,,,,,,,,,,,,,,0.6916,0.393,0.8151,0.1235,-0.2986,0.4221,,,0.15,,,,,,0,0,0,0,0,0,,,,,,,10000,28000,10000,5000,3000,5000,3000,-0.12,26.83,-9.62,-11.7,-8.43,0.0,-15.79,0,0,1,0,0,0.011,0.025,0.017,0.001,0.015,100.0,0.01005,0.0228,0.01432,0.00134,0.01503,100.0,0,0,0,100,100,100,0,0,0,100,100,100,0,0,0,100,100,100,2019-05-07,2019-01-08,2018-12-17,2019-04-18,2018-12-24,,,,,,,,,,,,,,,,,,,,0.01767,0.014,0.00567,33.33867,66.67167,0.0,0,0,0,0,0,0,0,0,0,0,0,0,0,0,0,0,0,0,0,1,0,0,0,0,0,0,0,0,0,0,0,0,0,0,0,0,0,0,1,0,1,0,0,0,0,0,0,0,0,0,0,0,0,0,0,0,0,1,1,1,1,1,1,0,0,0,0,0,0,1,1,1,1,1,1,0,0,0,0,0,0,0,0,0,1,1,1,1,1,1,0,0,0,0,0,0,1,1,1,1,1,1,0,1,1,0,0,1,0,1,1,1,1,1,,,Life.BullRetrace,Life.BullStart,Life.Bull,Life.BullStart,Life.BullRetrace
2019-05-28,TOPVISN,0.4233,0.4233,0.4233,0.4233,0.4233,0,0.0,0,0.42269,0.4174,0.00529,0.00678,-0.00149,,,-0.00147,-0.00128,-0.00075,0.00014,0.41786,0.40577,0.379,0.33677,0.43196,,,,,,,,,,,,,,,,,,,,,,0.0,0.0,0.0,0.0,,,,,,,,,,,,,,0.69,0.3886,0.8109,0.1209,-0.3014,0.4223,,,0.15,,,,,,0,0,0,0,0,0,,,,,,,10000,28000,10000,5000,3000,5000,3000,-0.12,26.83,-9.62,-11.7,-8.43,0.0,-15.79,0,0,1,0,0,0.011,0.025,0.017,0.001,0.015,100.0,0.01005,0.0228,0.01432,0.00134,0.01503,100.0,0,0,0,100,100,100,0,0,0,100,100,100,0,0,0,100,100,100,2019-05-07,2019-01-08,2018-12-17,2019-04-18,2018-12-24,,,,,,,,,,,,,,,,,,,,0.01767,0.014,0.00567,33.33867,66.67167,0.0,0,0,0,0,0,0,0,0,0,0,0,0,0,0,0,0,0,0,0,1,0,0,0,0,0,0,0,0,0,0,0,0,0,0,0,0,0,0,1,0,1,0,0,0,0,0,0,0,0,0,0,0,0,0,0,0,0,1,1,1,1,1,1,0,0,0,0,0,0,1,1,1,1,1,1,0,0,0,0,0,0,0,0,0,1,1,1,1,1,1,0,0,0,0,0,0,1,1,1,1,1,1,0,1,1,0,0,1,0,1,1,1,1,1,,,Life.BullRetrace,Life.BullStart,Life.Bull,Life.BullStart,Life.BullRetrace
2019-05-29,TOPVISN,0.4233,0.4233,0.4233,0.4233,0.4233,0,0.0,0,0.42279,0.41784,0.00495,0.00641,-0.00146,,,-0.00148,-0.00135,-0.00093,-0.00013,0.41828,0.40646,0.37988,0.33763,0.4369,,,,,,,,,,,,,,,,,,,,,,0.0,0.0,0.0,0.0,,,,,,,,,,,,,,0.6883,0.384,0.8065,0.1182,-0.3043,0.4225,,,0.15,,,,,,0,0,0,0,0,0,,,,,,,10000,28000,10000,5000,3000,5000,3000,-0.12,26.83,-9.62,-11.7,-8.43,0.0,-15.79,1,0,1,0,0,0.011,0.025,0.017,0.001,0.015,100.0,0.01005,0.0228,0.01432,0.00134,0.01503,100.0,0,0,0,100,100,100,0,0,0,100,100,100,0,0,0,100,100,100,2019-05-07,2019-01-08,2018-12-17,2019-04-18,2018-12-24,,,,,,,,,,,,,,,,,,,,0.01767,0.014,0.00567,33.33867,66.67167,0.0,0,0,0,0,0,0,0,0,0,0,0,0,0,0,0,0,0,0,0,1,0,0,0,0,0,0,0,0,0,0,0,0,0,0,0,0,0,0,1,0,1,0,0,0,0,0,0,0,0,0,0,0,0,0,0,0,0,1,1,1,1,1,1,0,0,0,0,0,0,1,1,1,1,1,1,0,0,0,0,0,0,0,0,0,1,1,1,1,1,1,0,0,0,0,0,0,1,1,1,1,1,1,0,1,1,0,0,1,0,1,1,1,1,1,,,Life.BullRetrace,Life.BullStart,Life.Bull,Life.BullStart,Life.BullRetrace
2019-05-30,TOPVISN,0.4233,0.4233,0.4233,0.4233,0.4233,0,0.0,0,0.42287,0.41824,0.00462,0.00605,-0.00143,0.005,,-0.00147,-0.0014,-0.00107,-0.00037,0.41866,0.40712,0.38074,0.33848,0.44291,,,,,,,,,,,,,,,,,,,,,,0.0,0.0,0.0,0.0,,,,,,,,,,,,,,0.6864,0.3792,0.8018,0.1154,-0.3072,0.4226,,,0.15,,,,,,0,0,0,0,0,0,,,,,,,10000,28000,10000,5000,3000,5000,3000,-0.12,26.83,-9.62,-11.7,-8.43,0.0,-15.79,1,0,1,0,0,0.011,0.025,0.017,0.005,0.001,0.015,0.01005,0.0228,0.01432,0.00605,0.00134,0.01503,0,0,0,100,100,100,0,0,0,100,100,100,0,0,0,100,100,100,2019-05-07,2019-01-08,2018-12-17,2019-05-30,2019-04-18,2018-12-24,,,,,,,,,,,,,,,,,,,0.01767,0.014,0.00567,0.007,33.33867,66.67167,0,0,0,0,0,0,0,0,0,0,0,0,0,0,0,0,0,0,0,1,1,0,0,0,0,0,0,0,0,0,0,0,0,0,0,0,0,0,1,0,0,0,0,0,0,0,0,0,0,0,0,0,0,0,0,0,0,1,1,1,1,1,1,0,0,0,0,0,0,1,1,1,1,1,1,0,0,0,0,0,0,0,0,0,1,1,1,1,1,1,0,0,0,0,0,0,1,1,1,1,1,1,0,1,1,0,0,1,0,1,1,1,1,1,,,Life.BullRetrace,Life.BullStart,Life.Bull,Life.BullStart,Life.BullRetrace
2019-05-31,TOPVISN,0.4528,0.4528,0.4528,0.4528,0.4528,5000,0.0,0,0.42747,0.4208,0.00667,0.00618,0.00049,,,-0.00108,-0.00124,-0.00105,-0.00049,0.42129,0.40891,0.38217,0.33962,0.44973,,,,,,,,,,,,,,,,,,,,,,0.0295,0.0,0.00211,0.0,,,,,,100.0,,,,,,,,0.6929,0.3912,0.8167,0.1238,-0.3017,0.4255,,0.15,,,,,,,0,0,0,0,0,0,,,,,,,28000,10000,5000,3000,5000,3000,5000,26.83,-9.62,-11.7,-8.43,0.0,-15.79,-7.81,1,0,2,0,0,0.011,0.025,0.017,0.005,0.001,0.015,0.01005,0.0228,0.01432,0.00605,0.00134,0.01503,0,0,0,100,100,100,0,0,0,100,100,100,0,0,0,100,100,100,2019-05-07,2019-01-08,2018-12-17,2019-05-30,2019-04-18,2018-12-24,,,,,,,,,,,,,,,,,,,0.01767,0.014,0.00567,0.007,33.33867,66.67167,0,0,0,0,0,0,0,0,0,0,0,0,0,0,0,0,0,0,0,1,1,0,0,0,0,0,0,0,0,0,0,0,0,0,0,0,0,0,1,0,0,0,0,0,0,0,0,0,0,0,0,0,0,0,0,0,0,1,1,1,1,1,1,0,0,0,0,0,0,1,1,1,1,1,1,0,0,0,0,0,0,0,0,0,1,1,1,1,1,1,0,0,0,0,0,0,1,1,1,1,1,1,0,1,1,0,0,1,0,1,1,1,1,1,,,Life.BullStart,Life.Bull,Life.BullStart,Life.BullRetrace,Life.Bull
2019-06-03,TOPVISN,0.4725,0.4725,0.4725,0.4725,0.4725,5000,0.0,0,0.4344,0.42463,0.00977,0.00689,0.00287,,,-0.0002,-0.00083,-0.00085,-0.00046,0.42523,0.41141,0.38395,0.34094,0.45697,,,,,,,,,,,,,,,,,,,,,,0.0197,0.0,0.00351,0.0,,,,,,100.0,,,,,,,,0.7047,0.4128,0.8429,0.1382,-0.2919,0.4301,,0.15,,,,,,,0,0,0,0,0,0,,,,,,,10000,5000,3000,5000,3000,5000,5000,-9.62,-11.7,-8.43,0.0,-15.79,-7.81,-38.98,1,1,0,0,0,0.011,0.025,0.017,0.005,0.001,0.015,0.01005,0.0228,0.01432,0.00605,0.00134,0.01503,0,0,0,100,100,100,0,0,0,100,100,100,0,0,0,100,100,100,2019-05-07,2019-01-08,2018-12-17,2019-05-30,2019-04-18,2018-12-24,,,,,,,,,,,,,,,,,,,0.01767,0.014,0.00567,0.007,33.33867,66.67167,0,0,0,0,0,0,0,0,0,0,0,0,0,0,0,0,0,0,0,1,1,0,0,0,0,0,0,0,0,0,0,0,0,0,0,0,0,0,1,0,0,0,0,0,0,0,0,0,0,0,0,0,0,0,0,0,0,1,1,1,1,1,1,0,0,0,0,0,0,1,1,1,1,1,1,0,0,0,0,0,0,0,0,0,1,1,1,1,1,1,0,0,0,0,0,0,1,1,1,1,1,1,0,1,1,0,0,1,0,1,1,1,1,1,,,Life.BullStart,Life.Bull,Life.BullStart,Life.BullRetrace,Life.Bull
2019-06-04,TOPVISN,0.4725,0.4725,0.4725,0.4725,0.4725,0,0.0,0,0.44026,0.42818,0.01208,0.00793,0.00415,,,0.00092,-0.00028,-0.00054,-0.00033,0.42887,0.4138,0.38571,0.34225,0.46419,,,,,,,,,,,,,,,,,,,,,,0.0,0.0,0.00351,0.0,,,,,,100.0,100.0,,,100.0,,,,0.7155,0.4316,0.8662,0.1507,-0.2839,0.4346,,0.15,,,,,,,0,0,0,0,0,0,,,,,,,10000,5000,3000,5000,3000,5000,5000,-9.62,-11.7,-8.43,0.0,-15.79,-7.81,-38.98,1,1,0,0,0,0.011,0.025,0.017,0.005,0.001,0.015,0.01005,0.0228,0.01432,0.00605,0.00134,0.01503,0,0,0,100,100,100,0,0,0,100,100,100,0,0,0,100,100,100,2019-05-07,2019-01-08,2018-12-17,2019-05-30,2019-04-18,2018-12-24,,,,,,,,,,,,,,,,,,,0.01767,0.014,0.00567,0.007,33.33867,66.67167,0,0,0,0,0,0,0,0,0,0,0,0,0,0,0,0,0,0,0,1,1,0,0,0,0,0,0,0,0,0,0,0,0,0,0,0,0,0,1,0,0,0,0,0,0,0,0,0,0,0,0,0,0,0,0,0,0,1,1,1,1,1,1,0,0,0,0,0,0,1,1,1,1,1,1,0,0,0,0,0,0,0,0,0,1,1,1,1,1,1,0,0,0,0,0,0,1,1,1,1,1,1,0,1,1,0,0,1,0,1,1,1,1,1,,,Life.BullStart,Life.Bull,Life.BullStart,Life.BullRetrace,Life.Bull
2019-06-05,TOPVISN,0.4725,0.4725,0.4725,0.4725,0.4725,0,0.0,0,0.44522,0.43146,0.01376,0.0091,0.00466,,,0.00215,0.00033,-0.00018,-0.00016,0.43222,0.4161,0.38743,0.34355,0.47094,,,,,,,,,,,,,,,,,,,,,,0.0,0.0,0.00351,0.0,,,,,,100.0,100.0,,,100.0,,,,0.7255,0.4479,0.8867,0.1612,-0.2776,0.4388,,0.15,,,,,,,0,0,0,0,0,0,,,,,,,10000,5000,3000,5000,3000,5000,5000,-9.62,-11.7,-8.43,0.0,-15.79,-7.81,-38.98,1,1,0,0,0,0.011,0.025,0.017,0.005,0.001,0.015,0.01005,0.0228,0.01432,0.00605,0.00134,0.01503,0,0,0,100,100,100,0,0,0,100,100,100,0,0,0,100,100,100,2019-05-07,2019-01-08,2018-12-17,2019-05-30,2019-04-18,2018-12-24,,,,,,,,,,,,,,,,,,,0.01767,0.014,0.00567,0.007,33.33867,66.67167,0,0,0,0,0,0,0,0,0,0,0,0,0,0,0,0,0,0,0,1,1,0,0,0,0,0,0,0,0,0,0,0,0,0,0,0,0,0,1,0,0,0,0,0,0,0,0,0,0,0,0,0,0,0,0,0,0,1,1,1,1,1,1,0,0,0,0,0,0,1,1,1,1,1,1,0,0,0,0,0,0,0,0,0,1,1,1,1,1,1,0,0,0,0,0,0,1,1,1,1,1,1,0,1,1,0,0,1,0,1,1,1,1,1,,,Life.BullStart,Life.Bull,Life.BullStart,Life.BullRetrace,Life.Bull
2019-06-06,TOPVISN,0.4725,0.4725,0.4725,0.4725,0.4725,0,0.0,0,0.44942,0.4345,0.01492,0.01026,0.00465,,,0.00337,0.00095,0.00019,4e-05,0.43532,0.41832,0.38911,0.34483,0.47685,,,,,,,,,,,,,,,,,,,,,,0.0,0.0,0.00351,0.0,,,,,,100.0,100.0,,,100.0,100.0,,,0.7349,0.4621,0.9049,0.17,-0.2728,0.4428,,0.15,,,,,,,0,0,0,0,0,0,,,,,,,10000,5000,3000,5000,3000,5000,5000,-9.62,-11.7,-8.43,0.0,-15.79,-7.81,-38.98,1,1,0,0,0,0.011,0.025,0.017,0.005,0.001,0.015,0.01005,0.0228,0.01432,0.00605,0.00134,0.01503,0,0,0,100,100,100,0,0,0,100,100,100,0,0,0,100,100,100,2019-05-07,2019-01-08,2018-12-17,2019-05-30,2019-04-18,2018-12-24,,,,,,,,,,,,,,,,,,,0.01767,0.014,0.00567,0.007,33.33867,66.67167,0,0,0,0,0,0,0,0,0,0,0,0,0,0,0,0,0,0,0,1,1,0,0,0,0,0,0,0,0,0,0,0,0,0,0,0,0,0,1,0,0,0,0,0,0,0,0,0,0,0,0,0,0,0,0,0,0,1,1,1,1,1,1,0,0,0,0,0,0,1,1,1,1,1,1,0,0,0,0,0,0,0,0,0,1,1,1,1,1,1,0,0,0,0,0,0,1,1,1,1,1,1,0,1,1,0,0,1,0,1,1,1,1,1,,,Life.BullStart,Life.Bull,Life.BullStart,Life.BullRetrace,Life.Bull
2019-06-07,TOPVISN,0.4922,0.4922,0.4922,0.4922,0.4922,5000,0.0,0,0.456,0.43878,0.01722,0.01165,0.00557,,,0.00438,0.00165,0.00064,0.00031,0.4397,0.42121,0.39115,0.3463,0.48169,,,,,,,,,,,,,,,,,,,,,,0.0197,0.0,0.00492,0.0,,,,,,100.0,100.0,,,100.0,100.0,,,0.7491,0.4855,0.934,0.1849,-0.2636,0.4485,,0.15,,,,,,,0,0,0,0,0,0,,,,,,,5000,3000,5000,3000,5000,5000,5000,-11.7,-8.43,0.0,-15.79,-7.81,-38.98,-13.89,1,1,0,0,0,0.011,0.025,0.017,0.005,0.001,0.015,0.01005,0.0228,0.01432,0.00605,0.00134,0.01503,0,0,0,100,100,100,0,0,0,100,100,100,0,0,0,100,100,100,2019-05-07,2019-01-08,2018-12-17,2019-05-30,2019-04-18,2018-12-24,,,,,,,,,,,,,,,,,,,0.01767,0.014,0.00567,0.007,33.33867,66.67167,0,0,0,0,0,0,0,0,0,0,0,0,0,0,0,0,0,0,0,1,1,0,0,0,0,0,0,0,0,0,0,0,0,0,0,0,0,0,1,0,0,0,0,0,0,0,0,0,0,0,0,0,0,0,0,0,0,1,1,1,1,1,1,0,0,0,0,0,0,1,1,1,1,1,1,0,0,0,0,0,0,0,0,0,1,1,1,1,1,1,0,0,0,0,0,0,1,1,1,1,1,1,0,1,1,0,0,1,0,1,1,1,1,1,,,Life.BullStart,Life.Bull,Life.BullStart,Life.BullRetrace,Life.Bull
2019-06-10,TOPVISN,0.4922,0.4922,0.4922,0.4922,0.4922,0,0.0,0,0.46157,0.44273,0.01884,0.01309,0.00575,,,0.00496,0.00238,0.0011,0.0006,0.44373,0.424,0.39315,0.34775,0.48536,,,,,,,,,,,,,,,,,,,,,,0.0,0.0,0.00492,0.0,,,,,,100.0,100.0,,,100.0,100.0,,,0.7625,0.5058,0.9598,0.1973,-0.2567,0.454,,0.15,,,,,,,0,0,0,0,0,0,,,,,,,5000,3000,5000,3000,5000,5000,5000,-11.7,-8.43,0.0,-15.79,-7.81,-38.98,-13.89,1,1,0,0,0,0.011,0.025,0.017,0.005,0.001,0.015,0.01005,0.0228,0.01432,0.00605,0.00134,0.01503,0,0,0,100,100,100,0,0,0,100,100,100,0,0,0,100,100,100,2019-05-07,2019-01-08,2018-12-17,2019-05-30,2019-04-18,2018-12-24,,,,,,,,,,,,,,,,,,,0.01767,0.014,0.00567,0.007,33.33867,66.67167,0,0,0,0,0,0,0,0,0,0,0,0,0,0,0,0,0,0,0,1,1,0,0,0,0,0,0,0,0,0,0,0,0,0,0,0,0,0,1,0,0,0,0,0,0,0,0,0,0,0,0,0,0,0,0,0,0,1,1,1,1,1,1,0,0,0,0,0,0,1,1,1,1,1,1,0,0,0,0,0,0,0,0,0,1,1,1,1,1,1,0,0,0,0,0,0,1,1,1,1,1,1,0,1,1,0,0,1,0,1,1,1,1,1,,,Life.BullStart,Life.Bull,Life.BullStart,Life.BullRetrace,Life.Bull
2019-06-11,TOPVISN,0.4922,0.4922,0.4922,0.4922,0.4922,0,0.0,0,0.46628,0.4464,0.01988,0.01445,0.00544,,,0.00521,0.00307,0.00155,0.0009,0.44746,0.42667,0.39512,0.34919,0.48796,,,,,,,,,,,,,,,,,,,,,,0.0,0.0,0.00492,0.0,,,,,,100.0,100.0,,,100.0,100.0,,,0.7748,0.5234,0.9827,0.2079,-0.2514,0.4593,,0.15,,,,,,,0,0,0,0,0,0,,,,,,,5000,3000,5000,3000,5000,5000,5000,-11.7,-8.43,0.0,-15.79,-7.81,-38.98,-13.89,1,1,0,0,0,0.011,0.025,0.017,0.005,0.001,0.015,0.01005,0.0228,0.01432,0.00605,0.00134,0.01503,0,0,0,100,100,100,0,0,0,100,100,100,0,0,0,100,100,100,2019-05-07,2019-01-08,2018-12-17,2019-05-30,2019-04-18,2018-12-24,,,,,,,,,,,,,,,,,,,0.01767,0.014,0.00567,0.007,33.33867,66.67167,0,0,0,0,0,0,0,0,0,0,0,0,0,0,0,0,0,0,0,1,1,0,0,0,0,0,0,0,0,0,0,0,0,0,0,0,0,0,1,0,0,0,0,0,0,0,0,0,0,0,0,0,0,0,0,0,0,1,1,1,1,1,1,0,0,0,0,0,0,1,1,1,1,1,1,0,0,0,0,0,0,0,0,0,1,1,1,1,1,1,0,0,0,0,0,0,1,1,1,1,1,1,0,1,1,0,0,1,0,1,1,1,1,1,,,Life.BullStart,Life.Bull,Life.BullStart,Life.BullRetrace,Life.Bull
2019-06-12,TOPVISN,0.4922,0.4922,0.4922,0.4922,0.4922,0,0.0,0,0.47027,0.44979,0.02048,0.01565,0.00482,,,0.00525,0.0037,0.00197,0.00117,0.4509,0.42924,0.39704,0.35061,0.48975,,,,,,,,,,,,,,,,,,,,,,0.0,0.0,0.00492,0.0,,,,,,100.0,100.0,,,100.0,100.0,,,0.7863,0.5386,1.0029,0.2166,-0.2477,0.4643,,0.15,,,,,,,0,0,0,0,0,0,,,,,,,5000,3000,5000,3000,5000,5000,5000,-11.7,-8.43,0.0,-15.79,-7.81,-38.98,-13.89,0,1,0,0,0,0.011,0.025,0.017,0.005,0.001,0.015,0.01005,0.0228,0.01432,0.00605,0.00134,0.01503,0,0,0,100,100,100,0,0,0,100,100,100,0,0,0,100,100,100,2019-05-07,2019-01-08,2018-12-17,2019-05-30,2019-04-18,2018-12-24,,,,,,,,,,,,,,,,,,,0.01767,0.014,0.00567,0.007,33.33867,66.67167,0,0,0,0,0,0,0,0,0,0,0,0,0,0,0,0,0,0,0,1,1,0,0,0,0,0,0,0,0,0,0,0,0,0,0,0,0,0,1,0,0,0,0,0,0,0,0,0,0,0,0,0,0,0,0,0,0,1,1,1,1,1,1,0,0,0,0,0,0,1,1,1,1,1,1,0,0,0,0,0,0,0,0,0,1,1,1,1,1,1,0,0,0,0,0,0,1,1,1,1,1,1,0,1,1,0,0,1,0,1,1,1,1,1,,,Life.BullStart,Life.Bull,Life.BullStart,Life.BullRetrace,Life.Bull
2019-06-13,TOPVISN,0.4922,0.4922,0.4922,0.4922,0.4922,0,0.0,0,0.47364,0.45293,0.02071,0.01667,0.00405,,,0.00512,0.00424,0.00234,0.00142,0.45408,0.43171,0.39892,0.35202,0.49099,,,,,,,,,,,,,,,,,,,,,,0.0,0.0,0.00492,0.0,,,,,,100.0,100.0,,,,,,,0.7969,0.5516,1.0206,0.2237,-0.2453,0.469,0.15,,,,,,,,0,0,0,0,0,0,,,,,,,5000,3000,5000,3000,5000,5000,5000,-11.7,-8.43,0.0,-15.79,-7.81,-38.98,-13.89,0,1,0,0,0,0.011,0.025,0.017,0.005,0.001,0.015,0.01005,0.0228,0.01432,0.00605,0.00134,0.01503,0,0,0,100,100,100,0,0,0,100,100,100,0,0,0,100,100,100,2019-05-07,2019-01-08,2018-12-17,2019-05-30,2019-04-18,2018-12-24,,,,,,,,,,,,,,,,,,,0.01767,0.014,0.00567,0.007,33.33867,66.67167,0,0,0,0,0,0,0,0,0,0,0,0,0,0,0,0,0,0,0,1,1,0,0,0,0,0,0,0,0,0,0,0,0,0,0,0,0,0,1,0,0,0,0,0,0,0,0,0,0,0,0,0,0,0,0,0,0,1,1,1,1,1,1,0,0,0,0,0,0,1,1,1,1,1,1,0,0,0,0,0,0,0,0,0,1,1,1,1,1,1,0,0,0,0,0,0,1,1,1,1,1,1,0,1,1,0,0,1,0,1,1,1,1,1,,,Life.Bull,Life.BullStart,Life.BullRetrace,Life.Bull,Life.BullStart
2019-06-14,TOPVISN,0.4922,0.4922,0.4922,0.4922,0.4922,0,0.0,0,0.4765,0.45584,0.02066,0.01746,0.00319,,0.021,0.00465,0.00451,0.00265,0.00164,0.45701,0.43408,0.40077,0.35341,0.49175,,,,,,,,,,,,,,,,,,,,,,0.0,0.0,0.00492,0.0,,,,,,100.0,100.0,,,,,,,0.8067,0.5624,1.036,0.2293,-0.2443,0.4736,0.15,,,,,,,,0,0,0,0,0,0,,,,,,,5000,3000,5000,3000,5000,5000,5000,-11.7,-8.43,0.0,-15.79,-7.81,-38.98,-13.89,0,2,0,0,0,0.021,0.011,0.025,0.005,0.001,0.015,0.01746,0.01005,0.0228,0.00605,0.00134,0.01503,0,0,0,100,100,100,0,0,0,100,100,100,0,0,0,100,100,100,2019-06-14,2019-05-07,2019-01-08,2019-05-30,2019-04-18,2018-12-24,,,,,,,,,,,,,,,,,,,0.019,0.01767,0.014,0.007,33.33867,66.67167,0,0,0,0,0,0,0,0,0,0,0,0,0,0,0,0,0,0,0,1,1,0,0,0,0,0,0,0,0,0,0,0,0,0,0,0,0,0,0,0,0,0,0,0,0,0,0,0,0,0,0,0,0,0,0,0,0,1,1,1,1,1,1,0,0,0,0,0,0,1,1,1,1,1,1,0,0,0,0,0,0,0,0,0,1,1,1,1,1,1,0,0,0,0,0,0,1,1,1,1,1,1,0,1,1,0,0,1,0,1,1,1,1,1,,-0.005,Life.Bull,Life.BullStart,Life.BullRetrace,Life.Bull,Life.BullStart
2019-06-17,TOPVISN,0.4922,0.4922,0.4922,0.4922,0.4922,0,0.0,0,0.47891,0.45853,0.02038,0.01805,0.00233,,,0.00397,0.00446,0.00291,0.00182,0.45972,0.43636,0.40258,0.35479,0.49211,,,,,,,,,,,,,,,,,,,,,,0.0,0.0,0.00492,0.0,,,,,,100.0,100.0,,,,,,,0.8157,0.5714,1.0493,0.2336,-0.2443,0.4779,0.15,,,,,,,,0,0,0,0,0,0,,,,,,,5000,3000,5000,3000,5000,5000,5000,-11.7,-8.43,0.0,-15.79,-7.81,-38.98,-13.89,0,2,0,0,0,0.021,0.011,0.025,0.005,0.001,0.015,0.01746,0.01005,0.0228,0.00605,0.00134,0.01503,0,0,0,100,100,100,0,0,0,100,100,100,0,0,0,100,100,100,2019-06-14,2019-05-07,2019-01-08,2019-05-30,2019-04-18,2018-12-24,,,,,,,,,,,,,,,,,,,0.019,0.01767,0.014,0.007,33.33867,66.67167,0,0,0,0,0,0,0,0,0,0,0,0,0,0,0,0,0,0,0,1,1,0,0,0,0,0,0,0,0,0,0,0,0,0,0,0,0,0,0,0,0,0,0,0,0,0,0,0,0,0,0,0,0,0,0,0,0,1,1,1,1,1,1,0,0,0,0,0,0,1,1,1,1,1,1,0,0,0,0,0,0,0,0,0,1,1,1,1,1,1,0,0,0,0,0,0,1,1,1,1,1,1,0,1,1,0,0,1,0,1,1,1,1,1,,-0.005,Life.Bull,Life.BullStart,Life.BullRetrace,Life.Bull,Life.BullStart
2019-06-18,TOPVISN,0.4922,0.4922,0.4922,0.4922,0.4922,0,0.0,0,0.48096,0.46103,0.01993,0.01842,0.00151,,,0.00318,0.0042,0.00311,0.00196,0.46222,0.43855,0.40435,0.35616,0.4922,,,,,,,,,,,,,,,,,,,,,,0.0,0.0,0.00492,0.0,,,,,,100.0,100.0,,,,,,,0.8239,0.5787,1.0606,0.2367,-0.2452,0.4819,0.15,,,,,,,,0,0,0,0,0,0,,,,,,,5000,3000,5000,3000,5000,5000,5000,-11.7,-8.43,0.0,-15.79,-7.81,-38.98,-13.89,0,2,0,0,0,0.021,0.011,0.025,0.005,0.001,0.015,0.01746,0.01005,0.0228,0.00605,0.00134,0.01503,0,0,0,100,100,100,0,0,0,100,100,100,0,0,0,100,100,100,2019-06-14,2019-05-07,2019-01-08,2019-05-30,2019-04-18,2018-12-24,,,,,,,,,,,,,,,,,,,0.019,0.01767,0.014,0.007,33.33867,66.67167,0,0,0,0,0,0,0,0,0,0,0,0,0,0,0,0,0,0,0,1,1,0,0,0,0,0,0,0,0,0,0,0,0,0,0,0,0,0,0,0,0,0,0,0,0,0,0,0,0,0,0,0,0,0,0,0,0,1,1,1,1,1,1,0,0,0,0,0,0,1,1,1,1,1,1,0,0,0,0,0,0,0,0,0,1,1,1,1,1,1,0,0,0,0,0,0,1,1,1,1,1,1,0,1,1,0,0,1,0,1,1,1,1,1,,-0.005,Life.Bull,Life.BullStart,Life.BullRetrace,Life.Bull,Life.BullStart
2019-06-19,TOPVISN,0.4922,0.4922,0.4922,0.4922,0.4922,0,0.0,0,0.48269,0.46334,0.01935,0.01861,0.00074,,,0.00236,0.0038,0.00325,0.00207,0.46452,0.44065,0.40609,0.35751,0.4922,,,,,,,,,,,,,,,,,,,,,,0.0,0.0,0.00492,0.0,,,,,,100.0,100.0,,,,,,,0.8314,0.5843,1.0701,0.2387,-0.2471,0.4858,0.15,,,,,,,,0,0,0,0,0,0,,,,,,,5000,3000,5000,3000,5000,5000,5000,-11.7,-8.43,0.0,-15.79,-7.81,-38.98,-13.89,0,2,0,0,0,0.021,0.011,0.025,0.005,0.001,0.015,0.01746,0.01005,0.0228,0.00605,0.00134,0.01503,0,0,0,100,100,100,0,0,0,100,100,100,0,0,0,100,100,100,2019-06-14,2019-05-07,2019-01-08,2019-05-30,2019-04-18,2018-12-24,,,,,,,,,,,,,,,,,,,0.019,0.01767,0.014,0.007,33.33867,66.67167,0,0,0,0,0,0,0,0,0,0,0,0,0,0,0,0,0,0,0,1,1,0,0,0,0,0,0,0,0,0,0,0,0,0,0,0,0,0,0,0,0,0,0,0,0,0,0,0,0,0,0,0,0,0,0,0,0,1,1,1,1,1,1,0,0,0,0,0,0,1,1,1,1,1,1,0,0,0,0,0,0,0,0,0,1,1,1,1,1,1,0,0,0,0,0,0,1,1,1,1,1,1,0,1,1,0,0,1,0,1,1,1,1,1,,-0.005,Life.Bull,Life.BullStart,Life.BullRetrace,Life.Bull,Life.BullStart
2019-06-20,TOPVISN,0.4922,0.4922,0.4922,0.4922,0.4922,0,0.0,0,0.48415,0.46547,0.01868,0.01862,5e-05,,,0.00157,0.00334,0.00335,0.00214,0.46665,0.44268,0.4078,0.35885,0.4922,,,,,,,,,,,,,,,,,,,,,,0.0,0.0,0.00281,0.0,,,,,,100.0,100.0,,,,,,,0.8383,0.5885,1.078,0.2397,-0.2498,0.4895,0.15,,,,,,,,0,0,0,0,0,0,,,,,,,5000,3000,5000,3000,5000,5000,5000,-11.7,-8.43,0.0,-15.79,-7.81,-38.98,-13.89,0,2,0,0,0,0.021,0.011,0.025,0.005,0.001,0.015,0.01746,0.01005,0.0228,0.00605,0.00134,0.01503,0,0,0,100,100,100,0,0,0,100,100,100,0,0,0,100,100,100,2019-06-14,2019-05-07,2019-01-08,2019-05-30,2019-04-18,2018-12-24,,,,,,,,,,,,,,,,,,,0.019,0.01767,0.014,0.007,33.33867,66.67167,0,0,0,0,0,0,0,0,0,0,0,0,0,0,0,0,0,0,0,1,1,0,0,0,0,0,0,0,0,0,0,0,0,0,0,0,0,0,0,0,0,0,0,0,0,0,0,0,0,0,0,0,0,0,0,0,0,1,1,1,1,1,1,0,0,0,0,0,0,1,1,1,1,1,1,0,0,0,0,0,0,0,0,0,1,1,1,1,1,1,0,0,0,0,0,0,1,1,1,1,1,1,0,1,1,0,0,1,0,1,1,1,1,1,,-0.005,Life.Bull,Life.BullStart,Life.BullRetrace,Life.Bull,Life.BullStart
2019-06-21,TOPVISN,0.4922,0.4922,0.4922,0.4922,0.4922,0,0.0,0,0.48539,0.46745,0.01793,0.01849,-0.00055,,,0.00082,0.00273,0.00328,0.00219,0.46862,0.44462,0.40947,0.36018,0.4922,,,,,,,,,,,,,,,,,,,,,,0.0,0.0,0.00141,0.0,,,,,,100.0,100.0,,,,,,,0.8444,0.5915,1.0844,0.24,-0.2529,0.4929,0.15,,,,,,,,0,0,0,0,0,0,,,,,,,5000,3000,5000,3000,5000,5000,5000,-11.7,-8.43,0.0,-15.79,-7.81,-38.98,-13.89,0,2,0,0,0,0.021,0.011,0.025,0.005,0.001,0.015,0.01746,0.01005,0.0228,0.00605,0.00134,0.01503,0,0,0,100,100,100,0,0,0,100,100,100,0,0,0,100,100,100,2019-06-14,2019-05-07,2019-01-08,2019-05-30,2019-04-18,2018-12-24,,,,,,,,,,,,,,,,,,,0.019,0.01767,0.014,0.007,33.33867,66.67167,0,0,0,0,0,0,0,0,0,0,0,0,0,0,0,0,0,0,0,1,1,0,0,0,0,0,0,0,0,0,0,0,0,0,0,0,0,0,0,0,0,0,0,0,0,0,0,0,0,0,0,0,0,0,0,0,0,1,1,1,1,1,1,0,0,0,0,0,0,1,1,1,1,1,1,0,0,0,0,0,0,0,0,0,1,1,1,1,1,1,0,0,0,0,0,0,1,1,1,1,1,1,0,1,1,0,0,1,0,1,1,1,1,1,,-0.005,Life.Bull,Life.BullStart,Life.BullRetrace,Life.Bull,Life.BullStart
2019-06-24,TOPVISN,0.4922,0.4922,0.4922,0.4922,0.4922,0,0.0,0,0.48644,0.46929,0.01715,0.01822,-0.00107,,,0.00014,0.00205,0.00302,0.00221,0.47043,0.44648,0.41111,0.36149,0.4922,,,,,,,,,,,,,,,,,,,,,,0.0,0.0,0.00141,0.0,,,,,,100.0,100.0,,,,,,,0.8499,0.5932,1.0894,0.2395,-0.2567,0.4962,0.15,,,,,,,,0,0,0,0,0,0,,,,,,,5000,3000,5000,3000,5000,5000,5000,-11.7,-8.43,0.0,-15.79,-7.81,-38.98,-13.89,0,0,1,0,0,0.021,0.011,0.025,0.005,0.001,0.015,0.01746,0.01005,0.0228,0.00605,0.00134,0.01503,0,0,0,100,100,100,0,0,0,100,100,100,0,0,0,100,100,100,2019-06-14,2019-05-07,2019-01-08,2019-05-30,2019-04-18,2018-12-24,,,,,,,,,,,,,,,,,,,0.019,0.01767,0.014,0.007,33.33867,66.67167,0,0,0,0,0,0,0,0,0,0,0,0,0,0,0,0,0,0,0,1,1,0,0,0,0,0,0,0,0,0,0,0,0,0,0,0,0,0,0,0,0,0,0,0,0,0,0,0,0,0,0,0,0,0,0,0,0,1,1,1,1,1,1,0,0,0,0,0,0,1,1,1,1,1,1,0,0,0,0,0,0,0,0,0,1,1,1,1,1,1,0,0,0,0,0,0,1,1,1,1,1,1,0,1,1,0,0,1,0,1,1,1,1,1,,-0.005,Life.Bull,Life.BullStart,Life.BullRetrace,Life.Bull,Life.BullStart
2019-06-25,TOPVISN,0.4922,0.4922,0.4922,0.4922,0.4922,0,0.0,0,0.48732,0.47098,0.01634,0.01784,-0.0015,,,-0.00047,0.00136,0.00264,0.00221,0.47211,0.44828,0.41271,0.36279,0.4922,,,,,,,,,,,,,,,,,,,,,,0.0,0.0,0.00141,0.0,,,,,,100.0,100.0,,,,,,,0.8549,0.594,1.0932,0.2383,-0.2609,0.4992,0.15,,,,,,,,0,0,0,0,0,0,,,,,,,5000,3000,5000,3000,5000,5000,5000,-11.7,-8.43,0.0,-15.79,-7.81,-38.98,-13.89,0,0,1,0,0,0.021,0.011,0.025,0.005,0.001,0.015,0.01746,0.01005,0.0228,0.00605,0.00134,0.01503,0,0,0,100,100,100,0,0,0,100,100,100,0,0,0,100,100,100,2019-06-14,2019-05-07,2019-01-08,2019-05-30,2019-04-18,2018-12-24,,,,,,,,,,,,,,,,,,,0.019,0.01767,0.014,0.007,33.33867,66.67167,0,0,0,0,0,0,0,0,0,0,0,0,0,0,0,0,0,0,0,1,1,0,0,0,0,0,0,0,0,0,0,0,0,0,0,0,0,0,0,0,0,0,0,0,0,0,0,0,0,0,0,0,0,0,0,0,0,1,1,1,1,1,1,0,0,0,0,0,0,1,1,1,1,1,1,0,0,0,0,0,0,0,0,0,1,1,1,1,1,1,0,0,0,0,0,0,1,1,1,1,1,1,0,1,1,0,0,1,0,1,1,1,1,1,,-0.005,Life.Bull,Life.BullStart,Life.BullRetrace,Life.Bull,Life.BullStart
2019-06-26,TOPVISN,0.4922,0.4922,0.4922,0.4922,0.4922,0,0.0,0,0.48807,0.47256,0.01552,0.01738,-0.00186,,,-0.00099,0.00069,0.00221,0.00219,0.47365,0.45,0.41429,0.36408,0.4922,,,,,,,,,,,,,,,,,,,,,,0.0,0.0,0.00141,0.0,,,,,,,,,,,,,,0.8592,0.5936,1.0957,0.2365,-0.2656,0.5021,0.15,,,,,,,,0,0,0,0,0,0,,,,,,,5000,3000,5000,3000,5000,5000,5000,-11.7,-8.43,0.0,-15.79,-7.81,-38.98,-13.89,0,0,1,0,0,0.021,0.011,0.025,0.005,0.001,0.015,0.01746,0.01005,0.0228,0.00605,0.00134,0.01503,0,0,0,100,100,100,0,0,0,100,100,100,0,0,0,100,100,100,2019-06-14,2019-05-07,2019-01-08,2019-05-30,2019-04-18,2018-12-24,,,,,,,,,,,,,,,,,,,0.019,0.01767,0.014,0.007,33.33867,66.67167,0,0,0,0,0,0,0,0,0,0,0,0,0,0,0,0,0,0,0,1,1,0,0,0,0,0,0,0,0,0,0,0,0,0,0,0,0,0,0,0,0,0,0,0,0,0,0,0,0,0,0,0,0,0,0,0,0,1,1,1,1,1,1,0,0,0,0,0,0,1,1,1,1,1,1,0,0,0,0,0,0,0,0,0,1,1,1,1,1,1,0,0,0,0,0,0,1,1,1,1,1,1,0,1,1,0,0,1,0,1,1,1,1,1,,-0.005,Life.Bull,Life.BullStart,Life.BullRetrace,Life.Bull,Life.BullStart
2019-06-27,TOPVISN,0.4922,0.4922,0.4922,0.4922,0.4922,0,0.0,0,0.48871,0.47401,0.0147,0.01684,-0.00214,,,-0.00143,7e-05,0.00175,0.00216,0.47508,0.45165,0.41583,0.36536,0.4922,,,,,,,,,,,,,,,,,,,,,,0.0,0.0,0.0,0.0,,,,,,,,,,,,,,0.8629,0.5925,1.0972,0.2343,-0.2704,0.5047,0.15,,,,,,,,0,0,0,0,0,0,,,,,,,5000,3000,5000,3000,5000,5000,5000,-11.7,-8.43,0.0,-15.79,-7.81,-38.98,-13.89,0,0,1,0,0,0.021,0.011,0.025,0.005,0.001,0.015,0.01746,0.01005,0.0228,0.00605,0.00134,0.01503,0,0,0,100,100,100,0,0,0,100,100,100,0,0,0,100,100,100,2019-06-14,2019-05-07,2019-01-08,2019-05-30,2019-04-18,2018-12-24,,,,,,,,,,,,,,,,,,,0.019,0.01767,0.014,0.007,33.33867,66.67167,0,0,0,0,0,0,0,0,0,0,0,0,0,0,0,0,0,0,0,1,1,0,0,0,0,0,0,0,0,0,0,0,0,0,0,0,0,0,0,0,0,0,0,0,0,0,0,0,0,0,0,0,0,0,0,0,0,1,1,1,1,1,1,0,0,0,0,0,0,1,1,1,1,1,1,0,0,0,0,0,0,0,0,0,1,1,1,1,1,1,0,0,0,0,0,0,1,1,1,1,1,1,0,1,1,0,0,1,0,1,1,1,1,1,,-0.005,Life.Bull,Life.BullStart,Life.BullRetrace,Life.Bull,Life.BullStart
2019-06-28,TOPVISN,0.4922,0.4922,0.4922,0.4922,0.4922,0,0.0,0,0.48925,0.47536,0.01389,0.01625,-0.00236,,,-0.00179,-0.00049,0.00123,0.00201,0.4764,0.45324,0.41734,0.36662,0.4922,,,,,,,,,,,,,,,,,,,,,,0.0,0.0,0.0,0.0,,,,,,,,,,,,,,0.8662,0.5906,1.0978,0.2316,-0.2756,0.5072,0.15,,,,,,,,0,0,0,0,0,0,,,,,,,5000,3000,5000,3000,5000,5000,5000,-11.7,-8.43,0.0,-15.79,-7.81,-38.98,-13.89,0,0,1,0,0,0.021,0.011,0.025,0.005,0.001,0.015,0.01746,0.01005,0.0228,0.00605,0.00134,0.01503,0,0,0,100,100,100,0,0,0,100,100,100,0,0,0,100,100,100,2019-06-14,2019-05-07,2019-01-08,2019-05-30,2019-04-18,2018-12-24,,,,,,,,,,,,,,,,,,,0.019,0.01767,0.014,0.007,33.33867,66.67167,0,0,0,0,0,0,0,0,0,0,0,0,0,0,0,0,0,0,0,1,1,0,0,0,0,0,0,0,0,0,0,0,0,0,0,0,0,0,0,0,0,0,0,0,0,0,0,0,0,0,0,0,0,0,0,0,0,1,1,1,1,1,1,0,0,0,0,0,0,1,1,1,1,1,1,0,0,0,0,0,0,0,0,0,1,1,1,1,1,1,0,0,0,0,0,0,1,1,1,1,1,1,0,1,1,0,0,1,0,1,1,1,1,1,,-0.005,Life.Bull,Life.BullStart,Life.BullRetrace,Life.Bull,Life.BullStart
2019-07-01,TOPVISN,0.4922,0.4922,0.4922,0.4922,0.4922,0,0.0,0,0.4897,0.47661,0.01309,0.01562,-0.00253,,,-0.00208,-0.00097,0.00067,0.00174,0.47761,0.45477,0.41883,0.36787,0.4922,,,,,,,,,,,,,,,,,,,,,,0.0,0.0,0.0,0.0,,,,,,,,,,,,,,0.869,0.5878,1.0974,0.2284,-0.2812,0.5096,0.15,,,,,,,,0,0,0,0,0,0,,,,,,,5000,3000,5000,3000,5000,5000,5000,-11.7,-8.43,0.0,-15.79,-7.81,-38.98,-13.89,0,0,1,0,0,0.021,0.011,0.025,0.005,0.001,0.015,0.01746,0.01005,0.0228,0.00605,0.00134,0.01503,0,0,0,100,100,100,0,0,0,100,100,100,0,0,0,100,100,100,2019-06-14,2019-05-07,2019-01-08,2019-05-30,2019-04-18,2018-12-24,,,,,,,,,,,,,,,,,,,0.019,0.01767,0.014,0.007,33.33867,66.67167,0,0,0,0,0,0,0,0,0,0,0,0,0,0,0,0,0,0,0,1,1,0,0,0,0,0,0,0,0,0,0,0,0,0,0,0,0,0,0,0,0,0,0,0,0,0,0,0,0,0,0,0,0,0,0,0,0,1,1,1,1,1,1,0,0,0,0,0,0,1,1,1,1,1,1,0,0,0,0,0,0,0,0,0,1,1,1,1,1,1,0,0,0,0,0,0,1,1,1,1,1,1,0,1,1,0,0,1,0,1,1,1,1,1,,-0.005,Life.Bull,Life.BullStart,Life.BullRetrace,Life.Bull,Life.BullStart
2019-07-02,TOPVISN,0.4922,0.4922,0.4922,0.4922,0.4922,0,0.0,0,0.49008,0.47776,0.01232,0.01496,-0.00264,,,-0.00231,-0.00139,0.00014,0.00141,0.47873,0.45624,0.42028,0.36911,0.4922,,,,,,,,,,,,,,,,,,,,,,0.0,0.0,0.0,0.0,,,,,,,,,,,,,,0.8713,0.5845,1.0962,0.2249,-0.2868,0.5117,0.15,,,,,,,,0,0,0,0,0,0,,,,,,,5000,3000,5000,3000,5000,5000,5000,-11.7,-8.43,0.0,-15.79,-7.81,-38.98,-13.89,0,0,1,0,0,0.021,0.011,0.025,0.005,0.001,0.015,0.01746,0.01005,0.0228,0.00605,0.00134,0.01503,0,0,0,100,100,100,0,0,0,100,100,100,0,0,0,100,100,100,2019-06-14,2019-05-07,2019-01-08,2019-05-30,2019-04-18,2018-12-24,,,,,,,,,,,,,,,,,,,0.019,0.01767,0.014,0.007,33.33867,66.67167,0,0,0,0,0,0,0,0,0,0,0,0,0,0,0,0,0,0,0,1,1,0,0,0,0,0,0,0,0,0,0,0,0,0,0,0,0,0,0,0,0,0,0,0,0,0,0,0,0,0,0,0,0,0,0,0,0,1,1,1,1,1,1,0,0,0,0,0,0,1,1,1,1,1,1,0,0,0,0,0,0,0,0,0,1,1,1,1,1,1,0,0,0,0,0,0,1,1,1,1,1,1,0,1,1,0,0,1,0,1,1,1,1,1,,-0.005,Life.Bull,Life.BullStart,Life.BullRetrace,Life.Bull,Life.BullStart
2019-07-03,TOPVISN,0.4922,0.4922,0.4922,0.4922,0.4922,0,0.0,0,0.49041,0.47883,0.01158,0.01428,-0.0027,,,-0.00247,-0.00173,-0.00037,0.00104,0.47977,0.45765,0.4217,0.37033,0.4922,,,,,,,,,,,,,,,,,,,,,,0.0,0.0,0.0,0.0,,,,,,,,,,,,,,0.8732,0.5807,1.0944,0.2212,-0.2925,0.5137,0.15,,,,,,,,0,0,0,0,0,0,,,,,,,5000,3000,5000,3000,5000,5000,5000,-11.7,-8.43,0.0,-15.79,-7.81,-38.98,-13.89,0,0,1,0,0,0.021,0.011,0.025,0.005,0.001,0.015,0.01746,0.01005,0.0228,0.00605,0.00134,0.01503,0,0,0,100,100,100,0,0,0,100,100,100,0,0,0,100,100,100,2019-06-14,2019-05-07,2019-01-08,2019-05-30,2019-04-18,2018-12-24,,,,,,,,,,,,,,,,,,,0.019,0.01767,0.014,0.007,33.33867,66.67167,0,0,0,0,0,0,0,0,0,0,0,0,0,0,0,0,0,0,0,1,1,0,0,0,0,0,0,0,0,0,0,0,0,0,0,0,0,0,0,0,0,0,0,0,0,0,0,0,0,0,0,0,0,0,0,0,0,1,1,1,1,1,1,0,0,0,0,0,0,1,1,1,1,1,1,0,0,0,0,0,0,0,0,0,1,1,1,1,1,1,0,0,0,0,0,0,1,1,1,1,1,1,0,1,1,0,0,1,0,1,1,1,1,1,,-0.005,Life.Bull,Life.BullStart,Life.BullRetrace,Life.Bull,Life.BullStart
2019-07-04,TOPVISN,0.4922,0.4922,0.4922,0.4922,0.4922,0,0.0,0,0.49069,0.47982,0.01086,0.0136,-0.00274,,,-0.00259,-0.00201,-0.00082,0.00067,0.48073,0.45901,0.4231,0.37154,0.4922,,,,,,,,,,,,,,,,,,,,,,0.0,0.0,0.0,0.0,,,,,,,,,,,,,,0.8747,0.5763,1.0919,0.2172,-0.2984,0.5156,0.15,,,,,,,,0,0,0,0,0,0,,,,,,,5000,3000,5000,3000,5000,5000,5000,-11.7,-8.43,0.0,-15.79,-7.81,-38.98,-13.89,0,0,1,0,0,0.021,0.011,0.025,0.005,0.001,0.015,0.01746,0.01005,0.0228,0.00605,0.00134,0.01503,0,0,0,100,100,100,0,0,0,100,100,100,0,0,0,100,100,100,2019-06-14,2019-05-07,2019-01-08,2019-05-30,2019-04-18,2018-12-24,,,,,,,,,,,,,,,,,,,0.019,0.01767,0.014,0.007,33.33867,66.67167,0,0,0,0,0,0,0,0,0,0,0,0,0,0,0,0,0,0,0,1,1,0,0,0,0,0,0,0,0,0,0,0,0,0,0,0,0,0,0,0,0,0,0,0,0,0,0,0,0,0,0,0,0,0,0,0,0,1,1,1,1,1,1,0,0,0,0,0,0,1,1,1,1,1,1,0,0,0,0,0,0,0,0,0,1,1,1,1,1,1,0,0,0,0,0,0,1,1,1,1,1,1,0,1,1,0,0,1,0,1,1,1,1,1,,-0.005,Life.Bull,Life.BullStart,Life.BullRetrace,Life.Bull,Life.BullStart
2019-07-05,TOPVISN,0.4922,0.4922,0.4922,0.4922,0.4922,0,0.0,0,0.49092,0.48074,0.01018,0.01292,-0.00274,,,-0.00267,-0.00223,-0.00121,0.00025,0.48161,0.46031,0.42447,0.37274,0.4922,,,,,,,,,,,,,,,,,,,,,,0.0,0.0,0.0,0.0,,,,,,,,,,,,,,0.8757,0.5714,1.0887,0.213,-0.3043,0.5173,0.15,,,,,,,,0,0,0,0,0,0,,,,,,,5000,3000,5000,3000,5000,5000,5000,-11.7,-8.43,0.0,-15.79,-7.81,-38.98,-13.89,0,0,1,0,0,0.021,0.011,0.025,0.005,0.001,0.015,0.01746,0.01005,0.0228,0.00605,0.00134,0.01503,0,0,0,100,100,100,0,0,0,100,100,100,0,0,0,100,100,100,2019-06-14,2019-05-07,2019-01-08,2019-05-30,2019-04-18,2018-12-24,,,,,,,,,,,,,,,,,,,0.019,0.01767,0.014,0.007,33.33867,66.67167,0,0,0,0,0,0,0,0,0,0,0,0,0,0,0,0,0,0,0,1,1,0,0,0,0,0,0,0,0,0,0,0,0,0,0,0,0,0,0,0,0,0,0,0,0,0,0,0,0,0,0,0,0,0,0,0,0,1,1,1,1,1,1,0,0,0,0,0,0,1,1,1,1,1,1,0,0,0,0,0,0,0,0,0,1,1,1,1,1,1,0,0,0,0,0,0,1,1,1,1,1,1,0,1,1,0,0,1,0,1,1,1,1,1,,-0.005,Life.Bull,Life.BullStart,Life.BullRetrace,Life.Bull,Life.BullStart
2019-07-08,TOPVISN,0.4922,0.4922,0.4922,0.4922,0.4922,0,0.0,0,0.49112,0.48159,0.00953,0.01224,-0.00271,,,-0.0027,-0.00239,-0.00155,-0.00017,0.48242,0.46156,0.42581,0.37393,0.4922,,,,,,,,,,,,,,,,,,,,,,0.0,0.0,0.0,0.0,,,,,,,,,,,,,,0.8763,0.5661,1.0849,0.2086,-0.3102,0.5188,0.15,,,,,,,,0,0,0,0,0,0,,,,,,,5000,3000,5000,3000,5000,5000,5000,-11.7,-8.43,0.0,-15.79,-7.81,-38.98,-13.89,0,0,1,0,0,0.021,0.011,0.025,0.005,0.001,0.015,0.01746,0.01005,0.0228,0.00605,0.00134,0.01503,0,0,0,100,100,100,0,0,0,100,100,100,0,0,0,100,100,100,2019-06-14,2019-05-07,2019-01-08,2019-05-30,2019-04-18,2018-12-24,,,,,,,,,,,,,,,,,,,0.019,0.01767,0.014,0.007,33.33867,66.67167,0,0,0,0,0,0,0,0,0,0,0,0,0,0,0,0,0,0,0,1,1,0,0,0,0,0,0,0,0,0,0,0,0,0,0,0,0,0,0,0,0,0,0,0,0,0,0,0,0,0,0,0,0,0,0,0,0,1,1,1,1,1,1,0,0,0,0,0,0,1,1,1,1,1,1,0,0,0,0,0,0,0,0,0,1,1,1,1,1,1,0,0,0,0,0,0,1,1,1,1,1,1,0,1,1,0,0,1,0,1,1,1,1,1,,-0.005,Life.Bull,Life.BullStart,Life.BullRetrace,Life.Bull,Life.BullStart
2019-07-09,TOPVISN,0.4922,0.4922,0.4922,0.4922,0.4922,0,0.0,0,0.49128,0.48237,0.00891,0.01157,-0.00266,,,-0.00271,-0.00251,-0.00183,-0.00058,0.48318,0.46276,0.42712,0.37511,0.4922,,,,,,,,,,,,,,,,,,,,,,0.0,0.0,0.0,0.0,,,,,,,,,,,,,,0.8765,0.5606,1.0807,0.2042,-0.3159,0.5201,0.15,,,,,,,,0,0,0,0,0,0,,,,,,,5000,3000,5000,3000,5000,5000,5000,-11.7,-8.43,0.0,-15.79,-7.81,-38.98,-13.89,1,0,1,0,0,0.021,0.011,0.025,0.005,0.001,0.015,0.01746,0.01005,0.0228,0.00605,0.00134,0.01503,0,0,0,100,100,100,0,0,0,100,100,100,0,0,0,100,100,100,2019-06-14,2019-05-07,2019-01-08,2019-05-30,2019-04-18,2018-12-24,,,,,,,,,,,,,,,,,,,0.019,0.01767,0.014,0.007,33.33867,66.67167,0,0,0,0,0,0,0,0,0,0,0,0,0,0,0,0,0,0,0,1,1,0,0,0,0,0,0,0,0,0,0,0,0,0,0,0,0,0,0,0,0,0,0,0,0,0,0,0,0,0,0,0,0,0,0,0,0,1,1,1,1,1,1,0,0,0,0,0,0,1,1,1,1,1,1,0,0,0,0,0,0,0,0,0,1,1,1,1,1,1,0,0,0,0,0,0,1,1,1,1,1,1,0,1,1,0,0,1,0,1,1,1,1,1,,-0.005,Life.Bull,Life.BullStart,Life.BullRetrace,Life.Bull,Life.BullStart
2019-07-10,TOPVISN,0.4922,0.4922,0.4922,0.4922,0.4922,0,0.0,0,0.49142,0.4831,0.00832,0.01092,-0.0026,,,-0.00269,-0.00258,-0.00205,-0.00095,0.48387,0.46391,0.42841,0.37627,0.4922,,,,,,,,,,,,,,,,,,,,,,0.0,0.0,0.0,0.0,,,,,,,,,,,,,,0.8764,0.5546,1.076,0.1996,-0.3218,0.5214,,,0.15,,,,,,0,0,0,0,0,0,,,,,,,5000,3000,5000,3000,5000,5000,5000,-11.7,-8.43,0.0,-15.79,-7.81,-38.98,-13.89,1,0,1,0,0,0.021,0.011,0.025,0.005,0.001,0.015,0.01746,0.01005,0.0228,0.00605,0.00134,0.01503,0,0,0,100,100,100,0,0,0,100,100,100,0,0,0,100,100,100,2019-06-14,2019-05-07,2019-01-08,2019-05-30,2019-04-18,2018-12-24,,,,,,,,,,,,,,,,,,,0.019,0.01767,0.014,0.007,33.33867,66.67167,0,0,0,0,0,0,0,0,0,0,0,0,0,0,0,0,0,0,0,1,1,0,0,0,0,0,0,0,0,0,0,0,0,0,0,0,0,0,0,0,0,0,0,0,0,0,0,0,0,0,0,0,0,0,0,0,0,1,1,1,1,1,1,0,0,0,0,0,0,1,1,1,1,1,1,0,0,0,0,0,0,0,0,0,1,1,1,1,1,1,0,0,0,0,0,0,1,1,1,1,1,1,0,1,1,0,0,1,0,1,1,1,1,1,,,Life.BullStart,Life.BullRetrace,Life.Bull,Life.BullStart,Life.BullRetrace
2019-07-11,TOPVISN,0.4922,0.4922,0.4922,0.4922,0.4922,0,0.0,0,0.49154,0.48378,0.00777,0.01029,-0.00252,,,-0.00265,-0.00262,-0.00222,-0.00127,0.48451,0.46502,0.42967,0.37743,0.4922,,,,,,,,,,,,,,,,,,,,,,0.0,0.0,0.0,0.0,,,,,,,,,,,,,,0.8759,0.5484,1.0708,0.1949,-0.3275,0.5224,0.15,,,,,,,,0,0,0,0,0,0,,,,,,,5000,3000,5000,3000,5000,5000,5000,-11.7,-8.43,0.0,-15.79,-7.81,-38.98,-13.89,1,0,1,0,0,0.021,0.011,0.025,0.005,0.001,0.015,0.01746,0.01005,0.0228,0.00605,0.00134,0.01503,0,0,0,100,100,100,0,0,0,100,100,100,0,0,0,100,100,100,2019-06-14,2019-05-07,2019-01-08,2019-05-30,2019-04-18,2018-12-24,,,,,,,,,,,,,,,,,,,0.019,0.01767,0.014,0.007,33.33867,66.67167,0,0,0,0,0,0,0,0,0,0,0,0,0,0,0,0,0,0,0,1,1,0,0,0,0,0,0,0,0,0,0,0,0,0,0,0,0,0,0,0,0,0,0,0,0,0,0,0,0,0,0,0,0,0,0,0,0,1,1,1,1,1,1,0,0,0,0,0,0,1,1,1,1,1,1,0,0,0,0,0,0,0,0,0,1,1,1,1,1,1,0,0,0,0,0,0,1,1,1,1,1,1,0,1,1,0,0,1,0,1,1,1,1,1,0.005,,Life.BullRetrace,Life.Bull,Life.BullStart,Life.BullRetrace,Life.BullStart
2019-07-12,TOPVISN,0.4922,0.4922,0.4922,0.4922,0.4922,0,0.0,0,0.49164,0.4844,0.00725,0.00968,-0.00244,,,-0.00259,-0.00263,-0.00235,-0.00156,0.4851,0.46609,0.43091,0.37857,0.4922,,,,,,,,,,,,,,,,,,,,,,0.0,0.0,0.0,0.0,,,,,,,,,,,,,,0.8752,0.5419,1.0653,0.1901,-0.3333,0.5234,0.15,,,,,,,,0,0,0,0,0,0,,,,,,,5000,3000,5000,3000,5000,5000,5000,-11.7,-8.43,0.0,-15.79,-7.81,-38.98,-13.89,1,0,1,0,0,0.021,0.011,0.025,0.005,0.001,0.015,0.01746,0.01005,0.0228,0.00605,0.00134,0.01503,0,0,0,100,100,100,0,0,0,100,100,100,0,0,0,100,100,100,2019-06-14,2019-05-07,2019-01-08,2019-05-30,2019-04-18,2018-12-24,,,,,,,,,,,,,,,,,,,0.019,0.01767,0.014,0.007,33.33867,66.67167,0,0,0,0,0,0,0,0,0,0,0,0,0,0,0,0,0,0,0,1,1,0,0,0,0,0,0,0,0,0,0,0,0,0,0,0,0,0,0,0,0,0,0,0,0,0,0,0,0,0,0,0,0,0,0,0,0,1,1,1,1,1,1,0,0,0,0,0,0,1,1,1,1,1,1,0,0,0,0,0,0,0,0,0,1,1,1,1,1,1,0,0,0,0,0,0,1,1,1,1,1,1,0,1,1,0,0,1,0,1,1,1,1,1,0.005,,Life.BullRetrace,Life.Bull,Life.BullStart,Life.BullRetrace,Life.BullStart
2019-07-15,TOPVISN,0.4922,0.4922,0.4922,0.4922,0.4922,0,0.0,0,0.49173,0.48498,0.00675,0.0091,-0.00234,,,-0.00251,-0.00261,-0.00243,-0.00179,0.48565,0.46711,0.43213,0.3797,0.4922,,,,,,,,,,,,,,,,,,,,,,0.0,0.0,0.0,0.0,,,,,,,,,,,,,,0.8741,0.5352,1.0595,0.1854,-0.3389,0.5243,0.15,,,,,,,,0,0,0,0,0,0,,,,,,,5000,3000,5000,3000,5000,5000,5000,-11.7,-8.43,0.0,-15.79,-7.81,-38.98,-13.89,1,0,1,0,0,0.021,0.011,0.025,0.005,0.001,0.015,0.01746,0.01005,0.0228,0.00605,0.00134,0.01503,0,0,0,100,100,100,0,0,0,100,100,100,0,0,0,100,100,100,2019-06-14,2019-05-07,2019-01-08,2019-05-30,2019-04-18,2018-12-24,,,,,,,,,,,,,,,,,,,0.019,0.01767,0.014,0.007,33.33867,66.67167,0,0,0,0,0,0,0,0,0,0,0,0,0,0,0,0,0,0,0,1,1,0,0,0,0,0,0,0,0,0,0,0,0,0,0,0,0,0,0,0,0,0,0,0,0,0,0,0,0,0,0,0,0,0,0,0,0,1,1,1,1,1,1,0,0,0,0,0,0,1,1,1,1,1,1,0,0,0,0,0,0,0,0,0,1,1,1,1,1,1,0,0,0,0,0,0,1,1,1,1,1,1,0,1,1,0,0,1,0,1,1,1,1,1,0.005,,Life.BullRetrace,Life.Bull,Life.BullStart,Life.BullRetrace,Life.BullStart
2019-07-16,TOPVISN,0.4922,0.4922,0.4922,0.4922,0.4922,0,0.0,0,0.4918,0.48551,0.00629,0.00854,-0.00225,,,-0.00243,-0.00257,-0.00248,-0.00198,0.48615,0.4681,0.43332,0.38082,0.4922,,,,,,,,,,,,,,,,,,,,,,0.0,0.0,0.0,0.0,,,,,,,,,,,,,,0.8728,0.5283,1.0533,0.1805,-0.3445,0.525,0.15,,,,,,,,0,0,0,0,0,0,,,,,,,5000,3000,5000,3000,5000,5000,5000,-11.7,-8.43,0.0,-15.79,-7.81,-38.98,-13.89,1,0,1,0,0,0.021,0.011,0.025,0.005,0.001,0.015,0.01746,0.01005,0.0228,0.00605,0.00134,0.01503,0,0,0,100,100,100,0,0,0,100,100,100,0,0,0,100,100,100,2019-06-14,2019-05-07,2019-01-08,2019-05-30,2019-04-18,2018-12-24,,,,,,,,,,,,,,,,,,,0.019,0.01767,0.014,0.007,33.33867,66.67167,0,0,0,0,0,0,0,0,0,0,0,0,0,0,0,0,0,0,0,1,1,0,0,0,0,0,0,0,0,0,0,0,0,0,0,0,0,0,0,0,0,0,0,0,0,0,0,0,0,0,0,0,0,0,0,0,0,1,1,1,1,1,1,0,0,0,0,0,0,1,1,1,1,1,1,0,0,0,0,0,0,0,0,0,1,1,1,1,1,1,0,0,0,0,0,0,1,1,1,1,1,1,0,1,1,0,0,1,0,1,1,1,1,1,0.005,,Life.BullRetrace,Life.Bull,Life.BullStart,Life.BullRetrace,Life.BullStart
2019-07-17,TOPVISN,0.4922,0.4922,0.4922,0.4922,0.4922,0,0.0,0,0.49186,0.48601,0.00586,0.008,-0.00214,,,-0.00234,-0.00251,-0.0025,-0.00212,0.48662,0.46904,0.43448,0.38193,0.4922,,,,,,,,,,,,,,,,,,,,,,0.0,0.0,0.0,0.0,,,,,,,,,,,,,,0.8711,0.5214,1.0469,0.1758,-0.3497,0.5255,0.15,,,,,,,,0,0,0,0,0,0,,,,,,,5000,3000,5000,3000,5000,5000,5000,-11.7,-8.43,0.0,-15.79,-7.81,-38.98,-13.89,1,0,1,0,0,0.021,0.011,0.025,0.005,0.001,0.015,0.01746,0.01005,0.0228,0.00605,0.00134,0.01503,0,0,0,100,100,100,0,0,0,100,100,100,0,0,0,100,100,100,2019-06-14,2019-05-07,2019-01-08,2019-05-30,2019-04-18,2018-12-24,,,,,,,,,,,,,,,,,,,0.019,0.01767,0.014,0.007,33.33867,66.67167,0,0,0,0,0,0,0,0,0,0,0,0,0,0,0,0,0,0,0,1,1,0,0,0,0,0,0,0,0,0,0,0,0,0,0,0,0,0,0,0,0,0,0,0,0,0,0,0,0,0,0,0,0,0,0,0,0,1,1,1,1,1,1,0,0,0,0,0,0,1,1,1,1,1,1,0,0,0,0,0,0,0,0,0,1,1,1,1,1,1,0,0,0,0,0,0,1,1,1,1,1,1,0,1,1,0,0,1,0,1,1,1,1,1,0.005,,Life.BullRetrace,Life.Bull,Life.BullStart,Life.BullRetrace,Life.BullStart
2019-07-18,TOPVISN,0.4922,0.4922,0.4922,0.4922,0.4922,0,0.0,0,0.49192,0.48647,0.00545,0.00749,-0.00204,,,-0.00224,-0.00244,-0.00249,-0.00223,0.48705,0.46995,0.43562,0.38303,0.4922,,,,,,,,,,,,,,,,,,,,,,0.0,0.0,0.0,0.0,,,,,,,,,,,,,,0.8692,0.5143,1.0402,0.171,-0.3549,0.5259,0.15,,,,,,,,0,0,0,0,0,0,,,,,,,5000,3000,5000,3000,5000,5000,5000,-11.7,-8.43,0.0,-15.79,-7.81,-38.98,-13.89,1,0,1,0,0,0.021,0.011,0.025,0.005,0.001,0.015,0.01746,0.01005,0.0228,0.00605,0.00134,0.01503,0,0,0,100,100,100,0,0,0,100,100,100,0,0,0,100,100,100,2019-06-14,2019-05-07,2019-01-08,2019-05-30,2019-04-18,2018-12-24,,,,,,,,,,,,,,,,,,,0.019,0.01767,0.014,0.007,33.33867,66.67167,0,0,0,0,0,0,0,0,0,0,0,0,0,0,0,0,0,0,0,1,1,0,0,0,0,0,0,0,0,0,0,0,0,0,0,0,0,0,0,0,0,0,0,0,0,0,0,0,0,0,0,0,0,0,0,0,0,1,1,1,1,1,1,0,0,0,0,0,0,1,1,1,1,1,1,0,0,0,0,0,0,0,0,0,1,1,1,1,1,1,0,0,0,0,0,0,1,1,1,1,1,1,0,1,1,0,0,1,0,1,1,1,1,1,0.005,,Life.BullRetrace,Life.Bull,Life.BullStart,Life.BullRetrace,Life.BullStart
2019-07-19,TOPVISN,0.4922,0.4922,0.4922,0.4922,0.4922,0,0.0,0,0.49196,0.48689,0.00507,0.00701,-0.00194,,,-0.00214,-0.00236,-0.00247,-0.0023,0.48744,0.47082,0.43675,0.38411,0.4922,,,,,,,,,,,,,,,,,,,,,,0.0,0.0,0.0,0.0,,,,,,,,,,,,,,0.8671,0.5069,1.0333,0.1662,-0.3602,0.5264,0.15,,,,,,,,0,0,0,0,0,0,,,,,,,5000,3000,5000,3000,5000,5000,5000,-11.7,-8.43,0.0,-15.79,-7.81,-38.98,-13.89,1,0,1,0,0,0.021,0.011,0.025,0.005,0.001,0.015,0.01746,0.01005,0.0228,0.00605,0.00134,0.01503,0,0,0,100,100,100,0,0,0,100,100,100,0,0,0,100,100,100,2019-06-14,2019-05-07,2019-01-08,2019-05-30,2019-04-18,2018-12-24,,,,,,,,,,,,,,,,,,,0.019,0.01767,0.014,0.007,33.33867,66.67167,0,0,0,0,0,0,0,0,0,0,0,0,0,0,0,0,0,0,0,1,1,0,0,0,0,0,0,0,0,0,0,0,0,0,0,0,0,0,0,0,0,0,0,0,0,0,0,0,0,0,0,0,0,0,0,0,0,1,1,1,1,1,1,0,0,0,0,0,0,1,1,1,1,1,1,0,0,0,0,0,0,0,0,0,1,1,1,1,1,1,0,0,0,0,0,0,1,1,1,1,1,1,0,1,1,0,0,1,0,1,1,1,1,1,0.005,,Life.BullRetrace,Life.Bull,Life.BullStart,Life.BullRetrace,Life.BullStart
2019-07-22,TOPVISN,0.4922,0.4922,0.4922,0.4922,0.4922,0,0.0,0,0.492,0.48728,0.00471,0.00655,-0.00183,,,-0.00204,-0.00228,-0.00242,-0.00233,0.48781,0.47166,0.43784,0.38519,0.4922,,,,,,,,,,,,,,,,,,,,,,0.0,0.0,0.0,0.0,,,,,,,,,,,,,,0.8647,0.4997,1.0262,0.1615,-0.365,0.5265,0.15,,,,,,,,0,0,0,0,0,0,,,,,,,5000,3000,5000,3000,5000,5000,5000,-11.7,-8.43,0.0,-15.79,-7.81,-38.98,-13.89,1,0,1,0,0,0.021,0.011,0.025,0.005,0.001,0.015,0.01746,0.01005,0.0228,0.00605,0.00134,0.01503,0,0,0,100,100,100,0,0,0,100,100,100,0,0,0,100,100,100,2019-06-14,2019-05-07,2019-01-08,2019-05-30,2019-04-18,2018-12-24,,,,,,,,,,,,,,,,,,,0.019,0.01767,0.014,0.007,33.33867,66.67167,0,0,0,0,0,0,0,0,0,0,0,0,0,0,0,0,0,0,0,1,1,0,0,0,0,0,0,0,0,0,0,0,0,0,0,0,0,0,0,0,0,0,0,0,0,0,0,0,0,0,0,0,0,0,0,0,0,1,1,1,1,1,1,0,0,0,0,0,0,1,1,1,1,1,1,0,0,0,0,0,0,0,0,0,1,1,1,1,1,1,0,0,0,0,0,0,1,1,1,1,1,1,0,1,1,0,0,1,0,1,1,1,1,1,0.005,,Life.BullRetrace,Life.Bull,Life.BullStart,Life.BullRetrace,Life.BullStart
2019-07-23,TOPVISN,0.4922,0.4922,0.4922,0.4922,0.4922,0,0.0,0,0.49203,0.48765,0.00438,0.00611,-0.00173,,,-0.00194,-0.00218,-0.00236,-0.00235,0.48815,0.47247,0.43892,0.38625,0.4922,,,,,,,,,,,,,,,,,,,,,,0.0,0.0,0.0,0.0,,,,,,,,,,,,,,0.8622,0.4923,1.019,0.1568,-0.3699,0.5267,0.15,,,,,,,,0,0,0,0,0,0,,,,,,,5000,3000,5000,3000,5000,5000,5000,-11.7,-8.43,0.0,-15.79,-7.81,-38.98,-13.89,1,0,1,0,0,0.021,0.011,0.025,0.005,0.001,0.015,0.01746,0.01005,0.0228,0.00605,0.00134,0.01503,0,0,0,100,100,100,0,0,0,100,100,100,0,0,0,100,100,100,2019-06-14,2019-05-07,2019-01-08,2019-05-30,2019-04-18,2018-12-24,,,,,,,,,,,,,,,,,,,0.019,0.01767,0.014,0.007,33.33867,66.67167,0,0,0,0,0,0,0,0,0,0,0,0,0,0,0,0,0,0,0,1,1,0,0,0,0,0,0,0,0,0,0,0,0,0,0,0,0,0,0,0,0,0,0,0,0,0,0,0,0,0,0,0,0,0,0,0,0,1,1,1,1,1,1,0,0,0,0,0,0,1,1,1,1,1,1,0,0,0,0,0,0,0,0,0,1,1,1,1,1,1,0,0,0,0,0,0,1,1,1,1,1,1,0,1,1,0,0,1,0,1,1,1,1,1,0.005,,Life.BullRetrace,Life.Bull,Life.BullStart,Life.BullRetrace,Life.BullStart
2019-07-24,TOPVISN,0.4922,0.4922,0.4922,0.4922,0.4922,0,0.0,0,0.49205,0.48799,0.00407,0.0057,-0.00164,,,-0.00184,-0.00209,-0.00229,-0.00233,0.48846,0.47324,0.43997,0.38731,0.4922,,,,,,,,,,,,,,,,,,,,,,0.0,0.0,0.0,0.0,,,,,,,,,,,,,,0.8593,0.4849,1.0115,0.1522,-0.3744,0.5266,0.15,,,,,,,,0,0,0,0,0,0,,,,,,,5000,3000,5000,3000,5000,5000,5000,-11.7,-8.43,0.0,-15.79,-7.81,-38.98,-13.89,1,0,1,0,0,0.021,0.011,0.025,0.005,0.001,0.015,0.01746,0.01005,0.0228,0.00605,0.00134,0.01503,0,0,0,100,100,100,0,0,0,100,100,100,0,0,0,100,100,100,2019-06-14,2019-05-07,2019-01-08,2019-05-30,2019-04-18,2018-12-24,,,,,,,,,,,,,,,,,,,0.019,0.01767,0.014,0.007,33.33867,66.67167,0,0,0,0,0,0,0,0,0,0,0,0,0,0,0,0,0,0,0,1,1,0,0,0,0,0,0,0,0,0,0,0,0,0,0,0,0,0,0,0,0,0,0,0,0,0,0,0,0,0,0,0,0,0,0,0,0,1,1,1,1,1,1,0,0,0,0,0,0,1,1,1,1,1,1,0,0,0,0,0,0,0,0,0,1,1,1,1,1,1,0,0,0,0,0,0,1,1,1,1,1,1,0,1,1,0,0,1,0,1,1,1,1,1,0.005,,Life.BullRetrace,Life.Bull,Life.BullStart,Life.BullRetrace,Life.BullStart
2019-07-25,TOPVISN,0.4922,0.4922,0.4922,0.4922,0.4922,0,0.0,0,0.49208,0.4883,0.00378,0.00532,-0.00154,,,-0.00174,-0.00199,-0.00221,-0.0023,0.48875,0.47398,0.44101,0.38835,0.4922,,,,,,,,,,,,,,,,,,,,,,0.0,0.0,0.0,0.0,,,,,,,,,,,,,,0.8563,0.4774,1.004,0.1477,-0.3789,0.5266,0.15,,,,,,,,0,0,0,0,0,0,,,,,,,5000,3000,5000,3000,5000,5000,5000,-11.7,-8.43,0.0,-15.79,-7.81,-38.98,-13.89,1,0,1,0,0,0.021,0.011,0.025,0.005,0.001,0.015,0.01746,0.01005,0.0228,0.00605,0.00134,0.01503,0,0,0,100,100,100,0,0,0,100,100,100,0,0,0,100,100,100,2019-06-14,2019-05-07,2019-01-08,2019-05-30,2019-04-18,2018-12-24,,,,,,,,,,,,,,,,,,,0.019,0.01767,0.014,0.007,33.33867,66.67167,0,0,0,0,0,0,0,0,0,0,0,0,0,0,0,0,0,0,0,1,1,0,0,0,0,0,0,0,0,0,0,0,0,0,0,0,0,0,0,0,0,0,0,0,0,0,0,0,0,0,0,0,0,0,0,0,0,1,1,1,1,1,1,0,0,0,0,0,0,1,1,1,1,1,1,0,0,0,0,0,0,0,0,0,1,1,1,1,1,1,0,0,0,0,0,0,1,1,1,1,1,1,0,1,1,0,0,1,0,1,1,1,1,1,0.005,,Life.BullRetrace,Life.Bull,Life.BullStart,Life.BullRetrace,Life.BullStart
2019-07-26,TOPVISN,0.4922,0.4922,0.4922,0.4922,0.4922,0,0.0,0,0.4921,0.48859,0.00351,0.00496,-0.00145,,,-0.00164,-0.00189,-0.00212,-0.00226,0.48901,0.4747,0.44202,0.38938,0.4922,,,,,,,,,,,,,,,,,,,,,,0.0,0.0,0.0,0.0,,,,,,,,,,,,,,0.8532,0.4699,0.9963,0.1431,-0.3833,0.5264,0.15,,,,,,,,0,0,0,0,0,0,,,,,,,5000,3000,5000,3000,5000,5000,5000,-11.7,-8.43,0.0,-15.79,-7.81,-38.98,-13.89,1,0,1,0,0,0.021,0.011,0.025,0.005,0.001,0.015,0.01746,0.01005,0.0228,0.00605,0.00134,0.01503,0,0,0,100,100,100,0,0,0,100,100,100,0,0,0,100,100,100,2019-06-14,2019-05-07,2019-01-08,2019-05-30,2019-04-18,2018-12-24,,,,,,,,,,,,,,,,,,,0.019,0.01767,0.014,0.007,33.33867,66.67167,0,0,0,0,0,0,0,0,0,0,0,0,0,0,0,0,0,0,0,1,1,0,0,0,0,0,0,0,0,0,0,0,0,0,0,0,0,0,0,0,0,0,0,0,0,0,0,0,0,0,0,0,0,0,0,0,0,1,1,1,1,1,1,0,0,0,0,0,0,1,1,1,1,1,1,0,0,0,0,0,0,0,0,0,1,1,1,1,1,1,0,0,0,0,0,0,1,1,1,1,1,1,0,1,1,0,0,1,0,1,1,1,1,1,0.005,,Life.BullRetrace,Life.Bull,Life.BullStart,Life.BullRetrace,Life.BullStart
2019-07-29,TOPVISN,0.4922,0.4922,0.4922,0.4922,0.4922,0,0.0,0,0.49211,0.48885,0.00326,0.00462,-0.00136,,,-0.00154,-0.00179,-0.00203,-0.0022,0.48926,0.47538,0.44302,0.39041,0.4922,,,,,,,,,,,,,,,,,,,,,,0.0,0.0,0.0,0.0,,,,,,,,,,,,,,0.8497,0.4624,0.9885,0.1388,-0.3873,0.5261,0.15,,,,,,,,0,0,0,0,0,0,,,,,,,5000,3000,5000,3000,5000,5000,5000,-11.7,-8.43,0.0,-15.79,-7.81,-38.98,-13.89,1,0,1,0,0,0.021,0.011,0.025,0.005,0.001,0.015,0.01746,0.01005,0.0228,0.00605,0.00134,0.01503,0,0,0,100,100,100,0,0,0,100,100,100,0,0,0,100,100,100,2019-06-14,2019-05-07,2019-01-08,2019-05-30,2019-04-18,2018-12-24,,,,,,,,,,,,,,,,,,,0.019,0.01767,0.014,0.007,33.33867,66.67167,0,0,0,0,0,0,0,0,0,0,0,0,0,0,0,0,0,0,0,1,1,0,0,0,0,0,0,0,0,0,0,0,0,0,0,0,0,0,0,0,0,0,0,0,0,0,0,0,0,0,0,0,0,0,0,0,0,1,1,1,1,1,1,0,0,0,0,0,0,1,1,1,1,1,1,0,0,0,0,0,0,0,0,0,1,1,1,1,1,1,0,0,0,0,0,0,1,1,1,1,1,1,0,1,1,0,0,1,0,1,1,1,1,1,0.005,,Life.BullRetrace,Life.Bull,Life.BullStart,Life.BullRetrace,Life.BullStart
2019-07-31,TOPVISN,0.4922,0.4922,0.4922,0.4922,0.4922,0,0.0,0,0.49213,0.4891,0.00302,0.0043,-0.00128,,,-0.00145,-0.00169,-0.00194,-0.00213,0.48948,0.47604,0.44399,0.39142,0.4922,,,,,,,,,,,,,,,,,,,,,,0.0,0.0,0.0,0.0,,,,,,,,,,,,,,0.8462,0.4549,0.9806,0.1344,-0.3913,0.5257,0.15,,,,,,,,0,0,0,0,0,0,,,,,,,5000,3000,5000,3000,5000,5000,5000,-11.7,-8.43,0.0,-15.79,-7.81,-38.98,-13.89,1,0,1,0,0,0.021,0.011,0.025,0.005,0.001,0.015,0.01746,0.01005,0.0228,0.00605,0.00134,0.01503,0,0,0,100,100,100,0,0,0,100,100,100,0,0,0,100,100,100,2019-06-14,2019-05-07,2019-01-08,2019-05-30,2019-04-18,2018-12-24,,,,,,,,,,,,,,,,,,,0.019,0.01767,0.014,0.007,33.33867,66.67167,0,0,0,0,0,0,0,0,0,0,0,0,0,0,0,0,0,0,0,1,1,0,0,0,0,0,0,0,0,0,0,0,0,0,0,0,0,0,0,0,0,0,0,0,0,0,0,0,0,0,0,0,0,0,0,0,0,1,1,1,1,1,1,0,0,0,0,0,0,1,1,1,1,1,1,0,0,0,0,0,0,0,0,0,1,1,1,1,1,1,0,0,0,0,0,0,1,1,1,1,1,1,0,1,1,0,0,1,0,1,1,1,1,1,0.005,,Life.BullRetrace,Life.Bull,Life.BullStart,Life.BullRetrace,Life.BullStart
2019-08-01,TOPVISN,0.4922,0.4922,0.4922,0.4922,0.4922,0,0.0,0,0.49214,0.48933,0.00281,0.004,-0.00119,,,-0.00136,-0.0016,-0.00185,-0.00206,0.48969,0.47668,0.44494,0.39242,0.4922,,,,,,,,,,,,,,,,,,,,,,0.0,0.0,0.0,0.0,,,,,,,,,,,,,,0.8426,0.4475,0.9727,0.1301,-0.3951,0.5252,0.15,,,,,,,,0,0,0,0,0,0,,,,,,,5000,3000,5000,3000,5000,5000,5000,-11.7,-8.43,0.0,-15.79,-7.81,-38.98,-13.89,1,0,1,0,0,0.021,0.011,0.025,0.005,0.001,0.015,0.01746,0.01005,0.0228,0.00605,0.00134,0.01503,0,0,0,100,100,100,0,0,0,100,100,100,0,0,0,100,100,100,2019-06-14,2019-05-07,2019-01-08,2019-05-30,2019-04-18,2018-12-24,,,,,,,,,,,,,,,,,,,0.019,0.01767,0.014,0.007,33.33867,66.67167,0,0,0,0,0,0,0,0,0,0,0,0,0,0,0,0,0,0,0,1,1,0,0,0,0,0,0,0,0,0,0,0,0,0,0,0,0,0,0,0,0,0,0,0,0,0,0,0,0,0,0,0,0,0,0,0,0,1,1,1,1,1,1,0,0,0,0,0,0,1,1,1,1,1,1,0,0,0,0,0,0,0,0,0,1,1,1,1,1,1,0,0,0,0,0,0,1,1,1,1,1,1,0,1,1,0,0,1,0,1,1,1,1,1,0.005,,Life.BullRetrace,Life.Bull,Life.BullStart,Life.BullRetrace,Life.BullStart
2019-08-02,TOPVISN,0.4922,0.4922,0.4922,0.4922,0.4922,0,0.0,0,0.49215,0.48954,0.0026,0.00372,-0.00112,,,-0.00128,-0.00151,-0.00175,-0.00198,0.48989,0.47729,0.44588,0.39342,0.4922,,,,,,,,,,,,,,,,,,,,,,0.0,0.0,0.0,0.0,,,,,,,,,,,,,,0.8387,0.4401,0.9647,0.126,-0.3986,0.5246,0.15,,,,,,,,0,0,0,0,0,0,,,,,,,5000,3000,5000,3000,5000,5000,5000,-11.7,-8.43,0.0,-15.79,-7.81,-38.98,-13.89,1,0,1,0,0,0.021,0.011,0.025,0.005,0.001,0.015,0.01746,0.01005,0.0228,0.00605,0.00134,0.01503,0,0,0,100,100,100,0,0,0,100,100,100,0,0,0,100,100,100,2019-06-14,2019-05-07,2019-01-08,2019-05-30,2019-04-18,2018-12-24,,,,,,,,,,,,,,,,,,,0.019,0.01767,0.014,0.007,33.33867,66.67167,0,0,0,0,0,0,0,0,0,0,0,0,0,0,0,0,0,0,0,1,1,0,0,0,0,0,0,0,0,0,0,0,0,0,0,0,0,0,0,0,0,0,0,0,0,0,0,0,0,0,0,0,0,0,0,0,0,1,1,1,1,1,1,0,0,0,0,0,0,1,1,1,1,1,1,0,0,0,0,0,0,0,0,0,1,1,1,1,1,1,0,0,0,0,0,0,1,1,1,1,1,1,0,1,1,0,0,1,0,1,1,1,1,1,0.005,,Life.BullRetrace,Life.Bull,Life.BullStart,Life.BullRetrace,Life.BullStart
2019-08-05,TOPVISN,0.4922,0.4922,0.4922,0.4922,0.4922,0,0.0,0,0.49215,0.48974,0.00241,0.00346,-0.00105,,,-0.0012,-0.00142,-0.00166,-0.00189,0.49006,0.47787,0.4468,0.3944,0.4922,,,,,,,,,,,,,,,,,,,,,,0.0,0.0,0.0,0.0,,,,,,,,,,,,,,0.8347,0.4326,0.9566,0.1219,-0.4021,0.524,0.15,,,,,,,,0,0,0,0,0,0,,,,,,,5000,3000,5000,3000,5000,5000,5000,-11.7,-8.43,0.0,-15.79,-7.81,-38.98,-13.89,1,0,1,0,0,0.021,0.011,0.025,0.005,0.001,0.015,0.01746,0.01005,0.0228,0.00605,0.00134,0.01503,0,0,0,100,100,100,0,0,0,100,100,100,0,0,0,100,100,100,2019-06-14,2019-05-07,2019-01-08,2019-05-30,2019-04-18,2018-12-24,,,,,,,,,,,,,,,,,,,0.019,0.01767,0.014,0.007,33.33867,66.67167,0,0,0,0,0,0,0,0,0,0,0,0,0,0,0,0,0,0,0,1,1,0,0,0,0,0,0,0,0,0,0,0,0,0,0,0,0,0,0,0,0,0,0,0,0,0,0,0,0,0,0,0,0,0,0,0,0,1,1,1,1,1,1,0,0,0,0,0,0,1,1,1,1,1,1,0,0,0,0,0,0,0,0,0,1,1,1,1,1,1,0,0,0,0,0,0,1,1,1,1,1,1,0,1,1,0,0,1,0,1,1,1,1,1,0.005,,Life.BullRetrace,Life.Bull,Life.BullStart,Life.BullRetrace,Life.BullStart
2019-08-06,TOPVISN,0.4922,0.4922,0.4922,0.4922,0.4922,0,0.0,0,0.49216,0.48992,0.00224,0.00321,-0.00098,,,-0.00112,-0.00133,-0.00157,-0.0018,0.49023,0.47843,0.4477,0.39537,0.4922,,,,,,,,,,,,,,,,,,,,,,0.0,0.0,0.0,0.0,,,,,,,,,,,,,,0.8306,0.4253,0.9486,0.118,-0.4053,0.5233,0.15,,,,,,,,0,0,0,0,0,0,,,,,,,5000,3000,5000,3000,5000,5000,5000,-11.7,-8.43,0.0,-15.79,-7.81,-38.98,-13.89,1,0,1,0,0,0.021,0.011,0.025,0.005,0.001,0.015,0.01746,0.01005,0.0228,0.00605,0.00134,0.01503,0,0,0,100,100,100,0,0,0,100,100,100,0,0,0,100,100,100,2019-06-14,2019-05-07,2019-01-08,2019-05-30,2019-04-18,2018-12-24,,,,,,,,,,,,,,,,,,,0.019,0.01767,0.014,0.007,33.33867,66.67167,0,0,0,0,0,0,0,0,0,0,0,0,0,0,0,0,0,0,0,1,1,0,0,0,0,0,0,0,0,0,0,0,0,0,0,0,0,0,0,0,0,0,0,0,0,0,0,0,0,0,0,0,0,0,0,0,0,1,1,1,1,1,1,0,0,0,0,0,0,1,1,1,1,1,1,0,0,0,0,0,0,0,0,0,1,1,1,1,1,1,0,0,0,0,0,0,1,1,1,1,1,1,0,1,1,0,0,1,0,1,1,1,1,1,0.005,,Life.BullRetrace,Life.Bull,Life.BullStart,Life.BullRetrace,Life.BullStart
2019-08-07,TOPVISN,0.4922,0.4922,0.4922,0.4922,0.4922,0,0.0,0,0.49217,0.49009,0.00208,0.00299,-0.00091,,,-0.00105,-0.00125,-0.00148,-0.00172,0.49038,0.47897,0.44858,0.39633,0.4922,,,,,,,,,,,,,,,,,,,,,,0.0,0.0,0.0,0.0,,,,,,,,,,,,,,0.8264,0.418,0.9405,0.1141,-0.4084,0.5225,0.15,,,,,,,,0,0,0,0,0,0,,,,,,,5000,3000,5000,3000,5000,5000,5000,-11.7,-8.43,0.0,-15.79,-7.81,-38.98,-13.89,1,0,1,0,0,0.021,0.011,0.025,0.005,0.001,0.015,0.01746,0.01005,0.0228,0.00605,0.00134,0.01503,0,0,0,100,100,100,0,0,0,100,100,100,0,0,0,100,100,100,2019-06-14,2019-05-07,2019-01-08,2019-05-30,2019-04-18,2018-12-24,,,,,,,,,,,,,,,,,,,0.019,0.01767,0.014,0.007,33.33867,66.67167,0,0,0,0,0,0,0,0,0,0,0,0,0,0,0,0,0,0,0,1,1,0,0,0,0,0,0,0,0,0,0,0,0,0,0,0,0,0,0,0,0,0,0,0,0,0,0,0,0,0,0,0,0,0,0,0,0,1,1,1,1,1,1,0,0,0,0,0,0,1,1,1,1,1,1,0,0,0,0,0,0,0,0,0,1,1,1,1,1,1,0,0,0,0,0,0,1,1,1,1,1,1,0,1,1,0,0,1,0,1,1,1,1,1,0.005,,Life.BullRetrace,Life.Bull,Life.BullStart,Life.BullRetrace,Life.BullStart
2019-08-08,TOPVISN,0.4922,0.4922,0.4922,0.4922,0.4922,0,0.0,0,0.49217,0.49025,0.00192,0.00277,-0.00085,,,-0.00098,-0.00117,-0.00139,-0.00163,0.49052,0.47949,0.44944,0.39729,0.4922,,,,,,,,,,,,,,,,,,,,,,0.0,0.0,0.0,0.0,,,,,,,,,,,,,,0.822,0.4108,0.9323,0.1103,-0.4112,0.5215,0.15,,,,,,,,0,0,0,0,0,0,,,,,,,5000,3000,5000,3000,5000,5000,5000,-11.7,-8.43,0.0,-15.79,-7.81,-38.98,-13.89,1,0,1,0,0,0.021,0.011,0.025,0.005,0.001,0.015,0.01746,0.01005,0.0228,0.00605,0.00134,0.01503,0,0,0,100,100,100,0,0,0,100,100,100,0,0,0,100,100,100,2019-06-14,2019-05-07,2019-01-08,2019-05-30,2019-04-18,2018-12-24,,,,,,,,,,,,,,,,,,,0.019,0.01767,0.014,0.007,33.33867,66.67167,0,0,0,0,0,0,0,0,0,0,0,0,0,0,0,0,0,0,0,1,1,0,0,0,0,0,0,0,0,0,0,0,0,0,0,0,0,0,0,0,0,0,0,0,0,0,0,0,0,0,0,0,0,0,0,0,0,1,1,1,1,1,1,0,0,0,0,0,0,1,1,1,1,1,1,0,0,0,0,0,0,0,0,0,1,1,1,1,1,1,0,0,0,0,0,0,1,1,1,1,1,1,0,1,1,0,0,1,0,1,1,1,1,1,0.005,,Life.BullRetrace,Life.Bull,Life.BullStart,Life.BullRetrace,Life.BullStart
2019-08-09,TOPVISN,0.4922,0.4922,0.4922,0.4922,0.4922,0,0.0,0,0.49218,0.49039,0.00178,0.00258,-0.00079,,,-0.00091,-0.0011,-0.00131,-0.00154,0.49065,0.47999,0.45029,0.39823,0.4922,,,,,,,,,,,,,,,,,,,,,,0.0,0.0,0.0,0.0,,,,,,,,,,,,,,0.8176,0.4036,0.9242,0.1066,-0.414,0.5206,0.15,,,,,,,,0,0,0,0,0,0,,,,,,,5000,3000,5000,3000,5000,5000,5000,-11.7,-8.43,0.0,-15.79,-7.81,-38.98,-13.89,1,0,1,0,0,0.021,0.011,0.025,0.005,0.001,0.015,0.01746,0.01005,0.0228,0.00605,0.00134,0.01503,0,0,0,100,100,100,0,0,0,100,100,100,0,0,0,100,100,100,2019-06-14,2019-05-07,2019-01-08,2019-05-30,2019-04-18,2018-12-24,,,,,,,,,,,,,,,,,,,0.019,0.01767,0.014,0.007,33.33867,66.67167,0,0,0,0,0,0,0,0,0,0,0,0,0,0,0,0,0,0,0,1,1,0,0,0,0,0,0,0,0,0,0,0,0,0,0,0,0,0,0,0,0,0,0,0,0,0,0,0,0,0,0,0,0,0,0,0,0,1,1,1,1,1,1,0,0,0,0,0,0,1,1,1,1,1,1,0,0,0,0,0,0,0,0,0,1,1,1,1,1,1,0,0,0,0,0,0,1,1,1,1,1,1,0,1,1,0,0,1,0,1,1,1,1,1,0.005,,Life.BullRetrace,Life.Bull,Life.BullStart,Life.BullRetrace,Life.BullStart
2019-08-13,TOPVISN,0.4922,0.4922,0.4922,0.4922,0.4922,0,0.0,0,0.49218,0.49053,0.00165,0.00239,-0.00074,,,-0.00085,-0.00103,-0.00123,-0.00146,0.49077,0.48047,0.45112,0.39917,0.4922,,,,,,,,,,,,,,,,,,,,,,0.0,0.0,0.0,0.0,,,,,,,,,,,,,,0.813,0.3965,0.916,0.103,-0.4165,0.5195,0.15,,,,,,,,0,0,0,0,0,0,,,,,,,5000,3000,5000,3000,5000,5000,5000,-11.7,-8.43,0.0,-15.79,-7.81,-38.98,-13.89,1,0,1,0,0,0.021,0.011,0.025,0.005,0.001,0.015,0.01746,0.01005,0.0228,0.00605,0.00134,0.01503,0,0,0,100,100,100,0,0,0,100,100,100,0,0,0,100,100,100,2019-06-14,2019-05-07,2019-01-08,2019-05-30,2019-04-18,2018-12-24,,,,,,,,,,,,,,,,,,,0.019,0.01767,0.014,0.007,33.33867,66.67167,0,0,0,0,0,0,0,0,0,0,0,0,0,0,0,0,0,0,0,1,1,0,0,0,0,0,0,0,0,0,0,0,0,0,0,0,0,0,0,0,0,0,0,0,0,0,0,0,0,0,0,0,0,0,0,0,0,1,1,1,1,1,1,0,0,0,0,0,0,1,1,1,1,1,1,0,0,0,0,0,0,0,0,0,1,1,1,1,1,1,0,0,0,0,0,0,1,1,1,1,1,1,0,1,1,0,0,1,0,1,1,1,1,1,0.005,,Life.BullRetrace,Life.Bull,Life.BullStart,Life.BullRetrace,Life.BullStart
2019-08-14,TOPVISN,0.4922,0.4922,0.4922,0.4922,0.4922,0,0.0,0,0.49218,0.49065,0.00153,0.00222,-0.00069,,,-0.0008,-0.00096,-0.00115,-0.00138,0.49088,0.48093,0.45193,0.40009,0.4922,,,,,,,,,,,,,,,,,,,,,,0.0,0.0,0.0,0.0,,,,,,,,,,,,,,0.8084,0.3895,0.9079,0.0995,-0.4189,0.5184,0.15,,,,,,,,0,0,0,0,0,0,,,,,,,5000,3000,5000,3000,5000,5000,5000,-11.7,-8.43,0.0,-15.79,-7.81,-38.98,-13.89,1,0,1,0,0,0.021,0.011,0.025,0.005,0.001,0.015,0.01746,0.01005,0.0228,0.00605,0.00134,0.01503,0,0,0,100,100,100,0,0,0,100,100,100,0,0,0,100,100,100,2019-06-14,2019-05-07,2019-01-08,2019-05-30,2019-04-18,2018-12-24,,,,,,,,,,,,,,,,,,,0.019,0.01767,0.014,0.007,33.33867,66.67167,0,0,0,0,0,0,0,0,0,0,0,0,0,0,0,0,0,0,0,1,1,0,0,0,0,0,0,0,0,0,0,0,0,0,0,0,0,0,0,0,0,0,0,0,0,0,0,0,0,0,0,0,0,0,0,0,0,1,1,1,1,1,1,0,0,0,0,0,0,1,1,1,1,1,1,0,0,0,0,0,0,0,0,0,1,1,1,1,1,1,0,0,0,0,0,0,1,1,1,1,1,1,0,1,1,0,0,1,0,1,1,1,1,1,0.005,,Life.BullRetrace,Life.Bull,Life.BullStart,Life.BullRetrace,Life.BullStart
2019-08-15,TOPVISN,0.4922,0.4922,0.4922,0.4922,0.4922,0,0.0,0,0.49219,0.49077,0.00142,0.00206,-0.00064,,,-0.00074,-0.0009,-0.00108,-0.00129,0.49098,0.48137,0.45273,0.40101,0.4922,,,,,,,,,,,,,,,,,,,,,,0.0,0.0,0.0,0.0,,,,,,,,,,,,,,0.8036,0.3825,0.8997,0.0961,-0.4211,0.5172,0.15,,,,,,,,0,0,0,0,0,0,,,,,,,5000,3000,5000,3000,5000,5000,5000,-11.7,-8.43,0.0,-15.79,-7.81,-38.98,-13.89,1,0,1,0,0,0.021,0.011,0.025,0.005,0.001,0.015,0.01746,0.01005,0.0228,0.00605,0.00134,0.01503,0,0,0,100,100,100,0,0,0,100,100,100,0,0,0,100,100,100,2019-06-14,2019-05-07,2019-01-08,2019-05-30,2019-04-18,2018-12-24,,,,,,,,,,,,,,,,,,,0.019,0.01767,0.014,0.007,33.33867,66.67167,0,0,0,0,0,0,0,0,0,0,0,0,0,0,0,0,0,0,0,1,1,0,0,0,0,0,0,0,0,0,0,0,0,0,0,0,0,0,0,0,0,0,0,0,0,0,0,0,0,0,0,0,0,0,0,0,0,1,1,1,1,1,1,0,0,0,0,0,0,1,1,1,1,1,1,0,0,0,0,0,0,0,0,0,1,1,1,1,1,1,0,0,0,0,0,0,1,1,1,1,1,1,0,1,1,0,0,1,0,1,1,1,1,1,0.005,,Life.BullRetrace,Life.Bull,Life.BullStart,Life.BullRetrace,Life.BullStart
2019-08-16,TOPVISN,0.4922,0.4922,0.4922,0.4922,0.4922,0,0.0,0,0.49219,0.49087,0.00132,0.00191,-0.00059,,,-0.00069,-0.00084,-0.00101,-0.00122,0.49107,0.4818,0.45351,0.40192,0.4922,,,,,,,,,,,,,,,,,,,,,,0.0,0.0,0.0,0.0,,,,,,,,,,,,,,0.7988,0.3756,0.8915,0.0927,-0.4232,0.5159,0.15,,,,,,,,0,0,0,0,0,0,,,,,,,5000,3000,5000,3000,5000,5000,5000,-11.7,-8.43,0.0,-15.79,-7.81,-38.98,-13.89,1,0,1,0,0,0.021,0.011,0.025,0.005,0.001,0.015,0.01746,0.01005,0.0228,0.00605,0.00134,0.01503,0,0,0,100,100,100,0,0,0,100,100,100,0,0,0,100,100,100,2019-06-14,2019-05-07,2019-01-08,2019-05-30,2019-04-18,2018-12-24,,,,,,,,,,,,,,,,,,,0.019,0.01767,0.014,0.007,33.33867,66.67167,0,0,0,0,0,0,0,0,0,0,0,0,0,0,0,0,0,0,0,1,1,0,0,0,0,0,0,0,0,0,0,0,0,0,0,0,0,0,0,0,0,0,0,0,0,0,0,0,0,0,0,0,0,0,0,0,0,1,1,1,1,1,1,0,0,0,0,0,0,1,1,1,1,1,1,0,0,0,0,0,0,0,0,0,1,1,1,1,1,1,0,0,0,0,0,0,1,1,1,1,1,1,0,1,1,0,0,1,0,1,1,1,1,1,0.005,,Life.BullRetrace,Life.Bull,Life.BullStart,Life.BullRetrace,Life.BullStart
2019-08-19,TOPVISN,0.4922,0.4922,0.4922,0.4922,0.4922,0,0.0,0,0.49219,0.49097,0.00122,0.00177,-0.00055,,,-0.00064,-0.00078,-0.00095,-0.00114,0.49116,0.4822,0.45428,0.40282,0.4922,,,,,,,,,,,,,,,,,,,,,,0.0,0.0,0.0,0.0,,,,,,,,,,,,,,0.7938,0.3688,0.8834,0.0896,-0.425,0.5146,0.15,,,,,,,,0,0,0,0,0,0,,,,,,,5000,3000,5000,3000,5000,5000,5000,-11.7,-8.43,0.0,-15.79,-7.81,-38.98,-13.89,1,0,1,0,0,0.021,0.011,0.025,0.005,0.001,0.015,0.01746,0.01005,0.0228,0.00605,0.00134,0.01503,0,0,0,100,100,100,0,0,0,100,100,100,0,0,0,100,100,100,2019-06-14,2019-05-07,2019-01-08,2019-05-30,2019-04-18,2018-12-24,,,,,,,,,,,,,,,,,,,0.019,0.01767,0.014,0.007,33.33867,66.67167,0,0,0,0,0,0,0,0,0,0,0,0,0,0,0,0,0,0,0,1,1,0,0,0,0,0,0,0,0,0,0,0,0,0,0,0,0,0,0,0,0,0,0,0,0,0,0,0,0,0,0,0,0,0,0,0,0,1,1,1,1,1,1,0,0,0,0,0,0,1,1,1,1,1,1,0,0,0,0,0,0,0,0,0,1,1,1,1,1,1,0,0,0,0,0,0,1,1,1,1,1,1,0,1,1,0,0,1,0,1,1,1,1,1,0.005,,Life.BullRetrace,Life.Bull,Life.BullStart,Life.BullRetrace,Life.BullStart
2019-08-20,TOPVISN,0.4922,0.4922,0.4922,0.4922,0.4922,0,0.0,0,0.49219,0.49106,0.00113,0.00164,-0.00051,,,-0.0006,-0.00073,-0.00088,-0.00107,0.49124,0.4826,0.45503,0.40371,0.4922,,,,,,,,,,,,,,,,,,,,,,0.0,0.0,0.0,0.0,,,,,,,,,,,,,,0.7889,0.3621,0.8753,0.0864,-0.4268,0.5132,0.15,,,,,,,,0,0,0,0,0,0,,,,,,,5000,3000,5000,3000,5000,5000,5000,-11.7,-8.43,0.0,-15.79,-7.81,-38.98,-13.89,1,0,1,0,0,0.021,0.011,0.025,0.005,0.001,0.015,0.01746,0.01005,0.0228,0.00605,0.00134,0.01503,0,0,0,100,100,100,0,0,0,100,100,100,0,0,0,100,100,100,2019-06-14,2019-05-07,2019-01-08,2019-05-30,2019-04-18,2018-12-24,,,,,,,,,,,,,,,,,,,0.019,0.01767,0.014,0.007,33.33867,66.67167,0,0,0,0,0,0,0,0,0,0,0,0,0,0,0,0,0,0,0,1,1,0,0,0,0,0,0,0,0,0,0,0,0,0,0,0,0,0,0,0,0,0,0,0,0,0,0,0,0,0,0,0,0,0,0,0,0,1,1,1,1,1,1,0,0,0,0,0,0,1,1,1,1,1,1,0,0,0,0,0,0,0,0,0,1,1,1,1,1,1,0,0,0,0,0,0,1,1,1,1,1,1,0,1,1,0,0,1,0,1,1,1,1,1,0.005,,Life.BullRetrace,Life.Bull,Life.BullStart,Life.BullRetrace,Life.BullStart
2019-08-21,TOPVISN,0.4922,0.4922,0.4922,0.4922,0.4922,0,0.0,0,0.49219,0.49115,0.00105,0.00153,-0.00048,,,-0.00056,-0.00068,-0.00082,-0.001,0.49131,0.48297,0.45576,0.40459,0.4922,,,,,,,,,,,,,,,,,,,,,,0.0,0.0,0.0,0.0,,,,,,,,,,,,,,0.7838,0.3555,0.8672,0.0834,-0.4283,0.5117,0.15,,,,,,,,0,0,0,0,0,0,,,,,,,5000,3000,5000,3000,5000,5000,5000,-11.7,-8.43,0.0,-15.79,-7.81,-38.98,-13.89,1,0,1,0,0,0.021,0.011,0.025,0.005,0.001,0.015,0.01746,0.01005,0.0228,0.00605,0.00134,0.01503,0,0,0,100,100,100,0,0,0,100,100,100,0,0,0,100,100,100,2019-06-14,2019-05-07,2019-01-08,2019-05-30,2019-04-18,2018-12-24,,,,,,,,,,,,,,,,,,,0.019,0.01767,0.014,0.007,33.33867,66.67167,0,0,0,0,0,0,0,0,0,0,0,0,0,0,0,0,0,0,0,1,1,0,0,0,0,0,0,0,0,0,0,0,0,0,0,0,0,0,0,0,0,0,0,0,0,0,0,0,0,0,0,0,0,0,0,0,0,1,1,1,1,1,1,0,0,0,0,0,0,1,1,1,1,1,1,0,0,0,0,0,0,0,0,0,1,1,1,1,1,1,0,0,0,0,0,0,1,1,1,1,1,1,0,1,1,0,0,1,0,1,1,1,1,1,0.005,,Life.BullRetrace,Life.Bull,Life.BullStart,Life.BullRetrace,Life.BullStart
2019-08-22,TOPVISN,0.4922,0.4922,0.4922,0.4922,0.4922,0,0.0,0,0.49219,0.49122,0.00097,0.00141,-0.00044,,,-0.00052,-0.00063,-0.00077,-0.00094,0.49138,0.48333,0.45649,0.40546,0.4922,,,,,,,,,,,,,,,,,,,,,,0.0,0.0,0.0,0.0,,,,,,,,,,,,,,0.7787,0.3489,0.8592,0.0805,-0.4298,0.5103,0.15,,,,,,,,0,0,0,0,0,0,,,,,,,5000,3000,5000,3000,5000,5000,5000,-11.7,-8.43,0.0,-15.79,-7.81,-38.98,-13.89,1,0,1,0,0,0.021,0.011,0.025,0.005,0.001,0.015,0.01746,0.01005,0.0228,0.00605,0.00134,0.01503,0,0,0,100,100,100,0,0,0,100,100,100,0,0,0,100,100,100,2019-06-14,2019-05-07,2019-01-08,2019-05-30,2019-04-18,2018-12-24,,,,,,,,,,,,,,,,,,,0.019,0.01767,0.014,0.007,33.33867,66.67167,0,0,0,0,0,0,0,0,0,0,0,0,0,0,0,0,0,0,0,1,1,0,0,0,0,0,0,0,0,0,0,0,0,0,0,0,0,0,0,0,0,0,0,0,0,0,0,0,0,0,0,0,0,0,0,0,0,1,1,1,1,1,1,0,0,0,0,0,0,1,1,1,1,1,1,0,0,0,0,0,0,0,0,0,1,1,1,1,1,1,0,0,0,0,0,0,1,1,1,1,1,1,0,1,1,0,0,1,0,1,1,1,1,1,0.005,,Life.BullRetrace,Life.Bull,Life.BullStart,Life.BullRetrace,Life.BullStart
2019-08-23,TOPVISN,0.4922,0.4922,0.4922,0.4922,0.4922,0,0.0,0,0.49219,0.4913,0.0009,0.00131,-0.00041,,,-0.00048,-0.00059,-0.00072,-0.00088,0.49145,0.48368,0.45719,0.40632,0.4922,,,,,,,,,,,,,,,,,,,,,,0.0,0.0,0.0,0.0,,,,,,,,,,,,,,0.7736,0.3426,0.8513,0.0777,-0.431,0.5087,0.15,,,,,,,,0,0,0,0,0,0,,,,,,,5000,3000,5000,3000,5000,5000,5000,-11.7,-8.43,0.0,-15.79,-7.81,-38.98,-13.89,1,0,1,0,0,0.021,0.011,0.025,0.005,0.001,0.015,0.01746,0.01005,0.0228,0.00605,0.00134,0.01503,0,0,0,100,100,100,0,0,0,100,100,100,0,0,0,100,100,100,2019-06-14,2019-05-07,2019-01-08,2019-05-30,2019-04-18,2018-12-24,,,,,,,,,,,,,,,,,,,0.019,0.01767,0.014,0.007,33.33867,66.67167,0,0,0,0,0,0,0,0,0,0,0,0,0,0,0,0,0,0,0,1,1,0,0,0,0,0,0,0,0,0,0,0,0,0,0,0,0,0,0,0,0,0,0,0,0,0,0,0,0,0,0,0,0,0,0,0,0,1,1,1,1,1,1,0,0,0,0,0,0,1,1,1,1,1,1,0,0,0,0,0,0,0,0,0,1,1,1,1,1,1,0,0,0,0,0,0,1,1,1,1,1,1,0,1,1,0,0,1,0,1,1,1,1,1,0.005,,Life.BullRetrace,Life.Bull,Life.BullStart,Life.BullRetrace,Life.BullStart
2019-08-26,TOPVISN,0.4922,0.4922,0.4922,0.4922,0.4922,0,0.0,0,0.4922,0.49136,0.00083,0.00122,-0.00038,,,-0.00045,-0.00054,-0.00067,-0.00082,0.4915,0.48402,0.45789,0.40718,0.4922,,,,,,,,,,,,,,,,,,,,,,0.0,0.0,0.0,0.0,,,,,,,,,,,,,,0.7684,0.3361,0.8432,0.0748,-0.4323,0.5071,0.15,,,,,,,,0,0,0,0,0,0,,,,,,,5000,3000,5000,3000,5000,5000,5000,-11.7,-8.43,0.0,-15.79,-7.81,-38.98,-13.89,1,0,1,0,0,0.021,0.011,0.025,0.005,0.001,0.015,0.01746,0.01005,0.0228,0.00605,0.00134,0.01503,0,0,0,100,100,100,0,0,0,100,100,100,0,0,0,100,100,100,2019-06-14,2019-05-07,2019-01-08,2019-05-30,2019-04-18,2018-12-24,,,,,,,,,,,,,,,,,,,0.019,0.01767,0.014,0.007,33.33867,66.67167,0,0,0,0,0,0,0,0,0,0,0,0,0,0,0,0,0,0,0,1,1,0,0,0,0,0,0,0,0,0,0,0,0,0,0,0,0,0,0,0,0,0,0,0,0,0,0,0,0,0,0,0,0,0,0,0,0,1,1,1,1,1,1,0,0,0,0,0,0,1,1,1,1,1,1,0,0,0,0,0,0,0,0,0,1,1,1,1,1,1,0,0,0,0,0,0,1,1,1,1,1,1,0,1,1,0,0,1,0,1,1,1,1,1,0.005,,Life.BullRetrace,Life.Bull,Life.BullStart,Life.BullRetrace,Life.BullStart
2019-08-27,TOPVISN,0.4922,0.4922,0.4922,0.4922,0.4922,0,0.0,0,0.4922,0.49142,0.00077,0.00113,-0.00036,,,-0.00041,-0.00051,-0.00062,-0.00077,0.49156,0.48434,0.45857,0.40802,0.4922,,,,,,,,,,,,,,,,,,,,,,0.0,0.0,0.0,0.0,,,,,,,,,,,,,,0.7632,0.3299,0.8354,0.0722,-0.4333,0.5055,0.15,,,,,,,,0,0,0,0,0,0,,,,,,,5000,3000,5000,3000,5000,5000,5000,-11.7,-8.43,0.0,-15.79,-7.81,-38.98,-13.89,1,0,1,0,0,0.021,0.011,0.025,0.005,0.001,0.015,0.01746,0.01005,0.0228,0.00605,0.00134,0.01503,0,0,0,100,100,100,0,0,0,100,100,100,0,0,0,100,100,100,2019-06-14,2019-05-07,2019-01-08,2019-05-30,2019-04-18,2018-12-24,,,,,,,,,,,,,,,,,,,0.019,0.01767,0.014,0.007,33.33867,66.67167,0,0,0,0,0,0,0,0,0,0,0,0,0,0,0,0,0,0,0,1,1,0,0,0,0,0,0,0,0,0,0,0,0,0,0,0,0,0,0,0,0,0,0,0,0,0,0,0,0,0,0,0,0,0,0,0,0,1,1,1,1,1,1,0,0,0,0,0,0,1,1,1,1,1,1,0,0,0,0,0,0,0,0,0,1,1,1,1,1,1,0,0,0,0,0,0,1,1,1,1,1,1,0,1,1,0,0,1,0,1,1,1,1,1,0.005,,Life.BullRetrace,Life.Bull,Life.BullStart,Life.BullRetrace,Life.BullStart
2019-08-28,TOPVISN,0.4922,0.4922,0.4922,0.4922,0.4922,0,0.0,0,0.4922,0.49148,0.00071,0.00104,-0.00033,,,-0.00038,-0.00047,-0.00058,-0.00071,0.49161,0.48465,0.45923,0.40886,0.4922,,,,,,,,,,,,,,,,,,,,,,0.0,0.0,0.0,0.0,,,,,,,,,,,,,,0.7579,0.3238,0.8275,0.0696,-0.4341,0.5037,0.15,,,,,,,,0,0,0,0,0,0,,,,,,,5000,3000,5000,3000,5000,5000,5000,-11.7,-8.43,0.0,-15.79,-7.81,-38.98,-13.89,1,0,1,0,0,0.021,0.011,0.025,0.005,0.001,0.015,0.01746,0.01005,0.0228,0.00605,0.00134,0.01503,0,0,0,100,100,100,0,0,0,100,100,100,0,0,0,100,100,100,2019-06-14,2019-05-07,2019-01-08,2019-05-30,2019-04-18,2018-12-24,,,,,,,,,,,,,,,,,,,0.019,0.01767,0.014,0.007,33.33867,66.67167,0,0,0,0,0,0,0,0,0,0,0,0,0,0,0,0,0,0,0,1,1,0,0,0,0,0,0,0,0,0,0,0,0,0,0,0,0,0,0,0,0,0,0,0,0,0,0,0,0,0,0,0,0,0,0,0,0,1,1,1,1,1,1,0,0,0,0,0,0,1,1,1,1,1,1,0,0,0,0,0,0,0,0,0,1,1,1,1,1,1,0,0,0,0,0,0,1,1,1,1,1,1,0,1,1,0,0,1,0,1,1,1,1,1,0.005,,Life.BullRetrace,Life.Bull,Life.BullStart,Life.BullRetrace,Life.BullStart
2019-08-29,TOPVISN,0.4922,0.4922,0.4922,0.4922,0.4922,0,0.0,0,0.4922,0.49154,0.00066,0.00097,-0.00031,,,-0.00036,-0.00044,-0.00054,-0.00067,0.49165,0.48494,0.45988,0.40969,0.4922,,,,,,,,,,,,,,,,,,,,,,0.0,0.0,0.0,0.0,,,,,,,,,,,,,,0.7525,0.3177,0.8196,0.0671,-0.4348,0.5019,0.15,,,,,,,,0,0,0,0,0,0,,,,,,,5000,3000,5000,3000,5000,5000,5000,-11.7,-8.43,0.0,-15.79,-7.81,-38.98,-13.89,1,0,1,0,0,0.021,0.011,0.025,0.005,0.001,0.015,0.01746,0.01005,0.0228,0.00605,0.00134,0.01503,0,0,0,100,100,100,0,0,0,100,100,100,0,0,0,100,100,100,2019-06-14,2019-05-07,2019-01-08,2019-05-30,2019-04-18,2018-12-24,,,,,,,,,,,,,,,,,,,0.019,0.01767,0.014,0.007,33.33867,66.67167,0,0,0,0,0,0,0,0,0,0,0,0,0,0,0,0,0,0,0,1,1,0,0,0,0,0,0,0,0,0,0,0,0,0,0,0,0,0,0,0,0,0,0,0,0,0,0,0,0,0,0,0,0,0,0,0,0,1,1,1,1,1,1,0,0,0,0,0,0,1,1,1,1,1,1,0,0,0,0,0,0,0,0,0,1,1,1,1,1,1,0,0,0,0,0,0,1,1,1,1,1,1,0,1,1,0,0,1,0,1,1,1,1,1,0.005,,Life.BullRetrace,Life.Bull,Life.BullStart,Life.BullRetrace,Life.BullStart
2019-08-30,TOPVISN,0.4922,0.4922,0.4922,0.4922,0.4922,0,0.0,0,0.4922,0.49158,0.00061,0.0009,-0.00028,,,-0.00033,-0.00041,-0.0005,-0.00062,0.49169,0.48523,0.46052,0.41051,0.4922,,,,,,,,,,,,,,,,,,,,,,0.0,0.0,0.0,0.0,,,,,,,,,,,,,,0.7472,0.3117,0.8118,0.0646,-0.4355,0.5001,0.15,,,,,,,,0,0,0,0,0,0,,,,,,,5000,3000,5000,3000,5000,5000,5000,-11.7,-8.43,0.0,-15.79,-7.81,-38.98,-13.89,1,0,1,0,0,0.021,0.011,0.025,0.005,0.001,0.015,0.01746,0.01005,0.0228,0.00605,0.00134,0.01503,0,0,0,100,100,100,0,0,0,100,100,100,0,0,0,100,100,100,2019-06-14,2019-05-07,2019-01-08,2019-05-30,2019-04-18,2018-12-24,,,,,,,,,,,,,,,,,,,0.019,0.01767,0.014,0.007,33.33867,66.67167,0,0,0,0,0,0,0,0,0,0,0,0,0,0,0,0,0,0,0,1,1,0,0,0,0,0,0,0,0,0,0,0,0,0,0,0,0,0,0,0,0,0,0,0,0,0,0,0,0,0,0,0,0,0,0,0,0,1,1,1,1,1,1,0,0,0,0,0,0,1,1,1,1,1,1,0,0,0,0,0,0,0,0,0,1,1,1,1,1,1,0,0,0,0,0,0,1,1,1,1,1,1,0,1,1,0,0,1,0,1,1,1,1,1,0.005,,Life.BullRetrace,Life.Bull,Life.BullStart,Life.BullRetrace,Life.BullStart
2019-09-03,TOPVISN,0.4922,0.4922,0.4922,0.4922,0.4922,0,0.0,0,0.4922,0.49163,0.00057,0.00083,-0.00026,,,-0.00031,-0.00038,-0.00047,-0.00058,0.49173,0.4855,0.46115,0.41132,0.4922,,,,,,,,,,,,,,,,,,,,,,0.0,0.0,0.0,0.0,,,,,,,,,,,,,,0.7418,0.3058,0.8041,0.0623,-0.436,0.4983,0.15,,,,,,,,0,0,0,0,0,0,,,,,,,5000,3000,5000,3000,5000,5000,5000,-11.7,-8.43,0.0,-15.79,-7.81,-38.98,-13.89,1,0,1,0,0,0.021,0.011,0.025,0.005,0.001,0.015,0.01746,0.01005,0.0228,0.00605,0.00134,0.01503,0,0,0,100,100,100,0,0,0,100,100,100,0,0,0,100,100,100,2019-06-14,2019-05-07,2019-01-08,2019-05-30,2019-04-18,2018-12-24,,,,,,,,,,,,,,,,,,,0.019,0.01767,0.014,0.007,33.33867,66.67167,0,0,0,0,0,0,0,0,0,0,0,0,0,0,0,0,0,0,0,1,1,0,0,0,0,0,0,0,0,0,0,0,0,0,0,0,0,0,0,0,0,0,0,0,0,0,0,0,0,0,0,0,0,0,0,0,0,1,1,1,1,1,1,0,0,0,0,0,0,1,1,1,1,1,1,0,0,0,0,0,0,0,0,0,1,1,1,1,1,1,0,0,0,0,0,0,1,1,1,1,1,1,0,1,1,0,0,1,0,1,1,1,1,1,0.005,,Life.BullRetrace,Life.Bull,Life.BullStart,Life.BullRetrace,Life.BullStart
2019-09-04,TOPVISN,0.4922,0.4922,0.4922,0.4922,0.4922,0,0.0,0,0.4922,0.49167,0.00053,0.00077,-0.00024,,,-0.00029,-0.00035,-0.00043,-0.00054,0.49177,0.48576,0.46177,0.41213,0.4922,,,,,,,,,,,,,,,,,,,,,,0.0,0.0,0.0,0.0,,,,,,,,,,,,,,0.7363,0.3,0.7964,0.0601,-0.4363,0.4964,0.15,,,,,,,,0,0,0,0,0,0,,,,,,,5000,3000,5000,3000,5000,5000,5000,-11.7,-8.43,0.0,-15.79,-7.81,-38.98,-13.89,1,0,1,0,0,0.021,0.011,0.025,0.005,0.001,0.015,0.01746,0.01005,0.0228,0.00605,0.00134,0.01503,0,0,0,100,100,100,0,0,0,100,100,100,0,0,0,100,100,100,2019-06-14,2019-05-07,2019-01-08,2019-05-30,2019-04-18,2018-12-24,,,,,,,,,,,,,,,,,,,0.019,0.01767,0.014,0.007,33.33867,66.67167,0,0,0,0,0,0,0,0,0,0,0,0,0,0,0,0,0,0,0,1,1,0,0,0,0,0,0,0,0,0,0,0,0,0,0,0,0,0,0,0,0,0,0,0,0,0,0,0,0,0,0,0,0,0,0,0,0,1,1,1,1,1,1,0,0,0,0,0,0,1,1,1,1,1,1,0,0,0,0,0,0,0,0,0,1,1,1,1,1,1,0,0,0,0,0,0,1,1,1,1,1,1,0,1,1,0,0,1,0,1,1,1,1,1,0.005,,Life.BullRetrace,Life.Bull,Life.BullStart,Life.BullRetrace,Life.BullStart
2019-09-05,TOPVISN,0.4922,0.4922,0.4922,0.4922,0.4922,0,0.0,0,0.4922,0.49171,0.00049,0.00071,-0.00023,,,-0.00026,-0.00032,-0.0004,-0.0005,0.4918,0.48601,0.46237,0.41292,0.4922,,,,,,,,,,,,,,,,,,,,,,0.0,0.0,0.0,0.0,,,,,,,,,,,,,,0.7309,0.2943,0.7888,0.0579,-0.4366,0.4945,0.15,,,,,,,,0,0,0,0,0,0,,,,,,,5000,3000,5000,3000,5000,5000,5000,-11.7,-8.43,0.0,-15.79,-7.81,-38.98,-13.89,1,0,1,0,0,0.021,0.011,0.025,0.005,0.001,0.015,0.01746,0.01005,0.0228,0.00605,0.00134,0.01503,0,0,0,100,100,100,0,0,0,100,100,100,0,0,0,100,100,100,2019-06-14,2019-05-07,2019-01-08,2019-05-30,2019-04-18,2018-12-24,,,,,,,,,,,,,,,,,,,0.019,0.01767,0.014,0.007,33.33867,66.67167,0,0,0,0,0,0,0,0,0,0,0,0,0,0,0,0,0,0,0,1,1,0,0,0,0,0,0,0,0,0,0,0,0,0,0,0,0,0,0,0,0,0,0,0,0,0,0,0,0,0,0,0,0,0,0,0,0,1,1,1,1,1,1,0,0,0,0,0,0,1,1,1,1,1,1,0,0,0,0,0,0,0,0,0,1,1,1,1,1,1,0,0,0,0,0,0,1,1,1,1,1,1,0,1,1,0,0,1,0,1,1,1,1,1,0.005,,Life.BullRetrace,Life.Bull,Life.BullStart,Life.BullRetrace,Life.BullStart
2019-09-06,TOPVISN,0.4922,0.4922,0.4922,0.4922,0.4922,0,0.0,0,0.4922,0.49175,0.00045,0.00066,-0.00021,,,-0.00025,-0.0003,-0.00037,-0.00047,0.49183,0.48626,0.46296,0.41371,0.4922,,,,,,,,,,,,,,,,,,,,,,0.0,0.0,0.0,0.0,,,,,,,,,,,,,,0.7255,0.2887,0.7812,0.0557,-0.4368,0.4925,0.15,,,,,,,,0,0,0,0,0,0,,,,,,,5000,3000,5000,3000,5000,5000,5000,-11.7,-8.43,0.0,-15.79,-7.81,-38.98,-13.89,1,0,1,0,0,0.021,0.011,0.025,0.005,0.001,0.015,0.01746,0.01005,0.0228,0.00605,0.00134,0.01503,0,0,0,100,100,100,0,0,0,100,100,100,0,0,0,100,100,100,2019-06-14,2019-05-07,2019-01-08,2019-05-30,2019-04-18,2018-12-24,,,,,,,,,,,,,,,,,,,0.019,0.01767,0.014,0.007,33.33867,66.67167,0,0,0,0,0,0,0,0,0,0,0,0,0,0,0,0,0,0,0,1,1,0,0,0,0,0,0,0,0,0,0,0,0,0,0,0,0,0,0,0,0,0,0,0,0,0,0,0,0,0,0,0,0,0,0,0,0,1,1,1,1,1,1,0,0,0,0,0,0,1,1,1,1,1,1,0,0,0,0,0,0,0,0,0,1,1,1,1,1,1,0,0,0,0,0,0,1,1,1,1,1,1,0,1,1,0,0,1,0,1,1,1,1,1,0.005,,Life.BullRetrace,Life.Bull,Life.BullStart,Life.BullRetrace,Life.BullStart
2019-09-10,TOPVISN,0.4922,0.4922,0.4922,0.4922,0.4922,0,0.0,0,0.4922,0.49178,0.00042,0.00061,-0.00019,,,-0.00023,-0.00028,-0.00035,-0.00043,0.49186,0.48649,0.46354,0.41449,0.4922,,,,,,,,,,,,,,,,,,,,,,0.0,0.0,0.0,0.0,,,,,,,,,,,,,,0.72,0.2832,0.7737,0.0537,-0.4368,0.4905,0.15,,,,,,,,0,0,0,0,0,0,,,,,,,5000,3000,5000,3000,5000,5000,5000,-11.7,-8.43,0.0,-15.79,-7.81,-38.98,-13.89,1,0,1,0,0,0.021,0.011,0.025,0.005,0.001,0.015,0.01746,0.01005,0.0228,0.00605,0.00134,0.01503,0,0,0,100,100,100,0,0,0,100,100,100,0,0,0,100,100,100,2019-06-14,2019-05-07,2019-01-08,2019-05-30,2019-04-18,2018-12-24,,,,,,,,,,,,,,,,,,,0.019,0.01767,0.014,0.007,33.33867,66.67167,0,0,0,0,0,0,0,0,0,0,0,0,0,0,0,0,0,0,0,1,1,0,0,0,0,0,0,0,0,0,0,0,0,0,0,0,0,0,0,0,0,0,0,0,0,0,0,0,0,0,0,0,0,0,0,0,0,1,1,1,1,1,1,0,0,0,0,0,0,1,1,1,1,1,1,0,0,0,0,0,0,0,0,0,1,1,1,1,1,1,0,0,0,0,0,0,1,1,1,1,1,1,0,1,1,0,0,1,0,1,1,1,1,1,0.005,,Life.BullRetrace,Life.Bull,Life.BullStart,Life.BullRetrace,Life.BullStart
2019-09-11,TOPVISN,0.4922,0.4922,0.4922,0.4922,0.4922,0,0.0,0,0.4922,0.49181,0.00039,0.00057,-0.00018,,,-0.00021,-0.00026,-0.00032,-0.0004,0.49189,0.48671,0.46411,0.41527,0.4922,,,,,,,,,,,,,,,,,,,,,,0.0,0.0,0.0,0.0,,,,,,,,,,,,,,0.7144,0.2778,0.7662,0.0518,-0.4366,0.4884,0.15,,,,,,,,0,0,0,0,0,0,,,,,,,5000,3000,5000,3000,5000,5000,5000,-11.7,-8.43,0.0,-15.79,-7.81,-38.98,-13.89,1,0,1,0,0,0.021,0.011,0.025,0.005,0.001,0.015,0.01746,0.01005,0.0228,0.00605,0.00134,0.01503,0,0,0,100,100,100,0,0,0,100,100,100,0,0,0,100,100,100,2019-06-14,2019-05-07,2019-01-08,2019-05-30,2019-04-18,2018-12-24,,,,,,,,,,,,,,,,,,,0.019,0.01767,0.014,0.007,33.33867,66.67167,0,0,0,0,0,0,0,0,0,0,0,0,0,0,0,0,0,0,0,1,1,0,0,0,0,0,0,0,0,0,0,0,0,0,0,0,0,0,0,0,0,0,0,0,0,0,0,0,0,0,0,0,0,0,0,0,0,1,1,1,1,1,1,0,0,0,0,0,0,1,1,1,1,1,1,0,0,0,0,0,0,0,0,0,1,1,1,1,1,1,0,0,0,0,0,0,1,1,1,1,1,1,0,1,1,0,0,1,0,1,1,1,1,1,0.005,,Life.BullRetrace,Life.Bull,Life.BullStart,Life.BullRetrace,Life.BullStart
2019-09-12,TOPVISN,0.4922,0.4922,0.4922,0.4922,0.4922,0,0.0,0,0.4922,0.49184,0.00036,0.00053,-0.00017,,,-0.0002,-0.00024,-0.0003,-0.00037,0.49191,0.48693,0.46466,0.41603,0.49243,,,,,,,,,,,,,,,,,,,,,,0.0,0.0,0.0,0.0,,,,,,,,,,,,,,0.709,0.2725,0.7588,0.0498,-0.4365,0.4863,0.15,,,,,,,,0,0,0,0,0,0,,,,,,,5000,3000,5000,3000,5000,5000,5000,-11.7,-8.43,0.0,-15.79,-7.81,-38.98,-13.89,1,0,1,0,0,0.021,0.011,0.025,0.005,0.001,0.015,0.01746,0.01005,0.0228,0.00605,0.00134,0.01503,0,0,0,100,100,100,0,0,0,100,100,100,0,0,0,100,100,100,2019-06-14,2019-05-07,2019-01-08,2019-05-30,2019-04-18,2018-12-24,,,,,,,,,,,,,,,,,,,0.019,0.01767,0.014,0.007,33.33867,66.67167,0,0,0,0,0,0,0,0,0,0,0,0,0,0,0,0,0,0,0,1,1,0,0,0,0,0,0,0,0,0,0,0,0,0,0,0,0,0,0,0,0,0,0,0,0,0,0,0,0,0,0,0,0,0,0,0,0,1,1,1,1,1,1,0,0,0,0,0,0,1,1,1,1,1,1,0,0,0,0,0,0,0,0,0,1,1,1,1,1,1,0,0,0,0,0,0,1,1,1,1,1,1,0,1,1,0,0,1,0,1,1,1,1,1,0.005,,Life.BullRetrace,Life.Bull,Life.BullStart,Life.BullRetrace,Life.BullStart
2019-09-13,TOPVISN,0.4922,0.4922,0.4922,0.4922,0.4922,0,0.0,0,0.4922,0.49187,0.00033,0.00049,-0.00015,,,-0.00018,-0.00022,-0.00028,-0.00035,0.49193,0.48714,0.46521,0.41679,0.49333,,,,,,,,,,,,,,,,,,,,,,0.0,0.0,0.0,0.0,,,,,,,,,,,,,,0.7035,0.2672,0.7514,0.0479,-0.4363,0.4842,0.15,,,,,,,,0,0,0,0,0,0,,,,,,,5000,3000,5000,3000,5000,5000,5000,-11.7,-8.43,0.0,-15.79,-7.81,-38.98,-13.89,1,0,1,0,0,0.021,0.011,0.025,0.005,0.001,0.015,0.01746,0.01005,0.0228,0.00605,0.00134,0.01503,0,0,0,100,100,100,0,0,0,100,100,100,0,0,0,100,100,100,2019-06-14,2019-05-07,2019-01-08,2019-05-30,2019-04-18,2018-12-24,,,,,,,,,,,,,,,,,,,0.019,0.01767,0.014,0.007,33.33867,66.67167,0,0,0,0,0,0,0,0,0,0,0,0,0,0,0,0,0,0,0,1,1,0,0,0,0,0,0,0,0,0,0,0,0,0,0,0,0,0,0,0,0,0,0,0,0,0,0,0,0,0,0,0,0,0,0,0,0,1,1,1,1,1,1,0,0,0,0,0,0,1,1,1,1,1,1,0,0,0,0,0,0,0,0,0,1,1,1,1,1,1,0,0,0,0,0,0,1,1,1,1,1,1,0,1,1,0,0,1,0,1,1,1,1,1,0.005,,Life.BullRetrace,Life.Bull,Life.BullStart,Life.BullRetrace,Life.BullStart
2019-09-17,TOPVISN,0.4922,0.4922,0.4922,0.4922,0.4922,0,0.0,0,0.4922,0.49189,0.00031,0.00045,-0.00014,,,-0.00017,-0.00021,-0.00026,-0.00032,0.49195,0.48733,0.46574,0.41754,0.49523,,,,,,,,,,,,,,,,,,,,,,0.0,0.0,0.0,0.0,,,,,,,,,,,,,,0.6979,0.2621,0.7441,0.0462,-0.4358,0.482,0.15,,,,,,,,0,0,0,0,0,0,,,,,,,5000,3000,5000,3000,5000,5000,5000,-11.7,-8.43,0.0,-15.79,-7.81,-38.98,-13.89,1,0,1,0,0,0.021,0.011,0.025,0.005,0.001,0.015,0.01746,0.01005,0.0228,0.00605,0.00134,0.01503,0,0,0,100,100,100,0,0,0,100,100,100,0,0,0,100,100,100,2019-06-14,2019-05-07,2019-01-08,2019-05-30,2019-04-18,2018-12-24,,,,,,,,,,,,,,,,,,,0.019,0.01767,0.014,0.007,33.33867,66.67167,0,0,0,0,0,0,0,0,0,0,0,0,0,0,0,0,0,0,0,1,1,0,0,0,0,0,0,0,0,0,0,0,0,0,0,0,0,0,0,0,0,0,0,0,0,0,0,0,0,0,0,0,0,0,0,0,0,1,1,1,1,1,1,0,0,0,0,0,0,1,1,1,1,1,1,0,0,0,0,0,0,0,0,0,1,1,1,1,1,1,0,0,0,0,0,0,1,1,1,1,1,1,0,1,1,0,0,1,0,1,1,1,1,1,0.005,,Life.BullRetrace,Life.Bull,Life.BullStart,Life.BullRetrace,Life.BullStart
2019-09-18,TOPVISN,0.4922,0.4922,0.4922,0.4922,0.4922,0,0.0,0,0.4922,0.49191,0.00028,0.00042,-0.00013,,,-0.00016,-0.00019,-0.00024,-0.0003,0.49197,0.48753,0.46627,0.41828,0.49831,,,,,,,,,,,,,,,,,,,,,,0.0,0.0,0.0,0.0,,,,,,,,,,,,,,0.6925,0.257,0.7369,0.0444,-0.4355,0.4799,0.15,,,,,,,,0,0,0,0,0,0,,,,,,,5000,3000,5000,3000,5000,5000,5000,-11.7,-8.43,0.0,-15.79,-7.81,-38.98,-13.89,1,0,1,0,0,0.021,0.011,0.025,0.005,0.001,0.015,0.01746,0.01005,0.0228,0.00605,0.00134,0.01503,0,0,0,100,100,100,0,0,0,100,100,100,0,0,0,100,100,100,2019-06-14,2019-05-07,2019-01-08,2019-05-30,2019-04-18,2018-12-24,,,,,,,,,,,,,,,,,,,0.019,0.01767,0.014,0.007,33.33867,66.67167,0,0,0,0,0,0,0,0,0,0,0,0,0,0,0,0,0,0,0,1,1,0,0,0,0,0,0,0,0,0,0,0,0,0,0,0,0,0,0,0,0,0,0,0,0,0,0,0,0,0,0,0,0,0,0,0,0,1,1,1,1,1,1,0,0,0,0,0,0,1,1,1,1,1,1,0,0,0,0,0,0,0,0,0,1,1,1,1,1,1,0,0,0,0,0,0,1,1,1,1,1,1,0,1,1,0,0,1,0,1,1,1,1,1,0.005,,Life.BullRetrace,Life.Bull,Life.BullStart,Life.BullRetrace,Life.BullStart
2019-09-19,TOPVISN,0.4922,0.4922,0.4922,0.4922,0.4922,0,0.0,0,0.4922,0.49194,0.00026,0.00039,-0.00012,,,-0.00014,-0.00018,-0.00022,-0.00028,0.49199,0.48771,0.46678,0.41902,0.50256,,,,,,,,,,,,,,,,,,,,,,0.0,0.0,0.0,0.0,,,,,,,,,,,,,,0.6869,0.2521,0.7297,0.0428,-0.4348,0.4776,0.15,,,,,,,,0,0,0,0,0,0,,,,,,,5000,3000,5000,3000,5000,5000,5000,-11.7,-8.43,0.0,-15.79,-7.81,-38.98,-13.89,1,0,1,0,0,0.021,0.011,0.025,0.005,0.001,0.015,0.01746,0.01005,0.0228,0.00605,0.00134,0.01503,0,0,0,100,100,100,0,0,0,100,100,100,0,0,0,100,100,100,2019-06-14,2019-05-07,2019-01-08,2019-05-30,2019-04-18,2018-12-24,,,,,,,,,,,,,,,,,,,0.019,0.01767,0.014,0.007,33.33867,66.67167,0,0,0,0,0,0,0,0,0,0,0,0,0,0,0,0,0,0,0,1,1,0,0,0,0,0,0,0,0,0,0,0,0,0,0,0,0,0,0,0,0,0,0,0,0,0,0,0,0,0,0,0,0,0,0,0,0,1,1,1,1,1,1,0,0,0,0,0,0,1,1,1,1,1,1,0,0,0,0,0,0,0,0,0,1,1,1,1,1,1,0,0,0,0,0,0,1,1,1,1,1,1,0,1,1,0,0,1,0,1,1,1,1,1,0.005,,Life.BullRetrace,Life.Bull,Life.BullStart,Life.BullRetrace,Life.BullStart
2019-09-20,TOPVISN,0.4922,0.4922,0.4922,0.4922,0.4922,0,0.0,0,0.4922,0.49196,0.00024,0.00036,-0.00011,,,-0.00013,-0.00016,-0.0002,-0.00026,0.49201,0.48788,0.46728,0.41975,0.50781,,,,,,,,,,,,,,,,,,,,,,0.0,0.0,0.0,0.0,,,,,,,,,,,,,,0.6813,0.2473,0.7226,0.0413,-0.434,0.4753,0.15,,,,,,,,0,0,0,0,0,0,,,,,,,5000,3000,5000,3000,5000,5000,5000,-11.7,-8.43,0.0,-15.79,-7.81,-38.98,-13.89,1,0,1,0,0,0.021,0.011,0.025,0.005,0.001,0.015,0.01746,0.01005,0.0228,0.00605,0.00134,0.01503,0,0,0,100,100,100,0,0,0,100,100,100,0,0,0,100,100,100,2019-06-14,2019-05-07,2019-01-08,2019-05-30,2019-04-18,2018-12-24,,,,,,,,,,,,,,,,,,,0.019,0.01767,0.014,0.007,33.33867,66.67167,0,0,0,0,0,0,0,0,0,0,0,0,0,0,0,0,0,0,0,1,1,0,0,0,0,0,0,0,0,0,0,0,0,0,0,0,0,0,0,0,0,0,0,0,0,0,0,0,0,0,0,0,0,0,0,0,0,1,1,1,1,1,1,0,0,0,0,0,0,1,1,1,1,1,1,0,0,0,0,0,0,0,0,0,1,1,1,1,1,1,0,0,0,0,0,0,1,1,1,1,1,1,0,1,1,0,0,1,0,1,1,1,1,1,0.005,,Life.BullRetrace,Life.Bull,Life.BullStart,Life.BullRetrace,Life.BullStart
2019-09-23,TOPVISN,0.4922,0.4922,0.4922,0.4922,0.4922,0,0.0,0,0.4922,0.49197,0.00023,0.00033,-0.00011,0.0,,-0.00012,-0.00015,-0.00019,-0.00024,0.49202,0.48805,0.46778,0.42047,0.51375,,,,,,,,,,,,,,,,,,,,,,0.0,0.0,0.0,0.0,,,,,,,,,,,,,,0.6758,0.2424,0.7155,0.0397,-0.4334,0.4731,0.15,,,,,,,,0,0,0,0,0,0,,,,,,,5000,3000,5000,3000,5000,5000,5000,-11.7,-8.43,0.0,-15.79,-7.81,-38.98,-13.89,1,0,1,0,0,0.021,0.011,0.025,0.0,0.005,0.001,0.01746,0.01005,0.0228,0.00033,0.00605,0.00134,0,0,0,100,100,100,0,0,0,100,100,100,0,0,0,100,100,100,2019-06-14,2019-05-07,2019-01-08,2019-09-23,2019-05-30,2019-04-18,,,,,,,,,,,,,,,,,,,0.019,0.01767,0.014,0.002,0.007,33.33867,0,0,0,0,0,0,0,0,0,0,0,0,0,0,0,0,0,0,0,1,1,0,0,0,0,0,0,0,0,0,0,0,0,0,0,0,0,0,0,0,1,0,0,0,0,0,0,0,0,0,0,0,0,0,0,0,0,1,1,1,1,1,1,0,0,0,0,0,0,1,1,1,1,1,1,0,0,0,0,0,0,0,0,0,1,1,1,1,1,1,0,0,0,0,0,0,1,1,1,1,1,1,0,1,1,0,0,1,0,1,1,1,1,1,0.005,,Life.BullRetrace,Life.Bull,Life.BullStart,Life.BullRetrace,Life.BullStart
2019-09-24,TOPVISN,0.5414,0.5414,0.5414,0.5414,0.5414,5000,0.0,0,0.49977,0.49563,0.00413,0.00109,0.00304,,,0.00051,0.00017,3e-05,-6e-05,0.49582,0.49015,0.46923,0.42167,0.51999,,,,,,,,,,,,,,,,,,,,,,0.0492,0.0,0.00351,0.0,,,,,,100.0,,,,,,,,0.6848,0.2659,0.7415,0.0567,-0.4189,0.4756,,0.15,,,,,,,0,0,0,0,0,0,,,,,,,3000,5000,3000,5000,5000,5000,5000,-8.43,0.0,-15.79,-7.81,-38.98,-13.89,0.0,1,2,0,0,0,0.021,0.011,0.025,0.0,0.005,0.001,0.01746,0.01005,0.0228,0.00033,0.00605,0.00134,0,0,0,100,100,100,0,0,0,100,100,100,0,0,0,100,100,100,2019-06-14,2019-05-07,2019-01-08,2019-09-23,2019-05-30,2019-04-18,,,,,,,,,,,,,,,,,,,0.019,0.01767,0.014,0.002,0.007,33.33867,0,0,0,0,0,0,0,0,0,0,0,0,0,0,0,0,0,0,0,1,1,0,0,0,0,0,0,0,0,0,0,0,0,0,0,0,0,0,0,0,1,0,0,0,0,0,0,0,0,0,0,0,0,0,0,0,0,1,1,1,1,1,1,0,0,0,0,0,0,1,1,1,1,1,1,0,0,0,0,0,0,0,0,0,1,1,1,1,1,1,0,0,0,0,0,0,1,1,1,1,1,1,0,1,1,0,0,1,0,1,1,1,1,1,,,Life.Bull,Life.BullStart,Life.BullRetrace,Life.BullStart,Life.Bull
2019-09-25,TOPVISN,0.5414,0.5414,0.5414,0.5414,0.5414,0,0.0,0,0.50617,0.49902,0.00715,0.0023,0.00485,,,0.00151,0.00068,0.00038,0.0002,0.49933,0.49216,0.47066,0.42286,0.52609,,,,,,,,,,,,,,,,,,,,,,0.0,0.0,0.00351,0.0,,,,,,100.0,,,,,,,,0.693,0.2867,0.7647,0.0717,-0.4063,0.478,,0.15,,,,,,,0,0,0,0,0,0,,,,,,,3000,5000,3000,5000,5000,5000,5000,-8.43,0.0,-15.79,-7.81,-38.98,-13.89,0.0,1,1,0,0,0,0.021,0.011,0.025,0.0,0.005,0.001,0.01746,0.01005,0.0228,0.00033,0.00605,0.00134,0,0,0,100,100,100,0,0,0,100,100,100,0,0,0,100,100,100,2019-06-14,2019-05-07,2019-01-08,2019-09-23,2019-05-30,2019-04-18,,,,,,,,,,,,,,,,,,,0.019,0.01767,0.014,0.002,0.007,33.33867,0,0,0,0,0,0,0,0,0,0,0,0,0,0,0,0,0,0,0,1,1,0,0,0,0,0,0,0,0,0,0,0,0,0,0,0,0,0,0,0,1,0,0,0,0,0,0,0,0,0,0,0,0,0,0,0,0,1,1,1,1,1,1,0,0,0,0,0,0,1,1,1,1,1,1,0,0,0,0,0,0,0,0,0,1,1,1,1,1,1,0,0,0,0,0,0,1,1,1,1,1,1,0,1,1,0,0,1,0,1,1,1,1,1,,,Life.Bull,Life.BullStart,Life.BullRetrace,Life.BullStart,Life.Bull
2019-09-26,TOPVISN,0.5414,0.5414,0.5414,0.5414,0.5414,0,0.0,0,0.51159,0.50216,0.00943,0.00373,0.0057,,,0.00267,0.00126,0.00077,0.0005,0.50256,0.49409,0.47206,0.42404,0.53165,,,,,,,,,,,,,,,,,,,,,,0.0,0.0,0.00351,0.0,,,,,,100.0,100.0,,,100.0,,,,0.7005,0.305,0.7852,0.0847,-0.3955,0.4802,,0.15,,,,,,,0,0,0,0,0,0,,,,,,,3000,5000,3000,5000,5000,5000,5000,-8.43,0.0,-15.79,-7.81,-38.98,-13.89,0.0,1,1,0,0,0,0.021,0.011,0.025,0.0,0.005,0.001,0.01746,0.01005,0.0228,0.00033,0.00605,0.00134,0,0,0,100,100,100,0,0,0,100,100,100,0,0,0,100,100,100,2019-06-14,2019-05-07,2019-01-08,2019-09-23,2019-05-30,2019-04-18,,,,,,,,,,,,,,,,,,,0.019,0.01767,0.014,0.002,0.007,33.33867,0,0,0,0,0,0,0,0,0,0,0,0,0,0,0,0,0,0,0,1,1,0,0,0,0,0,0,0,0,0,0,0,0,0,0,0,0,0,0,0,1,0,0,0,0,0,0,0,0,0,0,0,0,0,0,0,0,1,1,1,1,1,1,0,0,0,0,0,0,1,1,1,1,1,1,0,0,0,0,0,0,0,0,0,1,1,1,1,1,1,0,0,0,0,0,0,1,1,1,1,1,1,0,1,1,0,0,1,0,1,1,1,1,1,,,Life.Bull,Life.BullStart,Life.BullRetrace,Life.BullStart,Life.Bull
2019-09-27,TOPVISN,0.5414,0.5414,0.5414,0.5414,0.5414,0,0.0,0,0.51618,0.50507,0.01111,0.0052,0.0059,,,0.00388,0.00187,0.00118,0.00082,0.50555,0.49594,0.47344,0.42521,0.53632,,,,,,,,,,,,,,,,,,,,,,0.0,0.0,0.00351,0.0,,,,,,100.0,100.0,,,100.0,,,,0.7073,0.3211,0.8034,0.0961,-0.3862,0.4823,,0.15,,,,,,,0,0,0,0,0,0,,,,,,,3000,5000,3000,5000,5000,5000,5000,-8.43,0.0,-15.79,-7.81,-38.98,-13.89,0.0,1,1,0,0,0,0.021,0.011,0.025,0.0,0.005,0.001,0.01746,0.01005,0.0228,0.00033,0.00605,0.00134,0,0,0,100,100,100,0,0,0,100,100,100,0,0,0,100,100,100,2019-06-14,2019-05-07,2019-01-08,2019-09-23,2019-05-30,2019-04-18,,,,,,,,,,,,,,,,,,,0.019,0.01767,0.014,0.002,0.007,33.33867,0,0,0,0,0,0,0,0,0,0,0,0,0,0,0,0,0,0,0,1,1,0,0,0,0,0,0,0,0,0,0,0,0,0,0,0,0,0,0,0,1,0,0,0,0,0,0,0,0,0,0,0,0,0,0,0,0,1,1,1,1,1,1,0,0,0,0,0,0,1,1,1,1,1,1,0,0,0,0,0,0,0,0,0,1,1,1,1,1,1,0,0,0,0,0,0,1,1,1,1,1,1,0,1,1,0,0,1,0,1,1,1,1,1,,,Life.Bull,Life.BullStart,Life.BullRetrace,Life.BullStart,Life.Bull
2019-09-30,TOPVISN,0.5414,0.5414,0.5414,0.5414,0.5414,0,0.0,0,0.52006,0.50776,0.0123,0.00662,0.00567,,,0.00503,0.00245,0.00158,0.00112,0.50831,0.49773,0.47478,0.42637,0.53992,,,,,,,,,,,,,,,,,,,,,,0.0,0.0,0.00351,0.0,,,,,,100.0,100.0,,,,,,,0.7136,0.3353,0.8194,0.1058,-0.3783,0.4841,,0.15,,,,,,,0,0,0,0,0,0,,,,,,,3000,5000,3000,5000,5000,5000,5000,-8.43,0.0,-15.79,-7.81,-38.98,-13.89,0.0,1,1,0,0,0,0.021,0.011,0.025,0.0,0.005,0.001,0.01746,0.01005,0.0228,0.00033,0.00605,0.00134,0,0,0,100,100,100,0,0,0,100,100,100,0,0,0,100,100,100,2019-06-14,2019-05-07,2019-01-08,2019-09-23,2019-05-30,2019-04-18,,,,,,,,,,,,,,,,,,,0.019,0.01767,0.014,0.002,0.007,33.33867,0,0,0,0,0,0,0,0,0,0,0,0,0,0,0,0,0,0,0,1,1,0,0,0,0,0,0,0,0,0,0,0,0,0,0,0,0,0,0,0,1,0,0,0,0,0,0,0,0,0,0,0,0,0,0,0,0,1,1,1,1,1,1,0,0,0,0,0,0,1,1,1,1,1,1,0,0,0,0,0,0,0,0,0,1,1,1,1,1,1,0,0,0,0,0,0,1,1,1,1,1,1,0,1,1,0,0,1,0,1,1,1,1,1,,,Life.Bull,Life.BullStart,Life.BullRetrace,Life.BullStart,Life.Bull
2019-10-01,TOPVISN,0.5414,0.5414,0.5414,0.5414,0.5414,0,0.0,0,0.52334,0.51025,0.01309,0.00792,0.00517,,,0.00546,0.00299,0.00193,0.00139,0.51085,0.49944,0.4761,0.42751,0.54241,,,,,,,,,,,,,,,,,,,,,,0.0,0.0,0.00351,0.0,,,,,,100.0,100.0,,,,,,,0.7193,0.3475,0.8334,0.1141,-0.3718,0.4859,,0.15,,,,,,,0,0,0,0,0,0,,,,,,,3000,5000,3000,5000,5000,5000,5000,-8.43,0.0,-15.79,-7.81,-38.98,-13.89,0.0,0,1,0,0,0,0.021,0.011,0.025,0.0,0.005,0.001,0.01746,0.01005,0.0228,0.00033,0.00605,0.00134,0,0,0,100,100,100,0,0,0,100,100,100,0,0,0,100,100,100,2019-06-14,2019-05-07,2019-01-08,2019-09-23,2019-05-30,2019-04-18,,,,,,,,,,,,,,,,,,,0.019,0.01767,0.014,0.002,0.007,33.33867,0,0,0,0,0,0,0,0,0,0,0,0,0,0,0,0,0,0,0,1,1,0,0,0,0,0,0,0,0,0,0,0,0,0,0,0,0,0,0,0,1,0,0,0,0,0,0,0,0,0,0,0,0,0,0,0,0,1,1,1,1,1,1,0,0,0,0,0,0,1,1,1,1,1,1,0,0,0,0,0,0,0,0,0,1,1,1,1,1,1,0,0,0,0,0,0,1,1,1,1,1,1,0,1,1,0,0,1,0,1,1,1,1,1,,,Life.Bull,Life.BullStart,Life.BullRetrace,Life.BullStart,Life.Bull
2019-10-02,TOPVISN,0.5463,0.5463,0.5463,0.5463,0.5463,0,0.005,0,0.52687,0.51292,0.01395,0.00912,0.00483,,,0.00546,0.00348,0.00227,0.00165,0.51358,0.50128,0.47749,0.42869,0.54392,,,,,,,,,,,,,,,,,,,,,,0.0049,0.0,0.00386,0.0,,,,,,100.0,100.0,,,,,,,0.7259,0.3609,0.8489,0.123,-0.365,0.488,0.15,,,,,,,,0,0,0,0,0,0,,,,,,,3000,5000,3000,5000,5000,5000,5000,-8.43,0.0,-15.79,-7.81,-38.98,-13.89,0.0,0,1,0,0,0,0.021,0.011,0.025,0.0,0.005,0.001,0.01746,0.01005,0.0228,0.00033,0.00605,0.00134,0,0,0,100,100,100,0,0,0,100,100,100,0,0,0,100,100,100,2019-06-14,2019-05-07,2019-01-08,2019-09-23,2019-05-30,2019-04-18,,,,,,,,,,,,,,,,,,,0.019,0.01767,0.014,0.002,0.007,33.33867,0,0,0,0,0,0,0,0,0,0,0,0,0,0,0,0,0,0,0,1,1,0,0,0,0,0,0,0,0,0,0,0,0,0,0,0,0,0,0,0,1,0,0,0,0,0,0,0,0,0,0,0,0,0,0,0,0,1,1,1,1,1,1,0,0,0,0,0,0,1,1,1,1,1,1,0,0,0,0,0,0,0,0,0,1,1,1,1,1,1,0,0,0,0,0,0,1,1,1,1,1,1,0,1,1,0,0,1,0,1,1,1,1,1,,,Life.BullStart,Life.BullRetrace,Life.BullStart,Life.Bull,Life.BullStart
2019-10-03,TOPVISN,0.5463,0.5463,0.5463,0.5463,0.5463,0,0.0,0,0.52986,0.5154,0.01447,0.01019,0.00428,,,0.00517,0.00392,0.00257,0.00187,0.5161,0.50304,0.47885,0.42986,0.54475,,,,,,,,,,,,,,,,,,,,,,0.0,0.0,0.00386,0.0,,,,,,100.0,100.0,,,,,,,0.7318,0.3725,0.8624,0.1306,-0.3593,0.4899,0.15,,,,,,,,0,0,0,0,0,0,,,,,,,3000,5000,3000,5000,5000,5000,5000,-8.43,0.0,-15.79,-7.81,-38.98,-13.89,0.0,0,1,0,0,0,0.021,0.011,0.025,0.0,0.005,0.001,0.01746,0.01005,0.0228,0.00033,0.00605,0.00134,0,0,0,100,100,100,0,0,0,100,100,100,0,0,0,100,100,100,2019-06-14,2019-05-07,2019-01-08,2019-09-23,2019-05-30,2019-04-18,,,,,,,,,,,,,,,,,,,0.019,0.01767,0.014,0.002,0.007,33.33867,0,0,0,0,0,0,0,0,0,0,0,0,0,0,0,0,0,0,0,1,1,0,0,0,0,0,0,0,0,0,0,0,0,0,0,0,0,0,0,0,1,0,0,0,0,0,0,0,0,0,0,0,0,0,0,0,0,1,1,1,1,1,1,0,0,0,0,0,0,1,1,1,1,1,1,0,0,0,0,0,0,0,0,0,1,1,1,1,1,1,0,0,0,0,0,0,1,1,1,1,1,1,0,1,1,0,0,1,0,1,1,1,1,1,,,Life.BullStart,Life.BullRetrace,Life.BullStart,Life.Bull,Life.BullStart
2019-10-04,TOPVISN,0.5463,0.5463,0.5463,0.5463,0.5463,0,0.0,0,0.53239,0.51768,0.01471,0.0111,0.00361,,,0.00471,0.00429,0.00282,0.00206,0.51842,0.50474,0.48019,0.43102,0.54527,,,,,,,,,,,,,,,,,,,,,,0.0,0.0,0.00386,0.0,,,,,,100.0,100.0,,,100.0,,,,0.7372,0.3823,0.874,0.1368,-0.3549,0.4917,0.15,,,,,,,,0,0,0,0,0,0,,,,,,,3000,5000,3000,5000,5000,5000,5000,-8.43,0.0,-15.79,-7.81,-38.98,-13.89,0.0,0,1,0,0,0,0.021,0.011,0.025,0.0,0.005,0.001,0.01746,0.01005,0.0228,0.00033,0.00605,0.00134,0,0,0,100,100,100,0,0,0,100,100,100,0,0,0,100,100,100,2019-06-14,2019-05-07,2019-01-08,2019-09-23,2019-05-30,2019-04-18,,,,,,,,,,,,,,,,,,,0.019,0.01767,0.014,0.002,0.007,33.33867,0,0,0,0,0,0,0,0,0,0,0,0,0,0,0,0,0,0,0,1,1,0,0,0,0,0,0,0,0,0,0,0,0,0,0,0,0,0,0,0,1,0,0,0,0,0,0,0,0,0,0,0,0,0,0,0,0,1,1,1,1,1,1,0,0,0,0,0,0,1,1,1,1,1,1,0,0,0,0,0,0,0,0,0,1,1,1,1,1,1,0,0,0,0,0,0,1,1,1,1,1,1,0,1,1,0,0,1,0,1,1,1,1,1,,-0.005,Life.BullStart,Life.BullRetrace,Life.BullStart,Life.Bull,Life.BullStart
2019-10-07,TOPVISN,0.5463,0.5463,0.5463,0.5463,0.5463,0,0.0,0,0.53453,0.5198,0.01473,0.01182,0.00291,,,0.00416,0.0046,0.00302,0.00222,0.52056,0.50637,0.4815,0.43217,0.54569,,,,,,,,,,,,,,,,,,,,,,0.0,0.0,0.00386,0.0,,,,,,100.0,100.0,,,100.0,,,,0.742,0.3906,0.8839,0.1419,-0.3514,0.4933,0.15,,,,,,,,0,0,0,0,0,0,,,,,,,3000,5000,3000,5000,5000,5000,5000,-8.43,0.0,-15.79,-7.81,-38.98,-13.89,0.0,0,1,0,0,0,0.021,0.011,0.025,0.0,0.005,0.001,0.01746,0.01005,0.0228,0.00033,0.00605,0.00134,0,0,0,100,100,100,0,0,0,100,100,100,0,0,0,100,100,100,2019-06-14,2019-05-07,2019-01-08,2019-09-23,2019-05-30,2019-04-18,,,,,,,,,,,,,,,,,,,0.019,0.01767,0.014,0.002,0.007,33.33867,0,0,0,0,0,0,0,0,0,0,0,0,0,0,0,0,0,0,0,1,1,0,0,0,0,0,0,0,0,0,0,0,0,0,0,0,0,0,0,0,1,0,0,0,0,0,0,0,0,0,0,0,0,0,0,0,0,1,1,1,1,1,1,0,0,0,0,0,0,1,1,1,1,1,1,0,0,0,0,0,0,0,0,0,1,1,1,1,1,1,0,0,0,0,0,0,1,1,1,1,1,1,0,1,1,0,0,1,0,1,1,1,1,1,,-0.005,Life.BullStart,Life.BullRetrace,Life.BullStart,Life.Bull,Life.BullStart
2019-10-08,TOPVISN,0.5463,0.5463,0.5463,0.5463,0.5463,0,0.0,0,0.53634,0.52177,0.01457,0.01237,0.0022,,0.015,0.00356,0.00451,0.00318,0.00234,0.52254,0.50793,0.48278,0.4333,0.546,,,,,,,,,,,,,,,,,,,,,,0.0,0.0,0.00386,0.0,,,,,,100.0,100.0,,,,,,,0.7463,0.3976,0.8924,0.1461,-0.3487,0.4948,0.15,,,,,,,,0,0,0,0,0,0,,,,,,,3000,5000,3000,5000,5000,5000,5000,-8.43,0.0,-15.79,-7.81,-38.98,-13.89,0.0,0,2,0,0,0,0.015,0.021,0.011,0.0,0.005,0.001,0.01237,0.01746,0.01005,0.00033,0.00605,0.00134,0,0,0,100,100,100,0,0,0,100,100,100,0,0,0,100,100,100,2019-10-08,2019-06-14,2019-05-07,2019-09-23,2019-05-30,2019-04-18,,,,,,,,,,,,,,,,,,,0.01567,0.019,0.01767,0.002,0.007,33.33867,0,0,0,0,0,0,0,0,0,0,0,0,0,0,0,0,0,0,1,0,1,0,0,0,0,0,0,0,0,0,0,0,0,0,0,0,0,0,0,0,1,0,0,0,0,0,0,0,0,0,0,0,0,0,0,0,0,1,1,1,1,1,1,0,0,0,0,0,0,1,1,1,1,1,1,0,0,0,0,0,0,0,0,0,1,1,1,1,1,1,0,0,0,0,0,0,1,1,1,1,1,1,0,1,1,0,0,1,0,1,1,1,1,1,,-0.005,Life.BullStart,Life.BullRetrace,Life.BullStart,Life.Bull,Life.BullStart
2019-10-09,TOPVISN,0.5463,0.5463,0.5463,0.5463,0.5463,0,0.0,0,0.53787,0.52358,0.01429,0.01276,0.00153,,,0.00291,0.00418,0.00329,0.00243,0.52437,0.50944,0.48404,0.43443,0.54619,,,,,,,,,,,,,,,,,,,,,,0.0,0.0,0.00386,0.0,,,,,,100.0,100.0,,,,,,,0.7501,0.4033,0.8994,0.1493,-0.3468,0.4961,0.15,,,,,,,,0,0,0,0,0,0,,,,,,,3000,5000,3000,5000,5000,5000,5000,-8.43,0.0,-15.79,-7.81,-38.98,-13.89,0.0,0,2,0,0,0,0.015,0.021,0.011,0.0,0.005,0.001,0.01237,0.01746,0.01005,0.00033,0.00605,0.00134,0,0,0,100,100,100,0,0,0,100,100,100,0,0,0,100,100,100,2019-10-08,2019-06-14,2019-05-07,2019-09-23,2019-05-30,2019-04-18,,,,,,,,,,,,,,,,,,,0.01567,0.019,0.01767,0.002,0.007,33.33867,0,0,0,0,0,0,0,0,0,0,0,0,0,0,0,0,0,0,1,0,1,0,0,0,0,0,0,0,0,0,0,0,0,0,0,0,0,0,0,0,1,0,0,0,0,0,0,0,0,0,0,0,0,0,0,0,0,1,1,1,1,1,1,0,0,0,0,0,0,1,1,1,1,1,1,0,0,0,0,0,0,0,0,0,1,1,1,1,1,1,0,0,0,0,0,0,1,1,1,1,1,1,0,1,1,0,0,1,0,1,1,1,1,1,,-0.005,Life.BullStart,Life.BullRetrace,Life.BullStart,Life.Bull,Life.BullStart
2019-10-10,TOPVISN,0.5463,0.5463,0.5463,0.5463,0.5463,0,0.0,0,0.53917,0.52527,0.0139,0.01299,0.00092,,,0.00223,0.0037,0.00336,0.00248,0.52606,0.51088,0.48527,0.43554,0.54628,,,,,,,,,,,,,,,,,,,,,,0.0,0.0,0.00386,0.0,,,,,,100.0,100.0,,,,,,,0.7534,0.4079,0.9052,0.1518,-0.3455,0.4973,0.15,,,,,,,,0,0,0,0,0,0,,,,,,,3000,5000,3000,5000,5000,5000,5000,-8.43,0.0,-15.79,-7.81,-38.98,-13.89,0.0,0,2,0,0,0,0.015,0.021,0.011,0.0,0.005,0.001,0.01237,0.01746,0.01005,0.00033,0.00605,0.00134,0,0,0,100,100,100,0,0,0,100,100,100,0,0,0,100,100,100,2019-10-08,2019-06-14,2019-05-07,2019-09-23,2019-05-30,2019-04-18,,,,,,,,,,,,,,,,,,,0.01567,0.019,0.01767,0.002,0.007,33.33867,0,0,0,0,0,0,0,0,0,0,0,0,0,0,0,0,0,0,1,0,1,0,0,0,0,0,0,0,0,0,0,0,0,0,0,0,0,0,0,0,1,0,0,0,0,0,0,0,0,0,0,0,0,0,0,0,0,1,1,1,1,1,1,0,0,0,0,0,0,1,1,1,1,1,1,0,0,0,0,0,0,0,0,0,1,1,1,1,1,1,0,0,0,0,0,0,1,1,1,1,1,1,0,1,1,0,0,1,0,1,1,1,1,1,,-0.005,Life.BullStart,Life.BullRetrace,Life.BullStart,Life.Bull,Life.BullStart
2019-10-11,TOPVISN,0.5463,0.5463,0.5463,0.5463,0.5463,0,0.0,0,0.54027,0.52682,0.01344,0.01308,0.00037,,,0.00159,0.00315,0.00339,0.00251,0.52762,0.51227,0.48648,0.43664,0.5463,,,,,,,,,,,,,,,,,,,,,,0.0,0.0,0.00386,0.0,,,,,,100.0,100.0,,,,,,,0.7563,0.4114,0.9098,0.1535,-0.3449,0.4984,0.15,,,,,,,,0,0,0,0,0,0,,,,,,,3000,5000,3000,5000,5000,5000,5000,-8.43,0.0,-15.79,-7.81,-38.98,-13.89,0.0,0,2,0,0,0,0.015,0.021,0.011,0.0,0.005,0.001,0.01237,0.01746,0.01005,0.00033,0.00605,0.00134,0,0,0,100,100,100,0,0,0,100,100,100,0,0,0,100,100,100,2019-10-08,2019-06-14,2019-05-07,2019-09-23,2019-05-30,2019-04-18,,,,,,,,,,,,,,,,,,,0.01567,0.019,0.01767,0.002,0.007,33.33867,0,0,0,0,0,0,0,0,0,0,0,0,0,0,0,0,0,0,1,0,1,0,0,0,0,0,0,0,0,0,0,0,0,0,0,0,0,0,0,0,1,0,0,0,0,0,0,0,0,0,0,0,0,0,0,0,0,1,1,1,1,1,1,0,0,0,0,0,0,1,1,1,1,1,1,0,0,0,0,0,0,0,0,0,1,1,1,1,1,1,0,0,0,0,0,0,1,1,1,1,1,1,0,1,1,0,0,1,0,1,1,1,1,1,,-0.005,Life.BullStart,Life.BullRetrace,Life.BullStart,Life.Bull,Life.BullStart
2019-10-14,TOPVISN,0.5463,0.5463,0.5463,0.5463,0.5463,0,0.0,0,0.5412,0.52827,0.01293,0.01305,-0.00012,,,0.00098,0.00257,0.00339,0.00251,0.52905,0.51361,0.48767,0.43773,0.5463,,,,,,,,,,,,,,,,,,,,,,0.0,0.0,0.00035,0.0,,,,,,100.0,100.0,,,,,,,0.7588,0.4138,0.9132,0.1544,-0.345,0.4994,0.15,,,,,,,,0,0,0,0,0,0,,,,,,,3000,5000,3000,5000,5000,5000,5000,-8.43,0.0,-15.79,-7.81,-38.98,-13.89,0.0,0,2,0,0,0,0.015,0.021,0.011,0.0,0.005,0.001,0.01237,0.01746,0.01005,0.00033,0.00605,0.00134,0,0,0,100,100,100,0,0,0,100,100,100,0,0,0,100,100,100,2019-10-08,2019-06-14,2019-05-07,2019-09-23,2019-05-30,2019-04-18,,,,,,,,,,,,,,,,,,,0.01567,0.019,0.01767,0.002,0.007,33.33867,0,0,0,0,0,0,0,0,0,0,0,0,0,0,0,0,0,0,1,0,1,0,0,0,0,0,0,0,0,0,0,0,0,0,0,0,0,0,0,0,1,0,0,0,0,0,0,0,0,0,0,0,0,0,0,0,0,1,1,1,1,1,1,0,0,0,0,0,0,1,1,1,1,1,1,0,0,0,0,0,0,0,0,0,1,1,1,1,1,1,0,0,0,0,0,0,1,1,1,1,1,1,0,1,1,0,0,1,0,1,1,1,1,1,,-0.005,Life.BullStart,Life.BullRetrace,Life.BullStart,Life.Bull,Life.BullStart
2019-10-15,TOPVISN,0.5463,0.5463,0.5463,0.5463,0.5463,0,0.0,0,0.54198,0.5296,0.01238,0.01291,-0.00054,,,0.00043,0.002,0.00315,0.00249,0.53038,0.51489,0.48883,0.43881,0.5463,,,,,,,,,,,,,,,,,,,,,,0.0,0.0,0.00035,0.0,,,,,,100.0,100.0,,,,,,,0.7608,0.4155,0.9157,0.1549,-0.3453,0.5002,0.15,,,,,,,,0,0,0,0,0,0,,,,,,,3000,5000,3000,5000,5000,5000,5000,-8.43,0.0,-15.79,-7.81,-38.98,-13.89,0.0,0,0,1,0,0,0.015,0.021,0.011,0.0,0.005,0.001,0.01237,0.01746,0.01005,0.00033,0.00605,0.00134,0,0,0,100,100,100,0,0,0,100,100,100,0,0,0,100,100,100,2019-10-08,2019-06-14,2019-05-07,2019-09-23,2019-05-30,2019-04-18,,,,,,,,,,,,,,,,,,,0.01567,0.019,0.01767,0.002,0.007,33.33867,0,0,0,0,0,0,0,0,0,0,0,0,0,0,0,0,0,0,1,0,1,0,0,0,0,0,0,0,0,0,0,0,0,0,0,0,0,0,0,0,1,0,0,0,0,0,0,0,0,0,0,0,0,0,0,0,0,1,1,1,1,1,1,0,0,0,0,0,0,1,1,1,1,1,1,0,0,0,0,0,0,0,0,0,1,1,1,1,1,1,0,0,0,0,0,0,1,1,1,1,1,1,0,1,1,0,0,1,0,1,1,1,1,1,,-0.005,Life.BullStart,Life.BullRetrace,Life.BullStart,Life.Bull,Life.BullStart
2019-10-16,TOPVISN,0.5463,0.5463,0.5463,0.5463,0.5463,0,0.0,0,0.54265,0.53084,0.01181,0.01269,-0.00089,,,-5e-05,0.00143,0.00277,0.00245,0.5316,0.51612,0.48997,0.43988,0.5463,,,,,,,,,,,,,,,,,,,,,,0.0,0.0,0.00035,0.0,,,,,,100.0,100.0,,,,,,,0.7624,0.4163,0.9172,0.1548,-0.3461,0.5009,0.15,,,,,,,,0,0,0,0,0,0,,,,,,,3000,5000,3000,5000,5000,5000,5000,-8.43,0.0,-15.79,-7.81,-38.98,-13.89,0.0,0,0,1,0,0,0.015,0.021,0.011,0.0,0.005,0.001,0.01237,0.01746,0.01005,0.00033,0.00605,0.00134,0,0,0,100,100,100,0,0,0,100,100,100,0,0,0,100,100,100,2019-10-08,2019-06-14,2019-05-07,2019-09-23,2019-05-30,2019-04-18,,,,,,,,,,,,,,,,,,,0.01567,0.019,0.01767,0.002,0.007,33.33867,0,0,0,0,0,0,0,0,0,0,0,0,0,0,0,0,0,0,1,0,1,0,0,0,0,0,0,0,0,0,0,0,0,0,0,0,0,0,0,0,1,0,0,0,0,0,0,0,0,0,0,0,0,0,0,0,0,1,1,1,1,1,1,0,0,0,0,0,0,1,1,1,1,1,1,0,0,0,0,0,0,0,0,0,1,1,1,1,1,1,0,0,0,0,0,0,1,1,1,1,1,1,0,1,1,0,0,1,0,1,1,1,1,1,,-0.005,Life.BullStart,Life.BullRetrace,Life.BullStart,Life.Bull,Life.BullStart
2019-10-17,TOPVISN,0.5463,0.5463,0.5463,0.5463,0.5463,0,0.0,0,0.54321,0.53199,0.01122,0.0124,-0.00118,,,-0.00047,0.00088,0.00231,0.0024,0.53273,0.5173,0.49108,0.44094,0.5463,,,,,,,,,,,,,,,,,,,,,,0.0,0.0,0.00035,0.0,,,,,,100.0,100.0,,,,,,,0.7636,0.4165,0.9179,0.1543,-0.3471,0.5014,0.15,,,,,,,,0,0,0,0,0,0,,,,,,,3000,5000,3000,5000,5000,5000,5000,-8.43,0.0,-15.79,-7.81,-38.98,-13.89,0.0,0,0,1,0,0,0.015,0.021,0.011,0.0,0.005,0.001,0.01237,0.01746,0.01005,0.00033,0.00605,0.00134,0,0,0,100,100,100,0,0,0,100,100,100,0,0,0,100,100,100,2019-10-08,2019-06-14,2019-05-07,2019-09-23,2019-05-30,2019-04-18,,,,,,,,,,,,,,,,,,,0.01567,0.019,0.01767,0.002,0.007,33.33867,0,0,0,0,0,0,0,0,0,0,0,0,0,0,0,0,0,0,1,0,1,0,0,0,0,0,0,0,0,0,0,0,0,0,0,0,0,0,0,0,1,0,0,0,0,0,0,0,0,0,0,0,0,0,0,0,0,1,1,1,1,1,1,0,0,0,0,0,0,1,1,1,1,1,1,0,0,0,0,0,0,0,0,0,1,1,1,1,1,1,0,0,0,0,0,0,1,1,1,1,1,1,0,1,1,0,0,1,0,1,1,1,1,1,,-0.005,Life.BullStart,Life.BullRetrace,Life.BullStart,Life.Bull,Life.BullStart
2019-10-18,TOPVISN,0.5463,0.5463,0.5463,0.5463,0.5463,0,0.0,0,0.54368,0.53305,0.01064,0.01205,-0.00141,,,-0.00082,0.00038,0.00182,0.00234,0.53378,0.51844,0.49217,0.44199,0.5463,,,,,,,,,,,,,,,,,,,,,,0.0,0.0,0.00035,0.0,,,,,,100.0,100.0,,,,,,,0.7645,0.4161,0.9179,0.1534,-0.3484,0.5018,0.15,,,,,,,,0,0,0,0,0,0,,,,,,,3000,5000,3000,5000,5000,5000,5000,-8.43,0.0,-15.79,-7.81,-38.98,-13.89,0.0,0,0,1,0,0,0.015,0.021,0.011,0.0,0.005,0.001,0.01237,0.01746,0.01005,0.00033,0.00605,0.00134,0,0,0,100,100,100,0,0,0,100,100,100,0,0,0,100,100,100,2019-10-08,2019-06-14,2019-05-07,2019-09-23,2019-05-30,2019-04-18,,,,,,,,,,,,,,,,,,,0.01567,0.019,0.01767,0.002,0.007,33.33867,0,0,0,0,0,0,0,0,0,0,0,0,0,0,0,0,0,0,1,0,1,0,0,0,0,0,0,0,0,0,0,0,0,0,0,0,0,0,0,0,1,0,0,0,0,0,0,0,0,0,0,0,0,0,0,0,0,1,1,1,1,1,1,0,0,0,0,0,0,1,1,1,1,1,1,0,0,0,0,0,0,0,0,0,1,1,1,1,1,1,0,0,0,0,0,0,1,1,1,1,1,1,0,1,1,0,0,1,0,1,1,1,1,1,,-0.005,Life.BullStart,Life.BullRetrace,Life.BullStart,Life.Bull,Life.BullStart
2019-10-21,TOPVISN,0.5463,0.5463,0.5463,0.5463,0.5463,0,0.0,0,0.54409,0.53403,0.01006,0.01165,-0.00159,,,-0.00112,-7e-05,0.00134,0.00226,0.53474,0.51953,0.49325,0.44303,0.5463,,,,,,,,,,,,,,,,,,,,,,0.0,0.0,0.00035,0.0,,,,,,,,,,,,,,0.765,0.4149,0.9171,0.1521,-0.3501,0.5022,0.15,,,,,,,,0,0,0,0,0,0,,,,,,,3000,5000,3000,5000,5000,5000,5000,-8.43,0.0,-15.79,-7.81,-38.98,-13.89,0.0,0,0,1,0,0,0.015,0.021,0.011,0.0,0.005,0.001,0.01237,0.01746,0.01005,0.00033,0.00605,0.00134,0,0,0,100,100,100,0,0,0,100,100,100,0,0,0,100,100,100,2019-10-08,2019-06-14,2019-05-07,2019-09-23,2019-05-30,2019-04-18,,,,,,,,,,,,,,,,,,,0.01567,0.019,0.01767,0.002,0.007,33.33867,0,0,0,0,0,0,0,0,0,0,0,0,0,0,0,0,0,0,1,0,1,0,0,0,0,0,0,0,0,0,0,0,0,0,0,0,0,0,0,0,1,0,0,0,0,0,0,0,0,0,0,0,0,0,0,0,0,1,1,1,1,1,1,0,0,0,0,0,0,1,1,1,1,1,1,0,0,0,0,0,0,0,0,0,1,1,1,1,1,1,0,0,0,0,0,0,1,1,1,1,1,1,0,1,1,0,0,1,0,1,1,1,1,1,,-0.005,Life.BullStart,Life.BullRetrace,Life.BullStart,Life.Bull,Life.BullStart
2019-10-22,TOPVISN,0.5463,0.5463,0.5463,0.5463,0.5463,0,0.0,0,0.54443,0.53494,0.00949,0.01122,-0.00173,,,-0.00136,-0.00046,0.00088,0.00202,0.53563,0.52058,0.4943,0.44406,0.5463,,,,,,,,,,,,,,,,,,,,,,0.0,0.0,0.0,0.0,,,,,,,,,,,,,,0.7652,0.4133,0.9157,0.1505,-0.3519,0.5024,0.15,,,,,,,,0,0,0,0,0,0,,,,,,,3000,5000,3000,5000,5000,5000,5000,-8.43,0.0,-15.79,-7.81,-38.98,-13.89,0.0,0,0,1,0,0,0.015,0.021,0.011,0.0,0.005,0.001,0.01237,0.01746,0.01005,0.00033,0.00605,0.00134,0,0,0,100,100,100,0,0,0,100,100,100,0,0,0,100,100,100,2019-10-08,2019-06-14,2019-05-07,2019-09-23,2019-05-30,2019-04-18,,,,,,,,,,,,,,,,,,,0.01567,0.019,0.01767,0.002,0.007,33.33867,0,0,0,0,0,0,0,0,0,0,0,0,0,0,0,0,0,0,1,0,1,0,0,0,0,0,0,0,0,0,0,0,0,0,0,0,0,0,0,0,1,0,0,0,0,0,0,0,0,0,0,0,0,0,0,0,0,1,1,1,1,1,1,0,0,0,0,0,0,1,1,1,1,1,1,0,0,0,0,0,0,0,0,0,1,1,1,1,1,1,0,0,0,0,0,0,1,1,1,1,1,1,0,1,1,0,0,1,0,1,1,1,1,1,,-0.005,Life.BullStart,Life.BullRetrace,Life.BullStart,Life.Bull,Life.BullStart
2019-10-23,TOPVISN,0.5463,0.5463,0.5463,0.5463,0.5463,0,0.0,0,0.54471,0.53578,0.00894,0.01076,-0.00182,,,-0.00154,-0.0008,0.00044,0.00169,0.53645,0.52159,0.49533,0.44507,0.5463,,,,,,,,,,,,,,,,,,,,,,0.0,0.0,0.0,0.0,,,,,,,,,,,,,,0.7652,0.4112,0.9138,0.1486,-0.354,0.5026,0.15,,,,,,,,0,0,0,0,0,0,,,,,,,3000,5000,3000,5000,5000,5000,5000,-8.43,0.0,-15.79,-7.81,-38.98,-13.89,0.0,0,0,1,0,0,0.015,0.021,0.011,0.0,0.005,0.001,0.01237,0.01746,0.01005,0.00033,0.00605,0.00134,0,0,0,100,100,100,0,0,0,100,100,100,0,0,0,100,100,100,2019-10-08,2019-06-14,2019-05-07,2019-09-23,2019-05-30,2019-04-18,,,,,,,,,,,,,,,,,,,0.01567,0.019,0.01767,0.002,0.007,33.33867,0,0,0,0,0,0,0,0,0,0,0,0,0,0,0,0,0,0,1,0,1,0,0,0,0,0,0,0,0,0,0,0,0,0,0,0,0,0,0,0,1,0,0,0,0,0,0,0,0,0,0,0,0,0,0,0,0,1,1,1,1,1,1,0,0,0,0,0,0,1,1,1,1,1,1,0,0,0,0,0,0,0,0,0,1,1,1,1,1,1,0,0,0,0,0,0,1,1,1,1,1,1,0,1,1,0,0,1,0,1,1,1,1,1,,-0.005,Life.BullStart,Life.BullRetrace,Life.BullStart,Life.Bull,Life.BullStart
2019-10-24,TOPVISN,0.5463,0.5463,0.5463,0.5463,0.5463,0,0.0,0,0.54496,0.53656,0.0084,0.01029,-0.00189,,,-0.00169,-0.00108,3e-05,0.00131,0.53721,0.52256,0.49634,0.44608,0.5463,,,,,,,,,,,,,,,,,,,,,,0.0,0.0,0.0,0.0,,,,,,,,,,,,,,0.7648,0.4087,0.9113,0.1465,-0.3561,0.5026,,,0.15,,,,,,0,0,0,0,0,0,,,,,,,3000,5000,3000,5000,5000,5000,5000,-8.43,0.0,-15.79,-7.81,-38.98,-13.89,0.0,0,0,1,0,0,0.015,0.021,0.011,0.0,0.005,0.001,0.01237,0.01746,0.01005,0.00033,0.00605,0.00134,0,0,0,100,100,100,0,0,0,100,100,100,0,0,0,100,100,100,2019-10-08,2019-06-14,2019-05-07,2019-09-23,2019-05-30,2019-04-18,,,,,,,,,,,,,,,,,,,0.01567,0.019,0.01767,0.002,0.007,33.33867,0,0,0,0,0,0,0,0,0,0,0,0,0,0,0,0,0,0,1,0,1,0,0,0,0,0,0,0,0,0,0,0,0,0,0,0,0,0,0,0,1,0,0,0,0,0,0,0,0,0,0,0,0,0,0,0,0,1,1,1,1,1,1,0,0,0,0,0,0,1,1,1,1,1,1,0,0,0,0,0,0,0,0,0,1,1,1,1,1,1,0,0,0,0,0,0,1,1,1,1,1,1,0,1,1,0,0,1,0,1,1,1,1,1,,,Life.BullRetrace,Life.BullStart,Life.Bull,Life.BullStart,Life.BullRetrace
2019-10-25,TOPVISN,0.5463,0.5463,0.5463,0.5463,0.5463,0,0.0,0,0.54516,0.53728,0.00789,0.00981,-0.00192,,,-0.00179,-0.00131,-0.00034,0.00092,0.53791,0.52349,0.49733,0.44708,0.5463,,,,,,,,,,,,,,,,,,,,,,0.0,0.0,0.0,0.0,,,,,,,,,,,,,,0.7641,0.4058,0.9083,0.1442,-0.3583,0.5025,,,0.15,,,,,,0,0,0,0,0,0,,,,,,,3000,5000,3000,5000,5000,5000,5000,-8.43,0.0,-15.79,-7.81,-38.98,-13.89,0.0,0,0,1,0,0,0.015,0.021,0.011,0.0,0.005,0.001,0.01237,0.01746,0.01005,0.00033,0.00605,0.00134,0,0,0,100,100,100,0,0,0,100,100,100,0,0,0,100,100,100,2019-10-08,2019-06-14,2019-05-07,2019-09-23,2019-05-30,2019-04-18,,,,,,,,,,,,,,,,,,,0.01567,0.019,0.01767,0.002,0.007,33.33867,0,0,0,0,0,0,0,0,0,0,0,0,0,0,0,0,0,0,1,0,1,0,0,0,0,0,0,0,0,0,0,0,0,0,0,0,0,0,0,0,1,0,0,0,0,0,0,0,0,0,0,0,0,0,0,0,0,1,1,1,1,1,1,0,0,0,0,0,0,1,1,1,1,1,1,0,0,0,0,0,0,0,0,0,1,1,1,1,1,1,0,0,0,0,0,0,1,1,1,1,1,1,0,1,1,0,0,1,0,1,1,1,1,1,,,Life.BullRetrace,Life.BullStart,Life.Bull,Life.BullStart,Life.BullRetrace
2019-10-29,TOPVISN,0.5463,0.5463,0.5463,0.5463,0.5463,0,0.0,0,0.54534,0.53795,0.00739,0.00932,-0.00193,,,-0.00186,-0.00149,-0.00067,0.00054,0.53855,0.52439,0.4983,0.44807,0.5463,,,,,,,,,,,,,,,,,,,,,,0.0,0.0,0.0,0.0,,,,,,,,,,,,,,0.7632,0.4025,0.9048,0.1416,-0.3607,0.5023,,,0.15,,,,,,0,0,0,0,0,0,,,,,,,3000,5000,3000,5000,5000,5000,5000,-8.43,0.0,-15.79,-7.81,-38.98,-13.89,0.0,0,0,1,0,0,0.015,0.021,0.011,0.0,0.005,0.001,0.01237,0.01746,0.01005,0.00033,0.00605,0.00134,0,0,0,100,100,100,0,0,0,100,100,100,0,0,0,100,100,100,2019-10-08,2019-06-14,2019-05-07,2019-09-23,2019-05-30,2019-04-18,,,,,,,,,,,,,,,,,,,0.01567,0.019,0.01767,0.002,0.007,33.33867,0,0,0,0,0,0,0,0,0,0,0,0,0,0,0,0,0,0,1,0,1,0,0,0,0,0,0,0,0,0,0,0,0,0,0,0,0,0,0,0,1,0,0,0,0,0,0,0,0,0,0,0,0,0,0,0,0,1,1,1,1,1,1,0,0,0,0,0,0,1,1,1,1,1,1,0,0,0,0,0,0,0,0,0,1,1,1,1,1,1,0,0,0,0,0,0,1,1,1,1,1,1,0,1,1,0,0,1,0,1,1,1,1,1,,,Life.BullRetrace,Life.BullStart,Life.Bull,Life.BullStart,Life.BullRetrace
2019-10-30,TOPVISN,0.5463,0.5463,0.5463,0.5463,0.5463,0,0.0,0,0.54549,0.53857,0.00692,0.00884,-0.00192,,,-0.0019,-0.00163,-0.00094,0.00019,0.53915,0.52525,0.49925,0.44904,0.5463,,,,,,,,,,,,,,,,,,,,,,0.0,0.0,0.0,0.0,,,,,,,,,,,,,,0.7621,0.399,0.9011,0.139,-0.3631,0.5021,,,0.15,,,,,,0,0,0,0,0,0,,,,,,,3000,5000,3000,5000,5000,5000,5000,-8.43,0.0,-15.79,-7.81,-38.98,-13.89,0.0,0,0,1,0,0,0.015,0.021,0.011,0.0,0.005,0.001,0.01237,0.01746,0.01005,0.00033,0.00605,0.00134,0,0,0,100,100,100,0,0,0,100,100,100,0,0,0,100,100,100,2019-10-08,2019-06-14,2019-05-07,2019-09-23,2019-05-30,2019-04-18,,,,,,,,,,,,,,,,,,,0.01567,0.019,0.01767,0.002,0.007,33.33867,0,0,0,0,0,0,0,0,0,0,0,0,0,0,0,0,0,0,1,0,1,0,0,0,0,0,0,0,0,0,0,0,0,0,0,0,0,0,0,0,1,0,0,0,0,0,0,0,0,0,0,0,0,0,0,0,0,1,1,1,1,1,1,0,0,0,0,0,0,1,1,1,1,1,1,0,0,0,0,0,0,0,0,0,1,1,1,1,1,1,0,0,0,0,0,0,1,1,1,1,1,1,0,1,1,0,0,1,0,1,1,1,1,1,,,Life.BullRetrace,Life.BullStart,Life.Bull,Life.BullStart,Life.BullRetrace
2019-10-31,TOPVISN,0.5463,0.5463,0.5463,0.5463,0.5463,0,0.0,0,0.54561,0.53914,0.00647,0.00837,-0.0019,,,-0.00191,-0.00173,-0.00117,-0.00015,0.5397,0.52607,0.50018,0.45001,0.5463,,,,,,,,,,,,,,,,,,,,,,0.0,0.0,0.0,0.0,,,,,,,,,,,,,,0.7606,0.3952,0.8969,0.1363,-0.3654,0.5017,,,0.15,,,,,,0,0,0,0,0,0,,,,,,,3000,5000,3000,5000,5000,5000,5000,-8.43,0.0,-15.79,-7.81,-38.98,-13.89,0.0,1,0,1,0,0,0.015,0.021,0.011,0.0,0.005,0.001,0.01237,0.01746,0.01005,0.00033,0.00605,0.00134,0,0,0,100,100,100,0,0,0,100,100,100,0,0,0,100,100,100,2019-10-08,2019-06-14,2019-05-07,2019-09-23,2019-05-30,2019-04-18,,,,,,,,,,,,,,,,,,,0.01567,0.019,0.01767,0.002,0.007,33.33867,0,0,0,0,0,0,0,0,0,0,0,0,0,0,0,0,0,0,1,0,1,0,0,0,0,0,0,0,0,0,0,0,0,0,0,0,0,0,0,0,1,0,0,0,0,0,0,0,0,0,0,0,0,0,0,0,0,1,1,1,1,1,1,0,0,0,0,0,0,1,1,1,1,1,1,0,0,0,0,0,0,0,0,0,1,1,1,1,1,1,0,0,0,0,0,0,1,1,1,1,1,1,0,1,1,0,0,1,0,1,1,1,1,1,,,Life.BullRetrace,Life.BullStart,Life.Bull,Life.BullStart,Life.BullRetrace
2019-11-01,TOPVISN,0.5463,0.5463,0.5463,0.5463,0.5463,0,0.0,0,0.54572,0.53967,0.00605,0.00791,-0.00186,,,-0.00191,-0.0018,-0.00135,-0.00046,0.54021,0.52686,0.50109,0.45097,0.5463,,,,,,,,,,,,,,,,,,,,,,0.0,0.0,0.0,0.0,,,,,,,,,,,,,,0.7589,0.3912,0.8924,0.1335,-0.3677,0.5012,,,0.15,,,,,,0,0,0,0,0,0,,,,,,,3000,5000,3000,5000,5000,5000,5000,-8.43,0.0,-15.79,-7.81,-38.98,-13.89,0.0,1,0,1,0,0,0.015,0.021,0.011,0.0,0.005,0.001,0.01237,0.01746,0.01005,0.00033,0.00605,0.00134,0,0,0,100,100,100,0,0,0,100,100,100,0,0,0,100,100,100,2019-10-08,2019-06-14,2019-05-07,2019-09-23,2019-05-30,2019-04-18,,,,,,,,,,,,,,,,,,,0.01567,0.019,0.01767,0.002,0.007,33.33867,0,0,0,0,0,0,0,0,0,0,0,0,0,0,0,0,0,0,1,0,1,0,0,0,0,0,0,0,0,0,0,0,0,0,0,0,0,0,0,0,1,0,0,0,0,0,0,0,0,0,0,0,0,0,0,0,0,1,1,1,1,1,1,0,0,0,0,0,0,1,1,1,1,1,1,0,0,0,0,0,0,0,0,0,1,1,1,1,1,1,0,0,0,0,0,0,1,1,1,1,1,1,0,1,1,0,0,1,0,1,1,1,1,1,,,Life.BullRetrace,Life.BullStart,Life.Bull,Life.BullStart,Life.BullRetrace
2019-11-04,TOPVISN,0.5463,0.5463,0.5463,0.5463,0.5463,0,0.0,0,0.54581,0.54016,0.00565,0.00745,-0.00181,,,-0.00188,-0.00184,-0.0015,-0.00073,0.54068,0.52763,0.50199,0.45192,0.5463,,,,,,,,,,,,,,,,,,,,,,0.0,0.0,0.0,0.0,,,,,,,,,,,,,,0.7571,0.3869,0.8876,0.1305,-0.3702,0.5007,,,0.15,,,,,,0,0,0,0,0,0,,,,,,,3000,5000,3000,5000,5000,5000,5000,-8.43,0.0,-15.79,-7.81,-38.98,-13.89,0.0,1,0,1,0,0,0.015,0.021,0.011,0.0,0.005,0.001,0.01237,0.01746,0.01005,0.00033,0.00605,0.00134,0,0,0,100,100,100,0,0,0,100,100,100,0,0,0,100,100,100,2019-10-08,2019-06-14,2019-05-07,2019-09-23,2019-05-30,2019-04-18,,,,,,,,,,,,,,,,,,,0.01567,0.019,0.01767,0.002,0.007,33.33867,0,0,0,0,0,0,0,0,0,0,0,0,0,0,0,0,0,0,1,0,1,0,0,0,0,0,0,0,0,0,0,0,0,0,0,0,0,0,0,0,1,0,0,0,0,0,0,0,0,0,0,0,0,0,0,0,0,1,1,1,1,1,1,0,0,0,0,0,0,1,1,1,1,1,1,0,0,0,0,0,0,0,0,0,1,1,1,1,1,1,0,0,0,0,0,0,1,1,1,1,1,1,0,1,1,0,0,1,0,1,1,1,1,1,,,Life.BullRetrace,Life.BullStart,Life.Bull,Life.BullStart,Life.BullRetrace
2019-11-05,TOPVISN,0.5463,0.5463,0.5463,0.5463,0.5463,0,0.0,0,0.54588,0.54062,0.00527,0.00702,-0.00175,,,-0.00185,-0.00185,-0.00161,-0.00096,0.54111,0.52836,0.50286,0.45286,0.5463,,,,,,,,,,,,,,,,,,,,,,0.0,0.0,0.0,0.0,,,,,,,,,,,,,,0.755,0.3825,0.8825,0.1275,-0.3725,0.5,0.15,,,,,,,,0,0,0,0,0,0,,,,,,,3000,5000,3000,5000,5000,5000,5000,-8.43,0.0,-15.79,-7.81,-38.98,-13.89,0.0,1,0,1,0,0,0.015,0.021,0.011,0.0,0.005,0.001,0.01237,0.01746,0.01005,0.00033,0.00605,0.00134,0,0,0,100,100,100,0,0,0,100,100,100,0,0,0,100,100,100,2019-10-08,2019-06-14,2019-05-07,2019-09-23,2019-05-30,2019-04-18,,,,,,,,,,,,,,,,,,,0.01567,0.019,0.01767,0.002,0.007,33.33867,0,0,0,0,0,0,0,0,0,0,0,0,0,0,0,0,0,0,1,0,1,0,0,0,0,0,0,0,0,0,0,0,0,0,0,0,0,0,0,0,1,0,0,0,0,0,0,0,0,0,0,0,0,0,0,0,0,1,1,1,1,1,1,0,0,0,0,0,0,1,1,1,1,1,1,0,0,0,0,0,0,0,0,0,1,1,1,1,1,1,0,0,0,0,0,0,1,1,1,1,1,1,0,1,1,0,0,1,0,1,1,1,1,1,0.005,,Life.BullStart,Life.Bull,Life.BullStart,Life.BullRetrace,Life.BullStart
2019-11-06,TOPVISN,0.5463,0.5463,0.5463,0.5463,0.5463,0,0.0,0,0.54595,0.54104,0.00491,0.0066,-0.00168,,,-0.0018,-0.00185,-0.00168,-0.00116,0.54151,0.52906,0.50372,0.45379,0.5463,,,,,,,,,,,,,,,,,,,,,,0.0,0.0,0.0,0.0,,,,,,,,,,,,,,0.7527,0.3779,0.8772,0.1245,-0.3748,0.4993,0.15,,,,,,,,0,0,0,0,0,0,,,,,,,3000,5000,3000,5000,5000,5000,5000,-8.43,0.0,-15.79,-7.81,-38.98,-13.89,0.0,1,0,1,0,0,0.015,0.021,0.011,0.0,0.005,0.001,0.01237,0.01746,0.01005,0.00033,0.00605,0.00134,0,0,0,100,100,100,0,0,0,100,100,100,0,0,0,100,100,100,2019-10-08,2019-06-14,2019-05-07,2019-09-23,2019-05-30,2019-04-18,,,,,,,,,,,,,,,,,,,0.01567,0.019,0.01767,0.002,0.007,33.33867,0,0,0,0,0,0,0,0,0,0,0,0,0,0,0,0,0,0,1,0,1,0,0,0,0,0,0,0,0,0,0,0,0,0,0,0,0,0,0,0,1,0,0,0,0,0,0,0,0,0,0,0,0,0,0,0,0,1,1,1,1,1,1,0,0,0,0,0,0,1,1,1,1,1,1,0,0,0,0,0,0,0,0,0,1,1,1,1,1,1,0,0,0,0,0,0,1,1,1,1,1,1,0,1,1,0,0,1,0,1,1,1,1,1,0.005,,Life.BullStart,Life.Bull,Life.BullStart,Life.BullRetrace,Life.BullStart
2019-11-07,TOPVISN,0.5463,0.5463,0.5463,0.5463,0.5463,0,0.0,0,0.546,0.54143,0.00458,0.00619,-0.00162,,,-0.00174,-0.00183,-0.00173,-0.00131,0.54188,0.52974,0.50457,0.45471,0.5463,,,,,,,,,,,,,,,,,,,,,,0.0,0.0,0.0,0.0,,,,,,,,,,,,,,0.7503,0.3731,0.8717,0.1214,-0.3772,0.4986,0.15,,,,,,,,0,0,0,0,0,0,,,,,,,3000,5000,3000,5000,5000,5000,5000,-8.43,0.0,-15.79,-7.81,-38.98,-13.89,0.0,1,0,1,0,0,0.015,0.021,0.011,0.0,0.005,0.001,0.01237,0.01746,0.01005,0.00033,0.00605,0.00134,0,0,0,100,100,100,0,0,0,100,100,100,0,0,0,100,100,100,2019-10-08,2019-06-14,2019-05-07,2019-09-23,2019-05-30,2019-04-18,,,,,,,,,,,,,,,,,,,0.01567,0.019,0.01767,0.002,0.007,33.33867,0,0,0,0,0,0,0,0,0,0,0,0,0,0,0,0,0,0,1,0,1,0,0,0,0,0,0,0,0,0,0,0,0,0,0,0,0,0,0,0,1,0,0,0,0,0,0,0,0,0,0,0,0,0,0,0,0,1,1,1,1,1,1,0,0,0,0,0,0,1,1,1,1,1,1,0,0,0,0,0,0,0,0,0,1,1,1,1,1,1,0,0,0,0,0,0,1,1,1,1,1,1,0,1,1,0,0,1,0,1,1,1,1,1,0.005,,Life.BullStart,Life.Bull,Life.BullStart,Life.BullRetrace,Life.BullStart
2019-11-08,TOPVISN,0.5463,0.5463,0.5463,0.5463,0.5463,0,0.0,0,0.54605,0.54179,0.00426,0.00581,-0.00155,,,-0.00168,-0.00179,-0.00176,-0.00144,0.54222,0.53039,0.50539,0.45562,0.5463,,,,,,,,,,,,,,,,,,,,,,0.0,0.0,0.0,0.0,,,,,,,,,,,,,,0.7477,0.3683,0.866,0.1183,-0.3794,0.4977,0.15,,,,,,,,0,0,0,0,0,0,,,,,,,3000,5000,3000,5000,5000,5000,5000,-8.43,0.0,-15.79,-7.81,-38.98,-13.89,0.0,1,0,1,0,0,0.015,0.021,0.011,0.0,0.005,0.001,0.01237,0.01746,0.01005,0.00033,0.00605,0.00134,0,0,0,100,100,100,0,0,0,100,100,100,0,0,0,100,100,100,2019-10-08,2019-06-14,2019-05-07,2019-09-23,2019-05-30,2019-04-18,,,,,,,,,,,,,,,,,,,0.01567,0.019,0.01767,0.002,0.007,33.33867,0,0,0,0,0,0,0,0,0,0,0,0,0,0,0,0,0,0,1,0,1,0,0,0,0,0,0,0,0,0,0,0,0,0,0,0,0,0,0,0,1,0,0,0,0,0,0,0,0,0,0,0,0,0,0,0,0,1,1,1,1,1,1,0,0,0,0,0,0,1,1,1,1,1,1,0,0,0,0,0,0,0,0,0,1,1,1,1,1,1,0,0,0,0,0,0,1,1,1,1,1,1,0,1,1,0,0,1,0,1,1,1,1,1,0.005,,Life.BullStart,Life.Bull,Life.BullStart,Life.BullRetrace,Life.BullStart
2019-11-11,TOPVISN,0.5463,0.5463,0.5463,0.5463,0.5463,0,0.0,0,0.54609,0.54212,0.00396,0.00544,-0.00147,,,-0.00161,-0.00175,-0.00176,-0.00153,0.54253,0.53101,0.5062,0.45652,0.5463,,,,,,,,,,,,,,,,,,,,,,0.0,0.0,0.0,0.0,,,,,,,,,,,,,,0.7449,0.3633,0.8601,0.1152,-0.3816,0.4968,0.15,,,,,,,,0,0,0,0,0,0,,,,,,,3000,5000,3000,5000,5000,5000,5000,-8.43,0.0,-15.79,-7.81,-38.98,-13.89,0.0,1,0,1,0,0,0.015,0.021,0.011,0.0,0.005,0.001,0.01237,0.01746,0.01005,0.00033,0.00605,0.00134,0,0,0,100,100,100,0,0,0,100,100,100,0,0,0,100,100,100,2019-10-08,2019-06-14,2019-05-07,2019-09-23,2019-05-30,2019-04-18,,,,,,,,,,,,,,,,,,,0.01567,0.019,0.01767,0.002,0.007,33.33867,0,0,0,0,0,0,0,0,0,0,0,0,0,0,0,0,0,0,1,0,1,0,0,0,0,0,0,0,0,0,0,0,0,0,0,0,0,0,0,0,1,0,0,0,0,0,0,0,0,0,0,0,0,0,0,0,0,1,1,1,1,1,1,0,0,0,0,0,0,1,1,1,1,1,1,0,0,0,0,0,0,0,0,0,1,1,1,1,1,1,0,0,0,0,0,0,1,1,1,1,1,1,0,1,1,0,0,1,0,1,1,1,1,1,0.005,,Life.BullStart,Life.Bull,Life.BullStart,Life.BullRetrace,Life.BullStart
2019-11-12,TOPVISN,0.5463,0.5463,0.5463,0.5463,0.5463,0,0.0,0,0.54612,0.54243,0.00369,0.00509,-0.0014,,,-0.00154,-0.00169,-0.00175,-0.00159,0.54282,0.53161,0.507,0.45741,0.5463,,,,,,,,,,,,,,,,,,,,,,0.0,0.0,0.0,0.0,,,,,,,,,,,,,,0.742,0.3582,0.8541,0.1121,-0.3838,0.4959,0.15,,,,,,,,0,0,0,0,0,0,,,,,,,3000,5000,3000,5000,5000,5000,5000,-8.43,0.0,-15.79,-7.81,-38.98,-13.89,0.0,1,0,1,0,0,0.015,0.021,0.011,0.0,0.005,0.001,0.01237,0.01746,0.01005,0.00033,0.00605,0.00134,0,0,0,100,100,100,0,0,0,100,100,100,0,0,0,100,100,100,2019-10-08,2019-06-14,2019-05-07,2019-09-23,2019-05-30,2019-04-18,,,,,,,,,,,,,,,,,,,0.01567,0.019,0.01767,0.002,0.007,33.33867,0,0,0,0,0,0,0,0,0,0,0,0,0,0,0,0,0,0,1,0,1,0,0,0,0,0,0,0,0,0,0,0,0,0,0,0,0,0,0,0,1,0,0,0,0,0,0,0,0,0,0,0,0,0,0,0,0,1,1,1,1,1,1,0,0,0,0,0,0,1,1,1,1,1,1,0,0,0,0,0,0,0,0,0,1,1,1,1,1,1,0,0,0,0,0,0,1,1,1,1,1,1,0,1,1,0,0,1,0,1,1,1,1,1,0.005,,Life.BullStart,Life.Bull,Life.BullStart,Life.BullRetrace,Life.BullStart
2019-11-13,TOPVISN,0.5463,0.5463,0.5463,0.5463,0.5463,0,0.0,0,0.54615,0.54272,0.00343,0.00476,-0.00133,,,-0.00147,-0.00164,-0.00172,-0.00163,0.54309,0.53219,0.50778,0.4583,0.5463,,,,,,,,,,,,,,,,,,,,,,0.0,0.0,0.0,0.0,,,,,,,,,,,,,,0.7389,0.3531,0.8479,0.109,-0.3858,0.4948,0.15,,,,,,,,0,0,0,0,0,0,,,,,,,3000,5000,3000,5000,5000,5000,5000,-8.43,0.0,-15.79,-7.81,-38.98,-13.89,0.0,1,0,1,0,0,0.015,0.021,0.011,0.0,0.005,0.001,0.01237,0.01746,0.01005,0.00033,0.00605,0.00134,0,0,0,100,100,100,0,0,0,100,100,100,0,0,0,100,100,100,2019-10-08,2019-06-14,2019-05-07,2019-09-23,2019-05-30,2019-04-18,,,,,,,,,,,,,,,,,,,0.01567,0.019,0.01767,0.002,0.007,33.33867,0,0,0,0,0,0,0,0,0,0,0,0,0,0,0,0,0,0,1,0,1,0,0,0,0,0,0,0,0,0,0,0,0,0,0,0,0,0,0,0,1,0,0,0,0,0,0,0,0,0,0,0,0,0,0,0,0,1,1,1,1,1,1,0,0,0,0,0,0,1,1,1,1,1,1,0,0,0,0,0,0,0,0,0,1,1,1,1,1,1,0,0,0,0,0,0,1,1,1,1,1,1,0,1,1,0,0,1,0,1,1,1,1,1,0.005,,Life.BullStart,Life.Bull,Life.BullStart,Life.BullRetrace,Life.BullStart
2019-11-14,TOPVISN,0.5463,0.5463,0.5463,0.5463,0.5463,0,0.0,0,0.54617,0.54298,0.00319,0.00444,-0.00125,,,-0.0014,-0.00157,-0.00168,-0.00165,0.54334,0.53274,0.50854,0.45917,0.5463,,,,,,,,,,,,,,,,,,,,,,0.0,0.0,0.0,0.0,,,,,,,,,,,,,,0.7357,0.348,0.8417,0.106,-0.3877,0.4937,0.15,,,,,,,,0,0,0,0,0,0,,,,,,,3000,5000,3000,5000,5000,5000,5000,-8.43,0.0,-15.79,-7.81,-38.98,-13.89,0.0,1,0,1,0,0,0.015,0.021,0.011,0.0,0.005,0.001,0.01237,0.01746,0.01005,0.00033,0.00605,0.00134,0,0,0,100,100,100,0,0,0,100,100,100,0,0,0,100,100,100,2019-10-08,2019-06-14,2019-05-07,2019-09-23,2019-05-30,2019-04-18,,,,,,,,,,,,,,,,,,,0.01567,0.019,0.01767,0.002,0.007,33.33867,0,0,0,0,0,0,0,0,0,0,0,0,0,0,0,0,0,0,1,0,1,0,0,0,0,0,0,0,0,0,0,0,0,0,0,0,0,0,0,0,1,0,0,0,0,0,0,0,0,0,0,0,0,0,0,0,0,1,1,1,1,1,1,0,0,0,0,0,0,1,1,1,1,1,1,0,0,0,0,0,0,0,0,0,1,1,1,1,1,1,0,0,0,0,0,0,1,1,1,1,1,1,0,1,1,0,0,1,0,1,1,1,1,1,0.005,,Life.BullStart,Life.Bull,Life.BullStart,Life.BullRetrace,Life.BullStart
2019-11-15,TOPVISN,0.5463,0.5463,0.5463,0.5463,0.5463,0,0.0,0,0.54619,0.54323,0.00296,0.00415,-0.00118,,,-0.00133,-0.0015,-0.00164,-0.00165,0.54356,0.53327,0.50929,0.46004,0.5463,,,,,,,,,,,,,,,,,,,,,,0.0,0.0,0.0,0.0,,,,,,,,,,,,,,0.7323,0.3427,0.8352,0.1029,-0.3896,0.4925,0.15,,,,,,,,0,0,0,0,0,0,,,,,,,3000,5000,3000,5000,5000,5000,5000,-8.43,0.0,-15.79,-7.81,-38.98,-13.89,0.0,1,0,1,0,0,0.015,0.021,0.011,0.0,0.005,0.001,0.01237,0.01746,0.01005,0.00033,0.00605,0.00134,0,0,0,100,100,100,0,0,0,100,100,100,0,0,0,100,100,100,2019-10-08,2019-06-14,2019-05-07,2019-09-23,2019-05-30,2019-04-18,,,,,,,,,,,,,,,,,,,0.01567,0.019,0.01767,0.002,0.007,33.33867,0,0,0,0,0,0,0,0,0,0,0,0,0,0,0,0,0,0,1,0,1,0,0,0,0,0,0,0,0,0,0,0,0,0,0,0,0,0,0,0,1,0,0,0,0,0,0,0,0,0,0,0,0,0,0,0,0,1,1,1,1,1,1,0,0,0,0,0,0,1,1,1,1,1,1,0,0,0,0,0,0,0,0,0,1,1,1,1,1,1,0,0,0,0,0,0,1,1,1,1,1,1,0,1,1,0,0,1,0,1,1,1,1,1,0.005,,Life.BullStart,Life.Bull,Life.BullStart,Life.BullRetrace,Life.BullStart
2019-11-18,TOPVISN,0.5463,0.5463,0.5463,0.5463,0.5463,0,0.0,0,0.54621,0.54346,0.00275,0.00387,-0.00112,,,-0.00126,-0.00143,-0.00158,-0.00164,0.54377,0.53378,0.51002,0.4609,0.5463,,,,,,,,,,,,,,,,,,,,,,0.0,0.0,0.0,0.0,,,,,,,,,,,,,,0.7288,0.3375,0.8287,0.0999,-0.3913,0.4912,0.15,,,,,,,,0,0,0,0,0,0,,,,,,,3000,5000,3000,5000,5000,5000,5000,-8.43,0.0,-15.79,-7.81,-38.98,-13.89,0.0,1,0,1,0,0,0.015,0.021,0.011,0.0,0.005,0.001,0.01237,0.01746,0.01005,0.00033,0.00605,0.00134,0,0,0,100,100,100,0,0,0,100,100,100,0,0,0,100,100,100,2019-10-08,2019-06-14,2019-05-07,2019-09-23,2019-05-30,2019-04-18,,,,,,,,,,,,,,,,,,,0.01567,0.019,0.01767,0.002,0.007,33.33867,0,0,0,0,0,0,0,0,0,0,0,0,0,0,0,0,0,0,1,0,1,0,0,0,0,0,0,0,0,0,0,0,0,0,0,0,0,0,0,0,1,0,0,0,0,0,0,0,0,0,0,0,0,0,0,0,0,1,1,1,1,1,1,0,0,0,0,0,0,1,1,1,1,1,1,0,0,0,0,0,0,0,0,0,1,1,1,1,1,1,0,0,0,0,0,0,1,1,1,1,1,1,0,1,1,0,0,1,0,1,1,1,1,1,0.005,,Life.BullStart,Life.Bull,Life.BullStart,Life.BullRetrace,Life.BullStart
2019-11-19,TOPVISN,0.5463,0.5463,0.5463,0.5463,0.5463,0,0.0,0,0.54622,0.54367,0.00255,0.0036,-0.00105,,,-0.00119,-0.00136,-0.00153,-0.00161,0.54397,0.53427,0.51074,0.46175,0.5463,,,,,,,,,,,,,,,,,,,,,,0.0,0.0,0.0,0.0,,,,,,,,,,,,,,0.7252,0.3323,0.8222,0.097,-0.3929,0.4899,0.15,,,,,,,,0,0,0,0,0,0,,,,,,,3000,5000,3000,5000,5000,5000,5000,-8.43,0.0,-15.79,-7.81,-38.98,-13.89,0.0,1,0,1,0,0,0.015,0.021,0.011,0.0,0.005,0.001,0.01237,0.01746,0.01005,0.00033,0.00605,0.00134,0,0,0,100,100,100,0,0,0,100,100,100,0,0,0,100,100,100,2019-10-08,2019-06-14,2019-05-07,2019-09-23,2019-05-30,2019-04-18,,,,,,,,,,,,,,,,,,,0.01567,0.019,0.01767,0.002,0.007,33.33867,0,0,0,0,0,0,0,0,0,0,0,0,0,0,0,0,0,0,1,0,1,0,0,0,0,0,0,0,0,0,0,0,0,0,0,0,0,0,0,0,1,0,0,0,0,0,0,0,0,0,0,0,0,0,0,0,0,1,1,1,1,1,1,0,0,0,0,0,0,1,1,1,1,1,1,0,0,0,0,0,0,0,0,0,1,1,1,1,1,1,0,0,0,0,0,0,1,1,1,1,1,1,0,1,1,0,0,1,0,1,1,1,1,1,0.005,,Life.BullStart,Life.Bull,Life.BullStart,Life.BullRetrace,Life.BullStart
2019-11-20,TOPVISN,0.5463,0.5463,0.5463,0.5463,0.5463,0,0.0,0,0.54623,0.54386,0.00237,0.00336,-0.00099,,,-0.00112,-0.0013,-0.00146,-0.00157,0.54415,0.53475,0.51144,0.46259,0.5463,,,,,,,,,,,,,,,,,,,,,,0.0,0.0,0.0,0.0,,,,,,,,,,,,,,0.7216,0.3271,0.8156,0.094,-0.3945,0.4885,0.15,,,,,,,,0,0,0,0,0,0,,,,,,,3000,5000,3000,5000,5000,5000,5000,-8.43,0.0,-15.79,-7.81,-38.98,-13.89,0.0,1,0,1,0,0,0.015,0.021,0.011,0.0,0.005,0.001,0.01237,0.01746,0.01005,0.00033,0.00605,0.00134,0,0,0,100,100,100,0,0,0,100,100,100,0,0,0,100,100,100,2019-10-08,2019-06-14,2019-05-07,2019-09-23,2019-05-30,2019-04-18,,,,,,,,,,,,,,,,,,,0.01567,0.019,0.01767,0.002,0.007,33.33867,0,0,0,0,0,0,0,0,0,0,0,0,0,0,0,0,0,0,1,0,1,0,0,0,0,0,0,0,0,0,0,0,0,0,0,0,0,0,0,0,1,0,0,0,0,0,0,0,0,0,0,0,0,0,0,0,0,1,1,1,1,1,1,0,0,0,0,0,0,1,1,1,1,1,1,0,0,0,0,0,0,0,0,0,1,1,1,1,1,1,0,0,0,0,0,0,1,1,1,1,1,1,0,1,1,0,0,1,0,1,1,1,1,1,0.005,,Life.BullStart,Life.Bull,Life.BullStart,Life.BullRetrace,Life.BullStart
2019-11-21,TOPVISN,0.5463,0.5463,0.5463,0.5463,0.5463,0,0.0,0,0.54624,0.54404,0.0022,0.00313,-0.00093,,,-0.00105,-0.00123,-0.0014,-0.00153,0.54431,0.5352,0.51213,0.46342,0.5463,,,,,,,,,,,,,,,,,,,,,,0.0,0.0,0.0,0.0,,,,,,,,,,,,,,0.7178,0.3218,0.8089,0.0911,-0.396,0.4871,0.15,,,,,,,,0,0,0,0,0,0,,,,,,,3000,5000,3000,5000,5000,5000,5000,-8.43,0.0,-15.79,-7.81,-38.98,-13.89,0.0,1,0,1,0,0,0.015,0.021,0.011,0.0,0.005,0.001,0.01237,0.01746,0.01005,0.00033,0.00605,0.00134,0,0,0,100,100,100,0,0,0,100,100,100,0,0,0,100,100,100,2019-10-08,2019-06-14,2019-05-07,2019-09-23,2019-05-30,2019-04-18,,,,,,,,,,,,,,,,,,,0.01567,0.019,0.01767,0.002,0.007,33.33867,0,0,0,0,0,0,0,0,0,0,0,0,0,0,0,0,0,0,1,0,1,0,0,0,0,0,0,0,0,0,0,0,0,0,0,0,0,0,0,0,1,0,0,0,0,0,0,0,0,0,0,0,0,0,0,0,0,1,1,1,1,1,1,0,0,0,0,0,0,1,1,1,1,1,1,0,0,0,0,0,0,0,0,0,1,1,1,1,1,1,0,0,0,0,0,0,1,1,1,1,1,1,0,1,1,0,0,1,0,1,1,1,1,1,0.005,,Life.BullStart,Life.Bull,Life.BullStart,Life.BullRetrace,Life.BullStart
2019-11-22,TOPVISN,0.5463,0.5463,0.5463,0.5463,0.5463,0,0.0,0,0.54625,0.54421,0.00204,0.00291,-0.00087,,,-0.00099,-0.00116,-0.00133,-0.00148,0.54447,0.53563,0.51281,0.46425,0.5463,,,,,,,,,,,,,,,,,,,,,,0.0,0.0,0.0,0.0,,,,,,,,,,,,,,0.7138,0.3166,0.8022,0.0884,-0.3972,0.4856,0.15,,,,,,,,0,0,0,0,0,0,,,,,,,3000,5000,3000,5000,5000,5000,5000,-8.43,0.0,-15.79,-7.81,-38.98,-13.89,0.0,1,0,1,0,0,0.015,0.021,0.011,0.0,0.005,0.001,0.01237,0.01746,0.01005,0.00033,0.00605,0.00134,0,0,0,100,100,100,0,0,0,100,100,100,0,0,0,100,100,100,2019-10-08,2019-06-14,2019-05-07,2019-09-23,2019-05-30,2019-04-18,,,,,,,,,,,,,,,,,,,0.01567,0.019,0.01767,0.002,0.007,33.33867,0,0,0,0,0,0,0,0,0,0,0,0,0,0,0,0,0,0,1,0,1,0,0,0,0,0,0,0,0,0,0,0,0,0,0,0,0,0,0,0,1,0,0,0,0,0,0,0,0,0,0,0,0,0,0,0,0,1,1,1,1,1,1,0,0,0,0,0,0,1,1,1,1,1,1,0,0,0,0,0,0,0,0,0,1,1,1,1,1,1,0,0,0,0,0,0,1,1,1,1,1,1,0,1,1,0,0,1,0,1,1,1,1,1,0.005,,Life.BullStart,Life.Bull,Life.BullStart,Life.BullRetrace,Life.BullStart
2019-11-25,TOPVISN,0.5463,0.5463,0.5463,0.5463,0.5463,0,0.0,0,0.54626,0.54436,0.0019,0.00271,-0.00081,,,-0.00093,-0.00109,-0.00127,-0.00142,0.54461,0.53605,0.51347,0.46506,0.5463,,,,,,,,,,,,,,,,,,,,,,0.0,0.0,0.0,0.0,,,,,,,,,,,,,,0.7099,0.3114,0.7955,0.0856,-0.3985,0.4841,0.15,,,,,,,,0,0,0,0,0,0,,,,,,,3000,5000,3000,5000,5000,5000,5000,-8.43,0.0,-15.79,-7.81,-38.98,-13.89,0.0,1,0,1,0,0,0.015,0.021,0.011,0.0,0.005,0.001,0.01237,0.01746,0.01005,0.00033,0.00605,0.00134,0,0,0,100,100,100,0,0,0,100,100,100,0,0,0,100,100,100,2019-10-08,2019-06-14,2019-05-07,2019-09-23,2019-05-30,2019-04-18,,,,,,,,,,,,,,,,,,,0.01567,0.019,0.01767,0.002,0.007,33.33867,0,0,0,0,0,0,0,0,0,0,0,0,0,0,0,0,0,0,1,0,1,0,0,0,0,0,0,0,0,0,0,0,0,0,0,0,0,0,0,0,1,0,0,0,0,0,0,0,0,0,0,0,0,0,0,0,0,1,1,1,1,1,1,0,0,0,0,0,0,1,1,1,1,1,1,0,0,0,0,0,0,0,0,0,1,1,1,1,1,1,0,0,0,0,0,0,1,1,1,1,1,1,0,1,1,0,0,1,0,1,1,1,1,1,0.005,,Life.BullStart,Life.Bull,Life.BullStart,Life.BullRetrace,Life.BullStart
2019-11-26,TOPVISN,0.5463,0.5463,0.5463,0.5463,0.5463,0,0.0,0,0.54627,0.54451,0.00176,0.00252,-0.00076,,,-0.00087,-0.00103,-0.0012,-0.00136,0.54474,0.53645,0.51412,0.46587,0.5463,,,,,,,,,,,,,,,,,,,,,,0.0,0.0,0.0,0.0,,,,,,,,,,,,,,0.7058,0.3062,0.7887,0.0829,-0.3996,0.4825,0.15,,,,,,,,0,0,0,0,0,0,,,,,,,3000,5000,3000,5000,5000,5000,5000,-8.43,0.0,-15.79,-7.81,-38.98,-13.89,0.0,1,0,1,0,0,0.015,0.021,0.011,0.0,0.005,0.001,0.01237,0.01746,0.01005,0.00033,0.00605,0.00134,0,0,0,100,100,100,0,0,0,100,100,100,0,0,0,100,100,100,2019-10-08,2019-06-14,2019-05-07,2019-09-23,2019-05-30,2019-04-18,,,,,,,,,,,,,,,,,,,0.01567,0.019,0.01767,0.002,0.007,33.33867,0,0,0,0,0,0,0,0,0,0,0,0,0,0,0,0,0,0,1,0,1,0,0,0,0,0,0,0,0,0,0,0,0,0,0,0,0,0,0,0,1,0,0,0,0,0,0,0,0,0,0,0,0,0,0,0,0,1,1,1,1,1,1,0,0,0,0,0,0,1,1,1,1,1,1,0,0,0,0,0,0,0,0,0,1,1,1,1,1,1,0,0,0,0,0,0,1,1,1,1,1,1,0,1,1,0,0,1,0,1,1,1,1,1,0.005,,Life.BullStart,Life.Bull,Life.BullStart,Life.BullRetrace,Life.BullStart
2019-11-27,TOPVISN,0.5463,0.5463,0.5463,0.5463,0.5463,0,0.0,0,0.54627,0.54464,0.00163,0.00234,-0.00071,,,-0.00081,-0.00097,-0.00113,-0.0013,0.54486,0.53684,0.51476,0.46667,0.5463,,,,,,,,,,,,,,,,,,,,,,0.0,0.0,0.0,0.0,,,,,,,,,,,,,,0.7017,0.301,0.7819,0.0802,-0.4007,0.4809,0.15,,,,,,,,0,0,0,0,0,0,,,,,,,3000,5000,3000,5000,5000,5000,5000,-8.43,0.0,-15.79,-7.81,-38.98,-13.89,0.0,1,0,1,0,0,0.015,0.021,0.011,0.0,0.005,0.001,0.01237,0.01746,0.01005,0.00033,0.00605,0.00134,0,0,0,100,100,100,0,0,0,100,100,100,0,0,0,100,100,100,2019-10-08,2019-06-14,2019-05-07,2019-09-23,2019-05-30,2019-04-18,,,,,,,,,,,,,,,,,,,0.01567,0.019,0.01767,0.002,0.007,33.33867,0,0,0,0,0,0,0,0,0,0,0,0,0,0,0,0,0,0,1,0,1,0,0,0,0,0,0,0,0,0,0,0,0,0,0,0,0,0,0,0,1,0,0,0,0,0,0,0,0,0,0,0,0,0,0,0,0,1,1,1,1,1,1,0,0,0,0,0,0,1,1,1,1,1,1,0,0,0,0,0,0,0,0,0,1,1,1,1,1,1,0,0,0,0,0,0,1,1,1,1,1,1,0,1,1,0,0,1,0,1,1,1,1,1,0.005,,Life.BullStart,Life.Bull,Life.BullStart,Life.BullRetrace,Life.BullStart
2019-11-28,TOPVISN,0.5463,0.5463,0.5463,0.5463,0.5463,0,0.0,0,0.54628,0.54476,0.00151,0.00217,-0.00066,,,-0.00076,-0.00091,-0.00107,-0.00124,0.54497,0.53721,0.51538,0.46747,0.5463,,,,,,,,,,,,,,,,,,,,,,0.0,0.0,0.0,0.0,,,,,,,,,,,,,,0.6974,0.2959,0.775,0.0776,-0.4015,0.4791,0.15,,,,,,,,0,0,0,0,0,0,,,,,,,3000,5000,3000,5000,5000,5000,5000,-8.43,0.0,-15.79,-7.81,-38.98,-13.89,0.0,1,0,1,0,0,0.015,0.021,0.011,0.0,0.005,0.001,0.01237,0.01746,0.01005,0.00033,0.00605,0.00134,0,0,0,100,100,100,0,0,0,100,100,100,0,0,0,100,100,100,2019-10-08,2019-06-14,2019-05-07,2019-09-23,2019-05-30,2019-04-18,,,,,,,,,,,,,,,,,,,0.01567,0.019,0.01767,0.002,0.007,33.33867,0,0,0,0,0,0,0,0,0,0,0,0,0,0,0,0,0,0,1,0,1,0,0,0,0,0,0,0,0,0,0,0,0,0,0,0,0,0,0,0,1,0,0,0,0,0,0,0,0,0,0,0,0,0,0,0,0,1,1,1,1,1,1,0,0,0,0,0,0,1,1,1,1,1,1,0,0,0,0,0,0,0,0,0,1,1,1,1,1,1,0,0,0,0,0,0,1,1,1,1,1,1,0,1,1,0,0,1,0,1,1,1,1,1,0.005,,Life.BullStart,Life.Bull,Life.BullStart,Life.BullRetrace,Life.BullStart
2019-11-29,TOPVISN,0.5463,0.5463,0.5463,0.5463,0.5463,0,0.0,0,0.54628,0.54488,0.0014,0.00202,-0.00062,,,-0.00071,-0.00085,-0.00101,-0.00118,0.54507,0.53757,0.516,0.46825,0.5463,,,,,,,,,,,,,,,,,,,,,,0.0,0.0,0.0,0.0,,,,,,,,,,,,,,0.6932,0.2907,0.7682,0.075,-0.4025,0.4775,0.15,,,,,,,,0,0,0,0,0,0,,,,,,,3000,5000,3000,5000,5000,5000,5000,-8.43,0.0,-15.79,-7.81,-38.98,-13.89,0.0,1,0,1,0,0,0.015,0.021,0.011,0.0,0.005,0.001,0.01237,0.01746,0.01005,0.00033,0.00605,0.00134,0,0,0,100,100,100,0,0,0,100,100,100,0,0,0,100,100,100,2019-10-08,2019-06-14,2019-05-07,2019-09-23,2019-05-30,2019-04-18,,,,,,,,,,,,,,,,,,,0.01567,0.019,0.01767,0.002,0.007,33.33867,0,0,0,0,0,0,0,0,0,0,0,0,0,0,0,0,0,0,1,0,1,0,0,0,0,0,0,0,0,0,0,0,0,0,0,0,0,0,0,0,1,0,0,0,0,0,0,0,0,0,0,0,0,0,0,0,0,1,1,1,1,1,1,0,0,0,0,0,0,1,1,1,1,1,1,0,0,0,0,0,0,0,0,0,1,1,1,1,1,1,0,0,0,0,0,0,1,1,1,1,1,1,0,1,1,0,0,1,0,1,1,1,1,1,0.005,,Life.BullStart,Life.Bull,Life.BullStart,Life.BullRetrace,Life.BullStart
2019-12-02,TOPVISN,0.5463,0.5463,0.5463,0.5463,0.5463,0,0.0,0,0.54628,0.54498,0.0013,0.00188,-0.00058,,,-0.00066,-0.0008,-0.00095,-0.00112,0.54517,0.53791,0.5166,0.46903,0.5463,,,,,,,,,,,,,,,,,,,,,,0.0,0.0,0.0,0.0,,,,,,,,,,,,,,0.6888,0.2857,0.7614,0.0726,-0.4031,0.4757,0.15,,,,,,,,0,0,0,0,0,0,,,,,,,3000,5000,3000,5000,5000,5000,5000,-8.43,0.0,-15.79,-7.81,-38.98,-13.89,0.0,1,0,1,0,0,0.015,0.021,0.011,0.0,0.005,0.001,0.01237,0.01746,0.01005,0.00033,0.00605,0.00134,0,0,0,100,100,100,0,0,0,100,100,100,0,0,0,100,100,100,2019-10-08,2019-06-14,2019-05-07,2019-09-23,2019-05-30,2019-04-18,,,,,,,,,,,,,,,,,,,0.01567,0.019,0.01767,0.002,0.007,33.33867,0,0,0,0,0,0,0,0,0,0,0,0,0,0,0,0,0,0,1,0,1,0,0,0,0,0,0,0,0,0,0,0,0,0,0,0,0,0,0,0,1,0,0,0,0,0,0,0,0,0,0,0,0,0,0,0,0,1,1,1,1,1,1,0,0,0,0,0,0,1,1,1,1,1,1,0,0,0,0,0,0,0,0,0,1,1,1,1,1,1,0,0,0,0,0,0,1,1,1,1,1,1,0,1,1,0,0,1,0,1,1,1,1,1,0.005,,Life.BullStart,Life.Bull,Life.BullStart,Life.BullRetrace,Life.BullStart
2019-12-03,TOPVISN,0.5463,0.5463,0.5463,0.5463,0.5463,0,0.0,0,0.54629,0.54508,0.0012,0.00174,-0.00054,,,-0.00062,-0.00075,-0.00089,-0.00106,0.54525,0.53824,0.51718,0.4698,0.5463,,,,,,,,,,,,,,,,,,,,,,0.0,0.0,0.0,0.0,,,,,,,,,,,,,,0.6844,0.2807,0.7545,0.0701,-0.4037,0.4738,0.15,,,,,,,,0,0,0,0,0,0,,,,,,,3000,5000,3000,5000,5000,5000,5000,-8.43,0.0,-15.79,-7.81,-38.98,-13.89,0.0,1,0,1,0,0,0.015,0.021,0.011,0.0,0.005,0.001,0.01237,0.01746,0.01005,0.00033,0.00605,0.00134,0,0,0,100,100,100,0,0,0,100,100,100,0,0,0,100,100,100,2019-10-08,2019-06-14,2019-05-07,2019-09-23,2019-05-30,2019-04-18,,,,,,,,,,,,,,,,,,,0.01567,0.019,0.01767,0.002,0.007,33.33867,0,0,0,0,0,0,0,0,0,0,0,0,0,0,0,0,0,0,1,0,1,0,0,0,0,0,0,0,0,0,0,0,0,0,0,0,0,0,0,0,1,0,0,0,0,0,0,0,0,0,0,0,0,0,0,0,0,1,1,1,1,1,1,0,0,0,0,0,0,1,1,1,1,1,1,0,0,0,0,0,0,0,0,0,1,1,1,1,1,1,0,0,0,0,0,0,1,1,1,1,1,1,0,1,1,0,0,1,0,1,1,1,1,1,0.005,,Life.BullStart,Life.Bull,Life.BullStart,Life.BullRetrace,Life.BullStart
2019-12-04,TOPVISN,0.5463,0.5463,0.5463,0.5463,0.5463,0,0.0,0,0.54629,0.54517,0.00112,0.00162,-0.0005,,,-0.00058,-0.0007,-0.00084,-0.001,0.54533,0.53856,0.51776,0.47056,0.5463,,,,,,,,,,,,,,,,,,,,,,0.0,0.0,0.0,0.0,,,,,,,,,,,,,,0.68,0.2757,0.7477,0.0677,-0.4043,0.472,0.15,,,,,,,,0,0,0,0,0,0,,,,,,,3000,5000,3000,5000,5000,5000,5000,-8.43,0.0,-15.79,-7.81,-38.98,-13.89,0.0,1,0,1,0,0,0.015,0.021,0.011,0.0,0.005,0.001,0.01237,0.01746,0.01005,0.00033,0.00605,0.00134,0,0,0,100,100,100,0,0,0,100,100,100,0,0,0,100,100,100,2019-10-08,2019-06-14,2019-05-07,2019-09-23,2019-05-30,2019-04-18,,,,,,,,,,,,,,,,,,,0.01567,0.019,0.01767,0.002,0.007,33.33867,0,0,0,0,0,0,0,0,0,0,0,0,0,0,0,0,0,0,1,0,1,0,0,0,0,0,0,0,0,0,0,0,0,0,0,0,0,0,0,0,1,0,0,0,0,0,0,0,0,0,0,0,0,0,0,0,0,1,1,1,1,1,1,0,0,0,0,0,0,1,1,1,1,1,1,0,0,0,0,0,0,0,0,0,1,1,1,1,1,1,0,0,0,0,0,0,1,1,1,1,1,1,0,1,1,0,0,1,0,1,1,1,1,1,0.005,,Life.BullStart,Life.Bull,Life.BullStart,Life.BullRetrace,Life.BullStart
2019-12-05,TOPVISN,0.5463,0.5463,0.5463,0.5463,0.5463,0,0.0,0,0.54629,0.54525,0.00104,0.0015,-0.00047,,,-0.00054,-0.00065,-0.00078,-0.00094,0.54541,0.53886,0.51833,0.47131,0.5463,,,,,,,,,,,,,,,,,,,,,,0.0,0.0,0.0,0.0,,,,,,,,,,,,,,0.6755,0.2708,0.741,0.0655,-0.4047,0.4702,0.15,,,,,,,,0,0,0,0,0,0,,,,,,,3000,5000,3000,5000,5000,5000,5000,-8.43,0.0,-15.79,-7.81,-38.98,-13.89,0.0,1,0,1,0,0,0.015,0.021,0.011,0.0,0.005,0.001,0.01237,0.01746,0.01005,0.00033,0.00605,0.00134,0,0,0,100,100,100,0,0,0,100,100,100,0,0,0,100,100,100,2019-10-08,2019-06-14,2019-05-07,2019-09-23,2019-05-30,2019-04-18,,,,,,,,,,,,,,,,,,,0.01567,0.019,0.01767,0.002,0.007,33.33867,0,0,0,0,0,0,0,0,0,0,0,0,0,0,0,0,0,0,1,0,1,0,0,0,0,0,0,0,0,0,0,0,0,0,0,0,0,0,0,0,1,0,0,0,0,0,0,0,0,0,0,0,0,0,0,0,0,1,1,1,1,1,1,0,0,0,0,0,0,1,1,1,1,1,1,0,0,0,0,0,0,0,0,0,1,1,1,1,1,1,0,0,0,0,0,0,1,1,1,1,1,1,0,1,1,0,0,1,0,1,1,1,1,1,0.005,,Life.BullStart,Life.Bull,Life.BullStart,Life.BullRetrace,Life.BullStart
2019-12-06,TOPVISN,0.5463,0.5463,0.5463,0.5463,0.5463,0,0.0,0,0.54629,0.54533,0.00096,0.00139,-0.00043,,,-0.0005,-0.00061,-0.00073,-0.00088,0.54548,0.53915,0.51888,0.47206,0.5463,,,,,,,,,,,,,,,,,,,,,,0.0,0.0,0.0,0.0,,,,,,,,,,,,,,0.6709,0.266,0.7342,0.0633,-0.4049,0.4682,0.15,,,,,,,,0,0,0,0,0,0,,,,,,,3000,5000,3000,5000,5000,5000,5000,-8.43,0.0,-15.79,-7.81,-38.98,-13.89,0.0,1,0,1,0,0,0.015,0.021,0.011,0.0,0.005,0.001,0.01237,0.01746,0.01005,0.00033,0.00605,0.00134,0,0,0,100,100,100,0,0,0,100,100,100,0,0,0,100,100,100,2019-10-08,2019-06-14,2019-05-07,2019-09-23,2019-05-30,2019-04-18,,,,,,,,,,,,,,,,,,,0.01567,0.019,0.01767,0.002,0.007,33.33867,0,0,0,0,0,0,0,0,0,0,0,0,0,0,0,0,0,0,1,0,1,0,0,0,0,0,0,0,0,0,0,0,0,0,0,0,0,0,0,0,1,0,0,0,0,0,0,0,0,0,0,0,0,0,0,0,0,1,1,1,1,1,1,0,0,0,0,0,0,1,1,1,1,1,1,0,0,0,0,0,0,0,0,0,1,1,1,1,1,1,0,0,0,0,0,0,1,1,1,1,1,1,0,1,1,0,0,1,0,1,1,1,1,1,0.005,,Life.BullStart,Life.Bull,Life.BullStart,Life.BullRetrace,Life.BullStart
2019-12-09,TOPVISN,0.5463,0.5463,0.5463,0.5463,0.5463,0,0.0,0,0.54629,0.5454,0.00089,0.00129,-0.0004,,,-0.00047,-0.00057,-0.00069,-0.00083,0.54554,0.53943,0.51942,0.4728,0.5463,,,,,,,,,,,,,,,,,,,,,,0.0,0.0,0.0,0.0,,,,,,,,,,,,,,0.6663,0.2612,0.7274,0.0611,-0.4051,0.4662,0.15,,,,,,,,0,0,0,0,0,0,,,,,,,3000,5000,3000,5000,5000,5000,5000,-8.43,0.0,-15.79,-7.81,-38.98,-13.89,0.0,1,0,1,0,0,0.015,0.021,0.011,0.0,0.005,0.001,0.01237,0.01746,0.01005,0.00033,0.00605,0.00134,0,0,0,100,100,100,0,0,0,100,100,100,0,0,0,100,100,100,2019-10-08,2019-06-14,2019-05-07,2019-09-23,2019-05-30,2019-04-18,,,,,,,,,,,,,,,,,,,0.01567,0.019,0.01767,0.002,0.007,33.33867,0,0,0,0,0,0,0,0,0,0,0,0,0,0,0,0,0,0,1,0,1,0,0,0,0,0,0,0,0,0,0,0,0,0,0,0,0,0,0,0,1,0,0,0,0,0,0,0,0,0,0,0,0,0,0,0,0,1,1,1,1,1,1,0,0,0,0,0,0,1,1,1,1,1,1,0,0,0,0,0,0,0,0,0,1,1,1,1,1,1,0,0,0,0,0,0,1,1,1,1,1,1,0,1,1,0,0,1,0,1,1,1,1,1,0.005,,Life.BullStart,Life.Bull,Life.BullStart,Life.BullRetrace,Life.BullStart
2019-12-10,TOPVISN,0.5463,0.5463,0.5463,0.5463,0.5463,0,0.0,0,0.54629,0.54547,0.00082,0.0012,-0.00037,,,-0.00043,-0.00053,-0.00064,-0.00078,0.5456,0.5397,0.51995,0.47353,0.5463,,,,,,,,,,,,,,,,,,,,,,0.0,0.0,0.0,0.0,,,,,,,,,,,,,,0.6617,0.2565,0.7207,0.059,-0.4052,0.4642,0.15,,,,,,,,0,0,0,0,0,0,,,,,,,3000,5000,3000,5000,5000,5000,5000,-8.43,0.0,-15.79,-7.81,-38.98,-13.89,0.0,1,0,1,0,0,0.015,0.021,0.011,0.0,0.005,0.001,0.01237,0.01746,0.01005,0.00033,0.00605,0.00134,0,0,0,100,100,100,0,0,0,100,100,100,0,0,0,100,100,100,2019-10-08,2019-06-14,2019-05-07,2019-09-23,2019-05-30,2019-04-18,,,,,,,,,,,,,,,,,,,0.01567,0.019,0.01767,0.002,0.007,33.33867,0,0,0,0,0,0,0,0,0,0,0,0,0,0,0,0,0,0,1,0,1,0,0,0,0,0,0,0,0,0,0,0,0,0,0,0,0,0,0,0,1,0,0,0,0,0,0,0,0,0,0,0,0,0,0,0,0,1,1,1,1,1,1,0,0,0,0,0,0,1,1,1,1,1,1,0,0,0,0,0,0,0,0,0,1,1,1,1,1,1,0,0,0,0,0,0,1,1,1,1,1,1,0,1,1,0,0,1,0,1,1,1,1,1,0.005,,Life.BullStart,Life.Bull,Life.BullStart,Life.BullRetrace,Life.BullStart
2019-12-11,TOPVISN,0.5463,0.5463,0.5463,0.5463,0.5463,0,0.0,0,0.54629,0.54553,0.00076,0.00111,-0.00035,,,-0.0004,-0.00049,-0.0006,-0.00073,0.54565,0.53996,0.52048,0.47425,0.5463,,,,,,,,,,,,,,,,,,,,,,0.0,0.0,0.0,0.0,,,,,,,,,,,,,,0.6571,0.2517,0.714,0.0569,-0.4054,0.4623,0.15,,,,,,,,0,0,0,0,0,0,,,,,,,3000,5000,3000,5000,5000,5000,5000,-8.43,0.0,-15.79,-7.81,-38.98,-13.89,0.0,1,0,1,0,0,0.015,0.021,0.011,0.0,0.005,0.001,0.01237,0.01746,0.01005,0.00033,0.00605,0.00134,0,0,0,100,100,100,0,0,0,100,100,100,0,0,0,100,100,100,2019-10-08,2019-06-14,2019-05-07,2019-09-23,2019-05-30,2019-04-18,,,,,,,,,,,,,,,,,,,0.01567,0.019,0.01767,0.002,0.007,33.33867,0,0,0,0,0,0,0,0,0,0,0,0,0,0,0,0,0,0,1,0,1,0,0,0,0,0,0,0,0,0,0,0,0,0,0,0,0,0,0,0,1,0,0,0,0,0,0,0,0,0,0,0,0,0,0,0,0,1,1,1,1,1,1,0,0,0,0,0,0,1,1,1,1,1,1,0,0,0,0,0,0,0,0,0,1,1,1,1,1,1,0,0,0,0,0,0,1,1,1,1,1,1,0,1,1,0,0,1,0,1,1,1,1,1,0.005,,Life.BullStart,Life.Bull,Life.BullStart,Life.BullRetrace,Life.BullStart
2019-12-12,TOPVISN,0.5463,0.5463,0.5463,0.5463,0.5463,0,0.0,0,0.5463,0.54559,0.00071,0.00103,-0.00032,,,-0.00038,-0.00046,-0.00056,-0.00068,0.5457,0.54021,0.52099,0.47497,0.5463,,,,,,,,,,,,,,,,,,,,,,0.0,0.0,0.0,0.0,,,,,,,,,,,,,,0.6524,0.2471,0.7073,0.0549,-0.4053,0.4602,0.15,,,,,,,,0,0,0,0,0,0,,,,,,,3000,5000,3000,5000,5000,5000,5000,-8.43,0.0,-15.79,-7.81,-38.98,-13.89,0.0,1,0,1,0,0,0.015,0.021,0.011,0.0,0.005,0.001,0.01237,0.01746,0.01005,0.00033,0.00605,0.00134,0,0,0,100,100,100,0,0,0,100,100,100,0,0,0,100,100,100,2019-10-08,2019-06-14,2019-05-07,2019-09-23,2019-05-30,2019-04-18,,,,,,,,,,,,,,,,,,,0.01567,0.019,0.01767,0.002,0.007,33.33867,0,0,0,0,0,0,0,0,0,0,0,0,0,0,0,0,0,0,1,0,1,0,0,0,0,0,0,0,0,0,0,0,0,0,0,0,0,0,0,0,1,0,0,0,0,0,0,0,0,0,0,0,0,0,0,0,0,1,1,1,1,1,1,0,0,0,0,0,0,1,1,1,1,1,1,0,0,0,0,0,0,0,0,0,1,1,1,1,1,1,0,0,0,0,0,0,1,1,1,1,1,1,0,1,1,0,0,1,0,1,1,1,1,1,0.005,,Life.BullStart,Life.Bull,Life.BullStart,Life.BullRetrace,Life.BullStart
2019-12-13,TOPVISN,0.5463,0.5463,0.5463,0.5463,0.5463,0,0.0,0,0.5463,0.54564,0.00066,0.00096,-0.0003,,,-0.00035,-0.00043,-0.00052,-0.00064,0.54575,0.54045,0.52149,0.47568,0.5463,,,,,,,,,,,,,,,,,,,,,,0.0,0.0,0.0,0.0,,,,,,,,,,,,,,0.6477,0.2426,0.7007,0.053,-0.4051,0.4581,0.15,,,,,,,,0,0,0,0,0,0,,,,,,,3000,5000,3000,5000,5000,5000,5000,-8.43,0.0,-15.79,-7.81,-38.98,-13.89,0.0,1,0,1,0,0,0.015,0.021,0.011,0.0,0.005,0.001,0.01237,0.01746,0.01005,0.00033,0.00605,0.00134,0,0,0,100,100,100,0,0,0,100,100,100,0,0,0,100,100,100,2019-10-08,2019-06-14,2019-05-07,2019-09-23,2019-05-30,2019-04-18,,,,,,,,,,,,,,,,,,,0.01567,0.019,0.01767,0.002,0.007,33.33867,0,0,0,0,0,0,0,0,0,0,0,0,0,0,0,0,0,0,1,0,1,0,0,0,0,0,0,0,0,0,0,0,0,0,0,0,0,0,0,0,1,0,0,0,0,0,0,0,0,0,0,0,0,0,0,0,0,1,1,1,1,1,1,0,0,0,0,0,0,1,1,1,1,1,1,0,0,0,0,0,0,0,0,0,1,1,1,1,1,1,0,0,0,0,0,0,1,1,1,1,1,1,0,1,1,0,0,1,0,1,1,1,1,1,0.005,,Life.BullStart,Life.Bull,Life.BullStart,Life.BullRetrace,Life.BullStart
2019-12-16,TOPVISN,0.5463,0.5463,0.5463,0.5463,0.5463,0,0.0,0,0.5463,0.54569,0.00061,0.00089,-0.00028,,,-0.00032,-0.0004,-0.00049,-0.0006,0.54579,0.54068,0.52198,0.47638,0.5463,,,,,,,,,,,,,,,,,,,,,,0.0,0.0,0.0,0.0,,,,,,,,,,,,,,0.643,0.2381,0.6941,0.0511,-0.4049,0.456,0.15,,,,,,,,0,0,0,0,0,0,,,,,,,3000,5000,3000,5000,5000,5000,5000,-8.43,0.0,-15.79,-7.81,-38.98,-13.89,0.0,1,0,1,0,0,0.015,0.021,0.011,0.0,0.005,0.001,0.01237,0.01746,0.01005,0.00033,0.00605,0.00134,0,0,0,100,100,100,0,0,0,100,100,100,0,0,0,100,100,100,2019-10-08,2019-06-14,2019-05-07,2019-09-23,2019-05-30,2019-04-18,,,,,,,,,,,,,,,,,,,0.01567,0.019,0.01767,0.002,0.007,33.33867,0,0,0,0,0,0,0,0,0,0,0,0,0,0,0,0,0,0,1,0,1,0,0,0,0,0,0,0,0,0,0,0,0,0,0,0,0,0,0,0,1,0,0,0,0,0,0,0,0,0,0,0,0,0,0,0,0,1,1,1,1,1,1,0,0,0,0,0,0,1,1,1,1,1,1,0,0,0,0,0,0,0,0,0,1,1,1,1,1,1,0,0,0,0,0,0,1,1,1,1,1,1,0,1,1,0,0,1,0,1,1,1,1,1,0.005,,Life.BullStart,Life.Bull,Life.BullStart,Life.BullRetrace,Life.BullStart
2019-12-17,TOPVISN,0.5463,0.5463,0.5463,0.5463,0.5463,0,0.0,0,0.5463,0.54574,0.00056,0.00082,-0.00026,,,-0.0003,-0.00037,-0.00045,-0.00056,0.54583,0.5409,0.52246,0.47708,0.5463,,,,,,,,,,,,,,,,,,,,,,0.0,0.0,0.0,0.0,,,,,,,,,,,,,,0.6382,0.2337,0.6875,0.0493,-0.4045,0.4538,0.15,,,,,,,,0,0,0,0,0,0,,,,,,,3000,5000,3000,5000,5000,5000,5000,-8.43,0.0,-15.79,-7.81,-38.98,-13.89,0.0,1,0,1,0,0,0.015,0.021,0.011,0.0,0.005,0.001,0.01237,0.01746,0.01005,0.00033,0.00605,0.00134,0,0,0,100,100,100,0,0,0,100,100,100,0,0,0,100,100,100,2019-10-08,2019-06-14,2019-05-07,2019-09-23,2019-05-30,2019-04-18,,,,,,,,,,,,,,,,,,,0.01567,0.019,0.01767,0.002,0.007,33.33867,0,0,0,0,0,0,0,0,0,0,0,0,0,0,0,0,0,0,1,0,1,0,0,0,0,0,0,0,0,0,0,0,0,0,0,0,0,0,0,0,1,0,0,0,0,0,0,0,0,0,0,0,0,0,0,0,0,1,1,1,1,1,1,0,0,0,0,0,0,1,1,1,1,1,1,0,0,0,0,0,0,0,0,0,1,1,1,1,1,1,0,0,0,0,0,0,1,1,1,1,1,1,0,1,1,0,0,1,0,1,1,1,1,1,0.005,,Life.BullStart,Life.Bull,Life.BullStart,Life.BullRetrace,Life.BullStart
2019-12-18,TOPVISN,0.5463,0.5463,0.5463,0.5463,0.5463,0,0.0,0,0.5463,0.54578,0.00052,0.00076,-0.00024,,,-0.00028,-0.00034,-0.00042,-0.00052,0.54587,0.54111,0.52293,0.47776,0.5463,,,,,,,,,,,,,,,,,,,,,,0.0,0.0,0.0,0.0,,,,,,,,,,,,,,0.6335,0.2294,0.6811,0.0476,-0.4041,0.4517,0.15,,,,,,,,0,0,0,0,0,0,,,,,,,3000,5000,3000,5000,5000,5000,5000,-8.43,0.0,-15.79,-7.81,-38.98,-13.89,0.0,1,0,1,0,0,0.015,0.021,0.011,0.0,0.005,0.001,0.01237,0.01746,0.01005,0.00033,0.00605,0.00134,0,0,0,100,100,100,0,0,0,100,100,100,0,0,0,100,100,100,2019-10-08,2019-06-14,2019-05-07,2019-09-23,2019-05-30,2019-04-18,,,,,,,,,,,,,,,,,,,0.01567,0.019,0.01767,0.002,0.007,33.33867,0,0,0,0,0,0,0,0,0,0,0,0,0,0,0,0,0,0,1,0,1,0,0,0,0,0,0,0,0,0,0,0,0,0,0,0,0,0,0,0,1,0,0,0,0,0,0,0,0,0,0,0,0,0,0,0,0,1,1,1,1,1,1,0,0,0,0,0,0,1,1,1,1,1,1,0,0,0,0,0,0,0,0,0,1,1,1,1,1,1,0,0,0,0,0,0,1,1,1,1,1,1,0,1,1,0,0,1,0,1,1,1,1,1,0.005,,Life.BullStart,Life.Bull,Life.BullStart,Life.BullRetrace,Life.BullStart
2019-12-19,TOPVISN,0.5463,0.5463,0.5463,0.5463,0.5463,0,0.0,0,0.5463,0.54582,0.00048,0.00071,-0.00022,,,-0.00026,-0.00032,-0.00039,-0.00048,0.5459,0.54131,0.5234,0.47845,0.5463,,,,,,,,,,,,,,,,,,,,,,0.0,0.0,0.0,0.0,,,,,,,,,,,,,,0.6286,0.225,0.6745,0.0459,-0.4036,0.4495,0.15,,,,,,,,0,0,0,0,0,0,,,,,,,3000,5000,3000,5000,5000,5000,5000,-8.43,0.0,-15.79,-7.81,-38.98,-13.89,0.0,1,0,1,0,0,0.015,0.021,0.011,0.0,0.005,0.001,0.01237,0.01746,0.01005,0.00033,0.00605,0.00134,0,0,0,100,100,100,0,0,0,100,100,100,0,0,0,100,100,100,2019-10-08,2019-06-14,2019-05-07,2019-09-23,2019-05-30,2019-04-18,,,,,,,,,,,,,,,,,,,0.01567,0.019,0.01767,0.002,0.007,33.33867,0,0,0,0,0,0,0,0,0,0,0,0,0,0,0,0,0,0,1,0,1,0,0,0,0,0,0,0,0,0,0,0,0,0,0,0,0,0,0,0,1,0,0,0,0,0,0,0,0,0,0,0,0,0,0,0,0,1,1,1,1,1,1,0,0,0,0,0,0,1,1,1,1,1,1,0,0,0,0,0,0,0,0,0,1,1,1,1,1,1,0,0,0,0,0,0,1,1,1,1,1,1,0,1,1,0,0,1,0,1,1,1,1,1,0.005,,Life.BullStart,Life.Bull,Life.BullStart,Life.BullRetrace,Life.BullStart
2019-12-20,TOPVISN,0.5463,0.5463,0.5463,0.5463,0.5463,0,0.0,0,0.5463,0.54585,0.00045,0.00065,-0.00021,,,-0.00024,-0.0003,-0.00036,-0.00045,0.54593,0.54151,0.52385,0.47912,0.5463,,,,,,,,,,,,,,,,,,,,,,0.0,0.0,0.0,0.0,,,,,,,,,,,,,,0.6239,0.2208,0.6681,0.0442,-0.4031,0.4473,0.15,,,,,,,,0,0,0,0,0,0,,,,,,,3000,5000,3000,5000,5000,5000,5000,-8.43,0.0,-15.79,-7.81,-38.98,-13.89,0.0,1,0,1,0,0,0.015,0.021,0.011,0.0,0.005,0.001,0.01237,0.01746,0.01005,0.00033,0.00605,0.00134,0,0,0,100,100,100,0,0,0,100,100,100,0,0,0,100,100,100,2019-10-08,2019-06-14,2019-05-07,2019-09-23,2019-05-30,2019-04-18,,,,,,,,,,,,,,,,,,,0.01567,0.019,0.01767,0.002,0.007,33.33867,0,0,0,0,0,0,0,0,0,0,0,0,0,0,0,0,0,0,1,0,1,0,0,0,0,0,0,0,0,0,0,0,0,0,0,0,0,0,0,0,1,0,0,0,0,0,0,0,0,0,0,0,0,0,0,0,0,1,1,1,1,1,1,0,0,0,0,0,0,1,1,1,1,1,1,0,0,0,0,0,0,0,0,0,1,1,1,1,1,1,0,0,0,0,0,0,1,1,1,1,1,1,0,1,1,0,0,1,0,1,1,1,1,1,0.005,,Life.BullStart,Life.Bull,Life.BullStart,Life.BullRetrace,Life.BullStart
2019-12-23,TOPVISN,0.5463,0.5463,0.5463,0.5463,0.5463,0,0.0,0,0.5463,0.54588,0.00041,0.00061,-0.00019,,,-0.00022,-0.00027,-0.00034,-0.00042,0.54596,0.5417,0.52429,0.47979,0.5463,,,,,,,,,,,,,,,,,,,,,,0.0,0.0,0.0,0.0,,,,,,,,,,,,,,0.6191,0.2167,0.6617,0.0426,-0.4024,0.445,0.15,,,,,,,,0,0,0,0,0,0,,,,,,,3000,5000,3000,5000,5000,5000,5000,-8.43,0.0,-15.79,-7.81,-38.98,-13.89,0.0,1,0,1,0,0,0.015,0.021,0.011,0.0,0.005,0.001,0.01237,0.01746,0.01005,0.00033,0.00605,0.00134,0,0,0,100,100,100,0,0,0,100,100,100,0,0,0,100,100,100,2019-10-08,2019-06-14,2019-05-07,2019-09-23,2019-05-30,2019-04-18,,,,,,,,,,,,,,,,,,,0.01567,0.019,0.01767,0.002,0.007,33.33867,0,0,0,0,0,0,0,0,0,0,0,0,0,0,0,0,0,0,1,0,1,0,0,0,0,0,0,0,0,0,0,0,0,0,0,0,0,0,0,0,1,0,0,0,0,0,0,0,0,0,0,0,0,0,0,0,0,1,1,1,1,1,1,0,0,0,0,0,0,1,1,1,1,1,1,0,0,0,0,0,0,0,0,0,1,1,1,1,1,1,0,0,0,0,0,0,1,1,1,1,1,1,0,1,1,0,0,1,0,1,1,1,1,1,0.005,,Life.BullStart,Life.Bull,Life.BullStart,Life.BullRetrace,Life.BullStart
2019-12-24,TOPVISN,0.5463,0.5463,0.5463,0.5463,0.5463,0,0.0,0,0.5463,0.54592,0.00038,0.00056,-0.00018,,,-0.00021,-0.00025,-0.00031,-0.00039,0.54598,0.54188,0.52473,0.48045,0.5463,,,,,,,,,,,,,,,,,,,,,,0.0,0.0,0.0,0.0,,,,,,,,,,,,,,0.6143,0.2125,0.6553,0.041,-0.4018,0.4428,0.15,,,,,,,,0,0,0,0,0,0,,,,,,,3000,5000,3000,5000,5000,5000,5000,-8.43,0.0,-15.79,-7.81,-38.98,-13.89,0.0,1,0,1,0,0,0.015,0.021,0.011,0.0,0.005,0.001,0.01237,0.01746,0.01005,0.00033,0.00605,0.00134,0,0,0,100,100,100,0,0,0,100,100,100,0,0,0,100,100,100,2019-10-08,2019-06-14,2019-05-07,2019-09-23,2019-05-30,2019-04-18,,,,,,,,,,,,,,,,,,,0.01567,0.019,0.01767,0.002,0.007,33.33867,0,0,0,0,0,0,0,0,0,0,0,0,0,0,0,0,0,0,1,0,1,0,0,0,0,0,0,0,0,0,0,0,0,0,0,0,0,0,0,0,1,0,0,0,0,0,0,0,0,0,0,0,0,0,0,0,0,1,1,1,1,1,1,0,0,0,0,0,0,1,1,1,1,1,1,0,0,0,0,0,0,0,0,0,1,1,1,1,1,1,0,0,0,0,0,0,1,1,1,1,1,1,0,1,1,0,0,1,0,1,1,1,1,1,0.005,,Life.BullStart,Life.Bull,Life.BullStart,Life.BullRetrace,Life.BullStart
2019-12-26,TOPVISN,0.5463,0.5463,0.5463,0.5463,0.5463,0,0.0,0,0.5463,0.54594,0.00035,0.00052,-0.00016,,,-0.00019,-0.00024,-0.00029,-0.00036,0.54601,0.54205,0.52516,0.48111,0.5463,,,,,,,,,,,,,,,,,,,,,,0.0,0.0,0.0,0.0,,,,,,,,,,,,,,0.6094,0.2085,0.649,0.0396,-0.4009,0.4405,0.15,,,,,,,,0,0,0,0,0,0,,,,,,,3000,5000,3000,5000,5000,5000,5000,-8.43,0.0,-15.79,-7.81,-38.98,-13.89,0.0,1,0,1,0,0,0.015,0.021,0.011,0.0,0.005,0.001,0.01237,0.01746,0.01005,0.00033,0.00605,0.00134,0,0,0,100,100,100,0,0,0,100,100,100,0,0,0,100,100,100,2019-10-08,2019-06-14,2019-05-07,2019-09-23,2019-05-30,2019-04-18,,,,,,,,,,,,,,,,,,,0.01567,0.019,0.01767,0.002,0.007,33.33867,0,0,0,0,0,0,0,0,0,0,0,0,0,0,0,0,0,0,1,0,1,0,0,0,0,0,0,0,0,0,0,0,0,0,0,0,0,0,0,0,1,0,0,0,0,0,0,0,0,0,0,0,0,0,0,0,0,1,1,1,1,1,1,0,0,0,0,0,0,1,1,1,1,1,1,0,0,0,0,0,0,0,0,0,1,1,1,1,1,1,0,0,0,0,0,0,1,1,1,1,1,1,0,1,1,0,0,1,0,1,1,1,1,1,0.005,,Life.BullStart,Life.Bull,Life.BullStart,Life.BullRetrace,Life.BullStart
2019-12-27,TOPVISN,0.5463,0.5463,0.5463,0.5463,0.5463,0,0.0,0,0.5463,0.54597,0.00033,0.00048,-0.00015,,,-0.00018,-0.00022,-0.00027,-0.00034,0.54603,0.54222,0.52558,0.48176,0.5463,,,,,,,,,,,,,,,,,,,,,,0.0,0.0,0.0,0.0,,,,,,,,,,,,,,0.6046,0.2045,0.6427,0.0381,-0.4001,0.4382,0.15,,,,,,,,0,0,0,0,0,0,,,,,,,3000,5000,3000,5000,5000,5000,5000,-8.43,0.0,-15.79,-7.81,-38.98,-13.89,0.0,1,0,1,0,0,0.015,0.021,0.011,0.0,0.005,0.001,0.01237,0.01746,0.01005,0.00033,0.00605,0.00134,0,0,0,100,100,100,0,0,0,100,100,100,0,0,0,100,100,100,2019-10-08,2019-06-14,2019-05-07,2019-09-23,2019-05-30,2019-04-18,,,,,,,,,,,,,,,,,,,0.01567,0.019,0.01767,0.002,0.007,33.33867,0,0,0,0,0,0,0,0,0,0,0,0,0,0,0,0,0,0,1,0,1,0,0,0,0,0,0,0,0,0,0,0,0,0,0,0,0,0,0,0,1,0,0,0,0,0,0,0,0,0,0,0,0,0,0,0,0,1,1,1,1,1,1,0,0,0,0,0,0,1,1,1,1,1,1,0,0,0,0,0,0,0,0,0,1,1,1,1,1,1,0,0,0,0,0,0,1,1,1,1,1,1,0,1,1,0,0,1,0,1,1,1,1,1,0.005,,Life.BullStart,Life.Bull,Life.BullStart,Life.BullRetrace,Life.BullStart
2019-12-30,TOPVISN,0.5463,0.5463,0.5463,0.5463,0.5463,0,0.0,0,0.5463,0.54599,0.0003,0.00045,-0.00014,,,-0.00017,-0.0002,-0.00025,-0.00031,0.54605,0.54238,0.52599,0.4824,0.5463,,,,,,,,,,,,,,,,,,,,,,0.0,0.0,0.0,0.0,,,,,,,,,,,,,,0.5998,0.2006,0.6365,0.0367,-0.3992,0.4359,0.15,,,,,,,,0,0,0,0,0,0,,,,,,,3000,5000,3000,5000,5000,5000,5000,-8.43,0.0,-15.79,-7.81,-38.98,-13.89,0.0,1,0,1,0,0,0.015,0.021,0.011,0.0,0.005,0.001,0.01237,0.01746,0.01005,0.00033,0.00605,0.00134,0,0,0,100,100,100,0,0,0,100,100,100,0,0,0,100,100,100,2019-10-08,2019-06-14,2019-05-07,2019-09-23,2019-05-30,2019-04-18,,,,,,,,,,,,,,,,,,,0.01567,0.019,0.01767,0.002,0.007,33.33867,0,0,0,0,0,0,0,0,0,0,0,0,0,0,0,0,0,0,1,0,1,0,0,0,0,0,0,0,0,0,0,0,0,0,0,0,0,0,0,0,1,0,0,0,0,0,0,0,0,0,0,0,0,0,0,0,0,1,1,1,1,1,1,0,0,0,0,0,0,1,1,1,1,1,1,0,0,0,0,0,0,0,0,0,1,1,1,1,1,1,0,0,0,0,0,0,1,1,1,1,1,1,0,1,1,0,0,1,0,1,1,1,1,1,0.005,,Life.BullStart,Life.Bull,Life.BullStart,Life.BullRetrace,Life.BullStart
2019-12-31,TOPVISN,0.5463,0.5463,0.5463,0.5463,0.5463,0,0.0,0,0.5463,0.54602,0.00028,0.00041,-0.00013,,,-0.00015,-0.00019,-0.00023,-0.00029,0.54607,0.54253,0.52639,0.48303,0.5463,,,,,,,,,,,,,,,,,,,,,,0.0,0.0,0.0,0.0,,,,,,,,,,,,,,0.595,0.1968,0.6304,0.0354,-0.3982,0.4336,0.15,,,,,,,,0,0,0,0,0,0,,,,,,,3000,5000,3000,5000,5000,5000,5000,-8.43,0.0,-15.79,-7.81,-38.98,-13.89,0.0,1,0,1,0,0,0.015,0.021,0.011,0.0,0.005,0.001,0.01237,0.01746,0.01005,0.00033,0.00605,0.00134,0,0,0,100,100,100,0,0,0,100,100,100,0,0,0,100,100,100,2019-10-08,2019-06-14,2019-05-07,2019-09-23,2019-05-30,2019-04-18,,,,,,,,,,,,,,,,,,,0.01567,0.019,0.01767,0.002,0.007,33.33867,0,0,0,0,0,0,0,0,0,0,0,0,0,0,0,0,0,0,1,0,1,0,0,0,0,0,0,0,0,0,0,0,0,0,0,0,0,0,0,0,1,0,0,0,0,0,0,0,0,0,0,0,0,0,0,0,0,1,1,1,1,1,1,0,0,0,0,0,0,1,1,1,1,1,1,0,0,0,0,0,0,0,0,0,1,1,1,1,1,1,0,0,0,0,0,0,1,1,1,1,1,1,0,1,1,0,0,1,0,1,1,1,1,1,0.005,,Life.BullStart,Life.Bull,Life.BullStart,Life.BullRetrace,Life.BullStart
2020-01-02,TOPVISN,0.5463,0.5463,0.5463,0.5463,0.5463,0,0.0,0,0.5463,0.54604,0.00026,0.00038,-0.00012,,,-0.00014,-0.00018,-0.00022,-0.00027,0.54609,0.54268,0.52678,0.48366,0.5463,,,,,,,,,,,,,,,,,,,,,,0.0,0.0,0.0,0.0,,,,,,,,,,,,,,0.5902,0.1931,0.6243,0.0341,-0.3971,0.4312,0.15,,,,,,,,0,0,0,0,0,0,,,,,,,3000,5000,3000,5000,5000,5000,5000,-8.43,0.0,-15.79,-7.81,-38.98,-13.89,0.0,1,0,1,0,0,0.015,0.021,0.011,0.0,0.005,0.001,0.01237,0.01746,0.01005,0.00033,0.00605,0.00134,0,0,0,100,100,100,0,0,0,100,100,100,0,0,0,100,100,100,2019-10-08,2019-06-14,2019-05-07,2019-09-23,2019-05-30,2019-04-18,,,,,,,,,,,,,,,,,,,0.01567,0.019,0.01767,0.002,0.007,33.33867,0,0,0,0,0,0,0,0,0,0,0,0,0,0,0,0,0,0,1,0,1,0,0,0,0,0,0,0,0,0,0,0,0,0,0,0,0,0,0,0,1,0,0,0,0,0,0,0,0,0,0,0,0,0,0,0,0,1,1,1,1,1,1,0,0,0,0,0,0,1,1,1,1,1,1,0,0,0,0,0,0,0,0,0,1,1,1,1,1,1,0,0,0,0,0,0,1,1,1,1,1,1,0,1,1,0,0,1,0,1,1,1,1,1,0.005,,Life.BullStart,Life.Bull,Life.BullStart,Life.BullRetrace,Life.BullStart
2020-01-03,TOPVISN,0.5463,0.5463,0.5463,0.5463,0.5463,0,0.0,0,0.5463,0.54606,0.00024,0.00035,-0.00011,,,-0.00013,-0.00016,-0.0002,-0.00025,0.5461,0.54282,0.52717,0.48429,0.5463,,,,,,,,,,,,,,,,,,,,,,0.0,0.0,0.0,0.0,,,,,,,,,,,,,,0.5853,0.1893,0.6181,0.0328,-0.396,0.4288,0.15,,,,,,,,0,0,0,0,0,0,,,,,,,3000,5000,3000,5000,5000,5000,5000,-8.43,0.0,-15.79,-7.81,-38.98,-13.89,0.0,1,0,1,0,0,0.015,0.021,0.011,0.0,0.005,0.001,0.01237,0.01746,0.01005,0.00033,0.00605,0.00134,0,0,0,100,100,100,0,0,0,100,100,100,0,0,0,100,100,100,2019-10-08,2019-06-14,2019-05-07,2019-09-23,2019-05-30,2019-04-18,,,,,,,,,,,,,,,,,,,0.01567,0.019,0.01767,0.002,0.007,33.33867,0,0,0,0,0,0,0,0,0,0,0,0,0,0,0,0,0,0,1,0,1,0,0,0,0,0,0,0,0,0,0,0,0,0,0,0,0,0,0,0,1,0,0,0,0,0,0,0,0,0,0,0,0,0,0,0,0,1,1,1,1,1,1,0,0,0,0,0,0,1,1,1,1,1,1,0,0,0,0,0,0,0,0,0,1,1,1,1,1,1,0,0,0,0,0,0,1,1,1,1,1,1,0,1,1,0,0,1,0,1,1,1,1,1,0.005,,Life.BullStart,Life.Bull,Life.BullStart,Life.BullRetrace,Life.BullStart
2020-01-06,TOPVISN,0.5463,0.5463,0.5463,0.5463,0.5463,0,0.0,0,0.5463,0.54608,0.00022,0.00033,-0.0001,,,-0.00012,-0.00015,-0.00019,-0.00023,0.54612,0.54296,0.52755,0.4849,0.5463,,,,,,,,,,,,,,,,,,,,,,0.0,0.0,0.0,0.0,,,,,,,,,,,,,,0.5806,0.1857,0.6122,0.0316,-0.3949,0.4265,0.15,,,,,,,,0,0,0,0,0,0,,,,,,,3000,5000,3000,5000,5000,5000,5000,-8.43,0.0,-15.79,-7.81,-38.98,-13.89,0.0,1,0,1,0,0,0.015,0.021,0.011,0.0,0.005,0.001,0.01237,0.01746,0.01005,0.00033,0.00605,0.00134,0,0,0,100,100,100,0,0,0,100,100,100,0,0,0,100,100,100,2019-10-08,2019-06-14,2019-05-07,2019-09-23,2019-05-30,2019-04-18,,,,,,,,,,,,,,,,,,,0.01567,0.019,0.01767,0.002,0.007,33.33867,0,0,0,0,0,0,0,0,0,0,0,0,0,0,0,0,0,0,1,0,1,0,0,0,0,0,0,0,0,0,0,0,0,0,0,0,0,0,0,0,1,0,0,0,0,0,0,0,0,0,0,0,0,0,0,0,0,1,1,1,1,1,1,0,0,0,0,0,0,1,1,1,1,1,1,0,0,0,0,0,0,0,0,0,1,1,1,1,1,1,0,0,0,0,0,0,1,1,1,1,1,1,0,1,1,0,0,1,0,1,1,1,1,1,0.005,,Life.BullStart,Life.Bull,Life.BullStart,Life.BullRetrace,Life.BullStart
2020-01-07,TOPVISN,0.5463,0.5463,0.5463,0.5463,0.5463,0,0.0,0,0.5463,0.54609,0.00021,0.0003,-0.0001,,,-0.00011,-0.00014,-0.00017,-0.00022,0.54613,0.54309,0.52792,0.48551,0.5463,,,,,,,,,,,,,,,,,,,,,,0.0,0.0,0.0,0.0,,,,,,,,,,,,,,0.5758,0.1821,0.6062,0.0304,-0.3937,0.4241,0.15,,,,,,,,0,0,0,0,0,0,,,,,,,3000,5000,3000,5000,5000,5000,5000,-8.43,0.0,-15.79,-7.81,-38.98,-13.89,0.0,1,0,1,0,0,0.015,0.021,0.011,0.0,0.005,0.001,0.01237,0.01746,0.01005,0.00033,0.00605,0.00134,0,0,0,100,100,100,0,0,0,100,100,100,0,0,0,100,100,100,2019-10-08,2019-06-14,2019-05-07,2019-09-23,2019-05-30,2019-04-18,,,,,,,,,,,,,,,,,,,0.01567,0.019,0.01767,0.002,0.007,33.33867,0,0,0,0,0,0,0,0,0,0,0,0,0,0,0,0,0,0,1,0,1,0,0,0,0,0,0,0,0,0,0,0,0,0,0,0,0,0,0,0,1,0,0,0,0,0,0,0,0,0,0,0,0,0,0,0,0,1,1,1,1,1,1,0,0,0,0,0,0,1,1,1,1,1,1,0,0,0,0,0,0,0,0,0,1,1,1,1,1,1,0,0,0,0,0,0,1,1,1,1,1,1,0,1,1,0,0,1,0,1,1,1,1,1,0.005,,Life.BullStart,Life.Bull,Life.BullStart,Life.BullRetrace,Life.BullStart
2020-01-08,TOPVISN,0.5463,0.5463,0.5463,0.5463,0.5463,0,0.0,0,0.5463,0.54611,0.00019,0.00028,-9e-05,,,-0.00011,-0.00013,-0.00016,-0.0002,0.54615,0.54321,0.52828,0.48612,0.5463,,,,,,,,,,,,,,,,,,,,,,0.0,0.0,0.0,0.0,,,,,,,,,,,,,,0.5709,0.1787,0.6003,0.0294,-0.3922,0.4216,,,0.15,,,,,,0,0,0,0,0,0,,,,,,,3000,5000,3000,5000,5000,5000,5000,-8.43,0.0,-15.79,-7.81,-38.98,-13.89,0.0,1,0,1,0,0,0.015,0.021,0.011,0.0,0.005,0.001,0.01237,0.01746,0.01005,0.00033,0.00605,0.00134,0,0,0,100,100,100,0,0,0,100,100,100,0,0,0,100,100,100,2019-10-08,2019-06-14,2019-05-07,2019-09-23,2019-05-30,2019-04-18,,,,,,,,,,,,,,,,,,,0.01567,0.019,0.01767,0.002,0.007,33.33867,0,0,0,0,0,0,0,0,0,0,0,0,0,0,0,0,0,0,1,0,1,0,0,0,0,0,0,0,0,0,0,0,0,0,0,0,0,0,0,0,1,0,0,0,0,0,0,0,0,0,0,0,0,0,0,0,0,1,1,1,1,1,1,0,0,0,0,0,0,1,1,1,1,1,1,0,0,0,0,0,0,0,0,0,1,1,1,1,1,1,0,0,0,0,0,0,1,1,1,1,1,1,0,1,1,0,0,1,0,1,1,1,1,1,,,Life.Bull,Life.BullStart,Life.BullRetrace,Life.BullStart,Life.BullRetrace
2020-01-09,TOPVISN,0.5463,0.5463,0.5463,0.5463,0.5463,0,0.0,0,0.5463,0.54612,0.00018,0.00026,-8e-05,,,-0.0001,-0.00012,-0.00015,-0.00019,0.54616,0.54334,0.52864,0.48672,0.5463,,,,,,,,,,,,,,,,,,,,,,0.0,0.0,0.0,0.0,,,,,,,,,,,,,,0.5662,0.1752,0.5944,0.0282,-0.391,0.4192,,,0.15,,,,,,0,0,0,0,0,0,,,,,,,3000,5000,3000,5000,5000,5000,5000,-8.43,0.0,-15.79,-7.81,-38.98,-13.89,0.0,1,0,1,0,0,0.015,0.021,0.011,0.0,0.005,0.001,0.01237,0.01746,0.01005,0.00033,0.00605,0.00134,0,0,0,100,100,100,0,0,0,100,100,100,0,0,0,100,100,100,2019-10-08,2019-06-14,2019-05-07,2019-09-23,2019-05-30,2019-04-18,,,,,,,,,,,,,,,,,,,0.01567,0.019,0.01767,0.002,0.007,33.33867,0,0,0,0,0,0,0,0,0,0,0,0,0,0,0,0,0,0,1,0,1,0,0,0,0,0,0,0,0,0,0,0,0,0,0,0,0,0,0,0,1,0,0,0,0,0,0,0,0,0,0,0,0,0,0,0,0,1,1,1,1,1,1,0,0,0,0,0,0,1,1,1,1,1,1,0,0,0,0,0,0,0,0,0,1,1,1,1,1,1,0,0,0,0,0,0,1,1,1,1,1,1,0,1,1,0,0,1,0,1,1,1,1,1,,,Life.Bull,Life.BullStart,Life.BullRetrace,Life.BullStart,Life.BullRetrace
2020-01-10,TOPVISN,0.5463,0.5463,0.5463,0.5463,0.5463,0,0.0,0,0.5463,0.54614,0.00016,0.00024,-8e-05,,,-9e-05,-0.00011,-0.00014,-0.00017,0.54617,0.54345,0.52899,0.48731,0.5463,,,,,,,,,,,,,,,,,,,,,,0.0,0.0,0.0,0.0,,,,,,,,,,,,,,0.5614,0.1718,0.5886,0.0272,-0.3896,0.4168,0.15,,,,,,,,0,0,0,0,0,0,,,,,,,3000,5000,3000,5000,5000,5000,5000,-8.43,0.0,-15.79,-7.81,-38.98,-13.89,0.0,1,0,1,0,0,0.015,0.021,0.011,0.0,0.005,0.001,0.01237,0.01746,0.01005,0.00033,0.00605,0.00134,0,0,0,100,100,100,0,0,0,100,100,100,0,0,0,100,100,100,2019-10-08,2019-06-14,2019-05-07,2019-09-23,2019-05-30,2019-04-18,,,,,,,,,,,,,,,,,,,0.01567,0.019,0.01767,0.002,0.007,33.33867,0,0,0,0,0,0,0,0,0,0,0,0,0,0,0,0,0,0,1,0,1,0,0,0,0,0,0,0,0,0,0,0,0,0,0,0,0,0,0,0,1,0,0,0,0,0,0,0,0,0,0,0,0,0,0,0,0,1,1,1,1,1,1,0,0,0,0,0,0,1,1,1,1,1,1,0,0,0,0,0,0,0,0,0,1,1,1,1,1,1,0,0,0,0,0,0,1,1,1,1,1,1,0,1,1,0,0,1,0,1,1,1,1,1,0.005,,Life.BullStart,Life.BullRetrace,Life.BullStart,Life.BullRetrace,Life.BullStart
2020-01-13,TOPVISN,0.5463,0.5463,0.5463,0.5463,0.5463,0,0.0,0,0.5463,0.54615,0.00015,0.00022,-7e-05,,,-8e-05,-0.0001,-0.00013,-0.00016,0.54618,0.54356,0.52933,0.4879,0.5463,,,,,,,,,,,,,,,,,,,,,,0.0,0.0,0.0,0.0,,,,,,,,,,,,,,0.5566,0.1685,0.5828,0.0262,-0.3881,0.4143,0.15,,,,,,,,0,0,0,0,0,0,,,,,,,3000,5000,3000,5000,5000,5000,5000,-8.43,0.0,-15.79,-7.81,-38.98,-13.89,0.0,1,0,1,0,0,0.015,0.021,0.011,0.0,0.005,0.001,0.01237,0.01746,0.01005,0.00033,0.00605,0.00134,0,0,0,100,100,100,0,0,0,100,100,100,0,0,0,100,100,100,2019-10-08,2019-06-14,2019-05-07,2019-09-23,2019-05-30,2019-04-18,,,,,,,,,,,,,,,,,,,0.01567,0.019,0.01767,0.002,0.007,33.33867,0,0,0,0,0,0,0,0,0,0,0,0,0,0,0,0,0,0,1,0,1,0,0,0,0,0,0,0,0,0,0,0,0,0,0,0,0,0,0,0,1,0,0,0,0,0,0,0,0,0,0,0,0,0,0,0,0,1,1,1,1,1,1,0,0,0,0,0,0,1,1,1,1,1,1,0,0,0,0,0,0,0,0,0,1,1,1,1,1,1,0,0,0,0,0,0,1,1,1,1,1,1,0,1,1,0,0,1,0,1,1,1,1,1,0.005,,Life.BullStart,Life.BullRetrace,Life.BullStart,Life.BullRetrace,Life.BullStart
2020-01-14,TOPVISN,0.5463,0.5463,0.5463,0.5463,0.5463,0,0.0,0,0.5463,0.54616,0.00014,0.00021,-7e-05,,,-8e-05,-0.0001,-0.00012,-0.00015,0.54619,0.54367,0.52967,0.48848,0.5463,,,,,,,,,,,,,,,,,,,,,,0.0,0.0,0.0,0.0,,,,,,,,,,,,,,0.5519,0.1652,0.5771,0.0252,-0.3867,0.4119,,,0.15,,,,,,0,0,0,0,0,0,,,,,,,3000,5000,3000,5000,5000,5000,5000,-8.43,0.0,-15.79,-7.81,-38.98,-13.89,0.0,1,0,1,0,0,0.015,0.021,0.011,0.0,0.005,0.001,0.01237,0.01746,0.01005,0.00033,0.00605,0.00134,0,0,0,100,100,100,0,0,0,100,100,100,0,0,0,100,100,100,2019-10-08,2019-06-14,2019-05-07,2019-09-23,2019-05-30,2019-04-18,,,,,,,,,,,,,,,,,,,0.01567,0.019,0.01767,0.002,0.007,33.33867,0,0,0,0,0,0,0,0,0,0,0,0,0,0,0,0,0,0,1,0,1,0,0,0,0,0,0,0,0,0,0,0,0,0,0,0,0,0,0,0,1,0,0,0,0,0,0,0,0,0,0,0,0,0,0,0,0,1,1,1,1,1,1,0,0,0,0,0,0,1,1,1,1,1,1,0,0,0,0,0,0,0,0,0,1,1,1,1,1,1,0,0,0,0,0,0,1,1,1,1,1,1,0,1,1,0,0,1,0,1,1,1,1,1,,,Life.BullRetrace,Life.BullStart,Life.BullRetrace,Life.BullStart,Life.BullRetrace
2020-01-15,TOPVISN,0.5463,0.5463,0.5463,0.5463,0.5463,0,0.0,0,0.5463,0.54617,0.00013,0.00019,-6e-05,,,-7e-05,-9e-05,-0.00011,-0.00014,0.5462,0.54377,0.53,0.48905,0.5463,,,,,,,,,,,,,,,,,,,,,,0.0,0.0,0.0,0.0,,,,,,,,,,,,,,0.5472,0.162,0.5715,0.0243,-0.3852,0.4095,,,0.15,,,,,,0,0,0,0,0,0,,,,,,,3000,5000,3000,5000,5000,5000,5000,-8.43,0.0,-15.79,-7.81,-38.98,-13.89,0.0,1,0,1,0,0,0.015,0.021,0.011,0.0,0.005,0.001,0.01237,0.01746,0.01005,0.00033,0.00605,0.00134,0,0,0,100,100,100,0,0,0,100,100,100,0,0,0,100,100,100,2019-10-08,2019-06-14,2019-05-07,2019-09-23,2019-05-30,2019-04-18,,,,,,,,,,,,,,,,,,,0.01567,0.019,0.01767,0.002,0.007,33.33867,0,0,0,0,0,0,0,0,0,0,0,0,0,0,0,0,0,0,1,0,1,0,0,0,0,0,0,0,0,0,0,0,0,0,0,0,0,0,0,0,1,0,0,0,0,0,0,0,0,0,0,0,0,0,0,0,0,1,1,1,1,1,1,0,0,0,0,0,0,1,1,1,1,1,1,0,0,0,0,0,0,0,0,0,1,1,1,1,1,1,0,0,0,0,0,0,1,1,1,1,1,1,0,1,1,0,0,1,0,1,1,1,1,1,,,Life.BullRetrace,Life.BullStart,Life.BullRetrace,Life.BullStart,Life.BullRetrace
2020-01-16,TOPVISN,0.5463,0.5463,0.5463,0.5463,0.5463,0,0.0,0,0.5463,0.54618,0.00012,0.00018,-6e-05,,,-7e-05,-8e-05,-0.0001,-0.00013,0.54621,0.54387,0.53032,0.48962,0.5463,,,,,,,,,,,,,,,,,,,,,,0.0,0.0,0.0,0.0,,,,,,,,,,,,,,0.5425,0.1589,0.5659,0.0234,-0.3836,0.407,,,0.15,,,,,,0,0,0,0,0,0,,,,,,,3000,5000,3000,5000,5000,5000,5000,-8.43,0.0,-15.79,-7.81,-38.98,-13.89,0.0,1,0,1,0,0,0.015,0.021,0.011,0.0,0.005,0.001,0.01237,0.01746,0.01005,0.00033,0.00605,0.00134,0,0,0,100,100,100,0,0,0,100,100,100,0,0,0,100,100,100,2019-10-08,2019-06-14,2019-05-07,2019-09-23,2019-05-30,2019-04-18,,,,,,,,,,,,,,,,,,,0.01567,0.019,0.01767,0.002,0.007,33.33867,0,0,0,0,0,0,0,0,0,0,0,0,0,0,0,0,0,0,1,0,1,0,0,0,0,0,0,0,0,0,0,0,0,0,0,0,0,0,0,0,1,0,0,0,0,0,0,0,0,0,0,0,0,0,0,0,0,1,1,1,1,1,1,0,0,0,0,0,0,1,1,1,1,1,1,0,0,0,0,0,0,0,0,0,1,1,1,1,1,1,0,0,0,0,0,0,1,1,1,1,1,1,0,1,1,0,0,1,0,1,1,1,1,1,,,Life.BullRetrace,Life.BullStart,Life.BullRetrace,Life.BullStart,Life.BullRetrace
2020-01-17,TOPVISN,0.5463,0.5463,0.5463,0.5463,0.5463,0,0.0,0,0.5463,0.54619,0.00011,0.00016,-5e-05,,,-6e-05,-8e-05,-9e-05,-0.00012,0.54621,0.54397,0.53064,0.49019,0.5463,,,,,,,,,,,,,,,,,,,,,,0.0,0.0,0.0,0.0,,,,,,,,,,,,,,0.5378,0.1557,0.5602,0.0224,-0.3821,0.4045,,,0.15,,,,,,0,0,0,0,0,0,,,,,,,3000,5000,3000,5000,5000,5000,5000,-8.43,0.0,-15.79,-7.81,-38.98,-13.89,0.0,1,0,1,0,0,0.015,0.021,0.011,0.0,0.005,0.001,0.01237,0.01746,0.01005,0.00033,0.00605,0.00134,0,0,0,100,100,100,0,0,0,100,100,100,0,0,0,100,100,100,2019-10-08,2019-06-14,2019-05-07,2019-09-23,2019-05-30,2019-04-18,,,,,,,,,,,,,,,,,,,0.01567,0.019,0.01767,0.002,0.007,33.33867,0,0,0,0,0,0,0,0,0,0,0,0,0,0,0,0,0,0,1,0,1,0,0,0,0,0,0,0,0,0,0,0,0,0,0,0,0,0,0,0,1,0,0,0,0,0,0,0,0,0,0,0,0,0,0,0,0,1,1,1,1,1,1,0,0,0,0,0,0,1,1,1,1,1,1,0,0,0,0,0,0,0,0,0,1,1,1,1,1,1,0,0,0,0,0,0,1,1,1,1,1,1,0,1,1,0,0,1,0,1,1,1,1,1,,,Life.BullRetrace,Life.BullStart,Life.BullRetrace,Life.BullStart,Life.BullRetrace
2020-01-20,TOPVISN,0.5463,0.5463,0.5463,0.5463,0.5463,0,0.0,0,0.5463,0.5462,0.0001,0.00015,-5e-05,,,-6e-05,-7e-05,-9e-05,-0.00011,0.54622,0.54406,0.53095,0.49075,0.5463,,,,,,,,,,,,,,,,,,,,,,0.0,0.0,0.0,0.0,,,,,,,,,,,,,,0.5331,0.1527,0.5547,0.0216,-0.3804,0.402,,,0.15,,,,,,0,0,0,0,0,0,,,,,,,3000,5000,3000,5000,5000,5000,5000,-8.43,0.0,-15.79,-7.81,-38.98,-13.89,0.0,1,0,1,0,0,0.015,0.021,0.011,0.0,0.005,0.001,0.01237,0.01746,0.01005,0.00033,0.00605,0.00134,0,0,0,100,100,100,0,0,0,100,100,100,0,0,0,100,100,100,2019-10-08,2019-06-14,2019-05-07,2019-09-23,2019-05-30,2019-04-18,,,,,,,,,,,,,,,,,,,0.01567,0.019,0.01767,0.002,0.007,33.33867,0,0,0,0,0,0,0,0,0,0,0,0,0,0,0,0,0,0,1,0,1,0,0,0,0,0,0,0,0,0,0,0,0,0,0,0,0,0,0,0,1,0,0,0,0,0,0,0,0,0,0,0,0,0,0,0,0,1,1,1,1,1,1,0,0,0,0,0,0,1,1,1,1,1,1,0,0,0,0,0,0,0,0,0,1,1,1,1,1,1,0,0,0,0,0,0,1,1,1,1,1,1,0,1,1,0,0,1,0,1,1,1,1,1,,,Life.BullRetrace,Life.BullStart,Life.BullRetrace,Life.BullStart,Life.BullRetrace
2020-01-21,TOPVISN,0.5463,0.5463,0.5463,0.5463,0.5463,0,0.0,0,0.5463,0.5462,0.0001,0.00014,-5e-05,,,-5e-05,-7e-05,-8e-05,-0.0001,0.54623,0.54415,0.53125,0.4913,0.5463,,,,,,,,,,,,,,,,,,,,,,0.0,0.0,0.0,0.0,,,,,,,,,,,,,,0.5285,0.1498,0.5493,0.0208,-0.3787,0.3995,,,0.15,,,,,,0,0,0,0,0,0,,,,,,,3000,5000,3000,5000,5000,5000,5000,-8.43,0.0,-15.79,-7.81,-38.98,-13.89,0.0,1,0,2,0,0,0.015,0.021,0.011,0.0,0.005,0.001,0.01237,0.01746,0.01005,0.00033,0.00605,0.00134,0,0,0,100,100,100,0,0,0,100,100,100,0,0,0,100,100,100,2019-10-08,2019-06-14,2019-05-07,2019-09-23,2019-05-30,2019-04-18,,,,,,,,,,,,,,,,,,,0.01567,0.019,0.01767,0.002,0.007,33.33867,0,0,0,0,0,0,0,0,0,0,0,0,0,0,0,0,0,0,1,0,1,0,0,0,0,0,0,0,0,0,0,0,0,0,0,0,0,0,0,0,1,0,0,0,0,0,0,0,0,0,0,0,0,0,0,0,0,1,1,1,1,1,1,0,0,0,0,0,0,1,1,1,1,1,1,0,0,0,0,0,0,0,0,0,1,1,1,1,1,1,0,0,0,0,0,0,1,1,1,1,1,1,0,1,1,0,0,1,0,1,1,1,1,1,,,Life.BullRetrace,Life.BullStart,Life.BullRetrace,Life.BullStart,Life.BullRetrace
2020-01-22,TOPVISN,0.5463,0.5463,0.5463,0.5463,0.5463,0,0.0,0,0.5463,0.54621,9e-05,0.00013,-4e-05,,,-5e-05,-6e-05,-8e-05,-9e-05,0.54623,0.54423,0.53155,0.49185,0.5463,,,,,,,,,,,,,,,,,,,,,,0.0,0.0,0.0,0.0,,,,,,,,,,,,,,0.5238,0.1468,0.5438,0.02,-0.377,0.397,,,0.15,,,,,,0,0,0,0,0,0,,,,,,,3000,5000,3000,5000,5000,5000,5000,-8.43,0.0,-15.79,-7.81,-38.98,-13.89,0.0,1,0,2,0,0,0.015,0.021,0.011,0.0,0.005,0.001,0.01237,0.01746,0.01005,0.00033,0.00605,0.00134,0,0,0,100,100,100,0,0,0,100,100,100,0,0,0,100,100,100,2019-10-08,2019-06-14,2019-05-07,2019-09-23,2019-05-30,2019-04-18,,,,,,,,,,,,,,,,,,,0.01567,0.019,0.01767,0.002,0.007,33.33867,0,0,0,0,0,0,0,0,0,0,0,0,0,0,0,0,0,0,1,0,1,0,0,0,0,0,0,0,0,0,0,0,0,0,0,0,0,0,0,0,1,0,0,0,0,0,0,0,0,0,0,0,0,0,0,0,0,1,1,1,1,1,1,0,0,0,0,0,0,1,1,1,1,1,1,0,0,0,0,0,0,0,0,0,1,1,1,1,1,1,0,0,0,0,0,0,1,1,1,1,1,1,0,1,1,0,0,1,0,1,1,1,1,1,,,Life.BullRetrace,Life.BullStart,Life.BullRetrace,Life.BullStart,Life.BullRetrace
2020-01-23,TOPVISN,0.5463,0.5463,0.5463,0.5463,0.5463,0,0.0,0,0.5463,0.54622,8e-05,0.00012,-4e-05,,,-5e-05,-6e-05,-7e-05,-9e-05,0.54624,0.54431,0.53184,0.49239,0.5463,,,,,,,,,,,,,,,,,,,,,,0.0,0.0,0.0,0.0,,,,,,,,,,,,,,0.5192,0.144,0.5385,0.0193,-0.3752,0.3945,,,0.15,,,,,,0,0,0,0,0,0,,,,,,,3000,5000,3000,5000,5000,5000,5000,-8.43,0.0,-15.79,-7.81,-38.98,-13.89,0.0,1,0,2,0,0,0.015,0.021,0.011,0.0,0.005,0.001,0.01237,0.01746,0.01005,0.00033,0.00605,0.00134,0,0,0,100,100,100,0,0,0,100,100,100,0,0,0,100,100,100,2019-10-08,2019-06-14,2019-05-07,2019-09-23,2019-05-30,2019-04-18,,,,,,,,,,,,,,,,,,,0.01567,0.019,0.01767,0.002,0.007,33.33867,0,0,0,0,0,0,0,0,0,0,0,0,0,0,0,0,0,0,1,0,1,0,0,0,0,0,0,0,0,0,0,0,0,0,0,0,0,0,0,0,1,0,0,0,0,0,0,0,0,0,0,0,0,0,0,0,0,1,1,1,1,1,1,0,0,0,0,0,0,1,1,1,1,1,1,0,0,0,0,0,0,0,0,0,1,1,1,1,1,1,0,0,0,0,0,0,1,1,1,1,1,1,0,1,1,0,0,1,0,1,1,1,1,1,,,Life.BullRetrace,Life.BullStart,Life.BullRetrace,Life.BullStart,Life.BullRetrace
2020-01-24,TOPVISN,0.5463,0.5463,0.5463,0.5463,0.5463,0,0.0,0,0.5463,0.54622,8e-05,0.00011,-4e-05,,,-4e-05,-5e-05,-6e-05,-8e-05,0.54624,0.54439,0.53213,0.49292,0.5463,,,,,,,,,,,,,,,,,,,,,,0.0,0.0,0.0,0.0,,,,,,,,,,,,,,0.5147,0.1411,0.5332,0.0185,-0.3736,0.3921,,,0.15,,,,,,0,0,0,0,0,0,,,,,,,3000,5000,3000,5000,5000,5000,5000,-8.43,0.0,-15.79,-7.81,-38.98,-13.89,0.0,1,0,2,0,0,0.015,0.021,0.011,0.0,0.005,0.001,0.01237,0.01746,0.01005,0.00033,0.00605,0.00134,0,0,0,100,100,100,0,0,0,100,100,100,0,0,0,100,100,100,2019-10-08,2019-06-14,2019-05-07,2019-09-23,2019-05-30,2019-04-18,,,,,,,,,,,,,,,,,,,0.01567,0.019,0.01767,0.002,0.007,33.33867,0,0,0,0,0,0,0,0,0,0,0,0,0,0,0,0,0,0,1,0,1,0,0,0,0,0,0,0,0,0,0,0,0,0,0,0,0,0,0,0,1,0,0,0,0,0,0,0,0,0,0,0,0,0,0,0,0,1,1,1,1,1,1,0,0,0,0,0,0,1,1,1,1,1,1,0,0,0,0,0,0,0,0,0,1,1,1,1,1,1,0,0,0,0,0,0,1,1,1,1,1,1,0,1,1,0,0,1,0,1,1,1,1,1,,,Life.BullRetrace,Life.BullStart,Life.BullRetrace,Life.BullStart,Life.BullRetrace
2020-01-28,TOPVISN,0.5463,0.5463,0.5463,0.5463,0.5463,0,0.0,0,0.5463,0.54623,7e-05,0.0001,-3e-05,,,-4e-05,-5e-05,-6e-05,-8e-05,0.54625,0.54447,0.53241,0.49346,0.5463,,,,,,,,,,,,,,,,,,,,,,0.0,0.0,0.0,0.0,,,,,,,,,,,,,,0.5101,0.1384,0.5279,0.0178,-0.3717,0.3895,,,0.15,,,,,,0,0,0,0,0,0,,,,,,,3000,5000,3000,5000,5000,5000,5000,-8.43,0.0,-15.79,-7.81,-38.98,-13.89,0.0,1,0,2,0,0,0.015,0.021,0.011,0.0,0.005,0.001,0.01237,0.01746,0.01005,0.00033,0.00605,0.00134,0,0,0,100,100,100,0,0,0,100,100,100,0,0,0,100,100,100,2019-10-08,2019-06-14,2019-05-07,2019-09-23,2019-05-30,2019-04-18,,,,,,,,,,,,,,,,,,,0.01567,0.019,0.01767,0.002,0.007,33.33867,0,0,0,0,0,0,0,0,0,0,0,0,0,0,0,0,0,0,1,0,1,0,0,0,0,0,0,0,0,0,0,0,0,0,0,0,0,0,0,0,1,0,0,0,0,0,0,0,0,0,0,0,0,0,0,0,0,1,1,1,1,1,1,0,0,0,0,0,0,1,1,1,1,1,1,0,0,0,0,0,0,0,0,0,1,1,1,1,1,1,0,0,0,0,0,0,1,1,1,1,1,1,0,1,1,0,0,1,0,1,1,1,1,1,,,Life.BullRetrace,Life.BullStart,Life.BullRetrace,Life.BullStart,Life.BullRetrace
2020-01-29,TOPVISN,0.5463,0.5463,0.5463,0.5463,0.5463,0,0.0,0,0.5463,0.54623,7e-05,0.0001,-3e-05,,,-4e-05,-4e-05,-6e-05,-7e-05,0.54625,0.54454,0.53268,0.49398,0.5463,,,,,,,,,,,,,,,,,,,,,,0.0,0.0,0.0,0.0,,,,,,,,,,,,,,0.5056,0.1357,0.5227,0.0171,-0.3699,0.387,,,0.15,,,,,,0,0,0,0,0,0,,,,,,,3000,5000,3000,5000,5000,5000,5000,-8.43,0.0,-15.79,-7.81,-38.98,-13.89,0.0,1,0,2,0,0,0.015,0.021,0.011,0.0,0.005,0.001,0.01237,0.01746,0.01005,0.00033,0.00605,0.00134,0,0,0,100,100,100,0,0,0,100,100,100,0,0,0,100,100,100,2019-10-08,2019-06-14,2019-05-07,2019-09-23,2019-05-30,2019-04-18,,,,,,,,,,,,,,,,,,,0.01567,0.019,0.01767,0.002,0.007,33.33867,0,0,0,0,0,0,0,0,0,0,0,0,0,0,0,0,0,0,1,0,1,0,0,0,0,0,0,0,0,0,0,0,0,0,0,0,0,0,0,0,1,0,0,0,0,0,0,0,0,0,0,0,0,0,0,0,0,1,1,1,1,1,1,0,0,0,0,0,0,1,1,1,1,1,1,0,0,0,0,0,0,0,0,0,1,1,1,1,1,1,0,0,0,0,0,0,1,1,1,1,1,1,0,1,1,0,0,1,0,1,1,1,1,1,,,Life.BullRetrace,Life.BullStart,Life.BullRetrace,Life.BullStart,Life.BullRetrace
2020-01-30,TOPVISN,0.5463,0.5463,0.5463,0.5463,0.5463,0,0.0,0,0.5463,0.54624,6e-05,9e-05,-3e-05,,,-3e-05,-4e-05,-5e-05,-6e-05,0.54625,0.54461,0.53295,0.4945,0.5463,,,,,,,,,,,,,,,,,,,,,,0.0,0.0,0.0,0.0,,,,,,,,,,,,,,0.5011,0.133,0.5175,0.0164,-0.3681,0.3845,,,0.15,,,,,,0,0,0,0,0,0,,,,,,,3000,5000,3000,5000,5000,5000,5000,-8.43,0.0,-15.79,-7.81,-38.98,-13.89,0.0,1,0,2,0,0,0.015,0.021,0.011,0.0,0.005,0.001,0.01237,0.01746,0.01005,0.00033,0.00605,0.00134,0,0,0,100,100,100,0,0,0,100,100,100,0,0,0,100,100,100,2019-10-08,2019-06-14,2019-05-07,2019-09-23,2019-05-30,2019-04-18,,,,,,,,,,,,,,,,,,,0.01567,0.019,0.01767,0.002,0.007,33.33867,0,0,0,0,0,0,0,0,0,0,0,0,0,0,0,0,0,0,1,0,1,0,0,0,0,0,0,0,0,0,0,0,0,0,0,0,0,0,0,0,1,0,0,0,0,0,0,0,0,0,0,0,0,0,0,0,0,1,1,1,1,1,1,0,0,0,0,0,0,1,1,1,1,1,1,0,0,0,0,0,0,0,0,0,1,1,1,1,1,1,0,0,0,0,0,0,1,1,1,1,1,1,0,1,1,0,0,1,0,1,1,1,1,1,,,Life.BullRetrace,Life.BullStart,Life.BullRetrace,Life.BullStart,Life.BullRetrace
2020-01-31,TOPVISN,0.5463,0.5463,0.5463,0.5463,0.5463,0,0.0,0,0.5463,0.54624,6e-05,8e-05,-3e-05,,,-3e-05,-4e-05,-5e-05,-6e-05,0.54626,0.54467,0.53322,0.49502,0.5463,,,,,,,,,,,,,,,,,,,,,,0.0,0.0,0.0,0.0,,,,,,,,,,,,,,0.4965,0.1304,0.5124,0.0159,-0.3661,0.382,,,0.15,,,,,,0,0,0,0,0,0,,,,,,,3000,5000,3000,5000,5000,5000,5000,-8.43,0.0,-15.79,-7.81,-38.98,-13.89,0.0,0,0,2,0,0,0.015,0.021,0.011,0.0,0.005,0.001,0.01237,0.01746,0.01005,0.00033,0.00605,0.00134,0,0,0,100,100,100,0,0,0,100,100,100,0,0,0,100,100,100,2019-10-08,2019-06-14,2019-05-07,2019-09-23,2019-05-30,2019-04-18,,,,,,,,,,,,,,,,,,,0.01567,0.019,0.01767,0.002,0.007,33.33867,0,0,0,0,0,0,0,0,0,0,0,0,0,0,0,0,0,0,1,0,1,0,0,0,0,0,0,0,0,0,0,0,0,0,0,0,0,0,0,0,1,0,0,0,0,0,0,0,0,0,0,0,0,0,0,0,0,1,1,1,1,1,1,0,0,0,0,0,0,1,1,1,1,1,1,0,0,0,0,0,0,0,0,0,1,1,1,1,1,1,0,0,0,0,0,0,1,1,1,1,1,1,0,1,1,0,0,1,0,1,1,1,1,1,,,Life.BullRetrace,Life.BullStart,Life.BullRetrace,Life.BullStart,Life.BullRetrace
2020-02-03,TOPVISN,0.5463,0.5463,0.5463,0.5463,0.5463,0,0.0,0,0.5463,0.54625,5e-05,8e-05,-2e-05,,,-3e-05,-4e-05,-4e-05,-6e-05,0.54626,0.54474,0.53348,0.49553,0.5463,,,,,,,,,,,,,,,,,,,,,,0.0,0.0,0.0,0.0,,,,,,,,,,,,,,0.4921,0.1278,0.5073,0.0152,-0.3643,0.3795,,,0.15,,,,,,0,0,0,0,0,0,,,,,,,3000,5000,3000,5000,5000,5000,5000,-8.43,0.0,-15.79,-7.81,-38.98,-13.89,0.0,1,0,2,0,0,0.015,0.021,0.011,0.0,0.005,0.001,0.01237,0.01746,0.01005,0.00033,0.00605,0.00134,0,0,0,100,100,100,0,0,0,100,100,100,0,0,0,100,100,100,2019-10-08,2019-06-14,2019-05-07,2019-09-23,2019-05-30,2019-04-18,,,,,,,,,,,,,,,,,,,0.01567,0.019,0.01767,0.002,0.007,33.33867,0,0,0,0,0,0,0,0,0,0,0,0,0,0,0,0,0,0,1,0,1,0,0,0,0,0,0,0,0,0,0,0,0,0,0,0,0,0,0,0,1,0,0,0,0,0,0,0,0,0,0,0,0,0,0,0,0,1,1,1,1,1,1,0,0,0,0,0,0,1,1,1,1,1,1,0,0,0,0,0,0,0,0,0,1,1,1,1,1,1,0,0,0,0,0,0,1,1,1,1,1,1,0,1,1,0,0,1,0,1,1,1,1,1,,,Life.BullRetrace,Life.BullStart,Life.BullRetrace,Life.BullStart,Life.BullRetrace
2020-02-04,TOPVISN,0.5463,0.5463,0.5463,0.5463,0.5463,0,0.0,0,0.5463,0.54625,5e-05,7e-05,-2e-05,,,-3e-05,-3e-05,-4e-05,-5e-05,0.54626,0.5448,0.53373,0.49603,0.5463,,,,,,,,,,,,,,,,,,,,,,0.0,0.0,0.0,0.0,,,,,,,,,,,,,,0.4877,0.1253,0.5023,0.0146,-0.3624,0.377,,,0.15,,,,,,0,0,0,0,0,0,,,,,,,3000,5000,3000,5000,5000,5000,5000,-8.43,0.0,-15.79,-7.81,-38.98,-13.89,0.0,1,0,2,0,0,0.015,0.021,0.011,0.0,0.005,0.001,0.01237,0.01746,0.01005,0.00033,0.00605,0.00134,0,0,0,100,100,100,0,0,0,100,100,100,0,0,0,100,100,100,2019-10-08,2019-06-14,2019-05-07,2019-09-23,2019-05-30,2019-04-18,,,,,,,,,,,,,,,,,,,0.01567,0.019,0.01767,0.002,0.007,33.33867,0,0,0,0,0,0,0,0,0,0,0,0,0,0,0,0,0,0,1,0,1,0,0,0,0,0,0,0,0,0,0,0,0,0,0,0,0,0,0,0,1,0,0,0,0,0,0,0,0,0,0,0,0,0,0,0,0,1,1,1,1,1,1,0,0,0,0,0,0,1,1,1,1,1,1,0,0,0,0,0,0,0,0,0,1,1,1,1,1,1,0,0,0,0,0,0,1,1,1,1,1,1,0,1,1,0,0,1,0,1,1,1,1,1,,,Life.BullRetrace,Life.BullStart,Life.BullRetrace,Life.BullStart,Life.BullRetrace
2020-02-05,TOPVISN,0.5463,0.5463,0.5463,0.5463,0.5463,0,0.0,0,0.5463,0.54626,4e-05,7e-05,-2e-05,,,-2e-05,-3e-05,-4e-05,-5e-05,0.54627,0.54486,0.53398,0.49653,0.5463,,,,,,,,,,,,,,,,,,,,,,0.0,0.0,0.0,0.0,,,,,,,,,,,,,,0.4833,0.1229,0.4974,0.0141,-0.3604,0.3745,,,0.15,,,,,,0,0,0,0,0,0,,,,,,,3000,5000,3000,5000,5000,5000,5000,-8.43,0.0,-15.79,-7.81,-38.98,-13.89,0.0,1,0,2,0,0,0.015,0.021,0.011,0.0,0.005,0.001,0.01237,0.01746,0.01005,0.00033,0.00605,0.00134,0,0,0,100,100,100,0,0,0,100,100,100,0,0,0,100,100,100,2019-10-08,2019-06-14,2019-05-07,2019-09-23,2019-05-30,2019-04-18,,,,,,,,,,,,,,,,,,,0.01567,0.019,0.01767,0.002,0.007,33.33867,0,0,0,0,0,0,0,0,0,0,0,0,0,0,0,0,0,0,1,0,1,0,0,0,0,0,0,0,0,0,0,0,0,0,0,0,0,0,0,0,1,0,0,0,0,0,0,0,0,0,0,0,0,0,0,0,0,1,1,1,1,1,1,0,0,0,0,0,0,1,1,1,1,1,1,0,0,0,0,0,0,0,0,0,1,1,1,1,1,1,0,0,0,0,0,0,1,1,1,1,1,1,0,1,1,0,0,1,0,1,1,1,1,1,,,Life.BullRetrace,Life.BullStart,Life.BullRetrace,Life.BullStart,Life.BullRetrace
2020-02-06,TOPVISN,0.5463,0.5463,0.5463,0.5463,0.5463,0,0.0,0,0.5463,0.54626,4e-05,6e-05,-2e-05,,,-2e-05,-3e-05,-4e-05,-4e-05,0.54627,0.54491,0.53422,0.49703,0.5463,,,,,,,,,,,,,,,,,,,,,,0.0,0.0,0.0,0.0,,,,,,,,,,,,,,0.4788,0.1205,0.4924,0.0136,-0.3583,0.3719,,,0.15,,,,,,0,0,0,0,0,0,,,,,,,3000,5000,3000,5000,5000,5000,5000,-8.43,0.0,-15.79,-7.81,-38.98,-13.89,0.0,0,0,2,0,0,0.015,0.021,0.011,0.0,0.005,0.001,0.01237,0.01746,0.01005,0.00033,0.00605,0.00134,0,0,0,100,100,100,0,0,0,100,100,100,0,0,0,100,100,100,2019-10-08,2019-06-14,2019-05-07,2019-09-23,2019-05-30,2019-04-18,,,,,,,,,,,,,,,,,,,0.01567,0.019,0.01767,0.002,0.007,33.33867,0,0,0,0,0,0,0,0,0,0,0,0,0,0,0,0,0,0,1,0,1,0,0,0,0,0,0,0,0,0,0,0,0,0,0,0,0,0,0,0,1,0,0,0,0,0,0,0,0,0,0,0,0,0,0,0,0,1,1,1,1,1,1,0,0,0,0,0,0,1,1,1,1,1,1,0,0,0,0,0,0,0,0,0,1,1,1,1,1,1,0,0,0,0,0,0,1,1,1,1,1,1,0,1,1,0,0,1,0,1,1,1,1,1,,,Life.BullRetrace,Life.BullStart,Life.BullRetrace,Life.BullStart,Life.BullRetrace
2020-02-07,TOPVISN,0.5463,0.5463,0.5463,0.5463,0.5463,0,0.0,0,0.5463,0.54626,4e-05,6e-05,-2e-05,,,-2e-05,-3e-05,-3e-05,-4e-05,0.54627,0.54497,0.53446,0.49752,0.5463,,,,,,,,,,,,,,,,,,,,,,0.0,0.0,0.0,0.0,,,,,,,,,,,,,,0.4745,0.1181,0.4875,0.013,-0.3564,0.3694,,,0.15,,,,,,0,0,0,0,0,0,,,,,,,3000,5000,3000,5000,5000,5000,5000,-8.43,0.0,-15.79,-7.81,-38.98,-13.89,0.0,0,0,2,0,0,0.015,0.021,0.011,0.0,0.005,0.001,0.01237,0.01746,0.01005,0.00033,0.00605,0.00134,0,0,0,100,100,100,0,0,0,100,100,100,0,0,0,100,100,100,2019-10-08,2019-06-14,2019-05-07,2019-09-23,2019-05-30,2019-04-18,,,,,,,,,,,,,,,,,,,0.01567,0.019,0.01767,0.002,0.007,33.33867,0,0,0,0,0,0,0,0,0,0,0,0,0,0,0,0,0,0,1,0,1,0,0,0,0,0,0,0,0,0,0,0,0,0,0,0,0,0,0,0,1,0,0,0,0,0,0,0,0,0,0,0,0,0,0,0,0,1,1,1,1,1,1,0,0,0,0,0,0,1,1,1,1,1,1,0,0,0,0,0,0,0,0,0,1,1,1,1,1,1,0,0,0,0,0,0,1,1,1,1,1,1,0,1,1,0,0,1,0,1,1,1,1,1,,,Life.BullRetrace,Life.BullStart,Life.BullRetrace,Life.BullStart,Life.BullRetrace
2020-02-10,TOPVISN,0.5463,0.5463,0.5463,0.5463,0.5463,0,0.0,0,0.5463,0.54626,4e-05,5e-05,-2e-05,,,-2e-05,-2e-05,-3e-05,-4e-05,0.54627,0.54502,0.5347,0.498,0.5463,,,,,,,,,,,,,,,,,,,,,,0.0,0.0,0.0,0.0,,,,,,,,,,,,,,0.4702,0.1157,0.4827,0.0125,-0.3545,0.367,,,0.15,,,,,,0,0,0,0,0,0,,,,,,,3000,5000,3000,5000,5000,5000,5000,-8.43,0.0,-15.79,-7.81,-38.98,-13.89,0.0,0,0,2,0,0,0.015,0.021,0.011,0.0,0.005,0.001,0.01237,0.01746,0.01005,0.00033,0.00605,0.00134,0,0,0,100,100,100,0,0,0,100,100,100,0,0,0,100,100,100,2019-10-08,2019-06-14,2019-05-07,2019-09-23,2019-05-30,2019-04-18,,,,,,,,,,,,,,,,,,,0.01567,0.019,0.01767,0.002,0.007,33.33867,0,0,0,0,0,0,0,0,0,0,0,0,0,0,0,0,0,0,1,0,1,0,0,0,0,0,0,0,0,0,0,0,0,0,0,0,0,0,0,0,1,0,0,0,0,0,0,0,0,0,0,0,0,0,0,0,0,1,1,1,1,1,1,0,0,0,0,0,0,1,1,1,1,1,1,0,0,0,0,0,0,0,0,0,1,1,1,1,1,1,0,0,0,0,0,0,1,1,1,1,1,1,0,1,1,0,0,1,0,1,1,1,1,1,,,Life.BullRetrace,Life.BullStart,Life.BullRetrace,Life.BullStart,Life.BullRetrace
2020-02-11,TOPVISN,0.5463,0.5463,0.5463,0.5463,0.5463,0,0.0,0,0.5463,0.54627,3e-05,5e-05,-2e-05,,,-2e-05,-2e-05,-3e-05,-4e-05,0.54628,0.54507,0.53493,0.49848,0.5463,,,,,,,,,,,,,,,,,,,,,,0.0,0.0,0.0,0.0,,,,,,,,,,,,,,0.4659,0.1135,0.478,0.0121,-0.3524,0.3645,,,0.15,,,,,,0,0,0,0,0,0,,,,,,,3000,5000,3000,5000,5000,5000,5000,-8.43,0.0,-15.79,-7.81,-38.98,-13.89,0.0,0,0,2,0,0,0.015,0.021,0.011,0.0,0.005,0.001,0.01237,0.01746,0.01005,0.00033,0.00605,0.00134,0,0,0,100,100,100,0,0,0,100,100,100,0,0,0,100,100,100,2019-10-08,2019-06-14,2019-05-07,2019-09-23,2019-05-30,2019-04-18,,,,,,,,,,,,,,,,,,,0.01567,0.019,0.01767,0.002,0.007,33.33867,0,0,0,0,0,0,0,0,0,0,0,0,0,0,0,0,0,0,1,0,1,0,0,0,0,0,0,0,0,0,0,0,0,0,0,0,0,0,0,0,1,0,0,0,0,0,0,0,0,0,0,0,0,0,0,0,0,1,1,1,1,1,1,0,0,0,0,0,0,1,1,1,1,1,1,0,0,0,0,0,0,0,0,0,1,1,1,1,1,1,0,0,0,0,0,0,1,1,1,1,1,1,0,1,1,0,0,1,0,1,1,1,1,1,,,Life.BullRetrace,Life.BullStart,Life.BullRetrace,Life.BullStart,Life.BullRetrace
2020-02-12,TOPVISN,0.5463,0.5463,0.5463,0.5463,0.5463,0,0.0,0,0.5463,0.54627,3e-05,4e-05,-1e-05,,,-2e-05,-2e-05,-3e-05,-3e-05,0.54628,0.54512,0.53515,0.49896,0.5463,,,,,,,,,,,,,,,,,,,,,,0.0,0.0,0.0,0.0,,,,,,,,,,,,,,0.4616,0.1113,0.4732,0.0116,-0.3503,0.3619,,,0.15,,,,,,0,0,0,0,0,0,,,,,,,3000,5000,3000,5000,5000,5000,5000,-8.43,0.0,-15.79,-7.81,-38.98,-13.89,0.0,1,0,2,0,0,0.015,0.021,0.011,0.0,0.005,0.001,0.01237,0.01746,0.01005,0.00033,0.00605,0.00134,0,0,0,100,100,100,0,0,0,100,100,100,0,0,0,100,100,100,2019-10-08,2019-06-14,2019-05-07,2019-09-23,2019-05-30,2019-04-18,,,,,,,,,,,,,,,,,,,0.01567,0.019,0.01767,0.002,0.007,33.33867,0,0,0,0,0,0,0,0,0,0,0,0,0,0,0,0,0,0,1,0,1,0,0,0,0,0,0,0,0,0,0,0,0,0,0,0,0,0,0,0,1,0,0,0,0,0,0,0,0,0,0,0,0,0,0,0,0,1,1,1,1,1,1,0,0,0,0,0,0,1,1,1,1,1,1,0,0,0,0,0,0,0,0,0,1,1,1,1,1,1,0,0,0,0,0,0,1,1,1,1,1,1,0,1,1,0,0,1,0,1,1,1,1,1,,,Life.BullRetrace,Life.BullStart,Life.BullRetrace,Life.BullStart,Life.BullRetrace
2020-02-13,TOPVISN,0.5463,0.5463,0.5463,0.5463,0.5463,0,0.0,0,0.5463,0.54627,3e-05,4e-05,-1e-05,,,-2e-05,-2e-05,-2e-05,-3e-05,0.54628,0.54516,0.53537,0.49943,0.5463,,,,,,,,,,,,,,,,,,,,,,0.0,0.0,0.0,0.0,,,,,,,,,,,,,,0.4573,0.1091,0.4685,0.0112,-0.3482,0.3594,,,0.15,,,,,,0,0,0,0,0,0,,,,,,,3000,5000,3000,5000,5000,5000,5000,-8.43,0.0,-15.79,-7.81,-38.98,-13.89,0.0,1,0,2,0,0,0.015,0.021,0.011,0.0,0.005,0.001,0.01237,0.01746,0.01005,0.00033,0.00605,0.00134,0,0,0,100,100,100,0,0,0,100,100,100,0,0,0,100,100,100,2019-10-08,2019-06-14,2019-05-07,2019-09-23,2019-05-30,2019-04-18,,,,,,,,,,,,,,,,,,,0.01567,0.019,0.01767,0.002,0.007,33.33867,0,0,0,0,0,0,0,0,0,0,0,0,0,0,0,0,0,0,1,0,1,0,0,0,0,0,0,0,0,0,0,0,0,0,0,0,0,0,0,0,1,0,0,0,0,0,0,0,0,0,0,0,0,0,0,0,0,1,1,1,1,1,1,0,0,0,0,0,0,1,1,1,1,1,1,0,0,0,0,0,0,0,0,0,1,1,1,1,1,1,0,0,0,0,0,0,1,1,1,1,1,1,0,1,1,0,0,1,0,1,1,1,1,1,,,Life.BullRetrace,Life.BullStart,Life.BullRetrace,Life.BullStart,Life.BullRetrace
2020-02-14,TOPVISN,0.5463,0.5463,0.5463,0.5463,0.5463,0,0.0,0,0.5463,0.54627,3e-05,4e-05,-1e-05,,,-1e-05,-2e-05,-2e-05,-3e-05,0.54628,0.54521,0.53559,0.4999,0.5463,,,,,,,,,,,,,,,,,,,,,,0.0,0.0,0.0,0.0,,,,,,,,,,,,,,0.4531,0.1069,0.4638,0.0107,-0.3462,0.3569,,,0.15,,,,,,0,0,0,0,0,0,,,,,,,3000,5000,3000,5000,5000,5000,5000,-8.43,0.0,-15.79,-7.81,-38.98,-13.89,0.0,1,0,2,0,0,0.015,0.021,0.011,0.0,0.005,0.001,0.01237,0.01746,0.01005,0.00033,0.00605,0.00134,0,0,0,100,100,100,0,0,0,100,100,100,0,0,0,100,100,100,2019-10-08,2019-06-14,2019-05-07,2019-09-23,2019-05-30,2019-04-18,,,,,,,,,,,,,,,,,,,0.01567,0.019,0.01767,0.002,0.007,33.33867,0,0,0,0,0,0,0,0,0,0,0,0,0,0,0,0,0,0,1,0,1,0,0,0,0,0,0,0,0,0,0,0,0,0,0,0,0,0,0,0,1,0,0,0,0,0,0,0,0,0,0,0,0,0,0,0,0,1,1,1,1,1,1,0,0,0,0,0,0,1,1,1,1,1,1,0,0,0,0,0,0,0,0,0,1,1,1,1,1,1,0,0,0,0,0,0,1,1,1,1,1,1,0,1,1,0,0,1,0,1,1,1,1,1,,,Life.BullRetrace,Life.BullStart,Life.BullRetrace,Life.BullStart,Life.BullRetrace
2020-02-17,TOPVISN,0.5463,0.5463,0.5463,0.5463,0.5463,0,0.0,0,0.5463,0.54628,2e-05,4e-05,-1e-05,,,-1e-05,-2e-05,-2e-05,-3e-05,0.54628,0.54525,0.5358,0.50036,0.5463,,,,,,,,,,,,,,,,,,,,,,0.0,0.0,0.0,0.0,,,,,,,,,,,,,,0.4489,0.1048,0.4592,0.0103,-0.3441,0.3544,,,0.15,,,,,,0,0,0,0,0,0,,,,,,,3000,5000,3000,5000,5000,5000,5000,-8.43,0.0,-15.79,-7.81,-38.98,-13.89,0.0,0,0,2,0,0,0.015,0.021,0.011,0.0,0.005,0.001,0.01237,0.01746,0.01005,0.00033,0.00605,0.00134,0,0,0,100,100,100,0,0,0,100,100,100,0,0,0,100,100,100,2019-10-08,2019-06-14,2019-05-07,2019-09-23,2019-05-30,2019-04-18,,,,,,,,,,,,,,,,,,,0.01567,0.019,0.01767,0.002,0.007,33.33867,0,0,0,0,0,0,0,0,0,0,0,0,0,0,0,0,0,0,1,0,1,0,0,0,0,0,0,0,0,0,0,0,0,0,0,0,0,0,0,0,1,0,0,0,0,0,0,0,0,0,0,0,0,0,0,0,0,1,1,1,1,1,1,0,0,0,0,0,0,1,1,1,1,1,1,0,0,0,0,0,0,0,0,0,1,1,1,1,1,1,0,0,0,0,0,0,1,1,1,1,1,1,0,1,1,0,0,1,0,1,1,1,1,1,,,Life.BullRetrace,Life.BullStart,Life.BullRetrace,Life.BullStart,Life.BullRetrace
2020-02-18,TOPVISN,0.5463,0.5463,0.5463,0.5463,0.5463,0,0.0,0,0.5463,0.54628,2e-05,3e-05,-1e-05,,,-1e-05,-2e-05,-2e-05,-2e-05,0.54628,0.54529,0.53601,0.50082,0.5463,,,,,,,,,,,,,,,,,,,,,,0.0,0.0,0.0,0.0,,,,,,,,,,,,,,0.4447,0.1027,0.4546,0.0099,-0.342,0.3519,,,0.15,,,,,,0,0,0,0,0,0,,,,,,,3000,5000,3000,5000,5000,5000,5000,-8.43,0.0,-15.79,-7.81,-38.98,-13.89,0.0,0,0,2,0,0,0.015,0.021,0.011,0.0,0.005,0.001,0.01237,0.01746,0.01005,0.00033,0.00605,0.00134,0,0,0,100,100,100,0,0,0,100,100,100,0,0,0,100,100,100,2019-10-08,2019-06-14,2019-05-07,2019-09-23,2019-05-30,2019-04-18,,,,,,,,,,,,,,,,,,,0.01567,0.019,0.01767,0.002,0.007,33.33867,0,0,0,0,0,0,0,0,0,0,0,0,0,0,0,0,0,0,1,0,1,0,0,0,0,0,0,0,0,0,0,0,0,0,0,0,0,0,0,0,1,0,0,0,0,0,0,0,0,0,0,0,0,0,0,0,0,1,1,1,1,1,1,0,0,0,0,0,0,1,1,1,1,1,1,0,0,0,0,0,0,0,0,0,1,1,1,1,1,1,0,0,0,0,0,0,1,1,1,1,1,1,0,1,1,0,0,1,0,1,1,1,1,1,,,Life.BullRetrace,Life.BullStart,Life.BullRetrace,Life.BullStart,Life.BullRetrace
2020-02-19,TOPVISN,0.5463,0.5463,0.5463,0.5463,0.5463,0,0.0,0,0.5463,0.54628,2e-05,3e-05,-1e-05,,,-1e-05,-1e-05,-2e-05,-2e-05,0.54628,0.54533,0.53621,0.50127,0.5463,,,,,,,,,,,,,,,,,,,,,,0.0,0.0,0.0,0.0,,,,,,,,,,,,,,0.4406,0.1007,0.4501,0.0095,-0.3399,0.3494,,,0.15,,,,,,0,0,0,0,0,0,,,,,,,3000,5000,3000,5000,5000,5000,5000,-8.43,0.0,-15.79,-7.81,-38.98,-13.89,0.0,0,0,2,0,0,0.015,0.021,0.011,0.0,0.005,0.001,0.01237,0.01746,0.01005,0.00033,0.00605,0.00134,0,0,0,100,100,100,0,0,0,100,100,100,0,0,0,100,100,100,2019-10-08,2019-06-14,2019-05-07,2019-09-23,2019-05-30,2019-04-18,,,,,,,,,,,,,,,,,,,0.01567,0.019,0.01767,0.002,0.007,33.33867,0,0,0,0,0,0,0,0,0,0,0,0,0,0,0,0,0,0,1,0,1,0,0,0,0,0,0,0,0,0,0,0,0,0,0,0,0,0,0,0,1,0,0,0,0,0,0,0,0,0,0,0,0,0,0,0,0,1,1,1,1,1,1,0,0,0,0,0,0,1,1,1,1,1,1,0,0,0,0,0,0,0,0,0,1,1,1,1,1,1,0,0,0,0,0,0,1,1,1,1,1,1,0,1,1,0,0,1,0,1,1,1,1,1,,,Life.BullRetrace,Life.BullStart,Life.BullRetrace,Life.BullStart,Life.BullRetrace
2020-02-20,TOPVISN,0.5463,0.5463,0.5463,0.5463,0.5463,0,0.0,0,0.5463,0.54628,2e-05,3e-05,-1e-05,,,-1e-05,-1e-05,-2e-05,-2e-05,0.54629,0.54537,0.53641,0.50172,0.5463,,,,,,,,,,,,,,,,,,,,,,0.0,0.0,0.0,0.0,,,,,,,,,,,,,,0.4365,0.0988,0.4457,0.0092,-0.3377,0.3469,,,0.15,,,,,,0,0,0,0,0,0,,,,,,,3000,5000,3000,5000,5000,5000,5000,-8.43,0.0,-15.79,-7.81,-38.98,-13.89,0.0,0,0,2,0,0,0.015,0.021,0.011,0.0,0.005,0.001,0.01237,0.01746,0.01005,0.00033,0.00605,0.00134,0,0,0,100,100,100,0,0,0,100,100,100,0,0,0,100,100,100,2019-10-08,2019-06-14,2019-05-07,2019-09-23,2019-05-30,2019-04-18,,,,,,,,,,,,,,,,,,,0.01567,0.019,0.01767,0.002,0.007,33.33867,0,0,0,0,0,0,0,0,0,0,0,0,0,0,0,0,0,0,1,0,1,0,0,0,0,0,0,0,0,0,0,0,0,0,0,0,0,0,0,0,1,0,0,0,0,0,0,0,0,0,0,0,0,0,0,0,0,1,1,1,1,1,1,0,0,0,0,0,0,1,1,1,1,1,1,0,0,0,0,0,0,0,0,0,1,1,1,1,1,1,0,0,0,0,0,0,1,1,1,1,1,1,0,1,1,0,0,1,0,1,1,1,1,1,,,Life.BullRetrace,Life.BullStart,Life.BullRetrace,Life.BullStart,Life.BullRetrace
2020-02-21,TOPVISN,0.5463,0.5463,0.5463,0.5463,0.5463,0,0.0,0,0.5463,0.54628,2e-05,3e-05,-1e-05,,,-1e-05,-1e-05,-2e-05,-2e-05,0.54629,0.54541,0.53661,0.50216,0.5463,,,,,,,,,,,,,,,,,,,,,,0.0,0.0,0.0,0.0,,,,,,,,,,,,,,0.4325,0.0968,0.4413,0.0088,-0.3357,0.3445,,,0.15,,,,,,0,0,0,0,0,0,,,,,,,3000,5000,3000,5000,5000,5000,5000,-8.43,0.0,-15.79,-7.81,-38.98,-13.89,0.0,0,0,2,0,0,0.015,0.021,0.011,0.0,0.005,0.001,0.01237,0.01746,0.01005,0.00033,0.00605,0.00134,0,0,0,100,100,100,0,0,0,100,100,100,0,0,0,100,100,100,2019-10-08,2019-06-14,2019-05-07,2019-09-23,2019-05-30,2019-04-18,,,,,,,,,,,,,,,,,,,0.01567,0.019,0.01767,0.002,0.007,33.33867,0,0,0,0,0,0,0,0,0,0,0,0,0,0,0,0,0,0,1,0,1,0,0,0,0,0,0,0,0,0,0,0,0,0,0,0,0,0,0,0,1,0,0,0,0,0,0,0,0,0,0,0,0,0,0,0,0,1,1,1,1,1,1,0,0,0,0,0,0,1,1,1,1,1,1,0,0,0,0,0,0,0,0,0,1,1,1,1,1,1,0,0,0,0,0,0,1,1,1,1,1,1,0,1,1,0,0,1,0,1,1,1,1,1,,,Life.BullRetrace,Life.BullStart,Life.BullRetrace,Life.BullStart,Life.BullRetrace
2020-02-24,TOPVISN,0.5463,0.5463,0.5463,0.5463,0.5463,0,0.0,0,0.5463,0.54628,2e-05,2e-05,-1e-05,,,-1e-05,-1e-05,-1e-05,-2e-05,0.54629,0.54544,0.5368,0.5026,0.5463,,,,,,,,,,,,,,,,,,,,,,0.0,0.0,0.0,0.0,,,,,,,,,,,,,,0.4284,0.0949,0.4369,0.0085,-0.3335,0.342,,,0.15,,,,,,0,0,0,0,0,0,,,,,,,3000,5000,3000,5000,5000,5000,5000,-8.43,0.0,-15.79,-7.81,-38.98,-13.89,0.0,0,0,2,0,0,0.015,0.021,0.011,0.0,0.005,0.001,0.01237,0.01746,0.01005,0.00033,0.00605,0.00134,0,0,0,100,100,100,0,0,0,100,100,100,0,0,0,100,100,100,2019-10-08,2019-06-14,2019-05-07,2019-09-23,2019-05-30,2019-04-18,,,,,,,,,,,,,,,,,,,0.01567,0.019,0.01767,0.002,0.007,33.33867,0,0,0,0,0,0,0,0,0,0,0,0,0,0,0,0,0,0,1,0,1,0,0,0,0,0,0,0,0,0,0,0,0,0,0,0,0,0,0,0,1,0,0,0,0,0,0,0,0,0,0,0,0,0,0,0,0,1,1,1,1,1,1,0,0,0,0,0,0,1,1,1,1,1,1,0,0,0,0,0,0,0,0,0,1,1,1,1,1,1,0,0,0,0,0,0,1,1,1,1,1,1,0,1,1,0,0,1,0,1,1,1,1,1,,,Life.BullRetrace,Life.BullStart,Life.BullRetrace,Life.BullStart,Life.BullRetrace
2020-02-25,TOPVISN,0.5463,0.5463,0.5463,0.5463,0.5463,0,0.0,0,0.5463,0.54628,2e-05,2e-05,-1e-05,,,-1e-05,-1e-05,-1e-05,-2e-05,0.54629,0.54548,0.53699,0.50303,0.5463,,,,,,,,,,,,,,,,,,,,,,0.0,0.0,0.0,0.0,,,,,,,,,,,,,,0.4245,0.093,0.4326,0.0081,-0.3315,0.3396,,,0.15,,,,,,0,0,0,0,0,0,,,,,,,3000,5000,3000,5000,5000,5000,5000,-8.43,0.0,-15.79,-7.81,-38.98,-13.89,0.0,0,0,2,0,0,0.015,0.021,0.011,0.0,0.005,0.001,0.01237,0.01746,0.01005,0.00033,0.00605,0.00134,0,0,0,100,100,100,0,0,0,100,100,100,0,0,0,100,100,100,2019-10-08,2019-06-14,2019-05-07,2019-09-23,2019-05-30,2019-04-18,,,,,,,,,,,,,,,,,,,0.01567,0.019,0.01767,0.002,0.007,33.33867,0,0,0,0,0,0,0,0,0,0,0,0,0,0,0,0,0,0,1,0,1,0,0,0,0,0,0,0,0,0,0,0,0,0,0,0,0,0,0,0,1,0,0,0,0,0,0,0,0,0,0,0,0,0,0,0,0,1,1,1,1,1,1,0,0,0,0,0,0,1,1,1,1,1,1,0,0,0,0,0,0,0,0,0,1,1,1,1,1,1,0,0,0,0,0,0,1,1,1,1,1,1,0,1,1,0,0,1,0,1,1,1,1,1,,,Life.BullRetrace,Life.BullStart,Life.BullRetrace,Life.BullStart,Life.BullRetrace
2020-02-26,TOPVISN,0.5463,0.5463,0.5463,0.5463,0.5463,0,0.0,0,0.5463,0.54629,1e-05,2e-05,-1e-05,,,-1e-05,-1e-05,-1e-05,-2e-05,0.54629,0.54551,0.53717,0.50347,0.5463,,,,,,,,,,,,,,,,,,,,,,0.0,0.0,0.0,0.0,,,,,,,,,,,,,,0.4204,0.0912,0.4282,0.0078,-0.3292,0.337,,,0.15,,,,,,0,0,0,0,0,0,,,,,,,3000,5000,3000,5000,5000,5000,5000,-8.43,0.0,-15.79,-7.81,-38.98,-13.89,0.0,0,0,2,0,0,0.015,0.021,0.011,0.0,0.005,0.001,0.01237,0.01746,0.01005,0.00033,0.00605,0.00134,0,0,0,100,100,100,0,0,0,100,100,100,0,0,0,100,100,100,2019-10-08,2019-06-14,2019-05-07,2019-09-23,2019-05-30,2019-04-18,,,,,,,,,,,,,,,,,,,0.01567,0.019,0.01767,0.002,0.007,33.33867,0,0,0,0,0,0,0,0,0,0,0,0,0,0,0,0,0,0,1,0,1,0,0,0,0,0,0,0,0,0,0,0,0,0,0,0,0,0,0,0,1,0,0,0,0,0,0,0,0,0,0,0,0,0,0,0,0,1,1,1,1,1,1,0,0,0,0,0,0,1,1,1,1,1,1,0,0,0,0,0,0,0,0,0,1,1,1,1,1,1,0,0,0,0,0,0,1,1,1,1,1,1,0,1,1,0,0,1,0,1,1,1,1,1,,,Life.BullRetrace,Life.BullStart,Life.BullRetrace,Life.BullStart,Life.BullRetrace
2020-02-27,TOPVISN,0.5463,0.5463,0.5463,0.5463,0.5463,0,0.0,0,0.5463,0.54629,1e-05,2e-05,-1e-05,,,-1e-05,-1e-05,-1e-05,-1e-05,0.54629,0.54554,0.53735,0.50389,0.5463,,,,,,,,,,,,,,,,,,,,,,0.0,0.0,0.0,0.0,,,,,,,,,,,,,,0.4165,0.0894,0.424,0.0075,-0.3271,0.3346,,,0.15,,,,,,0,0,0,0,0,0,,,,,,,3000,5000,3000,5000,5000,5000,5000,-8.43,0.0,-15.79,-7.81,-38.98,-13.89,0.0,0,0,2,0,0,0.015,0.021,0.011,0.0,0.005,0.001,0.01237,0.01746,0.01005,0.00033,0.00605,0.00134,0,0,0,100,100,100,0,0,0,100,100,100,0,0,0,100,100,100,2019-10-08,2019-06-14,2019-05-07,2019-09-23,2019-05-30,2019-04-18,,,,,,,,,,,,,,,,,,,0.01567,0.019,0.01767,0.002,0.007,33.33867,0,0,0,0,0,0,0,0,0,0,0,0,0,0,0,0,0,0,1,0,1,0,0,0,0,0,0,0,0,0,0,0,0,0,0,0,0,0,0,0,1,0,0,0,0,0,0,0,0,0,0,0,0,0,0,0,0,1,1,1,1,1,1,0,0,0,0,0,0,1,1,1,1,1,1,0,0,0,0,0,0,0,0,0,1,1,1,1,1,1,0,0,0,0,0,0,1,1,1,1,1,1,0,1,1,0,0,1,0,1,1,1,1,1,,,Life.BullRetrace,Life.BullStart,Life.BullRetrace,Life.BullStart,Life.BullRetrace
2020-02-28,TOPVISN,0.5463,0.5463,0.5463,0.5463,0.5463,0,0.0,0,0.5463,0.54629,1e-05,2e-05,-1e-05,,,-1e-05,-1e-05,-1e-05,-1e-05,0.54629,0.54557,0.53753,0.50431,0.5463,,,,,,,,,,,,,,,,,,,,,,0.0,0.0,0.0,0.0,,,,,,,,,,,,,,0.4126,0.0876,0.4198,0.0072,-0.325,0.3322,,,0.15,,,,,,0,0,0,0,0,0,,,,,,,3000,5000,3000,5000,5000,5000,5000,-8.43,0.0,-15.79,-7.81,-38.98,-13.89,0.0,0,0,2,0,0,0.015,0.021,0.011,0.0,0.005,0.001,0.01237,0.01746,0.01005,0.00033,0.00605,0.00134,0,0,0,100,100,100,0,0,0,100,100,100,0,0,0,100,100,100,2019-10-08,2019-06-14,2019-05-07,2019-09-23,2019-05-30,2019-04-18,,,,,,,,,,,,,,,,,,,0.01567,0.019,0.01767,0.002,0.007,33.33867,0,0,0,0,0,0,0,0,0,0,0,0,0,0,0,0,0,0,1,0,1,0,0,0,0,0,0,0,0,0,0,0,0,0,0,0,0,0,0,0,1,0,0,0,0,0,0,0,0,0,0,0,0,0,0,0,0,1,1,1,1,1,1,0,0,0,0,0,0,1,1,1,1,1,1,0,0,0,0,0,0,0,0,0,1,1,1,1,1,1,0,0,0,0,0,0,1,1,1,1,1,1,0,1,1,0,0,1,0,1,1,1,1,1,,,Life.BullRetrace,Life.BullStart,Life.BullRetrace,Life.BullStart,Life.BullRetrace
2020-03-02,TOPVISN,0.5463,0.5463,0.5463,0.5463,0.5463,0,0.0,0,0.5463,0.54629,1e-05,2e-05,-1e-05,,,-1e-05,-1e-05,-1e-05,-1e-05,0.54629,0.5456,0.5377,0.50473,0.5463,,,,,,,,,,,,,,,,,,,,,,0.0,0.0,0.0,0.0,,,,,,,,,,,,,,0.4087,0.0859,0.4156,0.0069,-0.3228,0.3297,,,0.15,,,,,,0,0,0,0,0,0,,,,,,,3000,5000,3000,5000,5000,5000,5000,-8.43,0.0,-15.79,-7.81,-38.98,-13.89,0.0,0,0,2,0,0,0.015,0.021,0.011,0.0,0.005,0.001,0.01237,0.01746,0.01005,0.00033,0.00605,0.00134,0,0,0,100,100,100,0,0,0,100,100,100,0,0,0,100,100,100,2019-10-08,2019-06-14,2019-05-07,2019-09-23,2019-05-30,2019-04-18,,,,,,,,,,,,,,,,,,,0.01567,0.019,0.01767,0.002,0.007,33.33867,0,0,0,0,0,0,0,0,0,0,0,0,0,0,0,0,0,0,1,0,1,0,0,0,0,0,0,0,0,0,0,0,0,0,0,0,0,0,0,0,1,0,0,0,0,0,0,0,0,0,0,0,0,0,0,0,0,1,1,1,1,1,1,0,0,0,0,0,0,1,1,1,1,1,1,0,0,0,0,0,0,0,0,0,1,1,1,1,1,1,0,0,0,0,0,0,1,1,1,1,1,1,0,1,1,0,0,1,0,1,1,1,1,1,,,Life.BullRetrace,Life.BullStart,Life.BullRetrace,Life.BullStart,Life.BullRetrace
2020-03-03,TOPVISN,0.5463,0.5463,0.5463,0.5463,0.5463,0,0.0,0,0.5463,0.54629,1e-05,2e-05,-0.0,,,-1e-05,-1e-05,-1e-05,-1e-05,0.54629,0.54563,0.53787,0.50514,0.5463,,,,,,,,,,,,,,,,,,,,,,0.0,0.0,0.0,0.0,,,,,,,,,,,,,,0.4049,0.0842,0.4115,0.0066,-0.3207,0.3273,,,0.15,,,,,,0,0,0,0,0,0,,,,,,,3000,5000,3000,5000,5000,5000,5000,-8.43,0.0,-15.79,-7.81,-38.98,-13.89,0.0,1,0,2,0,0,0.015,0.021,0.011,0.0,0.005,0.001,0.01237,0.01746,0.01005,0.00033,0.00605,0.00134,0,0,0,100,100,100,0,0,0,100,100,100,0,0,0,100,100,100,2019-10-08,2019-06-14,2019-05-07,2019-09-23,2019-05-30,2019-04-18,,,,,,,,,,,,,,,,,,,0.01567,0.019,0.01767,0.002,0.007,33.33867,0,0,0,0,0,0,0,0,0,0,0,0,0,0,0,0,0,0,1,0,1,0,0,0,0,0,0,0,0,0,0,0,0,0,0,0,0,0,0,0,1,0,0,0,0,0,0,0,0,0,0,0,0,0,0,0,0,1,1,1,1,1,1,0,0,0,0,0,0,1,1,1,1,1,1,0,0,0,0,0,0,0,0,0,1,1,1,1,1,1,0,0,0,0,0,0,1,1,1,1,1,1,0,1,1,0,0,1,0,1,1,1,1,1,,,Life.BullRetrace,Life.BullStart,Life.BullRetrace,Life.BullStart,Life.BullRetrace
2020-03-04,TOPVISN,0.5463,0.5463,0.5463,0.5463,0.5463,0,0.0,0,0.5463,0.54629,1e-05,1e-05,-0.0,,,-1e-05,-1e-05,-1e-05,-1e-05,0.54629,0.54565,0.53804,0.50555,0.5463,,,,,,,,,,,,,,,,,,,,,,0.0,0.0,0.0,0.0,,,,,,,,,,,,,,0.401,0.0825,0.4074,0.0064,-0.3185,0.3249,,,0.15,,,,,,0,0,0,0,0,0,,,,,,,3000,5000,3000,5000,5000,5000,5000,-8.43,0.0,-15.79,-7.81,-38.98,-13.89,0.0,1,0,2,0,0,0.015,0.021,0.011,0.0,0.005,0.001,0.01237,0.01746,0.01005,0.00033,0.00605,0.00134,0,0,0,100,100,100,0,0,0,100,100,100,0,0,0,100,100,100,2019-10-08,2019-06-14,2019-05-07,2019-09-23,2019-05-30,2019-04-18,,,,,,,,,,,,,,,,,,,0.01567,0.019,0.01767,0.002,0.007,33.33867,0,0,0,0,0,0,0,0,0,0,0,0,0,0,0,0,0,0,1,0,1,0,0,0,0,0,0,0,0,0,0,0,0,0,0,0,0,0,0,0,1,0,0,0,0,0,0,0,0,0,0,0,0,0,0,0,0,1,1,1,1,1,1,0,0,0,0,0,0,1,1,1,1,1,1,0,0,0,0,0,0,0,0,0,1,1,1,1,1,1,0,0,0,0,0,0,1,1,1,1,1,1,0,1,1,0,0,1,0,1,1,1,1,1,,,Life.BullRetrace,Life.BullStart,Life.BullRetrace,Life.BullStart,Life.BullRetrace
2020-03-05,TOPVISN,0.5463,0.5463,0.5463,0.5463,0.5463,0,0.0,0,0.5463,0.54629,1e-05,1e-05,-0.0,,,-0.0,-1e-05,-1e-05,-1e-05,0.54629,0.54568,0.53821,0.50596,0.5463,,,,,,,,,,,,,,,,,,,,,,0.0,0.0,0.0,0.0,,,,,,,,,,,,,,0.3972,0.0808,0.4033,0.0061,-0.3164,0.3225,,,0.15,,,,,,0,0,0,0,0,0,,,,,,,3000,5000,3000,5000,5000,5000,5000,-8.43,0.0,-15.79,-7.81,-38.98,-13.89,0.0,1,0,2,0,0,0.015,0.021,0.011,0.0,0.005,0.001,0.01237,0.01746,0.01005,0.00033,0.00605,0.00134,0,0,0,100,100,100,0,0,0,100,100,100,0,0,0,100,100,100,2019-10-08,2019-06-14,2019-05-07,2019-09-23,2019-05-30,2019-04-18,,,,,,,,,,,,,,,,,,,0.01567,0.019,0.01767,0.002,0.007,33.33867,0,0,0,0,0,0,0,0,0,0,0,0,0,0,0,0,0,0,1,0,1,0,0,0,0,0,0,0,0,0,0,0,0,0,0,0,0,0,0,0,1,0,0,0,0,0,0,0,0,0,0,0,0,0,0,0,0,1,1,1,1,1,1,0,0,0,0,0,0,1,1,1,1,1,1,0,0,0,0,0,0,0,0,0,1,1,1,1,1,1,0,0,0,0,0,0,1,1,1,1,1,1,0,1,1,0,0,1,0,1,1,1,1,1,,,Life.BullRetrace,Life.BullStart,Life.BullRetrace,Life.BullStart,Life.BullRetrace
2020-03-06,TOPVISN,0.5463,0.5463,0.5463,0.5463,0.5463,0,0.0,0,0.5463,0.54629,1e-05,1e-05,-0.0,,,-0.0,-1e-05,-1e-05,-1e-05,0.54629,0.5457,0.53837,0.50636,0.5463,,,,,,,,,,,,,,,,,,,,,,0.0,0.0,0.0,0.0,,,,,,,,,,,,,,0.3934,0.0792,0.3993,0.0059,-0.3142,0.3201,,,0.15,,,,,,0,0,0,0,0,0,,,,,,,3000,5000,3000,5000,5000,5000,5000,-8.43,0.0,-15.79,-7.81,-38.98,-13.89,0.0,0,0,2,0,0,0.015,0.021,0.011,0.0,0.005,0.001,0.01237,0.01746,0.01005,0.00033,0.00605,0.00134,0,0,0,100,100,100,0,0,0,100,100,100,0,0,0,100,100,100,2019-10-08,2019-06-14,2019-05-07,2019-09-23,2019-05-30,2019-04-18,,,,,,,,,,,,,,,,,,,0.01567,0.019,0.01767,0.002,0.007,33.33867,0,0,0,0,0,0,0,0,0,0,0,0,0,0,0,0,0,0,1,0,1,0,0,0,0,0,0,0,0,0,0,0,0,0,0,0,0,0,0,0,1,0,0,0,0,0,0,0,0,0,0,0,0,0,0,0,0,1,1,1,1,1,1,0,0,0,0,0,0,1,1,1,1,1,1,0,0,0,0,0,0,0,0,0,1,1,1,1,1,1,0,0,0,0,0,0,1,1,1,1,1,1,0,1,1,0,0,1,0,1,1,1,1,1,,,Life.BullRetrace,Life.BullStart,Life.BullRetrace,Life.BullStart,Life.BullRetrace
2020-03-09,TOPVISN,0.5463,0.5463,0.5463,0.5463,0.5463,0,0.0,0,0.5463,0.54629,1e-05,1e-05,-0.0,,,-0.0,-1e-05,-1e-05,-1e-05,0.54629,0.54572,0.53852,0.50676,0.5463,,,,,,,,,,,,,,,,,,,,,,0.0,0.0,0.0,0.0,,,,,,,,,,,,,,0.3896,0.0777,0.3953,0.0057,-0.3119,0.3176,,,0.15,,,,,,0,0,0,0,0,0,,,,,,,3000,5000,3000,5000,5000,5000,5000,-8.43,0.0,-15.79,-7.81,-38.98,-13.89,0.0,0,0,2,0,0,0.015,0.021,0.011,0.0,0.005,0.001,0.01237,0.01746,0.01005,0.00033,0.00605,0.00134,0,0,0,100,100,100,0,0,0,100,100,100,0,0,0,100,100,100,2019-10-08,2019-06-14,2019-05-07,2019-09-23,2019-05-30,2019-04-18,,,,,,,,,,,,,,,,,,,0.01567,0.019,0.01767,0.002,0.007,33.33867,0,0,0,0,0,0,0,0,0,0,0,0,0,0,0,0,0,0,1,0,1,0,0,0,0,0,0,0,0,0,0,0,0,0,0,0,0,0,0,0,1,0,0,0,0,0,0,0,0,0,0,0,0,0,0,0,0,1,1,1,1,1,1,0,0,0,0,0,0,1,1,1,1,1,1,0,0,0,0,0,0,0,0,0,1,1,1,1,1,1,0,0,0,0,0,0,1,1,1,1,1,1,0,1,1,0,0,1,0,1,1,1,1,1,,,Life.BullRetrace,Life.BullStart,Life.BullRetrace,Life.BullStart,Life.BullRetrace
2020-03-10,TOPVISN,0.5463,0.5463,0.5463,0.5463,0.5463,0,0.0,0,0.5463,0.54629,1e-05,1e-05,-0.0,,,-0.0,-0.0,-1e-05,-1e-05,0.5463,0.54575,0.53868,0.50715,0.5463,,,,,,,,,,,,,,,,,,,,,,0.0,0.0,0.0,0.0,,,,,,,,,,,,,,0.386,0.0762,0.3915,0.0055,-0.3098,0.3153,,,0.15,,,,,,0,0,0,0,0,0,,,,,,,3000,5000,3000,5000,5000,5000,5000,-8.43,0.0,-15.79,-7.81,-38.98,-13.89,0.0,0,0,2,0,0,0.015,0.021,0.011,0.0,0.005,0.001,0.01237,0.01746,0.01005,0.00033,0.00605,0.00134,0,0,0,100,100,100,0,0,0,100,100,100,0,0,0,100,100,100,2019-10-08,2019-06-14,2019-05-07,2019-09-23,2019-05-30,2019-04-18,,,,,,,,,,,,,,,,,,,0.01567,0.019,0.01767,0.002,0.007,33.33867,0,0,0,0,0,0,0,0,0,0,0,0,0,0,0,0,0,0,1,0,1,0,0,0,0,0,0,0,0,0,0,0,0,0,0,0,0,0,0,0,1,0,0,0,0,0,0,0,0,0,0,0,0,0,0,0,0,1,1,1,1,1,1,0,0,0,0,0,0,1,1,1,1,1,1,0,0,0,0,0,0,0,0,0,1,1,1,1,1,1,0,0,0,0,0,0,1,1,1,1,1,1,0,1,1,0,0,1,0,1,1,1,1,1,,,Life.BullRetrace,Life.BullStart,Life.BullRetrace,Life.BullStart,Life.BullRetrace
2020-03-11,TOPVISN,0.5463,0.5463,0.5463,0.5463,0.5463,0,0.0,0,0.5463,0.54629,1e-05,1e-05,-0.0,,,-0.0,-0.0,-1e-05,-1e-05,0.5463,0.54577,0.53883,0.50754,0.5463,,,,,,,,,,,,,,,,,,,,,,0.0,0.0,0.0,0.0,,,,,,,,,,,,,,0.3823,0.0747,0.3876,0.0053,-0.3076,0.3129,,,0.15,,,,,,0,0,0,0,0,0,,,,,,,3000,5000,3000,5000,5000,5000,5000,-8.43,0.0,-15.79,-7.81,-38.98,-13.89,0.0,0,0,2,0,0,0.015,0.021,0.011,0.0,0.005,0.001,0.01237,0.01746,0.01005,0.00033,0.00605,0.00134,0,0,0,100,100,100,0,0,0,100,100,100,0,0,0,100,100,100,2019-10-08,2019-06-14,2019-05-07,2019-09-23,2019-05-30,2019-04-18,,,,,,,,,,,,,,,,,,,0.01567,0.019,0.01767,0.002,0.007,33.33867,0,0,0,0,0,0,0,0,0,0,0,0,0,0,0,0,0,0,1,0,1,0,0,0,0,0,0,0,0,0,0,0,0,0,0,0,0,0,0,0,1,0,0,0,0,0,0,0,0,0,0,0,0,0,0,0,0,1,1,1,1,1,1,0,0,0,0,0,0,1,1,1,1,1,1,0,0,0,0,0,0,0,0,0,1,1,1,1,1,1,0,0,0,0,0,0,1,1,1,1,1,1,0,1,1,0,0,1,0,1,1,1,1,1,,,Life.BullRetrace,Life.BullStart,Life.BullRetrace,Life.BullStart,Life.BullRetrace
2020-03-12,TOPVISN,0.5463,0.5463,0.5463,0.5463,0.5463,0,0.0,0,0.5463,0.54629,1e-05,1e-05,-0.0,,,-0.0,-0.0,-1e-05,-1e-05,0.5463,0.54579,0.53898,0.50793,0.5463,,,,,,,,,,,,,,,,,,,,,,0.0,0.0,0.0,0.0,,,,,,,,,,,,,,0.3786,0.0732,0.3837,0.0051,-0.3054,0.3105,,,0.15,,,,,,0,0,0,0,0,0,,,,,,,3000,5000,3000,5000,5000,5000,5000,-8.43,0.0,-15.79,-7.81,-38.98,-13.89,0.0,0,0,2,0,0,0.015,0.021,0.011,0.0,0.005,0.001,0.01237,0.01746,0.01005,0.00033,0.00605,0.00134,0,0,0,100,100,100,0,0,0,100,100,100,0,0,0,100,100,100,2019-10-08,2019-06-14,2019-05-07,2019-09-23,2019-05-30,2019-04-18,,,,,,,,,,,,,,,,,,,0.01567,0.019,0.01767,0.002,0.007,33.33867,0,0,0,0,0,0,0,0,0,0,0,0,0,0,0,0,0,0,1,0,1,0,0,0,0,0,0,0,0,0,0,0,0,0,0,0,0,0,0,0,1,0,0,0,0,0,0,0,0,0,0,0,0,0,0,0,0,1,1,1,1,1,1,0,0,0,0,0,0,1,1,1,1,1,1,0,0,0,0,0,0,0,0,0,1,1,1,1,1,1,0,0,0,0,0,0,1,1,1,1,1,1,0,1,1,0,0,1,0,1,1,1,1,1,,,Life.BullRetrace,Life.BullStart,Life.BullRetrace,Life.BullStart,Life.BullRetrace
2020-03-13,TOPVISN,0.5463,0.5463,0.5463,0.5463,0.5463,0,0.0,0,0.5463,0.54629,1e-05,1e-05,-0.0,,,-0.0,-0.0,-0.0,-1e-05,0.5463,0.54581,0.53912,0.50831,0.5463,,,,,,,,,,,,,,,,,,,,,,0.0,0.0,0.0,0.0,,,,,,,,,,,,,,0.375,0.0718,0.3799,0.0049,-0.3032,0.3081,,,0.15,,,,,,0,0,0,0,0,0,,,,,,,3000,5000,3000,5000,5000,5000,5000,-8.43,0.0,-15.79,-7.81,-38.98,-13.89,0.0,0,0,2,0,0,0.015,0.021,0.011,0.0,0.005,0.001,0.01237,0.01746,0.01005,0.00033,0.00605,0.00134,0,0,0,100,100,100,0,0,0,100,100,100,0,0,0,100,100,100,2019-10-08,2019-06-14,2019-05-07,2019-09-23,2019-05-30,2019-04-18,,,,,,,,,,,,,,,,,,,0.01567,0.019,0.01767,0.002,0.007,33.33867,0,0,0,0,0,0,0,0,0,0,0,0,0,0,0,0,0,0,1,0,1,0,0,0,0,0,0,0,0,0,0,0,0,0,0,0,0,0,0,0,1,0,0,0,0,0,0,0,0,0,0,0,0,0,0,0,0,1,1,1,1,1,1,0,0,0,0,0,0,1,1,1,1,1,1,0,0,0,0,0,0,0,0,0,1,1,1,1,1,1,0,0,0,0,0,0,1,1,1,1,1,1,0,1,1,0,0,1,0,1,1,1,1,1,,,Life.BullRetrace,Life.BullStart,Life.BullRetrace,Life.BullStart,Life.BullRetrace
2020-03-16,TOPVISN,0.5463,0.5463,0.5463,0.5463,0.5463,0,0.0,0,0.5463,0.54629,1e-05,1e-05,-0.0,,,-0.0,-0.0,-0.0,-1e-05,0.5463,0.54583,0.53926,0.50869,0.5463,,,,,,,,,,,,,,,,,,,,,,0.0,0.0,0.0,0.0,,,,,,,,,,,,,,0.3714,0.0704,0.3761,0.0047,-0.301,0.3057,,,0.15,,,,,,0,0,0,0,0,0,,,,,,,3000,5000,3000,5000,5000,5000,5000,-8.43,0.0,-15.79,-7.81,-38.98,-13.89,0.0,0,0,2,0,0,0.015,0.021,0.011,0.0,0.005,0.001,0.01237,0.01746,0.01005,0.00033,0.00605,0.00134,0,0,0,100,100,100,0,0,0,100,100,100,0,0,0,100,100,100,2019-10-08,2019-06-14,2019-05-07,2019-09-23,2019-05-30,2019-04-18,,,,,,,,,,,,,,,,,,,0.01567,0.019,0.01767,0.002,0.007,33.33867,0,0,0,0,0,0,0,0,0,0,0,0,0,0,0,0,0,0,1,0,1,0,0,0,0,0,0,0,0,0,0,0,0,0,0,0,0,0,0,0,1,0,0,0,0,0,0,0,0,0,0,0,0,0,0,0,0,1,1,1,1,1,1,0,0,0,0,0,0,1,1,1,1,1,1,0,0,0,0,0,0,0,0,0,1,1,1,1,1,1,0,0,0,0,0,0,1,1,1,1,1,1,0,1,1,0,0,1,0,1,1,1,1,1,,,Life.BullRetrace,Life.BullStart,Life.BullRetrace,Life.BullStart,Life.BullRetrace
2020-03-17,TOPVISN,0.5463,0.5463,0.5463,0.5463,0.5463,0,0.0,0,0.5463,0.5463,0.0,1e-05,-0.0,,,-0.0,-0.0,-0.0,-1e-05,0.5463,0.54585,0.5394,0.50906,0.5463,,,,,,,,,,,,,,,,,,,,,,0.0,0.0,0.0,0.0,,,,,,,,,,,,,,0.3679,0.069,0.3724,0.0045,-0.2989,0.3034,,,,0.15,,,,,0,0,0,0,0,0,,,,,,,3000,5000,3000,5000,5000,5000,5000,-8.43,0.0,-15.79,-7.81,-38.98,-13.89,0.0,0,0,2,0,0,0.015,0.021,0.011,0.0,0.005,0.001,0.01237,0.01746,0.01005,0.00033,0.00605,0.00134,0,0,0,100,100,100,0,0,0,100,100,100,0,0,0,100,100,100,2019-10-08,2019-06-14,2019-05-07,2019-09-23,2019-05-30,2019-04-18,,,,,,,,,,,,,,,,,,,0.01567,0.019,0.01767,0.002,0.007,33.33867,0,0,0,0,0,0,0,0,0,0,0,0,0,0,0,0,0,0,1,0,1,0,0,0,0,0,0,0,0,0,0,0,0,0,0,0,0,0,0,0,1,0,0,0,0,0,0,0,0,0,0,0,0,0,0,0,0,1,1,1,1,1,1,0,0,0,0,0,0,1,1,1,1,1,1,0,0,0,0,0,0,0,0,0,1,1,1,1,1,1,0,0,0,0,0,0,1,1,1,1,1,1,0,1,1,0,0,1,0,1,1,1,1,1,,,Life.BullStart,Life.BullRetrace,Life.BullStart,Life.BullRetrace,Life.BullEnd
2020-03-18,TOPVISN,0.5463,0.5463,0.5463,0.5463,0.5463,0,0.0,0,0.5463,0.5463,0.0,1e-05,-0.0,,,-0.0,-0.0,-0.0,-0.0,0.5463,0.54587,0.53954,0.50943,0.5463,,,,,,,,,,,,,,,,,,,,,,0.0,0.0,0.0,0.0,,,,,,,,,,,,,,0.3644,0.0676,0.3687,0.0043,-0.2968,0.3011,,,,0.15,,,,,0,0,0,0,0,0,,,,,,,3000,5000,3000,5000,5000,5000,5000,-8.43,0.0,-15.79,-7.81,-38.98,-13.89,0.0,0,0,2,0,0,0.015,0.021,0.011,0.0,0.005,0.001,0.01237,0.01746,0.01005,0.00033,0.00605,0.00134,0,0,0,100,100,100,0,0,0,100,100,100,0,0,0,100,100,100,2019-10-08,2019-06-14,2019-05-07,2019-09-23,2019-05-30,2019-04-18,,,,,,,,,,,,,,,,,,,0.01567,0.019,0.01767,0.002,0.007,33.33867,0,0,0,0,0,0,0,0,0,0,0,0,0,0,0,0,0,0,1,0,1,0,0,0,0,0,0,0,0,0,0,0,0,0,0,0,0,0,0,0,1,0,0,0,0,0,0,0,0,0,0,0,0,0,0,0,0,1,1,1,1,1,1,0,0,0,0,0,0,1,1,1,1,1,1,0,0,0,0,0,0,0,0,0,1,1,1,1,1,1,0,0,0,0,0,0,1,1,1,1,1,1,0,1,1,0,0,1,0,1,1,1,1,1,,,Life.BullStart,Life.BullRetrace,Life.BullStart,Life.BullRetrace,Life.BullEnd
2020-03-19,TOPVISN,0.5463,0.5463,0.5463,0.5463,0.5463,0,0.0,0,0.5463,0.5463,0.0,1e-05,-0.0,,,-0.0,-0.0,-0.0,-0.0,0.5463,0.54588,0.53967,0.5098,0.5463,,,,,,,,,,,,,,,,,,,,,,0.0,0.0,0.0,0.0,,,,,,,,,,,,,,0.3608,0.0663,0.365,0.0042,-0.2945,0.2987,,,,0.15,,,,,0,0,0,0,0,0,,,,,,,3000,5000,3000,5000,5000,5000,5000,-8.43,0.0,-15.79,-7.81,-38.98,-13.89,0.0,0,0,2,0,0,0.015,0.021,0.011,0.0,0.005,0.001,0.01237,0.01746,0.01005,0.00033,0.00605,0.00134,0,0,0,100,100,100,0,0,0,100,100,100,0,0,0,100,100,100,2019-10-08,2019-06-14,2019-05-07,2019-09-23,2019-05-30,2019-04-18,,,,,,,,,,,,,,,,,,,0.01567,0.019,0.01767,0.002,0.007,33.33867,0,0,0,0,0,0,0,0,0,0,0,0,0,0,0,0,0,0,1,0,1,0,0,0,0,0,0,0,0,0,0,0,0,0,0,0,0,0,0,0,1,0,0,0,0,0,0,0,0,0,0,0,0,0,0,0,0,1,1,1,1,1,1,0,0,0,0,0,0,1,1,1,1,1,1,0,0,0,0,0,0,0,0,0,1,1,1,1,1,1,0,0,0,0,0,0,1,1,1,1,1,1,0,1,1,0,0,1,0,1,1,1,1,1,,,Life.BullStart,Life.BullRetrace,Life.BullStart,Life.BullRetrace,Life.BullEnd
2020-03-20,TOPVISN,0.5463,0.5463,0.5463,0.5463,0.5463,0,0.0,0,0.5463,0.5463,0.0,1e-05,-0.0,,,-0.0,-0.0,-0.0,-0.0,0.5463,0.5459,0.5398,0.51016,0.5463,,,,,,,,,,,,,,,,,,,,,,0.0,0.0,0.0,0.0,,,,,,,,,,,,,,0.3574,0.065,0.3614,0.004,-0.2924,0.2964,,,,0.15,,,,,0,0,0,0,0,0,,,,,,,3000,5000,3000,5000,5000,5000,5000,-8.43,0.0,-15.79,-7.81,-38.98,-13.89,0.0,0,0,2,0,0,0.015,0.021,0.011,0.0,0.005,0.001,0.01237,0.01746,0.01005,0.00033,0.00605,0.00134,0,0,0,100,100,100,0,0,0,100,100,100,0,0,0,100,100,100,2019-10-08,2019-06-14,2019-05-07,2019-09-23,2019-05-30,2019-04-18,,,,,,,,,,,,,,,,,,,0.01567,0.019,0.01767,0.002,0.007,33.33867,0,0,0,0,0,0,0,0,0,0,0,0,0,0,0,0,0,0,1,0,1,0,0,0,0,0,0,0,0,0,0,0,0,0,0,0,0,0,0,0,1,0,0,0,0,0,0,0,0,0,0,0,0,0,0,0,0,1,1,1,1,1,1,0,0,0,0,0,0,1,1,1,1,1,1,0,0,0,0,0,0,0,0,0,1,1,1,1,1,1,0,0,0,0,0,0,1,1,1,1,1,1,0,1,1,0,0,1,0,1,1,1,1,1,,,Life.BullStart,Life.BullRetrace,Life.BullStart,Life.BullRetrace,Life.BullEnd
2020-03-23,TOPVISN,0.5463,0.5463,0.5463,0.5463,0.5463,0,0.0,0,0.5463,0.5463,0.0,1e-05,-0.0,,,-0.0,-0.0,-0.0,-0.0,0.5463,0.54591,0.53993,0.51052,0.5463,,,,,,,,,,,,,,,,,,,,,,0.0,0.0,0.0,0.0,,,,,,,,,,,,,,0.3539,0.0637,0.3578,0.0039,-0.2902,0.2941,,,,0.15,,,,,0,0,0,0,0,0,,,,,,,3000,5000,3000,5000,5000,5000,5000,-8.43,0.0,-15.79,-7.81,-38.98,-13.89,0.0,0,0,2,0,0,0.015,0.021,0.011,0.0,0.005,0.001,0.01237,0.01746,0.01005,0.00033,0.00605,0.00134,0,0,0,100,100,100,0,0,0,100,100,100,0,0,0,100,100,100,2019-10-08,2019-06-14,2019-05-07,2019-09-23,2019-05-30,2019-04-18,,,,,,,,,,,,,,,,,,,0.01567,0.019,0.01767,0.002,0.007,33.33867,0,0,0,0,0,0,0,0,0,0,0,0,0,0,0,0,0,0,1,0,1,0,0,0,0,0,0,0,0,0,0,0,0,0,0,0,0,0,0,0,1,0,0,0,0,0,0,0,0,0,0,0,0,0,0,0,0,1,1,1,1,1,1,0,0,0,0,0,0,1,1,1,1,1,1,0,0,0,0,0,0,0,0,0,1,1,1,1,1,1,0,0,0,0,0,0,1,1,1,1,1,1,0,1,1,0,0,1,0,1,1,1,1,1,,,Life.BullStart,Life.BullRetrace,Life.BullStart,Life.BullRetrace,Life.BullEnd
2020-03-24,TOPVISN,0.5463,0.5463,0.5463,0.5463,0.5463,0,0.0,0,0.5463,0.5463,0.0,0.0,-0.0,,,-0.0,-0.0,-0.0,-0.0,0.5463,0.54593,0.54006,0.51088,0.5463,,,,,,,,,,,,,,,,,,,,,,0.0,0.0,0.0,0.0,,,,,,,,,,,,,,0.3505,0.0624,0.3542,0.0037,-0.2881,0.2918,,,,0.15,,,,,0,0,0,0,0,0,,,,,,,3000,5000,3000,5000,5000,5000,5000,-8.43,0.0,-15.79,-7.81,-38.98,-13.89,0.0,0,0,2,0,0,0.015,0.021,0.011,0.0,0.005,0.001,0.01237,0.01746,0.01005,0.00033,0.00605,0.00134,0,0,0,100,100,100,0,0,0,100,100,100,0,0,0,100,100,100,2019-10-08,2019-06-14,2019-05-07,2019-09-23,2019-05-30,2019-04-18,,,,,,,,,,,,,,,,,,,0.01567,0.019,0.01767,0.002,0.007,33.33867,0,0,0,0,0,0,0,0,0,0,0,0,0,0,0,0,0,0,1,0,1,0,0,0,0,0,0,0,0,0,0,0,0,0,0,0,0,0,0,0,1,0,0,0,0,0,0,0,0,0,0,0,0,0,0,0,0,1,1,1,1,1,1,0,0,0,0,0,0,1,1,1,1,1,1,0,0,0,0,0,0,0,0,0,1,1,1,1,1,1,0,0,0,0,0,0,1,1,1,1,1,1,0,1,1,0,0,1,0,1,1,1,1,1,,,Life.BullStart,Life.BullRetrace,Life.BullStart,Life.BullRetrace,Life.BullEnd
2020-03-25,TOPVISN,0.5463,0.5463,0.5463,0.5463,0.5463,0,0.0,0,0.5463,0.5463,0.0,0.0,-0.0,,,-0.0,-0.0,-0.0,-0.0,0.5463,0.54594,0.54018,0.51123,0.5463,,,,,,,,,,,,,,,,,,,,,,0.0,0.0,0.0,0.0,,,,,,,,,,,,,,0.3471,0.0612,0.3507,0.0036,-0.2859,0.2895,,,,0.15,,,,,0,0,0,0,0,0,,,,,,,3000,5000,3000,5000,5000,5000,5000,-8.43,0.0,-15.79,-7.81,-38.98,-13.89,0.0,0,0,2,0,0,0.015,0.021,0.011,0.0,0.005,0.001,0.01237,0.01746,0.01005,0.00033,0.00605,0.00134,0,0,0,100,100,100,0,0,0,100,100,100,0,0,0,100,100,100,2019-10-08,2019-06-14,2019-05-07,2019-09-23,2019-05-30,2019-04-18,,,,,,,,,,,,,,,,,,,0.01567,0.019,0.01767,0.002,0.007,33.33867,0,0,0,0,0,0,0,0,0,0,0,0,0,0,0,0,0,0,1,0,1,0,0,0,0,0,0,0,0,0,0,0,0,0,0,0,0,0,0,0,1,0,0,0,0,0,0,0,0,0,0,0,0,0,0,0,0,1,1,1,1,1,1,0,0,0,0,0,0,1,1,1,1,1,1,0,0,0,0,0,0,0,0,0,1,1,1,1,1,1,0,0,0,0,0,0,1,1,1,1,1,1,0,1,1,0,0,1,0,1,1,1,1,1,,,Life.BullStart,Life.BullRetrace,Life.BullStart,Life.BullRetrace,Life.BullEnd
2020-03-26,TOPVISN,0.5463,0.5463,0.5463,0.5463,0.5463,0,0.0,0,0.5463,0.5463,0.0,0.0,-0.0,,,-0.0,-0.0,-0.0,-0.0,0.5463,0.54596,0.5403,0.51158,0.5463,,,,,,,,,,,,,,,,,,,,,,0.0,0.0,0.0,0.0,,,,,,,,,,,,,,0.3438,0.06,0.3472,0.0034,-0.2838,0.2872,,,,0.15,,,,,0,0,0,0,0,0,,,,,,,3000,5000,3000,5000,5000,5000,5000,-8.43,0.0,-15.79,-7.81,-38.98,-13.89,0.0,0,0,2,0,0,0.015,0.021,0.011,0.0,0.005,0.001,0.01237,0.01746,0.01005,0.00033,0.00605,0.00134,0,0,0,100,100,100,0,0,0,100,100,100,0,0,0,100,100,100,2019-10-08,2019-06-14,2019-05-07,2019-09-23,2019-05-30,2019-04-18,,,,,,,,,,,,,,,,,,,0.01567,0.019,0.01767,0.002,0.007,33.33867,0,0,0,0,0,0,0,0,0,0,0,0,0,0,0,0,0,0,1,0,1,0,0,0,0,0,0,0,0,0,0,0,0,0,0,0,0,0,0,0,1,0,0,0,0,0,0,0,0,0,0,0,0,0,0,0,0,1,1,1,1,1,1,0,0,0,0,0,0,1,1,1,1,1,1,0,0,0,0,0,0,0,0,0,1,1,1,1,1,1,0,0,0,0,0,0,1,1,1,1,1,1,0,1,1,0,0,1,0,1,1,1,1,1,,,Life.BullStart,Life.BullRetrace,Life.BullStart,Life.BullRetrace,Life.BullEnd
2020-03-27,TOPVISN,0.5463,0.5463,0.5463,0.5463,0.5463,0,0.0,0,0.5463,0.5463,0.0,0.0,-0.0,,,-0.0,-0.0,-0.0,-0.0,0.5463,0.54597,0.54042,0.51192,0.5463,,,,,,,,,,,,,,,,,,,,,,0.0,0.0,0.0,0.0,,,,,,,,,,,,,,0.3405,0.0588,0.3438,0.0033,-0.2817,0.285,,,,0.15,,,,,0,0,0,0,0,0,,,,,,,3000,5000,3000,5000,5000,5000,5000,-8.43,0.0,-15.79,-7.81,-38.98,-13.89,0.0,0,0,2,0,0,0.015,0.021,0.011,0.0,0.005,0.001,0.01237,0.01746,0.01005,0.00033,0.00605,0.00134,0,0,0,100,100,100,0,0,0,100,100,100,0,0,0,100,100,100,2019-10-08,2019-06-14,2019-05-07,2019-09-23,2019-05-30,2019-04-18,,,,,,,,,,,,,,,,,,,0.01567,0.019,0.01767,0.002,0.007,33.33867,0,0,0,0,0,0,0,0,0,0,0,0,0,0,0,0,0,0,1,0,1,0,0,0,0,0,0,0,0,0,0,0,0,0,0,0,0,0,0,0,1,0,0,0,0,0,0,0,0,0,0,0,0,0,0,0,0,1,1,1,1,1,1,0,0,0,0,0,0,1,1,1,1,1,1,0,0,0,0,0,0,0,0,0,1,1,1,1,1,1,0,0,0,0,0,0,1,1,1,1,1,1,0,1,1,0,0,1,0,1,1,1,1,1,,,Life.BullStart,Life.BullRetrace,Life.BullStart,Life.BullRetrace,Life.BullEnd
2020-03-30,TOPVISN,0.5463,0.5463,0.5463,0.5463,0.5463,0,0.0,0,0.5463,0.5463,0.0,0.0,-0.0,,,-0.0,-0.0,-0.0,-0.0,0.5463,0.54598,0.54054,0.51227,0.5463,,,,,,,,,,,,,,,,,,,,,,0.0,0.0,0.0,0.0,,,,,,,,,,,,,,0.3371,0.0576,0.3403,0.0032,-0.2795,0.2827,,,,0.15,,,,,0,0,0,0,0,0,,,,,,,3000,5000,3000,5000,5000,5000,5000,-8.43,0.0,-15.79,-7.81,-38.98,-13.89,0.0,0,0,2,0,0,0.015,0.021,0.011,0.0,0.005,0.001,0.01237,0.01746,0.01005,0.00033,0.00605,0.00134,0,0,0,100,100,100,0,0,0,100,100,100,0,0,0,100,100,100,2019-10-08,2019-06-14,2019-05-07,2019-09-23,2019-05-30,2019-04-18,,,,,,,,,,,,,,,,,,,0.01567,0.019,0.01767,0.002,0.007,33.33867,0,0,0,0,0,0,0,0,0,0,0,0,0,0,0,0,0,0,1,0,1,0,0,0,0,0,0,0,0,0,0,0,0,0,0,0,0,0,0,0,1,0,0,0,0,0,0,0,0,0,0,0,0,0,0,0,0,1,1,1,1,1,1,0,0,0,0,0,0,1,1,1,1,1,1,0,0,0,0,0,0,0,0,0,1,1,1,1,1,1,0,0,0,0,0,0,1,1,1,1,1,1,0,1,1,0,0,1,0,1,1,1,1,1,,,Life.BullStart,Life.BullRetrace,Life.BullStart,Life.BullRetrace,Life.BullEnd
2020-03-31,TOPVISN,0.5463,0.5463,0.5463,0.5463,0.5463,0,0.0,0,0.5463,0.5463,0.0,0.0,-0.0,,,-0.0,-0.0,-0.0,-0.0,0.5463,0.546,0.54065,0.51261,0.5463,,,,,,,,,,,,,,,,,,,,,,0.0,0.0,0.0,0.0,,,,,,,,,,,,,,0.3339,0.0565,0.3369,0.003,-0.2774,0.2804,,,,0.15,,,,,0,0,0,0,0,0,,,,,,,3000,5000,3000,5000,5000,5000,5000,-8.43,0.0,-15.79,-7.81,-38.98,-13.89,0.0,0,0,2,0,0,0.015,0.021,0.011,0.0,0.005,0.001,0.01237,0.01746,0.01005,0.00033,0.00605,0.00134,0,0,0,100,100,100,0,0,0,100,100,100,0,0,0,100,100,100,2019-10-08,2019-06-14,2019-05-07,2019-09-23,2019-05-30,2019-04-18,,,,,,,,,,,,,,,,,,,0.01567,0.019,0.01767,0.002,0.007,33.33867,0,0,0,0,0,0,0,0,0,0,0,0,0,0,0,0,0,0,1,0,1,0,0,0,0,0,0,0,0,0,0,0,0,0,0,0,0,0,0,0,1,0,0,0,0,0,0,0,0,0,0,0,0,0,0,0,0,1,1,1,1,1,1,0,0,0,0,0,0,1,1,1,1,1,1,0,0,0,0,0,0,0,0,0,1,1,1,1,1,1,0,0,0,0,0,0,1,1,1,1,1,1,0,1,1,0,0,1,0,1,1,1,1,1,,,Life.BullStart,Life.BullRetrace,Life.BullStart,Life.BullRetrace,Life.BullEnd
2020-04-01,TOPVISN,0.5463,0.5463,0.5463,0.5463,0.5463,0,0.0,0,0.5463,0.5463,0.0,0.0,-0.0,,,-0.0,-0.0,-0.0,-0.0,0.5463,0.54601,0.54076,0.51294,0.5463,,,,,,,,,,,,,,,,,,,,,,0.0,0.0,0.0,0.0,,,,,,,,,,,,,,0.3307,0.0554,0.3336,0.0029,-0.2753,0.2782,,,,0.15,,,,,0,0,0,0,0,0,,,,,,,3000,5000,3000,5000,5000,5000,5000,-8.43,0.0,-15.79,-7.81,-38.98,-13.89,0.0,0,0,2,0,0,0.015,0.021,0.011,0.0,0.005,0.001,0.01237,0.01746,0.01005,0.00033,0.00605,0.00134,0,0,0,100,100,100,0,0,0,100,100,100,0,0,0,100,100,100,2019-10-08,2019-06-14,2019-05-07,2019-09-23,2019-05-30,2019-04-18,,,,,,,,,,,,,,,,,,,0.01567,0.019,0.01767,0.002,0.007,33.33867,0,0,0,0,0,0,0,0,0,0,0,0,0,0,0,0,0,0,1,0,1,0,0,0,0,0,0,0,0,0,0,0,0,0,0,0,0,0,0,0,1,0,0,0,0,0,0,0,0,0,0,0,0,0,0,0,0,1,1,1,1,1,1,0,0,0,0,0,0,1,1,1,1,1,1,0,0,0,0,0,0,0,0,0,1,1,1,1,1,1,0,0,0,0,0,0,1,1,1,1,1,1,0,1,1,0,0,1,0,1,1,1,1,1,,,Life.BullStart,Life.BullRetrace,Life.BullStart,Life.BullRetrace,Life.BullEnd
2020-04-02,TOPVISN,0.5463,0.5463,0.5463,0.5463,0.5463,0,0.0,0,0.5463,0.5463,0.0,0.0,-0.0,,,-0.0,-0.0,-0.0,-0.0,0.5463,0.54602,0.54087,0.51327,0.5463,,,,,,,,,,,,,,,,,,,,,,0.0,0.0,0.0,0.0,,,,,,,,,,,,,,0.3275,0.0543,0.3303,0.0028,-0.2732,0.276,,,,0.15,,,,,0,0,0,0,0,0,,,,,,,3000,5000,3000,5000,5000,5000,5000,-8.43,0.0,-15.79,-7.81,-38.98,-13.89,0.0,0,0,2,0,0,0.015,0.021,0.011,0.0,0.005,0.001,0.01237,0.01746,0.01005,0.00033,0.00605,0.00134,0,0,0,100,100,100,0,0,0,100,100,100,0,0,0,100,100,100,2019-10-08,2019-06-14,2019-05-07,2019-09-23,2019-05-30,2019-04-18,,,,,,,,,,,,,,,,,,,0.01567,0.019,0.01767,0.002,0.007,33.33867,0,0,0,0,0,0,0,0,0,0,0,0,0,0,0,0,0,0,1,0,1,0,0,0,0,0,0,0,0,0,0,0,0,0,0,0,0,0,0,0,1,0,0,0,0,0,0,0,0,0,0,0,0,0,0,0,0,1,1,1,1,1,1,0,0,0,0,0,0,1,1,1,1,1,1,0,0,0,0,0,0,0,0,0,1,1,1,1,1,1,0,0,0,0,0,0,1,1,1,1,1,1,0,1,1,0,0,1,0,1,1,1,1,1,,,Life.BullStart,Life.BullRetrace,Life.BullStart,Life.BullRetrace,Life.BullEnd
2020-04-03,TOPVISN,0.5463,0.5463,0.5463,0.5463,0.5463,0,0.0,0,0.5463,0.5463,0.0,0.0,-0.0,,,-0.0,-0.0,-0.0,-0.0,0.5463,0.54603,0.54098,0.5136,0.5463,,,,,,,,,,,,,,,,,,,,,,0.0,0.0,0.0,0.0,,,,,,,,,,,,,,0.3243,0.0532,0.327,0.0027,-0.2711,0.2738,,,,0.15,,,,,0,0,0,0,0,0,,,,,,,3000,5000,3000,5000,5000,5000,5000,-8.43,0.0,-15.79,-7.81,-38.98,-13.89,0.0,0,0,2,0,0,0.015,0.021,0.011,0.0,0.005,0.001,0.01237,0.01746,0.01005,0.00033,0.00605,0.00134,0,0,0,100,100,100,0,0,0,100,100,100,0,0,0,100,100,100,2019-10-08,2019-06-14,2019-05-07,2019-09-23,2019-05-30,2019-04-18,,,,,,,,,,,,,,,,,,,0.01567,0.019,0.01767,0.002,0.007,33.33867,0,0,0,0,0,0,0,0,0,0,0,0,0,0,0,0,0,0,1,0,1,0,0,0,0,0,0,0,0,0,0,0,0,0,0,0,0,0,0,0,1,0,0,0,0,0,0,0,0,0,0,0,0,0,0,0,0,1,1,1,1,1,1,0,0,0,0,0,0,1,1,1,1,1,1,0,0,0,0,0,0,0,0,0,1,1,1,1,1,1,0,0,0,0,0,0,1,1,1,1,1,1,0,1,1,0,0,1,0,1,1,1,1,1,,,Life.BullStart,Life.BullRetrace,Life.BullStart,Life.BullRetrace,Life.BullEnd
2020-04-06,TOPVISN,0.5463,0.5463,0.5463,0.5463,0.5463,0,0.0,0,0.5463,0.5463,0.0,0.0,-0.0,,,-0.0,-0.0,-0.0,-0.0,0.5463,0.54604,0.54109,0.51393,0.5463,,,,,,,,,,,,,,,,,,,,,,0.0,0.0,0.0,0.0,,,,,,,,,,,,,,0.3211,0.0521,0.3237,0.0026,-0.269,0.2716,,,,0.15,,,,,0,0,0,0,0,0,,,,,,,3000,5000,3000,5000,5000,5000,5000,-8.43,0.0,-15.79,-7.81,-38.98,-13.89,0.0,0,0,2,0,0,0.015,0.021,0.011,0.0,0.005,0.001,0.01237,0.01746,0.01005,0.00033,0.00605,0.00134,0,0,0,100,100,100,0,0,0,100,100,100,0,0,0,100,100,100,2019-10-08,2019-06-14,2019-05-07,2019-09-23,2019-05-30,2019-04-18,,,,,,,,,,,,,,,,,,,0.01567,0.019,0.01767,0.002,0.007,33.33867,0,0,0,0,0,0,0,0,0,0,0,0,0,0,0,0,0,0,1,0,1,0,0,0,0,0,0,0,0,0,0,0,0,0,0,0,0,0,0,0,1,0,0,0,0,0,0,0,0,0,0,0,0,0,0,0,0,1,1,1,1,1,1,0,0,0,0,0,0,1,1,1,1,1,1,0,0,0,0,0,0,0,0,0,1,1,1,1,1,1,0,0,0,0,0,0,1,1,1,1,1,1,0,1,1,0,0,1,0,1,1,1,1,1,,,Life.BullStart,Life.BullRetrace,Life.BullStart,Life.BullRetrace,Life.BullEnd
2020-04-07,TOPVISN,0.5463,0.5463,0.5463,0.5463,0.5463,0,0.0,0,0.5463,0.5463,0.0,0.0,-0.0,,,-0.0,-0.0,-0.0,-0.0,0.5463,0.54605,0.54119,0.51425,0.5463,,,,,,,,,,,,,,,,,,,,,,0.0,0.0,0.0,0.0,,,,,,,,,,,,,,0.318,0.0511,0.3205,0.0025,-0.2669,0.2694,,,,0.15,,,,,0,0,0,0,0,0,,,,,,,3000,5000,3000,5000,5000,5000,5000,-8.43,0.0,-15.79,-7.81,-38.98,-13.89,0.0,0,0,2,0,0,0.015,0.021,0.011,0.0,0.005,0.001,0.01237,0.01746,0.01005,0.00033,0.00605,0.00134,0,0,0,100,100,100,0,0,0,100,100,100,0,0,0,100,100,100,2019-10-08,2019-06-14,2019-05-07,2019-09-23,2019-05-30,2019-04-18,,,,,,,,,,,,,,,,,,,0.01567,0.019,0.01767,0.002,0.007,33.33867,0,0,0,0,0,0,0,0,0,0,0,0,0,0,0,0,0,0,1,0,1,0,0,0,0,0,0,0,0,0,0,0,0,0,0,0,0,0,0,0,1,0,0,0,0,0,0,0,0,0,0,0,0,0,0,0,0,1,1,1,1,1,1,0,0,0,0,0,0,1,1,1,1,1,1,0,0,0,0,0,0,0,0,0,1,1,1,1,1,1,0,0,0,0,0,0,1,1,1,1,1,1,0,1,1,0,0,1,0,1,1,1,1,1,,,Life.BullStart,Life.BullRetrace,Life.BullStart,Life.BullRetrace,Life.BullEnd
2020-04-08,TOPVISN,0.5463,0.5463,0.5463,0.5463,0.5463,0,0.0,0,0.5463,0.5463,0.0,0.0,-0.0,,,-0.0,-0.0,-0.0,-0.0,0.5463,0.54606,0.54129,0.51457,0.5463,,,,,,,,,,,,,,,,,,,,,,0.0,0.0,0.0,0.0,,,,,,,,,,,,,,0.3149,0.0501,0.3173,0.0024,-0.2648,0.2672,,,,0.15,,,,,0,0,0,0,0,0,,,,,,,3000,5000,3000,5000,5000,5000,5000,-8.43,0.0,-15.79,-7.81,-38.98,-13.89,0.0,0,0,2,0,0,0.015,0.021,0.011,0.0,0.005,0.001,0.01237,0.01746,0.01005,0.00033,0.00605,0.00134,0,0,0,100,100,100,0,0,0,100,100,100,0,0,0,100,100,100,2019-10-08,2019-06-14,2019-05-07,2019-09-23,2019-05-30,2019-04-18,,,,,,,,,,,,,,,,,,,0.01567,0.019,0.01767,0.002,0.007,33.33867,0,0,0,0,0,0,0,0,0,0,0,0,0,0,0,0,0,0,1,0,1,0,0,0,0,0,0,0,0,0,0,0,0,0,0,0,0,0,0,0,1,0,0,0,0,0,0,0,0,0,0,0,0,0,0,0,0,1,1,1,1,1,1,0,0,0,0,0,0,1,1,1,1,1,1,0,0,0,0,0,0,0,0,0,1,1,1,1,1,1,0,0,0,0,0,0,1,1,1,1,1,1,0,1,1,0,0,1,0,1,1,1,1,1,,,Life.BullStart,Life.BullRetrace,Life.BullStart,Life.BullRetrace,Life.BullEnd
2020-04-09,TOPVISN,0.5463,0.5463,0.5463,0.5463,0.5463,0,0.0,0,0.5463,0.5463,0.0,0.0,-0.0,,,-0.0,-0.0,-0.0,-0.0,0.5463,0.54607,0.54139,0.51488,0.5463,,,,,,,,,,,,,,,,,,,,,,0.0,0.0,0.0,0.0,,,,,,,,,,,,,,0.3119,0.0491,0.3142,0.0023,-0.2628,0.2651,,,,0.15,,,,,0,0,0,0,0,0,,,,,,,3000,5000,3000,5000,5000,5000,5000,-8.43,0.0,-15.79,-7.81,-38.98,-13.89,0.0,0,0,2,0,0,0.015,0.021,0.011,0.0,0.005,0.001,0.01237,0.01746,0.01005,0.00033,0.00605,0.00134,0,0,0,100,100,100,0,0,0,100,100,100,0,0,0,100,100,100,2019-10-08,2019-06-14,2019-05-07,2019-09-23,2019-05-30,2019-04-18,,,,,,,,,,,,,,,,,,,0.01567,0.019,0.01767,0.002,0.007,33.33867,0,0,0,0,0,0,0,0,0,0,0,0,0,0,0,0,0,0,1,0,1,0,0,0,0,0,0,0,0,0,0,0,0,0,0,0,0,0,0,0,1,0,0,0,0,0,0,0,0,0,0,0,0,0,0,0,0,1,1,1,1,1,1,0,0,0,0,0,0,1,1,1,1,1,1,0,0,0,0,0,0,0,0,0,1,1,1,1,1,1,0,0,0,0,0,0,1,1,1,1,1,1,0,1,1,0,0,1,0,1,1,1,1,1,,,Life.BullStart,Life.BullRetrace,Life.BullStart,Life.BullRetrace,Life.BullEnd
2020-04-10,TOPVISN,0.5463,0.5463,0.5463,0.5463,0.5463,0,0.0,0,0.5463,0.5463,0.0,0.0,-0.0,,,-0.0,-0.0,-0.0,-0.0,0.5463,0.54608,0.54149,0.5152,0.5463,,,,,,,,,,,,,,,,,,,,,,0.0,0.0,0.0,0.0,,,,,,,,,,,,,,0.3088,0.0481,0.311,0.0022,-0.2607,0.2629,,,,0.15,,,,,0,0,0,0,0,0,,,,,,,3000,5000,3000,5000,5000,5000,5000,-8.43,0.0,-15.79,-7.81,-38.98,-13.89,0.0,0,0,2,0,0,0.015,0.021,0.011,0.0,0.005,0.001,0.01237,0.01746,0.01005,0.00033,0.00605,0.00134,0,0,0,100,100,100,0,0,0,100,100,100,0,0,0,100,100,100,2019-10-08,2019-06-14,2019-05-07,2019-09-23,2019-05-30,2019-04-18,,,,,,,,,,,,,,,,,,,0.01567,0.019,0.01767,0.002,0.007,33.33867,0,0,0,0,0,0,0,0,0,0,0,0,0,0,0,0,0,0,1,0,1,0,0,0,0,0,0,0,0,0,0,0,0,0,0,0,0,0,0,0,1,0,0,0,0,0,0,0,0,0,0,0,0,0,0,0,0,1,1,1,1,1,1,0,0,0,0,0,0,1,1,1,1,1,1,0,0,0,0,0,0,0,0,0,1,1,1,1,1,1,0,0,0,0,0,0,1,1,1,1,1,1,0,1,1,0,0,1,0,1,1,1,1,1,,,Life.BullStart,Life.BullRetrace,Life.BullStart,Life.BullRetrace,Life.BullEnd
2020-04-13,TOPVISN,0.5463,0.5463,0.5463,0.5463,0.5463,0,0.0,0,0.5463,0.5463,0.0,0.0,-0.0,,,-0.0,-0.0,-0.0,-0.0,0.5463,0.54609,0.54158,0.51551,0.5463,,,,,,,,,,,,,,,,,,,,,,0.0,0.0,0.0,0.0,,,,,,,,,,,,,,0.3058,0.0472,0.3079,0.0021,-0.2586,0.2607,,,,0.15,,,,,0,0,0,0,0,0,,,,,,,3000,5000,3000,5000,5000,5000,5000,-8.43,0.0,-15.79,-7.81,-38.98,-13.89,0.0,0,0,2,0,0,0.015,0.021,0.011,0.0,0.005,0.001,0.01237,0.01746,0.01005,0.00033,0.00605,0.00134,0,0,0,100,100,100,0,0,0,100,100,100,0,0,0,100,100,100,2019-10-08,2019-06-14,2019-05-07,2019-09-23,2019-05-30,2019-04-18,,,,,,,,,,,,,,,,,,,0.01567,0.019,0.01767,0.002,0.007,33.33867,0,0,0,0,0,0,0,0,0,0,0,0,0,0,0,0,0,0,1,0,1,0,0,0,0,0,0,0,0,0,0,0,0,0,0,0,0,0,0,0,1,0,0,0,0,0,0,0,0,0,0,0,0,0,0,0,0,1,1,1,1,1,1,0,0,0,0,0,0,1,1,1,1,1,1,0,0,0,0,0,0,0,0,0,1,1,1,1,1,1,0,0,0,0,0,0,1,1,1,1,1,1,0,1,1,0,0,1,0,1,1,1,1,1,,,Life.BullStart,Life.BullRetrace,Life.BullStart,Life.BullRetrace,Life.BullEnd
2020-04-14,TOPVISN,0.5463,0.5463,0.5463,0.5463,0.5463,0,0.0,0,0.5463,0.5463,0.0,0.0,-0.0,,,-0.0,-0.0,-0.0,-0.0,0.5463,0.5461,0.54168,0.51581,0.5463,,,,,,,,,,,,,,,,,,,,,,0.0,0.0,0.0,0.0,,,,,,,,,,,,,,0.3029,0.0462,0.3049,0.002,-0.2567,0.2587,,,,0.15,,,,,0,0,0,0,0,0,,,,,,,3000,5000,3000,5000,5000,5000,5000,-8.43,0.0,-15.79,-7.81,-38.98,-13.89,0.0,0,0,2,0,0,0.015,0.021,0.011,0.0,0.005,0.001,0.01237,0.01746,0.01005,0.00033,0.00605,0.00134,0,0,0,100,100,100,0,0,0,100,100,100,0,0,0,100,100,100,2019-10-08,2019-06-14,2019-05-07,2019-09-23,2019-05-30,2019-04-18,,,,,,,,,,,,,,,,,,,0.01567,0.019,0.01767,0.002,0.007,33.33867,0,0,0,0,0,0,0,0,0,0,0,0,0,0,0,0,0,0,1,0,1,0,0,0,0,0,0,0,0,0,0,0,0,0,0,0,0,0,0,0,1,0,0,0,0,0,0,0,0,0,0,0,0,0,0,0,0,1,1,1,1,1,1,0,0,0,0,0,0,1,1,1,1,1,1,0,0,0,0,0,0,0,0,0,1,1,1,1,1,1,0,0,0,0,0,0,1,1,1,1,1,1,0,1,1,0,0,1,0,1,1,1,1,1,,,Life.BullStart,Life.BullRetrace,Life.BullStart,Life.BullRetrace,Life.BullEnd
2020-04-15,TOPVISN,0.5463,0.5463,0.5463,0.5463,0.5463,0,0.0,0,0.5463,0.5463,0.0,0.0,-0.0,,,-0.0,-0.0,-0.0,-0.0,0.5463,0.5461,0.54177,0.51612,0.5463,,,,,,,,,,,,,,,,,,,,,,0.0,0.0,0.0,0.0,,,,,,,,,,,,,,0.2998,0.0453,0.3018,0.002,-0.2545,0.2565,,,,0.15,,,,,0,0,0,0,0,0,,,,,,,3000,5000,3000,5000,5000,5000,5000,-8.43,0.0,-15.79,-7.81,-38.98,-13.89,0.0,0,0,2,0,0,0.015,0.021,0.011,0.0,0.005,0.001,0.01237,0.01746,0.01005,0.00033,0.00605,0.00134,0,0,0,100,100,100,0,0,0,100,100,100,0,0,0,100,100,100,2019-10-08,2019-06-14,2019-05-07,2019-09-23,2019-05-30,2019-04-18,,,,,,,,,,,,,,,,,,,0.01567,0.019,0.01767,0.002,0.007,33.33867,0,0,0,0,0,0,0,0,0,0,0,0,0,0,0,0,0,0,1,0,1,0,0,0,0,0,0,0,0,0,0,0,0,0,0,0,0,0,0,0,1,0,0,0,0,0,0,0,0,0,0,0,0,0,0,0,0,1,1,1,1,1,1,0,0,0,0,0,0,1,1,1,1,1,1,0,0,0,0,0,0,0,0,0,1,1,1,1,1,1,0,0,0,0,0,0,1,1,1,1,1,1,0,1,1,0,0,1,0,1,1,1,1,1,,,Life.BullStart,Life.BullRetrace,Life.BullStart,Life.BullRetrace,Life.BullEnd
2020-04-16,TOPVISN,0.5463,0.5463,0.5463,0.5463,0.5463,0,0.0,0,0.5463,0.5463,0.0,0.0,-0.0,,,-0.0,-0.0,-0.0,-0.0,0.5463,0.54611,0.54186,0.51642,0.5463,,,,,,,,,,,,,,,,,,,,,,0.0,0.0,0.0,0.0,,,,,,,,,,,,,,0.2969,0.0444,0.2988,0.0019,-0.2525,0.2544,,,,0.15,,,,,0,0,0,0,0,0,,,,,,,3000,5000,3000,5000,5000,5000,5000,-8.43,0.0,-15.79,-7.81,-38.98,-13.89,0.0,0,0,2,0,0,0.015,0.021,0.011,0.0,0.005,0.001,0.01237,0.01746,0.01005,0.00033,0.00605,0.00134,0,0,0,100,100,100,0,0,0,100,100,100,0,0,0,100,100,100,2019-10-08,2019-06-14,2019-05-07,2019-09-23,2019-05-30,2019-04-18,,,,,,,,,,,,,,,,,,,0.01567,0.019,0.01767,0.002,0.007,33.33867,0,0,0,0,0,0,0,0,0,0,0,0,0,0,0,0,0,0,1,0,1,0,0,0,0,0,0,0,0,0,0,0,0,0,0,0,0,0,0,0,1,0,0,0,0,0,0,0,0,0,0,0,0,0,0,0,0,1,1,1,1,1,1,0,0,0,0,0,0,1,1,1,1,1,1,0,0,0,0,0,0,0,0,0,1,1,1,1,1,1,0,0,0,0,0,0,1,1,1,1,1,1,0,1,1,0,0,1,0,1,1,1,1,1,,,Life.BullStart,Life.BullRetrace,Life.BullStart,Life.BullRetrace,Life.BullEnd
2020-04-17,TOPVISN,0.5463,0.5463,0.5463,0.5463,0.5463,0,0.0,0,0.5463,0.5463,0.0,0.0,-0.0,,,-0.0,-0.0,-0.0,-0.0,0.5463,0.54612,0.54195,0.51671,0.5463,,,,,,,,,,,,,,,,,,,,,,0.0,0.0,0.0,0.0,,,,,,,,,,,,,,0.2941,0.0435,0.2959,0.0018,-0.2506,0.2524,,,,0.15,,,,,0,0,0,0,0,0,,,,,,,3000,5000,3000,5000,5000,5000,5000,-8.43,0.0,-15.79,-7.81,-38.98,-13.89,0.0,0,0,2,0,0,0.015,0.021,0.011,0.0,0.005,0.001,0.01237,0.01746,0.01005,0.00033,0.00605,0.00134,0,0,0,100,100,100,0,0,0,100,100,100,0,0,0,100,100,100,2019-10-08,2019-06-14,2019-05-07,2019-09-23,2019-05-30,2019-04-18,,,,,,,,,,,,,,,,,,,0.01567,0.019,0.01767,0.002,0.007,33.33867,0,0,0,0,0,0,0,0,0,0,0,0,0,0,0,0,0,0,1,0,1,0,0,0,0,0,0,0,0,0,0,0,0,0,0,0,0,0,0,0,1,0,0,0,0,0,0,0,0,0,0,0,0,0,0,0,0,1,1,1,1,1,1,0,0,0,0,0,0,1,1,1,1,1,1,0,0,0,0,0,0,0,0,0,1,1,1,1,1,1,0,0,0,0,0,0,1,1,1,1,1,1,0,1,1,0,0,1,0,1,1,1,1,1,,,Life.BullStart,Life.BullRetrace,Life.BullStart,Life.BullRetrace,Life.BullEnd
2020-04-20,TOPVISN,0.5463,0.5463,0.5463,0.5463,0.5463,0,0.0,0,0.5463,0.5463,0.0,0.0,-0.0,,,-0.0,-0.0,-0.0,-0.0,0.5463,0.54613,0.54203,0.51701,0.5463,,,,,,,,,,,,,,,,,,,,,,0.0,0.0,0.0,0.0,,,,,,,,,,,,,,0.2912,0.0427,0.2929,0.0017,-0.2485,0.2502,,,,0.15,,,,,0,0,0,0,0,0,,,,,,,3000,5000,3000,5000,5000,5000,5000,-8.43,0.0,-15.79,-7.81,-38.98,-13.89,0.0,0,0,2,0,0,0.015,0.021,0.011,0.0,0.005,0.001,0.01237,0.01746,0.01005,0.00033,0.00605,0.00134,0,0,0,100,100,100,0,0,0,100,100,100,0,0,0,100,100,100,2019-10-08,2019-06-14,2019-05-07,2019-09-23,2019-05-30,2019-04-18,,,,,,,,,,,,,,,,,,,0.01567,0.019,0.01767,0.002,0.007,33.33867,0,0,0,0,0,0,0,0,0,0,0,0,0,0,0,0,0,0,1,0,1,0,0,0,0,0,0,0,0,0,0,0,0,0,0,0,0,0,0,0,1,0,0,0,0,0,0,0,0,0,0,0,0,0,0,0,0,1,1,1,1,1,1,0,0,0,0,0,0,1,1,1,1,1,1,0,0,0,0,0,0,0,0,0,1,1,1,1,1,1,0,0,0,0,0,0,1,1,1,1,1,1,0,1,1,0,0,1,0,1,1,1,1,1,,,Life.BullStart,Life.BullRetrace,Life.BullStart,Life.BullRetrace,Life.BullEnd
2020-04-21,TOPVISN,0.5463,0.5463,0.5463,0.5463,0.5463,0,0.0,0,0.5463,0.5463,0.0,0.0,-0.0,,,-0.0,-0.0,-0.0,-0.0,0.5463,0.54613,0.54212,0.5173,0.5463,,,,,,,,,,,,,,,,,,,,,,0.0,0.0,0.0,0.0,,,,,,,,,,,,,,0.2883,0.0418,0.29,0.0017,-0.2465,0.2482,,,,0.15,,,,,0,0,0,0,0,0,,,,,,,3000,5000,3000,5000,5000,5000,5000,-8.43,0.0,-15.79,-7.81,-38.98,-13.89,0.0,0,0,2,0,0,0.015,0.021,0.011,0.0,0.005,0.001,0.01237,0.01746,0.01005,0.00033,0.00605,0.00134,0,0,0,100,100,100,0,0,0,100,100,100,0,0,0,100,100,100,2019-10-08,2019-06-14,2019-05-07,2019-09-23,2019-05-30,2019-04-18,,,,,,,,,,,,,,,,,,,0.01567,0.019,0.01767,0.002,0.007,33.33867,0,0,0,0,0,0,0,0,0,0,0,0,0,0,0,0,0,0,1,0,1,0,0,0,0,0,0,0,0,0,0,0,0,0,0,0,0,0,0,0,1,0,0,0,0,0,0,0,0,0,0,0,0,0,0,0,0,1,1,1,1,1,1,0,0,0,0,0,0,1,1,1,1,1,1,0,0,0,0,0,0,0,0,0,1,1,1,1,1,1,0,0,0,0,0,0,1,1,1,1,1,1,0,1,1,0,0,1,0,1,1,1,1,1,,,Life.BullStart,Life.BullRetrace,Life.BullStart,Life.BullRetrace,Life.BullEnd
2020-04-22,TOPVISN,0.5463,0.5463,0.5463,0.5463,0.5463,0,0.0,0,0.5463,0.5463,0.0,0.0,-0.0,,,-0.0,-0.0,-0.0,-0.0,0.5463,0.54614,0.5422,0.51759,0.5463,,,,,,,,,,,,,,,,,,,,,,0.0,0.0,0.0,0.0,,,,,,,,,,,,,,0.2855,0.041,0.2871,0.0016,-0.2445,0.2461,,,,0.15,,,,,0,0,0,0,0,0,,,,,,,3000,5000,3000,5000,5000,5000,5000,-8.43,0.0,-15.79,-7.81,-38.98,-13.89,0.0,0,0,2,0,0,0.015,0.021,0.011,0.0,0.005,0.001,0.01237,0.01746,0.01005,0.00033,0.00605,0.00134,0,0,0,100,100,100,0,0,0,100,100,100,0,0,0,100,100,100,2019-10-08,2019-06-14,2019-05-07,2019-09-23,2019-05-30,2019-04-18,,,,,,,,,,,,,,,,,,,0.01567,0.019,0.01767,0.002,0.007,33.33867,0,0,0,0,0,0,0,0,0,0,0,0,0,0,0,0,0,0,1,0,1,0,0,0,0,0,0,0,0,0,0,0,0,0,0,0,0,0,0,0,1,0,0,0,0,0,0,0,0,0,0,0,0,0,0,0,0,1,1,1,1,1,1,0,0,0,0,0,0,1,1,1,1,1,1,0,0,0,0,0,0,0,0,0,1,1,1,1,1,1,0,0,0,0,0,0,1,1,1,1,1,1,0,1,1,0,0,1,0,1,1,1,1,1,,,Life.BullStart,Life.BullRetrace,Life.BullStart,Life.BullRetrace,Life.BullEnd
2020-04-23,TOPVISN,0.5463,0.5463,0.5463,0.5463,0.5463,0,0.0,0,0.5463,0.5463,0.0,0.0,-0.0,,,-0.0,-0.0,-0.0,-0.0,0.5463,0.54615,0.54228,0.51787,0.5463,,,,,,,,,,,,,,,,,,,,,,0.0,0.0,0.0,0.0,,,,,,,,,,,,,,0.2828,0.0402,0.2843,0.0015,-0.2426,0.2441,,,,0.15,,,,,0,0,0,0,0,0,,,,,,,3000,5000,3000,5000,5000,5000,5000,-8.43,0.0,-15.79,-7.81,-38.98,-13.89,0.0,0,0,2,0,0,0.015,0.021,0.011,0.0,0.005,0.001,0.01237,0.01746,0.01005,0.00033,0.00605,0.00134,0,0,0,100,100,100,0,0,0,100,100,100,0,0,0,100,100,100,2019-10-08,2019-06-14,2019-05-07,2019-09-23,2019-05-30,2019-04-18,,,,,,,,,,,,,,,,,,,0.01567,0.019,0.01767,0.002,0.007,33.33867,0,0,0,0,0,0,0,0,0,0,0,0,0,0,0,0,0,0,1,0,1,0,0,0,0,0,0,0,0,0,0,0,0,0,0,0,0,0,0,0,1,0,0,0,0,0,0,0,0,0,0,0,0,0,0,0,0,1,1,1,1,1,1,0,0,0,0,0,0,1,1,1,1,1,1,0,0,0,0,0,0,0,0,0,1,1,1,1,1,1,0,0,0,0,0,0,1,1,1,1,1,1,0,1,1,0,0,1,0,1,1,1,1,1,,,Life.BullStart,Life.BullRetrace,Life.BullStart,Life.BullRetrace,Life.BullEnd
2020-04-24,TOPVISN,0.5463,0.5463,0.5463,0.5463,0.5463,0,0.0,0,0.5463,0.5463,0.0,0.0,-0.0,,,-0.0,-0.0,-0.0,-0.0,0.5463,0.54615,0.54236,0.51816,0.5463,,,,,,,,,,,,,,,,,,,,,,0.0,0.0,0.0,0.0,,,,,,,,,,,,,,0.2799,0.0394,0.2814,0.0015,-0.2405,0.242,,,,0.15,,,,,0,0,0,0,0,0,,,,,,,3000,5000,3000,5000,5000,5000,5000,-8.43,0.0,-15.79,-7.81,-38.98,-13.89,0.0,0,0,2,0,0,0.015,0.021,0.011,0.0,0.005,0.001,0.01237,0.01746,0.01005,0.00033,0.00605,0.00134,0,0,0,100,100,100,0,0,0,100,100,100,0,0,0,100,100,100,2019-10-08,2019-06-14,2019-05-07,2019-09-23,2019-05-30,2019-04-18,,,,,,,,,,,,,,,,,,,0.01567,0.019,0.01767,0.002,0.007,33.33867,0,0,0,0,0,0,0,0,0,0,0,0,0,0,0,0,0,0,1,0,1,0,0,0,0,0,0,0,0,0,0,0,0,0,0,0,0,0,0,0,1,0,0,0,0,0,0,0,0,0,0,0,0,0,0,0,0,1,1,1,1,1,1,0,0,0,0,0,0,1,1,1,1,1,1,0,0,0,0,0,0,0,0,0,1,1,1,1,1,1,0,0,0,0,0,0,1,1,1,1,1,1,0,1,1,0,0,1,0,1,1,1,1,1,,,Life.BullStart,Life.BullRetrace,Life.BullStart,Life.BullRetrace,Life.BullEnd
2020-04-27,TOPVISN,0.5463,0.5463,0.5463,0.5463,0.5463,0,0.0,0,0.5463,0.5463,0.0,0.0,-0.0,,,-0.0,-0.0,-0.0,-0.0,0.5463,0.54616,0.54244,0.51844,0.5463,,,,,,,,,,,,,,,,,,,,,,0.0,0.0,0.0,0.0,,,,,,,,,,,,,,0.2772,0.0386,0.2786,0.0014,-0.2386,0.24,,,,0.15,,,,,0,0,0,0,0,0,,,,,,,3000,5000,3000,5000,5000,5000,5000,-8.43,0.0,-15.79,-7.81,-38.98,-13.89,0.0,0,0,2,0,0,0.015,0.021,0.011,0.0,0.005,0.001,0.01237,0.01746,0.01005,0.00033,0.00605,0.00134,0,0,0,100,100,100,0,0,0,100,100,100,0,0,0,100,100,100,2019-10-08,2019-06-14,2019-05-07,2019-09-23,2019-05-30,2019-04-18,,,,,,,,,,,,,,,,,,,0.01567,0.019,0.01767,0.002,0.007,33.33867,0,0,0,0,0,0,0,0,0,0,0,0,0,0,0,0,0,0,1,0,1,0,0,0,0,0,0,0,0,0,0,0,0,0,0,0,0,0,0,0,1,0,0,0,0,0,0,0,0,0,0,0,0,0,0,0,0,1,1,1,1,1,1,0,0,0,0,0,0,1,1,1,1,1,1,0,0,0,0,0,0,0,0,0,1,1,1,1,1,1,0,0,0,0,0,0,1,1,1,1,1,1,0,1,1,0,0,1,0,1,1,1,1,1,,,Life.BullStart,Life.BullRetrace,Life.BullStart,Life.BullRetrace,Life.BullEnd
2020-04-28,TOPVISN,0.5463,0.5463,0.5463,0.5463,0.5463,0,0.0,0,0.5463,0.5463,0.0,0.0,-0.0,,,-0.0,-0.0,-0.0,-0.0,0.5463,0.54616,0.54251,0.51871,0.5463,,,,,,,,,,,,,,,,,,,,,,0.0,0.0,0.0,0.0,,,,,,,,,,,,,,0.2745,0.0379,0.2759,0.0014,-0.2366,0.238,,,,0.15,,,,,0,0,0,0,0,0,,,,,,,3000,5000,3000,5000,5000,5000,5000,-8.43,0.0,-15.79,-7.81,-38.98,-13.89,0.0,0,0,2,0,0,0.015,0.021,0.011,0.0,0.005,0.001,0.01237,0.01746,0.01005,0.00033,0.00605,0.00134,0,0,0,100,100,100,0,0,0,100,100,100,0,0,0,100,100,100,2019-10-08,2019-06-14,2019-05-07,2019-09-23,2019-05-30,2019-04-18,,,,,,,,,,,,,,,,,,,0.01567,0.019,0.01767,0.002,0.007,33.33867,0,0,0,0,0,0,0,0,0,0,0,0,0,0,0,0,0,0,1,0,1,0,0,0,0,0,0,0,0,0,0,0,0,0,0,0,0,0,0,0,1,0,0,0,0,0,0,0,0,0,0,0,0,0,0,0,0,1,1,1,1,1,1,0,0,0,0,0,0,1,1,1,1,1,1,0,0,0,0,0,0,0,0,0,1,1,1,1,1,1,0,0,0,0,0,0,1,1,1,1,1,1,0,1,1,0,0,1,0,1,1,1,1,1,,,Life.BullStart,Life.BullRetrace,Life.BullStart,Life.BullRetrace,Life.BullEnd
2020-04-29,TOPVISN,0.5463,0.5463,0.5463,0.5463,0.5463,0,0.0,0,0.5463,0.5463,0.0,0.0,-0.0,,,-0.0,-0.0,-0.0,-0.0,0.5463,0.54617,0.54259,0.51899,0.5463,,,,,,,,,,,,,,,,,,,,,,0.0,0.0,0.0,0.0,,,,,,,,,,,,,,0.2718,0.0371,0.2731,0.0013,-0.2347,0.236,,,,0.15,,,,,0,0,0,0,0,0,,,,,,,3000,5000,3000,5000,5000,5000,5000,-8.43,0.0,-15.79,-7.81,-38.98,-13.89,0.0,0,0,2,0,0,0.015,0.021,0.011,0.0,0.005,0.001,0.01237,0.01746,0.01005,0.00033,0.00605,0.00134,0,0,0,100,100,100,0,0,0,100,100,100,0,0,0,100,100,100,2019-10-08,2019-06-14,2019-05-07,2019-09-23,2019-05-30,2019-04-18,,,,,,,,,,,,,,,,,,,0.01567,0.019,0.01767,0.002,0.007,33.33867,0,0,0,0,0,0,0,0,0,0,0,0,0,0,0,0,0,0,1,0,1,0,0,0,0,0,0,0,0,0,0,0,0,0,0,0,0,0,0,0,1,0,0,0,0,0,0,0,0,0,0,0,0,0,0,0,0,1,1,1,1,1,1,0,0,0,0,0,0,1,1,1,1,1,1,0,0,0,0,0,0,0,0,0,1,1,1,1,1,1,0,0,0,0,0,0,1,1,1,1,1,1,0,1,1,0,0,1,0,1,1,1,1,1,,,Life.BullStart,Life.BullRetrace,Life.BullStart,Life.BullRetrace,Life.BullEnd
2020-04-30,TOPVISN,0.5463,0.5463,0.5463,0.5463,0.5463,0,0.0,0,0.5463,0.5463,0.0,0.0,-0.0,,,-0.0,-0.0,-0.0,-0.0,0.5463,0.54617,0.54266,0.51926,0.5463,,,,,,,,,,,,,,,,,,,,,,0.0,0.0,0.0,0.0,,,,,,,,,,,,,,0.2691,0.0364,0.2704,0.0013,-0.2327,0.234,,,,0.15,,,,,0,0,0,0,0,0,,,,,,,3000,5000,3000,5000,5000,5000,5000,-8.43,0.0,-15.79,-7.81,-38.98,-13.89,0.0,0,0,2,0,0,0.015,0.021,0.011,0.0,0.005,0.001,0.01237,0.01746,0.01005,0.00033,0.00605,0.00134,0,0,0,100,100,100,0,0,0,100,100,100,0,0,0,100,100,100,2019-10-08,2019-06-14,2019-05-07,2019-09-23,2019-05-30,2019-04-18,,,,,,,,,,,,,,,,,,,0.01567,0.019,0.01767,0.002,0.007,33.33867,0,0,0,0,0,0,0,0,0,0,0,0,0,0,0,0,0,0,1,0,1,0,0,0,0,0,0,0,0,0,0,0,0,0,0,0,0,0,0,0,1,0,0,0,0,0,0,0,0,0,0,0,0,0,0,0,0,1,1,1,1,1,1,0,0,0,0,0,0,1,1,1,1,1,1,0,0,0,0,0,0,0,0,0,1,1,1,1,1,1,0,0,0,0,0,0,1,1,1,1,1,1,0,1,1,0,0,1,0,1,1,1,1,1,,,Life.BullStart,Life.BullRetrace,Life.BullStart,Life.BullRetrace,Life.BullEnd
2020-05-04,TOPVISN,0.5463,0.5463,0.5463,0.5463,0.5463,0,0.0,0,0.5463,0.5463,0.0,0.0,-0.0,,,-0.0,-0.0,-0.0,-0.0,0.5463,0.54618,0.54273,0.51953,0.5463,,,,,,,,,,,,,,,,,,,,,,0.0,0.0,0.0,0.0,,,,,,,,,,,,,,0.2665,0.0357,0.2677,0.0012,-0.2308,0.232,,,,0.15,,,,,0,0,0,0,0,0,,,,,,,3000,5000,3000,5000,5000,5000,5000,-8.43,0.0,-15.79,-7.81,-38.98,-13.89,0.0,0,0,2,0,0,0.015,0.021,0.011,0.0,0.005,0.001,0.01237,0.01746,0.01005,0.00033,0.00605,0.00134,0,0,0,100,100,100,0,0,0,100,100,100,0,0,0,100,100,100,2019-10-08,2019-06-14,2019-05-07,2019-09-23,2019-05-30,2019-04-18,,,,,,,,,,,,,,,,,,,0.01567,0.019,0.01767,0.002,0.007,33.33867,0,0,0,0,0,0,0,0,0,0,0,0,0,0,0,0,0,0,1,0,1,0,0,0,0,0,0,0,0,0,0,0,0,0,0,0,0,0,0,0,1,0,0,0,0,0,0,0,0,0,0,0,0,0,0,0,0,1,1,1,1,1,1,0,0,0,0,0,0,1,1,1,1,1,1,0,0,0,0,0,0,0,0,0,1,1,1,1,1,1,0,0,0,0,0,0,1,1,1,1,1,1,0,1,1,0,0,1,0,1,1,1,1,1,,,Life.BullStart,Life.BullRetrace,Life.BullStart,Life.BullRetrace,Life.BullEnd
2020-05-05,TOPVISN,0.5463,0.5463,0.5463,0.5463,0.5463,0,0.0,0,0.5463,0.5463,0.0,0.0,-0.0,,,-0.0,-0.0,-0.0,-0.0,0.5463,0.54618,0.54281,0.51979,0.5463,,,,,,,,,,,,,,,,,,,,,,0.0,0.0,0.0,0.0,,,,,,,,,,,,,,0.2639,0.0349,0.2651,0.0012,-0.229,0.2302,,,,0.15,,,,,0,0,0,0,0,0,,,,,,,3000,5000,3000,5000,5000,5000,5000,-8.43,0.0,-15.79,-7.81,-38.98,-13.89,0.0,0,0,2,0,0,0.015,0.021,0.011,0.0,0.005,0.001,0.01237,0.01746,0.01005,0.00033,0.00605,0.00134,0,0,0,100,100,100,0,0,0,100,100,100,0,0,0,100,100,100,2019-10-08,2019-06-14,2019-05-07,2019-09-23,2019-05-30,2019-04-18,,,,,,,,,,,,,,,,,,,0.01567,0.019,0.01767,0.002,0.007,33.33867,0,0,0,0,0,0,0,0,0,0,0,0,0,0,0,0,0,0,1,0,1,0,0,0,0,0,0,0,0,0,0,0,0,0,0,0,0,0,0,0,1,0,0,0,0,0,0,0,0,0,0,0,0,0,0,0,0,1,1,1,1,1,1,0,0,0,0,0,0,1,1,1,1,1,1,0,0,0,0,0,0,0,0,0,1,1,1,1,1,1,0,0,0,0,0,0,1,1,1,1,1,1,0,1,1,0,0,1,0,1,1,1,1,1,,,Life.BullStart,Life.BullRetrace,Life.BullStart,Life.BullRetrace,Life.BullEnd
2020-05-06,TOPVISN,0.5463,0.5463,0.5463,0.5463,0.5463,0,0.0,0,0.5463,0.5463,0.0,0.0,-0.0,,,-0.0,-0.0,-0.0,-0.0,0.5463,0.54619,0.54287,0.52006,0.5463,,,,,,,,,,,,,,,,,,,,,,0.0,0.0,0.0,0.0,,,,,,,,,,,,,,0.2613,0.0343,0.2624,0.0011,-0.227,0.2281,,,,0.15,,,,,0,0,0,0,0,0,,,,,,,3000,5000,3000,5000,5000,5000,5000,-8.43,0.0,-15.79,-7.81,-38.98,-13.89,0.0,0,0,2,0,0,0.015,0.021,0.011,0.0,0.005,0.001,0.01237,0.01746,0.01005,0.00033,0.00605,0.00134,0,0,0,100,100,100,0,0,0,100,100,100,0,0,0,100,100,100,2019-10-08,2019-06-14,2019-05-07,2019-09-23,2019-05-30,2019-04-18,,,,,,,,,,,,,,,,,,,0.01567,0.019,0.01767,0.002,0.007,33.33867,0,0,0,0,0,0,0,0,0,0,0,0,0,0,0,0,0,0,1,0,1,0,0,0,0,0,0,0,0,0,0,0,0,0,0,0,0,0,0,0,1,0,0,0,0,0,0,0,0,0,0,0,0,0,0,0,0,1,1,1,1,1,1,0,0,0,0,0,0,1,1,1,1,1,1,0,0,0,0,0,0,0,0,0,1,1,1,1,1,1,0,0,0,0,0,0,1,1,1,1,1,1,0,1,1,0,0,1,0,1,1,1,1,1,,,Life.BullStart,Life.BullRetrace,Life.BullStart,Life.BullRetrace,Life.BullEnd
2020-05-08,TOPVISN,0.5463,0.5463,0.5463,0.5463,0.5463,0,0.0,0,0.5463,0.5463,0.0,0.0,-0.0,,,-0.0,-0.0,-0.0,-0.0,0.5463,0.54619,0.54294,0.52032,0.5463,,,,,,,,,,,,,,,,,,,,,,0.0,0.0,0.0,0.0,,,,,,,,,,,,,,0.2587,0.0336,0.2598,0.0011,-0.2251,0.2262,,,,0.15,,,,,0,0,0,0,0,0,,,,,,,3000,5000,3000,5000,5000,5000,5000,-8.43,0.0,-15.79,-7.81,-38.98,-13.89,0.0,0,0,2,0,0,0.015,0.021,0.011,0.0,0.005,0.001,0.01237,0.01746,0.01005,0.00033,0.00605,0.00134,0,0,0,100,100,100,0,0,0,100,100,100,0,0,0,100,100,100,2019-10-08,2019-06-14,2019-05-07,2019-09-23,2019-05-30,2019-04-18,,,,,,,,,,,,,,,,,,,0.01567,0.019,0.01767,0.002,0.007,33.33867,0,0,0,0,0,0,0,0,0,0,0,0,0,0,0,0,0,0,1,0,1,0,0,0,0,0,0,0,0,0,0,0,0,0,0,0,0,0,0,0,1,0,0,0,0,0,0,0,0,0,0,0,0,0,0,0,0,1,1,1,1,1,1,0,0,0,0,0,0,1,1,1,1,1,1,0,0,0,0,0,0,0,0,0,1,1,1,1,1,1,0,0,0,0,0,0,1,1,1,1,1,1,0,1,1,0,0,1,0,1,1,1,1,1,,,Life.BullStart,Life.BullRetrace,Life.BullStart,Life.BullRetrace,Life.BullEnd
2020-05-12,TOPVISN,0.5463,0.5463,0.5463,0.5463,0.5463,0,0.0,0,0.5463,0.5463,0.0,0.0,-0.0,,,-0.0,-0.0,-0.0,-0.0,0.5463,0.5462,0.54301,0.52058,0.5463,,,,,,,,,,,,,,,,,,,,,,0.0,0.0,0.0,0.0,,,,,,,,,,,,,,0.2562,0.0329,0.2572,0.001,-0.2233,0.2243,,,,0.15,,,,,0,0,0,0,0,0,,,,,,,3000,5000,3000,5000,5000,5000,5000,-8.43,0.0,-15.79,-7.81,-38.98,-13.89,0.0,0,0,2,0,0,0.015,0.021,0.011,0.0,0.005,0.001,0.01237,0.01746,0.01005,0.00033,0.00605,0.00134,0,0,0,100,100,100,0,0,0,100,100,100,0,0,0,100,100,100,2019-10-08,2019-06-14,2019-05-07,2019-09-23,2019-05-30,2019-04-18,,,,,,,,,,,,,,,,,,,0.01567,0.019,0.01767,0.002,0.007,33.33867,0,0,0,0,0,0,0,0,0,0,0,0,0,0,0,0,0,0,1,0,1,0,0,0,0,0,0,0,0,0,0,0,0,0,0,0,0,0,0,0,1,0,0,0,0,0,0,0,0,0,0,0,0,0,0,0,0,1,1,1,1,1,1,0,0,0,0,0,0,1,1,1,1,1,1,0,0,0,0,0,0,0,0,0,1,1,1,1,1,1,0,0,0,0,0,0,1,1,1,1,1,1,0,1,1,0,0,1,0,1,1,1,1,1,,,Life.BullStart,Life.BullRetrace,Life.BullStart,Life.BullRetrace,Life.BullEnd
2020-05-13,TOPVISN,0.5463,0.5463,0.5463,0.5463,0.5463,0,0.0,0,0.5463,0.5463,0.0,0.0,-0.0,,,-0.0,-0.0,-0.0,-0.0,0.5463,0.5462,0.54307,0.52083,0.5463,,,,,,,,,,,,,,,,,,,,,,0.0,0.0,0.0,0.0,,,,,,,,,,,,,,0.2537,0.0323,0.2547,0.001,-0.2214,0.2224,,,,0.15,,,,,0,0,0,0,0,0,,,,,,,3000,5000,3000,5000,5000,5000,5000,-8.43,0.0,-15.79,-7.81,-38.98,-13.89,0.0,0,0,2,0,0,0.015,0.021,0.011,0.0,0.005,0.001,0.01237,0.01746,0.01005,0.00033,0.00605,0.00134,0,0,0,100,100,100,0,0,0,100,100,100,0,0,0,100,100,100,2019-10-08,2019-06-14,2019-05-07,2019-09-23,2019-05-30,2019-04-18,,,,,,,,,,,,,,,,,,,0.01567,0.019,0.01767,0.002,0.007,33.33867,0,0,0,0,0,0,0,0,0,0,0,0,0,0,0,0,0,0,1,0,1,0,0,0,0,0,0,0,0,0,0,0,0,0,0,0,0,0,0,0,1,0,0,0,0,0,0,0,0,0,0,0,0,0,0,0,0,1,1,1,1,1,1,0,0,0,0,0,0,1,1,1,1,1,1,0,0,0,0,0,0,0,0,0,1,1,1,1,1,1,0,0,0,0,0,0,1,1,1,1,1,1,0,1,1,0,0,1,0,1,1,1,1,1,,,Life.BullStart,Life.BullRetrace,Life.BullStart,Life.BullRetrace,Life.BullEnd
2020-05-14,TOPVISN,0.5463,0.5463,0.5463,0.5463,0.5463,0,0.0,0,0.5463,0.5463,0.0,0.0,-0.0,,,-0.0,-0.0,-0.0,-0.0,0.5463,0.5462,0.54314,0.52109,0.5463,,,,,,,,,,,,,,,,,,,,,,0.0,0.0,0.0,0.0,,,,,,,,,,,,,,0.2511,0.0316,0.2521,0.001,-0.2195,0.2205,,,,0.15,,,,,0,0,0,0,0,0,,,,,,,3000,5000,3000,5000,5000,5000,5000,-8.43,0.0,-15.79,-7.81,-38.98,-13.89,0.0,0,0,2,0,0,0.015,0.021,0.011,0.0,0.005,0.001,0.01237,0.01746,0.01005,0.00033,0.00605,0.00134,0,0,0,100,100,100,0,0,0,100,100,100,0,0,0,100,100,100,2019-10-08,2019-06-14,2019-05-07,2019-09-23,2019-05-30,2019-04-18,,,,,,,,,,,,,,,,,,,0.01567,0.019,0.01767,0.002,0.007,33.33867,0,0,0,0,0,0,0,0,0,0,0,0,0,0,0,0,0,0,1,0,1,0,0,0,0,0,0,0,0,0,0,0,0,0,0,0,0,0,0,0,1,0,0,0,0,0,0,0,0,0,0,0,0,0,0,0,0,1,1,1,1,1,1,0,0,0,0,0,0,1,1,1,1,1,1,0,0,0,0,0,0,0,0,0,1,1,1,1,1,1,0,0,0,0,0,0,1,1,1,1,1,1,0,1,1,0,0,1,0,1,1,1,1,1,,,Life.BullStart,Life.BullRetrace,Life.BullStart,Life.BullRetrace,Life.BullEnd
2020-05-15,TOPVISN,0.5463,0.5463,0.5463,0.5463,0.5463,0,0.0,0,0.5463,0.5463,0.0,0.0,-0.0,,,-0.0,-0.0,-0.0,-0.0,0.5463,0.54621,0.5432,0.52134,0.5463,,,,,,,,,,,,,,,,,,,,,,0.0,0.0,0.0,0.0,,,,,,,,,,,,,,0.2487,0.031,0.2496,0.0009,-0.2177,0.2186,,,,0.15,,,,,0,0,0,0,0,0,,,,,,,3000,5000,3000,5000,5000,5000,5000,-8.43,0.0,-15.79,-7.81,-38.98,-13.89,0.0,0,0,2,0,0,0.015,0.021,0.011,0.0,0.005,0.001,0.01237,0.01746,0.01005,0.00033,0.00605,0.00134,0,0,0,100,100,100,0,0,0,100,100,100,0,0,0,100,100,100,2019-10-08,2019-06-14,2019-05-07,2019-09-23,2019-05-30,2019-04-18,,,,,,,,,,,,,,,,,,,0.01567,0.019,0.01767,0.002,0.007,33.33867,0,0,0,0,0,0,0,0,0,0,0,0,0,0,0,0,0,0,1,0,1,0,0,0,0,0,0,0,0,0,0,0,0,0,0,0,0,0,0,0,1,0,0,0,0,0,0,0,0,0,0,0,0,0,0,0,0,1,1,1,1,1,1,0,0,0,0,0,0,1,1,1,1,1,1,0,0,0,0,0,0,0,0,0,1,1,1,1,1,1,0,0,0,0,0,0,1,1,1,1,1,1,0,1,1,0,0,1,0,1,1,1,1,1,,,Life.BullStart,Life.BullRetrace,Life.BullStart,Life.BullRetrace,Life.BullEnd
2020-05-18,TOPVISN,0.5463,0.5463,0.5463,0.5463,0.5463,0,0.0,0,0.5463,0.5463,0.0,0.0,-0.0,,,-0.0,-0.0,-0.0,-0.0,0.5463,0.54621,0.54326,0.52159,0.5463,,,,,,,,,,,,,,,,,,,,,,0.0,0.0,0.0,0.0,,,,,,,,,,,,,,0.2462,0.0304,0.2471,0.0009,-0.2158,0.2167,,,,0.15,,,,,0,0,0,0,0,0,,,,,,,3000,5000,3000,5000,5000,5000,5000,-8.43,0.0,-15.79,-7.81,-38.98,-13.89,0.0,0,0,2,0,0,0.015,0.021,0.011,0.0,0.005,0.001,0.01237,0.01746,0.01005,0.00033,0.00605,0.00134,0,0,0,100,100,100,0,0,0,100,100,100,0,0,0,100,100,100,2019-10-08,2019-06-14,2019-05-07,2019-09-23,2019-05-30,2019-04-18,,,,,,,,,,,,,,,,,,,0.01567,0.019,0.01767,0.002,0.007,33.33867,0,0,0,0,0,0,0,0,0,0,0,0,0,0,0,0,0,0,1,0,1,0,0,0,0,0,0,0,0,0,0,0,0,0,0,0,0,0,0,0,1,0,0,0,0,0,0,0,0,0,0,0,0,0,0,0,0,1,1,1,1,1,1,0,0,0,0,0,0,1,1,1,1,1,1,0,0,0,0,0,0,0,0,0,1,1,1,1,1,1,0,0,0,0,0,0,1,1,1,1,1,1,0,1,1,0,0,1,0,1,1,1,1,1,,,Life.BullStart,Life.BullRetrace,Life.BullStart,Life.BullRetrace,Life.BullEnd
2020-05-19,TOPVISN,0.5463,0.5463,0.5463,0.5463,0.5463,0,0.0,0,0.5463,0.5463,0.0,0.0,-0.0,,,-0.0,-0.0,-0.0,-0.0,0.5463,0.54622,0.54332,0.52183,0.5463,,,,,,,,,,,,,,,,,,,,,,0.0,0.0,0.0,0.0,,,,,,,,,,,,,,0.2439,0.0298,0.2447,0.0008,-0.2141,0.2149,,,,0.15,,,,,0,0,0,0,0,0,,,,,,,3000,5000,3000,5000,5000,5000,5000,-8.43,0.0,-15.79,-7.81,-38.98,-13.89,0.0,0,0,2,0,0,0.015,0.021,0.011,0.0,0.005,0.001,0.01237,0.01746,0.01005,0.00033,0.00605,0.00134,0,0,0,100,100,100,0,0,0,100,100,100,0,0,0,100,100,100,2019-10-08,2019-06-14,2019-05-07,2019-09-23,2019-05-30,2019-04-18,,,,,,,,,,,,,,,,,,,0.01567,0.019,0.01767,0.002,0.007,33.33867,0,0,0,0,0,0,0,0,0,0,0,0,0,0,0,0,0,0,1,0,1,0,0,0,0,0,0,0,0,0,0,0,0,0,0,0,0,0,0,0,1,0,0,0,0,0,0,0,0,0,0,0,0,0,0,0,0,1,1,1,1,1,1,0,0,0,0,0,0,1,1,1,1,1,1,0,0,0,0,0,0,0,0,0,1,1,1,1,1,1,0,0,0,0,0,0,1,1,1,1,1,1,0,1,1,0,0,1,0,1,1,1,1,1,,,Life.BullStart,Life.BullRetrace,Life.BullStart,Life.BullRetrace,Life.BullEnd
2020-05-20,TOPVISN,0.5463,0.5463,0.5463,0.5463,0.5463,0,0.0,0,0.5463,0.5463,0.0,0.0,-0.0,,,-0.0,-0.0,-0.0,-0.0,0.5463,0.54622,0.54338,0.52208,0.5463,,,,,,,,,,,,,,,,,,,,,,0.0,0.0,0.0,0.0,,,,,,,,,,,,,,0.2414,0.0292,0.2422,0.0008,-0.2122,0.213,,,,0.15,,,,,0,0,0,0,0,0,,,,,,,3000,5000,3000,5000,5000,5000,5000,-8.43,0.0,-15.79,-7.81,-38.98,-13.89,0.0,0,0,2,0,0,0.015,0.021,0.011,0.0,0.005,0.001,0.01237,0.01746,0.01005,0.00033,0.00605,0.00134,0,0,0,100,100,100,0,0,0,100,100,100,0,0,0,100,100,100,2019-10-08,2019-06-14,2019-05-07,2019-09-23,2019-05-30,2019-04-18,,,,,,,,,,,,,,,,,,,0.01567,0.019,0.01767,0.002,0.007,33.33867,0,0,0,0,0,0,0,0,0,0,0,0,0,0,0,0,0,0,1,0,1,0,0,0,0,0,0,0,0,0,0,0,0,0,0,0,0,0,0,0,1,0,0,0,0,0,0,0,0,0,0,0,0,0,0,0,0,1,1,1,1,1,1,0,0,0,0,0,0,1,1,1,1,1,1,0,0,0,0,0,0,0,0,0,1,1,1,1,1,1,0,0,0,0,0,0,1,1,1,1,1,1,0,1,1,0,0,1,0,1,1,1,1,1,,,Life.BullStart,Life.BullRetrace,Life.BullStart,Life.BullRetrace,Life.BullEnd
2020-05-21,TOPVISN,0.5463,0.5463,0.5463,0.5463,0.5463,0,0.0,0,0.5463,0.5463,0.0,0.0,-0.0,,,-0.0,-0.0,-0.0,-0.0,0.5463,0.54622,0.54344,0.52232,0.5463,,,,,,,,,,,,,,,,,,,,,,0.0,0.0,0.0,0.0,,,,,,,,,,,,,,0.239,0.0286,0.2398,0.0008,-0.2104,0.2112,,,,0.15,,,,,0,0,0,0,0,0,,,,,,,3000,5000,3000,5000,5000,5000,5000,-8.43,0.0,-15.79,-7.81,-38.98,-13.89,0.0,0,0,2,0,0,0.015,0.021,0.011,0.0,0.005,0.001,0.01237,0.01746,0.01005,0.00033,0.00605,0.00134,0,0,0,100,100,100,0,0,0,100,100,100,0,0,0,100,100,100,2019-10-08,2019-06-14,2019-05-07,2019-09-23,2019-05-30,2019-04-18,,,,,,,,,,,,,,,,,,,0.01567,0.019,0.01767,0.002,0.007,33.33867,0,0,0,0,0,0,0,0,0,0,0,0,0,0,0,0,0,0,1,0,1,0,0,0,0,0,0,0,0,0,0,0,0,0,0,0,0,0,0,0,1,0,0,0,0,0,0,0,0,0,0,0,0,0,0,0,0,1,1,1,1,1,1,0,0,0,0,0,0,1,1,1,1,1,1,0,0,0,0,0,0,0,0,0,1,1,1,1,1,1,0,0,0,0,0,0,1,1,1,1,1,1,0,1,1,0,0,1,0,1,1,1,1,1,,,Life.BullStart,Life.BullRetrace,Life.BullStart,Life.BullRetrace,Life.BullEnd
2020-05-22,TOPVISN,0.5463,0.5463,0.5463,0.5463,0.5463,0,0.0,0,0.5463,0.5463,0.0,0.0,-0.0,,,-0.0,-0.0,-0.0,-0.0,0.5463,0.54623,0.5435,0.52256,0.5463,,,,,,,,,,,,,,,,,,,,,,0.0,0.0,0.0,0.0,,,,,,,,,,,,,,0.2367,0.028,0.2374,0.0007,-0.2087,0.2094,,,,0.15,,,,,0,0,0,0,0,0,,,,,,,3000,5000,3000,5000,5000,5000,5000,-8.43,0.0,-15.79,-7.81,-38.98,-13.89,0.0,0,0,2,0,0,0.015,0.021,0.011,0.0,0.005,0.001,0.01237,0.01746,0.01005,0.00033,0.00605,0.00134,0,0,0,100,100,100,0,0,0,100,100,100,0,0,0,100,100,100,2019-10-08,2019-06-14,2019-05-07,2019-09-23,2019-05-30,2019-04-18,,,,,,,,,,,,,,,,,,,0.01567,0.019,0.01767,0.002,0.007,33.33867,0,0,0,0,0,0,0,0,0,0,0,0,0,0,0,0,0,0,1,0,1,0,0,0,0,0,0,0,0,0,0,0,0,0,0,0,0,0,0,0,1,0,0,0,0,0,0,0,0,0,0,0,0,0,0,0,0,1,1,1,1,1,1,0,0,0,0,0,0,1,1,1,1,1,1,0,0,0,0,0,0,0,0,0,1,1,1,1,1,1,0,0,0,0,0,0,1,1,1,1,1,1,0,1,1,0,0,1,0,1,1,1,1,1,,,Life.BullStart,Life.BullRetrace,Life.BullStart,Life.BullRetrace,Life.BullEnd
2020-05-27,TOPVISN,0.5463,0.5463,0.5463,0.5463,0.5463,0,0.0,0,0.5463,0.5463,0.0,0.0,-0.0,,,-0.0,-0.0,-0.0,-0.0,0.5463,0.54623,0.54355,0.52279,0.5463,,,,,,,,,,,,,,,,,,,,,,0.0,0.0,0.0,0.0,,,,,,,,,,,,,,0.2344,0.0275,0.2351,0.0007,-0.2069,0.2076,,,,0.15,,,,,0,0,0,0,0,0,,,,,,,3000,5000,3000,5000,5000,5000,5000,-8.43,0.0,-15.79,-7.81,-38.98,-13.89,0.0,0,0,2,0,0,0.015,0.021,0.011,0.0,0.005,0.001,0.01237,0.01746,0.01005,0.00033,0.00605,0.00134,0,0,0,100,100,100,0,0,0,100,100,100,0,0,0,100,100,100,2019-10-08,2019-06-14,2019-05-07,2019-09-23,2019-05-30,2019-04-18,,,,,,,,,,,,,,,,,,,0.01567,0.019,0.01767,0.002,0.007,33.33867,0,0,0,0,0,0,0,0,0,0,0,0,0,0,0,0,0,0,1,0,1,0,0,0,0,0,0,0,0,0,0,0,0,0,0,0,0,0,0,0,1,0,0,0,0,0,0,0,0,0,0,0,0,0,0,0,0,1,1,1,1,1,1,0,0,0,0,0,0,1,1,1,1,1,1,0,0,0,0,0,0,0,0,0,1,1,1,1,1,1,0,0,0,0,0,0,1,1,1,1,1,1,0,1,1,0,0,1,0,1,1,1,1,1,,,Life.BullStart,Life.BullRetrace,Life.BullStart,Life.BullRetrace,Life.BullEnd
2020-05-28,TOPVISN,0.5463,0.5463,0.5463,0.5463,0.5463,0,0.0,0,0.5463,0.5463,0.0,0.0,-0.0,,,-0.0,-0.0,-0.0,-0.0,0.5463,0.54623,0.54361,0.52303,0.5463,,,,,,,,,,,,,,,,,,,,,,0.0,0.0,0.0,0.0,,,,,,,,,,,,,,0.232,0.0269,0.2327,0.0007,-0.2051,0.2058,,,,0.15,,,,,0,0,0,0,0,0,,,,,,,3000,5000,3000,5000,5000,5000,5000,-8.43,0.0,-15.79,-7.81,-38.98,-13.89,0.0,0,0,2,0,0,0.015,0.021,0.011,0.0,0.005,0.001,0.01237,0.01746,0.01005,0.00033,0.00605,0.00134,0,0,0,100,100,100,0,0,0,100,100,100,0,0,0,100,100,100,2019-10-08,2019-06-14,2019-05-07,2019-09-23,2019-05-30,2019-04-18,,,,,,,,,,,,,,,,,,,0.01567,0.019,0.01767,0.002,0.007,33.33867,0,0,0,0,0,0,0,0,0,0,0,0,0,0,0,0,0,0,1,0,1,0,0,0,0,0,0,0,0,0,0,0,0,0,0,0,0,0,0,0,1,0,0,0,0,0,0,0,0,0,0,0,0,0,0,0,0,1,1,1,1,1,1,0,0,0,0,0,0,1,1,1,1,1,1,0,0,0,0,0,0,0,0,0,1,1,1,1,1,1,0,0,0,0,0,0,1,1,1,1,1,1,0,1,1,0,0,1,0,1,1,1,1,1,,,Life.BullStart,Life.BullRetrace,Life.BullStart,Life.BullRetrace,Life.BullEnd
2020-05-29,TOPVISN,0.5463,0.5463,0.5463,0.5463,0.5463,0,0.0,0,0.5463,0.5463,0.0,0.0,-0.0,,,-0.0,-0.0,-0.0,-0.0,0.5463,0.54623,0.54366,0.52326,0.5463,,,,,,,,,,,,,,,,,,,,,,0.0,0.0,0.0,0.0,,,,,,,,,,,,,,0.2297,0.0264,0.2304,0.0007,-0.2033,0.204,,,,0.15,,,,,0,0,0,0,0,0,,,,,,,3000,5000,3000,5000,5000,5000,5000,-8.43,0.0,-15.79,-7.81,-38.98,-13.89,0.0,0,0,2,0,0,0.015,0.021,0.011,0.0,0.005,0.001,0.01237,0.01746,0.01005,0.00033,0.00605,0.00134,0,0,0,100,100,100,0,0,0,100,100,100,0,0,0,100,100,100,2019-10-08,2019-06-14,2019-05-07,2019-09-23,2019-05-30,2019-04-18,,,,,,,,,,,,,,,,,,,0.01567,0.019,0.01767,0.002,0.007,33.33867,0,0,0,0,0,0,0,0,0,0,0,0,0,0,0,0,0,0,1,0,1,0,0,0,0,0,0,0,0,0,0,0,0,0,0,0,0,0,0,0,1,0,0,0,0,0,0,0,0,0,0,0,0,0,0,0,0,1,1,1,1,1,1,0,0,0,0,0,0,1,1,1,1,1,1,0,0,0,0,0,0,0,0,0,1,1,1,1,1,1,0,0,0,0,0,0,1,1,1,1,1,1,0,1,1,0,0,1,0,1,1,1,1,1,,,Life.BullStart,Life.BullRetrace,Life.BullStart,Life.BullRetrace,Life.BullEnd
2020-06-02,TOPVISN,0.5463,0.5463,0.5463,0.5463,0.5463,0,0.0,0,0.5463,0.5463,0.0,0.0,-0.0,,,-0.0,-0.0,-0.0,-0.0,0.5463,0.54624,0.54371,0.52349,0.5463,,,,,,,,,,,,,,,,,,,,,,0.0,0.0,0.0,0.0,,,,,,,,,,,,,,0.2275,0.0259,0.2281,0.0006,-0.2016,0.2022,,,,0.15,,,,,0,0,0,0,0,0,,,,,,,3000,5000,3000,5000,5000,5000,5000,-8.43,0.0,-15.79,-7.81,-38.98,-13.89,0.0,0,0,2,0,0,0.015,0.021,0.011,0.0,0.005,0.001,0.01237,0.01746,0.01005,0.00033,0.00605,0.00134,0,0,0,100,100,100,0,0,0,100,100,100,0,0,0,100,100,100,2019-10-08,2019-06-14,2019-05-07,2019-09-23,2019-05-30,2019-04-18,,,,,,,,,,,,,,,,,,,0.01567,0.019,0.01767,0.002,0.007,33.33867,0,0,0,0,0,0,0,0,0,0,0,0,0,0,0,0,0,0,1,0,1,0,0,0,0,0,0,0,0,0,0,0,0,0,0,0,0,0,0,0,1,0,0,0,0,0,0,0,0,0,0,0,0,0,0,0,0,1,1,1,1,1,1,0,0,0,0,0,0,1,1,1,1,1,1,0,0,0,0,0,0,0,0,0,1,1,1,1,1,1,0,0,0,0,0,0,1,1,1,1,1,1,0,1,1,0,0,1,0,1,1,1,1,1,,,Life.BullStart,Life.BullRetrace,Life.BullStart,Life.BullRetrace,Life.BullEnd
2020-06-03,TOPVISN,0.5463,0.5463,0.5463,0.5463,0.5463,0,0.0,0,0.5463,0.5463,0.0,0.0,-0.0,,,-0.0,-0.0,-0.0,-0.0,0.5463,0.54624,0.54376,0.52371,0.5463,,,,,,,,,,,,,,,,,,,,,,0.0,0.0,0.0,0.0,,,,,,,,,,,,,,0.2253,0.0254,0.2259,0.0006,-0.1999,0.2005,,,,0.15,,,,,0,0,0,0,0,0,,,,,,,3000,5000,3000,5000,5000,5000,5000,-8.43,0.0,-15.79,-7.81,-38.98,-13.89,0.0,0,0,2,0,0,0.015,0.021,0.011,0.0,0.005,0.001,0.01237,0.01746,0.01005,0.00033,0.00605,0.00134,0,0,0,100,100,100,0,0,0,100,100,100,0,0,0,100,100,100,2019-10-08,2019-06-14,2019-05-07,2019-09-23,2019-05-30,2019-04-18,,,,,,,,,,,,,,,,,,,0.01567,0.019,0.01767,0.002,0.007,33.33867,0,0,0,0,0,0,0,0,0,0,0,0,0,0,0,0,0,0,1,0,1,0,0,0,0,0,0,0,0,0,0,0,0,0,0,0,0,0,0,0,1,0,0,0,0,0,0,0,0,0,0,0,0,0,0,0,0,1,1,1,1,1,1,0,0,0,0,0,0,1,1,1,1,1,1,0,0,0,0,0,0,0,0,0,1,1,1,1,1,1,0,0,0,0,0,0,1,1,1,1,1,1,0,1,1,0,0,1,0,1,1,1,1,1,,,Life.BullStart,Life.BullRetrace,Life.BullStart,Life.BullRetrace,Life.BullEnd
2020-06-04,TOPVISN,0.5463,0.5463,0.5463,0.5463,0.5463,0,0.0,0,0.5463,0.5463,0.0,0.0,-0.0,,,-0.0,-0.0,-0.0,-0.0,0.5463,0.54624,0.54381,0.52394,0.5463,,,,,,,,,,,,,,,,,,,,,,0.0,0.0,0.0,0.0,,,,,,,,,,,,,,0.223,0.0249,0.2236,0.0006,-0.1981,0.1987,,,,0.15,,,,,0,0,0,0,0,0,,,,,,,3000,5000,3000,5000,5000,5000,5000,-8.43,0.0,-15.79,-7.81,-38.98,-13.89,0.0,0,0,2,0,0,0.015,0.021,0.011,0.0,0.005,0.001,0.01237,0.01746,0.01005,0.00033,0.00605,0.00134,0,0,0,100,100,100,0,0,0,100,100,100,0,0,0,100,100,100,2019-10-08,2019-06-14,2019-05-07,2019-09-23,2019-05-30,2019-04-18,,,,,,,,,,,,,,,,,,,0.01567,0.019,0.01767,0.002,0.007,33.33867,0,0,0,0,0,0,0,0,0,0,0,0,0,0,0,0,0,0,1,0,1,0,0,0,0,0,0,0,0,0,0,0,0,0,0,0,0,0,0,0,1,0,0,0,0,0,0,0,0,0,0,0,0,0,0,0,0,1,1,1,1,1,1,0,0,0,0,0,0,1,1,1,1,1,1,0,0,0,0,0,0,0,0,0,1,1,1,1,1,1,0,0,0,0,0,0,1,1,1,1,1,1,0,1,1,0,0,1,0,1,1,1,1,1,,,Life.BullStart,Life.BullRetrace,Life.BullStart,Life.BullRetrace,Life.BullEnd
2020-06-05,TOPVISN,0.5463,0.5463,0.5463,0.5463,0.5463,0,0.0,0,0.5463,0.5463,0.0,0.0,-0.0,,,-0.0,-0.0,-0.0,-0.0,0.5463,0.54624,0.54386,0.52416,0.5463,,,,,,,,,,,,,,,,,,,,,,0.0,0.0,0.0,0.0,,,,,,,,,,,,,,0.2208,0.0244,0.2214,0.0006,-0.1964,0.197,,,,0.15,,,,,0,0,0,0,0,0,,,,,,,3000,5000,3000,5000,5000,5000,5000,-8.43,0.0,-15.79,-7.81,-38.98,-13.89,0.0,0,0,2,0,0,0.015,0.021,0.011,0.0,0.005,0.001,0.01237,0.01746,0.01005,0.00033,0.00605,0.00134,0,0,0,100,100,100,0,0,0,100,100,100,0,0,0,100,100,100,2019-10-08,2019-06-14,2019-05-07,2019-09-23,2019-05-30,2019-04-18,,,,,,,,,,,,,,,,,,,0.01567,0.019,0.01767,0.002,0.007,33.33867,0,0,0,0,0,0,0,0,0,0,0,0,0,0,0,0,0,0,1,0,1,0,0,0,0,0,0,0,0,0,0,0,0,0,0,0,0,0,0,0,1,0,0,0,0,0,0,0,0,0,0,0,0,0,0,0,0,1,1,1,1,1,1,0,0,0,0,0,0,1,1,1,1,1,1,0,0,0,0,0,0,0,0,0,1,1,1,1,1,1,0,0,0,0,0,0,1,1,1,1,1,1,0,1,1,0,0,1,0,1,1,1,1,1,,,Life.BullStart,Life.BullRetrace,Life.BullStart,Life.BullRetrace,Life.BullEnd
2020-06-09,TOPVISN,0.5463,0.5463,0.5463,0.5463,0.5463,0,0.0,0,0.5463,0.5463,0.0,0.0,-0.0,,,-0.0,-0.0,-0.0,-0.0,0.5463,0.54625,0.54391,0.52438,0.5463,,,,,,,,,,,,,,,,,,,,,,0.0,0.0,0.0,0.0,,,,,,,,,,,,,,0.2187,0.0239,0.2192,0.0005,-0.1948,0.1953,,,,0.15,,,,,0,0,0,0,0,0,,,,,,,3000,5000,3000,5000,5000,5000,5000,-8.43,0.0,-15.79,-7.81,-38.98,-13.89,0.0,0,0,2,0,0,0.015,0.021,0.011,0.0,0.005,0.001,0.01237,0.01746,0.01005,0.00033,0.00605,0.00134,0,0,0,100,100,100,0,0,0,100,100,100,0,0,0,100,100,100,2019-10-08,2019-06-14,2019-05-07,2019-09-23,2019-05-30,2019-04-18,,,,,,,,,,,,,,,,,,,0.01567,0.019,0.01767,0.002,0.007,33.33867,0,0,0,0,0,0,0,0,0,0,0,0,0,0,0,0,0,0,1,0,1,0,0,0,0,0,0,0,0,0,0,0,0,0,0,0,0,0,0,0,1,0,0,0,0,0,0,0,0,0,0,0,0,0,0,0,0,1,1,1,1,1,1,0,0,0,0,0,0,1,1,1,1,1,1,0,0,0,0,0,0,0,0,0,1,1,1,1,1,1,0,0,0,0,0,0,1,1,1,1,1,1,0,1,1,0,0,1,0,1,1,1,1,1,,,Life.BullStart,Life.BullRetrace,Life.BullStart,Life.BullRetrace,Life.BullEnd
2020-06-10,TOPVISN,0.5463,0.5463,0.5463,0.5463,0.5463,0,0.0,0,0.5463,0.5463,0.0,0.0,-0.0,,,-0.0,-0.0,-0.0,-0.0,0.5463,0.54625,0.54396,0.5246,0.5463,,,,,,,,,,,,,,,,,,,,,,0.0,0.0,0.0,0.0,,,,,,,,,,,,,,0.2165,0.0234,0.217,0.0005,-0.1931,0.1936,,,,0.15,,,,,0,0,0,0,0,0,,,,,,,3000,5000,3000,5000,5000,5000,5000,-8.43,0.0,-15.79,-7.81,-38.98,-13.89,0.0,0,0,2,0,0,0.015,0.021,0.011,0.0,0.005,0.001,0.01237,0.01746,0.01005,0.00033,0.00605,0.00134,0,0,0,100,100,100,0,0,0,100,100,100,0,0,0,100,100,100,2019-10-08,2019-06-14,2019-05-07,2019-09-23,2019-05-30,2019-04-18,,,,,,,,,,,,,,,,,,,0.01567,0.019,0.01767,0.002,0.007,33.33867,0,0,0,0,0,0,0,0,0,0,0,0,0,0,0,0,0,0,1,0,1,0,0,0,0,0,0,0,0,0,0,0,0,0,0,0,0,0,0,0,1,0,0,0,0,0,0,0,0,0,0,0,0,0,0,0,0,1,1,1,1,1,1,0,0,0,0,0,0,1,1,1,1,1,1,0,0,0,0,0,0,0,0,0,1,1,1,1,1,1,0,0,0,0,0,0,1,1,1,1,1,1,0,1,1,0,0,1,0,1,1,1,1,1,,,Life.BullStart,Life.BullRetrace,Life.BullStart,Life.BullRetrace,Life.BullEnd
2020-06-11,TOPVISN,0.5463,0.5463,0.5463,0.5463,0.5463,0,0.0,0,0.5463,0.5463,0.0,0.0,-0.0,,,-0.0,-0.0,-0.0,-0.0,0.5463,0.54625,0.544,0.52482,0.5463,,,,,,,,,,,,,,,,,,,,,,0.0,0.0,0.0,0.0,,,,,,,,,,,,,,0.2143,0.023,0.2148,0.0005,-0.1913,0.1918,,,,0.15,,,,,0,0,0,0,0,0,,,,,,,3000,5000,3000,5000,5000,5000,5000,-8.43,0.0,-15.79,-7.81,-38.98,-13.89,0.0,0,0,2,0,0,0.015,0.021,0.011,0.0,0.005,0.001,0.01237,0.01746,0.01005,0.00033,0.00605,0.00134,0,0,0,100,100,100,0,0,0,100,100,100,0,0,0,100,100,100,2019-10-08,2019-06-14,2019-05-07,2019-09-23,2019-05-30,2019-04-18,,,,,,,,,,,,,,,,,,,0.01567,0.019,0.01767,0.002,0.007,33.33867,0,0,0,0,0,0,0,0,0,0,0,0,0,0,0,0,0,0,1,0,1,0,0,0,0,0,0,0,0,0,0,0,0,0,0,0,0,0,0,0,1,0,0,0,0,0,0,0,0,0,0,0,0,0,0,0,0,1,1,1,1,1,1,0,0,0,0,0,0,1,1,1,1,1,1,0,0,0,0,0,0,0,0,0,1,1,1,1,1,1,0,0,0,0,0,0,1,1,1,1,1,1,0,1,1,0,0,1,0,1,1,1,1,1,,,Life.BullStart,Life.BullRetrace,Life.BullStart,Life.BullRetrace,Life.BullEnd
2020-06-12,TOPVISN,0.5463,0.5463,0.5463,0.5463,0.5463,0,0.0,0,0.5463,0.5463,0.0,0.0,-0.0,,,-0.0,-0.0,-0.0,-0.0,0.5463,0.54625,0.54405,0.52503,0.5463,,,,,,,,,,,,,,,,,,,,,,0.0,0.0,0.0,0.0,,,,,,,,,,,,,,0.2122,0.0225,0.2127,0.0005,-0.1897,0.1902,,,,0.15,,,,,0,0,0,0,0,0,,,,,,,3000,5000,3000,5000,5000,5000,5000,-8.43,0.0,-15.79,-7.81,-38.98,-13.89,0.0,0,0,2,0,0,0.015,0.021,0.011,0.0,0.005,0.001,0.01237,0.01746,0.01005,0.00033,0.00605,0.00134,0,0,0,100,100,100,0,0,0,100,100,100,0,0,0,100,100,100,2019-10-08,2019-06-14,2019-05-07,2019-09-23,2019-05-30,2019-04-18,,,,,,,,,,,,,,,,,,,0.01567,0.019,0.01767,0.002,0.007,33.33867,0,0,0,0,0,0,0,0,0,0,0,0,0,0,0,0,0,0,1,0,1,0,0,0,0,0,0,0,0,0,0,0,0,0,0,0,0,0,0,0,1,0,0,0,0,0,0,0,0,0,0,0,0,0,0,0,0,1,1,1,1,1,1,0,0,0,0,0,0,1,1,1,1,1,1,0,0,0,0,0,0,0,0,0,1,1,1,1,1,1,0,0,0,0,0,0,1,1,1,1,1,1,0,1,1,0,0,1,0,1,1,1,1,1,,,Life.BullStart,Life.BullRetrace,Life.BullStart,Life.BullRetrace,Life.BullEnd
2020-06-15,TOPVISN,0.5463,0.5463,0.5463,0.5463,0.5463,0,0.0,0,0.5463,0.5463,0.0,0.0,-0.0,,,-0.0,-0.0,-0.0,-0.0,0.5463,0.54625,0.54409,0.52524,0.5463,,,,,,,,,,,,,,,,,,,,,,0.0,0.0,0.0,0.0,,,,,,,,,,,,,,0.2101,0.0221,0.2106,0.0005,-0.188,0.1885,,,,0.15,,,,,0,0,0,0,0,0,,,,,,,3000,5000,3000,5000,5000,5000,5000,-8.43,0.0,-15.79,-7.81,-38.98,-13.89,0.0,0,0,2,0,0,0.015,0.021,0.011,0.0,0.005,0.001,0.01237,0.01746,0.01005,0.00033,0.00605,0.00134,0,0,0,100,100,100,0,0,0,100,100,100,0,0,0,100,100,100,2019-10-08,2019-06-14,2019-05-07,2019-09-23,2019-05-30,2019-04-18,,,,,,,,,,,,,,,,,,,0.01567,0.019,0.01767,0.002,0.007,33.33867,0,0,0,0,0,0,0,0,0,0,0,0,0,0,0,0,0,0,1,0,1,0,0,0,0,0,0,0,0,0,0,0,0,0,0,0,0,0,0,0,1,0,0,0,0,0,0,0,0,0,0,0,0,0,0,0,0,1,1,1,1,1,1,0,0,0,0,0,0,1,1,1,1,1,1,0,0,0,0,0,0,0,0,0,1,1,1,1,1,1,0,0,0,0,0,0,1,1,1,1,1,1,0,1,1,0,0,1,0,1,1,1,1,1,,,Life.BullStart,Life.BullRetrace,Life.BullStart,Life.BullRetrace,Life.BullEnd
2020-06-16,TOPVISN,0.5463,0.5463,0.5463,0.5463,0.5463,0,0.0,0,0.5463,0.5463,0.0,0.0,-0.0,,,-0.0,-0.0,-0.0,-0.0,0.5463,0.54626,0.54414,0.52545,0.5463,,,,,,,,,,,,,,,,,,,,,,0.0,0.0,0.0,0.0,,,,,,,,,,,,,,0.2081,0.0216,0.2085,0.0004,-0.1865,0.1869,,,,0.15,,,,,0,0,0,0,0,0,,,,,,,3000,5000,3000,5000,5000,5000,5000,-8.43,0.0,-15.79,-7.81,-38.98,-13.89,0.0,0,0,2,0,0,0.015,0.021,0.011,0.0,0.005,0.001,0.01237,0.01746,0.01005,0.00033,0.00605,0.00134,0,0,0,100,100,100,0,0,0,100,100,100,0,0,0,100,100,100,2019-10-08,2019-06-14,2019-05-07,2019-09-23,2019-05-30,2019-04-18,,,,,,,,,,,,,,,,,,,0.01567,0.019,0.01767,0.002,0.007,33.33867,0,0,0,0,0,0,0,0,0,0,0,0,0,0,0,0,0,0,1,0,1,0,0,0,0,0,0,0,0,0,0,0,0,0,0,0,0,0,0,0,1,0,0,0,0,0,0,0,0,0,0,0,0,0,0,0,0,1,1,1,1,1,1,0,0,0,0,0,0,1,1,1,1,1,1,0,0,0,0,0,0,0,0,0,1,1,1,1,1,1,0,0,0,0,0,0,1,1,1,1,1,1,0,1,1,0,0,1,0,1,1,1,1,1,,,Life.BullStart,Life.BullRetrace,Life.BullStart,Life.BullRetrace,Life.BullEnd
2020-06-17,TOPVISN,0.5463,0.5463,0.5463,0.5463,0.5463,0,0.0,0,0.5463,0.5463,0.0,0.0,-0.0,,,-0.0,-0.0,-0.0,-0.0,0.5463,0.54626,0.54418,0.52566,0.5463,,,,,,,,,,,,,,,,,,,,,,0.0,0.0,0.0,0.0,,,,,,,,,,,,,,0.206,0.0212,0.2064,0.0004,-0.1848,0.1852,,,,0.15,,,,,0,0,0,0,0,0,,,,,,,3000,5000,3000,5000,5000,5000,5000,-8.43,0.0,-15.79,-7.81,-38.98,-13.89,0.0,0,0,2,0,0,0.015,0.021,0.011,0.0,0.005,0.001,0.01237,0.01746,0.01005,0.00033,0.00605,0.00134,0,0,0,100,100,100,0,0,0,100,100,100,0,0,0,100,100,100,2019-10-08,2019-06-14,2019-05-07,2019-09-23,2019-05-30,2019-04-18,,,,,,,,,,,,,,,,,,,0.01567,0.019,0.01767,0.002,0.007,33.33867,0,0,0,0,0,0,0,0,0,0,0,0,0,0,0,0,0,0,1,0,1,0,0,0,0,0,0,0,0,0,0,0,0,0,0,0,0,0,0,0,1,0,0,0,0,0,0,0,0,0,0,0,0,0,0,0,0,1,1,1,1,1,1,0,0,0,0,0,0,1,1,1,1,1,1,0,0,0,0,0,0,0,0,0,1,1,1,1,1,1,0,0,0,0,0,0,1,1,1,1,1,1,0,1,1,0,0,1,0,1,1,1,1,1,,,Life.BullStart,Life.BullRetrace,Life.BullStart,Life.BullRetrace,Life.BullEnd
2020-06-18,TOPVISN,0.5463,0.5463,0.5463,0.5463,0.5463,0,0.0,0,0.5463,0.5463,0.0,0.0,-0.0,,,-0.0,-0.0,-0.0,-0.0,0.5463,0.54626,0.54422,0.52586,0.5463,,,,,,,,,,,,,,,,,,,,,,0.0,0.0,0.0,0.0,,,,,,,,,,,,,,0.204,0.0208,0.2044,0.0004,-0.1832,0.1836,,,,0.15,,,,,0,0,0,0,0,0,,,,,,,3000,5000,3000,5000,5000,5000,5000,-8.43,0.0,-15.79,-7.81,-38.98,-13.89,0.0,0,0,2,0,0,0.015,0.021,0.011,0.0,0.005,0.001,0.01237,0.01746,0.01005,0.00033,0.00605,0.00134,0,0,0,100,100,100,0,0,0,100,100,100,0,0,0,100,100,100,2019-10-08,2019-06-14,2019-05-07,2019-09-23,2019-05-30,2019-04-18,,,,,,,,,,,,,,,,,,,0.01567,0.019,0.01767,0.002,0.007,33.33867,0,0,0,0,0,0,0,0,0,0,0,0,0,0,0,0,0,0,1,0,1,0,0,0,0,0,0,0,0,0,0,0,0,0,0,0,0,0,0,0,1,0,0,0,0,0,0,0,0,0,0,0,0,0,0,0,0,1,1,1,1,1,1,0,0,0,0,0,0,1,1,1,1,1,1,0,0,0,0,0,0,0,0,0,1,1,1,1,1,1,0,0,0,0,0,0,1,1,1,1,1,1,0,1,1,0,0,1,0,1,1,1,1,1,,,Life.BullStart,Life.BullRetrace,Life.BullStart,Life.BullRetrace,Life.BullEnd
2020-06-19,TOPVISN,0.5463,0.5463,0.5463,0.5463,0.5463,0,0.0,0,0.5463,0.5463,0.0,0.0,-0.0,,,-0.0,-0.0,-0.0,-0.0,0.5463,0.54626,0.54426,0.52607,0.5463,,,,,,,,,,,,,,,,,,,,,,0.0,0.0,0.0,0.0,,,,,,,,,,,,,,0.2019,0.0204,0.2023,0.0004,-0.1815,0.1819,,,,0.15,,,,,0,0,0,0,0,0,,,,,,,3000,5000,3000,5000,5000,5000,5000,-8.43,0.0,-15.79,-7.81,-38.98,-13.89,0.0,0,0,2,0,0,0.015,0.021,0.011,0.0,0.005,0.001,0.01237,0.01746,0.01005,0.00033,0.00605,0.00134,0,0,0,100,100,100,0,0,0,100,100,100,0,0,0,100,100,100,2019-10-08,2019-06-14,2019-05-07,2019-09-23,2019-05-30,2019-04-18,,,,,,,,,,,,,,,,,,,0.01567,0.019,0.01767,0.002,0.007,33.33867,0,0,0,0,0,0,0,0,0,0,0,0,0,0,0,0,0,0,1,0,1,0,0,0,0,0,0,0,0,0,0,0,0,0,0,0,0,0,0,0,1,0,0,0,0,0,0,0,0,0,0,0,0,0,0,0,0,1,1,1,1,1,1,0,0,0,0,0,0,1,1,1,1,1,1,0,0,0,0,0,0,0,0,0,1,1,1,1,1,1,0,0,0,0,0,0,1,1,1,1,1,1,0,1,1,0,0,1,0,1,1,1,1,1,,,Life.BullStart,Life.BullRetrace,Life.BullStart,Life.BullRetrace,Life.BullEnd
2020-06-22,TOPVISN,0.5463,0.5463,0.5463,0.5463,0.5463,0,0.0,0,0.5463,0.5463,0.0,0.0,-0.0,,,-0.0,-0.0,-0.0,-0.0,0.5463,0.54626,0.5443,0.52627,0.5463,,,,,,,,,,,,,,,,,,,,,,0.0,0.0,0.0,0.0,,,,,,,,,,,,,,0.1999,0.02,0.2003,0.0004,-0.1799,0.1803,,,,0.15,,,,,0,0,0,0,0,0,,,,,,,3000,5000,3000,5000,5000,5000,5000,-8.43,0.0,-15.79,-7.81,-38.98,-13.89,0.0,0,0,2,0,0,0.015,0.021,0.011,0.0,0.005,0.001,0.01237,0.01746,0.01005,0.00033,0.00605,0.00134,0,0,0,100,100,100,0,0,0,100,100,100,0,0,0,100,100,100,2019-10-08,2019-06-14,2019-05-07,2019-09-23,2019-05-30,2019-04-18,,,,,,,,,,,,,,,,,,,0.01567,0.019,0.01767,0.002,0.007,33.33867,0,0,0,0,0,0,0,0,0,0,0,0,0,0,0,0,0,0,1,0,1,0,0,0,0,0,0,0,0,0,0,0,0,0,0,0,0,0,0,0,1,0,0,0,0,0,0,0,0,0,0,0,0,0,0,0,0,1,1,1,1,1,1,0,0,0,0,0,0,1,1,1,1,1,1,0,0,0,0,0,0,0,0,0,1,1,1,1,1,1,0,0,0,0,0,0,1,1,1,1,1,1,0,1,1,0,0,1,0,1,1,1,1,1,,,Life.BullStart,Life.BullRetrace,Life.BullStart,Life.BullRetrace,Life.BullEnd
2020-06-23,TOPVISN,0.5463,0.5463,0.5463,0.5463,0.5463,0,0.0,0,0.5463,0.5463,0.0,0.0,-0.0,,,-0.0,-0.0,-0.0,-0.0,0.5463,0.54626,0.54434,0.52647,0.5463,,,,,,,,,,,,,,,,,,,,,,0.0,0.0,0.0,0.0,,,,,,,,,,,,,,0.1979,0.0196,0.1983,0.0004,-0.1783,0.1787,,,,0.15,,,,,0,0,0,0,0,0,,,,,,,3000,5000,3000,5000,5000,5000,5000,-8.43,0.0,-15.79,-7.81,-38.98,-13.89,0.0,0,0,2,0,0,0.015,0.021,0.011,0.0,0.005,0.001,0.01237,0.01746,0.01005,0.00033,0.00605,0.00134,0,0,0,100,100,100,0,0,0,100,100,100,0,0,0,100,100,100,2019-10-08,2019-06-14,2019-05-07,2019-09-23,2019-05-30,2019-04-18,,,,,,,,,,,,,,,,,,,0.01567,0.019,0.01767,0.002,0.007,33.33867,0,0,0,0,0,0,0,0,0,0,0,0,0,0,0,0,0,0,1,0,1,0,0,0,0,0,0,0,0,0,0,0,0,0,0,0,0,0,0,0,1,0,0,0,0,0,0,0,0,0,0,0,0,0,0,0,0,1,1,1,1,1,1,0,0,0,0,0,0,1,1,1,1,1,1,0,0,0,0,0,0,0,0,0,1,1,1,1,1,1,0,0,0,0,0,0,1,1,1,1,1,1,0,1,1,0,0,1,0,1,1,1,1,1,,,Life.BullStart,Life.BullRetrace,Life.BullStart,Life.BullRetrace,Life.BullEnd
2020-06-24,TOPVISN,0.5463,0.5463,0.5463,0.5463,0.5463,0,0.0,0,0.5463,0.5463,0.0,0.0,-0.0,,,-0.0,-0.0,-0.0,-0.0,0.5463,0.54627,0.54438,0.52666,0.5463,,,,,,,,,,,,,,,,,,,,,,0.0,0.0,0.0,0.0,,,,,,,,,,,,,,0.1961,0.0192,0.1964,0.0003,-0.1769,0.1772,,,,0.15,,,,,0,0,0,0,0,0,,,,,,,3000,5000,3000,5000,5000,5000,5000,-8.43,0.0,-15.79,-7.81,-38.98,-13.89,0.0,0,0,2,0,0,0.015,0.021,0.011,0.0,0.005,0.001,0.01237,0.01746,0.01005,0.00033,0.00605,0.00134,0,0,0,100,100,100,0,0,0,100,100,100,0,0,0,100,100,100,2019-10-08,2019-06-14,2019-05-07,2019-09-23,2019-05-30,2019-04-18,,,,,,,,,,,,,,,,,,,0.01567,0.019,0.01767,0.002,0.007,33.33867,0,0,0,0,0,0,0,0,0,0,0,0,0,0,0,0,0,0,1,0,1,0,0,0,0,0,0,0,0,0,0,0,0,0,0,0,0,0,0,0,1,0,0,0,0,0,0,0,0,0,0,0,0,0,0,0,0,1,1,1,1,1,1,0,0,0,0,0,0,1,1,1,1,1,1,0,0,0,0,0,0,0,0,0,1,1,1,1,1,1,0,0,0,0,0,0,1,1,1,1,1,1,0,1,1,0,0,1,0,1,1,1,1,1,,,Life.BullStart,Life.BullRetrace,Life.BullStart,Life.BullRetrace,Life.BullEnd
2020-06-25,TOPVISN,0.5463,0.5463,0.5463,0.5463,0.5463,0,0.0,0,0.5463,0.5463,0.0,0.0,-0.0,,,-0.0,-0.0,-0.0,-0.0,0.5463,0.54627,0.54442,0.52686,0.5463,,,,,,,,,,,,,,,,,,,,,,0.0,0.0,0.0,0.0,,,,,,,,,,,,,,0.1941,0.0188,0.1944,0.0003,-0.1753,0.1756,,,,0.15,,,,,0,0,0,0,0,0,,,,,,,3000,5000,3000,5000,5000,5000,5000,-8.43,0.0,-15.79,-7.81,-38.98,-13.89,0.0,0,0,2,0,0,0.015,0.021,0.011,0.0,0.005,0.001,0.01237,0.01746,0.01005,0.00033,0.00605,0.00134,0,0,0,100,100,100,0,0,0,100,100,100,0,0,0,100,100,100,2019-10-08,2019-06-14,2019-05-07,2019-09-23,2019-05-30,2019-04-18,,,,,,,,,,,,,,,,,,,0.01567,0.019,0.01767,0.002,0.007,33.33867,0,0,0,0,0,0,0,0,0,0,0,0,0,0,0,0,0,0,1,0,1,0,0,0,0,0,0,0,0,0,0,0,0,0,0,0,0,0,0,0,1,0,0,0,0,0,0,0,0,0,0,0,0,0,0,0,0,1,1,1,1,1,1,0,0,0,0,0,0,1,1,1,1,1,1,0,0,0,0,0,0,0,0,0,1,1,1,1,1,1,0,0,0,0,0,0,1,1,1,1,1,1,0,1,1,0,0,1,0,1,1,1,1,1,,,Life.BullStart,Life.BullRetrace,Life.BullStart,Life.BullRetrace,Life.BullEnd
2020-06-26,TOPVISN,0.5463,0.5463,0.5463,0.5463,0.5463,0,0.0,0,0.5463,0.5463,0.0,0.0,-0.0,,,-0.0,-0.0,-0.0,-0.0,0.5463,0.54627,0.54446,0.52705,0.5463,,,,,,,,,,,,,,,,,,,,,,0.0,0.0,0.0,0.0,,,,,,,,,,,,,,0.1922,0.0184,0.1925,0.0003,-0.1738,0.1741,,,,0.15,,,,,0,0,0,0,0,0,,,,,,,3000,5000,3000,5000,5000,5000,5000,-8.43,0.0,-15.79,-7.81,-38.98,-13.89,0.0,0,0,2,0,0,0.015,0.021,0.011,0.0,0.005,0.001,0.01237,0.01746,0.01005,0.00033,0.00605,0.00134,0,0,0,100,100,100,0,0,0,100,100,100,0,0,0,100,100,100,2019-10-08,2019-06-14,2019-05-07,2019-09-23,2019-05-30,2019-04-18,,,,,,,,,,,,,,,,,,,0.01567,0.019,0.01767,0.002,0.007,33.33867,0,0,0,0,0,0,0,0,0,0,0,0,0,0,0,0,0,0,1,0,1,0,0,0,0,0,0,0,0,0,0,0,0,0,0,0,0,0,0,0,1,0,0,0,0,0,0,0,0,0,0,0,0,0,0,0,0,1,1,1,1,1,1,0,0,0,0,0,0,1,1,1,1,1,1,0,0,0,0,0,0,0,0,0,1,1,1,1,1,1,0,0,0,0,0,0,1,1,1,1,1,1,0,1,1,0,0,1,0,1,1,1,1,1,,,Life.BullStart,Life.BullRetrace,Life.BullStart,Life.BullRetrace,Life.BullEnd
2020-06-29,TOPVISN,0.5463,0.5463,0.5463,0.5463,0.5463,0,0.0,0,0.5463,0.5463,0.0,0.0,-0.0,,,-0.0,-0.0,-0.0,-0.0,0.5463,0.54627,0.54449,0.52724,0.5463,,,,,,,,,,,,,,,,,,,,,,0.0,0.0,0.0,0.0,,,,,,,,,,,,,,0.1903,0.0181,0.1906,0.0003,-0.1722,0.1725,,,,0.15,,,,,0,0,0,0,0,0,,,,,,,3000,5000,3000,5000,5000,5000,5000,-8.43,0.0,-15.79,-7.81,-38.98,-13.89,0.0,0,0,2,0,0,0.015,0.021,0.011,0.0,0.005,0.001,0.01237,0.01746,0.01005,0.00033,0.00605,0.00134,0,0,0,100,100,100,0,0,0,100,100,100,0,0,0,100,100,100,2019-10-08,2019-06-14,2019-05-07,2019-09-23,2019-05-30,2019-04-18,,,,,,,,,,,,,,,,,,,0.01567,0.019,0.01767,0.002,0.007,33.33867,0,0,0,0,0,0,0,0,0,0,0,0,0,0,0,0,0,0,1,0,1,0,0,0,0,0,0,0,0,0,0,0,0,0,0,0,0,0,0,0,1,0,0,0,0,0,0,0,0,0,0,0,0,0,0,0,0,1,1,1,1,1,1,0,0,0,0,0,0,1,1,1,1,1,1,0,0,0,0,0,0,0,0,0,1,1,1,1,1,1,0,0,0,0,0,0,1,1,1,1,1,1,0,1,1,0,0,1,0,1,1,1,1,1,,,Life.BullStart,Life.BullRetrace,Life.BullStart,Life.BullRetrace,Life.BullEnd
2020-06-30,TOPVISN,0.5463,0.5463,0.5463,0.5463,0.5463,0,0.0,0,0.5463,0.5463,0.0,0.0,-0.0,,,-0.0,-0.0,-0.0,-0.0,0.5463,0.54627,0.54453,0.52743,0.5463,,,,,,,,,,,,,,,,,,,,,,0.0,0.0,0.0,0.0,,,,,,,,,,,,,,0.1884,0.0177,0.1887,0.0003,-0.1707,0.171,,,,0.15,,,,,0,0,0,0,0,0,,,,,,,3000,5000,3000,5000,5000,5000,5000,-8.43,0.0,-15.79,-7.81,-38.98,-13.89,0.0,0,0,2,0,0,0.015,0.021,0.011,0.0,0.005,0.001,0.01237,0.01746,0.01005,0.00033,0.00605,0.00134,0,0,0,100,100,100,0,0,0,100,100,100,0,0,0,100,100,100,2019-10-08,2019-06-14,2019-05-07,2019-09-23,2019-05-30,2019-04-18,,,,,,,,,,,,,,,,,,,0.01567,0.019,0.01767,0.002,0.007,33.33867,0,0,0,0,0,0,0,0,0,0,0,0,0,0,0,0,0,0,1,0,1,0,0,0,0,0,0,0,0,0,0,0,0,0,0,0,0,0,0,0,1,0,0,0,0,0,0,0,0,0,0,0,0,0,0,0,0,1,1,1,1,1,1,0,0,0,0,0,0,1,1,1,1,1,1,0,0,0,0,0,0,0,0,0,1,1,1,1,1,1,0,0,0,0,0,0,1,1,1,1,1,1,0,1,1,0,0,1,0,1,1,1,1,1,,,Life.BullStart,Life.BullRetrace,Life.BullStart,Life.BullRetrace,Life.BullEnd
2020-07-01,TOPVISN,0.5463,0.5463,0.5463,0.5463,0.5463,0,0.0,0,0.5463,0.5463,0.0,0.0,-0.0,,,-0.0,-0.0,-0.0,-0.0,0.5463,0.54627,0.54456,0.52762,0.5463,,,,,,,,,,,,,,,,,,,,,,0.0,0.0,0.0,0.0,,,,,,,,,,,,,,0.1865,0.0174,0.1868,0.0003,-0.1691,0.1694,,,,0.15,,,,,0,0,0,0,0,0,,,,,,,3000,5000,3000,5000,5000,5000,5000,-8.43,0.0,-15.79,-7.81,-38.98,-13.89,0.0,0,0,2,0,0,0.015,0.021,0.011,0.0,0.005,0.001,0.01237,0.01746,0.01005,0.00033,0.00605,0.00134,0,0,0,100,100,100,0,0,0,100,100,100,0,0,0,100,100,100,2019-10-08,2019-06-14,2019-05-07,2019-09-23,2019-05-30,2019-04-18,,,,,,,,,,,,,,,,,,,0.01567,0.019,0.01767,0.002,0.007,33.33867,0,0,0,0,0,0,0,0,0,0,0,0,0,0,0,0,0,0,1,0,1,0,0,0,0,0,0,0,0,0,0,0,0,0,0,0,0,0,0,0,1,0,0,0,0,0,0,0,0,0,0,0,0,0,0,0,0,1,1,1,1,1,1,0,0,0,0,0,0,1,1,1,1,1,1,0,0,0,0,0,0,0,0,0,1,1,1,1,1,1,0,0,0,0,0,0,1,1,1,1,1,1,0,1,1,0,0,1,0,1,1,1,1,1,,,Life.BullStart,Life.BullRetrace,Life.BullStart,Life.BullRetrace,Life.BullEnd
2020-07-02,TOPVISN,0.5463,0.5463,0.5463,0.5463,0.5463,0,0.0,0,0.5463,0.5463,0.0,0.0,-0.0,,,-0.0,-0.0,-0.0,-0.0,0.5463,0.54627,0.5446,0.52781,0.5463,,,,,,,,,,,,,,,,,,,,,,0.0,0.0,0.0,0.0,,,,,,,,,,,,,,0.1846,0.017,0.1849,0.0003,-0.1676,0.1679,,,,0.15,,,,,0,0,0,0,0,0,,,,,,,3000,5000,3000,5000,5000,5000,5000,-8.43,0.0,-15.79,-7.81,-38.98,-13.89,0.0,0,0,2,0,0,0.015,0.021,0.011,0.0,0.005,0.001,0.01237,0.01746,0.01005,0.00033,0.00605,0.00134,0,0,0,100,100,100,0,0,0,100,100,100,0,0,0,100,100,100,2019-10-08,2019-06-14,2019-05-07,2019-09-23,2019-05-30,2019-04-18,,,,,,,,,,,,,,,,,,,0.01567,0.019,0.01767,0.002,0.007,33.33867,0,0,0,0,0,0,0,0,0,0,0,0,0,0,0,0,0,0,1,0,1,0,0,0,0,0,0,0,0,0,0,0,0,0,0,0,0,0,0,0,1,0,0,0,0,0,0,0,0,0,0,0,0,0,0,0,0,1,1,1,1,1,1,0,0,0,0,0,0,1,1,1,1,1,1,0,0,0,0,0,0,0,0,0,1,1,1,1,1,1,0,0,0,0,0,0,1,1,1,1,1,1,0,1,1,0,0,1,0,1,1,1,1,1,,,Life.BullStart,Life.BullRetrace,Life.BullStart,Life.BullRetrace,Life.BullEnd
2020-07-03,TOPVISN,0.5463,0.5463,0.5463,0.5463,0.5463,0,0.0,0,0.5463,0.5463,0.0,0.0,-0.0,,,-0.0,-0.0,-0.0,-0.0,0.5463,0.54627,0.54463,0.52799,0.5463,,,,,,,,,,,,,,,,,,,,,,0.0,0.0,0.0,0.0,,,,,,,,,,,,,,0.1828,0.0167,0.1831,0.0003,-0.1661,0.1664,,,,0.15,,,,,0,0,0,0,0,0,,,,,,,3000,5000,3000,5000,5000,5000,5000,-8.43,0.0,-15.79,-7.81,-38.98,-13.89,0.0,0,0,2,0,0,0.015,0.021,0.011,0.0,0.005,0.001,0.01237,0.01746,0.01005,0.00033,0.00605,0.00134,0,0,0,100,100,100,0,0,0,100,100,100,0,0,0,100,100,100,2019-10-08,2019-06-14,2019-05-07,2019-09-23,2019-05-30,2019-04-18,,,,,,,,,,,,,,,,,,,0.01567,0.019,0.01767,0.002,0.007,33.33867,0,0,0,0,0,0,0,0,0,0,0,0,0,0,0,0,0,0,1,0,1,0,0,0,0,0,0,0,0,0,0,0,0,0,0,0,0,0,0,0,1,0,0,0,0,0,0,0,0,0,0,0,0,0,0,0,0,1,1,1,1,1,1,0,0,0,0,0,0,1,1,1,1,1,1,0,0,0,0,0,0,0,0,0,1,1,1,1,1,1,0,0,0,0,0,0,1,1,1,1,1,1,0,1,1,0,0,1,0,1,1,1,1,1,,,Life.BullStart,Life.BullRetrace,Life.BullStart,Life.BullRetrace,Life.BullEnd
2020-07-06,TOPVISN,0.5463,0.5463,0.5463,0.5463,0.5463,0,0.0,0,0.5463,0.5463,0.0,0.0,-0.0,,,-0.0,-0.0,-0.0,-0.0,0.5463,0.54627,0.54467,0.52817,0.5463,,,,,,,,,,,,,,,,,,,,,,0.0,0.0,0.0,0.0,,,,,,,,,,,,,,0.181,0.0163,0.1813,0.0003,-0.1647,0.165,,,,0.15,,,,,0,0,0,0,0,0,,,,,,,3000,5000,3000,5000,5000,5000,5000,-8.43,0.0,-15.79,-7.81,-38.98,-13.89,0.0,0,0,2,0,0,0.015,0.021,0.011,0.0,0.005,0.001,0.01237,0.01746,0.01005,0.00033,0.00605,0.00134,0,0,0,100,100,100,0,0,0,100,100,100,0,0,0,100,100,100,2019-10-08,2019-06-14,2019-05-07,2019-09-23,2019-05-30,2019-04-18,,,,,,,,,,,,,,,,,,,0.01567,0.019,0.01767,0.002,0.007,33.33867,0,0,0,0,0,0,0,0,0,0,0,0,0,0,0,0,0,0,1,0,1,0,0,0,0,0,0,0,0,0,0,0,0,0,0,0,0,0,0,0,1,0,0,0,0,0,0,0,0,0,0,0,0,0,0,0,0,1,1,1,1,1,1,0,0,0,0,0,0,1,1,1,1,1,1,0,0,0,0,0,0,0,0,0,1,1,1,1,1,1,0,0,0,0,0,0,1,1,1,1,1,1,0,1,1,0,0,1,0,1,1,1,1,1,,,Life.BullStart,Life.BullRetrace,Life.BullStart,Life.BullRetrace,Life.BullEnd
2020-07-07,TOPVISN,0.5463,0.5463,0.5463,0.5463,0.5463,0,0.0,0,0.5463,0.5463,0.0,0.0,-0.0,,,-0.0,-0.0,-0.0,-0.0,0.5463,0.54628,0.5447,0.52835,0.5463,,,,,,,,,,,,,,,,,,,,,,0.0,0.0,0.0,0.0,,,,,,,,,,,,,,0.1793,0.016,0.1795,0.0002,-0.1633,0.1635,,,,0.15,,,,,0,0,0,0,0,0,,,,,,,3000,5000,3000,5000,5000,5000,5000,-8.43,0.0,-15.79,-7.81,-38.98,-13.89,0.0,0,0,2,0,0,0.015,0.021,0.011,0.0,0.005,0.001,0.01237,0.01746,0.01005,0.00033,0.00605,0.00134,0,0,0,100,100,100,0,0,0,100,100,100,0,0,0,100,100,100,2019-10-08,2019-06-14,2019-05-07,2019-09-23,2019-05-30,2019-04-18,,,,,,,,,,,,,,,,,,,0.01567,0.019,0.01767,0.002,0.007,33.33867,0,0,0,0,0,0,0,0,0,0,0,0,0,0,0,0,0,0,1,0,1,0,0,0,0,0,0,0,0,0,0,0,0,0,0,0,0,0,0,0,1,0,0,0,0,0,0,0,0,0,0,0,0,0,0,0,0,1,1,1,1,1,1,0,0,0,0,0,0,1,1,1,1,1,1,0,0,0,0,0,0,0,0,0,1,1,1,1,1,1,0,0,0,0,0,0,1,1,1,1,1,1,0,1,1,0,0,1,0,1,1,1,1,1,,,Life.BullStart,Life.BullRetrace,Life.BullStart,Life.BullRetrace,Life.BullEnd
2020-07-08,TOPVISN,0.5463,0.5463,0.5463,0.5463,0.5463,0,0.0,0,0.5463,0.5463,0.0,0.0,-0.0,,,-0.0,-0.0,-0.0,-0.0,0.5463,0.54628,0.54473,0.52853,0.5463,,,,,,,,,,,,,,,,,,,,,,0.0,0.0,0.0,0.0,,,,,,,,,,,,,,0.1775,0.0157,0.1777,0.0002,-0.1618,0.162,,,,0.15,,,,,0,0,0,0,0,0,,,,,,,3000,5000,3000,5000,5000,5000,5000,-8.43,0.0,-15.79,-7.81,-38.98,-13.89,0.0,0,0,2,0,0,0.015,0.021,0.011,0.0,0.005,0.001,0.01237,0.01746,0.01005,0.00033,0.00605,0.00134,0,0,0,100,100,100,0,0,0,100,100,100,0,0,0,100,100,100,2019-10-08,2019-06-14,2019-05-07,2019-09-23,2019-05-30,2019-04-18,,,,,,,,,,,,,,,,,,,0.01567,0.019,0.01767,0.002,0.007,33.33867,0,0,0,0,0,0,0,0,0,0,0,0,0,0,0,0,0,0,1,0,1,0,0,0,0,0,0,0,0,0,0,0,0,0,0,0,0,0,0,0,1,0,0,0,0,0,0,0,0,0,0,0,0,0,0,0,0,1,1,1,1,1,1,0,0,0,0,0,0,1,1,1,1,1,1,0,0,0,0,0,0,0,0,0,1,1,1,1,1,1,0,0,0,0,0,0,1,1,1,1,1,1,0,1,1,0,0,1,0,1,1,1,1,1,,,Life.BullStart,Life.BullRetrace,Life.BullStart,Life.BullRetrace,Life.BullEnd
2020-07-09,TOPVISN,0.5463,0.5463,0.5463,0.5463,0.5463,0,0.0,0,0.5463,0.5463,0.0,0.0,-0.0,,,-0.0,-0.0,-0.0,-0.0,0.5463,0.54628,0.54476,0.52871,0.5463,,,,,,,,,,,,,,,,,,,,,,0.0,0.0,0.0,0.0,,,,,,,,,,,,,,0.1757,0.0154,0.1759,0.0002,-0.1603,0.1605,,,,0.15,,,,,0,0,0,0,0,0,,,,,,,3000,5000,3000,5000,5000,5000,5000,-8.43,0.0,-15.79,-7.81,-38.98,-13.89,0.0,0,0,2,0,0,0.015,0.021,0.011,0.0,0.005,0.001,0.01237,0.01746,0.01005,0.00033,0.00605,0.00134,0,0,0,100,100,100,0,0,0,100,100,100,0,0,0,100,100,100,2019-10-08,2019-06-14,2019-05-07,2019-09-23,2019-05-30,2019-04-18,,,,,,,,,,,,,,,,,,,0.01567,0.019,0.01767,0.002,0.007,33.33867,0,0,0,0,0,0,0,0,0,0,0,0,0,0,0,0,0,0,1,0,1,0,0,0,0,0,0,0,0,0,0,0,0,0,0,0,0,0,0,0,1,0,0,0,0,0,0,0,0,0,0,0,0,0,0,0,0,1,1,1,1,1,1,0,0,0,0,0,0,1,1,1,1,1,1,0,0,0,0,0,0,0,0,0,1,1,1,1,1,1,0,0,0,0,0,0,1,1,1,1,1,1,0,1,1,0,0,1,0,1,1,1,1,1,,,Life.BullStart,Life.BullRetrace,Life.BullStart,Life.BullRetrace,Life.BullEnd
2020-07-10,TOPVISN,0.5463,0.5463,0.5463,0.5463,0.5463,0,0.0,0,0.5463,0.5463,0.0,0.0,-0.0,,,-0.0,-0.0,-0.0,-0.0,0.5463,0.54628,0.54479,0.52888,0.54644,,,,,,,,,,,,,,,,,,,,,,0.0,0.0,0.0,0.0,,,,,,,,,,,,,,0.174,0.0151,0.1742,0.0002,-0.1589,0.1591,,,,0.15,,,,,0,0,0,0,0,0,,,,,,,3000,5000,3000,5000,5000,5000,5000,-8.43,0.0,-15.79,-7.81,-38.98,-13.89,0.0,0,0,2,0,0,0.015,0.021,0.011,0.0,0.005,0.001,0.01237,0.01746,0.01005,0.00033,0.00605,0.00134,0,0,0,100,100,100,0,0,0,100,100,100,0,0,0,100,100,100,2019-10-08,2019-06-14,2019-05-07,2019-09-23,2019-05-30,2019-04-18,,,,,,,,,,,,,,,,,,,0.01567,0.019,0.01767,0.002,0.007,33.33867,0,0,0,0,0,0,0,0,0,0,0,0,0,0,0,0,0,0,1,0,1,0,0,0,0,0,0,0,0,0,0,0,0,0,0,0,0,0,0,0,1,0,0,0,0,0,0,0,0,0,0,0,0,0,0,0,0,1,1,1,1,1,1,0,0,0,0,0,0,1,1,1,1,1,1,0,0,0,0,0,0,0,0,0,1,1,1,1,1,1,0,0,0,0,0,0,1,1,1,1,1,1,0,1,1,0,0,1,0,1,1,1,1,1,,,Life.BullStart,Life.BullRetrace,Life.BullStart,Life.BullRetrace,Life.BullEnd
2020-07-13,TOPVISN,0.5463,0.5463,0.5463,0.5463,0.5463,0,0.0,0,0.5463,0.5463,0.0,0.0,-0.0,,,-0.0,-0.0,-0.0,-0.0,0.5463,0.54628,0.54482,0.52906,0.54699,,,,,,,,,,,,,,,,,,,,,,0.0,0.0,0.0,0.0,,,,,,,,,,,,,,0.1722,0.0148,0.1724,0.0002,-0.1574,0.1576,,,,0.15,,,,,0,0,0,0,0,0,,,,,,,3000,5000,3000,5000,5000,5000,5000,-8.43,0.0,-15.79,-7.81,-38.98,-13.89,0.0,0,0,2,0,0,0.015,0.021,0.011,0.0,0.005,0.001,0.01237,0.01746,0.01005,0.00033,0.00605,0.00134,0,0,0,100,100,100,0,0,0,100,100,100,0,0,0,100,100,100,2019-10-08,2019-06-14,2019-05-07,2019-09-23,2019-05-30,2019-04-18,,,,,,,,,,,,,,,,,,,0.01567,0.019,0.01767,0.002,0.007,33.33867,0,0,0,0,0,0,0,0,0,0,0,0,0,0,0,0,0,0,1,0,1,0,0,0,0,0,0,0,0,0,0,0,0,0,0,0,0,0,0,0,1,0,0,0,0,0,0,0,0,0,0,0,0,0,0,0,0,1,1,1,1,1,1,0,0,0,0,0,0,1,1,1,1,1,1,0,0,0,0,0,0,0,0,0,1,1,1,1,1,1,0,0,0,0,0,0,1,1,1,1,1,1,0,1,1,0,0,1,0,1,1,1,1,1,,,Life.BullStart,Life.BullRetrace,Life.BullStart,Life.BullRetrace,Life.BullEnd
2020-07-14,TOPVISN,0.5463,0.5463,0.5463,0.5463,0.5463,0,0.0,0,0.5463,0.5463,0.0,0.0,-0.0,,,-0.0,-0.0,-0.0,-0.0,0.5463,0.54628,0.54485,0.52923,0.54837,,,,,,,,,,,,,,,,,,,,,,0.0,0.0,0.0,0.0,,,,,,,,,,,,,,0.1705,0.0145,0.1707,0.0002,-0.156,0.1562,,,,0.15,,,,,0,0,0,0,0,0,,,,,,,3000,5000,3000,5000,5000,5000,5000,-8.43,0.0,-15.79,-7.81,-38.98,-13.89,0.0,0,0,2,0,0,0.015,0.021,0.011,0.0,0.005,0.001,0.01237,0.01746,0.01005,0.00033,0.00605,0.00134,0,0,0,100,100,100,0,0,0,100,100,100,0,0,0,100,100,100,2019-10-08,2019-06-14,2019-05-07,2019-09-23,2019-05-30,2019-04-18,,,,,,,,,,,,,,,,,,,0.01567,0.019,0.01767,0.002,0.007,33.33867,0,0,0,0,0,0,0,0,0,0,0,0,0,0,0,0,0,0,1,0,1,0,0,0,0,0,0,0,0,0,0,0,0,0,0,0,0,0,0,0,1,0,0,0,0,0,0,0,0,0,0,0,0,0,0,0,0,1,1,1,1,1,1,0,0,0,0,0,0,1,1,1,1,1,1,0,0,0,0,0,0,0,0,0,1,1,1,1,1,1,0,0,0,0,0,0,1,1,1,1,1,1,0,1,1,0,0,1,0,1,1,1,1,1,,,Life.BullStart,Life.BullRetrace,Life.BullStart,Life.BullRetrace,Life.BullEnd
2020-07-15,TOPVISN,0.5463,0.5463,0.5463,0.5463,0.5463,0,0.0,0,0.5463,0.5463,0.0,0.0,-0.0,,,-0.0,-0.0,-0.0,-0.0,0.5463,0.54628,0.54488,0.5294,0.55129,,,,,,,,,,,,,,,,,,,,,,0.0,0.0,0.0,0.0,,,,,,,,,,,,,,0.1688,0.0142,0.169,0.0002,-0.1546,0.1548,,,,0.15,,,,,0,0,0,0,0,0,,,,,,,3000,5000,3000,5000,5000,5000,5000,-8.43,0.0,-15.79,-7.81,-38.98,-13.89,0.0,0,0,2,0,0,0.015,0.021,0.011,0.0,0.005,0.001,0.01237,0.01746,0.01005,0.00033,0.00605,0.00134,0,0,0,100,100,100,0,0,0,100,100,100,0,0,0,100,100,100,2019-10-08,2019-06-14,2019-05-07,2019-09-23,2019-05-30,2019-04-18,,,,,,,,,,,,,,,,,,,0.01567,0.019,0.01767,0.002,0.007,33.33867,0,0,0,0,0,0,0,0,0,0,0,0,0,0,0,0,0,0,1,0,1,0,0,0,0,0,0,0,0,0,0,0,0,0,0,0,0,0,0,0,1,0,0,0,0,0,0,0,0,0,0,0,0,0,0,0,0,1,1,1,1,1,1,0,0,0,0,0,0,1,1,1,1,1,1,0,0,0,0,0,0,0,0,0,1,1,1,1,1,1,0,0,0,0,0,0,1,1,1,1,1,1,0,1,1,0,0,1,0,1,1,1,1,1,,,Life.BullStart,Life.BullRetrace,Life.BullStart,Life.BullRetrace,Life.BullEnd
2020-07-16,TOPVISN,0.5463,0.5463,0.5463,0.5463,0.5463,0,0.0,0,0.5463,0.5463,0.0,0.0,-0.0,,,-0.0,-0.0,-0.0,-0.0,0.5463,0.54628,0.54491,0.52957,0.55633,,,,,,,,,,,,,,,,,,,,,,0.0,0.0,0.0,0.0,,,,,,,,,,,,,,0.1671,0.0139,0.1673,0.0002,-0.1532,0.1534,,,,0.15,,,,,0,0,0,0,0,0,,,,,,,3000,5000,3000,5000,5000,5000,5000,-8.43,0.0,-15.79,-7.81,-38.98,-13.89,0.0,0,0,2,0,0,0.015,0.021,0.011,0.0,0.005,0.001,0.01237,0.01746,0.01005,0.00033,0.00605,0.00134,0,0,0,100,100,100,0,0,0,100,100,100,0,0,0,100,100,100,2019-10-08,2019-06-14,2019-05-07,2019-09-23,2019-05-30,2019-04-18,,,,,,,,,,,,,,,,,,,0.01567,0.019,0.01767,0.002,0.007,33.33867,0,0,0,0,0,0,0,0,0,0,0,0,0,0,0,0,0,0,1,0,1,0,0,0,0,0,0,0,0,0,0,0,0,0,0,0,0,0,0,0,1,0,0,0,0,0,0,0,0,0,0,0,0,0,0,0,0,1,1,1,1,1,1,0,0,0,0,0,0,1,1,1,1,1,1,0,0,0,0,0,0,0,0,0,1,1,1,1,1,1,0,0,0,0,0,0,1,1,1,1,1,1,0,1,1,0,0,1,0,1,1,1,1,1,,,Life.BullStart,Life.BullRetrace,Life.BullStart,Life.BullRetrace,Life.BullEnd
2020-07-17,TOPVISN,0.5463,0.5463,0.5463,0.5463,0.5463,0,0.0,0,0.5463,0.5463,0.0,0.0,-0.0,,,-0.0,-0.0,-0.0,-0.0,0.5463,0.54628,0.54493,0.52973,0.56395,,,,,,,,,,,,,,,,,,,,,,0.0,0.0,0.0,0.0,,,,,,,,,,,,,,0.1655,0.0137,0.1657,0.0002,-0.1518,0.152,,,,0.15,,,,,0,0,0,0,0,0,,,,,,,3000,5000,3000,5000,5000,5000,5000,-8.43,0.0,-15.79,-7.81,-38.98,-13.89,0.0,0,0,2,0,0,0.015,0.021,0.011,0.0,0.005,0.001,0.01237,0.01746,0.01005,0.00033,0.00605,0.00134,0,0,0,100,100,100,0,0,0,100,100,100,0,0,0,100,100,100,2019-10-08,2019-06-14,2019-05-07,2019-09-23,2019-05-30,2019-04-18,,,,,,,,,,,,,,,,,,,0.01567,0.019,0.01767,0.002,0.007,33.33867,0,0,0,0,0,0,0,0,0,0,0,0,0,0,0,0,0,0,1,0,1,0,0,0,0,0,0,0,0,0,0,0,0,0,0,0,0,0,0,0,1,0,0,0,0,0,0,0,0,0,0,0,0,0,0,0,0,1,1,1,1,1,1,0,0,0,0,0,0,1,1,1,1,1,1,0,0,0,0,0,0,0,0,0,1,1,1,1,1,1,0,0,0,0,0,0,1,1,1,1,1,1,0,1,1,0,0,1,0,1,1,1,1,1,,,Life.BullStart,Life.BullRetrace,Life.BullStart,Life.BullRetrace,Life.BullEnd
2020-07-20,TOPVISN,0.5463,0.5463,0.5463,0.5463,0.5463,0,0.0,0,0.5463,0.5463,0.0,0.0,-0.0,0.0,,-0.0,-0.0,-0.0,-0.0,0.5463,0.54628,0.54496,0.5299,0.57442,,,,,,,,,,,,,,,,,,,,,,0.0,0.0,0.0,0.0,,,,,,,,,,,,,,0.1638,0.0134,0.164,0.0002,-0.1504,0.1506,,,,0.15,,,,,0,0,0,0,0,0,,,,,,,3000,5000,3000,5000,5000,5000,5000,-8.43,0.0,-15.79,-7.81,-38.98,-13.89,0.0,0,0,2,0,0,0.015,0.021,0.011,0.0,0.0,0.005,0.01237,0.01746,0.01005,0.0,0.00033,0.00605,0,0,0,100,100,100,0,0,0,100,100,100,0,0,0,100,100,100,2019-10-08,2019-06-14,2019-05-07,2020-07-20,2019-09-23,2019-05-30,,,,,,,,,,,,,,,,,,,0.01567,0.019,0.01767,0.00167,0.002,0.007,0,0,0,0,0,0,0,0,0,0,0,0,0,0,0,0,0,0,1,0,1,0,0,0,0,0,0,0,0,0,0,0,0,0,0,0,0,0,0,0,1,0,0,0,0,0,0,0,0,0,0,0,0,0,0,0,0,1,1,1,1,1,1,0,0,0,0,0,0,1,1,1,1,1,1,0,0,0,0,0,0,0,0,0,1,1,1,1,1,1,0,0,0,0,0,0,1,1,1,1,1,1,0,1,1,0,0,1,0,1,1,1,1,1,,,Life.BullStart,Life.BullRetrace,Life.BullStart,Life.BullRetrace,Life.BullEnd
2020-07-21,TOPVISN,0.5761,0.5761,0.5761,0.5761,0.5761,1000,0.0,0,0.55088,0.54851,0.00238,0.00048,0.0019,,,0.00038,0.00019,0.00013,0.0001,0.54859,0.54745,0.54558,0.53036,0.58755,,,,,,,,,,,,,,,,,,,,,,0.0298,0.0,0.00213,0.0,,,,,,100.0,,,,,,,,0.1709,0.0301,0.1823,0.0114,-0.1408,0.1522,0.15,,,,,,,,0,0,0,0,0,0,,,,,,,5000,3000,5000,5000,5000,5000,1000,0.0,-15.79,-7.81,-38.98,-13.89,0.0,-6.45,1,2,0,0,0,0.015,0.021,0.011,0.0,0.0,0.005,0.01237,0.01746,0.01005,0.0,0.00033,0.00605,0,0,0,100,100,100,0,0,0,100,100,100,0,0,0,100,100,100,2019-10-08,2019-06-14,2019-05-07,2020-07-20,2019-09-23,2019-05-30,,,,,,,,,,,,,,,,,,,0.01567,0.019,0.01767,0.00167,0.002,0.007,0,0,0,0,0,0,0,0,0,0,0,0,0,0,0,0,0,0,1,0,1,0,0,0,0,0,0,0,0,0,0,0,0,0,0,0,0,0,0,0,1,0,0,0,0,0,0,0,0,0,0,0,0,0,0,0,0,1,1,1,1,1,1,0,0,0,0,0,0,1,1,1,1,1,1,0,0,0,0,0,0,0,0,0,1,1,1,1,1,1,0,0,0,0,0,0,1,1,1,1,1,1,0,1,1,0,0,1,0,1,1,1,1,1,,,Life.BullRetrace,Life.BullStart,Life.BullRetrace,Life.BullEnd,Life.BullStart
2020-07-22,TOPVISN,0.5761,0.5761,0.5761,0.5761,0.5761,0,0.0,0,0.55476,0.55055,0.00421,0.00122,0.00299,,,0.00098,0.00049,0.00033,0.00024,0.55071,0.54858,0.54618,0.53081,0.60301,,,,,,,,,,,,,,,,,,,,,,0.0,0.0,0.00213,0.0,,,,,,100.0,,,,,,,,0.1777,0.0453,0.199,0.0213,-0.1324,0.1537,,0.15,,,,,,,0,0,0,0,0,0,,,,,,,5000,3000,5000,5000,5000,5000,1000,0.0,-15.79,-7.81,-38.98,-13.89,0.0,-6.45,1,1,0,0,0,0.015,0.021,0.011,0.0,0.0,0.005,0.01237,0.01746,0.01005,0.0,0.00033,0.00605,0,0,0,100,100,100,0,0,0,100,100,100,0,0,0,100,100,100,2019-10-08,2019-06-14,2019-05-07,2020-07-20,2019-09-23,2019-05-30,,,,,,,,,,,,,,,,,,,0.01567,0.019,0.01767,0.00167,0.002,0.007,0,0,0,0,0,0,0,0,0,0,0,0,0,0,0,0,0,0,1,0,1,0,0,0,0,0,0,0,0,0,0,0,0,0,0,0,0,0,0,0,1,0,0,0,0,0,0,0,0,0,0,0,0,0,0,0,0,1,1,1,1,1,1,0,0,0,0,0,0,1,1,1,1,1,1,0,0,0,0,0,0,0,0,0,1,1,1,1,1,1,0,0,0,0,0,0,1,1,1,1,1,1,0,1,1,0,0,1,0,1,1,1,1,1,,,Life.BullStart,Life.BullRetrace,Life.BullEnd,Life.BullStart,Life.Bull
2020-07-23,TOPVISN,0.6258,0.6258,0.6258,0.6258,0.6258,2000,0.0,0,0.56569,0.55613,0.00957,0.00289,0.00668,,,0.00231,0.00116,0.00077,0.00058,0.55648,0.5516,0.54776,0.53176,0.62032,,,,,,,,,,,,,,,,,,,,,,0.0497,0.0,0.00568,0.0,,,,,,100.0,100.0,,,100.0,,,,0.1984,0.0872,0.2472,0.0488,-0.1112,0.16,,0.15,,,,,,,0,0,0,0,0,0,,,,,,,3000,5000,5000,5000,5000,1000,2000,-15.79,-7.81,-38.98,-13.89,0.0,-6.45,-10.34,1,1,0,0,0,0.015,0.021,0.011,0.0,0.0,0.005,0.01237,0.01746,0.01005,0.0,0.00033,0.00605,0,0,0,100,100,100,0,0,0,100,100,100,0,0,0,100,100,100,2019-10-08,2019-06-14,2019-05-07,2020-07-20,2019-09-23,2019-05-30,,,,,,,,,,,,,,,,,,,0.01567,0.019,0.01767,0.00167,0.002,0.007,0,0,0,0,0,0,0,0,0,0,0,0,0,0,0,0,0,0,1,0,1,0,0,0,0,0,0,0,0,0,0,0,0,0,0,0,0,0,0,0,1,0,0,0,0,0,0,0,0,0,0,0,0,0,0,0,0,1,1,1,1,1,1,0,0,0,0,0,0,1,1,1,1,1,1,0,0,0,0,0,0,0,0,0,1,1,1,1,1,1,0,0,0,0,0,0,1,1,1,1,1,1,0,1,1,0,0,1,0,1,1,1,1,1,,,Life.BullStart,Life.BullRetrace,Life.BullEnd,Life.BullStart,Life.Bull
2020-07-24,TOPVISN,0.6556,0.6556,0.6556,0.6556,0.6556,1000,0.0,0,0.57952,0.56349,0.01603,0.00552,0.01051,,,0.00442,0.00221,0.00147,0.0011,0.56411,0.55568,0.54989,0.53299,0.63875,,,,,,,,,,,,,,,,,,,,,,0.0298,0.0,0.00781,0.0,,,,,,100.0,100.0,,,100.0,,,,0.2269,0.1422,0.3112,0.0843,-0.0847,0.169,,0.15,,,,,,,0,0,0,0,0,0,,,,,,,5000,5000,5000,5000,1000,2000,1000,-7.81,-38.98,-13.89,0.0,-6.45,-10.34,-7.69,1,1,0,0,0,0.015,0.021,0.011,0.0,0.0,0.005,0.01237,0.01746,0.01005,0.0,0.00033,0.00605,0,0,0,100,100,100,0,0,0,100,100,100,0,0,0,100,100,100,2019-10-08,2019-06-14,2019-05-07,2020-07-20,2019-09-23,2019-05-30,,,,,,,,,,,,,,,,,,,0.01567,0.019,0.01767,0.00167,0.002,0.007,0,0,0,0,0,0,0,0,0,0,0,0,0,0,0,0,0,0,1,0,1,0,0,0,0,0,0,0,0,0,0,0,0,0,0,0,0,0,0,0,1,0,0,0,0,0,0,0,0,0,0,0,0,0,0,0,0,1,1,1,1,1,1,0,0,0,0,0,0,1,1,1,1,1,1,0,0,0,0,0,0,0,0,0,1,1,1,1,1,1,0,0,0,0,0,0,1,1,1,1,1,1,0,1,1,0,0,1,0,1,1,1,1,1,,,Life.BullStart,Life.BullRetrace,Life.BullEnd,Life.BullStart,Life.Bull
2020-07-27,TOPVISN,0.6556,0.6556,0.6556,0.6556,0.6556,0,0.0,0,0.59123,0.57032,0.02091,0.0086,0.01231,,,0.00688,0.00344,0.00229,0.00172,0.57115,0.5596,0.55199,0.53421,0.65738,,,,,,,,,,,,,,,,,,,,,,0.0,0.0,0.00781,0.0,,,,,,100.0,100.0,,,100.0,100.0,,,0.2539,0.1916,0.3694,0.1155,-0.0623,0.1778,,0.15,,,,,,,0,0,0,0,0,0,,,,,,,5000,5000,5000,5000,1000,2000,1000,-7.81,-38.98,-13.89,0.0,-6.45,-10.34,-7.69,1,1,0,0,0,0.015,0.021,0.011,0.0,0.0,0.005,0.01237,0.01746,0.01005,0.0,0.00033,0.00605,0,0,0,100,100,100,0,0,0,100,100,100,0,0,0,100,100,100,2019-10-08,2019-06-14,2019-05-07,2020-07-20,2019-09-23,2019-05-30,,,,,,,,,,,,,,,,,,,0.01567,0.019,0.01767,0.00167,0.002,0.007,0,0,0,0,0,0,0,0,0,0,0,0,0,0,0,0,0,0,1,0,1,0,0,0,0,0,0,0,0,0,0,0,0,0,0,0,0,0,0,0,1,0,0,0,0,0,0,0,0,0,0,0,0,0,0,0,0,1,1,1,1,1,1,0,0,0,0,0,0,1,1,1,1,1,1,0,0,0,0,0,0,0,0,0,1,1,1,1,1,1,0,0,0,0,0,0,1,1,1,1,1,1,0,1,1,0,0,1,0,1,1,1,1,1,,,Life.BullStart,Life.BullRetrace,Life.BullEnd,Life.BullStart,Life.Bull
2020-07-28,TOPVISN,0.6755,0.6953,0.6755,0.6953,0.6953,3000,0.0,0,0.60724,0.57957,0.02766,0.01241,0.01525,,,0.00955,0.00496,0.00331,0.00248,0.5807,0.56492,0.55483,0.53581,0.67526,,,,,,,,,,,,,,,,,,,,,,0.0397,0.0,0.01064,0.0,,,,,,100.0,100.0,,,100.0,100.0,,,0.2911,0.2587,0.4489,0.1578,-0.0324,0.1902,,0.15,,,,,,,0,0,0,0,0,0,,,,,,,5000,5000,5000,1000,2000,1000,3000,-38.98,-13.89,0.0,-6.45,-10.34,-7.69,-8.33,1,1,0,0,0,0.015,0.021,0.011,0.0,0.0,0.005,0.01237,0.01746,0.01005,0.0,0.00033,0.00605,0,0,0,100,100,100,0,0,0,100,100,100,0,0,0,100,100,100,2019-10-08,2019-06-14,2019-05-07,2020-07-20,2019-09-23,2019-05-30,,,,,,,,,,,,,,,,,,,0.01567,0.019,0.01767,0.00167,0.002,0.007,0,0,0,0,0,0,0,0,0,0,0,0,0,0,0,0,0,0,1,0,1,0,0,0,0,0,0,0,0,0,0,0,0,0,0,0,0,0,0,0,1,0,0,0,0,0,0,0,0,0,0,0,0,0,0,0,0,1,1,1,1,1,1,0,0,0,0,0,0,1,1,1,1,1,1,0,0,0,0,0,0,0,0,0,1,1,1,1,1,1,0,0,0,0,0,0,1,1,1,1,1,1,0,1,1,0,0,1,0,1,1,1,1,1,,,Life.BullStart,Life.BullRetrace,Life.BullEnd,Life.BullStart,Life.Bull
2020-07-29,TOPVISN,0.6953,0.6953,0.6953,0.6953,0.6953,0,0.0,0,0.62079,0.58815,0.03264,0.01646,0.01618,,,0.01219,0.00658,0.00439,0.00329,0.58951,0.57004,0.55761,0.5374,0.69157,,,,,,,,,,,,,,,,,,,,,,0.0,0.0,0.01064,0.0,,,,,,100.0,100.0,,,100.0,100.0,,,0.3264,0.319,0.5211,0.1947,-0.0074,0.2021,,0.15,,,,,,,0,0,0,0,0,0,,,,,,,5000,5000,5000,1000,2000,1000,3000,-38.98,-13.89,0.0,-6.45,-10.34,-7.69,-8.33,1,1,0,0,0,0.015,0.021,0.011,0.0,0.0,0.005,0.01237,0.01746,0.01005,0.0,0.00033,0.00605,0,0,0,100,100,100,0,0,0,100,100,100,0,0,0,100,100,100,2019-10-08,2019-06-14,2019-05-07,2020-07-20,2019-09-23,2019-05-30,,,,,,,,,,,,,,,,,,,0.01567,0.019,0.01767,0.00167,0.002,0.007,0,0,0,0,0,0,0,0,0,0,0,0,0,0,0,0,0,0,1,0,1,0,0,0,0,0,0,0,0,0,0,0,0,0,0,0,0,0,0,0,1,0,0,0,0,0,0,0,0,0,0,0,0,0,0,0,0,1,1,1,1,1,1,0,0,0,0,0,0,1,1,1,1,1,1,0,0,0,0,0,0,0,0,0,1,1,1,1,1,1,0,0,0,0,0,0,1,1,1,1,1,1,0,1,1,0,0,1,0,1,1,1,1,1,,,Life.BullStart,Life.BullRetrace,Life.BullEnd,Life.BullStart,Life.Bull
2020-07-30,TOPVISN,0.6953,0.6953,0.6953,0.6953,0.6953,0,0.0,0,0.63225,0.59608,0.03617,0.0204,0.01577,,,0.01401,0.00816,0.00544,0.00408,0.59765,0.57495,0.56033,0.53897,0.7057,,,,,,,,,,,,,,,,,,,,,,0.0,0.0,0.01064,0.0,,,,,,100.0,100.0,,,100.0,100.0,,,0.3598,0.3732,0.5868,0.227,0.0134,0.2136,,0.15,,,,,,,0,0,0,0,0,0,,,,,,,5000,5000,5000,1000,2000,1000,3000,-38.98,-13.89,0.0,-6.45,-10.34,-7.69,-8.33,1,1,0,0,0,0.015,0.021,0.011,0.0,0.0,0.005,0.01237,0.01746,0.01005,0.0,0.00033,0.00605,0,0,0,100,100,100,0,0,0,100,100,100,0,0,0,100,100,100,2019-10-08,2019-06-14,2019-05-07,2020-07-20,2019-09-23,2019-05-30,,,,,,,,,,,,,,,,,,,0.01567,0.019,0.01767,0.00167,0.002,0.007,0,0,0,0,0,0,0,0,0,0,0,0,0,0,0,0,0,0,1,0,1,0,0,0,0,0,0,0,0,0,0,0,0,0,0,0,0,0,0,0,1,0,0,0,0,0,0,0,0,0,0,0,0,0,0,0,0,1,1,1,1,1,1,0,0,0,0,0,0,1,1,1,1,1,1,0,0,0,0,0,0,0,0,0,1,1,1,1,1,1,0,0,0,0,0,0,1,1,1,1,1,1,0,1,1,0,0,1,0,1,1,1,1,1,,,Life.BullStart,Life.BullRetrace,Life.BullEnd,Life.BullStart,Life.Bull
2020-08-03,TOPVISN,0.745,0.745,0.745,0.745,0.745,1000,0.0,0,0.6496,0.60711,0.04248,0.02482,0.01767,,,0.01544,0.00993,0.00662,0.00496,0.60898,0.58162,0.56399,0.54102,0.7174,,,,,,,,,,,,,,,,,,,,,,0.0497,0.0,0.01419,0.0,,,,,,100.0,100.0,,,100.0,100.0,,,0.406,0.4499,0.6796,0.2736,0.0439,0.2297,,0.15,,,,,,,0,0,0,0,0,0,,,,,,,5000,5000,1000,2000,1000,3000,1000,-13.89,0.0,-6.45,-10.34,-7.69,-8.33,-18.18,1,1,0,0,0,0.015,0.021,0.011,0.0,0.0,0.005,0.01237,0.01746,0.01005,0.0,0.00033,0.00605,0,0,0,100,100,100,0,0,0,100,100,100,0,0,0,100,100,100,2019-10-08,2019-06-14,2019-05-07,2020-07-20,2019-09-23,2019-05-30,,,,,,,,,,,,,,,,,,,0.01567,0.019,0.01767,0.00167,0.002,0.007,0,0,0,0,0,0,0,0,0,0,0,0,0,0,0,0,0,0,1,0,1,0,0,0,0,0,0,0,0,0,0,0,0,0,0,0,0,0,0,0,1,0,0,0,0,0,0,0,0,0,0,0,0,0,0,0,0,1,1,1,1,1,1,0,0,0,0,0,0,1,1,1,1,1,1,0,0,0,0,0,0,0,0,0,1,1,1,1,1,1,0,0,0,0,0,0,1,1,1,1,1,1,0,1,1,0,0,1,0,1,1,1,1,1,,,Life.BullStart,Life.BullRetrace,Life.BullEnd,Life.BullStart,Life.Bull
2020-08-04,TOPVISN,0.745,0.745,0.745,0.745,0.745,0,0.0,0,0.66427,0.61733,0.04695,0.02924,0.0177,,,0.01651,0.0117,0.0078,0.00585,0.61945,0.58802,0.56758,0.54305,0.72664,,,,,,,,,,,,,,,,,,,,,,0.0,0.0,0.01419,0.0,,,,,,100.0,100.0,,,100.0,100.0,,,0.4497,0.5187,0.764,0.3143,0.069,0.2453,,0.15,,,,,,,0,0,0,0,0,0,,,,,,,5000,5000,1000,2000,1000,3000,1000,-13.89,0.0,-6.45,-10.34,-7.69,-8.33,-18.18,1,1,0,0,0,0.015,0.021,0.011,0.0,0.0,0.005,0.01237,0.01746,0.01005,0.0,0.00033,0.00605,0,0,0,100,100,100,0,0,0,100,100,100,0,0,0,100,100,100,2019-10-08,2019-06-14,2019-05-07,2020-07-20,2019-09-23,2019-05-30,,,,,,,,,,,,,,,,,,,0.01567,0.019,0.01767,0.00167,0.002,0.007,0,0,0,0,0,0,0,0,0,0,0,0,0,0,0,0,0,0,1,0,1,0,0,0,0,0,0,0,0,0,0,0,0,0,0,0,0,0,0,0,1,0,0,0,0,0,0,0,0,0,0,0,0,0,0,0,0,1,1,1,1,1,1,0,0,0,0,0,0,1,1,1,1,1,1,0,0,0,0,0,0,0,0,0,1,1,1,1,1,1,0,0,0,0,0,0,1,1,1,1,1,1,0,1,1,0,0,1,0,1,1,1,1,1,,,Life.BullStart,Life.BullRetrace,Life.BullEnd,Life.BullStart,Life.Bull
2020-08-05,TOPVISN,0.745,0.745,0.745,0.745,0.745,0,0.0,0,0.67669,0.62679,0.04991,0.03337,0.01653,,,0.01677,0.01316,0.0089,0.00667,0.62911,0.59418,0.57109,0.54506,0.73362,,,,,,,,,,,,,,,,,,,,,,0.0,0.0,0.01419,0.0,,,,,,100.0,100.0,,,100.0,100.0,,,0.4912,0.5802,0.8405,0.3493,0.089,0.2603,,0.15,,,,,,,0,0,0,0,0,0,,,,,,,5000,5000,1000,2000,1000,3000,1000,-13.89,0.0,-6.45,-10.34,-7.69,-8.33,-18.18,1,1,0,0,0,0.015,0.021,0.011,0.0,0.0,0.005,0.01237,0.01746,0.01005,0.0,0.00033,0.00605,0,0,0,100,100,100,0,0,0,100,100,100,0,0,0,100,100,100,2019-10-08,2019-06-14,2019-05-07,2020-07-20,2019-09-23,2019-05-30,,,,,,,,,,,,,,,,,,,0.01567,0.019,0.01767,0.00167,0.002,0.007,0,0,0,0,0,0,0,0,0,0,0,0,0,0,0,0,0,0,1,0,1,0,0,0,0,0,0,0,0,0,0,0,0,0,0,0,0,0,0,0,1,0,0,0,0,0,0,0,0,0,0,0,0,0,0,0,0,1,1,1,1,1,1,0,0,0,0,0,0,1,1,1,1,1,1,0,0,0,0,0,0,0,0,0,1,1,1,1,1,1,0,0,0,0,0,0,1,1,1,1,1,1,0,1,1,0,0,1,0,1,1,1,1,1,,,Life.BullStart,Life.BullRetrace,Life.BullEnd,Life.BullStart,Life.Bull
2020-08-06,TOPVISN,0.745,0.745,0.745,0.745,0.745,0,0.0,0,0.6872,0.63554,0.05166,0.03703,0.01463,,,0.01646,0.01432,0.00988,0.00741,0.63802,0.60009,0.57453,0.54705,0.73864,,,,,,,,,,,,,,,,,,,,,,0.0,0.0,0.01419,0.0,,,,,,100.0,100.0,,,100.0,100.0,,,0.5304,0.6349,0.9097,0.3793,0.1045,0.2748,0.15,,,,,,,,0,0,0,0,0,0,,,,,,,5000,5000,1000,2000,1000,3000,1000,-13.89,0.0,-6.45,-10.34,-7.69,-8.33,-18.18,0,1,0,0,0,0.015,0.021,0.011,0.0,0.0,0.005,0.01237,0.01746,0.01005,0.0,0.00033,0.00605,0,0,0,100,100,100,0,0,0,100,100,100,0,0,0,100,100,100,2019-10-08,2019-06-14,2019-05-07,2020-07-20,2019-09-23,2019-05-30,,,,,,,,,,,,,,,,,,,0.01567,0.019,0.01767,0.00167,0.002,0.007,0,0,0,0,0,0,0,0,0,0,0,0,0,0,0,0,0,0,1,0,1,0,0,0,0,0,0,0,0,0,0,0,0,0,0,0,0,0,0,0,1,0,0,0,0,0,0,0,0,0,0,0,0,0,0,0,0,1,1,1,1,1,1,0,0,0,0,0,0,1,1,1,1,1,1,0,0,0,0,0,0,0,0,0,1,1,1,1,1,1,0,0,0,0,0,0,1,1,1,1,1,1,0,1,1,0,0,1,0,1,1,1,1,1,,,Life.BullRetrace,Life.BullEnd,Life.BullStart,Life.Bull,Life.BullStart
2020-08-07,TOPVISN,0.745,0.745,0.745,0.745,0.745,0,0.0,0,0.69609,0.64365,0.05244,0.04011,0.01233,,,0.01577,0.01489,0.0107,0.00802,0.64625,0.60578,0.57791,0.54902,0.74194,,,,,,,,,,,,,,,,,,,,,,0.0,0.0,0.01419,0.0,,,,,,100.0,100.0,,,,,,,0.5676,0.6834,0.9723,0.4047,0.1158,0.2889,0.15,,,,,,,,0,0,0,0,0,0,,,,,,,5000,5000,1000,2000,1000,3000,1000,-13.89,0.0,-6.45,-10.34,-7.69,-8.33,-18.18,0,1,0,0,0,0.015,0.021,0.011,0.0,0.0,0.005,0.01237,0.01746,0.01005,0.0,0.00033,0.00605,0,0,0,100,100,100,0,0,0,100,100,100,0,0,0,100,100,100,2019-10-08,2019-06-14,2019-05-07,2020-07-20,2019-09-23,2019-05-30,,,,,,,,,,,,,,,,,,,0.01567,0.019,0.01767,0.00167,0.002,0.007,0,0,0,0,0,0,0,0,0,0,0,0,0,0,0,0,0,0,1,0,1,0,0,0,0,0,0,0,0,0,0,0,0,0,0,0,0,0,0,0,1,0,0,0,0,0,0,0,0,0,0,0,0,0,0,0,0,1,1,1,1,1,1,0,0,0,0,0,0,1,1,1,1,1,1,0,0,0,0,0,0,0,0,0,1,1,1,1,1,1,0,0,0,0,0,0,1,1,1,1,1,1,0,1,1,0,0,1,0,1,1,1,1,1,,-0.005,Life.BullRetrace,Life.BullEnd,Life.BullStart,Life.Bull,Life.BullStart
2020-08-10,TOPVISN,0.745,0.745,0.745,0.745,0.745,0,0.0,0,0.70362,0.65116,0.05246,0.04258,0.00988,,,0.01421,0.01483,0.01136,0.00852,0.65385,0.61124,0.58122,0.55097,0.74385,,,,,,,,,,,,,,,,,,,,,,0.0,0.0,0.01419,0.0,,,,,,100.0,100.0,,,,,,,0.6027,0.7263,1.0288,0.4261,0.1236,0.3025,0.15,,,,,,,,0,0,0,0,0,0,,,,,,,5000,5000,1000,2000,1000,3000,1000,-13.89,0.0,-6.45,-10.34,-7.69,-8.33,-18.18,0,1,0,0,0,0.015,0.021,0.011,0.0,0.0,0.005,0.01237,0.01746,0.01005,0.0,0.00033,0.00605,0,0,0,100,100,100,0,0,0,100,100,100,0,0,0,100,100,100,2019-10-08,2019-06-14,2019-05-07,2020-07-20,2019-09-23,2019-05-30,,,,,,,,,,,,,,,,,,,0.01567,0.019,0.01767,0.00167,0.002,0.007,0,0,0,0,0,0,0,0,0,0,0,0,0,0,0,0,0,0,1,0,1,0,0,0,0,0,0,0,0,0,0,0,0,0,0,0,0,0,0,0,1,0,0,0,0,0,0,0,0,0,0,0,0,0,0,0,0,1,1,1,1,1,1,0,0,0,0,0,0,1,1,1,1,1,1,0,0,0,0,0,0,0,0,0,1,1,1,1,1,1,0,0,0,0,0,0,1,1,1,1,1,1,0,1,1,0,0,1,0,1,1,1,1,1,,-0.005,Life.BullRetrace,Life.BullEnd,Life.BullStart,Life.Bull,Life.BullStart
2020-08-11,TOPVISN,0.745,0.745,0.745,0.745,0.745,0,0.0,0,0.70998,0.65811,0.05188,0.04444,0.00743,,0.052,0.01216,0.01434,0.01185,0.00889,0.66086,0.61648,0.58446,0.5529,0.74476,,,,,,,,,,,,,,,,,,,,,,0.0,0.0,0.01206,0.0,,,,,,100.0,100.0,,,,,,,0.6358,0.764,1.0796,0.4438,0.1282,0.3156,0.15,,,,,,,,0,0,0,0,0,0,,,,,,,5000,5000,1000,2000,1000,3000,1000,-13.89,0.0,-6.45,-10.34,-7.69,-8.33,-18.18,0,2,0,0,0,0.052,0.015,0.021,0.0,0.0,0.005,0.04444,0.01237,0.01746,0.0,0.00033,0.00605,0,0,0,100,100,100,0,0,0,100,100,100,0,0,0,100,100,100,2020-08-11,2019-10-08,2019-06-14,2020-07-20,2019-09-23,2019-05-30,,,,,,,,,,,,,,,,,,,0.02933,0.01567,0.019,0.00167,0.002,0.007,0,0,0,0,0,0,0,0,0,0,0,0,0,0,0,0,0,0,0,1,1,0,0,0,0,0,0,0,0,0,0,0,0,0,0,0,0,0,0,1,1,0,0,0,0,0,0,0,0,0,0,0,0,0,0,0,0,1,1,1,1,1,1,0,0,0,0,0,0,1,1,1,1,1,1,0,0,0,0,0,0,0,0,0,1,1,1,1,1,1,0,0,0,0,0,0,1,1,1,1,1,1,0,1,1,0,0,1,0,1,1,1,1,1,,-0.005,Life.BullRetrace,Life.BullEnd,Life.BullStart,Life.Bull,Life.BullStart
2020-08-12,TOPVISN,0.745,0.745,0.745,0.745,0.745,0,0.0,0,0.71537,0.66455,0.05083,0.04572,0.00511,,,0.00988,0.01332,0.01206,0.00914,0.66733,0.62152,0.58764,0.55481,0.745,,,,,,,,,,,,,,,,,,,,,,0.0,0.0,0.01206,0.0,,,,,,100.0,100.0,,,,,,,0.6671,0.7969,1.1252,0.4581,0.1298,0.3283,0.15,,,,,,,,0,0,0,0,0,0,,,,,,,5000,5000,1000,2000,1000,3000,1000,-13.89,0.0,-6.45,-10.34,-7.69,-8.33,-18.18,0,2,0,0,0,0.052,0.015,0.021,0.0,0.0,0.005,0.04444,0.01237,0.01746,0.0,0.00033,0.00605,0,0,0,100,100,100,0,0,0,100,100,100,0,0,0,100,100,100,2020-08-11,2019-10-08,2019-06-14,2020-07-20,2019-09-23,2019-05-30,,,,,,,,,,,,,,,,,,,0.02933,0.01567,0.019,0.00167,0.002,0.007,0,0,0,0,0,0,0,0,0,0,0,0,0,0,0,0,0,0,0,1,1,0,0,0,0,0,0,0,0,0,0,0,0,0,0,0,0,0,0,1,1,0,0,0,0,0,0,0,0,0,0,0,0,0,0,0,0,1,1,1,1,1,1,0,0,0,0,0,0,1,1,1,1,1,1,0,0,0,0,0,0,0,0,0,1,1,1,1,1,1,0,0,0,0,0,0,1,1,1,1,1,1,0,1,1,0,0,1,0,1,1,1,1,1,,-0.005,Life.BullRetrace,Life.BullEnd,Life.BullStart,Life.Bull,Life.BullStart
2020-08-13,TOPVISN,0.745,0.745,0.745,0.745,0.745,0,0.0,0,0.71993,0.6705,0.04942,0.04646,0.00296,,,0.00754,0.012,0.01206,0.00929,0.6733,0.62636,0.59076,0.5567,0.745,,,,,,,,,,,,,,,,,,,,,,0.0,0.0,0.00851,0.0,,,,,,100.0,100.0,,,,,,,0.6966,0.8254,1.166,0.4694,0.1288,0.3406,0.15,,,,,,,,0,0,0,0,0,0,,,,,,,5000,5000,1000,2000,1000,3000,1000,-13.89,0.0,-6.45,-10.34,-7.69,-8.33,-18.18,0,2,0,0,0,0.052,0.015,0.021,0.0,0.0,0.005,0.04444,0.01237,0.01746,0.0,0.00033,0.00605,0,0,0,100,100,100,0,0,0,100,100,100,0,0,0,100,100,100,2020-08-11,2019-10-08,2019-06-14,2020-07-20,2019-09-23,2019-05-30,,,,,,,,,,,,,,,,,,,0.02933,0.01567,0.019,0.00167,0.002,0.007,0,0,0,0,0,0,0,0,0,0,0,0,0,0,0,0,0,0,0,1,1,0,0,0,0,0,0,0,0,0,0,0,0,0,0,0,0,0,0,1,1,0,0,0,0,0,0,0,0,0,0,0,0,0,0,0,0,1,1,1,1,1,1,0,0,0,0,0,0,1,1,1,1,1,1,0,0,0,0,0,0,0,0,0,1,1,1,1,1,1,0,0,0,0,0,0,1,1,1,1,1,1,0,1,1,0,0,1,0,1,1,1,1,1,,-0.005,Life.BullRetrace,Life.BullEnd,Life.BullStart,Life.Bull,Life.BullStart
2020-08-14,TOPVISN,0.745,0.745,0.745,0.745,0.745,0,0.0,0,0.72379,0.67602,0.04776,0.04672,0.00104,,,0.00529,0.01053,0.01169,0.00934,0.67882,0.63102,0.59381,0.55858,0.745,,,,,,,,,,,,,,,,,,,,,,0.0,0.0,0.00639,0.0,,,,,,100.0,100.0,,,,,,,0.7244,0.8501,1.2024,0.478,0.1257,0.3523,0.15,,,,,,,,0,0,0,0,0,0,,,,,,,5000,5000,1000,2000,1000,3000,1000,-13.89,0.0,-6.45,-10.34,-7.69,-8.33,-18.18,0,2,0,0,0,0.052,0.015,0.021,0.0,0.0,0.005,0.04444,0.01237,0.01746,0.0,0.00033,0.00605,0,0,0,100,100,100,0,0,0,100,100,100,0,0,0,100,100,100,2020-08-11,2019-10-08,2019-06-14,2020-07-20,2019-09-23,2019-05-30,,,,,,,,,,,,,,,,,,,0.02933,0.01567,0.019,0.00167,0.002,0.007,0,0,0,0,0,0,0,0,0,0,0,0,0,0,0,0,0,0,0,1,1,0,0,0,0,0,0,0,0,0,0,0,0,0,0,0,0,0,0,1,1,0,0,0,0,0,0,0,0,0,0,0,0,0,0,0,0,1,1,1,1,1,1,0,0,0,0,0,0,1,1,1,1,1,1,0,0,0,0,0,0,0,0,0,1,1,1,1,1,1,0,0,0,0,0,0,1,1,1,1,1,1,0,1,1,0,0,1,0,1,1,1,1,1,,-0.005,Life.BullRetrace,Life.BullEnd,Life.BullStart,Life.Bull,Life.BullStart
2020-08-17,TOPVISN,0.745,0.745,0.745,0.745,0.745,0,0.0,0,0.72705,0.68113,0.04592,0.04656,-0.00064,,,0.00318,0.0087,0.01094,0.00931,0.68391,0.63549,0.5968,0.56043,0.745,,,,,,,,,,,,,,,,,,,,,,0.0,0.0,0.00639,0.0,,,,,,100.0,100.0,,,,,,,0.7506,0.8711,1.2348,0.4842,0.1205,0.3637,0.15,,,,,,,,0,0,0,0,0,0,,,,,,,5000,5000,1000,2000,1000,3000,1000,-13.89,0.0,-6.45,-10.34,-7.69,-8.33,-18.18,0,2,0,0,0,0.052,0.015,0.021,0.0,0.0,0.005,0.04444,0.01237,0.01746,0.0,0.00033,0.00605,0,0,0,100,100,100,0,0,0,100,100,100,0,0,0,100,100,100,2020-08-11,2019-10-08,2019-06-14,2020-07-20,2019-09-23,2019-05-30,,,,,,,,,,,,,,,,,,,0.02933,0.01567,0.019,0.00167,0.002,0.007,0,0,0,0,0,0,0,0,0,0,0,0,0,0,0,0,0,0,0,1,1,0,0,0,0,0,0,0,0,0,0,0,0,0,0,0,0,0,0,1,1,0,0,0,0,0,0,0,0,0,0,0,0,0,0,0,0,1,1,1,1,1,1,0,0,0,0,0,0,1,1,1,1,1,1,0,0,0,0,0,0,0,0,0,1,1,1,1,1,1,0,0,0,0,0,0,1,1,1,1,1,1,0,1,1,0,0,1,0,1,1,1,1,1,,-0.005,Life.BullRetrace,Life.BullEnd,Life.BullStart,Life.Bull,Life.BullStart
2020-08-18,TOPVISN,0.745,0.745,0.745,0.745,0.745,0,0.0,0,0.72981,0.68586,0.04395,0.04604,-0.00209,,,0.00128,0.00672,0.00998,0.00921,0.68861,0.63978,0.59974,0.56227,0.745,,,,,,,,,,,,,,,,,,,,,,0.0,0.0,0.00355,0.0,,,,,,100.0,100.0,,,,,,,0.7751,0.8887,1.2634,0.4883,0.1136,0.3747,0.15,,,,,,,,0,0,0,0,0,0,,,,,,,5000,5000,1000,2000,1000,3000,1000,-13.89,0.0,-6.45,-10.34,-7.69,-8.33,-18.18,0,0,1,0,0,0.052,0.015,0.021,0.0,0.0,0.005,0.04444,0.01237,0.01746,0.0,0.00033,0.00605,0,0,0,100,100,100,0,0,0,100,100,100,0,0,0,100,100,100,2020-08-11,2019-10-08,2019-06-14,2020-07-20,2019-09-23,2019-05-30,,,,,,,,,,,,,,,,,,,0.02933,0.01567,0.019,0.00167,0.002,0.007,0,0,0,0,0,0,0,0,0,0,0,0,0,0,0,0,0,0,0,1,1,0,0,0,0,0,0,0,0,0,0,0,0,0,0,0,0,0,0,1,1,0,0,0,0,0,0,0,0,0,0,0,0,0,0,0,0,1,1,1,1,1,1,0,0,0,0,0,0,1,1,1,1,1,1,0,0,0,0,0,0,0,0,0,1,1,1,1,1,1,0,0,0,0,0,0,1,1,1,1,1,1,0,1,1,0,0,1,0,1,1,1,1,1,,-0.005,Life.BullRetrace,Life.BullEnd,Life.BullStart,Life.Bull,Life.BullStart
2020-08-19,TOPVISN,0.745,0.745,0.745,0.745,0.745,0,0.0,0,0.73215,0.69024,0.0419,0.04521,-0.00331,,,-0.00041,0.00473,0.00875,0.00895,0.69295,0.64391,0.60261,0.56409,0.745,,,,,,,,,,,,,,,,,,,,,,0.0,0.0,0.00355,0.0,,,,,,100.0,100.0,,,,,,,0.7982,0.9034,1.2886,0.4904,0.1052,0.3852,0.15,,,,,,,,0,0,0,0,0,0,,,,,,,5000,5000,1000,2000,1000,3000,1000,-13.89,0.0,-6.45,-10.34,-7.69,-8.33,-18.18,0,0,1,0,0,0.052,0.015,0.021,0.0,0.0,0.005,0.04444,0.01237,0.01746,0.0,0.00033,0.00605,0,0,0,100,100,100,0,0,0,100,100,100,0,0,0,100,100,100,2020-08-11,2019-10-08,2019-06-14,2020-07-20,2019-09-23,2019-05-30,,,,,,,,,,,,,,,,,,,0.02933,0.01567,0.019,0.00167,0.002,0.007,0,0,0,0,0,0,0,0,0,0,0,0,0,0,0,0,0,0,0,1,1,0,0,0,0,0,0,0,0,0,0,0,0,0,0,0,0,0,0,1,1,0,0,0,0,0,0,0,0,0,0,0,0,0,0,0,0,1,1,1,1,1,1,0,0,0,0,0,0,1,1,1,1,1,1,0,0,0,0,0,0,0,0,0,1,1,1,1,1,1,0,0,0,0,0,0,1,1,1,1,1,1,0,1,1,0,0,1,0,1,1,1,1,1,,-0.005,Life.BullRetrace,Life.BullEnd,Life.BullStart,Life.Bull,Life.BullStart
2020-08-21,TOPVISN,0.745,0.745,0.745,0.745,0.745,0,0.0,0,0.73413,0.6943,0.03983,0.04413,-0.00431,,,-0.00186,0.00284,0.00738,0.00858,0.69695,0.64787,0.60543,0.56589,0.745,,,,,,,,,,,,,,,,,,,,,,0.0,0.0,0.00355,0.0,,,,,,,,,,,,,,0.8198,0.9152,1.3106,0.4908,0.0954,0.3954,0.15,,,,,,,,0,0,0,0,0,0,,,,,,,5000,5000,1000,2000,1000,3000,1000,-13.89,0.0,-6.45,-10.34,-7.69,-8.33,-18.18,0,0,1,0,0,0.052,0.015,0.021,0.0,0.0,0.005,0.04444,0.01237,0.01746,0.0,0.00033,0.00605,0,0,0,100,100,100,0,0,0,100,100,100,0,0,0,100,100,100,2020-08-11,2019-10-08,2019-06-14,2020-07-20,2019-09-23,2019-05-30,,,,,,,,,,,,,,,,,,,0.02933,0.01567,0.019,0.00167,0.002,0.007,0,0,0,0,0,0,0,0,0,0,0,0,0,0,0,0,0,0,0,1,1,0,0,0,0,0,0,0,0,0,0,0,0,0,0,0,0,0,0,1,1,0,0,0,0,0,0,0,0,0,0,0,0,0,0,0,0,1,1,1,1,1,1,0,0,0,0,0,0,1,1,1,1,1,1,0,0,0,0,0,0,0,0,0,1,1,1,1,1,1,0,0,0,0,0,0,1,1,1,1,1,1,0,1,1,0,0,1,0,1,1,1,1,1,,-0.005,Life.BullRetrace,Life.BullEnd,Life.BullStart,Life.Bull,Life.BullStart
2020-08-24,TOPVISN,0.745,0.745,0.745,0.745,0.745,0,0.0,0,0.7358,0.69806,0.03774,0.04286,-0.00511,,,-0.00309,0.0011,0.00599,0.00799,0.70065,0.65168,0.6082,0.56767,0.745,,,,,,,,,,,,,,,,,,,,,,0.0,0.0,0.0,0.0,,,,,,,,,,,,,,0.8401,0.9245,1.3298,0.4897,0.0844,0.4053,0.15,,,,,,,,0,0,0,0,0,0,,,,,,,5000,5000,1000,2000,1000,3000,1000,-13.89,0.0,-6.45,-10.34,-7.69,-8.33,-18.18,0,0,1,0,0,0.052,0.015,0.021,0.0,0.0,0.005,0.04444,0.01237,0.01746,0.0,0.00033,0.00605,0,0,0,100,100,100,0,0,0,100,100,100,0,0,0,100,100,100,2020-08-11,2019-10-08,2019-06-14,2020-07-20,2019-09-23,2019-05-30,,,,,,,,,,,,,,,,,,,0.02933,0.01567,0.019,0.00167,0.002,0.007,0,0,0,0,0,0,0,0,0,0,0,0,0,0,0,0,0,0,0,1,1,0,0,0,0,0,0,0,0,0,0,0,0,0,0,0,0,0,0,1,1,0,0,0,0,0,0,0,0,0,0,0,0,0,0,0,0,1,1,1,1,1,1,0,0,0,0,0,0,1,1,1,1,1,1,0,0,0,0,0,0,0,0,0,1,1,1,1,1,1,0,0,0,0,0,0,1,1,1,1,1,1,0,1,1,0,0,1,0,1,1,1,1,1,,-0.005,Life.BullRetrace,Life.BullEnd,Life.BullStart,Life.Bull,Life.BullStart
2020-08-25,TOPVISN,0.745,0.745,0.745,0.745,0.745,0,0.0,0,0.73721,0.70153,0.03568,0.04142,-0.00574,,,-0.00411,-0.00047,0.00443,0.00718,0.70406,0.65534,0.61091,0.56943,0.745,,,,,,,,,,,,,,,,,,,,,,0.0,0.0,0.0,0.0,,,,,,,,,,,,,,0.8591,0.9315,1.3463,0.4872,0.0724,0.4148,0.15,,,,,,,,0,0,0,0,0,0,,,,,,,5000,5000,1000,2000,1000,3000,1000,-13.89,0.0,-6.45,-10.34,-7.69,-8.33,-18.18,0,0,1,0,0,0.052,0.015,0.021,0.0,0.0,0.005,0.04444,0.01237,0.01746,0.0,0.00033,0.00605,0,0,0,100,100,100,0,0,0,100,100,100,0,0,0,100,100,100,2020-08-11,2019-10-08,2019-06-14,2020-07-20,2019-09-23,2019-05-30,,,,,,,,,,,,,,,,,,,0.02933,0.01567,0.019,0.00167,0.002,0.007,0,0,0,0,0,0,0,0,0,0,0,0,0,0,0,0,0,0,0,1,1,0,0,0,0,0,0,0,0,0,0,0,0,0,0,0,0,0,0,1,1,0,0,0,0,0,0,0,0,0,0,0,0,0,0,0,0,1,1,1,1,1,1,0,0,0,0,0,0,1,1,1,1,1,1,0,0,0,0,0,0,0,0,0,1,1,1,1,1,1,0,0,0,0,0,0,1,1,1,1,1,1,0,1,1,0,0,1,0,1,1,1,1,1,,-0.005,Life.BullRetrace,Life.BullEnd,Life.BullStart,Life.Bull,Life.BullStart
2020-08-26,TOPVISN,0.745,0.745,0.745,0.745,0.745,0,0.0,0,0.73841,0.70475,0.03366,0.03987,-0.00621,,,-0.00494,-0.00183,0.00283,0.00625,0.70721,0.65886,0.61356,0.57118,0.745,,,,,,,,,,,,,,,,,,,,,,0.0,0.0,0.0,0.0,,,,,,,,,,,,,,0.8768,0.9365,1.3603,0.4835,0.0597,0.4238,0.15,,,,,,,,0,0,0,0,0,0,,,,,,,5000,5000,1000,2000,1000,3000,1000,-13.89,0.0,-6.45,-10.34,-7.69,-8.33,-18.18,0,0,1,0,0,0.052,0.015,0.021,0.0,0.0,0.005,0.04444,0.01237,0.01746,0.0,0.00033,0.00605,0,0,0,100,100,100,0,0,0,100,100,100,0,0,0,100,100,100,2020-08-11,2019-10-08,2019-06-14,2020-07-20,2019-09-23,2019-05-30,,,,,,,,,,,,,,,,,,,0.02933,0.01567,0.019,0.00167,0.002,0.007,0,0,0,0,0,0,0,0,0,0,0,0,0,0,0,0,0,0,0,1,1,0,0,0,0,0,0,0,0,0,0,0,0,0,0,0,0,0,0,1,1,0,0,0,0,0,0,0,0,0,0,0,0,0,0,0,0,1,1,1,1,1,1,0,0,0,0,0,0,1,1,1,1,1,1,0,0,0,0,0,0,0,0,0,1,1,1,1,1,1,0,0,0,0,0,0,1,1,1,1,1,1,0,1,1,0,0,1,0,1,1,1,1,1,,-0.005,Life.BullRetrace,Life.BullEnd,Life.BullStart,Life.Bull,Life.BullStart
2020-08-27,TOPVISN,0.745,0.745,0.745,0.745,0.745,0,0.0,0,0.73943,0.70773,0.03169,0.03823,-0.00654,,,-0.00558,-0.00299,0.0013,0.00516,0.71012,0.66223,0.61616,0.57291,0.745,,,,,,,,,,,,,,,,,,,,,,0.0,0.0,0.0,0.0,,,,,,,,,,,,,,0.8932,0.9396,1.3721,0.4789,0.0464,0.4325,0.15,,,,,,,,0,0,0,0,0,0,,,,,,,5000,5000,1000,2000,1000,3000,1000,-13.89,0.0,-6.45,-10.34,-7.69,-8.33,-18.18,0,0,1,0,0,0.052,0.015,0.021,0.0,0.0,0.005,0.04444,0.01237,0.01746,0.0,0.00033,0.00605,0,0,0,100,100,100,0,0,0,100,100,100,0,0,0,100,100,100,2020-08-11,2019-10-08,2019-06-14,2020-07-20,2019-09-23,2019-05-30,,,,,,,,,,,,,,,,,,,0.02933,0.01567,0.019,0.00167,0.002,0.007,0,0,0,0,0,0,0,0,0,0,0,0,0,0,0,0,0,0,0,1,1,0,0,0,0,0,0,0,0,0,0,0,0,0,0,0,0,0,0,1,1,0,0,0,0,0,0,0,0,0,0,0,0,0,0,0,0,1,1,1,1,1,1,0,0,0,0,0,0,1,1,1,1,1,1,0,0,0,0,0,0,0,0,0,1,1,1,1,1,1,0,0,0,0,0,0,1,1,1,1,1,1,0,1,1,0,0,1,0,1,1,1,1,1,,-0.005,Life.BullRetrace,Life.BullEnd,Life.BullStart,Life.Bull,Life.BullStart
2020-08-28,TOPVISN,0.745,0.745,0.745,0.745,0.745,0,0.0,0,0.74028,0.71049,0.02979,0.03654,-0.00676,,,-0.00607,-0.00397,-0.00013,0.00402,0.7128,0.66548,0.61872,0.57462,0.745,,,,,,,,,,,,,,,,,,,,,,0.0,0.0,0.0,0.0,,,,,,,,,,,,,,0.9086,0.9408,1.3818,0.4732,0.0322,0.441,0.15,,,,,,,,0,0,0,0,0,0,,,,,,,5000,5000,1000,2000,1000,3000,1000,-13.89,0.0,-6.45,-10.34,-7.69,-8.33,-18.18,0,0,1,0,0,0.052,0.015,0.021,0.0,0.0,0.005,0.04444,0.01237,0.01746,0.0,0.00033,0.00605,0,0,0,100,100,100,0,0,0,100,100,100,0,0,0,100,100,100,2020-08-11,2019-10-08,2019-06-14,2020-07-20,2019-09-23,2019-05-30,,,,,,,,,,,,,,,,,,,0.02933,0.01567,0.019,0.00167,0.002,0.007,0,0,0,0,0,0,0,0,0,0,0,0,0,0,0,0,0,0,0,1,1,0,0,0,0,0,0,0,0,0,0,0,0,0,0,0,0,0,0,1,1,0,0,0,0,0,0,0,0,0,0,0,0,0,0,0,0,1,1,1,1,1,1,0,0,0,0,0,0,1,1,1,1,1,1,0,0,0,0,0,0,0,0,0,1,1,1,1,1,1,0,0,0,0,0,0,1,1,1,1,1,1,0,1,1,0,0,1,0,1,1,1,1,1,,-0.005,Life.BullRetrace,Life.BullEnd,Life.BullStart,Life.Bull,Life.BullStart
2020-09-01,TOPVISN,0.745,0.745,0.745,0.745,0.745,0,0.0,0,0.74101,0.71305,0.02796,0.03483,-0.00687,,,-0.00642,-0.00476,-0.00141,0.00289,0.71528,0.6686,0.62122,0.57632,0.745,,,,,,,,,,,,,,,,,,,,,,0.0,0.0,0.0,0.0,,,,,,,,,,,,,,0.9228,0.9406,1.3896,0.4668,0.0178,0.449,0.15,,,,,,,,0,0,0,0,0,0,,,,,,,5000,5000,1000,2000,1000,3000,1000,-13.89,0.0,-6.45,-10.34,-7.69,-8.33,-18.18,0,0,1,0,0,0.052,0.015,0.021,0.0,0.0,0.005,0.04444,0.01237,0.01746,0.0,0.00033,0.00605,0,0,0,100,100,100,0,0,0,100,100,100,0,0,0,100,100,100,2020-08-11,2019-10-08,2019-06-14,2020-07-20,2019-09-23,2019-05-30,,,,,,,,,,,,,,,,,,,0.02933,0.01567,0.019,0.00167,0.002,0.007,0,0,0,0,0,0,0,0,0,0,0,0,0,0,0,0,0,0,0,1,1,0,0,0,0,0,0,0,0,0,0,0,0,0,0,0,0,0,0,1,1,0,0,0,0,0,0,0,0,0,0,0,0,0,0,0,0,1,1,1,1,1,1,0,0,0,0,0,0,1,1,1,1,1,1,0,0,0,0,0,0,0,0,0,1,1,1,1,1,1,0,0,0,0,0,0,1,1,1,1,1,1,0,1,1,0,0,1,0,1,1,1,1,1,,-0.005,Life.BullRetrace,Life.BullEnd,Life.BullStart,Life.Bull,Life.BullStart
2020-09-02,TOPVISN,0.745,0.745,0.745,0.745,0.745,0,0.0,0,0.74162,0.71542,0.02621,0.0331,-0.0069,,,-0.00665,-0.00538,-0.00253,0.00166,0.71756,0.67159,0.62367,0.578,0.745,,,,,,,,,,,,,,,,,,,,,,0.0,0.0,0.0,0.0,,,,,,,,,,,,,,0.9359,0.9389,1.3956,0.4597,0.003,0.4567,0.15,,,,,,,,0,0,0,0,0,0,,,,,,,5000,5000,1000,2000,1000,3000,1000,-13.89,0.0,-6.45,-10.34,-7.69,-8.33,-18.18,0,0,1,0,0,0.052,0.015,0.021,0.0,0.0,0.005,0.04444,0.01237,0.01746,0.0,0.00033,0.00605,0,0,0,100,100,100,0,0,0,100,100,100,0,0,0,100,100,100,2020-08-11,2019-10-08,2019-06-14,2020-07-20,2019-09-23,2019-05-30,,,,,,,,,,,,,,,,,,,0.02933,0.01567,0.019,0.00167,0.002,0.007,0,0,0,0,0,0,0,0,0,0,0,0,0,0,0,0,0,0,0,1,1,0,0,0,0,0,0,0,0,0,0,0,0,0,0,0,0,0,0,1,1,0,0,0,0,0,0,0,0,0,0,0,0,0,0,0,0,1,1,1,1,1,1,0,0,0,0,0,0,1,1,1,1,1,1,0,0,0,0,0,0,0,0,0,1,1,1,1,1,1,0,0,0,0,0,0,1,1,1,1,1,1,0,1,1,0,0,1,0,1,1,1,1,1,,-0.005,Life.BullRetrace,Life.BullEnd,Life.BullStart,Life.Bull,Life.BullStart
2020-09-03,TOPVISN,0.745,0.745,0.745,0.745,0.745,0,0.0,0,0.74214,0.71761,0.02453,0.03139,-0.00686,,,-0.00678,-0.00586,-0.00348,0.00043,0.71967,0.67447,0.62607,0.57966,0.745,,,,,,,,,,,,,,,,,,,,,,0.0,0.0,0.0,0.0,,,,,,,,,,,,,,0.9481,0.936,1.4001,0.452,-0.0121,0.4641,0.15,,,,,,,,0,0,0,0,0,0,,,,,,,5000,5000,1000,2000,1000,3000,1000,-13.89,0.0,-6.45,-10.34,-7.69,-8.33,-18.18,0,0,1,0,0,0.052,0.015,0.021,0.0,0.0,0.005,0.04444,0.01237,0.01746,0.0,0.00033,0.00605,0,0,0,100,100,100,0,0,0,100,100,100,0,0,0,100,100,100,2020-08-11,2019-10-08,2019-06-14,2020-07-20,2019-09-23,2019-05-30,,,,,,,,,,,,,,,,,,,0.02933,0.01567,0.019,0.00167,0.002,0.007,0,0,0,0,0,0,0,0,0,0,0,0,0,0,0,0,0,0,0,1,1,0,0,0,0,0,0,0,0,0,0,0,0,0,0,0,0,0,0,1,1,0,0,0,0,0,0,0,0,0,0,0,0,0,0,0,0,1,1,1,1,1,1,0,0,0,0,0,0,1,1,1,1,1,1,0,0,0,0,0,0,0,0,0,1,1,1,1,1,1,0,0,0,0,0,0,1,1,1,1,1,1,0,1,1,0,0,1,0,1,1,1,1,1,,-0.005,Life.BullRetrace,Life.BullEnd,Life.BullStart,Life.Bull,Life.BullStart
2020-09-04,TOPVISN,0.745,0.745,0.745,0.745,0.745,0,0.0,0,0.74258,0.71964,0.02294,0.0297,-0.00676,,,-0.00683,-0.0062,-0.00427,-0.00073,0.72162,0.67724,0.62843,0.5813,0.745,,,,,,,,,,,,,,,,,,,,,,0.0,0.0,0.0,0.0,,,,,,,,,,,,,,0.9594,0.9319,1.4032,0.4438,-0.0275,0.4713,0.15,,,,,,,,0,0,0,0,0,0,,,,,,,5000,5000,1000,2000,1000,3000,1000,-13.89,0.0,-6.45,-10.34,-7.69,-8.33,-18.18,1,0,1,0,0,0.052,0.015,0.021,0.0,0.0,0.005,0.04444,0.01237,0.01746,0.0,0.00033,0.00605,0,0,0,100,100,100,0,0,0,100,100,100,0,0,0,100,100,100,2020-08-11,2019-10-08,2019-06-14,2020-07-20,2019-09-23,2019-05-30,,,,,,,,,,,,,,,,,,,0.02933,0.01567,0.019,0.00167,0.002,0.007,0,0,0,0,0,0,0,0,0,0,0,0,0,0,0,0,0,0,0,1,1,0,0,0,0,0,0,0,0,0,0,0,0,0,0,0,0,0,0,1,1,0,0,0,0,0,0,0,0,0,0,0,0,0,0,0,0,1,1,1,1,1,1,0,0,0,0,0,0,1,1,1,1,1,1,0,0,0,0,0,0,0,0,0,1,1,1,1,1,1,0,0,0,0,0,0,1,1,1,1,1,1,0,1,1,0,0,1,0,1,1,1,1,1,,-0.005,Life.BullRetrace,Life.BullEnd,Life.BullStart,Life.Bull,Life.BullStart
2020-09-07,TOPVISN,0.745,0.745,0.745,0.745,0.745,0,0.0,0,0.74295,0.72152,0.02144,0.02805,-0.00661,,,-0.0068,-0.00643,-0.00491,-0.0018,0.72342,0.6799,0.63073,0.58293,0.745,,,,,,,,,,,,,,,,,,,,,,0.0,0.0,0.0,0.0,,,,,,,,,,,,,,0.9697,0.9269,1.4049,0.4352,-0.0428,0.478,,,0.15,,,,,,0,0,0,0,0,0,,,,,,,5000,5000,1000,2000,1000,3000,1000,-13.89,0.0,-6.45,-10.34,-7.69,-8.33,-18.18,1,0,1,0,0,0.052,0.015,0.021,0.0,0.0,0.005,0.04444,0.01237,0.01746,0.0,0.00033,0.00605,0,0,0,100,100,100,0,0,0,100,100,100,0,0,0,100,100,100,2020-08-11,2019-10-08,2019-06-14,2020-07-20,2019-09-23,2019-05-30,,,,,,,,,,,,,,,,,,,0.02933,0.01567,0.019,0.00167,0.002,0.007,0,0,0,0,0,0,0,0,0,0,0,0,0,0,0,0,0,0,0,1,1,0,0,0,0,0,0,0,0,0,0,0,0,0,0,0,0,0,0,1,1,0,0,0,0,0,0,0,0,0,0,0,0,0,0,0,0,1,1,1,1,1,1,0,0,0,0,0,0,1,1,1,1,1,1,0,0,0,0,0,0,0,0,0,1,1,1,1,1,1,0,0,0,0,0,0,1,1,1,1,1,1,0,1,1,0,0,1,0,1,1,1,1,1,,,Life.BullEnd,Life.BullStart,Life.Bull,Life.BullStart,Life.BullRetrace
2020-09-08,TOPVISN,0.745,0.745,0.745,0.745,0.745,0,0.0,0,0.74327,0.72326,0.02001,0.02644,-0.00643,,,-0.00671,-0.00657,-0.00541,-0.00273,0.72508,0.68245,0.633,0.58455,0.745,,,,,,,,,,,,,,,,,,,,,,0.0,0.0,0.0,0.0,,,,,,,,,,,,,,0.979,0.9208,1.4053,0.4263,-0.0582,0.4845,0.15,,,,,,,,0,0,0,0,0,0,,,,,,,5000,5000,1000,2000,1000,3000,1000,-13.89,0.0,-6.45,-10.34,-7.69,-8.33,-18.18,1,0,1,0,0,0.052,0.015,0.021,0.0,0.0,0.005,0.04444,0.01237,0.01746,0.0,0.00033,0.00605,0,0,0,100,100,100,0,0,0,100,100,100,0,0,0,100,100,100,2020-08-11,2019-10-08,2019-06-14,2020-07-20,2019-09-23,2019-05-30,,,,,,,,,,,,,,,,,,,0.02933,0.01567,0.019,0.00167,0.002,0.007,0,0,0,0,0,0,0,0,0,0,0,0,0,0,0,0,0,0,0,1,1,0,0,0,0,0,0,0,0,0,0,0,0,0,0,0,0,0,0,1,1,0,0,0,0,0,0,0,0,0,0,0,0,0,0,0,0,1,1,1,1,1,1,0,0,0,0,0,0,1,1,1,1,1,1,0,0,0,0,0,0,0,0,0,1,1,1,1,1,1,0,0,0,0,0,0,1,1,1,1,1,1,0,1,1,0,0,1,0,1,1,1,1,1,0.005,,Life.BullStart,Life.Bull,Life.BullStart,Life.BullRetrace,Life.BullStart
2020-09-09,TOPVISN,0.745,0.745,0.745,0.745,0.745,0,0.0,0,0.74354,0.72487,0.01867,0.02489,-0.00622,,,-0.00657,-0.00661,-0.00578,-0.00354,0.72661,0.6849,0.63521,0.58614,0.745,,,,,,,,,,,,,,,,,,,,,,0.0,0.0,0.0,0.0,,,,,,,,,,,,,,0.9876,0.914,1.4047,0.4171,-0.0736,0.4907,0.15,,,,,,,,0,0,0,0,0,0,,,,,,,5000,5000,1000,2000,1000,3000,1000,-13.89,0.0,-6.45,-10.34,-7.69,-8.33,-18.18,1,0,1,0,0,0.052,0.015,0.021,0.0,0.0,0.005,0.04444,0.01237,0.01746,0.0,0.00033,0.00605,0,0,0,100,100,100,0,0,0,100,100,100,0,0,0,100,100,100,2020-08-11,2019-10-08,2019-06-14,2020-07-20,2019-09-23,2019-05-30,,,,,,,,,,,,,,,,,,,0.02933,0.01567,0.019,0.00167,0.002,0.007,0,0,0,0,0,0,0,0,0,0,0,0,0,0,0,0,0,0,0,1,1,0,0,0,0,0,0,0,0,0,0,0,0,0,0,0,0,0,0,1,1,0,0,0,0,0,0,0,0,0,0,0,0,0,0,0,0,1,1,1,1,1,1,0,0,0,0,0,0,1,1,1,1,1,1,0,0,0,0,0,0,0,0,0,1,1,1,1,1,1,0,0,0,0,0,0,1,1,1,1,1,1,0,1,1,0,0,1,0,1,1,1,1,1,0.005,,Life.BullStart,Life.Bull,Life.BullStart,Life.BullRetrace,Life.BullStart
2020-09-10,TOPVISN,0.745,0.745,0.745,0.745,0.745,0,0.0,0,0.74376,0.72636,0.0174,0.02339,-0.00599,,,-0.0064,-0.00659,-0.00604,-0.00421,0.72803,0.68726,0.63739,0.58772,0.745,,,,,,,,,,,,,,,,,,,,,,0.0,0.0,0.0,0.0,,,,,,,,,,,,,,0.9954,0.9064,1.4031,0.4077,-0.089,0.4967,0.15,,,,,,,,0,0,0,0,0,0,,,,,,,5000,5000,1000,2000,1000,3000,1000,-13.89,0.0,-6.45,-10.34,-7.69,-8.33,-18.18,1,0,1,0,0,0.052,0.015,0.021,0.0,0.0,0.005,0.04444,0.01237,0.01746,0.0,0.00033,0.00605,0,0,0,100,100,100,0,0,0,100,100,100,0,0,0,100,100,100,2020-08-11,2019-10-08,2019-06-14,2020-07-20,2019-09-23,2019-05-30,,,,,,,,,,,,,,,,,,,0.02933,0.01567,0.019,0.00167,0.002,0.007,0,0,0,0,0,0,0,0,0,0,0,0,0,0,0,0,0,0,0,1,1,0,0,0,0,0,0,0,0,0,0,0,0,0,0,0,0,0,0,1,1,0,0,0,0,0,0,0,0,0,0,0,0,0,0,0,0,1,1,1,1,1,1,0,0,0,0,0,0,1,1,1,1,1,1,0,0,0,0,0,0,0,0,0,1,1,1,1,1,1,0,0,0,0,0,0,1,1,1,1,1,1,0,1,1,0,0,1,0,1,1,1,1,1,0.005,,Life.BullStart,Life.Bull,Life.BullStart,Life.BullRetrace,Life.BullStart
2020-09-11,TOPVISN,0.745,0.745,0.745,0.745,0.745,0,0.0,0,0.74395,0.72774,0.01621,0.02195,-0.00574,,,-0.0062,-0.00651,-0.0062,-0.00475,0.72933,0.68952,0.63952,0.58929,0.745,,,,,,,,,,,,,,,,,,,,,,0.0,0.0,0.0,0.0,,,,,,,,,,,,,,1.0023,0.8981,1.4004,0.3981,-0.1042,0.5023,0.15,,,,,,,,0,0,0,0,0,0,,,,,,,5000,5000,1000,2000,1000,3000,1000,-13.89,0.0,-6.45,-10.34,-7.69,-8.33,-18.18,1,0,1,0,0,0.052,0.015,0.021,0.0,0.0,0.005,0.04444,0.01237,0.01746,0.0,0.00033,0.00605,0,0,0,100,100,100,0,0,0,100,100,100,0,0,0,100,100,100,2020-08-11,2019-10-08,2019-06-14,2020-07-20,2019-09-23,2019-05-30,,,,,,,,,,,,,,,,,,,0.02933,0.01567,0.019,0.00167,0.002,0.007,0,0,0,0,0,0,0,0,0,0,0,0,0,0,0,0,0,0,0,1,1,0,0,0,0,0,0,0,0,0,0,0,0,0,0,0,0,0,0,1,1,0,0,0,0,0,0,0,0,0,0,0,0,0,0,0,0,1,1,1,1,1,1,0,0,0,0,0,0,1,1,1,1,1,1,0,0,0,0,0,0,0,0,0,1,1,1,1,1,1,0,0,0,0,0,0,1,1,1,1,1,1,0,1,1,0,0,1,0,1,1,1,1,1,0.005,,Life.BullStart,Life.Bull,Life.BullStart,Life.BullRetrace,Life.BullStart
2020-09-14,TOPVISN,0.745,0.745,0.745,0.745,0.745,0,0.0,0,0.74411,0.72902,0.0151,0.02058,-0.00549,,,-0.00597,-0.00638,-0.00628,-0.00518,0.73054,0.6917,0.64161,0.59084,0.745,,,,,,,,,,,,,,,,,,,,,,0.0,0.0,0.0,0.0,,,,,,,,,,,,,,1.0086,0.8893,1.397,0.3884,-0.1193,0.5077,0.15,,,,,,,,0,0,0,0,0,0,,,,,,,5000,5000,1000,2000,1000,3000,1000,-13.89,0.0,-6.45,-10.34,-7.69,-8.33,-18.18,1,0,1,0,0,0.052,0.015,0.021,0.0,0.0,0.005,0.04444,0.01237,0.01746,0.0,0.00033,0.00605,0,0,0,100,100,100,0,0,0,100,100,100,0,0,0,100,100,100,2020-08-11,2019-10-08,2019-06-14,2020-07-20,2019-09-23,2019-05-30,,,,,,,,,,,,,,,,,,,0.02933,0.01567,0.019,0.00167,0.002,0.007,0,0,0,0,0,0,0,0,0,0,0,0,0,0,0,0,0,0,0,1,1,0,0,0,0,0,0,0,0,0,0,0,0,0,0,0,0,0,0,1,1,0,0,0,0,0,0,0,0,0,0,0,0,0,0,0,0,1,1,1,1,1,1,0,0,0,0,0,0,1,1,1,1,1,1,0,0,0,0,0,0,0,0,0,1,1,1,1,1,1,0,0,0,0,0,0,1,1,1,1,1,1,0,1,1,0,0,1,0,1,1,1,1,1,0.005,,Life.BullStart,Life.Bull,Life.BullStart,Life.BullRetrace,Life.BullStart
2020-09-15,TOPVISN,0.745,0.745,0.745,0.745,0.745,0,0.0,0,0.74425,0.7302,0.01405,0.01928,-0.00523,,,-0.00573,-0.00622,-0.00629,-0.00549,0.73165,0.69379,0.64366,0.59237,0.745,,,,,,,,,,,,,,,,,,,,,,0.0,0.0,0.0,0.0,,,,,,,,,,,,,,1.0142,0.8799,1.3928,0.3786,-0.1343,0.5129,0.15,,,,,,,,0,0,0,0,0,0,,,,,,,5000,5000,1000,2000,1000,3000,1000,-13.89,0.0,-6.45,-10.34,-7.69,-8.33,-18.18,1,0,1,0,0,0.052,0.015,0.021,0.0,0.0,0.005,0.04444,0.01237,0.01746,0.0,0.00033,0.00605,0,0,0,100,100,100,0,0,0,100,100,100,0,0,0,100,100,100,2020-08-11,2019-10-08,2019-06-14,2020-07-20,2019-09-23,2019-05-30,,,,,,,,,,,,,,,,,,,0.02933,0.01567,0.019,0.00167,0.002,0.007,0,0,0,0,0,0,0,0,0,0,0,0,0,0,0,0,0,0,0,1,1,0,0,0,0,0,0,0,0,0,0,0,0,0,0,0,0,0,0,1,1,0,0,0,0,0,0,0,0,0,0,0,0,0,0,0,0,1,1,1,1,1,1,0,0,0,0,0,0,1,1,1,1,1,1,0,0,0,0,0,0,0,0,0,1,1,1,1,1,1,0,0,0,0,0,0,1,1,1,1,1,1,0,1,1,0,0,1,0,1,1,1,1,1,0.005,,Life.BullStart,Life.Bull,Life.BullStart,Life.BullRetrace,Life.BullStart
2020-09-17,TOPVISN,0.745,0.745,0.745,0.745,0.745,0,0.0,0,0.74436,0.7313,0.01307,0.01803,-0.00497,,,-0.00548,-0.00603,-0.00624,-0.00571,0.73268,0.6958,0.64566,0.59389,0.745,,,,,,,,,,,,,,,,,,,,,,0.0,0.0,0.0,0.0,,,,,,,,,,,,,,1.0191,0.8702,1.3879,0.3688,-0.1489,0.5177,0.15,,,,,,,,0,0,0,0,0,0,,,,,,,5000,5000,1000,2000,1000,3000,1000,-13.89,0.0,-6.45,-10.34,-7.69,-8.33,-18.18,1,0,1,0,0,0.052,0.015,0.021,0.0,0.0,0.005,0.04444,0.01237,0.01746,0.0,0.00033,0.00605,0,0,0,100,100,100,0,0,0,100,100,100,0,0,0,100,100,100,2020-08-11,2019-10-08,2019-06-14,2020-07-20,2019-09-23,2019-05-30,,,,,,,,,,,,,,,,,,,0.02933,0.01567,0.019,0.00167,0.002,0.007,0,0,0,0,0,0,0,0,0,0,0,0,0,0,0,0,0,0,0,1,1,0,0,0,0,0,0,0,0,0,0,0,0,0,0,0,0,0,0,1,1,0,0,0,0,0,0,0,0,0,0,0,0,0,0,0,0,1,1,1,1,1,1,0,0,0,0,0,0,1,1,1,1,1,1,0,0,0,0,0,0,0,0,0,1,1,1,1,1,1,0,0,0,0,0,0,1,1,1,1,1,1,0,1,1,0,0,1,0,1,1,1,1,1,0.005,,Life.BullStart,Life.Bull,Life.BullStart,Life.BullRetrace,Life.BullStart
2020-09-18,TOPVISN,0.745,0.745,0.745,0.745,0.745,0,0.0,0,0.74446,0.73231,0.01215,0.01686,-0.00471,,,-0.00523,-0.00581,-0.00614,-0.00584,0.73362,0.69773,0.64763,0.59539,0.745,,,,,,,,,,,,,,,,,,,,,,0.0,0.0,0.0,0.0,,,,,,,,,,,,,,1.0234,0.8599,1.3823,0.3589,-0.1635,0.5224,0.15,,,,,,,,0,0,0,0,0,0,,,,,,,5000,5000,1000,2000,1000,3000,1000,-13.89,0.0,-6.45,-10.34,-7.69,-8.33,-18.18,1,0,1,0,0,0.052,0.015,0.021,0.0,0.0,0.005,0.04444,0.01237,0.01746,0.0,0.00033,0.00605,0,0,0,100,100,100,0,0,0,100,100,100,0,0,0,100,100,100,2020-08-11,2019-10-08,2019-06-14,2020-07-20,2019-09-23,2019-05-30,,,,,,,,,,,,,,,,,,,0.02933,0.01567,0.019,0.00167,0.002,0.007,0,0,0,0,0,0,0,0,0,0,0,0,0,0,0,0,0,0,0,1,1,0,0,0,0,0,0,0,0,0,0,0,0,0,0,0,0,0,0,1,1,0,0,0,0,0,0,0,0,0,0,0,0,0,0,0,0,1,1,1,1,1,1,0,0,0,0,0,0,1,1,1,1,1,1,0,0,0,0,0,0,0,0,0,1,1,1,1,1,1,0,0,0,0,0,0,1,1,1,1,1,1,0,1,1,0,0,1,0,1,1,1,1,1,0.005,,Life.BullStart,Life.Bull,Life.BullStart,Life.BullRetrace,Life.BullStart
2020-09-21,TOPVISN,0.745,0.745,0.745,0.745,0.745,0,0.0,0,0.74455,0.73325,0.01129,0.01574,-0.00445,,,-0.00497,-0.00558,-0.006,-0.00589,0.7345,0.69958,0.64956,0.59688,0.745,,,,,,,,,,,,,,,,,,,,,,0.0,0.0,0.0,0.0,,,,,,,,,,,,,,1.027,0.8494,1.3762,0.3492,-0.1776,0.5268,0.15,,,,,,,,0,0,0,0,0,0,,,,,,,5000,5000,1000,2000,1000,3000,1000,-13.89,0.0,-6.45,-10.34,-7.69,-8.33,-18.18,1,0,1,0,0,0.052,0.015,0.021,0.0,0.0,0.005,0.04444,0.01237,0.01746,0.0,0.00033,0.00605,0,0,0,100,100,100,0,0,0,100,100,100,0,0,0,100,100,100,2020-08-11,2019-10-08,2019-06-14,2020-07-20,2019-09-23,2019-05-30,,,,,,,,,,,,,,,,,,,0.02933,0.01567,0.019,0.00167,0.002,0.007,0,0,0,0,0,0,0,0,0,0,0,0,0,0,0,0,0,0,0,1,1,0,0,0,0,0,0,0,0,0,0,0,0,0,0,0,0,0,0,1,1,0,0,0,0,0,0,0,0,0,0,0,0,0,0,0,0,1,1,1,1,1,1,0,0,0,0,0,0,1,1,1,1,1,1,0,0,0,0,0,0,0,0,0,1,1,1,1,1,1,0,0,0,0,0,0,1,1,1,1,1,1,0,1,1,0,0,1,0,1,1,1,1,1,0.005,,Life.BullStart,Life.Bull,Life.BullStart,Life.BullRetrace,Life.BullStart
2020-09-22,TOPVISN,0.745,0.745,0.745,0.745,0.745,0,0.0,0,0.74462,0.73412,0.01049,0.01469,-0.0042,,,-0.00471,-0.00534,-0.00583,-0.00589,0.73531,0.70136,0.65145,0.59836,0.745,,,,,,,,,,,,,,,,,,,,,,0.0,0.0,0.0,0.0,,,,,,,,,,,,,,1.03,0.8386,1.3695,0.3395,-0.1914,0.5309,0.15,,,,,,,,0,0,0,0,0,0,,,,,,,5000,5000,1000,2000,1000,3000,1000,-13.89,0.0,-6.45,-10.34,-7.69,-8.33,-18.18,1,0,1,0,0,0.052,0.015,0.021,0.0,0.0,0.005,0.04444,0.01237,0.01746,0.0,0.00033,0.00605,0,0,0,100,100,100,0,0,0,100,100,100,0,0,0,100,100,100,2020-08-11,2019-10-08,2019-06-14,2020-07-20,2019-09-23,2019-05-30,,,,,,,,,,,,,,,,,,,0.02933,0.01567,0.019,0.00167,0.002,0.007,0,0,0,0,0,0,0,0,0,0,0,0,0,0,0,0,0,0,0,1,1,0,0,0,0,0,0,0,0,0,0,0,0,0,0,0,0,0,0,1,1,0,0,0,0,0,0,0,0,0,0,0,0,0,0,0,0,1,1,1,1,1,1,0,0,0,0,0,0,1,1,1,1,1,1,0,0,0,0,0,0,0,0,0,1,1,1,1,1,1,0,0,0,0,0,0,1,1,1,1,1,1,0,1,1,0,0,1,0,1,1,1,1,1,0.005,,Life.BullStart,Life.Bull,Life.BullStart,Life.BullRetrace,Life.BullStart
2020-09-23,TOPVISN,0.745,0.745,0.745,0.745,0.745,0,0.0,0,0.74467,0.73493,0.00975,0.0137,-0.00396,,,-0.00446,-0.00509,-0.00563,-0.00583,0.73605,0.70307,0.6533,0.59982,0.74502,,,,,,,,,,,,,,,,,,,,,,0.0,0.0,0.0,0.0,,,,,,,,,,,,,,1.0325,0.8275,1.3623,0.3298,-0.205,0.5348,0.15,,,,,,,,0,0,0,0,0,0,,,,,,,5000,5000,1000,2000,1000,3000,1000,-13.89,0.0,-6.45,-10.34,-7.69,-8.33,-18.18,1,0,1,0,0,0.052,0.015,0.021,0.0,0.0,0.005,0.04444,0.01237,0.01746,0.0,0.00033,0.00605,0,0,0,100,100,100,0,0,0,100,100,100,0,0,0,100,100,100,2020-08-11,2019-10-08,2019-06-14,2020-07-20,2019-09-23,2019-05-30,,,,,,,,,,,,,,,,,,,0.02933,0.01567,0.019,0.00167,0.002,0.007,0,0,0,0,0,0,0,0,0,0,0,0,0,0,0,0,0,0,0,1,1,0,0,0,0,0,0,0,0,0,0,0,0,0,0,0,0,0,0,1,1,0,0,0,0,0,0,0,0,0,0,0,0,0,0,0,0,1,1,1,1,1,1,0,0,0,0,0,0,1,1,1,1,1,1,0,0,0,0,0,0,0,0,0,1,1,1,1,1,1,0,0,0,0,0,0,1,1,1,1,1,1,0,1,1,0,0,1,0,1,1,1,1,1,0.005,,Life.BullStart,Life.Bull,Life.BullStart,Life.BullRetrace,Life.BullStart
2020-09-24,TOPVISN,0.745,0.745,0.745,0.745,0.745,0,0.0,0,0.74472,0.73567,0.00905,0.01277,-0.00372,,,-0.00421,-0.00485,-0.00542,-0.00573,0.73674,0.70472,0.65512,0.60126,0.74512,,,,,,,,,,,,,,,,,,,,,,0.0,0.0,0.0,0.0,,,,,,,,,,,,,,1.0346,0.8162,1.3548,0.3202,-0.2184,0.5386,0.15,,,,,,,,0,0,0,0,0,0,,,,,,,5000,5000,1000,2000,1000,3000,1000,-13.89,0.0,-6.45,-10.34,-7.69,-8.33,-18.18,1,0,1,0,0,0.052,0.015,0.021,0.0,0.0,0.005,0.04444,0.01237,0.01746,0.0,0.00033,0.00605,0,0,0,100,100,100,0,0,0,100,100,100,0,0,0,100,100,100,2020-08-11,2019-10-08,2019-06-14,2020-07-20,2019-09-23,2019-05-30,,,,,,,,,,,,,,,,,,,0.02933,0.01567,0.019,0.00167,0.002,0.007,0,0,0,0,0,0,0,0,0,0,0,0,0,0,0,0,0,0,0,1,1,0,0,0,0,0,0,0,0,0,0,0,0,0,0,0,0,0,0,1,1,0,0,0,0,0,0,0,0,0,0,0,0,0,0,0,0,1,1,1,1,1,1,0,0,0,0,0,0,1,1,1,1,1,1,0,0,0,0,0,0,0,0,0,1,1,1,1,1,1,0,0,0,0,0,0,1,1,1,1,1,1,0,1,1,0,0,1,0,1,1,1,1,1,0.005,,Life.BullStart,Life.Bull,Life.BullStart,Life.BullRetrace,Life.BullStart
2020-09-25,TOPVISN,0.745,0.745,0.745,0.745,0.745,0,0.0,0,0.74477,0.73637,0.0084,0.0119,-0.0035,,,-0.00397,-0.0046,-0.0052,-0.00559,0.73738,0.7063,0.6569,0.60269,0.74531,,,,,,,,,,,,,,,,,,,,,,0.0,0.0,0.0,0.0,,,,,,,,,,,,,,1.0361,0.8048,1.3469,0.3108,-0.2313,0.5421,0.15,,,,,,,,0,0,0,0,0,0,,,,,,,5000,5000,1000,2000,1000,3000,1000,-13.89,0.0,-6.45,-10.34,-7.69,-8.33,-18.18,1,0,1,0,0,0.052,0.015,0.021,0.0,0.0,0.005,0.04444,0.01237,0.01746,0.0,0.00033,0.00605,0,0,0,100,100,100,0,0,0,100,100,100,0,0,0,100,100,100,2020-08-11,2019-10-08,2019-06-14,2020-07-20,2019-09-23,2019-05-30,,,,,,,,,,,,,,,,,,,0.02933,0.01567,0.019,0.00167,0.002,0.007,0,0,0,0,0,0,0,0,0,0,0,0,0,0,0,0,0,0,0,1,1,0,0,0,0,0,0,0,0,0,0,0,0,0,0,0,0,0,0,1,1,0,0,0,0,0,0,0,0,0,0,0,0,0,0,0,0,1,1,1,1,1,1,0,0,0,0,0,0,1,1,1,1,1,1,0,0,0,0,0,0,0,0,0,1,1,1,1,1,1,0,0,0,0,0,0,1,1,1,1,1,1,0,1,1,0,0,1,0,1,1,1,1,1,0.005,,Life.BullStart,Life.Bull,Life.BullStart,Life.BullRetrace,Life.BullStart
2020-09-28,TOPVISN,0.745,0.745,0.745,0.745,0.745,0,0.0,0,0.7448,0.737,0.0078,0.01108,-0.00328,,,-0.00373,-0.00435,-0.00497,-0.00543,0.73796,0.70782,0.65864,0.60411,0.74562,,,,,,,,,,,,,,,,,,,,,,0.0,0.0,0.0,0.0,,,,,,,,,,,,,,1.0371,0.7932,1.3385,0.3014,-0.2439,0.5453,0.15,,,,,,,,0,0,0,0,0,0,,,,,,,5000,5000,1000,2000,1000,3000,1000,-13.89,0.0,-6.45,-10.34,-7.69,-8.33,-18.18,1,0,1,0,0,0.052,0.015,0.021,0.0,0.0,0.005,0.04444,0.01237,0.01746,0.0,0.00033,0.00605,0,0,0,100,100,100,0,0,0,100,100,100,0,0,0,100,100,100,2020-08-11,2019-10-08,2019-06-14,2020-07-20,2019-09-23,2019-05-30,,,,,,,,,,,,,,,,,,,0.02933,0.01567,0.019,0.00167,0.002,0.007,0,0,0,0,0,0,0,0,0,0,0,0,0,0,0,0,0,0,0,1,1,0,0,0,0,0,0,0,0,0,0,0,0,0,0,0,0,0,0,1,1,0,0,0,0,0,0,0,0,0,0,0,0,0,0,0,0,1,1,1,1,1,1,0,0,0,0,0,0,1,1,1,1,1,1,0,0,0,0,0,0,0,0,0,1,1,1,1,1,1,0,0,0,0,0,0,1,1,1,1,1,1,0,1,1,0,0,1,0,1,1,1,1,1,0.005,,Life.BullStart,Life.Bull,Life.BullStart,Life.BullRetrace,Life.BullStart
2020-09-29,TOPVISN,0.745,0.745,0.745,0.745,0.745,0,0.0,0,0.74483,0.7376,0.00724,0.01031,-0.00307,,,-0.00351,-0.00411,-0.00473,-0.00525,0.7385,0.70927,0.66035,0.60551,0.74605,,,,,,,,,,,,,,,,,,,,,,0.0,0.0,0.0,0.0,,,,,,,,,,,,,,1.0376,0.7815,1.3299,0.2923,-0.2561,0.5484,0.15,,,,,,,,0,0,0,0,0,0,,,,,,,5000,5000,1000,2000,1000,3000,1000,-13.89,0.0,-6.45,-10.34,-7.69,-8.33,-18.18,1,0,1,0,0,0.052,0.015,0.021,0.0,0.0,0.005,0.04444,0.01237,0.01746,0.0,0.00033,0.00605,0,0,0,100,100,100,0,0,0,100,100,100,0,0,0,100,100,100,2020-08-11,2019-10-08,2019-06-14,2020-07-20,2019-09-23,2019-05-30,,,,,,,,,,,,,,,,,,,0.02933,0.01567,0.019,0.00167,0.002,0.007,0,0,0,0,0,0,0,0,0,0,0,0,0,0,0,0,0,0,0,1,1,0,0,0,0,0,0,0,0,0,0,0,0,0,0,0,0,0,0,1,1,0,0,0,0,0,0,0,0,0,0,0,0,0,0,0,0,1,1,1,1,1,1,0,0,0,0,0,0,1,1,1,1,1,1,0,0,0,0,0,0,0,0,0,1,1,1,1,1,1,0,0,0,0,0,0,1,1,1,1,1,1,0,1,1,0,0,1,0,1,1,1,1,1,0.005,,Life.BullStart,Life.Bull,Life.BullStart,Life.BullRetrace,Life.BullStart
2020-09-30,TOPVISN,0.745,0.745,0.745,0.745,0.745,0,0.0,0,0.74486,0.73815,0.00671,0.00959,-0.00288,,,-0.00329,-0.00387,-0.00449,-0.00505,0.739,0.71067,0.66203,0.6069,0.74659,,,,,,,,,,,,,,,,,,,,,,0.0,0.0,0.0,0.0,,,,,,,,,,,,,,1.0377,0.7697,1.321,0.2833,-0.268,0.5513,0.15,,,,,,,,0,0,0,0,0,0,,,,,,,5000,5000,1000,2000,1000,3000,1000,-13.89,0.0,-6.45,-10.34,-7.69,-8.33,-18.18,1,0,1,0,0,0.052,0.015,0.021,0.0,0.0,0.005,0.04444,0.01237,0.01746,0.0,0.00033,0.00605,0,0,0,100,100,100,0,0,0,100,100,100,0,0,0,100,100,100,2020-08-11,2019-10-08,2019-06-14,2020-07-20,2019-09-23,2019-05-30,,,,,,,,,,,,,,,,,,,0.02933,0.01567,0.019,0.00167,0.002,0.007,0,0,0,0,0,0,0,0,0,0,0,0,0,0,0,0,0,0,0,1,1,0,0,0,0,0,0,0,0,0,0,0,0,0,0,0,0,0,0,1,1,0,0,0,0,0,0,0,0,0,0,0,0,0,0,0,0,1,1,1,1,1,1,0,0,0,0,0,0,1,1,1,1,1,1,0,0,0,0,0,0,0,0,0,1,1,1,1,1,1,0,0,0,0,0,0,1,1,1,1,1,1,0,1,1,0,0,1,0,1,1,1,1,1,0.005,,Life.BullStart,Life.Bull,Life.BullStart,Life.BullRetrace,Life.BullStart
2020-10-01,TOPVISN,0.745,0.745,0.745,0.745,0.745,0,0.0,0,0.74488,0.73865,0.00623,0.00892,-0.00269,,,-0.00308,-0.00365,-0.00426,-0.00484,0.73947,0.71202,0.66367,0.60827,0.74719,,,,,,,,,,,,,,,,,,,,,,0.0,0.0,0.0,0.0,,,,,,,,,,,,,,1.0375,0.758,1.312,0.2745,-0.2795,0.554,0.15,,,,,,,,0,0,0,0,0,0,,,,,,,5000,5000,1000,2000,1000,3000,1000,-13.89,0.0,-6.45,-10.34,-7.69,-8.33,-18.18,1,0,1,0,0,0.052,0.015,0.021,0.0,0.0,0.005,0.04444,0.01237,0.01746,0.0,0.00033,0.00605,0,0,0,100,100,100,0,0,0,100,100,100,0,0,0,100,100,100,2020-08-11,2019-10-08,2019-06-14,2020-07-20,2019-09-23,2019-05-30,,,,,,,,,,,,,,,,,,,0.02933,0.01567,0.019,0.00167,0.002,0.007,0,0,0,0,0,0,0,0,0,0,0,0,0,0,0,0,0,0,0,1,1,0,0,0,0,0,0,0,0,0,0,0,0,0,0,0,0,0,0,1,1,0,0,0,0,0,0,0,0,0,0,0,0,0,0,0,0,1,1,1,1,1,1,0,0,0,0,0,0,1,1,1,1,1,1,0,0,0,0,0,0,0,0,0,1,1,1,1,1,1,0,0,0,0,0,0,1,1,1,1,1,1,0,1,1,0,0,1,0,1,1,1,1,1,0.005,,Life.BullStart,Life.Bull,Life.BullStart,Life.BullRetrace,Life.BullStart
2020-10-02,TOPVISN,0.75,0.75,0.75,0.75,0.75,0,0.005,0,0.74567,0.73949,0.00617,0.00837,-0.0022,,,-0.00282,-0.0034,-0.00401,-0.0046,0.74028,0.71351,0.66538,0.60968,0.74781,,,,,,,,,,,,,,,,,,,,,,0.005,0.0,0.00036,0.0,,,,,,100.0,,,,,,,,1.0383,0.749,1.306,0.2677,-0.2893,0.557,0.15,,,,,,,,0,0,0,0,0,0,,,,,,,5000,5000,1000,2000,1000,3000,1000,-13.89,0.0,-6.45,-10.34,-7.69,-8.33,-18.18,1,0,1,0,0,0.052,0.015,0.021,0.0,0.0,0.005,0.04444,0.01237,0.01746,0.0,0.00033,0.00605,0,0,0,100,100,100,0,0,0,100,100,100,0,0,0,100,100,100,2020-08-11,2019-10-08,2019-06-14,2020-07-20,2019-09-23,2019-05-30,,,,,,,,,,,,,,,,,,,0.02933,0.01567,0.019,0.00167,0.002,0.007,0,0,0,0,0,0,0,0,0,0,0,0,0,0,0,0,0,0,0,1,1,0,0,0,0,0,0,0,0,0,0,0,0,0,0,0,0,0,0,1,1,0,0,0,0,0,0,0,0,0,0,0,0,0,0,0,0,1,1,1,1,1,1,0,0,0,0,0,0,1,1,1,1,1,1,0,0,0,0,0,0,0,0,0,1,1,1,1,1,1,0,0,0,0,0,0,1,1,1,1,1,1,0,1,1,0,0,1,0,1,1,1,1,1,0.005,,Life.BullStart,Life.Bull,Life.BullStart,Life.BullRetrace,Life.BullStart
2020-10-05,TOPVISN,0.75,0.75,0.75,0.75,0.75,0,0.0,0,0.74633,0.74027,0.00606,0.00791,-0.00185,,,-0.00254,-0.00313,-0.00375,-0.00436,0.74102,0.71494,0.66705,0.61108,0.74841,,,,,,,,,,,,,,,,,,,,,,0.0,0.0,0.00036,0.0,,,,,,100.0,,,,,,,,1.0386,0.7397,1.2994,0.2608,-0.2989,0.5597,0.15,,,,,,,,0,0,0,0,0,0,,,,,,,5000,5000,1000,2000,1000,3000,1000,-13.89,0.0,-6.45,-10.34,-7.69,-8.33,-18.18,1,0,1,0,0,0.052,0.015,0.021,0.0,0.0,0.005,0.04444,0.01237,0.01746,0.0,0.00033,0.00605,0,0,0,100,100,100,0,0,0,100,100,100,0,0,0,100,100,100,2020-08-11,2019-10-08,2019-06-14,2020-07-20,2019-09-23,2019-05-30,,,,,,,,,,,,,,,,,,,0.02933,0.01567,0.019,0.00167,0.002,0.007,0,0,0,0,0,0,0,0,0,0,0,0,0,0,0,0,0,0,0,1,1,0,0,0,0,0,0,0,0,0,0,0,0,0,0,0,0,0,0,1,1,0,0,0,0,0,0,0,0,0,0,0,0,0,0,0,0,1,1,1,1,1,1,0,0,0,0,0,0,1,1,1,1,1,1,0,0,0,0,0,0,0,0,0,1,1,1,1,1,1,0,0,0,0,0,0,1,1,1,1,1,1,0,1,1,0,0,1,0,1,1,1,1,1,0.005,,Life.BullStart,Life.Bull,Life.BullStart,Life.BullRetrace,Life.BullStart
2020-10-06,TOPVISN,0.75,0.75,0.75,0.75,0.75,0,0.0,0,0.7469,0.74099,0.00591,0.00751,-0.0016,,,-0.00224,-0.00287,-0.00349,-0.00411,0.74171,0.71632,0.6687,0.61246,0.74895,,,,,,,,,,,,,,,,,,,,,,0.0,0.0,0.00036,0.0,,,,,,100.0,100.0,,,100.0,,,,1.0386,0.7301,1.2925,0.2539,-0.3085,0.5624,0.15,,,,,,,,0,0,0,0,0,0,,,,,,,5000,5000,1000,2000,1000,3000,1000,-13.89,0.0,-6.45,-10.34,-7.69,-8.33,-18.18,1,0,1,0,0,0.052,0.015,0.021,0.0,0.0,0.005,0.04444,0.01237,0.01746,0.0,0.00033,0.00605,0,0,0,100,100,100,0,0,0,100,100,100,0,0,0,100,100,100,2020-08-11,2019-10-08,2019-06-14,2020-07-20,2019-09-23,2019-05-30,,,,,,,,,,,,,,,,,,,0.02933,0.01567,0.019,0.00167,0.002,0.007,0,0,0,0,0,0,0,0,0,0,0,0,0,0,0,0,0,0,0,1,1,0,0,0,0,0,0,0,0,0,0,0,0,0,0,0,0,0,0,1,1,0,0,0,0,0,0,0,0,0,0,0,0,0,0,0,0,1,1,1,1,1,1,0,0,0,0,0,0,1,1,1,1,1,1,0,0,0,0,0,0,0,0,0,1,1,1,1,1,1,0,0,0,0,0,0,1,1,1,1,1,1,0,1,1,0,0,1,0,1,1,1,1,1,0.005,,Life.BullStart,Life.Bull,Life.BullStart,Life.BullRetrace,Life.BullStart
2020-10-07,TOPVISN,0.75,0.75,0.75,0.75,0.75,0,0.0,0,0.74738,0.74166,0.00572,0.00715,-0.00143,,,-0.00195,-0.00262,-0.00323,-0.00386,0.74235,0.71764,0.67031,0.61383,0.74938,,,,,,,,,,,,,,,,,,,,,,0.0,0.0,0.00036,0.0,,,,,,100.0,100.0,,,100.0,,,,1.0381,0.7204,1.2852,0.2471,-0.3177,0.5648,0.15,,,,,,,,0,0,0,0,0,0,,,,,,,5000,5000,1000,2000,1000,3000,1000,-13.89,0.0,-6.45,-10.34,-7.69,-8.33,-18.18,1,0,1,0,0,0.052,0.015,0.021,0.0,0.0,0.005,0.04444,0.01237,0.01746,0.0,0.00033,0.00605,0,0,0,100,100,100,0,0,0,100,100,100,0,0,0,100,100,100,2020-08-11,2019-10-08,2019-06-14,2020-07-20,2019-09-23,2019-05-30,,,,,,,,,,,,,,,,,,,0.02933,0.01567,0.019,0.00167,0.002,0.007,0,0,0,0,0,0,0,0,0,0,0,0,0,0,0,0,0,0,0,1,1,0,0,0,0,0,0,0,0,0,0,0,0,0,0,0,0,0,0,1,1,0,0,0,0,0,0,0,0,0,0,0,0,0,0,0,0,1,1,1,1,1,1,0,0,0,0,0,0,1,1,1,1,1,1,0,0,0,0,0,0,0,0,0,1,1,1,1,1,1,0,0,0,0,0,0,1,1,1,1,1,1,0,1,1,0,0,1,0,1,1,1,1,1,0.005,,Life.BullStart,Life.Bull,Life.BullStart,Life.BullRetrace,Life.BullStart
2020-10-08,TOPVISN,0.75,0.75,0.75,0.75,0.75,0,0.0,0,0.74778,0.74228,0.0055,0.00682,-0.00132,,,-0.00168,-0.00238,-0.00299,-0.00361,0.74294,0.71891,0.67189,0.61518,0.74969,,,,,,,,,,,,,,,,,,,,,,0.0,0.0,0.00036,0.0,,,,,,100.0,100.0,,,,,,,1.0373,0.7105,1.2776,0.2403,-0.3268,0.5671,0.15,,,,,,,,0,0,0,0,0,0,,,,,,,5000,5000,1000,2000,1000,3000,1000,-13.89,0.0,-6.45,-10.34,-7.69,-8.33,-18.18,1,0,1,0,0,0.052,0.015,0.021,0.0,0.0,0.005,0.04444,0.01237,0.01746,0.0,0.00033,0.00605,0,0,0,100,100,100,0,0,0,100,100,100,0,0,0,100,100,100,2020-08-11,2019-10-08,2019-06-14,2020-07-20,2019-09-23,2019-05-30,,,,,,,,,,,,,,,,,,,0.02933,0.01567,0.019,0.00167,0.002,0.007,0,0,0,0,0,0,0,0,0,0,0,0,0,0,0,0,0,0,0,1,1,0,0,0,0,0,0,0,0,0,0,0,0,0,0,0,0,0,0,1,1,0,0,0,0,0,0,0,0,0,0,0,0,0,0,0,0,1,1,1,1,1,1,0,0,0,0,0,0,1,1,1,1,1,1,0,0,0,0,0,0,0,0,0,1,1,1,1,1,1,0,0,0,0,0,0,1,1,1,1,1,1,0,1,1,0,0,1,0,1,1,1,1,1,0.005,,Life.BullStart,Life.Bull,Life.BullStart,Life.BullRetrace,Life.BullStart
2020-10-09,TOPVISN,0.75,0.75,0.75,0.75,0.75,0,0.0,0,0.74812,0.74285,0.00527,0.00651,-0.00124,,,-0.00149,-0.00216,-0.00276,-0.00338,0.74348,0.72013,0.67343,0.61652,0.74988,,,,,,,,,,,,,,,,,,,,,,0.0,0.0,0.00036,0.0,,,,,,100.0,100.0,,,,,,,1.0361,0.7005,1.2696,0.2335,-0.3356,0.5691,0.15,,,,,,,,0,0,0,0,0,0,,,,,,,5000,5000,1000,2000,1000,3000,1000,-13.89,0.0,-6.45,-10.34,-7.69,-8.33,-18.18,1,0,1,0,0,0.052,0.015,0.021,0.0,0.0,0.005,0.04444,0.01237,0.01746,0.0,0.00033,0.00605,0,0,0,100,100,100,0,0,0,100,100,100,0,0,0,100,100,100,2020-08-11,2019-10-08,2019-06-14,2020-07-20,2019-09-23,2019-05-30,,,,,,,,,,,,,,,,,,,0.02933,0.01567,0.019,0.00167,0.002,0.007,0,0,0,0,0,0,0,0,0,0,0,0,0,0,0,0,0,0,0,1,1,0,0,0,0,0,0,0,0,0,0,0,0,0,0,0,0,0,0,1,1,0,0,0,0,0,0,0,0,0,0,0,0,0,0,0,0,1,1,1,1,1,1,0,0,0,0,0,0,1,1,1,1,1,1,0,0,0,0,0,0,0,0,0,1,1,1,1,1,1,0,0,0,0,0,0,1,1,1,1,1,1,0,1,1,0,0,1,0,1,1,1,1,1,0.005,,Life.BullStart,Life.Bull,Life.BullStart,Life.BullRetrace,Life.BullStart
2020-10-12,TOPVISN,0.75,0.75,0.75,0.75,0.75,0,0.0,0,0.74841,0.74338,0.00503,0.00621,-0.00118,,,-0.00136,-0.00195,-0.00254,-0.00315,0.74398,0.7213,0.67495,0.61785,0.74998,,,,,,,,,,,,,,,,,,,,,,0.0,0.0,0.00036,0.0,,,,,,100.0,100.0,,,,,,,1.0345,0.6903,1.2613,0.2268,-0.3442,0.571,0.15,,,,,,,,0,0,0,0,0,0,,,,,,,5000,5000,1000,2000,1000,3000,1000,-13.89,0.0,-6.45,-10.34,-7.69,-8.33,-18.18,1,0,1,0,0,0.052,0.015,0.021,0.0,0.0,0.005,0.04444,0.01237,0.01746,0.0,0.00033,0.00605,0,0,0,100,100,100,0,0,0,100,100,100,0,0,0,100,100,100,2020-08-11,2019-10-08,2019-06-14,2020-07-20,2019-09-23,2019-05-30,,,,,,,,,,,,,,,,,,,0.02933,0.01567,0.019,0.00167,0.002,0.007,0,0,0,0,0,0,0,0,0,0,0,0,0,0,0,0,0,0,0,1,1,0,0,0,0,0,0,0,0,0,0,0,0,0,0,0,0,0,0,1,1,0,0,0,0,0,0,0,0,0,0,0,0,0,0,0,0,1,1,1,1,1,1,0,0,0,0,0,0,1,1,1,1,1,1,0,0,0,0,0,0,0,0,0,1,1,1,1,1,1,0,0,0,0,0,0,1,1,1,1,1,1,0,1,1,0,0,1,0,1,1,1,1,1,0.005,,Life.BullStart,Life.Bull,Life.BullStart,Life.BullRetrace,Life.BullStart
2020-10-13,TOPVISN,0.75,0.75,0.75,0.75,0.75,0,0.0,0,0.74865,0.74387,0.00479,0.00593,-0.00114,,,-0.00126,-0.00175,-0.00234,-0.00293,0.74445,0.72242,0.67643,0.61917,0.75,,,,,,,,,,,,,,,,,,,,,,0.0,0.0,0.00036,0.0,,,,,,100.0,100.0,,,,,,,1.0325,0.6802,1.2528,0.2203,-0.3523,0.5726,0.15,,,,,,,,0,0,0,0,0,0,,,,,,,5000,5000,1000,2000,1000,3000,1000,-13.89,0.0,-6.45,-10.34,-7.69,-8.33,-18.18,1,0,1,0,0,0.052,0.015,0.021,0.0,0.0,0.005,0.04444,0.01237,0.01746,0.0,0.00033,0.00605,0,0,0,100,100,100,0,0,0,100,100,100,0,0,0,100,100,100,2020-08-11,2019-10-08,2019-06-14,2020-07-20,2019-09-23,2019-05-30,,,,,,,,,,,,,,,,,,,0.02933,0.01567,0.019,0.00167,0.002,0.007,0,0,0,0,0,0,0,0,0,0,0,0,0,0,0,0,0,0,0,1,1,0,0,0,0,0,0,0,0,0,0,0,0,0,0,0,0,0,0,1,1,0,0,0,0,0,0,0,0,0,0,0,0,0,0,0,0,1,1,1,1,1,1,0,0,0,0,0,0,1,1,1,1,1,1,0,0,0,0,0,0,0,0,0,1,1,1,1,1,1,0,0,0,0,0,0,1,1,1,1,1,1,0,1,1,0,0,1,0,1,1,1,1,1,0.005,,Life.BullStart,Life.Bull,Life.BullStart,Life.BullRetrace,Life.BullStart
2020-10-14,TOPVISN,0.75,0.75,0.75,0.75,0.75,0,0.0,0,0.74886,0.74432,0.00454,0.00565,-0.00111,,,-0.0012,-0.00158,-0.00215,-0.00273,0.74487,0.7235,0.67789,0.62047,0.75,,,,,,,,,,,,,,,,,,,,,,0.0,0.0,0.00036,0.0,,,,,,100.0,100.0,,,,,,,1.0303,0.6698,1.244,0.2137,-0.3605,0.5742,0.15,,,,,,,,0,0,0,0,0,0,,,,,,,5000,5000,1000,2000,1000,3000,1000,-13.89,0.0,-6.45,-10.34,-7.69,-8.33,-18.18,1,0,1,0,0,0.052,0.015,0.021,0.0,0.0,0.005,0.04444,0.01237,0.01746,0.0,0.00033,0.00605,0,0,0,100,100,100,0,0,0,100,100,100,0,0,0,100,100,100,2020-08-11,2019-10-08,2019-06-14,2020-07-20,2019-09-23,2019-05-30,,,,,,,,,,,,,,,,,,,0.02933,0.01567,0.019,0.00167,0.002,0.007,0,0,0,0,0,0,0,0,0,0,0,0,0,0,0,0,0,0,0,1,1,0,0,0,0,0,0,0,0,0,0,0,0,0,0,0,0,0,0,1,1,0,0,0,0,0,0,0,0,0,0,0,0,0,0,0,0,1,1,1,1,1,1,0,0,0,0,0,0,1,1,1,1,1,1,0,0,0,0,0,0,0,0,0,1,1,1,1,1,1,0,0,0,0,0,0,1,1,1,1,1,1,0,1,1,0,0,1,0,1,1,1,1,1,0.005,,Life.BullStart,Life.Bull,Life.BullStart,Life.BullRetrace,Life.BullStart
2020-10-15,TOPVISN,0.75,0.75,0.75,0.75,0.75,0,0.0,0,0.74904,0.74474,0.00429,0.00538,-0.00109,,,-0.00115,-0.00142,-0.00197,-0.00253,0.74527,0.72454,0.67932,0.62176,0.75,,,,,,,,,,,,,,,,,,,,,,0.0,0.0,0.00036,0.0,,,,,,100.0,100.0,,,,,,,1.0278,0.6595,1.2351,0.2073,-0.3683,0.5756,0.15,,,,,,,,0,0,0,0,0,0,,,,,,,5000,5000,1000,2000,1000,3000,1000,-13.89,0.0,-6.45,-10.34,-7.69,-8.33,-18.18,1,0,1,0,0,0.052,0.015,0.021,0.0,0.0,0.005,0.04444,0.01237,0.01746,0.0,0.00033,0.00605,0,0,0,100,100,100,0,0,0,100,100,100,0,0,0,100,100,100,2020-08-11,2019-10-08,2019-06-14,2020-07-20,2019-09-23,2019-05-30,,,,,,,,,,,,,,,,,,,0.02933,0.01567,0.019,0.00167,0.002,0.007,0,0,0,0,0,0,0,0,0,0,0,0,0,0,0,0,0,0,0,1,1,0,0,0,0,0,0,0,0,0,0,0,0,0,0,0,0,0,0,1,1,0,0,0,0,0,0,0,0,0,0,0,0,0,0,0,0,1,1,1,1,1,1,0,0,0,0,0,0,1,1,1,1,1,1,0,0,0,0,0,0,0,0,0,1,1,1,1,1,1,0,0,0,0,0,0,1,1,1,1,1,1,0,1,1,0,0,1,0,1,1,1,1,1,0.005,,Life.BullStart,Life.Bull,Life.BullStart,Life.BullRetrace,Life.BullStart
2020-10-16,TOPVISN,0.75,0.75,0.75,0.75,0.75,0,0.0,0,0.74918,0.74513,0.00405,0.00511,-0.00106,,,-0.00112,-0.0013,-0.00181,-0.00235,0.74563,0.72554,0.68072,0.62303,0.75,,,,,,,,,,,,,,,,,,,,,,0.0,0.0,0.00036,0.0,,,,,,100.0,100.0,,,,,,,1.0251,0.6491,1.226,0.2009,-0.376,0.5769,0.15,,,,,,,,0,0,0,0,0,0,,,,,,,5000,5000,1000,2000,1000,3000,1000,-13.89,0.0,-6.45,-10.34,-7.69,-8.33,-18.18,1,0,1,0,0,0.052,0.015,0.021,0.0,0.0,0.005,0.04444,0.01237,0.01746,0.0,0.00033,0.00605,0,0,0,100,100,100,0,0,0,100,100,100,0,0,0,100,100,100,2020-08-11,2019-10-08,2019-06-14,2020-07-20,2019-09-23,2019-05-30,,,,,,,,,,,,,,,,,,,0.02933,0.01567,0.019,0.00167,0.002,0.007,0,0,0,0,0,0,0,0,0,0,0,0,0,0,0,0,0,0,0,1,1,0,0,0,0,0,0,0,0,0,0,0,0,0,0,0,0,0,0,1,1,0,0,0,0,0,0,0,0,0,0,0,0,0,0,0,0,1,1,1,1,1,1,0,0,0,0,0,0,1,1,1,1,1,1,0,0,0,0,0,0,0,0,0,1,1,1,1,1,1,0,0,0,0,0,0,1,1,1,1,1,1,0,1,1,0,0,1,0,1,1,1,1,1,0.005,,Life.BullStart,Life.Bull,Life.BullStart,Life.BullRetrace,Life.BullStart
2020-10-19,TOPVISN,0.75,0.75,0.75,0.75,0.75,0,0.0,0,0.74931,0.74549,0.00382,0.00485,-0.00104,,,-0.00109,-0.00122,-0.00166,-0.00218,0.74597,0.7265,0.68209,0.6243,0.75,,,,,,,,,,,,,,,,,,,,,,0.0,0.0,0.00036,0.0,,,,,,100.0,100.0,,,,,,,1.022,0.6388,1.2167,0.1947,-0.3832,0.5779,0.15,,,,,,,,0,0,0,0,0,0,,,,,,,5000,5000,1000,2000,1000,3000,1000,-13.89,0.0,-6.45,-10.34,-7.69,-8.33,-18.18,1,0,1,0,0,0.052,0.015,0.021,0.0,0.0,0.005,0.04444,0.01237,0.01746,0.0,0.00033,0.00605,0,0,0,100,100,100,0,0,0,100,100,100,0,0,0,100,100,100,2020-08-11,2019-10-08,2019-06-14,2020-07-20,2019-09-23,2019-05-30,,,,,,,,,,,,,,,,,,,0.02933,0.01567,0.019,0.00167,0.002,0.007,0,0,0,0,0,0,0,0,0,0,0,0,0,0,0,0,0,0,0,1,1,0,0,0,0,0,0,0,0,0,0,0,0,0,0,0,0,0,0,1,1,0,0,0,0,0,0,0,0,0,0,0,0,0,0,0,0,1,1,1,1,1,1,0,0,0,0,0,0,1,1,1,1,1,1,0,0,0,0,0,0,0,0,0,1,1,1,1,1,1,0,0,0,0,0,0,1,1,1,1,1,1,0,1,1,0,0,1,0,1,1,1,1,1,0.005,,Life.BullStart,Life.Bull,Life.BullStart,Life.BullRetrace,Life.BullStart
2020-10-20,TOPVISN,0.75,0.75,0.75,0.75,0.75,0,0.0,0,0.74942,0.74583,0.00359,0.0046,-0.00101,,,-0.00106,-0.00116,-0.00152,-0.00202,0.74628,0.72742,0.68344,0.62555,0.75,,,,,,,,,,,,,,,,,,,,,,0.0,0.0,0.00036,0.0,,,,,,100.0,100.0,,,,,,,1.0187,0.6284,1.2073,0.1886,-0.3903,0.5789,0.15,,,,,,,,0,0,0,0,0,0,,,,,,,5000,5000,1000,2000,1000,3000,1000,-13.89,0.0,-6.45,-10.34,-7.69,-8.33,-18.18,1,0,1,0,0,0.052,0.015,0.021,0.0,0.0,0.005,0.04444,0.01237,0.01746,0.0,0.00033,0.00605,0,0,0,100,100,100,0,0,0,100,100,100,0,0,0,100,100,100,2020-08-11,2019-10-08,2019-06-14,2020-07-20,2019-09-23,2019-05-30,,,,,,,,,,,,,,,,,,,0.02933,0.01567,0.019,0.00167,0.002,0.007,0,0,0,0,0,0,0,0,0,0,0,0,0,0,0,0,0,0,0,1,1,0,0,0,0,0,0,0,0,0,0,0,0,0,0,0,0,0,0,1,1,0,0,0,0,0,0,0,0,0,0,0,0,0,0,0,0,1,1,1,1,1,1,0,0,0,0,0,0,1,1,1,1,1,1,0,0,0,0,0,0,0,0,0,1,1,1,1,1,1,0,0,0,0,0,0,1,1,1,1,1,1,0,1,1,0,0,1,0,1,1,1,1,1,0.005,,Life.BullStart,Life.Bull,Life.BullStart,Life.BullRetrace,Life.BullStart
2020-10-21,TOPVISN,0.75,0.75,0.75,0.75,0.75,0,0.0,0,0.74951,0.74614,0.00337,0.00435,-0.00099,,,-0.00104,-0.00112,-0.0014,-0.00187,0.74656,0.72831,0.68475,0.62679,0.75,,,,,,,,,,,,,,,,,,,,,,0.0,0.0,0.00036,0.0,,,,,,,,,,,,,,1.0152,0.6181,1.1977,0.1825,-0.3971,0.5796,0.15,,,,,,,,0,0,0,0,0,0,,,,,,,5000,5000,1000,2000,1000,3000,1000,-13.89,0.0,-6.45,-10.34,-7.69,-8.33,-18.18,1,0,1,0,0,0.052,0.015,0.021,0.0,0.0,0.005,0.04444,0.01237,0.01746,0.0,0.00033,0.00605,0,0,0,100,100,100,0,0,0,100,100,100,0,0,0,100,100,100,2020-08-11,2019-10-08,2019-06-14,2020-07-20,2019-09-23,2019-05-30,,,,,,,,,,,,,,,,,,,0.02933,0.01567,0.019,0.00167,0.002,0.007,0,0,0,0,0,0,0,0,0,0,0,0,0,0,0,0,0,0,0,1,1,0,0,0,0,0,0,0,0,0,0,0,0,0,0,0,0,0,0,1,1,0,0,0,0,0,0,0,0,0,0,0,0,0,0,0,0,1,1,1,1,1,1,0,0,0,0,0,0,1,1,1,1,1,1,0,0,0,0,0,0,0,0,0,1,1,1,1,1,1,0,0,0,0,0,0,1,1,1,1,1,1,0,1,1,0,0,1,0,1,1,1,1,1,0.005,,Life.BullStart,Life.Bull,Life.BullStart,Life.BullRetrace,Life.BullStart
2020-10-22,TOPVISN,0.75,0.75,0.75,0.75,0.75,0,0.0,0,0.74958,0.74642,0.00316,0.00412,-0.00096,,,-0.00101,-0.00108,-0.00128,-0.00173,0.74683,0.72916,0.68605,0.62801,0.75,,,,,,,,,,,,,,,,,,,,,,0.0,0.0,0.0,0.0,,,,,,,,,,,,,,1.0115,0.6078,1.1882,0.1767,-0.4037,0.5804,0.15,,,,,,,,0,0,0,0,0,0,,,,,,,5000,5000,1000,2000,1000,3000,1000,-13.89,0.0,-6.45,-10.34,-7.69,-8.33,-18.18,1,0,1,0,0,0.052,0.015,0.021,0.0,0.0,0.005,0.04444,0.01237,0.01746,0.0,0.00033,0.00605,0,0,0,100,100,100,0,0,0,100,100,100,0,0,0,100,100,100,2020-08-11,2019-10-08,2019-06-14,2020-07-20,2019-09-23,2019-05-30,,,,,,,,,,,,,,,,,,,0.02933,0.01567,0.019,0.00167,0.002,0.007,0,0,0,0,0,0,0,0,0,0,0,0,0,0,0,0,0,0,0,1,1,0,0,0,0,0,0,0,0,0,0,0,0,0,0,0,0,0,0,1,1,0,0,0,0,0,0,0,0,0,0,0,0,0,0,0,0,1,1,1,1,1,1,0,0,0,0,0,0,1,1,1,1,1,1,0,0,0,0,0,0,0,0,0,1,1,1,1,1,1,0,0,0,0,0,0,1,1,1,1,1,1,0,1,1,0,0,1,0,1,1,1,1,1,0.005,,Life.BullStart,Life.Bull,Life.BullStart,Life.BullRetrace,Life.BullStart
2020-10-23,TOPVISN,0.75,0.75,0.75,0.75,0.75,0,0.0,0,0.74965,0.74669,0.00296,0.00388,-0.00093,,,-0.00098,-0.00105,-0.0012,-0.0016,0.74707,0.72998,0.68731,0.62923,0.75,,,,,,,,,,,,,,,,,,,,,,0.0,0.0,0.0,0.0,,,,,,,,,,,,,,1.0075,0.5976,1.1784,0.1709,-0.4099,0.5808,0.15,,,,,,,,0,0,0,0,0,0,,,,,,,5000,5000,1000,2000,1000,3000,1000,-13.89,0.0,-6.45,-10.34,-7.69,-8.33,-18.18,1,0,1,0,0,0.052,0.015,0.021,0.0,0.0,0.005,0.04444,0.01237,0.01746,0.0,0.00033,0.00605,0,0,0,100,100,100,0,0,0,100,100,100,0,0,0,100,100,100,2020-08-11,2019-10-08,2019-06-14,2020-07-20,2019-09-23,2019-05-30,,,,,,,,,,,,,,,,,,,0.02933,0.01567,0.019,0.00167,0.002,0.007,0,0,0,0,0,0,0,0,0,0,0,0,0,0,0,0,0,0,0,1,1,0,0,0,0,0,0,0,0,0,0,0,0,0,0,0,0,0,0,1,1,0,0,0,0,0,0,0,0,0,0,0,0,0,0,0,0,1,1,1,1,1,1,0,0,0,0,0,0,1,1,1,1,1,1,0,0,0,0,0,0,0,0,0,1,1,1,1,1,1,0,0,0,0,0,0,1,1,1,1,1,1,0,1,1,0,0,1,0,1,1,1,1,1,0.005,,Life.BullStart,Life.Bull,Life.BullStart,Life.BullRetrace,Life.BullStart
2020-10-26,TOPVISN,0.75,0.75,0.75,0.75,0.75,0,0.0,0,0.7497,0.74693,0.00277,0.00366,-0.00089,,,-0.00095,-0.00102,-0.00113,-0.00148,0.7473,0.73076,0.68855,0.63043,0.75,,,,,,,,,,,,,,,,,,,,,,0.0,0.0,0.0,0.0,,,,,,,,,,,,,,1.0033,0.5875,1.1687,0.1654,-0.4158,0.5812,0.15,,,,,,,,0,0,0,0,0,0,,,,,,,5000,5000,1000,2000,1000,3000,1000,-13.89,0.0,-6.45,-10.34,-7.69,-8.33,-18.18,1,0,1,0,0,0.052,0.015,0.021,0.0,0.0,0.005,0.04444,0.01237,0.01746,0.0,0.00033,0.00605,0,0,0,100,100,100,0,0,0,100,100,100,0,0,0,100,100,100,2020-08-11,2019-10-08,2019-06-14,2020-07-20,2019-09-23,2019-05-30,,,,,,,,,,,,,,,,,,,0.02933,0.01567,0.019,0.00167,0.002,0.007,0,0,0,0,0,0,0,0,0,0,0,0,0,0,0,0,0,0,0,1,1,0,0,0,0,0,0,0,0,0,0,0,0,0,0,0,0,0,0,1,1,0,0,0,0,0,0,0,0,0,0,0,0,0,0,0,0,1,1,1,1,1,1,0,0,0,0,0,0,1,1,1,1,1,1,0,0,0,0,0,0,0,0,0,1,1,1,1,1,1,0,0,0,0,0,0,1,1,1,1,1,1,0,1,1,0,0,1,0,1,1,1,1,1,0.005,,Life.BullStart,Life.Bull,Life.BullStart,Life.BullRetrace,Life.BullStart
2020-10-27,TOPVISN,0.75,0.75,0.75,0.75,0.75,0,0.0,0,0.74975,0.74716,0.00259,0.00345,-0.00086,,,-0.00092,-0.00099,-0.00108,-0.00137,0.74751,0.73152,0.68977,0.63162,0.75,,,,,,,,,,,,,,,,,,,,,,0.0,0.0,0.0,0.0,,,,,,,,,,,,,,0.999,0.5774,1.1589,0.1599,-0.4216,0.5815,0.15,,,,,,,,0,0,0,0,0,0,,,,,,,5000,5000,1000,2000,1000,3000,1000,-13.89,0.0,-6.45,-10.34,-7.69,-8.33,-18.18,1,0,1,0,0,0.052,0.015,0.021,0.0,0.0,0.005,0.04444,0.01237,0.01746,0.0,0.00033,0.00605,0,0,0,100,100,100,0,0,0,100,100,100,0,0,0,100,100,100,2020-08-11,2019-10-08,2019-06-14,2020-07-20,2019-09-23,2019-05-30,,,,,,,,,,,,,,,,,,,0.02933,0.01567,0.019,0.00167,0.002,0.007,0,0,0,0,0,0,0,0,0,0,0,0,0,0,0,0,0,0,0,1,1,0,0,0,0,0,0,0,0,0,0,0,0,0,0,0,0,0,0,1,1,0,0,0,0,0,0,0,0,0,0,0,0,0,0,0,0,1,1,1,1,1,1,0,0,0,0,0,0,1,1,1,1,1,1,0,0,0,0,0,0,0,0,0,1,1,1,1,1,1,0,0,0,0,0,0,1,1,1,1,1,1,0,1,1,0,0,1,0,1,1,1,1,1,0.005,,Life.BullStart,Life.Bull,Life.BullStart,Life.BullRetrace,Life.BullStart
2020-10-28,TOPVISN,0.75,0.75,0.75,0.75,0.75,0,0.0,0,0.74979,0.74737,0.00242,0.00324,-0.00082,,,-0.00089,-0.00096,-0.00104,-0.00127,0.7477,0.73224,0.69096,0.6328,0.75,,,,,,,,,,,,,,,,,,,,,,0.0,0.0,0.0,0.0,,,,,,,,,,,,,,0.9944,0.5674,1.149,0.1546,-0.427,0.5816,0.15,,,,,,,,0,0,0,0,0,0,,,,,,,5000,5000,1000,2000,1000,3000,1000,-13.89,0.0,-6.45,-10.34,-7.69,-8.33,-18.18,1,0,1,0,0,0.052,0.015,0.021,0.0,0.0,0.005,0.04444,0.01237,0.01746,0.0,0.00033,0.00605,0,0,0,100,100,100,0,0,0,100,100,100,0,0,0,100,100,100,2020-08-11,2019-10-08,2019-06-14,2020-07-20,2019-09-23,2019-05-30,,,,,,,,,,,,,,,,,,,0.02933,0.01567,0.019,0.00167,0.002,0.007,0,0,0,0,0,0,0,0,0,0,0,0,0,0,0,0,0,0,0,1,1,0,0,0,0,0,0,0,0,0,0,0,0,0,0,0,0,0,0,1,1,0,0,0,0,0,0,0,0,0,0,0,0,0,0,0,0,1,1,1,1,1,1,0,0,0,0,0,0,1,1,1,1,1,1,0,0,0,0,0,0,0,0,0,1,1,1,1,1,1,0,0,0,0,0,0,1,1,1,1,1,1,0,1,1,0,0,1,0,1,1,1,1,1,0.005,,Life.BullStart,Life.Bull,Life.BullStart,Life.BullRetrace,Life.BullStart
2020-10-30,TOPVISN,0.75,0.75,0.75,0.75,0.75,0,0.0,0,0.74982,0.74757,0.00225,0.00304,-0.00079,,,-0.00086,-0.00093,-0.00101,-0.00118,0.74787,0.73294,0.69213,0.63396,0.75,,,,,,,,,,,,,,,,,,,,,,0.0,0.0,0.0,0.0,,,,,,,,,,,,,,0.9898,0.5574,1.1391,0.1493,-0.4324,0.5817,0.15,,,,,,,,0,0,0,0,0,0,,,,,,,5000,5000,1000,2000,1000,3000,1000,-13.89,0.0,-6.45,-10.34,-7.69,-8.33,-18.18,1,0,1,0,0,0.052,0.015,0.021,0.0,0.0,0.005,0.04444,0.01237,0.01746,0.0,0.00033,0.00605,0,0,0,100,100,100,0,0,0,100,100,100,0,0,0,100,100,100,2020-08-11,2019-10-08,2019-06-14,2020-07-20,2019-09-23,2019-05-30,,,,,,,,,,,,,,,,,,,0.02933,0.01567,0.019,0.00167,0.002,0.007,0,0,0,0,0,0,0,0,0,0,0,0,0,0,0,0,0,0,0,1,1,0,0,0,0,0,0,0,0,0,0,0,0,0,0,0,0,0,0,1,1,0,0,0,0,0,0,0,0,0,0,0,0,0,0,0,0,1,1,1,1,1,1,0,0,0,0,0,0,1,1,1,1,1,1,0,0,0,0,0,0,0,0,0,1,1,1,1,1,1,0,0,0,0,0,0,1,1,1,1,1,1,0,1,1,0,0,1,0,1,1,1,1,1,0.005,,Life.BullStart,Life.Bull,Life.BullStart,Life.BullRetrace,Life.BullStart
2020-11-02,TOPVISN,0.75,0.75,0.75,0.75,0.75,0,0.0,0,0.74985,0.74775,0.0021,0.00285,-0.00075,,,-0.00082,-0.0009,-0.00097,-0.0011,0.74804,0.73361,0.69328,0.63512,0.75,,,,,,,,,,,,,,,,,,,,,,0.0,0.0,0.0,0.0,,,,,,,,,,,,,,0.9849,0.5476,1.1292,0.1443,-0.4373,0.5816,0.15,,,,,,,,0,0,0,0,0,0,,,,,,,5000,5000,1000,2000,1000,3000,1000,-13.89,0.0,-6.45,-10.34,-7.69,-8.33,-18.18,1,0,1,0,0,0.052,0.015,0.021,0.0,0.0,0.005,0.04444,0.01237,0.01746,0.0,0.00033,0.00605,0,0,0,100,100,100,0,0,0,100,100,100,0,0,0,100,100,100,2020-08-11,2019-10-08,2019-06-14,2020-07-20,2019-09-23,2019-05-30,,,,,,,,,,,,,,,,,,,0.02933,0.01567,0.019,0.00167,0.002,0.007,0,0,0,0,0,0,0,0,0,0,0,0,0,0,0,0,0,0,0,1,1,0,0,0,0,0,0,0,0,0,0,0,0,0,0,0,0,0,0,1,1,0,0,0,0,0,0,0,0,0,0,0,0,0,0,0,0,1,1,1,1,1,1,0,0,0,0,0,0,1,1,1,1,1,1,0,0,0,0,0,0,0,0,0,1,1,1,1,1,1,0,0,0,0,0,0,1,1,1,1,1,1,0,1,1,0,0,1,0,1,1,1,1,1,0.005,,Life.BullStart,Life.Bull,Life.BullStart,Life.BullRetrace,Life.BullStart
2020-11-03,TOPVISN,0.75,0.75,0.75,0.75,0.75,0,0.0,0,0.74987,0.74791,0.00196,0.00267,-0.00072,,,-0.00079,-0.00087,-0.00094,-0.00105,0.74819,0.73425,0.6944,0.63626,0.75,,,,,,,,,,,,,,,,,,,,,,0.0,0.0,0.0,0.0,,,,,,,,,,,,,,0.9799,0.5379,1.1193,0.1394,-0.442,0.5814,0.15,,,,,,,,0,0,0,0,0,0,,,,,,,5000,5000,1000,2000,1000,3000,1000,-13.89,0.0,-6.45,-10.34,-7.69,-8.33,-18.18,1,0,1,0,0,0.052,0.015,0.021,0.0,0.0,0.005,0.04444,0.01237,0.01746,0.0,0.00033,0.00605,0,0,0,100,100,100,0,0,0,100,100,100,0,0,0,100,100,100,2020-08-11,2019-10-08,2019-06-14,2020-07-20,2019-09-23,2019-05-30,,,,,,,,,,,,,,,,,,,0.02933,0.01567,0.019,0.00167,0.002,0.007,0,0,0,0,0,0,0,0,0,0,0,0,0,0,0,0,0,0,0,1,1,0,0,0,0,0,0,0,0,0,0,0,0,0,0,0,0,0,0,1,1,0,0,0,0,0,0,0,0,0,0,0,0,0,0,0,0,1,1,1,1,1,1,0,0,0,0,0,0,1,1,1,1,1,1,0,0,0,0,0,0,0,0,0,1,1,1,1,1,1,0,0,0,0,0,0,1,1,1,1,1,1,0,1,1,0,0,1,0,1,1,1,1,1,0.005,,Life.BullStart,Life.Bull,Life.BullStart,Life.BullRetrace,Life.BullStart
2020-11-04,TOPVISN,0.75,0.75,0.75,0.75,0.75,0,0.0,0,0.74989,0.74807,0.00182,0.0025,-0.00068,,,-0.00075,-0.00084,-0.00091,-0.001,0.74833,0.73487,0.6955,0.63739,0.75,,,,,,,,,,,,,,,,,,,,,,0.0,0.0,0.0,0.0,,,,,,,,,,,,,,0.9748,0.5283,1.1094,0.1346,-0.4465,0.5811,0.15,,,,,,,,0,0,0,0,0,0,,,,,,,5000,5000,1000,2000,1000,3000,1000,-13.89,0.0,-6.45,-10.34,-7.69,-8.33,-18.18,1,0,1,0,0,0.052,0.015,0.021,0.0,0.0,0.005,0.04444,0.01237,0.01746,0.0,0.00033,0.00605,0,0,0,100,100,100,0,0,0,100,100,100,0,0,0,100,100,100,2020-08-11,2019-10-08,2019-06-14,2020-07-20,2019-09-23,2019-05-30,,,,,,,,,,,,,,,,,,,0.02933,0.01567,0.019,0.00167,0.002,0.007,0,0,0,0,0,0,0,0,0,0,0,0,0,0,0,0,0,0,0,1,1,0,0,0,0,0,0,0,0,0,0,0,0,0,0,0,0,0,0,1,1,0,0,0,0,0,0,0,0,0,0,0,0,0,0,0,0,1,1,1,1,1,1,0,0,0,0,0,0,1,1,1,1,1,1,0,0,0,0,0,0,0,0,0,1,1,1,1,1,1,0,0,0,0,0,0,1,1,1,1,1,1,0,1,1,0,0,1,0,1,1,1,1,1,0.005,,Life.BullStart,Life.Bull,Life.BullStart,Life.BullRetrace,Life.BullStart
2020-11-05,TOPVISN,0.75,0.75,0.75,0.75,0.75,0,0.0,0,0.74991,0.74821,0.0017,0.00234,-0.00065,,,-0.00072,-0.0008,-0.00088,-0.00096,0.74846,0.73546,0.69658,0.63851,0.75,,,,,,,,,,,,,,,,,,,,,,0.0,0.0,0.0,0.0,,,,,,,,,,,,,,0.9695,0.5188,1.0995,0.13,-0.4507,0.5807,0.15,,,,,,,,0,0,0,0,0,0,,,,,,,5000,5000,1000,2000,1000,3000,1000,-13.89,0.0,-6.45,-10.34,-7.69,-8.33,-18.18,1,0,1,0,0,0.052,0.015,0.021,0.0,0.0,0.005,0.04444,0.01237,0.01746,0.0,0.00033,0.00605,0,0,0,100,100,100,0,0,0,100,100,100,0,0,0,100,100,100,2020-08-11,2019-10-08,2019-06-14,2020-07-20,2019-09-23,2019-05-30,,,,,,,,,,,,,,,,,,,0.02933,0.01567,0.019,0.00167,0.002,0.007,0,0,0,0,0,0,0,0,0,0,0,0,0,0,0,0,0,0,0,1,1,0,0,0,0,0,0,0,0,0,0,0,0,0,0,0,0,0,0,1,1,0,0,0,0,0,0,0,0,0,0,0,0,0,0,0,0,1,1,1,1,1,1,0,0,0,0,0,0,1,1,1,1,1,1,0,0,0,0,0,0,0,0,0,1,1,1,1,1,1,0,0,0,0,0,0,1,1,1,1,1,1,0,1,1,0,0,1,0,1,1,1,1,1,0.005,,Life.BullStart,Life.Bull,Life.BullStart,Life.BullRetrace,Life.BullStart
2020-11-06,TOPVISN,0.75,0.75,0.75,0.75,0.75,0,0.0,0,0.74992,0.74834,0.00158,0.00219,-0.00061,,,-0.00068,-0.00077,-0.00085,-0.00093,0.74858,0.73603,0.69764,0.63962,0.75,,,,,,,,,,,,,,,,,,,,,,0.0,0.0,0.0,0.0,,,,,,,,,,,,,,0.9641,0.5094,1.0896,0.1255,-0.4547,0.5802,0.15,,,,,,,,0,0,0,0,0,0,,,,,,,5000,5000,1000,2000,1000,3000,1000,-13.89,0.0,-6.45,-10.34,-7.69,-8.33,-18.18,1,0,1,0,0,0.052,0.015,0.021,0.0,0.0,0.005,0.04444,0.01237,0.01746,0.0,0.00033,0.00605,0,0,0,100,100,100,0,0,0,100,100,100,0,0,0,100,100,100,2020-08-11,2019-10-08,2019-06-14,2020-07-20,2019-09-23,2019-05-30,,,,,,,,,,,,,,,,,,,0.02933,0.01567,0.019,0.00167,0.002,0.007,0,0,0,0,0,0,0,0,0,0,0,0,0,0,0,0,0,0,0,1,1,0,0,0,0,0,0,0,0,0,0,0,0,0,0,0,0,0,0,1,1,0,0,0,0,0,0,0,0,0,0,0,0,0,0,0,0,1,1,1,1,1,1,0,0,0,0,0,0,1,1,1,1,1,1,0,0,0,0,0,0,0,0,0,1,1,1,1,1,1,0,0,0,0,0,0,1,1,1,1,1,1,0,1,1,0,0,1,0,1,1,1,1,1,0.005,,Life.BullStart,Life.Bull,Life.BullStart,Life.BullRetrace,Life.BullStart
2020-11-09,TOPVISN,0.75,0.75,0.75,0.75,0.75,0,0.0,0,0.74993,0.74847,0.00147,0.00205,-0.00058,,,-0.00065,-0.00074,-0.00082,-0.00089,0.74869,0.73658,0.69868,0.64072,0.75,,,,,,,,,,,,,,,,,,,,,,0.0,0.0,0.0,0.0,,,,,,,,,,,,,,0.9586,0.5001,1.0797,0.1211,-0.4585,0.5796,0.15,,,,,,,,0,0,0,0,0,0,,,,,,,5000,5000,1000,2000,1000,3000,1000,-13.89,0.0,-6.45,-10.34,-7.69,-8.33,-18.18,1,0,1,0,0,0.052,0.015,0.021,0.0,0.0,0.005,0.04444,0.01237,0.01746,0.0,0.00033,0.00605,0,0,0,100,100,100,0,0,0,100,100,100,0,0,0,100,100,100,2020-08-11,2019-10-08,2019-06-14,2020-07-20,2019-09-23,2019-05-30,,,,,,,,,,,,,,,,,,,0.02933,0.01567,0.019,0.00167,0.002,0.007,0,0,0,0,0,0,0,0,0,0,0,0,0,0,0,0,0,0,0,1,1,0,0,0,0,0,0,0,0,0,0,0,0,0,0,0,0,0,0,1,1,0,0,0,0,0,0,0,0,0,0,0,0,0,0,0,0,1,1,1,1,1,1,0,0,0,0,0,0,1,1,1,1,1,1,0,0,0,0,0,0,0,0,0,1,1,1,1,1,1,0,0,0,0,0,0,1,1,1,1,1,1,0,1,1,0,0,1,0,1,1,1,1,1,0.005,,Life.BullStart,Life.Bull,Life.BullStart,Life.BullRetrace,Life.BullStart
2020-11-10,TOPVISN,0.75,0.75,0.75,0.75,0.75,0,0.0,0,0.74994,0.74858,0.00136,0.00191,-0.00054,,,-0.00061,-0.0007,-0.00079,-0.00086,0.74879,0.7371,0.69969,0.64181,0.75,,,,,,,,,,,,,,,,,,,,,,0.0,0.0,0.0,0.0,,,,,,,,,,,,,,0.9529,0.491,1.0698,0.1169,-0.4619,0.5788,0.15,,,,,,,,0,0,0,0,0,0,,,,,,,5000,5000,1000,2000,1000,3000,1000,-13.89,0.0,-6.45,-10.34,-7.69,-8.33,-18.18,1,0,1,0,0,0.052,0.015,0.021,0.0,0.0,0.005,0.04444,0.01237,0.01746,0.0,0.00033,0.00605,0,0,0,100,100,100,0,0,0,100,100,100,0,0,0,100,100,100,2020-08-11,2019-10-08,2019-06-14,2020-07-20,2019-09-23,2019-05-30,,,,,,,,,,,,,,,,,,,0.02933,0.01567,0.019,0.00167,0.002,0.007,0,0,0,0,0,0,0,0,0,0,0,0,0,0,0,0,0,0,0,1,1,0,0,0,0,0,0,0,0,0,0,0,0,0,0,0,0,0,0,1,1,0,0,0,0,0,0,0,0,0,0,0,0,0,0,0,0,1,1,1,1,1,1,0,0,0,0,0,0,1,1,1,1,1,1,0,0,0,0,0,0,0,0,0,1,1,1,1,1,1,0,0,0,0,0,0,1,1,1,1,1,1,0,1,1,0,0,1,0,1,1,1,1,1,0.005,,Life.BullStart,Life.Bull,Life.BullStart,Life.BullRetrace,Life.BullStart
2020-11-11,TOPVISN,0.75,0.75,0.75,0.75,0.75,0,0.0,0,0.74995,0.74868,0.00127,0.00178,-0.00051,,,-0.00058,-0.00067,-0.00075,-0.00083,0.74888,0.73761,0.70069,0.64288,0.75,,,,,,,,,,,,,,,,,,,,,,0.0,0.0,0.0,0.0,,,,,,,,,,,,,,0.9473,0.4819,1.06,0.1127,-0.4654,0.5781,0.15,,,,,,,,0,0,0,0,0,0,,,,,,,5000,5000,1000,2000,1000,3000,1000,-13.89,0.0,-6.45,-10.34,-7.69,-8.33,-18.18,1,0,1,0,0,0.052,0.015,0.021,0.0,0.0,0.005,0.04444,0.01237,0.01746,0.0,0.00033,0.00605,0,0,0,100,100,100,0,0,0,100,100,100,0,0,0,100,100,100,2020-08-11,2019-10-08,2019-06-14,2020-07-20,2019-09-23,2019-05-30,,,,,,,,,,,,,,,,,,,0.02933,0.01567,0.019,0.00167,0.002,0.007,0,0,0,0,0,0,0,0,0,0,0,0,0,0,0,0,0,0,0,1,1,0,0,0,0,0,0,0,0,0,0,0,0,0,0,0,0,0,0,1,1,0,0,0,0,0,0,0,0,0,0,0,0,0,0,0,0,1,1,1,1,1,1,0,0,0,0,0,0,1,1,1,1,1,1,0,0,0,0,0,0,0,0,0,1,1,1,1,1,1,0,0,0,0,0,0,1,1,1,1,1,1,0,1,1,0,0,1,0,1,1,1,1,1,0.005,,Life.BullStart,Life.Bull,Life.BullStart,Life.BullRetrace,Life.BullStart
2020-11-12,TOPVISN,0.75,0.75,0.75,0.75,0.75,0,0.0,0,0.74996,0.74878,0.00118,0.00166,-0.00048,,,-0.00055,-0.00063,-0.00072,-0.0008,0.74897,0.7381,0.70166,0.64395,0.75,,,,,,,,,,,,,,,,,,,,,,0.0,0.0,0.0,0.0,,,,,,,,,,,,,,0.9415,0.4731,1.0502,0.1087,-0.4684,0.5771,0.15,,,,,,,,0,0,0,0,0,0,,,,,,,5000,5000,1000,2000,1000,3000,1000,-13.89,0.0,-6.45,-10.34,-7.69,-8.33,-18.18,1,0,1,0,0,0.052,0.015,0.021,0.0,0.0,0.005,0.04444,0.01237,0.01746,0.0,0.00033,0.00605,0,0,0,100,100,100,0,0,0,100,100,100,0,0,0,100,100,100,2020-08-11,2019-10-08,2019-06-14,2020-07-20,2019-09-23,2019-05-30,,,,,,,,,,,,,,,,,,,0.02933,0.01567,0.019,0.00167,0.002,0.007,0,0,0,0,0,0,0,0,0,0,0,0,0,0,0,0,0,0,0,1,1,0,0,0,0,0,0,0,0,0,0,0,0,0,0,0,0,0,0,1,1,0,0,0,0,0,0,0,0,0,0,0,0,0,0,0,0,1,1,1,1,1,1,0,0,0,0,0,0,1,1,1,1,1,1,0,0,0,0,0,0,0,0,0,1,1,1,1,1,1,0,0,0,0,0,0,1,1,1,1,1,1,0,1,1,0,0,1,0,1,1,1,1,1,0.005,,Life.BullStart,Life.Bull,Life.BullStart,Life.BullRetrace,Life.BullStart
2020-11-13,TOPVISN,0.75,0.75,0.75,0.75,0.75,0,0.0,0,0.74997,0.74887,0.00109,0.00155,-0.00045,,,-0.00051,-0.0006,-0.00068,-0.00077,0.74905,0.73856,0.70262,0.645,0.75,,,,,,,,,,,,,,,,,,,,,,0.0,0.0,0.0,0.0,,,,,,,,,,,,,,0.9356,0.4643,1.0405,0.1049,-0.4713,0.5762,0.15,,,,,,,,0,0,0,0,0,0,,,,,,,5000,5000,1000,2000,1000,3000,1000,-13.89,0.0,-6.45,-10.34,-7.69,-8.33,-18.18,1,0,1,0,0,0.052,0.015,0.021,0.0,0.0,0.005,0.04444,0.01237,0.01746,0.0,0.00033,0.00605,0,0,0,100,100,100,0,0,0,100,100,100,0,0,0,100,100,100,2020-08-11,2019-10-08,2019-06-14,2020-07-20,2019-09-23,2019-05-30,,,,,,,,,,,,,,,,,,,0.02933,0.01567,0.019,0.00167,0.002,0.007,0,0,0,0,0,0,0,0,0,0,0,0,0,0,0,0,0,0,0,1,1,0,0,0,0,0,0,0,0,0,0,0,0,0,0,0,0,0,0,1,1,0,0,0,0,0,0,0,0,0,0,0,0,0,0,0,0,1,1,1,1,1,1,0,0,0,0,0,0,1,1,1,1,1,1,0,0,0,0,0,0,0,0,0,1,1,1,1,1,1,0,0,0,0,0,0,1,1,1,1,1,1,0,1,1,0,0,1,0,1,1,1,1,1,0.005,,Life.BullStart,Life.Bull,Life.BullStart,Life.BullRetrace,Life.BullStart
2020-11-16,TOPVISN,0.75,0.75,0.75,0.75,0.75,0,0.0,0,0.74997,0.74896,0.00102,0.00144,-0.00043,,,-0.00048,-0.00057,-0.00065,-0.00073,0.74912,0.73901,0.70356,0.64605,0.75,,,,,,,,,,,,,,,,,,,,,,0.0,0.0,0.0,0.0,,,,,,,,,,,,,,0.9296,0.4556,1.0307,0.1011,-0.474,0.5751,0.15,,,,,,,,0,0,0,0,0,0,,,,,,,5000,5000,1000,2000,1000,3000,1000,-13.89,0.0,-6.45,-10.34,-7.69,-8.33,-18.18,1,0,1,0,0,0.052,0.015,0.021,0.0,0.0,0.005,0.04444,0.01237,0.01746,0.0,0.00033,0.00605,0,0,0,100,100,100,0,0,0,100,100,100,0,0,0,100,100,100,2020-08-11,2019-10-08,2019-06-14,2020-07-20,2019-09-23,2019-05-30,,,,,,,,,,,,,,,,,,,0.02933,0.01567,0.019,0.00167,0.002,0.007,0,0,0,0,0,0,0,0,0,0,0,0,0,0,0,0,0,0,0,1,1,0,0,0,0,0,0,0,0,0,0,0,0,0,0,0,0,0,0,1,1,0,0,0,0,0,0,0,0,0,0,0,0,0,0,0,0,1,1,1,1,1,1,0,0,0,0,0,0,1,1,1,1,1,1,0,0,0,0,0,0,0,0,0,1,1,1,1,1,1,0,0,0,0,0,0,1,1,1,1,1,1,0,1,1,0,0,1,0,1,1,1,1,1,0.005,,Life.BullStart,Life.Bull,Life.BullStart,Life.BullRetrace,Life.BullStart
2020-11-17,TOPVISN,0.75,0.75,0.75,0.75,0.75,0,0.0,0,0.74998,0.74903,0.00094,0.00134,-0.0004,,,-0.00045,-0.00053,-0.00062,-0.0007,0.74919,0.73944,0.70448,0.64708,0.75,,,,,,,,,,,,,,,,,,,,,,0.0,0.0,0.0,0.0,,,,,,,,,,,,,,0.9236,0.4471,1.0211,0.0975,-0.4765,0.574,0.15,,,,,,,,0,0,0,0,0,0,,,,,,,5000,5000,1000,2000,1000,3000,1000,-13.89,0.0,-6.45,-10.34,-7.69,-8.33,-18.18,1,0,1,0,0,0.052,0.015,0.021,0.0,0.0,0.005,0.04444,0.01237,0.01746,0.0,0.00033,0.00605,0,0,0,100,100,100,0,0,0,100,100,100,0,0,0,100,100,100,2020-08-11,2019-10-08,2019-06-14,2020-07-20,2019-09-23,2019-05-30,,,,,,,,,,,,,,,,,,,0.02933,0.01567,0.019,0.00167,0.002,0.007,0,0,0,0,0,0,0,0,0,0,0,0,0,0,0,0,0,0,0,1,1,0,0,0,0,0,0,0,0,0,0,0,0,0,0,0,0,0,0,1,1,0,0,0,0,0,0,0,0,0,0,0,0,0,0,0,0,1,1,1,1,1,1,0,0,0,0,0,0,1,1,1,1,1,1,0,0,0,0,0,0,0,0,0,1,1,1,1,1,1,0,0,0,0,0,0,1,1,1,1,1,1,0,1,1,0,0,1,0,1,1,1,1,1,0.005,,Life.BullStart,Life.Bull,Life.BullStart,Life.BullRetrace,Life.BullStart
2020-11-18,TOPVISN,0.75,0.75,0.75,0.75,0.75,0,0.0,0,0.74998,0.7491,0.00087,0.00125,-0.00037,,,-0.00043,-0.0005,-0.00059,-0.00067,0.74925,0.73986,0.70538,0.64811,0.75,,,,,,,,,,,,,,,,,,,,,,0.0,0.0,0.0,0.0,,,,,,,,,,,,,,0.9175,0.4387,1.0114,0.0939,-0.4788,0.5727,0.15,,,,,,,,0,0,0,0,0,0,,,,,,,5000,5000,1000,2000,1000,3000,1000,-13.89,0.0,-6.45,-10.34,-7.69,-8.33,-18.18,1,0,1,0,0,0.052,0.015,0.021,0.0,0.0,0.005,0.04444,0.01237,0.01746,0.0,0.00033,0.00605,0,0,0,100,100,100,0,0,0,100,100,100,0,0,0,100,100,100,2020-08-11,2019-10-08,2019-06-14,2020-07-20,2019-09-23,2019-05-30,,,,,,,,,,,,,,,,,,,0.02933,0.01567,0.019,0.00167,0.002,0.007,0,0,0,0,0,0,0,0,0,0,0,0,0,0,0,0,0,0,0,1,1,0,0,0,0,0,0,0,0,0,0,0,0,0,0,0,0,0,0,1,1,0,0,0,0,0,0,0,0,0,0,0,0,0,0,0,0,1,1,1,1,1,1,0,0,0,0,0,0,1,1,1,1,1,1,0,0,0,0,0,0,0,0,0,1,1,1,1,1,1,0,0,0,0,0,0,1,1,1,1,1,1,0,1,1,0,0,1,0,1,1,1,1,1,0.005,,Life.BullStart,Life.Bull,Life.BullStart,Life.BullRetrace,Life.BullStart
2020-11-19,TOPVISN,0.75,0.75,0.75,0.75,0.75,0,0.0,0,0.74998,0.74917,0.00081,0.00116,-0.00035,,,-0.0004,-0.00047,-0.00055,-0.00064,0.74931,0.74025,0.70626,0.64912,0.75,,,,,,,,,,,,,,,,,,,,,,0.0,0.0,0.0,0.0,,,,,,,,,,,,,,0.9113,0.4305,1.0019,0.0906,-0.4808,0.5714,0.15,,,,,,,,0,0,0,0,0,0,,,,,,,5000,5000,1000,2000,1000,3000,1000,-13.89,0.0,-6.45,-10.34,-7.69,-8.33,-18.18,1,0,1,0,0,0.052,0.015,0.021,0.0,0.0,0.005,0.04444,0.01237,0.01746,0.0,0.00033,0.00605,0,0,0,100,100,100,0,0,0,100,100,100,0,0,0,100,100,100,2020-08-11,2019-10-08,2019-06-14,2020-07-20,2019-09-23,2019-05-30,,,,,,,,,,,,,,,,,,,0.02933,0.01567,0.019,0.00167,0.002,0.007,0,0,0,0,0,0,0,0,0,0,0,0,0,0,0,0,0,0,0,1,1,0,0,0,0,0,0,0,0,0,0,0,0,0,0,0,0,0,0,1,1,0,0,0,0,0,0,0,0,0,0,0,0,0,0,0,0,1,1,1,1,1,1,0,0,0,0,0,0,1,1,1,1,1,1,0,0,0,0,0,0,0,0,0,1,1,1,1,1,1,0,0,0,0,0,0,1,1,1,1,1,1,0,1,1,0,0,1,0,1,1,1,1,1,0.005,,Life.BullStart,Life.Bull,Life.BullStart,Life.BullRetrace,Life.BullStart
2020-11-20,TOPVISN,0.75,0.75,0.75,0.75,0.75,0,0.0,0,0.74999,0.74923,0.00075,0.00108,-0.00033,,,-0.00037,-0.00044,-0.00052,-0.00061,0.74936,0.74064,0.70713,0.65012,0.75,,,,,,,,,,,,,,,,,,,,,,0.0,0.0,0.0,0.0,,,,,,,,,,,,,,0.9052,0.4223,0.9924,0.0872,-0.4829,0.5701,0.15,,,,,,,,0,0,0,0,0,0,,,,,,,5000,5000,1000,2000,1000,3000,1000,-13.89,0.0,-6.45,-10.34,-7.69,-8.33,-18.18,1,0,1,0,0,0.052,0.015,0.021,0.0,0.0,0.005,0.04444,0.01237,0.01746,0.0,0.00033,0.00605,0,0,0,100,100,100,0,0,0,100,100,100,0,0,0,100,100,100,2020-08-11,2019-10-08,2019-06-14,2020-07-20,2019-09-23,2019-05-30,,,,,,,,,,,,,,,,,,,0.02933,0.01567,0.019,0.00167,0.002,0.007,0,0,0,0,0,0,0,0,0,0,0,0,0,0,0,0,0,0,0,1,1,0,0,0,0,0,0,0,0,0,0,0,0,0,0,0,0,0,0,1,1,0,0,0,0,0,0,0,0,0,0,0,0,0,0,0,0,1,1,1,1,1,1,0,0,0,0,0,0,1,1,1,1,1,1,0,0,0,0,0,0,0,0,0,1,1,1,1,1,1,0,0,0,0,0,0,1,1,1,1,1,1,0,1,1,0,0,1,0,1,1,1,1,1,0.005,,Life.BullStart,Life.Bull,Life.BullStart,Life.BullRetrace,Life.BullStart
2020-11-23,TOPVISN,0.75,0.75,0.75,0.75,0.75,0,0.0,0,0.74999,0.74929,0.0007,0.001,-0.0003,,,-0.00035,-0.00042,-0.00049,-0.00058,0.74941,0.741,0.70798,0.65112,0.75,,,,,,,,,,,,,,,,,,,,,,0.0,0.0,0.0,0.0,,,,,,,,,,,,,,0.8988,0.4143,0.9829,0.0841,-0.4845,0.5686,0.15,,,,,,,,0,0,0,0,0,0,,,,,,,5000,5000,1000,2000,1000,3000,1000,-13.89,0.0,-6.45,-10.34,-7.69,-8.33,-18.18,1,0,1,0,0,0.052,0.015,0.021,0.0,0.0,0.005,0.04444,0.01237,0.01746,0.0,0.00033,0.00605,0,0,0,100,100,100,0,0,0,100,100,100,0,0,0,100,100,100,2020-08-11,2019-10-08,2019-06-14,2020-07-20,2019-09-23,2019-05-30,,,,,,,,,,,,,,,,,,,0.02933,0.01567,0.019,0.00167,0.002,0.007,0,0,0,0,0,0,0,0,0,0,0,0,0,0,0,0,0,0,0,1,1,0,0,0,0,0,0,0,0,0,0,0,0,0,0,0,0,0,0,1,1,0,0,0,0,0,0,0,0,0,0,0,0,0,0,0,0,1,1,1,1,1,1,0,0,0,0,0,0,1,1,1,1,1,1,0,0,0,0,0,0,0,0,0,1,1,1,1,1,1,0,0,0,0,0,0,1,1,1,1,1,1,0,1,1,0,0,1,0,1,1,1,1,1,0.005,,Life.BullStart,Life.Bull,Life.BullStart,Life.BullRetrace,Life.BullStart
2020-11-24,TOPVISN,0.75,0.75,0.75,0.75,0.75,0,0.0,0,0.74999,0.74934,0.00065,0.00093,-0.00028,,,-0.00033,-0.00039,-0.00046,-0.00055,0.74945,0.74136,0.70881,0.6521,0.75,,,,,,,,,,,,,,,,,,,,,,0.0,0.0,0.0,0.0,,,,,,,,,,,,,,0.8926,0.4064,0.9735,0.0809,-0.4862,0.5671,0.15,,,,,,,,0,0,0,0,0,0,,,,,,,5000,5000,1000,2000,1000,3000,1000,-13.89,0.0,-6.45,-10.34,-7.69,-8.33,-18.18,1,0,1,0,0,0.052,0.015,0.021,0.0,0.0,0.005,0.04444,0.01237,0.01746,0.0,0.00033,0.00605,0,0,0,100,100,100,0,0,0,100,100,100,0,0,0,100,100,100,2020-08-11,2019-10-08,2019-06-14,2020-07-20,2019-09-23,2019-05-30,,,,,,,,,,,,,,,,,,,0.02933,0.01567,0.019,0.00167,0.002,0.007,0,0,0,0,0,0,0,0,0,0,0,0,0,0,0,0,0,0,0,1,1,0,0,0,0,0,0,0,0,0,0,0,0,0,0,0,0,0,0,1,1,0,0,0,0,0,0,0,0,0,0,0,0,0,0,0,0,1,1,1,1,1,1,0,0,0,0,0,0,1,1,1,1,1,1,0,0,0,0,0,0,0,0,0,1,1,1,1,1,1,0,0,0,0,0,0,1,1,1,1,1,1,0,1,1,0,0,1,0,1,1,1,1,1,0.005,,Life.BullStart,Life.Bull,Life.BullStart,Life.BullRetrace,Life.BullStart
2020-11-25,TOPVISN,0.75,0.75,0.75,0.75,0.75,0,0.0,0,0.74999,0.74939,0.0006,0.00087,-0.00027,,,-0.00031,-0.00037,-0.00044,-0.00052,0.7495,0.7417,0.70963,0.65308,0.75,,,,,,,,,,,,,,,,,,,,,,0.0,0.0,0.0,0.0,,,,,,,,,,,,,,0.8862,0.3987,0.9642,0.078,-0.4875,0.5655,0.15,,,,,,,,0,0,0,0,0,0,,,,,,,5000,5000,1000,2000,1000,3000,1000,-13.89,0.0,-6.45,-10.34,-7.69,-8.33,-18.18,1,0,1,0,0,0.052,0.015,0.021,0.0,0.0,0.005,0.04444,0.01237,0.01746,0.0,0.00033,0.00605,0,0,0,100,100,100,0,0,0,100,100,100,0,0,0,100,100,100,2020-08-11,2019-10-08,2019-06-14,2020-07-20,2019-09-23,2019-05-30,,,,,,,,,,,,,,,,,,,0.02933,0.01567,0.019,0.00167,0.002,0.007,0,0,0,0,0,0,0,0,0,0,0,0,0,0,0,0,0,0,0,1,1,0,0,0,0,0,0,0,0,0,0,0,0,0,0,0,0,0,0,1,1,0,0,0,0,0,0,0,0,0,0,0,0,0,0,0,0,1,1,1,1,1,1,0,0,0,0,0,0,1,1,1,1,1,1,0,0,0,0,0,0,0,0,0,1,1,1,1,1,1,0,0,0,0,0,0,1,1,1,1,1,1,0,1,1,0,0,1,0,1,1,1,1,1,0.005,,Life.BullStart,Life.Bull,Life.BullStart,Life.BullRetrace,Life.BullStart
2020-11-26,TOPVISN,0.75,0.75,0.75,0.75,0.75,0,0.0,0,0.74999,0.74944,0.00056,0.0008,-0.00025,,,-0.00029,-0.00034,-0.00041,-0.00049,0.74954,0.74202,0.71043,0.65404,0.75,,,,,,,,,,,,,,,,,,,,,,0.0,0.0,0.0,0.0,,,,,,,,,,,,,,0.8798,0.3911,0.955,0.0752,-0.4887,0.5639,0.15,,,,,,,,0,0,0,0,0,0,,,,,,,5000,5000,1000,2000,1000,3000,1000,-13.89,0.0,-6.45,-10.34,-7.69,-8.33,-18.18,1,0,1,0,0,0.052,0.015,0.021,0.0,0.0,0.005,0.04444,0.01237,0.01746,0.0,0.00033,0.00605,0,0,0,100,100,100,0,0,0,100,100,100,0,0,0,100,100,100,2020-08-11,2019-10-08,2019-06-14,2020-07-20,2019-09-23,2019-05-30,,,,,,,,,,,,,,,,,,,0.02933,0.01567,0.019,0.00167,0.002,0.007,0,0,0,0,0,0,0,0,0,0,0,0,0,0,0,0,0,0,0,1,1,0,0,0,0,0,0,0,0,0,0,0,0,0,0,0,0,0,0,1,1,0,0,0,0,0,0,0,0,0,0,0,0,0,0,0,0,1,1,1,1,1,1,0,0,0,0,0,0,1,1,1,1,1,1,0,0,0,0,0,0,0,0,0,1,1,1,1,1,1,0,0,0,0,0,0,1,1,1,1,1,1,0,1,1,0,0,1,0,1,1,1,1,1,0.005,,Life.BullStart,Life.Bull,Life.BullStart,Life.BullRetrace,Life.BullStart
2020-11-27,TOPVISN,0.75,0.75,0.75,0.75,0.75,0,0.0,0,0.74999,0.74948,0.00052,0.00075,-0.00023,,,-0.00027,-0.00032,-0.00039,-0.00046,0.74957,0.74233,0.71121,0.655,0.75,,,,,,,,,,,,,,,,,,,,,,0.0,0.0,0.0,0.0,,,,,,,,,,,,,,0.8733,0.3836,0.9457,0.0724,-0.4897,0.5621,0.15,,,,,,,,0,0,0,0,0,0,,,,,,,5000,5000,1000,2000,1000,3000,1000,-13.89,0.0,-6.45,-10.34,-7.69,-8.33,-18.18,1,0,1,0,0,0.052,0.015,0.021,0.0,0.0,0.005,0.04444,0.01237,0.01746,0.0,0.00033,0.00605,0,0,0,100,100,100,0,0,0,100,100,100,0,0,0,100,100,100,2020-08-11,2019-10-08,2019-06-14,2020-07-20,2019-09-23,2019-05-30,,,,,,,,,,,,,,,,,,,0.02933,0.01567,0.019,0.00167,0.002,0.007,0,0,0,0,0,0,0,0,0,0,0,0,0,0,0,0,0,0,0,1,1,0,0,0,0,0,0,0,0,0,0,0,0,0,0,0,0,0,0,1,1,0,0,0,0,0,0,0,0,0,0,0,0,0,0,0,0,1,1,1,1,1,1,0,0,0,0,0,0,1,1,1,1,1,1,0,0,0,0,0,0,0,0,0,1,1,1,1,1,1,0,0,0,0,0,0,1,1,1,1,1,1,0,1,1,0,0,1,0,1,1,1,1,1,0.005,,Life.BullStart,Life.Bull,Life.BullStart,Life.BullRetrace,Life.BullStart
2020-11-30,TOPVISN,0.75,0.75,0.75,0.75,0.75,0,0.0,0,0.74999,0.74952,0.00048,0.00069,-0.00021,,,-0.00025,-0.0003,-0.00036,-0.00043,0.7496,0.74263,0.71198,0.65594,0.75,,,,,,,,,,,,,,,,,,,,,,0.0,0.0,0.0,0.0,,,,,,,,,,,,,,0.8669,0.3762,0.9366,0.0697,-0.4907,0.5604,0.15,,,,,,,,0,0,0,0,0,0,,,,,,,5000,5000,1000,2000,1000,3000,1000,-13.89,0.0,-6.45,-10.34,-7.69,-8.33,-18.18,1,0,1,0,0,0.052,0.015,0.021,0.0,0.0,0.005,0.04444,0.01237,0.01746,0.0,0.00033,0.00605,0,0,0,100,100,100,0,0,0,100,100,100,0,0,0,100,100,100,2020-08-11,2019-10-08,2019-06-14,2020-07-20,2019-09-23,2019-05-30,,,,,,,,,,,,,,,,,,,0.02933,0.01567,0.019,0.00167,0.002,0.007,0,0,0,0,0,0,0,0,0,0,0,0,0,0,0,0,0,0,0,1,1,0,0,0,0,0,0,0,0,0,0,0,0,0,0,0,0,0,0,1,1,0,0,0,0,0,0,0,0,0,0,0,0,0,0,0,0,1,1,1,1,1,1,0,0,0,0,0,0,1,1,1,1,1,1,0,0,0,0,0,0,0,0,0,1,1,1,1,1,1,0,0,0,0,0,0,1,1,1,1,1,1,0,1,1,0,0,1,0,1,1,1,1,1,0.005,,Life.BullStart,Life.Bull,Life.BullStart,Life.BullRetrace,Life.BullStart
2020-12-01,TOPVISN,0.75,0.75,0.75,0.75,0.75,0,0.0,0,0.75,0.74955,0.00044,0.00064,-0.0002,,,-0.00023,-0.00028,-0.00034,-0.00041,0.74963,0.74292,0.71273,0.65688,0.75,,,,,,,,,,,,,,,,,,,,,,0.0,0.0,0.0,0.0,,,,,,,,,,,,,,0.8604,0.369,0.9275,0.0671,-0.4914,0.5585,0.15,,,,,,,,0,0,0,0,0,0,,,,,,,5000,5000,1000,2000,1000,3000,1000,-13.89,0.0,-6.45,-10.34,-7.69,-8.33,-18.18,1,0,1,0,0,0.052,0.015,0.021,0.0,0.0,0.005,0.04444,0.01237,0.01746,0.0,0.00033,0.00605,0,0,0,100,100,100,0,0,0,100,100,100,0,0,0,100,100,100,2020-08-11,2019-10-08,2019-06-14,2020-07-20,2019-09-23,2019-05-30,,,,,,,,,,,,,,,,,,,0.02933,0.01567,0.019,0.00167,0.002,0.007,0,0,0,0,0,0,0,0,0,0,0,0,0,0,0,0,0,0,0,1,1,0,0,0,0,0,0,0,0,0,0,0,0,0,0,0,0,0,0,1,1,0,0,0,0,0,0,0,0,0,0,0,0,0,0,0,0,1,1,1,1,1,1,0,0,0,0,0,0,1,1,1,1,1,1,0,0,0,0,0,0,0,0,0,1,1,1,1,1,1,0,0,0,0,0,0,1,1,1,1,1,1,0,1,1,0,0,1,0,1,1,1,1,1,0.005,,Life.BullStart,Life.Bull,Life.BullStart,Life.BullRetrace,Life.BullStart
2020-12-02,TOPVISN,0.75,0.75,0.75,0.75,0.75,0,0.0,0,0.75,0.74959,0.00041,0.0006,-0.00019,,,-0.00022,-0.00026,-0.00032,-0.00038,0.74966,0.7432,0.71347,0.6578,0.75,,,,,,,,,,,,,,,,,,,,,,0.0,0.0,0.0,0.0,,,,,,,,,,,,,,0.854,0.3619,0.9186,0.0646,-0.4921,0.5567,0.15,,,,,,,,0,0,0,0,0,0,,,,,,,5000,5000,1000,2000,1000,3000,1000,-13.89,0.0,-6.45,-10.34,-7.69,-8.33,-18.18,1,0,1,0,0,0.052,0.015,0.021,0.0,0.0,0.005,0.04444,0.01237,0.01746,0.0,0.00033,0.00605,0,0,0,100,100,100,0,0,0,100,100,100,0,0,0,100,100,100,2020-08-11,2019-10-08,2019-06-14,2020-07-20,2019-09-23,2019-05-30,,,,,,,,,,,,,,,,,,,0.02933,0.01567,0.019,0.00167,0.002,0.007,0,0,0,0,0,0,0,0,0,0,0,0,0,0,0,0,0,0,0,1,1,0,0,0,0,0,0,0,0,0,0,0,0,0,0,0,0,0,0,1,1,0,0,0,0,0,0,0,0,0,0,0,0,0,0,0,0,1,1,1,1,1,1,0,0,0,0,0,0,1,1,1,1,1,1,0,0,0,0,0,0,0,0,0,1,1,1,1,1,1,0,0,0,0,0,0,1,1,1,1,1,1,0,1,1,0,0,1,0,1,1,1,1,1,0.005,,Life.BullStart,Life.Bull,Life.BullStart,Life.BullRetrace,Life.BullStart
2020-12-03,TOPVISN,0.75,0.75,0.75,0.75,0.75,0,0.0,0,0.75,0.74962,0.00038,0.00055,-0.00017,,,-0.0002,-0.00024,-0.0003,-0.00036,0.74969,0.74347,0.71419,0.65872,0.75,,,,,,,,,,,,,,,,,,,,,,0.0,0.0,0.0,0.0,,,,,,,,,,,,,,0.8475,0.355,0.9097,0.0622,-0.4925,0.5547,0.15,,,,,,,,0,0,0,0,0,0,,,,,,,5000,5000,1000,2000,1000,3000,1000,-13.89,0.0,-6.45,-10.34,-7.69,-8.33,-18.18,1,0,1,0,0,0.052,0.015,0.021,0.0,0.0,0.005,0.04444,0.01237,0.01746,0.0,0.00033,0.00605,0,0,0,100,100,100,0,0,0,100,100,100,0,0,0,100,100,100,2020-08-11,2019-10-08,2019-06-14,2020-07-20,2019-09-23,2019-05-30,,,,,,,,,,,,,,,,,,,0.02933,0.01567,0.019,0.00167,0.002,0.007,0,0,0,0,0,0,0,0,0,0,0,0,0,0,0,0,0,0,0,1,1,0,0,0,0,0,0,0,0,0,0,0,0,0,0,0,0,0,0,1,1,0,0,0,0,0,0,0,0,0,0,0,0,0,0,0,0,1,1,1,1,1,1,0,0,0,0,0,0,1,1,1,1,1,1,0,0,0,0,0,0,0,0,0,1,1,1,1,1,1,0,0,0,0,0,0,1,1,1,1,1,1,0,1,1,0,0,1,0,1,1,1,1,1,0.005,,Life.BullStart,Life.Bull,Life.BullStart,Life.BullRetrace,Life.BullStart
2020-12-04,TOPVISN,0.75,0.75,0.75,0.75,0.75,0,0.0,0,0.75,0.74964,0.00035,0.00051,-0.00016,,,-0.00019,-0.00023,-0.00028,-0.00034,0.74971,0.74372,0.7149,0.65963,0.75,,,,,,,,,,,,,,,,,,,,,,0.0,0.0,0.0,0.0,,,,,,,,,,,,,,0.8409,0.3481,0.9008,0.0599,-0.4928,0.5527,0.15,,,,,,,,0,0,0,0,0,0,,,,,,,5000,5000,1000,2000,1000,3000,1000,-13.89,0.0,-6.45,-10.34,-7.69,-8.33,-18.18,1,0,1,0,0,0.052,0.015,0.021,0.0,0.0,0.005,0.04444,0.01237,0.01746,0.0,0.00033,0.00605,0,0,0,100,100,100,0,0,0,100,100,100,0,0,0,100,100,100,2020-08-11,2019-10-08,2019-06-14,2020-07-20,2019-09-23,2019-05-30,,,,,,,,,,,,,,,,,,,0.02933,0.01567,0.019,0.00167,0.002,0.007,0,0,0,0,0,0,0,0,0,0,0,0,0,0,0,0,0,0,0,1,1,0,0,0,0,0,0,0,0,0,0,0,0,0,0,0,0,0,0,1,1,0,0,0,0,0,0,0,0,0,0,0,0,0,0,0,0,1,1,1,1,1,1,0,0,0,0,0,0,1,1,1,1,1,1,0,0,0,0,0,0,0,0,0,1,1,1,1,1,1,0,0,0,0,0,0,1,1,1,1,1,1,0,1,1,0,0,1,0,1,1,1,1,1,0.005,,Life.BullStart,Life.Bull,Life.BullStart,Life.BullRetrace,Life.BullStart
2020-12-07,TOPVISN,0.75,0.75,0.75,0.75,0.75,0,0.0,0,0.75,0.74967,0.00033,0.00048,-0.00015,,,-0.00017,-0.00021,-0.00026,-0.00031,0.74973,0.74397,0.7156,0.66053,0.75,,,,,,,,,,,,,,,,,,,,,,0.0,0.0,0.0,0.0,,,,,,,,,,,,,,0.8344,0.3413,0.892,0.0576,-0.4931,0.5507,0.15,,,,,,,,0,0,0,0,0,0,,,,,,,5000,5000,1000,2000,1000,3000,1000,-13.89,0.0,-6.45,-10.34,-7.69,-8.33,-18.18,1,0,1,0,0,0.052,0.015,0.021,0.0,0.0,0.005,0.04444,0.01237,0.01746,0.0,0.00033,0.00605,0,0,0,100,100,100,0,0,0,100,100,100,0,0,0,100,100,100,2020-08-11,2019-10-08,2019-06-14,2020-07-20,2019-09-23,2019-05-30,,,,,,,,,,,,,,,,,,,0.02933,0.01567,0.019,0.00167,0.002,0.007,0,0,0,0,0,0,0,0,0,0,0,0,0,0,0,0,0,0,0,1,1,0,0,0,0,0,0,0,0,0,0,0,0,0,0,0,0,0,0,1,1,0,0,0,0,0,0,0,0,0,0,0,0,0,0,0,0,1,1,1,1,1,1,0,0,0,0,0,0,1,1,1,1,1,1,0,0,0,0,0,0,0,0,0,1,1,1,1,1,1,0,0,0,0,0,0,1,1,1,1,1,1,0,1,1,0,0,1,0,1,1,1,1,1,0.005,,Life.BullStart,Life.Bull,Life.BullStart,Life.BullRetrace,Life.BullStart
2020-12-08,TOPVISN,0.75,0.75,0.75,0.75,0.75,0,0.0,0,0.75,0.7497,0.0003,0.00044,-0.00014,,,-0.00016,-0.0002,-0.00024,-0.00029,0.74976,0.74421,0.71628,0.66142,0.75,,,,,,,,,,,,,,,,,,,,,,0.0,0.0,0.0,0.0,,,,,,,,,,,,,,0.8279,0.3348,0.8834,0.0555,-0.4931,0.5486,0.15,,,,,,,,0,0,0,0,0,0,,,,,,,5000,5000,1000,2000,1000,3000,1000,-13.89,0.0,-6.45,-10.34,-7.69,-8.33,-18.18,1,0,1,0,0,0.052,0.015,0.021,0.0,0.0,0.005,0.04444,0.01237,0.01746,0.0,0.00033,0.00605,0,0,0,100,100,100,0,0,0,100,100,100,0,0,0,100,100,100,2020-08-11,2019-10-08,2019-06-14,2020-07-20,2019-09-23,2019-05-30,,,,,,,,,,,,,,,,,,,0.02933,0.01567,0.019,0.00167,0.002,0.007,0,0,0,0,0,0,0,0,0,0,0,0,0,0,0,0,0,0,0,1,1,0,0,0,0,0,0,0,0,0,0,0,0,0,0,0,0,0,0,1,1,0,0,0,0,0,0,0,0,0,0,0,0,0,0,0,0,1,1,1,1,1,1,0,0,0,0,0,0,1,1,1,1,1,1,0,0,0,0,0,0,0,0,0,1,1,1,1,1,1,0,0,0,0,0,0,1,1,1,1,1,1,0,1,1,0,0,1,0,1,1,1,1,1,0.005,,Life.BullStart,Life.Bull,Life.BullStart,Life.BullRetrace,Life.BullStart
2020-12-09,TOPVISN,0.75,0.75,0.75,0.75,0.75,0,0.0,0,0.75,0.74972,0.00028,0.00041,-0.00013,,,-0.00015,-0.00018,-0.00022,-0.00027,0.74977,0.74443,0.71695,0.6623,0.75,,,,,,,,,,,,,,,,,,,,,,0.0,0.0,0.0,0.0,,,,,,,,,,,,,,0.8213,0.3282,0.8747,0.0534,-0.4931,0.5465,0.15,,,,,,,,0,0,0,0,0,0,,,,,,,5000,5000,1000,2000,1000,3000,1000,-13.89,0.0,-6.45,-10.34,-7.69,-8.33,-18.18,1,0,1,0,0,0.052,0.015,0.021,0.0,0.0,0.005,0.04444,0.01237,0.01746,0.0,0.00033,0.00605,0,0,0,100,100,100,0,0,0,100,100,100,0,0,0,100,100,100,2020-08-11,2019-10-08,2019-06-14,2020-07-20,2019-09-23,2019-05-30,,,,,,,,,,,,,,,,,,,0.02933,0.01567,0.019,0.00167,0.002,0.007,0,0,0,0,0,0,0,0,0,0,0,0,0,0,0,0,0,0,0,1,1,0,0,0,0,0,0,0,0,0,0,0,0,0,0,0,0,0,0,1,1,0,0,0,0,0,0,0,0,0,0,0,0,0,0,0,0,1,1,1,1,1,1,0,0,0,0,0,0,1,1,1,1,1,1,0,0,0,0,0,0,0,0,0,1,1,1,1,1,1,0,0,0,0,0,0,1,1,1,1,1,1,0,1,1,0,0,1,0,1,1,1,1,1,0.005,,Life.BullStart,Life.Bull,Life.BullStart,Life.BullRetrace,Life.BullStart
2020-12-10,TOPVISN,0.75,0.75,0.75,0.75,0.75,0,0.0,0,0.75,0.74974,0.00026,0.00038,-0.00012,,,-0.00014,-0.00017,-0.00021,-0.00026,0.74979,0.74465,0.7176,0.66317,0.75,,,,,,,,,,,,,,,,,,,,,,0.0,0.0,0.0,0.0,,,,,,,,,,,,,,0.8148,0.3219,0.8662,0.0514,-0.4929,0.5443,0.15,,,,,,,,0,0,0,0,0,0,,,,,,,5000,5000,1000,2000,1000,3000,1000,-13.89,0.0,-6.45,-10.34,-7.69,-8.33,-18.18,1,0,1,0,0,0.052,0.015,0.021,0.0,0.0,0.005,0.04444,0.01237,0.01746,0.0,0.00033,0.00605,0,0,0,100,100,100,0,0,0,100,100,100,0,0,0,100,100,100,2020-08-11,2019-10-08,2019-06-14,2020-07-20,2019-09-23,2019-05-30,,,,,,,,,,,,,,,,,,,0.02933,0.01567,0.019,0.00167,0.002,0.007,0,0,0,0,0,0,0,0,0,0,0,0,0,0,0,0,0,0,0,1,1,0,0,0,0,0,0,0,0,0,0,0,0,0,0,0,0,0,0,1,1,0,0,0,0,0,0,0,0,0,0,0,0,0,0,0,0,1,1,1,1,1,1,0,0,0,0,0,0,1,1,1,1,1,1,0,0,0,0,0,0,0,0,0,1,1,1,1,1,1,0,0,0,0,0,0,1,1,1,1,1,1,0,1,1,0,0,1,0,1,1,1,1,1,0.005,,Life.BullStart,Life.Bull,Life.BullStart,Life.BullRetrace,Life.BullStart
2020-12-11,TOPVISN,0.75,0.75,0.75,0.75,0.75,0,0.0,0,0.75,0.74976,0.00024,0.00035,-0.00011,,,-0.00013,-0.00016,-0.00019,-0.00024,0.74981,0.74486,0.71824,0.66404,0.75,,,,,,,,,,,,,,,,,,,,,,0.0,0.0,0.0,0.0,,,,,,,,,,,,,,0.8082,0.3157,0.8577,0.0495,-0.4925,0.542,0.15,,,,,,,,0,0,0,0,0,0,,,,,,,5000,5000,1000,2000,1000,3000,1000,-13.89,0.0,-6.45,-10.34,-7.69,-8.33,-18.18,1,0,1,0,0,0.052,0.015,0.021,0.0,0.0,0.005,0.04444,0.01237,0.01746,0.0,0.00033,0.00605,0,0,0,100,100,100,0,0,0,100,100,100,0,0,0,100,100,100,2020-08-11,2019-10-08,2019-06-14,2020-07-20,2019-09-23,2019-05-30,,,,,,,,,,,,,,,,,,,0.02933,0.01567,0.019,0.00167,0.002,0.007,0,0,0,0,0,0,0,0,0,0,0,0,0,0,0,0,0,0,0,1,1,0,0,0,0,0,0,0,0,0,0,0,0,0,0,0,0,0,0,1,1,0,0,0,0,0,0,0,0,0,0,0,0,0,0,0,0,1,1,1,1,1,1,0,0,0,0,0,0,1,1,1,1,1,1,0,0,0,0,0,0,0,0,0,1,1,1,1,1,1,0,0,0,0,0,0,1,1,1,1,1,1,0,1,1,0,0,1,0,1,1,1,1,1,0.005,,Life.BullStart,Life.Bull,Life.BullStart,Life.BullRetrace,Life.BullStart
2020-12-14,TOPVISN,0.75,0.75,0.75,0.75,0.75,0,0.0,0,0.75,0.74978,0.00022,0.00033,-0.0001,,,-0.00012,-0.00015,-0.00018,-0.00022,0.74982,0.74506,0.71887,0.66489,0.75,,,,,,,,,,,,,,,,,,,,,,0.0,0.0,0.0,0.0,,,,,,,,,,,,,,0.8017,0.3095,0.8493,0.0476,-0.4922,0.5398,0.15,,,,,,,,0,0,0,0,0,0,,,,,,,5000,5000,1000,2000,1000,3000,1000,-13.89,0.0,-6.45,-10.34,-7.69,-8.33,-18.18,1,0,1,0,0,0.052,0.015,0.021,0.0,0.0,0.005,0.04444,0.01237,0.01746,0.0,0.00033,0.00605,0,0,0,100,100,100,0,0,0,100,100,100,0,0,0,100,100,100,2020-08-11,2019-10-08,2019-06-14,2020-07-20,2019-09-23,2019-05-30,,,,,,,,,,,,,,,,,,,0.02933,0.01567,0.019,0.00167,0.002,0.007,0,0,0,0,0,0,0,0,0,0,0,0,0,0,0,0,0,0,0,1,1,0,0,0,0,0,0,0,0,0,0,0,0,0,0,0,0,0,0,1,1,0,0,0,0,0,0,0,0,0,0,0,0,0,0,0,0,1,1,1,1,1,1,0,0,0,0,0,0,1,1,1,1,1,1,0,0,0,0,0,0,0,0,0,1,1,1,1,1,1,0,0,0,0,0,0,1,1,1,1,1,1,0,1,1,0,0,1,0,1,1,1,1,1,0.005,,Life.BullStart,Life.Bull,Life.BullStart,Life.BullRetrace,Life.BullStart
2020-12-15,TOPVISN,0.75,0.75,0.75,0.75,0.75,0,0.0,0,0.75,0.74979,0.00021,0.0003,-0.0001,,,-0.00011,-0.00014,-0.00017,-0.00021,0.74984,0.74526,0.71949,0.66574,0.75,,,,,,,,,,,,,,,,,,,,,,0.0,0.0,0.0,0.0,,,,,,,,,,,,,,0.7952,0.3035,0.841,0.0458,-0.4917,0.5375,0.15,,,,,,,,0,0,0,0,0,0,,,,,,,5000,5000,1000,2000,1000,3000,1000,-13.89,0.0,-6.45,-10.34,-7.69,-8.33,-18.18,1,0,1,0,0,0.052,0.015,0.021,0.0,0.0,0.005,0.04444,0.01237,0.01746,0.0,0.00033,0.00605,0,0,0,100,100,100,0,0,0,100,100,100,0,0,0,100,100,100,2020-08-11,2019-10-08,2019-06-14,2020-07-20,2019-09-23,2019-05-30,,,,,,,,,,,,,,,,,,,0.02933,0.01567,0.019,0.00167,0.002,0.007,0,0,0,0,0,0,0,0,0,0,0,0,0,0,0,0,0,0,0,1,1,0,0,0,0,0,0,0,0,0,0,0,0,0,0,0,0,0,0,1,1,0,0,0,0,0,0,0,0,0,0,0,0,0,0,0,0,1,1,1,1,1,1,0,0,0,0,0,0,1,1,1,1,1,1,0,0,0,0,0,0,0,0,0,1,1,1,1,1,1,0,0,0,0,0,0,1,1,1,1,1,1,0,1,1,0,0,1,0,1,1,1,1,1,0.005,,Life.BullStart,Life.Bull,Life.BullStart,Life.BullRetrace,Life.BullStart
2020-12-16,TOPVISN,0.75,0.75,0.75,0.75,0.75,0,0.0,0,0.75,0.74981,0.00019,0.00028,-9e-05,,,-0.0001,-0.00013,-0.00016,-0.00019,0.74985,0.74544,0.72009,0.66658,0.75,,,,,,,,,,,,,,,,,,,,,,0.0,0.0,0.0,0.0,,,,,,,,,,,,,,0.7886,0.2976,0.8327,0.0441,-0.491,0.5351,0.15,,,,,,,,0,0,0,0,0,0,,,,,,,5000,5000,1000,2000,1000,3000,1000,-13.89,0.0,-6.45,-10.34,-7.69,-8.33,-18.18,1,0,1,0,0,0.052,0.015,0.021,0.0,0.0,0.005,0.04444,0.01237,0.01746,0.0,0.00033,0.00605,0,0,0,100,100,100,0,0,0,100,100,100,0,0,0,100,100,100,2020-08-11,2019-10-08,2019-06-14,2020-07-20,2019-09-23,2019-05-30,,,,,,,,,,,,,,,,,,,0.02933,0.01567,0.019,0.00167,0.002,0.007,0,0,0,0,0,0,0,0,0,0,0,0,0,0,0,0,0,0,0,1,1,0,0,0,0,0,0,0,0,0,0,0,0,0,0,0,0,0,0,1,1,0,0,0,0,0,0,0,0,0,0,0,0,0,0,0,0,1,1,1,1,1,1,0,0,0,0,0,0,1,1,1,1,1,1,0,0,0,0,0,0,0,0,0,1,1,1,1,1,1,0,0,0,0,0,0,1,1,1,1,1,1,0,1,1,0,0,1,0,1,1,1,1,1,0.005,,Life.BullStart,Life.Bull,Life.BullStart,Life.BullRetrace,Life.BullStart
2020-12-17,TOPVISN,0.75,0.75,0.75,0.75,0.75,0,0.0,0,0.75,0.74982,0.00018,0.00026,-8e-05,,,-0.0001,-0.00012,-0.00015,-0.00018,0.74986,0.74562,0.72068,0.66741,0.75,,,,,,,,,,,,,,,,,,,,,,0.0,0.0,0.0,0.0,,,,,,,,,,,,,,0.7821,0.2918,0.8245,0.0424,-0.4903,0.5327,,,0.15,,,,,,0,0,0,0,0,0,,,,,,,5000,5000,1000,2000,1000,3000,1000,-13.89,0.0,-6.45,-10.34,-7.69,-8.33,-18.18,1,0,1,0,0,0.052,0.015,0.021,0.0,0.0,0.005,0.04444,0.01237,0.01746,0.0,0.00033,0.00605,0,0,0,100,100,100,0,0,0,100,100,100,0,0,0,100,100,100,2020-08-11,2019-10-08,2019-06-14,2020-07-20,2019-09-23,2019-05-30,,,,,,,,,,,,,,,,,,,0.02933,0.01567,0.019,0.00167,0.002,0.007,0,0,0,0,0,0,0,0,0,0,0,0,0,0,0,0,0,0,0,1,1,0,0,0,0,0,0,0,0,0,0,0,0,0,0,0,0,0,0,1,1,0,0,0,0,0,0,0,0,0,0,0,0,0,0,0,0,1,1,1,1,1,1,0,0,0,0,0,0,1,1,1,1,1,1,0,0,0,0,0,0,0,0,0,1,1,1,1,1,1,0,0,0,0,0,0,1,1,1,1,1,1,0,1,1,0,0,1,0,1,1,1,1,1,,,Life.Bull,Life.BullStart,Life.BullRetrace,Life.BullStart,Life.BullRetrace
2020-12-18,TOPVISN,0.75,0.75,0.75,0.75,0.75,0,0.0,0,0.75,0.74984,0.00016,0.00024,-8e-05,,,-9e-05,-0.00011,-0.00013,-0.00017,0.74987,0.74579,0.72126,0.66823,0.75,,,,,,,,,,,,,,,,,,,,,,0.0,0.0,0.0,0.0,,,,,,,,,,,,,,0.7756,0.2861,0.8164,0.0408,-0.4895,0.5303,,,0.15,,,,,,0,0,0,0,0,0,,,,,,,5000,5000,1000,2000,1000,3000,1000,-13.89,0.0,-6.45,-10.34,-7.69,-8.33,-18.18,1,0,1,0,0,0.052,0.015,0.021,0.0,0.0,0.005,0.04444,0.01237,0.01746,0.0,0.00033,0.00605,0,0,0,100,100,100,0,0,0,100,100,100,0,0,0,100,100,100,2020-08-11,2019-10-08,2019-06-14,2020-07-20,2019-09-23,2019-05-30,,,,,,,,,,,,,,,,,,,0.02933,0.01567,0.019,0.00167,0.002,0.007,0,0,0,0,0,0,0,0,0,0,0,0,0,0,0,0,0,0,0,1,1,0,0,0,0,0,0,0,0,0,0,0,0,0,0,0,0,0,0,1,1,0,0,0,0,0,0,0,0,0,0,0,0,0,0,0,0,1,1,1,1,1,1,0,0,0,0,0,0,1,1,1,1,1,1,0,0,0,0,0,0,0,0,0,1,1,1,1,1,1,0,0,0,0,0,0,1,1,1,1,1,1,0,1,1,0,0,1,0,1,1,1,1,1,,,Life.Bull,Life.BullStart,Life.BullRetrace,Life.BullStart,Life.BullRetrace
2020-12-21,TOPVISN,0.75,0.75,0.75,0.75,0.75,0,0.0,0,0.75,0.74985,0.00015,0.00022,-7e-05,,,-8e-05,-0.0001,-0.00013,-0.00016,0.74988,0.74596,0.72183,0.66904,0.75,,,,,,,,,,,,,,,,,,,,,,0.0,0.0,0.0,0.0,,,,,,,,,,,,,,0.7692,0.2805,0.8084,0.0392,-0.4887,0.5279,0.15,,,,,,,,0,0,0,0,0,0,,,,,,,5000,5000,1000,2000,1000,3000,1000,-13.89,0.0,-6.45,-10.34,-7.69,-8.33,-18.18,1,0,1,0,0,0.052,0.015,0.021,0.0,0.0,0.005,0.04444,0.01237,0.01746,0.0,0.00033,0.00605,0,0,0,100,100,100,0,0,0,100,100,100,0,0,0,100,100,100,2020-08-11,2019-10-08,2019-06-14,2020-07-20,2019-09-23,2019-05-30,,,,,,,,,,,,,,,,,,,0.02933,0.01567,0.019,0.00167,0.002,0.007,0,0,0,0,0,0,0,0,0,0,0,0,0,0,0,0,0,0,0,1,1,0,0,0,0,0,0,0,0,0,0,0,0,0,0,0,0,0,0,1,1,0,0,0,0,0,0,0,0,0,0,0,0,0,0,0,0,1,1,1,1,1,1,0,0,0,0,0,0,1,1,1,1,1,1,0,0,0,0,0,0,0,0,0,1,1,1,1,1,1,0,0,0,0,0,0,1,1,1,1,1,1,0,1,1,0,0,1,0,1,1,1,1,1,0.005,,Life.BullStart,Life.BullRetrace,Life.BullStart,Life.BullRetrace,Life.BullStart
2020-12-22,TOPVISN,0.75,0.75,0.75,0.75,0.75,0,0.0,0,0.75,0.74986,0.00014,0.00021,-7e-05,,,-8e-05,-9e-05,-0.00012,-0.00015,0.74989,0.74612,0.72239,0.66985,0.75,,,,,,,,,,,,,,,,,,,,,,0.0,0.0,0.0,0.0,,,,,,,,,,,,,,0.7627,0.275,0.8004,0.0377,-0.4877,0.5254,,,0.15,,,,,,0,0,0,0,0,0,,,,,,,5000,5000,1000,2000,1000,3000,1000,-13.89,0.0,-6.45,-10.34,-7.69,-8.33,-18.18,1,0,1,0,0,0.052,0.015,0.021,0.0,0.0,0.005,0.04444,0.01237,0.01746,0.0,0.00033,0.00605,0,0,0,100,100,100,0,0,0,100,100,100,0,0,0,100,100,100,2020-08-11,2019-10-08,2019-06-14,2020-07-20,2019-09-23,2019-05-30,,,,,,,,,,,,,,,,,,,0.02933,0.01567,0.019,0.00167,0.002,0.007,0,0,0,0,0,0,0,0,0,0,0,0,0,0,0,0,0,0,0,1,1,0,0,0,0,0,0,0,0,0,0,0,0,0,0,0,0,0,0,1,1,0,0,0,0,0,0,0,0,0,0,0,0,0,0,0,0,1,1,1,1,1,1,0,0,0,0,0,0,1,1,1,1,1,1,0,0,0,0,0,0,0,0,0,1,1,1,1,1,1,0,0,0,0,0,0,1,1,1,1,1,1,0,1,1,0,0,1,0,1,1,1,1,1,,,Life.BullRetrace,Life.BullStart,Life.BullRetrace,Life.BullStart,Life.BullRetrace
2020-12-23,TOPVISN,0.75,0.75,0.75,0.75,0.75,0,0.0,0,0.75,0.74987,0.00013,0.00019,-6e-05,,,-7e-05,-9e-05,-0.00011,-0.00013,0.7499,0.74627,0.72294,0.67065,0.75,,,,,,,,,,,,,,,,,,,,,,0.0,0.0,0.0,0.0,,,,,,,,,,,,,,0.7562,0.2696,0.7925,0.0363,-0.4866,0.5229,,,0.15,,,,,,0,0,0,0,0,0,,,,,,,5000,5000,1000,2000,1000,3000,1000,-13.89,0.0,-6.45,-10.34,-7.69,-8.33,-18.18,1,0,1,0,0,0.052,0.015,0.021,0.0,0.0,0.005,0.04444,0.01237,0.01746,0.0,0.00033,0.00605,0,0,0,100,100,100,0,0,0,100,100,100,0,0,0,100,100,100,2020-08-11,2019-10-08,2019-06-14,2020-07-20,2019-09-23,2019-05-30,,,,,,,,,,,,,,,,,,,0.02933,0.01567,0.019,0.00167,0.002,0.007,0,0,0,0,0,0,0,0,0,0,0,0,0,0,0,0,0,0,0,1,1,0,0,0,0,0,0,0,0,0,0,0,0,0,0,0,0,0,0,1,1,0,0,0,0,0,0,0,0,0,0,0,0,0,0,0,0,1,1,1,1,1,1,0,0,0,0,0,0,1,1,1,1,1,1,0,0,0,0,0,0,0,0,0,1,1,1,1,1,1,0,0,0,0,0,0,1,1,1,1,1,1,0,1,1,0,0,1,0,1,1,1,1,1,,,Life.BullRetrace,Life.BullStart,Life.BullRetrace,Life.BullStart,Life.BullRetrace
2020-12-24,TOPVISN,0.75,0.75,0.75,0.75,0.75,0,0.0,0,0.75,0.74988,0.00012,0.00018,-6e-05,,,-7e-05,-8e-05,-0.0001,-0.00013,0.74991,0.74642,0.72347,0.67144,0.75,,,,,,,,,,,,,,,,,,,,,,0.0,0.0,0.0,0.0,,,,,,,,,,,,,,0.7498,0.2644,0.7847,0.0349,-0.4854,0.5203,,,0.15,,,,,,0,0,0,0,0,0,,,,,,,5000,5000,1000,2000,1000,3000,1000,-13.89,0.0,-6.45,-10.34,-7.69,-8.33,-18.18,1,0,1,0,0,0.052,0.015,0.021,0.0,0.0,0.005,0.04444,0.01237,0.01746,0.0,0.00033,0.00605,0,0,0,100,100,100,0,0,0,100,100,100,0,0,0,100,100,100,2020-08-11,2019-10-08,2019-06-14,2020-07-20,2019-09-23,2019-05-30,,,,,,,,,,,,,,,,,,,0.02933,0.01567,0.019,0.00167,0.002,0.007,0,0,0,0,0,0,0,0,0,0,0,0,0,0,0,0,0,0,0,1,1,0,0,0,0,0,0,0,0,0,0,0,0,0,0,0,0,0,0,1,1,0,0,0,0,0,0,0,0,0,0,0,0,0,0,0,0,1,1,1,1,1,1,0,0,0,0,0,0,1,1,1,1,1,1,0,0,0,0,0,0,0,0,0,1,1,1,1,1,1,0,0,0,0,0,0,1,1,1,1,1,1,0,1,1,0,0,1,0,1,1,1,1,1,,,Life.BullRetrace,Life.BullStart,Life.BullRetrace,Life.BullStart,Life.BullRetrace
2020-12-28,TOPVISN,0.75,0.75,0.75,0.75,0.75,0,0.0,0,0.75,0.74989,0.00011,0.00016,-5e-05,,,-6e-05,-8e-05,-9e-05,-0.00012,0.74991,0.74656,0.724,0.67222,0.75,,,,,,,,,,,,,,,,,,,,,,0.0,0.0,0.0,0.0,,,,,,,,,,,,,,0.7434,0.2591,0.7769,0.0335,-0.4843,0.5178,,,0.15,,,,,,0,0,0,0,0,0,,,,,,,5000,5000,1000,2000,1000,3000,1000,-13.89,0.0,-6.45,-10.34,-7.69,-8.33,-18.18,1,0,1,0,0,0.052,0.015,0.021,0.0,0.0,0.005,0.04444,0.01237,0.01746,0.0,0.00033,0.00605,0,0,0,100,100,100,0,0,0,100,100,100,0,0,0,100,100,100,2020-08-11,2019-10-08,2019-06-14,2020-07-20,2019-09-23,2019-05-30,,,,,,,,,,,,,,,,,,,0.02933,0.01567,0.019,0.00167,0.002,0.007,0,0,0,0,0,0,0,0,0,0,0,0,0,0,0,0,0,0,0,1,1,0,0,0,0,0,0,0,0,0,0,0,0,0,0,0,0,0,0,1,1,0,0,0,0,0,0,0,0,0,0,0,0,0,0,0,0,1,1,1,1,1,1,0,0,0,0,0,0,1,1,1,1,1,1,0,0,0,0,0,0,0,0,0,1,1,1,1,1,1,0,0,0,0,0,0,1,1,1,1,1,1,0,1,1,0,0,1,0,1,1,1,1,1,,,Life.BullRetrace,Life.BullStart,Life.BullRetrace,Life.BullStart,Life.BullRetrace
2020-12-29,TOPVISN,0.75,0.75,0.75,0.75,0.75,0,0.0,0,0.75,0.7499,0.0001,0.00015,-5e-05,,,-6e-05,-7e-05,-9e-05,-0.00011,0.74992,0.74669,0.72451,0.67299,0.75,,,,,,,,,,,,,,,,,,,,,,0.0,0.0,0.0,0.0,,,,,,,,,,,,,,0.737,0.2541,0.7693,0.0323,-0.4829,0.5152,,,0.15,,,,,,0,0,0,0,0,0,,,,,,,5000,5000,1000,2000,1000,3000,1000,-13.89,0.0,-6.45,-10.34,-7.69,-8.33,-18.18,1,0,1,0,0,0.052,0.015,0.021,0.0,0.0,0.005,0.04444,0.01237,0.01746,0.0,0.00033,0.00605,0,0,0,100,100,100,0,0,0,100,100,100,0,0,0,100,100,100,2020-08-11,2019-10-08,2019-06-14,2020-07-20,2019-09-23,2019-05-30,,,,,,,,,,,,,,,,,,,0.02933,0.01567,0.019,0.00167,0.002,0.007,0,0,0,0,0,0,0,0,0,0,0,0,0,0,0,0,0,0,0,1,1,0,0,0,0,0,0,0,0,0,0,0,0,0,0,0,0,0,0,1,1,0,0,0,0,0,0,0,0,0,0,0,0,0,0,0,0,1,1,1,1,1,1,0,0,0,0,0,0,1,1,1,1,1,1,0,0,0,0,0,0,0,0,0,1,1,1,1,1,1,0,0,0,0,0,0,1,1,1,1,1,1,0,1,1,0,0,1,0,1,1,1,1,1,,,Life.BullRetrace,Life.BullStart,Life.BullRetrace,Life.BullStart,Life.BullRetrace
2020-12-30,TOPVISN,0.75,0.75,0.75,0.75,0.75,0,0.0,0,0.75,0.7499,0.0001,0.00014,-4e-05,,,-5e-05,-6e-05,-8e-05,-0.0001,0.74993,0.74682,0.72502,0.67376,0.75,,,,,,,,,,,,,,,,,,,,,,0.0,0.0,0.0,0.0,,,,,,,,,,,,,,0.7306,0.2491,0.7617,0.0311,-0.4815,0.5126,,,0.15,,,,,,0,0,0,0,0,0,,,,,,,5000,5000,1000,2000,1000,3000,1000,-13.89,0.0,-6.45,-10.34,-7.69,-8.33,-18.18,1,0,2,0,0,0.052,0.015,0.021,0.0,0.0,0.005,0.04444,0.01237,0.01746,0.0,0.00033,0.00605,0,0,0,100,100,100,0,0,0,100,100,100,0,0,0,100,100,100,2020-08-11,2019-10-08,2019-06-14,2020-07-20,2019-09-23,2019-05-30,,,,,,,,,,,,,,,,,,,0.02933,0.01567,0.019,0.00167,0.002,0.007,0,0,0,0,0,0,0,0,0,0,0,0,0,0,0,0,0,0,0,1,1,0,0,0,0,0,0,0,0,0,0,0,0,0,0,0,0,0,0,1,1,0,0,0,0,0,0,0,0,0,0,0,0,0,0,0,0,1,1,1,1,1,1,0,0,0,0,0,0,1,1,1,1,1,1,0,0,0,0,0,0,0,0,0,1,1,1,1,1,1,0,0,0,0,0,0,1,1,1,1,1,1,0,1,1,0,0,1,0,1,1,1,1,1,,,Life.BullRetrace,Life.BullStart,Life.BullRetrace,Life.BullStart,Life.BullRetrace
2020-12-31,TOPVISN,0.75,0.75,0.75,0.75,0.75,0,0.0,0,0.75,0.74991,9e-05,0.00013,-4e-05,,,-5e-05,-6e-05,-7e-05,-9e-05,0.74993,0.74695,0.72551,0.67452,0.75,,,,,,,,,,,,,,,,,,,,,,0.0,0.0,0.0,0.0,,,,,,,,,,,,,,0.7243,0.2442,0.7541,0.0298,-0.4801,0.5099,,,0.15,,,,,,0,0,0,0,0,0,,,,,,,5000,5000,1000,2000,1000,3000,1000,-13.89,0.0,-6.45,-10.34,-7.69,-8.33,-18.18,1,0,2,0,0,0.052,0.015,0.021,0.0,0.0,0.005,0.04444,0.01237,0.01746,0.0,0.00033,0.00605,0,0,0,100,100,100,0,0,0,100,100,100,0,0,0,100,100,100,2020-08-11,2019-10-08,2019-06-14,2020-07-20,2019-09-23,2019-05-30,,,,,,,,,,,,,,,,,,,0.02933,0.01567,0.019,0.00167,0.002,0.007,0,0,0,0,0,0,0,0,0,0,0,0,0,0,0,0,0,0,0,1,1,0,0,0,0,0,0,0,0,0,0,0,0,0,0,0,0,0,0,1,1,0,0,0,0,0,0,0,0,0,0,0,0,0,0,0,0,1,1,1,1,1,1,0,0,0,0,0,0,1,1,1,1,1,1,0,0,0,0,0,0,0,0,0,1,1,1,1,1,1,0,0,0,0,0,0,1,1,1,1,1,1,0,1,1,0,0,1,0,1,1,1,1,1,,,Life.BullRetrace,Life.BullStart,Life.BullRetrace,Life.BullStart,Life.BullRetrace
2021-01-04,TOPVISN,0.75,0.75,0.75,0.75,0.75,0,0.0,0,0.75,0.74992,8e-05,0.00012,-4e-05,,,-5e-05,-6e-05,-7e-05,-9e-05,0.74994,0.74707,0.726,0.67527,0.75,,,,,,,,,,,,,,,,,,,,,,0.0,0.0,0.0,0.0,,,,,,,,,,,,,,0.718,0.2394,0.7467,0.0287,-0.4786,0.5073,,,0.15,,,,,,0,0,0,0,0,0,,,,,,,5000,5000,1000,2000,1000,3000,1000,-13.89,0.0,-6.45,-10.34,-7.69,-8.33,-18.18,1,0,2,0,0,0.052,0.015,0.021,0.0,0.0,0.005,0.04444,0.01237,0.01746,0.0,0.00033,0.00605,0,0,0,100,100,100,0,0,0,100,100,100,0,0,0,100,100,100,2020-08-11,2019-10-08,2019-06-14,2020-07-20,2019-09-23,2019-05-30,,,,,,,,,,,,,,,,,,,0.02933,0.01567,0.019,0.00167,0.002,0.007,0,0,0,0,0,0,0,0,0,0,0,0,0,0,0,0,0,0,0,1,1,0,0,0,0,0,0,0,0,0,0,0,0,0,0,0,0,0,0,1,1,0,0,0,0,0,0,0,0,0,0,0,0,0,0,0,0,1,1,1,1,1,1,0,0,0,0,0,0,1,1,1,1,1,1,0,0,0,0,0,0,0,0,0,1,1,1,1,1,1,0,0,0,0,0,0,1,1,1,1,1,1,0,1,1,0,0,1,0,1,1,1,1,1,,,Life.BullRetrace,Life.BullStart,Life.BullRetrace,Life.BullStart,Life.BullRetrace
2021-01-05,TOPVISN,0.75,0.75,0.75,0.75,0.75,0,0.0,0,0.75,0.74992,8e-05,0.00011,-4e-05,,,-4e-05,-5e-05,-6e-05,-8e-05,0.74994,0.74718,0.72647,0.67601,0.75,,,,,,,,,,,,,,,,,,,,,,0.0,0.0,0.0,0.0,,,,,,,,,,,,,,0.7117,0.2347,0.7393,0.0276,-0.477,0.5046,,,0.15,,,,,,0,0,0,0,0,0,,,,,,,5000,5000,1000,2000,1000,3000,1000,-13.89,0.0,-6.45,-10.34,-7.69,-8.33,-18.18,0,0,2,0,0,0.052,0.015,0.021,0.0,0.0,0.005,0.04444,0.01237,0.01746,0.0,0.00033,0.00605,0,0,0,100,100,100,0,0,0,100,100,100,0,0,0,100,100,100,2020-08-11,2019-10-08,2019-06-14,2020-07-20,2019-09-23,2019-05-30,,,,,,,,,,,,,,,,,,,0.02933,0.01567,0.019,0.00167,0.002,0.007,0,0,0,0,0,0,0,0,0,0,0,0,0,0,0,0,0,0,0,1,1,0,0,0,0,0,0,0,0,0,0,0,0,0,0,0,0,0,0,1,1,0,0,0,0,0,0,0,0,0,0,0,0,0,0,0,0,1,1,1,1,1,1,0,0,0,0,0,0,1,1,1,1,1,1,0,0,0,0,0,0,0,0,0,1,1,1,1,1,1,0,0,0,0,0,0,1,1,1,1,1,1,0,1,1,0,0,1,0,1,1,1,1,1,,,Life.BullRetrace,Life.BullStart,Life.BullRetrace,Life.BullStart,Life.BullRetrace
2021-01-06,TOPVISN,0.75,0.75,0.75,0.75,0.75,0,0.0,0,0.75,0.74993,7e-05,0.0001,-3e-05,,,-4e-05,-5e-05,-6e-05,-7e-05,0.74995,0.74729,0.72694,0.67675,0.75,,,,,,,,,,,,,,,,,,,,,,0.0,0.0,0.0,0.0,,,,,,,,,,,,,,0.7054,0.2301,0.732,0.0266,-0.4753,0.5019,,,0.15,,,,,,0,0,0,0,0,0,,,,,,,5000,5000,1000,2000,1000,3000,1000,-13.89,0.0,-6.45,-10.34,-7.69,-8.33,-18.18,1,0,2,0,0,0.052,0.015,0.021,0.0,0.0,0.005,0.04444,0.01237,0.01746,0.0,0.00033,0.00605,0,0,0,100,100,100,0,0,0,100,100,100,0,0,0,100,100,100,2020-08-11,2019-10-08,2019-06-14,2020-07-20,2019-09-23,2019-05-30,,,,,,,,,,,,,,,,,,,0.02933,0.01567,0.019,0.00167,0.002,0.007,0,0,0,0,0,0,0,0,0,0,0,0,0,0,0,0,0,0,0,1,1,0,0,0,0,0,0,0,0,0,0,0,0,0,0,0,0,0,0,1,1,0,0,0,0,0,0,0,0,0,0,0,0,0,0,0,0,1,1,1,1,1,1,0,0,0,0,0,0,1,1,1,1,1,1,0,0,0,0,0,0,0,0,0,1,1,1,1,1,1,0,0,0,0,0,0,1,1,1,1,1,1,0,1,1,0,0,1,0,1,1,1,1,1,,,Life.BullRetrace,Life.BullStart,Life.BullRetrace,Life.BullStart,Life.BullRetrace
2021-01-07,TOPVISN,0.75,0.75,0.75,0.75,0.75,0,0.0,0,0.75,0.74993,7e-05,0.0001,-3e-05,,,-4e-05,-4e-05,-5e-05,-7e-05,0.74995,0.7474,0.7274,0.67748,0.75,,,,,,,,,,,,,,,,,,,,,,0.0,0.0,0.0,0.0,,,,,,,,,,,,,,0.6992,0.2255,0.7247,0.0255,-0.4737,0.4992,,,0.15,,,,,,0,0,0,0,0,0,,,,,,,5000,5000,1000,2000,1000,3000,1000,-13.89,0.0,-6.45,-10.34,-7.69,-8.33,-18.18,1,0,2,0,0,0.052,0.015,0.021,0.0,0.0,0.005,0.04444,0.01237,0.01746,0.0,0.00033,0.00605,0,0,0,100,100,100,0,0,0,100,100,100,0,0,0,100,100,100,2020-08-11,2019-10-08,2019-06-14,2020-07-20,2019-09-23,2019-05-30,,,,,,,,,,,,,,,,,,,0.02933,0.01567,0.019,0.00167,0.002,0.007,0,0,0,0,0,0,0,0,0,0,0,0,0,0,0,0,0,0,0,1,1,0,0,0,0,0,0,0,0,0,0,0,0,0,0,0,0,0,0,1,1,0,0,0,0,0,0,0,0,0,0,0,0,0,0,0,0,1,1,1,1,1,1,0,0,0,0,0,0,1,1,1,1,1,1,0,0,0,0,0,0,0,0,0,1,1,1,1,1,1,0,0,0,0,0,0,1,1,1,1,1,1,0,1,1,0,0,1,0,1,1,1,1,1,,,Life.BullRetrace,Life.BullStart,Life.BullRetrace,Life.BullStart,Life.BullRetrace
2021-01-08,TOPVISN,0.75,0.75,0.75,0.75,0.75,0,0.0,0,0.75,0.74994,6e-05,9e-05,-3e-05,,,-3e-05,-4e-05,-5e-05,-6e-05,0.74995,0.7475,0.72784,0.6782,0.75,,,,,,,,,,,,,,,,,,,,,,0.0,0.0,0.0,0.0,,,,,,,,,,,,,,0.693,0.2211,0.7175,0.0245,-0.4719,0.4964,,,0.15,,,,,,0,0,0,0,0,0,,,,,,,5000,5000,1000,2000,1000,3000,1000,-13.89,0.0,-6.45,-10.34,-7.69,-8.33,-18.18,1,0,2,0,0,0.052,0.015,0.021,0.0,0.0,0.005,0.04444,0.01237,0.01746,0.0,0.00033,0.00605,0,0,0,100,100,100,0,0,0,100,100,100,0,0,0,100,100,100,2020-08-11,2019-10-08,2019-06-14,2020-07-20,2019-09-23,2019-05-30,,,,,,,,,,,,,,,,,,,0.02933,0.01567,0.019,0.00167,0.002,0.007,0,0,0,0,0,0,0,0,0,0,0,0,0,0,0,0,0,0,0,1,1,0,0,0,0,0,0,0,0,0,0,0,0,0,0,0,0,0,0,1,1,0,0,0,0,0,0,0,0,0,0,0,0,0,0,0,0,1,1,1,1,1,1,0,0,0,0,0,0,1,1,1,1,1,1,0,0,0,0,0,0,0,0,0,1,1,1,1,1,1,0,0,0,0,0,0,1,1,1,1,1,1,0,1,1,0,0,1,0,1,1,1,1,1,,,Life.BullRetrace,Life.BullStart,Life.BullRetrace,Life.BullStart,Life.BullRetrace
2021-01-11,TOPVISN,0.75,0.75,0.75,0.75,0.75,0,0.0,0,0.75,0.74994,6e-05,8e-05,-3e-05,,,-3e-05,-4e-05,-5e-05,-6e-05,0.74996,0.7476,0.72828,0.67891,0.75,,,,,,,,,,,,,,,,,,,,,,0.0,0.0,0.0,0.0,,,,,,,,,,,,,,0.6869,0.2168,0.7105,0.0236,-0.4701,0.4937,,,0.15,,,,,,0,0,0,0,0,0,,,,,,,5000,5000,1000,2000,1000,3000,1000,-13.89,0.0,-6.45,-10.34,-7.69,-8.33,-18.18,0,0,2,0,0,0.052,0.015,0.021,0.0,0.0,0.005,0.04444,0.01237,0.01746,0.0,0.00033,0.00605,0,0,0,100,100,100,0,0,0,100,100,100,0,0,0,100,100,100,2020-08-11,2019-10-08,2019-06-14,2020-07-20,2019-09-23,2019-05-30,,,,,,,,,,,,,,,,,,,0.02933,0.01567,0.019,0.00167,0.002,0.007,0,0,0,0,0,0,0,0,0,0,0,0,0,0,0,0,0,0,0,1,1,0,0,0,0,0,0,0,0,0,0,0,0,0,0,0,0,0,0,1,1,0,0,0,0,0,0,0,0,0,0,0,0,0,0,0,0,1,1,1,1,1,1,0,0,0,0,0,0,1,1,1,1,1,1,0,0,0,0,0,0,0,0,0,1,1,1,1,1,1,0,0,0,0,0,0,1,1,1,1,1,1,0,1,1,0,0,1,0,1,1,1,1,1,,,Life.BullRetrace,Life.BullStart,Life.BullRetrace,Life.BullStart,Life.BullRetrace
2021-01-12,TOPVISN,0.75,0.75,0.75,0.75,0.75,0,0.0,0,0.75,0.74995,5e-05,8e-05,-2e-05,,,-3e-05,-4e-05,-4e-05,-6e-05,0.74996,0.74769,0.72871,0.67962,0.75,,,,,,,,,,,,,,,,,,,,,,0.0,0.0,0.0,0.0,,,,,,,,,,,,,,0.6807,0.2125,0.7034,0.0227,-0.4682,0.4909,,,0.15,,,,,,0,0,0,0,0,0,,,,,,,5000,5000,1000,2000,1000,3000,1000,-13.89,0.0,-6.45,-10.34,-7.69,-8.33,-18.18,1,0,2,0,0,0.052,0.015,0.021,0.0,0.0,0.005,0.04444,0.01237,0.01746,0.0,0.00033,0.00605,0,0,0,100,100,100,0,0,0,100,100,100,0,0,0,100,100,100,2020-08-11,2019-10-08,2019-06-14,2020-07-20,2019-09-23,2019-05-30,,,,,,,,,,,,,,,,,,,0.02933,0.01567,0.019,0.00167,0.002,0.007,0,0,0,0,0,0,0,0,0,0,0,0,0,0,0,0,0,0,0,1,1,0,0,0,0,0,0,0,0,0,0,0,0,0,0,0,0,0,0,1,1,0,0,0,0,0,0,0,0,0,0,0,0,0,0,0,0,1,1,1,1,1,1,0,0,0,0,0,0,1,1,1,1,1,1,0,0,0,0,0,0,0,0,0,1,1,1,1,1,1,0,0,0,0,0,0,1,1,1,1,1,1,0,1,1,0,0,1,0,1,1,1,1,1,,,Life.BullRetrace,Life.BullStart,Life.BullRetrace,Life.BullStart,Life.BullRetrace
2021-01-13,TOPVISN,0.75,0.75,0.75,0.75,0.75,0,0.0,0,0.75,0.74995,5e-05,7e-05,-2e-05,,,-3e-05,-3e-05,-4e-05,-5e-05,0.74996,0.74778,0.72913,0.68032,0.75,,,,,,,,,,,,,,,,,,,,,,0.0,0.0,0.0,0.0,,,,,,,,,,,,,,0.6746,0.2083,0.6964,0.0218,-0.4663,0.4881,,,0.15,,,,,,0,0,0,0,0,0,,,,,,,5000,5000,1000,2000,1000,3000,1000,-13.89,0.0,-6.45,-10.34,-7.69,-8.33,-18.18,1,0,2,0,0,0.052,0.015,0.021,0.0,0.0,0.005,0.04444,0.01237,0.01746,0.0,0.00033,0.00605,0,0,0,100,100,100,0,0,0,100,100,100,0,0,0,100,100,100,2020-08-11,2019-10-08,2019-06-14,2020-07-20,2019-09-23,2019-05-30,,,,,,,,,,,,,,,,,,,0.02933,0.01567,0.019,0.00167,0.002,0.007,0,0,0,0,0,0,0,0,0,0,0,0,0,0,0,0,0,0,0,1,1,0,0,0,0,0,0,0,0,0,0,0,0,0,0,0,0,0,0,1,1,0,0,0,0,0,0,0,0,0,0,0,0,0,0,0,0,1,1,1,1,1,1,0,0,0,0,0,0,1,1,1,1,1,1,0,0,0,0,0,0,0,0,0,1,1,1,1,1,1,0,0,0,0,0,0,1,1,1,1,1,1,0,1,1,0,0,1,0,1,1,1,1,1,,,Life.BullRetrace,Life.BullStart,Life.BullRetrace,Life.BullStart,Life.BullRetrace
2021-01-14,TOPVISN,0.75,0.75,0.75,0.75,0.75,0,0.0,0,0.75,0.74996,4e-05,7e-05,-2e-05,,,-2e-05,-3e-05,-4e-05,-5e-05,0.74997,0.74787,0.72955,0.68101,0.75,,,,,,,,,,,,,,,,,,,,,,0.0,0.0,0.0,0.0,,,,,,,,,,,,,,0.6686,0.2042,0.6896,0.021,-0.4644,0.4854,,,0.15,,,,,,0,0,0,0,0,0,,,,,,,5000,5000,1000,2000,1000,3000,1000,-13.89,0.0,-6.45,-10.34,-7.69,-8.33,-18.18,1,0,2,0,0,0.052,0.015,0.021,0.0,0.0,0.005,0.04444,0.01237,0.01746,0.0,0.00033,0.00605,0,0,0,100,100,100,0,0,0,100,100,100,0,0,0,100,100,100,2020-08-11,2019-10-08,2019-06-14,2020-07-20,2019-09-23,2019-05-30,,,,,,,,,,,,,,,,,,,0.02933,0.01567,0.019,0.00167,0.002,0.007,0,0,0,0,0,0,0,0,0,0,0,0,0,0,0,0,0,0,0,1,1,0,0,0,0,0,0,0,0,0,0,0,0,0,0,0,0,0,0,1,1,0,0,0,0,0,0,0,0,0,0,0,0,0,0,0,0,1,1,1,1,1,1,0,0,0,0,0,0,1,1,1,1,1,1,0,0,0,0,0,0,0,0,0,1,1,1,1,1,1,0,0,0,0,0,0,1,1,1,1,1,1,0,1,1,0,0,1,0,1,1,1,1,1,,,Life.BullRetrace,Life.BullStart,Life.BullRetrace,Life.BullStart,Life.BullRetrace
2021-01-15,TOPVISN,0.75,0.75,0.75,0.75,0.75,0,0.0,0,0.75,0.74996,4e-05,6e-05,-2e-05,,,-2e-05,-3e-05,-3e-05,-4e-05,0.74997,0.74795,0.72995,0.6817,0.75,,,,,,,,,,,,,,,,,,,,,,0.0,0.0,0.0,0.0,,,,,,,,,,,,,,0.6625,0.2002,0.6827,0.0202,-0.4623,0.4825,,,0.15,,,,,,0,0,0,0,0,0,,,,,,,5000,5000,1000,2000,1000,3000,1000,-13.89,0.0,-6.45,-10.34,-7.69,-8.33,-18.18,0,0,2,0,0,0.052,0.015,0.021,0.0,0.0,0.005,0.04444,0.01237,0.01746,0.0,0.00033,0.00605,0,0,0,100,100,100,0,0,0,100,100,100,0,0,0,100,100,100,2020-08-11,2019-10-08,2019-06-14,2020-07-20,2019-09-23,2019-05-30,,,,,,,,,,,,,,,,,,,0.02933,0.01567,0.019,0.00167,0.002,0.007,0,0,0,0,0,0,0,0,0,0,0,0,0,0,0,0,0,0,0,1,1,0,0,0,0,0,0,0,0,0,0,0,0,0,0,0,0,0,0,1,1,0,0,0,0,0,0,0,0,0,0,0,0,0,0,0,0,1,1,1,1,1,1,0,0,0,0,0,0,1,1,1,1,1,1,0,0,0,0,0,0,0,0,0,1,1,1,1,1,1,0,0,0,0,0,0,1,1,1,1,1,1,0,1,1,0,0,1,0,1,1,1,1,1,,,Life.BullRetrace,Life.BullStart,Life.BullRetrace,Life.BullStart,Life.BullRetrace
2021-01-18,TOPVISN,0.75,0.75,0.75,0.75,0.75,0,0.0,0,0.75,0.74996,4e-05,6e-05,-2e-05,,,-2e-05,-3e-05,-3e-05,-4e-05,0.74997,0.74803,0.73035,0.68238,0.75,,,,,,,,,,,,,,,,,,,,,,0.0,0.0,0.0,0.0,,,,,,,,,,,,,,0.6565,0.1962,0.6759,0.0194,-0.4603,0.4797,,,0.15,,,,,,0,0,0,0,0,0,,,,,,,5000,5000,1000,2000,1000,3000,1000,-13.89,0.0,-6.45,-10.34,-7.69,-8.33,-18.18,0,0,2,0,0,0.052,0.015,0.021,0.0,0.0,0.005,0.04444,0.01237,0.01746,0.0,0.00033,0.00605,0,0,0,100,100,100,0,0,0,100,100,100,0,0,0,100,100,100,2020-08-11,2019-10-08,2019-06-14,2020-07-20,2019-09-23,2019-05-30,,,,,,,,,,,,,,,,,,,0.02933,0.01567,0.019,0.00167,0.002,0.007,0,0,0,0,0,0,0,0,0,0,0,0,0,0,0,0,0,0,0,1,1,0,0,0,0,0,0,0,0,0,0,0,0,0,0,0,0,0,0,1,1,0,0,0,0,0,0,0,0,0,0,0,0,0,0,0,0,1,1,1,1,1,1,0,0,0,0,0,0,1,1,1,1,1,1,0,0,0,0,0,0,0,0,0,1,1,1,1,1,1,0,0,0,0,0,0,1,1,1,1,1,1,0,1,1,0,0,1,0,1,1,1,1,1,,,Life.BullRetrace,Life.BullStart,Life.BullRetrace,Life.BullStart,Life.BullRetrace
2021-01-19,TOPVISN,0.75,0.75,0.75,0.75,0.75,0,0.0,0,0.75,0.74996,4e-05,5e-05,-2e-05,,,-2e-05,-2e-05,-3e-05,-4e-05,0.74997,0.74811,0.73074,0.68305,0.75,,,,,,,,,,,,,,,,,,,,,,0.0,0.0,0.0,0.0,,,,,,,,,,,,,,0.6506,0.1923,0.6692,0.0186,-0.4583,0.4769,,,0.15,,,,,,0,0,0,0,0,0,,,,,,,5000,5000,1000,2000,1000,3000,1000,-13.89,0.0,-6.45,-10.34,-7.69,-8.33,-18.18,0,0,2,0,0,0.052,0.015,0.021,0.0,0.0,0.005,0.04444,0.01237,0.01746,0.0,0.00033,0.00605,0,0,0,100,100,100,0,0,0,100,100,100,0,0,0,100,100,100,2020-08-11,2019-10-08,2019-06-14,2020-07-20,2019-09-23,2019-05-30,,,,,,,,,,,,,,,,,,,0.02933,0.01567,0.019,0.00167,0.002,0.007,0,0,0,0,0,0,0,0,0,0,0,0,0,0,0,0,0,0,0,1,1,0,0,0,0,0,0,0,0,0,0,0,0,0,0,0,0,0,0,1,1,0,0,0,0,0,0,0,0,0,0,0,0,0,0,0,0,1,1,1,1,1,1,0,0,0,0,0,0,1,1,1,1,1,1,0,0,0,0,0,0,0,0,0,1,1,1,1,1,1,0,0,0,0,0,0,1,1,1,1,1,1,0,1,1,0,0,1,0,1,1,1,1,1,,,Life.BullRetrace,Life.BullStart,Life.BullRetrace,Life.BullStart,Life.BullRetrace
2021-01-20,TOPVISN,0.75,0.75,0.75,0.75,0.75,0,0.0,0,0.75,0.74997,3e-05,5e-05,-2e-05,,,-2e-05,-2e-05,-3e-05,-3e-05,0.74998,0.74818,0.73112,0.68372,0.75,,,,,,,,,,,,,,,,,,,,,,0.0,0.0,0.0,0.0,,,,,,,,,,,,,,0.6446,0.1886,0.6626,0.018,-0.456,0.474,,,0.15,,,,,,0,0,0,0,0,0,,,,,,,5000,5000,1000,2000,1000,3000,1000,-13.89,0.0,-6.45,-10.34,-7.69,-8.33,-18.18,0,0,2,0,0,0.052,0.015,0.021,0.0,0.0,0.005,0.04444,0.01237,0.01746,0.0,0.00033,0.00605,0,0,0,100,100,100,0,0,0,100,100,100,0,0,0,100,100,100,2020-08-11,2019-10-08,2019-06-14,2020-07-20,2019-09-23,2019-05-30,,,,,,,,,,,,,,,,,,,0.02933,0.01567,0.019,0.00167,0.002,0.007,0,0,0,0,0,0,0,0,0,0,0,0,0,0,0,0,0,0,0,1,1,0,0,0,0,0,0,0,0,0,0,0,0,0,0,0,0,0,0,1,1,0,0,0,0,0,0,0,0,0,0,0,0,0,0,0,0,1,1,1,1,1,1,0,0,0,0,0,0,1,1,1,1,1,1,0,0,0,0,0,0,0,0,0,1,1,1,1,1,1,0,0,0,0,0,0,1,1,1,1,1,1,0,1,1,0,0,1,0,1,1,1,1,1,,,Life.BullRetrace,Life.BullStart,Life.BullRetrace,Life.BullStart,Life.BullRetrace
2021-01-21,TOPVISN,0.75,0.75,0.75,0.75,0.75,0,0.0,0,0.75,0.74997,3e-05,4e-05,-1e-05,,,-2e-05,-2e-05,-3e-05,-3e-05,0.74998,0.74826,0.73149,0.68438,0.75,,,,,,,,,,,,,,,,,,,,,,0.0,0.0,0.0,0.0,,,,,,,,,,,,,,0.6388,0.1849,0.656,0.0172,-0.4539,0.4711,,,0.15,,,,,,0,0,0,0,0,0,,,,,,,5000,5000,1000,2000,1000,3000,1000,-13.89,0.0,-6.45,-10.34,-7.69,-8.33,-18.18,1,0,2,0,0,0.052,0.015,0.021,0.0,0.0,0.005,0.04444,0.01237,0.01746,0.0,0.00033,0.00605,0,0,0,100,100,100,0,0,0,100,100,100,0,0,0,100,100,100,2020-08-11,2019-10-08,2019-06-14,2020-07-20,2019-09-23,2019-05-30,,,,,,,,,,,,,,,,,,,0.02933,0.01567,0.019,0.00167,0.002,0.007,0,0,0,0,0,0,0,0,0,0,0,0,0,0,0,0,0,0,0,1,1,0,0,0,0,0,0,0,0,0,0,0,0,0,0,0,0,0,0,1,1,0,0,0,0,0,0,0,0,0,0,0,0,0,0,0,0,1,1,1,1,1,1,0,0,0,0,0,0,1,1,1,1,1,1,0,0,0,0,0,0,0,0,0,1,1,1,1,1,1,0,0,0,0,0,0,1,1,1,1,1,1,0,1,1,0,0,1,0,1,1,1,1,1,,,Life.BullRetrace,Life.BullStart,Life.BullRetrace,Life.BullStart,Life.BullRetrace
2021-01-22,TOPVISN,0.75,0.75,0.75,0.75,0.75,0,0.0,0,0.75,0.74997,3e-05,4e-05,-1e-05,,,-2e-05,-2e-05,-2e-05,-3e-05,0.74998,0.74832,0.73186,0.68503,0.75,,,,,,,,,,,,,,,,,,,,,,0.0,0.0,0.0,0.0,,,,,,,,,,,,,,0.6329,0.1812,0.6495,0.0166,-0.4517,0.4683,,,0.15,,,,,,0,0,0,0,0,0,,,,,,,5000,5000,1000,2000,1000,3000,1000,-13.89,0.0,-6.45,-10.34,-7.69,-8.33,-18.18,1,0,2,0,0,0.052,0.015,0.021,0.0,0.0,0.005,0.04444,0.01237,0.01746,0.0,0.00033,0.00605,0,0,0,100,100,100,0,0,0,100,100,100,0,0,0,100,100,100,2020-08-11,2019-10-08,2019-06-14,2020-07-20,2019-09-23,2019-05-30,,,,,,,,,,,,,,,,,,,0.02933,0.01567,0.019,0.00167,0.002,0.007,0,0,0,0,0,0,0,0,0,0,0,0,0,0,0,0,0,0,0,1,1,0,0,0,0,0,0,0,0,0,0,0,0,0,0,0,0,0,0,1,1,0,0,0,0,0,0,0,0,0,0,0,0,0,0,0,0,1,1,1,1,1,1,0,0,0,0,0,0,1,1,1,1,1,1,0,0,0,0,0,0,0,0,0,1,1,1,1,1,1,0,0,0,0,0,0,1,1,1,1,1,1,0,1,1,0,0,1,0,1,1,1,1,1,,,Life.BullRetrace,Life.BullStart,Life.BullRetrace,Life.BullStart,Life.BullRetrace
2021-01-25,TOPVISN,0.75,0.75,0.75,0.75,0.75,0,0.0,0,0.75,0.74997,3e-05,4e-05,-1e-05,,,-1e-05,-2e-05,-2e-05,-3e-05,0.74998,0.74839,0.73222,0.68568,0.75,,,,,,,,,,,,,,,,,,,,,,0.0,0.0,0.0,0.0,,,,,,,,,,,,,,0.6271,0.1776,0.643,0.0159,-0.4495,0.4654,,,0.15,,,,,,0,0,0,0,0,0,,,,,,,5000,5000,1000,2000,1000,3000,1000,-13.89,0.0,-6.45,-10.34,-7.69,-8.33,-18.18,1,0,2,0,0,0.052,0.015,0.021,0.0,0.0,0.005,0.04444,0.01237,0.01746,0.0,0.00033,0.00605,0,0,0,100,100,100,0,0,0,100,100,100,0,0,0,100,100,100,2020-08-11,2019-10-08,2019-06-14,2020-07-20,2019-09-23,2019-05-30,,,,,,,,,,,,,,,,,,,0.02933,0.01567,0.019,0.00167,0.002,0.007,0,0,0,0,0,0,0,0,0,0,0,0,0,0,0,0,0,0,0,1,1,0,0,0,0,0,0,0,0,0,0,0,0,0,0,0,0,0,0,1,1,0,0,0,0,0,0,0,0,0,0,0,0,0,0,0,0,1,1,1,1,1,1,0,0,0,0,0,0,1,1,1,1,1,1,0,0,0,0,0,0,0,0,0,1,1,1,1,1,1,0,0,0,0,0,0,1,1,1,1,1,1,0,1,1,0,0,1,0,1,1,1,1,1,,,Life.BullRetrace,Life.BullStart,Life.BullRetrace,Life.BullStart,Life.BullRetrace
2021-01-26,TOPVISN,0.75,0.75,0.75,0.75,0.75,0,0.0,0,0.75,0.74998,2e-05,4e-05,-1e-05,,,-1e-05,-2e-05,-2e-05,-3e-05,0.74998,0.74845,0.73257,0.68632,0.75,,,,,,,,,,,,,,,,,,,,,,0.0,0.0,0.0,0.0,,,,,,,,,,,,,,0.6213,0.1741,0.6366,0.0153,-0.4472,0.4625,,,0.15,,,,,,0,0,0,0,0,0,,,,,,,5000,5000,1000,2000,1000,3000,1000,-13.89,0.0,-6.45,-10.34,-7.69,-8.33,-18.18,0,0,2,0,0,0.052,0.015,0.021,0.0,0.0,0.005,0.04444,0.01237,0.01746,0.0,0.00033,0.00605,0,0,0,100,100,100,0,0,0,100,100,100,0,0,0,100,100,100,2020-08-11,2019-10-08,2019-06-14,2020-07-20,2019-09-23,2019-05-30,,,,,,,,,,,,,,,,,,,0.02933,0.01567,0.019,0.00167,0.002,0.007,0,0,0,0,0,0,0,0,0,0,0,0,0,0,0,0,0,0,0,1,1,0,0,0,0,0,0,0,0,0,0,0,0,0,0,0,0,0,0,1,1,0,0,0,0,0,0,0,0,0,0,0,0,0,0,0,0,1,1,1,1,1,1,0,0,0,0,0,0,1,1,1,1,1,1,0,0,0,0,0,0,0,0,0,1,1,1,1,1,1,0,0,0,0,0,0,1,1,1,1,1,1,0,1,1,0,0,1,0,1,1,1,1,1,,,Life.BullRetrace,Life.BullStart,Life.BullRetrace,Life.BullStart,Life.BullRetrace
2021-01-27,TOPVISN,0.75,0.75,0.75,0.75,0.75,0,0.0,0,0.75,0.74998,2e-05,3e-05,-1e-05,,,-1e-05,-2e-05,-2e-05,-2e-05,0.74998,0.74851,0.73292,0.68695,0.75,,,,,,,,,,,,,,,,,,,,,,0.0,0.0,0.0,0.0,,,,,,,,,,,,,,0.6156,0.1706,0.6303,0.0147,-0.445,0.4597,,,0.15,,,,,,0,0,0,0,0,0,,,,,,,5000,5000,1000,2000,1000,3000,1000,-13.89,0.0,-6.45,-10.34,-7.69,-8.33,-18.18,0,0,2,0,0,0.052,0.015,0.021,0.0,0.0,0.005,0.04444,0.01237,0.01746,0.0,0.00033,0.00605,0,0,0,100,100,100,0,0,0,100,100,100,0,0,0,100,100,100,2020-08-11,2019-10-08,2019-06-14,2020-07-20,2019-09-23,2019-05-30,,,,,,,,,,,,,,,,,,,0.02933,0.01567,0.019,0.00167,0.002,0.007,0,0,0,0,0,0,0,0,0,0,0,0,0,0,0,0,0,0,0,1,1,0,0,0,0,0,0,0,0,0,0,0,0,0,0,0,0,0,0,1,1,0,0,0,0,0,0,0,0,0,0,0,0,0,0,0,0,1,1,1,1,1,1,0,0,0,0,0,0,1,1,1,1,1,1,0,0,0,0,0,0,0,0,0,1,1,1,1,1,1,0,0,0,0,0,0,1,1,1,1,1,1,0,1,1,0,0,1,0,1,1,1,1,1,,,Life.BullRetrace,Life.BullStart,Life.BullRetrace,Life.BullStart,Life.BullRetrace
2021-01-29,TOPVISN,0.75,0.75,0.75,0.75,0.75,0,0.0,0,0.75,0.74998,2e-05,3e-05,-1e-05,,,-1e-05,-1e-05,-2e-05,-2e-05,0.74999,0.74857,0.73325,0.68758,0.75,,,,,,,,,,,,,,,,,,,,,,0.0,0.0,0.0,0.0,,,,,,,,,,,,,,0.6099,0.1674,0.6241,0.0142,-0.4425,0.4567,,,0.15,,,,,,0,0,0,0,0,0,,,,,,,5000,5000,1000,2000,1000,3000,1000,-13.89,0.0,-6.45,-10.34,-7.69,-8.33,-18.18,0,0,2,0,0,0.052,0.015,0.021,0.0,0.0,0.005,0.04444,0.01237,0.01746,0.0,0.00033,0.00605,0,0,0,100,100,100,0,0,0,100,100,100,0,0,0,100,100,100,2020-08-11,2019-10-08,2019-06-14,2020-07-20,2019-09-23,2019-05-30,,,,,,,,,,,,,,,,,,,0.02933,0.01567,0.019,0.00167,0.002,0.007,0,0,0,0,0,0,0,0,0,0,0,0,0,0,0,0,0,0,0,1,1,0,0,0,0,0,0,0,0,0,0,0,0,0,0,0,0,0,0,1,1,0,0,0,0,0,0,0,0,0,0,0,0,0,0,0,0,1,1,1,1,1,1,0,0,0,0,0,0,1,1,1,1,1,1,0,0,0,0,0,0,0,0,0,1,1,1,1,1,1,0,0,0,0,0,0,1,1,1,1,1,1,0,1,1,0,0,1,0,1,1,1,1,1,,,Life.BullRetrace,Life.BullStart,Life.BullRetrace,Life.BullStart,Life.BullRetrace
2021-02-02,TOPVISN,0.75,0.75,0.75,0.75,0.75,0,0.0,0,0.75,0.74998,2e-05,3e-05,-1e-05,,,-1e-05,-1e-05,-2e-05,-2e-05,0.74999,0.74863,0.73359,0.6882,0.75,,,,,,,,,,,,,,,,,,,,,,0.0,0.0,0.0,0.0,,,,,,,,,,,,,,0.6043,0.164,0.6179,0.0136,-0.4403,0.4539,,,0.15,,,,,,0,0,0,0,0,0,,,,,,,5000,5000,1000,2000,1000,3000,1000,-13.89,0.0,-6.45,-10.34,-7.69,-8.33,-18.18,0,0,2,0,0,0.052,0.015,0.021,0.0,0.0,0.005,0.04444,0.01237,0.01746,0.0,0.00033,0.00605,0,0,0,100,100,100,0,0,0,100,100,100,0,0,0,100,100,100,2020-08-11,2019-10-08,2019-06-14,2020-07-20,2019-09-23,2019-05-30,,,,,,,,,,,,,,,,,,,0.02933,0.01567,0.019,0.00167,0.002,0.007,0,0,0,0,0,0,0,0,0,0,0,0,0,0,0,0,0,0,0,1,1,0,0,0,0,0,0,0,0,0,0,0,0,0,0,0,0,0,0,1,1,0,0,0,0,0,0,0,0,0,0,0,0,0,0,0,0,1,1,1,1,1,1,0,0,0,0,0,0,1,1,1,1,1,1,0,0,0,0,0,0,0,0,0,1,1,1,1,1,1,0,0,0,0,0,0,1,1,1,1,1,1,0,1,1,0,0,1,0,1,1,1,1,1,,,Life.BullRetrace,Life.BullStart,Life.BullRetrace,Life.BullStart,Life.BullRetrace
2021-02-03,TOPVISN,0.75,0.75,0.75,0.75,0.75,0,0.0,0,0.75,0.74998,2e-05,3e-05,-1e-05,,,-1e-05,-1e-05,-2e-05,-2e-05,0.74999,0.74868,0.73391,0.68881,0.75,,,,,,,,,,,,,,,,,,,,,,0.0,0.0,0.0,0.0,,,,,,,,,,,,,,0.5987,0.1608,0.6118,0.0131,-0.4379,0.451,,,0.15,,,,,,0,0,0,0,0,0,,,,,,,5000,5000,1000,2000,1000,3000,1000,-13.89,0.0,-6.45,-10.34,-7.69,-8.33,-18.18,0,0,2,0,0,0.052,0.015,0.021,0.0,0.0,0.005,0.04444,0.01237,0.01746,0.0,0.00033,0.00605,0,0,0,100,100,100,0,0,0,100,100,100,0,0,0,100,100,100,2020-08-11,2019-10-08,2019-06-14,2020-07-20,2019-09-23,2019-05-30,,,,,,,,,,,,,,,,,,,0.02933,0.01567,0.019,0.00167,0.002,0.007,0,0,0,0,0,0,0,0,0,0,0,0,0,0,0,0,0,0,0,1,1,0,0,0,0,0,0,0,0,0,0,0,0,0,0,0,0,0,0,1,1,0,0,0,0,0,0,0,0,0,0,0,0,0,0,0,0,1,1,1,1,1,1,0,0,0,0,0,0,1,1,1,1,1,1,0,0,0,0,0,0,0,0,0,1,1,1,1,1,1,0,0,0,0,0,0,1,1,1,1,1,1,0,1,1,0,0,1,0,1,1,1,1,1,,,Life.BullRetrace,Life.BullStart,Life.BullRetrace,Life.BullStart,Life.BullRetrace
2021-02-04,TOPVISN,0.75,0.75,0.75,0.75,0.75,0,0.0,0,0.75,0.74998,2e-05,2e-05,-1e-05,,,-1e-05,-1e-05,-1e-05,-2e-05,0.74999,0.74873,0.73423,0.68942,0.75,,,,,,,,,,,,,,,,,,,,,,0.0,0.0,0.0,0.0,,,,,,,,,,,,,,0.5931,0.1576,0.6057,0.0126,-0.4355,0.4481,,,0.15,,,,,,0,0,0,0,0,0,,,,,,,5000,5000,1000,2000,1000,3000,1000,-13.89,0.0,-6.45,-10.34,-7.69,-8.33,-18.18,0,0,2,0,0,0.052,0.015,0.021,0.0,0.0,0.005,0.04444,0.01237,0.01746,0.0,0.00033,0.00605,0,0,0,100,100,100,0,0,0,100,100,100,0,0,0,100,100,100,2020-08-11,2019-10-08,2019-06-14,2020-07-20,2019-09-23,2019-05-30,,,,,,,,,,,,,,,,,,,0.02933,0.01567,0.019,0.00167,0.002,0.007,0,0,0,0,0,0,0,0,0,0,0,0,0,0,0,0,0,0,0,1,1,0,0,0,0,0,0,0,0,0,0,0,0,0,0,0,0,0,0,1,1,0,0,0,0,0,0,0,0,0,0,0,0,0,0,0,0,1,1,1,1,1,1,0,0,0,0,0,0,1,1,1,1,1,1,0,0,0,0,0,0,0,0,0,1,1,1,1,1,1,0,0,0,0,0,0,1,1,1,1,1,1,0,1,1,0,0,1,0,1,1,1,1,1,,,Life.BullRetrace,Life.BullStart,Life.BullRetrace,Life.BullStart,Life.BullRetrace
2021-02-05,TOPVISN,0.75,0.75,0.75,0.75,0.75,0,0.0,0,0.75,0.74998,2e-05,2e-05,-1e-05,,,-1e-05,-1e-05,-1e-05,-2e-05,0.74999,0.74878,0.73454,0.69003,0.75,,,,,,,,,,,,,,,,,,,,,,0.0,0.0,0.0,0.0,,,,,,,,,,,,,,0.5875,0.1545,0.5996,0.0121,-0.433,0.4451,,,0.15,,,,,,0,0,0,0,0,0,,,,,,,5000,5000,1000,2000,1000,3000,1000,-13.89,0.0,-6.45,-10.34,-7.69,-8.33,-18.18,0,0,2,0,0,0.052,0.015,0.021,0.0,0.0,0.005,0.04444,0.01237,0.01746,0.0,0.00033,0.00605,0,0,0,100,100,100,0,0,0,100,100,100,0,0,0,100,100,100,2020-08-11,2019-10-08,2019-06-14,2020-07-20,2019-09-23,2019-05-30,,,,,,,,,,,,,,,,,,,0.02933,0.01567,0.019,0.00167,0.002,0.007,0,0,0,0,0,0,0,0,0,0,0,0,0,0,0,0,0,0,0,1,1,0,0,0,0,0,0,0,0,0,0,0,0,0,0,0,0,0,0,1,1,0,0,0,0,0,0,0,0,0,0,0,0,0,0,0,0,1,1,1,1,1,1,0,0,0,0,0,0,1,1,1,1,1,1,0,0,0,0,0,0,0,0,0,1,1,1,1,1,1,0,0,0,0,0,0,1,1,1,1,1,1,0,1,1,0,0,1,0,1,1,1,1,1,,,Life.BullRetrace,Life.BullStart,Life.BullRetrace,Life.BullStart,Life.BullRetrace
2021-02-08,TOPVISN,0.75,0.75,0.75,0.75,0.75,0,0.0,0,0.75,0.74999,1e-05,2e-05,-1e-05,,,-1e-05,-1e-05,-1e-05,-2e-05,0.74999,0.74883,0.73485,0.69062,0.75,,,,,,,,,,,,,,,,,,,,,,0.0,0.0,0.0,0.0,,,,,,,,,,,,,,0.5821,0.1514,0.5937,0.0116,-0.4307,0.4423,,,0.15,,,,,,0,0,0,0,0,0,,,,,,,5000,5000,1000,2000,1000,3000,1000,-13.89,0.0,-6.45,-10.34,-7.69,-8.33,-18.18,0,0,2,0,0,0.052,0.015,0.021,0.0,0.0,0.005,0.04444,0.01237,0.01746,0.0,0.00033,0.00605,0,0,0,100,100,100,0,0,0,100,100,100,0,0,0,100,100,100,2020-08-11,2019-10-08,2019-06-14,2020-07-20,2019-09-23,2019-05-30,,,,,,,,,,,,,,,,,,,0.02933,0.01567,0.019,0.00167,0.002,0.007,0,0,0,0,0,0,0,0,0,0,0,0,0,0,0,0,0,0,0,1,1,0,0,0,0,0,0,0,0,0,0,0,0,0,0,0,0,0,0,1,1,0,0,0,0,0,0,0,0,0,0,0,0,0,0,0,0,1,1,1,1,1,1,0,0,0,0,0,0,1,1,1,1,1,1,0,0,0,0,0,0,0,0,0,1,1,1,1,1,1,0,0,0,0,0,0,1,1,1,1,1,1,0,1,1,0,0,1,0,1,1,1,1,1,,,Life.BullRetrace,Life.BullStart,Life.BullRetrace,Life.BullStart,Life.BullRetrace
2021-02-09,TOPVISN,0.75,0.75,0.75,0.75,0.75,0,0.0,0,0.75,0.74999,1e-05,2e-05,-1e-05,,,-1e-05,-1e-05,-1e-05,-1e-05,0.74999,0.74888,0.73515,0.69121,0.75,,,,,,,,,,,,,,,,,,,,,,0.0,0.0,0.0,0.0,,,,,,,,,,,,,,0.5767,0.1484,0.5878,0.0111,-0.4283,0.4394,,,0.15,,,,,,0,0,0,0,0,0,,,,,,,5000,5000,1000,2000,1000,3000,1000,-13.89,0.0,-6.45,-10.34,-7.69,-8.33,-18.18,0,0,2,0,0,0.052,0.015,0.021,0.0,0.0,0.005,0.04444,0.01237,0.01746,0.0,0.00033,0.00605,0,0,0,100,100,100,0,0,0,100,100,100,0,0,0,100,100,100,2020-08-11,2019-10-08,2019-06-14,2020-07-20,2019-09-23,2019-05-30,,,,,,,,,,,,,,,,,,,0.02933,0.01567,0.019,0.00167,0.002,0.007,0,0,0,0,0,0,0,0,0,0,0,0,0,0,0,0,0,0,0,1,1,0,0,0,0,0,0,0,0,0,0,0,0,0,0,0,0,0,0,1,1,0,0,0,0,0,0,0,0,0,0,0,0,0,0,0,0,1,1,1,1,1,1,0,0,0,0,0,0,1,1,1,1,1,1,0,0,0,0,0,0,0,0,0,1,1,1,1,1,1,0,0,0,0,0,0,1,1,1,1,1,1,0,1,1,0,0,1,0,1,1,1,1,1,,,Life.BullRetrace,Life.BullStart,Life.BullRetrace,Life.BullStart,Life.BullRetrace
2021-02-10,TOPVISN,0.75,0.75,0.75,0.75,0.75,0,0.0,0,0.75,0.74999,1e-05,2e-05,-1e-05,,,-1e-05,-1e-05,-1e-05,-1e-05,0.74999,0.74892,0.73544,0.6918,0.75,,,,,,,,,,,,,,,,,,,,,,0.0,0.0,0.0,0.0,,,,,,,,,,,,,,0.5712,0.1455,0.5819,0.0107,-0.4257,0.4364,,,0.15,,,,,,0,0,0,0,0,0,,,,,,,5000,5000,1000,2000,1000,3000,1000,-13.89,0.0,-6.45,-10.34,-7.69,-8.33,-18.18,0,0,2,0,0,0.052,0.015,0.021,0.0,0.0,0.005,0.04444,0.01237,0.01746,0.0,0.00033,0.00605,0,0,0,100,100,100,0,0,0,100,100,100,0,0,0,100,100,100,2020-08-11,2019-10-08,2019-06-14,2020-07-20,2019-09-23,2019-05-30,,,,,,,,,,,,,,,,,,,0.02933,0.01567,0.019,0.00167,0.002,0.007,0,0,0,0,0,0,0,0,0,0,0,0,0,0,0,0,0,0,0,1,1,0,0,0,0,0,0,0,0,0,0,0,0,0,0,0,0,0,0,1,1,0,0,0,0,0,0,0,0,0,0,0,0,0,0,0,0,1,1,1,1,1,1,0,0,0,0,0,0,1,1,1,1,1,1,0,0,0,0,0,0,0,0,0,1,1,1,1,1,1,0,0,0,0,0,0,1,1,1,1,1,1,0,1,1,0,0,1,0,1,1,1,1,1,,,Life.BullRetrace,Life.BullStart,Life.BullRetrace,Life.BullStart,Life.BullRetrace
2021-02-11,TOPVISN,0.75,0.75,0.75,0.75,0.75,0,0.0,0,0.75,0.74999,1e-05,2e-05,-1e-05,,,-1e-05,-1e-05,-1e-05,-1e-05,0.74999,0.74896,0.73573,0.69238,0.75,,,,,,,,,,,,,,,,,,,,,,0.0,0.0,0.0,0.0,,,,,,,,,,,,,,0.5658,0.1426,0.5761,0.0103,-0.4232,0.4335,,,0.15,,,,,,0,0,0,0,0,0,,,,,,,5000,5000,1000,2000,1000,3000,1000,-13.89,0.0,-6.45,-10.34,-7.69,-8.33,-18.18,0,0,2,0,0,0.052,0.015,0.021,0.0,0.0,0.005,0.04444,0.01237,0.01746,0.0,0.00033,0.00605,0,0,0,100,100,100,0,0,0,100,100,100,0,0,0,100,100,100,2020-08-11,2019-10-08,2019-06-14,2020-07-20,2019-09-23,2019-05-30,,,,,,,,,,,,,,,,,,,0.02933,0.01567,0.019,0.00167,0.002,0.007,0,0,0,0,0,0,0,0,0,0,0,0,0,0,0,0,0,0,0,1,1,0,0,0,0,0,0,0,0,0,0,0,0,0,0,0,0,0,0,1,1,0,0,0,0,0,0,0,0,0,0,0,0,0,0,0,0,1,1,1,1,1,1,0,0,0,0,0,0,1,1,1,1,1,1,0,0,0,0,0,0,0,0,0,1,1,1,1,1,1,0,0,0,0,0,0,1,1,1,1,1,1,0,1,1,0,0,1,0,1,1,1,1,1,,,Life.BullRetrace,Life.BullStart,Life.BullRetrace,Life.BullStart,Life.BullRetrace
2021-04-21,TOPVISN,0.75,0.75,0.75,0.75,0.75,3000,0.0,0,0.75,0.74999,1e-05,2e-05,-0.0,,,-1e-05,-1e-05,-1e-05,-1e-05,0.74999,0.749,0.73601,0.69295,0.75,,,,,,,,,,,,,,,,,,,,,,0.0,0.0,0.0,0.0,,,,,,,,,,,,,,0.5605,0.1398,0.5704,0.0099,-0.4207,0.4306,,,0.15,,,,,,0,0,0,0,0,0,,,,,,,5000,1000,2000,1000,3000,1000,3000,0.0,-6.45,-10.34,-7.69,-8.33,-18.18,-11.11,1,0,2,0,0,0.052,0.015,0.021,0.0,0.0,0.005,0.04444,0.01237,0.01746,0.0,0.00033,0.00605,0,0,0,100,100,100,0,0,0,100,100,100,0,0,0,100,100,100,2020-08-11,2019-10-08,2019-06-14,2020-07-20,2019-09-23,2019-05-30,,,,,,,,,,,,,,,,,,,0.02933,0.01567,0.019,0.00167,0.002,0.007,0,0,0,0,0,0,0,0,0,0,0,0,0,0,0,0,0,0,0,1,1,0,0,0,0,0,0,0,0,0,0,0,0,0,0,0,0,0,0,1,1,0,0,0,0,0,0,0,0,0,0,0,0,0,0,0,0,1,1,1,1,1,1,0,0,0,0,0,0,1,1,1,1,1,1,0,0,0,0,0,0,0,0,0,1,1,1,1,1,1,0,0,0,0,0,0,1,1,1,1,1,1,0,1,1,0,0,1,0,1,1,1,1,1,,,Life.BullRetrace,Life.BullStart,Life.BullRetrace,Life.BullStart,Life.BullRetrace
