Date,smooth_close,smooth_troughs,smooth_peaks,close_troughs,close_peaks,ma25,ma50,ma100,ma200,no25,dist_no25,no200,dist_no200,all4,dist_all4,all4_no25,no200_no25,all4_no200,macd_short,macd_long,MACD,smooth_macd,MACD_signal,macd_distance,macd_troughs,macd_peaks,PnL1,PnL2,PnL3,PnL4,PnL5,PnL6,PnL7,PnL8,PnL1_days,PnL2_days,PnL3_days,PnL4_days,PnL5_days,PnL6_days,PnL7_days,PnL8_days,rsi_up_chg,rsi_down_chg,rsi_up_chg_avg,rsi_down_chg_avg,rsi_rs,RSI,smooth_rsi,rsi_troughs,rsi_peaks,rsi_distance,fastK,fastD,fast_troughs,fast_peaks,slowK,slowD,smooth_slowK,smooth_slowD,slow_troughs,slow_peaks,ATR,smooth_atr,atr_troughs,atr_peaks,all4_up,no25_up,no200_up,all4_momentum,no25_momentum,no200_momentum,bull_start,bull,bull_retrace,bull_end,bear_start,bear,bear_recovery,bear_end,smooth_p1,smooth_p2,smooth_p3,smooth_t1,smooth_t2,smooth_t3,smooth_p1_date,smooth_p2_date,smooth_p3_date,smooth_t1_date,smooth_t2_date,smooth_t3_date,smooth_diff_0,smooth_diff_1,smooth_diff_2,smooth_diff_3,smooth_diff_4,smooth_diff_5,smooth_day_0,smooth_day_1,smooth_day_2,smooth_day_3,smooth_day_4,smooth_day_5,smooth_angle_0,smooth_angle_1,smooth_angle_2,smooth_angle_3,smooth_angle_4,smooth_angle_5,close_p1,close_p2,close_p3,close_t1,close_t2,close_t3,close_p1_date,close_p2_date,close_p3_date,close_t1_date,close_t2_date,close_t3_date,atr_p1,atr_p2,atr_p3,atr_t1,atr_t2,atr_t3,atr_p1_date,atr_p2_date,atr_p3_date,atr_t1_date,atr_t2_date,atr_t3_date,v3,v2,v1,v3p,v2p,v1p,macd_p1,macd_p2,macd_p3,macd_t1,macd_t2,macd_t3,macd_p1_signal,macd_p2_signal,macd_p3_signal,macd_t1_signal,macd_t2_signal,macd_t3_signal,slow_p1,slow_p2,slow_p3,slow_t1,slow_t2,slow_t3,fast_p1,fast_p2,fast_p3,fast_t1,fast_t2,fast_t3,rsi_p1,rsi_p2,rsi_p3,rsi_t1,rsi_t2,rsi_t3,macd_p1_date,macd_p2_date,macd_p3_date,macd_t1_date,macd_t2_date,macd_t3_date,macd_p1_days,macd_p2_days,macd_p3_days,macd_t1_days,macd_t2_days,macd_t3_days,slow_p1_date,slow_p2_date,slow_p3_date,slow_t1_date,slow_t2_date,slow_t3_date,fast_p1_date,fast_p2_date,fast_p3_date,fast_t1_date,fast_t2_date,fast_t3_date,rsi_p1_date,rsi_p2_date,rsi_p3_date,rsi_t1_date,rsi_t2_date,rsi_t3_date,minsmcp,maxsmcp,minsmct,maxsmct,mincp,maxcp,minct,maxct,minmp,maxmp,minmt,maxmt,minsp,maxsp,minst,maxst,minfp,maxfp,minft,maxft,minrp,maxrp,minrt,maxrt,minap,maxap,minat,maxat,mp_positives,mt_positives,vol_n2p,vol_p2p,vol_p2n,vol_n2n,vol_hist5,vol_hist4,vol_hist3,vol_hist2,vol_hist1,life5,life4,life3,life2,life1,buy_call,sell_call
2021-07-15,0.90183,,,,,0.9,0.9,0.9,0.9,0.0,0.0,0.0,0.0,0.0,0.0,0.0,0.0,-0.0,0.9,0.9,0.0,0.0,0.0,-0.0,,,0.8,-2.86,4.98,-5.72,0.69,-1.02,,,5.0,9.0,25.0,20.0,7.0,11.0,,,,,,,,,,,,,,,,,,,,,,,0.125,0.125,,,0,0,0,0.0,0.0,0.0,,,,0.15,,,,,0.0,0.0,0.0,0.0,0.0,0.0,1999-01-01,1999-01-01,1999-01-01,1999-01-01,1999-01-01,1999-01-01,,,,,,,0.0,0.0,0.0,0.0,0.0,0.0,0.0,0.0,0.0,0.0,0.0,0.0,0.0,0.0,0.0,0.0,0.0,0.0,1999-01-01,1999-01-01,1999-01-01,1999-01-01,1999-01-01,1999-01-01,0.0,0.0,0.0,100.0,100.0,100.0,1999-01-01,1999-01-01,1999-01-01,1999-01-01,1999-01-01,1999-01-01,0.0,0.0,61827100.0,0.0,0.0,6182710000.0,0.0,0.0,0.0,100.0,100.0,100.0,0.0,0.0,0.0,100.0,100.0,100.0,0.0,0.0,0.0,100.0,100.0,100.0,0.0,0.0,0.0,100.0,100.0,100.0,0.0,0.0,0.0,100.0,100.0,100.0,1999-01-01,1999-01-01,1999-01-01,1999-01-01,1999-01-01,1999-01-01,0,0,0,0,0,0,1999-01-01,1999-01-01,1999-01-01,1999-01-01,1999-01-01,1999-01-01,1999-01-01,1999-01-01,1999-01-01,1999-01-01,1999-01-01,1999-01-01,1999-01-01,1999-01-01,1999-01-01,1999-01-01,1999-01-01,1999-01-01,0,0,0,0,0,0,0,0,0,0,0,0,0,0,0,0,0,0,0,0,0,0,0,0,0,0,0,0,1,1,,,,,,,,,,Life.Empty,Life.Empty,Life.Empty,Life.Empty,Life.BullEnd,,
2021-07-16,0.9052,,,,0.92,0.90154,0.90078,0.9004,0.9002,0.00059,-3e-05,0.00114,-5e-05,0.00134,-6e-05,-3e-05,-2e-05,-1e-05,0.90308,0.90148,0.0016,-4e-05,-5e-05,1e-05,,,0.42,-2.86,4.98,-5.72,0.69,-1.02,,,4.0,9.0,25.0,20.0,7.0,11.0,,,0.02,0.0,,,,,,,,,,,,,,,,,,,0.11786,0.1209,,,0,0,0,-0.01,-0.0,-0.0,,,,,,-0.15,,,0.0,0.0,0.0,0.0,0.0,0.0,1999-01-01,1999-01-01,1999-01-01,1999-01-01,1999-01-01,1999-01-01,,,,,,,0.0,0.0,0.0,0.0,0.0,0.0,0.0,0.0,0.0,0.0,0.0,0.0,0.92,0.0,0.0,0.0,0.0,0.0,2021-07-16,1999-01-01,1999-01-01,1999-01-01,1999-01-01,1999-01-01,0.0,0.0,0.0,100.0,100.0,100.0,1999-01-01,1999-01-01,1999-01-01,1999-01-01,1999-01-01,1999-01-01,0.0,61827100.0,3442600.0,0.0,6182710000.0,5.57,0.0,0.0,0.0,100.0,100.0,100.0,0.0,0.0,0.0,100.0,100.0,100.0,0.0,0.0,0.0,100.0,100.0,100.0,0.0,0.0,0.0,100.0,100.0,100.0,0.0,0.0,0.0,100.0,100.0,100.0,1999-01-01,1999-01-01,1999-01-01,1999-01-01,1999-01-01,1999-01-01,0,0,0,0,0,0,1999-01-01,1999-01-01,1999-01-01,1999-01-01,1999-01-01,1999-01-01,1999-01-01,1999-01-01,1999-01-01,1999-01-01,1999-01-01,1999-01-01,1999-01-01,1999-01-01,1999-01-01,1999-01-01,1999-01-01,1999-01-01,0,0,0,0,0,1,0,0,0,0,0,0,0,0,0,0,0,0,0,0,0,0,0,0,0,0,0,0,1,1,,,,,,,,,,Life.Empty,Life.Empty,Life.Empty,Life.BullEnd,Life.Bear,,
2021-07-19,0.90774,,,0.91,,0.90219,0.90115,0.90059,0.9003,0.00085,-5e-05,0.0016,-0.0001,0.00189,-0.00011,-6e-05,-5e-05,-1e-05,0.90414,0.90211,0.00203,-8e-05,-9e-05,1e-05,,,0.14,-2.86,4.98,-5.72,0.69,-1.02,,,3.0,9.0,25.0,20.0,7.0,11.0,,,-0.0,-0.01,,,,,,,,,,,,,,,,,,,0.11372,0.11682,,,0,0,0,0.0,0.0,0.0,,,,,,-0.15,,,0.0,0.0,0.0,0.0,0.0,0.0,1999-01-01,1999-01-01,1999-01-01,1999-01-01,1999-01-01,1999-01-01,,,,,,,0.0,0.0,0.0,0.0,0.0,0.0,0.0,0.0,0.0,0.0,0.0,0.0,0.92,0.0,0.0,0.91,0.0,0.0,2021-07-16,1999-01-01,1999-01-01,2021-07-19,1999-01-01,1999-01-01,0.0,0.0,0.0,100.0,100.0,100.0,1999-01-01,1999-01-01,1999-01-01,1999-01-01,1999-01-01,1999-01-01,61827100.0,3442600.0,17081300.0,6182710000.0,5.57,26.17,0.0,0.0,0.0,100.0,100.0,100.0,0.0,0.0,0.0,100.0,100.0,100.0,0.0,0.0,0.0,100.0,100.0,100.0,0.0,0.0,0.0,100.0,100.0,100.0,0.0,0.0,0.0,100.0,100.0,100.0,1999-01-01,1999-01-01,1999-01-01,1999-01-01,1999-01-01,1999-01-01,0,0,0,0,0,0,1999-01-01,1999-01-01,1999-01-01,1999-01-01,1999-01-01,1999-01-01,1999-01-01,1999-01-01,1999-01-01,1999-01-01,1999-01-01,1999-01-01,1999-01-01,1999-01-01,1999-01-01,1999-01-01,1999-01-01,1999-01-01,0,0,0,0,0,1,0,1,0,0,0,0,0,0,0,0,0,0,0,0,0,0,0,0,0,0,0,0,1,1,,,,,,,,,,Life.Empty,Life.Empty,Life.Empty,Life.BullEnd,Life.Bear,,
2021-07-21,0.90895,,,,,0.90317,0.90169,0.90087,0.90044,0.00125,-7e-05,0.0023,-0.00014,0.00273,-0.00016,-9e-05,-7e-05,-2e-05,0.90581,0.90307,0.00275,-0.00012,-0.00013,2e-05,,,0.01,-2.86,4.98,-5.72,0.69,-1.02,,,1.0,9.0,25.0,20.0,7.0,11.0,,,0.005,0.0,,,,,,,,,,,,,,,,,,,0.10739,0.11275,,,0,0,0,-0.0,0.0,0.0,,,,,,-0.15,,,0.0,0.0,0.0,0.0,0.0,0.0,1999-01-01,1999-01-01,1999-01-01,1999-01-01,1999-01-01,1999-01-01,,,,,,,0.0,0.0,0.0,0.0,0.0,0.0,0.0,0.0,0.0,0.0,0.0,0.0,0.92,0.0,0.0,0.91,0.0,0.0,2021-07-16,1999-01-01,1999-01-01,2021-07-19,1999-01-01,1999-01-01,0.0,0.0,0.0,100.0,100.0,100.0,1999-01-01,1999-01-01,1999-01-01,1999-01-01,1999-01-01,1999-01-01,3442600.0,17081300.0,6996600.0,5.57,26.17,-66.58,0.0,0.0,0.0,100.0,100.0,100.0,0.0,0.0,0.0,100.0,100.0,100.0,0.0,0.0,0.0,100.0,100.0,100.0,0.0,0.0,0.0,100.0,100.0,100.0,0.0,0.0,0.0,100.0,100.0,100.0,1999-01-01,1999-01-01,1999-01-01,1999-01-01,1999-01-01,1999-01-01,0,0,0,0,0,0,1999-01-01,1999-01-01,1999-01-01,1999-01-01,1999-01-01,1999-01-01,1999-01-01,1999-01-01,1999-01-01,1999-01-01,1999-01-01,1999-01-01,1999-01-01,1999-01-01,1999-01-01,1999-01-01,1999-01-01,1999-01-01,0,0,0,0,0,1,0,1,0,0,0,0,0,0,0,0,0,0,0,0,0,0,0,0,0,0,0,0,1,1,,,6996600,,,,,,p2n,Life.Empty,Life.Empty,Life.Empty,Life.BullEnd,Life.Bear,,
2021-07-22,0.90868,,0.909,,0.925,0.90485,0.9026,0.90135,0.90069,0.00192,-9e-05,0.0035,-0.00018,0.00417,-0.0002,-0.00011,-9e-05,-3e-05,0.90876,0.90469,0.00407,-0.00014,-0.00017,2e-05,,,-2.83,4.98,-5.72,0.69,-1.02,,,,9.0,25.0,20.0,7.0,11.0,,,,0.01,0.0,,,,,,,,,,,,,,,,,,,0.10115,0.10872,,,0,0,0,0.0,-0.0,-0.0,,,,,,-0.15,,,0.0,0.0,0.0,0.0,0.0,0.0,1999-01-01,1999-01-01,1999-01-01,1999-01-01,1999-01-01,1999-01-01,,,,,,,0.0,0.0,0.0,0.0,0.0,0.0,0.0,0.0,0.0,0.0,0.0,0.0,0.925,0.92,0.0,0.91,0.0,0.0,2021-07-22,2021-07-16,1999-01-01,2021-07-19,1999-01-01,1999-01-01,0.0,0.0,0.0,100.0,100.0,100.0,1999-01-01,1999-01-01,1999-01-01,1999-01-01,1999-01-01,1999-01-01,17081300.0,6996600.0,3288100.0,26.17,-66.58,-0.56,0.0,0.0,0.0,100.0,100.0,100.0,0.0,0.0,0.0,100.0,100.0,100.0,0.0,0.0,0.0,100.0,100.0,100.0,0.0,0.0,0.0,100.0,100.0,100.0,0.0,0.0,0.0,100.0,100.0,100.0,1999-01-01,1999-01-01,1999-01-01,1999-01-01,1999-01-01,1999-01-01,0,0,0,0,0,0,1999-01-01,1999-01-01,1999-01-01,1999-01-01,1999-01-01,1999-01-01,1999-01-01,1999-01-01,1999-01-01,1999-01-01,1999-01-01,1999-01-01,1999-01-01,1999-01-01,1999-01-01,1999-01-01,1999-01-01,1999-01-01,0,0,0,0,0,1,0,1,0,0,0,0,0,0,0,0,0,0,0,0,0,0,0,0,0,0,0,0,1,1,,,,,,,,p2n,,Life.Empty,Life.Empty,Life.Empty,Life.BullEnd,Life.Bear,,
2021-07-23,0.90693,,,,,0.90563,0.90309,0.90162,0.90083,0.00226,-0.0001,0.00401,-0.0002,0.0048,-0.00023,-0.00013,-0.0001,-3e-05,0.90972,0.90546,0.00427,-0.00016,-0.0002,3e-05,,,-2.64,4.98,-5.72,0.69,-1.02,,,,8.0,25.0,20.0,7.0,11.0,,,,-0.0,-0.01,,,,,,,,,,,,,,,,,,,0.09499,0.10473,,,0,0,0,0.0,0.0,0.0,,,,,,-0.15,,,0.0,0.0,0.0,0.0,0.0,0.0,1999-01-01,1999-01-01,1999-01-01,1999-01-01,1999-01-01,1999-01-01,,,,,,,0.0,0.0,0.0,0.0,0.0,0.0,0.0,0.0,0.0,0.0,0.0,0.0,0.925,0.92,0.0,0.91,0.0,0.0,2021-07-22,2021-07-16,1999-01-01,2021-07-19,1999-01-01,1999-01-01,0.0,0.0,0.0,100.0,100.0,100.0,1999-01-01,1999-01-01,1999-01-01,1999-01-01,1999-01-01,1999-01-01,6996600.0,3288100.0,2881400.0,-66.58,-0.56,-51.89,0.0,0.0,0.0,100.0,100.0,100.0,0.0,0.0,0.0,100.0,100.0,100.0,0.0,0.0,0.0,100.0,100.0,100.0,0.0,0.0,0.0,100.0,100.0,100.0,0.0,0.0,0.0,100.0,100.0,100.0,1999-01-01,1999-01-01,1999-01-01,1999-01-01,1999-01-01,1999-01-01,0,0,0,0,0,0,1999-01-01,1999-01-01,1999-01-01,1999-01-01,1999-01-01,1999-01-01,1999-01-01,1999-01-01,1999-01-01,1999-01-01,1999-01-01,1999-01-01,1999-01-01,1999-01-01,1999-01-01,1999-01-01,1999-01-01,1999-01-01,0,0,0,0,0,1,0,1,0,0,0,0,0,0,0,0,0,0,0,0,0,0,0,0,0,0,0,0,1,1,,,,-2881400,,,p2n,,n2n,Life.Empty,Life.Empty,Life.Empty,Life.BullEnd,Life.Bear,,
2021-07-26,0.90371,,,,,0.90559,0.90316,0.90169,0.90087,0.00229,-0.00011,0.0039,-0.00022,0.00471,-0.00025,-0.00014,-0.00011,-3e-05,0.909,0.90542,0.00358,-0.00017,-0.00022,4e-05,,,-2.29,4.98,-5.72,0.69,-1.02,,,,7.0,25.0,20.0,7.0,11.0,,,,-0.0,-0.01,,,,,,,,,,,,,30.0,,,,,,0.08928,0.10079,,,0,0,0,0.0,0.0,0.0,,,,,,-0.15,,,0.0,0.0,0.0,0.0,0.0,0.0,1999-01-01,1999-01-01,1999-01-01,1999-01-01,1999-01-01,1999-01-01,,,,,,,0.0,0.0,0.0,0.0,0.0,0.0,0.0,0.0,0.0,0.0,0.0,0.0,0.925,0.92,0.0,0.91,0.0,0.0,2021-07-22,2021-07-16,1999-01-01,2021-07-19,1999-01-01,1999-01-01,0.0,0.0,0.0,100.0,100.0,100.0,1999-01-01,1999-01-01,1999-01-01,1999-01-01,1999-01-01,1999-01-01,3288100.0,2881400.0,1958700.0,-0.56,-51.89,-38.26,0.0,0.0,0.0,100.0,100.0,100.0,0.0,0.0,0.0,100.0,100.0,100.0,0.0,0.0,0.0,100.0,100.0,100.0,0.0,0.0,0.0,100.0,100.0,100.0,0.0,0.0,0.0,100.0,100.0,100.0,1999-01-01,1999-01-01,1999-01-01,1999-01-01,1999-01-01,1999-01-01,0,0,0,0,0,0,1999-01-01,1999-01-01,1999-01-01,1999-01-01,1999-01-01,1999-01-01,1999-01-01,1999-01-01,1999-01-01,1999-01-01,1999-01-01,1999-01-01,1999-01-01,1999-01-01,1999-01-01,1999-01-01,1999-01-01,1999-01-01,0,0,0,0,0,1,0,1,0,0,0,0,0,0,0,0,0,0,0,0,0,0,0,0,0,0,0,0,1,1,,,,,,p2n,,n2n,,Life.Empty,Life.Empty,Life.Empty,Life.BullEnd,Life.Bear,,
2021-07-27,0.89943,,,,,0.90554,0.90324,0.90175,0.90091,0.00232,-0.0001,0.00379,-0.00021,0.00463,-0.00024,-0.00014,-0.00011,-3e-05,0.90838,0.90539,0.00299,-0.00017,-0.00022,6e-05,,,-1.83,4.98,-5.72,0.69,-1.02,,,,6.0,25.0,20.0,7.0,11.0,,,,0.0,0.0,,,,,,,,,,,,,25.0,,,,,,0.08397,0.09691,,,1,1,1,0.0,0.0,0.0,,,,,,,-0.15,,0.0,0.0,0.0,0.0,0.0,0.0,1999-01-01,1999-01-01,1999-01-01,1999-01-01,1999-01-01,1999-01-01,,,,,,,0.0,0.0,0.0,0.0,0.0,0.0,0.0,0.0,0.0,0.0,0.0,0.0,0.925,0.92,0.0,0.91,0.0,0.0,2021-07-22,2021-07-16,1999-01-01,2021-07-19,1999-01-01,1999-01-01,0.0,0.0,0.0,100.0,100.0,100.0,1999-01-01,1999-01-01,1999-01-01,1999-01-01,1999-01-01,1999-01-01,2881400.0,1958700.0,2795600.0,-51.89,-38.26,-6.06,0.0,0.0,0.0,100.0,100.0,100.0,0.0,0.0,0.0,100.0,100.0,100.0,0.0,0.0,0.0,100.0,100.0,100.0,0.0,0.0,0.0,100.0,100.0,100.0,0.0,0.0,0.0,100.0,100.0,100.0,1999-01-01,1999-01-01,1999-01-01,1999-01-01,1999-01-01,1999-01-01,0,0,0,0,0,0,1999-01-01,1999-01-01,1999-01-01,1999-01-01,1999-01-01,1999-01-01,1999-01-01,1999-01-01,1999-01-01,1999-01-01,1999-01-01,1999-01-01,1999-01-01,1999-01-01,1999-01-01,1999-01-01,1999-01-01,1999-01-01,0,0,0,0,0,1,0,1,0,0,0,0,0,0,0,0,0,0,0,0,0,0,0,0,0,0,0,0,1,1,,,,,p2n,,n2n,,,Life.Empty,Life.Empty,Life.BullEnd,Life.Bear,Life.BearRecovery,,
2021-07-28,0.89469,,,,,0.90473,0.90291,0.90162,0.90085,0.00206,-9e-05,0.00311,-0.0002,0.00388,-0.00022,-0.00013,-0.00011,-2e-05,0.90632,0.90462,0.0017,-0.00015,-0.00022,8e-05,,,-1.31,4.98,-5.72,0.69,-1.02,,,,5.0,25.0,20.0,7.0,11.0,,,,-0.0,-0.01,,,,,,,,,,,,,17.59259,24.19753,,,,,0.07905,0.09311,,,1,1,1,0.0,0.0,0.0,,,,,,,-0.15,,0.0,0.0,0.0,0.0,0.0,0.0,1999-01-01,1999-01-01,1999-01-01,1999-01-01,1999-01-01,1999-01-01,,,,,,,0.0,0.0,0.0,0.0,0.0,0.0,0.0,0.0,0.0,0.0,0.0,0.0,0.925,0.92,0.0,0.91,0.0,0.0,2021-07-22,2021-07-16,1999-01-01,2021-07-19,1999-01-01,1999-01-01,0.0,0.0,0.0,100.0,100.0,100.0,1999-01-01,1999-01-01,1999-01-01,1999-01-01,1999-01-01,1999-01-01,1958700.0,2795600.0,1517100.0,-38.26,-6.06,-17.87,0.0,0.0,0.0,100.0,100.0,100.0,0.0,0.0,0.0,100.0,100.0,100.0,0.0,0.0,0.0,100.0,100.0,100.0,0.0,0.0,0.0,100.0,100.0,100.0,0.0,0.0,0.0,100.0,100.0,100.0,1999-01-01,1999-01-01,1999-01-01,1999-01-01,1999-01-01,1999-01-01,0,0,0,0,0,0,1999-01-01,1999-01-01,1999-01-01,1999-01-01,1999-01-01,1999-01-01,1999-01-01,1999-01-01,1999-01-01,1999-01-01,1999-01-01,1999-01-01,1999-01-01,1999-01-01,1999-01-01,1999-01-01,1999-01-01,1999-01-01,0,0,0,0,0,1,0,1,0,0,0,0,0,0,0,0,0,0,0,0,0,0,0,0,0,0,0,0,1,1,,,,,,n2n,,,,Life.Empty,Life.Empty,Life.BullEnd,Life.Bear,Life.BearRecovery,,
2021-07-29,0.89012,,,,,0.90321,0.90221,0.90129,0.9007,0.00152,-7e-05,0.00192,-0.00016,0.00252,-0.00018,-0.00011,-9e-05,-1e-05,0.90304,0.90317,-0.00012,-0.00011,-0.00021,0.0001,,,-0.8,4.98,-5.72,0.69,-1.02,,,,4.0,25.0,20.0,7.0,11.0,,,,-0.0,-0.01,,,,,,,,,,,,,12.03704,18.20988,,,,,0.07447,0.08939,,,1,1,1,0.0,0.0,0.0,,,,,,,-0.15,,0.0,0.0,0.0,0.0,0.0,0.0,1999-01-01,1999-01-01,1999-01-01,1999-01-01,1999-01-01,1999-01-01,,,,,,,0.0,0.0,0.0,0.0,0.0,0.0,0.0,0.0,0.0,0.0,0.0,0.0,0.925,0.92,0.0,0.91,0.0,0.0,2021-07-22,2021-07-16,1999-01-01,2021-07-19,1999-01-01,1999-01-01,0.0,0.0,0.0,100.0,100.0,100.0,1999-01-01,1999-01-01,1999-01-01,1999-01-01,1999-01-01,1999-01-01,2795600.0,1517100.0,2080700.0,-6.06,-17.87,1.95,0.0,0.0,0.0,100.0,100.0,100.0,0.0,0.0,0.0,100.0,100.0,100.0,0.0,0.0,0.0,100.0,100.0,100.0,0.0,0.0,0.0,100.0,100.0,100.0,0.0,0.0,0.0,100.0,100.0,100.0,1999-01-01,1999-01-01,1999-01-01,1999-01-01,1999-01-01,1999-01-01,0,0,0,0,0,0,1999-01-01,1999-01-01,1999-01-01,1999-01-01,1999-01-01,1999-01-01,1999-01-01,1999-01-01,1999-01-01,1999-01-01,1999-01-01,1999-01-01,1999-01-01,1999-01-01,1999-01-01,1999-01-01,1999-01-01,1999-01-01,0,0,0,0,0,1,0,1,0,0,0,0,0,0,0,0,0,0,0,0,0,0,0,0,0,0,0,0,1,1,,,,,n2n,,,,,Life.Empty,Life.Empty,Life.BullEnd,Life.Bear,Life.BearRecovery,,
2021-07-30,0.88634,,,0.875,,0.90104,0.90114,0.90077,0.90044,0.0007,-4e-05,0.00037,-0.00011,0.0007,-0.00011,-7e-05,-7e-05,-0.0,0.89873,0.90108,-0.00235,-6e-05,-0.00018,0.00012,,,-0.38,4.98,-5.72,0.69,-1.02,,,,3.0,25.0,20.0,7.0,11.0,,,,-0.0,-0.01,,,,,,,,,,,,,9.76431,13.13131,,,,,0.07058,0.08576,,,1,1,1,0.0,0.0,0.0,,,,,,,-0.15,,0.0,0.0,0.0,0.0,0.0,0.0,1999-01-01,1999-01-01,1999-01-01,1999-01-01,1999-01-01,1999-01-01,,,,,,,0.0,0.0,0.0,0.0,0.0,0.0,0.0,0.0,0.0,0.0,0.0,0.0,0.925,0.92,0.0,0.875,0.91,0.0,2021-07-22,2021-07-16,1999-01-01,2021-07-30,2021-07-19,1999-01-01,0.0,0.0,0.0,100.0,100.0,100.0,1999-01-01,1999-01-01,1999-01-01,1999-01-01,1999-01-01,1999-01-01,1517100.0,2080700.0,2380800.0,-17.87,1.95,-6.49,0.0,0.0,0.0,100.0,100.0,100.0,0.0,0.0,0.0,100.0,100.0,100.0,0.0,0.0,0.0,100.0,100.0,100.0,0.0,0.0,0.0,100.0,100.0,100.0,0.0,0.0,0.0,100.0,100.0,100.0,1999-01-01,1999-01-01,1999-01-01,1999-01-01,1999-01-01,1999-01-01,0,0,0,0,0,0,1999-01-01,1999-01-01,1999-01-01,1999-01-01,1999-01-01,1999-01-01,1999-01-01,1999-01-01,1999-01-01,1999-01-01,1999-01-01,1999-01-01,1999-01-01,1999-01-01,1999-01-01,1999-01-01,1999-01-01,1999-01-01,0,0,0,0,0,1,0,0,0,0,0,0,0,0,0,0,0,0,0,0,0,0,0,0,0,0,0,0,1,1,,,,,,,,,,Life.Empty,Life.Empty,Life.BullEnd,Life.Bear,Life.BearRecovery,,
2021-08-02,0.88382,,,,0.89,0.90019,0.90071,0.90056,0.90034,0.00037,1e-05,0.00051,-3e-05,0.00051,-2e-05,-3e-05,-4e-05,2e-05,0.89739,0.90026,-0.00287,1e-05,-0.00013,0.00015,,,-0.09,4.98,-5.72,0.69,-1.02,,,,2.0,25.0,20.0,7.0,11.0,,,,0.015,0.0,,,,,,,,,,,,,24.57912,15.46016,,,,,0.06732,0.08223,,,1,1,1,0.0,0.0,0.0,,,,,,,-0.15,,0.0,0.0,0.0,0.0,0.0,0.0,1999-01-01,1999-01-01,1999-01-01,1999-01-01,1999-01-01,1999-01-01,,,,,,,0.0,0.0,0.0,0.0,0.0,0.0,0.0,0.0,0.0,0.0,0.0,0.0,0.89,0.925,0.92,0.875,0.91,0.0,2021-08-02,2021-07-22,2021-07-16,2021-07-30,2021-07-19,1999-01-01,0.0,0.0,0.0,100.0,100.0,100.0,1999-01-01,1999-01-01,1999-01-01,1999-01-01,1999-01-01,1999-01-01,2080700.0,2380800.0,1422200.0,1.95,-6.49,-1.59,0.0,0.0,0.0,100.0,100.0,100.0,0.0,0.0,0.0,100.0,100.0,100.0,0.0,0.0,0.0,100.0,100.0,100.0,0.0,0.0,0.0,100.0,100.0,100.0,0.0,0.0,0.0,100.0,100.0,100.0,1999-01-01,1999-01-01,1999-01-01,1999-01-01,1999-01-01,1999-01-01,0,0,0,0,0,0,1999-01-01,1999-01-01,1999-01-01,1999-01-01,1999-01-01,1999-01-01,1999-01-01,1999-01-01,1999-01-01,1999-01-01,1999-01-01,1999-01-01,1999-01-01,1999-01-01,1999-01-01,1999-01-01,1999-01-01,1999-01-01,0,0,0,0,1,0,0,0,0,0,0,0,0,0,0,0,0,0,0,0,0,0,0,0,0,0,0,0,1,1,,,,,,,,,,Life.Empty,Life.Empty,Life.BullEnd,Life.Bear,Life.BearRecovery,,
2021-08-03,0.88285,,,0.86,,0.8971,0.89911,0.89975,0.89993,-0.00082,6e-05,-0.00265,6e-05,-0.00283,9e-05,3e-05,-0.0,4e-05,0.89163,0.89728,-0.00564,0.0001,-8e-05,0.00017,,,0.02,4.98,-5.72,0.69,-1.02,,,,1.0,25.0,20.0,7.0,11.0,,,,-0.0,-0.03,,,,,,,,,,,,,28.28283,20.87542,,,,,0.06502,0.0788,,,1,1,1,0.0,0.0,0.0,,0.15,,,,,,,0.0,0.0,0.0,0.0,0.0,0.0,1999-01-01,1999-01-01,1999-01-01,1999-01-01,1999-01-01,1999-01-01,,,,,,,0.0,0.0,0.0,0.0,0.0,0.0,0.0,0.0,0.0,0.0,0.0,0.0,0.89,0.925,0.92,0.86,0.875,0.91,2021-08-02,2021-07-22,2021-07-16,2021-08-03,2021-07-30,2021-07-19,0.0,0.0,0.0,100.0,100.0,100.0,1999-01-01,1999-01-01,1999-01-01,1999-01-01,1999-01-01,1999-01-01,2380800.0,1422200.0,1534900.0,-6.49,-1.59,-9.28,0.0,0.0,0.0,100.0,100.0,100.0,0.0,0.0,0.0,100.0,100.0,100.0,0.0,0.0,0.0,100.0,100.0,100.0,0.0,0.0,0.0,100.0,100.0,100.0,0.0,0.0,0.0,100.0,100.0,100.0,1999-01-01,1999-01-01,1999-01-01,1999-01-01,1999-01-01,1999-01-01,0,0,0,0,0,0,1999-01-01,1999-01-01,1999-01-01,1999-01-01,1999-01-01,1999-01-01,1999-01-01,1999-01-01,1999-01-01,1999-01-01,1999-01-01,1999-01-01,1999-01-01,1999-01-01,1999-01-01,1999-01-01,1999-01-01,1999-01-01,0,0,0,0,1,0,1,0,0,0,0,0,0,0,0,0,0,0,0,0,0,0,0,0,0,0,0,0,1,1,,,,,,,,,,Life.Empty,Life.BullEnd,Life.Bear,Life.BearRecovery,Life.Bull,,
2021-08-04,0.88336,0.883,,,,0.89463,0.89777,0.89906,0.89959,-0.00181,0.00013,-0.00443,0.00017,-0.00496,0.00023,0.0001,4e-05,6e-05,0.88754,0.89489,-0.00735,0.00019,-1e-05,0.0002,,,4.94,-5.72,0.69,-1.02,,,,,25.0,20.0,7.0,11.0,,,,,0.005,0.0,,,,,,,,,6.89655,,,,29.62963,27.49719,,,,,0.06109,0.07548,,,1,1,1,0.0,0.0,0.0,,,0.15,,,,,,0.0,0.0,0.0,0.883,0.0,0.0,1999-01-01,1999-01-01,1999-01-01,2021-08-04,1999-01-01,1999-01-01,,,,,,,0.0,0.0,0.0,0.0,0.0,0.0,0.0,0.0,0.0,0.0,0.0,0.0,0.89,0.925,0.92,0.86,0.875,0.91,2021-08-02,2021-07-22,2021-07-16,2021-08-03,2021-07-30,2021-07-19,0.0,0.0,0.0,100.0,100.0,100.0,1999-01-01,1999-01-01,1999-01-01,1999-01-01,1999-01-01,1999-01-01,1422200.0,1534900.0,1043100.0,-1.59,-9.28,-25.06,0.0,0.0,0.0,100.0,100.0,100.0,0.0,0.0,0.0,100.0,100.0,100.0,0.0,0.0,0.0,100.0,100.0,100.0,0.0,0.0,0.0,100.0,100.0,100.0,0.0,0.0,0.0,100.0,100.0,100.0,1999-01-01,1999-01-01,1999-01-01,1999-01-01,1999-01-01,1999-01-01,0,0,0,0,0,0,1999-01-01,1999-01-01,1999-01-01,1999-01-01,1999-01-01,1999-01-01,1999-01-01,1999-01-01,1999-01-01,1999-01-01,1999-01-01,1999-01-01,1999-01-01,1999-01-01,1999-01-01,1999-01-01,1999-01-01,1999-01-01,0,0,0,1,1,0,1,0,0,0,0,0,0,0,0,0,0,0,0,0,0,0,0,0,0,0,0,0,1,1,,,,,,,,,,Life.BullEnd,Life.Bear,Life.BearRecovery,Life.Bull,Life.BullRetrace,,
2021-08-05,0.8851,,,,,0.89389,0.89727,0.89879,0.89944,-0.00217,0.00021,-0.0049,0.0003,-0.00555,0.00038,0.00018,9e-05,9e-05,0.88715,0.89415,-0.00701,0.0003,7e-05,0.00023,,,4.73,-5.72,0.69,-1.02,,,,,24.0,20.0,7.0,11.0,,,,,0.02,0.0,0.00536,-0.00643,0.83333,45.45455,,,,,30.0,,,,33.33333,30.41526,,,,,0.05887,0.07228,,,1,1,1,0.0,0.0,0.0,,,0.15,,,,,,0.0,0.0,0.0,0.883,0.0,0.0,1999-01-01,1999-01-01,1999-01-01,2021-08-04,1999-01-01,1999-01-01,0.24,,,,,,1.0,0.0,0.0,0.0,0.0,0.0,0.0,0.0,0.0,0.0,0.0,0.0,0.89,0.925,0.92,0.86,0.875,0.91,2021-08-02,2021-07-22,2021-07-16,2021-08-03,2021-07-30,2021-07-19,0.0,0.0,0.0,100.0,100.0,100.0,1999-01-01,1999-01-01,1999-01-01,1999-01-01,1999-01-01,1999-01-01,1534900.0,1043100.0,3562700.0,-9.28,-25.06,53.51,0.0,0.0,0.0,100.0,100.0,100.0,0.0,0.0,0.0,100.0,100.0,100.0,0.0,0.0,0.0,100.0,100.0,100.0,0.0,0.0,0.0,100.0,100.0,100.0,0.0,0.0,0.0,100.0,100.0,100.0,1999-01-01,1999-01-01,1999-01-01,1999-01-01,1999-01-01,1999-01-01,0,0,0,0,0,0,1999-01-01,1999-01-01,1999-01-01,1999-01-01,1999-01-01,1999-01-01,1999-01-01,1999-01-01,1999-01-01,1999-01-01,1999-01-01,1999-01-01,1999-01-01,1999-01-01,1999-01-01,1999-01-01,1999-01-01,1999-01-01,0,0,0,1,1,0,1,0,0,0,0,0,0,0,0,0,0,0,0,0,0,0,0,0,0,0,0,0,1,1,3562700,,,,,,,,n2p,Life.BullEnd,Life.Bear,Life.BearRecovery,Life.Bull,Life.BullRetrace,,
2021-08-06,0.88771,,,,,0.89321,0.89679,0.89851,0.8993,-0.00251,0.00029,-0.00531,0.00044,-0.00609,0.00056,0.00027,0.00014,0.00012,0.88682,0.89348,-0.00666,0.00042,0.00016,0.00026,,,4.43,-5.72,0.69,-1.02,,,,,23.0,20.0,7.0,11.0,,,,,0.0,0.0,0.00393,-0.00643,0.61111,37.93103,,,,,30.0,22.29885,,,51.85185,38.2716,,,,,0.05538,0.06919,,,1,1,1,0.0,-0.0,0.0,,,0.15,,,,,,0.0,0.0,0.0,0.883,0.0,0.0,1999-01-01,1999-01-01,1999-01-01,2021-08-04,1999-01-01,1999-01-01,0.53,,,,,,2.0,0.0,0.0,0.0,0.0,0.0,0.0,0.0,0.0,0.0,0.0,0.0,0.89,0.925,0.92,0.86,0.875,0.91,2021-08-02,2021-07-22,2021-07-16,2021-08-03,2021-07-30,2021-07-19,0.0,0.0,0.0,100.0,100.0,100.0,1999-01-01,1999-01-01,1999-01-01,1999-01-01,1999-01-01,1999-01-01,1043100.0,3562700.0,657000.0,-25.06,53.51,-14.3,0.0,0.0,0.0,100.0,100.0,100.0,0.0,0.0,0.0,100.0,100.0,100.0,0.0,0.0,0.0,100.0,100.0,100.0,0.0,0.0,0.0,100.0,100.0,100.0,0.0,0.0,0.0,100.0,100.0,100.0,1999-01-01,1999-01-01,1999-01-01,1999-01-01,1999-01-01,1999-01-01,0,0,0,0,0,0,1999-01-01,1999-01-01,1999-01-01,1999-01-01,1999-01-01,1999-01-01,1999-01-01,1999-01-01,1999-01-01,1999-01-01,1999-01-01,1999-01-01,1999-01-01,1999-01-01,1999-01-01,1999-01-01,1999-01-01,1999-01-01,0,0,0,1,1,0,1,0,0,0,0,0,0,0,0,0,0,0,0,0,0,0,0,0,0,0,0,0,1,1,,,657000,,,,,n2p,p2n,Life.BullEnd,Life.Bear,Life.BearRecovery,Life.Bull,Life.BullRetrace,,
2021-08-09,0.89073,,,,,0.89334,0.89672,0.89844,0.89926,-0.00254,0.00039,-0.0051,0.0006,-0.00591,0.00075,0.00036,0.00021,0.00016,0.88808,0.89359,-0.00551,0.00054,0.00026,0.00028,,,4.07,-5.72,0.69,-1.02,,,,,22.0,20.0,7.0,11.0,,,,,0.01,0.0,0.00464,-0.00571,0.8125,44.82759,,,,,50.0,36.66667,,,74.07407,53.08642,,,,,0.05285,0.06624,,,1,1,1,0.0,0.0,0.0,,,0.15,,,,,,0.0,0.0,0.0,0.883,0.0,0.0,1999-01-01,1999-01-01,1999-01-01,2021-08-04,1999-01-01,1999-01-01,0.88,,,,,,3.0,0.0,0.0,0.0,0.0,0.0,0.0,0.0,0.0,0.0,0.0,0.0,0.89,0.925,0.92,0.86,0.875,0.91,2021-08-02,2021-07-22,2021-07-16,2021-08-03,2021-07-30,2021-07-19,0.0,0.0,0.0,100.0,100.0,100.0,1999-01-01,1999-01-01,1999-01-01,1999-01-01,1999-01-01,1999-01-01,3562700.0,657000.0,745900.0,53.51,-14.3,-5.65,0.0,0.0,0.0,100.0,100.0,100.0,0.0,0.0,0.0,100.0,100.0,100.0,0.0,0.0,0.0,100.0,100.0,100.0,0.0,0.0,0.0,100.0,100.0,100.0,0.0,0.0,0.0,100.0,100.0,100.0,1999-01-01,1999-01-01,1999-01-01,1999-01-01,1999-01-01,1999-01-01,0,0,0,0,0,0,1999-01-01,1999-01-01,1999-01-01,1999-01-01,1999-01-01,1999-01-01,1999-01-01,1999-01-01,1999-01-01,1999-01-01,1999-01-01,1999-01-01,1999-01-01,1999-01-01,1999-01-01,1999-01-01,1999-01-01,1999-01-01,0,0,0,1,1,0,1,0,0,0,0,0,0,0,0,0,0,0,0,0,0,0,0,0,0,0,0,0,1,1,,,,,,,n2p,p2n,,Life.BullEnd,Life.Bear,Life.BearRecovery,Life.Bull,Life.BullRetrace,,
2021-08-11,0.89379,,,,0.91,0.89463,0.89724,0.89867,0.89936,-0.00212,0.0005,-0.00405,0.00077,-0.00474,0.00096,0.00047,0.00027,0.0002,0.89145,0.8948,-0.00336,0.00067,0.00037,0.00031,,,3.72,-5.72,0.69,-1.02,,,,,20.0,20.0,7.0,11.0,,,,,0.015,0.0,0.00536,-0.00571,0.9375,48.3871,,,,,68.75,49.58333,,68.75,79.62963,68.51852,,,,,0.05122,0.06341,,,1,1,1,0.0,0.0,0.0,,,0.15,,,,,,0.0,0.0,0.0,0.883,0.0,0.0,1999-01-01,1999-01-01,1999-01-01,2021-08-04,1999-01-01,1999-01-01,1.22,,,,,,4.0,0.0,0.0,0.0,0.0,0.0,0.0,0.0,0.0,0.0,0.0,0.0,0.91,0.89,0.925,0.86,0.875,0.91,2021-08-11,2021-08-02,2021-07-22,2021-08-03,2021-07-30,2021-07-19,0.0,0.0,0.0,100.0,100.0,100.0,1999-01-01,1999-01-01,1999-01-01,1999-01-01,1999-01-01,1999-01-01,657000.0,745900.0,1502000.0,-14.3,-5.65,-41.5,0.0,0.0,0.0,100.0,100.0,100.0,0.0,0.0,0.0,100.0,100.0,100.0,0.0,0.0,0.0,100.0,100.0,100.0,68.75,0.0,0.0,100.0,100.0,100.0,0.0,0.0,0.0,100.0,100.0,100.0,1999-01-01,1999-01-01,1999-01-01,1999-01-01,1999-01-01,1999-01-01,0,0,0,0,0,0,1999-01-01,1999-01-01,1999-01-01,1999-01-01,1999-01-01,1999-01-01,2021-08-11,1999-01-01,1999-01-01,1999-01-01,1999-01-01,1999-01-01,1999-01-01,1999-01-01,1999-01-01,1999-01-01,1999-01-01,1999-01-01,0,0,0,1,0,0,1,0,0,0,0,0,0,0,0,0,0,1,0,0,0,0,0,0,0,0,0,0,1,1,,,,,,n2p,p2n,,,Life.BullEnd,Life.Bear,Life.BearRecovery,Life.Bull,Life.BullRetrace,,
2021-08-12,0.89667,,,,,0.89504,0.89735,0.8987,0.89937,-0.00202,0.00061,-0.00366,0.00095,-0.00433,0.00118,0.00058,0.00034,0.00024,0.89276,0.89519,-0.00243,0.0008,0.00048,0.00032,,,3.38,-5.72,0.69,-1.02,,,,,19.0,20.0,7.0,11.0,,,,,-0.0,-0.01,0.00464,-0.00643,0.72222,41.93548,,,,,64.28571,61.0119,64.286,,78.61953,77.44108,,,,,0.04827,0.06071,,,1,1,1,0.0,-0.0,0.0,,,0.15,,,,,,0.0,0.0,0.0,0.883,0.0,0.0,1999-01-01,1999-01-01,1999-01-01,2021-08-04,1999-01-01,1999-01-01,1.55,,,,,,5.0,0.0,0.0,0.0,0.0,0.0,0.0,0.0,0.0,0.0,0.0,0.0,0.91,0.89,0.925,0.86,0.875,0.91,2021-08-11,2021-08-02,2021-07-22,2021-08-03,2021-07-30,2021-07-19,0.0,0.0,0.0,100.0,100.0,100.0,1999-01-01,1999-01-01,1999-01-01,1999-01-01,1999-01-01,1999-01-01,745900.0,1502000.0,496100.0,-5.65,-41.5,-5.54,0.0,0.0,0.0,100.0,100.0,100.0,0.0,0.0,0.0,100.0,100.0,100.0,0.0,0.0,0.0,100.0,100.0,100.0,68.75,0.0,0.0,64.286,100.0,100.0,0.0,0.0,0.0,100.0,100.0,100.0,1999-01-01,1999-01-01,1999-01-01,1999-01-01,1999-01-01,1999-01-01,0,0,0,0,0,0,1999-01-01,1999-01-01,1999-01-01,1999-01-01,1999-01-01,1999-01-01,2021-08-11,1999-01-01,1999-01-01,2021-08-12,1999-01-01,1999-01-01,1999-01-01,1999-01-01,1999-01-01,1999-01-01,1999-01-01,1999-01-01,0,0,0,1,0,0,1,0,0,0,0,0,0,0,0,0,0,1,1,0,0,0,0,0,0,0,0,0,1,1,,,,,n2p,p2n,,,,Life.BullEnd,Life.Bear,Life.BearRecovery,Life.Bull,Life.BullRetrace,,
2021-08-13,0.89935,,,,,0.89542,0.89745,0.89872,0.89938,-0.00192,0.00073,-0.0033,0.00113,-0.00395,0.00142,0.00069,0.0004,0.00029,0.89388,0.89555,-0.00167,0.00093,0.00059,0.00034,,,3.07,-5.72,0.69,-1.02,,,,,18.0,20.0,7.0,11.0,,,,,0.0,0.0,0.00464,-0.00571,0.8125,44.82759,,,,,69.23077,67.42216,,,67.50842,75.25253,,,,,0.04482,0.05814,,,1,1,1,0.0,0.0,-0.0,,,0.15,,,,,,0.0,0.0,0.0,0.883,0.0,0.0,1999-01-01,1999-01-01,1999-01-01,2021-08-04,1999-01-01,1999-01-01,1.85,,,,,,6.0,0.0,0.0,0.0,0.0,0.0,0.0,0.0,0.0,0.0,0.0,0.0,0.91,0.89,0.925,0.86,0.875,0.91,2021-08-11,2021-08-02,2021-07-22,2021-08-03,2021-07-30,2021-07-19,0.0,0.0,0.0,100.0,100.0,100.0,1999-01-01,1999-01-01,1999-01-01,1999-01-01,1999-01-01,1999-01-01,1502000.0,496100.0,471000.0,-41.5,-5.54,-10.02,0.0,0.0,0.0,100.0,100.0,100.0,0.0,0.0,0.0,100.0,100.0,100.0,0.0,0.0,0.0,100.0,100.0,100.0,68.75,0.0,0.0,64.286,100.0,100.0,0.0,0.0,0.0,100.0,100.0,100.0,1999-01-01,1999-01-01,1999-01-01,1999-01-01,1999-01-01,1999-01-01,0,0,0,0,0,0,1999-01-01,1999-01-01,1999-01-01,1999-01-01,1999-01-01,1999-01-01,2021-08-11,1999-01-01,1999-01-01,2021-08-12,1999-01-01,1999-01-01,1999-01-01,1999-01-01,1999-01-01,1999-01-01,1999-01-01,1999-01-01,0,0,0,1,0,0,1,0,0,0,0,0,0,0,0,0,0,1,1,0,0,0,0,0,0,0,0,0,1,1,,,,,p2n,,,,,Life.BullEnd,Life.Bear,Life.BearRecovery,Life.Bull,Life.BullRetrace,,
2021-08-16,0.90184,,,,,0.89577,0.89755,0.89875,0.89938,-0.00183,0.00085,-0.00298,0.00132,-0.00361,0.00166,0.00081,0.00047,0.00034,0.89482,0.89588,-0.00106,0.00105,0.0007,0.00035,,,2.79,-5.72,0.69,-1.02,,,,,17.0,20.0,7.0,11.0,,,,,0.0,0.0,0.00464,-0.005,0.92857,48.14815,,,,,69.23077,67.58242,,,56.39731,67.50842,,,,,0.04269,0.0557,,,1,1,1,0.0,0.0,0.0,,,0.15,,,,,,0.0,0.0,0.0,0.883,0.0,0.0,1999-01-01,1999-01-01,1999-01-01,2021-08-04,1999-01-01,1999-01-01,2.13,,,,,,7.0,0.0,0.0,0.0,0.0,0.0,0.0,0.0,0.0,0.0,0.0,0.0,0.91,0.89,0.925,0.86,0.875,0.91,2021-08-11,2021-08-02,2021-07-22,2021-08-03,2021-07-30,2021-07-19,0.0,0.0,0.0,100.0,100.0,100.0,1999-01-01,1999-01-01,1999-01-01,1999-01-01,1999-01-01,1999-01-01,496100.0,471000.0,1040600.0,-5.54,-10.02,-18.69,0.0,0.0,0.0,100.0,100.0,100.0,0.0,0.0,0.0,100.0,100.0,100.0,0.0,0.0,0.0,100.0,100.0,100.0,68.75,0.0,0.0,64.286,100.0,100.0,0.0,0.0,0.0,100.0,100.0,100.0,1999-01-01,1999-01-01,1999-01-01,1999-01-01,1999-01-01,1999-01-01,0,0,0,0,0,0,1999-01-01,1999-01-01,1999-01-01,1999-01-01,1999-01-01,1999-01-01,2021-08-11,1999-01-01,1999-01-01,2021-08-12,1999-01-01,1999-01-01,1999-01-01,1999-01-01,1999-01-01,1999-01-01,1999-01-01,1999-01-01,0,0,0,1,0,0,1,0,0,0,0,0,0,0,0,0,0,1,1,0,0,0,0,0,0,0,0,0,1,1,,,,,,,,,,Life.BullEnd,Life.Bear,Life.BearRecovery,Life.Bull,Life.BullRetrace,,
2021-08-17,0.90427,,,,,0.8961,0.89765,0.89877,0.89939,-0.00174,0.00098,-0.00268,0.00151,-0.00329,0.00191,0.00093,0.00053,0.0004,0.89562,0.89618,-0.00057,0.00116,0.00081,0.00035,,,2.51,-5.72,0.69,-1.02,,,,,16.0,20.0,7.0,11.0,,,,,0.0,0.0,0.00464,-0.005,0.92857,48.14815,,,,,69.23077,69.23077,,,49.4709,57.79221,,,,,0.04,0.05339,,,1,1,1,0.0,0.0,0.0,,,0.15,,,,,,0.0,0.0,0.0,0.883,0.0,0.0,1999-01-01,1999-01-01,1999-01-01,2021-08-04,1999-01-01,1999-01-01,2.41,,,,,,8.0,0.0,0.0,0.0,0.0,0.0,0.0,0.0,0.0,0.0,0.0,0.0,0.91,0.89,0.925,0.86,0.875,0.91,2021-08-11,2021-08-02,2021-07-22,2021-08-03,2021-07-30,2021-07-19,0.0,0.0,0.0,100.0,100.0,100.0,1999-01-01,1999-01-01,1999-01-01,1999-01-01,1999-01-01,1999-01-01,471000.0,1040600.0,145400.0,-10.02,-18.69,-17.47,0.0,0.0,0.0,100.0,100.0,100.0,0.0,0.0,0.0,100.0,100.0,100.0,0.0,0.0,0.0,100.0,100.0,100.0,68.75,0.0,0.0,64.286,100.0,100.0,0.0,0.0,0.0,100.0,100.0,100.0,1999-01-01,1999-01-01,1999-01-01,1999-01-01,1999-01-01,1999-01-01,0,0,0,0,0,0,1999-01-01,1999-01-01,1999-01-01,1999-01-01,1999-01-01,1999-01-01,2021-08-11,1999-01-01,1999-01-01,2021-08-12,1999-01-01,1999-01-01,1999-01-01,1999-01-01,1999-01-01,1999-01-01,1999-01-01,1999-01-01,0,0,0,1,0,0,1,0,0,0,0,0,0,0,0,0,0,1,1,0,0,0,0,0,0,0,0,0,1,1,,,,,,,,,,Life.BullEnd,Life.Bear,Life.BearRecovery,Life.Bull,Life.BullRetrace,,
2021-08-18,0.90682,,,,,0.8964,0.89774,0.8988,0.89939,-0.00165,0.0011,-0.0024,0.0017,-0.003,0.00216,0.00105,0.00059,0.00046,0.89629,0.89646,-0.00017,0.00127,0.00092,0.00035,,,2.22,-5.72,0.69,-1.02,,,,,15.0,20.0,7.0,11.0,,,,,0.0,0.0,0.00464,-0.00429,1.08333,52.0,,,,,69.23077,69.23077,,,50.95238,52.27353,,,,,0.03786,0.05121,,,1,1,1,0.0,-0.0,-0.0,,,0.15,,,,,,0.0,0.0,0.0,0.883,0.0,0.0,1999-01-01,1999-01-01,1999-01-01,2021-08-04,1999-01-01,1999-01-01,2.7,,,,,,9.0,0.0,0.0,0.0,0.0,0.0,0.0,0.0,0.0,0.0,0.0,0.0,0.91,0.89,0.925,0.86,0.875,0.91,2021-08-11,2021-08-02,2021-07-22,2021-08-03,2021-07-30,2021-07-19,0.0,0.0,0.0,100.0,100.0,100.0,1999-01-01,1999-01-01,1999-01-01,1999-01-01,1999-01-01,1999-01-01,1040600.0,145400.0,274100.0,-18.69,-17.47,-11.88,0.0,0.0,0.0,100.0,100.0,100.0,0.0,0.0,0.0,100.0,100.0,100.0,0.0,0.0,0.0,100.0,100.0,100.0,68.75,0.0,0.0,64.286,100.0,100.0,0.0,0.0,0.0,100.0,100.0,100.0,1999-01-01,1999-01-01,1999-01-01,1999-01-01,1999-01-01,1999-01-01,0,0,0,0,0,0,1999-01-01,1999-01-01,1999-01-01,1999-01-01,1999-01-01,1999-01-01,2021-08-11,1999-01-01,1999-01-01,2021-08-12,1999-01-01,1999-01-01,1999-01-01,1999-01-01,1999-01-01,1999-01-01,1999-01-01,1999-01-01,0,0,0,1,0,0,1,0,0,0,0,0,0,0,0,0,0,1,1,0,0,0,0,0,0,0,0,0,1,1,,,,,,,,,,Life.BullEnd,Life.Bear,Life.BearRecovery,Life.Bull,Life.BullRetrace,,
2021-08-19,0.90958,,,0.9,,0.89668,0.89783,0.89882,0.8994,-0.00157,0.00123,-0.00215,0.00188,-0.00272,0.0024,0.00117,0.00064,0.00053,0.89686,0.89673,0.00014,0.00135,0.00102,0.00033,,,1.91,-5.72,0.69,-1.02,,,,,14.0,20.0,7.0,11.0,,,,,0.0,0.0,0.00464,-0.00357,1.3,56.52174,,,,,69.23077,69.23077,,,67.61905,56.01411,,,,,0.03587,0.04916,,,1,1,1,-0.0,0.0,-0.0,,,0.15,,,,,,0.0,0.0,0.0,0.883,0.0,0.0,1999-01-01,1999-01-01,1999-01-01,2021-08-04,1999-01-01,1999-01-01,3.01,,,,,,10.0,0.0,0.0,0.0,0.0,0.0,0.0,0.0,0.0,0.0,0.0,0.0,0.91,0.89,0.925,0.9,0.86,0.875,2021-08-11,2021-08-02,2021-07-22,2021-08-19,2021-08-03,2021-07-30,0.0,0.0,0.0,100.0,100.0,100.0,1999-01-01,1999-01-01,1999-01-01,1999-01-01,1999-01-01,1999-01-01,145400.0,274100.0,373600.0,-17.47,-11.88,-45.68,0.0,0.0,0.0,100.0,100.0,100.0,0.0,0.0,0.0,100.0,100.0,100.0,0.0,0.0,0.0,100.0,100.0,100.0,68.75,0.0,0.0,64.286,100.0,100.0,0.0,0.0,0.0,100.0,100.0,100.0,1999-01-01,1999-01-01,1999-01-01,1999-01-01,1999-01-01,1999-01-01,0,0,0,0,0,0,1999-01-01,1999-01-01,1999-01-01,1999-01-01,1999-01-01,1999-01-01,2021-08-11,1999-01-01,1999-01-01,2021-08-12,1999-01-01,1999-01-01,1999-01-01,1999-01-01,1999-01-01,1999-01-01,1999-01-01,1999-01-01,0,0,0,1,0,0,0,1,0,0,0,0,0,0,0,0,0,1,1,0,0,0,0,0,0,0,0,0,1,1,,,,,,,,,,Life.BullEnd,Life.Bear,Life.BearRecovery,Life.Bull,Life.BullRetrace,,
2021-08-20,0.91247,,,,,0.89808,0.8985,0.89914,0.89955,-0.00105,0.00136,-0.00106,0.00205,-0.00147,0.00264,0.00129,0.00069,0.0006,0.89965,0.89808,0.00157,0.00142,0.00111,0.00031,,,1.59,-5.72,0.69,-1.02,,,,,13.0,20.0,7.0,11.0,,,,,0.015,0.0,0.00571,-0.00286,2.0,66.66667,,,,,92.30769,76.92308,,92.308,81.90476,66.8254,,,,,0.03545,0.04723,,,1,1,1,0.0,0.0,-0.0,,,0.15,,,,,,0.0,0.0,0.0,0.883,0.0,0.0,1999-01-01,1999-01-01,1999-01-01,2021-08-04,1999-01-01,1999-01-01,3.34,,,,,,11.0,0.0,0.0,0.0,0.0,0.0,0.0,0.0,0.0,0.0,0.0,0.0,0.91,0.89,0.925,0.9,0.86,0.875,2021-08-11,2021-08-02,2021-07-22,2021-08-19,2021-08-03,2021-07-30,0.0,0.0,0.0,100.0,100.0,100.0,1999-01-01,1999-01-01,1999-01-01,1999-01-01,1999-01-01,1999-01-01,274100.0,373600.0,1124000.0,-11.88,-45.68,123.39,0.0,0.0,0.0,100.0,100.0,100.0,0.0,0.0,0.0,100.0,100.0,100.0,0.0,0.0,0.0,100.0,100.0,100.0,92.308,68.75,0.0,64.286,100.0,100.0,0.0,0.0,0.0,100.0,100.0,100.0,1999-01-01,1999-01-01,1999-01-01,1999-01-01,1999-01-01,1999-01-01,0,0,0,0,0,0,1999-01-01,1999-01-01,1999-01-01,1999-01-01,1999-01-01,1999-01-01,2021-08-20,2021-08-11,1999-01-01,2021-08-12,1999-01-01,1999-01-01,1999-01-01,1999-01-01,1999-01-01,1999-01-01,1999-01-01,1999-01-01,0,0,0,1,0,0,0,1,0,0,0,0,0,0,0,0,0,1,1,0,0,0,0,0,0,0,0,0,1,1,1124000,,,,,,,,n2p,Life.BullEnd,Life.Bear,Life.BearRecovery,Life.Bull,Life.BullRetrace,,
2021-08-23,0.91535,,,,,0.89977,0.89935,0.89956,0.89976,-0.00041,0.00148,0.00042,0.00221,0.00042,0.00288,0.0014,0.00073,0.00067,0.90278,0.8997,0.00308,0.00147,0.00119,0.00028,,,1.27,-5.72,0.69,-1.02,,,,,12.0,20.0,7.0,11.0,,,,,0.005,0.0,0.005,-0.00286,1.75,63.63636,,,,,81.25,80.92949,81.25,,84.12698,77.8836,,,,,0.03435,0.04542,,,1,1,1,0.0,-0.0,-0.0,,,0.15,,,,,,0.0,0.0,0.0,0.883,0.0,0.0,1999-01-01,1999-01-01,1999-01-01,2021-08-04,1999-01-01,1999-01-01,3.66,,,,,,12.0,0.0,0.0,0.0,0.0,0.0,0.0,0.0,0.0,0.0,0.0,0.0,0.91,0.89,0.925,0.9,0.86,0.875,2021-08-11,2021-08-02,2021-07-22,2021-08-19,2021-08-03,2021-07-30,0.0,0.0,0.0,100.0,100.0,100.0,1999-01-01,1999-01-01,1999-01-01,1999-01-01,1999-01-01,1999-01-01,373600.0,1124000.0,2376100.0,-45.68,123.39,118.64,0.0,0.0,0.0,100.0,100.0,100.0,0.0,0.0,0.0,100.0,100.0,100.0,0.0,0.0,0.0,100.0,100.0,100.0,92.308,68.75,0.0,81.25,64.286,100.0,0.0,0.0,0.0,100.0,100.0,100.0,1999-01-01,1999-01-01,1999-01-01,1999-01-01,1999-01-01,1999-01-01,0,0,0,0,0,0,1999-01-01,1999-01-01,1999-01-01,1999-01-01,1999-01-01,1999-01-01,2021-08-20,2021-08-11,1999-01-01,2021-08-23,2021-08-12,1999-01-01,1999-01-01,1999-01-01,1999-01-01,1999-01-01,1999-01-01,1999-01-01,0,0,0,1,0,0,0,1,0,0,0,0,0,0,0,0,0,1,0,0,0,0,0,0,0,0,0,0,1,1,,,,,,,,n2p,,Life.BullEnd,Life.Bear,Life.BearRecovery,Life.Bull,Life.BullRetrace,,
2021-08-24,0.9179,,,,,0.90171,0.90035,0.90006,0.90001,0.00034,0.0016,0.00165,0.00235,0.0017,0.00309,0.0015,0.00076,0.00074,0.9062,0.90158,0.00462,0.00149,0.00125,0.00024,,,0.99,-5.72,0.69,-1.02,,,,,11.0,20.0,7.0,11.0,,,,,0.005,0.0,0.00536,-0.00071,7.5,88.23529,,,,,86.66667,86.74145,,,76.71958,80.91711,,,,,0.03296,0.04372,,,1,1,1,-0.0,0.0,-0.0,,,0.15,,,,,,0.0,0.0,0.0,0.883,0.0,0.0,1999-01-01,1999-01-01,1999-01-01,2021-08-04,1999-01-01,1999-01-01,3.95,,,,,,13.0,0.0,0.0,0.0,0.0,0.0,0.0,0.0,0.0,0.0,0.0,0.0,0.91,0.89,0.925,0.9,0.86,0.875,2021-08-11,2021-08-02,2021-07-22,2021-08-19,2021-08-03,2021-07-30,0.0,0.0,0.0,100.0,100.0,100.0,1999-01-01,1999-01-01,1999-01-01,1999-01-01,1999-01-01,1999-01-01,1124000.0,2376100.0,824700.0,123.39,118.64,11.65,0.0,0.0,0.0,100.0,100.0,100.0,0.0,0.0,0.0,100.0,100.0,100.0,0.0,0.0,0.0,100.0,100.0,100.0,92.308,68.75,0.0,81.25,64.286,100.0,0.0,0.0,0.0,100.0,100.0,100.0,1999-01-01,1999-01-01,1999-01-01,1999-01-01,1999-01-01,1999-01-01,0,0,0,0,0,0,1999-01-01,1999-01-01,1999-01-01,1999-01-01,1999-01-01,1999-01-01,2021-08-20,2021-08-11,1999-01-01,2021-08-23,2021-08-12,1999-01-01,1999-01-01,1999-01-01,1999-01-01,1999-01-01,1999-01-01,1999-01-01,0,0,0,1,0,0,0,1,0,0,0,0,0,0,0,0,0,1,0,0,0,0,0,0,0,0,0,0,1,1,,,,,,,n2p,,,Life.BullEnd,Life.Bear,Life.BearRecovery,Life.Bull,Life.BullRetrace,,
2021-08-25,0.91993,,,,0.93,0.90389,0.90151,0.90065,0.90031,0.00121,0.00171,0.00324,0.00248,0.00358,0.00329,0.00159,0.00077,0.00081,0.90986,0.90368,0.00618,0.0015,0.00131,0.00019,,,0.77,-5.72,0.69,-1.02,,,,,10.0,20.0,7.0,11.0,,,,,0.005,0.0,0.00536,-0.00071,7.5,88.23529,,,,,92.85714,86.9246,,92.857,77.77778,79.54145,,,,,0.03168,0.04214,,,1,1,1,-0.0,-0.0,-0.0,,,0.15,,,,,,0.0,0.0,0.0,0.883,0.0,0.0,1999-01-01,1999-01-01,1999-01-01,2021-08-04,1999-01-01,1999-01-01,4.18,,,,,,14.0,0.0,0.0,0.0,0.0,0.0,0.0,0.0,0.0,0.0,0.0,0.0,0.93,0.91,0.89,0.9,0.86,0.875,2021-08-25,2021-08-11,2021-08-02,2021-08-19,2021-08-03,2021-07-30,0.0,0.0,0.0,100.0,100.0,100.0,1999-01-01,1999-01-01,1999-01-01,1999-01-01,1999-01-01,1999-01-01,2376100.0,824700.0,1027700.0,118.64,11.65,-2.23,0.0,0.0,0.0,100.0,100.0,100.0,0.0,0.0,0.0,100.0,100.0,100.0,0.0,0.0,0.0,100.0,100.0,100.0,92.857,92.308,68.75,81.25,64.286,100.0,0.0,0.0,0.0,100.0,100.0,100.0,1999-01-01,1999-01-01,1999-01-01,1999-01-01,1999-01-01,1999-01-01,0,0,0,0,0,0,1999-01-01,1999-01-01,1999-01-01,1999-01-01,1999-01-01,1999-01-01,2021-08-25,2021-08-20,2021-08-11,2021-08-23,2021-08-12,1999-01-01,1999-01-01,1999-01-01,1999-01-01,1999-01-01,1999-01-01,1999-01-01,0,0,0,1,0,1,0,1,0,0,0,0,0,0,0,0,0,1,0,0,0,0,0,0,0,0,0,0,1,1,,,,,,n2p,,,,Life.BullEnd,Life.Bear,Life.BearRecovery,Life.Bull,Life.BullRetrace,,
2021-08-26,0.92139,,,,,0.90551,0.90244,0.90113,0.90055,0.00188,0.00181,0.00438,0.00259,0.00496,0.00348,0.00167,0.00078,0.00088,0.91219,0.90526,0.00693,0.00148,0.00134,0.00014,,,0.61,-5.72,0.69,-1.02,,,,,9.0,20.0,7.0,11.0,,,,,-0.0,-0.005,0.00393,-0.00107,3.66667,78.57143,,,,,83.33333,87.61905,,,81.48148,78.65961,,,,,0.0312,0.04065,,,1,1,1,-0.0,-0.0,-0.0,,,0.15,,,,,,0.0,0.0,0.0,0.883,0.0,0.0,1999-01-01,1999-01-01,1999-01-01,2021-08-04,1999-01-01,1999-01-01,4.35,,,,,,15.0,0.0,0.0,0.0,0.0,0.0,0.0,0.0,0.0,0.0,0.0,0.0,0.93,0.91,0.89,0.9,0.86,0.875,2021-08-25,2021-08-11,2021-08-02,2021-08-19,2021-08-03,2021-07-30,0.0,0.0,0.0,100.0,100.0,100.0,1999-01-01,1999-01-01,1999-01-01,1999-01-01,1999-01-01,1999-01-01,824700.0,1027700.0,830000.0,11.65,-2.23,-36.56,0.0,0.0,0.0,100.0,100.0,100.0,0.0,0.0,0.0,100.0,100.0,100.0,0.0,0.0,0.0,100.0,100.0,100.0,92.857,92.308,68.75,81.25,64.286,100.0,0.0,0.0,0.0,100.0,100.0,100.0,1999-01-01,1999-01-01,1999-01-01,1999-01-01,1999-01-01,1999-01-01,0,0,0,0,0,0,1999-01-01,1999-01-01,1999-01-01,1999-01-01,1999-01-01,1999-01-01,2021-08-25,2021-08-20,2021-08-11,2021-08-23,2021-08-12,1999-01-01,1999-01-01,1999-01-01,1999-01-01,1999-01-01,1999-01-01,1999-01-01,0,0,0,1,0,1,0,1,0,0,0,0,0,0,0,0,0,1,0,0,0,0,0,0,0,0,0,0,1,1,,,,,n2p,,,,,Life.BullEnd,Life.Bear,Life.BearRecovery,Life.Bull,Life.BullRetrace,,
2021-08-27,0.92235,,,0.92,,0.90663,0.90312,0.90151,0.90075,0.00238,0.00191,0.00512,0.00268,0.00588,0.00364,0.00173,0.00078,0.00096,0.91339,0.90635,0.00704,0.00144,0.00136,8e-05,,,0.5,-5.72,0.69,-1.02,,,,,8.0,20.0,7.0,11.0,,,,,-0.0,-0.005,0.00393,-0.00143,2.75,73.33333,,,,,72.72727,82.97258,72.727,,72.22222,77.16049,,,,,0.0304,0.03927,,,1,1,1,-0.0,0.0,-0.0,,,0.15,,,,,,0.0,0.0,0.0,0.883,0.0,0.0,1999-01-01,1999-01-01,1999-01-01,2021-08-04,1999-01-01,1999-01-01,4.46,,,,,,16.0,0.0,0.0,0.0,0.0,0.0,0.0,0.0,0.0,0.0,0.0,0.0,0.93,0.91,0.89,0.92,0.9,0.86,2021-08-25,2021-08-11,2021-08-02,2021-08-27,2021-08-19,2021-08-03,0.0,0.0,0.0,100.0,100.0,100.0,1999-01-01,1999-01-01,1999-01-01,1999-01-01,1999-01-01,1999-01-01,1027700.0,830000.0,639100.0,-2.23,-36.56,-6.92,0.0,0.0,0.0,100.0,100.0,100.0,0.0,0.0,0.0,100.0,100.0,100.0,0.0,0.0,0.0,100.0,100.0,100.0,92.857,92.308,68.75,72.727,81.25,64.286,0.0,0.0,0.0,100.0,100.0,100.0,1999-01-01,1999-01-01,1999-01-01,1999-01-01,1999-01-01,1999-01-01,0,0,0,0,0,0,1999-01-01,1999-01-01,1999-01-01,1999-01-01,1999-01-01,1999-01-01,2021-08-25,2021-08-20,2021-08-11,2021-08-27,2021-08-23,2021-08-12,1999-01-01,1999-01-01,1999-01-01,1999-01-01,1999-01-01,1999-01-01,0,0,0,1,0,1,0,1,0,0,0,0,0,0,0,0,0,1,0,0,0,0,0,0,0,0,0,0,1,1,,,,,,,,,,Life.BullEnd,Life.Bear,Life.BearRecovery,Life.Bull,Life.BullRetrace,,
2021-08-30,0.92303,,,,0.925,0.90804,0.90398,0.90197,0.90099,0.00299,0.00199,0.00607,0.00275,0.00705,0.00377,0.00179,0.00076,0.00103,0.91518,0.90773,0.00744,0.00138,0.00137,1e-05,,,0.43,-5.72,0.69,-1.02,,,,,7.0,20.0,7.0,11.0,,,,,0.005,0.0,0.00357,-0.00143,2.5,71.42857,,,,,80.0,78.68687,,80.0,66.40212,73.36861,,,,,0.03002,0.03799,,,1,1,1,-0.0,-0.0,-0.0,,,0.15,,,,,,0.0,0.0,0.0,0.883,0.0,0.0,1999-01-01,1999-01-01,1999-01-01,2021-08-04,1999-01-01,1999-01-01,4.53,,,,,,17.0,0.0,0.0,0.0,0.0,0.0,0.0,0.0,0.0,0.0,0.0,0.0,0.925,0.93,0.91,0.92,0.9,0.86,2021-08-30,2021-08-25,2021-08-11,2021-08-27,2021-08-19,2021-08-03,0.0,0.0,0.0,100.0,100.0,100.0,1999-01-01,1999-01-01,1999-01-01,1999-01-01,1999-01-01,1999-01-01,830000.0,639100.0,212400.0,-36.56,-6.92,-32.65,0.0,0.0,0.0,100.0,100.0,100.0,0.0,0.0,0.0,100.0,100.0,100.0,0.0,0.0,0.0,100.0,100.0,100.0,80.0,92.857,92.308,72.727,81.25,64.286,0.0,0.0,0.0,100.0,100.0,100.0,1999-01-01,1999-01-01,1999-01-01,1999-01-01,1999-01-01,1999-01-01,0,0,0,0,0,0,1999-01-01,1999-01-01,1999-01-01,1999-01-01,1999-01-01,1999-01-01,2021-08-30,2021-08-25,2021-08-20,2021-08-27,2021-08-23,2021-08-12,1999-01-01,1999-01-01,1999-01-01,1999-01-01,1999-01-01,1999-01-01,0,0,0,1,0,0,0,1,0,0,0,0,0,0,0,0,1,0,0,0,0,0,0,0,0,0,0,0,1,1,,,,,,,,,,Life.BullEnd,Life.Bear,Life.BearRecovery,Life.Bull,Life.BullRetrace,,
2021-09-01,0.92377,,,,,0.90896,0.90461,0.90233,0.90118,0.00343,0.00206,0.00663,0.00279,0.00778,0.00388,0.00182,0.00073,0.00109,0.91592,0.90864,0.00728,0.00129,0.00135,-6e-05,,,0.35,-5.72,0.69,-1.02,,,,,5.0,20.0,7.0,11.0,,,,,-0.0,-0.005,0.0025,-0.00179,1.4,58.33333,,,,,70.0,74.24242,,,59.52381,66.04938,,,,,0.02966,0.03679,,,1,1,1,-0.0,-0.0,-0.0,,,0.15,,,,,,0.0,0.0,0.0,0.883,0.0,0.0,1999-01-01,1999-01-01,1999-01-01,2021-08-04,1999-01-01,1999-01-01,4.62,,,,,,18.0,0.0,0.0,0.0,0.0,0.0,0.0,0.0,0.0,0.0,0.0,0.0,0.925,0.93,0.91,0.92,0.9,0.86,2021-08-30,2021-08-25,2021-08-11,2021-08-27,2021-08-19,2021-08-03,0.0,0.0,0.0,100.0,100.0,100.0,1999-01-01,1999-01-01,1999-01-01,1999-01-01,1999-01-01,1999-01-01,639100.0,212400.0,280800.0,-6.92,-32.65,-32.66,0.0,0.0,0.0,100.0,100.0,100.0,0.0,0.0,0.0,100.0,100.0,100.0,0.0,0.0,0.0,100.0,100.0,100.0,80.0,92.857,92.308,72.727,81.25,64.286,0.0,0.0,0.0,100.0,100.0,100.0,1999-01-01,1999-01-01,1999-01-01,1999-01-01,1999-01-01,1999-01-01,0,0,0,0,0,0,1999-01-01,1999-01-01,1999-01-01,1999-01-01,1999-01-01,1999-01-01,2021-08-30,2021-08-25,2021-08-20,2021-08-27,2021-08-23,2021-08-12,1999-01-01,1999-01-01,1999-01-01,1999-01-01,1999-01-01,1999-01-01,0,0,0,1,0,0,0,1,0,0,0,0,0,0,0,0,1,0,0,0,0,0,0,0,0,0,0,0,1,1,,,,,,,,,,Life.BullEnd,Life.Bear,Life.BearRecovery,Life.Bull,Life.BullRetrace,,
2021-09-02,0.92479,,,,,0.90981,0.90521,0.90268,0.90136,0.00385,0.00212,0.00713,0.00281,0.00844,0.00396,0.00185,0.00069,0.00116,0.91655,0.90948,0.00706,0.00118,0.00132,-0.00014,,,0.24,-5.72,0.69,-1.02,,,,,4.0,20.0,7.0,11.0,,,,,0.0,0.0,0.0025,-0.00107,2.33333,70.0,,,,,70.0,73.33333,,,61.90476,62.61023,,,,,0.02897,0.03568,,,1,1,1,-0.0,-0.0,-0.0,,,0.15,,,,,,0.0,0.0,0.0,0.883,0.0,0.0,1999-01-01,1999-01-01,1999-01-01,2021-08-04,1999-01-01,1999-01-01,4.73,,,,,,19.0,0.0,0.0,0.0,0.0,0.0,0.0,0.0,0.0,0.0,0.0,0.0,0.925,0.93,0.91,0.92,0.9,0.86,2021-08-30,2021-08-25,2021-08-11,2021-08-27,2021-08-19,2021-08-03,0.0,0.0,0.0,100.0,100.0,100.0,1999-01-01,1999-01-01,1999-01-01,1999-01-01,1999-01-01,1999-01-01,212400.0,280800.0,268500.0,-32.65,-32.66,-32.73,0.0,0.0,0.0,100.0,100.0,100.0,0.0,0.0,0.0,100.0,100.0,100.0,0.0,0.0,0.0,100.0,100.0,100.0,80.0,92.857,92.308,72.727,81.25,64.286,0.0,0.0,0.0,100.0,100.0,100.0,1999-01-01,1999-01-01,1999-01-01,1999-01-01,1999-01-01,1999-01-01,0,0,0,0,0,0,1999-01-01,1999-01-01,1999-01-01,1999-01-01,1999-01-01,1999-01-01,2021-08-30,2021-08-25,2021-08-20,2021-08-27,2021-08-23,2021-08-12,1999-01-01,1999-01-01,1999-01-01,1999-01-01,1999-01-01,1999-01-01,0,0,0,1,0,0,0,1,0,0,0,0,0,0,0,0,1,0,0,0,0,0,0,0,0,0,0,0,1,1,,,,,,,,,,Life.BullEnd,Life.Bear,Life.BearRecovery,Life.Bull,Life.BullRetrace,,
2021-09-03,0.92599,,,0.915,,0.91021,0.9056,0.90292,0.9015,0.0041,0.00216,0.00728,0.00279,0.00871,0.00401,0.00185,0.00064,0.00122,0.91631,0.90989,0.00642,0.00105,0.00126,-0.00021,,,0.11,-5.72,0.69,-1.02,,,,,3.0,20.0,7.0,11.0,,,,,-0.0,-0.005,0.0025,-0.00143,1.75,63.63636,,,,,60.0,66.66667,,,58.09524,59.84127,,,,,0.02797,0.03465,,,1,1,0,-0.0,-0.0,-0.0,,,0.15,,,,,,0.0,0.0,0.0,0.883,0.0,0.0,1999-01-01,1999-01-01,1999-01-01,2021-08-04,1999-01-01,1999-01-01,4.87,,,,,,20.0,0.0,0.0,0.0,0.0,0.0,0.0,0.0,0.0,0.0,0.0,0.0,0.925,0.93,0.91,0.915,0.92,0.9,2021-08-30,2021-08-25,2021-08-11,2021-09-03,2021-08-27,2021-08-19,0.0,0.0,0.0,100.0,100.0,100.0,1999-01-01,1999-01-01,1999-01-01,1999-01-01,1999-01-01,1999-01-01,280800.0,268500.0,141100.0,-32.66,-32.73,-9.36,0.0,0.0,0.0,100.0,100.0,100.0,0.0,0.0,0.0,100.0,100.0,100.0,0.0,0.0,0.0,100.0,100.0,100.0,80.0,92.857,92.308,72.727,81.25,64.286,0.0,0.0,0.0,100.0,100.0,100.0,1999-01-01,1999-01-01,1999-01-01,1999-01-01,1999-01-01,1999-01-01,0,0,0,0,0,0,1999-01-01,1999-01-01,1999-01-01,1999-01-01,1999-01-01,1999-01-01,2021-08-30,2021-08-25,2021-08-20,2021-08-27,2021-08-23,2021-08-12,1999-01-01,1999-01-01,1999-01-01,1999-01-01,1999-01-01,1999-01-01,0,0,0,1,0,0,0,0,0,0,0,0,0,0,0,0,1,0,0,0,0,0,0,0,0,0,0,0,1,1,,,,,,,,,,Life.BullEnd,Life.Bear,Life.BearRecovery,Life.Bull,Life.BullRetrace,,
2021-09-06,0.92701,,,,,0.91173,0.90655,0.90346,0.90178,0.00477,0.00218,0.00827,0.00275,0.00995,0.00403,0.00184,0.00057,0.00127,0.91842,0.91138,0.00703,0.0009,0.00119,-0.00029,,,-0.0,-5.72,0.69,-1.02,,,,,2.0,20.0,7.0,11.0,,,,,0.015,0.0,0.00357,-0.00143,2.5,71.42857,,,,,57.14286,62.38095,,,55.71429,58.57143,,,,,0.02954,0.03369,,,1,1,0,-0.0,-0.0,-0.0,,,0.15,,,,,,0.0,0.0,0.0,0.883,0.0,0.0,1999-01-01,1999-01-01,1999-01-01,2021-08-04,1999-01-01,1999-01-01,4.98,,,,,,21.0,0.0,0.0,0.0,0.0,0.0,0.0,0.0,0.0,0.0,0.0,0.0,0.925,0.93,0.91,0.915,0.92,0.9,2021-08-30,2021-08-25,2021-08-11,2021-09-03,2021-08-27,2021-08-19,0.0,0.0,0.0,100.0,100.0,100.0,1999-01-01,1999-01-01,1999-01-01,1999-01-01,1999-01-01,1999-01-01,268500.0,141100.0,7177300.0,-32.73,-9.36,998.91,0.0,0.0,0.0,100.0,100.0,100.0,0.0,0.0,0.0,100.0,100.0,100.0,0.0,0.0,0.0,100.0,100.0,100.0,80.0,92.857,92.308,72.727,81.25,64.286,0.0,0.0,0.0,100.0,100.0,100.0,1999-01-01,1999-01-01,1999-01-01,1999-01-01,1999-01-01,1999-01-01,0,0,0,0,0,0,1999-01-01,1999-01-01,1999-01-01,1999-01-01,1999-01-01,1999-01-01,2021-08-30,2021-08-25,2021-08-20,2021-08-27,2021-08-23,2021-08-12,1999-01-01,1999-01-01,1999-01-01,1999-01-01,1999-01-01,1999-01-01,0,0,0,1,0,0,0,0,0,0,0,0,0,0,0,0,1,0,0,0,0,0,0,0,0,0,0,0,1,1,7177300,,,,,,,,n2p,Life.BullEnd,Life.Bear,Life.BearRecovery,Life.Bull,Life.BullRetrace,,
2021-09-07,0.92742,,,,,0.91314,0.90747,0.90399,0.90206,0.00541,0.00219,0.00915,0.00268,0.01107,0.004,0.00181,0.00049,0.00132,0.9202,0.91276,0.00744,0.00073,0.0011,-0.00037,,,-0.05,-5.72,0.69,-1.02,,,,,1.0,20.0,7.0,11.0,,,,,0.0,0.0,0.00357,-0.00143,2.5,71.42857,,,,,57.14286,58.09524,,,53.33333,55.71429,,,,,0.03029,0.03279,,,0,1,0,-0.0,-0.0,-0.0,,,,0.15,,,,,0.0,0.0,0.0,0.883,0.0,0.0,1999-01-01,1999-01-01,1999-01-01,2021-08-04,1999-01-01,1999-01-01,5.03,,,,,,22.0,0.0,0.0,0.0,0.0,0.0,0.0,0.0,0.0,0.0,0.0,0.0,0.925,0.93,0.91,0.915,0.92,0.9,2021-08-30,2021-08-25,2021-08-11,2021-09-03,2021-08-27,2021-08-19,0.0,0.0,0.0,100.0,100.0,100.0,1999-01-01,1999-01-01,1999-01-01,1999-01-01,1999-01-01,1999-01-01,141100.0,7177300.0,1467000.0,-9.36,998.91,15.8,0.0,0.0,0.0,100.0,100.0,100.0,0.0,0.0,0.0,100.0,100.0,100.0,0.0,0.0,0.0,100.0,100.0,100.0,80.0,92.857,92.308,72.727,81.25,64.286,0.0,0.0,0.0,100.0,100.0,100.0,1999-01-01,1999-01-01,1999-01-01,1999-01-01,1999-01-01,1999-01-01,0,0,0,0,0,0,1999-01-01,1999-01-01,1999-01-01,1999-01-01,1999-01-01,1999-01-01,2021-08-30,2021-08-25,2021-08-20,2021-08-27,2021-08-23,2021-08-12,1999-01-01,1999-01-01,1999-01-01,1999-01-01,1999-01-01,1999-01-01,0,0,0,1,0,0,0,0,0,0,0,0,0,0,0,0,1,0,0,0,0,0,0,0,0,0,0,0,1,1,,,,,,,,n2p,,Life.Bear,Life.BearRecovery,Life.Bull,Life.BullRetrace,Life.BullEnd,,
2021-09-08,0.92672,,0.927,,,0.91443,0.90836,0.9045,0.90234,0.00601,0.00218,0.00993,0.00258,0.01209,0.00394,0.00176,0.0004,0.00136,0.92171,0.91404,0.00767,0.00054,0.00099,-0.00045,,0.001,-5.69,0.69,-1.02,,,,,,20.0,7.0,11.0,,,,,,0.0,0.0,0.00357,-0.00143,2.5,71.42857,,,,,57.14286,57.14286,57.143,,48.48485,52.51082,,,,,0.02884,0.03197,,,0,0,0,-0.0,-0.0,-0.0,,,,0.15,,,,,0.927,0.0,0.0,0.883,0.0,0.0,2021-09-08,1999-01-01,1999-01-01,2021-08-04,1999-01-01,1999-01-01,0.0,4.98,,,,,0.0,23.0,0.0,0.0,0.0,0.0,0.0,0.0,0.0,0.0,0.0,0.0,0.925,0.93,0.91,0.915,0.92,0.9,2021-08-30,2021-08-25,2021-08-11,2021-09-03,2021-08-27,2021-08-19,0.0,0.0,0.0,100.0,100.0,100.0,1999-01-01,1999-01-01,1999-01-01,1999-01-01,1999-01-01,1999-01-01,7177300.0,1467000.0,1022700.0,998.91,15.8,10.03,0.001,0.0,0.0,100.0,100.0,100.0,0.00099,0.0,0.0,100.0,100.0,100.0,0.0,0.0,0.0,100.0,100.0,100.0,80.0,92.857,92.308,57.143,72.727,81.25,0.0,0.0,0.0,100.0,100.0,100.0,2021-09-08,1999-01-01,1999-01-01,1999-01-01,1999-01-01,1999-01-01,8286,0,0,0,0,0,1999-01-01,1999-01-01,1999-01-01,1999-01-01,1999-01-01,1999-01-01,2021-08-30,2021-08-25,2021-08-20,2021-09-08,2021-08-27,2021-08-23,1999-01-01,1999-01-01,1999-01-01,1999-01-01,1999-01-01,1999-01-01,0,1,0,1,0,0,0,0,0,1,0,0,0,0,0,0,1,0,1,0,0,0,0,0,0,0,0,0,1,1,,,,,,,n2p,,,Life.Bear,Life.BearRecovery,Life.Bull,Life.BullRetrace,Life.BullEnd,,
2021-09-09,0.92455,,,,,0.91678,0.90979,0.9053,0.90277,0.00703,0.00215,0.01148,0.00245,0.01402,0.00384,0.00169,0.0003,0.0014,0.92529,0.91633,0.00896,0.00033,0.00086,-0.00053,,,-5.47,0.69,-1.02,,,,,,19.0,7.0,11.0,,,,,,0.015,0.0,0.00464,-0.00143,3.25,76.47059,,,,,68.75,61.0119,,,51.26263,51.02694,,,,,0.03,0.03119,,,0,0,0,-0.0,-0.0,-0.0,,,,0.15,,,,,0.927,0.0,0.0,0.883,0.0,0.0,2021-09-08,1999-01-01,1999-01-01,2021-08-04,1999-01-01,1999-01-01,-0.26,4.98,,,,,1.0,23.0,0.0,0.0,0.0,0.0,-0.0,0.0,0.0,0.0,0.0,0.0,0.925,0.93,0.91,0.915,0.92,0.9,2021-08-30,2021-08-25,2021-08-11,2021-09-03,2021-08-27,2021-08-19,0.0,0.0,0.0,100.0,100.0,100.0,1999-01-01,1999-01-01,1999-01-01,1999-01-01,1999-01-01,1999-01-01,1467000.0,1022700.0,12440800.0,15.8,10.03,54.45,0.001,0.0,0.0,100.0,100.0,100.0,0.00099,0.0,0.0,100.0,100.0,100.0,0.0,0.0,0.0,100.0,100.0,100.0,80.0,92.857,92.308,57.143,72.727,81.25,0.0,0.0,0.0,100.0,100.0,100.0,2021-09-08,1999-01-01,1999-01-01,1999-01-01,1999-01-01,1999-01-01,8286,0,0,0,0,0,1999-01-01,1999-01-01,1999-01-01,1999-01-01,1999-01-01,1999-01-01,2021-08-30,2021-08-25,2021-08-20,2021-09-08,2021-08-27,2021-08-23,1999-01-01,1999-01-01,1999-01-01,1999-01-01,1999-01-01,1999-01-01,0,1,0,1,0,0,0,0,0,1,0,0,0,0,0,0,1,0,1,0,0,0,0,0,0,0,0,0,1,1,,12440800,,,,n2p,,,p2p,Life.Bear,Life.BearRecovery,Life.Bull,Life.BullRetrace,Life.BullEnd,,
2021-09-10,0.9208,,,,0.95,0.91934,0.91137,0.90619,0.90324,0.00813,0.0021,0.01315,0.00228,0.0161,0.0037,0.0016,0.00018,0.00142,0.92909,0.91883,0.01027,0.0001,0.0007,-0.0006,,,-5.08,0.69,-1.02,,,,,,18.0,7.0,11.0,,,,,,0.005,0.0,0.00393,-0.00143,2.75,73.33333,,,,,71.42857,65.77381,,71.429,56.81818,52.18855,,,,,0.02928,0.03047,,,0,0,0,-0.0,-0.0,-0.0,,,,0.15,,,,,0.927,0.0,0.0,0.883,0.0,0.0,2021-09-08,1999-01-01,1999-01-01,2021-08-04,1999-01-01,1999-01-01,-0.67,4.98,,,,,2.0,23.0,0.0,0.0,0.0,0.0,-0.0,0.0,0.0,0.0,0.0,0.0,0.95,0.925,0.93,0.915,0.92,0.9,2021-09-10,2021-08-30,2021-08-25,2021-09-03,2021-08-27,2021-08-19,0.0,0.0,0.0,100.0,100.0,100.0,1999-01-01,1999-01-01,1999-01-01,1999-01-01,1999-01-01,1999-01-01,1022700.0,12440800.0,1400800.0,10.03,54.45,-0.44,0.001,0.0,0.0,100.0,100.0,100.0,0.00099,0.0,0.0,100.0,100.0,100.0,0.0,0.0,0.0,100.0,100.0,100.0,71.429,80.0,92.857,57.143,72.727,81.25,0.0,0.0,0.0,100.0,100.0,100.0,2021-09-08,1999-01-01,1999-01-01,1999-01-01,1999-01-01,1999-01-01,8286,0,0,0,0,0,1999-01-01,1999-01-01,1999-01-01,1999-01-01,1999-01-01,1999-01-01,2021-09-10,2021-08-30,2021-08-25,2021-09-08,2021-08-27,2021-08-23,1999-01-01,1999-01-01,1999-01-01,1999-01-01,1999-01-01,1999-01-01,0,1,0,1,0,1,0,0,0,1,0,0,0,0,0,0,1,0,1,0,0,0,0,0,0,0,0,0,1,1,,,1400800,,n2p,,,p2p,p2n,Life.Bear,Life.BearRecovery,Life.Bull,Life.BullRetrace,Life.BullEnd,,
2021-09-13,0.91562,,,,,0.91939,0.91171,0.90646,0.9034,0.00831,0.00203,0.01293,0.00208,0.01599,0.00352,0.00149,5e-05,0.00144,0.92769,0.91891,0.00878,-0.00014,0.00053,-0.00068,,,-4.55,0.69,-1.02,,,,,,17.0,7.0,11.0,,,,,,-0.0,-0.03,0.00357,-0.00357,1.0,50.0,,,,,28.57143,56.25,,,44.69697,50.92593,,,,,0.02969,0.0298,,,0,0,0,-0.0,-0.0,-0.0,,,,0.15,,,,,0.927,0.0,0.0,0.883,0.0,0.0,2021-09-08,1999-01-01,1999-01-01,2021-08-04,1999-01-01,1999-01-01,-1.23,4.98,,,,,3.0,23.0,0.0,0.0,0.0,0.0,-0.0,0.0,0.0,0.0,0.0,0.0,0.95,0.925,0.93,0.915,0.92,0.9,2021-09-10,2021-08-30,2021-08-25,2021-09-03,2021-08-27,2021-08-19,0.0,0.0,0.0,100.0,100.0,100.0,1999-01-01,1999-01-01,1999-01-01,1999-01-01,1999-01-01,1999-01-01,12440800.0,1400800.0,1162900.0,54.45,-0.44,0.94,0.001,0.0,0.0,100.0,100.0,100.0,0.00099,0.0,0.0,100.0,100.0,100.0,0.0,0.0,0.0,100.0,100.0,100.0,71.429,80.0,92.857,57.143,72.727,81.25,0.0,0.0,0.0,100.0,100.0,100.0,2021-09-08,1999-01-01,1999-01-01,1999-01-01,1999-01-01,1999-01-01,8286,0,0,0,0,0,1999-01-01,1999-01-01,1999-01-01,1999-01-01,1999-01-01,1999-01-01,2021-09-10,2021-08-30,2021-08-25,2021-09-08,2021-08-27,2021-08-23,1999-01-01,1999-01-01,1999-01-01,1999-01-01,1999-01-01,1999-01-01,0,1,0,1,0,1,0,0,0,1,0,0,0,0,0,0,1,0,1,0,0,0,0,0,0,0,0,0,1,1,,,,,,,p2p,p2n,,Life.Bear,Life.BearRecovery,Life.Bull,Life.BullRetrace,Life.BullEnd,,
2021-09-14,0.90943,,,,,0.91828,0.91145,0.90643,0.90342,0.00803,0.00193,0.01185,0.00185,0.01486,0.00329,0.00136,-8e-05,0.00145,0.9242,0.91788,0.00632,-0.0004,0.00035,-0.00075,,,-3.9,0.69,-1.02,,,,,,16.0,7.0,11.0,,,,,,-0.0,-0.015,0.00321,-0.00464,0.69231,40.90909,,,,,23.52941,41.17647,,,33.09566,44.87027,45.69257,,,,0.03078,0.02916,,,0,0,0,-0.01,-0.0,-0.0,,,,0.15,,,,,0.927,0.0,0.0,0.883,0.0,0.0,2021-09-08,1999-01-01,1999-01-01,2021-08-04,1999-01-01,1999-01-01,-1.9,4.98,,,,,4.0,23.0,0.0,0.0,0.0,0.0,-0.0,0.0,0.0,0.0,0.0,0.0,0.95,0.925,0.93,0.915,0.92,0.9,2021-09-10,2021-08-30,2021-08-25,2021-09-03,2021-08-27,2021-08-19,0.0,0.0,0.0,100.0,100.0,100.0,1999-01-01,1999-01-01,1999-01-01,1999-01-01,1999-01-01,1999-01-01,1400800.0,1162900.0,2510100.0,-0.44,0.94,-66.18,0.001,0.0,0.0,100.0,100.0,100.0,0.00099,0.0,0.0,100.0,100.0,100.0,0.0,0.0,0.0,100.0,100.0,100.0,71.429,80.0,92.857,57.143,72.727,81.25,0.0,0.0,0.0,100.0,100.0,100.0,2021-09-08,1999-01-01,1999-01-01,1999-01-01,1999-01-01,1999-01-01,8286,0,0,0,0,0,1999-01-01,1999-01-01,1999-01-01,1999-01-01,1999-01-01,1999-01-01,2021-09-10,2021-08-30,2021-08-25,2021-09-08,2021-08-27,2021-08-23,1999-01-01,1999-01-01,1999-01-01,1999-01-01,1999-01-01,1999-01-01,0,1,0,1,0,1,0,0,0,1,0,0,0,0,0,0,1,0,1,0,0,0,0,0,0,0,0,0,1,1,,,-2510100,,,p2p,p2n,,p2n,Life.Bear,Life.BearRecovery,Life.Bull,Life.BullRetrace,Life.BullEnd,,
2021-09-15,0.90277,,,,,0.91649,0.9108,0.90621,0.90334,0.00747,0.00181,0.01029,0.00158,0.01316,0.00302,0.00121,-0.00023,0.00144,0.91971,0.91619,0.00352,-0.00068,0.00014,-0.00082,,,-3.19,0.69,-1.02,,,,,,15.0,7.0,11.0,,,,,,-0.0,-0.01,0.00286,-0.00536,0.53333,34.78261,,,,,11.76471,21.28852,11.765,,14.79501,30.86255,44.73011,,,,0.02966,0.02856,,,0,0,0,-0.0,-0.0,-0.0,,,,0.15,,,,,0.927,0.0,0.0,0.883,0.0,0.0,2021-09-08,1999-01-01,1999-01-01,2021-08-04,1999-01-01,1999-01-01,-2.61,4.98,,,,,5.0,23.0,0.0,0.0,0.0,0.0,-1.0,0.0,0.0,0.0,0.0,0.0,0.95,0.925,0.93,0.915,0.92,0.9,2021-09-10,2021-08-30,2021-08-25,2021-09-03,2021-08-27,2021-08-19,0.0,0.0,0.0,100.0,100.0,100.0,1999-01-01,1999-01-01,1999-01-01,1999-01-01,1999-01-01,1999-01-01,1162900.0,2510100.0,682000.0,0.94,-66.18,-14.17,0.001,0.0,0.0,100.0,100.0,100.0,0.00099,0.0,0.0,100.0,100.0,100.0,0.0,0.0,0.0,100.0,100.0,100.0,71.429,80.0,92.857,11.765,57.143,72.727,0.0,0.0,0.0,100.0,100.0,100.0,2021-09-08,1999-01-01,1999-01-01,1999-01-01,1999-01-01,1999-01-01,8286,0,0,0,0,0,1999-01-01,1999-01-01,1999-01-01,1999-01-01,1999-01-01,1999-01-01,2021-09-10,2021-08-30,2021-08-25,2021-09-15,2021-09-08,2021-08-27,1999-01-01,1999-01-01,1999-01-01,1999-01-01,1999-01-01,1999-01-01,0,1,0,1,0,1,0,0,0,1,0,0,0,0,0,0,1,0,1,0,0,0,0,0,0,0,0,0,1,1,,,,,p2p,p2n,,p2n,,Life.Bear,Life.BearRecovery,Life.Bull,Life.BullRetrace,Life.BullEnd,,
2021-09-17,0.89626,,,,,0.91445,0.90999,0.90589,0.9032,0.00678,0.00167,0.00857,0.00127,0.01125,0.0027,0.00103,-0.00039,0.00143,0.91514,0.91425,0.00089,-0.00097,-8e-05,-0.00089,,,-2.48,0.69,-1.02,,,,,,13.0,7.0,11.0,,,,,,-0.0,-0.005,0.00286,-0.00536,0.53333,34.78261,,,,,20.0,18.43137,,20.0,19.17211,22.35426,43.72325,44.71531,,,0.02968,0.02799,,,0,0,0,-0.01,-0.0,-0.0,,,,0.15,,,,,0.927,0.0,0.0,0.883,0.0,0.0,2021-09-08,1999-01-01,1999-01-01,2021-08-04,1999-01-01,1999-01-01,-3.32,4.98,,,,,6.0,23.0,0.0,0.0,0.0,0.0,-1.0,0.0,0.0,0.0,0.0,0.0,0.95,0.925,0.93,0.915,0.92,0.9,2021-09-10,2021-08-30,2021-08-25,2021-09-03,2021-08-27,2021-08-19,0.0,0.0,0.0,100.0,100.0,100.0,1999-01-01,1999-01-01,1999-01-01,1999-01-01,1999-01-01,1999-01-01,2510100.0,682000.0,2856800.0,-66.18,-14.17,38.9,0.001,0.0,0.0,100.0,100.0,100.0,0.00099,0.0,0.0,100.0,100.0,100.0,0.0,0.0,0.0,100.0,100.0,100.0,20.0,71.429,80.0,11.765,57.143,72.727,0.0,0.0,0.0,100.0,100.0,100.0,2021-09-08,1999-01-01,1999-01-01,1999-01-01,1999-01-01,1999-01-01,8286,0,0,0,0,0,1999-01-01,1999-01-01,1999-01-01,1999-01-01,1999-01-01,1999-01-01,2021-09-17,2021-09-10,2021-08-30,2021-09-15,2021-09-08,2021-08-27,1999-01-01,1999-01-01,1999-01-01,1999-01-01,1999-01-01,1999-01-01,0,1,0,1,0,1,0,0,0,1,0,0,0,0,0,0,1,0,1,0,0,0,0,0,0,0,0,0,1,1,-2856800,,,,p2n,,p2n,,n2p,Life.Bear,Life.BearRecovery,Life.Bull,Life.BullRetrace,Life.BullEnd,,
2021-09-20,0.89044,,,0.875,,0.91142,0.90861,0.90527,0.90292,0.00569,0.0015,0.00615,0.00094,0.0085,0.00234,0.00084,-0.00056,0.0014,0.90896,0.91134,-0.00238,-0.00127,-0.00032,-0.00095,,,-1.85,0.69,-1.02,,,,,,12.0,7.0,11.0,,,,,,-0.0,-0.015,0.00286,-0.00607,0.47059,32.0,,,,,9.52381,13.76284,9.524,,15.77342,16.58018,42.68462,43.71266,,,0.03006,0.02745,,,0,0,0,-0.0,-0.0,-0.0,,,,0.15,,,,,0.927,0.0,0.0,0.883,0.0,0.0,2021-09-08,1999-01-01,1999-01-01,2021-08-04,1999-01-01,1999-01-01,-3.94,4.98,,,,,7.0,23.0,0.0,0.0,0.0,0.0,-1.0,0.0,0.0,0.0,0.0,0.0,0.95,0.925,0.93,0.875,0.915,0.92,2021-09-10,2021-08-30,2021-08-25,2021-09-20,2021-09-03,2021-08-27,0.0,0.0,0.0,100.0,100.0,100.0,1999-01-01,1999-01-01,1999-01-01,1999-01-01,1999-01-01,1999-01-01,682000.0,2856800.0,591300.0,-14.17,38.9,-31.72,0.001,0.0,0.0,100.0,100.0,100.0,0.00099,0.0,0.0,100.0,100.0,100.0,0.0,0.0,0.0,100.0,100.0,100.0,20.0,71.429,80.0,9.524,11.765,57.143,0.0,0.0,0.0,100.0,100.0,100.0,2021-09-08,1999-01-01,1999-01-01,1999-01-01,1999-01-01,1999-01-01,8286,0,0,0,0,0,1999-01-01,1999-01-01,1999-01-01,1999-01-01,1999-01-01,1999-01-01,2021-09-17,2021-09-10,2021-08-30,2021-09-20,2021-09-15,2021-09-08,1999-01-01,1999-01-01,1999-01-01,1999-01-01,1999-01-01,1999-01-01,0,1,0,1,0,1,1,0,0,1,0,0,0,0,0,0,1,0,1,0,0,0,0,0,0,0,0,0,1,1,,,-591300,,,p2n,,n2p,p2n,Life.Bear,Life.BearRecovery,Life.Bull,Life.BullRetrace,Life.BullEnd,,
2021-09-21,0.88564,,,,0.88,0.909,0.90749,0.90477,0.90269,0.0048,0.0013,0.00423,0.00057,0.00631,0.00193,0.00062,-0.00074,0.00136,0.90451,0.90902,-0.00451,-0.00158,-0.00057,-0.00101,,,-1.31,0.69,-1.02,,,,,,11.0,7.0,11.0,,,,,,0.005,0.0,0.00286,-0.00607,0.47059,32.0,,,,,18.18182,15.90188,,18.182,21.37566,18.77373,41.63049,42.67945,,,0.0297,0.02694,,,0,0,0,-0.0,-0.0,-0.0,,,,0.15,,,,,0.927,0.0,0.0,0.883,0.0,0.0,2021-09-08,1999-01-01,1999-01-01,2021-08-04,1999-01-01,1999-01-01,-4.46,4.98,,,,,8.0,23.0,0.0,0.0,0.0,0.0,-1.0,0.0,0.0,0.0,0.0,0.0,0.88,0.95,0.925,0.875,0.915,0.92,2021-09-21,2021-09-10,2021-08-30,2021-09-20,2021-09-03,2021-08-27,0.0,0.0,0.0,100.0,100.0,100.0,1999-01-01,1999-01-01,1999-01-01,1999-01-01,1999-01-01,1999-01-01,2856800.0,591300.0,321500.0,38.9,-31.72,-8.73,0.001,0.0,0.0,100.0,100.0,100.0,0.00099,0.0,0.0,100.0,100.0,100.0,0.0,0.0,0.0,100.0,100.0,100.0,18.182,20.0,71.429,9.524,11.765,57.143,0.0,0.0,0.0,100.0,100.0,100.0,2021-09-08,1999-01-01,1999-01-01,1999-01-01,1999-01-01,1999-01-01,8286,0,0,0,0,0,1999-01-01,1999-01-01,1999-01-01,1999-01-01,1999-01-01,1999-01-01,2021-09-21,2021-09-17,2021-09-10,2021-09-20,2021-09-15,2021-09-08,1999-01-01,1999-01-01,1999-01-01,1999-01-01,1999-01-01,1999-01-01,0,1,0,1,1,0,1,0,0,1,0,0,0,0,0,0,1,0,1,0,0,0,0,0,0,0,0,0,1,1,,,,,p2n,,n2p,p2n,,Life.Bear,Life.BearRecovery,Life.Bull,Life.BullRetrace,Life.BullEnd,,
2021-09-22,0.88204,,,0.875,,0.90639,0.90622,0.90418,0.90242,0.0038,0.00108,0.0022,0.00016,0.00397,0.00147,0.00039,-0.00092,0.00131,0.89997,0.9065,-0.00653,-0.00189,-0.00083,-0.00106,,,-0.91,0.69,-1.02,,,,,,10.0,7.0,11.0,,,,,,-0.0,-0.005,0.00286,-0.00607,0.47059,32.0,,,,,13.63636,13.78066,13.636,,25.07937,20.74282,40.57855,41.63122,,,0.02865,0.02644,,,0,0,0,-0.01,-0.0,-0.0,,,,0.15,,,,,0.927,0.0,0.0,0.883,0.0,0.0,2021-09-08,1999-01-01,1999-01-01,2021-08-04,1999-01-01,1999-01-01,-4.85,4.98,,,,,9.0,23.0,0.0,0.0,0.0,0.0,-1.0,0.0,0.0,0.0,0.0,0.0,0.88,0.95,0.925,0.875,0.875,0.915,2021-09-21,2021-09-10,2021-08-30,2021-09-22,2021-09-20,2021-09-03,0.0,0.0,0.0,100.0,100.0,100.0,1999-01-01,1999-01-01,1999-01-01,1999-01-01,1999-01-01,1999-01-01,591300.0,321500.0,674600.0,-31.72,-8.73,-57.89,0.001,0.0,0.0,100.0,100.0,100.0,0.00099,0.0,0.0,100.0,100.0,100.0,0.0,0.0,0.0,100.0,100.0,100.0,18.182,20.0,71.429,13.636,9.524,11.765,0.0,0.0,0.0,100.0,100.0,100.0,2021-09-08,1999-01-01,1999-01-01,1999-01-01,1999-01-01,1999-01-01,8286,0,0,0,0,0,1999-01-01,1999-01-01,1999-01-01,1999-01-01,1999-01-01,1999-01-01,2021-09-21,2021-09-17,2021-09-10,2021-09-22,2021-09-20,2021-09-15,1999-01-01,1999-01-01,1999-01-01,1999-01-01,1999-01-01,1999-01-01,0,1,0,1,1,0,1,0,0,1,0,0,0,0,0,0,1,0,0,1,0,0,0,0,0,0,0,0,1,1,,,,-674600,,n2p,p2n,,n2n,Life.Bear,Life.BearRecovery,Life.Bull,Life.BullRetrace,Life.BullEnd,,
2021-09-23,0.87957,,,,,0.90436,0.90519,0.9037,0.9022,0.00299,0.00084,0.00148,-0.00027,0.00299,0.00098,0.00014,-0.00111,0.00124,0.8969,0.90454,-0.00764,-0.00222,-0.00111,-0.00111,,,-0.63,0.69,-1.02,,,,,,9.0,7.0,11.0,,,,,,0.005,0.0,0.00321,-0.00607,0.52941,34.61538,,,,,18.18182,16.66667,,,37.30159,27.91887,39.54544,40.58483,,,0.02732,0.02596,,,0,0,0,-0.0,-0.0,-0.0,,,,,-0.15,,,,0.927,0.0,0.0,0.883,0.0,0.0,2021-09-08,1999-01-01,1999-01-01,2021-08-04,1999-01-01,1999-01-01,-5.12,4.98,,,,,10.0,23.0,0.0,0.0,0.0,0.0,-1.0,0.0,0.0,0.0,0.0,0.0,0.88,0.95,0.925,0.875,0.875,0.915,2021-09-21,2021-09-10,2021-08-30,2021-09-22,2021-09-20,2021-09-03,0.0,0.0,0.0,100.0,100.0,100.0,1999-01-01,1999-01-01,1999-01-01,1999-01-01,1999-01-01,1999-01-01,321500.0,674600.0,367700.0,-8.73,-57.89,-14.09,0.001,0.0,0.0,100.0,100.0,100.0,0.00099,0.0,0.0,100.0,100.0,100.0,0.0,0.0,0.0,100.0,100.0,100.0,18.182,20.0,71.429,13.636,9.524,11.765,0.0,0.0,0.0,100.0,100.0,100.0,2021-09-08,1999-01-01,1999-01-01,1999-01-01,1999-01-01,1999-01-01,8286,0,0,0,0,0,1999-01-01,1999-01-01,1999-01-01,1999-01-01,1999-01-01,1999-01-01,2021-09-21,2021-09-17,2021-09-10,2021-09-22,2021-09-20,2021-09-15,1999-01-01,1999-01-01,1999-01-01,1999-01-01,1999-01-01,1999-01-01,0,1,0,1,1,0,1,0,0,1,0,0,0,0,0,0,1,0,0,1,0,0,0,0,0,0,0,0,1,1,,,,,n2p,p2n,,n2n,,Life.BearRecovery,Life.Bull,Life.BullRetrace,Life.BullEnd,Life.BearStart,,
2021-09-24,0.87793,,,,0.885,0.90287,0.9044,0.90333,0.90202,0.00237,0.00057,0.00153,-0.00073,0.00237,0.00044,-0.00013,-0.0013,0.00117,0.89507,0.90309,-0.00802,-0.00254,-0.0014,-0.00114,,,-0.45,0.69,-1.02,,,,,,8.0,7.0,11.0,,,,,,0.005,0.0,0.00357,-0.00571,0.625,38.46154,,,,,22.72727,18.18182,,22.727,48.61111,36.99735,38.54606,39.55668,,,0.02644,0.0255,,,0,0,0,-0.0,-0.0,-0.0,,,,,-0.15,,,,0.927,0.0,0.0,0.883,0.0,0.0,2021-09-08,1999-01-01,1999-01-01,2021-08-04,1999-01-01,1999-01-01,-5.29,4.98,,,,,11.0,23.0,0.0,0.0,0.0,0.0,-0.0,0.0,0.0,0.0,0.0,0.0,0.885,0.88,0.95,0.875,0.875,0.915,2021-09-24,2021-09-21,2021-09-10,2021-09-22,2021-09-20,2021-09-03,0.0,0.0,0.0,100.0,100.0,100.0,1999-01-01,1999-01-01,1999-01-01,1999-01-01,1999-01-01,1999-01-01,674600.0,367700.0,438700.0,-57.89,-14.09,8.59,0.001,0.0,0.0,100.0,100.0,100.0,0.00099,0.0,0.0,100.0,100.0,100.0,0.0,0.0,0.0,100.0,100.0,100.0,22.727,18.182,20.0,13.636,9.524,11.765,0.0,0.0,0.0,100.0,100.0,100.0,2021-09-08,1999-01-01,1999-01-01,1999-01-01,1999-01-01,1999-01-01,8286,0,0,0,0,0,1999-01-01,1999-01-01,1999-01-01,1999-01-01,1999-01-01,1999-01-01,2021-09-24,2021-09-21,2021-09-17,2021-09-22,2021-09-20,2021-09-15,1999-01-01,1999-01-01,1999-01-01,1999-01-01,1999-01-01,1999-01-01,0,1,0,1,0,0,1,0,0,1,0,0,0,0,0,0,0,1,0,1,0,0,0,0,0,0,0,0,1,1,,,,,p2n,,n2n,,,Life.BearRecovery,Life.Bull,Life.BullRetrace,Life.BullEnd,Life.BearStart,,
2021-09-27,0.87677,,,,,0.90072,0.90324,0.90277,0.90176,0.00149,0.00028,0.00252,-0.00122,0.00252,-0.00014,-0.00041,-0.00149,0.00108,0.89198,0.90101,-0.00903,-0.00286,-0.00169,-0.00117,,,-0.32,0.69,-1.02,,,,,,7.0,7.0,11.0,,,,,,-0.0,-0.01,0.0025,-0.00643,0.38889,28.0,45.85474,,,,13.63636,18.18182,,,54.16667,46.69312,37.59506,38.56219,,,0.02562,0.02504,,,0,0,0,-0.0,-0.0,-0.0,,,,,-0.15,,,,0.927,0.0,0.0,0.883,0.0,0.0,2021-09-08,1999-01-01,1999-01-01,2021-08-04,1999-01-01,1999-01-01,-5.42,4.98,,,,,12.0,23.0,0.0,0.0,0.0,0.0,-0.0,0.0,0.0,0.0,0.0,0.0,0.885,0.88,0.95,0.875,0.875,0.915,2021-09-24,2021-09-21,2021-09-10,2021-09-22,2021-09-20,2021-09-03,0.0,0.0,0.0,100.0,100.0,100.0,1999-01-01,1999-01-01,1999-01-01,1999-01-01,1999-01-01,1999-01-01,367700.0,438700.0,710400.0,-14.09,8.59,2.42,0.001,0.0,0.0,100.0,100.0,100.0,0.00099,0.0,0.0,100.0,100.0,100.0,0.0,0.0,0.0,100.0,100.0,100.0,22.727,18.182,20.0,13.636,9.524,11.765,0.0,0.0,0.0,100.0,100.0,100.0,2021-09-08,1999-01-01,1999-01-01,1999-01-01,1999-01-01,1999-01-01,8286,0,0,0,0,0,1999-01-01,1999-01-01,1999-01-01,1999-01-01,1999-01-01,1999-01-01,2021-09-24,2021-09-21,2021-09-17,2021-09-22,2021-09-20,2021-09-15,1999-01-01,1999-01-01,1999-01-01,1999-01-01,1999-01-01,1999-01-01,0,1,0,1,0,0,1,0,0,1,0,0,0,0,0,0,0,1,0,1,0,0,0,0,0,0,0,0,1,1,,,,,,n2n,,,,Life.BearRecovery,Life.Bull,Life.BullRetrace,Life.BullEnd,Life.BearStart,,
2021-09-28,0.87592,,,,,0.89875,0.90214,0.90222,0.90149,0.00073,-4e-05,-0.00348,-0.00173,0.00348,-0.00075,-0.00071,-0.00169,0.00098,0.88937,0.89908,-0.00972,-0.00318,-0.00199,-0.00119,,,-0.22,0.69,-1.02,,,,,,6.0,7.0,11.0,,,,,,0.0,0.0,0.0025,-0.00643,0.38889,28.0,45.36694,,,,13.63636,16.66667,,,50.83333,51.2037,36.70649,37.61575,,,0.02451,0.0246,,,0,0,0,-0.0,-0.0,-0.0,,,,,-0.15,,,,0.927,0.0,0.0,0.883,0.0,0.0,2021-09-08,1999-01-01,1999-01-01,2021-08-04,1999-01-01,1999-01-01,-5.51,4.98,,,,,13.0,23.0,0.0,0.0,0.0,0.0,-0.0,0.0,0.0,0.0,0.0,0.0,0.885,0.88,0.95,0.875,0.875,0.915,2021-09-24,2021-09-21,2021-09-10,2021-09-22,2021-09-20,2021-09-03,0.0,0.0,0.0,100.0,100.0,100.0,1999-01-01,1999-01-01,1999-01-01,1999-01-01,1999-01-01,1999-01-01,438700.0,710400.0,482000.0,8.59,2.42,7.54,0.001,0.0,0.0,100.0,100.0,100.0,0.00099,0.0,0.0,100.0,100.0,100.0,0.0,0.0,0.0,100.0,100.0,100.0,22.727,18.182,20.0,13.636,9.524,11.765,0.0,0.0,0.0,100.0,100.0,100.0,2021-09-08,1999-01-01,1999-01-01,1999-01-01,1999-01-01,1999-01-01,8286,0,0,0,0,0,1999-01-01,1999-01-01,1999-01-01,1999-01-01,1999-01-01,1999-01-01,2021-09-24,2021-09-21,2021-09-17,2021-09-22,2021-09-20,2021-09-15,1999-01-01,1999-01-01,1999-01-01,1999-01-01,1999-01-01,1999-01-01,0,1,0,1,0,0,1,0,0,1,0,0,0,0,0,0,0,1,0,1,0,0,0,0,0,0,0,0,1,1,,,,,n2n,,,,,Life.BearRecovery,Life.Bull,Life.BullRetrace,Life.BullEnd,Life.BearStart,,
2021-09-29,0.87523,,,,,0.89692,0.90107,0.90168,0.90123,0.00061,-0.00037,-0.00477,-0.00225,0.00477,-0.00139,-0.00102,-0.00188,0.00086,0.88716,0.8973,-0.01014,-0.00349,-0.00229,-0.0012,,,-0.14,0.69,-1.02,,,,,,5.0,7.0,11.0,,,,,,0.0,0.0,0.0025,-0.00643,0.38889,28.0,44.91163,,,,13.63636,13.63636,,,38.33333,47.77778,35.89261,36.7306,,,0.02347,0.02416,,,0,0,0,-0.0,-0.0,-0.0,,,,,-0.15,,,,0.927,0.0,0.0,0.883,0.0,0.0,2021-09-08,1999-01-01,1999-01-01,2021-08-04,1999-01-01,1999-01-01,-5.58,4.98,,,,,14.0,23.0,0.0,0.0,0.0,0.0,-0.0,0.0,0.0,0.0,0.0,0.0,0.885,0.88,0.95,0.875,0.875,0.915,2021-09-24,2021-09-21,2021-09-10,2021-09-22,2021-09-20,2021-09-03,0.0,0.0,0.0,100.0,100.0,100.0,1999-01-01,1999-01-01,1999-01-01,1999-01-01,1999-01-01,1999-01-01,710400.0,482000.0,73800.0,2.42,7.54,-22.37,0.001,0.0,0.0,100.0,100.0,100.0,0.00099,0.0,0.0,100.0,100.0,100.0,0.0,0.0,0.0,100.0,100.0,100.0,22.727,18.182,20.0,13.636,9.524,11.765,0.0,0.0,0.0,100.0,100.0,100.0,2021-09-08,1999-01-01,1999-01-01,1999-01-01,1999-01-01,1999-01-01,8286,0,0,0,0,0,1999-01-01,1999-01-01,1999-01-01,1999-01-01,1999-01-01,1999-01-01,2021-09-24,2021-09-21,2021-09-17,2021-09-22,2021-09-20,2021-09-15,1999-01-01,1999-01-01,1999-01-01,1999-01-01,1999-01-01,1999-01-01,0,1,0,1,0,0,1,0,0,1,0,0,0,0,0,0,0,1,0,1,0,0,0,0,0,0,0,0,1,1,,,,,,,,,,Life.BearRecovery,Life.Bull,Life.BullRetrace,Life.BullEnd,Life.BearStart,,
2021-09-30,0.87467,,,,,0.89485,0.89985,0.90106,0.90092,0.0012,-0.00072,-0.00621,-0.00279,0.00621,-0.00206,-0.00133,-0.00207,0.00074,0.88452,0.89528,-0.01076,-0.00379,-0.00259,-0.0012,,,-0.08,0.69,-1.02,,,,,,4.0,7.0,11.0,,,,,,-0.0,-0.005,0.00143,-0.00679,0.21053,17.3913,44.49474,,,,10.0,12.42424,10.0,,21.66667,36.94444,35.16268,35.91787,,,0.02251,0.02373,,,0,0,0,-0.0,-0.0,-0.0,,,,,-0.15,,,,0.927,0.0,0.0,0.883,0.0,0.0,2021-09-08,1999-01-01,1999-01-01,2021-08-04,1999-01-01,1999-01-01,-5.65,4.98,,,,,15.0,23.0,0.0,0.0,0.0,0.0,-0.0,0.0,0.0,0.0,0.0,0.0,0.885,0.88,0.95,0.875,0.875,0.915,2021-09-24,2021-09-21,2021-09-10,2021-09-22,2021-09-20,2021-09-03,0.0,0.0,0.0,100.0,100.0,100.0,1999-01-01,1999-01-01,1999-01-01,1999-01-01,1999-01-01,1999-01-01,482000.0,73800.0,430700.0,7.54,-22.37,-22.09,0.001,0.0,0.0,100.0,100.0,100.0,0.00099,0.0,0.0,100.0,100.0,100.0,0.0,0.0,0.0,100.0,100.0,100.0,22.727,18.182,20.0,10.0,13.636,9.524,0.0,0.0,0.0,100.0,100.0,100.0,2021-09-08,1999-01-01,1999-01-01,1999-01-01,1999-01-01,1999-01-01,8286,0,0,0,0,0,1999-01-01,1999-01-01,1999-01-01,1999-01-01,1999-01-01,1999-01-01,2021-09-24,2021-09-21,2021-09-17,2021-09-30,2021-09-22,2021-09-20,1999-01-01,1999-01-01,1999-01-01,1999-01-01,1999-01-01,1999-01-01,0,1,0,1,0,0,1,0,0,1,0,0,0,0,0,0,0,1,0,0,0,0,0,0,0,0,0,0,1,1,,,,,,,,,,Life.BearRecovery,Life.Bull,Life.BullRetrace,Life.BullEnd,Life.BearStart,,
2021-10-01,0.87431,,,0.87,,0.89294,0.89868,0.90044,0.90061,-0.00192,-0.00109,-0.0075,-0.00335,-0.00767,-0.00275,-0.00165,-0.00225,0.0006,0.88228,0.8934,-0.01112,-0.00407,-0.00288,-0.00118,,,-0.04,0.69,-1.02,,,,,,3.0,7.0,11.0,,,,,,0.0,0.0,0.00107,-0.00679,0.15789,13.63636,44.12203,,,,12.5,12.04545,,,8.33333,22.77778,34.52307,35.18615,,,0.02161,0.0233,,,0,0,0,-0.0,-0.0,-0.0,,,,,-0.15,,,,0.927,0.0,0.0,0.883,0.0,0.0,2021-09-08,1999-01-01,1999-01-01,2021-08-04,1999-01-01,1999-01-01,-5.68,4.98,,,,,16.0,23.0,0.0,0.0,0.0,0.0,-0.0,0.0,0.0,0.0,0.0,0.0,0.885,0.88,0.95,0.87,0.875,0.875,2021-09-24,2021-09-21,2021-09-10,2021-10-01,2021-09-22,2021-09-20,0.0,0.0,0.0,100.0,100.0,100.0,1999-01-01,1999-01-01,1999-01-01,1999-01-01,1999-01-01,1999-01-01,73800.0,430700.0,312600.0,-22.37,-22.09,-17.17,0.001,0.0,0.0,100.0,100.0,100.0,0.00099,0.0,0.0,100.0,100.0,100.0,0.0,0.0,0.0,100.0,100.0,100.0,22.727,18.182,20.0,10.0,13.636,9.524,0.0,0.0,0.0,100.0,100.0,100.0,2021-09-08,1999-01-01,1999-01-01,1999-01-01,1999-01-01,1999-01-01,8286,0,0,0,0,0,1999-01-01,1999-01-01,1999-01-01,1999-01-01,1999-01-01,1999-01-01,2021-09-24,2021-09-21,2021-09-17,2021-09-30,2021-09-22,2021-09-20,1999-01-01,1999-01-01,1999-01-01,1999-01-01,1999-01-01,1999-01-01,0,1,0,1,0,0,1,0,0,1,0,0,0,0,0,0,0,1,0,0,0,0,0,0,0,0,0,0,1,1,,,,,,,,,,Life.BearRecovery,Life.Bull,Life.BullRetrace,Life.BullEnd,Life.BearStart,,
2021-10-04,0.87415,,,,0.88,0.89194,0.89795,0.90004,0.9004,-0.00245,-0.00148,-0.0081,-0.00391,-0.00846,-0.00346,-0.00198,-0.00243,0.00045,0.88193,0.89241,-0.01048,-0.00433,-0.00317,-0.00116,,,-0.02,0.69,-1.02,,,,,,2.0,7.0,11.0,,,,,,0.01,0.0,0.00179,-0.00464,0.38462,27.77778,43.79933,,,,28.57143,17.02381,,28.571,22.22222,17.40741,33.97885,34.54273,,,0.02114,0.02288,,,0,0,0,-0.0,-0.0,0.0,,,,,-0.15,,,,0.927,0.0,0.0,0.883,0.0,0.0,2021-09-08,1999-01-01,1999-01-01,2021-08-04,1999-01-01,1999-01-01,-5.7,4.98,,,,,17.0,23.0,0.0,0.0,0.0,0.0,-0.0,0.0,0.0,0.0,0.0,0.0,0.88,0.885,0.88,0.87,0.875,0.875,2021-10-04,2021-09-24,2021-09-21,2021-10-01,2021-09-22,2021-09-20,0.0,0.0,0.0,100.0,100.0,100.0,1999-01-01,1999-01-01,1999-01-01,1999-01-01,1999-01-01,1999-01-01,430700.0,312600.0,248200.0,-22.09,-17.17,21.34,0.001,0.0,0.0,100.0,100.0,100.0,0.00099,0.0,0.0,100.0,100.0,100.0,0.0,0.0,0.0,100.0,100.0,100.0,28.571,22.727,18.182,10.0,13.636,9.524,0.0,0.0,0.0,100.0,100.0,100.0,2021-09-08,1999-01-01,1999-01-01,1999-01-01,1999-01-01,1999-01-01,8286,0,0,0,0,0,1999-01-01,1999-01-01,1999-01-01,1999-01-01,1999-01-01,1999-01-01,2021-10-04,2021-09-24,2021-09-21,2021-09-30,2021-09-22,2021-09-20,1999-01-01,1999-01-01,1999-01-01,1999-01-01,1999-01-01,1999-01-01,0,1,0,1,1,0,1,0,0,1,0,0,0,0,0,0,0,1,0,0,0,0,0,0,0,0,0,0,1,1,,,,,,,,,,Life.BearRecovery,Life.Bull,Life.BullRetrace,Life.BullEnd,Life.BearStart,,
2021-10-05,0.87418,,,0.87,,0.89025,0.89685,0.89944,0.9001,-0.00325,-0.00188,-0.00919,-0.00447,-0.00985,-0.00418,-0.0023,-0.0026,0.0003,0.8801,0.89075,-0.01065,-0.00458,-0.00346,-0.00112,,,-0.02,0.69,-1.02,,,,,,1.0,7.0,11.0,,,,,,-0.0,-0.01,0.00179,-0.00429,0.41667,29.41176,43.53142,,,,22.22222,21.09788,22.222,,22.22222,17.59259,33.53578,33.99589,,,0.02035,0.02245,,,0,0,0,-0.0,-0.0,0.0,,,,,-0.15,,,,0.927,0.0,0.0,0.883,0.0,0.0,2021-09-08,1999-01-01,1999-01-01,2021-08-04,1999-01-01,1999-01-01,-5.7,4.98,,,,,18.0,23.0,0.0,0.0,0.0,0.0,-0.0,0.0,0.0,0.0,0.0,0.0,0.88,0.885,0.88,0.87,0.87,0.875,2021-10-04,2021-09-24,2021-09-21,2021-10-05,2021-10-01,2021-09-22,0.0,0.0,0.0,100.0,100.0,100.0,1999-01-01,1999-01-01,1999-01-01,1999-01-01,1999-01-01,1999-01-01,312600.0,248200.0,149900.0,-17.17,21.34,-28.32,0.001,0.0,0.0,100.0,100.0,100.0,0.00099,0.0,0.0,100.0,100.0,100.0,0.0,0.0,0.0,100.0,100.0,100.0,28.571,22.727,18.182,22.222,10.0,13.636,0.0,0.0,0.0,100.0,100.0,100.0,2021-09-08,1999-01-01,1999-01-01,1999-01-01,1999-01-01,1999-01-01,8286,0,0,0,0,0,1999-01-01,1999-01-01,1999-01-01,1999-01-01,1999-01-01,1999-01-01,2021-10-04,2021-09-24,2021-09-21,2021-10-05,2021-09-30,2021-09-22,1999-01-01,1999-01-01,1999-01-01,1999-01-01,1999-01-01,1999-01-01,0,1,0,1,1,0,1,0,0,1,0,0,0,0,0,0,0,1,0,1,0,0,0,0,0,0,0,0,1,1,,,-149900,,,,,,p2n,Life.BearRecovery,Life.Bull,Life.BullRetrace,Life.BullEnd,Life.BearStart,,
2021-10-06,0.87449,0.874,,,,0.88908,0.896,0.89896,0.89985,-0.00385,-0.00228,-0.00988,-0.00504,-0.01077,-0.00491,-0.00262,-0.00275,0.00013,0.87931,0.88958,-0.01027,-0.0048,-0.00373,-0.00108,,,0.63,-1.02,,,,,,,7.0,11.0,,,,,,,0.005,0.0,0.00214,-0.00357,0.6,37.5,43.32113,,,,37.5,29.43122,,,33.33333,25.92593,33.20276,33.55637,,,0.01961,0.02203,,,0,0,0,-0.0,0.0,-0.0,,,,,-0.15,,,,0.927,0.0,0.0,0.874,0.883,0.0,2021-09-08,1999-01-01,1999-01-01,2021-10-06,2021-08-04,1999-01-01,0.0,-5.72,4.98,,,,0.0,19.0,23.0,0.0,0.0,0.0,0.0,-0.0,0.0,0.0,0.0,0.0,0.88,0.885,0.88,0.87,0.87,0.875,2021-10-04,2021-09-24,2021-09-21,2021-10-05,2021-10-01,2021-09-22,0.0,0.0,0.0,100.0,100.0,100.0,1999-01-01,1999-01-01,1999-01-01,1999-01-01,1999-01-01,1999-01-01,248200.0,149900.0,383300.0,21.34,-28.32,9.95,0.001,0.0,0.0,100.0,100.0,100.0,0.00099,0.0,0.0,100.0,100.0,100.0,0.0,0.0,0.0,100.0,100.0,100.0,28.571,22.727,18.182,22.222,10.0,13.636,0.0,0.0,0.0,100.0,100.0,100.0,2021-09-08,1999-01-01,1999-01-01,1999-01-01,1999-01-01,1999-01-01,8286,0,0,0,0,0,1999-01-01,1999-01-01,1999-01-01,1999-01-01,1999-01-01,1999-01-01,2021-10-04,2021-09-24,2021-09-21,2021-10-05,2021-09-30,2021-09-22,1999-01-01,1999-01-01,1999-01-01,1999-01-01,1999-01-01,1999-01-01,0,1,0,0,1,0,1,0,0,1,0,0,0,0,0,0,0,1,0,1,0,0,0,0,0,0,0,0,1,1,,,,,,,,p2n,,Life.BearRecovery,Life.Bull,Life.BullRetrace,Life.BullEnd,Life.BearStart,,
2021-10-07,0.87506,,,,0.875,0.888,0.89517,0.89848,0.8996,-0.00443,-0.0027,-0.01049,-0.0056,-0.01161,-0.00565,-0.00294,-0.0029,-4e-05,0.87865,0.8885,-0.00985,-0.005,-0.00398,-0.00102,,,0.56,-1.02,,,,,,,6.0,11.0,,,,,,,0.0,0.0,0.00214,-0.00321,0.66667,40.0,43.17084,,,,37.5,32.40741,,37.5,27.77778,27.77778,32.99215,33.23731,,,0.01892,0.02161,,,0,0,0,-0.0,-0.0,0.0,,,,,,-0.15,,,0.927,0.0,0.0,0.874,0.883,0.0,2021-09-08,1999-01-01,1999-01-01,2021-10-06,2021-08-04,1999-01-01,0.12,-5.72,4.98,,,,1.0,19.0,23.0,0.0,0.0,0.0,0.0,-0.0,0.0,0.0,0.0,0.0,0.875,0.88,0.885,0.87,0.87,0.875,2021-10-07,2021-10-04,2021-09-24,2021-10-05,2021-10-01,2021-09-22,0.0,0.0,0.0,100.0,100.0,100.0,1999-01-01,1999-01-01,1999-01-01,1999-01-01,1999-01-01,1999-01-01,149900.0,383300.0,323500.0,-28.32,9.95,9.64,0.001,0.0,0.0,100.0,100.0,100.0,0.00099,0.0,0.0,100.0,100.0,100.0,0.0,0.0,0.0,100.0,100.0,100.0,37.5,28.571,22.727,22.222,10.0,13.636,0.0,0.0,0.0,100.0,100.0,100.0,2021-09-08,1999-01-01,1999-01-01,1999-01-01,1999-01-01,1999-01-01,8286,0,0,0,0,0,1999-01-01,1999-01-01,1999-01-01,1999-01-01,1999-01-01,1999-01-01,2021-10-07,2021-10-04,2021-09-24,2021-10-05,2021-09-30,2021-09-22,1999-01-01,1999-01-01,1999-01-01,1999-01-01,1999-01-01,1999-01-01,0,1,0,0,1,0,1,0,0,1,0,0,0,0,0,0,0,1,0,1,0,0,0,0,0,0,0,0,1,1,,,,,,,p2n,,,Life.Bull,Life.BullRetrace,Life.BullEnd,Life.BearStart,Life.Bear,,
2021-10-08,0.87586,,,0.87,,0.88661,0.89419,0.89792,0.89931,-0.00512,-0.00312,-0.01131,-0.00616,-0.0127,-0.00638,-0.00326,-0.00303,-0.00023,0.87732,0.88713,-0.00981,-0.00517,-0.00422,-0.00095,,,0.47,-1.02,,,,,,,5.0,11.0,,,,,,,-0.0,-0.005,0.00214,-0.0025,0.85714,46.15385,43.08325,,,,33.33333,36.11111,33.333,,36.11111,32.40741,32.91782,33.05287,32.918,,0.01828,0.02119,,,0,0,0,0.0,0.0,0.0,,,,,,-0.15,,,0.927,0.0,0.0,0.874,0.883,0.0,2021-09-08,1999-01-01,1999-01-01,2021-10-06,2021-08-04,1999-01-01,0.21,-5.72,4.98,,,,2.0,19.0,23.0,0.0,0.0,0.0,0.0,-0.0,0.0,0.0,0.0,0.0,0.875,0.88,0.885,0.87,0.87,0.87,2021-10-07,2021-10-04,2021-09-24,2021-10-08,2021-10-05,2021-10-01,0.0,0.0,0.0,100.0,100.0,100.0,1999-01-01,1999-01-01,1999-01-01,1999-01-01,1999-01-01,1999-01-01,383300.0,323500.0,273400.0,9.95,9.64,14.42,0.001,0.0,0.0,100.0,100.0,100.0,0.00099,0.0,0.0,100.0,100.0,100.0,0.0,0.0,0.0,32.918,100.0,100.0,37.5,28.571,22.727,33.333,22.222,10.0,0.0,0.0,0.0,100.0,100.0,100.0,2021-09-08,1999-01-01,1999-01-01,1999-01-01,1999-01-01,1999-01-01,8286,0,0,0,0,0,1999-01-01,1999-01-01,1999-01-01,2021-10-08,1999-01-01,1999-01-01,2021-10-07,2021-10-04,2021-09-24,2021-10-08,2021-10-05,2021-09-30,1999-01-01,1999-01-01,1999-01-01,1999-01-01,1999-01-01,1999-01-01,0,1,0,0,1,0,0,0,0,1,0,0,0,0,1,0,0,1,0,1,0,0,0,0,0,0,0,0,1,1,,,,,,p2n,,,,Life.Bull,Life.BullRetrace,Life.BullEnd,Life.BearStart,Life.Bear,,
2021-10-11,0.87682,,,,0.885,0.88649,0.89383,0.89766,0.89917,-0.00534,-0.00355,-0.01117,-0.0067,-0.01268,-0.00711,-0.00356,-0.00315,-0.00041,0.8785,0.88697,-0.00847,-0.00532,-0.00444,-0.00087,,,0.36,-1.02,,,,,,,4.0,11.0,,,,,,,0.015,0.0,0.00286,-0.0025,1.14286,53.33333,43.05968,43.06,,,66.66667,45.83333,,66.667,47.22222,37.03704,32.9923,33.0164,,,0.01876,0.02077,,,0,0,0,0.0,-0.0,0.0,,,,,,-0.15,,,0.927,0.0,0.0,0.874,0.883,0.0,2021-09-08,1999-01-01,1999-01-01,2021-10-06,2021-08-04,1999-01-01,0.32,-5.72,4.98,,,,3.0,19.0,23.0,0.0,0.0,0.0,0.0,-0.0,0.0,0.0,0.0,0.0,0.885,0.875,0.88,0.87,0.87,0.87,2021-10-11,2021-10-07,2021-10-04,2021-10-08,2021-10-05,2021-10-01,0.0,0.0,0.0,100.0,100.0,100.0,1999-01-01,1999-01-01,1999-01-01,1999-01-01,1999-01-01,1999-01-01,323500.0,273400.0,1446900.0,9.64,14.42,108.51,0.001,0.0,0.0,100.0,100.0,100.0,0.00099,0.0,0.0,100.0,100.0,100.0,0.0,0.0,0.0,32.918,100.0,100.0,66.667,37.5,28.571,33.333,22.222,10.0,0.0,0.0,0.0,43.06,100.0,100.0,2021-09-08,1999-01-01,1999-01-01,1999-01-01,1999-01-01,1999-01-01,8286,0,0,0,0,0,1999-01-01,1999-01-01,1999-01-01,2021-10-08,1999-01-01,1999-01-01,2021-10-11,2021-10-07,2021-10-04,2021-10-08,2021-10-05,2021-09-30,1999-01-01,1999-01-01,1999-01-01,2021-10-11,1999-01-01,1999-01-01,0,1,0,0,0,1,0,0,0,1,0,0,0,0,1,0,0,1,0,1,0,0,1,0,0,0,0,0,1,1,,1446900,,,p2n,,,,p2p,Life.Bull,Life.BullRetrace,Life.BullEnd,Life.BearStart,Life.Bear,,
2021-10-12,0.87778,,,,,0.88561,0.89309,0.89722,0.89893,-0.00584,-0.00398,-0.01161,-0.00723,-0.01332,-0.00783,-0.00385,-0.00325,-0.00061,0.87796,0.88609,-0.00813,-0.00543,-0.00464,-0.00079,,,0.25,-1.02,,,,,,,3.0,11.0,,,,,,,-0.0,-0.01,0.00286,-0.00286,1.0,50.0,43.09901,,,6.94,33.33333,44.44444,,,41.66667,41.66667,33.22482,33.13863,,,0.01885,0.02035,,,0,0,0,0.0,0.0,0.0,,,,,,-0.15,,,0.927,0.0,0.0,0.874,0.883,0.0,2021-09-08,1999-01-01,1999-01-01,2021-10-06,2021-08-04,1999-01-01,0.43,-5.72,4.98,,,,4.0,19.0,23.0,0.0,0.0,0.0,0.0,-0.0,0.0,0.0,0.0,0.0,0.885,0.875,0.88,0.87,0.87,0.87,2021-10-11,2021-10-07,2021-10-04,2021-10-08,2021-10-05,2021-10-01,0.0,0.0,0.0,100.0,100.0,100.0,1999-01-01,1999-01-01,1999-01-01,1999-01-01,1999-01-01,1999-01-01,273400.0,1446900.0,265000.0,14.42,108.51,-2.86,0.001,0.0,0.0,100.0,100.0,100.0,0.00099,0.0,0.0,100.0,100.0,100.0,0.0,0.0,0.0,32.918,100.0,100.0,66.667,37.5,28.571,33.333,22.222,10.0,0.0,0.0,0.0,43.06,100.0,100.0,2021-09-08,1999-01-01,1999-01-01,1999-01-01,1999-01-01,1999-01-01,8286,0,0,0,0,0,1999-01-01,1999-01-01,1999-01-01,2021-10-08,1999-01-01,1999-01-01,2021-10-11,2021-10-07,2021-10-04,2021-10-08,2021-10-05,2021-09-30,1999-01-01,1999-01-01,1999-01-01,2021-10-11,1999-01-01,1999-01-01,0,1,0,0,0,1,0,0,0,1,0,0,0,0,1,0,0,1,0,1,0,0,1,0,0,0,0,0,1,1,,,-265000,,,,,p2p,p2n,Life.Bull,Life.BullRetrace,Life.BullEnd,Life.BearStart,Life.Bear,,
2021-10-13,0.87863,,,0.87,,0.8844,0.89218,0.89668,0.89864,-0.00645,-0.00441,-0.01227,-0.00774,-0.01423,-0.00854,-0.00413,-0.00333,-0.0008,0.87674,0.8849,-0.00816,-0.00552,-0.00482,-0.00069,,,0.16,-1.02,,,,,,,2.0,11.0,,,,,,,-0.0,-0.005,0.0025,-0.00321,0.77778,43.75,43.19937,,,0.69,16.66667,38.88889,16.667,,38.88889,42.59259,33.62174,33.42688,,,0.01786,0.01993,,,0,0,0,0.0,0.0,0.0,,,,,,-0.15,,,0.927,0.0,0.0,0.874,0.883,0.0,2021-09-08,1999-01-01,1999-01-01,2021-10-06,2021-08-04,1999-01-01,0.53,-5.72,4.98,,,,5.0,19.0,23.0,0.0,0.0,0.0,0.0,-0.0,0.0,0.0,0.0,0.0,0.885,0.875,0.88,0.87,0.87,0.87,2021-10-11,2021-10-07,2021-10-04,2021-10-13,2021-10-08,2021-10-05,0.0,0.0,0.0,100.0,100.0,100.0,1999-01-01,1999-01-01,1999-01-01,1999-01-01,1999-01-01,1999-01-01,1446900.0,265000.0,580900.0,108.51,-2.86,15.49,0.001,0.0,0.0,100.0,100.0,100.0,0.00099,0.0,0.0,100.0,100.0,100.0,0.0,0.0,0.0,32.918,100.0,100.0,66.667,37.5,28.571,16.667,33.333,22.222,0.0,0.0,0.0,43.06,100.0,100.0,2021-09-08,1999-01-01,1999-01-01,1999-01-01,1999-01-01,1999-01-01,8286,0,0,0,0,0,1999-01-01,1999-01-01,1999-01-01,2021-10-08,1999-01-01,1999-01-01,2021-10-11,2021-10-07,2021-10-04,2021-10-13,2021-10-08,2021-10-05,1999-01-01,1999-01-01,1999-01-01,2021-10-11,1999-01-01,1999-01-01,0,1,0,0,0,1,0,0,0,1,0,0,0,0,1,0,0,1,1,0,0,0,1,0,0,0,0,0,1,1,,,,,,,p2p,p2n,,Life.Bull,Life.BullRetrace,Life.BullEnd,Life.BearStart,Life.Bear,,
2021-10-14,0.87926,,,,,0.88407,0.89171,0.89635,0.89845,-0.00675,-0.00484,-0.01228,-0.00823,-0.01439,-0.00924,-0.0044,-0.00339,-0.00101,0.87724,0.88453,-0.00729,-0.00557,-0.00498,-0.00059,,,0.08,-1.02,,,,,,,1.0,11.0,,,,,,,0.01,0.0,0.00286,-0.00321,0.88889,47.05882,43.35668,,,3.99882,27.27273,25.75758,,,25.75758,35.43771,34.18762,33.8855,,,0.02016,0.01951,,,0,0,0,0.0,0.0,0.0,,,,,,-0.15,,,0.927,0.0,0.0,0.874,0.883,0.0,2021-09-08,1999-01-01,1999-01-01,2021-10-06,2021-08-04,1999-01-01,0.6,-5.72,4.98,,,,6.0,19.0,23.0,0.0,0.0,0.0,0.0,-0.0,0.0,0.0,0.0,0.0,0.885,0.875,0.88,0.87,0.87,0.87,2021-10-11,2021-10-07,2021-10-04,2021-10-13,2021-10-08,2021-10-05,0.0,0.0,0.0,100.0,100.0,100.0,1999-01-01,1999-01-01,1999-01-01,1999-01-01,1999-01-01,1999-01-01,265000.0,580900.0,2230700.0,-2.86,15.49,34.19,0.001,0.0,0.0,100.0,100.0,100.0,0.00099,0.0,0.0,100.0,100.0,100.0,0.0,0.0,0.0,32.918,100.0,100.0,66.667,37.5,28.571,16.667,33.333,22.222,0.0,0.0,0.0,43.06,100.0,100.0,2021-09-08,1999-01-01,1999-01-01,1999-01-01,1999-01-01,1999-01-01,8286,0,0,0,0,0,1999-01-01,1999-01-01,1999-01-01,2021-10-08,1999-01-01,1999-01-01,2021-10-11,2021-10-07,2021-10-04,2021-10-13,2021-10-08,2021-10-05,1999-01-01,1999-01-01,1999-01-01,2021-10-11,1999-01-01,1999-01-01,0,1,0,0,0,1,0,0,0,1,0,0,0,0,1,0,0,1,1,0,0,0,1,0,0,0,0,0,1,1,,,,,,p2p,p2n,,,Life.Bull,Life.BullRetrace,Life.BullEnd,Life.BearStart,Life.Bear,,
2021-10-15,0.87953,,0.88,,0.89,0.88452,0.89164,0.89622,0.89837,-0.00673,-0.00527,-0.0117,-0.0087,-0.01385,-0.00991,-0.00465,-0.00344,-0.00121,0.8792,0.88494,-0.00574,-0.0056,-0.00511,-0.00049,,,-0.97,,,,,,,,11.0,,,,,,,,0.01,0.0,0.00357,-0.0025,1.42857,58.82353,43.56473,,,15.76353,45.45455,29.79798,,45.455,27.9798,30.87542,34.92536,34.51669,,,0.02015,0.01909,,,0,0,0,0.0,-0.0,0.0,,,,,,-0.15,,,0.88,0.927,0.0,0.874,0.883,0.0,2021-10-15,2021-09-08,1999-01-01,2021-10-06,2021-08-04,1999-01-01,0.0,0.69,-5.72,4.98,,,0.0,7.0,19.0,23.0,0.0,0.0,0.0,0.0,-0.0,0.0,0.0,0.0,0.89,0.885,0.875,0.87,0.87,0.87,2021-10-15,2021-10-11,2021-10-07,2021-10-13,2021-10-08,2021-10-05,0.0,0.0,0.0,100.0,100.0,100.0,1999-01-01,1999-01-01,1999-01-01,1999-01-01,1999-01-01,1999-01-01,580900.0,2230700.0,455300.0,15.49,34.19,6.19,0.001,0.0,0.0,100.0,100.0,100.0,0.00099,0.0,0.0,100.0,100.0,100.0,0.0,0.0,0.0,32.918,100.0,100.0,45.455,66.667,37.5,16.667,33.333,22.222,0.0,0.0,0.0,43.06,100.0,100.0,2021-09-08,1999-01-01,1999-01-01,1999-01-01,1999-01-01,1999-01-01,8286,0,0,0,0,0,1999-01-01,1999-01-01,1999-01-01,2021-10-08,1999-01-01,1999-01-01,2021-10-15,2021-10-11,2021-10-07,2021-10-13,2021-10-08,2021-10-05,1999-01-01,1999-01-01,1999-01-01,2021-10-11,1999-01-01,1999-01-01,0,0,0,0,0,1,0,0,0,1,0,0,0,0,1,0,0,0,1,0,0,0,1,0,0,0,0,0,1,1,,,,,p2p,p2n,,,,Life.Bull,Life.BullRetrace,Life.BullEnd,Life.BearStart,Life.Bear,,
2021-10-18,0.87934,,,,,0.88456,0.89138,0.896,0.89824,-0.00686,-0.00569,-0.01144,-0.00915,-0.01368,-0.01057,-0.00488,-0.00346,-0.00142,0.88009,0.88494,-0.00485,-0.00559,-0.00522,-0.00038,,,-0.95,,,,,,,,10.0,,,,,,,,-0.0,-0.005,0.00357,-0.00286,1.25,55.55556,43.81735,,,12.49556,36.36364,36.36364,,,32.42424,28.72054,35.8355,35.32056,,,0.02014,0.01868,,,0,0,0,0.0,0.0,0.0,,,,,,-0.15,,,0.88,0.927,0.0,0.874,0.883,0.0,2021-10-15,2021-09-08,1999-01-01,2021-10-06,2021-08-04,1999-01-01,-0.07,0.69,-5.72,4.98,,,1.0,7.0,19.0,23.0,0.0,0.0,-0.0,0.0,-0.0,0.0,0.0,0.0,0.89,0.885,0.875,0.87,0.87,0.87,2021-10-15,2021-10-11,2021-10-07,2021-10-13,2021-10-08,2021-10-05,0.0,0.0,0.0,100.0,100.0,100.0,1999-01-01,1999-01-01,1999-01-01,1999-01-01,1999-01-01,1999-01-01,2230700.0,455300.0,168300.0,34.19,6.19,-12.63,0.001,0.0,0.0,100.0,100.0,100.0,0.00099,0.0,0.0,100.0,100.0,100.0,0.0,0.0,0.0,32.918,100.0,100.0,45.455,66.667,37.5,16.667,33.333,22.222,0.0,0.0,0.0,43.06,100.0,100.0,2021-09-08,1999-01-01,1999-01-01,1999-01-01,1999-01-01,1999-01-01,8286,0,0,0,0,0,1999-01-01,1999-01-01,1999-01-01,2021-10-08,1999-01-01,1999-01-01,2021-10-15,2021-10-11,2021-10-07,2021-10-13,2021-10-08,2021-10-05,1999-01-01,1999-01-01,1999-01-01,2021-10-11,1999-01-01,1999-01-01,0,0,0,0,0,1,0,0,0,1,0,0,0,0,1,0,0,0,1,0,0,0,1,0,0,0,0,0,1,1,,,,,p2n,,,,,Life.Bull,Life.BullRetrace,Life.BullEnd,Life.BearStart,Life.Bear,,
2021-10-20,0.87871,,,,,0.88459,0.89113,0.89578,0.8981,-0.00698,-0.0061,-0.01119,-0.00957,-0.01351,-0.0112,-0.0051,-0.00347,-0.00163,0.88085,0.88495,-0.0041,-0.00556,-0.0053,-0.00026,,,-0.88,,,,,,,,8.0,,,,,,,,0.0,0.0,0.00357,-0.00286,1.25,55.55556,44.10855,,,12.49556,36.36364,39.39394,,,33.33333,31.24579,36.91688,36.29519,,,0.01977,0.01826,,,0,0,0,0.0,0.0,0.0,,,,,,-0.15,,,0.88,0.927,0.0,0.874,0.883,0.0,2021-10-15,2021-09-08,1999-01-01,2021-10-06,2021-08-04,1999-01-01,-0.15,0.69,-5.72,4.98,,,2.0,7.0,19.0,23.0,0.0,0.0,-0.0,0.0,-0.0,0.0,0.0,0.0,0.89,0.885,0.875,0.87,0.87,0.87,2021-10-15,2021-10-11,2021-10-07,2021-10-13,2021-10-08,2021-10-05,0.0,0.0,0.0,100.0,100.0,100.0,1999-01-01,1999-01-01,1999-01-01,1999-01-01,1999-01-01,1999-01-01,455300.0,168300.0,482300.0,6.19,-12.63,-61.25,0.001,0.0,0.0,100.0,100.0,100.0,0.00099,0.0,0.0,100.0,100.0,100.0,0.0,0.0,0.0,32.918,100.0,100.0,45.455,66.667,37.5,16.667,33.333,22.222,0.0,0.0,0.0,43.06,100.0,100.0,2021-09-08,1999-01-01,1999-01-01,1999-01-01,1999-01-01,1999-01-01,8286,0,0,0,0,0,1999-01-01,1999-01-01,1999-01-01,2021-10-08,1999-01-01,1999-01-01,2021-10-15,2021-10-11,2021-10-07,2021-10-13,2021-10-08,2021-10-05,1999-01-01,1999-01-01,1999-01-01,2021-10-11,1999-01-01,1999-01-01,0,0,0,0,0,1,0,0,0,1,0,0,0,0,1,0,0,0,1,0,0,0,1,0,0,0,0,0,1,1,,,,482300,,,,,n2n,Life.Bull,Life.BullRetrace,Life.BullEnd,Life.BearStart,Life.Bear,,
2021-10-21,0.87766,,,,,0.88386,0.8905,0.89537,0.89787,-0.00738,-0.00651,-0.01151,-0.00996,-0.01402,-0.0118,-0.00529,-0.00346,-0.00183,0.87995,0.88421,-0.00426,-0.0055,-0.00536,-0.00015,-0.006,,-0.76,,,,,,,,7.0,,,,,,,,-0.0,-0.01,0.00357,-0.00321,1.11111,52.63158,44.43232,,,9.57158,18.18182,30.30303,,,23.33333,29.69697,38.16686,37.43709,,,0.01943,0.01785,,,0,0,0,0.0,0.0,0.0,,,,,,-0.15,,,0.88,0.927,0.0,0.874,0.883,0.0,2021-10-15,2021-09-08,1999-01-01,2021-10-06,2021-08-04,1999-01-01,-0.27,0.69,-5.72,4.98,,,3.0,7.0,19.0,23.0,0.0,0.0,-0.0,0.0,-0.0,0.0,0.0,0.0,0.89,0.885,0.875,0.87,0.87,0.87,2021-10-15,2021-10-11,2021-10-07,2021-10-13,2021-10-08,2021-10-05,0.0,0.0,0.0,100.0,100.0,100.0,1999-01-01,1999-01-01,1999-01-01,1999-01-01,1999-01-01,1999-01-01,168300.0,482300.0,354900.0,-12.63,-61.25,-9.08,0.001,0.0,0.0,-0.006,100.0,100.0,0.00099,0.0,0.0,-0.00536,100.0,100.0,0.0,0.0,0.0,32.918,100.0,100.0,45.455,66.667,37.5,16.667,33.333,22.222,0.0,0.0,0.0,43.06,100.0,100.0,2021-09-08,1999-01-01,1999-01-01,2021-10-21,1999-01-01,1999-01-01,8286,0,0,8329,0,0,1999-01-01,1999-01-01,1999-01-01,2021-10-08,1999-01-01,1999-01-01,2021-10-15,2021-10-11,2021-10-07,2021-10-13,2021-10-08,2021-10-05,1999-01-01,1999-01-01,1999-01-01,2021-10-11,1999-01-01,1999-01-01,0,0,0,0,0,1,0,0,0,1,1,0,0,0,1,0,0,0,1,0,0,0,1,0,0,0,0,0,1,0,,,,,,,,n2n,,Life.Bull,Life.BullRetrace,Life.BullEnd,Life.BearStart,Life.Bear,,
2021-10-22,0.87629,,,,,0.88317,0.88989,0.89497,0.89765,-0.00776,-0.00691,-0.01179,-0.01033,-0.01447,-0.01238,-0.00547,-0.00343,-0.00204,0.87919,0.88353,-0.00434,-0.00542,-0.00539,-3e-05,,,-0.6,,,,,,,,6.0,,,,,,,,0.0,0.0,0.00357,-0.00321,1.11111,52.63158,44.78311,,,9.57158,18.18182,24.24242,,,18.88889,25.18519,39.58156,38.74209,,,0.0184,0.01744,,,0,0,0,0.0,0.0,0.0,,,,,,-0.15,,,0.88,0.927,0.0,0.874,0.883,0.0,2021-10-15,2021-09-08,1999-01-01,2021-10-06,2021-08-04,1999-01-01,-0.42,0.69,-5.72,4.98,,,4.0,7.0,19.0,23.0,0.0,0.0,-0.0,0.0,-0.0,0.0,0.0,0.0,0.89,0.885,0.875,0.87,0.87,0.87,2021-10-15,2021-10-11,2021-10-07,2021-10-13,2021-10-08,2021-10-05,0.0,0.0,0.0,100.0,100.0,100.0,1999-01-01,1999-01-01,1999-01-01,1999-01-01,1999-01-01,1999-01-01,482300.0,354900.0,238900.0,-61.25,-9.08,7.02,0.001,0.0,0.0,-0.006,100.0,100.0,0.00099,0.0,0.0,-0.00536,100.0,100.0,0.0,0.0,0.0,32.918,100.0,100.0,45.455,66.667,37.5,16.667,33.333,22.222,0.0,0.0,0.0,43.06,100.0,100.0,2021-09-08,1999-01-01,1999-01-01,2021-10-21,1999-01-01,1999-01-01,8286,0,0,8329,0,0,1999-01-01,1999-01-01,1999-01-01,2021-10-08,1999-01-01,1999-01-01,2021-10-15,2021-10-11,2021-10-07,2021-10-13,2021-10-08,2021-10-05,1999-01-01,1999-01-01,1999-01-01,2021-10-11,1999-01-01,1999-01-01,0,0,0,0,0,1,0,0,0,1,1,0,0,0,1,0,0,0,1,0,0,0,1,0,0,0,0,0,1,0,,,,,,,n2n,,,Life.Bull,Life.BullRetrace,Life.BullEnd,Life.BearStart,Life.Bear,,
2021-10-25,0.87476,,,,,0.88255,0.8893,0.89457,0.89742,-0.00812,-0.0073,-0.01202,-0.01067,-0.01488,-0.01292,-0.00563,-0.00338,-0.00225,0.87854,0.8829,-0.00435,-0.00531,-0.0054,8e-05,,,-0.43,,,,,,,,5.0,,,,,,,,0.0,0.0,0.00286,-0.00321,0.88889,47.05882,45.15505,,,3.99882,18.18182,18.18182,,,14.44444,18.88889,41.15629,40.20532,,,0.01744,0.01703,,,0,0,0,0.0,0.0,0.0,,,,,,-0.15,,,0.88,0.927,0.0,0.874,0.883,0.0,2021-10-15,2021-09-08,1999-01-01,2021-10-06,2021-08-04,1999-01-01,-0.6,0.69,-5.72,4.98,,,5.0,7.0,19.0,23.0,0.0,0.0,-0.0,0.0,-0.0,0.0,0.0,0.0,0.89,0.885,0.875,0.87,0.87,0.87,2021-10-15,2021-10-11,2021-10-07,2021-10-13,2021-10-08,2021-10-05,0.0,0.0,0.0,100.0,100.0,100.0,1999-01-01,1999-01-01,1999-01-01,1999-01-01,1999-01-01,1999-01-01,354900.0,238900.0,102000.0,-9.08,7.02,-35.34,0.001,0.0,0.0,-0.006,100.0,100.0,0.00099,0.0,0.0,-0.00536,100.0,100.0,0.0,0.0,0.0,32.918,100.0,100.0,45.455,66.667,37.5,16.667,33.333,22.222,0.0,0.0,0.0,43.06,100.0,100.0,2021-09-08,1999-01-01,1999-01-01,2021-10-21,1999-01-01,1999-01-01,8286,0,0,8329,0,0,1999-01-01,1999-01-01,1999-01-01,2021-10-08,1999-01-01,1999-01-01,2021-10-15,2021-10-11,2021-10-07,2021-10-13,2021-10-08,2021-10-05,1999-01-01,1999-01-01,1999-01-01,2021-10-11,1999-01-01,1999-01-01,0,0,0,0,0,1,0,0,0,1,1,0,0,0,1,0,0,0,1,0,0,0,1,0,0,0,0,0,1,0,,,102000,,,n2n,,,p2n,Life.Bull,Life.BullRetrace,Life.BullEnd,Life.BearStart,Life.Bear,,
2021-10-26,0.87323,,,,,0.88158,0.88855,0.89408,0.89715,-0.0086,-0.00768,-0.0125,-0.01099,-0.01557,-0.01344,-0.00577,-0.00331,-0.00246,0.87723,0.88194,-0.00471,-0.00519,-0.00538,0.00019,,,-0.26,,,,,,,,4.0,,,,,,,,-0.0,-0.005,0.00286,-0.00286,1.0,50.0,45.54228,,,6.94,9.09091,15.15152,,,11.11111,14.81481,42.88551,41.82049,,,0.01691,0.01663,,,0,0,0,0.0,0.0,0.0,,,,,,-0.15,,,0.88,0.927,0.0,0.874,0.883,0.0,2021-10-15,2021-09-08,1999-01-01,2021-10-06,2021-08-04,1999-01-01,-0.77,0.69,-5.72,4.98,,,6.0,7.0,19.0,23.0,0.0,0.0,-0.0,0.0,-0.0,0.0,0.0,0.0,0.89,0.885,0.875,0.87,0.87,0.87,2021-10-15,2021-10-11,2021-10-07,2021-10-13,2021-10-08,2021-10-05,0.0,0.0,0.0,100.0,100.0,100.0,1999-01-01,1999-01-01,1999-01-01,1999-01-01,1999-01-01,1999-01-01,238900.0,102000.0,354800.0,7.02,-35.34,-0.01,0.001,0.0,0.0,-0.006,100.0,100.0,0.00099,0.0,0.0,-0.00536,100.0,100.0,0.0,0.0,0.0,32.918,100.0,100.0,45.455,66.667,37.5,16.667,33.333,22.222,0.0,0.0,0.0,43.06,100.0,100.0,2021-09-08,1999-01-01,1999-01-01,2021-10-21,1999-01-01,1999-01-01,8286,0,0,8329,0,0,1999-01-01,1999-01-01,1999-01-01,2021-10-08,1999-01-01,1999-01-01,2021-10-15,2021-10-11,2021-10-07,2021-10-13,2021-10-08,2021-10-05,1999-01-01,1999-01-01,1999-01-01,2021-10-11,1999-01-01,1999-01-01,0,0,0,0,0,1,0,0,0,1,1,0,0,0,1,0,0,0,1,0,0,0,1,0,0,0,0,0,1,0,,,,,n2n,,,p2n,,Life.Bull,Life.BullRetrace,Life.BullEnd,Life.BearStart,Life.Bear,,
2021-10-27,0.872,,,,,0.88069,0.88782,0.89361,0.89688,-0.00906,-0.00805,-0.01292,-0.01127,-0.01619,-0.01394,-0.00589,-0.00323,-0.00266,0.87612,0.88106,-0.00494,-0.00504,-0.00534,0.0003,,,-0.11,,,,,,,,3.0,,,,,,,,0.0,0.0,0.0025,-0.00286,0.875,46.66667,45.9397,,,3.60667,9.09091,12.12121,,,5.55556,10.37037,44.76198,43.57947,,,0.01606,0.01623,,,0,0,0,0.0,0.0,0.0,,,,,,-0.15,,,0.88,0.927,0.0,0.874,0.883,0.0,2021-10-15,2021-09-08,1999-01-01,2021-10-06,2021-08-04,1999-01-01,-0.91,0.69,-5.72,4.98,,,7.0,7.0,19.0,23.0,0.0,0.0,-0.0,0.0,-0.0,0.0,0.0,0.0,0.89,0.885,0.875,0.87,0.87,0.87,2021-10-15,2021-10-11,2021-10-07,2021-10-13,2021-10-08,2021-10-05,0.0,0.0,0.0,100.0,100.0,100.0,1999-01-01,1999-01-01,1999-01-01,1999-01-01,1999-01-01,1999-01-01,102000.0,354800.0,153000.0,-35.34,-0.01,-12.35,0.001,0.0,0.0,-0.006,100.0,100.0,0.00099,0.0,0.0,-0.00536,100.0,100.0,0.0,0.0,0.0,32.918,100.0,100.0,45.455,66.667,37.5,16.667,33.333,22.222,0.0,0.0,0.0,43.06,100.0,100.0,2021-09-08,1999-01-01,1999-01-01,2021-10-21,1999-01-01,1999-01-01,8286,0,0,8329,0,0,1999-01-01,1999-01-01,1999-01-01,2021-10-08,1999-01-01,1999-01-01,2021-10-15,2021-10-11,2021-10-07,2021-10-13,2021-10-08,2021-10-05,1999-01-01,1999-01-01,1999-01-01,2021-10-11,1999-01-01,1999-01-01,0,0,0,0,0,1,0,0,0,1,1,0,0,0,1,0,0,0,1,0,0,0,1,0,0,0,0,0,1,0,,,,,,,p2n,,,Life.Bull,Life.BullRetrace,Life.BullEnd,Life.BearStart,Life.Bear,,
2021-10-28,0.87125,,,,,0.87987,0.88712,0.89314,0.89661,-0.00949,-0.00841,-0.01327,-0.01153,-0.01674,-0.0144,-0.00599,-0.00313,-0.00286,0.87518,0.88024,-0.00506,-0.00487,-0.00527,0.00041,,,-0.03,,,,,,,,2.0,,,,,,,,0.0,0.0,0.0025,-0.00286,0.875,46.66667,46.34142,,,3.60667,9.09091,9.09091,,,0.0,5.55556,46.77645,45.47272,,,0.01527,0.01583,,,0,0,0,0.0,0.0,0.0,,,,,,-0.15,,,0.88,0.927,0.0,0.874,0.883,0.0,2021-10-15,2021-09-08,1999-01-01,2021-10-06,2021-08-04,1999-01-01,-0.99,0.69,-5.72,4.98,,,8.0,7.0,19.0,23.0,0.0,0.0,-0.0,0.0,-0.0,0.0,0.0,0.0,0.89,0.885,0.875,0.87,0.87,0.87,2021-10-15,2021-10-11,2021-10-07,2021-10-13,2021-10-08,2021-10-05,0.0,0.0,0.0,100.0,100.0,100.0,1999-01-01,1999-01-01,1999-01-01,1999-01-01,1999-01-01,1999-01-01,354800.0,153000.0,43800.0,-0.01,-12.35,-9.54,0.001,0.0,0.0,-0.006,100.0,100.0,0.00099,0.0,0.0,-0.00536,100.0,100.0,0.0,0.0,0.0,32.918,100.0,100.0,45.455,66.667,37.5,16.667,33.333,22.222,0.0,0.0,0.0,43.06,100.0,100.0,2021-09-08,1999-01-01,1999-01-01,2021-10-21,1999-01-01,1999-01-01,8286,0,0,8329,0,0,1999-01-01,1999-01-01,1999-01-01,2021-10-08,1999-01-01,1999-01-01,2021-10-15,2021-10-11,2021-10-07,2021-10-13,2021-10-08,2021-10-05,1999-01-01,1999-01-01,1999-01-01,2021-10-11,1999-01-01,1999-01-01,0,0,0,0,0,1,0,0,0,1,1,0,0,0,1,0,0,0,1,0,0,0,1,0,0,0,0,0,1,0,,,,,,p2n,,,,Life.Bull,Life.BullRetrace,Life.BullEnd,Life.BearStart,Life.Bear,,
2021-10-29,0.871,,,,,0.87911,0.88645,0.89268,0.89635,-0.0099,-0.00875,-0.01357,-0.01177,-0.01724,-0.01483,-0.00607,-0.00301,-0.00306,0.87438,0.87948,-0.0051,-0.00468,-0.00519,0.00051,,,-0.0,,,,,,,,1.0,,,,,,,,0.0,0.0,0.0025,-0.0025,1.0,50.0,46.74087,,,6.94,0.0,6.06061,,,0.0,1.85185,48.91839,47.4903,,,0.01454,0.01543,,,0,0,0,0.0,0.0,0.0,,,,,,-0.15,,,0.88,0.927,0.0,0.874,0.883,0.0,2021-10-15,2021-09-08,1999-01-01,2021-10-06,2021-08-04,1999-01-01,-1.02,0.69,-5.72,4.98,,,9.0,7.0,19.0,23.0,0.0,0.0,-0.0,0.0,-0.0,0.0,0.0,0.0,0.89,0.885,0.875,0.87,0.87,0.87,2021-10-15,2021-10-11,2021-10-07,2021-10-13,2021-10-08,2021-10-05,0.0,0.0,0.0,100.0,100.0,100.0,1999-01-01,1999-01-01,1999-01-01,1999-01-01,1999-01-01,1999-01-01,153000.0,43800.0,342500.0,-12.35,-9.54,-2.23,0.001,0.0,0.0,-0.006,100.0,100.0,0.00099,0.0,0.0,-0.00536,100.0,100.0,0.0,0.0,0.0,32.918,100.0,100.0,45.455,66.667,37.5,16.667,33.333,22.222,0.0,0.0,0.0,43.06,100.0,100.0,2021-09-08,1999-01-01,1999-01-01,2021-10-21,1999-01-01,1999-01-01,8286,0,0,8329,0,0,1999-01-01,1999-01-01,1999-01-01,2021-10-08,1999-01-01,1999-01-01,2021-10-15,2021-10-11,2021-10-07,2021-10-13,2021-10-08,2021-10-05,1999-01-01,1999-01-01,1999-01-01,2021-10-11,1999-01-01,1999-01-01,0,0,0,0,0,1,0,0,0,1,1,0,0,0,1,0,0,0,1,0,0,0,1,0,0,0,0,0,1,0,,,,,p2n,,,,,Life.Bull,Life.BullRetrace,Life.BullEnd,Life.BearStart,Life.Bear,,
2021-11-01,0.87117,0.871,,0.865,,0.87802,0.88561,0.89213,0.89603,-0.01043,-0.00909,-0.01411,-0.01198,-0.01801,-0.01523,-0.00614,-0.00289,-0.00325,0.87294,0.87841,-0.00547,-0.00448,-0.00508,0.0006,,,,,,,,,,,,,,,,,,,-0.0,-0.005,0.00143,-0.00286,0.5,33.33333,47.13143,,,-9.72667,0.0,3.0303,0.0,,0.0,0.0,51.17664,49.62208,,,0.01385,0.01504,,,0,0,0,0.0,0.0,0.0,,,,,,-0.15,,,0.88,0.927,0.0,0.871,0.874,0.883,2021-10-15,2021-09-08,1999-01-01,2021-11-01,2021-10-06,2021-08-04,0.0,-1.02,0.69,-5.72,4.98,,0.0,10.0,7.0,19.0,23.0,0.0,0.0,-0.0,0.0,-0.0,0.0,0.0,0.89,0.885,0.875,0.865,0.87,0.87,2021-10-15,2021-10-11,2021-10-07,2021-11-01,2021-10-13,2021-10-08,0.0,0.0,0.0,100.0,100.0,100.0,1999-01-01,1999-01-01,1999-01-01,1999-01-01,1999-01-01,1999-01-01,43800.0,342500.0,343400.0,-9.54,-2.23,35.3,0.001,0.0,0.0,-0.006,100.0,100.0,0.00099,0.0,0.0,-0.00536,100.0,100.0,0.0,0.0,0.0,32.918,100.0,100.0,45.455,66.667,37.5,0.0,16.667,33.333,0.0,0.0,0.0,43.06,100.0,100.0,2021-09-08,1999-01-01,1999-01-01,2021-10-21,1999-01-01,1999-01-01,8286,0,0,8329,0,0,1999-01-01,1999-01-01,1999-01-01,2021-10-08,1999-01-01,1999-01-01,2021-10-15,2021-10-11,2021-10-07,2021-11-01,2021-10-13,2021-10-08,1999-01-01,1999-01-01,1999-01-01,2021-10-11,1999-01-01,1999-01-01,0,0,1,0,0,1,1,0,0,1,1,0,0,0,1,0,0,0,1,0,0,0,1,0,0,0,0,0,1,0,,,,,,,,,,Life.Bull,Life.BullRetrace,Life.BullEnd,Life.BearStart,Life.Bear,,
2021-11-02,0.87163,,,,,0.87741,0.885,0.89169,0.89577,-0.01078,-0.00942,-0.01429,-0.01216,-0.01837,-0.01561,-0.00619,-0.00274,-0.00345,0.87248,0.87778,-0.0053,-0.00427,-0.00496,0.00069,,,,,,,,,,,,,,,,,,,0.005,0.0,0.00179,-0.00214,0.83333,45.45455,47.50732,,,2.39455,9.09091,3.0303,,,16.66667,5.55556,53.53976,51.85754,,,0.01322,0.01465,,,0,0,0,0.0,0.0,0.0,,,,,,-0.15,,,0.88,0.927,0.0,0.871,0.874,0.883,2021-10-15,2021-09-08,1999-01-01,2021-11-01,2021-10-06,2021-08-04,0.07,-1.02,0.69,-5.72,4.98,,1.0,10.0,7.0,19.0,23.0,0.0,0.0,-0.0,0.0,-0.0,0.0,0.0,0.89,0.885,0.875,0.865,0.87,0.87,2021-10-15,2021-10-11,2021-10-07,2021-11-01,2021-10-13,2021-10-08,0.0,0.0,0.0,100.0,100.0,100.0,1999-01-01,1999-01-01,1999-01-01,1999-01-01,1999-01-01,1999-01-01,342500.0,343400.0,114000.0,-2.23,35.3,9.62,0.001,0.0,0.0,-0.006,100.0,100.0,0.00099,0.0,0.0,-0.00536,100.0,100.0,0.0,0.0,0.0,32.918,100.0,100.0,45.455,66.667,37.5,0.0,16.667,33.333,0.0,0.0,0.0,43.06,100.0,100.0,2021-09-08,1999-01-01,1999-01-01,2021-10-21,1999-01-01,1999-01-01,8286,0,0,8329,0,0,1999-01-01,1999-01-01,1999-01-01,2021-10-08,1999-01-01,1999-01-01,2021-10-15,2021-10-11,2021-10-07,2021-11-01,2021-10-13,2021-10-08,1999-01-01,1999-01-01,1999-01-01,2021-10-11,1999-01-01,1999-01-01,0,0,1,0,0,1,1,0,0,1,1,0,0,0,1,0,0,0,1,0,0,0,1,0,0,0,0,0,1,0,,,,,,,,,,Life.Bull,Life.BullRetrace,Life.BullEnd,Life.BearStart,Life.Bear,,
2021-11-03,0.87228,,,,,0.87684,0.88441,0.89127,0.89552,-0.01111,-0.00974,-0.01443,-0.01233,-0.01868,-0.01596,-0.00622,-0.00259,-0.00363,0.8721,0.87721,-0.0051,-0.00405,-0.00482,0.00077,,,,,,,,,,,,,,,,,,,0.0,0.0,0.00179,-0.00179,1.0,50.0,47.86518,,,6.94,9.09091,6.06061,,,33.33333,16.66667,55.99598,54.18572,,,0.01263,0.01426,,,0,0,0,0.0,0.0,0.0,,,,,,-0.15,,,0.88,0.927,0.0,0.871,0.874,0.883,2021-10-15,2021-09-08,1999-01-01,2021-11-01,2021-10-06,2021-08-04,0.15,-1.02,0.69,-5.72,4.98,,2.0,10.0,7.0,19.0,23.0,0.0,0.0,-0.0,0.0,-0.0,0.0,0.0,0.89,0.885,0.875,0.865,0.87,0.87,2021-10-15,2021-10-11,2021-10-07,2021-11-01,2021-10-13,2021-10-08,0.0,0.0,0.0,100.0,100.0,100.0,1999-01-01,1999-01-01,1999-01-01,1999-01-01,1999-01-01,1999-01-01,343400.0,114000.0,60000.0,35.3,9.62,-35.32,0.001,0.0,0.0,-0.006,100.0,100.0,0.00099,0.0,0.0,-0.00536,100.0,100.0,0.0,0.0,0.0,32.918,100.0,100.0,45.455,66.667,37.5,0.0,16.667,33.333,0.0,0.0,0.0,43.06,100.0,100.0,2021-09-08,1999-01-01,1999-01-01,2021-10-21,1999-01-01,1999-01-01,8286,0,0,8329,0,0,1999-01-01,1999-01-01,1999-01-01,2021-10-08,1999-01-01,1999-01-01,2021-10-15,2021-10-11,2021-10-07,2021-11-01,2021-10-13,2021-10-08,1999-01-01,1999-01-01,1999-01-01,2021-10-11,1999-01-01,1999-01-01,0,0,1,0,0,1,1,0,0,1,1,0,0,0,1,0,0,0,1,0,0,0,1,0,0,0,0,0,1,0,,,60000,,,,,,p2n,Life.Bull,Life.BullRetrace,Life.BullEnd,Life.BearStart,Life.Bear,,
2021-11-05,0.87301,,,,0.88,0.87708,0.88424,0.89104,0.89536,-0.01113,-0.01005,-0.01396,-0.01248,-0.01828,-0.01629,-0.00624,-0.00243,-0.00382,0.87332,0.87741,-0.0041,-0.00382,-0.00467,0.00085,,,,,,,,,,,,,,,,,,,0.01,0.0,0.00179,-0.00179,1.0,50.0,48.20463,,,6.94,42.85714,20.34632,,42.857,66.66667,38.88889,58.53465,56.59595,,,0.01245,0.01388,,,0,0,0,0.0,0.0,0.0,,,,,,-0.15,,,0.88,0.927,0.0,0.871,0.874,0.883,2021-10-15,2021-09-08,1999-01-01,2021-11-01,2021-10-06,2021-08-04,0.23,-1.02,0.69,-5.72,4.98,,3.0,10.0,7.0,19.0,23.0,0.0,0.0,-0.0,0.0,-0.0,0.0,0.0,0.88,0.89,0.885,0.865,0.87,0.87,2021-11-05,2021-10-15,2021-10-11,2021-11-01,2021-10-13,2021-10-08,0.0,0.0,0.0,100.0,100.0,100.0,1999-01-01,1999-01-01,1999-01-01,1999-01-01,1999-01-01,1999-01-01,114000.0,60000.0,129000.0,9.62,-35.32,-41.44,0.001,0.0,0.0,-0.006,100.0,100.0,0.00099,0.0,0.0,-0.00536,100.0,100.0,0.0,0.0,0.0,32.918,100.0,100.0,42.857,45.455,66.667,0.0,16.667,33.333,0.0,0.0,0.0,43.06,100.0,100.0,2021-09-08,1999-01-01,1999-01-01,2021-10-21,1999-01-01,1999-01-01,8286,0,0,8329,0,0,1999-01-01,1999-01-01,1999-01-01,2021-10-08,1999-01-01,1999-01-01,2021-11-05,2021-10-15,2021-10-11,2021-11-01,2021-10-13,2021-10-08,1999-01-01,1999-01-01,1999-01-01,2021-10-11,1999-01-01,1999-01-01,0,0,1,0,1,0,1,0,0,1,1,0,0,0,1,0,1,0,1,0,0,0,1,0,0,0,0,0,1,0,,,,,,,,p2n,,Life.Bull,Life.BullRetrace,Life.BullEnd,Life.BearStart,Life.Bear,,
2021-11-08,0.8737,,,,,0.87692,0.88387,0.89072,0.89516,-0.01129,-0.01036,-0.0138,-0.01261,-0.01824,-0.01661,-0.00625,-0.00225,-0.004,0.87358,0.87724,-0.00366,-0.00359,-0.0045,0.00091,,,,,,,,,,,,,,,,,,,-0.0,-0.005,0.00107,-0.00214,0.5,33.33333,48.52709,,,-9.72667,28.57143,26.83983,28.571,,72.22222,57.40741,61.14707,59.07874,,,0.01191,0.0135,,,0,0,0,0.0,0.0,0.0,,,,,,-0.15,,,0.88,0.927,0.0,0.871,0.874,0.883,2021-10-15,2021-09-08,1999-01-01,2021-11-01,2021-10-06,2021-08-04,0.31,-1.02,0.69,-5.72,4.98,,4.0,10.0,7.0,19.0,23.0,0.0,0.0,-0.0,0.0,-0.0,0.0,0.0,0.88,0.89,0.885,0.865,0.87,0.87,2021-11-05,2021-10-15,2021-10-11,2021-11-01,2021-10-13,2021-10-08,0.0,0.0,0.0,100.0,100.0,100.0,1999-01-01,1999-01-01,1999-01-01,1999-01-01,1999-01-01,1999-01-01,60000.0,129000.0,153000.0,-35.32,-41.44,12.87,0.001,0.0,0.0,-0.006,100.0,100.0,0.00099,0.0,0.0,-0.00536,100.0,100.0,0.0,0.0,0.0,32.918,100.0,100.0,42.857,45.455,66.667,28.571,0.0,16.667,0.0,0.0,0.0,43.06,100.0,100.0,2021-09-08,1999-01-01,1999-01-01,2021-10-21,1999-01-01,1999-01-01,8286,0,0,8329,0,0,1999-01-01,1999-01-01,1999-01-01,2021-10-08,1999-01-01,1999-01-01,2021-11-05,2021-10-15,2021-10-11,2021-11-08,2021-11-01,2021-10-13,1999-01-01,1999-01-01,1999-01-01,2021-10-11,1999-01-01,1999-01-01,0,0,1,0,1,0,1,0,0,1,1,0,0,0,1,0,1,0,0,1,0,0,1,0,0,0,0,0,1,0,-153000,,,,,,p2n,,n2p,Life.Bull,Life.BullRetrace,Life.BullEnd,Life.BearStart,Life.Bear,,
2021-11-09,0.87429,,,,,0.87677,0.88353,0.89041,0.89496,-0.01144,-0.01065,-0.01364,-0.01273,-0.01819,-0.0169,-0.00625,-0.00208,-0.00417,0.8738,0.87707,-0.00327,-0.00335,-0.00432,0.00097,,,,,,,,,,,,,,,,,,,0.0,0.0,0.00107,-0.00179,0.6,37.5,48.83557,,,-5.56,50.0,40.47619,,,77.77778,72.22222,63.82574,61.62509,,,0.01213,0.01312,,,0,0,0,0.0,0.0,0.0,,,,,,-0.15,,,0.88,0.927,0.0,0.871,0.874,0.883,2021-10-15,2021-09-08,1999-01-01,2021-11-01,2021-10-06,2021-08-04,0.38,-1.02,0.69,-5.72,4.98,,5.0,10.0,7.0,19.0,23.0,0.0,0.0,-0.0,0.0,-0.0,0.0,0.0,0.88,0.89,0.885,0.865,0.87,0.87,2021-11-05,2021-10-15,2021-10-11,2021-11-01,2021-10-13,2021-10-08,0.0,0.0,0.0,100.0,100.0,100.0,1999-01-01,1999-01-01,1999-01-01,1999-01-01,1999-01-01,1999-01-01,129000.0,153000.0,572900.0,-41.44,12.87,149.97,0.001,0.0,0.0,-0.006,100.0,100.0,0.00099,0.0,0.0,-0.00536,100.0,100.0,0.0,0.0,0.0,32.918,100.0,100.0,42.857,45.455,66.667,28.571,0.0,16.667,0.0,0.0,0.0,43.06,100.0,100.0,2021-09-08,1999-01-01,1999-01-01,2021-10-21,1999-01-01,1999-01-01,8286,0,0,8329,0,0,1999-01-01,1999-01-01,1999-01-01,2021-10-08,1999-01-01,1999-01-01,2021-11-05,2021-10-15,2021-10-11,2021-11-08,2021-11-01,2021-10-13,1999-01-01,1999-01-01,1999-01-01,2021-10-11,1999-01-01,1999-01-01,0,0,1,0,1,0,1,0,0,1,1,0,0,0,1,0,1,0,0,1,0,0,1,0,0,0,0,0,1,0,,572900,,,,p2n,,n2p,p2p,Life.Bull,Life.BullRetrace,Life.BullEnd,Life.BearStart,Life.Bear,,
2021-11-10,0.87472,,,,,0.87664,0.88319,0.89011,0.89476,-0.01157,-0.01095,-0.01347,-0.01284,-0.01813,-0.01718,-0.00623,-0.00189,-0.00434,0.87398,0.87692,-0.00294,-0.00311,-0.00414,0.00103,,,,,,,,,,,,,,,,,,,0.0,0.0,0.00107,-0.00179,0.6,37.5,49.13404,,,-5.56,60.0,46.19048,,,69.44444,73.14815,66.56253,64.2251,,,0.0127,0.01275,,,0,0,0,0.0,-0.0,0.0,,,,,,-0.15,,,0.88,0.927,0.0,0.871,0.874,0.883,2021-10-15,2021-09-08,1999-01-01,2021-11-01,2021-10-06,2021-08-04,0.43,-1.02,0.69,-5.72,4.98,,6.0,10.0,7.0,19.0,23.0,0.0,0.0,-0.0,0.0,-0.0,0.0,0.0,0.88,0.89,0.885,0.865,0.87,0.87,2021-11-05,2021-10-15,2021-10-11,2021-11-01,2021-10-13,2021-10-08,0.0,0.0,0.0,100.0,100.0,100.0,1999-01-01,1999-01-01,1999-01-01,1999-01-01,1999-01-01,1999-01-01,153000.0,572900.0,368900.0,12.87,149.97,28.06,0.001,0.0,0.0,-0.006,100.0,100.0,0.00099,0.0,0.0,-0.00536,100.0,100.0,0.0,0.0,0.0,32.918,100.0,100.0,42.857,45.455,66.667,28.571,0.0,16.667,0.0,0.0,0.0,43.06,100.0,100.0,2021-09-08,1999-01-01,1999-01-01,2021-10-21,1999-01-01,1999-01-01,8286,0,0,8329,0,0,1999-01-01,1999-01-01,1999-01-01,2021-10-08,1999-01-01,1999-01-01,2021-11-05,2021-10-15,2021-10-11,2021-11-08,2021-11-01,2021-10-13,1999-01-01,1999-01-01,1999-01-01,2021-10-11,1999-01-01,1999-01-01,0,0,1,0,1,0,1,0,0,1,1,0,0,0,1,0,1,0,0,1,0,0,1,0,0,0,0,0,1,0,,,,,p2n,,n2p,p2p,,Life.Bull,Life.BullRetrace,Life.BullEnd,Life.BearStart,Life.Bear,,
2021-11-11,0.87496,,,,,0.87651,0.88287,0.88981,0.89457,-0.0117,-0.01124,-0.0133,-0.01294,-0.01806,-0.01745,-0.00621,-0.0017,-0.00451,0.87414,0.87677,-0.00264,-0.00286,-0.00394,0.00108,,,,,,,,,,,,,,,,,,,0.0,0.0,0.00107,-0.00107,1.0,50.0,49.42584,,,6.94,75.0,61.66667,,,72.22222,73.14815,69.34669,66.86699,,,0.01215,0.01238,,,0,0,0,0.0,0.0,0.0,,,,,,-0.15,,,0.88,0.927,0.0,0.871,0.874,0.883,2021-10-15,2021-09-08,1999-01-01,2021-11-01,2021-10-06,2021-08-04,0.45,-1.02,0.69,-5.72,4.98,,7.0,10.0,7.0,19.0,23.0,0.0,0.0,-0.0,0.0,-0.0,0.0,0.0,0.88,0.89,0.885,0.865,0.87,0.87,2021-11-05,2021-10-15,2021-10-11,2021-11-01,2021-10-13,2021-10-08,0.0,0.0,0.0,100.0,100.0,100.0,1999-01-01,1999-01-01,1999-01-01,1999-01-01,1999-01-01,1999-01-01,572900.0,368900.0,66700.0,149.97,28.06,-7.88,0.001,0.0,0.0,-0.006,100.0,100.0,0.00099,0.0,0.0,-0.00536,100.0,100.0,0.0,0.0,0.0,32.918,100.0,100.0,42.857,45.455,66.667,28.571,0.0,16.667,0.0,0.0,0.0,43.06,100.0,100.0,2021-09-08,1999-01-01,1999-01-01,2021-10-21,1999-01-01,1999-01-01,8286,0,0,8329,0,0,1999-01-01,1999-01-01,1999-01-01,2021-10-08,1999-01-01,1999-01-01,2021-11-05,2021-10-15,2021-10-11,2021-11-08,2021-11-01,2021-10-13,1999-01-01,1999-01-01,1999-01-01,2021-10-11,1999-01-01,1999-01-01,0,0,1,0,1,0,1,0,0,1,1,0,0,0,1,0,1,0,0,1,0,0,1,0,0,0,0,0,1,0,,,,,,n2p,p2p,,,Life.Bull,Life.BullRetrace,Life.BullEnd,Life.BearStart,Life.Bear,,
2021-11-12,0.87501,,,,,0.87639,0.88256,0.88952,0.89437,-0.01181,-0.01152,-0.01312,-0.01303,-0.01798,-0.01772,-0.00619,-0.00151,-0.00468,0.87427,0.87664,-0.00237,-0.00262,-0.00375,0.00113,,,,,,,,,,,,,,,,,,,0.0,0.0,0.00107,-0.00107,1.0,50.0,49.71364,,,6.94,75.0,70.0,,,75.0,72.22222,72.16454,69.53741,,,0.01164,0.01201,,,0,0,0,0.0,0.0,0.0,,,,,,-0.15,,,0.88,0.927,0.0,0.871,0.874,0.883,2021-10-15,2021-09-08,1999-01-01,2021-11-01,2021-10-06,2021-08-04,0.46,-1.02,0.69,-5.72,4.98,,8.0,10.0,7.0,19.0,23.0,0.0,0.0,-0.0,0.0,-0.0,0.0,0.0,0.88,0.89,0.885,0.865,0.87,0.87,2021-11-05,2021-10-15,2021-10-11,2021-11-01,2021-10-13,2021-10-08,0.0,0.0,0.0,100.0,100.0,100.0,1999-01-01,1999-01-01,1999-01-01,1999-01-01,1999-01-01,1999-01-01,368900.0,66700.0,188200.0,28.06,-7.88,-38.15,0.001,0.0,0.0,-0.006,100.0,100.0,0.00099,0.0,0.0,-0.00536,100.0,100.0,0.0,0.0,0.0,32.918,100.0,100.0,42.857,45.455,66.667,28.571,0.0,16.667,0.0,0.0,0.0,43.06,100.0,100.0,2021-09-08,1999-01-01,1999-01-01,2021-10-21,1999-01-01,1999-01-01,8286,0,0,8329,0,0,1999-01-01,1999-01-01,1999-01-01,2021-10-08,1999-01-01,1999-01-01,2021-11-05,2021-10-15,2021-10-11,2021-11-08,2021-11-01,2021-10-13,1999-01-01,1999-01-01,1999-01-01,2021-10-11,1999-01-01,1999-01-01,0,0,1,0,1,0,1,0,0,1,1,0,0,0,1,0,1,0,0,1,0,0,1,0,0,0,0,0,1,0,,,,,n2p,p2p,,,,Life.Bull,Life.BullRetrace,Life.BullEnd,Life.BearStart,Life.Bear,,
